system_id,artUrl,artTitle,artDate,artPoster,artCatagory,artContent,artComment,e_ip,insertedDate,dataSource
1,https://www.ptt.cc/bbs/Japan_Travel/M.1682910819.A.1EC.html,[遊記]4/26-4/29東京市區及迪士尼之旅,2023-05-01 11:13:37,cenchi,Japan_Travel,"造訪日期：2023/4/26~2023/4/29

Day1:4/26
-搭乘星宇JX800到成田機場 8:30~12:45
-搭乘NEX到澀谷13:48~15:03
-入住東急澀谷藍塔飯店
-參觀Shibuya sky 16:40
-前往原宿敘敘院用餐(原訂19:00，提前到18:00用餐)
-回澀谷逛逛，回飯店

早上的飛機，平日關係，人不會太多，check-in很順暢，飛行體驗也不錯
(星宇商務艙設備新，座椅也很舒適，可以接近平躺的設計，電視也夠大，耳機也有質感)

這次入境日本，VJW事先就準備好了，大人一人一紀錄(小孩跟著大人)
檢疫部分，4/26當天已經沒有檢查，直接到海關那邊檢查入境(開VJW，掃QR code)
QR code部分，網頁應該有設計過，方便日本海關人員依序指引你開啟。

整個過程，應該20分不到就出去了，依照地上指標，前往地下樓層搭乘NEX。

這次是先在JR東日本網頁訂NEX來回，也都劃好位了，到現場後，到所謂的綠色窗口取票
給站務人員看一下訂位資訊後，他看時間有更早的車次可以換乘，有問一下是否要換票。
當下看一下手表，感覺有機會，就請他重新更正車票。
(票有兩張，理解為一張為進出站車票(字比較多的那張)，另一張是劃位的車票(字少))

到達澀谷站後，找南札口出去(此時多看看指標，都可以找到相關指引)
該札口外邊還有個綠色窗口，同一區域，另一邊有個可以確認車票問題的櫃位
(大概有5~6個窗口)
因為隨行有小朋友，要辦理小孩用的Suica(一般票價半價)，給護照，簡單填寫表單
(印象中沒花太多腦筋，大概是要確認與護照姓名相同)

並給予某些特定金額的儲值(不是說想存多少就多少，他有特定金額選項)，就可以出去了
當時還想讓人員幫忙儲值另一張suica，但被拒絕了，只好再去札口外的儲值機台儲值
(可以儲值的機台，會有特別的說明，一看就會知道是哪台才可以存)
(Iphone也可以用交通卡，直接信用卡儲值也很方便)

離開車站前往飯店，天空不作美，當天下著毛毛雨...

我們一行人拖著行李，步履闌珊的前往飯店，所幸飯店不算太遠，路上也有電梯可以搭乘
進飯店後，接待人員也幫忙指引，還幫忙擦拭行李上的水珠(按個讚)

(這間飯店，雖然貴了點，但服務還有網路速度都超快，行前有說明要慶生，他們桌上
也擺了些小餅乾跟一張生日賀卡(再按個讚))。

當時也有請求可以看富士山的房間(他們回應不能保證，但會盡量安排)，也真的有幫忙
安排到窗外就可以看到富士山的房間(無奈，當天天公不做美...)

稍作梳理後，趕緊前往Shibuya sky(我感覺，它就是在八公口往澀谷人行道的後面方位)
往高樓去後(scramble Square大樓)，那邊就會有很大的LED面板提示shibuya sky電梯要
去哪裡搭。

(天空不作美again，當時工作人員就會說明外面不開放，只能在樓層內，實際上去後
人很多，大多坐著聊天，外面白茫茫一片...，我們只好簡單看看裡面的設施)

幸好當天再晚一點，天氣就開始放晴，有稍微多看到一些景色，但...還是覺得可惜。

離開展場後，該大樓還有許多店家跟餐廳可以逛逛(也有沒甚麼人的鼎泰豐)。

搭JR逆行到原宿中央東口的敘敘院用餐(我們一樣用網路預訂)，工作人員確認資訊後，
表示可以提前入座(平日晚餐人不太多，現場真的也剛好有豎琴的演奏
(就是衝著這個來的)

簡單點了幾樣，好吃不在話下，不過感覺就是肉醃製過的烤肉，口味偏甜一點。
服務人員也都很棒，簡單的英文溝通都還OK。

離開後，就準備回澀谷逛逛，並回飯店。


Day2:4/27
前往東京車站寄送行李
銀座/築地逛逛
豐洲參訪TeamLab
台場走走逛逛

一早醒來，發現是個好天氣(果真讓我如願以償，沒到河口湖，但好歹讓我遠觀富士山)
這時候，只能再對飯店按個讚。

早上太太想喝咖啡，我們網路查了一下，發現只有LAWSON店員才會幫忙做，其他都要DIY
(台灣超商店員真的太強)
於是我們就走到附近的全家去購買咖啡。

簡單說，就是先跟店員結帳，說明要喝甚麼，他們會給你個杯子，然後就可以到
咖啡機那邊操作，操作介面上，都有日英文都有，現在Google太強，只怕沒網路。
(日本超商買咖啡成就解鎖)

Check-out後，我們搭JR到東京車站(佐川急便空手觀光服務)，東京車站很大
(簡單理解為八重洲跟丸之內兩邊，八重洲比較多商店街，丸之內那側比較多百貨公司)

我們找到八重洲北口後，請佐川急便幫忙寄送行李到晚上要入住的東京灣東方飯店。
(簡單提供飯店資訊(地址，電話)，他們也親自打電話到飯店確認入住資訊)
所費不貲，但一想到等等回飯店就可以拿到行李，就覺得花下去就對了

行李安頓好後，我們就步行往銀座築地方向去。

一路上，走馬看花，銀座不虧是高級地段，連車子都可以感受到比較多非國產車...
不過這次我們不是shopping之旅，沿途看到的精品店，就單純來體驗一下旗艦店為何物。

一路上，越往後面走，就慢慢可以感受到築地的風情(魚腥味，烤肉味)，沿途也看到許多
排隊名店?(沒查網路，但看起來都是當地日本人會排隊的店，應該是真的""巷子內""的店)

到達本願寺後，裡面剛好有小學生在寫生，現場有消防車跟雲梯車，看來是安排好的。

日本小學生，跟台灣小學生，帶給人的感受，還真的不太一樣...
說不太上來，但或許就是他們對於學生該有個樣子，一直以來都有一定程度的要求吧?

到築地後，也接近中午，沿路上我們已經在日本麥當勞簡單填個肚子
(日本麥當勞，薯條比較沒那麼鹹，也沒有炸雞，讓我太太很感傷....)

所以當時，就是逛逛小吃店(沿路上，很多店家賣生魚片/烤和牛串/玉子燒/蒲燒鰻)
這邊就可以看到許多西方臉孔，果然是觀光地阿。
(東西不便宜，只能說吃一點新鮮感就好^^)

離開後，搭乘地鐵到豐洲站(LaLaPort)。
這邊的Lalaport很多棟，也都很大，跟夢時代感覺有點像，簡單到akachan逛逛後，我們
就準備前往新豐洲站，Teamlab參訪。

這個點，西方臉孔大概佔一半以上，甚至說8成可能都不為過，但裡面的光影體驗，
確實滿特別的，個人覺得滿推薦來看一下的。

離開後，前往台場(搭乘海鷗號，一樣可以用Suica)，這邊有
Diver city/Decks/Aqua City等賣場，Decks裡面有bills鬆餅，但我看日本人更愛
eggs'n things...

最後，我們在Diver City吃晚餐，也逛一下商店。
這邊可以聽到很多熟悉的語言(台語/國語)，裡面的松本清，應該有很多台灣人血拚中。

最後，搭乘地鐵到新木場，再轉搭到新埔安(東京灣東方飯店)

取得行李後，也問了一下接駁車(這間是迪士尼的合作飯店)。
安頓好後，飯店內有個超商(LAWSON)，趕緊補些食物跟休足時間。


Day3:4/28
迪士尼一整天

早上Check out後(飯店有non-stop check-out，簡單說，只要把某個吊牌放門把，然後
房卡放到櫃檯前的某個盒子內就可以了，方便一早就要衝迪士尼的旅客)

我們沒有坐到第一班車(7:00)，但7:20也還OK。
上車後，大概20分的車程，就到迪士尼園區了，一路上可以看到滿滿的車龍...

抵達後，預期是迪士尼園區站(園區內的單軌電車站名)，旁邊就是我們晚上要入住的
迪士尼樂園飯店。

一開始，因為我之前查的訊息，都是說要到舞濱站那邊辦理check-in手續，所以
當接駁車直接是到迪士尼園區站後，我一時間有點不知所措...

問了人員，最後就是直接進飯店check-in就好，不需要再到度假區總站(舞濱站旁)。
總之，一路風塵僕僕，就是等今天這個重頭戲了，趕緊check-in，排隊進樂園。

入住迪士尼飯店，他會給你""隔天""提早入園的票券，上面也會壓日期。
但當我們辦完入住手續，跟著飯店出來的人龍準備進園區時，安檢札門外就有人員宣導
需要出示該票券。

因此呢...我們等於提前使用了票券，並順利進到入園的排隊行列裡。
雖然我不確定正常的入園排隊在哪，但對我來說，到那邊還是要排隊(飯店住宿量很大..)
因此，感受上，似乎也沒有提前15分入園的感覺...

到現場後，我拿出事先印出來的票券QR code(因為官網網路購票都無法刷成功
最後是到Klook購買)

概念上，就是要先用該QR code入園，然後在把QR code掃進APP內，開始各種預定。

這時候，請別想說要先掃進APP...，因為實際測試，理解為他要先把該QR code判斷
已經入園後，APP再掃才可以認到為合法的QR code。

之前有聽說可以統一一手機掃全部的人員，統一預定行程，實際操作上:
1. 把QR code編號(因為我是印出來，所以方便註記)，因為QR code人眼分不出來...
標號後，方便你確認哪張你掃過了。

2.兩支手機開始掃QR code(請先下載APP，並註冊帳號)

3.完成後，個別分頭進行預定(DPA/Entry request...)

或許是當天人不多，所以預定上還OK，只是說看很多網路說明，感覺不搶就會坐不到的FU

總之，我們就花錢買美女與野獸(當時我算了一下，大概等於花600台幣買一個小時排隊)

1. 美女與野獸
2. 米奇魔法音樂世界
3. 杯麵歡樂之旅
4. 小小世界
5. 城堡旋轉木馬
6. 白雪公主冒險旅程
7. 小飛俠天空之旅
8. 幽靈公館
9. 艾芝迷你雲霄飛車
10. 仙履奇緣童話大廳

我們大概就玩這些...說實話，只怕你沒體力，不用怕排不到...

遊行跟後續旅程，下次補上

","[{""cmtStatus"": ""推"", ""cmtPoster"": ""asdf0019"", ""cmtContent"": "":了解謝謝！那看來還是得買DPA,兩個小時真的好久QQ"", ""cmtDate"": ""2023-05-01 20:51:00""}, {""cmtStatus"": ""→"", ""cmtPoster"": ""cenchi"", ""cmtContent"": "":可以參考這影片，應該可以更快到美女與野獸的城堡："", ""cmtDate"": ""2023-05-01 21:08:00""}, {""cmtStatus"": ""推"", ""cmtPoster"": ""jokerson"", ""cmtContent"": "":上週去了兩天（星期日、一），美女與野獸基本都是1"", ""cmtDate"": ""2023-05-01 21:27:00""}, {""cmtStatus"": ""→"", ""cmtPoster"": ""jokerson"", ""cmtContent"": "":20分鐘起跳，遊行的時候有降到80分鐘以內。有提前"", ""cmtDate"": ""2023-05-01 21:27:00""}, {""cmtStatus"": ""→"", ""cmtPoster"": ""jokerson"", ""cmtContent"": "":入園的話大概都可以30分鐘內玩到第一次。"", ""cmtDate"": ""2023-05-01 21:27:00""}, {""cmtStatus"": ""推"", ""cmtPoster"": ""mint0909"", ""cmtContent"": "":借問一下米奇魔法音樂世界是有抽到還是排第一場的？"", ""cmtDate"": ""2023-05-03 07:52:00""}, {""cmtStatus"": ""→"", ""cmtPoster"": ""cenchi"", ""cmtContent"": "":Hi,entryrequest抽的"", ""cmtDate"": ""2023-05-03 19:58:00""}]",111.243.131.143,2023-05-02 01:48:21,ptt
2,https://www.ptt.cc/bbs/Japan_Travel/M.1682919135.A.BC1.html,[問題]富士山一日遊規劃請益,2023-05-01 13:32:13,david30520,Japan_Travel,"目前想請教各位如果去富士山一日遊
以下的規劃會不會太趕需要調整以及有推薦午餐在哪邊吃嗎?
行程如下:
7:30 搭乘富士回遊往河口湖，9:23抵達
搭乘河口湖周遊巴士(懷舊巴士)紅線公車(1小時一班，能使用IC卡(PASMO跟Suica)，搭
10:00班次)
9號下車 搭乘纜車(9:30開始，來回900日圓) 卯兔神社(停留1小時)
纜車站附近有Fujiyama cookie
下纜車後搭紅線到13號 湖山亭Kozantei Ubuya 去產屋崎 拍逆富士
紅線回到河口湖站，搭乘富士急行(約40分一班) 前往下吉田，本町二丁目商店街晃晃
回到河口湖站，搭乘最晚一班的富士回遊5:36回去新宿
以上是我目前規劃的行程，有點不確定產屋崎是否值得前往
還麻煩大家指點了!!


順道想問7月中旬的平日會不會也很多人呢..不知搭巴士會不會塞車...
在考慮要買廣遊券搭乘成田~東京的NEX+富士回遊
或
skyliner成田到市區+新宿搭巴士來回河口湖
不知哪個比較順   囧


","[{""cmtStatus"": ""→"", ""cmtPoster"": ""owlonoak"", ""cmtContent"": "":到一小時不過你就去這裡和產屋崎那應該可以"", ""cmtDate"": ""2023-05-01 13:37:00""}, {""cmtStatus"": ""→"", ""cmtPoster"": ""david30520"", ""cmtContent"": "":天啊...要排那麼久想說一大早就過去應該還好"", ""cmtDate"": ""2023-05-01 13:38:00""}, {""cmtStatus"": ""→"", ""cmtPoster"": ""david30520"", ""cmtContent"": "":想請問先去下吉田再去纜車+產屋崎是否比較順?"", ""cmtDate"": ""2023-05-01 13:39:00""}, {""cmtStatus"": ""推"", ""cmtPoster"": ""owlonoak"", ""cmtContent"": "":河口湖景點都是上午比下午好因為下午都會大逆光"", ""cmtDate"": ""2023-05-01 13:46:00""}, {""cmtStatus"": ""→"", ""cmtPoster"": ""owlonoak"", ""cmtContent"": "":所以應該要看好哪個點的富士山你最想拍就要最早去"", ""cmtDate"": ""2023-05-01 13:46:00""}, {""cmtStatus"": ""推"", ""cmtPoster"": ""danedane"", ""cmtContent"": "":上次還沒營業8:45分路過，已有排隊人潮"", ""cmtDate"": ""2023-05-01 13:51:00""}, {""cmtStatus"": ""推"", ""cmtPoster"": ""hyuchi0202"", ""cmtContent"": "":如果想拍逆富士要放第一站"", ""cmtDate"": ""2023-05-01 14:08:00""}, {""cmtStatus"": ""→"", ""cmtPoster"": ""david30520"", ""cmtContent"": "":這樣看來產屋崎應該是不用去了.."", ""cmtDate"": ""2023-05-01 14:29:00""}, {""cmtStatus"": ""推"", ""cmtPoster"": ""kindboxer"", ""cmtContent"": "":產屋崎要拍到完美逆富士超難～"", ""cmtDate"": ""2023-05-01 14:40:00""}, {""cmtStatus"": ""推"", ""cmtPoster"": ""owlonoak"", ""cmtContent"": "":完美逆富士真的是要去秀峰閣拍"", ""cmtDate"": ""2023-05-01 15:02:00""}, {""cmtStatus"": ""推"", ""cmtPoster"": ""ken2nd"", ""cmtContent"": "":夏天的河口湖富士山你可能會很失望"", ""cmtDate"": ""2023-05-01 15:19:00""}, {""cmtStatus"": ""→"", ""cmtPoster"": ""ken2nd"", ""cmtContent"": "":下次再去吧"", ""cmtDate"": ""2023-05-01 15:19:00""}, {""cmtStatus"": ""→"", ""cmtPoster"": ""gomile888"", ""cmtContent"": "":整個行程哪裡有到富士山？"", ""cmtDate"": ""2023-05-01 16:25:00""}, {""cmtStatus"": ""→"", ""cmtPoster"": ""david30520"", ""cmtContent"": "":不好意思..可能改河口湖一日遊比較正確.."", ""cmtDate"": ""2023-05-01 16:29:00""}, {""cmtStatus"": ""→"", ""cmtPoster"": ""gomile888"", ""cmtContent"": "":逆富士通常清晨比較有機會，然後七月富士山可能沒"", ""cmtDate"": ""2023-05-01 16:45:00""}, {""cmtStatus"": ""→"", ""cmtPoster"": ""gomile888"", ""cmtContent"": "":白頭"", ""cmtDate"": ""2023-05-01 16:45:00""}, {""cmtStatus"": ""→"", ""cmtPoster"": ""x24627785"", ""cmtContent"": "":很多人以為河口湖就是富士山，其實上到剣ヶ峰才算"", ""cmtDate"": ""2023-05-01 17:47:00""}, {""cmtStatus"": ""推"", ""cmtPoster"": ""cmylly"", ""cmtContent"": "":富士回遊可以先搭到下吉田下車，早一點去比較容易"", ""cmtDate"": ""2023-05-01 19:13:00""}, {""cmtStatus"": ""→"", ""cmtPoster"": ""cmylly"", ""cmtContent"": "":看到富士山，再從下吉田搭到河口湖去玩，然後直接從"", ""cmtDate"": ""2023-05-01 19:13:00""}, {""cmtStatus"": ""→"", ""cmtPoster"": ""cmylly"", ""cmtContent"": "":河口湖回來比較順"", ""cmtDate"": ""2023-05-01 19:13:00""}, {""cmtStatus"": ""→"", ""cmtPoster"": ""nepson"", ""cmtContent"": "":夏天的富士山...去兩次都是雲..."", ""cmtDate"": ""2023-05-01 19:27:00""}, {""cmtStatus"": ""推"", ""cmtPoster"": ""suba1121"", ""cmtContent"": "":夏天真的不是去看富士山的季節大機率看不到再來是"", ""cmtDate"": ""2023-05-01 20:15:00""}, {""cmtStatus"": ""→"", ""cmtPoster"": ""suba1121"", ""cmtContent"": "":沒白頭另外逆富士通常都是清晨機會比較高"", ""cmtDate"": ""2023-05-01 20:15:00""}, {""cmtStatus"": ""推"", ""cmtPoster"": ""adychen1982"", ""cmtContent"": "":借問一下那九月的話建議去嗎"", ""cmtDate"": ""2023-05-02 09:48:00""}, {""cmtStatus"": ""推"", ""cmtPoster"": ""secur"", ""cmtContent"": "":如果天氣好我推薦租電動腳踏車，不會被巴士的時間"", ""cmtDate"": ""2023-05-03 00:06:00""}, {""cmtStatus"": ""→"", ""cmtPoster"": ""secur"", ""cmtContent"": "":限制，而且還可以順便遊湖"", ""cmtDate"": ""2023-05-03 00:06:00""}, {""cmtStatus"": ""→"", ""cmtPoster"": ""secur"", ""cmtContent"": "":一樣搭7:30的富士洄游，10點租好腳踏車，總共跑了"", ""cmtDate"": ""2023-05-03 00:08:00""}, {""cmtStatus"": ""→"", ""cmtPoster"": ""secur"", ""cmtContent"": "":河口淺間神社、吃不動、坐纜車、下吉田拍照，一樣"", ""cmtDate"": ""2023-05-03 00:08:00""}, {""cmtStatus"": ""→"", ""cmtPoster"": ""secur"", ""cmtContent"": "":5:30富士洄游"", ""cmtDate"": ""2023-05-03 00:08:00""}, {""cmtStatus"": ""→"", ""cmtPoster"": ""dola1210"", ""cmtContent"": "":纜車從車站走過去就好大概15分鐘不用搭公車然後"", ""cmtDate"": ""2023-05-03 11:40:00""}, {""cmtStatus"": ""→"", ""cmtPoster"": ""dola1210"", ""cmtContent"": "":逆富士要剛日出才拍的到"", ""cmtDate"": ""2023-05-03 11:40:00""}, {""cmtStatus"": ""→"", ""cmtPoster"": ""david30520"", ""cmtContent"": "":喔喔喔！電動腳踏車的費用大概是如何呢?"", ""cmtDate"": ""2023-05-03 11:45:00""}]",122.116.120.221,2023-05-02 01:48:21,ptt
3,https://www.ptt.cc/bbs/Japan_Travel/M.1682920711.A.0C8.html,[資訊]Skyrent租車分享-東京羽田,2023-05-01 13:58:28,pelicanper,Japan_Travel,"在日旅版獲益良多希望這些資訊對大家有幫助

通常我在日本租車都會用Jalan,不過這次意外直接在這家租
https://www.skyrent.jp/
<- 這是官網

主要的原因是因為我們是家族旅遊,一行六人包含兩個70+

一共要開14天,一開始四個月前先用Jalan預訂一個七人座但無法選車的方案

當時的租車提供就是這家Skyrent,某一天心血來潮直接去官網看

才發現在官網上租有特典可以選,用信用卡預付和加入會員還可以15%折扣

後來租到Honda Stepwagon eHEV油電混合特典,打完折以後跟Jalan

無法選車型的價錢幾乎差不多,以下就是一些重點整理

1.取還車
這家不在羽田機場旁邊所以要先做京急空港線三站到大鳥居走路約五分鐘

整體約十五分鐘就可以到我覺得還算方便

他其實可以機場接送但是要用電話預約,加上我們還車後還在東京待三天就沒有使用

2.服務
取車時店鋪有免費飲料冰箱,對於剛下飛機的我們來說感覺很貼心

店員基本上英語溝通沒有問題所以一切都算順利

跟其他大型租車公司一樣會有不同的保險方案可以選不會強制推銷

還幫忙搬行李解釋車子內部比較特別的地方

3.車況
這台Honda Stepwagon eHEV算是還蠻新的車種我們拿到的時候只跑8千多

所以車況很好,後來一路開了2,400多公里實際油耗一公升16公里

十四天下來大概加了三次共150公升的油

另外每個座位都有USB-C充電座,中間一排有餐桌非常方便

4.缺點
這家沒有合作ETC吃到飽所以這次我們總共花了3.2萬跑高速公路

不過考慮省下來的油加上整體舒適性我們還是覺得錢沒白花

最後很有趣的一件事是當初預定的時候寫的是信用卡預付

結果卻是還車後兩天才扣款,這我也不知道為什麼@@

這一趟我們從東京->諏取追到高島城櫻花滿開->高遠城址櫻吹雪

->中山道->開田高原->高山祭(外加新穗高/下呂/郡上)->合掌村

->富山->金澤->立山黑部->草津->輕井澤->川越->東京

這台車沒有讓我們失望

最後租車(16.6)保險(1.5)ETC(3.2)油錢大概是接近24萬日幣

給大家參考一下

遊記比較特別的部分希望有空再來分享

謝謝指教
","[{""cmtStatus"": ""推"", ""cmtPoster"": ""smalljie2002"", ""cmtContent"": "":推2400公里太猛"", ""cmtDate"": ""2023-05-01 16:37:00""}, {""cmtStatus"": ""推"", ""cmtPoster"": ""darkunique"", ""cmtContent"": "":請問是將車子停在立山，然後黑部立山遊玩折返回去開"", ""cmtDate"": ""2023-05-02 06:31:00""}, {""cmtStatus"": ""→"", ""cmtPoster"": ""darkunique"", ""cmtContent"": "":車嗎"", ""cmtDate"": ""2023-05-02 06:31:00""}]",121.99.177.32,2023-05-02 01:48:21,ptt
4,https://www.ptt.cc/bbs/Japan_Travel/M.1682933328.A.FDE.html,[問題]東京六天五夜行程請益,2023-05-01 17:28:46,Forest31,Japan_Travel,"１． 出遊日期：
 5/24~5/29 共六天五夜。
 5/24 02:15 -> 06:40 抵達成田機場
 5/29 22:15 -> 01:10 飛離成田機場
 3成人+1國中生的家庭旅遊

２． 每日行程：

5/24(三)
6:40抵達成田機場->N'EX 成田特快到東京車站寄放行李-> 10:00參觀皇居-> 東京車站一番街吃午餐->寶可夢中心-> 東京灣PRANA三井花園飯店

5/25(四)
東京迪士尼海洋 ->三井花園飯店

5/26(五)
築地市場->築地本願寺-> 銀座逛街->東京鐵塔看夜景->住船橋競馬場站(京成本線)附近的親戚家

5/27(六)
明治神宮 -> 新宿逛街 -> 東京都廳南展望室看夜景->住船橋親戚家

5/28(日)
上野動物園 -> 淺草（雷門、仲見世通商店街、淺草寺） -> 隅田川夜景或晴空塔->住船橋親戚家

5/29(一)
澀谷寄放行李->竹下通、表參道->18:30 N'EX 成田特快到機場(班機22:15)


３． 特別希望：

1. N'EX 成田特快的優惠車票，可以去程到東京車站，回程從澀谷出發嗎? 能夠事先劃位嗎

2. 適合的交通票劵: 目前預計都用西瓜卡，想問依照目前的行程會建議買地鐵或JR的周遊券嗎?後面幾天住宿地附近是京成本線，不知道有什麼適合的票券QQ

3. 行程相關建議: 想請問行程有沒有不順路或是可以再增減的地方呢?第一次自由行不太確定每個景點大概待的時間

4. 伴手禮: 家裡長輩需要控制血糖，目前想到的伴手禮都是甜食或泡麵，有沒有適合的伴手禮或特產可以帶回台灣的呢?
","[{""cmtStatus"": ""推"", ""cmtPoster"": ""kevinhon"", ""cmtContent"": "":明治神宮原宿（竹下通）是同一站，要分兩天去？原"", ""cmtDate"": ""2023-05-01 20:19:00""}, {""cmtStatus"": ""→"", ""cmtPoster"": ""kevinhon"", ""cmtContent"": "":宿澀谷排一起就好，新宿有特別想逛上面？性質也跟"", ""cmtDate"": ""2023-05-01 20:20:00""}, {""cmtStatus"": ""→"", ""cmtPoster"": ""kevinhon"", ""cmtContent"": "":澀谷差不多"", ""cmtDate"": ""2023-05-01 20:20:00""}, {""cmtStatus"": ""→"", ""cmtPoster"": ""kevinhon"", ""cmtContent"": "":5/29都在京成本線了，老遠跑澀谷幹嘛？去逛酒酒井買"", ""cmtDate"": ""2023-05-01 20:23:00""}, {""cmtStatus"": ""→"", ""cmtPoster"": ""kevinhon"", ""cmtContent"": "":伴手禮也好"", ""cmtDate"": ""2023-05-01 20:23:00""}, {""cmtStatus"": ""→"", ""cmtPoster"": ""kevinhon"", ""cmtContent"": "":5/27明治神宮竹下通表參道澀谷就夠了"", ""cmtDate"": ""2023-05-01 20:25:00""}, {""cmtStatus"": ""→"", ""cmtPoster"": ""Abbaschian"", ""cmtContent"": "":最後一天要進東京的話，可能排東側的景點會輕鬆一"", ""cmtDate"": ""2023-05-02 10:04:00""}, {""cmtStatus"": ""→"", ""cmtPoster"": ""Abbaschian"", ""cmtContent"": "":點，涉谷太西邊了"", ""cmtDate"": ""2023-05-02 10:04:00""}, {""cmtStatus"": ""→"", ""cmtPoster"": ""afu46"", ""cmtContent"": "":船橋競馬場站往南走有Vivit,lalaport,IKEA很好逛"", ""cmtDate"": ""2023-05-02 10:08:00""}, {""cmtStatus"": ""→"", ""cmtPoster"": ""FantasyPiano"", ""cmtContent"": "":第一天體力真好..."", ""cmtDate"": ""2023-05-02 10:46:00""}]",1.34.238.80,2023-05-02 01:48:22,ptt
5,https://www.ptt.cc/bbs/Japan_Travel/M.1682933943.A.126.html,[讓售]ユアネスOmoinotakemol-74東京演唱會,2023-05-01 17:39:01,sleetyarn,Japan_Travel,"1. 讓售品項：ユアネス 自主企画『screenshot #1』票券
共演團：Omoinotake、mol-74
時間地點：6/28 19:00 渋谷Spotify O-EAST
位置：自由入場，整理券6/26 10:00（日本時間）開票

2. 物品圖片：
https://i.imgur.com/5d7rOl6.jpg
3. 此物品由您買入的價格：

  [原價]日幣4950元 Ｘ 代付當時匯率0.25＝ 新台幣1238元（四捨五入）
https://i.imgur.com/XXeGU9U.jpg
4. 欲售價格：1238元
5. 交易方式：匯款後提供取票序號
6. 聯絡方式：站內信、line
7. 其他說明：

此票券原價含手續費4950日元，日本超商代付換算台幣為1238元。

票券可以選紙本票，會教您如何取票，如果是第一次參加日本演唱會的話，有問題也歡迎詢
問！ユアネス和共演兩團現場都很棒，很適合第一次參加日本演唱會的人。

此票券為第一次抽選便抽中的票，入場順序應該滿前面的，由於取票序號較晚知道（日本演
唱會慣例），可以在合理範圍內和您交換其他連絡方式和個資保障彼此。
","[{""cmtStatus"": ""推"", ""cmtPoster"": ""Kamelie"", ""cmtContent"": "":推"", ""cmtDate"": ""2023-05-01 17:47:00""}]",223.137.250.236,2023-05-02 01:48:22,ptt
6,https://www.ptt.cc/bbs/Japan_Travel/M.1682934616.A.7F5.html,[問題]東京5/28-6/4八天七夜行程健檢,2023-05-01 17:50:12,a9362654,Japan_Travel,"D1-5/28(日)：
航空8:30→12:50
下午搭利木津巴士→玩具總動員飯店

D2-5/29(一)：交通刷西瓜卡
迪士尼陸地→21:00上野寶石飯店(後面六晚都住上野寶石飯店)

D3-5/30(二)：交通刷西瓜卡
10:00中目黑星巴克→13:00澀谷午餐+逛街→18:00晚上惠比壽觀景台→20:00惠比壽阿夫利拉麵→22:00回到上野飯店

D4-5/31(三)：交通jrpass京廣域
10:00鎌倉小坂郵便局→10:30長谷寺+御靈神社+商店街及午餐→16:00鐮倉高校前→17:30附近晚餐→21:00回到上野飯店

D5-6/01(四)：交通jrpass京廣域
09:00輕井澤站租腳踏車→10:00中輕井澤→12:00午餐→14:00舊銀座通→搭線幹線19:30到上野站→20:00晚餐鷹谷園燒肉(已訂位)→22:00回到上野飯店

D6-6/02(五)：交通jrpass京廣域
9:00東京車站伴手禮→11:00午餐利久牛舌→14:00逛輕井澤王子購物廣場→19:00上野逛多慶屋or阿美橫丁

D7-6/03(六)：交通地鐵一日劵
9:00淺草雷門→10:00仲見世商店街→午餐12:30敘敘苑(已訂位)→15:00清澄白河站逛逛→19:00晚餐炸牛排

D8-6/04(日)：
航空13:50→16:30
11:00搭乘Skyliner到機場

以上八天行程麻煩有經驗的板友幫忙看一下有沒有哪邊可以調整的，謝謝

輕井澤第一天因為有去中輕井澤，時間比較少，無法好好逛Outlet所以隔天去逛
","[{""cmtStatus"": ""→"", ""cmtPoster"": ""afu46"", ""cmtContent"": "":樓下會說健檢沒有排醫院行程"", ""cmtDate"": ""2023-05-01 18:01:00""}, {""cmtStatus"": ""→"", ""cmtPoster"": ""ybite"", ""cmtContent"": "":1.鶯谷園我認為轉車時間很剛好上野新幹線月台很深"", ""cmtDate"": ""2023-05-01 18:42:00""}, {""cmtStatus"": ""→"", ""cmtPoster"": ""ybite"", ""cmtContent"": "":另外注意廣域周遊券不包括江之電"", ""cmtDate"": ""2023-05-01 18:43:00""}, {""cmtStatus"": ""→"", ""cmtPoster"": ""a9362654"", ""cmtContent"": "":謝謝y大，江之島那邊會刷西瓜卡"", ""cmtDate"": ""2023-05-01 21:11:00""}, {""cmtStatus"": ""推"", ""cmtPoster"": ""kevinhon"", ""cmtContent"": "":JR廣域券去鎌倉效益不高，有考慮河口湖一日遊搭富士"", ""cmtDate"": ""2023-05-01 21:25:00""}, {""cmtStatus"": ""→"", ""cmtPoster"": ""kevinhon"", ""cmtContent"": "":回遊？"", ""cmtDate"": ""2023-05-01 21:25:00""}, {""cmtStatus"": ""推"", ""cmtPoster"": ""owlonoak"", ""cmtContent"": "":中目黑星巴克可能要更早一點"", ""cmtDate"": ""2023-05-02 01:54:00""}]",218.172.39.27,2023-05-02 01:48:22,ptt
7,https://www.ptt.cc/bbs/Japan_Travel/M.1682942009.A.2F3.html,[問題]東京8天7夜行程請益,2023-05-01 19:53:27,doubleday,Japan_Travel,"大家好，第一次帶家人自由行，想請教這樣的行程有什麼問題或是建議嗎？

1.出遊日期：
2大, 1長輩65y, 1小4y

去06/17 9：30-14：00 成田機場
回06/24 16：45-19：40 成田機場

前三天住FLOWER TERRACE 東新宿
後四天住東京東武Levant

2.行程規劃：

D1 : 06/17(六) 成田機場 > nex到FLOWER TERRACE 東新宿check in > 東京鐵塔 > 回飯店

D2 : 6/18(日) kkday富士山一日遊

D3 : 06/19(一) 吉卜力 > 吉祥寺> 回飯店

D4 : 06/20(二) 換黎凡特飯店 > 冰川神社>川越

D5 : 06/21(三) 迪士尼land一天

D6 : 06/22(四)
雷門 > 接仲見世商店街 > 淺草寺 > 晴空塔敘敘苑 > 回飯店

D7 : 06/23(五) 明治 > 原宿逛街 >  涉谷SKY > 回飯店

D8: 06/24(六) 築地市場 > 回飯店拿行李 > 去機場成田免稅店採買> 16：45回台灣


3.想請教板友以下問題：


A. D1的東京鐵塔好像不太順路，但又不知道晚上可以排什麼行程，D4好像太鬆了

B. 目前打算刷西瓜卡解決交通問題，不知道有沒有建議搭配何種交通券更省錢？

C. 午餐晚餐沒什麼想法，有推薦的親子餐廳嗎？
","[{""cmtStatus"": ""推"", ""cmtPoster"": ""condition0"", ""cmtContent"": "":D1建議東塔換澀谷SKY或是六本木看夜景"", ""cmtDate"": ""2023-05-01 20:00:00""}, {""cmtStatus"": ""推"", ""cmtPoster"": ""leejones"", ""cmtContent"": "":飯店能換的話，全換同一家東武，東新宿駅地鐵很深，"", ""cmtDate"": ""2023-05-01 20:05:00""}, {""cmtStatus"": ""→"", ""cmtPoster"": ""leejones"", ""cmtContent"": "":尤其大江戶線更深，有老有小你們會走的很累。"", ""cmtDate"": ""2023-05-01 20:05:00""}, {""cmtStatus"": ""推"", ""cmtPoster"": ""royal4127"", ""cmtContent"": "":D1建議：新宿都廳夜景,居酒屋街思出横丁,歌舞伎町"", ""cmtDate"": ""2023-05-01 20:07:00""}, {""cmtStatus"": ""推"", ""cmtPoster"": ""kevinhon"", ""cmtContent"": "":會不順路是因為你的飯店和景點搭不起來，東武去川越"", ""cmtDate"": ""2023-05-01 20:14:00""}, {""cmtStatus"": ""→"", ""cmtPoster"": ""kevinhon"", ""cmtContent"": "":原宿比東新宿更不方便"", ""cmtDate"": ""2023-05-01 20:14:00""}, {""cmtStatus"": ""推"", ""cmtPoster"": ""tsuneo"", ""cmtContent"": "":D1就去新景點歌舞伎町塔"", ""cmtDate"": ""2023-05-01 20:57:00""}, {""cmtStatus"": ""→"", ""cmtPoster"": ""doubleday"", ""cmtContent"": "":感謝建議，D1會去歌舞伎町塔，東武黎凡特沒房間了"", ""cmtDate"": ""2023-05-01 21:13:00""}, {""cmtStatus"": ""推"", ""cmtPoster"": ""kevinhon"", ""cmtContent"": "":川越回程可以去池袋太陽城，你們要找親子餐廳適合去"", ""cmtDate"": ""2023-05-01 21:17:00""}, {""cmtStatus"": ""→"", ""cmtPoster"": ""kevinhon"", ""cmtContent"": "":shopping找，至少選擇很多"", ""cmtDate"": ""2023-05-01 21:17:00""}, {""cmtStatus"": ""→"", ""cmtPoster"": ""kevinhon"", ""cmtContent"": "":D2富士山一日遊上車地點在哪？可以選平日去嗎？"", ""cmtDate"": ""2023-05-01 21:21:00""}, {""cmtStatus"": ""推"", ""cmtPoster"": ""adychen1982"", ""cmtContent"": "":我下午一點多，一樣住新宿都沒想到要安排景點了……"", ""cmtDate"": ""2023-05-01 21:33:00""}, {""cmtStatus"": ""→"", ""cmtPoster"": ""adychen1982"", ""cmtContent"": "":@@"", ""cmtDate"": ""2023-05-01 21:33:00""}, {""cmtStatus"": ""→"", ""cmtPoster"": ""doubleday"", ""cmtContent"": "":一日遊還沒訂票，看上的行程上車地點是行宿西口"", ""cmtDate"": ""2023-05-01 22:01:00""}, {""cmtStatus"": ""→"", ""cmtPoster"": ""kevinhon"", ""cmtContent"": "":D1要不要考慮搭skyliner到京成上野搭計程車去飯店？"", ""cmtDate"": ""2023-05-01 22:03:00""}, {""cmtStatus"": ""→"", ""cmtPoster"": ""kevinhon"", ""cmtContent"": "":帶老小搭nex到新宿繞一圈又要轉挖很深的大江戶地鐵"", ""cmtDate"": ""2023-05-01 22:03:00""}, {""cmtStatus"": ""→"", ""cmtPoster"": ""kevinhon"", ""cmtContent"": "":線？"", ""cmtDate"": ""2023-05-01 22:03:00""}, {""cmtStatus"": ""→"", ""cmtPoster"": ""doubleday"", ""cmtContent"": "":要平日的話D2D3可以交流，平日比較不會塞車嗎？"", ""cmtDate"": ""2023-05-01 22:04:00""}, {""cmtStatus"": ""→"", ""cmtPoster"": ""doubleday"", ""cmtContent"": "":D1可以搭skyliner到上野轉計程車，那就可以買來sky"", ""cmtDate"": ""2023-05-01 22:09:00""}, {""cmtStatus"": ""→"", ""cmtPoster"": ""doubleday"", ""cmtContent"": "":liner回票了，感謝建議"", ""cmtDate"": ""2023-05-01 22:09:00""}, {""cmtStatus"": ""推"", ""cmtPoster"": ""kindboxer"", ""cmtContent"": "":晴空塔敘敘苑景色真好～～"", ""cmtDate"": ""2023-05-01 22:10:00""}, {""cmtStatus"": ""推"", ""cmtPoster"": ""kevinhon"", ""cmtContent"": "":D2明治神宮"", ""cmtDate"": ""2023-05-01 22:12:00""}, {""cmtStatus"": ""→"", ""cmtPoster"": ""kevinhon"", ""cmtContent"": "":D3川越"", ""cmtDate"": ""2023-05-01 22:12:00""}, {""cmtStatus"": ""→"", ""cmtPoster"": ""kevinhon"", ""cmtContent"": "":這兩天行程適合從東新宿出發"", ""cmtDate"": ""2023-05-01 22:12:00""}, {""cmtStatus"": ""→"", ""cmtPoster"": ""kevinhon"", ""cmtContent"": "":D4要換飯店較花時間，排淺草"", ""cmtDate"": ""2023-05-01 22:12:00""}, {""cmtStatus"": ""→"", ""cmtPoster"": ""kevinhon"", ""cmtContent"": "":錦糸町到吉祥寺/新宿(往富士山)有jr直達，交通不會"", ""cmtDate"": ""2023-05-01 22:12:00""}, {""cmtStatus"": ""→"", ""cmtPoster"": ""kevinhon"", ""cmtContent"": "":不順"", ""cmtDate"": ""2023-05-01 22:12:00""}, {""cmtStatus"": ""→"", ""cmtPoster"": ""kevinhon"", ""cmtContent"": "":錦糸町到成田JR直達，不一定要skyliner來回票，加ta"", ""cmtDate"": ""2023-05-01 22:15:00""}, {""cmtStatus"": ""→"", ""cmtPoster"": ""kevinhon"", ""cmtContent"": "":xi車資就不一定划算"", ""cmtDate"": ""2023-05-01 22:15:00""}, {""cmtStatus"": ""→"", ""cmtPoster"": ""doubleday"", ""cmtContent"": "":那我買N’EX東京去回車票，D2明治，D3川越太陽城"", ""cmtDate"": ""2023-05-01 22:35:00""}, {""cmtStatus"": ""→"", ""cmtPoster"": ""doubleday"", ""cmtContent"": "":，D4換飯店淺草，D6富士山，D7吉祥寺，很感謝你"", ""cmtDate"": ""2023-05-01 22:35:00""}, {""cmtStatus"": ""→"", ""cmtPoster"": ""doubleday"", ""cmtContent"": "":幫全家老小少走很多冤枉路"", ""cmtDate"": ""2023-05-01 22:35:00""}, {""cmtStatus"": ""→"", ""cmtPoster"": ""kevinhon"", ""cmtContent"": "":住淺草往機場Access直達，不懂你搭nex原因，nex不會"", ""cmtDate"": ""2023-05-01 23:17:00""}, {""cmtStatus"": ""→"", ""cmtPoster"": ""kevinhon"", ""cmtContent"": "":比skyliner快，如果只是D4換宿更沒必要"", ""cmtDate"": ""2023-05-01 23:17:00""}, {""cmtStatus"": ""推"", ""cmtPoster"": ""aletheia"", ""cmtContent"": "":D3可以在吉祥寺聽現場表演吉祥寺很多jazzcafe和j"", ""cmtDate"": ""2023-05-02 06:44:00""}, {""cmtStatus"": ""→"", ""cmtPoster"": ""aletheia"", ""cmtContent"": "":azzbar"", ""cmtDate"": ""2023-05-02 06:44:00""}, {""cmtStatus"": ""→"", ""cmtPoster"": ""doubleday"", ""cmtContent"": "":那我去程搭skyliner到京城上野轉計程車到東新宿，"", ""cmtDate"": ""2023-05-02 07:29:00""}, {""cmtStatus"": ""→"", ""cmtPoster"": ""doubleday"", ""cmtContent"": "":回程從錦系町搭JR回成田機場這樣嗎？"", ""cmtDate"": ""2023-05-02 07:29:00""}, {""cmtStatus"": ""→"", ""cmtPoster"": ""kevinhon"", ""cmtContent"": "":你前後住宿地點不一，自然回機場的交通方式不同"", ""cmtDate"": ""2023-05-02 07:38:00""}]",114.43.46.229,2023-05-02 01:48:22,ptt
8,https://www.ptt.cc/bbs/Japan_Travel/M.1682949328.A.DB7.html,Fw:[食記]宮城氣仙沼福よし烤魚的名店,2023-05-01 21:55:27,s1494041,Japan_Travel,"作者: s1494041 (鐵軌旁的歌聲) 看板: Food
標題: [食記] 宮城 氣仙沼 福よし 烤魚的名店
時間: Mon May  1 21:54:56 2023

   餐廳名稱：福よし
   消費時間：2023年/4月
   地址:宮城県気仙沼市魚町1-6-7
   電話：0226-24-0284
   營業時間：17:00~
   每人平均價位：10000日幣
   可否刷卡：無
   有無包廂：無
   推薦菜色：烤魚

圖文好讀版
https://0rz.tw/nYCWa
知道福よし這家店是因為一部漫畫 - 美味大挑戰的緣故

福よし在這部漫畫中出現了兩次

第一次是因為部長要舉辦同學會

而特地從東京到氣仙沼探訪極致的烤魚

另一次則是探訪311震災之後當地的狀況


現在的福よし是一棟架高的2層樓建築

入口在靠近山的那一側的街道

進來後要在一樓這邊換上拖鞋

店內裝潢使用了各種不同的木材、古老物件以及貝殼等素材

打造出了一個很溫馨舒適的空間

店內座位分成三區

一邊是面向港口風景的座位

正中間是吧檯區

一開始坐在吧檯的位子

老闆也用了簡單的日文很努力地跟我介紹店家

真的是非常貼心的服務阿

當我一說我是因為漫畫知道這家店的時候

老闆直接露出了一種 原來又是因為這部漫畫的表情(哈哈)

不過他們也很驚訝原來台灣人也看過這部漫畫

順便一提 這家真的是非常熱門的餐廳

建議一定要訂位

當天雖然是禮拜一去用餐

店內仍然是坐無虛席好不熱鬧

另一邊則是這個最讓我感興趣的烤爐

因為要配合氣仙沼線的末班車

所以預約了五點開店的時間來用餐

這時候連火爐的火都還沒開始生呢~

▲菜單

可是身為一個吃貨 雖然一般的日文不太會(?)

但是關於吃的日文倒是都看得懂(笑)

上面寫滿了各式各樣的魚貝類

不過我直接點店家搭配的套餐

價位是3500日幣~8000日幣

隨著季節的變動菜色也會有所差異

▲飲料/酒單

開胃小菜是涼拌裙帶菜蛤蜊

酸酸甜甜的調味很不錯

在上完開胃菜後老闆發現我對烤爐非常有興趣

主動問我要不要換到那邊坐

服務真的非常貼心

▲魷魚肝味噌燒魷魚

魷魚肝跟味噌調和之後

去掉腥味只留下非常濃郁的風味

稍微焦焦的味噌肝醬

跟酒真的超級配的！！

光是這個醬就夠我乾掉一杯生啤了


▲福よし 純米大吟釀

因為.........鍋燒魷魚太下酒了

直接再點了一瓶日本酒

這款酒是當地酒造為了福よし專門釀造的

在日本算是一種很常見的特色

味道偏甘口 有點醇厚非常順口


▲楤木芽天婦羅

楤木芽是日本春季十分受歡迎的野菜

入口微苦鮮嫩，值得一嘗

▲綜合生魚片

裡面有鰹魚、鮪魚、旗魚、鰆魚(土魠)跟鯊魚心臟！

看日文的介紹說都是近海的新鮮魚貨

品質真的是非常棒

尤其是旗魚的肥美程度令人非常驚豔

倒是沒想到能在這邊吃到鰆魚生魚片

肉質非常細嫩

另外最讓人驚喜的是鯊魚心臟！

在這邊鯊魚幾乎整隻都有利用價值

而原本在逛魚市的時候還在可惜沒機會吃到

沒想到在這邊就遇到了！

口感非常的清脆，但也沒什麼特殊的味道

非常推薦可以嘗試看看！

▲烤扇貝

用鋁箔包起來烤的

非常多汁而且很大顆！！

個人喜歡烹調過的勝過生食

覺得甜味會比較明顯

▲準備上爐烤的食材

這條喜知次看起來真的很肥美阿！

▲烤魚用的竹籤

福よし對烤魚的用心程度非常高

應對不同的魚就使用不同的竹籤

店員還很熱心地拿給我看他們之間的差異

▲上爐開始烤啦！

如果也有看過漫畫的介紹就知道

藉由這樣的爐火

可以避免油滴到火上起煙產生怪味

而且更好控制火候

坐在爐邊欣賞這樣的燒烤方式

也是在這家店用餐的樂趣之一

▲烤牡蠣

三陸海岸也是牡蠣的著名產地

表面已經烤得乾乾脆脆的

裡面仍然十分多汁

▲滿滿的烤魚！

▲烤喜知次

跟牡蠣一樣火候都非常地剛好！

外皮十分酥脆

魚肉非常肥美軟嫩

吃過就能感受到

店家在烤魚料理上的用心之處

真的很好吃

▲魚骨湯

最後的收尾是一碗特製的高湯

上面灑滿蔥花

把剛剛烤魚吃完後剩下的魚骨放進去攪拌

等魚油跟骨頭的精華釋放出來後

鮮美的魚骨湯就完成了！

鮮美的一碗湯當作結尾真的是非常滿足

作為一家期待10年的店

這一餐真的是非常的滿意

完全符合我的期待

如果會日文的話應該可以在這家店享受到更多的樂趣

店家的服務態度讓人可以非常的放鬆

因為是坐在火爐旁的位子

師傅也會跟其他顧客聊天互動

還介紹說我是特地從台灣來這邊吃烤魚的

搞得大家都很驚訝(笑)

還跟旁邊的日本大叔聊到

原來JR的外國人PASS這麼便宜

像我這樣當日往返氣仙沼搭火車的人很少

其實很多人都是仙台開車過來住一兩晚慢慢旅遊的

總之~如果有機會來氣仙沼旅遊

真的非常推薦晚餐來預約福よし看看

吃看看技術精湛而且好吃的日式烤魚

以及感受非常溫短的服務~

另外如果跟我一樣要趕末班車回一之關的人

可以先請店家幫忙預約計程車

大約19:10上車車程到車站只要10分鐘而已~



","[{""cmtStatus"": ""推"", ""cmtPoster"": ""aoeaoe"", ""cmtContent"": "":最近剛好在研究東北，感謝分享"", ""cmtDate"": ""2023-05-01 22:00:00""}, {""cmtStatus"": ""推"", ""cmtPoster"": ""setsutetsuya"", ""cmtContent"": "":感謝分享"", ""cmtDate"": ""2023-05-01 22:42:00""}, {""cmtStatus"": ""推"", ""cmtPoster"": ""e3118"", ""cmtContent"": "":原來那種烤爐是為了煙影響食物"", ""cmtDate"": ""2023-05-02 21:06:00""}, {""cmtStatus"": ""推"", ""cmtPoster"": ""xiaopei"", ""cmtContent"": "":感謝分享"", ""cmtDate"": ""2023-05-03 23:11:00""}]",218.172.31.218,2023-05-02 01:48:22,ptt
9,https://www.ptt.cc/bbs/Japan_Travel/M.1682951703.A.1FC.html,[贈送]Routeinngrand東京浅草橋早餐券兩張,2023-05-01 22:35:01,jardin123,Japan_Travel,"贈送內容: Route inn grand 東京浅草橋早餐券兩張

  贈送地: Route inn grand 東京浅草橋內
或其他可配合我時間的地點

　贈送方式：站內信討論好後面交

  到期期限: 5/7前與我面交

  注意事項: 因為有兩天會在其他縣，多出兩張早餐券
剛剛與櫃檯確認，只有同飯店的住客才可以使用
如果有住在此飯店的版友，沒有附早餐的話歡迎領取
當然也可以5/4-5/7任一天一起吃早餐～


","[{""cmtStatus"": ""推"", ""cmtPoster"": ""voyo"", ""cmtContent"": "":可惜我沒住哪"", ""cmtDate"": ""2023-05-01 22:39:00""}, {""cmtStatus"": ""推"", ""cmtPoster"": ""wwl0909"", ""cmtContent"": "":這家不錯今年去住過交通方便還有大浴場"", ""cmtDate"": ""2023-05-01 22:42:00""}, {""cmtStatus"": ""→"", ""cmtPoster"": ""wwl0909"", ""cmtContent"": "":早餐也蠻豐盛的"", ""cmtDate"": ""2023-05-01 22:43:00""}]",49.239.65.52,2023-05-02 01:48:22,ptt
10,https://www.ptt.cc/bbs/Japan_Travel/M.1682952006.A.7F7.html,[問題]7月東京六天五夜行程請益,2023-05-01 22:40:04,jyue8moon,Japan_Travel,"各位好，7月將與朋友2人東京自由行，結合我們3人的願望排了一版，主要想請各位協助
建議住宿地點（已有選項），並指點行程是否有建議調整的地方～謝謝！


１． 出遊日期： 7/6-7/11，3人行，共六天五夜。

２． 每日行程：大致行程安排如下，全程大眾運輸
Day 1
班機11:10抵達成田機場
直接NEX到東京車站後轉新幹線前往輕井澤
當天沒特別安排行程
[住輕井澤]

Day 2
上午輕井澤景點（高原教堂、榆樹小鎮）
下午逛outlet
18:07新幹線回新宿
新宿吃燒肉ushigoro
[住新宿]

Day 3
上午上野阿美橫町+淺草
下午銀座逛街
晚上吃カニ地獄新橋
[住新宿]

Day 4
上午築地吃吃喝喝
下午新宿逛街
晚上吃Afuri拉麵
［住新宿］

Day 5
惠比壽、代官山、渋谷
傍晚上shibuya sky看風景
［住新宿］

Day 6
新宿找一間早午餐
前往成田機場（16:45班機）

３． 特別希望：

版上有許多建議提到因為新宿車站太大要繞很久所以不建議住新宿，但行程排一排發現滿
多想去的點都在新宿附近，所以初版還是排了新宿住宿。

除新宿外，另外也先訂了上野跟東京車站/銀座附近的住宿，再請各位建議哪個較合適，
謝謝！
（以下住宿皆已先訂起來，確認後將取消不住的）

［新宿選項］
Hotel Mystays 西新宿

［上野選項］
Hotel aima
MONday Apart上野新御徙町
MONday Apart Premium上野

［東京車站/銀座選項］
Daiwa Roynet Hotel東京京橋PREMIER
GINZA HOTEL by GRANBELL

ps.我們需要三張床一間房的房型，有些地點更近的飯店只能忍痛跳過～～

如有更合適的也拜託大家推薦！

謝謝各位！！
","[{""cmtStatus"": ""推"", ""cmtPoster"": ""post21127"", ""cmtContent"": "":我3月底去9天，就都住在新宿三丁目附近的Viainn，"", ""cmtDate"": ""2023-05-02 08:45:00""}, {""cmtStatus"": ""→"", ""cmtPoster"": ""post21127"", ""cmtContent"": "":巷子轉出來過個馬路就有個地鐵站入口。其中有四天走"", ""cmtDate"": ""2023-05-02 08:45:00""}, {""cmtStatus"": ""→"", ""cmtPoster"": ""post21127"", ""cmtContent"": "":去新宿車站用pass出去玩，我自己沒有覺得搭車動線很"", ""cmtDate"": ""2023-05-02 08:45:00""}, {""cmtStatus"": ""→"", ""cmtPoster"": ""post21127"", ""cmtContent"": "":複雜不好找，缺點是有點小遠，走路大概要10分鐘，但"", ""cmtDate"": ""2023-05-02 08:45:00""}, {""cmtStatus"": ""→"", ""cmtPoster"": ""post21127"", ""cmtContent"": "":我自己還可接受。但如果多數的點還是要用到地鐵移動"", ""cmtDate"": ""2023-05-02 08:45:00""}, {""cmtStatus"": ""→"", ""cmtPoster"": ""post21127"", ""cmtContent"": "":的話，建議還是找一個附近有地鐵入口的飯店比較好。"", ""cmtDate"": ""2023-05-02 08:45:00""}, {""cmtStatus"": ""→"", ""cmtPoster"": ""post21127"", ""cmtContent"": "":新宿車站早餐我推薦「Bakery&Restaurant澤村新宿"", ""cmtDate"": ""2023-05-02 08:49:00""}, {""cmtStatus"": ""→"", ""cmtPoster"": ""post21127"", ""cmtContent"": "":」，我覺得環境舒服，東西也好吃。"", ""cmtDate"": ""2023-05-02 08:49:00""}, {""cmtStatus"": ""→"", ""cmtPoster"": ""afu46"", ""cmtContent"": "":D3改成淺草→築地→銀座→新橋晚餐還有時間排台場"", ""cmtDate"": ""2023-05-02 09:14:00""}, {""cmtStatus"": ""→"", ""cmtPoster"": ""afu46"", ""cmtContent"": "":D4的Afuri可在D5惠比壽、中目黑吃，D4排上野阿美橫"", ""cmtDate"": ""2023-05-02 09:18:00""}, {""cmtStatus"": ""推"", ""cmtPoster"": ""kevinhon"", ""cmtContent"": "":D3可以以jr有到景點為主，例如川越，吉祥寺也是可以"", ""cmtDate"": ""2023-05-02 09:18:00""}, {""cmtStatus"": ""→"", ""cmtPoster"": ""kevinhon"", ""cmtContent"": "":逛街美食一天的地方，絕對比阿美橫町值得，晚上約新"", ""cmtDate"": ""2023-05-02 09:18:00""}, {""cmtStatus"": ""→"", ""cmtPoster"": ""kevinhon"", ""cmtContent"": "":橋jr也能到"", ""cmtDate"": ""2023-05-02 09:18:00""}, {""cmtStatus"": ""→"", ""cmtPoster"": ""afu46"", ""cmtContent"": "":如確定要買JR廣域PASS的話，就可以依照k大建議跑"", ""cmtDate"": ""2023-05-02 09:38:00""}, {""cmtStatus"": ""→"", ""cmtPoster"": ""afu46"", ""cmtContent"": "":如果是晚上在新橋，會想建議去橫浜或鎌倉一帶"", ""cmtDate"": ""2023-05-02 09:39:00""}, {""cmtStatus"": ""→"", ""cmtPoster"": ""YdNic1412"", ""cmtContent"": "":築地-銀座-新橋時間應該滿夠的呀"", ""cmtDate"": ""2023-05-02 11:28:00""}]",223.136.93.145,2023-05-02 01:48:24,ptt
11,https://www.ptt.cc/bbs/Japan_Travel/M.1682952637.A.472.html,[食記]仙台3間牛舌店評比,2023-05-01 22:50:35,kgwangfshs,Japan_Travel,"店    名：牛舌專賣店 司/喜助/善治郎
地    址：圍繞仙台車站
營業時間：11:00~23:00
休    日：無休
推薦食物：無條件厚切牛舌
最低消費：2000日圓+
官    網：無
造訪日期：2022-11


好讀網誌版:
https://tinyurl.com/ec65vv8k
既然這次來到東北旅遊
又在仙台住了幾個晚上
想當然不能錯過著名的仙台牛舌
尤其之前在東京吃過利久牛舌
驚為天人的美味
差點連自己的舌頭都吞下去了

這次拜訪了三間著名牛舌店
全部店家都圍繞著仙台車站
交通非常便利
甚至更狂的朋友，可以直接去車站裡面的牛舌一條街
從第一間餐廳吃到最後一間
https://i.imgur.com/acJHS6c.jpg
第一間是松島咖啡店老闆的推薦
牛舌專賣店 司
位置在車站旁的商店街中
google評價 4.2顆星
https://i.imgur.com/svTEnyT.jpg
可能是這趟的第一餐牛舌
吃下去瞬間，我直接透哭流涕
太好吃啦
牛舌很厚，又很脆
尤其邊邊角角烤的焦脆
炭香十足
配上旁邊的醃菜沾醬
完全不會油膩
直接吃完一整完飯，偏大碗的那種碗
https://i.imgur.com/lssGhGK.jpg
第二間 喜助
我直接到車站裡的牛舌一條街用餐
只是需要排隊排一陣子
不管是不是用餐時間都需要排隊
還好移動算很快速
大家都是吃完就結帳離開

google評價 3.9顆星
https://i.imgur.com/iZVKurT.jpg
喜助的厚切牛舌比起另外兩間偏薄
配菜是醃製白菜
另外還附有辣椒

口感一樣是脆口，一咬就斷
可惜炭香味沒那麼重
整體味道也比較清淡
我覺得滿適合台灣人口味
https://i.imgur.com/l9PrAYe.jpg
最後一間 善治郎
看到仙台車站那一望無盡的人龍
下定決心要來吃吃看

我還特地選了站外的商店街的店
另外也選非用餐時間拜訪
沒想到還是排了半小時左右

google評價 4.3顆星
https://i.imgur.com/RZQj60b.jpg
心理默默地想，不好吃我直接翻桌
還把飯量減少了
沒想到，我直接打我自己的臉
本趟第一名牛舌非善治郎莫屬
看到本文篇文章的朋友，排2個小時也請給我排下去

牛舌無敵厚
厚到以為這頭牛大舌頭
一咬下去，牛油香整個衝出來
又非常的脆，不會硬
重點是，善治郎提供生菜沙拉
解膩好幫手
差點想跟店員說，可以幫我把剛剛減去的飯加回來嗎
真心不騙，必吃


以上就是三間牛舌店
心得提供去仙台旅遊的朋友參考
","[{""cmtStatus"": ""推"", ""cmtPoster"": ""dennistao"", ""cmtContent"": "":這個時間點看到真的太夭壽，寫得很好感謝分享"", ""cmtDate"": ""2023-05-01 23:01:00""}, {""cmtStatus"": ""推"", ""cmtPoster"": ""benage"", ""cmtContent"": "":只吃過善跟司，司的表皮的確更焦香一點，但兩家都"", ""cmtDate"": ""2023-05-01 23:09:00""}, {""cmtStatus"": ""→"", ""cmtPoster"": ""benage"", ""cmtContent"": "":很讚"", ""cmtDate"": ""2023-05-01 23:09:00""}, {""cmtStatus"": ""推"", ""cmtPoster"": ""ccute80213tw"", ""cmtContent"": "":我今年去仙台待2天也是狂吃牛舌我超愛司那軟嫩與香"", ""cmtDate"": ""2023-05-01 23:10:00""}, {""cmtStatus"": ""→"", ""cmtPoster"": ""ccute80213tw"", ""cmtContent"": "":更合我口味"", ""cmtDate"": ""2023-05-01 23:10:00""}, {""cmtStatus"": ""推"", ""cmtPoster"": ""ny88162"", ""cmtContent"": "":感謝分享～先加入口袋名單收藏"", ""cmtDate"": ""2023-05-01 23:25:00""}, {""cmtStatus"": ""推"", ""cmtPoster"": ""bonuit"", ""cmtContent"": "":善治郎記得可以加飯不用錢"", ""cmtDate"": ""2023-05-01 23:27:00""}, {""cmtStatus"": ""推"", ""cmtPoster"": ""a890036"", ""cmtContent"": "":善治郎真的神作"", ""cmtDate"": ""2023-05-01 23:28:00""}, {""cmtStatus"": ""→"", ""cmtPoster"": ""siamn"", ""cmtContent"": "":沒有要戰，但說到仙台牛舌怎麼能少了「閣」呢XD"", ""cmtDate"": ""2023-05-01 23:30:00""}, {""cmtStatus"": ""推"", ""cmtPoster"": ""mouz"", ""cmtContent"": "":樓上你為什麼要說出來……不想讓太多人知道"", ""cmtDate"": ""2023-05-01 23:35:00""}, {""cmtStatus"": ""→"", ""cmtPoster"": ""mouz"", ""cmtContent"": "":上次去仙台也是狂吃牛舌，我都只點烤牛舌跟啤酒，"", ""cmtDate"": ""2023-05-01 23:37:00""}, {""cmtStatus"": ""→"", ""cmtPoster"": ""mouz"", ""cmtContent"": "":少了麥飯跟湯，可以多吃很多牛舌"", ""cmtDate"": ""2023-05-01 23:37:00""}, {""cmtStatus"": ""推"", ""cmtPoster"": ""ivymorita"", ""cmtContent"": "":沒吃過司但很愛善治郎！"", ""cmtDate"": ""2023-05-01 23:44:00""}, {""cmtStatus"": ""推"", ""cmtPoster"": ""iven10030001"", ""cmtContent"": "":請問有人吃過旨味太助嗎？看評價好像也不錯"", ""cmtDate"": ""2023-05-01 23:45:00""}, {""cmtStatus"": ""推"", ""cmtPoster"": ""woodgatel"", ""cmtContent"": "":居然沒有去吃五郎吃過的翠翠"", ""cmtDate"": ""2023-05-01 23:48:00""}, {""cmtStatus"": ""→"", ""cmtPoster"": ""chart"", ""cmtContent"": "":個人只推翠翠...吃過上述連鎖店都比不上翠翠.."", ""cmtDate"": ""2023-05-02 00:07:00""}, {""cmtStatus"": ""→"", ""cmtPoster"": ""chart"", ""cmtContent"": "":牛尾更是一絕...更正一下錯字:是萃萃!!"", ""cmtDate"": ""2023-05-02 00:11:00""}, {""cmtStatus"": ""推"", ""cmtPoster"": ""fp737"", ""cmtContent"": "":在仙台待了6天一間都沒吃"", ""cmtDate"": ""2023-05-02 00:19:00""}, {""cmtStatus"": ""→"", ""cmtPoster"": ""SetsunaOgiso"", ""cmtContent"": "":私心推個伊達本鋪總店坐起來超有feel"", ""cmtDate"": ""2023-05-02 00:23:00""}, {""cmtStatus"": ""推"", ""cmtPoster"": ""TheoEpstein"", ""cmtContent"": "":上上週去吃了司，善治郎下次再去。"", ""cmtDate"": ""2023-05-02 00:32:00""}, {""cmtStatus"": ""推"", ""cmtPoster"": ""qwer8797"", ""cmtContent"": "":脂味太助燒烤味重且很鹹個人覺得不是很適合台灣人"", ""cmtDate"": ""2023-05-02 00:38:00""}, {""cmtStatus"": ""→"", ""cmtPoster"": ""fire2577"", ""cmtContent"": "":當然是每一家都吃哈哈哈"", ""cmtDate"": ""2023-05-02 00:49:00""}, {""cmtStatus"": ""→"", ""cmtPoster"": ""fire2577"", ""cmtContent"": "":晚餐一次，宵夜再來外帶一次"", ""cmtDate"": ""2023-05-02 00:49:00""}, {""cmtStatus"": ""推"", ""cmtPoster"": ""blueslovetw"", ""cmtContent"": "":善治郎最推+1"", ""cmtDate"": ""2023-05-02 00:54:00""}, {""cmtStatus"": ""推"", ""cmtPoster"": ""lanx105"", ""cmtContent"": "":善治郎真的好吃到哭..."", ""cmtDate"": ""2023-05-02 00:55:00""}, {""cmtStatus"": ""推"", ""cmtPoster"": ""Kowdan"", ""cmtContent"": "":超愛善治郎的真中"", ""cmtDate"": ""2023-05-02 01:27:00""}, {""cmtStatus"": ""推"", ""cmtPoster"": ""Midiya"", ""cmtContent"": "":上次去仙台也是吃了三間然後最推的也是善治郎!"", ""cmtDate"": ""2023-05-02 02:06:00""}, {""cmtStatus"": ""推"", ""cmtPoster"": ""stillumi"", ""cmtContent"": "":感謝推薦！半夜看得好餓..."", ""cmtDate"": ""2023-05-02 02:09:00""}, {""cmtStatus"": ""推"", ""cmtPoster"": ""yuuirain"", ""cmtContent"": "":我喜歡司跟伊達"", ""cmtDate"": ""2023-05-02 02:29:00""}, {""cmtStatus"": ""推"", ""cmtPoster"": ""kggg"", ""cmtContent"": "":感謝推薦"", ""cmtDate"": ""2023-05-02 03:50:00""}, {""cmtStatus"": ""推"", ""cmtPoster"": ""fh11942"", ""cmtContent"": "":個人最愛司，善治郎也好吃但我覺得太有嚼勁了咬到後"", ""cmtDate"": ""2023-05-02 04:40:00""}, {""cmtStatus"": ""→"", ""cmtPoster"": ""fh11942"", ""cmtContent"": "":面嘴巴有點累"", ""cmtDate"": ""2023-05-02 04:40:00""}, {""cmtStatus"": ""推"", ""cmtPoster"": ""rose21777"", ""cmtContent"": "":車站的話我反而是喜=利>善"", ""cmtDate"": ""2023-05-02 07:55:00""}, {""cmtStatus"": ""推"", ""cmtPoster"": ""tsuneo"", ""cmtContent"": "":善治郎加一碗飯不用錢..另外那個沙拉我都換山藥泥"", ""cmtDate"": ""2023-05-02 08:13:00""}, {""cmtStatus"": ""推"", ""cmtPoster"": ""reines"", ""cmtContent"": "":大舌頭XD"", ""cmtDate"": ""2023-05-02 08:29:00""}, {""cmtStatus"": ""推"", ""cmtPoster"": ""vsixamanda"", ""cmtContent"": "":善治郎+1"", ""cmtDate"": ""2023-05-02 08:38:00""}, {""cmtStatus"": ""→"", ""cmtPoster"": ""a5687920"", ""cmtContent"": "":善治郎+1"", ""cmtDate"": ""2023-05-02 08:48:00""}, {""cmtStatus"": ""→"", ""cmtPoster"": ""a5687920"", ""cmtContent"": "":之前去之善治郎跟利久利久的比較軟嫩"", ""cmtDate"": ""2023-05-02 08:48:00""}, {""cmtStatus"": ""→"", ""cmtPoster"": ""a5687920"", ""cmtContent"": "":但善治郎比較有味道"", ""cmtDate"": ""2023-05-02 08:48:00""}, {""cmtStatus"": ""推"", ""cmtPoster"": ""s1494041"", ""cmtContent"": "":善治郎的山藥泥建議加點多一顆蛋黃味道差很多啊！"", ""cmtDate"": ""2023-05-02 09:44:00""}, {""cmtStatus"": ""→"", ""cmtPoster"": ""s1494041"", ""cmtContent"": "":！！"", ""cmtDate"": ""2023-05-02 09:44:00""}, {""cmtStatus"": ""推"", ""cmtPoster"": ""bluewind18"", ""cmtContent"": "":推個善治郎，上次第一天去吃覺得驚為天人，回國前"", ""cmtDate"": ""2023-05-02 09:45:00""}, {""cmtStatus"": ""→"", ""cmtPoster"": ""bluewind18"", ""cmtContent"": "":再吃一次"", ""cmtDate"": ""2023-05-02 09:45:00""}, {""cmtStatus"": ""→"", ""cmtPoster"": ""juliamo"", ""cmtContent"": "":伊達還可以，但善治郎還是我目前最優"", ""cmtDate"": ""2023-05-02 09:49:00""}, {""cmtStatus"": ""推"", ""cmtPoster"": ""sungkai"", ""cmtContent"": "":善治郎也是我心中第一"", ""cmtDate"": ""2023-05-02 09:55:00""}, {""cmtStatus"": ""推"", ""cmtPoster"": ""mark10133"", ""cmtContent"": "":推一下車站一樓的伊達，邊吃邊看他們烤也是不錯"", ""cmtDate"": ""2023-05-02 09:55:00""}, {""cmtStatus"": ""推"", ""cmtPoster"": ""askacis"", ""cmtContent"": "":牛舌就是選厚的"", ""cmtDate"": ""2023-05-02 10:17:00""}, {""cmtStatus"": ""推"", ""cmtPoster"": ""a5687920"", ""cmtContent"": "":我覺得薄的比較好吃耶太厚的有點咬不動"", ""cmtDate"": ""2023-05-02 10:21:00""}, {""cmtStatus"": ""推"", ""cmtPoster"": ""lyf0910"", ""cmtContent"": "":上禮拜有吃善治郎覺得有點鹹XD是我吃太清淡了嗎？"", ""cmtDate"": ""2023-05-02 10:38:00""}, {""cmtStatus"": ""→"", ""cmtPoster"": ""MbvLectA"", ""cmtContent"": "":女友仙台人在其他仙台會社的同事都只推這家不在仙"", ""cmtDate"": ""2023-05-02 11:02:00""}, {""cmtStatus"": ""→"", ""cmtPoster"": ""MbvLectA"", ""cmtContent"": "":台站的"", ""cmtDate"": ""2023-05-02 11:02:00""}, {""cmtStatus"": ""→"", ""cmtPoster"": ""mark126688"", ""cmtContent"": "":之前善治郎真中點太大份，吃到後面好膩XD"", ""cmtDate"": ""2023-05-02 11:16:00""}, {""cmtStatus"": ""→"", ""cmtPoster"": ""a5687920"", ""cmtContent"": "":沒有比拉麵鹹阿"", ""cmtDate"": ""2023-05-02 11:17:00""}, {""cmtStatus"": ""推"", ""cmtPoster"": ""iinstan"", ""cmtContent"": "":推善治郎，不推喜助"", ""cmtDate"": ""2023-05-02 11:51:00""}, {""cmtStatus"": ""推"", ""cmtPoster"": ""HarryCheng"", ""cmtContent"": "":mbv大那是哪家啊"", ""cmtDate"": ""2023-05-02 12:19:00""}, {""cmtStatus"": ""推"", ""cmtPoster"": ""t520131412"", ""cmtContent"": "":上次去仙台也都有吃，最喜歡司！！！"", ""cmtDate"": ""2023-05-02 12:41:00""}, {""cmtStatus"": ""推"", ""cmtPoster"": ""minichuchu"", ""cmtContent"": "":謝謝分享"", ""cmtDate"": ""2023-05-02 13:02:00""}, {""cmtStatus"": ""推"", ""cmtPoster"": ""sushi6168"", ""cmtContent"": "":推一仙那才叫厚"", ""cmtDate"": ""2023-05-02 13:08:00""}, {""cmtStatus"": ""推"", ""cmtPoster"": ""naranja"", ""cmtContent"": "":我吃四家喜助,東山,善治郎,閣最喜歡善治郎"", ""cmtDate"": ""2023-05-02 13:58:00""}, {""cmtStatus"": ""推"", ""cmtPoster"": ""tym7482"", ""cmtContent"": "":好想念仙台牛舌"", ""cmtDate"": ""2023-05-02 14:54:00""}, {""cmtStatus"": ""→"", ""cmtPoster"": ""MbvLectA"", ""cmtContent"": "":在泉中央的ワカ附近沒有觀光景點都是在地人在吃的"", ""cmtDate"": ""2023-05-02 15:32:00""}, {""cmtStatus"": ""→"", ""cmtPoster"": ""noside23"", ""cmtContent"": "":牛尾湯好喝另外我是覺得薄的（也夠厚）比較好吃"", ""cmtDate"": ""2023-05-02 17:08:00""}, {""cmtStatus"": ""推"", ""cmtPoster"": ""saiga12416"", ""cmtContent"": "":閣真的屌，我的第一名"", ""cmtDate"": ""2023-05-02 17:10:00""}, {""cmtStatus"": ""推"", ""cmtPoster"": ""etop"", ""cmtContent"": "":善治郎超讚每次去必吃"", ""cmtDate"": ""2023-05-02 17:42:00""}, {""cmtStatus"": ""推"", ""cmtPoster"": ""bbq2005"", ""cmtContent"": "":推伊達"", ""cmtDate"": ""2023-05-02 18:27:00""}, {""cmtStatus"": ""推"", ""cmtPoster"": ""aids893001"", ""cmtContent"": "":牛舌吃過幾次那個腥味真的不行..."", ""cmtDate"": ""2023-05-02 19:05:00""}, {""cmtStatus"": ""推"", ""cmtPoster"": ""yokomata"", ""cmtContent"": "":好想再吃一次善治郎"", ""cmtDate"": ""2023-05-02 20:34:00""}, {""cmtStatus"": ""推"", ""cmtPoster"": ""themostwater"", ""cmtContent"": "":這篇讓我口水流不停"", ""cmtDate"": ""2023-05-02 22:46:00""}, {""cmtStatus"": ""推"", ""cmtPoster"": ""Midiya"", ""cmtContent"": "":題外話最近發現台北也有不輸日本的牛舌專賣店只是"", ""cmtDate"": ""2023-05-03 00:41:00""}, {""cmtStatus"": ""→"", ""cmtPoster"": ""Midiya"", ""cmtContent"": "":價格不便宜...不過不用飛到日本去就能解饞也是不錯"", ""cmtDate"": ""2023-05-03 00:41:00""}, {""cmtStatus"": ""推"", ""cmtPoster"": ""walkmancat"", ""cmtContent"": "":善治郎大推，上次看隔壁日本人點了烤魚板也跟著點"", ""cmtDate"": ""2023-05-03 10:32:00""}, {""cmtStatus"": ""→"", ""cmtPoster"": ""walkmancat"", ""cmtContent"": "":XD"", ""cmtDate"": ""2023-05-03 10:32:00""}, {""cmtStatus"": ""推"", ""cmtPoster"": ""still40490"", ""cmtContent"": "":謝謝推薦看得好餓"", ""cmtDate"": ""2023-05-03 11:15:00""}, {""cmtStatus"": ""推"", ""cmtPoster"": ""RayTn"", ""cmtContent"": "":仙台牛舌真的超讚,尤其是閣"", ""cmtDate"": ""2023-05-03 11:39:00""}, {""cmtStatus"": ""推"", ""cmtPoster"": ""itsunfair"", ""cmtContent"": "":司在神奈川縣川崎有分店，之前出差偶然路過用餐，"", ""cmtDate"": ""2023-05-03 13:00:00""}, {""cmtStatus"": ""→"", ""cmtPoster"": ""itsunfair"", ""cmtContent"": "":外表微焦脆的烤法真的很棒，不能去仙台的話可以先"", ""cmtDate"": ""2023-05-03 13:00:00""}, {""cmtStatus"": ""→"", ""cmtPoster"": ""itsunfair"", ""cmtContent"": "":去川崎試試。"", ""cmtDate"": ""2023-05-03 13:00:00""}, {""cmtStatus"": ""推"", ""cmtPoster"": ""wu0h96"", ""cmtContent"": "":感謝資訊"", ""cmtDate"": ""2023-05-04 08:39:00""}, {""cmtStatus"": ""推"", ""cmtPoster"": ""Coolightabc"", ""cmtContent"": "":閣還是我的第一名"", ""cmtDate"": ""2023-05-04 11:43:00""}, {""cmtStatus"": ""推"", ""cmtPoster"": ""carl0613"", ""cmtContent"": "":吃過善治郎，點厚的味道不錯但有點難咬，下次應該會"", ""cmtDate"": ""2023-05-04 14:48:00""}, {""cmtStatus"": ""→"", ""cmtPoster"": ""carl0613"", ""cmtContent"": "":改點薄的，最愛的反而是牛尾湯。"", ""cmtDate"": ""2023-05-04 14:48:00""}, {""cmtStatus"": ""推"", ""cmtPoster"": ""shanaandlai"", ""cmtContent"": "":竟然有人推萃萃，我也單推萃萃"", ""cmtDate"": ""2023-05-04 18:25:00""}]",180.217.1.97,2023-05-02 01:48:24,ptt
12,https://www.ptt.cc/bbs/Japan_Travel/M.1682993339.A.001.html,[徵人]5/25-5/29東京旅伴,2023-05-02 10:08:57,hueichi329,Japan_Travel,"=============================================================================

  徵人類別: 旅伴

  原po性別: 女

  徵    求: 5/25-5/29 東京旅伴

  內    容:

  排了很鬆散的行程，徵可以一起吃飯或是去景點拍照的夥伴
  童心未泯地想去四十周年的迪士尼!

  5/26 鎌倉
  5/27 高尾山 新宿
  5/28 迪士尼Land

  超鬆散這三天順序可以調換XD

  5/25 跟 5/29 在市區 可能出沒淺草上野之類的地方 也可約吃飯

  想去這個果實酒/清酒喝到飽的店
https://www.instagram.com/sakemarket/
備    註: 本身待過日本一陣子簡單日文溝通不是問題
","[{""cmtStatus"": ""推"", ""cmtPoster"": ""PathosCross"", ""cmtContent"": "":喝到飽太讚了吧"", ""cmtDate"": ""2023-05-02 10:19:00""}, {""cmtStatus"": ""推"", ""cmtPoster"": ""jeffrey0110"", ""cmtContent"": "":推我也是29日回台，不過我這趟行程要前往群馬就不進"", ""cmtDate"": ""2023-05-02 10:32:00""}, {""cmtStatus"": ""→"", ""cmtPoster"": ""jeffrey0110"", ""cmtContent"": "":市區了"", ""cmtDate"": ""2023-05-02 10:32:00""}, {""cmtStatus"": ""推"", ""cmtPoster"": ""ganlinjibye"", ""cmtContent"": "":推去跟回的時間都一樣只是行程都還沒開始排ww"", ""cmtDate"": ""2023-05-02 13:23:00""}, {""cmtStatus"": ""推"", ""cmtPoster"": ""mono1023"", ""cmtContent"": "":可4窩1杯醉"", ""cmtDate"": ""2023-05-02 16:45:00""}, {""cmtStatus"": ""推"", ""cmtPoster"": ""shebubu"", ""cmtContent"": "":推這時間也在，可以一起鎌倉和清酒喝到飽XD"", ""cmtDate"": ""2023-05-02 18:38:00""}, {""cmtStatus"": ""推"", ""cmtPoster"": ""inesch"", ""cmtContent"": "":我是25號的迪士尼！"", ""cmtDate"": ""2023-05-02 19:59:00""}]",125.231.116.149,2023-05-03 01:51:59,ptt
13,https://www.ptt.cc/bbs/Japan_Travel/M.1683028883.A.812.html,[問題]東京迪士尼6/22-23,2023-05-02 20:01:21,teraponda,Japan_Travel,"上次去30週年，以前很愛，累積10天sea+land
一轉眼十年沒去迪士尼，還蠻期待
利用連假短程玩玩，時間有限
先訂vacation package
長榮1135到
先訂kkday機接直奔disney land hotel
有些小疑問請有經驗的大大解惑
1. 現在訂園內飯店有無附 resort line ticket?
2.看網頁，land餐廳秀 和sea duffy show都暫停？好懷念的，那sea有推薦特色餐廳嗎
3.DPA買 show 位置擠不擠，需要提早入場嗎
環球的還是擠爆
4.23號預計看完煙火拿行李直奔新橋飯店，taxi or uber會難叫嗎？
5.日本現在有只收現金的地方嗎，手邊剩三萬日幣，若能電子支付就不多換了
謝謝
","[{""cmtStatus"": ""→"", ""cmtPoster"": ""lu225"", ""cmtContent"": "":不大"", ""cmtDate"": ""2023-05-02 21:06:00""}, {""cmtStatus"": ""推"", ""cmtPoster"": ""mayegg"", ""cmtContent"": "":鑽石馬蹄餐廳和達菲餐廳秀都會是新的表演節目喔"", ""cmtDate"": ""2023-05-02 22:33:00""}]",180.177.64.184,2023-05-03 01:51:59,ptt
14,https://www.ptt.cc/bbs/Japan_Travel/M.1683034936.A.6E5.html,[問題]東京三天快閃行程請益,2023-05-02 21:42:14,MoonCatQQ,Japan_Travel,"虎航復活節彩蛋的優惠雖然只有回程的折扣，但一整年大概就這個時段能出國，想著即使
只有短短三天也好，狠下心刷了機票，來一場輕便（？）東京快閃之旅

雖然之前也去東京自助過三、四次，但這是第一次一個人，也因為自疫情影響以來都沒出
國過，所以想請版友們幫忙看看行程是否需要調整，感謝！


去程5/15 00:10 - 04:25 羽田機場
回程5/17 19:40 - 22:35 成田機場
兩晚都住在MyCUBE by MYSTAYS淺草藏前精品旅舍
全程搭大眾運輸，東京地鐵通票72小時券


Day1 5/15（一）

04:25抵達羽田機場3航廈
到國際線航廈入境大廳2樓的「觀光資訊中心」購買東京地鐵通票
搭乘京急電鐵機場快特到淺草站

今戶神社參拜、淺草壽清庵抹茶可麗餅、かぐらちゃかプチ抹茶飲料
阿佐谷神明宮參拜（淺草搭乘銀座線到赤坂見附轉丸之內線到南阿佐ヶ谷駅北口）
吉祥寺商店街（阿佐ヶ谷駅搭乘JR到吉祥寺）
逛街、藥妝採購、えん寺沾麵、天音鯛魚燒、幸せのパンケーキ
搭乘JR到淺草，轉都營淺草線回淺草藏前精品旅舍


Day2 5/16（二）

龜戶天神社（東京 Metro 半藏門線的錦糸町站）
safn° サフン抹茶醬布丁（淺草、藏前站徒步約9分）
日枝神社、赤阪冰川神社參拜（錦糸町到大手町轉千代田線至赤阪站，約28分鐘）
午餐：赤阪Tsutsui津つ井黑毛和牛丼飯
逛池袋特定店家和安利美特（從赤阪搭乘至明治神宮前 <原宿>轉副都心線到池袋）
傍晚與日本網友在池袋碰面


Day3 5/17（三）

神田明神參拜（淺草搭乘銀座線到末廣町）
從淺草銀座線到銀座轉丸之內線到東京車站，或在藏前搭巴士東42甲直達東京車站八重洲
口
午餐：六厘舍或富田沾麵
搭乘TYO-NRT機場巴士，預計16點左右抵達成田機場
19:40從成田機場2航廈起飛



問題：
1、00:10的班機，若11點前抵達桃園機場會太晚嗎？打算坐高鐵22:25到桃園，然後搭
22:32桃捷，22:51抵達第一航廈

2、搭乘京急電鐵能不買票，直接刷Suica卡嗎？

3、MyCUBE by MYSTAYS入住前和退房後能寄放行李嗎？

4、想在Day2安插銀座中村藤吉，但卻不知道怎麼排會比較順…

5、如果紫籐花季還沒結束的話（應該不太可能QQ）想去足利公園，可能會安排在Day1下
午，吉祥寺商店街和池袋改到Day2

6、手提行李攜帶合力他命（長輩指定）會有限制嗎？因為沒買托運所以不打算帶液體類
的東西，但如果買太多或是真的很想買液體的東西，考慮去日本郵局寄回台

7、爬文看到有人分享在旅館前的公車站牌搭東42甲直可以達東京車站八重洲口，這樣到
八重洲南口的機場巴士站會很遠嗎？還是搭地鐵會比較順？

8、回程在東京車站搭TYO-NRT機場巴士，能先買票嗎？
官網是寫全自由座班次，直接前往乘車處。但擔心想搭乘的時段剛好客滿，得再等10～20
分鐘
官網寫東京車站到成田2航廈約65分鐘，若是抓14：00～14：30這個時段搭車，大概16：
00左右到機場，平日這個時間有可能塞車嗎？還是需要再提早？
","[{""cmtStatus"": ""→"", ""cmtPoster"": ""leejones"", ""cmtContent"": "":你只能目送飛機離開。"", ""cmtDate"": ""2023-05-02 21:52:00""}, {""cmtStatus"": ""推"", ""cmtPoster"": ""VJ2004"", ""cmtContent"": "":報到最好不要只留一小時建議是留兩小時比較安全"", ""cmtDate"": ""2023-05-02 23:01:00""}, {""cmtStatus"": ""推"", ""cmtPoster"": ""kevinhon"", ""cmtContent"": "":D3藏前直接搭Access特急回成田機場就好，約一小時"", ""cmtDate"": ""2023-05-02 23:16:00""}, {""cmtStatus"": ""推"", ""cmtPoster"": ""kenploin"", ""cmtContent"": "":六厘舍就晚一點去上野當宵夜吧，如果沒吃過是能吃"", ""cmtDate"": ""2023-05-03 00:39:00""}, {""cmtStatus"": ""推"", ""cmtPoster"": ""may8010"", ""cmtContent"": "":1這個我通常是9點多就在機場了XD"", ""cmtDate"": ""2023-05-03 09:41:00""}, {""cmtStatus"": ""推"", ""cmtPoster"": ""angol1337"", ""cmtContent"": "":第一天淺草太早過去應該沒什麼店家有開"", ""cmtDate"": ""2023-05-03 10:54:00""}, {""cmtStatus"": ""→"", ""cmtPoster"": ""kevinhon"", ""cmtContent"": "":寺後面搭中央線直通地鐵東西線，中野以後可以用地鐵"", ""cmtDate"": ""2023-05-03 12:22:00""}, {""cmtStatus"": ""→"", ""cmtPoster"": ""rabamaru"", ""cmtContent"": "":休息室或候機室吃點輕食或泡麵，真的來不及機上也"", ""cmtDate"": ""2023-05-03 20:10:00""}, {""cmtStatus"": ""推"", ""cmtPoster"": ""kevinhon"", ""cmtContent"": "":濱松町9hours離地鐵大門站很近，跟藏前一樣也是淺"", ""cmtDate"": ""2023-05-03 22:05:00""}, {""cmtStatus"": ""→"", ""cmtPoster"": ""kevinhon"", ""cmtContent"": "":機場，不用到日暮里轉車，好處是離JR濱松町也近，建"", ""cmtDate"": ""2023-05-03 22:05:00""}, {""cmtStatus"": ""→"", ""cmtPoster"": ""kevinhon"", ""cmtContent"": "":？？"", ""cmtDate"": ""2023-05-03 22:05:00""}, {""cmtStatus"": ""→"", ""cmtPoster"": ""wasizac"", ""cmtContent"": "":是無法避免的，畢竟是共享房"", ""cmtDate"": ""2023-05-03 22:40:00""}, {""cmtStatus"": ""→"", ""cmtPoster"": ""inesch"", ""cmtContent"": "":只是這麼多年後不知道還在不在"", ""cmtDate"": ""2023-05-03 23:07:00""}, {""cmtStatus"": ""→"", ""cmtPoster"": ""rabamaru"", ""cmtContent"": "":浴間或其他地方洗，朋友住中部趕不上的會搭凌晨捷星"", ""cmtDate"": ""2023-05-03 23:28:00""}, {""cmtStatus"": ""→"", ""cmtPoster"": ""rabamaru"", ""cmtContent"": "":ナインアワーズ浜松町事前聯絡的話可以早上入住（"", ""cmtDate"": ""2023-05-03 23:35:00""}, {""cmtStatus"": ""→"", ""cmtPoster"": ""rabamaru"", ""cmtContent"": "":需要訂前一晚的住宿），其實各館應該都可以，官網寫"", ""cmtDate"": ""2023-05-03 23:35:00""}, {""cmtStatus"": ""→"", ""cmtPoster"": ""rabamaru"", ""cmtContent"": "":早上5點後入住請在客服頁面提出，隔天5點未到自動"", ""cmtDate"": ""2023-05-03 23:35:00""}, {""cmtStatus"": ""→"", ""cmtPoster"": ""rabamaru"", ""cmtContent"": "":取消預約"", ""cmtDate"": ""2023-05-03 23:35:00""}, {""cmtStatus"": ""→"", ""cmtPoster"": ""rabamaru"", ""cmtContent"": "":浜松町離羽田最近。桃機的淋浴間水壓都滿小的，長髮"", ""cmtDate"": ""2023-05-03 23:37:00""}, {""cmtStatus"": ""→"", ""cmtPoster"": ""rabamaru"", ""cmtContent"": "":n加吹乾有點不太夠"", ""cmtDate"": ""2023-05-03 23:37:00""}, {""cmtStatus"": ""→"", ""cmtPoster"": ""EXOLDER"", ""cmtContent"": "":換了吧，或者你再找其他間跟朋友商議。"", ""cmtDate"": ""2023-05-04 02:30:00""}, {""cmtStatus"": ""→"", ""cmtPoster"": ""hirohsu"", ""cmtContent"": "":中心營業時間5點半差不多，不介意的話可以等到5點半"", ""cmtDate"": ""2023-05-04 11:57:00""}, {""cmtStatus"": ""推"", ""cmtPoster"": ""pinion"", ""cmtContent"": "":我19年底住過這家沒什麼問題耶！蠻乾淨的而且房間"", ""cmtDate"": ""2023-05-04 12:09:00""}, {""cmtStatus"": ""→"", ""cmtPoster"": ""pinion"", ""cmtContent"": "":放行李那邊的拉門比較吵而已，而且買東西很方便，"", ""cmtDate"": ""2023-05-04 12:09:00""}, {""cmtStatus"": ""→"", ""cmtPoster"": ""pinion"", ""cmtContent"": "":很不錯，之後有機會的話會想再住那邊，只是如果才"", ""cmtDate"": ""2023-05-04 12:09:00""}, {""cmtStatus"": ""→"", ""cmtPoster"": ""pinion"", ""cmtContent"": "":玩多吃比較實際"", ""cmtDate"": ""2023-05-04 12:09:00""}, {""cmtStatus"": ""推"", ""cmtPoster"": ""z002928"", ""cmtContent"": "":覺得早上去車站排六厘舍不用很久啊"", ""cmtDate"": ""2023-05-04 19:28:00""}, {""cmtStatus"": ""推"", ""cmtPoster"": ""h770404"", ""cmtContent"": "":回7:走路10min內會到，因為都是沿著東京車站八重洲"", ""cmtDate"": ""2023-05-05 01:17:00""}, {""cmtStatus"": ""→"", ""cmtPoster"": ""h770404"", ""cmtContent"": "":面，就像台北車站東1走到東3，只是東京車站大多了…"", ""cmtDate"": ""2023-05-05 01:17:00""}, {""cmtStatus"": ""推"", ""cmtPoster"": ""h770404"", ""cmtContent"": "":對不起誤會了，我把7、8混在一起了"", ""cmtDate"": ""2023-05-05 01:21:00""}, {""cmtStatus"": ""→"", ""cmtPoster"": ""h770404"", ""cmtContent"": "":但應該也是不遠"", ""cmtDate"": ""2023-05-05 01:21:00""}, {""cmtStatus"": ""推"", ""cmtPoster"": ""hirohsu"", ""cmtContent"": "":羽田T2有全家，T3有LAWSON，其他商店就看一下官網吧"", ""cmtDate"": ""2023-05-05 17:44:00""}, {""cmtStatus"": ""推"", ""cmtPoster"": ""logan80108"", ""cmtContent"": "":我也是這次買三天的快閃的~運氣很好都有優惠缺點就"", ""cmtDate"": ""2023-05-05 21:08:00""}, {""cmtStatus"": ""→"", ""cmtPoster"": ""logan80108"", ""cmtContent"": "":是時間爛的有剩"", ""cmtDate"": ""2023-05-05 21:08:00""}]",36.229.28.157,2023-05-03 01:52:01,ptt
15,https://www.ptt.cc/bbs/Japan_Travel/M.1683045240.A.FF4.html,[問題]東京西方復古風格的愛情酒店,2023-05-03 00:33:58,skyhighhh,Japan_Travel,"事情是這樣的～

小弟六月的時候會去日本東京一人自由行

之前看過很多電影都會出現一些愛情酒店的場景

通常會在狹小的空間內有濃厚的西洋魔幻復古感和旋轉床，每次都覺得超酷

一直在想一個人去看看，就當作是參觀

但目前在東京一代估狗找到的都是裝潢比較現代化的，之前在網路上有提到的很多家都歇
業了…

不知道有沒有專家可以解惑一下，現在是否還有這樣的旅店呢？  謝謝！
","[{""cmtStatus"": ""→"", ""cmtPoster"": ""afu46"", ""cmtContent"": "":其實台灣的愛情(汽車)旅館整個完勝"", ""cmtDate"": ""2023-05-03 08:58:00""}, {""cmtStatus"": ""→"", ""cmtPoster"": ""nodapuririn"", ""cmtContent"": "":台灣哪有完勝?"", ""cmtDate"": ""2023-05-03 09:08:00""}, {""cmtStatus"": ""→"", ""cmtPoster"": ""nodapuririn"", ""cmtContent"": "":日本的浴室有潤滑液坐坐爽"", ""cmtDate"": ""2023-05-03 09:08:00""}, {""cmtStatus"": ""→"", ""cmtPoster"": ""nodapuririn"", ""cmtContent"": "":吹風機電捲棒盥洗備品是高級的"", ""cmtDate"": ""2023-05-03 09:08:00""}, {""cmtStatus"": ""→"", ""cmtPoster"": ""nodapuririn"", ""cmtContent"": "":普遍女性會開心使用的"", ""cmtDate"": ""2023-05-03 09:08:00""}, {""cmtStatus"": ""→"", ""cmtPoster"": ""nodapuririn"", ""cmtContent"": "":點餐服務東西比上不足比下有餘"", ""cmtDate"": ""2023-05-03 09:08:00""}, {""cmtStatus"": ""推"", ""cmtPoster"": ""sinohara"", ""cmtContent"": "":給你個方向上野鶯谷錦糸町"", ""cmtDate"": ""2023-05-03 09:20:00""}, {""cmtStatus"": ""推"", ""cmtPoster"": ""sinohara"", ""cmtContent"": "":不過現在大多有改裝不過都蠻小間論空間大台中那"", ""cmtDate"": ""2023-05-03 09:22:00""}, {""cmtStatus"": ""→"", ""cmtPoster"": ""sinohara"", ""cmtContent"": "":些就完勝"", ""cmtDate"": ""2023-05-03 09:22:00""}, {""cmtStatus"": ""推"", ""cmtPoster"": ""sinohara"", ""cmtContent"": "":而且備品現在的大多改成一次性小包裝的備品點心要"", ""cmtDate"": ""2023-05-03 09:24:00""}, {""cmtStatus"": ""→"", ""cmtPoster"": ""sinohara"", ""cmtContent"": "":另外買影片比較新"", ""cmtDate"": ""2023-05-03 09:24:00""}, {""cmtStatus"": ""推"", ""cmtPoster"": ""sinohara"", ""cmtContent"": "":而且浴室大多改成整體式也搭配免治馬桶台灣的主"", ""cmtDate"": ""2023-05-03 09:26:00""}, {""cmtStatus"": ""→"", ""cmtPoster"": ""sinohara"", ""cmtContent"": "":要還是隔間免治馬桶大多無重氣派少花俏"", ""cmtDate"": ""2023-05-03 09:26:00""}, {""cmtStatus"": ""推"", ""cmtPoster"": ""sinohara"", ""cmtContent"": "":日本是電氣類與備品不會是雜牌但致命就是床小浴室"", ""cmtDate"": ""2023-05-03 09:28:00""}, {""cmtStatus"": ""→"", ""cmtPoster"": ""sinohara"", ""cmtContent"": "":小飲品餐點幾乎都要加錢"", ""cmtDate"": ""2023-05-03 09:28:00""}, {""cmtStatus"": ""推"", ""cmtPoster"": ""sinohara"", ""cmtContent"": "":如果是要復古花框鐵床之前版主在青山住過那種的"", ""cmtDate"": ""2023-05-03 09:30:00""}, {""cmtStatus"": ""→"", ""cmtPoster"": ""sinohara"", ""cmtContent"": "":現在確定還有營業"", ""cmtDate"": ""2023-05-03 09:30:00""}, {""cmtStatus"": ""推"", ""cmtPoster"": ""sinohara"", ""cmtContent"": "":Googleラブホテル回転ベート"", ""cmtDate"": ""2023-05-03 09:33:00""}, {""cmtStatus"": ""→"", ""cmtPoster"": ""peter4503"", ""cmtContent"": "":日本屌打好嗎==有些還有獨立廚房料理便宜又好吃"", ""cmtDate"": ""2023-05-03 09:43:00""}, {""cmtStatus"": ""推"", ""cmtPoster"": ""nodapuririn"", ""cmtContent"": "":lovehotel顧名思義"", ""cmtDate"": ""2023-05-03 12:03:00""}, {""cmtStatus"": ""→"", ""cmtPoster"": ""nodapuririn"", ""cmtContent"": "":就是享受性愛的地方"", ""cmtDate"": ""2023-05-03 12:03:00""}, {""cmtStatus"": ""→"", ""cmtPoster"": ""nodapuririn"", ""cmtContent"": "":台灣是汽車旅館不是lovehotel"", ""cmtDate"": ""2023-05-03 12:03:00""}, {""cmtStatus"": ""→"", ""cmtPoster"": ""nodapuririn"", ""cmtContent"": "":計較房間大不大是台灣邏輯"", ""cmtDate"": ""2023-05-03 12:03:00""}, {""cmtStatus"": ""→"", ""cmtPoster"": ""nodapuririn"", ""cmtContent"": "":日本的噱頭比台灣多"", ""cmtDate"": ""2023-05-03 12:03:00""}, {""cmtStatus"": ""→"", ""cmtPoster"": ""nodapuririn"", ""cmtContent"": "":甚至房間有滑水道"", ""cmtDate"": ""2023-05-03 12:03:00""}, {""cmtStatus"": ""→"", ""cmtPoster"": ""cccddd"", ""cmtContent"": "":問題是自己住?"", ""cmtDate"": ""2023-05-03 16:44:00""}, {""cmtStatus"": ""→"", ""cmtPoster"": ""KFVC"", ""cmtContent"": "":+1(台灣的頂多比較適合多人(誤"", ""cmtDate"": ""2023-05-04 10:02:00""}]",219.70.140.17,2023-05-03 01:52:01,ptt
16,https://www.ptt.cc/bbs/Japan_Travel/M.1683045443.A.A37.html,Re:[問題]東京三天快閃行程請益,2023-05-03 00:37:21,kenploin,Japan_Travel,"可以 只要銜接的上，還算早。
可以唷
可以寄放，然後早餐普通可以不用加購
Day2很滿了 真的要去就是晚上去吧
不要超過顆數限制就好了。注意手提行李只能10kg
你住藏前不要考慮坐巴士，有地鐵直達車可以去成田，快速便宜又方便
如果搭地鐵 19：40班機， 16：00離開市區都綽綽有餘
","[{""cmtStatus"": ""→"", ""cmtPoster"": ""MoonCatQQ"", ""cmtContent"": "":感謝建議！"", ""cmtDate"": ""2023-05-03 11:39:00""}, {""cmtStatus"": ""→"", ""cmtPoster"": ""ecknair"", ""cmtContent"": "":距離關櫃只剩20分鐘順利的話趕得上但一點都不早吧"", ""cmtDate"": ""2023-05-03 18:18:00""}, {""cmtStatus"": ""→"", ""cmtPoster"": ""MoonCatQQ"", ""cmtContent"": "":離關櫃只剩20分鐘好像真的太緊迫了！參考各位的建"", ""cmtDate"": ""2023-05-03 21:45:00""}, {""cmtStatus"": ""→"", ""cmtPoster"": ""MoonCatQQ"", ""cmtContent"": "":議後我會早點到機場的"", ""cmtDate"": ""2023-05-03 21:45:00""}, {""cmtStatus"": ""→"", ""cmtPoster"": ""kenploin"", ""cmtContent"": "":我第一點看錯時間了真的太趕修改一下內文最好至"", ""cmtDate"": ""2023-05-04 10:50:00""}, {""cmtStatus"": ""→"", ""cmtPoster"": ""kenploin"", ""cmtContent"": "":少在提早半小時"", ""cmtDate"": ""2023-05-04 10:50:00""}]",111.250.130.171,2023-05-03 01:52:01,ptt
17,https://www.ptt.cc/bbs/Japan_Travel/M.1683048957.A.F54.html,[問題]東京9月6天5夜行程請益,2023-05-03 01:35:54,justcowbay,Japan_Travel,"各位好，這是第一次到東京旅遊，一個人的旅行，主要以棒球為主的行程。
由於是第一次去東京，想說以淺草為中心交通會比較方便，也因為是住在淺草，
所以附近的景點會切得比較零碎塞在每天的空檔。已將行程大致安排如下，
不好意思要再麻煩版友幫忙看是否有無建議或需要改善的地方，謝謝大家。
日文程度只是弱弱的N5，全程都搭大眾運輸。


出遊日期： 六天五夜 單人旅行 住在淺草寺旁(離車站約300公尺)

去程 9/6 台北起飛 約17:20至成田T1

回程 9/11 15:20成田T1起飛 至台北

Day1(09/06 三)：約17:20抵達成田T1，到飯店check in，到飯店可能已晚，
                安頓好之後會在飯店附近居酒屋吃晚餐或喝點酒。

Day2(09/07 四)：(築地) → 新宿武士博物館 → 新宿東口逛逛 迪士尼旗艦店
                →澀谷逛任天堂中心(瑪莉歐) →17:30 明治神宮球場看球
                →球賽後歌舞伎町吃宵夜

                築地的話看早上是否能夠很早起床，目前是想說七點半前左右到。
                有去的話可能會去勝鬨橋看跟拍照

Day3(09/08 五)：大概8點多出發往橫濱(元町、中華街、紅色倉庫、纜車、鋼彈)
                → 17:30 橫濱球場看球)

                這一天會跟住在日本的朋友碰面，讓朋友帶路
                想請問這天這樣會太鬆嗎?再想要不要塞麵包超人博物館

Day4(09/09 六)：07:00 豐洲市場 → 台場(鋼彈、富士電視台)
                →14:30 移動到羅德隊主場 千葉ZOZO

Day5(09/10 日)：08:30 雷門 淺草寺 商店街(午餐吃附近鰻魚飯)
                →14:00左右 兩國國技館 看相撲進場及相撲比賽
                →秋葉原 神田

           還在考慮相撲要不要看完整個比賽，如果看完的話就6點多了，
           秋葉原那時還可以逛嗎?晚餐目前是想在神田吃，但如果有看完比賽的話
           就不會特地跑去神田吃晚餐。
           若沒決定不看或沒買到票的話可能就在外面拍照跟拍相撲，
           拍完照會去女僕咖啡廳坐坐。

Day6(09/11 一)：搭車到京成本線至成田站寄放行李 → 新勝寺
                → 約 13:00出發至機場 → 15:40飛機回台灣


對於吃還好，除了鰻魚飯想特別去吃以外，其他不太會特別去排隊。
如果想看夜景的話，是否有哪一天可以加進去，還是就這樣就好，早點休息。

很多地方想去，但時間有限，原本想排佐原跟羅德比賽同一天，但看了一下路程，
雖然都在千葉縣，但距離好像不是很近，會壓縮到在佐原的時間，
時程太趕也玩得不盡興，只能等下次再來。

不好意思要再麻煩大家協助看行程，謝謝大家。
","[{""cmtStatus"": ""→"", ""cmtPoster"": ""ybite"", ""cmtContent"": "":橫濱我覺得剛好多排很有困難"", ""cmtDate"": ""2023-05-03 02:06:00""}, {""cmtStatus"": ""→"", ""cmtPoster"": ""ybite"", ""cmtContent"": "":主要是看棒球我覺得行程排空一點可能會比較盡興？"", ""cmtDate"": ""2023-05-03 02:11:00""}, {""cmtStatus"": ""→"", ""cmtPoster"": ""ybite"", ""cmtContent"": "":歌舞伎町深夜治安偏差要注意"", ""cmtDate"": ""2023-05-03 02:13:00""}, {""cmtStatus"": ""→"", ""cmtPoster"": ""ybite"", ""cmtContent"": "":秋葉原晚上還算熱鬧只是animate星期天晚上八點打烊"", ""cmtDate"": ""2023-05-03 02:16:00""}, {""cmtStatus"": ""推"", ""cmtPoster"": ""GYd99"", ""cmtContent"": "":相撲是初日，你要先搶的到票，6點多去秋葉原還好，"", ""cmtDate"": ""2023-05-03 02:40:00""}, {""cmtStatus"": ""→"", ""cmtPoster"": ""GYd99"", ""cmtContent"": "":逛的大概到8~9點關門"", ""cmtDate"": ""2023-05-03 02:40:00""}, {""cmtStatus"": ""推"", ""cmtPoster"": ""hitsukiaoi"", ""cmtContent"": "":築地有些店1011點才開可以看一下口袋名單再去"", ""cmtDate"": ""2023-05-03 03:25:00""}, {""cmtStatus"": ""→"", ""cmtPoster"": ""hitsukiaoi"", ""cmtContent"": "":秋葉原建議中午左右吧晚上都走樣了一堆假女僕真"", ""cmtDate"": ""2023-05-03 03:25:00""}, {""cmtStatus"": ""→"", ""cmtPoster"": ""hitsukiaoi"", ""cmtContent"": "":キャバ…"", ""cmtDate"": ""2023-05-03 03:25:00""}, {""cmtStatus"": ""推"", ""cmtPoster"": ""kevinhon"", ""cmtContent"": "":D2澀谷任天堂到21點，乾脆看完球賽再去？附近也能"", ""cmtDate"": ""2023-05-03 06:55:00""}, {""cmtStatus"": ""→"", ""cmtPoster"": ""kevinhon"", ""cmtContent"": "":吃宵夜，直接銀座線回淺草，新宿集中在下午，不然這"", ""cmtDate"": ""2023-05-03 06:55:00""}, {""cmtStatus"": ""→"", ""cmtPoster"": ""kevinhon"", ""cmtContent"": "":樣折返跑"", ""cmtDate"": ""2023-05-03 06:55:00""}, {""cmtStatus"": ""→"", ""cmtPoster"": ""kindboxer"", ""cmtContent"": "":我覺得不錯"", ""cmtDate"": ""2023-05-03 07:17:00""}, {""cmtStatus"": ""→"", ""cmtPoster"": ""kevinhon"", ""cmtContent"": "":D3橫濱就能看夜景了"", ""cmtDate"": ""2023-05-03 07:31:00""}, {""cmtStatus"": ""→"", ""cmtPoster"": ""Abbaschian"", ""cmtContent"": "":D2很拼,東京東西兩側跑,且都是人多要排隊的地方"", ""cmtDate"": ""2023-05-03 08:41:00""}, {""cmtStatus"": ""→"", ""cmtPoster"": ""afu46"", ""cmtContent"": "":雖說渋谷任天堂到21點，但球賽有時候會打到超過時間"", ""cmtDate"": ""2023-05-03 08:55:00""}, {""cmtStatus"": ""→"", ""cmtPoster"": ""afu46"", ""cmtContent"": "":我比較在意你整個逛完街手上大包小包還要去球賽寄物"", ""cmtDate"": ""2023-05-03 08:56:00""}, {""cmtStatus"": ""→"", ""cmtPoster"": ""YdNic1412"", ""cmtContent"": "":任天堂不是到20點而已嗎？"", ""cmtDate"": ""2023-05-03 13:54:00""}]",1.175.177.69,2023-05-03 01:52:01,ptt
18,https://www.ptt.cc/bbs/Japan_Travel/M.1683084682.A.DF1.html,[讓售]成田機場往京成上野的京成電鐵票,2023-05-03 11:31:20,kikichi427,Japan_Travel,"1. 讓售品項：日本京成電鐵單趟（東京成田機場往京成上野站）

2. 物品圖片：期限至2023/10/5

3. 此物品由您買入的價格：526元

4. 欲售價格：兩張950元不拆售含運

5. 交易方式： 現金面交/7-11貨到付款

6. 聯絡方式： 站內信

轉售原因：因為4/1入境的當天在機場等了四個半小時，出機場時已經超過營業時間，無
法搭乘，所以在此讓售，前陣子原本有人要買但是放我鴿子了，所以在此重貼一次
https://i.imgur.com/rRaSwwZ.jpg
https://i.imgur.com/gFt4YlR.jpg",[],27.51.40.15,2023-05-04 01:51:27,ptt
19,https://www.ptt.cc/bbs/Japan_Travel/M.1683097628.A.8F7.html,[問題]東京6天5夜行程請益,2023-05-03 15:07:06,cuty,Japan_Travel,"大家好，預計5月中跟先生帶6歲女兒去東京玩耍
這是我第一次去東京，也是先生第一次去東京自由行

主要住上野御徙町附近飯店，後面會移動到迪士尼認證飯店2晚
日文不通，英文算還OK

出遊日期： 六天五夜 成員兩大一小，小童6歲幼兒園大班

去程 5.19 台北起飛 約15:00抵達成田機場

回程 5.24 16:10 成田機場回程

Day1 5.19：搭Skyliner到上野，飯店check in，飯店附近晃晃吃晚餐

Day2 5.20：木更津三井OUTLET或御殿場Outlet (東京車站搭直達巴士)，回程在東京車站
吃晚餐，買伴手禮，回上野飯店

Day3 5.21：上野動物園，傍晚移動到Shibuya Sky，看完夜景後吃晚餐回飯店休息

第二天跟第三天基本上會看天氣決定，天氣好的那天優先去動物園跟Shibuya Sky

Day4 5.22：雷門淺草寺晴空塔拍照，下午2點吃秋葉原肉屋橫丁，吃完之後移動到迪士尼
，晚餐吃Ikspiari裡面餐廳，順便逛街

Day5 5.23：Disney Land

Day6 5.24：從迪士尼移動到成田機場，機場採購伴手禮，回家

問題一：
我私心很想第一天晚上住淺草，先生喜歡拍照，想住可以看到晴空塔的飯店讓他拍晚上的
晴空塔

如果是這樣，假設第二三天都是好天氣，我們在第二天早上要先移動到上野飯店寄放行李
，是不是第二天去動物園比較順？

又，如果第二天同時塞雷門、淺草寺、晴空塔白天拍照、上野動物園跟shibuya sky，是
否太拼了？
(第四天5.22上野動物園沒有營業，所以淺草寺雷門只能硬塞在第二三天或者第四天要移
動去迪士尼的早上)

但硬要住淺草感覺就是要來回淺草上野移動，雖然距離很短，但還是有點煩跟蠢，是不是
應該果斷放棄第一晚住淺草？

問題二：請問木更津三井跟御殿場大家比較推薦哪個？
三井好像比較適合我們，品牌也比較多
御殿場可以看到富士山，但先生說天氣不好大概就涼涼，現在的富士山好像也不美
(那哪個季節才美？)

我們不是文青也不是潮人，不太懂日本品牌跟潮牌，我們可能比較喜歡看outdoor品牌，
運動品牌跟名牌

吃的部分帶著小童我們就是隨緣了，但希望前輩好心人可以推薦上野澀谷東京車站交通方
便又好吃的餐廳給我這個有點焦慮的東京菜鳥

麻煩大家幫忙指導一下我們的行程，謝謝大家
","[{""cmtStatus"": ""→"", ""cmtPoster"": ""Abbaschian"", ""cmtContent"": "":住看得到晴空塔的飯店也不代表就能拍到好看的照片,"", ""cmtDate"": ""2023-05-03 15:17:00""}, {""cmtStatus"": ""→"", ""cmtPoster"": ""Abbaschian"", ""cmtContent"": "":要拍晴空塔可能要單獨安排一個行程"", ""cmtDate"": ""2023-05-03 15:17:00""}, {""cmtStatus"": ""→"", ""cmtPoster"": ""Abbaschian"", ""cmtContent"": "":雷門、晴空塔、動物園、Shibuyasky全塞同一天幾乎"", ""cmtDate"": ""2023-05-03 15:20:00""}, {""cmtStatus"": ""→"", ""cmtPoster"": ""Abbaschian"", ""cmtContent"": "":是不可能的任務"", ""cmtDate"": ""2023-05-03 15:20:00""}, {""cmtStatus"": ""推"", ""cmtPoster"": ""kevinhon"", ""cmtContent"": "":你擔心是對的，上野淺草換宿真的是挺愚蠢"", ""cmtDate"": ""2023-05-03 15:23:00""}, {""cmtStatus"": ""→"", ""cmtPoster"": ""kevinhon"", ""cmtContent"": "":要嘛全住上野，要嘛全住淺草，為何拍照就一定要入住"", ""cmtDate"": ""2023-05-03 15:24:00""}, {""cmtStatus"": ""→"", ""cmtPoster"": ""kevinhon"", ""cmtContent"": "":？"", ""cmtDate"": ""2023-05-03 15:24:00""}, {""cmtStatus"": ""推"", ""cmtPoster"": ""tio2catalyst"", ""cmtContent"": "":押上淺草上野地鐵10分鐘的事,何必拖行李換宿?"", ""cmtDate"": ""2023-05-03 15:39:00""}, {""cmtStatus"": ""推"", ""cmtPoster"": ""tio2catalyst"", ""cmtContent"": "":而且現在改飯店價格也很高了吧"", ""cmtDate"": ""2023-05-03 15:41:00""}, {""cmtStatus"": ""→"", ""cmtPoster"": ""snow730"", ""cmtContent"": "":換飯店根本徒增自我焦慮帶小童的話百貨內的餐廳都"", ""cmtDate"": ""2023-05-03 15:45:00""}, {""cmtStatus"": ""→"", ""cmtPoster"": ""snow730"", ""cmtContent"": "":算安全牌你選的也都是熱門觀光區別太擔心不是名店"", ""cmtDate"": ""2023-05-03 15:45:00""}, {""cmtStatus"": ""→"", ""cmtPoster"": ""snow730"", ""cmtContent"": "":餐廳而雷的問題"", ""cmtDate"": ""2023-05-03 15:45:00""}, {""cmtStatus"": ""→"", ""cmtPoster"": ""snow730"", ""cmtContent"": "":哪個季節的富士山才美打開YT一拖拉庫的影片夠你參"", ""cmtDate"": ""2023-05-03 15:46:00""}, {""cmtStatus"": ""→"", ""cmtPoster"": ""snow730"", ""cmtContent"": "":考的了"", ""cmtDate"": ""2023-05-03 15:46:00""}, {""cmtStatus"": ""推"", ""cmtPoster"": ""owlonoak"", ""cmtContent"": "":晴空塔拍照的唯一飯店選擇是錦糸町東武黎凡特"", ""cmtDate"": ""2023-05-03 15:46:00""}, {""cmtStatus"": ""推"", ""cmtPoster"": ""Rissu"", ""cmtContent"": "":不然就去住東武Levant的景觀房，拍整晚都行"", ""cmtDate"": ""2023-05-03 15:55:00""}, {""cmtStatus"": ""→"", ""cmtPoster"": ""Rissu"", ""cmtContent"": "":早上起來繼續拍，啊我就是這樣XD"", ""cmtDate"": ""2023-05-03 15:56:00""}, {""cmtStatus"": ""→"", ""cmtPoster"": ""Rissu"", ""cmtContent"": "":富士山我是覺得冬天的比較空氣比較乾燥相對清晰"", ""cmtDate"": ""2023-05-03 15:57:00""}, {""cmtStatus"": ""→"", ""cmtPoster"": ""Rissu"", ""cmtContent"": "":退而求其次，有帶白帽子的都好"", ""cmtDate"": ""2023-05-03 15:58:00""}, {""cmtStatus"": ""→"", ""cmtPoster"": ""Rissu"", ""cmtContent"": "":戴啦乾最重要不管什麼季節要先看的到"", ""cmtDate"": ""2023-05-03 15:59:00""}, {""cmtStatus"": ""→"", ""cmtPoster"": ""Rissu"", ""cmtContent"": "":ShibuyaSky要先買票，當天買沒有機會"", ""cmtDate"": ""2023-05-03 16:00:00""}, {""cmtStatus"": ""推"", ""cmtPoster"": ""hyuchi0202"", ""cmtContent"": "":淺草上野不要換宿"", ""cmtDate"": ""2023-05-03 16:02:00""}, {""cmtStatus"": ""推"", ""cmtPoster"": ""phoenixh"", ""cmtContent"": "":5/18~5/21淺草三社祭，移到第二天的話，到時候的"", ""cmtDate"": ""2023-05-03 18:13:00""}, {""cmtStatus"": ""→"", ""cmtPoster"": ""phoenixh"", ""cmtContent"": "":淺草和你想的不一樣，雷門燈籠也會壓扁扁。"", ""cmtDate"": ""2023-05-03 18:13:00""}, {""cmtStatus"": ""推"", ""cmtPoster"": ""colin130131"", ""cmtContent"": "":淺草上野的住宿可以不用換"", ""cmtDate"": ""2023-05-03 18:17:00""}, {""cmtStatus"": ""推"", ""cmtPoster"": ""s302520"", ""cmtContent"": "":拍晴空塔可以考慮上去朝日大樓skyroom"", ""cmtDate"": ""2023-05-03 22:46:00""}, {""cmtStatus"": ""推"", ""cmtPoster"": ""ha11111543"", ""cmtContent"": "":交通方便又好吃的餐廳……上野車站前的溫蒂漢堡XD"", ""cmtDate"": ""2023-05-04 08:07:00""}, {""cmtStatus"": ""→"", ""cmtPoster"": ""ha11111543"", ""cmtContent"": "":吃台灣沒有的餐飲連鎖店是省去排隊時間＋嚐鮮＋安"", ""cmtDate"": ""2023-05-04 08:09:00""}, {""cmtStatus"": ""→"", ""cmtPoster"": ""ha11111543"", ""cmtContent"": "":全的好選擇"", ""cmtDate"": ""2023-05-04 08:09:00""}, {""cmtStatus"": ""→"", ""cmtPoster"": ""juliamo"", ""cmtContent"": "":帶小童不要太多不便不然搞死大人"", ""cmtDate"": ""2023-05-04 10:27:00""}, {""cmtStatus"": ""推"", ""cmtPoster"": ""aaaaa3423"", ""cmtContent"": "":ShibuyaSky日落前一小時入場票大概20天前就會售完"", ""cmtDate"": ""2023-05-04 10:46:00""}, {""cmtStatus"": ""→"", ""cmtPoster"": ""aaaaa3423"", ""cmtContent"": "":上野住宿可以考慮LifeTree,應該很多晴空塔景房"", ""cmtDate"": ""2023-05-04 10:50:00""}, {""cmtStatus"": ""推"", ""cmtPoster"": ""benson96968"", ""cmtContent"": "":天氣好我的是覺得應該去凹累看富士山"", ""cmtDate"": ""2023-05-04 10:54:00""}, {""cmtStatus"": ""推"", ""cmtPoster"": ""benson96968"", ""cmtContent"": "":御殿場停車場看過去"", ""cmtDate"": ""2023-05-04 10:56:00""}, {""cmtStatus"": ""推"", ""cmtPoster"": ""benson96968"", ""cmtContent"": "":晴空塔會要時間逛如果是拍照其實很快就看性質"", ""cmtDate"": ""2023-05-04 10:58:00""}, {""cmtStatus"": ""→"", ""cmtPoster"": ""benson96968"", ""cmtContent"": "":然後sky先買好票你才會知道去的時間會是什麼時候"", ""cmtDate"": ""2023-05-04 10:58:00""}, {""cmtStatus"": ""推"", ""cmtPoster"": ""benson96968"", ""cmtContent"": "":我的飯店有晴空塔你可以參考"", ""cmtDate"": ""2023-05-04 11:00:00""}]",101.10.13.93,2023-05-04 01:51:29,ptt
20,https://www.ptt.cc/bbs/Japan_Travel/M.1683102438.A.57E.html,[食記]東京東京車站拉麵街斑鳩拉麵,2023-05-03 16:27:15,JimXpp,Japan_Travel,"店    名：斑鳩拉麵
用餐時間：2023年4月
地址：東京都千代田区丸の内1-9-1 東京駅一番街 B1F
交通：「東京駅」八重洲中央剪票口 徒歩1分
營業時間：10:00～22:30
電話: 03-3286-3586
最低消費：1500円

圖文好讀版 ：
https://jimxpplife.com/archives/4171
位於東京車站一番街中的拉麵街是不少拉麵愛好者來訪時必定會前來的區域。其中「斑鳩拉麵」更是不少觀光客指定品嚐的店家之一，在網路上早已有不少推薦的聲浪，人氣相當不錯。每逢營業時段，人潮總是絡繹不絕，非常熱鬧。

若要用餐，須先至店內的食券販賣機買好餐券後再依序排隊，此日約排了30分鐘才進入店內用餐。

由於華人觀光客眾多，東京車站拉麵街的食券機皆有中文翻譯，即使不懂日文也不用擔心無法點餐。

店內空間不大，若人潮多時會稍感擁擠，但也不致於不舒服。

餐桌上擺放著餐具、飲用水與調味料，供用餐者自行拿取。

魚介とんこつ濃厚東京駅らー麺 (魚介豚骨濃厚東京站拉麵) ★★★★☆
「魚介豚骨濃厚東京站拉麵」是「斑鳩拉麵」的招牌主打品項，也是不少第一次來訪的人會選的餐點。

「斑鳩拉麵」的麵條以中等的細麵為主，軟硬度掌握得恰到好處，不會過於軟爛。

湯頭以鰹魚與豬骨熬煮，雖然滋味濃郁，卻不會死鹹，鮮香可口，令人讚賞。

拉麵中的配料相當豐富，筍乾毫無苦澀味；溏心蛋的軟度恰到好處，略帶鹹味；將海苔融入湯頭中享用，讓整體的滋味更有層次。

叉燒肉的肥瘦比例稍微偏肥，但不會有油膩感，滋味偏清爽，口感扎實富有有彈性，是我喜愛的好味道。

チャーマヨご飯 (美乃滋叉燒飯) ★★★☆☆
此次的副餐我選擇了「美乃滋叉燒飯」搭配，將特製的美乃滋與叉燒混合，放在白飯上，相當特別。

叉燒肉的口感細緻扎實，不會有乾硬的感覺。

雖然滋味不差，但整體品嚐起來稍嫌膩口，口感過油，個人不是很喜歡。

雖然副餐的「美乃滋叉燒飯」讓我略感失望，但「斑鳩拉麵」的拉麵卻帶給了我不錯的印象，不僅湯頭好喝，麵條、叉燒、溏心蛋與筍乾等主食與配料也都有一定的水準，也難怪會成為不少人推薦的名店。
-
Sent from JPTT on my iPhone
",[],49.216.29.243,2023-05-04 01:51:29,ptt
21,https://www.ptt.cc/bbs/Japan_Travel/M.1683108467.A.66B.html,[遊記]黃金周東京郊區租公路車,2023-05-03 18:07:45,el500,Japan_Travel,"虎航特價有刷到划算不含行李的票價
羽進成出4/29（六）-5/3（三）紅眼去晚回，如此完美時間居然有放票而且還不少，付款後
才發現原來是黃金周，頭都洗了只好硬出去。
東京內住宿已經爆貴，普通熱門景點的話一定爆炸多人，所以往郊區走，玩相對冷門的地點
其實黃金周還是能安排。

在秋葉原附近cycleTrip單車租借，不同車型價位不同。
https://cycletrip.jp/ja/
預約方式全程用email，可以寫英文預約，不懂丟翻譯就行，挑車填預約單，店家會回有沒
有庫存，然後預約成功就會發信給，再回覆給店家，建議時間日期都確定比較好預約。
如果從台灣扛車過去還要考慮機場到住宿的交通問題，攜車廂體積超級大，不太可能搭人多
鐵路移動。
這家的價格真的不算貴，有騎車的人可以考慮看看。有了車自由度高很多，能看的東西也會
不一樣。

因為是付1周的價錢但只騎5天，為了回本就每天騎，也回程後每天泡個超級錢湯溫泉舒緩或
吃飯。
真心推薦要每天泡個湯，而且費用也不貴，就算特殊日也不用1000日圓就可以讓玩一整天。
住宿以立川為放射線安排
住立川帶小孩的家庭或是玩爬山（高尾山,御嶽山等）都是不錯地點，雨備有lalaport可以
躲，旁邊也有昭和公園，人潮也不像市區擁擠。

day1 秋葉原-Spadium Japon-立川
day2 多摩湖西武棒球場-國立溫泉湯樂之里
day3 奧多摩湖-稻城天然溫泉
day4 高尾-相模湖-津九井湖-龍泉寺之湯
day5 立川-秋葉原-燕湯
奧多摩湖
https://i.imgur.com/TjimAxA.jpg
https://i.imgur.com/shvGHw1.jpg
所有裝備
https://i.imgur.com/2yomivK.jpg
咖啡磨豆機
https://i.imgur.com/qr4bUsk.jpg
相模湖
https://i.imgur.com/i3Gqv7n.jpg
超級澡堂耍廢
https://i.imgur.com/uKdxLLw.jpg
在日本騎單車很舒服，除了市區外，河堤的單車道很推薦
https://i.imgur.com/JMwon9d.jpg
多摩川往高尾還可以看到遠處的白頭富士山。
在日本騎單車有幾個我覺得要注意的
1.馬路路幅小，大車子有時會一直跟在你後面等機會超車，通常會跟很久壓力很大，台灣都
是直接超。
2.菜籃車騎的都比你公路車快。
3.小巷子特多，市區不建議上卡踏，都是到了稍微郊區才會換鞋。
4.紅眼班機建議騎車要注意。
","[{""cmtStatus"": ""推"", ""cmtPoster"": ""furuuchitw"", ""cmtContent"": "":好拼的旅行"", ""cmtDate"": ""2023-05-03 18:54:00""}, {""cmtStatus"": ""推"", ""cmtPoster"": ""ken2nd"", ""cmtContent"": "":厲害"", ""cmtDate"": ""2023-05-04 10:07:00""}, {""cmtStatus"": ""推"", ""cmtPoster"": ""sky84022503"", ""cmtContent"": "":跪拜推"", ""cmtDate"": ""2023-05-05 06:42:00""}]",114.137.138.93,2023-05-04 01:51:29,ptt
22,https://www.ptt.cc/bbs/Japan_Travel/M.1683127884.A.1A2.html,[食記]兵庫伊丹有村架純媽媽開的預約制小酒館,2023-05-03 23:31:21,sakyouz,Japan_Travel,"☁☁☁完整圖文網誌版☁☁☁
https://hiyori.cc/article/p/20232
https://i.imgur.com/3rRBMez.jpg
兵庫縣伊丹車站旁，有村架純母親經營的「日本酒バル 酌」
══════════

# 每日下午5:30營業，2018年開始改成全預約用餐制
有村架純的出身地是兵庫縣伊丹市，中學父母離異後由母親一手帶大，自上京開始演藝事
業前都在老家一帶生活。有村媽媽於2016年開始在伊丹市內經營日本酒バル 酌，最初有
接當日散客，2018年後轉變為完全預約制。店內主要提供日本酒及日式料理，依照季節會
不定期調整菜單。超過150種類、來自日本各地的日本酒，可說是這裡最主要的賣點，關
於詳細的酒品名單/口感/價格可見官網介紹。

在正式介紹之前，首先附上大家最好奇的，本次用餐真實感想：

・網羅日本全國的日本酒種類多元且稱得上美味，能感受到店家的精心挑選。
・客人意外不少，其中又以單人常客居多
・料理品質中等偏上但價格明顯過高，一個人保守估計至少￥5,000～￥8,000以上。
・餐點製作時間偏長，我們17:30當第一組客人入座，快21:00才吃完離店。
・有村媽媽的年紀（約55歲），保養的算是很好，臉型和神情和有村藍里極為相似。
・店名叫「日本酒バル」，比起居酒屋更像是小酒館，有村媽媽會陪著熟客喝酒聊天，個
人覺得像是高級版スナック。

日本酒バル 酌最初開業時門口使用的是透明玻璃，改裝後現已改為牆面設計。不知道是
不是為了要強化隱私性，不推開門很難想像店內的氛圍。



# 日本酒バル 酌店內空間，琳瑯滿目日本酒陳列區
日本酒バル 酌除了有村母親外還有一位料理師傅及兩位打工的店員，猜想她應該每天都
會顧店。店內僅有兩張四人桌席及可容納約六人的吧檯座位。內部禁止吸菸及通話，另外
沒有許可不能拍照（就算有許可也幾乎只能拍攝料理）。靠近入口處的冰箱依照辛口、甘
口等口感放置了為數眾多的日本酒，仔細看會發現有很多沒看過的種類。

平時很少提及，我其實酒量蠻好的（微醺後30分鐘醉意會立刻減弱＆再怎麼醉也能自己回
的了家且不會斷片），日本酒/啤酒/紅酒都是我的最愛。

當天首先點了來自山形的梅酒和加賀鶴紅茶酒，兩者口感皆很香醇，紅茶酒尤其能喝得到
偏濃郁的茶香。



# 自家製一品料理＆日本酒推薦
酒品上桌後，店員接連送上當日的お通し，分別是使用大葉包裹的鮭魚壽司及長時間燉煮
的牛腱＆牛蒡。前者搭配微酸的醋飯口感清爽；後者肉質軟嫩，香氣四溢，是款很適合下
飯的逸品。

常住在日本多年，到現在依然很不習慣小酒館/居酒屋普遍存在的「お通し」及「席料」
文化，好吃就算了，如果不是想吃的料理，總有被強迫消費的感覺…。

沙丁魚醃酸梅，份量偏小，味道稱不上驚豔但這項料理搭配算是不多見。

日本酒飲み比べ，特別挑選了甘口/水果味偏濃/辛口共三種類試飲，包含了及屋守、咲耶
美及八反錦。其中我最喜歡來自東京豐島區自家釀造的屋守，與群馬縣產的咲耶美相比香
氣更為濃郁，好喝到自己都想要上網下訂一整瓶。

鱔魚天婦羅，可佐以檸檬及海鹽提味。肉質鮮甜、口感也完全不會油膩，得到我們一致好
評。吃到一半有村媽突然過來問我是怎麼知道這裡的，由於事發太過突然想不到理由（直
接說是因為妳女兒也太直接），沒想到她竟然主動問我：「もしかして架純ちゃん？」，
只好有點不好意思地點頭回應XD

只要是菜單中有出現的海鮮，都能另製成壽司。金目鯛壽司本身就有加入芥末及醬汁調味
，個人覺得。

用以收尾的明太子義大利麵，麵條口感偏硬，外層有特別裹上橄欖油。明太子的味道恰到
好處，搭配上海苔提味稱得上是美味。



-","[{""cmtStatus"": ""推"", ""cmtPoster"": ""HunsKing"", ""cmtContent"": "":我還是第一次知道有村媽媽在開小酒館"", ""cmtDate"": ""2023-05-04 00:19:00""}, {""cmtStatus"": ""→"", ""cmtPoster"": ""littleme1125"", ""cmtContent"": "":お通し要2000左右?????挖靠"", ""cmtDate"": ""2023-05-04 00:21:00""}, {""cmtStatus"": ""推"", ""cmtPoster"": ""aids893001"", ""cmtContent"": "":有賣雞排嗎...？"", ""cmtDate"": ""2023-05-04 00:44:00""}, {""cmtStatus"": ""推"", ""cmtPoster"": ""Alano"", ""cmtContent"": "":這個就不是給你cp值的當然"", ""cmtDate"": ""2023-05-04 01:12:00""}, {""cmtStatus"": ""推"", ""cmtPoster"": ""amgn997"", ""cmtContent"": "":網誌看了舒服"", ""cmtDate"": ""2023-05-04 08:08:00""}, {""cmtStatus"": ""推"", ""cmtPoster"": ""yeh0216"", ""cmtContent"": "":哇真的好貴的お通し"", ""cmtDate"": ""2023-05-04 08:11:00""}, {""cmtStatus"": ""推"", ""cmtPoster"": ""Kaede5908"", ""cmtContent"": "":有點貴推食記"", ""cmtDate"": ""2023-05-04 11:55:00""}, {""cmtStatus"": ""推"", ""cmtPoster"": ""yuzuki"", ""cmtContent"": "":地方媽媽"", ""cmtDate"": ""2023-05-04 12:37:00""}, {""cmtStatus"": ""推"", ""cmtPoster"": ""imchrisliu"", ""cmtContent"": "":好喜歡有村架純"", ""cmtDate"": ""2023-05-04 12:44:00""}, {""cmtStatus"": ""推"", ""cmtPoster"": ""zoo00215"", ""cmtContent"": "":推一個！11月關西賞楓順道排這個行程好了"", ""cmtDate"": ""2023-05-04 15:20:00""}, {""cmtStatus"": ""推"", ""cmtPoster"": ""s1an"", ""cmtContent"": "":岳母開的"", ""cmtDate"": ""2023-05-04 17:09:00""}, {""cmtStatus"": ""推"", ""cmtPoster"": ""yowhatsupsli"", ""cmtContent"": "":有賣雞排嗎？"", ""cmtDate"": ""2023-05-04 20:47:00""}, {""cmtStatus"": ""推"", ""cmtPoster"": ""winnielin28"", ""cmtContent"": "":推食記，不便宜但感覺氛圍很棒"", ""cmtDate"": ""2023-05-04 21:44:00""}, {""cmtStatus"": ""→"", ""cmtPoster"": ""aletheia"", ""cmtContent"": "":超貴的"", ""cmtDate"": ""2023-05-05 07:03:00""}, {""cmtStatus"": ""→"", ""cmtPoster"": ""whitelady"", ""cmtContent"": "":這是賣粉絲的吧普通人不會想去"", ""cmtDate"": ""2023-05-05 16:48:00""}, {""cmtStatus"": ""推"", ""cmtPoster"": ""df7326068"", ""cmtContent"": "":雞排有夠哭"", ""cmtDate"": ""2023-05-06 18:06:00""}]",114.36.200.214,2023-05-04 01:51:29,ptt
23,https://www.ptt.cc/bbs/Japan_Travel/M.1683185688.A.7C9.html,[食記]東京沒特價也高CP的厚切豬排富士喜,2023-05-04 15:34:47,Sherlock56,Japan_Travel,"店名：富士喜 池尻大橋店(喜為三個七，打不出來，抱歉)
  地址：東京都目黒区東山3-4-9
  電話：03-5773-4801
  營業時間：11:45 – 15:30
  平均消費：2000日幣左右
  適合去的時間：中午

  ===============================================================
午間特價網誌：
https://junespring.pixnet.net/blog/post/364662679
===============================================================
https://pic.pimg.tw/junespring/1683174800-1533437722-g_l.jpg
https://pic.pimg.tw/junespring/1683174758-1405754470-g_l.jpg
https://pic.pimg.tw/junespring/1683174792-3021652799-g_l.jpg
2023年4月，個人覺得在這個品項跟價錢下的綜合評比，僅供參考：
  肉質★★★★★★★★☆☆ 8顆星
  油炸★★★★★★★☆☆☆ 7顆星
  配菜★★★★★★☆☆☆☆ 6顆星
  米飯★★★★★★★☆☆☆ 7顆星

  「午間特價只有池尻大橋店有噢！」

去年十一月之後遇上了幾個雨季，雨勢稍歇的空檔裡，心裡總是會想要吃點油潤酥脆的油
炸食物。近來在日本的旅行途中，我發現炸雞店少了許多，取而代之的則是連鎖豬排店不
斷開張。

其中とんかつ富士喜連鎖豬排店，是我近期最常光顧的豬排店，雖然只有下雨時我才
會吃豬排，但這樣半年下來，也吃了六七次。

池尻大橋店是住在中目黑的日本朋友帶我來吃的，那時中目黑因為櫻花季擠得水洩不通，
連平時朋友都很鄙視的拉麵店都大排長龍，於是我們便躲到了池尻大橋的小巷子裡，去找
那些還沒被遊客擠爆的店。其中富士池尻大橋店就變成我們的避難場所，在這裡靜靜
地慢慢地吃了一頓美好的豬排飯。

櫻花季結束後，朋友傳來富士喜池尻大橋店特價的消息，於是這一陣子的雨季來臨時，
我又來到這裡吃了幾次。

300g極厚豬排飯：1580円。

如果在外面吃豬排飯，一般最常見的份量大多都在120~150g，而稍微多一點的則是在180g
左右，這時候不少店家就會說是大份量了。

富士喜從200g起跳，以往我都是吃250g，這次特價的緣故就直接點300g的極厚豬排。而
富士喜多都是5切，也就是切5塊為主，因此厚度一上桌就讓人喜歡，厚度夠厚肉汁就更
濃郁。另一方面，我很喜歡當厚度變厚時，相對的油炸外皮的比例變低，吃起來更清爽一
些。

它的自家醬汁也讓人很喜歡，由於還有高麗菜絲專用的醬汁，這兩個醬汁就直接淋在豬排
上吃，而豬排又超厚，淋在上面的醬汁就像一個小水窪一樣，搭著豬排一口吃下，襯出最
原始的甘美。

好了，最後再來說說豬排，我很喜歡富士喜的油炸方式，它的外皮似乎有裹蛋，能吸收一
點肉汁與油脂，讓口感不是刮嘴的脆，而是化口的酥。之前提過肉夠厚的話肉汁就多，而
雖然厚，但內裡軟嫩，一咬下去肉汁汩汩流出，收尾時在肥肉的部分擠上檸檬，點上一點
黃芥末，是讓人會摒住呼吸的美味。

那麼，似乎最近又要下雨了，又不禁讓我期待起來。","[{""cmtStatus"": ""推"", ""cmtPoster"": ""danielgogogo"", ""cmtContent"": "":300克1580很便宜！"", ""cmtDate"": ""2023-05-04 16:24:00""}, {""cmtStatus"": ""推"", ""cmtPoster"": ""sulichun"", ""cmtContent"": "":我先推，不久之後這家也會塞滿台客了"", ""cmtDate"": ""2023-05-04 17:05:00""}, {""cmtStatus"": ""推"", ""cmtPoster"": ""linfeng"", ""cmtContent"": "":這家好吃"", ""cmtDate"": ""2023-05-05 00:32:00""}]",133.200.48.192,2023-05-05 01:52:01,ptt
24,https://www.ptt.cc/bbs/Japan_Travel/M.1683210008.A.6AD.html,[問題]東京七天六夜行程請益,2023-05-04 22:20:06,abnerli,Japan_Travel,"大家好，8月即將到東京自由行，成員兩位，日文不通，英文程度可，行程分配：吃吃逛逛買買（2/3）、景點（1/3），不想要太緊湊的安排，餐廳部份有些有找到一些想吃的，但沒有一定要吃到，第一次自由行不太確定每個景點大概待的時間，想問行程有沒有不順路或是可以再增減的地方，再請版友幫忙看看給予建議～謝謝！

ㄧ。出遊日期
時間：8/20（日）～8/26（六）
班機：去程 8:50桃園～13:15成田
           回程 20:40成田～23:20桃園
住宿：VIA INN Nihonbashi Ningyocho 步行人形町站約3分鐘

二。每日行程
Day1  8/20（日）銀座
13:15到成田機場   16:00 check in   晚上到銀附近逛街吃飯

Day2  8/21（ㄧ）迪士尼
8:00出發東京迪士尼陸地

Day3  8/22（二）池袋
寶可夢中心 池袋店、池袋Animate、太陽城J-World Tokyo+池袋附近逛逛吃飯
@午餐：Kitchen ABC（キッチンABC 西池袋店）
@晚餐：無敵家拉麵

Day4  8/23（三）淺草
浴衣體驗（目前考慮江戶和裝工房雅和服）、淺草附近逛逛（雷門/仲見世商店街/淺草寺/上野阿美橫町）
@午餐：敘敘苑 晴空塔店
@晚餐：鰻魚飯 名代宇奈とと

Day5  8/24（四） 澀谷
澀谷寶可夢中心+周邊逛逛  傍晚shibuya sky
@午餐：澀谷利久牛舌
@點心：澀谷HARBS蛋糕
@晚餐：美登利壽司

Day6  8/25（五）河湖口
富士回遊號特急列車 7:30新宿—9:26河湖口
天上山公園+纜車   河口湖遊船天晴   新倉富士淺間神社—富士吉田市這條本町通(本町二丁目商店街)   靜岡御殿場Outlet
回程：16:51河湖口—18:45新宿

Day7  8/26（六）
寶可夢中心 日本橋店（不確定能逛多久，比較早結束的話還沒想到要去哪邊）   18:00離開前往機場
20:40成田機場—23:20桃園機場
@午餐：寶可夢咖啡聽


三。特別希望
1.比較擔心第六天河湖口的行程有可能搭周遊巴士達成嗎，還是建議買kkday的行程，另外因為排在最後幾天，是不是要安排一個天氣不好的備案

2.最後一天若是不想要太緊湊，寶可夢中心結束後建議在日本橋附近走走，還是可以再去一個地方

3.最後想問很喜歡怪醫黑傑克的話有哪裏推薦可以去的嗎，有查到2019年在淺草有手塚作品主題店（ATOM堂本舖），但在goole map上找不到，不確定是否還有在營業

謝謝大家～～～！
-
Sent from JPTT on my iPhone
","[{""cmtStatus"": ""推"", ""cmtPoster"": ""ivymorita"", ""cmtContent"": "":河口湖行程看起來沒甚麼問題"", ""cmtDate"": ""2023-05-04 22:26:00""}, {""cmtStatus"": ""推"", ""cmtPoster"": ""owlonoak"", ""cmtContent"": "":我覺得河口湖還是不要夏天去富士山沒有雪"", ""cmtDate"": ""2023-05-04 22:39:00""}, {""cmtStatus"": ""→"", ""cmtPoster"": ""kevinhon"", ""cmtContent"": "":什麼叫河湖口？"", ""cmtDate"": ""2023-05-04 22:41:00""}, {""cmtStatus"": ""→"", ""cmtPoster"": ""kevinhon"", ""cmtContent"": "":D6當天來回，你在河口湖不太可能有時間去御殿場"", ""cmtDate"": ""2023-05-04 22:42:00""}, {""cmtStatus"": ""→"", ""cmtPoster"": ""kevinhon"", ""cmtContent"": "":D4淺草晴空塔時間就差不多了，中間插阿美橫町不順"", ""cmtDate"": ""2023-05-04 22:43:00""}, {""cmtStatus"": ""→"", ""cmtPoster"": ""kevinhon"", ""cmtContent"": "":，且沒必要"", ""cmtDate"": ""2023-05-04 22:43:00""}, {""cmtStatus"": ""推"", ""cmtPoster"": ""leejones"", ""cmtContent"": "":你河口湖要不要買有含御殿場的一日遊行程？"", ""cmtDate"": ""2023-05-04 22:59:00""}, {""cmtStatus"": ""推"", ""cmtPoster"": ""adychen1982"", ""cmtContent"": "":好奇你到河口湖後的交通是？"", ""cmtDate"": ""2023-05-05 00:41:00""}, {""cmtStatus"": ""推"", ""cmtPoster"": ""suba1121"", ""cmtContent"": "":我也覺得河口湖不要夏天去大機率看不到以及沒有"", ""cmtDate"": ""2023-05-05 00:53:00""}, {""cmtStatus"": ""→"", ""cmtPoster"": ""suba1121"", ""cmtContent"": "":白頭可以改橫濱或是鐮倉"", ""cmtDate"": ""2023-05-05 00:53:00""}, {""cmtStatus"": ""→"", ""cmtPoster"": ""suba1121"", ""cmtContent"": "":最後一天可以加東京車站皇居"", ""cmtDate"": ""2023-05-05 00:55:00""}, {""cmtStatus"": ""推"", ""cmtPoster"": ""ken2nd"", ""cmtContent"": "":夏天河口湖絕對失望"", ""cmtDate"": ""2023-05-05 10:01:00""}, {""cmtStatus"": ""→"", ""cmtPoster"": ""kevinhon"", ""cmtContent"": "":河口湖一日來回，搭富士回遊傷本，大部分時間在坐車"", ""cmtDate"": ""2023-05-05 10:08:00""}, {""cmtStatus"": ""→"", ""cmtPoster"": ""kevinhon"", ""cmtContent"": "":，又很大機會沒富士山看，送錢給日本政府而已"", ""cmtDate"": ""2023-05-05 10:08:00""}, {""cmtStatus"": ""推"", ""cmtPoster"": ""fayechen"", ""cmtContent"": "":最後一天是18:00才要去機場還是18:00到機場啊?"", ""cmtDate"": ""2023-05-05 12:24:00""}, {""cmtStatus"": ""推"", ""cmtPoster"": ""zero226"", ""cmtContent"": "":不好意思，借問一下J-WorldTokyo現在還有嗎?謝謝"", ""cmtDate"": ""2023-05-06 18:20:00""}, {""cmtStatus"": ""推"", ""cmtPoster"": ""dxdxns"", ""cmtContent"": "":日本橋有一些其他縣的物產館，個人覺得滿有趣的XD"", ""cmtDate"": ""2023-05-07 00:13:00""}, {""cmtStatus"": ""→"", ""cmtPoster"": ""dxdxns"", ""cmtContent"": "":可在googlemap搜尋アンテナショップ"", ""cmtDate"": ""2023-05-07 00:15:00""}]",223.137.71.20,2023-05-05 01:52:03,ptt
25,https://www.ptt.cc/bbs/Japan_Travel/M.1683212196.A.E0C.html,[資訊]JTA日本越洋航空公司6月份包機,2023-05-04 22:56:34,mitchellmi,Japan_Travel,"日本越洋航空JTA Japan Transocean Air
トランスオーシャン
官方資訊
https://myppt.cc/qcCxF3
6/22,6/25這兩天包機
沖繩-桃園往返各兩班次

6 月 22 日(木) 那覇 7:45台北 9:15
6 月 22 日(木) 那覇 13:30 台北 15:00
6 月 25 日(日) 台北 8:15 那覇 12:00
6 月 25 日(日) 台北 14:00 那覇 17:45

機型737-800

有沒有機會遇到該航空鯨鯊彩繪機飛來呢？


據說桃園東京航線未來也有某家航空公司要飛
但是還未審核過 就等待後續消息XD


","[{""cmtStatus"": ""推"", ""cmtPoster"": ""zzzz8931"", ""cmtContent"": "":第五航權航班嗎？"", ""cmtDate"": ""2023-05-05 08:42:00""}, {""cmtStatus"": ""推"", ""cmtPoster"": ""cpylislv"", ""cmtContent"": "":可以請問有興趣桃園東京的HUB是哪啊"", ""cmtDate"": ""2023-05-05 08:43:00""}, {""cmtStatus"": ""推"", ""cmtPoster"": ""flosser"", ""cmtContent"": "":希望大阪能多幾家"", ""cmtDate"": ""2023-05-05 08:49:00""}, {""cmtStatus"": ""推"", ""cmtPoster"": ""li2012424"", ""cmtContent"": "":簡單來說要開東京的是泰國籍的，更正確來說九月十"", ""cmtDate"": ""2023-05-05 09:07:00""}, {""cmtStatus"": ""→"", ""cmtPoster"": ""li2012424"", ""cmtContent"": "":六會開始飛一週五班，時間午去晚回"", ""cmtDate"": ""2023-05-05 09:07:00""}, {""cmtStatus"": ""推"", ""cmtPoster"": ""ting445"", ""cmtContent"": "":ANA已經跟桃園說再見啦~日航也快心灰意冷了"", ""cmtDate"": ""2023-05-05 11:26:00""}, {""cmtStatus"": ""→"", ""cmtPoster"": ""odkmse"", ""cmtContent"": "":就是泰夏日吧,很迷的公司,一開始說要飛新潟讓新潟縣"", ""cmtDate"": ""2023-05-05 11:39:00""}, {""cmtStatus"": ""→"", ""cmtPoster"": ""odkmse"", ""cmtContent"": "":廳高興了一下,這家大概會跟菲律賓皇家一樣雷"", ""cmtDate"": ""2023-05-05 11:40:00""}, {""cmtStatus"": ""→"", ""cmtPoster"": ""li2012424"", ""cmtContent"": "":只能說不是泰夏日就是了"", ""cmtDate"": ""2023-05-05 12:49:00""}, {""cmtStatus"": ""推"", ""cmtPoster"": ""rocky9137"", ""cmtContent"": "":ANAJAL是在桃園生意很差嗎@@"", ""cmtDate"": ""2023-05-05 13:15:00""}, {""cmtStatus"": ""推"", ""cmtPoster"": ""kei1823"", ""cmtContent"": "":機場問題吧"", ""cmtDate"": ""2023-05-05 13:59:00""}, {""cmtStatus"": ""推"", ""cmtPoster"": ""e3118"", ""cmtContent"": "":ANA桃園搭乘人數真的那麼少喔@@"", ""cmtDate"": ""2023-05-05 14:47:00""}, {""cmtStatus"": ""推"", ""cmtPoster"": ""rocky9137"", ""cmtContent"": "":台灣日本來往算是頻繁結果JAL只有飛桃園1班松山2班"", ""cmtDate"": ""2023-05-05 15:14:00""}, {""cmtStatus"": ""→"", ""cmtPoster"": ""rocky9137"", ""cmtContent"": "":ANA桃園掛蛋松山2班真的好少........"", ""cmtDate"": ""2023-05-05 15:15:00""}, {""cmtStatus"": ""推"", ""cmtPoster"": ""HisterShen"", ""cmtContent"": "":希望JTA可以變成常態班，沖繩線應該需求蠻大的吧"", ""cmtDate"": ""2023-05-05 17:26:00""}, {""cmtStatus"": ""→"", ""cmtPoster"": ""yhls"", ""cmtContent"": "":巴澤八月中要飛沖繩"", ""cmtDate"": ""2023-05-05 17:44:00""}, {""cmtStatus"": ""推"", ""cmtPoster"": ""preprice"", ""cmtContent"": "":大榮有看到行程，不知道是不是獨包"", ""cmtDate"": ""2023-05-05 18:00:00""}, {""cmtStatus"": ""推"", ""cmtPoster"": ""argenttw"", ""cmtContent"": "":對兩家日本業者來說松羽線才有賺頭吧"", ""cmtDate"": ""2023-05-05 23:01:00""}, {""cmtStatus"": ""→"", ""cmtPoster"": ""odkmse"", ""cmtContent"": "":日籍一直在弱化成田,看看韓國線,日航連仁川都收了"", ""cmtDate"": ""2023-05-05 23:32:00""}, {""cmtStatus"": ""→"", ""cmtPoster"": ""odkmse"", ""cmtContent"": "":日籍對韓國線就跟臺灣線一樣,收到只剩羽田出發"", ""cmtDate"": ""2023-05-05 23:34:00""}, {""cmtStatus"": ""推"", ""cmtPoster"": ""rocky9137"", ""cmtContent"": "":跟台韓一堆LCC飛日本也有關係嗎？"", ""cmtDate"": ""2023-05-06 00:37:00""}]",114.137.29.33,2023-05-05 01:52:03,ptt
26,https://www.ptt.cc/bbs/Japan_Travel/M.1683216256.A.CC6.html,[遊記]17日冬季獨旅(雪京都篇),2023-05-05 00:04:14,Medjed,Japan_Travel,"造訪日期：2023年01月

今年一月搭配過年的10天連假，加碼和公司請特休，安排總計17天的冬季日本獨旅，
雖然先去了北海道和環球影城，但從一月底回台至今，
手機桌面仍然預設顯示京都的天氣，它可能跟我一樣把心留在大雪紛飛的古都了。


1月21日的京都雖然很冷，但天氣很好，為幾天後的一個恍惚留下伏筆。
https://i.imgur.com/OaOIGH9.jpg
疫情前帶爸媽來拉麵小路，他們如今仍心心念念的東大拉麵，
其實我已經忘記當時的味道，只記得當時騙他們環球影城的飛天翼龍一點都不可怕，
搭完後碎念了我很久。


為了吃這碗麵，一共花了我...整個青春。
https://i.imgur.com/TKZUVb9.jpg
我還在適應從魔法世界到千年古都的過渡期。先去出町柳鴨川跳烏龜轉換一下心情。
不知道人群中有沒有福士桑，還有他愛而不得的小松小姐。
https://i.imgur.com/7qq0l7Q.jpg
即使喝下了口嚼酒，瀧與三葉也只能在逢魔之時相見，
這時間短暫到他們連自己的名字都寫不完。
傍晚的伏見稻荷大社讓我做起了百鬼夜行的夢，
會不會在下個轉角的鳥居，遇到安倍晴明與他的式神。
https://i.imgur.com/p6Bvvov.jpg
夜晚人不多，爬伏見稻荷大社其實挺舒服，這天正好是台灣的除夕，
我一邊爬山一邊視訊看家人吃播年夜飯，
感覺今年特別豐盛，一定是為了報當年飛天翼龍的仇。


半路上有隻貓一直黏在我身邊，你一定是傳說中的式神吧？
既然是安倍晴明的選擇，叫人怎能不心動?
https://i.imgur.com/QxVM9k4.jpg
晚上10點回到了四条河原町，點了碗魚介沾麵當宵夜，
特盛的麵量大概是三到四碗正常麵的量，建議點餐時謹慎評估身心理狀態。
https://i.imgur.com/Z8AZaYl.jpg
回到飯店，這次住的是京都四條河原町Forza飯店，
以獨旅來說，不論是在空間、整潔、舒適及交通方面我都很滿意，公共空間也很漂亮。
https://i.imgur.com/duT7aKR.jpg
1月22日是大年初一，既然是兔年我決定去有兔子神社之稱的岡崎神社初詣。
參拜的人龍排到馬路，雖然很想上廁所，但還是選擇了先排隊參拜，
這選擇差點讓我賠了性命。
https://i.imgur.com/tqkDVfA.jpg
排隊大概半個多小時，但沿路有許多可愛的兔子所以問題不大。
https://i.imgur.com/RQEqLyb.jpg
參拜完感覺更加尿急了，對不起了膀胱，兔子實在太可愛了，
避免等等進來又要重新排隊，我還是選擇先參觀。
神社不大卻意外好逛，到處都有驚喜。


買完御守我發現有關尿急的事情已經沒那麼簡單了，好在神社對面有間超市二樓有廁所。
上樓梯才發現，廁所的排隊人龍不輸參拜人潮，且只有一間無障礙廁所供所有人共用。
排隊過程我把九九乘法表和出師表背了個遍，卻始終看不到廁所的門，
我想起大人中的大人七海先生曾經說過，生活中小小的絕望累積起來就會讓人長大。
我也做好了心理建設，要嘛換個褲子生活，要嘛換個地方生活。


岡崎神社的神明大人一定是個心軟的神，賜給我強大的意志力撐到了終點線。


買了兩個便當到八坂神社後面的円山公園野餐，
不論今天早上發生了什麼事，至少現在吃到好吃的飯。
https://i.imgur.com/5oKWnu1.jpg
順著二三年坂散步去清水寺，我不撞南牆深愛的地主神社整修中。

下雪前的清水寺。
https://i.imgur.com/oJlEeLz.jpg
四条的鴨川總讓我想起迷宮的十字路口，
在所有和京都有關的故事裡，服部與和葉的故事最讓我著迷。
https://i.imgur.com/stPnbBA.jpg
再次回到四条，發現坂本龍馬被暗殺的近江屋變成了迴轉壽司店，
已經很難在店裡找到150年前幕末故事的蛛絲馬跡，
那些片段的事蹟跟著壽司轉盤在我腦海中轉啊轉。
https://i.imgur.com/o6mssth.jpg
印象中坂本龍馬和中岡慎太郎是在二樓遇害，爬上樓才發現這裡終究還是留下了什麼。
https://i.imgur.com/llzje93.jpg
夜晚搭公車去一条晴明神社閒晃，雖然已經關門，
但不妨礙我在一条戾橋上思考人生意義，
傅斯年校長說過一天只有21小時，另外3小時要用來思考，
我常常反省自己，道德綁架自己，用皮鞭、用蠟燭...沒有啦。
https://i.imgur.com/6kYo6gz.jpg
https://i.imgur.com/hyAsdgN.jpg
離開時已經錯過末班巴士，直接散步回四条的飯店，順便路過24小時營業的御金神社。
https://i.imgur.com/KPVAyK6.jpg
從一条走回四条，我儘可能地挑小巷走，想看看這城市許多與我無關的故事，
我喜歡京都的慢，慢到我以為還有一生可以浪費。


因為不小心買太多東西，大年初二的早上到郵局寄行李回台灣，
這樣回程就不用拖著大包小包。我在北海道寄了一次，京都寄了兩次，費用也不貴。
https://i.imgur.com/jRou7L2.jpg
接著前往嵐山，本想去排廣川鰻魚飯，但沒事先做功課，現在改成只能網路預約。
只好隨便找了間店進去吃，點了意外美味的鴨肉うどん。
每個人感情是有限的，用一個少一個，我為了這碗麵用掉了一次感情。
https://i.imgur.com/BxYKCGe.jpg
野宮神社是個讓人怦然心動的小神社。
https://i.imgur.com/O4XreMu.jpg
在這裡看到papaiya小姐的心願，當你真心渴望某件事時，全宇宙都會聯合起來幫助你，
我代表全宇宙來幫她推廣心願。
https://i.imgur.com/C3zHnYL.jpg
抽到了大吉。其實我去每個神社都會抽籤，但只有在這裡抽到大吉，可見只有這裡最準。
https://i.imgur.com/sf9dRm6.jpg
白天的竹林之道人潮眾多，我打算晚上再過來，先悠哉地走一圈嵐山。
https://i.imgur.com/ZDMwIcK.jpg
夜色降臨時，竹林之道會變得非常暗，這是用手機開閃光燈拍照的效果。
https://i.imgur.com/LoT1F18.jpg
竹林之道連接著一群墓地，晚上沒有任何人，風吹得竹葉沙沙作響。
有的人認為晚上的伏見稻荷陰森，有的人認為入夜的竹林之道可怕，
而有的人不小心把明治牛乳500mL打翻在小徑上狼狽地努力擦拭。


剛擦完，有位外國女孩突然出現在我眼前，問我前面是否有燈?

我回答沒有。她說白天來的時候太多人，想說晚上再來看，但太暗讓她卻步了。
我問她是否要結伴同行?於是我們拿著手機的手電筒功能來了場冒險，
竹林之道沒讓我看到平安時代陰陽師留下的暗號，卻有了我和一位加拿大女孩的回憶。




入夜的嵐山車站，聽說將手浸在湧出的愛宕之水中就會獲得幸福。
我想起人間失格裡有這樣一句話：「膽小鬼連幸福都會懼怕。」
我不知道需要多努力才配得上幸福，今後我也會認真工作，換取詩與遠方的門票。
https://i.imgur.com/wdF3aps.jpg
https://i.imgur.com/UyYCuPF.jpg
京都車站與我都挺過分的，它過分地浪漫，而我過分地著迷。
https://i.imgur.com/xpvFJFb.jpg
https://i.imgur.com/2M3wuqi.jpg
隔天早上醒來決定前往奈良，休息是為了走更長遠的路，所以租了電動腳踏車。
https://i.imgur.com/2EBrg5Q.jpg
聽說奈良的鹿、京都的狐狸與大阪的老鼠，在卑彌呼死後的1800多年來，
藉由「目」的力量來封印大鯰魚的暴動，
我有資格和小川先生一樣被選為信差鹿男嗎?
https://i.imgur.com/zStc4Ej.jpg
買了鹿餅乾就被各種小鹿亂撞，這是鹿男評選測試嗎?下輩子不來了。

但這輩子一定常來。


逢魔之時的飛火野和我想像的一樣蕭瑟，
從今天起，這裡不只有玉木宏的回憶，也有了我的。
https://i.imgur.com/ys0PhSJ.jpg
宮崎駿先生說過，死了就見不到日落了。
雖然你最終沒有找我當信差，但謝謝你陪我看了今天的日落，終究還是因為愛。
https://i.imgur.com/JWoO6KJ.jpg
穿太少手都凍僵了，為了能夠看未來每天的日落，我不能凍死在今天。
到奈良商店街買了毛帽與手套，順便找了間店吃晚餐取暖。
介於好吃與不好吃之間，四捨五入的話，我覺得算難吃。
https://i.imgur.com/bYF68YV.jpg
雖然入夜更冷了，還是決定騎腳踏車去浮見堂看看，那是一座在池中央的六角型涼亭。

剛到浮見堂，天空開始下起了紛飛大雪，以很快的速度染白了大地。
小時候我總喜歡把水晶球搖啊搖，然後看小小世界裡下一分鐘的雪。
現在我置身的城市成了水晶球裡的地方。
https://i.imgur.com/YLIZInk.jpg
夜晚的浮見堂除了我以外沒有任何人，用手機播放レミオロメン的粉雪跟著輕聲唱，
我和奈良有了一首歌的故事。


由於在奈良的晚餐不如預期，我決定重吃一次，回到京都車站吃中村藤吉。


不知道陸羽喝了這杯茶會跟我一樣感動嗎?
不論是麵還是甜點，味蕾絕不會被中村藤吉虧欠，
金牛座會很專情地喜歡這間店，
雙子座會深愛這間店，但也深愛別間店。
https://i.imgur.com/xSoKcmP.jpg
吃飽看見京都車站內下起了大雪，我一邊覺得不可思議，一邊又覺得合理，
它既然存在就一定有它的道理。
https://i.imgur.com/FwrusUk.jpg
幾天前在北海道時，我漫步穿越大雪中伏見稻荷神社的一排鳥居，
那種不真實的虛幻感至今常出現在我夢中，
為了緩解這種戒斷症狀，我立刻買了張前往伏見稻荷大社的JR車票。

上車後許久未發車，車長才告知大家新幹線停駛，十年一遇的寒流讓京都交通陷入癱瘓。

我與京都塔隔了一場茫茫大雪。
https://i.imgur.com/kVNBwsX.jpg
後來選擇搭京阪電車前往伏見稻荷。
https://i.imgur.com/rCOEyFe.jpg
我似乎能想像著急去見明里的貴樹被困在火車上的心情，
https://i.imgur.com/2HHRNdf.jpg
避免下雪登山危險，鳥居入口放置禁止進入的告示牌，
沒能重現在北海道的感動，七海先生，我又長大了一點吧。

拿出剛在車站買的碗和湯匙裝一碗現下雪花冰吃，
甜甜的，那一定不是初戀的味道。
https://i.imgur.com/DerzIOC.jpg
我怕沒下雪，事先自備了一年份的頭皮屑。
https://i.imgur.com/Ul07rLp.jpg
回到四条河原町已經快12點了，雪越來越大，
我沒有猶豫，朝飯店反方向的八坂神社走去
。

雪八坂與外套口袋掏到的御飯糰。
https://i.imgur.com/tc8fQuN.jpg
凌晨的八坂神社除了我以外，還有一位貌似內功深厚的長者在清除積雪，
在大雪時掃積雪一定是在練某種上乘武功吧。
https://i.imgur.com/TFIoYyq.jpg
想必是白色把天賦給了風雪，京都凌晨的每個角落都美過川端康成筆下的雪國，
只要雪不停，這場夢就不會醒。
https://i.imgur.com/h6xJQzj.jpg
https://i.imgur.com/7DKt4l8.jpg
https://i.imgur.com/aRmwUiG.jpg
https://i.imgur.com/0PMwK0n.jpg
在京都街頭晃到凌晨兩三點才回飯店，隔天醒來時已經是中午了，
窗外仍然漫天飛雪，決定去奔現傳說中的雪金閣，
到底是不是過譽的美麗傳說，我試圖離那個祕密更近一點。

雪金閣的美並不是層次堆疊，而是一眼瞬間的暴力美學，
遊客的驚呼聲此起彼落，我理解為什麼大家總說一輩子一定要看一次。
https://i.imgur.com/YraSzST.jpg
白雪公...白雪宮殿與七個小矮人。
https://i.imgur.com/eFGrr3L.jpg
前往貴船的叡山電鐵車窗外風景，定格每一瞬間都像一幅畫。
https://i.imgur.com/ihbXbr9.jpg
同樣因為下雪的緣故，從鞍馬到貴船的山路封閉，否則就算用爬得我都會爬完這段。


雪貴船的浪漫程度不輸下雪的小樽。
差別在於，小樽的浪漫是即便流川楓也會主動去牽赤木晴子的手；
貴船的浪漫則是連三島由紀夫也會說今晚的夜色真美，或是身而為人我很抱歉。
https://i.imgur.com/aRk6V9C.jpg
https://i.imgur.com/OK8O2GB.jpg
參拜完貴船神社後，聽到一群年輕人在討論是否要繼續往上走。
我詢問其中一位男孩再上去有什麼嗎? 他說是一個不去會後悔的地方。


看一下時間已經下午4：30，註定要錯過下山的5：16末班車了，
冰雪融化時不會問你意見，冬天要看的風景不要留給春天。

奧宮是個寧靜且簡約的神社，也許是傍晚的濾鏡，我感覺這裡能找到過去失去的東西。
我用5元台幣和剛剛那群年輕人換了5元日幣，前所未有的虔誠祈願。
畢竟在所有失去的人事物裡，我最想念自己。
https://i.imgur.com/5nEZaio.jpg
他們是一群來自京都精華大學的研究生，
學校也是『明天，我要和昨天的妳約會』電影的取景地。
他們邀請我一起打雪仗。本想說意思意思丟個幾球敷衍一下，
才知道是我低估了戰爭的殘酷...做任何事情都認真的他們一定會獲得幸福的。
https://i.imgur.com/yIK7BV6.jpg
離開奧院時天色已暗，爬上被雪掩埋的階梯可以看到著名的夫妻樹相生の杉，
不知道是否有晴明桔梗紋藏在山林某處，見證人鬼相異仍不負卿的愛情故事，
比如雪女與神眉。
https://i.imgur.com/GCMgt3F.jpg
我以為夜晚的紅獻燈會是深沉且壓抑的美，實則是溫暖療癒的屬性。
https://i.imgur.com/Lkme4O8.jpg
研究生們又邀請我一起走下山吃烤肉，我真幸運，旅行儘是遇見好人。
雪已停，清亮的月越過結冰的樹梢，我好像更了解了夏目漱石一點。
結冰的山路雖然濕滑難走，但能和他們作伴，
又何須在意前路山水幾程，風雪再幾程。
https://i.imgur.com/P895Y8G.jpg
他們帶我到常來的吃到飽烤肉。美味與否不是重點，
而是跟誰一起吃，我突然想起了台灣的朋友們。
https://i.imgur.com/f2p4KEp.jpg
回到四条才晚上9點多，今晚決定去夜遊二三年坂。
有些人忠孝東路走九遍，有些人手拿香檳卻不躲在車底，
而有些人在小樽得意忘形奔跑跌得狼狽，樂極生悲。
所以結冰地面的上坡路還是慢慢走比較好。
https://i.imgur.com/pq5kCgo.jpg
白天時安井金比羅宮排隊緣切緣結石碑的人潮眾多，
常常要排一個小時以上，分享一個冷知識，半夜12點來鑽不用排隊。
https://i.imgur.com/qpFcpWg.jpg
京都的最後一天又下起了雪，我起了個大早去看雪清水。

人活著其實就是為了幾個瞬間，
毛利蘭與工藤新一在清水舞台一吻定情的故事，倒也成了信念。
我也從跟著叫小蘭姐姐的年紀，再過幾年就要稱毛利叔叔為毛利老弟了。
https://i.imgur.com/q7ATdtJ.jpg
收拾些行李到郵局寄回台灣，接著閒晃到錦市場，
吃完三木雞卵的玉子燒和錦魚力的鰻魚串仍意猶未盡，
就去排了大排長龍的富美家烏龍麵。
入口的一瞬間，我就知道我們的故事還很長。
https://i.imgur.com/0UaTe3S.jpg
旅行的結尾又回到最初，在出町柳鴨川跳烏龜已經變成我的專屬儀式。
遠遠看一對可愛的情侶在跳烏龜拍照，十分甜蜜。
鴨川不會氾濫嗎?這都能忍。
https://i.imgur.com/fWMhgj5.jpg
畫下了17日獨旅的句點，生活又回到了以往的平淡，
有些人彈奏蕭邦的夜曲紀念死去的愛情，
有些人寫完這首歌就會放下你了，
而有些人不曾再點開手機相簿回憶那段旅行的日子。


直到有天下班開車回家的路上，歌曲輪播到レミオロメン的粉雪，
濕潤的眼眶提醒著我，人無法判斷一個瞬間的價值，直到它成為回憶。


在夢裡有隻貓和我並肩走過大雪紛飛的一排鳥居，他對我說：
「抱我。」
『怎麼了?』
「快抱我！」
『到底怎麼了?』

「夢要醒了。」


我已經承受不了醒來時的落空，
於是四月清明連假我又去了東京迪士尼與京都賞櫻12日，
那又是另一個很長很長故事了。

","[{""cmtStatus"": ""推"", ""cmtPoster"": ""ivymorita"", ""cmtContent"": "":文筆很好照片很美"", ""cmtDate"": ""2023-05-05 00:19:00""}, {""cmtStatus"": ""推"", ""cmtPoster"": ""jammy4102921"", ""cmtContent"": "":推文筆."", ""cmtDate"": ""2023-05-05 00:37:00""}, {""cmtStatus"": ""→"", ""cmtPoster"": ""jammy4102921"", ""cmtContent"": "":好美好美好的照片"", ""cmtDate"": ""2023-05-05 00:37:00""}, {""cmtStatus"": ""推"", ""cmtPoster"": ""imwhats"", ""cmtContent"": "":照片好美～"", ""cmtDate"": ""2023-05-05 00:50:00""}, {""cmtStatus"": ""推"", ""cmtPoster"": ""ricatii"", ""cmtContent"": "":文筆優雅，感謝大大分享"", ""cmtDate"": ""2023-05-05 01:05:00""}, {""cmtStatus"": ""推"", ""cmtPoster"": ""wei0506"", ""cmtContent"": "":推文筆，而且有的內容好有趣"", ""cmtDate"": ""2023-05-05 01:07:00""}, {""cmtStatus"": ""→"", ""cmtPoster"": ""wei0506"", ""cmtContent"": "":雪京都真是可遇不可求，照片好美～2月去有遇到小雪"", ""cmtDate"": ""2023-05-05 01:07:00""}, {""cmtStatus"": ""→"", ""cmtPoster"": ""wei0506"", ""cmtContent"": "":但白天就融了"", ""cmtDate"": ""2023-05-05 01:07:00""}, {""cmtStatus"": ""推"", ""cmtPoster"": ""mapotofu09"", ""cmtContent"": "":你才是過份浪漫的傢伙吧！"", ""cmtDate"": ""2023-05-05 01:20:00""}, {""cmtStatus"": ""推"", ""cmtPoster"": ""tzuu"", ""cmtContent"": "":詩情畫意深夜+雪景想不感性都很難"", ""cmtDate"": ""2023-05-05 07:52:00""}, {""cmtStatus"": ""推"", ""cmtPoster"": ""iamzzzzz"", ""cmtContent"": "":文筆非常好又有趣難得登入來推XD"", ""cmtDate"": ""2023-05-05 09:24:00""}, {""cmtStatus"": ""推"", ""cmtPoster"": ""mapleXD"", ""cmtContent"": "":文筆優美!照片好美"", ""cmtDate"": ""2023-05-05 09:43:00""}, {""cmtStatus"": ""推"", ""cmtPoster"": ""diamondsky"", ""cmtContent"": "":遊記敘述的好詩意又好有趣XD謝謝分享您的故事提"", ""cmtDate"": ""2023-05-05 10:59:00""}, {""cmtStatus"": ""→"", ""cmtPoster"": ""diamondsky"", ""cmtContent"": "":醒我下次要排隊之前一定會先去上廁所（握拳）"", ""cmtDate"": ""2023-05-05 10:59:00""}, {""cmtStatus"": ""推"", ""cmtPoster"": ""tsuneo"", ""cmtContent"": "":好文采..不然冬天的京都總讓我卻步"", ""cmtDate"": ""2023-05-05 12:16:00""}, {""cmtStatus"": ""推"", ""cmtPoster"": ""griffick"", ""cmtContent"": "":文筆優雅照片也美"", ""cmtDate"": ""2023-05-05 12:28:00""}, {""cmtStatus"": ""推"", ""cmtPoster"": ""blueslovetw"", ""cmtContent"": "":下雪的京都超美"", ""cmtDate"": ""2023-05-05 15:11:00""}, {""cmtStatus"": ""推"", ""cmtPoster"": ""chuangcw15"", ""cmtContent"": "":謝謝分享"", ""cmtDate"": ""2023-05-05 15:26:00""}, {""cmtStatus"": ""推"", ""cmtPoster"": ""sixteen"", ""cmtContent"": "":好好看的遊記，期待你的ㄒㄧ一篇"", ""cmtDate"": ""2023-05-05 15:55:00""}, {""cmtStatus"": ""→"", ""cmtPoster"": ""sixteen"", ""cmtContent"": "":*下一篇（手機推文不小心注音文了囧"", ""cmtDate"": ""2023-05-05 15:56:00""}, {""cmtStatus"": ""推"", ""cmtPoster"": ""zj40329"", ""cmtContent"": "":有趣的文筆"", ""cmtDate"": ""2023-05-05 16:28:00""}, {""cmtStatus"": ""推"", ""cmtPoster"": ""reines"", ""cmtContent"": "":被文字美到了"", ""cmtDate"": ""2023-05-05 16:56:00""}, {""cmtStatus"": ""推"", ""cmtPoster"": ""swiverose"", ""cmtContent"": "":文筆好有趣推雪京都"", ""cmtDate"": ""2023-05-05 18:28:00""}, {""cmtStatus"": ""推"", ""cmtPoster"": ""hymo"", ""cmtContent"": "":照片和文字都好棒"", ""cmtDate"": ""2023-05-05 21:28:00""}, {""cmtStatus"": ""→"", ""cmtPoster"": ""hymo"", ""cmtContent"": "":看完又想去京都了"", ""cmtDate"": ""2023-05-05 21:29:00""}, {""cmtStatus"": ""推"", ""cmtPoster"": ""justgogogo"", ""cmtContent"": "":看照片原po熱量攝取不低啊身形卻不胖"", ""cmtDate"": ""2023-05-06 12:11:00""}, {""cmtStatus"": ""推"", ""cmtPoster"": ""Trystill"", ""cmtContent"": "":好棒的旅程我也想在睡夢中也能旅行"", ""cmtDate"": ""2023-05-06 12:39:00""}]",61.231.170.63,2023-05-05 01:52:03,ptt
27,https://www.ptt.cc/bbs/Japan_Travel/M.1683216708.A.7E4.html,[湊票］橫濱到成田機場NEX車票2張,2023-05-05 00:11:46,vanix,Japan_Travel,"徵人類別: NEX來回票湊票

  原po性別: 男

  徵    求: 2023.07.21之前會搭NEX 橫濱/東京市區-成田機場 2張

  內    容:

  因為我只需要成田至橫濱的車票，因此徵求需要回程票的朋友，1張2000日圓

  面交時間地點

  7/7  搭乘BR198，這天購買NEX車票至橫濱，我預計住關口站附近
  7/8  整天都在橫濱市區
  7/9  晚上在橫濱市區
  7/10 整天都在橫濱市區
  7/11 中午前在羽田機場

  意者請站內信，感謝。
","[{""cmtStatus"": ""→"", ""cmtPoster"": ""s91ad017"", ""cmtContent"": "":你的分類不見囉"", ""cmtDate"": ""2023-05-05 04:30:00""}]",114.32.110.26,2023-05-05 01:52:03,ptt
28,https://www.ptt.cc/bbs/Japan_Travel/M.1683217157.A.F78.html,[食記]東京吉祥寺つけ麺えん寺,2023-05-05 00:19:14,JimXpp,Japan_Travel,"店    名：つけ麺 えん寺
用餐時間：2023年4月
地址：東京都武蔵野市吉祥寺南町1-1-1 南陽ビル 1F
交通：「吉祥寺駅」公園口 徒歩1分
營業時間：11:00～16:00、17:30～22:00(週一～週五)｜11:00～22:00(週六、週日、假日)
電話: 0422-44-5303
最低消費：1150円

圖文好讀版 ：
https://jimxpplife.com/archives/4177
位於吉祥寺站旁的「つけ麺 えん寺」是當地相當有名氣的沾麵店家。每逢營業時段，排隊人龍總是絡繹不絕，非常熱鬧。

從吉祥寺站「公園口」出站後，徒步約一分鐘即可抵達「つけ麺 えん寺」，便利的交通位置更讓這裡曝光度大增。

若要用餐，須先至店內的食券販賣機買好餐券後再依序排隊。

「つけ麺 えん寺」的沾麵以「ベジポタ」為主要基底。所謂的「ベジポタ」在中文沒有精準的翻譯，但大略可稱為「蔬菜濃湯」，是將馬鈴薯、洋蔥、蘿蔔等蔬菜與豚骨、魚介類高湯混合的一種湯頭作法。傳聞「ベジポタ」的發源店家正是「つけ麺 えん寺」。

在食券機上可以選擇是否要加溏心蛋(味玉入り)、加肉(肉入り)或是兩者都加(味玉·肉入り)，另外也可以決定是否需要加辣(辛つけ麺)。

決定好沾麵的版本後，下方有麵條的種類可以選擇，若此時尚未決定麵條種類，可以在入店前，工作人員收券時再行告知。

「つけ麺 えん寺」的招牌代表麵條為「極太胚芽麵」，特色為小麥氣味強，嚼勁與彈性皆為上選。

進入店後，將食券交付給工作人員，將會安排入座。

餐桌上放有餐具、調味料與高湯，供用餐者自取。

ベジポタ味玉·肉入りつけ麺 (蔬菜濃湯沾麵 附溫泉蛋・肉) ★★★★☆ JPY.1150円 | 資料時間：2023/04/02
此次用餐我選擇了溏心蛋、肉都加，麵條則是店家推薦的「極太胚芽麵」。

麵條上放了一片海苔做搭配，口感彈牙帶有嚼勁，濃郁的小麥香氣在口中散發，口味令人讚賞。

「つけ麺 えん寺」的沾醬帶有濃厚的魚介香氣，鮮香可口。伴隨著蔬菜的清甜風味，口味相當有層次。

叉燒肉比例偏瘦，品嚐起來卻依然軟嫩，不會過於乾柴。醬汁內也含有為數不少的肉塊，非常好吃。

溏心蛋新鮮無腥氣，與醬汁的鹹香一同搭配，鮮美可口，令人意猶未盡。

將麵條與湯底混合後食用，風味極佳，小麥的醇香與湯頭一同混合，非常好吃。

享用完麵條後，將高湯加入醬汁中做收尾，是日本沾麵的標準吃法。溫潤順口的感覺令人印象深刻，相當不錯。

「つけ麺 えん寺」不僅沾醬好吃，麵條也具有一定的水準，至今仍讓我難以忘懷，回味再三。若來到吉祥寺一帶，推薦可以嚐試看看這份好滋味。
-
Sent from JPTT on my iPhone
","[{""cmtStatus"": ""推"", ""cmtPoster"": ""kanx"", ""cmtContent"": "":謝謝分享"", ""cmtDate"": ""2023-05-05 07:59:00""}, {""cmtStatus"": ""推"", ""cmtPoster"": ""Yakiyu"", ""cmtContent"": "":這家去好多次了大推～"", ""cmtDate"": ""2023-05-05 10:08:00""}, {""cmtStatus"": ""推"", ""cmtPoster"": ""clementchen"", ""cmtContent"": "":這家好吃,印象中學生客很多."", ""cmtDate"": ""2023-05-05 10:10:00""}, {""cmtStatus"": ""推"", ""cmtPoster"": ""bluewilly14"", ""cmtContent"": "":感謝分享!"", ""cmtDate"": ""2023-05-05 12:51:00""}]",101.12.52.166,2023-05-05 01:52:03,ptt
29,https://www.ptt.cc/bbs/Japan_Travel/M.1683220679.A.931.html,請問東京市區是否有Royce巧克力專賣店,2023-05-05 01:17:57,davidcon,Japan_Travel,"不是專賣店也沒關係
主要是想請教東京哪裡買的到
「Royce巧克力洋芋片的白色口味」

記得疫情前好像機場就買的到（太久了不確定）
疫後朋友去關空、成田幫忙買都沒看到
前陣子自己在成田也找了多間賣店
都只有原味黑巧克力，問店員也說機場只有一個口味@@

查了Royce官網，只有北海道有「非機場」專賣店
google有人說東京市區北海道物產店也沒Royce

冒昧來問問強大的版友們
東京到底哪裡買的到白色口味的洋芋片
近期時程還無法安排飛北海道呀@@
先謝謝了！
","[{""cmtStatus"": ""→"", ""cmtPoster"": ""v21638245"", ""cmtContent"": "":royce東京打上去就好幾家了"", ""cmtDate"": ""2023-05-05 01:23:00""}, {""cmtStatus"": ""→"", ""cmtPoster"": ""fh11942"", ""cmtContent"": "":官網的催事情報會寫哪段時間在哪間百貨有設點"", ""cmtDate"": ""2023-05-05 02:13:00""}, {""cmtStatus"": ""推"", ""cmtPoster"": ""kitkatuu"", ""cmtContent"": "":你是找有樂町那間北海道物產店嗎？我上次去是買到"", ""cmtDate"": ""2023-05-05 04:01:00""}, {""cmtStatus"": ""→"", ""cmtPoster"": ""kitkatuu"", ""cmtContent"": "":黑色的，很確定有苦甜跟一般，成田也是～但白色真"", ""cmtDate"": ""2023-05-05 04:01:00""}, {""cmtStatus"": ""→"", ""cmtPoster"": ""kitkatuu"", ""cmtContent"": "":的沒注意"", ""cmtDate"": ""2023-05-05 04:01:00""}, {""cmtStatus"": ""推"", ""cmtPoster"": ""peemou"", ""cmtContent"": "":有樂町出站有喔！前幾天才去買過"", ""cmtDate"": ""2023-05-05 07:13:00""}, {""cmtStatus"": ""→"", ""cmtPoster"": ""kanx"", ""cmtContent"": "":有樂町的那間專賣店通常有賣,但是沒有全部口味"", ""cmtDate"": ""2023-05-05 08:00:00""}, {""cmtStatus"": ""→"", ""cmtPoster"": ""may43"", ""cmtContent"": "":上個月在關空「和」有買到白巧洋芋片..雅/萬只有"", ""cmtDate"": ""2023-05-05 08:18:00""}, {""cmtStatus"": ""→"", ""cmtPoster"": ""may43"", ""cmtContent"": "":原味"", ""cmtDate"": ""2023-05-05 08:18:00""}, {""cmtStatus"": ""→"", ""cmtPoster"": ""davidcon"", ""cmtContent"": "":感謝上面幾位版友熱心回覆，幫助很大"", ""cmtDate"": ""2023-05-05 13:35:00""}]",114.37.118.143,2023-05-05 01:52:03,ptt
30,https://www.ptt.cc/bbs/Japan_Travel/M.1683251224.A.70B.html,[問題]河口湖回東京巴士,2023-05-05 09:47:01,cykvalen,Japan_Travel,"好久沒去日本了
  我們兩家子，4大5小預計8月去河口湖走走
  因為有小孩的關係
  剛好看到klook有接機服務
  直達河口湖才1萬左右，挺方便的就訂了!

  現在在看回東京的方式
  因為是平日，看起來是巴士比較方便
  在
https://willerexpress.com/tw/bus_search/yamanashi/fujikawaguchiko/tokyo/all/
看到有直達東京車站，離我們要住的上野好近
  所以想訂willer的車票
  但上面只寫大人，我們小孩是不是也是照大人價買呢?
  網站上找不到相關的F&Q
  另外我們最小的是快要滿3歲的，不清楚是否也需要買一個座位
  還是抱著就可以?
  有經驗的板友能幫解答一下嗎?
  感恩
","[{""cmtStatus"": ""推"", ""cmtPoster"": ""p4585424"", ""cmtContent"": "":看你要搭到東京車站應該是富山急"", ""cmtDate"": ""2023-05-05 10:27:00""}, {""cmtStatus"": ""→"", ""cmtPoster"": ""p4585424"", ""cmtContent"": "":富士急*"", ""cmtDate"": ""2023-05-05 10:27:00""}, {""cmtStatus"": ""→"", ""cmtPoster"": ""p4585424"", ""cmtContent"": "":官網上有小孩的價錢"", ""cmtDate"": ""2023-05-05 10:27:00""}, {""cmtStatus"": ""推"", ""cmtPoster"": ""leejones"", ""cmtContent"": "":小朋友通常是大人的半價，小朋友有佔位就要買票，建"", ""cmtDate"": ""2023-05-05 11:06:00""}, {""cmtStatus"": ""→"", ""cmtPoster"": ""leejones"", ""cmtContent"": "":議買票，你總不能全程都抱著吧？"", ""cmtDate"": ""2023-05-05 11:06:00""}, {""cmtStatus"": ""→"", ""cmtPoster"": ""kazukimaimai"", ""cmtContent"": "":住上野，我是買河口湖回秋葉原，建議幫小孩買座位"", ""cmtDate"": ""2023-05-05 11:11:00""}, {""cmtStatus"": ""推"", ""cmtPoster"": ""kkkkai"", ""cmtContent"": "":點進去購票就有分小孩、大人，小孩的票價只要一半"", ""cmtDate"": ""2023-05-05 12:14:00""}, {""cmtStatus"": ""→"", ""cmtPoster"": ""cykvalen"", ""cmtContent"": "":有看到了，感謝!秋葉原也不錯!謝謝!"", ""cmtDate"": ""2023-05-05 12:42:00""}, {""cmtStatus"": ""→"", ""cmtPoster"": ""suba1121"", ""cmtContent"": "":8月夏天去河口湖有大機率看不到富士山以及富士山沒"", ""cmtDate"": ""2023-05-05 14:41:00""}, {""cmtStatus"": ""→"", ""cmtPoster"": ""suba1121"", ""cmtContent"": "":有白頭先有個心理準備比較好"", ""cmtDate"": ""2023-05-05 14:42:00""}, {""cmtStatus"": ""推"", ""cmtPoster"": ""yao2197"", ""cmtContent"": "":用戶指南裡面就有寫了..人數選擇時有小孩的選項"", ""cmtDate"": ""2023-05-05 15:02:00""}]",140.111.153.22,2023-05-06 01:52:06,ptt
31,https://www.ptt.cc/bbs/Japan_Travel/M.1683258481.A.DBC.html,[讓售]東京地鐵72小時券*2張,2023-05-05 11:47:59,vbrucedan,Japan_Travel,"1. 讓售品項：東京地鐵72小時券*2張

2. 物品圖片：
https://i.imgur.com/mMcHkFP.jpg
https://i.imgur.com/T2j1fiM.jpg
3. 此物品由您買入的價格： $680

4. 欲售價格：$580

5. 交易方式： 現金台中豐原面交/匯款郵寄掛號+$30

6. 聯絡方式： 站內信

其他說明：效期到2023/09/10
","[{""cmtStatus"": ""→"", ""cmtPoster"": ""vbrucedan"", ""cmtContent"": "":已售出，謝謝"", ""cmtDate"": ""2023-05-05 17:21:00""}]",223.141.187.239,2023-05-06 01:52:06,ptt
32,https://www.ptt.cc/bbs/Japan_Travel/M.1683269181.A.106.html,[問題]請益4/29後羽田入境狀況,2023-05-05 14:46:19,ogawa666,Japan_Travel,"因為下週三要飛往東京羽田
所以特別再去查了一下入境規則
赫然發現日本4/29開始就不需任何陰性證明或是疫苗施打紀錄就可入關

以下為日本厚生省入境政策最新說明
https://www.mhlw.go.jp/stf/seisakunitsuite/bunya/0000121431_00209.html
想請教兩件事情：
1. 目前入境雖然不須檢疫證明，但是否仍須填寫VJW，才能快速通關？

2. 因為我抵達當日有安排迪士尼後續的套裝行程，13:10抵達羽田，依照近期的出關狀況
，有機會搭上13:50的利木津巴士嗎？

希望前輩們不吝指教
感謝感謝
","[{""cmtStatus"": ""推"", ""cmtPoster"": ""a5687920"", ""cmtContent"": "":沒機會就算都沒人光走到入境大廳就要半小時"", ""cmtDate"": ""2023-05-05 14:50:00""}, {""cmtStatus"": ""推"", ""cmtPoster"": ""ivymorita"", ""cmtContent"": "":vjw不是快速通關"", ""cmtDate"": ""2023-05-05 14:51:00""}, {""cmtStatus"": ""推"", ""cmtPoster"": ""a5687920"", ""cmtContent"": "":從空橋走到入境檢查超級遠"", ""cmtDate"": ""2023-05-05 14:53:00""}, {""cmtStatus"": ""→"", ""cmtPoster"": ""a5687920"", ""cmtContent"": "":快走可能要20分鐘加上拿行李入境的時間一定不夠"", ""cmtDate"": ""2023-05-05 14:54:00""}, {""cmtStatus"": ""→"", ""cmtPoster"": ""a5687920"", ""cmtContent"": "":入境一般都抓1小時~1.5小時這是人不多的情況"", ""cmtDate"": ""2023-05-05 14:55:00""}, {""cmtStatus"": ""→"", ""cmtPoster"": ""a5687920"", ""cmtContent"": "":13:10分抵達光下飛機可能就10分鐘以上"", ""cmtDate"": ""2023-05-05 14:56:00""}, {""cmtStatus"": ""→"", ""cmtPoster"": ""Alano"", ""cmtContent"": "":第一個衝出飛機然後一路狂奔到移民關"", ""cmtDate"": ""2023-05-05 15:05:00""}, {""cmtStatus"": ""→"", ""cmtPoster"": ""Alano"", ""cmtContent"": "":然後沒行李直衝海關可能有機會"", ""cmtDate"": ""2023-05-05 15:05:00""}, {""cmtStatus"": ""推"", ""cmtPoster"": ""blue2999"", ""cmtContent"": "":上個月入境羽田等行李就等了半小時，其他關卡反而沒"", ""cmtDate"": ""2023-05-05 15:07:00""}, {""cmtStatus"": ""→"", ""cmtPoster"": ""blue2999"", ""cmtContent"": "":排隊"", ""cmtDate"": ""2023-05-05 15:07:00""}, {""cmtStatus"": ""→"", ""cmtPoster"": ""ogawa666"", ""cmtContent"": "":所以請問VJW還是要寫的嗎？"", ""cmtDate"": ""2023-05-05 15:13:00""}, {""cmtStatus"": ""推"", ""cmtPoster"": ""anny771014"", ""cmtContent"": "":羽田連海關和攜帶物品都用條碼，通關滿快的，反而等"", ""cmtDate"": ""2023-05-05 15:15:00""}, {""cmtStatus"": ""→"", ""cmtPoster"": ""anny771014"", ""cmtContent"": "":行李比較久。"", ""cmtDate"": ""2023-05-05 15:15:00""}, {""cmtStatus"": ""推"", ""cmtPoster"": ""justdoit"", ""cmtContent"": "":不用VJW就填紙本啊"", ""cmtDate"": ""2023-05-05 15:16:00""}, {""cmtStatus"": ""推"", ""cmtPoster"": ""a5687920"", ""cmtContent"": "":vjw不寫就寫紙本阿到時候可以看哪邊多人排"", ""cmtDate"": ""2023-05-05 15:16:00""}, {""cmtStatus"": ""推"", ""cmtPoster"": ""magicgreet"", ""cmtContent"": "":還要等行李那些很危險"", ""cmtDate"": ""2023-05-05 15:17:00""}, {""cmtStatus"": ""→"", ""cmtPoster"": ""anny771014"", ""cmtContent"": "":我4/22-CI220進羽田，走出空橋上樓就到行李盤，旁邊"", ""cmtDate"": ""2023-05-05 15:17:00""}, {""cmtStatus"": ""→"", ""cmtPoster"": ""anny771014"", ""cmtContent"": "":就是入境和海關審查，從下飛機到出機場40分鐘。"", ""cmtDate"": ""2023-05-05 15:17:00""}, {""cmtStatus"": ""推"", ""cmtPoster"": ""Dcupgirl"", ""cmtContent"": "":真的很遠..."", ""cmtDate"": ""2023-05-05 15:23:00""}, {""cmtStatus"": ""推"", ""cmtPoster"": ""YeeeeeTW"", ""cmtContent"": "":最近CI220都提早落地可能有機會趕得上"", ""cmtDate"": ""2023-05-05 15:24:00""}, {""cmtStatus"": ""→"", ""cmtPoster"": ""ogawa666"", ""cmtContent"": "":感謝以上大大無私分享我這邊會再找一下替代交通方"", ""cmtDate"": ""2023-05-05 15:34:00""}, {""cmtStatus"": ""→"", ""cmtPoster"": ""ogawa666"", ""cmtContent"": "":式謝謝大家！"", ""cmtDate"": ""2023-05-05 15:34:00""}, {""cmtStatus"": ""推"", ""cmtPoster"": ""pipifan"", ""cmtContent"": "":借文問有NH852的入境狀況分享嗎"", ""cmtDate"": ""2023-05-05 15:35:00""}, {""cmtStatus"": ""推"", ""cmtPoster"": ""MTBF"", ""cmtContent"": "":羽田正常日入境算一個小時差不多瓶頸在托運行李"", ""cmtDate"": ""2023-05-05 15:39:00""}, {""cmtStatus"": ""→"", ""cmtPoster"": ""MTBF"", ""cmtContent"": "":不然你買商務艙行李落地後大概20分內幾乎都會拿到"", ""cmtDate"": ""2023-05-05 15:40:00""}, {""cmtStatus"": ""推"", ""cmtPoster"": ""yahooooooooo"", ""cmtContent"": "":請問現在的入境QR碼用列印的可以嗎？"", ""cmtDate"": ""2023-05-05 15:47:00""}, {""cmtStatus"": ""→"", ""cmtPoster"": ""zone007"", ""cmtContent"": "":回樓上可以截圖"", ""cmtDate"": ""2023-05-05 16:14:00""}, {""cmtStatus"": ""推"", ""cmtPoster"": ""bm1265"", ""cmtContent"": "":40分鐘很拼啊"", ""cmtDate"": ""2023-05-05 16:22:00""}, {""cmtStatus"": ""推"", ""cmtPoster"": ""Faulco"", ""cmtContent"": "":13:50趕上的機率大概.....10%吧"", ""cmtDate"": ""2023-05-05 16:27:00""}, {""cmtStatus"": ""推"", ""cmtPoster"": ""masmas"", ""cmtContent"": "":我3月底1300降落，1340已在等行李囉"", ""cmtDate"": ""2023-05-05 16:32:00""}, {""cmtStatus"": ""→"", ""cmtPoster"": ""masmas"", ""cmtContent"": "":那時幾乎不用排隊也是要30-40分鐘"", ""cmtDate"": ""2023-05-05 16:33:00""}, {""cmtStatus"": ""推"", ""cmtPoster"": ""ecknair"", ""cmtContent"": "":VJW是電子化的入境表跟海關申報書不登還是要紙本"", ""cmtDate"": ""2023-05-05 16:34:00""}, {""cmtStatus"": ""→"", ""cmtPoster"": ""gomile888"", ""cmtContent"": "":第一點之前文章不是都討論過了？沒爬文嗎？"", ""cmtDate"": ""2023-05-05 17:03:00""}, {""cmtStatus"": ""噓"", ""cmtPoster"": ""mtcoat"", ""cmtContent"": "":VJW不是快速通關也不是為了單純檢疫"", ""cmtDate"": ""2023-05-05 17:23:00""}, {""cmtStatus"": ""推"", ""cmtPoster"": ""Midiya"", ""cmtContent"": "":VJW不是快速通關喔只是把過去入境時填紙本的變成"", ""cmtDate"": ""2023-05-05 17:31:00""}, {""cmtStatus"": ""→"", ""cmtPoster"": ""Midiya"", ""cmtContent"": "":電子的格是而已"", ""cmtDate"": ""2023-05-05 17:31:00""}, {""cmtStatus"": ""→"", ""cmtPoster"": ""Midiya"", ""cmtContent"": "":另外班機降落後還要滑行到登機門+下機除非早到"", ""cmtDate"": ""2023-05-05 17:32:00""}, {""cmtStatus"": ""→"", ""cmtPoster"": ""Midiya"", ""cmtContent"": "":不然從落地到下機起碼要10分鐘加上出關&領行李"", ""cmtDate"": ""2023-05-05 17:32:00""}, {""cmtStatus"": ""→"", ""cmtPoster"": ""Midiya"", ""cmtContent"": "":40分鐘實在太拚了不是沒有機會但機率過低"", ""cmtDate"": ""2023-05-05 17:32:00""}, {""cmtStatus"": ""推"", ""cmtPoster"": ""swatchfan"", ""cmtContent"": "":4/23華航飛超快提早半小時到，出境也不到半小時～"", ""cmtDate"": ""2023-05-05 17:34:00""}, {""cmtStatus"": ""推"", ""cmtPoster"": ""jfw616"", ""cmtContent"": "":沒人就盡量趕看看吧"", ""cmtDate"": ""2023-05-05 18:18:00""}, {""cmtStatus"": ""→"", ""cmtPoster"": ""jfw616"", ""cmtContent"": "":行李領完記得去旁邊的機器櫃檯登記"", ""cmtDate"": ""2023-05-05 18:18:00""}, {""cmtStatus"": ""→"", ""cmtPoster"": ""jfw616"", ""cmtContent"": "":走另一個通道"", ""cmtDate"": ""2023-05-05 18:18:00""}, {""cmtStatus"": ""→"", ""cmtPoster"": ""jfw616"", ""cmtContent"": "":不要看一堆人排隊跟著排隊出去"", ""cmtDate"": ""2023-05-05 18:19:00""}, {""cmtStatus"": ""→"", ""cmtPoster"": ""breadie"", ""cmtContent"": "":當然不可能阿"", ""cmtDate"": ""2023-05-05 18:20:00""}, {""cmtStatus"": ""推"", ""cmtPoster"": ""jack866411"", ""cmtContent"": "":4／11提前快一小時到機場入境大概花15分鐘反而"", ""cmtDate"": ""2023-05-05 18:33:00""}, {""cmtStatus"": ""→"", ""cmtPoster"": ""jack866411"", ""cmtContent"": "":是等行李等了20"", ""cmtDate"": ""2023-05-05 18:33:00""}, {""cmtStatus"": ""噓"", ""cmtPoster"": ""griffick"", ""cmtContent"": "":月經文"", ""cmtDate"": ""2023-05-05 18:59:00""}, {""cmtStatus"": ""→"", ""cmtPoster"": ""arl"", ""cmtContent"": "":為什麼要排第一天跑迪士尼也太拚"", ""cmtDate"": ""2023-05-05 20:17:00""}, {""cmtStatus"": ""→"", ""cmtPoster"": ""SuLiaen"", ""cmtContent"": "":40分鐘超拼吧..沿路跑到出境+閘門（還要賭人很少）"", ""cmtDate"": ""2023-05-05 21:05:00""}, {""cmtStatus"": ""→"", ""cmtPoster"": ""SuLiaen"", ""cmtContent"": "":、然後沒有托運行李？"", ""cmtDate"": ""2023-05-05 21:05:00""}, {""cmtStatus"": ""→"", ""cmtPoster"": ""bluemax"", ""cmtContent"": "":巴士抵達前五分鐘前都可取消/更改。"", ""cmtDate"": ""2023-05-05 21:12:00""}, {""cmtStatus"": ""→"", ""cmtPoster"": ""bluemax"", ""cmtContent"": "":可到時看情況決定"", ""cmtDate"": ""2023-05-05 21:13:00""}, {""cmtStatus"": ""推"", ""cmtPoster"": ""makio"", ""cmtContent"": "":要很拚且運氣好。我常飛羽田，通關不用排隊和行李已"", ""cmtDate"": ""2023-05-05 21:21:00""}, {""cmtStatus"": ""→"", ""cmtPoster"": ""makio"", ""cmtContent"": "":是優先出的狀態下，一般速度沒有特別衝，到出來也要"", ""cmtDate"": ""2023-05-05 21:21:00""}, {""cmtStatus"": ""→"", ""cmtPoster"": ""makio"", ""cmtContent"": "":剛好一小時。如果入國審查有排到隊，或行李出很慢"", ""cmtDate"": ""2023-05-05 21:21:00""}, {""cmtStatus"": ""→"", ""cmtPoster"": ""makio"", ""cmtContent"": "":的話你要40分鐘出來真的太難。"", ""cmtDate"": ""2023-05-05 21:21:00""}, {""cmtStatus"": ""推"", ""cmtPoster"": ""our70101"", ""cmtContent"": "":前天11：30落地表示用電子簽卡在入境快半小時"", ""cmtDate"": ""2023-05-05 22:31:00""}, {""cmtStatus"": ""→"", ""cmtPoster"": ""our70101"", ""cmtContent"": "":兩台飛機的旅客只有6-7個審查官，後面有多兩個審查"", ""cmtDate"": ""2023-05-05 22:31:00""}, {""cmtStatus"": ""→"", ""cmtPoster"": ""our70101"", ""cmtContent"": "":官才比較快。"", ""cmtDate"": ""2023-05-05 22:31:00""}, {""cmtStatus"": ""→"", ""cmtPoster"": ""our70101"", ""cmtContent"": "":反而海關那邊走電子認證花不到10分鍾，整體抓60分"", ""cmtDate"": ""2023-05-05 22:31:00""}, {""cmtStatus"": ""→"", ""cmtPoster"": ""our70101"", ""cmtContent"": "":鐘+下飛機走到入境排隊比較安全。"", ""cmtDate"": ""2023-05-05 22:31:00""}, {""cmtStatus"": ""推"", ""cmtPoster"": ""jeanbaby"", ""cmtContent"": "":羽田現在最大問題是行李都要等很久"", ""cmtDate"": ""2023-05-05 23:06:00""}, {""cmtStatus"": ""推"", ""cmtPoster"": ""bugdonkey"", ""cmtContent"": "":不掛行李才有機會"", ""cmtDate"": ""2023-05-05 23:13:00""}, {""cmtStatus"": ""推"", ""cmtPoster"": ""lin19810302"", ""cmtContent"": "":昨天剛從羽田入境，下飛機到出海關約15～20分鐘，"", ""cmtDate"": ""2023-05-05 23:16:00""}, {""cmtStatus"": ""→"", ""cmtPoster"": ""lin19810302"", ""cmtContent"": "":但是等行李等很久"", ""cmtDate"": ""2023-05-05 23:16:00""}, {""cmtStatus"": ""推"", ""cmtPoster"": ""wing0127"", ""cmtContent"": "":還是要寫，被一個當場邊教邊寫的外國三寶擋了好久"", ""cmtDate"": ""2023-05-06 14:50:00""}, {""cmtStatus"": ""推"", ""cmtPoster"": ""QVicToriAQ"", ""cmtContent"": "":429搭ci220有行李有小孩有搭到13:50利木津"", ""cmtDate"": ""2023-05-07 00:02:00""}, {""cmtStatus"": ""推"", ""cmtPoster"": ""QVicToriAQ"", ""cmtContent"": "":但朋友沒趕上走去一航有買到2:15左右的利木津"", ""cmtDate"": ""2023-05-07 00:05:00""}, {""cmtStatus"": ""推"", ""cmtPoster"": ""coactivator"", ""cmtContent"": "":我自己疫情前出關都抓差不多1-1.5小時,兩週前去福"", ""cmtDate"": ""2023-05-07 06:36:00""}, {""cmtStatus"": ""→"", ""cmtPoster"": ""coactivator"", ""cmtContent"": "":岡約1小時,若40分鐘就出關覺得機率很小"", ""cmtDate"": ""2023-05-07 06:36:00""}, {""cmtStatus"": ""推"", ""cmtPoster"": ""gdaa5566"", ""cmtContent"": "":我5/4CI220全程只有行李等了一下其他都沒等"", ""cmtDate"": ""2023-05-08 20:54:00""}, {""cmtStatus"": ""→"", ""cmtPoster"": ""gdaa5566"", ""cmtContent"": "":13:45的巴士我大約在13:30就抵達上車處了"", ""cmtDate"": ""2023-05-08 20:55:00""}]",39.12.56.71,2023-05-06 01:52:08,ptt
33,https://www.ptt.cc/bbs/Japan_Travel/M.1683277152.A.386.html,[食記]東京淺草今半體驗專人服務的日式壽喜燒,2023-05-05 16:59:10,k272821,Japan_Travel,"店    名：　壽喜燒老店　淺草今半

地    址：　〒111-0035 東京都台東区西浅草３丁目１2
　　　　　　（合羽橋附近）

營業時間：　11:30–21:30（最晚進店時間為20:00)

休    日：　無

推薦食物：　極上霜降牛肉、品牌牛肉

官    網：
http://www.asakusaimahan.co.jp/
造訪日期：　１１２／０４

有圖網誌：
https://k272821.pixnet.net/blog/post/364663993
https://imgur.com/NXLjzi4
下午三點多到今半門口，

知道午間套餐時間已經結束了，

但也不想晚上排隊用餐，所以選了非正餐時間前往

到了店門口有點兒害怕，看起來大門深鎖，

從玻璃門看進去一個人影也沒有

但是看了google的營業時間及現場的營業時間，中午是沒有休息的

鼓起勇氣按了電動門（第一下還沒按開XD)

門開了！

走進去店內，穿著和服的店員立刻上前相迎

詢問用餐人數後，會先請旁邊稍等及提供菜單



店內擺放的牛肉禮盒看起來好美，

在等待區的時候看得口水直流

今半在特定時段也有提供外帶便當



午間套餐價格真的很划算，可惜趕不及午餐時段過來

難得到專人服務的壽喜燒店，大膽的點下去

選了基本款的極上霜降牛及高級一點的品牌牛套餐

店員會引導入內用餐，大部分的座位都是要拖鞋的和室餐桌

很貼心的提供木屐，要去廁所就不需要穿穿脫脫的



入座後會先提供熱毛巾及放口罩的紙袋

毛巾超燙



前菜很快就上來了

精緻小品墊墊胃

令人比較印象深刻的是甜蝦很鮮甜、筍子苦甘

魚片及小小卷加上醃製小菜，偏酸口味很開胃

接著生蛋及鐵盤上來！好期待
https://imgur.com/lxDxG2J
https://imgur.com/bKvI6QZ
今半提供的牛肉油花都很美

看的肚子直咕嚕嚕

好期待一口咬下



會由店員服務現涮兩片肉

沾上生蛋液更滑嫩

兩款牛肉油花都很美，

一口咬下，油脂蔓延在嘴裡

搭配甜甜的壽喜燒醬汁，好幸福啊！

肉片雖然不多片，但每一片都很大，也有厚度，吃起來很過癮

極上霜降的油脂更豐富，雖然軟嫩，但吃多會覺得膩

我比較愛品牌牛的恰恰好，沒這麼油嫩，口感更上一階



期間有趣的插曲，

一開始店員都用日文介紹

在涮好肉片放到小孩碗裡後突然冒一句：「好吃嗎？」

太好了遇到可以中文溝通的店員

後面的介紹她都用中文講解了
https://imgur.com/vYsVYU9
菜盤上來後忍不住問：「這是兩份套餐的量嗎？」

微笑的回答：「對啊～看起來很少，不過你們吃完就知道也會蠻飽的」

好喔！我期待

菜盤的部分也會幫我們擺上一些上去

用剛涮過牛肉逼出的油脂，搭配甜甜的壽喜燒醬汁來煮蔬菜

油香十足

烙印今半的麩建議煮久一點，吸飽醬汁入味會更好吃



同步提供白飯及味噌湯，不夠可以請店員再加

白飯搭配甜甜的肉片更加好吃

味噌湯太鹹了，喝不完

接著店員會在涮兩片牛肉，接下來就都要靠自己囉

店員建議醬汁不要少，燒焦了蔬菜會苦

肉不要涮太久，老了就沒有這麼好吃了

如果太鹹可以自行加水調整

雖然覺得肉片少了一點，但認真吃光後發現兩個套餐兩大一小吃也頗滿足

胃還有一點空間去淺草逛逛吃甜點



甜點提供櫻花冰淇淋及水果，櫻花口味很特別，但吃不太出櫻花味

西瓜和芒果都頗甜，不過沒有台灣水果厲害

最後提供兩杯濃茶，可以清掉嘴裡油滋滋的味道

心滿意足的一餐啊



結帳可以刷卡，肉疼了一下

但吸吸嘴裡殘留的牛肉香氣，好像又很可以接受

最後得到兩份伴手禮，看起來高級一點的套餐方案會給不同的伴手禮巾，蠻特別的文化



打從在台灣做功課時就很想體驗看看正宗的壽喜燒，覺得那種專屬服務體驗很特別

看穿著正宗和服的人員專業涮肉講解，是一種很舒服的體驗。

肉及蔬菜的品質也很棒，雖然量少了一點，但剛剛好飽，

還有一點空間可以去吃小吃

加上服務我們的工作人員會講中文，

對於日文很差的我們來說，體驗分數更高了，不至於雞同鴨講尷尬對笑

有機會會想帶長輩來體驗看看，對他們來說份量剛剛好，值得一試
","[{""cmtStatus"": ""推"", ""cmtPoster"": ""motsumoto"", ""cmtContent"": "":看了好想吃！但可惜老公不吃牛QQ"", ""cmtDate"": ""2023-05-06 00:11:00""}, {""cmtStatus"": ""推"", ""cmtPoster"": ""alcokkk"", ""cmtContent"": "":kind大下次可以先預約，看日本人也說要預約較保險"", ""cmtDate"": ""2023-05-06 00:49:00""}, {""cmtStatus"": ""→"", ""cmtPoster"": ""alcokkk"", ""cmtContent"": "":淺草今半好像只能電話預約，人形町今半的話官網就"", ""cmtDate"": ""2023-05-06 00:49:00""}, {""cmtStatus"": ""→"", ""cmtPoster"": ""alcokkk"", ""cmtContent"": "":能預定，還有中文網站~"", ""cmtDate"": ""2023-05-06 00:49:00""}]",1.164.110.63,2023-05-06 01:52:08,ptt
34,https://www.ptt.cc/bbs/Japan_Travel/M.1683343316.A.F08.html,[問題]東京5天4夜親子迪士尼行程請益。,2023-05-06 11:21:53,peterchina,Japan_Travel,"１． 出遊日期：
              10/2-10/6 五天四夜
              三大(一個長輩車禍過左腳無力全程推輪椅，需要的話可拿拐杖自行行走)
              兩小(5歲 8歲)

２． 每日行程：
     10/2
         高雄小港07:45出發---成田機場12:15到達---至上野車站 (行李暫放飯店)
         上野車站附近午餐(敘敘苑 or 鴨to蔥)
  午餐後 雷門 仲見世商店街
         晴空塔 (逛街、寶可夢中心、晚餐迴轉壽司Toriton)
         回上野飯店

     10/3
         上午行程:09:30上野動物園、國立科學博物館
         午餐:一蘭拉麵 or 六厘舍  (一家人都沒吃過一蘭)
         下午行程:東京車站一番街逛街購物 (想增加澀谷sky..)
         晚餐:肉屋橫丁 or ?
         回上野飯店

     10/4
         上午行程:台場購物廣場 看剛彈吃午餐
         午餐:希望推薦?
         下午行程:迪士尼玩總飯店Check in
         晚上:迪士尼海洋星光票 看遊行、煙火
         回飯店

     10/5
         迪士尼陸地一整天

     10/6
         睡飽吃完早餐 -- 利木津巴士--成田機場13:15起飛回台


   說明:
        以上是我參考版上資訊整理出來的行程，這是我第二次帶家人自助出國
        第一次是到沖繩自駕很單純，這次到東京比較複雜
        安排出國是為了老父親心心念念要帶孫子去迪士尼玩
        想快點完成他的心願
        以下有些問題想請教先進。

   1.上野飯店問題:
     因為父親與我都是會打呼吵人的體質
     所以我打算訂3間房，前兩天都住同一間飯店
     我一間、父親一間、老婆小孩一間
     目前有先預訂了兩間飯店
     (1)Sardonyx上野酒店 16876  (2)上野禦徒町超級酒店 17494
     因為父親車禍過左腳無力行動不便，所以我希望他的房間是無障礙房間
     我飯店都是上官網直接預定(第三方訂房網的價格都沒有官網便宜)
     上野寶石我email都被擋無法傳過去，只好打電話過去用破英文溝通
     問過之後回答好像是我訂的日期沒有無障礙房間
     第二間上野禦徒町超級酒店我有在官網上面傳訊息詢問，目前都還沒回覆
     可以的話真的不想打電話去問，我英文沒有特好，對方也沒多好
     一通電話至少要花上一百塊以上，所以我想問的是
     super hotel是否有無障礙房間?
     又或者先進們是否有推薦價格不要差太多、有無障礙房間而且還不錯的飯店選擇?

   2.因為是帶著行動不便的父親出國，所以行程不多
     10/03這天下午排了去聽說很大的東京車站逛逛順便購物
     老婆曾經去過晴空塔，我看資料澀谷sky天臺很好看
     所以很想排在東京車站逛街後帶老婆過去看看
     因為晚餐本來是想排肉屋橫丁，所以問題來了
     請問東京車站逛完之後去澀谷sky，回程吃肉屋橫丁
     這樣安排行程會不會太趕?
     還是先進們是否有推薦澀谷適合我們一家的好吃必吃餐廳(不一定要燒肉)

   3.10/04這天
     因為看資料迪士尼海洋比較適合大人去玩
     所以我才想安排星光票進去看煙火遊行就好
     上午的行程想說去台場看剛彈順便吃午餐
     本來是蠻想去橫濱看巨大鋼彈，但是我看地圖一點都不順路，才想說去看台場的
     請問台場那邊是否有推薦必吃的午餐?
     或者是先進們是否有推薦這天上午適合我們一家可以另外去的地方
     還是我應該安排這天直接衝迪士尼海洋呢?
     希望先進們給我一些建議。

   4.玩具總動員訂房及迪士尼遊玩問題
     目前我上官網都沒辦法訂10/4-10/5的房間，第三方訂房網都沒有資料
     請問迪士尼的飯店只能在官網上訂嗎?
     而且只能三個月前才能訂?
     另外想請問，假期套票一定都是一天海洋一天陸地一晚飯店的套票嗎?
     有一晚飯店跟一天陸地的套票嗎?

   5.因為我父親是行動不便坐輪椅，但是沒有身心障礙資格
     這樣有辦法申請迪士尼的身心障礙一日護照嗎?
     如果可以的話，請問我是要當場申請，還是需要事先申請呢?

   以上問題有點多，因為是第一次到東京及迪士尼，希望各位先進給點建議，謝謝。
","[{""cmtStatus"": ""推"", ""cmtPoster"": ""leejones"", ""cmtContent"": "":利木津目前有些班次運休，只是不知道到時會不會恢復"", ""cmtDate"": ""2023-05-06 11:31:00""}, {""cmtStatus"": ""→"", ""cmtPoster"": ""leejones"", ""cmtContent"": "":，以你的航班只能搭9:01分的班次，如果還沒恢復建議"", ""cmtDate"": ""2023-05-06 11:31:00""}, {""cmtStatus"": ""→"", ""cmtPoster"": ""leejones"", ""cmtContent"": "":要先預約利木津，以免客滿要改搭電車到機場。"", ""cmtDate"": ""2023-05-06 11:31:00""}, {""cmtStatus"": ""推"", ""cmtPoster"": ""owlonoak"", ""cmtContent"": "":你想要的東西還是太多了建議取捨"", ""cmtDate"": ""2023-05-06 11:56:00""}, {""cmtStatus"": ""→"", ""cmtPoster"": ""owlonoak"", ""cmtContent"": "":你可能會直覺地認為海洋星光票進去可以看到七點多的"", ""cmtDate"": ""2023-05-06 11:57:00""}, {""cmtStatus"": ""→"", ""cmtPoster"": ""owlonoak"", ""cmtContent"": "":秀實際上因為靠近表演場地的湖邊位子都是付費買DPA"", ""cmtDate"": ""2023-05-06 11:57:00""}, {""cmtStatus"": ""→"", ""cmtPoster"": ""owlonoak"", ""cmtContent"": "":所以你無法靠太近而沒有買DPA但是又很想看秀的人"", ""cmtDate"": ""2023-05-06 11:58:00""}, {""cmtStatus"": ""→"", ""cmtPoster"": ""owlonoak"", ""cmtContent"": "":五點多就佔好剩餘好位子了所以你星光票進去真的會"", ""cmtDate"": ""2023-05-06 11:59:00""}, {""cmtStatus"": ""→"", ""cmtPoster"": ""owlonoak"", ""cmtContent"": "":離那個秀超級遠不然就是視野很差"", ""cmtDate"": ""2023-05-06 11:59:00""}, {""cmtStatus"": ""推"", ""cmtPoster"": ""owlonoak"", ""cmtContent"": "":早上九點開始賣DPA你覺得呢？"", ""cmtDate"": ""2023-05-06 12:08:00""}, {""cmtStatus"": ""推"", ""cmtPoster"": ""owlonoak"", ""cmtContent"": "":單純迪士尼的飯店是三個月前才能訂"", ""cmtDate"": ""2023-05-06 12:18:00""}, {""cmtStatus"": ""→"", ""cmtPoster"": ""owlonoak"", ""cmtContent"": "":迪士尼套票目前可以訂到8/30之前的"", ""cmtDate"": ""2023-05-06 12:19:00""}, {""cmtStatus"": ""→"", ""cmtPoster"": ""owlonoak"", ""cmtContent"": "":套票一定是包含兩園區沒有單獨一園區的套票"", ""cmtDate"": ""2023-05-06 12:19:00""}, {""cmtStatus"": ""推"", ""cmtPoster"": ""linarina"", ""cmtContent"": "":superhotel上野御徒町jalan頁面上面有寫飯店有一間"", ""cmtDate"": ""2023-05-06 12:26:00""}, {""cmtStatus"": ""→"", ""cmtPoster"": ""linarina"", ""cmtContent"": "":無障礙的房間。"", ""cmtDate"": ""2023-05-06 12:26:00""}, {""cmtStatus"": ""→"", ""cmtPoster"": ""linarina"", ""cmtContent"": "":官網就有寫了喔..."", ""cmtDate"": ""2023-05-06 12:28:00""}, {""cmtStatus"": ""→"", ""cmtPoster"": ""peterchina"", ""cmtContent"": "":謝謝以上的回覆，superhotel剛剛回信說沒有無障礙"", ""cmtDate"": ""2023-05-06 12:41:00""}, {""cmtStatus"": ""→"", ""cmtPoster"": ""peterchina"", ""cmtContent"": "":房間，官網上面雖然有，不過回信說沒有。"", ""cmtDate"": ""2023-05-06 12:42:00""}, {""cmtStatus"": ""→"", ""cmtPoster"": ""peterchina"", ""cmtContent"": "":這樣請問上野寶石跟superhotel兩間比較推哪間呢?"", ""cmtDate"": ""2023-05-06 12:43:00""}, {""cmtStatus"": ""推"", ""cmtPoster"": ""wuone"", ""cmtContent"": "":身心障礙票入園要看證明所以應該不能買"", ""cmtDate"": ""2023-05-06 13:36:00""}, {""cmtStatus"": ""→"", ""cmtPoster"": ""wuone"", ""cmtContent"": "":但類似以前DAS服務還是可以使用"", ""cmtDate"": ""2023-05-06 13:36:00""}, {""cmtStatus"": ""推"", ""cmtPoster"": ""adychen1982"", ""cmtContent"": "":第一天通關完到市區也四五點了吧可以塞那麼多地方？"", ""cmtDate"": ""2023-05-06 14:19:00""}, {""cmtStatus"": ""推"", ""cmtPoster"": ""adychen1982"", ""cmtContent"": "":還要到市區才用午餐喔？我是安排在機場吃完才搭車"", ""cmtDate"": ""2023-05-06 14:20:00""}, {""cmtStatus"": ""→"", ""cmtPoster"": ""adychen1982"", ""cmtContent"": "":欸"", ""cmtDate"": ""2023-05-06 14:20:00""}, {""cmtStatus"": ""→"", ""cmtPoster"": ""peterchina"", ""cmtContent"": "":啊，看來我沒考慮到出關的問題，這樣會調整第一天"", ""cmtDate"": ""2023-05-06 15:28:00""}, {""cmtStatus"": ""→"", ""cmtPoster"": ""peterchina"", ""cmtContent"": "":行程，直接到晴空塔，謝謝提醒。"", ""cmtDate"": ""2023-05-06 15:28:00""}, {""cmtStatus"": ""推"", ""cmtPoster"": ""han0612"", ""cmtContent"": "":10月中也要帶家人去迪士尼，小小孩3歲多，想第一天"", ""cmtDate"": ""2023-05-06 15:33:00""}, {""cmtStatus"": ""→"", ""cmtPoster"": ""han0612"", ""cmtContent"": "":直接到迪士尼園區海洋星光票！4.5點到的話，好像差"", ""cmtDate"": ""2023-05-06 15:33:00""}, {""cmtStatus"": ""→"", ""cmtPoster"": ""han0612"", ""cmtContent"": "":不多？"", ""cmtDate"": ""2023-05-06 15:33:00""}, {""cmtStatus"": ""推"", ""cmtPoster"": ""Mefigan"", ""cmtContent"": "":我小孩四歲也是規劃明年想一天星光票進海洋看遊行"", ""cmtDate"": ""2023-05-06 20:09:00""}, {""cmtStatus"": ""→"", ""cmtPoster"": ""Mefigan"", ""cmtContent"": "":跟煙火，隔天玩land，同樣很想知道星光票進去到底"", ""cmtDate"": ""2023-05-06 20:09:00""}, {""cmtStatus"": ""→"", ""cmtPoster"": ""Mefigan"", ""cmtContent"": "":能不能順利看得到遊行~"", ""cmtDate"": ""2023-05-06 20:09:00""}, {""cmtStatus"": ""推"", ""cmtPoster"": ""pinkbest"", ""cmtContent"": "":新宿京王飯店"", ""cmtDate"": ""2023-05-06 20:29:00""}, {""cmtStatus"": ""推"", ""cmtPoster"": ""pinkbest"", ""cmtContent"": "":13間無障礙客房同時早上7:30提供住宿客disney專車"", ""cmtDate"": ""2023-05-06 20:36:00""}, {""cmtStatus"": ""→"", ""cmtPoster"": ""sh9129"", ""cmtContent"": "":要吃敘敘苑怎不直接去晴空塔店，鴨to蔥五個人還有"", ""cmtDate"": ""2023-05-07 19:15:00""}, {""cmtStatus"": ""→"", ""cmtPoster"": ""sh9129"", ""cmtContent"": "":老小要排隊根本不適合，toriton也會要排隊"", ""cmtDate"": ""2023-05-07 19:15:00""}]",223.139.159.153,2023-05-07 01:50:30,ptt
35,https://www.ptt.cc/bbs/Japan_Travel/M.1683374718.A.F59.html,[食記]名古屋HARBS本店名古屋發跡人氣蛋糕店,2023-05-06 20:05:15,jay70134,Japan_Travel,"餐廳名稱：HARBS栄本店
    消費時間：112年4月
    地址： Aichi, Nagoya, Naka Ward, Nishiki, 3 Chomeﴶﴱ7
    電話： +81 52-962-9810
    每人平均價位：NT500元
    營業時間：11:00~20:00，最後點餐 19:30。

圖文好讀版
https://ajgogo.com/20230428/
「HARBS」應該是很多第一次到日本自由行的旅人會吃的蛋糕店吧～想到多年前第一次去
東京玩就去排了新宿分店，當時吃真的驚為天人XD

但現在好吃蛋糕吃多了，HARBS已經沒有當年驚艷，不過品質還是相當穩定。這次到HARBS
的發源地：名古屋，就來榮本店再回味一次經典蛋糕吧。

HARBS 栄本店

地址：名古屋市中区錦3-6-17 セントラルパークビル2F

營業時間：11:00~20:00，最後點餐 19:30。

官網：
https://www.harbs.co.jp/
創業於名古屋的HARBS，光小小的名古屋市區就有9間分店，密度很高，如果不追求吃本店
的話，就近吃市區分店也很OK。

HARBS榮本店1981年創立，距今(2023)已有42年歷史了，店面有翻修過，看起來是挺有質
感的。

走上2樓店面的樓梯間就廣告著季節限定與當店限定款蛋糕，好奇點一塊來吃吃。

我們17:00後到店，大部分蛋糕都已經完售了，最受歡迎的千層水果派也售完。

一旁展示架還有茶葉伴手禮盒們。

用餐環境維持一貫的典雅風格～

每人低消是飲料一組，點了無糖咖啡與熱茶來配蛋糕。

很多人推薦午間套餐，一份沙拉、一塊蛋糕、一杯飲料只要2100円(台幣約500)。

中烘焙黑咖啡 680円(台幣約160元)，香醇回甘，蠻好喝的。

有趣的椰子調味茶 800元(台幣約190元)，有股淡淡的椰子香氣，蠻特別的。

巧克力蛋糕 880円(台幣約210元)。

這次吃到比較喜歡的蛋糕，反而是這塊巧克力蛋糕，巧克力奶油甜香而不膩，中間的蛋糕
體口感濕潤蓬鬆，夾著醃漬過的核桃，整體搭配相當好吃。

當店限定的莓果蛋糕 1300円(台幣約300元)。

使用3種莓果與鮮奶油、巧克力奶油混搭而成，這款也不錯吃，酸香甜的莓果們減低奶油
膩度，很耐吃。

最後是冬天一定要點的草莓鮮奶油蛋糕 1000円(台幣約230元)。

這次旅行吃過厲害的沼津Grandma草莓鮮奶油蛋糕，所以覺得HARBS的版本還好，但他們草
莓選得好，又大又甜，搭配品質穩定的鮮奶油與軟綿的蛋糕體，還是有一定水準啦。

如果沒有追求HARBS本店，在其他分店吃其實也可以啦，品質都一樣，這次特別到本店就
當朝聖囉。

吃了三大塊蛋糕還是有點飽，榮本店旁就是久屋大通公園與名古屋電視塔、綠洲21，吃飽
飽來散步剛剛好。","[{""cmtStatus"": ""推"", ""cmtPoster"": ""helloaoc"", ""cmtContent"": "":這間去過，氣氛佳蛋糕好吃，待了一下午，享受在日本"", ""cmtDate"": ""2023-05-06 21:10:00""}, {""cmtStatus"": ""→"", ""cmtPoster"": ""helloaoc"", ""cmtContent"": "":的悠閒時光"", ""cmtDate"": ""2023-05-06 21:10:00""}, {""cmtStatus"": ""→"", ""cmtPoster"": ""BigBird110"", ""cmtContent"": "":內用缺點就是要點一杯很難喝的飲料"", ""cmtDate"": ""2023-05-06 21:13:00""}, {""cmtStatus"": ""推"", ""cmtPoster"": ""sor022"", ""cmtContent"": "":內用奶茶的冰塊是牛奶做的覺得飲料不會很難喝啊"", ""cmtDate"": ""2023-05-06 21:50:00""}, {""cmtStatus"": ""推"", ""cmtPoster"": ""cscs"", ""cmtContent"": "":內用低消就是一杯飲料"", ""cmtDate"": ""2023-05-06 22:16:00""}, {""cmtStatus"": ""推"", ""cmtPoster"": ""LOVEOEO49"", ""cmtContent"": "":奶茶好喝+1後來都外帶了結果現在叉子要收費了..."", ""cmtDate"": ""2023-05-06 22:37:00""}, {""cmtStatus"": ""推"", ""cmtPoster"": ""hyde235"", ""cmtContent"": "":商業午餐還是比較划算，但不是每間店都有供餐，要"", ""cmtDate"": ""2023-05-06 22:39:00""}, {""cmtStatus"": ""→"", ""cmtPoster"": ""hyde235"", ""cmtContent"": "":上官網查一下"", ""cmtDate"": ""2023-05-06 22:39:00""}, {""cmtStatus"": ""推"", ""cmtPoster"": ""wwokeb"", ""cmtContent"": "":上次點阿薩姆奶茶~個人覺得好喝耶"", ""cmtDate"": ""2023-05-06 22:48:00""}, {""cmtStatus"": ""→"", ""cmtPoster"": ""lucifero"", ""cmtContent"": "":但商業午餐的蛋糕比較小塊口味也有限制不過癮XD"", ""cmtDate"": ""2023-05-06 23:20:00""}, {""cmtStatus"": ""推"", ""cmtPoster"": ""Kamelie"", ""cmtContent"": "":商業午餐的蛋糕是半塊"", ""cmtDate"": ""2023-05-07 00:35:00""}, {""cmtStatus"": ""推"", ""cmtPoster"": ""icedog122"", ""cmtContent"": "":我都點商業午餐再加一塊想吃的蛋糕就不用點飲料了"", ""cmtDate"": ""2023-05-07 02:04:00""}, {""cmtStatus"": ""推"", ""cmtPoster"": ""maxangel"", ""cmtContent"": "":HARBS還是比9成台灣蛋糕店好吃QQ"", ""cmtDate"": ""2023-05-07 08:43:00""}, {""cmtStatus"": ""→"", ""cmtPoster"": ""feeling1027"", ""cmtContent"": "":覺得蜂蜜焙茶很好喝耶"", ""cmtDate"": ""2023-05-07 09:50:00""}, {""cmtStatus"": ""推"", ""cmtPoster"": ""mutohchi"", ""cmtContent"": "":都外帶去公園坐著吃XD"", ""cmtDate"": ""2023-05-07 11:29:00""}, {""cmtStatus"": ""推"", ""cmtPoster"": ""karen15920"", ""cmtContent"": "":正在本店吃午餐，氛圍超棒"", ""cmtDate"": ""2023-05-07 13:21:00""}, {""cmtStatus"": ""→"", ""cmtPoster"": ""yah51915"", ""cmtContent"": "":HARBS蛋糕好吃，但飲料就是普通"", ""cmtDate"": ""2023-05-07 18:50:00""}, {""cmtStatus"": ""推"", ""cmtPoster"": ""cflin"", ""cmtContent"": "":上個月也有去用晚餐，我覺得奶茶還不錯啊，義大利"", ""cmtDate"": ""2023-05-07 20:56:00""}, {""cmtStatus"": ""→"", ""cmtPoster"": ""cflin"", ""cmtContent"": "":麵也好吃"", ""cmtDate"": ""2023-05-07 20:56:00""}, {""cmtStatus"": ""推"", ""cmtPoster"": ""diablohinet"", ""cmtContent"": "":水果千層有感變小一點T_T點咖啡給我來奶茶...."", ""cmtDate"": ""2023-05-07 21:40:00""}]",1.200.74.166,2023-05-07 01:50:30,ptt
36,https://www.ptt.cc/bbs/Japan_Travel/M.1683386395.A.A11.html,[遊記]福岡巨蛋開業30周年無料入場心得,2023-05-06 23:19:52,mvpdirk712,Japan_Travel,"造訪日期：2023/5/5日

疫情影響，睽違4年終於再度造訪日本。首次造訪九州，安排8天7夜，玩好玩滿。
其中4天安排鐵道之旅，買了JR北九州PASS，都在搭觀光列車＆JR九州的各式列車。
搭了由布院之森、A-TRAIN、雙星4047、太魯閣號的原型885、九州/西九州新幹線、
音速號、接力鷗等各種列車。

8天另安排2天在福岡市區參觀，其中一天行程也就是標題：福岡巨蛋30周年無料入場。
這次會進場參觀純屬意外，一開始只是想在外面拍拍照，拍完閃人前往下個行程。
但沒想到會在福岡巨蛋待了三個小時，也算是難能可貴的體驗。

離開唐人町地鐵順著指標步行，在遠方就可以見到福岡巨蛋Paypay Dome，穿過Mark Is
銜接的步道上電扶梯，巨蛋就在眼前
https://imgur.com/0rjLu0V.jpg
其實數年前就有造訪過東京巨蛋，但當時只是拍照就走，沒有花時間細逛不知其大。
這次見到了福岡巨蛋，心裡浮現了三個字：
https://imgur.com/jJiXJFi.jpg
https://imgur.com/6gDitl3.jpg
空橋上有各式球員名字的鯉魚旗，只拍了幾位
https://imgur.com/dsLubA0.jpg
https://imgur.com/S1D30hX.jpg
https://imgur.com/I0tUr18.jpg
拍完正面就進去專賣店晃晃，剛好有推出ちいかわ的聯名商品，嗯～可愛
https://imgur.com/oExCqy0.jpg
https://imgur.com/VOVhLTb.jpg
逛完在後方休憩處拍了一堆名人的手手，怕細菌太多就不摸了
https://imgur.com/ELAYlHW.jpg
https://imgur.com/a2HjVZI.jpg
https://imgur.com/FJmPkPD.jpg
https://imgur.com/IIyyZ1U.jpg
拍完手繞完一圈後覺得該閃了，但在正門口發現有一些人在排隊。
當時心想是不是要排啥聯名商品？下電梯後左思右想還是上樓。
好奇心驅使下問了工作人員，得到回覆是福岡巨蛋開業30周年，5/5-5/7開放無料入場。
https://imgur.com/XQVFu2I.jpg
聽聞當下喜出望外，行程安排無法進場觀賽，但一睹巨蛋內部也是此次旅程小驚喜。
故決定跟著人龍排隊，中午12點一到終於輪到我了！
在還沒進場前以為只是在座位區指定範圍晃晃而已，但事情沒那麼簡單。
進場後發現不得了，直接讓你進到比賽場地啊！以下都照片，後續補充場內活動、心得。
https://imgur.com/63OG11t.jpg
https://imgur.com/bm1Ed6A.jpg
https://imgur.com/CEJFhbu.jpg
https://imgur.com/ssmJo07.jpg
https://imgur.com/j5mwAiW.jpg
https://imgur.com/gHhNHGx.jpg
https://imgur.com/DwREZKS.jpg
https://imgur.com/ksuq3cF.jpg
https://imgur.com/jG27Sa1.jpg
場內分兩大區塊，內野圍起來的區域要付費，人龍排超長，大多是爸媽帶小孩排。
可以在投手丘投球、跑壘，或是站在採訪台上，會有攝影機take你並顯示在大螢幕上。

外野則有高空彈跳床、九宮格、揮棒體驗、鯉魚旗造型充氣隧道。
因為內外野活動得排隊，大部分民眾都選在場內或坐或躺，好比大型野餐。
不然就是爸媽小孩在裡面玩傳接球，當時在場內還被小朋友K到，好在是軟式棒球，不痛。

我自己本身沒有看棒球，但可以體會軟銀鷹在福岡的魅力以及影響。
這不僅僅是比賽，更是大型的嘉年華，是福岡的文化與生活之一。

類似這種見學參觀的活動應該不少，但剛好碰到福岡巨蛋30周年，且是期間免費，
為此次旅程添了不少意外、驚喜。有朝一日希望可以親自體驗日職賽事魅力。
也謝謝大家看完這篇流水帳式的遊記，希望大家的日本之旅可以玩的平安盡興。
https://imgur.com/88acC2z.jpg
歹勢因為我是直接在imgur右上角copy連結的，想說手機板是正常顯示

大大如果是用網頁板圖庫我晚點修，因為要整理行李","[{""cmtStatus"": ""推"", ""cmtPoster"": ""AisinGioro"", ""cmtContent"": "":閱讀障礙你應該用JPG才對"", ""cmtDate"": ""2023-05-06 23:33:00""}, {""cmtStatus"": ""→"", ""cmtPoster"": ""AisinGioro"", ""cmtContent"": "":點開網頁版也看不到圖我不想一個個連結慢慢點"", ""cmtDate"": ""2023-05-06 23:33:00""}, {""cmtStatus"": ""→"", ""cmtPoster"": ""AisinGioro"", ""cmtContent"": "":退回重發"", ""cmtDate"": ""2023-05-06 23:33:00""}, {""cmtStatus"": ""→"", ""cmtPoster"": ""AisinGioro"", ""cmtContent"": "":照片耀光也太嚴重...."", ""cmtDate"": ""2023-05-06 23:34:00""}, {""cmtStatus"": ""推"", ""cmtPoster"": ""uio3344"", ""cmtContent"": "":推！"", ""cmtDate"": ""2023-05-07 00:37:00""}, {""cmtStatus"": ""推"", ""cmtPoster"": ""aalps"", ""cmtContent"": "":比ANAbug票文實用"", ""cmtDate"": ""2023-05-07 01:02:00""}, {""cmtStatus"": ""推"", ""cmtPoster"": ""stacy623"", ""cmtContent"": "":上上禮拜才在這看backnumber演唱會回來，看到你的"", ""cmtDate"": ""2023-05-07 07:54:00""}, {""cmtStatus"": ""→"", ""cmtPoster"": ""newsbow"", ""cmtContent"": "":柳皇的球衣就走了"", ""cmtDate"": ""2023-05-07 08:54:00""}, {""cmtStatus"": ""推"", ""cmtPoster"": ""newsbow"", ""cmtContent"": "":我穿短袖一整天不覺得冷，paypay巨蛋海風一直吹也"", ""cmtDate"": ""2023-05-08 16:55:00""}, {""cmtStatus"": ""→"", ""cmtPoster"": ""newsbow"", ""cmtContent"": "":一樣"", ""cmtDate"": ""2023-05-08 16:55:00""}]",114.37.120.84,2023-05-07 01:50:33,ptt
37,https://www.ptt.cc/bbs/Japan_Travel/M.1683396221.A.169.html,[資訊]20230506JX803懶人包(暫定),2023-05-07 02:03:39,UncleRed,Japan_Travel,"遠因跟基礎知識部分

1.5/6成田機場大風，許多班機重飛或是轉降其他機場
  (另，羽田更滿所以轉降會到名古屋)

2.成田機場有宵禁
  (12點後無法起降飛機，所以也不會有地勤跟移民官/海關能夠退關)

3.空服跟機組員有工作時數上限，如果超過的話不能在機上執勤。


事件相關經過

1.5/6早上JX800兩次嘗試皆無法順利降落，轉降名古屋機場，
  這會造成同班機回台灣的JX801相當程度的延遲。


2.5/6第二班JX802有順利降落，雖然有強風造成重落地的可能性，
  但理論上只要起落架檢查沒有問題應該不可能造成回程班機JX803長時間的DELAY。


3.JX800從名古屋飛回東京後，我只能說不明原因(!?)，
  將部分團客改簽給其他航空的航班回台，而其他的散客被改為搭JX803回台。
  原5/6班號JX801的班次就算取消，然後飛機跟機組員目前應該都在成田。


4.本來JX803的預計起飛時間因為各式技術問題
  (可能是801乘客併入的手續，也有傳說有異常燈號)，
  加上原802/803的組員工作時數已超過所以無法起飛。


5.據說星宇有派一組接替這班的組員搭其他航班到日本，
  但他們到達時已經超過成田的宵禁時間，JX803無法起飛，也算班機取消。


6.在本來就沒有24小時對應旅客的成田機場，
  根本沒有辦法退關退行李所以只能把旅客物理性放置(現在大概到這)



副本

1.因為801/803合併的關係，原801的旅客並沒有飛機餐可吃只有三明治，
  不過我相信跟現在的狀況相比這可能只是小小的公關危機......

2.被轉簽可以回台的幸運旅客好像有人沒有拿到自己的行李，
  可能一起被放在803了總之我不知道......

3.由於803本來回台灣後應該要接今天飛美國的JX2，
  但801/803兩架A350都在成田飛不起來，所以今晚的JX2也取消了，
  然後這班應該要再接從LAX飛回TPE的JX1會不會跟著也得取消目前不知道......

4.現在滯留的801/803說可以全額退票，但如何退/什麼時候退需要版友續報了。


以上，普通懶的懶人包。

MCqlUnGW-vRKWzw"" alt="""" loading=""lazy"" />","[{""cmtStatus"": ""推"", ""cmtPoster"": ""chen210121"", ""cmtContent"": "":高調"", ""cmtDate"": ""2023-05-07 02:05:00""}, {""cmtStatus"": ""推"", ""cmtPoster"": ""kyonyuumania"", ""cmtContent"": "":感謝分享"", ""cmtDate"": ""2023-05-07 02:06:00""}, {""cmtStatus"": ""推"", ""cmtPoster"": ""debby1993"", ""cmtContent"": "":據傳803暫定8:00飛？目前乘客發睡袋睡機場地板"", ""cmtDate"": ""2023-05-07 02:07:00""}, {""cmtStatus"": ""→"", ""cmtPoster"": ""soulXdancer"", ""cmtContent"": "":機上罵罵而已沒暴動真是奇蹟"", ""cmtDate"": ""2023-05-07 02:08:00""}, {""cmtStatus"": ""→"", ""cmtPoster"": ""shlee"", ""cmtContent"": "":暴動也沒辦法飛啊也只能罵一罵發洩一下了"", ""cmtDate"": ""2023-05-07 02:08:00""}, {""cmtStatus"": ""推"", ""cmtPoster"": ""YYZZKK"", ""cmtContent"": "":補充極度精簡版懶人包"", ""cmtDate"": ""2023-05-07 02:08:00""}, {""cmtStatus"": ""推"", ""cmtPoster"": ""mithralin"", ""cmtContent"": "":我香草航空那次也沒有人暴動，可能是LCC乘客比較能"", ""cmtDate"": ""2023-05-07 02:10:00""}, {""cmtStatus"": ""推"", ""cmtPoster"": ""mithralin"", ""cmtContent"": "":體諒成本因素(?)，不過有人爭取下才有飲料和早餐"", ""cmtDate"": ""2023-05-07 02:11:00""}, {""cmtStatus"": ""推"", ""cmtPoster"": ""purevision"", ""cmtContent"": "":聽說來回機票全退（？"", ""cmtDate"": ""2023-05-07 02:12:00""}, {""cmtStatus"": ""→"", ""cmtPoster"": ""er5820"", ""cmtContent"": "":睡不到5小時隔天一定很精彩"", ""cmtDate"": ""2023-05-07 02:14:00""}, {""cmtStatus"": ""推"", ""cmtPoster"": ""spw050693"", ""cmtContent"": "":推懶人包解釋"", ""cmtDate"": ""2023-05-07 02:14:00""}, {""cmtStatus"": ""推"", ""cmtPoster"": ""encorea84459"", ""cmtContent"": "":803旅客推精闢懶人包"", ""cmtDate"": ""2023-05-07 02:14:00""}, {""cmtStatus"": ""推"", ""cmtPoster"": ""chinick1478"", ""cmtContent"": "":Push"", ""cmtDate"": ""2023-05-07 02:16:00""}, {""cmtStatus"": ""推"", ""cmtPoster"": ""debby1993"", ""cmtContent"": "":800/801應該是用同組組員來回？只是delay造成超時所"", ""cmtDate"": ""2023-05-07 02:16:00""}, {""cmtStatus"": ""→"", ""cmtPoster"": ""debby1993"", ""cmtContent"": "":以只能直接取消？（待專業人士補充"", ""cmtDate"": ""2023-05-07 02:16:00""}, {""cmtStatus"": ""推"", ""cmtPoster"": ""Subscript9"", ""cmtContent"": "":直接被洞八…"", ""cmtDate"": ""2023-05-07 02:17:00""}, {""cmtStatus"": ""推"", ""cmtPoster"": ""shlee"", ""cmtContent"": "":800從名古屋回到成田的時候已經日本時間晚上7點多"", ""cmtDate"": ""2023-05-07 02:18:00""}, {""cmtStatus"": ""→"", ""cmtPoster"": ""shlee"", ""cmtContent"": "":了那時候801的旅客應該早就跑完轉簽跟併班的手續"", ""cmtDate"": ""2023-05-07 02:18:00""}, {""cmtStatus"": ""→"", ""cmtPoster"": ""shlee"", ""cmtContent"": "":在803上面"", ""cmtDate"": ""2023-05-07 02:18:00""}, {""cmtStatus"": ""推"", ""cmtPoster"": ""debby1993"", ""cmtContent"": "":801就是沒飛機來所以直接取消，那02也不早點取消讓"", ""cmtDate"": ""2023-05-07 02:22:00""}, {""cmtStatus"": ""→"", ""cmtPoster"": ""debby1993"", ""cmtContent"": "":其他人轉簽去另外兩家，那兩家都飛了才說要取消，真"", ""cmtDate"": ""2023-05-07 02:22:00""}, {""cmtStatus"": ""→"", ""cmtPoster"": ""debby1993"", ""cmtContent"": "":的是史詩級災難……"", ""cmtDate"": ""2023-05-07 02:22:00""}, {""cmtStatus"": ""→"", ""cmtPoster"": ""UncleRed"", ""cmtContent"": "":就算那兩家還沒飛也沒位置吧，等下轉不完被說大小眼"", ""cmtDate"": ""2023-05-07 02:24:00""}, {""cmtStatus"": ""推"", ""cmtPoster"": ""benson1613"", ""cmtContent"": "":這真的超級大出事,好久沒有這樣追航空八點檔了哈哈"", ""cmtDate"": ""2023-05-07 02:24:00""}, {""cmtStatus"": ""推"", ""cmtPoster"": ""mithralin"", ""cmtContent"": "":801團客全轉簽其他航空公司，散客改搭803"", ""cmtDate"": ""2023-05-07 02:26:00""}, {""cmtStatus"": ""推"", ""cmtPoster"": ""pimachu"", ""cmtContent"": "":看其他公司要不要出手救援不然這粽子串不完"", ""cmtDate"": ""2023-05-07 02:27:00""}, {""cmtStatus"": ""推"", ""cmtPoster"": ""marunouchi"", ""cmtContent"": "":等著看TPE跟LAX"", ""cmtDate"": ""2023-05-07 02:27:00""}, {""cmtStatus"": ""推"", ""cmtPoster"": ""debby1993"", ""cmtContent"": "":不幫轉還是有少數人會直接當場買別家飛過去，都不給"", ""cmtDate"": ""2023-05-07 02:28:00""}, {""cmtStatus"": ""→"", ""cmtPoster"": ""debby1993"", ""cmtContent"": "":人應變時間的真的糟……"", ""cmtDate"": ""2023-05-07 02:28:00""}, {""cmtStatus"": ""推"", ""cmtPoster"": ""mithralin"", ""cmtContent"": "":這次事件應該可以寫入教科書了，負面教材方面的"", ""cmtDate"": ""2023-05-07 02:29:00""}, {""cmtStatus"": ""推"", ""cmtPoster"": ""umyiwen"", ""cmtContent"": "":有夠大包"", ""cmtDate"": ""2023-05-07 02:31:00""}, {""cmtStatus"": ""推"", ""cmtPoster"": ""marunouchi"", ""cmtContent"": "":後面一串粽子"", ""cmtDate"": ""2023-05-07 02:31:00""}, {""cmtStatus"": ""推"", ""cmtPoster"": ""gtayu"", ""cmtContent"": "":辛苦了"", ""cmtDate"": ""2023-05-07 02:33:00""}, {""cmtStatus"": ""推"", ""cmtPoster"": ""ORIENT0510"", ""cmtContent"": "":究竟是會變成公關的災難還是業界的笑話？"", ""cmtDate"": ""2023-05-07 02:33:00""}, {""cmtStatus"": ""推"", ""cmtPoster"": ""roger61212"", ""cmtContent"": "":如果當下聯絡其他航空業者支援疏散會不會比較好，雖"", ""cmtDate"": ""2023-05-07 02:36:00""}, {""cmtStatus"": ""→"", ""cmtPoster"": ""roger61212"", ""cmtContent"": "":然重拿行李跟登入也是需要不少時間"", ""cmtDate"": ""2023-05-07 02:36:00""}, {""cmtStatus"": ""→"", ""cmtPoster"": ""shlee"", ""cmtContent"": "":要看其他航空公司的航班時間跟有沒有位置"", ""cmtDate"": ""2023-05-07 02:37:00""}, {""cmtStatus"": ""→"", ""cmtPoster"": ""shlee"", ""cmtContent"": "":801是有轉簽團客跟少部分散客給華航也有飛回來然"", ""cmtDate"": ""2023-05-07 02:38:00""}, {""cmtStatus"": ""→"", ""cmtPoster"": ""shlee"", ""cmtContent"": "":後剩餘的散客被安排搭803"", ""cmtDate"": ""2023-05-07 02:38:00""}, {""cmtStatus"": ""推"", ""cmtPoster"": ""tookbon"", ""cmtContent"": "":老實說成田這個風寧可今天不飛命要緊但星宇處理"", ""cmtDate"": ""2023-05-07 02:41:00""}, {""cmtStatus"": ""→"", ""cmtPoster"": ""tookbon"", ""cmtContent"": "":要更完整"", ""cmtDate"": ""2023-05-07 02:41:00""}, {""cmtStatus"": ""→"", ""cmtPoster"": ""a27281591"", ""cmtContent"": "":也要別家有人有時間接"", ""cmtDate"": ""2023-05-07 02:42:00""}, {""cmtStatus"": ""→"", ""cmtPoster"": ""a27281591"", ""cmtContent"": "":還好這不是在超級旺季發生否則更可怕..."", ""cmtDate"": ""2023-05-07 02:43:00""}, {""cmtStatus"": ""推"", ""cmtPoster"": ""pimachu"", ""cmtContent"": "":問題就是你團客都能轉了啊不整機轉掉"", ""cmtDate"": ""2023-05-07 02:44:00""}, {""cmtStatus"": ""推"", ""cmtPoster"": ""jakert123"", ""cmtContent"": "":感覺就是散客改搭803造成的，當初全部轉簽就沒事了"", ""cmtDate"": ""2023-05-07 02:45:00""}, {""cmtStatus"": ""→"", ""cmtPoster"": ""jakert123"", ""cmtContent"": "":，併班導致後面全部gg"", ""cmtDate"": ""2023-05-07 02:45:00""}, {""cmtStatus"": ""→"", ""cmtPoster"": ""wisteriachi"", ""cmtContent"": "":只有800跟成田風有關係，後續一連串是星宇調度問題"", ""cmtDate"": ""2023-05-07 02:46:00""}, {""cmtStatus"": ""→"", ""cmtPoster"": ""wisteriachi"", ""cmtContent"": "":。"", ""cmtDate"": ""2023-05-07 02:46:00""}, {""cmtStatus"": ""推"", ""cmtPoster"": ""mithralin"", ""cmtContent"": "":轉簽也要其他航班飛機有空位，現在還在黃金週加上"", ""cmtDate"": ""2023-05-07 02:49:00""}, {""cmtStatus"": ""→"", ""cmtPoster"": ""mithralin"", ""cmtContent"": "":假日位置本來就不多了"", ""cmtDate"": ""2023-05-07 02:49:00""}, {""cmtStatus"": ""→"", ""cmtPoster"": ""autumoon"", ""cmtContent"": "":我樂桃被關四小時那次有人直接去敲機長室的門抗議"", ""cmtDate"": ""2023-05-07 02:50:00""}, {""cmtStatus"": ""推"", ""cmtPoster"": ""suba1121"", ""cmtContent"": "":推很精闢的懶人包連轉簽的801行李狀況都有"", ""cmtDate"": ""2023-05-07 02:51:00""}, {""cmtStatus"": ""→"", ""cmtPoster"": ""sinohara"", ""cmtContent"": "":以前的強側風重落地在NH還是767老飛機的時代也有過"", ""cmtDate"": ""2023-05-07 02:51:00""}, {""cmtStatus"": ""推"", ""cmtPoster"": ""huang19898"", ""cmtContent"": "":如果暴動有沒機會下飛機?認賠刷機場住宿+第二天他"", ""cmtDate"": ""2023-05-07 02:54:00""}, {""cmtStatus"": ""→"", ""cmtPoster"": ""huang19898"", ""cmtContent"": "":家廉航機票也遠比關飛機上8個小時好"", ""cmtDate"": ""2023-05-07 02:55:00""}, {""cmtStatus"": ""推"", ""cmtPoster"": ""mithralin"", ""cmtContent"": "":沒有機會，因為過宵禁時間人家都下班了"", ""cmtDate"": ""2023-05-07 02:55:00""}, {""cmtStatus"": ""推"", ""cmtPoster"": ""MTBF"", ""cmtContent"": "":精簡客觀"", ""cmtDate"": ""2023-05-07 02:55:00""}, {""cmtStatus"": ""→"", ""cmtPoster"": ""huang19898"", ""cmtContent"": "":如果9點之類的時間以生病之名要求下機或報警不知可"", ""cmtDate"": ""2023-05-07 02:58:00""}, {""cmtStatus"": ""→"", ""cmtPoster"": ""huang19898"", ""cmtContent"": "":不可行"", ""cmtDate"": ""2023-05-07 02:58:00""}, {""cmtStatus"": ""推"", ""cmtPoster"": ""jasonchiu122"", ""cmtContent"": "":看FB旅客的最新回報，現在都獲得成田候機室地板體"", ""cmtDate"": ""2023-05-07 02:59:00""}, {""cmtStatus"": ""→"", ""cmtPoster"": ""jasonchiu122"", ""cmtContent"": "":驗券一張"", ""cmtDate"": ""2023-05-07 02:59:00""}, {""cmtStatus"": ""→"", ""cmtPoster"": ""autumoon"", ""cmtContent"": "":如果是119或110的方式出艙門的話後果應該滿有趣的.."", ""cmtDate"": ""2023-05-07 02:59:00""}, {""cmtStatus"": ""→"", ""cmtPoster"": ""autumoon"", ""cmtContent"": "":因為不是台灣，是日本。是成田機場不是成田車站。"", ""cmtDate"": ""2023-05-07 03:00:00""}, {""cmtStatus"": ""→"", ""cmtPoster"": ""er5820"", ""cmtContent"": "":社團桃園飛美國罵聲連連有給飯店4人一間只有30個房"", ""cmtDate"": ""2023-05-07 03:02:00""}, {""cmtStatus"": ""→"", ""cmtPoster"": ""er5820"", ""cmtContent"": "":間"", ""cmtDate"": ""2023-05-07 03:02:00""}, {""cmtStatus"": ""推"", ""cmtPoster"": ""phoebe147"", ""cmtContent"": "":臉書一堆看不懂新聞再罵乘客的，哭啊"", ""cmtDate"": ""2023-05-07 03:06:00""}, {""cmtStatus"": ""推"", ""cmtPoster"": ""huang19898"", ""cmtContent"": "":110或119的方式出艙門會違反飛安法嗎?"", ""cmtDate"": ""2023-05-07 03:14:00""}, {""cmtStatus"": ""推"", ""cmtPoster"": ""S890127"", ""cmtContent"": "":早上那個強風轉降還算是情有可原，安全要緊"", ""cmtDate"": ""2023-05-07 03:14:00""}, {""cmtStatus"": ""→"", ""cmtPoster"": ""S890127"", ""cmtContent"": "":那時候怪星宇沒道理但後面調度處理太糟糕了"", ""cmtDate"": ""2023-05-07 03:15:00""}, {""cmtStatus"": ""→"", ""cmtPoster"": ""TheoEpstein"", ""cmtContent"": "":推一個懶人包"", ""cmtDate"": ""2023-05-07 03:16:00""}, {""cmtStatus"": ""→"", ""cmtPoster"": ""S890127"", ""cmtContent"": "":這個只有賠機票錢根本不夠"", ""cmtDate"": ""2023-05-07 03:16:00""}, {""cmtStatus"": ""→"", ""cmtPoster"": ""S890127"", ""cmtContent"": "":行程延誤大亂還被關在飛機上最後睡機場地板"", ""cmtDate"": ""2023-05-07 03:16:00""}, {""cmtStatus"": ""→"", ""cmtPoster"": ""autumoon"", ""cmtContent"": "":對阿，有保不便險的人虧大了...."", ""cmtDate"": ""2023-05-07 03:18:00""}, {""cmtStatus"": ""→"", ""cmtPoster"": ""autumoon"", ""cmtContent"": "":有沒有違反飛安法不知道，但在機場謊報應該很刺激"", ""cmtDate"": ""2023-05-07 03:19:00""}, {""cmtStatus"": ""→"", ""cmtPoster"": ""autumoon"", ""cmtContent"": "":我去年在沖繩看到有人倒路邊沒確認就打110，警察來"", ""cmtDate"": ""2023-05-07 03:20:00""}, {""cmtStatus"": ""→"", ""cmtPoster"": ""autumoon"", ""cmtContent"": "":了之後看到是爛醉就唸了我一下要我先確認再打電話.."", ""cmtDate"": ""2023-05-07 03:21:00""}, {""cmtStatus"": ""推"", ""cmtPoster"": ""TheoEpstein"", ""cmtContent"": "":現在就退不了關了"", ""cmtDate"": ""2023-05-07 03:23:00""}, {""cmtStatus"": ""推"", ""cmtPoster"": ""yanwu0105"", ""cmtContent"": "":18年也有遇到成田宵禁但捷星有讓我們退關補償全額"", ""cmtDate"": ""2023-05-07 03:40:00""}, {""cmtStatus"": ""→"", ""cmtPoster"": ""yanwu0105"", ""cmtContent"": "":食物計程車飯店費隔天原機飛回台灣"", ""cmtDate"": ""2023-05-07 03:40:00""}, {""cmtStatus"": ""推"", ""cmtPoster"": ""chewthelife8"", ""cmtContent"": "":真的是直接被洞八….當過兵的都知道洞八的痛苦"", ""cmtDate"": ""2023-05-07 03:48:00""}, {""cmtStatus"": ""→"", ""cmtPoster"": ""yaoilot"", ""cmtContent"": "":疫情前酷航高雄飛機壞了，過宵禁還是有退關送去旅館"", ""cmtDate"": ""2023-05-07 03:51:00""}, {""cmtStatus"": ""→"", ""cmtPoster"": ""yaoilot"", ""cmtContent"": "":，所以日本那邊移民署跟海關是時間到準時打卡下班"", ""cmtDate"": ""2023-05-07 03:51:00""}, {""cmtStatus"": ""→"", ""cmtPoster"": ""yaoilot"", ""cmtContent"": "":嗎？"", ""cmtDate"": ""2023-05-07 03:51:00""}, {""cmtStatus"": ""推"", ""cmtPoster"": ""lovejay52012"", ""cmtContent"": "":誰會幫他們家啊............"", ""cmtDate"": ""2023-05-07 03:51:00""}, {""cmtStatus"": ""→"", ""cmtPoster"": ""er5820"", ""cmtContent"": "":酷航是大阪機場是24小時影藝跟成田不一樣"", ""cmtDate"": ""2023-05-07 03:53:00""}, {""cmtStatus"": ""推"", ""cmtPoster"": ""MTBF"", ""cmtContent"": "":是成田宵禁關場移民官海關就下班"", ""cmtDate"": ""2023-05-07 03:54:00""}, {""cmtStatus"": ""→"", ""cmtPoster"": ""MTBF"", ""cmtContent"": "":捷星有辦法協調退關是他們有本事"", ""cmtDate"": ""2023-05-07 03:54:00""}, {""cmtStatus"": ""→"", ""cmtPoster"": ""autumoon"", ""cmtContent"": "":記得捷星後台是JAL，可能是本國班機比較好處理？"", ""cmtDate"": ""2023-05-07 03:59:00""}, {""cmtStatus"": ""→"", ""cmtPoster"": ""carolyntsai"", ""cmtContent"": "":跟主不主場有關係嗎?"", ""cmtDate"": ""2023-05-07 03:59:00""}, {""cmtStatus"": ""→"", ""cmtPoster"": ""carolyntsai"", ""cmtContent"": "":我是想問,是不是跟主場也有關係?"", ""cmtDate"": ""2023-05-07 04:01:00""}, {""cmtStatus"": ""→"", ""cmtPoster"": ""autumoon"", ""cmtContent"": "":我覺得有可能，我幾年前搭往高雄的樂桃因故降落桃園"", ""cmtDate"": ""2023-05-07 04:01:00""}, {""cmtStatus"": ""→"", ""cmtPoster"": ""autumoon"", ""cmtContent"": "":出不去也是因為飛機國籍問題"", ""cmtDate"": ""2023-05-07 04:01:00""}, {""cmtStatus"": ""推"", ""cmtPoster"": ""Misako"", ""cmtContent"": "":調度問題吧危機處理很差，講真的飛不了早點出來說明"", ""cmtDate"": ""2023-05-07 04:11:00""}, {""cmtStatus"": ""→"", ""cmtPoster"": ""Misako"", ""cmtContent"": "":或安排乘客下機休息也好過現在這樣，根本是最爛的處"", ""cmtDate"": ""2023-05-07 04:11:00""}, {""cmtStatus"": ""→"", ""cmtPoster"": ""Misako"", ""cmtContent"": "":理方式"", ""cmtDate"": ""2023-05-07 04:11:00""}, {""cmtStatus"": ""推"", ""cmtPoster"": ""cching1021"", ""cmtContent"": "":801轉簽轉不了的直接送旅館讓803自己正常起飛就"", ""cmtDate"": ""2023-05-07 04:13:00""}, {""cmtStatus"": ""→"", ""cmtPoster"": ""cching1021"", ""cmtContent"": "":什麼事都不會有"", ""cmtDate"": ""2023-05-07 04:13:00""}, {""cmtStatus"": ""推"", ""cmtPoster"": ""asdfgh369"", ""cmtContent"": "":801跟803的大大們都辛苦了...這處理真的太誇張"", ""cmtDate"": ""2023-05-07 04:17:00""}, {""cmtStatus"": ""推"", ""cmtPoster"": ""tprktpps"", ""cmtContent"": "":星宇調度真的爛不應該併班就算了機組人員超時時"", ""cmtDate"": ""2023-05-07 04:48:00""}, {""cmtStatus"": ""→"", ""cmtPoster"": ""tprktpps"", ""cmtContent"": "":也早該放人下機想也知道今天肯定無法起飛了高層"", ""cmtDate"": ""2023-05-07 04:48:00""}, {""cmtStatus"": ""→"", ""cmtPoster"": ""tprktpps"", ""cmtContent"": "":真的有病"", ""cmtDate"": ""2023-05-07 04:48:00""}, {""cmtStatus"": ""推"", ""cmtPoster"": ""gm3252"", ""cmtContent"": "":旅客這麼生氣還有一點是是被關在飛機上太久，早點"", ""cmtDate"": ""2023-05-07 05:31:00""}, {""cmtStatus"": ""→"", ""cmtPoster"": ""gm3252"", ""cmtContent"": "":放人到機場還不會這麼嚴重"", ""cmtDate"": ""2023-05-07 05:31:00""}, {""cmtStatus"": ""推"", ""cmtPoster"": ""encorea84459"", ""cmtContent"": "":而且8點那時說要延到11點就有乘客反應宵禁問題了"", ""cmtDate"": ""2023-05-07 05:33:00""}, {""cmtStatus"": ""→"", ""cmtPoster"": ""encorea84459"", ""cmtContent"": "":完全不管硬要賭真的是扯爛"", ""cmtDate"": ""2023-05-07 05:33:00""}, {""cmtStatus"": ""推"", ""cmtPoster"": ""Taku1003"", ""cmtContent"": "":原801乘客淚推…為什麼不把我轉簽出去"", ""cmtDate"": ""2023-05-07 05:48:00""}, {""cmtStatus"": ""推"", ""cmtPoster"": ""darrenh"", ""cmtContent"": "":所以jx2有飛嗎？"", ""cmtDate"": ""2023-05-07 05:48:00""}, {""cmtStatus"": ""推"", ""cmtPoster"": ""naoko10078"", ""cmtContent"": "":搭今天800的瑟瑟發抖"", ""cmtDate"": ""2023-05-07 05:51:00""}, {""cmtStatus"": ""推"", ""cmtPoster"": ""darrenh"", ""cmtContent"": "":樓上應該已經在機場了吧？有飛？"", ""cmtDate"": ""2023-05-07 05:58:00""}, {""cmtStatus"": ""推"", ""cmtPoster"": ""naoko10078"", ""cmtContent"": "":前往機場路上"", ""cmtDate"": ""2023-05-07 06:02:00""}, {""cmtStatus"": ""推"", ""cmtPoster"": ""darrenh"", ""cmtContent"": "":今天到底有沒有飛機可以飛800，我看桃機寫正常"", ""cmtDate"": ""2023-05-07 06:03:00""}, {""cmtStatus"": ""推"", ""cmtPoster"": ""naoko10078"", ""cmtContent"": "":看星宇網站動態也都是正常"", ""cmtDate"": ""2023-05-07 06:05:00""}, {""cmtStatus"": ""推"", ""cmtPoster"": ""nolimits"", ""cmtContent"": "":虎航也有飛成田的吧怎麼就沒有問題？"", ""cmtDate"": ""2023-05-07 06:18:00""}, {""cmtStatus"": ""推"", ""cmtPoster"": ""Vladivostok"", ""cmtContent"": "":要是其他兩家這樣應該幹譙到翻了吧"", ""cmtDate"": ""2023-05-07 06:20:00""}, {""cmtStatus"": ""推"", ""cmtPoster"": ""naoko10078"", ""cmtContent"": "":看起來今早800是正常"", ""cmtDate"": ""2023-05-07 06:28:00""}, {""cmtStatus"": ""推"", ""cmtPoster"": ""TT"", ""cmtContent"": "":昨天正好是延遲一下起飛的CI103，風超大超晃"", ""cmtDate"": ""2023-05-07 06:29:00""}, {""cmtStatus"": ""→"", ""cmtPoster"": ""TT"", ""cmtContent"": "":主要看起來是後續處理的太糟，好險都平安"", ""cmtDate"": ""2023-05-07 06:30:00""}, {""cmtStatus"": ""推"", ""cmtPoster"": ""zxc11234"", ""cmtContent"": "":天氣因素的話也沒什麼好說的，但很明顯就是星宇完"", ""cmtDate"": ""2023-05-07 06:32:00""}, {""cmtStatus"": ""→"", ""cmtPoster"": ""zxc11234"", ""cmtContent"": "":全沒有危機處理能力，一個大風就把問題吹出來，以"", ""cmtDate"": ""2023-05-07 06:32:00""}, {""cmtStatus"": ""→"", ""cmtPoster"": ""zxc11234"", ""cmtContent"": "":後直接列入黑名單了，我猜補償應該會很豐厚不然壓"", ""cmtDate"": ""2023-05-07 06:32:00""}, {""cmtStatus"": ""→"", ""cmtPoster"": ""zxc11234"", ""cmtContent"": "":不下來"", ""cmtDate"": ""2023-05-07 06:32:00""}, {""cmtStatus"": ""→"", ""cmtPoster"": ""lcchang"", ""cmtContent"": "":目前日本時間07:38，還在成田躺睡袋還沒有任何登機"", ""cmtDate"": ""2023-05-07 06:39:00""}, {""cmtStatus"": ""→"", ""cmtPoster"": ""lcchang"", ""cmtContent"": "":消息"", ""cmtDate"": ""2023-05-07 06:39:00""}, {""cmtStatus"": ""→"", ""cmtPoster"": ""encorea84459"", ""cmtContent"": "":是我沒睡醒還是怎樣剛說要拆三班？"", ""cmtDate"": ""2023-05-07 06:43:00""}, {""cmtStatus"": ""推"", ""cmtPoster"": ""S890127"", ""cmtContent"": "":話說如果有人買要冰的土產(Royce之類)不就報銷了"", ""cmtDate"": ""2023-05-07 07:12:00""}, {""cmtStatus"": ""→"", ""cmtPoster"": ""S890127"", ""cmtContent"": "":雖然這相較之下沒那麼重要了"", ""cmtDate"": ""2023-05-07 07:12:00""}, {""cmtStatus"": ""推"", ""cmtPoster"": ""jtsu5223"", ""cmtContent"": "":好慘"", ""cmtDate"": ""2023-05-07 07:15:00""}, {""cmtStatus"": ""推"", ""cmtPoster"": ""Yumon"", ""cmtContent"": "":要冰的土產可能就打開吃了吧"", ""cmtDate"": ""2023-05-07 07:16:00""}, {""cmtStatus"": ""推"", ""cmtPoster"": ""TT"", ""cmtContent"": "":這有買旅平險應該能利用到，沒買就真的慘"", ""cmtDate"": ""2023-05-07 07:20:00""}, {""cmtStatus"": ""推"", ""cmtPoster"": ""nuc1earsub"", ""cmtContent"": "":董欸不是去現場了?"", ""cmtDate"": ""2023-05-07 07:23:00""}, {""cmtStatus"": ""→"", ""cmtPoster"": ""autumoon"", ""cmtContent"": "":這次的狀況是不便險的賠償範圍吧？"", ""cmtDate"": ""2023-05-07 07:25:00""}, {""cmtStatus"": ""推"", ""cmtPoster"": ""kenploin"", ""cmtContent"": "":這家這樣搞絕對不搭呀處理很糟糕"", ""cmtDate"": ""2023-05-07 07:35:00""}, {""cmtStatus"": ""推"", ""cmtPoster"": ""inewhand"", ""cmtContent"": "":兩班乘客跟機組都辛苦了，卡一個等後續"", ""cmtDate"": ""2023-05-07 07:42:00""}, {""cmtStatus"": ""→"", ""cmtPoster"": ""autumoon"", ""cmtContent"": "":剛想到星宇這樣搞，不便險的理賠金額可能也不太樂觀"", ""cmtDate"": ""2023-05-07 07:52:00""}, {""cmtStatus"": ""推"", ""cmtPoster"": ""applebob"", ""cmtContent"": "":明天要飛怕..."", ""cmtDate"": ""2023-05-07 07:56:00""}, {""cmtStatus"": ""推"", ""cmtPoster"": ""TT"", ""cmtContent"": "":就超過四小時+行程延誤這兩款項能領吧"", ""cmtDate"": ""2023-05-07 07:56:00""}, {""cmtStatus"": ""→"", ""cmtPoster"": ""chie24"", ""cmtContent"": "":行李延誤要看有的回國段不賠……"", ""cmtDate"": ""2023-05-07 08:01:00""}, {""cmtStatus"": ""→"", ""cmtPoster"": ""autumoon"", ""cmtContent"": "":我之前搭樂桃沖繩高雄沖繩的環線班機申請理賠時弄很"", ""cmtDate"": ""2023-05-07 08:02:00""}, {""cmtStatus"": ""→"", ""cmtPoster"": ""autumoon"", ""cmtContent"": "":久，而且同班機專員的判斷居然不一樣害我少領一筆"", ""cmtDate"": ""2023-05-07 08:03:00""}, {""cmtStatus"": ""推"", ""cmtPoster"": ""Bokaka"", ""cmtContent"": "":航空板說k董還得幫忙開飛機回來XD"", ""cmtDate"": ""2023-05-07 08:03:00""}, {""cmtStatus"": ""→"", ""cmtPoster"": ""autumoon"", ""cmtContent"": "":星宇這趟最想哭的應該是沒有「過夜補助」"", ""cmtDate"": ""2023-05-07 08:04:00""}, {""cmtStatus"": ""→"", ""cmtPoster"": ""chie24"", ""cmtContent"": "":用睡袋換滯留旅客住宿費用賺爛，我說星宇賺爛"", ""cmtDate"": ""2023-05-07 08:07:00""}, {""cmtStatus"": ""推"", ""cmtPoster"": ""TT"", ""cmtContent"": "":新企畫夜宿成田機場(無料)"", ""cmtDate"": ""2023-05-07 08:10:00""}, {""cmtStatus"": ""推"", ""cmtPoster"": ""greenfetish"", ""cmtContent"": "":所以被關在機上多久啊？待候機室我能忍，被關機上"", ""cmtDate"": ""2023-05-07 08:23:00""}, {""cmtStatus"": ""→"", ""cmtPoster"": ""greenfetish"", ""cmtContent"": "":那小空間真心不能忍"", ""cmtDate"": ""2023-05-07 08:23:00""}, {""cmtStatus"": ""推"", ""cmtPoster"": ""Serio"", ""cmtContent"": "":行李延誤要看保險怎寫之前我PEK-TPE行李沒上飛機"", ""cmtDate"": ""2023-05-07 08:27:00""}, {""cmtStatus"": ""→"", ""cmtPoster"": ""Serio"", ""cmtContent"": "":最後也沒賠(因為已經回國沒有影響衣住等)"", ""cmtDate"": ""2023-05-07 08:28:00""}, {""cmtStatus"": ""→"", ""cmtPoster"": ""Serio"", ""cmtContent"": "":行程延誤這應該算人為非天候(大雪)應該有辦法拿"", ""cmtDate"": ""2023-05-07 08:29:00""}, {""cmtStatus"": ""推"", ""cmtPoster"": ""IUOIUOIUO"", ""cmtContent"": "":開始需要看這次事件哪些保險有賠了感覺沒那麼簡單"", ""cmtDate"": ""2023-05-07 08:30:00""}, {""cmtStatus"": ""→"", ""cmtPoster"": ""w2776803"", ""cmtContent"": "":這個人為疏失居多吧換成自己被關在機上，機組員只會"", ""cmtDate"": ""2023-05-07 08:33:00""}, {""cmtStatus"": ""→"", ""cmtPoster"": ""w2776803"", ""cmtContent"": "":說等，雖然基層無辜，但旅客生氣也正常"", ""cmtDate"": ""2023-05-07 08:33:00""}, {""cmtStatus"": ""推"", ""cmtPoster"": ""BNT5566"", ""cmtContent"": "":關在機上7小時啦18-01"", ""cmtDate"": ""2023-05-07 08:44:00""}, {""cmtStatus"": ""→"", ""cmtPoster"": ""BNT5566"", ""cmtContent"": "":重點過程中沒持續更新消息，導致大家都不知在等啥"", ""cmtDate"": ""2023-05-07 08:45:00""}, {""cmtStatus"": ""→"", ""cmtPoster"": ""alwayspink"", ""cmtContent"": "":樓上那真的會很無力無助"", ""cmtDate"": ""2023-05-07 08:47:00""}, {""cmtStatus"": ""→"", ""cmtPoster"": ""IUOIUOIUO"", ""cmtContent"": "":機上關玩換關機場總共到底多久800跟803"", ""cmtDate"": ""2023-05-07 08:48:00""}, {""cmtStatus"": ""推"", ""cmtPoster"": ""kwinner"", ""cmtContent"": "":長榮和華航會怎麼處理？"", ""cmtDate"": ""2023-05-07 08:49:00""}, {""cmtStatus"": ""→"", ""cmtPoster"": ""IUOIUOIUO"", ""cmtContent"": "":長榮一開始就會降落成功華航會一堆飛機載人回來"", ""cmtDate"": ""2023-05-07 08:50:00""}, {""cmtStatus"": ""→"", ""cmtPoster"": ""kwinner"", ""cmtContent"": "":誰在乎飛機駕駛是誰？什麼飛才是重點行李、住宿、"", ""cmtDate"": ""2023-05-07 08:51:00""}, {""cmtStatus"": ""→"", ""cmtPoster"": ""kwinner"", ""cmtContent"": "":餐點"", ""cmtDate"": ""2023-05-07 08:51:00""}, {""cmtStatus"": ""推"", ""cmtPoster"": ""foreverfree"", ""cmtContent"": "":調度真的雷，廉航都沒看過這麼大的包"", ""cmtDate"": ""2023-05-07 08:51:00""}, {""cmtStatus"": ""→"", ""cmtPoster"": ""autumoon"", ""cmtContent"": "":在這之前我以為我被樂桃關艙四小時重返原地已經夠慘"", ""cmtDate"": ""2023-05-07 08:52:00""}, {""cmtStatus"": ""→"", ""cmtPoster"": ""chinick1478"", ""cmtContent"": "":今天801也延誤囉～"", ""cmtDate"": ""2023-05-07 08:53:00""}, {""cmtStatus"": ""推"", ""cmtPoster"": ""cmelo1515"", ""cmtContent"": "":800的乘客張董會給壓驚補貼嗎"", ""cmtDate"": ""2023-05-07 08:59:00""}, {""cmtStatus"": ""推"", ""cmtPoster"": ""vashwu"", ""cmtContent"": "":沒事啦再找兩個網紅開箱經濟艙餐點就好"", ""cmtDate"": ""2023-05-07 09:04:00""}, {""cmtStatus"": ""推"", ""cmtPoster"": ""IUOIUOIUO"", ""cmtContent"": "":順便推出800特調803特調期間限定"", ""cmtDate"": ""2023-05-07 09:05:00""}, {""cmtStatus"": ""推"", ""cmtPoster"": ""Jelen"", ""cmtContent"": "":辛苦旅客了"", ""cmtDate"": ""2023-05-07 09:07:00""}, {""cmtStatus"": ""推"", ""cmtPoster"": ""s91ad017"", ""cmtContent"": "":申請理賠看起來可以選班機延誤，本來還可以選旅遊"", ""cmtDate"": ""2023-05-07 09:11:00""}, {""cmtStatus"": ""→"", ""cmtPoster"": ""s91ad017"", ""cmtContent"": "":更改(但因為沒有住宿交通的費用，睡機場)"", ""cmtDate"": ""2023-05-07 09:11:00""}, {""cmtStatus"": ""推"", ""cmtPoster"": ""n196t"", ""cmtContent"": "":調度雷暴"", ""cmtDate"": ""2023-05-07 09:13:00""}, {""cmtStatus"": ""推"", ""cmtPoster"": ""willieliu"", ""cmtContent"": "":推精品廉航"", ""cmtDate"": ""2023-05-07 09:13:00""}, {""cmtStatus"": ""→"", ""cmtPoster"": ""kiromomo168"", ""cmtContent"": "":退機票以外也要給補償金吧，人家都被困在飛機上好幾"", ""cmtDate"": ""2023-05-07 09:14:00""}, {""cmtStatus"": ""→"", ""cmtPoster"": ""kiromomo168"", ""cmtContent"": "":個小時還被迫睡機場地板"", ""cmtDate"": ""2023-05-07 09:14:00""}, {""cmtStatus"": ""推"", ""cmtPoster"": ""kadolong"", ""cmtContent"": "":張董親自道歉又有消息全退了好了啦"", ""cmtDate"": ""2023-05-07 09:15:00""}, {""cmtStatus"": ""推"", ""cmtPoster"": ""kadolong"", ""cmtContent"": "":還要貪補償金咧這樣算時薪300好了"", ""cmtDate"": ""2023-05-07 09:17:00""}, {""cmtStatus"": ""推"", ""cmtPoster"": ""wlmily"", ""cmtContent"": "":全退是應該的好嗎？"", ""cmtDate"": ""2023-05-07 09:17:00""}, {""cmtStatus"": ""→"", ""cmtPoster"": ""adort"", ""cmtContent"": "":兩架在成田只有一班要載客回來嗎"", ""cmtDate"": ""2023-05-07 09:18:00""}, {""cmtStatus"": ""→"", ""cmtPoster"": ""kadolong"", ""cmtContent"": "":精神賠償和住宿費也順便好了"", ""cmtDate"": ""2023-05-07 09:18:00""}, {""cmtStatus"": ""推"", ""cmtPoster"": ""sendtreepad"", ""cmtContent"": "":兩架359都在空中了，裡面都沒乘客"", ""cmtDate"": ""2023-05-07 09:18:00""}, {""cmtStatus"": ""→"", ""cmtPoster"": ""wlmily"", ""cmtContent"": "":張董道歉又怎樣==道歉是基本的吧....讓他自己被關"", ""cmtDate"": ""2023-05-07 09:19:00""}, {""cmtStatus"": ""→"", ""cmtPoster"": ""wlmily"", ""cmtContent"": "":在飛機上沒得吃沒得喝試看看啦"", ""cmtDate"": ""2023-05-07 09:19:00""}, {""cmtStatus"": ""推"", ""cmtPoster"": ""ttnakafzcm"", ""cmtContent"": "":801D803D都是空的....."", ""cmtDate"": ""2023-05-07 09:19:00""}, {""cmtStatus"": ""推"", ""cmtPoster"": ""playerst"", ""cmtContent"": "":這次神調度不管賠償是啥都會讓人以後對星宇航空"", ""cmtDate"": ""2023-05-07 09:20:00""}, {""cmtStatus"": ""→"", ""cmtPoster"": ""playerst"", ""cmtContent"": "":怯步太可怕"", ""cmtDate"": ""2023-05-07 09:20:00""}, {""cmtStatus"": ""推"", ""cmtPoster"": ""s860382"", ""cmtContent"": "":關在機上好幾個小時真的會火爆"", ""cmtDate"": ""2023-05-07 09:21:00""}, {""cmtStatus"": ""→"", ""cmtPoster"": ""s860382"", ""cmtContent"": "":而且也不是單純天候因素"", ""cmtDate"": ""2023-05-07 09:21:00""}, {""cmtStatus"": ""推"", ""cmtPoster"": ""vashwu"", ""cmtContent"": "":人家董ㄟ怎麼可能跟你睡地板包睡袋刁民"", ""cmtDate"": ""2023-05-07 09:21:00""}, {""cmtStatus"": ""推"", ""cmtPoster"": ""toole"", ""cmtContent"": "":兩班都空機回來？不太可能吧這什麼鬼決策"", ""cmtDate"": ""2023-05-07 09:23:00""}, {""cmtStatus"": ""推"", ""cmtPoster"": ""IUOIUOIUO"", ""cmtContent"": "":今天早上803到底有沒有載人原本803旅客呢"", ""cmtDate"": ""2023-05-07 09:23:00""}, {""cmtStatus"": ""推"", ""cmtPoster"": ""as981134"", ""cmtContent"": "":阿就機組員超時啊沒辦法載客"", ""cmtDate"": ""2023-05-07 09:24:00""}, {""cmtStatus"": ""→"", ""cmtPoster"": ""as981134"", ""cmtContent"": "":原本的803有另一台飛機去載了"", ""cmtDate"": ""2023-05-07 09:24:00""}, {""cmtStatus"": ""推"", ""cmtPoster"": ""chinick1478"", ""cmtContent"": "":聽說張國煒已經開空機回來旅客繼續等"", ""cmtDate"": ""2023-05-07 09:24:00""}, {""cmtStatus"": ""→"", ""cmtPoster"": ""IUOIUOIUO"", ""cmtContent"": "":803旅客早上沒有登機嗎"", ""cmtDate"": ""2023-05-07 09:24:00""}, {""cmtStatus"": ""推"", ""cmtPoster"": ""bigdodoro"", ""cmtContent"": "":原本803沒載人只載行李"", ""cmtDate"": ""2023-05-07 09:24:00""}, {""cmtStatus"": ""→"", ""cmtPoster"": ""volcom"", ""cmtContent"": "":算一算虧個上千萬應該有，不過企業名聲比較重要"", ""cmtDate"": ""2023-05-07 09:25:00""}, {""cmtStatus"": ""→"", ""cmtPoster"": ""bigdodoro"", ""cmtContent"": "":有派加班機但不夠全載803部份803要等801"", ""cmtDate"": ""2023-05-07 09:25:00""}, {""cmtStatus"": ""→"", ""cmtPoster"": ""bigdodoro"", ""cmtContent"": "":航空版有現場大大分享"", ""cmtDate"": ""2023-05-07 09:25:00""}, {""cmtStatus"": ""推"", ""cmtPoster"": ""bockychen727"", ""cmtContent"": "":不知退的是什麼？該不會是代金劵？"", ""cmtDate"": ""2023-05-07 09:29:00""}, {""cmtStatus"": ""→"", ""cmtPoster"": ""chinick1478"", ""cmtContent"": "":今天Jx800後推延誤一小時"", ""cmtDate"": ""2023-05-07 09:31:00""}, {""cmtStatus"": ""→"", ""cmtPoster"": ""eveningcloud"", ""cmtContent"": "":之前遇過其他航空公司因為鳥襲回降後沒班機，"", ""cmtDate"": ""2023-05-07 09:31:00""}, {""cmtStatus"": ""→"", ""cmtPoster"": ""eveningcloud"", ""cmtContent"": "":過夜就是送我們去旅館...隔天再搭"", ""cmtDate"": ""2023-05-07 09:32:00""}, {""cmtStatus"": ""推"", ""cmtPoster"": ""bigdodoro"", ""cmtContent"": "":801感覺也要delay了"", ""cmtDate"": ""2023-05-07 09:32:00""}, {""cmtStatus"": ""→"", ""cmtPoster"": ""eveningcloud"", ""cmtContent"": "":現在新聞稿就是想推給怪風你們睡機場都是怪風的錯~"", ""cmtDate"": ""2023-05-07 09:33:00""}, {""cmtStatus"": ""推"", ""cmtPoster"": ""windletterz"", ""cmtContent"": "":應該只有低能兒會認同星宇操作合理，搞成這樣都"", ""cmtDate"": ""2023-05-07 09:34:00""}, {""cmtStatus"": ""→"", ""cmtPoster"": ""windletterz"", ""cmtContent"": "":是天氣的問題"", ""cmtDate"": ""2023-05-07 09:34:00""}, {""cmtStatus"": ""→"", ""cmtPoster"": ""eveningcloud"", ""cmtContent"": "":那還好我那班美國航空沒有怪鳥叫我睡機場"", ""cmtDate"": ""2023-05-07 09:34:00""}, {""cmtStatus"": ""推"", ""cmtPoster"": ""Lindbergh"", ""cmtContent"": "":800還是350去理論上可以接回所有的旅客現在返程"", ""cmtDate"": ""2023-05-07 09:35:00""}, {""cmtStatus"": ""→"", ""cmtPoster"": ""Lindbergh"", ""cmtContent"": "":那兩架應該一架802一架002吧"", ""cmtDate"": ""2023-05-07 09:35:00""}, {""cmtStatus"": ""推"", ""cmtPoster"": ""vashwu"", ""cmtContent"": "":整個成田就你星宇會碰怪風其他航空都不會"", ""cmtDate"": ""2023-05-07 09:35:00""}, {""cmtStatus"": ""→"", ""cmtPoster"": ""windletterz"", ""cmtContent"": "":A350開過去只載行李，我他媽真的長知識了"", ""cmtDate"": ""2023-05-07 09:36:00""}, {""cmtStatus"": ""推"", ""cmtPoster"": ""venusmoon"", ""cmtContent"": "":這公司很糟明明是自己處理不好"", ""cmtDate"": ""2023-05-07 09:36:00""}, {""cmtStatus"": ""→"", ""cmtPoster"": ""venusmoon"", ""cmtContent"": "":現在想轉移開始怪東怪西"", ""cmtDate"": ""2023-05-07 09:36:00""}, {""cmtStatus"": ""推"", ""cmtPoster"": ""sendtreepad"", ""cmtContent"": "":沒有特地開359去載行李啦，現在兩架空的359是昨天"", ""cmtDate"": ""2023-05-07 09:37:00""}, {""cmtStatus"": ""→"", ""cmtPoster"": ""sendtreepad"", ""cmtContent"": "":就被關在成田的"", ""cmtDate"": ""2023-05-07 09:37:00""}, {""cmtStatus"": ""→"", ""cmtPoster"": ""sendtreepad"", ""cmtContent"": "":K是搭其他家去成田接其中一台359回來的"", ""cmtDate"": ""2023-05-07 09:37:00""}, {""cmtStatus"": ""→"", ""cmtPoster"": ""chinick1478"", ""cmtContent"": "":早上A32N載不回所有乘客現在還在喬吧"", ""cmtDate"": ""2023-05-07 09:38:00""}, {""cmtStatus"": ""→"", ""cmtPoster"": ""sendtreepad"", ""cmtContent"": "":今天800的359去到那邊也要接今天的801乘客，昨天的"", ""cmtDate"": ""2023-05-07 09:39:00""}, {""cmtStatus"": ""→"", ""cmtPoster"": ""sendtreepad"", ""cmtContent"": "":801、803乘客沒辦法都上今天的801"", ""cmtDate"": ""2023-05-07 09:39:00""}, {""cmtStatus"": ""推"", ""cmtPoster"": ""cherokee2006"", ""cmtContent"": "":不怕不怕，再找個網紅置入一下又可打著台式精緻服"", ""cmtDate"": ""2023-05-07 09:39:00""}, {""cmtStatus"": ""→"", ""cmtPoster"": ""cherokee2006"", ""cmtContent"": "":務的招牌攬客了。誒，我說了再嗎？"", ""cmtDate"": ""2023-05-07 09:39:00""}, {""cmtStatus"": ""推"", ""cmtPoster"": ""windletterz"", ""cmtContent"": "":抱歉，應該是開回來只載行李，s大說的對"", ""cmtDate"": ""2023-05-07 09:41:00""}, {""cmtStatus"": ""→"", ""cmtPoster"": ""windletterz"", ""cmtContent"": "":應該是為了洛杉磯的航線，不論怎樣都要把飛機拉"", ""cmtDate"": ""2023-05-07 09:41:00""}, {""cmtStatus"": ""→"", ""cmtPoster"": ""windletterz"", ""cmtContent"": "":回來"", ""cmtDate"": ""2023-05-07 09:41:00""}, {""cmtStatus"": ""推"", ""cmtPoster"": ""raymond501"", ""cmtContent"": "":星宇該降價了吧還沒認清自己定位是嗎"", ""cmtDate"": ""2023-05-07 09:41:00""}, {""cmtStatus"": ""→"", ""cmtPoster"": ""kakashi71"", ""cmtContent"": "":乘客們辛苦了…還好今天還是星期日"", ""cmtDate"": ""2023-05-07 09:42:00""}, {""cmtStatus"": ""→"", ""cmtPoster"": ""kakashi71"", ""cmtContent"": "":沒影響到上班日"", ""cmtDate"": ""2023-05-07 09:42:00""}, {""cmtStatus"": ""推"", ""cmtPoster"": ""quatre00"", ""cmtContent"": "":爛透了"", ""cmtDate"": ""2023-05-07 09:43:00""}, {""cmtStatus"": ""→"", ""cmtPoster"": ""nepson"", ""cmtContent"": "":801跟803到底能回家了沒好可憐"", ""cmtDate"": ""2023-05-07 09:44:00""}, {""cmtStatus"": ""→"", ""cmtPoster"": ""cherokee2006"", ""cmtContent"": "":還有人要降價？鄉民不懂什麽是台式精緻服務吧"", ""cmtDate"": ""2023-05-07 09:48:00""}, {""cmtStatus"": ""推"", ""cmtPoster"": ""t21"", ""cmtContent"": "":機組搭華航ci222到羽田,再到成田機場，23:52申請起"", ""cmtDate"": ""2023-05-07 09:48:00""}, {""cmtStatus"": ""→"", ""cmtPoster"": ""t21"", ""cmtContent"": "":飛，結果成田機場不准。"", ""cmtDate"": ""2023-05-07 09:48:00""}, {""cmtStatus"": ""→"", ""cmtPoster"": ""t21"", ""cmtContent"": "":討論區有人說的"", ""cmtDate"": ""2023-05-07 09:48:00""}, {""cmtStatus"": ""推"", ""cmtPoster"": ""IUOIUOIUO"", ""cmtContent"": "":臉書k董出現很多人覺得帥氣感動真的嗎"", ""cmtDate"": ""2023-05-07 09:49:00""}, {""cmtStatus"": ""推"", ""cmtPoster"": ""ntouma"", ""cmtContent"": "":目前有少部分人登機了（加班載不回全部）其他還在"", ""cmtDate"": ""2023-05-07 09:49:00""}, {""cmtStatus"": ""→"", ""cmtPoster"": ""ntouma"", ""cmtContent"": "":等"", ""cmtDate"": ""2023-05-07 09:49:00""}, {""cmtStatus"": ""→"", ""cmtPoster"": ""IUOIUOIUO"", ""cmtContent"": "":難道只有我活在反指標世界"", ""cmtDate"": ""2023-05-07 09:49:00""}, {""cmtStatus"": ""推"", ""cmtPoster"": ""bala73"", ""cmtContent"": "":朝聖各種技術問題"", ""cmtDate"": ""2023-05-07 09:50:00""}, {""cmtStatus"": ""推"", ""cmtPoster"": ""windletterz"", ""cmtContent"": "":如果他說一個人補償十萬現金的話，我就信"", ""cmtDate"": ""2023-05-07 09:50:00""}, {""cmtStatus"": ""推"", ""cmtPoster"": ""asclepias"", ""cmtContent"": "":這樣調度危機對企業是個傷害"", ""cmtDate"": ""2023-05-07 09:50:00""}, {""cmtStatus"": ""→"", ""cmtPoster"": ""t21"", ""cmtContent"": "":一部分人搭今天201,一部分人搭203.我剛看影片。k董"", ""cmtDate"": ""2023-05-07 09:50:00""}, {""cmtStatus"": ""→"", ""cmtPoster"": ""t21"", ""cmtContent"": "":是這樣說的。無法全部一起載回來"", ""cmtDate"": ""2023-05-07 09:50:00""}, {""cmtStatus"": ""→"", ""cmtPoster"": ""t21"", ""cmtContent"": "":所以影片才有K董是為昨天差幾十分就可以起飛"", ""cmtDate"": ""2023-05-07 09:51:00""}, {""cmtStatus"": ""推"", ""cmtPoster"": ""BigBird110"", ""cmtContent"": "":帥氣感動?甲賽啦能回家比較實在"", ""cmtDate"": ""2023-05-07 09:54:00""}, {""cmtStatus"": ""推"", ""cmtPoster"": ""vashwu"", ""cmtContent"": "":人家想來就來想走就走還不夠帥氣嗎?什麼沒飛機?"", ""cmtDate"": ""2023-05-07 09:56:00""}, {""cmtStatus"": ""推"", ""cmtPoster"": ""u1988926"", ""cmtContent"": "":臉書已經一片祥和各種董仔了不起負責"", ""cmtDate"": ""2023-05-07 09:56:00""}, {""cmtStatus"": ""推"", ""cmtPoster"": ""ray0208"", ""cmtContent"": "":明明就是高層人為決策錯誤導致一連串災難，公關付"", ""cmtDate"": ""2023-05-07 09:57:00""}, {""cmtStatus"": ""→"", ""cmtPoster"": ""ray0208"", ""cmtContent"": "":錢要開始帶風向帶成是天氣因素，K董大器負責了"", ""cmtDate"": ""2023-05-07 09:57:00""}, {""cmtStatus"": ""推"", ""cmtPoster"": ""ttnakafzcm"", ""cmtContent"": "":因為組員不夠法規有規定有多少人就要多少組員"", ""cmtDate"": ""2023-05-07 09:58:00""}, {""cmtStatus"": ""推"", ""cmtPoster"": ""SteveVai"", ""cmtContent"": "":為啥兩台A359不載人要空的回來啊？趕時間嗎？"", ""cmtDate"": ""2023-05-07 09:58:00""}, {""cmtStatus"": ""推"", ""cmtPoster"": ""playerst"", ""cmtContent"": "":如果星宇是這樣的態度處理問題那我以後真的不敢搭"", ""cmtDate"": ""2023-05-07 09:59:00""}, {""cmtStatus"": ""→"", ""cmtPoster"": ""playerst"", ""cmtContent"": "":了XD"", ""cmtDate"": ""2023-05-07 09:59:00""}, {""cmtStatus"": ""推"", ""cmtPoster"": ""metallolly"", ""cmtContent"": "":誰敢搭啊我看來就是推給日本機場然後旅客得罪了也"", ""cmtDate"": ""2023-05-07 10:00:00""}, {""cmtStatus"": ""→"", ""cmtPoster"": ""metallolly"", ""cmtContent"": "":無所謂了"", ""cmtDate"": ""2023-05-07 10:00:00""}, {""cmtStatus"": ""推"", ""cmtPoster"": ""yjjs"", ""cmtContent"": "":就是賭日本會放殊不知人家就是照規矩來"", ""cmtDate"": ""2023-05-07 10:00:00""}, {""cmtStatus"": ""推"", ""cmtPoster"": ""vashwu"", ""cmtContent"": "":本來就無所謂拿老爸的錢來揮霍而已王子復仇記懂?"", ""cmtDate"": ""2023-05-07 10:01:00""}, {""cmtStatus"": ""推"", ""cmtPoster"": ""t21"", ""cmtContent"": "":因為空服員工不夠。所以才空機回來。聽說載行李"", ""cmtDate"": ""2023-05-07 10:01:00""}, {""cmtStatus"": ""→"", ""cmtPoster"": ""yjjs"", ""cmtContent"": "":直接退關801散客問題就小多了這這危機處理真嚇人"", ""cmtDate"": ""2023-05-07 10:01:00""}, {""cmtStatus"": ""推"", ""cmtPoster"": ""yokomata"", ""cmtContent"": "":看到老闆來卻開著空機走，我要是旅客心都涼了"", ""cmtDate"": ""2023-05-07 10:02:00""}, {""cmtStatus"": ""推"", ""cmtPoster"": ""metallolly"", ""cmtContent"": "":還沒帶早餐..-.-"", ""cmtDate"": ""2023-05-07 10:04:00""}, {""cmtStatus"": ""推"", ""cmtPoster"": ""toole"", ""cmtContent"": "":去了也沒讓人發早餐券安撫一下有夠廢"", ""cmtDate"": ""2023-05-07 10:04:00""}, {""cmtStatus"": ""推"", ""cmtPoster"": ""SteveVai"", ""cmtContent"": "":看到了，航空版好像有說組員不夠不合法"", ""cmtDate"": ""2023-05-07 10:05:00""}, {""cmtStatus"": ""→"", ""cmtPoster"": ""A00610lol"", ""cmtContent"": "":哈哈星宇優越粉快出來吧"", ""cmtDate"": ""2023-05-07 10:05:00""}, {""cmtStatus"": ""推"", ""cmtPoster"": ""danielpupu20"", ""cmtContent"": "":老闆是搭最早捷星去的。"", ""cmtDate"": ""2023-05-07 10:06:00""}, {""cmtStatus"": ""推"", ""cmtPoster"": ""griffick"", ""cmtContent"": "":感覺是星宇調度問題比較大，自以為精品航空，但處"", ""cmtDate"": ""2023-05-07 10:07:00""}, {""cmtStatus"": ""→"", ""cmtPoster"": ""griffick"", ""cmtContent"": "":理問題的sop跟態度比較像贗品航空"", ""cmtDate"": ""2023-05-07 10:07:00""}, {""cmtStatus"": ""推"", ""cmtPoster"": ""ichiro0805"", ""cmtContent"": "":精品航空也跟廉航一樣"", ""cmtDate"": ""2023-05-07 10:07:00""}, {""cmtStatus"": ""推"", ""cmtPoster"": ""raymond501"", ""cmtContent"": "":沒有後勤又不是廉航票價根本是來亂的吧"", ""cmtDate"": ""2023-05-07 10:08:00""}, {""cmtStatus"": ""→"", ""cmtPoster"": ""raymond501"", ""cmtContent"": "":要開業先準備好再來吧，疫情不是藉口"", ""cmtDate"": ""2023-05-07 10:09:00""}, {""cmtStatus"": ""推"", ""cmtPoster"": ""onepiecefan"", ""cmtContent"": "":803原本的旅客最衰呵"", ""cmtDate"": ""2023-05-07 10:10:00""}, {""cmtStatus"": ""推"", ""cmtPoster"": ""nae0916"", ""cmtContent"": "":看來K董慘了早知道就不要忤逆連媒體都不幫了"", ""cmtDate"": ""2023-05-07 10:10:00""}, {""cmtStatus"": ""推"", ""cmtPoster"": ""w6523520"", ""cmtContent"": "":803真的好慘。從昨天下午延誤到現在"", ""cmtDate"": ""2023-05-07 10:11:00""}, {""cmtStatus"": ""→"", ""cmtPoster"": ""as199629"", ""cmtContent"": "":本來對星宇就沒特別期望，沒想到處理方式比廉航還"", ""cmtDate"": ""2023-05-07 10:15:00""}, {""cmtStatus"": ""→"", ""cmtPoster"": ""as199629"", ""cmtContent"": "":不如…"", ""cmtDate"": ""2023-05-07 10:15:00""}, {""cmtStatus"": ""推"", ""cmtPoster"": ""marforme"", ""cmtContent"": "":餐點好吃根本不該是選擇航空公司重點，這次星宇危"", ""cmtDate"": ""2023-05-07 10:16:00""}, {""cmtStatus"": ""→"", ""cmtPoster"": ""marforme"", ""cmtContent"": "":機處理根本0分，併班根本是錯誤"", ""cmtDate"": ""2023-05-07 10:16:00""}, {""cmtStatus"": ""→"", ""cmtPoster"": ""A00610lol"", ""cmtContent"": "":哈哈樓上還有充電座跟機上娛樂XD"", ""cmtDate"": ""2023-05-07 10:18:00""}, {""cmtStatus"": ""推"", ""cmtPoster"": ""phoebe147"", ""cmtContent"": "":公關公司忙著在PTT以外的地方帶風向XD"", ""cmtDate"": ""2023-05-07 10:18:00""}, {""cmtStatus"": ""推"", ""cmtPoster"": ""virgo914"", ""cmtContent"": "":老闆大半夜搭他曾經痛批的廉航來救自己的愛機真是"", ""cmtDate"": ""2023-05-07 10:20:00""}, {""cmtStatus"": ""→"", ""cmtPoster"": ""virgo914"", ""cmtContent"": "":令人感動"", ""cmtDate"": ""2023-05-07 10:20:00""}, {""cmtStatus"": ""推"", ""cmtPoster"": ""phoebe147"", ""cmtContent"": "":LA的美國客人比較兇（O"", ""cmtDate"": ""2023-05-07 10:21:00""}, {""cmtStatus"": ""推"", ""cmtPoster"": ""IUOIUOIUO"", ""cmtContent"": "":臉書大家還是都給k董讚捏ptt反指標？"", ""cmtDate"": ""2023-05-07 10:23:00""}, {""cmtStatus"": ""推"", ""cmtPoster"": ""mtcoat"", ""cmtContent"": "":新聞一出來臉書下面一堆吹捧留言什麼安全第一我"", ""cmtDate"": ""2023-05-07 10:27:00""}, {""cmtStatus"": ""→"", ""cmtPoster"": ""mtcoat"", ""cmtContent"": "":都快笑死"", ""cmtDate"": ""2023-05-07 10:27:00""}, {""cmtStatus"": ""→"", ""cmtPoster"": ""IUOIUOIUO"", ""cmtContent"": "":星迷還是一篇吹捧呀"", ""cmtDate"": ""2023-05-07 10:28:00""}, {""cmtStatus"": ""推"", ""cmtPoster"": ""playerst"", ""cmtContent"": "":臉書下面一堆說安全第一的大概也不是星宇客群是星"", ""cmtDate"": ""2023-05-07 10:29:00""}, {""cmtStatus"": ""→"", ""cmtPoster"": ""playerst"", ""cmtContent"": "":宇客群的大概也不會被公關牽著鼻子走反而會更怒吧X"", ""cmtDate"": ""2023-05-07 10:29:00""}, {""cmtStatus"": ""→"", ""cmtPoster"": ""playerst"", ""cmtContent"": "":D"", ""cmtDate"": ""2023-05-07 10:29:00""}, {""cmtStatus"": ""推"", ""cmtPoster"": ""AtDe"", ""cmtContent"": "":航空版刪文了耶~"", ""cmtDate"": ""2023-05-07 10:32:00""}, {""cmtStatus"": ""推"", ""cmtPoster"": ""u1988926"", ""cmtContent"": "":刪文真的很怪"", ""cmtDate"": ""2023-05-07 10:33:00""}, {""cmtStatus"": ""→"", ""cmtPoster"": ""aclahm"", ""cmtContent"": "":航空版那篇原po自刪了=="", ""cmtDate"": ""2023-05-07 10:34:00""}, {""cmtStatus"": ""推"", ""cmtPoster"": ""vashwu"", ""cmtContent"": "":公關第一阿不刪我就告死你"", ""cmtDate"": ""2023-05-07 10:34:00""}, {""cmtStatus"": ""推"", ""cmtPoster"": ""dbdudsorj"", ""cmtContent"": "":隔壁棚2000多樓的主文就這樣掰了“自刪”"", ""cmtDate"": ""2023-05-07 10:35:00""}, {""cmtStatus"": ""→"", ""cmtPoster"": ""A00610lol"", ""cmtContent"": "":樓樓上www"", ""cmtDate"": ""2023-05-07 10:35:00""}, {""cmtStatus"": ""推"", ""cmtPoster"": ""ivan761016"", ""cmtContent"": "":所以是公關終於開始動作了嗎？"", ""cmtDate"": ""2023-05-07 10:37:00""}, {""cmtStatus"": ""→"", ""cmtPoster"": ""willieliu"", ""cmtContent"": "":$$$$$$$$$$^_^"", ""cmtDate"": ""2023-05-07 10:37:00""}, {""cmtStatus"": ""推"", ""cmtPoster"": ""kim1998"", ""cmtContent"": "":慘"", ""cmtDate"": ""2023-05-07 10:40:00""}, {""cmtStatus"": ""→"", ""cmtPoster"": ""Alano"", ""cmtContent"": "":看看航空版就知道，公關公司今天加班囉"", ""cmtDate"": ""2023-05-07 10:40:00""}, {""cmtStatus"": ""推"", ""cmtPoster"": ""iamthebest08"", ""cmtContent"": "":公關出動了"", ""cmtDate"": ""2023-05-07 10:40:00""}, {""cmtStatus"": ""推"", ""cmtPoster"": ""vashwu"", ""cmtContent"": "":公關早就出動了先派人鬼扯飛安再來霸氣董仔親自飛"", ""cmtDate"": ""2023-05-07 10:41:00""}, {""cmtStatus"": ""推"", ""cmtPoster"": ""GarnettKing"", ""cmtContent"": "":說到餐點虎航其實不錯欸"", ""cmtDate"": ""2023-05-07 10:41:00""}, {""cmtStatus"": ""推"", ""cmtPoster"": ""ivan761016"", ""cmtContent"": "":講飛安理由真的會笑死，不過真的一堆星粉相信"", ""cmtDate"": ""2023-05-07 10:42:00""}, {""cmtStatus"": ""噓"", ""cmtPoster"": ""nekogogogo2"", ""cmtContent"": "":都玩完回家了，來回也免費了，台灣人民族性真的很優"", ""cmtDate"": ""2023-05-07 10:42:00""}, {""cmtStatus"": ""→"", ""cmtPoster"": ""nekogogogo2"", ""cmtContent"": "":！"", ""cmtDate"": ""2023-05-07 10:42:00""}, {""cmtStatus"": ""→"", ""cmtPoster"": ""A00610lol"", ""cmtContent"": "":沒差啦下次換優越仔睡地板嘻嘻"", ""cmtDate"": ""2023-05-07 10:42:00""}, {""cmtStatus"": ""→"", ""cmtPoster"": ""ivan761016"", ""cmtContent"": "":有飛安問題還讓你上飛機關艙，邏輯死去"", ""cmtDate"": ""2023-05-07 10:43:00""}, {""cmtStatus"": ""→"", ""cmtPoster"": ""A00610lol"", ""cmtContent"": "":剛說完又一個死忠仔"", ""cmtDate"": ""2023-05-07 10:43:00""}, {""cmtStatus"": ""推"", ""cmtPoster"": ""Alano"", ""cmtContent"": "":重點應該是簽轉跟後續安置旅客的處置"", ""cmtDate"": ""2023-05-07 10:43:00""}, {""cmtStatus"": ""→"", ""cmtPoster"": ""Alano"", ""cmtContent"": "":糟糕到一個不行，想硬飛以為成田是你張家的ww"", ""cmtDate"": ""2023-05-07 10:44:00""}, {""cmtStatus"": ""→"", ""cmtPoster"": ""A00610lol"", ""cmtContent"": "":看了真可憐哈哈星粉都去睡地板嘍"", ""cmtDate"": ""2023-05-07 10:44:00""}, {""cmtStatus"": ""→"", ""cmtPoster"": ""insu36"", ""cmtContent"": "":我是801團客因為是下午1點多的飛機，"", ""cmtDate"": ""2023-05-07 10:44:00""}, {""cmtStatus"": ""→"", ""cmtPoster"": ""insu36"", ""cmtContent"": "":所以11點多就到機場掛行李了"", ""cmtDate"": ""2023-05-07 10:44:00""}, {""cmtStatus"": ""→"", ""cmtPoster"": ""insu36"", ""cmtContent"": "":結果就是遇到800怪風沒辦法降落"", ""cmtDate"": ""2023-05-07 10:44:00""}, {""cmtStatus"": ""→"", ""cmtPoster"": ""insu36"", ""cmtContent"": "":後來星宇是幫我們轉CI105華航，到台灣搞來稿去"", ""cmtDate"": ""2023-05-07 10:44:00""}, {""cmtStatus"": ""→"", ""cmtPoster"": ""insu36"", ""cmtContent"": "":結果發現行李根本沒到台灣已經快要晚上11點了"", ""cmtDate"": ""2023-05-07 10:44:00""}, {""cmtStatus"": ""→"", ""cmtPoster"": ""insu36"", ""cmtContent"": "":等於是超過12小時沒有進食，"", ""cmtDate"": ""2023-05-07 10:44:00""}, {""cmtStatus"": ""→"", ""cmtPoster"": ""insu36"", ""cmtContent"": "":飛機上根本沒有所謂的三明治只有給你餅乾跟飲料"", ""cmtDate"": ""2023-05-07 10:44:00""}, {""cmtStatus"": ""推"", ""cmtPoster"": ""vashwu"", ""cmtContent"": "":希望這篇還能撐住不要也突然來個'自刪'"", ""cmtDate"": ""2023-05-07 10:44:00""}, {""cmtStatus"": ""→"", ""cmtPoster"": ""redtears"", ""cmtContent"": "":某N吃不吃免費的營養大便呀？"", ""cmtDate"": ""2023-05-07 10:44:00""}, {""cmtStatus"": ""推"", ""cmtPoster"": ""A00610lol"", ""cmtContent"": "":叫版主m起來阿"", ""cmtDate"": ""2023-05-07 10:46:00""}, {""cmtStatus"": ""→"", ""cmtPoster"": ""A00610lol"", ""cmtContent"": "":*把這篇m起來"", ""cmtDate"": ""2023-05-07 10:46:00""}, {""cmtStatus"": ""→"", ""cmtPoster"": ""eric33456"", ""cmtContent"": "":張董早上說803延誤是因為機身檢查才導致組員超時"", ""cmtDate"": ""2023-05-07 10:46:00""}, {""cmtStatus"": ""推"", ""cmtPoster"": ""chinick1478"", ""cmtContent"": "":結果乘客還沒回來..."", ""cmtDate"": ""2023-05-07 10:47:00""}, {""cmtStatus"": ""→"", ""cmtPoster"": ""YuriLowell"", ""cmtContent"": "":三明治應該是指給昨天803上801的散客的？"", ""cmtDate"": ""2023-05-07 10:47:00""}, {""cmtStatus"": ""推"", ""cmtPoster"": ""mtcoat"", ""cmtContent"": "":那就保守一點提早把人送旅館隔天再飛呀硬要賭…"", ""cmtDate"": ""2023-05-07 10:48:00""}, {""cmtStatus"": ""→"", ""cmtPoster"": ""mtcoat"", ""cmtContent"": "":因小失大"", ""cmtDate"": ""2023-05-07 10:48:00""}, {""cmtStatus"": ""推"", ""cmtPoster"": ""mithralin"", ""cmtContent"": "":請各位推文討論時注意用詞謝謝"", ""cmtDate"": ""2023-05-07 10:50:00""}, {""cmtStatus"": ""推"", ""cmtPoster"": ""ilove1530"", ""cmtContent"": "":不愧是驚品航空"", ""cmtDate"": ""2023-05-07 10:51:00""}, {""cmtStatus"": ""→"", ""cmtPoster"": ""tetsulove"", ""cmtContent"": "":轉給華航的機上沒餐只有小零食應該是太突然了轉太多"", ""cmtDate"": ""2023-05-07 10:51:00""}, {""cmtStatus"": ""→"", ""cmtPoster"": ""chinick1478"", ""cmtContent"": "":隔壁版的已經坐上飛機了恭喜"", ""cmtDate"": ""2023-05-07 10:51:00""}, {""cmtStatus"": ""→"", ""cmtPoster"": ""tetsulove"", ""cmtContent"": "":人華航來不及備餐只能先準備現成的小零食給旅客墊"", ""cmtDate"": ""2023-05-07 10:51:00""}, {""cmtStatus"": ""→"", ""cmtPoster"": ""tetsulove"", ""cmtContent"": "":墊肚子真的是辛苦各位苦主了"", ""cmtDate"": ""2023-05-07 10:51:00""}, {""cmtStatus"": ""推"", ""cmtPoster"": ""terrymoon"", ""cmtContent"": "":星粉跟館粉是不是都一樣以為商品最頂結果跟別牌差"", ""cmtDate"": ""2023-05-07 10:52:00""}, {""cmtStatus"": ""→"", ""cmtPoster"": ""terrymoon"", ""cmtContent"": "":不多"", ""cmtDate"": ""2023-05-07 10:52:00""}, {""cmtStatus"": ""推"", ""cmtPoster"": ""xSAUCEx"", ""cmtContent"": "":錢都在做行銷了"", ""cmtDate"": ""2023-05-07 10:52:00""}, {""cmtStatus"": ""推"", ""cmtPoster"": ""toole"", ""cmtContent"": "":803檢查18:13就結束了沒併801散客可以飛的機率頗"", ""cmtDate"": ""2023-05-07 10:52:00""}, {""cmtStatus"": ""→"", ""cmtPoster"": ""toole"", ""cmtContent"": "":大說檢查才超時沒道理"", ""cmtDate"": ""2023-05-07 10:52:00""}, {""cmtStatus"": ""推"", ""cmtPoster"": ""kr119396"", ""cmtContent"": "":睡機場是處理方式，精品航空就這？"", ""cmtDate"": ""2023-05-07 10:53:00""}, {""cmtStatus"": ""推"", ""cmtPoster"": ""terrymoon"", ""cmtContent"": "":精品廉航啦"", ""cmtDate"": ""2023-05-07 10:54:00""}, {""cmtStatus"": ""推"", ""cmtPoster"": ""jason5678tw"", ""cmtContent"": "":小宇把我們最頂的飛機牽出來！"", ""cmtDate"": ""2023-05-07 10:54:00""}, {""cmtStatus"": ""→"", ""cmtPoster"": ""chinick1478"", ""cmtContent"": "":A32n在不飛出去又要超時了"", ""cmtDate"": ""2023-05-07 10:55:00""}, {""cmtStatus"": ""推"", ""cmtPoster"": ""ks2384im"", ""cmtContent"": "":睡機場人生成就達成該分享親友說嘴了"", ""cmtDate"": ""2023-05-07 10:55:00""}, {""cmtStatus"": ""→"", ""cmtPoster"": ""YuriLowell"", ""cmtContent"": "":是說老闆都特地飛過去了那先掏個腰包請乘客一頓早"", ""cmtDate"": ""2023-05-07 10:55:00""}, {""cmtStatus"": ""→"", ""cmtPoster"": ""YuriLowell"", ""cmtContent"": "":餐安撫一下沒那麼難吧"", ""cmtDate"": ""2023-05-07 10:55:00""}, {""cmtStatus"": ""推"", ""cmtPoster"": ""vashwu"", ""cmtContent"": "":人家是來作秀的不是來花錢的公關要求懂?"", ""cmtDate"": ""2023-05-07 10:57:00""}, {""cmtStatus"": ""推"", ""cmtPoster"": ""ups"", ""cmtContent"": "":好慘"", ""cmtDate"": ""2023-05-07 10:58:00""}, {""cmtStatus"": ""推"", ""cmtPoster"": ""cink8"", ""cmtContent"": "":好險我堅持選長榮，一堆人神話老K神過頭"", ""cmtDate"": ""2023-05-07 10:58:00""}, {""cmtStatus"": ""推"", ""cmtPoster"": ""terrymoon"", ""cmtContent"": "":這件事的啟示就是星宇危機處理沒有其他國航來得好"", ""cmtDate"": ""2023-05-07 10:59:00""}, {""cmtStatus"": ""→"", ""cmtPoster"": ""terrymoon"", ""cmtContent"": "":票價也沒有特別便宜但公關撒錢撒很兇"", ""cmtDate"": ""2023-05-07 10:59:00""}, {""cmtStatus"": ""推"", ""cmtPoster"": ""kilu"", ""cmtContent"": "":短期內不會考慮搭乘這家航空了"", ""cmtDate"": ""2023-05-07 11:00:00""}, {""cmtStatus"": ""推"", ""cmtPoster"": ""as981134"", ""cmtContent"": "":所以這年頭玩行銷也不要玩太大吹過頭爆炸很可怕的"", ""cmtDate"": ""2023-05-07 11:00:00""}, {""cmtStatus"": ""→"", ""cmtPoster"": ""as981134"", ""cmtContent"": "":一樣的事情發生在其他家搞不好還沒這麼多人氣"", ""cmtDate"": ""2023-05-07 11:00:00""}, {""cmtStatus"": ""推"", ""cmtPoster"": ""vashwu"", ""cmtContent"": "":吹整天的妖風長榮跟華航都沒事就你網紅航空有事"", ""cmtDate"": ""2023-05-07 11:02:00""}, {""cmtStatus"": ""推"", ""cmtPoster"": ""playerst"", ""cmtContent"": "":其他家應該不會發生一樣的事這次有點誇張"", ""cmtDate"": ""2023-05-07 11:02:00""}, {""cmtStatus"": ""→"", ""cmtPoster"": ""vashwu"", ""cmtContent"": "":更別提霸氣董仔還是坐廉航去日本真是夠糗"", ""cmtDate"": ""2023-05-07 11:02:00""}, {""cmtStatus"": ""推"", ""cmtPoster"": ""debby1993"", ""cmtContent"": "":華航可能是帶來回餐，突然塞進來的人太多餐根本不"", ""cmtDate"": ""2023-05-07 11:03:00""}, {""cmtStatus"": ""→"", ""cmtPoster"": ""debby1993"", ""cmtContent"": "":夠發吧？辛苦了"", ""cmtDate"": ""2023-05-07 11:03:00""}, {""cmtStatus"": ""推"", ""cmtPoster"": ""terrymoon"", ""cmtContent"": "":其他家頂多就道歉退費星宇就真的自己吹很兇這次"", ""cmtDate"": ""2023-05-07 11:04:00""}, {""cmtStatus"": ""→"", ""cmtPoster"": ""terrymoon"", ""cmtContent"": "":事件反彈太大"", ""cmtDate"": ""2023-05-07 11:04:00""}, {""cmtStatus"": ""推"", ""cmtPoster"": ""ju06080719"", ""cmtContent"": "":反觀其他家最多推總經理出來道歉"", ""cmtDate"": ""2023-05-07 11:05:00""}, {""cmtStatus"": ""推"", ""cmtPoster"": ""BornFish"", ""cmtContent"": "":臉書上相關新聞下的回覆都在稱讚張國煒欸...好扯。"", ""cmtDate"": ""2023-05-07 11:05:00""}, {""cmtStatus"": ""→"", ""cmtPoster"": ""charogne"", ""cmtContent"": "":星宇沒有增加組員與飛機，在旺季真的要小心"", ""cmtDate"": ""2023-05-07 11:06:00""}, {""cmtStatus"": ""→"", ""cmtPoster"": ""charogne"", ""cmtContent"": "":只會再發生，不會只有日本黃金週這發"", ""cmtDate"": ""2023-05-07 11:06:00""}, {""cmtStatus"": ""推"", ""cmtPoster"": ""u1988926"", ""cmtContent"": "":其他家可能推總經理道歉但該做的都會做好吧（反觀"", ""cmtDate"": ""2023-05-07 11:06:00""}, {""cmtStatus"": ""→"", ""cmtPoster"": ""charogne"", ""cmtContent"": "":目前看起來只有公關力封頂，星宇要作為頂級航空"", ""cmtDate"": ""2023-05-07 11:07:00""}, {""cmtStatus"": ""→"", ""cmtPoster"": ""charogne"", ""cmtContent"": "":真的要努力很多"", ""cmtDate"": ""2023-05-07 11:07:00""}, {""cmtStatus"": ""推"", ""cmtPoster"": ""playerst"", ""cmtContent"": "":因為其他家還沒出國這種大包啊"", ""cmtDate"": ""2023-05-07 11:07:00""}, {""cmtStatus"": ""推"", ""cmtPoster"": ""s1d87"", ""cmtContent"": "":睡醒了，所以旅客還沒回來喔？"", ""cmtDate"": ""2023-05-07 11:08:00""}, {""cmtStatus"": ""推"", ""cmtPoster"": ""metallolly"", ""cmtContent"": "":其他家有出過這種包嗎"", ""cmtDate"": ""2023-05-07 11:08:00""}, {""cmtStatus"": ""噓"", ""cmtPoster"": ""mtcoat"", ""cmtContent"": "":沒飛機沒組員還想玩長程航線"", ""cmtDate"": ""2023-05-07 11:08:00""}, {""cmtStatus"": ""推"", ""cmtPoster"": ""s860382"", ""cmtContent"": "":臉書清一色讚揚董事長完全不誇張"", ""cmtDate"": ""2023-05-07 11:09:00""}, {""cmtStatus"": ""推"", ""cmtPoster"": ""hmt17"", ""cmtContent"": "":新聞底下質疑的留言還會被嗆不然你想怎樣呵呵"", ""cmtDate"": ""2023-05-07 11:10:00""}, {""cmtStatus"": ""推"", ""cmtPoster"": ""Serio"", ""cmtContent"": "":BR,CI是NRT還有班好調度,JX這個綁死應變能力負分"", ""cmtDate"": ""2023-05-07 11:11:00""}, {""cmtStatus"": ""推"", ""cmtPoster"": ""willieliu"", ""cmtContent"": "":還好版主先M了反觀航空版被自刪"", ""cmtDate"": ""2023-05-07 11:11:00""}, {""cmtStatus"": ""推"", ""cmtPoster"": ""devilkool"", ""cmtContent"": "":希望板主與這篇原po不要輸給邪惡力量"", ""cmtDate"": ""2023-05-07 11:11:00""}, {""cmtStatus"": ""→"", ""cmtPoster"": ""charogne"", ""cmtContent"": "":給餐卷＋住宿就解決一半了，轉簽+調自家飛機就解決"", ""cmtDate"": ""2023-05-07 11:11:00""}, {""cmtStatus"": ""→"", ""cmtPoster"": ""charogne"", ""cmtContent"": "":很少爆這麼慘的"", ""cmtDate"": ""2023-05-07 11:12:00""}, {""cmtStatus"": ""推"", ""cmtPoster"": ""Ryder"", ""cmtContent"": "":版主真的英明先m讚讚讚"", ""cmtDate"": ""2023-05-07 11:12:00""}, {""cmtStatus"": ""→"", ""cmtPoster"": ""charogne"", ""cmtContent"": "":我搭卡達delay過幾小時，直接領餐卷在機場打發時間."", ""cmtDate"": ""2023-05-07 11:12:00""}, {""cmtStatus"": ""推"", ""cmtPoster"": ""silveriodide"", ""cmtContent"": "":真的好慘"", ""cmtDate"": ""2023-05-07 11:12:00""}, {""cmtStatus"": ""→"", ""cmtPoster"": ""charogne"", ""cmtContent"": "":餐卷＋住宿、轉簽+調自家，星宇這次完成度0%"", ""cmtDate"": ""2023-05-07 11:13:00""}, {""cmtStatus"": ""→"", ""cmtPoster"": ""charogne"", ""cmtContent"": "":只有董事長親自搭廉航安撫乘客..."", ""cmtDate"": ""2023-05-07 11:13:00""}, {""cmtStatus"": ""→"", ""cmtPoster"": ""charogne"", ""cmtContent"": "":總之要加油，大家都對星宇有厚望，但機＆員真的太少"", ""cmtDate"": ""2023-05-07 11:14:00""}, {""cmtStatus"": ""推"", ""cmtPoster"": ""mtcoat"", ""cmtContent"": "":星宇沒飛機沒組員調度難，沒加入任何聯盟想轉簽也"", ""cmtDate"": ""2023-05-07 11:15:00""}, {""cmtStatus"": ""→"", ""cmtPoster"": ""mtcoat"", ""cmtContent"": "":麻煩選其他家比較好吧"", ""cmtDate"": ""2023-05-07 11:15:00""}, {""cmtStatus"": ""→"", ""cmtPoster"": ""pigofwind"", ""cmtContent"": "":這個真的是後面的處理太糟了"", ""cmtDate"": ""2023-05-07 11:15:00""}, {""cmtStatus"": ""→"", ""cmtPoster"": ""Alano"", ""cmtContent"": "":說厚望其實也只有粉絲跟網美吧"", ""cmtDate"": ""2023-05-07 11:18:00""}, {""cmtStatus"": ""推"", ""cmtPoster"": ""nanase123"", ""cmtContent"": "":話說有沒有已經買好這家未來要去日本的版友啊"", ""cmtDate"": ""2023-05-07 11:18:00""}, {""cmtStatus"": ""→"", ""cmtPoster"": ""Alano"", ""cmtContent"": "":行銷變成才是這家航空公司的重點"", ""cmtDate"": ""2023-05-07 11:19:00""}, {""cmtStatus"": ""→"", ""cmtPoster"": ""Alano"", ""cmtContent"": "":各種噱頭，超商聯名，網路上各種業配等等"", ""cmtDate"": ""2023-05-07 11:20:00""}, {""cmtStatus"": ""推"", ""cmtPoster"": ""requan"", ""cmtContent"": "":昨天唯一做對的就是轉簽團客！不然惹到團客第一個一"", ""cmtDate"": ""2023-05-07 11:20:00""}, {""cmtStatus"": ""→"", ""cmtPoster"": ""requan"", ""cmtContent"": "":定是團客跟旅行社求償，沒有安置旅客吃喝，然後團"", ""cmtDate"": ""2023-05-07 11:20:00""}, {""cmtStatus"": ""→"", ""cmtPoster"": ""requan"", ""cmtContent"": "":客也不能賭不退關睡候機室，一定要安排飯店的，不然"", ""cmtDate"": ""2023-05-07 11:20:00""}, {""cmtStatus"": ""→"", ""cmtPoster"": ""requan"", ""cmtContent"": "":旅行社以後也不敢用星宇了"", ""cmtDate"": ""2023-05-07 11:20:00""}, {""cmtStatus"": ""推"", ""cmtPoster"": ""bubucargo"", ""cmtContent"": "":這個處理方式真的不行欸！"", ""cmtDate"": ""2023-05-07 11:20:00""}, {""cmtStatus"": ""→"", ""cmtPoster"": ""pigofwind"", ""cmtContent"": "":目前只有看到公關力點滿，重點是你要安撫好那群旅客"", ""cmtDate"": ""2023-05-07 11:21:00""}, {""cmtStatus"": ""→"", ""cmtPoster"": ""pigofwind"", ""cmtContent"": "":而不是忙著洗輿論阿"", ""cmtDate"": ""2023-05-07 11:21:00""}, {""cmtStatus"": ""推"", ""cmtPoster"": ""sss60308"", ""cmtContent"": "":搭過聯合的災難延誤感覺星宇其實還好"", ""cmtDate"": ""2023-05-07 11:21:00""}, {""cmtStatus"": ""→"", ""cmtPoster"": ""mooto"", ""cmtContent"": "":這個會造成信心危機以前ダメエア碰過一次就不搭了"", ""cmtDate"": ""2023-05-07 11:21:00""}, {""cmtStatus"": ""推"", ""cmtPoster"": ""kiddcat"", ""cmtContent"": "":這處理實在太爛，機場沒整天關場，結果是航空公司"", ""cmtDate"": ""2023-05-07 11:21:00""}, {""cmtStatus"": ""→"", ""cmtPoster"": ""kiddcat"", ""cmtContent"": "":自己關客戶"", ""cmtDate"": ""2023-05-07 11:21:00""}, {""cmtStatus"": ""推"", ""cmtPoster"": ""toole"", ""cmtContent"": "":803的團客也是炸了啊哪有比較好"", ""cmtDate"": ""2023-05-07 11:22:00""}, {""cmtStatus"": ""→"", ""cmtPoster"": ""pigofwind"", ""cmtContent"": "":會買你家機票的客群，看到這種處理方式早就嚇跑了，"", ""cmtDate"": ""2023-05-07 11:22:00""}, {""cmtStatus"": ""→"", ""cmtPoster"": ""pigofwind"", ""cmtContent"": "":一堆人在臉書讚你道歉有什麼用？"", ""cmtDate"": ""2023-05-07 11:22:00""}, {""cmtStatus"": ""推"", ""cmtPoster"": ""Misako"", ""cmtContent"": "":道歉不是應該的嗎？全退不是應該的嗎？"", ""cmtDate"": ""2023-05-07 11:22:00""}, {""cmtStatus"": ""→"", ""cmtPoster"": ""Alano"", ""cmtContent"": "":如果要看完整討論還是去航空版吧"", ""cmtDate"": ""2023-05-07 11:22:00""}, {""cmtStatus"": ""→"", ""cmtPoster"": ""mooto"", ""cmtContent"": "":沒想到團客這麼有保障是因為旅行社比較難處理嗎"", ""cmtDate"": ""2023-05-07 11:23:00""}, {""cmtStatus"": ""→"", ""cmtPoster"": ""Alano"", ""cmtContent"": "":日旅版對星宇還是偏愛居多"", ""cmtDate"": ""2023-05-07 11:23:00""}, {""cmtStatus"": ""推"", ""cmtPoster"": ""as981134"", ""cmtContent"": "":人健忘啊過一陣子特價還是賣光"", ""cmtDate"": ""2023-05-07 11:23:00""}, {""cmtStatus"": ""推"", ""cmtPoster"": ""applemonster"", ""cmtContent"": "":看起來危機處理差，票價沒便宜，以後會避開這家航空"", ""cmtDate"": ""2023-05-07 11:23:00""}, {""cmtStatus"": ""推"", ""cmtPoster"": ""Godofthebutt"", ""cmtContent"": "":這家是廉航嗎？"", ""cmtDate"": ""2023-05-07 11:24:00""}, {""cmtStatus"": ""→"", ""cmtPoster"": ""mooto"", ""cmtContent"": "":那就拿出誠意特價阿(笑)我這人很簡單"", ""cmtDate"": ""2023-05-07 11:24:00""}, {""cmtStatus"": ""→"", ""cmtPoster"": ""as981134"", ""cmtContent"": "":團客收益大要先顧啊這個每家都差不多"", ""cmtDate"": ""2023-05-07 11:24:00""}, {""cmtStatus"": ""→"", ""cmtPoster"": ""as981134"", ""cmtContent"": "":出問題就先安撫高階卡然後團客最後才散客"", ""cmtDate"": ""2023-05-07 11:24:00""}, {""cmtStatus"": ""推"", ""cmtPoster"": ""kiddcat"", ""cmtContent"": "":昨天廉航也沒怎樣，就你星宇問題最多"", ""cmtDate"": ""2023-05-07 11:24:00""}, {""cmtStatus"": ""→"", ""cmtPoster"": ""as981134"", ""cmtContent"": "":反正散客一年搭沒幾次跑了就跑了"", ""cmtDate"": ""2023-05-07 11:24:00""}, {""cmtStatus"": ""推"", ""cmtPoster"": ""yjjs"", ""cmtContent"": "":FB口碑洗到不行好可怕"", ""cmtDate"": ""2023-05-07 11:24:00""}, {""cmtStatus"": ""推"", ""cmtPoster"": ""marforme"", ""cmtContent"": "":本來有在考慮星宇經過此事危機處理0分後不在考慮"", ""cmtDate"": ""2023-05-07 11:25:00""}, {""cmtStatus"": ""→"", ""cmtPoster"": ""marforme"", ""cmtContent"": "":，餐點好吃娛樂設備充電等根本不該是選擇航空公司"", ""cmtDate"": ""2023-05-07 11:25:00""}, {""cmtStatus"": ""→"", ""cmtPoster"": ""marforme"", ""cmtContent"": "":應考慮重點"", ""cmtDate"": ""2023-05-07 11:25:00""}, {""cmtStatus"": ""推"", ""cmtPoster"": ""Serio"", ""cmtContent"": "":旅行社不是難處理不處理想自砍固定收入啊"", ""cmtDate"": ""2023-05-07 11:25:00""}, {""cmtStatus"": ""→"", ""cmtPoster"": ""Alano"", ""cmtContent"": "":而且星宇也沒有比較便宜啊，不像是以前復興"", ""cmtDate"": ""2023-05-07 11:25:00""}, {""cmtStatus"": ""→"", ""cmtPoster"": ""Alano"", ""cmtContent"": "":票價跟兩大比起來真的有便宜"", ""cmtDate"": ""2023-05-07 11:26:00""}, {""cmtStatus"": ""→"", ""cmtPoster"": ""mooto"", ""cmtContent"": "":那你就得罪44看散客用來塞載客率還是有貢獻的"", ""cmtDate"": ""2023-05-07 11:26:00""}, {""cmtStatus"": ""→"", ""cmtPoster"": ""Alano"", ""cmtContent"": "":連後面取消的JX2也可以出包wwww"", ""cmtDate"": ""2023-05-07 11:26:00""}, {""cmtStatus"": ""→"", ""cmtPoster"": ""sonican"", ""cmtContent"": "":想知道如果最後乘客沒有吵，凌晨前飛的出去嗎"", ""cmtDate"": ""2023-05-07 11:26:00""}, {""cmtStatus"": ""推"", ""cmtPoster"": ""as981134"", ""cmtContent"": "":他現在不就得罪了嗎散客沒啥忠誠度促銷完事"", ""cmtDate"": ""2023-05-07 11:27:00""}, {""cmtStatus"": ""→"", ""cmtPoster"": ""mooto"", ""cmtContent"": "":去年虧100多億都吞了敗在這裡"", ""cmtDate"": ""2023-05-07 11:28:00""}, {""cmtStatus"": ""推"", ""cmtPoster"": ""Serio"", ""cmtContent"": "":現在就得罪了啊XD散客就只是塞載客率沒忠誠度啊"", ""cmtDate"": ""2023-05-07 11:28:00""}, {""cmtStatus"": ""推"", ""cmtPoster"": ""breccia"", ""cmtContent"": "":有夠慘"", ""cmtDate"": ""2023-05-07 11:28:00""}, {""cmtStatus"": ""推"", ""cmtPoster"": ""Alano"", ""cmtContent"": "":凌晨一點要中南部的旅客回家睡覺wwww"", ""cmtDate"": ""2023-05-07 11:28:00""}, {""cmtStatus"": ""→"", ""cmtPoster"": ""Mutsumi"", ""cmtContent"": "":吵不吵都一樣,因為機組員時間數到了,不會讓他們飛"", ""cmtDate"": ""2023-05-07 11:29:00""}, {""cmtStatus"": ""→"", ""cmtPoster"": ""Alano"", ""cmtContent"": "":以後要改稱北部人精品航空了"", ""cmtDate"": ""2023-05-07 11:29:00""}, {""cmtStatus"": ""推"", ""cmtPoster"": ""as981134"", ""cmtContent"": "":而且別看這裡一堆說不買的大部分消費者只看新聞"", ""cmtDate"": ""2023-05-07 11:29:00""}, {""cmtStatus"": ""→"", ""cmtPoster"": ""as981134"", ""cmtContent"": "":也不知道這麼誇張還是照買不誤"", ""cmtDate"": ""2023-05-07 11:30:00""}, {""cmtStatus"": ""推"", ""cmtPoster"": ""kiddcat"", ""cmtContent"": "":這篇建議版主置底一年，不然三個月後就忘了"", ""cmtDate"": ""2023-05-07 11:30:00""}, {""cmtStatus"": ""→"", ""cmtPoster"": ""mooto"", ""cmtContent"": "":不用拿機組飛安來情勒你沒備援方案才是問題"", ""cmtDate"": ""2023-05-07 11:30:00""}, {""cmtStatus"": ""推"", ""cmtPoster"": ""blue2999"", ""cmtContent"": "":延誤又沒東西吃不如搭廉航就好"", ""cmtDate"": ""2023-05-07 11:30:00""}, {""cmtStatus"": ""推"", ""cmtPoster"": ""bettybuy"", ""cmtContent"": "":看來是成田機場的鍋了…"", ""cmtDate"": ""2023-05-07 11:31:00""}, {""cmtStatus"": ""推"", ""cmtPoster"": ""requan"", ""cmtContent"": "":另外有影片嗆k董關在機上超過n小時違反美國法律的大"", ""cmtDate"": ""2023-05-07 11:31:00""}, {""cmtStatus"": ""→"", ""cmtPoster"": ""requan"", ""cmtContent"": "":姐，最後被k董裝死說啊就發生了啊！其實這條可以去"", ""cmtDate"": ""2023-05-07 11:31:00""}, {""cmtStatus"": ""→"", ""cmtPoster"": ""requan"", ""cmtContent"": "":查一下日本法律，假如有違反日本當地法律不嫌麻煩"", ""cmtDate"": ""2023-05-07 11:31:00""}, {""cmtStatus"": ""→"", ""cmtPoster"": ""requan"", ""cmtContent"": "":還是可以在日本提告的"", ""cmtDate"": ""2023-05-07 11:31:00""}, {""cmtStatus"": ""→"", ""cmtPoster"": ""Alano"", ""cmtContent"": "":成田機場鍋？？？？"", ""cmtDate"": ""2023-05-07 11:31:00""}, {""cmtStatus"": ""→"", ""cmtPoster"": ""mooto"", ""cmtContent"": "":其實一定對自助客有影響以後如果兩家價格一樣"", ""cmtDate"": ""2023-05-07 11:31:00""}, {""cmtStatus"": ""→"", ""cmtPoster"": ""mooto"", ""cmtContent"": "":你會先選哪一家到頭來就得靠價格做出市場區隔"", ""cmtDate"": ""2023-05-07 11:31:00""}, {""cmtStatus"": ""→"", ""cmtPoster"": ""Alano"", ""cmtContent"": "":強風影響大家都一樣不能降落"", ""cmtDate"": ""2023-05-07 11:32:00""}, {""cmtStatus"": ""→"", ""cmtPoster"": ""Alano"", ""cmtContent"": "":重點明明是後續的處置跟調配"", ""cmtDate"": ""2023-05-07 11:32:00""}, {""cmtStatus"": ""→"", ""cmtPoster"": ""bettybuy"", ""cmtContent"": "":我反串啦=="", ""cmtDate"": ""2023-05-07 11:32:00""}, {""cmtStatus"": ""→"", ""cmtPoster"": ""mooto"", ""cmtContent"": "":機場的規定就在那邊先不用甩鍋到那邊啦"", ""cmtDate"": ""2023-05-07 11:32:00""}, {""cmtStatus"": ""→"", ""cmtPoster"": ""Alano"", ""cmtContent"": "":這種的要先說，今天加班辛苦了"", ""cmtDate"": ""2023-05-07 11:33:00""}, {""cmtStatus"": ""推"", ""cmtPoster"": ""as981134"", ""cmtContent"": "":現在台日的需求基本上大部分人還是沒啥選擇啦"", ""cmtDate"": ""2023-05-07 11:33:00""}, {""cmtStatus"": ""推"", ""cmtPoster"": ""s860382"", ""cmtContent"": "":張董一道歉臉書留言瞬間把803乘客妖魔化乘客保重"", ""cmtDate"": ""2023-05-07 11:33:00""}, {""cmtStatus"": ""→"", ""cmtPoster"": ""s860382"", ""cmtContent"": "":啊"", ""cmtDate"": ""2023-05-07 11:33:00""}, {""cmtStatus"": ""推"", ""cmtPoster"": ""mtcoat"", ""cmtContent"": "":所以被延遲的旅客目前狀況是搭上飛機了嗎？"", ""cmtDate"": ""2023-05-07 11:34:00""}, {""cmtStatus"": ""→"", ""cmtPoster"": ""bettybuy"", ""cmtContent"": "":我今天還真的加班…以後反串要著名"", ""cmtDate"": ""2023-05-07 11:34:00""}, {""cmtStatus"": ""→"", ""cmtPoster"": ""dragonjj"", ""cmtContent"": "":抱歉星宇以後不再名單內這種補償方式我接受不了"", ""cmtDate"": ""2023-05-07 11:35:00""}, {""cmtStatus"": ""推"", ""cmtPoster"": ""xx60824xx"", ""cmtContent"": "":現在搭上飛機但尚未起飛"", ""cmtDate"": ""2023-05-07 11:35:00""}, {""cmtStatus"": ""推"", ""cmtPoster"": ""bigdodoro"", ""cmtContent"": "":分三部分部份上加班機部分轉簽部份等801"", ""cmtDate"": ""2023-05-07 11:35:00""}, {""cmtStatus"": ""推"", ""cmtPoster"": ""kiddcat"", ""cmtContent"": "":自己公司沒問題，是乘客和機場有問題，這啥鬼"", ""cmtDate"": ""2023-05-07 11:37:00""}, {""cmtStatus"": ""推"", ""cmtPoster"": ""mtcoat"", ""cmtContent"": "":傍晚有強降雨鋒面保重"", ""cmtDate"": ""2023-05-07 11:38:00""}, {""cmtStatus"": ""→"", ""cmtPoster"": ""pigofwind"", ""cmtContent"": "":所以等801的那部分還在機場？"", ""cmtDate"": ""2023-05-07 11:41:00""}, {""cmtStatus"": ""→"", ""cmtPoster"": ""iamthebest08"", ""cmtContent"": "":星宇的強項就是公關行銷有聶國維"", ""cmtDate"": ""2023-05-07 11:41:00""}, {""cmtStatus"": ""推"", ""cmtPoster"": ""jtbtm1069"", ""cmtContent"": "":剛要去航空版找文，結果看到聯名卡優惠碼大崩盤XD"", ""cmtDate"": ""2023-05-07 11:41:00""}, {""cmtStatus"": ""推"", ""cmtPoster"": ""windletterz"", ""cmtContent"": "":不會再把星宇列入考慮範圍，拜以後不坐了"", ""cmtDate"": ""2023-05-07 11:44:00""}, {""cmtStatus"": ""推"", ""cmtPoster"": ""devilkool"", ""cmtContent"": "":這個月父母輩要帶阿嬤搭星宇去北海道，希望能順利"", ""cmtDate"": ""2023-05-07 11:50:00""}, {""cmtStatus"": ""推"", ""cmtPoster"": ""bigdodoro"", ""cmtContent"": "":對的等801還在801應該也會delay"", ""cmtDate"": ""2023-05-07 11:52:00""}, {""cmtStatus"": ""推"", ""cmtPoster"": ""mune"", ""cmtContent"": "":拒絕往來戶+1,賭博式管理跟處理方式不會想搭"", ""cmtDate"": ""2023-05-07 11:56:00""}, {""cmtStatus"": ""→"", ""cmtPoster"": ""mune"", ""cmtContent"": "":就算賠償再優渥也跟風險不成比例"", ""cmtDate"": ""2023-05-07 11:58:00""}, {""cmtStatus"": ""推"", ""cmtPoster"": ""dichotomyptt"", ""cmtContent"": "":航空版的被摸頭了"", ""cmtDate"": ""2023-05-07 12:01:00""}, {""cmtStatus"": ""→"", ""cmtPoster"": ""chinick1478"", ""cmtContent"": "":801旅客一部分終於可以先回來了"", ""cmtDate"": ""2023-05-07 12:02:00""}, {""cmtStatus"": ""推"", ""cmtPoster"": ""yjjs"", ""cmtContent"": "":星宇真的不納入選擇了以後"", ""cmtDate"": ""2023-05-07 12:05:00""}, {""cmtStatus"": ""推"", ""cmtPoster"": ""TsukimiyaAyu"", ""cmtContent"": "":票便宜的時候就乖乖下去吸了這麼有骨氣"", ""cmtDate"": ""2023-05-07 12:11:00""}, {""cmtStatus"": ""推"", ""cmtPoster"": ""nagual"", ""cmtContent"": "":正在桃機現場訪問張董"", ""cmtDate"": ""2023-05-07 12:12:00""}, {""cmtStatus"": ""→"", ""cmtPoster"": ""nagual"", ""cmtContent"": "":記者：以前你曾說過廉航ooxx，這次搭過去感覺怎樣？"", ""cmtDate"": ""2023-05-07 12:13:00""}, {""cmtStatus"": ""→"", ""cmtPoster"": ""nagual"", ""cmtContent"": "":張董：你自己去搭看看就知道了阿！！"", ""cmtDate"": ""2023-05-07 12:13:00""}, {""cmtStatus"": ""推"", ""cmtPoster"": ""a6444long"", ""cmtContent"": "":星宇哈哈哈"", ""cmtDate"": ""2023-05-07 12:17:00""}, {""cmtStatus"": ""推"", ""cmtPoster"": ""wayne870426"", ""cmtContent"": "":請問為啥昨天801併803可以同一班飛今天卻又要拆？"", ""cmtDate"": ""2023-05-07 12:18:00""}, {""cmtStatus"": ""推"", ""cmtPoster"": ""zonhuanlul"", ""cmtContent"": "":因為一樣沒有機組人員"", ""cmtDate"": ""2023-05-07 12:19:00""}, {""cmtStatus"": ""推"", ""cmtPoster"": ""hankower"", ""cmtContent"": "":目前機隊只有三架A350此案"", ""cmtDate"": ""2023-05-07 12:19:00""}, {""cmtStatus"": ""推"", ""cmtPoster"": ""marforme"", ""cmtContent"": "":樓上正解根本人力跟飛機調度有問題，沒飛機沒加入"", ""cmtDate"": ""2023-05-07 12:23:00""}, {""cmtStatus"": ""→"", ""cmtPoster"": ""marforme"", ""cmtContent"": "":聯盟"", ""cmtDate"": ""2023-05-07 12:23:00""}, {""cmtStatus"": ""噓"", ""cmtPoster"": ""lise1017"", ""cmtContent"": "":鬼島人有個特性就是有錢人說話永遠是對的鬼島人"", ""cmtDate"": ""2023-05-07 12:23:00""}, {""cmtStatus"": ""→"", ""cmtPoster"": ""lise1017"", ""cmtContent"": "":只要見到有錢人就會流著口水喊乾爹即使有錢人或其"", ""cmtDate"": ""2023-05-07 12:23:00""}, {""cmtStatus"": ""→"", ""cmtPoster"": ""lise1017"", ""cmtContent"": "":團體做錯了鬼島人還是跪舔喊乾爹永遠是對的並幫"", ""cmtDate"": ""2023-05-07 12:23:00""}, {""cmtStatus"": ""→"", ""cmtPoster"": ""lise1017"", ""cmtContent"": "":腔一同打擊同為窮人的團體呵呵有夠可悲"", ""cmtDate"": ""2023-05-07 12:23:00""}, {""cmtStatus"": ""推"", ""cmtPoster"": ""Axy8"", ""cmtContent"": "":很明顯調度處理有問題吧"", ""cmtDate"": ""2023-05-07 12:28:00""}, {""cmtStatus"": ""→"", ""cmtPoster"": ""Axy8"", ""cmtContent"": "":航空公司最重要的就是信任感"", ""cmtDate"": ""2023-05-07 12:29:00""}, {""cmtStatus"": ""推"", ""cmtPoster"": ""nagual"", ""cmtContent"": "":航空版有昨晚飛洛杉磯的乘客現身說法，真的嘆為觀止"", ""cmtDate"": ""2023-05-07 12:32:00""}, {""cmtStatus"": ""→"", ""cmtPoster"": ""nagual"", ""cmtContent"": "":旅館為了省錢，以外國旅客優先，計程車為了省錢共乘"", ""cmtDate"": ""2023-05-07 12:32:00""}, {""cmtStatus"": ""推"", ""cmtPoster"": ""hans1478"", ""cmtContent"": "":這種處理方式不敢搭"", ""cmtDate"": ""2023-05-07 12:33:00""}, {""cmtStatus"": ""→"", ""cmtPoster"": ""nagual"", ""cmtContent"": "":知道星宇這種嘴臉的人根本不可能再去搭乘，太扯了"", ""cmtDate"": ""2023-05-07 12:33:00""}, {""cmtStatus"": ""推"", ""cmtPoster"": ""slainshadow"", ""cmtContent"": "":The賭"", ""cmtDate"": ""2023-05-07 12:33:00""}, {""cmtStatus"": ""推"", ""cmtPoster"": ""gamania10000"", ""cmtContent"": "":帳面上畢竟還是鉅額虧損很重視控制支出的部分"", ""cmtDate"": ""2023-05-07 12:34:00""}, {""cmtStatus"": ""→"", ""cmtPoster"": ""hans1478"", ""cmtContent"": "":這樣的處理方式散客哪受得了會選其他航空"", ""cmtDate"": ""2023-05-07 12:35:00""}, {""cmtStatus"": ""推"", ""cmtPoster"": ""jimmy12332"", ""cmtContent"": "":wow沒想到每次看到星宇覺得貴最後為了錢都搭華航"", ""cmtDate"": ""2023-05-07 12:38:00""}, {""cmtStatus"": ""→"", ""cmtPoster"": ""jimmy12332"", ""cmtContent"": "":的我竟然是最後贏家"", ""cmtDate"": ""2023-05-07 12:38:00""}, {""cmtStatus"": ""→"", ""cmtPoster"": ""bkebke"", ""cmtContent"": "":想開回來吧下午6點超時的時後還想賭賭輸了"", ""cmtDate"": ""2023-05-07 12:38:00""}, {""cmtStatus"": ""推"", ""cmtPoster"": ""i376ers"", ""cmtContent"": "":星宇噗噗"", ""cmtDate"": ""2023-05-07 12:38:00""}, {""cmtStatus"": ""推"", ""cmtPoster"": ""nagual"", ""cmtContent"": "":航空版標題：星宇後續的JX2推薦觀賞"", ""cmtDate"": ""2023-05-07 12:39:00""}, {""cmtStatus"": ""推"", ""cmtPoster"": ""benting"", ""cmtContent"": "":華航跟長榮董座會有星宇這樣道歉嗎？"", ""cmtDate"": ""2023-05-07 12:40:00""}, {""cmtStatus"": ""推"", ""cmtPoster"": ""zhickun"", ""cmtContent"": "":不要再亂用嘆為觀止了….嘆為觀止是只美好的事物到"", ""cmtDate"": ""2023-05-07 12:41:00""}, {""cmtStatus"": ""→"", ""cmtPoster"": ""zhickun"", ""cmtContent"": "":了極點，除非你覺得這很美好"", ""cmtDate"": ""2023-05-07 12:41:00""}, {""cmtStatus"": ""推"", ""cmtPoster"": ""nagual"", ""cmtContent"": "":原來反諷也不能用？"", ""cmtDate"": ""2023-05-07 12:44:00""}, {""cmtStatus"": ""推"", ""cmtPoster"": ""miaomiao35"", ""cmtContent"": "":道歉值幾個錢客人被迫睡機場連餐食都自理耶"", ""cmtDate"": ""2023-05-07 12:46:00""}, {""cmtStatus"": ""噓"", ""cmtPoster"": ""ck326"", ""cmtContent"": "":道歉有屁用，幫忙安排食宿後續航班才實在"", ""cmtDate"": ""2023-05-07 12:47:00""}, {""cmtStatus"": ""推"", ""cmtPoster"": ""Serio"", ""cmtContent"": "":航空版的Re:JX2後續那篇的處理方式該說嘆為觀止嗎"", ""cmtDate"": ""2023-05-07 12:51:00""}, {""cmtStatus"": ""→"", ""cmtPoster"": ""Serio"", ""cmtContent"": "":(反諷的意味)是要後人都比不上嗎..."", ""cmtDate"": ""2023-05-07 12:51:00""}, {""cmtStatus"": ""推"", ""cmtPoster"": ""YakultSlime"", ""cmtContent"": "":價格戰要來了嗎"", ""cmtDate"": ""2023-05-07 12:51:00""}, {""cmtStatus"": ""推"", ""cmtPoster"": ""lucifero"", ""cmtContent"": "":　　　　　　　　　K董霸氣！"", ""cmtDate"": ""2023-05-07 12:56:00""}, {""cmtStatus"": ""推"", ""cmtPoster"": ""xSAUCEx"", ""cmtContent"": "":老闆自己去開飛機超瞎萬一出事怎麼辦後續決策怎"", ""cmtDate"": ""2023-05-07 12:56:00""}, {""cmtStatus"": ""→"", ""cmtPoster"": ""xSAUCEx"", ""cmtContent"": "":麼辦還是這間公司都不用決策？"", ""cmtDate"": ""2023-05-07 12:56:00""}, {""cmtStatus"": ""→"", ""cmtPoster"": ""nolimits"", ""cmtContent"": "":一家公司如果會因為一個人出事就再問怎麼辦的話，那"", ""cmtDate"": ""2023-05-07 12:59:00""}, {""cmtStatus"": ""→"", ""cmtPoster"": ""nolimits"", ""cmtContent"": "":也不用玩了，老闆開飛機這根本沒什麼"", ""cmtDate"": ""2023-05-07 12:59:00""}, {""cmtStatus"": ""→"", ""cmtPoster"": ""nolimits"", ""cmtContent"": "":不用拿這點模糊這次的處理"", ""cmtDate"": ""2023-05-07 13:00:00""}, {""cmtStatus"": ""推"", ""cmtPoster"": ""owlonoak"", ""cmtContent"": "":感覺星宇公關今天洗地很用力很多文都被刪除了"", ""cmtDate"": ""2023-05-07 13:00:00""}, {""cmtStatus"": ""→"", ""cmtPoster"": ""owlonoak"", ""cmtContent"": "":這篇要撐住啊"", ""cmtDate"": ""2023-05-07 13:00:00""}, {""cmtStatus"": ""推"", ""cmtPoster"": ""OFETMAN"", ""cmtContent"": "":道歉不是用來乞求原諒的，(另人滿意的)賠償才是"", ""cmtDate"": ""2023-05-07 13:01:00""}, {""cmtStatus"": ""推"", ""cmtPoster"": ""otonashi1003"", ""cmtContent"": "":所以目前乘客飛了沒有啊，之後應該會有人發文吧"", ""cmtDate"": ""2023-05-07 13:04:00""}, {""cmtStatus"": ""推"", ""cmtPoster"": ""m54k600ive80"", ""cmtContent"": "":怕"", ""cmtDate"": ""2023-05-07 13:05:00""}, {""cmtStatus"": ""推"", ""cmtPoster"": ""namitori"", ""cmtContent"": "":來回機票全額退，不便險申請下去..貪心的台客還有"", ""cmtDate"": ""2023-05-07 13:12:00""}, {""cmtStatus"": ""→"", ""cmtPoster"": ""namitori"", ""cmtContent"": "":更多的補償？"", ""cmtDate"": ""2023-05-07 13:12:00""}, {""cmtStatus"": ""→"", ""cmtPoster"": ""pigofwind"", ""cmtContent"": "":我好奇問一下，像這案例，不便險如果是實支實付的能"", ""cmtDate"": ""2023-05-07 13:15:00""}, {""cmtStatus"": ""→"", ""cmtPoster"": ""pigofwind"", ""cmtContent"": "":申請什麼？"", ""cmtDate"": ""2023-05-07 13:15:00""}, {""cmtStatus"": ""推"", ""cmtPoster"": ""lucifero"", ""cmtContent"": "":有一批飛回來了目前飛機在德島上空"", ""cmtDate"": ""2023-05-07 13:16:00""}, {""cmtStatus"": ""→"", ""cmtPoster"": ""lucifero"", ""cmtContent"": "":申請在機場的餐食因為早午餐自理"", ""cmtDate"": ""2023-05-07 13:17:00""}, {""cmtStatus"": ""推"", ""cmtPoster"": ""cityman9999"", ""cmtContent"": "":一個錯誤決策導致連環效應欸"", ""cmtDate"": ""2023-05-07 13:17:00""}, {""cmtStatus"": ""推"", ""cmtPoster"": ""icedog122"", ""cmtContent"": "":好像都不能申請耶沒住宿(因為睡睡袋)"", ""cmtDate"": ""2023-05-07 13:17:00""}, {""cmtStatus"": ""→"", ""cmtPoster"": ""icedog122"", ""cmtContent"": "":沒用餐(因為餐廳沒開)飛機票也全退(也無請交通費)"", ""cmtDate"": ""2023-05-07 13:18:00""}, {""cmtStatus"": ""→"", ""cmtPoster"": ""pigofwind"", ""cmtContent"": "":嗯，好像只能請在機場吃的餐食費用"", ""cmtDate"": ""2023-05-07 13:19:00""}, {""cmtStatus"": ""推"", ""cmtPoster"": ""catsvillage"", ""cmtContent"": "":應該是5000+5000？"", ""cmtDate"": ""2023-05-07 13:19:00""}, {""cmtStatus"": ""推"", ""cmtPoster"": ""hans1478"", ""cmtContent"": "":樓上說的這樣好慘QQ"", ""cmtDate"": ""2023-05-07 13:19:00""}, {""cmtStatus"": ""→"", ""cmtPoster"": ""catsvillage"", ""cmtContent"": "":還是只有5000？"", ""cmtDate"": ""2023-05-07 13:20:00""}, {""cmtStatus"": ""→"", ""cmtPoster"": ""pigofwind"", ""cmtContent"": "":那圖是定額給付的，在這情況下好像還比較多一點XD"", ""cmtDate"": ""2023-05-07 13:21:00""}, {""cmtStatus"": ""→"", ""cmtPoster"": ""hans1478"", ""cmtContent"": "":歐盟有EU261之前遇到是直接去住旅館會全賠但是這"", ""cmtDate"": ""2023-05-07 13:21:00""}, {""cmtStatus"": ""→"", ""cmtPoster"": ""hans1478"", ""cmtContent"": "":個是完全沒機會住旅館好像更慘"", ""cmtDate"": ""2023-05-07 13:21:00""}, {""cmtStatus"": ""推"", ""cmtPoster"": ""lucifero"", ""cmtContent"": "":如果按照那張圖片就只有班機延誤3000+3000但詳細還"", ""cmtDate"": ""2023-05-07 13:23:00""}, {""cmtStatus"": ""→"", ""cmtPoster"": ""lucifero"", ""cmtContent"": "":是要看保險契約"", ""cmtDate"": ""2023-05-07 13:23:00""}, {""cmtStatus"": ""推"", ""cmtPoster"": ""PHME317"", ""cmtContent"": "":星宇這種處理方式，以後訂機票真的要避開這家"", ""cmtDate"": ""2023-05-07 13:30:00""}, {""cmtStatus"": ""推"", ""cmtPoster"": ""peterchou"", ""cmtContent"": "":花到這個錢還沒人暴動"", ""cmtDate"": ""2023-05-07 13:32:00""}, {""cmtStatus"": ""推"", ""cmtPoster"": ""airizumo"", ""cmtContent"": "":現在搞到連5/7JX801都delay一個小時了"", ""cmtDate"": ""2023-05-07 13:34:00""}, {""cmtStatus"": ""推"", ""cmtPoster"": ""linx210145"", ""cmtContent"": "":為啥要跑去名古烏，距離很遠啊"", ""cmtDate"": ""2023-05-07 13:34:00""}, {""cmtStatus"": ""推"", ""cmtPoster"": ""hsieh2929"", ""cmtContent"": "":當下就是只能暫降落名古屋"", ""cmtDate"": ""2023-05-07 13:36:00""}, {""cmtStatus"": ""→"", ""cmtPoster"": ""hsieh2929"", ""cmtContent"": "":羽田不是說你想去就能去"", ""cmtDate"": ""2023-05-07 13:37:00""}, {""cmtStatus"": ""→"", ""cmtPoster"": ""mooto"", ""cmtContent"": "":'貪心的台客'笑死你知道旅客的時間成本嗎"", ""cmtDate"": ""2023-05-07 13:37:00""}, {""cmtStatus"": ""推"", ""cmtPoster"": ""baz06"", ""cmtContent"": "":在飛機上關那麼久，是要飛歐美嗎？"", ""cmtDate"": ""2023-05-07 13:38:00""}, {""cmtStatus"": ""推"", ""cmtPoster"": ""sendtreepad"", ""cmtContent"": "":你轉降的機場還要機場設備可以處理你的飛機，或是"", ""cmtDate"": ""2023-05-07 13:38:00""}, {""cmtStatus"": ""→"", ""cmtPoster"": ""sendtreepad"", ""cmtContent"": "":有空間可以停你的飛機"", ""cmtDate"": ""2023-05-07 13:38:00""}, {""cmtStatus"": ""推"", ""cmtPoster"": ""shlee"", ""cmtContent"": "":羽田不是想去就能去的連昨天他們自家的JAL820下午"", ""cmtDate"": ""2023-05-07 13:41:00""}, {""cmtStatus"": ""→"", ""cmtPoster"": ""shlee"", ""cmtContent"": "":降3次成田都失敗以後也是轉去名古屋"", ""cmtDate"": ""2023-05-07 13:41:00""}, {""cmtStatus"": ""噓"", ""cmtPoster"": ""saiiys"", ""cmtContent"": "":星宇繼續吹阿笑屎"", ""cmtDate"": ""2023-05-07 13:43:00""}, {""cmtStatus"": ""推"", ""cmtPoster"": ""sandemo"", ""cmtContent"": "":把受苦的旅客打成貪心也是一絕"", ""cmtDate"": ""2023-05-07 13:49:00""}, {""cmtStatus"": ""推"", ""cmtPoster"": ""xSAUCEx"", ""cmtContent"": "":星粉好了啦死忠是有錢拿喔還模糊咧"", ""cmtDate"": ""2023-05-07 13:49:00""}, {""cmtStatus"": ""推"", ""cmtPoster"": ""jackyzhes"", ""cmtContent"": "":不愧是驚品航空"", ""cmtDate"": ""2023-05-07 13:51:00""}, {""cmtStatus"": ""推"", ""cmtPoster"": ""PHME317"", ""cmtContent"": "":現在FB都在罵旅客奧客。星宇真的很可惡，有時間在"", ""cmtDate"": ""2023-05-07 13:52:00""}, {""cmtStatus"": ""→"", ""cmtPoster"": ""PHME317"", ""cmtContent"": "":公關上帶風向，不如增進危機處理的能力"", ""cmtDate"": ""2023-05-07 13:52:00""}, {""cmtStatus"": ""推"", ""cmtPoster"": ""oftheday"", ""cmtContent"": "":來回全額退，賺爛了"", ""cmtDate"": ""2023-05-07 13:52:00""}, {""cmtStatus"": ""推"", ""cmtPoster"": ""SeTeVen"", ""cmtContent"": "":有錢請公關，沒錢安排應變"", ""cmtDate"": ""2023-05-07 13:53:00""}, {""cmtStatus"": ""推"", ""cmtPoster"": ""pdself"", ""cmtContent"": "":800/801那班飛機到底是否硬體有出問題？"", ""cmtDate"": ""2023-05-07 14:05:00""}, {""cmtStatus"": ""→"", ""cmtPoster"": ""bkebke"", ""cmtContent"": "":倒貼請客人坐早上其它家的不就早回來了"", ""cmtDate"": ""2023-05-07 14:06:00""}, {""cmtStatus"": ""推"", ""cmtPoster"": ""Mellissa"", ""cmtContent"": "":香草剛開航時宵禁2300更刺激現在都給你多1小了"", ""cmtDate"": ""2023-05-07 14:08:00""}, {""cmtStatus"": ""推"", ""cmtPoster"": ""kadolong"", ""cmtContent"": "":有全額退很讚了還有奧客要另外賠真是有夠好笑"", ""cmtDate"": ""2023-05-07 14:10:00""}, {""cmtStatus"": ""→"", ""cmtPoster"": ""kadolong"", ""cmtContent"": "":還有旅遊不便險根本賺爛"", ""cmtDate"": ""2023-05-07 14:11:00""}, {""cmtStatus"": ""推"", ""cmtPoster"": ""vicky23615"", ""cmtContent"": "":星宇的確處理不好不過過一陣子弄個大特價大家一"", ""cmtDate"": ""2023-05-07 14:11:00""}, {""cmtStatus"": ""→"", ""cmtPoster"": ""vicky23615"", ""cmtContent"": "":定還是卯起來訂啦～"", ""cmtDate"": ""2023-05-07 14:11:00""}, {""cmtStatus"": ""→"", ""cmtPoster"": ""kadolong"", ""cmtContent"": "":國外航空只會說天侯因素誰鳥你"", ""cmtDate"": ""2023-05-07 14:11:00""}, {""cmtStatus"": ""噓"", ""cmtPoster"": ""ck326"", ""cmtContent"": "":等尼遇到一次，行程全亂，看你會不會喊賺爛，呵呵"", ""cmtDate"": ""2023-05-07 14:12:00""}, {""cmtStatus"": ""推"", ""cmtPoster"": ""kadolong"", ""cmtContent"": "":就遇到了都有處理了不然咧要航空和你磕頭嗎"", ""cmtDate"": ""2023-05-07 14:14:00""}, {""cmtStatus"": ""推"", ""cmtPoster"": ""playerst"", ""cmtContent"": "":沒有賺爛吧看起來只能領6000而且要關在機艙內7小"", ""cmtDate"": ""2023-05-07 14:14:00""}, {""cmtStatus"": ""→"", ""cmtPoster"": ""bkebke"", ""cmtContent"": "":出包的對台灣人是回程通常就多請一天假"", ""cmtDate"": ""2023-05-07 14:14:00""}, {""cmtStatus"": ""→"", ""cmtPoster"": ""playerst"", ""cmtContent"": "":要是我我才不要"", ""cmtDate"": ""2023-05-07 14:14:00""}, {""cmtStatus"": ""→"", ""cmtPoster"": ""bkebke"", ""cmtContent"": "":排班的就看要怎麼補同事"", ""cmtDate"": ""2023-05-07 14:14:00""}, {""cmtStatus"": ""推"", ""cmtPoster"": ""ducking"", ""cmtContent"": "":出包的做法不就是道歉處理然後安靜接受批評嗎?"", ""cmtDate"": ""2023-05-07 14:15:00""}, {""cmtStatus"": ""→"", ""cmtPoster"": ""bkebke"", ""cmtContent"": "":昨天就算了今天回來的比搭廉航還慢應該會更氣"", ""cmtDate"": ""2023-05-07 14:16:00""}, {""cmtStatus"": ""→"", ""cmtPoster"": ""suba1121"", ""cmtContent"": "":這次出的包跟天候因素沒有太大的關聯了天候因素是"", ""cmtDate"": ""2023-05-07 14:17:00""}, {""cmtStatus"": ""推"", ""cmtPoster"": ""sunland"", ""cmtContent"": "":華視新聞這個不知道是否正確完整"", ""cmtDate"": ""2023-05-07 14:17:00""}, {""cmtStatus"": ""→"", ""cmtPoster"": ""suba1121"", ""cmtContent"": "":800那一台803頂多是因為802天候因素需要花時間檢查"", ""cmtDate"": ""2023-05-07 14:17:00""}, {""cmtStatus"": ""推"", ""cmtPoster"": ""gamegod"", ""cmtContent"": "":5月日本春之嵐加上梅雨季星宇這航班delay問題"", ""cmtDate"": ""2023-05-07 14:18:00""}, {""cmtStatus"": ""→"", ""cmtPoster"": ""gamegod"", ""cmtContent"": "":導致後面航班出現調度問題我覺得很高機率再上演"", ""cmtDate"": ""2023-05-07 14:18:00""}, {""cmtStatus"": ""推"", ""cmtPoster"": ""onetwo01"", ""cmtContent"": "":雖然網紅推銷的很賣力，我直覺這家航空公司還需要多"", ""cmtDate"": ""2023-05-07 14:18:00""}, {""cmtStatus"": ""→"", ""cmtPoster"": ""onetwo01"", ""cmtContent"": "":觀察幾年再搭，寧願出國繼續坐華航比較安心。"", ""cmtDate"": ""2023-05-07 14:18:00""}, {""cmtStatus"": ""→"", ""cmtPoster"": ""suba1121"", ""cmtContent"": "":如果沒有等併班803的機組也不會超時"", ""cmtDate"": ""2023-05-07 14:18:00""}, {""cmtStatus"": ""推"", ""cmtPoster"": ""kadolong"", ""cmtContent"": "":看你本來也不會搭了是講星酸的嗎"", ""cmtDate"": ""2023-05-07 14:20:00""}, {""cmtStatus"": ""推"", ""cmtPoster"": ""lucifero"", ""cmtContent"": "":跟天候根本沒關係還想用天氣因素護航"", ""cmtDate"": ""2023-05-07 14:20:00""}, {""cmtStatus"": ""推"", ""cmtPoster"": ""nanase123"", ""cmtContent"": "":不知道已經訂好票的人現在是什麼想法"", ""cmtDate"": ""2023-05-07 14:21:00""}, {""cmtStatus"": ""→"", ""cmtPoster"": ""kadolong"", ""cmtContent"": "":不就因天侯因素想救801才搞到803"", ""cmtDate"": ""2023-05-07 14:22:00""}, {""cmtStatus"": ""推"", ""cmtPoster"": ""sunnylaba"", ""cmtContent"": "":6月要搭星宇去大阪,不知道要不要退掉訂長榮..."", ""cmtDate"": ""2023-05-07 14:22:00""}, {""cmtStatus"": ""→"", ""cmtPoster"": ""lucifero"", ""cmtContent"": "":對星宇來說出包後是亂處理沒關係公關帶風向就好"", ""cmtDate"": ""2023-05-07 14:22:00""}, {""cmtStatus"": ""→"", ""cmtPoster"": ""suba1121"", ""cmtContent"": "":最根本問題就是等801併班導致803也飛不回來"", ""cmtDate"": ""2023-05-07 14:23:00""}, {""cmtStatus"": ""→"", ""cmtPoster"": ""kadolong"", ""cmtContent"": "":會怕就退帶風向大可不必"", ""cmtDate"": ""2023-05-07 14:23:00""}, {""cmtStatus"": ""→"", ""cmtPoster"": ""lucifero"", ""cmtContent"": "":就因為想省成本才搞到803"", ""cmtDate"": ""2023-05-07 14:23:00""}, {""cmtStatus"": ""→"", ""cmtPoster"": ""suba1121"", ""cmtContent"": "":801是因為天候因素803可不能用天候因素來說"", ""cmtDate"": ""2023-05-07 14:23:00""}, {""cmtStatus"": ""推"", ""cmtPoster"": ""Serio"", ""cmtContent"": "":JX800/801是天候,803甚至延伸到JX2都不能用天候"", ""cmtDate"": ""2023-05-07 14:24:00""}, {""cmtStatus"": ""推"", ""cmtPoster"": ""kadolong"", ""cmtContent"": "":和某霉體一樣往死裡打也有夠好笑的"", ""cmtDate"": ""2023-05-07 14:24:00""}, {""cmtStatus"": ""→"", ""cmtPoster"": ""shlee"", ""cmtContent"": "":其實硬要說是跟天候有一點點關聯但不會是主因而且"", ""cmtDate"": ""2023-05-07 14:24:00""}, {""cmtStatus"": ""→"", ""cmtPoster"": ""shlee"", ""cmtContent"": "":是可以避開的因為昨天成田強風造成航班起降大亂所"", ""cmtDate"": ""2023-05-07 14:24:00""}, {""cmtStatus"": ""→"", ""cmtPoster"": ""shlee"", ""cmtContent"": "":以塞機管制803如果不等801旅客的話應該有機會在超"", ""cmtDate"": ""2023-05-07 14:24:00""}, {""cmtStatus"": ""→"", ""cmtPoster"": ""shlee"", ""cmtContent"": "":時前起飛結果等到801旅客都上機以後成田塞機管制"", ""cmtDate"": ""2023-05-07 14:24:00""}, {""cmtStatus"": ""→"", ""cmtPoster"": ""shlee"", ""cmtContent"": "":繼續等然後就超時"", ""cmtDate"": ""2023-05-07 14:24:00""}, {""cmtStatus"": ""→"", ""cmtPoster"": ""suba1121"", ""cmtContent"": "":確定不能飛了之後的處理完全看出星宇備援不足之處"", ""cmtDate"": ""2023-05-07 14:25:00""}, {""cmtStatus"": ""推"", ""cmtPoster"": ""gamegod"", ""cmtContent"": "":看這次有沒有學到教訓阿再遇到直接退關"", ""cmtDate"": ""2023-05-07 14:26:00""}, {""cmtStatus"": ""→"", ""cmtPoster"": ""gamegod"", ""cmtContent"": "":花錢訂飯店給旅客住而不是一直公關"", ""cmtDate"": ""2023-05-07 14:26:00""}, {""cmtStatus"": ""→"", ""cmtPoster"": ""suba1121"", ""cmtContent"": "":硬要說天候就只能說是機場端的管制比較好奇是"", ""cmtDate"": ""2023-05-07 14:27:00""}, {""cmtStatus"": ""→"", ""cmtPoster"": ""suba1121"", ""cmtContent"": "":803如果沒有等801的旅客是不是真的有機會起飛"", ""cmtDate"": ""2023-05-07 14:27:00""}, {""cmtStatus"": ""→"", ""cmtPoster"": ""gamegod"", ""cmtContent"": "":如果還是跟這次一樣處理方式就可以放生這間航空了"", ""cmtDate"": ""2023-05-07 14:27:00""}, {""cmtStatus"": ""→"", ""cmtPoster"": ""suba1121"", ""cmtContent"": "":如果不併班花錢讓801部分旅客去飯店住"", ""cmtDate"": ""2023-05-07 14:28:00""}, {""cmtStatus"": ""推"", ""cmtPoster"": ""kadolong"", ""cmtContent"": "":董a都出面倒歉了一堆人講完全不處理一樣"", ""cmtDate"": ""2023-05-07 14:28:00""}, {""cmtStatus"": ""→"", ""cmtPoster"": ""suba1121"", ""cmtContent"": "":就沒後續這些問題了就算803到時候也沒飛大家也會"", ""cmtDate"": ""2023-05-07 14:28:00""}, {""cmtStatus"": ""推"", ""cmtPoster"": ""Serio"", ""cmtContent"": "":照航空版有整理時間表803多了檢修可能也會超時"", ""cmtDate"": ""2023-05-07 14:30:00""}, {""cmtStatus"": ""→"", ""cmtPoster"": ""suba1121"", ""cmtContent"": "":理解後續原因但是沒飛的後續處理真的不行"", ""cmtDate"": ""2023-05-07 14:30:00""}, {""cmtStatus"": ""→"", ""cmtPoster"": ""suba1121"", ""cmtContent"": "":大家知道803有多檢修但是如果沒有等801旅客是否"", ""cmtDate"": ""2023-05-07 14:31:00""}, {""cmtStatus"": ""→"", ""cmtPoster"": ""suba1121"", ""cmtContent"": "":就有機會順利起飛不會讓機組人員超時"", ""cmtDate"": ""2023-05-07 14:31:00""}, {""cmtStatus"": ""→"", ""cmtPoster"": ""suba1121"", ""cmtContent"": "":因為803是802的機組人員他們自己應該知道如果檢修"", ""cmtDate"": ""2023-05-07 14:31:00""}, {""cmtStatus"": ""→"", ""cmtPoster"": ""suba1121"", ""cmtContent"": "":時間超過多久機組人員可能就會超時..."", ""cmtDate"": ""2023-05-07 14:32:00""}, {""cmtStatus"": ""→"", ""cmtPoster"": ""suba1121"", ""cmtContent"": "":道歉是應該的阿重點是有沒有承認決策錯誤?"", ""cmtDate"": ""2023-05-07 14:33:00""}, {""cmtStatus"": ""推"", ""cmtPoster"": ""jackyzhes"", ""cmtContent"": "":氣候因素是前面後續處理是兩回事一直帶氣候因素的"", ""cmtDate"": ""2023-05-07 14:35:00""}, {""cmtStatus"": ""推"", ""cmtPoster"": ""rekvosi"", ""cmtContent"": "":華視不太完整，宵禁是12點不是11點，然後JX2沒去J"", ""cmtDate"": ""2023-05-07 14:35:00""}, {""cmtStatus"": ""→"", ""cmtPoster"": ""rekvosi"", ""cmtContent"": "":X1也影響，總共是四班飛機。"", ""cmtDate"": ""2023-05-07 14:35:00""}, {""cmtStatus"": ""推"", ""cmtPoster"": ""lucifero"", ""cmtContent"": "":道歉是基本的不用講得好像道歉乘客就要謝主隆恩了"", ""cmtDate"": ""2023-05-07 14:35:00""}, {""cmtStatus"": ""→"", ""cmtPoster"": ""jackyzhes"", ""cmtContent"": "":也是笑笑原班是下午有多久可以處理還搞到滯留機"", ""cmtDate"": ""2023-05-07 14:36:00""}, {""cmtStatus"": ""→"", ""cmtPoster"": ""jackyzhes"", ""cmtContent"": "":上+機場睡袋想偷雞就好好接受批評:)"", ""cmtDate"": ""2023-05-07 14:36:00""}, {""cmtStatus"": ""推"", ""cmtPoster"": ""helloworld"", ""cmtContent"": "":聽起來好像803本來能飛,被星宇搞到不能飛,乘客還要"", ""cmtDate"": ""2023-05-07 14:37:00""}, {""cmtStatus"": ""→"", ""cmtPoster"": ""helloworld"", ""cmtContent"": "":睡機場?這真的超大包"", ""cmtDate"": ""2023-05-07 14:37:00""}, {""cmtStatus"": ""→"", ""cmtPoster"": ""suba1121"", ""cmtContent"": "":宵禁是11點昨天是延長宵禁時間到12點"", ""cmtDate"": ""2023-05-07 14:37:00""}, {""cmtStatus"": ""→"", ""cmtPoster"": ""suba1121"", ""cmtContent"": "":803是否本來能飛真的謎了因為昨天成天也的確有"", ""cmtDate"": ""2023-05-07 14:38:00""}, {""cmtStatus"": ""推"", ""cmtPoster"": ""ck326"", ""cmtContent"": "":一班飛機的事搞到三班本來就超好笑der"", ""cmtDate"": ""2023-05-07 14:38:00""}, {""cmtStatus"": ""→"", ""cmtPoster"": ""suba1121"", ""cmtContent"": "":成田也有塞機管制飛機檢查後+管制的狀況下機組會"", ""cmtDate"": ""2023-05-07 14:38:00""}, {""cmtStatus"": ""→"", ""cmtPoster"": ""suba1121"", ""cmtContent"": "":不會因為管制等候起飛導致超時??"", ""cmtDate"": ""2023-05-07 14:39:00""}, {""cmtStatus"": ""推"", ""cmtPoster"": ""kiddcat"", ""cmtContent"": "":機組員超時了要怎麼飛？"", ""cmtDate"": ""2023-05-07 14:39:00""}, {""cmtStatus"": ""→"", ""cmtPoster"": ""suba1121"", ""cmtContent"": "":但是因為801乘客有併來803是事實所以併班又花了時"", ""cmtDate"": ""2023-05-07 14:40:00""}, {""cmtStatus"": ""→"", ""cmtPoster"": ""suba1121"", ""cmtContent"": "":間加上塞機管制下機組員就超時了"", ""cmtDate"": ""2023-05-07 14:40:00""}, {""cmtStatus"": ""→"", ""cmtPoster"": ""suba1121"", ""cmtContent"": "":機組員超時當然不會飛現在的問題是如果沒有併801"", ""cmtDate"": ""2023-05-07 14:41:00""}, {""cmtStatus"": ""→"", ""cmtPoster"": ""suba1121"", ""cmtContent"": "":803是否就可以在管制下沒問題的起飛如果管制下"", ""cmtDate"": ""2023-05-07 14:41:00""}, {""cmtStatus"": ""→"", ""cmtPoster"": ""suba1121"", ""cmtContent"": "":機組員還是超時了當然也不會飛也不會有大家說的"", ""cmtDate"": ""2023-05-07 14:42:00""}, {""cmtStatus"": ""推"", ""cmtPoster"": ""griffick"", ""cmtContent"": "":好了啦在研議特價促銷活動了死忠的星粉快上"", ""cmtDate"": ""2023-05-07 14:43:00""}, {""cmtStatus"": ""→"", ""cmtPoster"": ""suba1121"", ""cmtContent"": "":這些不過後面的備援不足就是事實"", ""cmtDate"": ""2023-05-07 14:43:00""}, {""cmtStatus"": ""推"", ""cmtPoster"": ""songmeng"", ""cmtContent"": "":成田的宵禁好像本來就12點了吧不是昨天才延的"", ""cmtDate"": ""2023-05-07 14:43:00""}, {""cmtStatus"": ""推"", ""cmtPoster"": ""gamegod"", ""cmtContent"": "":請問台灣法律現有明確規定機上等待多久可下機嗎??"", ""cmtDate"": ""2023-05-07 14:44:00""}, {""cmtStatus"": ""→"", ""cmtPoster"": ""shlee"", ""cmtContent"": "":不管超時是發生在檢修後還是併班後確定超時的當下"", ""cmtDate"": ""2023-05-07 14:44:00""}, {""cmtStatus"": ""→"", ""cmtPoster"": ""shlee"", ""cmtContent"": "":就應該早早退關安排食宿了又不是在自家主場可以馬"", ""cmtDate"": ""2023-05-07 14:44:00""}, {""cmtStatus"": ""→"", ""cmtPoster"": ""shlee"", ""cmtContent"": "":上調人接手航班派人飛過去羽田再趕去成田的風險太"", ""cmtDate"": ""2023-05-07 14:44:00""}, {""cmtStatus"": ""→"", ""cmtPoster"": ""shlee"", ""cmtContent"": "":高了成田還是有宵禁的機場中間一個差錯就像昨晚"", ""cmtDate"": ""2023-05-07 14:44:00""}, {""cmtStatus"": ""→"", ""cmtPoster"": ""shlee"", ""cmtContent"": "":那樣不給飛"", ""cmtDate"": ""2023-05-07 14:44:00""}, {""cmtStatus"": ""推"", ""cmtPoster"": ""Beakidd"", ""cmtContent"": "":看來這也混進了幾隻公關仔在這吠"", ""cmtDate"": ""2023-05-07 14:44:00""}, {""cmtStatus"": ""→"", ""cmtPoster"": ""gamegod"", ""cmtContent"": "":如果沒有會不會因為這次事件直接新增法條阿??"", ""cmtDate"": ""2023-05-07 14:44:00""}, {""cmtStatus"": ""推"", ""cmtPoster"": ""suba1121"", ""cmtContent"": "":宵禁時間昨天原討論串有說喔可以去看一下"", ""cmtDate"": ""2023-05-07 14:45:00""}, {""cmtStatus"": ""→"", ""cmtPoster"": ""suba1121"", ""cmtContent"": "":推shlee大機組員確定超時早早退關安排至少比較"", ""cmtDate"": ""2023-05-07 14:46:00""}, {""cmtStatus"": ""推"", ""cmtPoster"": ""kiddcat"", ""cmtContent"": "":這家人力就卡很緊，這次不就完全暴露出來了"", ""cmtDate"": ""2023-05-07 14:47:00""}, {""cmtStatus"": ""→"", ""cmtPoster"": ""suba1121"", ""cmtContent"": "":沒這麼大的抱怨大家現在看的是後續安排"", ""cmtDate"": ""2023-05-07 14:47:00""}, {""cmtStatus"": ""→"", ""cmtPoster"": ""shlee"", ""cmtContent"": "":但我想他們要拼一把派人去飛回來應該也是為了JX2"", ""cmtDate"": ""2023-05-07 14:47:00""}, {""cmtStatus"": ""→"", ""cmtPoster"": ""shlee"", ""cmtContent"": "":只是這把拼輸了飛機不夠多又把飛LAX的飛機拿去飛"", ""cmtDate"": ""2023-05-07 14:47:00""}, {""cmtStatus"": ""→"", ""cmtPoster"": ""shlee"", ""cmtContent"": "":日本出了狀況就整個卡死"", ""cmtDate"": ""2023-05-07 14:47:00""}, {""cmtStatus"": ""→"", ""cmtPoster"": ""suba1121"", ""cmtContent"": "":後續處理得好大家可以體諒"", ""cmtDate"": ""2023-05-07 14:48:00""}, {""cmtStatus"": ""推"", ""cmtPoster"": ""Serio"", ""cmtContent"": "":看起來沒有併班也超時(超過TW17:40)成田排隊太多"", ""cmtDate"": ""2023-05-07 14:48:00""}, {""cmtStatus"": ""→"", ""cmtPoster"": ""Serio"", ""cmtContent"": "":>shlee成田非主場+宵禁這次就賭輸了啊.."", ""cmtDate"": ""2023-05-07 14:49:00""}, {""cmtStatus"": ""→"", ""cmtPoster"": ""bkebke"", ""cmtContent"": "":宵禁一直都23時，2019不知為何才改成24時"", ""cmtDate"": ""2023-05-07 14:49:00""}, {""cmtStatus"": ""→"", ""cmtPoster"": ""bkebke"", ""cmtContent"": "":早點退關或倒貼讓客人搭廉航回去都比較好吧"", ""cmtDate"": ""2023-05-07 14:50:00""}, {""cmtStatus"": ""推"", ""cmtPoster"": ""gamegod"", ""cmtContent"": "":我猜2019改是因為2020本來要奧運???"", ""cmtDate"": ""2023-05-07 14:50:00""}, {""cmtStatus"": ""→"", ""cmtPoster"": ""gamegod"", ""cmtContent"": "":結果全世界封國三年"", ""cmtDate"": ""2023-05-07 14:50:00""}, {""cmtStatus"": ""推"", ""cmtPoster"": ""songmeng"", ""cmtContent"": "":星宇不是說803本來要凌晨00:30前飛，但成田不給特例"", ""cmtDate"": ""2023-05-07 14:51:00""}, {""cmtStatus"": ""→"", ""cmtPoster"": ""songmeng"", ""cmtContent"": "":所以才飛不成，怎麼又變機組人員超時的問題?"", ""cmtDate"": ""2023-05-07 14:51:00""}, {""cmtStatus"": ""→"", ""cmtPoster"": ""suba1121"", ""cmtContent"": "":原本的機組人員是真的超時00:30前飛是另外一組"", ""cmtDate"": ""2023-05-07 14:52:00""}, {""cmtStatus"": ""→"", ""cmtPoster"": ""suba1121"", ""cmtContent"": "":從台灣飛去羽田再轉成田接手的組員"", ""cmtDate"": ""2023-05-07 14:52:00""}, {""cmtStatus"": ""→"", ""cmtPoster"": ""charogne"", ""cmtContent"": "":再大一點的包，可能會更慘..."", ""cmtDate"": ""2023-05-07 14:52:00""}, {""cmtStatus"": ""→"", ""cmtPoster"": ""bkebke"", ""cmtContent"": "":說不給特例好歹也先把特例列出來然後嘴他行我不行"", ""cmtDate"": ""2023-05-07 14:53:00""}, {""cmtStatus"": ""→"", ""cmtPoster"": ""suba1121"", ""cmtContent"": "":昨天狀況看起來最佳解法星宇早早派新機組去接??"", ""cmtDate"": ""2023-05-07 14:53:00""}, {""cmtStatus"": ""推"", ""cmtPoster"": ""shlee"", ""cmtContent"": "":因為原802/803機組人員超時問題才導致他們要從台"", ""cmtDate"": ""2023-05-07 14:54:00""}, {""cmtStatus"": ""→"", ""cmtPoster"": ""shlee"", ""cmtContent"": "":灣另外派人過去成田把飛機飛回來"", ""cmtDate"": ""2023-05-07 14:54:00""}, {""cmtStatus"": ""→"", ""cmtPoster"": ""UncleRed"", ""cmtContent"": "":你單送組員要是也碰到轉降或重飛也一樣爆，"", ""cmtDate"": ""2023-05-07 14:55:00""}, {""cmtStatus"": ""推"", ""cmtPoster"": ""songmeng"", ""cmtContent"": "":這樣賭宵禁時間真的很糟糕..."", ""cmtDate"": ""2023-05-07 14:55:00""}, {""cmtStatus"": ""推"", ""cmtPoster"": ""Serio"", ""cmtContent"": "":原802/803在成田塞住就超時備用人員搭CI222到羽田"", ""cmtDate"": ""2023-05-07 14:56:00""}, {""cmtStatus"": ""→"", ""cmtPoster"": ""UncleRed"", ""cmtContent"": "":這種天候+超時問題其實最佳解就是直接早點取消，"", ""cmtDate"": ""2023-05-07 14:56:00""}, {""cmtStatus"": ""→"", ""cmtPoster"": ""shlee"", ""cmtContent"": "":很難多早就是了確定超時最快應該也是5-7點的事情"", ""cmtDate"": ""2023-05-07 14:57:00""}, {""cmtStatus"": ""→"", ""cmtPoster"": ""shlee"", ""cmtContent"": "":今天這包就是一連串因素產生的從遠因的機隊數量"", ""cmtDate"": ""2023-05-07 14:57:00""}, {""cmtStatus"": ""→"", ""cmtPoster"": ""shlee"", ""cmtContent"": "":不足和成田天候塞機管制到近因的決策錯誤整個串起"", ""cmtDate"": ""2023-05-07 14:57:00""}, {""cmtStatus"": ""→"", ""cmtPoster"": ""shlee"", ""cmtContent"": "":來才這麼大包"", ""cmtDate"": ""2023-05-07 14:57:00""}, {""cmtStatus"": ""→"", ""cmtPoster"": ""yhls"", ""cmtContent"": "":gamegod:當初確實是因為奧運關係協調後多延長1hr"", ""cmtDate"": ""2023-05-07 14:57:00""}, {""cmtStatus"": ""→"", ""cmtPoster"": ""Serio"", ""cmtContent"": "":JP22點到羽田在拚到成田上機怎樣都過了23點了"", ""cmtDate"": ""2023-05-07 14:57:00""}, {""cmtStatus"": ""→"", ""cmtPoster"": ""UncleRed"", ""cmtContent"": "":就算空飛機回台北你最起碼JX2/JX1不會包…"", ""cmtDate"": ""2023-05-07 14:57:00""}, {""cmtStatus"": ""推"", ""cmtPoster"": ""Alano"", ""cmtContent"": "":這次還有公關開始洗地"", ""cmtDate"": ""2023-05-07 14:58:00""}, {""cmtStatus"": ""推"", ""cmtPoster"": ""SamZJ"", ""cmtContent"": "":珍惜時間遠離星宇"", ""cmtDate"": ""2023-05-07 14:58:00""}, {""cmtStatus"": ""→"", ""cmtPoster"": ""suba1121"", ""cmtContent"": "":應該說在昨天成田天候因素塞機管制的狀況下至少可"", ""cmtDate"": ""2023-05-07 14:58:00""}, {""cmtStatus"": ""→"", ""cmtPoster"": ""shlee"", ""cmtContent"": "":機隊數量如果夠的話至少不用跟他拼在宵禁前把飛機"", ""cmtDate"": ""2023-05-07 14:58:00""}, {""cmtStatus"": ""→"", ""cmtPoster"": ""shlee"", ""cmtContent"": "":飛回來去接JX2直接801/803退關安排食宿隔天再飛就"", ""cmtDate"": ""2023-05-07 14:58:00""}, {""cmtStatus"": ""→"", ""cmtPoster"": ""shlee"", ""cmtContent"": "":好"", ""cmtDate"": ""2023-05-07 14:58:00""}, {""cmtStatus"": ""→"", ""cmtPoster"": ""UncleRed"", ""cmtContent"": "":801/803的人住宿+餐費總比全機票退費少吧..."", ""cmtDate"": ""2023-05-07 14:58:00""}, {""cmtStatus"": ""→"", ""cmtPoster"": ""yhls"", ""cmtContent"": "":原本只是到帕奧結束後後來遇到疫情也就沒改回來"", ""cmtDate"": ""2023-05-07 14:58:00""}, {""cmtStatus"": ""→"", ""cmtPoster"": ""suba1121"", ""cmtContent"": "":以知道會等很久才可能起飛這中間就可能會遇到機組"", ""cmtDate"": ""2023-05-07 14:59:00""}, {""cmtStatus"": ""→"", ""cmtPoster"": ""suba1121"", ""cmtContent"": "":超時綜合因素判斷下先決定派一組來不管最後有沒有"", ""cmtDate"": ""2023-05-07 15:00:00""}, {""cmtStatus"": ""→"", ""cmtPoster"": ""UncleRed"", ""cmtContent"": "":結果現在801/803全退你還要搞定JX2/JX1的乘客，"", ""cmtDate"": ""2023-05-07 15:00:00""}, {""cmtStatus"": ""→"", ""cmtPoster"": ""suba1121"", ""cmtContent"": "":用到"", ""cmtDate"": ""2023-05-07 15:00:00""}, {""cmtStatus"": ""推"", ""cmtPoster"": ""wisteriachi"", ""cmtContent"": "":昨天最可怕的是讓乘客在機艙內很多個小時，這超折"", ""cmtDate"": ""2023-05-07 15:00:00""}, {""cmtStatus"": ""→"", ""cmtPoster"": ""wisteriachi"", ""cmtContent"": "":磨。今天的處理看起來就是飛機先回來救LA那條，還"", ""cmtDate"": ""2023-05-07 15:00:00""}, {""cmtStatus"": ""→"", ""cmtPoster"": ""wisteriachi"", ""cmtContent"": "":沒回來的乘客反正都已經得罪了慢慢塞回來就好。"", ""cmtDate"": ""2023-05-07 15:00:00""}, {""cmtStatus"": ""→"", ""cmtPoster"": ""UncleRed"", ""cmtContent"": "":結果上不但錢沒省到還公關危機＋一票老美客訴…"", ""cmtDate"": ""2023-05-07 15:01:00""}, {""cmtStatus"": ""推"", ""cmtPoster"": ""Serio"", ""cmtContent"": "":最痛苦的應該是原801的沒轉簽的延誤外還機艙內6,7"", ""cmtDate"": ""2023-05-07 15:02:00""}, {""cmtStatus"": ""→"", ""cmtPoster"": ""Serio"", ""cmtContent"": "":HR飛機沒有動和幾乎沒食物"", ""cmtDate"": ""2023-05-07 15:03:00""}, {""cmtStatus"": ""→"", ""cmtPoster"": ""charogne"", ""cmtContent"": "":剛剛在臉書看到一位泰國乘客說，星宇完全沒告訴怎辦"", ""cmtDate"": ""2023-05-07 15:03:00""}, {""cmtStatus"": ""→"", ""cmtPoster"": ""bkebke"", ""cmtContent"": "":最昨最氣的是不是機場封閉你早點說"", ""cmtDate"": ""2023-05-07 15:03:00""}, {""cmtStatus"": ""推"", ""cmtPoster"": ""shlee"", ""cmtContent"": "":要追朔到最遠就是飛機不夠多沒辦法調度出另一台去"", ""cmtDate"": ""2023-05-07 15:03:00""}, {""cmtStatus"": ""→"", ""cmtPoster"": ""shlee"", ""cmtContent"": "":飛JX2然後為了飛JX2就要跟他拼803在宵禁前起飛然"", ""cmtDate"": ""2023-05-07 15:03:00""}, {""cmtStatus"": ""→"", ""cmtPoster"": ""shlee"", ""cmtContent"": "":後昨天剛好成田大亂就搞出一整串人禍"", ""cmtDate"": ""2023-05-07 15:03:00""}, {""cmtStatus"": ""→"", ""cmtPoster"": ""bkebke"", ""cmtContent"": "":搞不好有人想先回去就先買廉航昨天就能回去了"", ""cmtDate"": ""2023-05-07 15:03:00""}, {""cmtStatus"": ""→"", ""cmtPoster"": ""rebel"", ""cmtContent"": "":有人說成田一開始答應給特例宵禁後飛後來反悔不給?"", ""cmtDate"": ""2023-05-07 15:04:00""}, {""cmtStatus"": ""→"", ""cmtPoster"": ""rebel"", ""cmtContent"": "":有人有這方面的消息嗎"", ""cmtDate"": ""2023-05-07 15:05:00""}, {""cmtStatus"": ""→"", ""cmtPoster"": ""suba1121"", ""cmtContent"": "":飛機不夠真的是關鍵"", ""cmtDate"": ""2023-05-07 15:05:00""}, {""cmtStatus"": ""→"", ""cmtPoster"": ""charogne"", ""cmtContent"": "":直接住飯店..."", ""cmtDate"": ""2023-05-07 15:05:00""}, {""cmtStatus"": ""→"", ""cmtPoster"": ""UncleRed"", ""cmtContent"": "":有人說（X）董事長自己說（O）"", ""cmtDate"": ""2023-05-07 15:05:00""}, {""cmtStatus"": ""→"", ""cmtPoster"": ""shlee"", ""cmtContent"": "":你不用跟他拼803要回來飛JX2的話803就可以很乾脆"", ""cmtDate"": ""2023-05-07 15:06:00""}, {""cmtStatus"": ""→"", ""cmtPoster"": ""shlee"", ""cmtContent"": "":的退關安排食宿隔天再回來了飛長程飛機不夠多又因"", ""cmtDate"": ""2023-05-07 15:06:00""}, {""cmtStatus"": ""→"", ""cmtPoster"": ""shlee"", ""cmtContent"": "":為多開航班拿去飛成田有個環節出錯卡調度就一整串"", ""cmtDate"": ""2023-05-07 15:06:00""}, {""cmtStatus"": ""→"", ""cmtPoster"": ""shlee"", ""cmtContent"": "":GG"", ""cmtDate"": ""2023-05-07 15:06:00""}, {""cmtStatus"": ""推"", ""cmtPoster"": ""mithralin"", ""cmtContent"": "":有消息指稱星宇在宵禁開始前8分鐘才申請起飛計畫"", ""cmtDate"": ""2023-05-07 15:06:00""}, {""cmtStatus"": ""→"", ""cmtPoster"": ""bkebke"", ""cmtContent"": "":既然19年協調延一小時，特例是想讓這一小時收回嗎"", ""cmtDate"": ""2023-05-07 15:06:00""}, {""cmtStatus"": ""→"", ""cmtPoster"": ""bkebke"", ""cmtContent"": "":協調這種東西誠信是很重要的沒居民同意誰敢"", ""cmtDate"": ""2023-05-07 15:07:00""}, {""cmtStatus"": ""→"", ""cmtPoster"": ""Serio"", ""cmtContent"": "":不對啊JX803宵禁前回來,JX2也延誤定了啊"", ""cmtDate"": ""2023-05-07 15:09:00""}, {""cmtStatus"": ""→"", ""cmtPoster"": ""UncleRed"", ""cmtContent"": "":延誤跟取消比還是好很多吧？"", ""cmtDate"": ""2023-05-07 15:10:00""}, {""cmtStatus"": ""→"", ""cmtPoster"": ""shlee"", ""cmtContent"": "":至少不會整班取消最多延幾個小時而已而不是搞到要"", ""cmtDate"": ""2023-05-07 15:10:00""}, {""cmtStatus"": ""→"", ""cmtPoster"": ""shlee"", ""cmtContent"": "":隔天中午後才有飛機回來"", ""cmtDate"": ""2023-05-07 15:10:00""}, {""cmtStatus"": ""→"", ""cmtPoster"": ""Serio"", ""cmtContent"": "":好像也是至少只有803.801會火JX1,2還不會出事"", ""cmtDate"": ""2023-05-07 15:11:00""}, {""cmtStatus"": ""推"", ""cmtPoster"": ""playerst"", ""cmtContent"": "":早點退關在成田的乘客也不會在機上關7小時這個火"", ""cmtDate"": ""2023-05-07 15:13:00""}, {""cmtStatus"": ""→"", ""cmtPoster"": ""playerst"", ""cmtContent"": "":也不會燒那麼大吧"", ""cmtDate"": ""2023-05-07 15:13:00""}, {""cmtStatus"": ""推"", ""cmtPoster"": ""gamegod"", ""cmtContent"": "":請問現有法律有規定機上待多久可以下機嗎??"", ""cmtDate"": ""2023-05-07 15:15:00""}, {""cmtStatus"": ""→"", ""cmtPoster"": ""gamegod"", ""cmtContent"": "":如果沒有會不會因這次事件直接新增法條??"", ""cmtDate"": ""2023-05-07 15:15:00""}, {""cmtStatus"": ""推"", ""cmtPoster"": ""vm123"", ""cmtContent"": "":我看星宇的公關運作蠻成功的啊臉書跟line很多都是挺"", ""cmtDate"": ""2023-05-07 15:20:00""}, {""cmtStatus"": ""→"", ""cmtPoster"": ""vm123"", ""cmtContent"": "":星宇或是其他航空不會全額退費的留言"", ""cmtDate"": ""2023-05-07 15:20:00""}, {""cmtStatus"": ""推"", ""cmtPoster"": ""NEWinx"", ""cmtContent"": "":果然等其他人驗證過再說"", ""cmtDate"": ""2023-05-07 15:24:00""}, {""cmtStatus"": ""推"", ""cmtPoster"": ""dichotomyptt"", ""cmtContent"": "":沒遇到都會挺啦遇到就另外的故事了"", ""cmtDate"": ""2023-05-07 15:24:00""}, {""cmtStatus"": ""→"", ""cmtPoster"": ""yhls"", ""cmtContent"": "":JX1801準備要降落了"", ""cmtDate"": ""2023-05-07 15:28:00""}, {""cmtStatus"": ""推"", ""cmtPoster"": ""creatorjzj"", ""cmtContent"": "":無法想像如果帶需要奶粉尿布的嬰兒會有多慘……"", ""cmtDate"": ""2023-05-07 15:28:00""}, {""cmtStatus"": ""推"", ""cmtPoster"": ""SeTeVen"", ""cmtContent"": "":公關比處理旅客還用心"", ""cmtDate"": ""2023-05-07 15:29:00""}, {""cmtStatus"": ""→"", ""cmtPoster"": ""SeTeVen"", ""cmtContent"": "":BNT大應該是在1801上？"", ""cmtDate"": ""2023-05-07 15:29:00""}, {""cmtStatus"": ""→"", ""cmtPoster"": ""pigofwind"", ""cmtContent"": "":我只知道我如果被這樣搞過一次，還要被嘴貪婪奧客，"", ""cmtDate"": ""2023-05-07 15:31:00""}, {""cmtStatus"": ""→"", ""cmtPoster"": ""pigofwind"", ""cmtContent"": "":之後這間航空公司基本上就拒絕往來戶了"", ""cmtDate"": ""2023-05-07 15:31:00""}, {""cmtStatus"": ""推"", ""cmtPoster"": ""Serio"", ""cmtContent"": "":BNT大搭的是1801啊"", ""cmtDate"": ""2023-05-07 15:32:00""}, {""cmtStatus"": ""推"", ""cmtPoster"": ""gyarados"", ""cmtContent"": "":公關仔標準SOP就是亂丟幾句話就不見了呵呵"", ""cmtDate"": ""2023-05-07 15:33:00""}, {""cmtStatus"": ""推"", ""cmtPoster"": ""ja1295"", ""cmtContent"": "":給吃喝到底有什麼困難，成本高到破表嗎"", ""cmtDate"": ""2023-05-07 15:33:00""}, {""cmtStatus"": ""推"", ""cmtPoster"": ""oooop3"", ""cmtContent"": "":被搞過一次就知道多靠杯"", ""cmtDate"": ""2023-05-07 15:37:00""}, {""cmtStatus"": ""推"", ""cmtPoster"": ""lucifero"", ""cmtContent"": "":他們可能也不在乎被其他人列拒往有星粉捧場就夠了"", ""cmtDate"": ""2023-05-07 15:37:00""}, {""cmtStatus"": ""推"", ""cmtPoster"": ""oooop3"", ""cmtContent"": "":之前連假航班也是被無理取消，沒有任何補償和方案"", ""cmtDate"": ""2023-05-07 15:39:00""}, {""cmtStatus"": ""→"", ""cmtPoster"": ""oooop3"", ""cmtContent"": "":後，還要自己聯絡超難聯絡的客服取消改時間，大家買"", ""cmtDate"": ""2023-05-07 15:39:00""}, {""cmtStatus"": ""→"", ""cmtPoster"": ""oooop3"", ""cmtContent"": "":這家真的要三思"", ""cmtDate"": ""2023-05-07 15:39:00""}, {""cmtStatus"": ""→"", ""cmtPoster"": ""oooop3"", ""cmtContent"": "":他們是累犯了，不是突發事件"", ""cmtDate"": ""2023-05-07 15:40:00""}, {""cmtStatus"": ""→"", ""cmtPoster"": ""smileahpain"", ""cmtContent"": "":看來至少兩年內不會考慮該家航空公司"", ""cmtDate"": ""2023-05-07 15:42:00""}, {""cmtStatus"": ""→"", ""cmtPoster"": ""letmepass"", ""cmtContent"": "":還是長榮華航好"", ""cmtDate"": ""2023-05-07 15:42:00""}, {""cmtStatus"": ""推"", ""cmtPoster"": ""f19890913"", ""cmtContent"": "":真的要好好檢討星宇不能護航啊！"", ""cmtDate"": ""2023-05-07 15:42:00""}, {""cmtStatus"": ""→"", ""cmtPoster"": ""m940903"", ""cmtContent"": "":場外已準備就緒"", ""cmtDate"": ""2023-05-07 15:48:00""}, {""cmtStatus"": ""→"", ""cmtPoster"": ""wisteriachi"", ""cmtContent"": "":看今天的處理和公關個人就拒絕往來了，反正它粉絲"", ""cmtDate"": ""2023-05-07 15:50:00""}, {""cmtStatus"": ""→"", ""cmtPoster"": ""wisteriachi"", ""cmtContent"": "":超多不差我一個。"", ""cmtDate"": ""2023-05-07 15:50:00""}, {""cmtStatus"": ""推"", ""cmtPoster"": ""cpylislv"", ""cmtContent"": "":新聞寫送鳳梨酥"", ""cmtDate"": ""2023-05-07 16:02:00""}, {""cmtStatus"": ""推"", ""cmtPoster"": ""RINPE"", ""cmtContent"": "":講的有去搭一樣"", ""cmtDate"": ""2023-05-07 16:07:00""}, {""cmtStatus"": ""推"", ""cmtPoster"": ""changyung"", ""cmtContent"": "":決定立刻取消明天的jx800，改訂長榮，希望小小的一"", ""cmtDate"": ""2023-05-07 16:11:00""}, {""cmtStatus"": ""→"", ""cmtPoster"": ""erty"", ""cmtContent"": "":喔喔喔喔期待場外！"", ""cmtDate"": ""2023-05-07 16:11:00""}, {""cmtStatus"": ""→"", ""cmtPoster"": ""changyung"", ""cmtContent"": "":張票，能夠有讓星宇知道旅客擔心"", ""cmtDate"": ""2023-05-07 16:11:00""}, {""cmtStatus"": ""推"", ""cmtPoster"": ""phoebe147"", ""cmtContent"": "":感覺每個人都累癱"", ""cmtDate"": ""2023-05-07 16:13:00""}, {""cmtStatus"": ""推"", ""cmtPoster"": ""Alano"", ""cmtContent"": "":今天的新聞看來，我也拒絕星宇"", ""cmtDate"": ""2023-05-07 16:14:00""}, {""cmtStatus"": ""→"", ""cmtPoster"": ""Alano"", ""cmtContent"": "":千錯萬錯都是they的錯"", ""cmtDate"": ""2023-05-07 16:14:00""}, {""cmtStatus"": ""推"", ""cmtPoster"": ""mithralin"", ""cmtContent"": "":鳳梨酥wwwww"", ""cmtDate"": ""2023-05-07 16:14:00""}, {""cmtStatus"": ""→"", ""cmtPoster"": ""Alano"", ""cmtContent"": "":成田官僚錯奧客咆哮錯，不下飛機是你的錯"", ""cmtDate"": ""2023-05-07 16:14:00""}, {""cmtStatus"": ""推"", ""cmtPoster"": ""cching1021"", ""cmtContent"": "":當初餐卷不給早餐不給現在送鳳梨酥是要幹嘛"", ""cmtDate"": ""2023-05-07 16:15:00""}, {""cmtStatus"": ""推"", ""cmtPoster"": ""aibayui"", ""cmtContent"": "":希望趕快特價，我就買"", ""cmtDate"": ""2023-05-07 16:16:00""}, {""cmtStatus"": ""→"", ""cmtPoster"": ""iamthebest08"", ""cmtContent"": "":鳳梨酥賺到了"", ""cmtDate"": ""2023-05-07 16:16:00""}, {""cmtStatus"": ""→"", ""cmtPoster"": ""cching1021"", ""cmtContent"": "":這家航空公司的決策者到底有沒有大腦costdown省"", ""cmtDate"": ""2023-05-07 16:16:00""}, {""cmtStatus"": ""→"", ""cmtPoster"": ""cching1021"", ""cmtContent"": "":錢省到瘋掉了嗎"", ""cmtDate"": ""2023-05-07 16:16:00""}, {""cmtStatus"": ""→"", ""cmtPoster"": ""iamthebest08"", ""cmtContent"": "":星宇的行銷是很走在很前面"", ""cmtDate"": ""2023-05-07 16:17:00""}, {""cmtStatus"": ""→"", ""cmtPoster"": ""iamthebest08"", ""cmtContent"": "":但其它真的有很大改善空間"", ""cmtDate"": ""2023-05-07 16:17:00""}, {""cmtStatus"": ""→"", ""cmtPoster"": ""wisteriachi"", ""cmtContent"": "":現在送才有記者拍啊。"", ""cmtDate"": ""2023-05-07 16:17:00""}, {""cmtStatus"": ""→"", ""cmtPoster"": ""iamthebest08"", ""cmtContent"": "":而且公關都會倒到星宇這邊就知道聶公有多厲害"", ""cmtDate"": ""2023-05-07 16:17:00""}, {""cmtStatus"": ""→"", ""cmtPoster"": ""iamthebest08"", ""cmtContent"": "":真的要拍給記者看星宇有多好"", ""cmtDate"": ""2023-05-07 16:18:00""}, {""cmtStatus"": ""推"", ""cmtPoster"": ""dasuperray"", ""cmtContent"": "":飛機不夠就飛飛日本線就好了~去飛啥美國線"", ""cmtDate"": ""2023-05-07 16:21:00""}, {""cmtStatus"": ""→"", ""cmtPoster"": ""sonican"", ""cmtContent"": "":拉抬台灣伴手禮的業績XD"", ""cmtDate"": ""2023-05-07 16:33:00""}, {""cmtStatus"": ""推"", ""cmtPoster"": ""bettybuy"", ""cmtContent"": "":誰要鳳梨酥啦哈哈靠北"", ""cmtDate"": ""2023-05-07 16:33:00""}, {""cmtStatus"": ""推"", ""cmtPoster"": ""metallolly"", ""cmtContent"": "":鳳梨酥我吃的還不夠多嗎-.-"", ""cmtDate"": ""2023-05-07 16:35:00""}, {""cmtStatus"": ""推"", ""cmtPoster"": ""vashwu"", ""cmtContent"": "":他的行銷就兩招啊。公關公司洗文跟找網紅捧餐點"", ""cmtDate"": ""2023-05-07 16:48:00""}, {""cmtStatus"": ""推"", ""cmtPoster"": ""clvmomo"", ""cmtContent"": "":除了JX800其他都很有問題吧=="", ""cmtDate"": ""2023-05-07 16:48:00""}, {""cmtStatus"": ""推"", ""cmtPoster"": ""cityman9999"", ""cmtContent"": "":自稱精品航空結果出包也是跟難民一樣的處理，現在"", ""cmtDate"": ""2023-05-07 16:52:00""}, {""cmtStatus"": ""→"", ""cmtPoster"": ""cityman9999"", ""cmtContent"": "":又自稱自己是傳統航空XD"", ""cmtDate"": ""2023-05-07 16:52:00""}, {""cmtStatus"": ""推"", ""cmtPoster"": ""joy159357"", ""cmtContent"": "":精品航空的調度能力領教了"", ""cmtDate"": ""2023-05-07 16:52:00""}, {""cmtStatus"": ""推"", ""cmtPoster"": ""changyung"", ""cmtContent"": "":反正從此不搭星宇航空了!!"", ""cmtDate"": ""2023-05-07 16:53:00""}, {""cmtStatus"": ""推"", ""cmtPoster"": ""PHME317"", ""cmtContent"": "":鳳梨酥感覺是在嘲笑人……"", ""cmtDate"": ""2023-05-07 16:57:00""}, {""cmtStatus"": ""推"", ""cmtPoster"": ""crstal"", ""cmtContent"": "":已經在採訪了"", ""cmtDate"": ""2023-05-07 16:57:00""}, {""cmtStatus"": ""推"", ""cmtPoster"": ""exilianstar"", ""cmtContent"": "":送台灣人鳳梨酥幹嘛啦==還不如送一千元代金券"", ""cmtDate"": ""2023-05-07 17:00:00""}, {""cmtStatus"": ""推"", ""cmtPoster"": ""NanFish"", ""cmtContent"": "":鳳梨酥…"", ""cmtDate"": ""2023-05-07 17:11:00""}, {""cmtStatus"": ""推"", ""cmtPoster"": ""mtcoat"", ""cmtContent"": "":送台灣人鳳梨酥？腦子還好嗎XD"", ""cmtDate"": ""2023-05-07 17:24:00""}, {""cmtStatus"": ""推"", ""cmtPoster"": ""NTUisgood"", ""cmtContent"": "":星宇算不錯了啦，目前處理其實不盡人意可是可以感"", ""cmtDate"": ""2023-05-07 17:25:00""}, {""cmtStatus"": ""→"", ""cmtPoster"": ""NTUisgood"", ""cmtContent"": "":覺到有誠意處理"", ""cmtDate"": ""2023-05-07 17:25:00""}, {""cmtStatus"": ""推"", ""cmtPoster"": ""bon01215"", ""cmtContent"": "":有誠意www"", ""cmtDate"": ""2023-05-07 17:26:00""}, {""cmtStatus"": ""推"", ""cmtPoster"": ""truthzero"", ""cmtContent"": "":送台灣人鳳梨酥？？？"", ""cmtDate"": ""2023-05-07 17:28:00""}, {""cmtStatus"": ""推"", ""cmtPoster"": ""uwanosora"", ""cmtContent"": "":夜宿成田機場地板的成就不是隨便能取得的耶"", ""cmtDate"": ""2023-05-07 17:28:00""}, {""cmtStatus"": ""→"", ""cmtPoster"": ""kiromomo168"", ""cmtContent"": "":其他地方都在誇星宇有誠意，是公關在帶風向嗎"", ""cmtDate"": ""2023-05-07 17:32:00""}, {""cmtStatus"": ""推"", ""cmtPoster"": ""IUOIUOIUO"", ""cmtContent"": "":星宇就是霸氣我星粉我驕傲"", ""cmtDate"": ""2023-05-07 17:32:00""}, {""cmtStatus"": ""推"", ""cmtPoster"": ""venusmoon"", ""cmtContent"": "":關飛機內好幾個小時夜宿機場這叫霸氣不要搞笑好"", ""cmtDate"": ""2023-05-07 17:38:00""}, {""cmtStatus"": ""→"", ""cmtPoster"": ""venusmoon"", ""cmtContent"": "":嗎"", ""cmtDate"": ""2023-05-07 17:38:00""}, {""cmtStatus"": ""→"", ""cmtPoster"": ""pigofwind"", ""cmtContent"": "":感到有誠意XD因為鳳梨酥嗎？"", ""cmtDate"": ""2023-05-07 17:39:00""}, {""cmtStatus"": ""→"", ""cmtPoster"": ""AtDe"", ""cmtContent"": "":送鳳梨蘇wwwwww"", ""cmtDate"": ""2023-05-07 17:41:00""}, {""cmtStatus"": ""推"", ""cmtPoster"": ""TCdogmeat"", ""cmtContent"": "":處理很棒+1看到K董有睡袋有鳳梨酥已心滿意足"", ""cmtDate"": ""2023-05-07 17:42:00""}, {""cmtStatus"": ""→"", ""cmtPoster"": ""TCdogmeat"", ""cmtContent"": "":能再送跟7-11合作的咖哩雞飯就更好了"", ""cmtDate"": ""2023-05-07 17:42:00""}, {""cmtStatus"": ""推"", ""cmtPoster"": ""keke0611"", ""cmtContent"": "":弱弱的問為什麼星宇不求長榮救援呢？"", ""cmtDate"": ""2023-05-07 17:43:00""}, {""cmtStatus"": ""推"", ""cmtPoster"": ""metallolly"", ""cmtContent"": "":免費睡成田機場賺爛！"", ""cmtDate"": ""2023-05-07 17:44:00""}, {""cmtStatus"": ""推"", ""cmtPoster"": ""u1988926"", ""cmtContent"": "":看到說處理很好的都不知道是不是反串鳳梨酥一盒要5"", ""cmtDate"": ""2023-05-07 17:45:00""}, {""cmtStatus"": ""→"", ""cmtPoster"": ""u1988926"", ""cmtContent"": "":00嗎哈哈"", ""cmtDate"": ""2023-05-07 17:45:00""}, {""cmtStatus"": ""推"", ""cmtPoster"": ""shlee"", ""cmtContent"": "":如果旅客對於來回機票全額退款可以接受的話我覺得"", ""cmtDate"": ""2023-05-07 17:47:00""}, {""cmtStatus"": ""→"", ""cmtPoster"": ""shlee"", ""cmtContent"": "":倒是還好但現在大家都在看戲就已經不是單純旅客能"", ""cmtDate"": ""2023-05-07 17:47:00""}, {""cmtStatus"": ""→"", ""cmtPoster"": ""shlee"", ""cmtContent"": "":不能接受的問題而是變成公關危機了"", ""cmtDate"": ""2023-05-07 17:47:00""}, {""cmtStatus"": ""推"", ""cmtPoster"": ""citi"", ""cmtContent"": "":商業週刊剛做完封面人物，馬上公關災難。"", ""cmtDate"": ""2023-05-07 17:51:00""}, {""cmtStatus"": ""→"", ""cmtPoster"": ""shlee"", ""cmtContent"": "":以我自己來說被這樣搞全額退款是可以接受的反正只"", ""cmtDate"": ""2023-05-07 17:51:00""}, {""cmtStatus"": ""→"", ""cmtPoster"": ""shlee"", ""cmtContent"": "":有一個人都隨便但有的人覺得無法接受或是有帶小孩"", ""cmtDate"": ""2023-05-07 17:51:00""}, {""cmtStatus"": ""→"", ""cmtPoster"": ""shlee"", ""cmtContent"": "":被這樣折騰沒辦法接受也很正常"", ""cmtDate"": ""2023-05-07 17:51:00""}, {""cmtStatus"": ""→"", ""cmtPoster"": ""suba1121"", ""cmtContent"": "":全額都退款可以接受但是公司有沒有真的知道問題點"", ""cmtDate"": ""2023-05-07 17:53:00""}, {""cmtStatus"": ""→"", ""cmtPoster"": ""suba1121"", ""cmtContent"": "":比較重要"", ""cmtDate"": ""2023-05-07 17:53:00""}, {""cmtStatus"": ""推"", ""cmtPoster"": ""fenix220"", ""cmtContent"": "":知道台灣刁民的厲害了吧"", ""cmtDate"": ""2023-05-07 18:06:00""}, {""cmtStatus"": ""→"", ""cmtPoster"": ""ck326"", ""cmtContent"": "":送帳篷、能量棒更有誠意，星羽讚讚"", ""cmtDate"": ""2023-05-07 18:11:00""}, {""cmtStatus"": ""推"", ""cmtPoster"": ""TCdogmeat"", ""cmtContent"": "":睡袋都讓你帶回家了誠意滿分搞不好下次又可以用到"", ""cmtDate"": ""2023-05-07 18:15:00""}, {""cmtStatus"": ""推"", ""cmtPoster"": ""meredith001"", ""cmtContent"": "":笑死"", ""cmtDate"": ""2023-05-07 18:21:00""}, {""cmtStatus"": ""推"", ""cmtPoster"": ""kotoyan"", ""cmtContent"": "":全額退款換在機場跟飛機上關那麼久？要是我的話我"", ""cmtDate"": ""2023-05-07 18:32:00""}, {""cmtStatus"": ""→"", ""cmtPoster"": ""kotoyan"", ""cmtContent"": "":不能接受。"", ""cmtDate"": ""2023-05-07 18:32:00""}, {""cmtStatus"": ""推"", ""cmtPoster"": ""yjay"", ""cmtContent"": "":樓上+1"", ""cmtDate"": ""2023-05-07 18:35:00""}, {""cmtStatus"": ""推"", ""cmtPoster"": ""iMANIA"", ""cmtContent"": "":被看破手腳=="", ""cmtDate"": ""2023-05-07 18:35:00""}, {""cmtStatus"": ""→"", ""cmtPoster"": ""bkebke"", ""cmtContent"": "":看起來廉航很早就取消跟你說只能退點數可能比較好"", ""cmtDate"": ""2023-05-07 18:41:00""}, {""cmtStatus"": ""推"", ""cmtPoster"": ""himmelever"", ""cmtContent"": "":樓上上+1"", ""cmtDate"": ""2023-05-07 18:41:00""}, {""cmtStatus"": ""→"", ""cmtPoster"": ""cafemos"", ""cmtContent"": "":鳳梨酥是送微熱山丘嗎？中國山丘？"", ""cmtDate"": ""2023-05-07 18:55:00""}, {""cmtStatus"": ""推"", ""cmtPoster"": ""mansiehtsich"", ""cmtContent"": "":好奇換成其他航空遇到這種狀況會怎麼樣"", ""cmtDate"": ""2023-05-07 18:56:00""}, {""cmtStatus"": ""推"", ""cmtPoster"": ""OFETMAN"", ""cmtContent"": "":免費機票+睡袋鳳梨酥有吃有玩有睡可以了"", ""cmtDate"": ""2023-05-07 18:58:00""}, {""cmtStatus"": ""→"", ""cmtPoster"": ""sboy1111"", ""cmtContent"": "":張國煒口述是11點就禁,延到12點,又說考慮延到1230"", ""cmtDate"": ""2023-05-07 18:58:00""}, {""cmtStatus"": ""→"", ""cmtPoster"": ""sboy1111"", ""cmtContent"": "":問題是在於最後沒有能延到1230"", ""cmtDate"": ""2023-05-07 18:59:00""}, {""cmtStatus"": ""→"", ""cmtPoster"": ""erty"", ""cmtContent"": "":之前瑞士航空delay，不用廢話就是退關住旅館隔天飛"", ""cmtDate"": ""2023-05-07 18:59:00""}, {""cmtStatus"": ""→"", ""cmtPoster"": ""erty"", ""cmtContent"": "":歐洲卡一個EU261的規定航空公司都比較謹慎"", ""cmtDate"": ""2023-05-07 19:00:00""}, {""cmtStatus"": ""→"", ""cmtPoster"": ""Alano"", ""cmtContent"": "":董事長口述的搞不好也是錯的"", ""cmtDate"": ""2023-05-07 19:01:00""}, {""cmtStatus"": ""→"", ""cmtPoster"": ""Alano"", ""cmtContent"": "":他們都朝他們沒錯的方式在講"", ""cmtDate"": ""2023-05-07 19:01:00""}, {""cmtStatus"": ""→"", ""cmtPoster"": ""bkebke"", ""cmtContent"": "":為了脫責用騙的成田的規定是查的到的現在本來就12"", ""cmtDate"": ""2023-05-07 19:03:00""}, {""cmtStatus"": ""推"", ""cmtPoster"": ""playerst"", ""cmtContent"": "":這是不是代表他們不會改變決策邏輯這樣蠻可怕的"", ""cmtDate"": ""2023-05-07 19:04:00""}, {""cmtStatus"": ""推"", ""cmtPoster"": ""gtvbsg"", ""cmtContent"": "":先前座ana也是到飯店隔天再出發"", ""cmtDate"": ""2023-05-07 19:30:00""}, {""cmtStatus"": ""推"", ""cmtPoster"": ""NTUisgood"", ""cmtContent"": "":我覺得星宇一時的調度確實沒有考慮到很多旅客的感"", ""cmtDate"": ""2023-05-07 19:33:00""}, {""cmtStatus"": ""→"", ""cmtPoster"": ""NTUisgood"", ""cmtContent"": "":受我也完全能理解關在飛機上那個憤怒。不過後續董"", ""cmtDate"": ""2023-05-07 19:33:00""}, {""cmtStatus"": ""→"", ""cmtPoster"": ""NTUisgood"", ""cmtContent"": "":事長飛過去親自處理道歉跟全額退費是非常負責任"", ""cmtDate"": ""2023-05-07 19:33:00""}, {""cmtStatus"": ""→"", ""cmtPoster"": ""NTUisgood"", ""cmtContent"": "":的態度我還是要給星宇一個推一個航空公司不是看"", ""cmtDate"": ""2023-05-07 19:33:00""}, {""cmtStatus"": ""→"", ""cmtPoster"": ""NTUisgood"", ""cmtContent"": "":個案是看長期經營的企業文化跟精神還有出問題的信"", ""cmtDate"": ""2023-05-07 19:33:00""}, {""cmtStatus"": ""→"", ""cmtPoster"": ""NTUisgood"", ""cmtContent"": "":用我以後還是會搭星宇"", ""cmtDate"": ""2023-05-07 19:33:00""}, {""cmtStatus"": ""推"", ""cmtPoster"": ""u1988926"", ""cmtContent"": "":洗地的真的好多哈哈"", ""cmtDate"": ""2023-05-07 19:35:00""}, {""cmtStatus"": ""推"", ""cmtPoster"": ""cathylcat"", ""cmtContent"": "":親自飛去連個早餐都不給，騙說日本要開特例卻反悔"", ""cmtDate"": ""2023-05-07 19:40:00""}, {""cmtStatus"": ""→"", ""cmtPoster"": ""cathylcat"", ""cmtContent"": "":，只會派人洗推文洗留言，廉航都比你星宇好"", ""cmtDate"": ""2023-05-07 19:40:00""}, {""cmtStatus"": ""→"", ""cmtPoster"": ""erty"", ""cmtContent"": "":不用洗什麼態度或感覺，客觀狀況就是機隊小，容錯率"", ""cmtDate"": ""2023-05-07 19:42:00""}, {""cmtStatus"": ""→"", ""cmtPoster"": ""erty"", ""cmtContent"": "":低，一兩年內再發生一樣的狀況如果高層觀念不改，那"", ""cmtDate"": ""2023-05-07 19:42:00""}, {""cmtStatus"": ""→"", ""cmtPoster"": ""erty"", ""cmtContent"": "":就幸好董事長會開飛機可以到處飛來飛去道歉"", ""cmtDate"": ""2023-05-07 19:42:00""}, {""cmtStatus"": ""→"", ""cmtPoster"": ""shlee"", ""cmtContent"": "":最根本的原因就是現在A350機隊不夠還拿了兩架去飛"", ""cmtDate"": ""2023-05-07 19:46:00""}, {""cmtStatus"": ""→"", ""cmtPoster"": ""shlee"", ""cmtContent"": "":成田然後出了狀況想盡辦法要把飛機飛回來去執飛J"", ""cmtDate"": ""2023-05-07 19:46:00""}, {""cmtStatus"": ""→"", ""cmtPoster"": ""shlee"", ""cmtContent"": "":X2才有這一連串的鳥事不然說實在確定機組員超時的"", ""cmtDate"": ""2023-05-07 19:46:00""}, {""cmtStatus"": ""→"", ""cmtPoster"": ""shlee"", ""cmtContent"": "":情況下直接退關安頓好食宿就沒事了交機數量還沒上"", ""cmtDate"": ""2023-05-07 19:46:00""}, {""cmtStatus"": ""→"", ""cmtPoster"": ""shlee"", ""cmtContent"": "":來以前如果不調整日本航線機型的話再出包機率很高"", ""cmtDate"": ""2023-05-07 19:46:00""}, {""cmtStatus"": ""→"", ""cmtPoster"": ""shlee"", ""cmtContent"": "":*成田航線"", ""cmtDate"": ""2023-05-07 19:47:00""}, {""cmtStatus"": ""→"", ""cmtPoster"": ""as199629"", ""cmtContent"": "":高級價格廉航不如的品質（不要說我星黑，我下禮拜"", ""cmtDate"": ""2023-05-07 19:47:00""}, {""cmtStatus"": ""→"", ""cmtPoster"": ""as199629"", ""cmtContent"": "":要搭去福岡==好後悔"", ""cmtDate"": ""2023-05-07 19:47:00""}, {""cmtStatus"": ""→"", ""cmtPoster"": ""blacksswan"", ""cmtContent"": "":國際傳統航空一樣在機上等起飛,臨時取消放人下機"", ""cmtDate"": ""2023-05-07 19:52:00""}, {""cmtStatus"": ""推"", ""cmtPoster"": ""yokomata"", ""cmtContent"": "":真有人以為董仔是要道歉才去日本喔XD"", ""cmtDate"": ""2023-05-07 19:53:00""}, {""cmtStatus"": ""→"", ""cmtPoster"": ""bkebke"", ""cmtContent"": "":他只是要把他的飛機開回來而以吧"", ""cmtDate"": ""2023-05-07 19:54:00""}, {""cmtStatus"": ""→"", ""cmtPoster"": ""yokomata"", ""cmtContent"": "":人家去就是不想浪費機師人力把350開回台而已"", ""cmtDate"": ""2023-05-07 19:54:00""}, {""cmtStatus"": ""推"", ""cmtPoster"": ""Linnsen"", ""cmtContent"": "":就大家幹活老闆幫忙移下車回家睡被捧英雄降"", ""cmtDate"": ""2023-05-07 19:55:00""}, {""cmtStatus"": ""→"", ""cmtPoster"": ""blacksswan"", ""cmtContent"": "":看延誤多久,機場能退關就自己找飯店再跟航空公司申"", ""cmtDate"": ""2023-05-07 19:55:00""}, {""cmtStatus"": ""→"", ""cmtPoster"": ""blacksswan"", ""cmtContent"": "":請,不退關就能進貴賓室的進,不能的領餐券睡袋睡機場"", ""cmtDate"": ""2023-05-07 19:56:00""}, {""cmtStatus"": ""→"", ""cmtPoster"": ""Linnsen"", ""cmtContent"": "":精品航空搞到要跟LCC比也是摳連公關給點力好嗎"", ""cmtDate"": ""2023-05-07 19:56:00""}, {""cmtStatus"": ""推"", ""cmtPoster"": ""NTUisgood"", ""cmtContent"": "":不要人家意見跟你不一樣就是公關洗留言喔董事長會"", ""cmtDate"": ""2023-05-07 19:58:00""}, {""cmtStatus"": ""→"", ""cmtPoster"": ""NTUisgood"", ""cmtContent"": "":自己去面對跟處理我覺得很好了何況全額退款不"", ""cmtDate"": ""2023-05-07 19:58:00""}, {""cmtStatus"": ""→"", ""cmtPoster"": ""NTUisgood"", ""cmtContent"": "":需要什麼事情非要用負面解讀"", ""cmtDate"": ""2023-05-07 19:58:00""}, {""cmtStatus"": ""推"", ""cmtPoster"": ""TCdogmeat"", ""cmtContent"": "":公關很給力了吧你看FB跟YT"", ""cmtDate"": ""2023-05-07 19:58:00""}, {""cmtStatus"": ""→"", ""cmtPoster"": ""blacksswan"", ""cmtContent"": "":我就遇過還好可以在貴賓室看下面睡機場的"", ""cmtDate"": ""2023-05-07 19:59:00""}, {""cmtStatus"": ""推"", ""cmtPoster"": ""yokomata"", ""cmtContent"": "":真要負責何不帶一批機組員一起去"", ""cmtDate"": ""2023-05-07 19:59:00""}, {""cmtStatus"": ""→"", ""cmtPoster"": ""yokomata"", ""cmtContent"": "":這樣還能做到雙贏"", ""cmtDate"": ""2023-05-07 19:59:00""}, {""cmtStatus"": ""→"", ""cmtPoster"": ""yokomata"", ""cmtContent"": "":問題就是他要省人力在其他航班"", ""cmtDate"": ""2023-05-07 20:00:00""}, {""cmtStatus"": ""推"", ""cmtPoster"": ""OFETMAN"", ""cmtContent"": "":as大，給自己一個機會解鎖成就，還能拿鳳梨酥"", ""cmtDate"": ""2023-05-07 20:01:00""}, {""cmtStatus"": ""→"", ""cmtPoster"": ""blacksswan"", ""cmtContent"": "":飛機機組都在日本待飛"", ""cmtDate"": ""2023-05-07 20:01:00""}, {""cmtStatus"": ""→"", ""cmtPoster"": ""TCdogmeat"", ""cmtContent"": "":睡袋也可以拿喔"", ""cmtDate"": ""2023-05-07 20:02:00""}, {""cmtStatus"": ""→"", ""cmtPoster"": ""blacksswan"", ""cmtContent"": "":比較像是航班航線擴展太快,人力制度資源跟不上"", ""cmtDate"": ""2023-05-07 20:03:00""}, {""cmtStatus"": ""→"", ""cmtPoster"": ""erty"", ""cmtContent"": "":可以接受用'覺得'來經營的話我是沒差啦，尊重祝福~"", ""cmtDate"": ""2023-05-07 20:04:00""}, {""cmtStatus"": ""推"", ""cmtPoster"": ""songmeng"", ""cmtContent"": "":董事長公開扯謊卸責給說成田機場官僚制度這樣很好?"", ""cmtDate"": ""2023-05-07 20:06:00""}, {""cmtStatus"": ""→"", ""cmtPoster"": ""blacksswan"", ""cmtContent"": "":遇過發機上款毛毯靠枕的,睡袋應該一樣得歸還"", ""cmtDate"": ""2023-05-07 20:06:00""}, {""cmtStatus"": ""→"", ""cmtPoster"": ""gottsuan"", ""cmtContent"": "":台灣消費者沒節操的啦降價促銷就回籠了"", ""cmtDate"": ""2023-05-07 20:06:00""}, {""cmtStatus"": ""→"", ""cmtPoster"": ""songmeng"", ""cmtContent"": "":自己面對因為媒體會拍會誇阿果然真有人吃這套"", ""cmtDate"": ""2023-05-07 20:07:00""}, {""cmtStatus"": ""推"", ""cmtPoster"": ""playerst"", ""cmtContent"": "":對於賠償我也認為有誠意但是對於未來要買機票的人"", ""cmtDate"": ""2023-05-07 20:07:00""}, {""cmtStatus"": ""→"", ""cmtPoster"": ""playerst"", ""cmtContent"": "":看中的不是賠償而是會不會再出包啊XD"", ""cmtDate"": ""2023-05-07 20:07:00""}, {""cmtStatus"": ""→"", ""cmtPoster"": ""playerst"", ""cmtContent"": "":針對這次事件要怎麼改善避免才是未來買機票的人想"", ""cmtDate"": ""2023-05-07 20:08:00""}, {""cmtStatus"": ""→"", ""cmtPoster"": ""playerst"", ""cmtContent"": "":看到的"", ""cmtDate"": ""2023-05-07 20:08:00""}, {""cmtStatus"": ""推"", ""cmtPoster"": ""zzlzz"", ""cmtContent"": "":機隊太少，一個環節出問題就出現蝴蝶效應了"", ""cmtDate"": ""2023-05-07 20:37:00""}, {""cmtStatus"": ""推"", ""cmtPoster"": ""lucifero"", ""cmtContent"": "":要搭乘的可能就祈禱星宇每一個航班都順利就沒事了"", ""cmtDate"": ""2023-05-07 20:57:00""}, {""cmtStatus"": ""推"", ""cmtPoster"": ""Vett"", ""cmtContent"": "":嚴查機師啊怎麼這麼菜啊K董螺絲鬆了"", ""cmtDate"": ""2023-05-07 20:58:00""}, {""cmtStatus"": ""→"", ""cmtPoster"": ""LeobenYK"", ""cmtContent"": "":感覺就是靠K董個人魅力在撐的公司"", ""cmtDate"": ""2023-05-07 21:02:00""}, {""cmtStatus"": ""推"", ""cmtPoster"": ""pony0411"", ""cmtContent"": "":個人魅力（X)，公關能力（O)"", ""cmtDate"": ""2023-05-07 21:02:00""}, {""cmtStatus"": ""推"", ""cmtPoster"": ""Xaotic"", ""cmtContent"": "":搞成這樣全額退只是基本好嗎，多送來回一次我都不"", ""cmtDate"": ""2023-05-07 21:43:00""}, {""cmtStatus"": ""→"", ""cmtPoster"": ""Xaotic"", ""cmtContent"": "":要"", ""cmtDate"": ""2023-05-07 21:43:00""}, {""cmtStatus"": ""推"", ""cmtPoster"": ""blueslovetw"", ""cmtContent"": "":覺比lcc的服務跟危機處理還差==單純靠個人魅力在撐"", ""cmtDate"": ""2023-05-07 22:15:00""}, {""cmtStatus"": ""→"", ""cmtPoster"": ""blueslovetw"", ""cmtContent"": "":場面，事後好好檢討嘍"", ""cmtDate"": ""2023-05-07 22:15:00""}, {""cmtStatus"": ""→"", ""cmtPoster"": ""cunankimo"", ""cmtContent"": "":天候的部分沒辦法但那也是中午的事情了可以讓旅"", ""cmtDate"": ""2023-05-07 22:32:00""}, {""cmtStatus"": ""→"", ""cmtPoster"": ""cunankimo"", ""cmtContent"": "":客在機場打地舖到隔天這完全就是星宇的問題了"", ""cmtDate"": ""2023-05-07 22:32:00""}, {""cmtStatus"": ""→"", ""cmtPoster"": ""charogne"", ""cmtContent"": "":搞成這樣，這絕對不是機師的權限而已"", ""cmtDate"": ""2023-05-07 23:01:00""}, {""cmtStatus"": ""推"", ""cmtPoster"": ""pppeko"", ""cmtContent"": "":整理的好好喔"", ""cmtDate"": ""2023-05-07 23:05:00""}, {""cmtStatus"": ""推"", ""cmtPoster"": ""pdself"", ""cmtContent"": "":FB的留言真的很恐怖讓人無言"", ""cmtDate"": ""2023-05-07 23:48:00""}, {""cmtStatus"": ""→"", ""cmtPoster"": ""pdself"", ""cmtContent"": "":K董簡直檯面上藍綠白政治人物，喔不我感覺到是偶像"", ""cmtDate"": ""2023-05-07 23:48:00""}, {""cmtStatus"": ""→"", ""cmtPoster"": ""pdself"", ""cmtContent"": "":，一個航空公司支持者可以像死忠粉絲真不簡單"", ""cmtDate"": ""2023-05-07 23:48:00""}, {""cmtStatus"": ""推"", ""cmtPoster"": ""rocky9137"", ""cmtContent"": "":FB那裡就邪教根本航空版紫衣教說真話批評會被出征"", ""cmtDate"": ""2023-05-07 23:54:00""}, {""cmtStatus"": ""→"", ""cmtPoster"": ""SuLiaen"", ""cmtContent"": "":FB留言真的有夠誇張.."", ""cmtDate"": ""2023-05-07 23:54:00""}, {""cmtStatus"": ""→"", ""cmtPoster"": ""SuLiaen"", ""cmtContent"": "":會讓人覺得連就事論事都不行"", ""cmtDate"": ""2023-05-07 23:55:00""}, {""cmtStatus"": ""→"", ""cmtPoster"": ""SuLiaen"", ""cmtContent"": "":直接一句難道生命安全不重要嗎"", ""cmtDate"": ""2023-05-07 23:56:00""}, {""cmtStatus"": ""推"", ""cmtPoster"": ""parisya"", ""cmtContent"": "":整件事現在看來還是好荒唐，說董事長道歉很有誠意真"", ""cmtDate"": ""2023-05-07 23:56:00""}, {""cmtStatus"": ""→"", ""cmtPoster"": ""parisya"", ""cmtContent"": "":不知道要說什麼，他昨晚會比版友們消息還不靈通嗎？"", ""cmtDate"": ""2023-05-07 23:56:00""}, {""cmtStatus"": ""→"", ""cmtPoster"": ""parisya"", ""cmtContent"": "":放著賭虐乘客，危機處理零分，不知道訓練跟安全是否"", ""cmtDate"": ""2023-05-07 23:56:00""}, {""cmtStatus"": ""→"", ""cmtPoster"": ""parisya"", ""cmtContent"": "":也都是公關堆砌的假象"", ""cmtDate"": ""2023-05-07 23:56:00""}, {""cmtStatus"": ""→"", ""cmtPoster"": ""SuLiaen"", ""cmtContent"": "":啊不是..其他家就不重視生命安全嗎？"", ""cmtDate"": ""2023-05-07 23:56:00""}, {""cmtStatus"": ""→"", ""cmtPoster"": ""SuLiaen"", ""cmtContent"": "":就會覺得，怎麼網友變成這樣"", ""cmtDate"": ""2023-05-07 23:57:00""}, {""cmtStatus"": ""→"", ""cmtPoster"": ""smileahpain"", ""cmtContent"": "":fb那邊已經改成，已經退你錢你還想要著麼樣?"", ""cmtDate"": ""2023-05-08 00:03:00""}, {""cmtStatus"": ""推"", ""cmtPoster"": ""lucifero"", ""cmtContent"": "":不只FBYT跟各大新聞媒體公關都已經處理好了"", ""cmtDate"": ""2023-05-08 00:05:00""}, {""cmtStatus"": ""→"", ""cmtPoster"": ""lucifero"", ""cmtContent"": "":去問問身邊的朋友對這個事件的看法就知道星宇"", ""cmtDate"": ""2023-05-08 00:06:00""}, {""cmtStatus"": ""→"", ""cmtPoster"": ""lucifero"", ""cmtContent"": "":公關大成功又加分了XD"", ""cmtDate"": ""2023-05-08 00:06:00""}, {""cmtStatus"": ""推"", ""cmtPoster"": ""buzzcc"", ""cmtContent"": "":票價跟精品一樣貴,機師技術跟危機處理比廉航還糟的"", ""cmtDate"": ""2023-05-08 00:24:00""}, {""cmtStatus"": ""→"", ""cmtPoster"": ""buzzcc"", ""cmtContent"": "":星宇XD話說服務有特別好嗎？怎麼一堆人那麼愛搭"", ""cmtDate"": ""2023-05-08 00:24:00""}, {""cmtStatus"": ""推"", ""cmtPoster"": ""Midiya"", ""cmtContent"": "":據說硬體真的不錯飛機餐也很好吃醬子"", ""cmtDate"": ""2023-05-08 00:30:00""}, {""cmtStatus"": ""→"", ""cmtPoster"": ""Midiya"", ""cmtContent"": "":服務的話目前好像比較沒聽到有特別突出的"", ""cmtDate"": ""2023-05-08 00:31:00""}, {""cmtStatus"": ""→"", ""cmtPoster"": ""Midiya"", ""cmtContent"": "":所以他目前的優勢應該就是飛機新、設備好、餐飲佳(?"", ""cmtDate"": ""2023-05-08 00:32:00""}, {""cmtStatus"": ""推"", ""cmtPoster"": ""CiaoTwo"", ""cmtContent"": "":硬體的話，前方置物空間不錯，娛樂系統螢幕大畫質好"", ""cmtDate"": ""2023-05-08 00:47:00""}, {""cmtStatus"": ""→"", ""cmtPoster"": ""CiaoTwo"", ""cmtContent"": "":操控起來很順暢。至於服務不會感覺有特別好。"", ""cmtDate"": ""2023-05-08 00:48:00""}, {""cmtStatus"": ""推"", ""cmtPoster"": ""pdself"", ""cmtContent"": "":就事論事還被說要我理性一點呢XD"", ""cmtDate"": ""2023-05-08 01:16:00""}, {""cmtStatus"": ""→"", ""cmtPoster"": ""buzzcc"", ""cmtContent"": "":原來如此,還好對這些優點完全無興趣"", ""cmtDate"": ""2023-05-08 01:16:00""}, {""cmtStatus"": ""→"", ""cmtPoster"": ""pdself"", ""cmtContent"": "":以後有機會我還是想搭搭看星宇啊…明明就夠理性的吧"", ""cmtDate"": ""2023-05-08 01:18:00""}, {""cmtStatus"": ""→"", ""cmtPoster"": ""pdself"", ""cmtContent"": "":哈哈"", ""cmtDate"": ""2023-05-08 01:18:00""}, {""cmtStatus"": ""推"", ""cmtPoster"": ""zzzz8931"", ""cmtContent"": "":上面說機師技術差的人，理由是什麼？"", ""cmtDate"": ""2023-05-08 06:27:00""}, {""cmtStatus"": ""→"", ""cmtPoster"": ""imina"", ""cmtContent"": "":真的最慘的是乘客，結果回來還要被批評"", ""cmtDate"": ""2023-05-08 07:28:00""}, {""cmtStatus"": ""→"", ""cmtPoster"": ""RINPE"", ""cmtContent"": "":機師有比鍵盤酸民懂開飛機？"", ""cmtDate"": ""2023-05-08 07:42:00""}, {""cmtStatus"": ""推"", ""cmtPoster"": ""buzzcc"", ""cmtContent"": "":乘客真的衰,各種票.住宿的錢還有時間.體力跟精神損"", ""cmtDate"": ""2023-05-08 11:01:00""}, {""cmtStatus"": ""→"", ""cmtPoster"": ""buzzcc"", ""cmtContent"": "":失不是賠了個機票錢就能了事的"", ""cmtDate"": ""2023-05-08 11:01:00""}, {""cmtStatus"": ""→"", ""cmtPoster"": ""cunankimo"", ""cmtContent"": "":天候影響降落是中午的事情然後宵禁是晚上11點"", ""cmtDate"": ""2023-05-08 12:15:00""}, {""cmtStatus"": ""→"", ""cmtPoster"": ""cunankimo"", ""cmtContent"": "":拿天候問題來護航想必是鐵粉了"", ""cmtDate"": ""2023-05-08 12:15:00""}, {""cmtStatus"": ""推"", ""cmtPoster"": ""Tokoo3535"", ""cmtContent"": "":只能5顆星不能1顆星，意見不同會被出征像極了某國呢"", ""cmtDate"": ""2023-05-08 14:49:00""}, {""cmtStatus"": ""→"", ""cmtPoster"": ""oooop3"", ""cmtContent"": "":乘客被害者還要被檢討，公關大成功"", ""cmtDate"": ""2023-05-08 16:03:00""}, {""cmtStatus"": ""推"", ""cmtPoster"": ""ymcheung"", ""cmtContent"": "":台灣？"", ""cmtDate"": ""2023-05-08 17:07:00""}, {""cmtStatus"": ""→"", ""cmtPoster"": ""jay1943webbe"", ""cmtContent"": "":確實感覺蠻多公關的我看yt留言也是說什麼已經退錢"", ""cmtDate"": ""2023-05-08 17:14:00""}, {""cmtStatus"": ""→"", ""cmtPoster"": ""jay1943webbe"", ""cmtContent"": "":了還想怎樣睡機場是會怎樣是多嬌貴還有留言扯"", ""cmtDate"": ""2023-05-08 17:14:00""}, {""cmtStatus"": ""→"", ""cmtPoster"": ""jay1943webbe"", ""cmtContent"": "":到張董之前批評政府航空相關的意見所以現在塔綠"", ""cmtDate"": ""2023-05-08 17:14:00""}, {""cmtStatus"": ""→"", ""cmtPoster"": ""jay1943webbe"", ""cmtContent"": "":班媒體在狂打明明各台都在報導….超好笑"", ""cmtDate"": ""2023-05-08 17:14:00""}, {""cmtStatus"": ""推"", ""cmtPoster"": ""gmoz"", ""cmtContent"": "":衰啥全額退免費去日本一趟還有保險領"", ""cmtDate"": ""2023-05-08 17:22:00""}, {""cmtStatus"": ""→"", ""cmtPoster"": ""gmoz"", ""cmtContent"": "":可能要送一台飛機鄉民才覺得夠吧"", ""cmtDate"": ""2023-05-08 17:22:00""}, {""cmtStatus"": ""→"", ""cmtPoster"": ""gmoz"", ""cmtContent"": "":不知道鄉民覺得要到怎麼程度才夠"", ""cmtDate"": ""2023-05-08 17:22:00""}, {""cmtStatus"": ""→"", ""cmtPoster"": ""gmoz"", ""cmtContent"": "":可能你們一秒幾十萬上下吧一晚好幾億"", ""cmtDate"": ""2023-05-08 17:23:00""}, {""cmtStatus"": ""推"", ""cmtPoster"": ""phoebe9729"", ""cmtContent"": "":樓上怎麼立刻示範了呢？"", ""cmtDate"": ""2023-05-08 17:52:00""}, {""cmtStatus"": ""推"", ""cmtPoster"": ""kiromomo168"", ""cmtContent"": "":看到Line新聞、FB、YT一堆護航星宇的以為我活在不同"", ""cmtDate"": ""2023-05-08 18:12:00""}, {""cmtStatus"": ""→"", ""cmtPoster"": ""kiromomo168"", ""cmtContent"": "":世界如果是公關帶風向那真的很噁。"", ""cmtDate"": ""2023-05-08 18:12:00""}, {""cmtStatus"": ""推"", ""cmtPoster"": ""mizuhara"", ""cmtContent"": "":ヤフコメ也是一堆日本鄉民稱讚星宇了不起負責啊www"", ""cmtDate"": ""2023-05-08 21:32:00""}, {""cmtStatus"": ""推"", ""cmtPoster"": ""lucifero"", ""cmtContent"": "":因為他們不知道星宇是怎麼走到這一步的"", ""cmtDate"": ""2023-05-08 22:41:00""}, {""cmtStatus"": ""推"", ""cmtPoster"": ""APC"", ""cmtContent"": "":K懂：公關長，這錢砸的可真值嘻嘻"", ""cmtDate"": ""2023-05-08 23:49:00""}, {""cmtStatus"": ""推"", ""cmtPoster"": ""greenfetish"", ""cmtContent"": "":隔壁版有影片，看起來比較像溜去開飛機不小心被堵"", ""cmtDate"": ""2023-05-08 23:59:00""}, {""cmtStatus"": ""→"", ""cmtPoster"": ""greenfetish"", ""cmtContent"": "":到XDDDD"", ""cmtDate"": ""2023-05-08 23:59:00""}, {""cmtStatus"": ""推"", ""cmtPoster"": ""gaoi"", ""cmtContent"": "":我6月初飛成田，只希望前一天都星宇航班都平安順利"", ""cmtDate"": ""2023-05-09 00:36:00""}, {""cmtStatus"": ""→"", ""cmtPoster"": ""gaoi"", ""cmtContent"": "":起降，這樣才有辦法讓我的航班按照表訂時間飛去成"", ""cmtDate"": ""2023-05-09 00:36:00""}, {""cmtStatus"": ""→"", ""cmtPoster"": ""gaoi"", ""cmtContent"": "":田；沒事誰想要被關在機上七八個小時，解鎖夜宿成"", ""cmtDate"": ""2023-05-09 00:36:00""}, {""cmtStatus"": ""→"", ""cmtPoster"": ""gaoi"", ""cmtContent"": "":田成就然後拿到全額退費，信徒沒遇到都覺得無所謂"", ""cmtDate"": ""2023-05-09 00:36:00""}, {""cmtStatus"": ""→"", ""cmtPoster"": ""gaoi"", ""cmtContent"": "":似的在那邊歌功頌德喝斥不同的聲音，真的是很不可"", ""cmtDate"": ""2023-05-09 00:36:00""}, {""cmtStatus"": ""→"", ""cmtPoster"": ""gaoi"", ""cmtContent"": "":思議的社團現象…"", ""cmtDate"": ""2023-05-09 00:36:00""}, {""cmtStatus"": ""→"", ""cmtPoster"": ""smileahpain"", ""cmtContent"": "":這家公司公關做得好噁心，居然可以說24小時不喝水"", ""cmtDate"": ""2023-05-09 01:03:00""}, {""cmtStatus"": ""→"", ""cmtPoster"": ""smileahpain"", ""cmtContent"": "":不會死..."", ""cmtDate"": ""2023-05-09 01:03:00""}, {""cmtStatus"": ""推"", ""cmtPoster"": ""eric61446"", ""cmtContent"": "":想客家塞一趟飛航班結果一串一起炸"", ""cmtDate"": ""2023-05-09 09:56:00""}, {""cmtStatus"": ""→"", ""cmtPoster"": ""alex800826"", ""cmtContent"": "":先看看其他航空碰到同樣情況怎樣再來說嘴吧"", ""cmtDate"": ""2023-05-09 12:13:00""}, {""cmtStatus"": ""→"", ""cmtPoster"": ""imina"", ""cmtContent"": "":為何還要等別家出包才能嘴?難道他現在做錯嘴不得喔?"", ""cmtDate"": ""2023-05-09 12:23:00""}, {""cmtStatus"": ""推"", ""cmtPoster"": ""lucifero"", ""cmtContent"": "":但其他航空不會出這種離譜的包啊XD"", ""cmtDate"": ""2023-05-09 12:36:00""}, {""cmtStatus"": ""推"", ""cmtPoster"": ""firingmoon"", ""cmtContent"": "":那如果一直沒碰到星宇就不能嘴了Q_Q"", ""cmtDate"": ""2023-05-09 12:54:00""}, {""cmtStatus"": ""推"", ""cmtPoster"": ""cpylislv"", ""cmtContent"": "":話說蠻好奇yahoo對JX2很晚通知有何感想"", ""cmtDate"": ""2023-05-09 15:37:00""}]",None,2023-05-09 01:51:39,ptt
38,https://www.ptt.cc/bbs/Japan_Travel/M.1683421798.A.E09.html,[住宿]Dormy銀座12F檜風呂付房型,2023-05-07 09:09:55,TT,Japan_Travel,"造訪日期：（2023年5月）

沒想到回國碰到大側風
連華航的CI103也延誤登機大概半小時，累爆

先回報分享一下這間新開業(2023.02.23)的
天然温泉 七宝の湯　ドーミーインPREMIUM銀座
https://imgur.com/rMivot4.jpg
因為正好注意到資訊，看12F的規格很特殊就預訂
提供給找住宿有興趣的人當參考

12F房型主打【
】
不過，其實實際上是長這樣
小小的，空間抬頭是有露天的
https://imgur.com/U2EtQ7p.jpg
但放出來的水和B1大眾浴池的黑湯不同
水溫也偏低，老實講除非真的很不喜歡和陌生人裸體相見
還是下去泡澡舒適
當然，有小朋友這點倒是加點分，可以簡單搞定

拉開門房間的空間以Dormy來說算「
」
https://imgur.com/pp5KUFM.jpg
以家庭來說這樣的環境很舒適寬敞
https://imgur.com/jsHJ7dj.jpg
桌子大家能一起坐著看電視，拉開窗簾可以看看外頭...吊臂和街景XD
https://imgur.com/DdRugyj.jpg
而且電視機還可以直接登入你自己的OTT串流帳號
https://imgur.com/XHskSBm.jpg
還有個陽台空間
https://imgur.com/f333gzq.jpg
隔音效果意外的還不錯
晚上深夜兩個人可以拿著飲料點心坐外頭
不過，1204看不到東京鐵塔or晴空塔
大型吊臂+市區的喧囂聲為主XD
但提醒一下有小朋友家庭，那個柵欄實在感覺不太安全

是說回來後我才發現有人提到有另外的飲料冰箱 = =
難怪當初我泡湯完搭電梯，其他人的卡片刷了我按12F沒反應

早餐的部分，可能因為我比較不愛吃日本的醃漬物
https://imgur.com/EnsJ7mT.jpg
偏偏這間是這種屬性，一整盒精緻擺盤
https://imgur.com/1MxREbY.jpg
結果吃的不太痛快
能另外點歐姆蛋，但領號碼牌出餐方式有點尷尬
https://imgur.com/SezvIbL.jpg
我看幾乎都變成服務人員端著餐點到處找人
飲料機似乎最近到處都換成這台(JCB的貴賓室也是)
https://imgur.com/ZqzwnCK.jpg
有多種的飲料口味可以選，而且能切換成繁體中文
依樣有牛奶另外有提供特別的胡蘿蔔汁
https://imgur.com/ZqzwnCK.jpg
烤麵包機也換成了百慕達BALMUDA
https://imgur.com/CYS8Iw1.jpg
不過，麵包還是老面孔

吃飽後我又跑到頂樓的RF觀景台
上頭有台自動販賣機和坐席
https://imgur.com/RdBZsrz.jpg
不過視野普通

B1的大眾浴場
老實說，可能因為頂樓變成了12F和RF觀景台空間規劃
要不是有東京這區域特色的黑湯
就只是普普通通的大浴場
吹風機目前更換了一部分變成Dyson
有提供養樂多和冰棒，但分兩個時段
https://imgur.com/xRO348g.jpg
早上養樂多，晚上冰棒
https://imgur.com/sPNYR4Z.jpg
最傳統的招牌拉麵當然還是固定的
https://imgur.com/uaR1qJm.jpg
不過，飲料機升級後，也跟著更爽啦XD
https://imgur.com/usXoybD.jpg
新開幕的12F價格算是蠻漂亮的(3大一小，6張諭吉多)
如果是這個價格住在靠近「
」這邊
算是交通很方便
房間空間舒適度很棒
不過，特色早餐風格真的要看人
(小朋友總是比較喜歡自己DIY海鮮)
但我真的沒注意到12F大家說的可以無限暢飲的飲料冰櫃躲哪邊 = =
可能後續要前往的朋友再幫忙找看看位置
https://imgur.com/Jfaj8eV.jpg
https://imgur.com/9x7wFOM.jpg","[{""cmtStatus"": ""推"", ""cmtPoster"": ""elljong1988"", ""cmtContent"": "":60000嗎！"", ""cmtDate"": ""2023-05-07 17:08:00""}, {""cmtStatus"": ""→"", ""cmtPoster"": ""TT"", ""cmtContent"": "":是，不過是GW黃金週期間價格就是了=口="", ""cmtDate"": ""2023-05-08 13:05:00""}]",1.173.55.246,2023-05-09 01:51:39,ptt
39,https://www.ptt.cc/bbs/Japan_Travel/M.1683452955.A.FC7.html,[問題]成田到新橋站交通問題,2023-05-07 17:49:13,jcwl0908,Japan_Travel,"下週抵達成田的時間是早上七點，預計出關買完jr pass以後大概是九點。這次住在新橋
站附近的The blossom hibiya，因為是第一次住在這裡，交通選擇上想請問大家：

1.搭乘Sky access: 如果在這個時間點拎著行李箱搭直達的sky access ，因為沒有劃位
，又是上班時間（的樣子？）會是一場地獄之行嗎？

2. 搭乘NEX ：好處是有買Jr pass可以直接使用，但要從東京車站轉JR一站。

請問跟大家會推薦哪一種方式呢？（因為巴士也要轉地鐵就不考慮了）

另外達乘Sky access出站以後，我查過平面圖發現只有JR站內才有電梯可以達乘，請問是
否想從日比谷出口出站，只能使用手扶梯或樓梯呢？還是我要刷卡進Jr站內搭乘電梯呢？

先謝過大家幫幫四年沒踏上日本土地的阿姨。（石頭蓋布謝）
","[{""cmtStatus"": ""→"", ""cmtPoster"": ""adychen1982"", ""cmtContent"": "":你JR和京成是不是有點搞混了"", ""cmtDate"": ""2023-05-07 18:00:00""}, {""cmtStatus"": ""推"", ""cmtPoster"": ""hyuchi0202"", ""cmtContent"": "":這間早餐很棒"", ""cmtDate"": ""2023-05-07 18:37:00""}, {""cmtStatus"": ""推"", ""cmtPoster"": ""AlainDion"", ""cmtContent"": "":這間可以搭巴士啊，TYO-NRT搭到銀座走過去順便吃早"", ""cmtDate"": ""2023-05-07 21:59:00""}, {""cmtStatus"": ""→"", ""cmtPoster"": ""AlainDion"", ""cmtContent"": "":餐剛好"", ""cmtDate"": ""2023-05-07 21:59:00""}, {""cmtStatus"": ""推"", ""cmtPoster"": ""AlainDion"", ""cmtContent"": "":只是你7點到推測是GK12，那可以接的巴士班次只有082"", ""cmtDate"": ""2023-05-07 22:01:00""}, {""cmtStatus"": ""→"", ""cmtPoster"": ""AlainDion"", ""cmtContent"": "":0和0940"", ""cmtDate"": ""2023-05-07 22:01:00""}, {""cmtStatus"": ""推"", ""cmtPoster"": ""HOF"", ""cmtContent"": "":利木津巴士網站上時刻表，第一Hotel的分類是在日比"", ""cmtDate"": ""2023-05-07 23:03:00""}, {""cmtStatus"": ""→"", ""cmtPoster"": ""HOF"", ""cmtContent"": "":谷，應該不難找"", ""cmtDate"": ""2023-05-07 23:03:00""}, {""cmtStatus"": ""推"", ""cmtPoster"": ""hand2846555"", ""cmtContent"": "":我1月去也住這間，我是skyliner轉山手線，新橋站很"", ""cmtDate"": ""2023-05-08 00:00:00""}, {""cmtStatus"": ""→"", ""cmtPoster"": ""hand2846555"", ""cmtContent"": "":小應該不會迷路"", ""cmtDate"": ""2023-05-08 00:00:00""}, {""cmtStatus"": ""推"", ""cmtPoster"": ""hand2846555"", ""cmtContent"": "":那時候也是怕東京車站找路找很久，skyliner日暮里"", ""cmtDate"": ""2023-05-08 00:02:00""}, {""cmtStatus"": ""推"", ""cmtPoster"": ""cutaray"", ""cmtContent"": "":東京要怎麼同月台換車到新橋？不是總武線到東京嗎？"", ""cmtDate"": ""2023-05-08 08:46:00""}, {""cmtStatus"": ""推"", ""cmtPoster"": ""yumyun"", ""cmtContent"": "":新橋是橫須賀線跟總武直通"", ""cmtDate"": ""2023-05-08 09:06:00""}, {""cmtStatus"": ""→"", ""cmtPoster"": ""cutaray"", ""cmtContent"": "":，不知道的話就真的要走10分鐘去轉車了Orz"", ""cmtDate"": ""2023-05-08 09:24:00""}, {""cmtStatus"": ""推"", ""cmtPoster"": ""EURISKO"", ""cmtContent"": "":Skyaccess本來就沒有劃位，你是不是和skyliner搞"", ""cmtDate"": ""2023-05-08 10:40:00""}, {""cmtStatus"": ""→"", ""cmtPoster"": ""EURISKO"", ""cmtContent"": "":混了"", ""cmtDate"": ""2023-05-08 10:40:00""}, {""cmtStatus"": ""推"", ""cmtPoster"": ""birdy590"", ""cmtContent"": "":新橋有四條JR線查詢條件應該要改減少步行"", ""cmtDate"": ""2023-05-08 11:13:00""}, {""cmtStatus"": ""→"", ""cmtPoster"": ""birdy590"", ""cmtContent"": "":橫須賀線的班次應該是四條線裡最少的"", ""cmtDate"": ""2023-05-08 11:17:00""}]",116.89.137.140,2023-05-09 01:51:41,ptt
40,https://www.ptt.cc/bbs/Japan_Travel/M.1683453593.A.3F3.html,[問題]河口湖交通請益,2023-05-07 17:59:51,nightscape,Japan_Travel,"大家好

敝人與家人共4人預計5/20（六）前往東京自由行一週

因為沒去過河口湖，所以會安排河口湖行程
預計5/25（四）去，5/26（五）回新宿
5/27（六）上午飛機回台灣

目前遇到的問題是5/26從河口湖回來的路上想去逛御殿場outlet
原本預計5/25去程買jr東京廣域周遊券
這樣河口湖來回富士迴遊跟5/27新宿到成田機場的nex就可以用
但是因為少了成田到新宿去程一段
所以算起來只便宜1千日幣左右
（只用了富士迴遊去回+新宿到成田nex）
加上河口湖到御殿場，即使用廣域周遊，也還是要補河口湖到御殿場及御殿場到國府津（此
兩段不能用廣域周遊）的票

如果新宿到河口湖往返改坐巴士又很怕塞車

想請教大家這樣的行程交通建議應該怎麼買或怎麼比較正確？謝謝！
","[{""cmtStatus"": ""推"", ""cmtPoster"": ""owlonoak"", ""cmtContent"": "":你只去河口湖就不用買那個廣域券"", ""cmtDate"": ""2023-05-07 18:03:00""}, {""cmtStatus"": ""→"", ""cmtPoster"": ""owlonoak"", ""cmtContent"": "":廣域券要划算你要再加上輕井澤"", ""cmtDate"": ""2023-05-07 18:03:00""}, {""cmtStatus"": ""推"", ""cmtPoster"": ""hyuchi0202"", ""cmtContent"": "":坐巴士就好平日去不會塞車"", ""cmtDate"": ""2023-05-07 18:30:00""}, {""cmtStatus"": ""→"", ""cmtPoster"": ""hyuchi0202"", ""cmtContent"": "":除非你卡到上下班時間"", ""cmtDate"": ""2023-05-07 18:31:00""}, {""cmtStatus"": ""推"", ""cmtPoster"": ""helentinamey"", ""cmtContent"": "":想順便借問一下巴士訂位可以改時間嗎又或者不要訂"", ""cmtDate"": ""2023-05-07 18:59:00""}, {""cmtStatus"": ""→"", ""cmtPoster"": ""helentinamey"", ""cmtContent"": "":位現場買會不會沒票第一天晚上要殺到河口湖想訂晚"", ""cmtDate"": ""2023-05-07 18:59:00""}, {""cmtStatus"": ""→"", ""cmtPoster"": ""helentinamey"", ""cmtContent"": "":一點的班次比較保險可是那班過去飯店接駁車已經沒"", ""cmtDate"": ""2023-05-07 18:59:00""}, {""cmtStatus"": ""→"", ""cmtPoster"": ""helentinamey"", ""cmtContent"": "":了希望如果能提早到就提早坐"", ""cmtDate"": ""2023-05-07 18:59:00""}, {""cmtStatus"": ""推"", ""cmtPoster"": ""leejones"", ""cmtContent"": "":巴士預約可以取消.如果滿車通常都會加開班次."", ""cmtDate"": ""2023-05-07 19:22:00""}, {""cmtStatus"": ""推"", ""cmtPoster"": ""a5687920"", ""cmtContent"": "":去輕井澤outlet阿"", ""cmtDate"": ""2023-05-07 20:17:00""}, {""cmtStatus"": ""推"", ""cmtPoster"": ""mvpdirk712"", ""cmtContent"": "":巴士正常狀況兩個小時"", ""cmtDate"": ""2023-05-07 20:20:00""}, {""cmtStatus"": ""推"", ""cmtPoster"": ""dowcher"", ""cmtContent"": "":怕塞車可以用廣御券，在東京也可以搭JR移動，多搭幾"", ""cmtDate"": ""2023-05-07 21:02:00""}, {""cmtStatus"": ""→"", ""cmtPoster"": ""dowcher"", ""cmtContent"": "":趟也蠻划算"", ""cmtDate"": ""2023-05-07 21:02:00""}, {""cmtStatus"": ""推"", ""cmtPoster"": ""tfoasy"", ""cmtContent"": "":之前非假日坐巴士，覺得時間估得蠻準的"", ""cmtDate"": ""2023-05-07 22:18:00""}]",36.230.231.25,2023-05-09 01:51:41,ptt
41,https://www.ptt.cc/bbs/Japan_Travel/M.1683457949.A.2D3.html,東京6月5天四夜自由行請益,2023-05-07 19:12:27,xxYAYAxx,Japan_Travel,"各位好，6月將與女友東京自由行，我是第一次去東京，目前行程安排如下，還麻煩版友
協助建議、指點行程是否有建議調整的地方，謝謝


日期： 6/9-6/13號，五天四夜。
行程安排如下：
6/9(五)
02:15桃園-06:40成田-飯店放行李-晴空塔敘敘苑(中餐)-淺草-壽壽喜園甜點-秋葉原bic
camera-居酒屋-超市
6/10 (六)
明治神宮-afuri原宿(中餐）
[email protected]
二手精品-澀谷shibuya sky-澀谷晚餐（？）
6/11 (日)
御徒町Uniqlo-parco伴手禮-parco利久牛舌(午餐)-銀座(loft/無印良品)-18:00銀座kats
ukami（晚餐）
6/12 (一)
築地市場-阿美橫町
6/13 (二)
-16:45成田-19:40桃園

飯店：トーセイホテル ココネ上野御徒町
（Tosei hotel cocone上野御徒町）
3 Chome-23-9 Ueno, Taito City, Tokyo 110-0005日本

","[{""cmtStatus"": ""→"", ""cmtPoster"": ""xxYAYAxx"", ""cmtContent"": "":感謝提醒，已修正"", ""cmtDate"": ""2023-05-07 19:22:00""}, {""cmtStatus"": ""推"", ""cmtPoster"": ""owlonoak"", ""cmtContent"": "":御徒町應該跟築地市場調換築地和銀座是同一區域"", ""cmtDate"": ""2023-05-07 19:24:00""}, {""cmtStatus"": ""→"", ""cmtPoster"": ""owlonoak"", ""cmtContent"": "":另外阿美橫町逛不了一天逛一小時都已經覺得太多"", ""cmtDate"": ""2023-05-07 19:24:00""}, {""cmtStatus"": ""推"", ""cmtPoster"": ""EURISKO"", ""cmtContent"": "":後三天都很鬆欸"", ""cmtDate"": ""2023-05-07 19:50:00""}, {""cmtStatus"": ""推"", ""cmtPoster"": ""a5687920"", ""cmtContent"": "":好無聊的行程"", ""cmtDate"": ""2023-05-07 19:51:00""}, {""cmtStatus"": ""推"", ""cmtPoster"": ""hyuchi0202"", ""cmtContent"": "":第一天太滿，6/12太鬆"", ""cmtDate"": ""2023-05-07 19:56:00""}, {""cmtStatus"": ""推"", ""cmtPoster"": ""aSqwq"", ""cmtContent"": "":超無聊你排的嗎是的話我回來提分手"", ""cmtDate"": ""2023-05-07 19:57:00""}, {""cmtStatus"": ""→"", ""cmtPoster"": ""a5687920"", ""cmtContent"": "":六天五夜排個輕井澤或河口湖之類的吧"", ""cmtDate"": ""2023-05-07 19:59:00""}, {""cmtStatus"": ""→"", ""cmtPoster"": ""a5687920"", ""cmtContent"": "":都在市區喔"", ""cmtDate"": ""2023-05-07 19:59:00""}, {""cmtStatus"": ""→"", ""cmtPoster"": ""xxYAYAxx"", ""cmtContent"": "":感謝指教，會在把行程排的更有趣一點"", ""cmtDate"": ""2023-05-07 20:04:00""}, {""cmtStatus"": ""推"", ""cmtPoster"": ""tm0987"", ""cmtContent"": "":你們好像很喜歡逛街厚，第一次去就去自己喜歡的地"", ""cmtDate"": ""2023-05-07 20:10:00""}, {""cmtStatus"": ""→"", ""cmtPoster"": ""tm0987"", ""cmtContent"": "":方就好了啦"", ""cmtDate"": ""2023-05-07 20:10:00""}, {""cmtStatus"": ""推"", ""cmtPoster"": ""YakultSlime"", ""cmtContent"": "":東京近郊也不錯可以找一個地方玩玩看"", ""cmtDate"": ""2023-05-07 20:13:00""}, {""cmtStatus"": ""推"", ""cmtPoster"": ""rainy0312"", ""cmtContent"": "":台場"", ""cmtDate"": ""2023-05-07 20:17:00""}, {""cmtStatus"": ""推"", ""cmtPoster"": ""mrtatami"", ""cmtContent"": "":6/12可以順便去東京車站逛逛"", ""cmtDate"": ""2023-05-07 20:17:00""}, {""cmtStatus"": ""推"", ""cmtPoster"": ""EURISKO"", ""cmtContent"": "":最後一天可以去成田山新勝寺"", ""cmtDate"": ""2023-05-07 20:18:00""}, {""cmtStatus"": ""推"", ""cmtPoster"": ""online0801"", ""cmtContent"": "":爽就好啦，我第一次去東京女友全排逛街行程還不是很"", ""cmtDate"": ""2023-05-07 20:32:00""}, {""cmtStatus"": ""→"", ""cmtPoster"": ""online0801"", ""cmtContent"": "":開心，反正之後還可以再去啊。"", ""cmtDate"": ""2023-05-07 20:32:00""}, {""cmtStatus"": ""推"", ""cmtPoster"": ""jerrysun1107"", ""cmtContent"": "":你們最後一天是下午4點多的飛機"", ""cmtDate"": ""2023-05-07 20:39:00""}, {""cmtStatus"": ""→"", ""cmtPoster"": ""jerrysun1107"", ""cmtContent"": "":可以利用時間去新勝寺那邊看看哦"", ""cmtDate"": ""2023-05-07 20:40:00""}, {""cmtStatus"": ""→"", ""cmtPoster"": ""jerrysun1107"", ""cmtContent"": "":途中還有一間鰻魚飯可以吃"", ""cmtDate"": ""2023-05-07 20:40:00""}, {""cmtStatus"": ""→"", ""cmtPoster"": ""xxYAYAxx"", ""cmtContent"": "":感謝大家的建議！我會重新調整增加鎌倉的行程，新"", ""cmtDate"": ""2023-05-07 21:06:00""}, {""cmtStatus"": ""→"", ""cmtPoster"": ""xxYAYAxx"", ""cmtContent"": "":勝寺我剛研究了一下滿不錯的，會在跟我女友討論看"", ""cmtDate"": ""2023-05-07 21:06:00""}, {""cmtStatus"": ""→"", ""cmtPoster"": ""xxYAYAxx"", ""cmtContent"": "":看。謝謝大家"", ""cmtDate"": ""2023-05-07 21:06:00""}, {""cmtStatus"": ""推"", ""cmtPoster"": ""tingover"", ""cmtContent"": "":女友有去過嗎"", ""cmtDate"": ""2023-05-07 21:14:00""}, {""cmtStatus"": ""推"", ""cmtPoster"": ""TT"", ""cmtContent"": "":如果兩個人都喜歡逛街這樣排就好啊"", ""cmtDate"": ""2023-05-07 21:22:00""}, {""cmtStatus"": ""→"", ""cmtPoster"": ""TT"", ""cmtContent"": "":第一次去反而硬要跑一堆景點反而容易炸掉"", ""cmtDate"": ""2023-05-07 21:23:00""}, {""cmtStatus"": ""→"", ""cmtPoster"": ""Julie860607"", ""cmtContent"": "":不考慮帶女友去一趟迪士尼嗎？"", ""cmtDate"": ""2023-05-07 21:26:00""}, {""cmtStatus"": ""推"", ""cmtPoster"": ""jheli"", ""cmtContent"": "":可以考慮加入鎌倉、江之島的行程"", ""cmtDate"": ""2023-05-07 21:59:00""}, {""cmtStatus"": ""→"", ""cmtPoster"": ""xxYAYAxx"", ""cmtContent"": "":迪士尼跟吉卜力美術館反而是我比較有興趣，女生反"", ""cmtDate"": ""2023-05-07 22:00:00""}, {""cmtStatus"": ""→"", ""cmtPoster"": ""xxYAYAxx"", ""cmtContent"": "":而興致缺缺…"", ""cmtDate"": ""2023-05-07 22:00:00""}, {""cmtStatus"": ""推"", ""cmtPoster"": ""sanabear"", ""cmtContent"": "":第一天紅眼行程太滿了XD之前到下午就累了~XDDDD"", ""cmtDate"": ""2023-05-07 22:19:00""}, {""cmtStatus"": ""→"", ""cmtPoster"": ""sanabear"", ""cmtContent"": "":迪士尼如果兩人都沒去過可以考慮，夢幻氛圍有魔力~"", ""cmtDate"": ""2023-05-07 22:20:00""}, {""cmtStatus"": ""→"", ""cmtPoster"": ""sanabear"", ""cmtContent"": "":兩人都喜歡逛街的話也ok，不過6/12真的太空了哈哈"", ""cmtDate"": ""2023-05-07 22:21:00""}, {""cmtStatus"": ""→"", ""cmtPoster"": ""hotfrost"", ""cmtContent"": "":11和12行程合併成一天好像可行"", ""cmtDate"": ""2023-05-07 22:38:00""}, {""cmtStatus"": ""→"", ""cmtPoster"": ""Abbaschian"", ""cmtContent"": "":第一天太滿,行李可以考慮寄車站,上次搭同一班飛機,"", ""cmtDate"": ""2023-05-07 23:04:00""}, {""cmtStatus"": ""→"", ""cmtPoster"": ""Abbaschian"", ""cmtContent"": "":到下午還是會滿累的,可以排鬆一點"", ""cmtDate"": ""2023-05-07 23:04:00""}, {""cmtStatus"": ""推"", ""cmtPoster"": ""rf3"", ""cmtContent"": "":跟誰去比去哪裡重要"", ""cmtDate"": ""2023-05-08 01:28:00""}, {""cmtStatus"": ""→"", ""cmtPoster"": ""phoenixh"", ""cmtContent"": "":第一天真是要命，前一晚沒什麼睡竟然居酒屋後還排"", ""cmtDate"": ""2023-05-08 01:59:00""}, {""cmtStatus"": ""→"", ""cmtPoster"": ""phoenixh"", ""cmtContent"": "":超市，完全沒考慮時間和體力"", ""cmtDate"": ""2023-05-08 01:59:00""}, {""cmtStatus"": ""推"", ""cmtPoster"": ""kevinhon"", ""cmtContent"": "":喜歡逛街，排吉祥寺，橫濱都比較有趣，阿美橫町就像"", ""cmtDate"": ""2023-05-08 06:39:00""}, {""cmtStatus"": ""→"", ""cmtPoster"": ""kevinhon"", ""cmtContent"": "":士林夜市差不多，回飯店前能去，特別排意義不大"", ""cmtDate"": ""2023-05-08 06:50:00""}, {""cmtStatus"": ""推"", ""cmtPoster"": ""s91ad017"", ""cmtContent"": "":12真的無聊，11可以先去築地再去銀座，13其實也可以"", ""cmtDate"": ""2023-05-08 07:35:00""}, {""cmtStatus"": ""→"", ""cmtPoster"": ""s91ad017"", ""cmtContent"": "":去酒酒井"", ""cmtDate"": ""2023-05-08 07:35:00""}, {""cmtStatus"": ""推"", ""cmtPoster"": ""sophie4637"", ""cmtContent"": "":迪士尼真的很有魔力！"", ""cmtDate"": ""2023-05-09 09:05:00""}, {""cmtStatus"": ""推"", ""cmtPoster"": ""whitelady"", ""cmtContent"": "":東京這樣排也是覺得有點可惜，不過逛街行程應該都是"", ""cmtDate"": ""2023-05-09 15:24:00""}, {""cmtStatus"": ""→"", ""cmtPoster"": ""whitelady"", ""cmtContent"": "":依照女生喜好，所以不會有覺得無聊的問題，迪士尼也"", ""cmtDate"": ""2023-05-09 15:24:00""}, {""cmtStatus"": ""→"", ""cmtPoster"": ""whitelady"", ""cmtContent"": "":次每次去東京必去XD(東京人也很愛去迪士尼呀，我"", ""cmtDate"": ""2023-05-09 15:25:00""}, {""cmtStatus"": ""→"", ""cmtPoster"": ""whitelady"", ""cmtContent"": "":IG追蹤的日本女生或主婦，她們大節日都很愛去迪士尼"", ""cmtDate"": ""2023-05-09 15:25:00""}, {""cmtStatus"": ""→"", ""cmtPoster"": ""whitelady"", ""cmtContent"": "":)不過這很吃個人喜好就是了，我有朋友第一次去東京"", ""cmtDate"": ""2023-05-09 15:26:00""}, {""cmtStatus"": ""→"", ""cmtPoster"": ""whitelady"", ""cmtContent"": "":排了十幾天行程居然完全不排迪士尼，因為她沒興趣XD"", ""cmtDate"": ""2023-05-09 15:27:00""}, {""cmtStatus"": ""→"", ""cmtPoster"": ""whitelady"", ""cmtContent"": "":明治神宮排一早是對的，早晨的明治神宮很舒服，空氣"", ""cmtDate"": ""2023-05-09 15:31:00""}, {""cmtStatus"": ""→"", ""cmtPoster"": ""whitelady"", ""cmtContent"": "":清新舒適。第一天建議排輕鬆一點行程，然後早點回旅"", ""cmtDate"": ""2023-05-09 15:32:00""}, {""cmtStatus"": ""→"", ""cmtPoster"": ""whitelady"", ""cmtContent"": "":館休息補眠"", ""cmtDate"": ""2023-05-09 15:33:00""}, {""cmtStatus"": ""→"", ""cmtPoster"": ""whitelady"", ""cmtContent"": "":你可以選擇旅館最早可以入住的時間就進去入住，然後"", ""cmtDate"": ""2023-05-09 15:38:00""}, {""cmtStatus"": ""→"", ""cmtPoster"": ""whitelady"", ""cmtContent"": "":補眠3-4個小時，晚上六七點再出來活動。"", ""cmtDate"": ""2023-05-09 15:39:00""}, {""cmtStatus"": ""→"", ""cmtPoster"": ""whitelady"", ""cmtContent"": "":你兩點鐘的班機，12點就要到機場，基本是整晚沒辦法"", ""cmtDate"": ""2023-05-09 15:40:00""}, {""cmtStatus"": ""→"", ""cmtPoster"": ""whitelady"", ""cmtContent"": "":睡的，適時補眠比較不會這麼痛苦"", ""cmtDate"": ""2023-05-09 15:40:00""}, {""cmtStatus"": ""→"", ""cmtPoster"": ""jukukura"", ""cmtContent"": "":阿美橫町有點無聊其實可以跳過鎌倉橫濱吉祥寺"", ""cmtDate"": ""2023-05-10 01:34:00""}, {""cmtStatus"": ""→"", ""cmtPoster"": ""jukukura"", ""cmtContent"": "":都很值得去"", ""cmtDate"": ""2023-05-10 01:34:00""}]",111.83.244.145,2023-05-09 01:51:41,ptt
42,https://www.ptt.cc/bbs/Japan_Travel/M.1683457974.A.2D4.html,[讓售]東京地鐵48小時乘車券2張,2023-05-07 19:12:52,emu200,Japan_Travel,"1. 讓售品項：東京地鐵48小時乘車券2張

2. 物品圖片：
https://i.imgur.com/G5EcJP8.jpg
3. 此物品由您買入的價格：
https://i.imgur.com/ixXZbIc.jpg
4. 欲售價格：450含郵寄

5. 交易方式： 匯款郵寄

6. 聯絡方式： 站內信

其他說明：

","[{""cmtStatus"": ""→"", ""cmtPoster"": ""liigo917"", ""cmtContent"": "":請問可能只買一張嗎？"", ""cmtDate"": ""2023-05-07 22:52:00""}, {""cmtStatus"": ""推"", ""cmtPoster"": ""a108342002"", ""cmtContent"": "":全收，已站內信"", ""cmtDate"": ""2023-05-07 23:51:00""}]",36.224.162.83,2023-05-09 01:51:41,ptt
43,https://www.ptt.cc/bbs/Japan_Travel/M.1683474500.A.F2F.html,[問題]東京至名古屋新幹線車票線上訂購,2023-05-07 23:48:18,kruglyy,Japan_Travel,"預計六月初會攜帶29吋行李箱從東京前往名古屋
因為有大件行李的緣故，想說在出發前先預訂新幹線的票
要在JR西日本的網站訂購的時候才發現可領票的車站並不包含東京站
而JR東日本的售票頁面發現抵達車站搜尋不到名古屋
最後到很陽春的JR東海售票網站，但在售票的步驟沒看到可以選大件行李的選項
想請問有人在線上購買過東京往名古屋大件行李的車票嗎?
是不是我有哪裡搞錯了呢?
因為到東京的隔天就要去名古屋了，有點擔心前一天才在車站購票會買不到想要的時間

先謝謝大家!
","[{""cmtStatus"": ""→"", ""cmtPoster"": ""necsynx"", ""cmtContent"": "":Ekinet有名古屋站啊"", ""cmtDate"": ""2023-05-08 00:00:00""}, {""cmtStatus"": ""→"", ""cmtPoster"": ""necsynx"", ""cmtContent"": "":預約的時候可以選在車輛的兩側取票的時候說要放大"", ""cmtDate"": ""2023-05-08 00:07:00""}, {""cmtStatus"": ""→"", ""cmtPoster"": ""necsynx"", ""cmtContent"": "":型行李就好了吧"", ""cmtDate"": ""2023-05-08 00:07:00""}, {""cmtStatus"": ""→"", ""cmtPoster"": ""sikasi"", ""cmtContent"": "":Ekinet無法預約大型行李座位"", ""cmtDate"": ""2023-05-08 00:11:00""}, {""cmtStatus"": ""→"", ""cmtPoster"": ""sikasi"", ""cmtContent"": "":如果沒有事前預約的話要補￥1000"", ""cmtDate"": ""2023-05-08 00:11:00""}, {""cmtStatus"": ""→"", ""cmtPoster"": ""sikasi"", ""cmtContent"": "":數字2的地方可以選有無大件行李"", ""cmtDate"": ""2023-05-08 00:14:00""}, {""cmtStatus"": ""推"", ""cmtPoster"": ""eeeeee"", ""cmtContent"": "":東海道我用smartEX訂，有大行李還有早鳥和家庭票等"", ""cmtDate"": ""2023-05-08 01:43:00""}, {""cmtStatus"": ""→"", ""cmtPoster"": ""eeeeee"", ""cmtContent"": "":價格不知道差多少"", ""cmtDate"": ""2023-05-08 01:49:00""}, {""cmtStatus"": ""→"", ""cmtPoster"": ""sikasi"", ""cmtContent"": "":有大型行李票價不變喔！"", ""cmtDate"": ""2023-05-08 11:53:00""}, {""cmtStatus"": ""→"", ""cmtPoster"": ""sikasi"", ""cmtContent"": "":只是能選的位置就有限制而已！"", ""cmtDate"": ""2023-05-08 11:54:00""}, {""cmtStatus"": ""推"", ""cmtPoster"": ""eeeeee"", ""cmtContent"": "":抱歉我沒說清楚，我指的是和smartEX和ekinet比價啦"", ""cmtDate"": ""2023-05-08 12:54:00""}, {""cmtStatus"": ""→"", ""cmtPoster"": ""eeeeee"", ""cmtContent"": "":，我沒用過ekinet"", ""cmtDate"": ""2023-05-08 12:54:00""}]",106.105.28.159,2023-05-09 01:51:41,ptt
44,https://www.ptt.cc/bbs/Japan_Travel/M.1683476665.A.0BE.html,[食記]東京新大久保スハイシーカリーハウス,2023-05-08 00:24:22,JimXpp,Japan_Travel,"店    名：スハ  イシーカリーハウス半月
用餐時間：2023年4月
地址：東京都新宿区西新宿7-6-9 コンフォート・セゾン 1F
交通：西武新宿線「西武新宿駅」北口 徒歩4分｜JR中央線「大久保駅」南口 徒歩4分｜都営地下鉄大江戸線「新宿西口駅」徒歩6分
營業時間：11:00  16:00
電話: 03-5937-2927
最低消費：900円

圖文好讀版 :
https://jimxpplife.com/archives/4181
新大久保一帶的「スハ  イシーカリーハウス半月 (半月咖哩)」是新宿區的人氣咖哩飯名店之一，每逢營業時間，總能吸引不少顧客前來用餐。

「スハ  イシーカリーハウス半月」的店面位於巷道口處，雖然外觀不起眼，卻也不會難找，若在用餐尖峰時段，會需要排隊。

進入店後，店主會安排座位，依照指示入座。

餐桌上放有各式調味料與日本咖哩店常見的「福神漬」，供用餐者自取。

一旁貼有各香料對身體的好處介紹，不確定這些是否為店家料理所使用的食材。

「スハ  イシーカリーハウス半月」供應的咖哩有兩種，一種為A餐的常駐品項「チキンカレー (雞肉咖哩)」，另一種為每日限定的B餐。此日的每日限定為「牛バラミソ生姜(味噌生薑牛五花)」。

除了可以單點A餐或B餐，也有兩種口味各一半的組合可以選擇，一次享用不同風味。

另外也可以加點「溫玉(溫泉蛋)」、「味玉(溏心蛋)」與「チーズ(起司)」等配料。

米飯200g~300g均免費，可依照自己食量選擇。

除了主食的咖哩飯之外，也有可樂、可爾必斯、烏龍茶與酒精飲料可以點。

2種盛り+ 温玉 (2種綜合+溫泉蛋) ★★★★☆
此次我選擇了A + B兩種咖哩口味綜合，一次品嚐兩種不同的風味，並加點一顆溫泉蛋做搭配。

兩種咖哩以定形為長條狀的米飯隔開，擺盤相當有特色，也不會讓味道混雜在一起。

米飯以薑黃飯為主，此次我的份量選擇了300g，相當有飽足感。

米粒從黏度到濕度，口感掌握得非常好，品嚐得出有下過一番功夫在上面。與各類佐料和咖哩一同享用，口味令人非常滿意。

溫泉蛋滑潤順口，毫無腥氣，柔和的蛋香與咖哩調配，滋味甚是曼妙。

雞肉咖哩香氣濃郁，灑上了大量乾羅勒增添香氣。豆蔻與肉桂的香料氣息夾雜在醬汁其間，搭配軟嫩鮮美的雞肉品嚐，滋味一絕。

另一邊的牛肉咖哩則呈現了完全不同的風味。

牛肉的油脂香氣與咖哩完美的結合，味噌與薑汁的氣味又中和了原有的膩口感，與薑黃飯一同搭配享用，滋味甚是曼妙。

「スハ  イシーカリーハウス半月」不僅餐點好吃，從擺盤上也看得出經營者的用心，且每日不同的限定口味咖哩亦讓人充滿著驚喜感。

若有來到新大久保一帶，不妨品嚐看看這份獨特的咖哩滋味。
-
Sent from JPTT on my iPhone
","[{""cmtStatus"": ""推"", ""cmtPoster"": ""abc10808"", ""cmtContent"": "":謝分享下個月去吃"", ""cmtDate"": ""2023-05-08 01:04:00""}]",101.12.18.195,2023-05-09 01:51:43,ptt
45,https://www.ptt.cc/bbs/Japan_Travel/M.1683479625.A.354.html,[問題]東京燒肉選擇（內有選手）,2023-05-08 01:13:43,tt852,Japan_Travel,"各位日旅版前輩大家好
今年十月下旬要去東京，其中一天的晚餐想安排燒肉，參考日旅版及網路上的文章後目前
有以下三位選手

預算：15000日幣/人

選手1:Yoroniku
網路上評價似乎跟選手2五五開（各有擁護者），看了一下套餐內容感覺生食的部分較多
道，我個人可接受但女友不太行

選手2:Ushigoro
整體給我的感覺跟Yoroniku差不多，且剛好入住的飯店附近有一家（新宿三丁目店），生
食的部分似乎較少一點（？）

選手3:Ushidoshi
網路上評價較少，只有在日旅版看到一篇心得文，不曉得有沒有其他版友吃過可以分享

在台灣有吃過脂板前/俺達の肉屋，希望可以吃到差不多等級的餐點

以上
先感謝各位前輩推薦
","[{""cmtStatus"": ""→"", ""cmtPoster"": ""syu72"", ""cmtContent"": "":去東京就吃吃看2吧，1則是可以先去吃吃看梵燒肉看"", ""cmtDate"": ""2023-05-08 05:15:00""}, {""cmtStatus"": ""→"", ""cmtPoster"": ""CBJackal"", ""cmtContent"": "":大概只有名字還原度到八成..."", ""cmtDate"": ""2023-05-08 10:01:00""}, {""cmtStatus"": ""→"", ""cmtPoster"": ""syu72"", ""cmtContent"": "":俺達反而我吃過一次就沒有再去的想法了，尤其我自"", ""cmtDate"": ""2023-05-08 12:51:00""}, {""cmtStatus"": ""→"", ""cmtPoster"": ""syu72"", ""cmtContent"": "":己住台中會再訪的燒肉反而是脂板前"", ""cmtDate"": ""2023-05-08 12:51:00""}, {""cmtStatus"": ""→"", ""cmtPoster"": ""p155239"", ""cmtContent"": "":有考慮燒肉敘敘苑嗎"", ""cmtDate"": ""2023-05-08 12:51:00""}, {""cmtStatus"": ""推"", ""cmtPoster"": ""js550342"", ""cmtContent"": "":去年11月去吃了1，今年3月吃了梵，還原度很高的部"", ""cmtDate"": ""2023-05-08 13:42:00""}, {""cmtStatus"": ""→"", ""cmtPoster"": ""js550342"", ""cmtContent"": "":如果我先在台灣吃了梵是不會想去吃1的"", ""cmtDate"": ""2023-05-08 13:43:00""}, {""cmtStatus"": ""推"", ""cmtPoster"": ""kads99"", ""cmtContent"": "":上個月有去Ushigoro新宿三丁目店，不吃生食可換。"", ""cmtDate"": ""2023-05-08 14:32:00""}, {""cmtStatus"": ""推"", ""cmtPoster"": ""TT"", ""cmtContent"": "":我也是吃不太懂松露，如果兩間都吃再聽看看分享比較"", ""cmtDate"": ""2023-05-08 16:46:00""}, {""cmtStatus"": ""推"", ""cmtPoster"": ""kinv6"", ""cmtContent"": "":去年底吃1，同行友人懷孕不能生食，店家有改成熟食"", ""cmtDate"": ""2023-05-08 17:07:00""}, {""cmtStatus"": ""→"", ""cmtPoster"": ""kinv6"", ""cmtContent"": "":哦"", ""cmtDate"": ""2023-05-08 17:07:00""}, {""cmtStatus"": ""推"", ""cmtPoster"": ""frankie0614"", ""cmtContent"": "":借問一下如果帶8歲跟7歲的小孩去哪一家比較適合（"", ""cmtDate"": ""2023-05-08 17:36:00""}, {""cmtStatus"": ""→"", ""cmtPoster"": ""frankie0614"", ""cmtContent"": "":小孩也要點餐嗎）"", ""cmtDate"": ""2023-05-08 17:36:00""}, {""cmtStatus"": ""推"", ""cmtPoster"": ""darkelecy"", ""cmtContent"": "":蕃可以更換生食才剛吃完"", ""cmtDate"": ""2023-05-08 22:22:00""}, {""cmtStatus"": ""→"", ""cmtPoster"": ""darkelecy"", ""cmtContent"": "":小孩訂位一般都要電話告知（蕃可以英文）"", ""cmtDate"": ""2023-05-08 22:22:00""}, {""cmtStatus"": ""推"", ""cmtPoster"": ""randy1027"", ""cmtContent"": "":1很讚生食不吃能換我去南青山店店員有介紹品項"", ""cmtDate"": ""2023-05-09 16:29:00""}, {""cmtStatus"": ""推"", ""cmtPoster"": ""fawn0089"", ""cmtContent"": "":上個月吃1南青山非常好吃店員有介紹態度也不錯"", ""cmtDate"": ""2023-05-10 19:59:00""}]",114.46.196.153,2023-05-09 01:51:43,ptt
46,https://www.ptt.cc/bbs/Japan_Travel/M.1683515469.A.A3D.html,[資訊]利用ChatGPT來安排日旅行程,2023-05-08 11:11:07,Scaroftears,Japan_Travel,"好像還沒有人發過

不過小弟剛剛試著用ChatGPT來嘗試安排行程

感覺還不錯
例如：北海道五天行程
ChatGPT回答：
以下是建议的五天北海道行程：

第一天：

早上9:00 - 前往旭山動物園
中午12:00 - 在旭山動物園享用午餐
下午1:30 - 前往美瑛
下午3:00 - 在清水之舞台欣賞美瑛的風景
下午5:00 - 前往富良野
晚上6:00 - 在富良野享用晚餐
晚上8:00 - 入住酒店

第二天：

早上8:00 - 前往富良野市場
上午9:00 - 欣賞富良野的花卉和景色
中午12:00 - 在旅途上享用午餐
下午1:30 - 前往美馬牛温泉
下午3:00 - 在美馬牛温泉放鬆身心
晚上6:00 - 在美馬牛温泉享用晚餐
晚上8:00 - 入住酒店

第三天：

早上8:00 - 前往旭岳山
上午9:30 - 在旭岳山上享受滑雪或滑雪板
中午12:00 - 在旅途上享用午餐
下午1:30 - 前往登別溫泉
下午3:00 - 在登別溫泉放鬆身心
晚上6:00 - 在登別溫泉享用晚餐
晚上8:00 - 入住酒店

第四天：

早上8:00 - 前往小樽
上午9:30 - 參觀小樽運河
上午10:30 - 參觀小樽音樂盒博物館
中午12:00 - 在小樽享用午餐
下午1:30 - 參觀小樽玻璃館
下午3:00 - 前往札幌
晚上6:00 - 在札幌享用晚餐
晚上8:00 - 入住酒店

第五天：

早上8:00 - 前往藻岩山
上午9:00 - 登上藻岩山
中午12:00 - 在札幌享用午餐
下午1:30 - 參觀北海道大學植物園
下午3:00 - 參觀時計台
晚上6:00 - 在札幌享用晚餐
晚上8:00 - 購物或享受夜生活

注意：上述行程仅为建议，您可以根

另外，如果輸入的資訊/條件越詳細ChatGPT的回覆會更符合你的條件
例如需要圍繞東京的山手線或是有什麼特色的店家要去看之類的

總結：出國如果不知道怎麼安排行程不妨試試看用ChatGPT然後再根據自己的喜好修改
","[{""cmtStatus"": ""→"", ""cmtPoster"": ""tt852"", ""cmtContent"": "":我前陣子也用這個問了東京五天四夜結果一直叫我"", ""cmtDate"": ""2023-05-08 11:12:00""}, {""cmtStatus"": ""→"", ""cmtPoster"": ""tt852"", ""cmtContent"": "":關東關西兩邊跑…."", ""cmtDate"": ""2023-05-08 11:12:00""}, {""cmtStatus"": ""→"", ""cmtPoster"": ""s91ad017"", ""cmtContent"": "":看行程覺得很好笑~這應該是個七天六夜的行程"", ""cmtDate"": ""2023-05-08 11:14:00""}, {""cmtStatus"": ""→"", ""cmtPoster"": ""Alano"", ""cmtContent"": "":這樣叫資訊？"", ""cmtDate"": ""2023-05-08 11:21:00""}, {""cmtStatus"": ""推"", ""cmtPoster"": ""megaman1206"", ""cmtContent"": "":ChatGPT有瞬間移動的技能XD"", ""cmtDate"": ""2023-05-08 11:21:00""}, {""cmtStatus"": ""→"", ""cmtPoster"": ""megaman1206"", ""cmtContent"": "":喔還有時空旅人,不同季節的景色也可以混搭"", ""cmtDate"": ""2023-05-08 11:23:00""}, {""cmtStatus"": ""→"", ""cmtPoster"": ""laaa0912"", ""cmtContent"": "":沒有參考價值"", ""cmtDate"": ""2023-05-08 11:25:00""}, {""cmtStatus"": ""→"", ""cmtPoster"": ""suiminkusuri"", ""cmtContent"": "":早上8點去看北海道三大夜景（？）"", ""cmtDate"": ""2023-05-08 11:26:00""}, {""cmtStatus"": ""→"", ""cmtPoster"": ""Scaroftears"", ""cmtContent"": "":就AI囉，不過那些景點可以自己修改一下"", ""cmtDate"": ""2023-05-08 11:27:00""}, {""cmtStatus"": ""→"", ""cmtPoster"": ""Scaroftears"", ""cmtContent"": "":又不是要拿來照表操課用的"", ""cmtDate"": ""2023-05-08 11:27:00""}, {""cmtStatus"": ""→"", ""cmtPoster"": ""spildwj"", ""cmtContent"": "":這超廢上次問有一天排環球半天海游館半天最好會"", ""cmtDate"": ""2023-05-08 11:28:00""}, {""cmtStatus"": ""→"", ""cmtPoster"": ""spildwj"", ""cmtContent"": "":這樣玩"", ""cmtDate"": ""2023-05-08 11:28:00""}, {""cmtStatus"": ""→"", ""cmtPoster"": ""Scaroftears"", ""cmtContent"": "":時間確實是對不上，但是各大旅遊景點都一次列出來了"", ""cmtDate"": ""2023-05-08 11:29:00""}, {""cmtStatus"": ""→"", ""cmtPoster"": ""Scaroftears"", ""cmtContent"": "":至少可以省下不少做功課的時間"", ""cmtDate"": ""2023-05-08 11:29:00""}, {""cmtStatus"": ""→"", ""cmtPoster"": ""ayue1023"", ""cmtContent"": "":之前也嘗試過，但實在沒什麼幫助..."", ""cmtDate"": ""2023-05-08 11:30:00""}, {""cmtStatus"": ""→"", ""cmtPoster"": ""adort"", ""cmtContent"": "":問他推薦景點再自己排還比較可靠"", ""cmtDate"": ""2023-05-08 11:30:00""}, {""cmtStatus"": ""推"", ""cmtPoster"": ""EURISKO"", ""cmtContent"": "":這需要任意門+時光機"", ""cmtDate"": ""2023-05-08 11:31:00""}, {""cmtStatus"": ""推"", ""cmtPoster"": ""darkwave"", ""cmtContent"": "":用來取得一個大方向，或是給沒想法的人起個頭是不錯"", ""cmtDate"": ""2023-05-08 11:35:00""}, {""cmtStatus"": ""→"", ""cmtPoster"": ""mazellau"", ""cmtContent"": "":如果請Ai安排行程「健檢」，會不會也列出一些醫院診"", ""cmtDate"": ""2023-05-08 11:38:00""}, {""cmtStatus"": ""→"", ""cmtPoster"": ""mazellau"", ""cmtContent"": "":所的行程"", ""cmtDate"": ""2023-05-08 11:38:00""}, {""cmtStatus"": ""推"", ""cmtPoster"": ""sigmaL"", ""cmtContent"": "":推樓上XDDDDDD"", ""cmtDate"": ""2023-05-08 11:39:00""}, {""cmtStatus"": ""推"", ""cmtPoster"": ""a0913"", ""cmtContent"": "":GPT:福岡中洲附近體驗夜生活老司機AI"", ""cmtDate"": ""2023-05-08 11:51:00""}, {""cmtStatus"": ""推"", ""cmtPoster"": ""easytry"", ""cmtContent"": "":上次九州故意問過行程很糟XDDD"", ""cmtDate"": ""2023-05-08 11:55:00""}, {""cmtStatus"": ""→"", ""cmtPoster"": ""AirRider"", ""cmtContent"": "":ChatGPT要下很多條件才能正確規劃,而且會亂規劃一通"", ""cmtDate"": ""2023-05-08 12:03:00""}, {""cmtStatus"": ""推"", ""cmtPoster"": ""eaden"", ""cmtContent"": "":更慘的是會有不存在的景點wwwww"", ""cmtDate"": ""2023-05-08 12:05:00""}, {""cmtStatus"": ""推"", ""cmtPoster"": ""robinsonXD"", ""cmtContent"": "":排五天行程有三天一樣是在hello"", ""cmtDate"": ""2023-05-08 12:06:00""}, {""cmtStatus"": ""→"", ""cmtPoster"": ""angol1337"", ""cmtContent"": "":用bingchat比較好至少它資料來源是即時網路資料"", ""cmtDate"": ""2023-05-08 12:15:00""}, {""cmtStatus"": ""→"", ""cmtPoster"": ""erty"", ""cmtContent"": "":我覺得你叫他寫官腔公文可以，這種要用腦的他還不行"", ""cmtDate"": ""2023-05-08 12:16:00""}, {""cmtStatus"": ""推"", ""cmtPoster"": ""weigo20"", ""cmtContent"": "":排行程還有很多要注意的細節頂多知道有哪些景點"", ""cmtDate"": ""2023-05-08 12:29:00""}, {""cmtStatus"": ""→"", ""cmtPoster"": ""weigo20"", ""cmtContent"": "":而已"", ""cmtDate"": ""2023-05-08 12:29:00""}, {""cmtStatus"": ""→"", ""cmtPoster"": ""kiromomo168"", ""cmtContent"": "":不覺得是資訊，交通搭不上不要害人"", ""cmtDate"": ""2023-05-08 12:34:00""}, {""cmtStatus"": ""→"", ""cmtPoster"": ""hyde235"", ""cmtContent"": "":就是很正經的胡說八道，而且都是兩年前的資訊了"", ""cmtDate"": ""2023-05-08 12:38:00""}, {""cmtStatus"": ""→"", ""cmtPoster"": ""Falcona"", ""cmtContent"": "":這樣也一篇"", ""cmtDate"": ""2023-05-08 12:38:00""}, {""cmtStatus"": ""推"", ""cmtPoster"": ""leejones"", ""cmtContent"": "":你覺得不錯？請你照著跑行程，等你跑完記得上來po遊"", ""cmtDate"": ""2023-05-08 12:38:00""}, {""cmtStatus"": ""→"", ""cmtPoster"": ""leejones"", ""cmtContent"": "":記。"", ""cmtDate"": ""2023-05-08 12:38:00""}, {""cmtStatus"": ""→"", ""cmtPoster"": ""TSMCfabXX"", ""cmtContent"": "":chatGPT會給你不存在的店家名稱,別用"", ""cmtDate"": ""2023-05-08 12:39:00""}, {""cmtStatus"": ""噓"", ""cmtPoster"": ""wdnm3444"", ""cmtContent"": "":這種排出來會誤導人的也算資訊哦"", ""cmtDate"": ""2023-05-08 12:52:00""}, {""cmtStatus"": ""推"", ""cmtPoster"": ""btcocomo"", ""cmtContent"": "":你確定不錯？？"", ""cmtDate"": ""2023-05-08 12:52:00""}, {""cmtStatus"": ""噓"", ""cmtPoster"": ""ck326"", ""cmtContent"": "":這不就搜尋一堆網路上的資訊排一排ㄇ"", ""cmtDate"": ""2023-05-08 12:53:00""}, {""cmtStatus"": ""推"", ""cmtPoster"": ""love3729"", ""cmtContent"": "":建議不要用AI排，之前就是因為因為資訊過時一堆景"", ""cmtDate"": ""2023-05-08 12:56:00""}, {""cmtStatus"": ""→"", ""cmtPoster"": ""love3729"", ""cmtContent"": "":點找不到不然就是沒有"", ""cmtDate"": ""2023-05-08 12:56:00""}, {""cmtStatus"": ""→"", ""cmtPoster"": ""love3729"", ""cmtContent"": "":沒想到真的有人連驗證都不驗證就直接相信了.....傻"", ""cmtDate"": ""2023-05-08 12:57:00""}, {""cmtStatus"": ""→"", ""cmtPoster"": ""love3729"", ""cmtContent"": "":眼"", ""cmtDate"": ""2023-05-08 12:57:00""}, {""cmtStatus"": ""推"", ""cmtPoster"": ""metallolly"", ""cmtContent"": "":先等等旭岳到登別靠北遠吧"", ""cmtDate"": ""2023-05-08 12:58:00""}, {""cmtStatus"": ""噓"", ""cmtPoster"": ""griffick"", ""cmtContent"": "":廢文"", ""cmtDate"": ""2023-05-08 13:01:00""}, {""cmtStatus"": ""噓"", ""cmtPoster"": ""HMKRL"", ""cmtContent"": "":別鬧了他會叫你東京大阪瞬間移動"", ""cmtDate"": ""2023-05-08 13:04:00""}, {""cmtStatus"": ""→"", ""cmtPoster"": ""chiamin116"", ""cmtContent"": "":為何寧可問Ai也不願自己找資訊啊？"", ""cmtDate"": ""2023-05-08 13:11:00""}, {""cmtStatus"": ""→"", ""cmtPoster"": ""Scaroftears"", ""cmtContent"": "":就說參考而已，不要按表操課"", ""cmtDate"": ""2023-05-08 13:15:00""}, {""cmtStatus"": ""→"", ""cmtPoster"": ""Scaroftears"", ""cmtContent"": "":出國就是多google，但只少chatgpt可以列出一些景點"", ""cmtDate"": ""2023-05-08 13:18:00""}, {""cmtStatus"": ""→"", ""cmtPoster"": ""Scaroftears"", ""cmtContent"": "":跟店名"", ""cmtDate"": ""2023-05-08 13:18:00""}, {""cmtStatus"": ""噓"", ""cmtPoster"": ""y800122155"", ""cmtContent"": "":玩過排出一堆垃圾行程給他限制也調不好因為他根"", ""cmtDate"": ""2023-05-08 13:24:00""}, {""cmtStatus"": ""→"", ""cmtPoster"": ""y800122155"", ""cmtContent"": "":本沒有地理概念也無法做資訊整合"", ""cmtDate"": ""2023-05-08 13:24:00""}, {""cmtStatus"": ""→"", ""cmtPoster"": ""Waterpig"", ""cmtContent"": "":要參考不如版上搜尋一下別人的行程至少還沒有那麼"", ""cmtDate"": ""2023-05-08 13:30:00""}, {""cmtStatus"": ""→"", ""cmtPoster"": ""Waterpig"", ""cmtContent"": "":離譜"", ""cmtDate"": ""2023-05-08 13:30:00""}, {""cmtStatus"": ""→"", ""cmtPoster"": ""asdsasd"", ""cmtContent"": "":所以原po是覺得需要順移才能完成的行程哪裡不錯.."", ""cmtDate"": ""2023-05-08 13:47:00""}, {""cmtStatus"": ""→"", ""cmtPoster"": ""asdsasd"", ""cmtContent"": "":如果只是列出景點在google打個'北海道景點'就好"", ""cmtDate"": ""2023-05-08 13:47:00""}, {""cmtStatus"": ""→"", ""cmtPoster"": ""asdsasd"", ""cmtContent"": "":google至少還不會回答你不存在或早就關了的景點"", ""cmtDate"": ""2023-05-08 13:48:00""}, {""cmtStatus"": ""推"", ""cmtPoster"": ""levs"", ""cmtContent"": "":哈哈哈好有趣"", ""cmtDate"": ""2023-05-08 13:50:00""}, {""cmtStatus"": ""→"", ""cmtPoster"": ""Scaroftears"", ""cmtContent"": "":Google也是會有已經不存在景點一樣啦，反正多一個"", ""cmtDate"": ""2023-05-08 13:52:00""}, {""cmtStatus"": ""→"", ""cmtPoster"": ""Scaroftears"", ""cmtContent"": "":免費又無廣告的資訊工作，你總不能要求這個工具可"", ""cmtDate"": ""2023-05-08 13:52:00""}, {""cmtStatus"": ""→"", ""cmtPoster"": ""Scaroftears"", ""cmtContent"": "":以一瞬間就變成免費的私人旅行社吧"", ""cmtDate"": ""2023-05-08 13:52:00""}, {""cmtStatus"": ""→"", ""cmtPoster"": ""Scaroftears"", ""cmtContent"": "":*資訊工具"", ""cmtDate"": ""2023-05-08 13:52:00""}, {""cmtStatus"": ""→"", ""cmtPoster"": ""Scaroftears"", ""cmtContent"": "":我覺得就可以拿來當作是出國的功課的一個起始點"", ""cmtDate"": ""2023-05-08 13:57:00""}, {""cmtStatus"": ""→"", ""cmtPoster"": ""steven60116"", ""cmtContent"": "":我也玩過，但是都排了一些大景點"", ""cmtDate"": ""2023-05-08 14:10:00""}, {""cmtStatus"": ""推"", ""cmtPoster"": ""lolicat"", ""cmtContent"": "":現在兩個AI其實都只會官腔打高空式的回答離實用還"", ""cmtDate"": ""2023-05-08 14:31:00""}, {""cmtStatus"": ""→"", ""cmtPoster"": ""lolicat"", ""cmtContent"": "":有點距離"", ""cmtDate"": ""2023-05-08 14:31:00""}, {""cmtStatus"": ""推"", ""cmtPoster"": ""gtoldbig"", ""cmtContent"": "":之前有試過，印象中不太可行"", ""cmtDate"": ""2023-05-08 14:41:00""}, {""cmtStatus"": ""推"", ""cmtPoster"": ""Vladivostok"", ""cmtContent"": "":要縮範圍"", ""cmtDate"": ""2023-05-08 14:47:00""}, {""cmtStatus"": ""→"", ""cmtPoster"": ""Vladivostok"", ""cmtContent"": "":bing都會推不存在的餐廳了，不知道是哪裡找的"", ""cmtDate"": ""2023-05-08 14:47:00""}, {""cmtStatus"": ""噓"", ""cmtPoster"": ""asdsasd"", ""cmtContent"": "":沒人要求他瞬間變成免費旅行社，但現在他就不是一個"", ""cmtDate"": ""2023-05-08 14:53:00""}, {""cmtStatus"": ""→"", ""cmtPoster"": ""asdsasd"", ""cmtContent"": "":值得推薦的工具"", ""cmtDate"": ""2023-05-08 14:54:00""}, {""cmtStatus"": ""→"", ""cmtPoster"": ""asdsasd"", ""cmtContent"": "":我是還沒看過google景點功能提供不存在的景點啦，但"", ""cmtDate"": ""2023-05-08 14:54:00""}, {""cmtStatus"": ""→"", ""cmtPoster"": ""asdsasd"", ""cmtContent"": "":根據個人經驗就算有，機率也比ChatGPT低太多了"", ""cmtDate"": ""2023-05-08 14:55:00""}, {""cmtStatus"": ""→"", ""cmtPoster"": ""JerryLian"", ""cmtContent"": "":問過交通會撈到過時的交通路線還不是要自己一個個"", ""cmtDate"": ""2023-05-08 15:08:00""}, {""cmtStatus"": ""→"", ""cmtPoster"": ""JerryLian"", ""cmtContent"": "":去確認真實度無用"", ""cmtDate"": ""2023-05-08 15:08:00""}, {""cmtStatus"": ""推"", ""cmtPoster"": ""wennieooxx"", ""cmtContent"": "":這次去岡山也問chatgpt，其實排得還不錯，主要是問"", ""cmtDate"": ""2023-05-08 15:09:00""}, {""cmtStatus"": ""→"", ""cmtPoster"": ""wennieooxx"", ""cmtContent"": "":題要問的好"", ""cmtDate"": ""2023-05-08 15:09:00""}, {""cmtStatus"": ""推"", ""cmtPoster"": ""danielgogogo"", ""cmtContent"": "":人家chatgpt都說資料不是最新的還在那邊糾結會提"", ""cmtDate"": ""2023-05-08 15:22:00""}, {""cmtStatus"": ""→"", ""cmtPoster"": ""danielgogogo"", ""cmtContent"": "":供不存在店家的問題=="", ""cmtDate"": ""2023-05-08 15:22:00""}, {""cmtStatus"": ""→"", ""cmtPoster"": ""TT"", ""cmtContent"": "":當參考是可以，直接當行程就阿門"", ""cmtDate"": ""2023-05-08 16:21:00""}, {""cmtStatus"": ""噓"", ""cmtPoster"": ""darkMood"", ""cmtContent"": "":啊不就是網路上剪貼來的東西..............."", ""cmtDate"": ""2023-05-08 17:32:00""}, {""cmtStatus"": ""推"", ""cmtPoster"": ""KomeijiYuki"", ""cmtContent"": "":ChatGPT:人類沒辦法瞬間移動嗎真弱"", ""cmtDate"": ""2023-05-08 18:03:00""}, {""cmtStatus"": ""噓"", ""cmtPoster"": ""wavier"", ""cmtContent"": "":AI？"", ""cmtDate"": ""2023-05-08 18:49:00""}, {""cmtStatus"": ""推"", ""cmtPoster"": ""dragonjj"", ""cmtContent"": "":我也有試過大概是我問的不夠好可以在增進!"", ""cmtDate"": ""2023-05-08 18:57:00""}, {""cmtStatus"": ""噓"", ""cmtPoster"": ""ken2nd"", ""cmtContent"": "":好唷期待你回來分享"", ""cmtDate"": ""2023-05-08 19:05:00""}, {""cmtStatus"": ""→"", ""cmtPoster"": ""kougousei"", ""cmtContent"": "":我覺得chatGPT排的都蠻爛的"", ""cmtDate"": ""2023-05-08 21:42:00""}, {""cmtStatus"": ""→"", ""cmtPoster"": ""APC"", ""cmtContent"": "":AI：嘿嘿，究竟有哪些人類會上當呢？"", ""cmtDate"": ""2023-05-08 22:17:00""}, {""cmtStatus"": ""→"", ""cmtPoster"": ""hinajian"", ""cmtContent"": "":拜託不要用chatGPT來規劃行程我上次請它推薦台南好"", ""cmtDate"": ""2023-05-08 22:23:00""}, {""cmtStatus"": ""→"", ""cmtPoster"": ""hinajian"", ""cmtContent"": "":吃的牛肉湯結果出來的店面一間都不存在"", ""cmtDate"": ""2023-05-08 22:23:00""}, {""cmtStatus"": ""→"", ""cmtPoster"": ""hinajian"", ""cmtContent"": "":我不知道你能參考什麼乾脆用骰子排"", ""cmtDate"": ""2023-05-08 22:24:00""}, {""cmtStatus"": ""推"", ""cmtPoster"": ""DudeFromMars"", ""cmtContent"": "":唬爛hpt"", ""cmtDate"": ""2023-05-08 22:43:00""}, {""cmtStatus"": ""推"", ""cmtPoster"": ""wseedw"", ""cmtContent"": "":我上次問它神戶有什麼好吃的甜點，它推薦我superho"", ""cmtDate"": ""2023-05-09 07:55:00""}, {""cmtStatus"": ""→"", ""cmtPoster"": ""wseedw"", ""cmtContent"": "":tel"", ""cmtDate"": ""2023-05-09 07:55:00""}, {""cmtStatus"": ""推"", ""cmtPoster"": ""imrt"", ""cmtContent"": "":同名公園都搞不清楚，排出來垃圾"", ""cmtDate"": ""2023-05-09 08:22:00""}, {""cmtStatus"": ""推"", ""cmtPoster"": ""bulmungtw"", ""cmtContent"": "":問過南九州，挺爛的"", ""cmtDate"": ""2023-05-09 08:32:00""}, {""cmtStatus"": ""噓"", ""cmtPoster"": ""jeffy84123"", ""cmtContent"": "":大家都跟你說不合理了你還在說不錯，別出來害人了"", ""cmtDate"": ""2023-05-09 09:43:00""}, {""cmtStatus"": ""推"", ""cmtPoster"": ""keigowei"", ""cmtContent"": "":這個給日旅版的看會被笑的啦！真的不如看部落客的"", ""cmtDate"": ""2023-05-09 15:40:00""}, {""cmtStatus"": ""噓"", ""cmtPoster"": ""aldam"", ""cmtContent"": "":最討厭硬拗的人"", ""cmtDate"": ""2023-05-09 16:03:00""}, {""cmtStatus"": ""推"", ""cmtPoster"": ""Eyrie"", ""cmtContent"": "":上次問他怎麼到銀山溫泉，他跟我掰一個JR銀山溫泉站"", ""cmtDate"": ""2023-05-09 18:47:00""}, {""cmtStatus"": ""→"", ""cmtPoster"": ""Eyrie"", ""cmtContent"": "":跟他糾正還一直鬼打牆只能說別用"", ""cmtDate"": ""2023-05-09 18:48:00""}, {""cmtStatus"": ""→"", ""cmtPoster"": ""DareJ"", ""cmtContent"": "":排過很鬧我猜是因為ai移動方式是光纖吧"", ""cmtDate"": ""2023-05-09 20:27:00""}, {""cmtStatus"": ""噓"", ""cmtPoster"": ""jackyuki1"", ""cmtContent"": "":妳不要誤導新手了，ai都亂排"", ""cmtDate"": ""2023-05-10 13:03:00""}, {""cmtStatus"": ""→"", ""cmtPoster"": ""jackyuki1"", ""cmtContent"": "":新手根本不知道ai亂排，你還推薦這個"", ""cmtDate"": ""2023-05-10 13:07:00""}]",104.28.125.4,2023-05-09 01:51:43,ptt
47,https://www.ptt.cc/bbs/Japan_Travel/M.1683526229.A.A21.html,[資訊]國泰航空台日直飛航線優惠,2023-05-08 14:10:27,OhmoriHarumi,Japan_Travel,"國泰航空推出台日直飛航線優惠，如下：

出發期限：2023.05.22~2023.10.31

預訂日期：即日起至2023.05.20

優惠票價(台幣來回含稅及附加費)：

台北(桃園)＝東京(成田)：經濟艙13030元，商務艙33645元起。
台北(桃園)＝大阪(關西)：經濟艙13139元，商務艙34747元起。

    除此之外，只要訂購日期跟出發日期差10個工作天以上，
    就有機會獲得下列贈品：

1.東京Skyliner京成電鐵單程車票，共計120名。
2.大阪南海電鐵來回車票，共計95名。
3.東京/大阪飯店預訂8％折扣，共計220名。

    如果不介意國泰航空的國籍，是可以考慮的選擇。
","[{""cmtStatus"": ""推"", ""cmtPoster"": ""ihl123456"", ""cmtContent"": "":因航終於開始特價了"", ""cmtDate"": ""2023-05-08 14:18:00""}, {""cmtStatus"": ""推"", ""cmtPoster"": ""richer23"", ""cmtContent"": "":10月想飛札幌目前也在看長榮商務艙"", ""cmtDate"": ""2023-05-08 14:19:00""}, {""cmtStatus"": ""噓"", ""cmtPoster"": ""griffick"", ""cmtContent"": "":看國際買星宇的也沒好到哪裡去啊"", ""cmtDate"": ""2023-05-08 14:29:00""}, {""cmtStatus"": ""→"", ""cmtPoster"": ""js52666"", ""cmtContent"": "":看過機型區域型商務艙比華航舊330還糟"", ""cmtDate"": ""2023-05-08 14:30:00""}, {""cmtStatus"": ""推"", ""cmtPoster"": ""nagual"", ""cmtContent"": "":神奇的因航"", ""cmtDate"": ""2023-05-08 14:49:00""}, {""cmtStatus"": ""噓"", ""cmtPoster"": ""mtcoat"", ""cmtContent"": "":會被抓走嗎"", ""cmtDate"": ""2023-05-08 14:52:00""}, {""cmtStatus"": ""推"", ""cmtPoster"": ""levs"", ""cmtContent"": "":這家有可能因為天候或其他因素返航回到香港嗎？"", ""cmtDate"": ""2023-05-08 14:59:00""}, {""cmtStatus"": ""推"", ""cmtPoster"": ""jason5678tw"", ""cmtContent"": "":被害妄想症又要發作覺得自己會被抓走了"", ""cmtDate"": ""2023-05-08 15:02:00""}, {""cmtStatus"": ""→"", ""cmtPoster"": ""pinknote"", ""cmtContent"": "":戲也太多了，笑死"", ""cmtDate"": ""2023-05-08 15:05:00""}, {""cmtStatus"": ""推"", ""cmtPoster"": ""sulichun"", ""cmtContent"": "":是有降價一些但是可以再觀望一陣子"", ""cmtDate"": ""2023-05-08 15:19:00""}, {""cmtStatus"": ""推"", ""cmtPoster"": ""s91ad017"", ""cmtContent"": "":對於國泰的印象就是班機改時間會傳簡訊，還好沒有"", ""cmtDate"": ""2023-05-08 15:24:00""}, {""cmtStatus"": ""→"", ""cmtPoster"": ""s91ad017"", ""cmtContent"": "":換卡不然就收不到了"", ""cmtDate"": ""2023-05-08 15:24:00""}, {""cmtStatus"": ""推"", ""cmtPoster"": ""yokomata"", ""cmtContent"": "":因航的餐不好吃之外我覺得都很可以耶"", ""cmtDate"": ""2023-05-08 16:05:00""}, {""cmtStatus"": ""→"", ""cmtPoster"": ""pinknote"", ""cmtContent"": "":現在經濟艙還有哈牌冰淇淋，看人分享有印象"", ""cmtDate"": ""2023-05-08 16:13:00""}, {""cmtStatus"": ""推"", ""cmtPoster"": ""aterui"", ""cmtContent"": "":不知道是不是因為要接飛回香港，所以要分行李，回"", ""cmtDate"": ""2023-05-08 16:55:00""}, {""cmtStatus"": ""→"", ""cmtPoster"": ""aterui"", ""cmtContent"": "":台灣時等行李等特別久"", ""cmtDate"": ""2023-05-08 16:55:00""}, {""cmtStatus"": ""噓"", ""cmtPoster"": ""houjay"", ""cmtContent"": "":查了時間內也不是這個價錢啊"", ""cmtDate"": ""2023-05-08 17:06:00""}, {""cmtStatus"": ""推"", ""cmtPoster"": ""joy159357"", ""cmtContent"": "":因航這價格並沒有多特啊"", ""cmtDate"": ""2023-05-08 17:13:00""}, {""cmtStatus"": ""推"", ""cmtPoster"": ""Sovanna"", ""cmtContent"": "":為什麼叫因航？"", ""cmtDate"": ""2023-05-08 18:58:00""}, {""cmtStatus"": ""推"", ""cmtPoster"": ""ben101068"", ""cmtContent"": "":經濟艙票價還行，商務艙這樣完全不行..."", ""cmtDate"": ""2023-05-08 19:45:00""}, {""cmtStatus"": ""→"", ""cmtPoster"": ""hans7192"", ""cmtContent"": "":11月飛東京目前看到最便宜的就國泰13840"", ""cmtDate"": ""2023-05-08 19:45:00""}, {""cmtStatus"": ""→"", ""cmtPoster"": ""hans7192"", ""cmtContent"": "":A330-300商務艙有反魚骨只買單程總共要24000"", ""cmtDate"": ""2023-05-08 19:47:00""}, {""cmtStatus"": ""推"", ""cmtPoster"": ""carbooming"", ""cmtContent"": "":這根本沒特價吧疫情前成田來回商務15k"", ""cmtDate"": ""2023-05-08 20:28:00""}, {""cmtStatus"": ""推"", ""cmtPoster"": ""olympic2020"", ""cmtContent"": "":因管理不善而在全球最佳航空公司排名榜節節下跌的國"", ""cmtDate"": ""2023-05-08 23:06:00""}, {""cmtStatus"": ""→"", ""cmtPoster"": ""olympic2020"", ""cmtContent"": "":泰航空-因航"", ""cmtDate"": ""2023-05-08 23:06:00""}, {""cmtStatus"": ""推"", ""cmtPoster"": ""dust737"", ""cmtContent"": "":GW做了這班，乘客有夠少"", ""cmtDate"": ""2023-05-09 01:08:00""}, {""cmtStatus"": ""推"", ""cmtPoster"": ""alice23148"", ""cmtContent"": "":已經持續看幾天價格了，但活動宣布後去查也還是一"", ""cmtDate"": ""2023-05-09 04:30:00""}, {""cmtStatus"": ""→"", ""cmtPoster"": ""alice23148"", ""cmtContent"": "":樣價格……"", ""cmtDate"": ""2023-05-09 04:30:00""}, {""cmtStatus"": ""推"", ""cmtPoster"": ""darktasi"", ""cmtContent"": "":國泰飛機餐不是普通難吃"", ""cmtDate"": ""2023-05-09 14:42:00""}, {""cmtStatus"": ""→"", ""cmtPoster"": ""ivymorita"", ""cmtContent"": "":端午連假沒直飛~因為客滿??"", ""cmtDate"": ""2023-05-09 15:47:00""}, {""cmtStatus"": ""推"", ""cmtPoster"": ""chrissuen"", ""cmtContent"": "":因航的由來是因為親共的東方日報集團因為高層的私"", ""cmtDate"": ""2023-05-09 16:22:00""}, {""cmtStatus"": ""→"", ""cmtPoster"": ""chrissuen"", ""cmtContent"": "":人理由針對國泰，但為什麼作為台灣人要跟著拿來做"", ""cmtDate"": ""2023-05-09 16:22:00""}, {""cmtStatus"": ""→"", ""cmtPoster"": ""chrissuen"", ""cmtContent"": "":梗就不明白了"", ""cmtDate"": ""2023-05-09 16:22:00""}, {""cmtStatus"": ""推"", ""cmtPoster"": ""lianpig5566"", ""cmtContent"": "":拿不拿來做梗跟哪國人有差？"", ""cmtDate"": ""2023-05-09 19:15:00""}, {""cmtStatus"": ""→"", ""cmtPoster"": ""borriss"", ""cmtContent"": "":香港現在有不親共的空間?"", ""cmtDate"": ""2023-05-09 19:40:00""}, {""cmtStatus"": ""→"", ""cmtPoster"": ""rocky9137"", ""cmtContent"": "":管很寬"", ""cmtDate"": ""2023-05-10 00:58:00""}, {""cmtStatus"": ""推"", ""cmtPoster"": ""g3sg1"", ""cmtContent"": "":國泰東京都固定用區域型773的樣子牙科椅"", ""cmtDate"": ""2023-05-10 01:17:00""}, {""cmtStatus"": ""推"", ""cmtPoster"": ""mlbnflnbanhl"", ""cmtContent"": "":請問一下，剛查八月底東京來回，怎麼都要先飛香港"", ""cmtDate"": ""2023-05-10 13:32:00""}, {""cmtStatus"": ""→"", ""cmtPoster"": ""mlbnflnbanhl"", ""cmtContent"": "":啊？"", ""cmtDate"": ""2023-05-10 13:32:00""}, {""cmtStatus"": ""→"", ""cmtPoster"": ""destroyss"", ""cmtContent"": "":懷念2018桃園大阪來回才6k"", ""cmtDate"": ""2023-05-10 21:33:00""}]",210.69.99.253,2023-05-09 01:51:43,ptt
48,https://www.ptt.cc/bbs/Japan_Travel/M.1683528840.A.3A0.html,[問題]東京+近郊九天八夜自由行行程請益,2023-05-08 14:53:58,willytsao,Japan_Travel,"各位版友好，小弟第一次安排自由行，對於行程的安排不是很有自信，希望可以得到各位的
建議，有排版不佳或錯字我會盡速修正，以下為行程詳細資訊:

旅行人數:5人
住宿部分:
        5/31池袋
        6/1~5人形町
        6/6山中湖
        6/7成田機場旁
交通票券部分:
        6/1~3東京地鐵72hr通票
        6/5~7 JR東京廣域周遊券
        6/6~7 富士山巴士通票(尚未確定要買1500或2600的)

詳細行程:
20:35成田->skyliner+山手線->池袋住處
偷窺坂->新宿(新宿御苑、紀伊國屋)->澀谷(PARCO、Harbs、澀谷sky)
        [午餐]新宿AFURI
        [晚餐]PARCO內或周邊
晴空塔->皇居->船橋賽馬場->淺草
        [午餐]晴空塔敘敘院
        [晚餐]淺草Unatoto鰻魚 or 淺草或船橋周邊
上野(上野恩賜公園、阿美橫丁)->鐵道博物館->スタミナ苑
        [午餐]上野周邊或博物館內
        [晚餐]スタミナ苑
築地->秋葉原
        [午餐]築地小吃+壽司三味
        [晚餐]秋葉原周邊
小町通->三笠號戰艦->橫濱鋼彈工廠->橫濱空中纜車->新港(日清博物館、紅磚
倉庫)->橫
濱Dreamland
        [午餐]小町通周邊
        [晚餐]橫濱Dreamland內
富士特急景觀列車->富士山站(買巴士通票)->山中湖(飯店放行李)->忍野八海
        [午餐]富士山站或山中湖周邊
        [晚餐]飯店晚餐
富士山景觀纜車->淺間神社->本栖湖
->富士急行+成田特快->成田機場住處
        [午餐]ほうとう不動
        [晚餐]列車上或轉車站周邊
9:25班機

備選行程
:
        台場、代官山、月島西仲通

以下特別幾點問題詢問:
6/3這天的行程不知道有沒有較為合適的交通票券，原先打算購入東京フリーきっぷ，
但去鐵道博物館途中會超過使用範圍，換算下來無特別划算
6/7此時段行程尚不太明瞭，因為我與旅伴們皆頗喜歡搖曳露營，因此暫訂前往本栖湖
聖地巡禮，但怕並非自駕不方便與時間上不足，故希望可以麻煩各位推薦行程或給予建議，
並非在本栖湖或與搖曳露營無關也都歡迎
因為不希望行程太緊，故有特別將行程數減少，但若有哪天行程太鬆，希望可以提醒小
弟我一下，我將會從備選行程中挑選補上

以上，對於行程有任何不適合或建議再麻煩各位大師指點了，另外，上方用餐部分寫周邊的
，若有推薦的選擇也希望可以提供給小弟參考，非常感謝各位!
","[{""cmtStatus"": ""→"", ""cmtPoster"": ""willytsao"", ""cmtContent"": "":->3f主要為當天較晚，故打算住較便宜的網咖包廂"", ""cmtDate"": ""2023-05-08 15:14:00""}, {""cmtStatus"": ""→"", ""cmtPoster"": ""willytsao"", ""cmtContent"": "":->key是考慮到大賽會需要事先訂票入場，不知會不"", ""cmtDate"": ""2023-05-08 15:21:00""}, {""cmtStatus"": ""→"", ""cmtPoster"": ""willytsao"", ""cmtContent"": "":會不好訂購？我會考慮看看，謝謝建議！"", ""cmtDate"": ""2023-05-08 15:21:00""}, {""cmtStatus"": ""→"", ""cmtPoster"": ""tm0987"", ""cmtContent"": "":到要不要買地鐵券"", ""cmtDate"": ""2023-05-08 15:29:00""}, {""cmtStatus"": ""推"", ""cmtPoster"": ""kevinhon"", ""cmtContent"": "":6/1-3很多地方地鐵券不能用，6/2中間插了皇居很不順"", ""cmtDate"": ""2023-05-08 16:14:00""}, {""cmtStatus"": ""→"", ""cmtPoster"": ""kevinhon"", ""cmtContent"": "":，可以上野公園淺草船橋賽馬場晴空塔，上野後面"", ""cmtDate"": ""2023-05-08 16:14:00""}, {""cmtStatus"": ""→"", ""cmtPoster"": ""kevinhon"", ""cmtContent"": "":都搭淺草線或直通京成本線"", ""cmtDate"": ""2023-05-08 16:14:00""}, {""cmtStatus"": ""→"", ""cmtPoster"": ""kevinhon"", ""cmtContent"": "":鐵道博物館是在大宮吧？不如移到6/5，用廣域券搭新"", ""cmtDate"": ""2023-05-08 16:14:00""}, {""cmtStatus"": ""推"", ""cmtPoster"": ""kevinhon"", ""cmtContent"": "":6/2這樣排早上就會比較空閒，晴空塔吃完午餐才離開"", ""cmtDate"": ""2023-05-08 19:45:00""}, {""cmtStatus"": ""→"", ""cmtPoster"": ""kevinhon"", ""cmtContent"": "":，這樣還要老遠去船橋賽馬場，你後面的行程會很趕"", ""cmtDate"": ""2023-05-08 19:45:00""}, {""cmtStatus"": ""→"", ""cmtPoster"": ""kevinhon"", ""cmtContent"": "":看起來你橫濱的移動次數不多，這你就自己細算車資，"", ""cmtDate"": ""2023-05-08 19:47:00""}, {""cmtStatus"": ""→"", ""cmtPoster"": ""kevinhon"", ""cmtContent"": "":只是通常較少人會把橫濱排入jr廣域券行程"", ""cmtDate"": ""2023-05-08 19:47:00""}, {""cmtStatus"": ""推"", ""cmtPoster"": ""key000130"", ""cmtContent"": "":先抽指定席沒抽到再抽入場卷入場卷不難抽"", ""cmtDate"": ""2023-05-10 18:43:00""}, {""cmtStatus"": ""→"", ""cmtPoster"": ""key000130"", ""cmtContent"": "":我去看4/16皋月賞當日早上還能買到入場卷的殘卷"", ""cmtDate"": ""2023-05-10 18:43:00""}]",61.227.29.202,2023-05-09 01:51:43,ptt
49,https://www.ptt.cc/bbs/Japan_Travel/M.1683532064.A.AC6.html,[問題]美少女偶像相關地點,2023-05-08 15:47:42,katekuoguo,Japan_Travel,"大家好，

因為女兒最近迷上刑警戰士/幻影甜心之類的美少女節目（不是動漫），想問東京或大阪有那些地方會有比較多相關產品的專賣店或是這種風格的餐廳，？謝謝！

-
Sent from JPTT on my Samsung SM-A5360.
","[{""cmtStatus"": ""→"", ""cmtPoster"": ""kuku321"", ""cmtContent"": "":少女戰士系列嗎...很可惜日本去年底剛全系列完結"", ""cmtDate"": ""2023-05-08 16:07:00""}, {""cmtStatus"": ""→"", ""cmtPoster"": ""kuku321"", ""cmtContent"": "":目前沒有宣布新作計畫周邊商品等店頭販賣應該也不"", ""cmtDate"": ""2023-05-08 16:08:00""}, {""cmtStatus"": ""→"", ""cmtPoster"": ""kuku321"", ""cmtContent"": "":好找了現在頂多幾家大型電器量販店或玩具店挖挖看"", ""cmtDate"": ""2023-05-08 16:08:00""}, {""cmtStatus"": ""→"", ""cmtPoster"": ""kuku321"", ""cmtContent"": "":還有沒有賣剩的了QQ"", ""cmtDate"": ""2023-05-08 16:08:00""}, {""cmtStatus"": ""推"", ""cmtPoster"": ""kyo2003"", ""cmtContent"": "":玩具那些東西其實台灣都有賣~~日本也不一定便宜"", ""cmtDate"": ""2023-05-08 16:09:00""}, {""cmtStatus"": ""→"", ""cmtPoster"": ""kuku321"", ""cmtContent"": "":查了下台灣現在撥到刑警?那是日本20年撥的後面雖"", ""cmtDate"": ""2023-05-08 16:09:00""}, {""cmtStatus"": ""→"", ""cmtPoster"": ""kuku321"", ""cmtContent"": "":然還有2122年兩季就看台灣會不會代理了"", ""cmtDate"": ""2023-05-08 16:09:00""}, {""cmtStatus"": ""→"", ""cmtPoster"": ""kuku321"", ""cmtContent"": "":你最近想來日本買可能也只挖的到去年那季的周邊"", ""cmtDate"": ""2023-05-08 16:10:00""}, {""cmtStatus"": ""→"", ""cmtPoster"": ""kuku321"", ""cmtContent"": "":只能說可惜晚了半年不然年初有系列結束的再見舞台"", ""cmtDate"": ""2023-05-08 16:11:00""}, {""cmtStatus"": ""→"", ""cmtPoster"": ""kuku321"", ""cmtContent"": "":秀可以參加合作應該也都結束了"", ""cmtDate"": ""2023-05-08 16:11:00""}, {""cmtStatus"": ""→"", ""cmtPoster"": ""kuku321"", ""cmtContent"": "":不然要不要趁這時間讓女兒開始看光之美少女看看?"", ""cmtDate"": ""2023-05-08 16:11:00""}, {""cmtStatus"": ""→"", ""cmtPoster"": ""kuku321"", ""cmtContent"": "":台灣剛好上禮拜開始撥今年的新作"", ""cmtDate"": ""2023-05-08 16:12:00""}, {""cmtStatus"": ""推"", ""cmtPoster"": ""antary0417"", ""cmtContent"": "":光之美少女系列的玩具還蠻多的XD"", ""cmtDate"": ""2023-05-08 18:26:00""}, {""cmtStatus"": ""推"", ""cmtPoster"": ""airflow"", ""cmtContent"": "":BeachIslandMall5F特展在5/28結束,要快!"", ""cmtDate"": ""2023-05-08 18:51:00""}, {""cmtStatus"": ""推"", ""cmtPoster"": ""ldkrsi"", ""cmtContent"": "":去年底完結天空樹的電視台週邊店可能還翻得到庫存"", ""cmtDate"": ""2023-05-08 20:31:00""}, {""cmtStatus"": ""→"", ""cmtPoster"": ""ldkrsi"", ""cmtContent"": "":國小向的玩具在郊外那種有玩具區的量販會舖不少貨"", ""cmtDate"": ""2023-05-08 20:39:00""}, {""cmtStatus"": ""推"", ""cmtPoster"": ""crazyhamster"", ""cmtContent"": "":電器行.玩具反斗城看看"", ""cmtDate"": ""2023-05-09 08:48:00""}, {""cmtStatus"": ""推"", ""cmtPoster"": ""love3729"", ""cmtContent"": "":東京一番街地下就有一堆專賣店"", ""cmtDate"": ""2023-05-09 16:07:00""}, {""cmtStatus"": ""推"", ""cmtPoster"": ""tandzh"", ""cmtContent"": "":台灣蝦皮買就很便宜了"", ""cmtDate"": ""2023-05-10 16:13:00""}]",49.216.41.181,2023-05-09 01:51:45,ptt
50,https://www.ptt.cc/bbs/Japan_Travel/M.1683533701.A.374.html,[問題]帶父母第一次東京自助八天,2023-05-08 16:14:57,adychen1982,Japan_Travel,"大家好：

  自己是有單獨自助關西的經驗，但東京是第一次。

  而且第一次就帶了爸媽XDDDD

  粗略安排了下行程，再麻煩請大家指點。謝謝。

  補上時間：9/7(四)-9/14(四)

  第一天1215抵達機場，通關後使用JR廣域三日券搭NEX至新宿。

        沒特別安排景點。就附近逛逛。

  D2 JR新宿>大宮>新幹線>輕井澤。

     租單車，錯視美術館/諏訪神社/龍返瀑布>OUTLET>東京>新宿

     回東京主要是來此一遊的概念XD

  D3 新宿>富士迴遊>富士山站>租車

     淺間神社>下吉田商店街>忍野八海>富士急樂園

  D4 纜車/天上山公園/風穴/冰穴/青木原/大石公園/鳥居/眺望之湯

  D5 遊覽船>退房>還車>高速巴士>日暮里>飯店CHECKIN>台場

  D6 川越一日遊

  D7 築地>皇居>淺草寺>仲間世商店街>晴空塔 使用SKYLINER+地鐵一日券套票。

  D8 早上退房後直接 日暮里>機場 搭SKYLINER 回國


  行程都是看地圖找比較順的路徑走，但實際還是依爸媽的體力和意願。

  不一定要全部走完。

  住宿的話1.2是在新宿，3.4在河口湖.5.6.7在日暮里。

  確定會用到的票券是JR廣域三日/SKYLINER+地鐵一日券。

  川越周遊券預計是到那邊再買。

  高速巴士會看狀況看訂幾點的或是到河口湖時順便買。

  其他零散交通就用ICOCA。

  有些版友的建議已在內文修改，謝謝大家^^
","[{""cmtStatus"": ""→"", ""cmtPoster"": ""kuku321"", ""cmtContent"": "":感覺前三天沒必要執著在新宿?"", ""cmtDate"": ""2023-05-08 16:17:00""}, {""cmtStatus"": ""→"", ""cmtPoster"": ""kuku321"", ""cmtContent"": "":何不住東邊上野那側川越回來那天反正晚上川越啥都"", ""cmtDate"": ""2023-05-08 16:17:00""}, {""cmtStatus"": ""→"", ""cmtPoster"": ""kuku321"", ""cmtContent"": "":沒有17點多就往回搭搭副都心線直達新宿晚上逛就好"", ""cmtDate"": ""2023-05-08 16:18:00""}, {""cmtStatus"": ""→"", ""cmtPoster"": ""kuku321"", ""cmtContent"": "":鎌倉的話也能小田急等直達新宿"", ""cmtDate"": ""2023-05-08 16:18:00""}, {""cmtStatus"": ""推"", ""cmtPoster"": ""kingkiller"", ""cmtContent"": "":我帶父母去過好幾次我覺得每天住同一個地方比較好"", ""cmtDate"": ""2023-05-08 16:19:00""}, {""cmtStatus"": ""→"", ""cmtPoster"": ""kingkiller"", ""cmtContent"": "":換地點搬行李不方便要拖"", ""cmtDate"": ""2023-05-08 16:19:00""}, {""cmtStatus"": ""→"", ""cmtPoster"": ""afu46"", ""cmtContent"": "":在新宿搭JR線到大宮轉新幹線就好，不用去上野搭"", ""cmtDate"": ""2023-05-08 16:19:00""}, {""cmtStatus"": ""→"", ""cmtPoster"": ""afu46"", ""cmtContent"": "":像是湘南新宿特別快速只停4站約30分到大宮"", ""cmtDate"": ""2023-05-08 16:20:00""}, {""cmtStatus"": ""→"", ""cmtPoster"": ""kingkiller"", ""cmtContent"": "":D6推薦川越如果要去鎌倉江之島排在D3前比較有體力"", ""cmtDate"": ""2023-05-08 16:20:00""}, {""cmtStatus"": ""→"", ""cmtPoster"": ""afu46"", ""cmtContent"": "":好像沒有寫要去的日期"", ""cmtDate"": ""2023-05-08 16:22:00""}, {""cmtStatus"": ""推"", ""cmtPoster"": ""tm0987"", ""cmtContent"": "":也建議全都住同一家，中間大行李還能及飯店，廣域"", ""cmtDate"": ""2023-05-08 16:24:00""}, {""cmtStatus"": ""→"", ""cmtPoster"": ""tm0987"", ""cmtContent"": "":第二天再開通，還能把富士山到東京的回程包進去"", ""cmtDate"": ""2023-05-08 16:24:00""}, {""cmtStatus"": ""→"", ""cmtPoster"": ""tm0987"", ""cmtContent"": "":阿，看錯，富士住兩晚的話……"", ""cmtDate"": ""2023-05-08 16:26:00""}, {""cmtStatus"": ""推"", ""cmtPoster"": ""richer23"", ""cmtContent"": "":去輕井澤的話要不要順路去草津住一晚再搭巴士回新宿"", ""cmtDate"": ""2023-05-08 16:30:00""}, {""cmtStatus"": ""→"", ""cmtPoster"": ""richer23"", ""cmtContent"": "":然後日光也不錯可以研究一下"", ""cmtDate"": ""2023-05-08 16:31:00""}, {""cmtStatus"": ""→"", ""cmtPoster"": ""mayegg"", ""cmtContent"": "":D2去大宮轉新幹線最快，車站也比上野單純"", ""cmtDate"": ""2023-05-08 16:34:00""}, {""cmtStatus"": ""推"", ""cmtPoster"": ""owlonoak"", ""cmtContent"": "":你第三天不太可能吧"", ""cmtDate"": ""2023-05-08 16:43:00""}, {""cmtStatus"": ""推"", ""cmtPoster"": ""yokomata"", ""cmtContent"": "":D5為什麼要住台場?"", ""cmtDate"": ""2023-05-08 16:45:00""}, {""cmtStatus"": ""推"", ""cmtPoster"": ""owlonoak"", ""cmtContent"": "":第四天也是...你想一下你河口湖最想去哪裡"", ""cmtDate"": ""2023-05-08 16:46:00""}, {""cmtStatus"": ""→"", ""cmtPoster"": ""owlonoak"", ""cmtContent"": "":最想去的地方要一大早最早去因為早上富士山比較好"", ""cmtDate"": ""2023-05-08 16:46:00""}, {""cmtStatus"": ""→"", ""cmtPoster"": ""owlonoak"", ""cmtContent"": "":拍纜車和天空鳥居都需要排隊排隊時間約40~60分鐘"", ""cmtDate"": ""2023-05-08 16:47:00""}, {""cmtStatus"": ""推"", ""cmtPoster"": ""kevinhon"", ""cmtContent"": "":D5他是住日暮里，checkin後去台場"", ""cmtDate"": ""2023-05-08 16:52:00""}, {""cmtStatus"": ""→"", ""cmtPoster"": ""kevinhon"", ""cmtContent"": "":也建議除河口湖外，其他都住日暮里就好，這樣去河口"", ""cmtDate"": ""2023-05-08 16:52:00""}, {""cmtStatus"": ""→"", ""cmtPoster"": ""kevinhon"", ""cmtContent"": "":湖可以把大行李寄在原飯店"", ""cmtDate"": ""2023-05-08 16:52:00""}, {""cmtStatus"": ""→"", ""cmtPoster"": ""yokomata"", ""cmtContent"": "":話說兩老年紀在哪個範圍，平常有走路的習慣嗎"", ""cmtDate"": ""2023-05-08 17:02:00""}, {""cmtStatus"": ""→"", ""cmtPoster"": ""yokomata"", ""cmtContent"": "":因為帶長輩出去只要有一個喊累你後面行程就要停"", ""cmtDate"": ""2023-05-08 17:03:00""}, {""cmtStatus"": ""→"", ""cmtPoster"": ""yokomata"", ""cmtContent"": "":D1可以在新宿搭中央快速去東京，先去逛皇居"", ""cmtDate"": ""2023-05-08 17:05:00""}, {""cmtStatus"": ""→"", ""cmtPoster"": ""ybite"", ""cmtContent"": "":如果真的要換宿前三天宣東京車站附近會順很多吧"", ""cmtDate"": ""2023-05-08 17:07:00""}, {""cmtStatus"": ""→"", ""cmtPoster"": ""yokomata"", ""cmtContent"": "":這樣你D7築地完就直接往上去淺草"", ""cmtDate"": ""2023-05-08 17:07:00""}, {""cmtStatus"": ""推"", ""cmtPoster"": ""NextStation"", ""cmtContent"": "":我看了覺得累，這比較像是一個人的行程，帶父母建議"", ""cmtDate"": ""2023-05-08 18:35:00""}, {""cmtStatus"": ""→"", ""cmtPoster"": ""NextStation"", ""cmtContent"": "":放慢輕鬆點"", ""cmtDate"": ""2023-05-08 18:35:00""}, {""cmtStatus"": ""推"", ""cmtPoster"": ""bloodpiece"", ""cmtContent"": "":...好累爸媽肯定扛不住"", ""cmtDate"": ""2023-05-08 18:43:00""}, {""cmtStatus"": ""→"", ""cmtPoster"": ""adychen1982"", ""cmtContent"": "":哈哈！我有說是預計行程啦！還是會以爸媽體力為考量"", ""cmtDate"": ""2023-05-08 18:59:00""}, {""cmtStatus"": ""→"", ""cmtPoster"": ""adychen1982"", ""cmtContent"": "":縮減景點。爸媽都60多了平常會去走爬一點難度不高"", ""cmtDate"": ""2023-05-08 18:59:00""}, {""cmtStatus"": ""→"", ""cmtPoster"": ""adychen1982"", ""cmtContent"": "":的山"", ""cmtDate"": ""2023-05-08 18:59:00""}, {""cmtStatus"": ""推"", ""cmtPoster"": ""bryan7114"", ""cmtContent"": "":富士急直接拉掉長輩應該會想休息"", ""cmtDate"": ""2023-05-08 19:54:00""}, {""cmtStatus"": ""推"", ""cmtPoster"": ""kevinhon"", ""cmtContent"": "":D2晚上不用特地繞到東京站，D5河口湖高速巴士也能搭"", ""cmtDate"": ""2023-05-08 20:03:00""}, {""cmtStatus"": ""→"", ""cmtPoster"": ""kevinhon"", ""cmtContent"": "":到東京站，一樣jr再回日暮里，只是除非你很早回旅館"", ""cmtDate"": ""2023-05-08 20:03:00""}, {""cmtStatus"": ""→"", ""cmtPoster"": ""kevinhon"", ""cmtContent"": "":，不然再排台場時間不多"", ""cmtDate"": ""2023-05-08 20:03:00""}, {""cmtStatus"": ""→"", ""cmtPoster"": ""kevinhon"", ""cmtContent"": "":就是因為你前後飯店不同，才需要這樣花時間處理行李"", ""cmtDate"": ""2023-05-08 20:04:00""}, {""cmtStatus"": ""推"", ""cmtPoster"": ""PLAYMYGUN"", ""cmtContent"": "":天空鳥居就是ig景點，上去還要走很久排很久"", ""cmtDate"": ""2023-05-08 20:20:00""}, {""cmtStatus"": ""→"", ""cmtPoster"": ""PLAYMYGUN"", ""cmtContent"": "":不值得"", ""cmtDate"": ""2023-05-08 20:20:00""}, {""cmtStatus"": ""推"", ""cmtPoster"": ""kikiqqp"", ""cmtContent"": "":帶長輩一律只推跟團，自助帶人還天天換飯店。一天"", ""cmtDate"": ""2023-05-09 00:23:00""}, {""cmtStatus"": ""→"", ""cmtPoster"": ""kikiqqp"", ""cmtContent"": "":一個點就夠了"", ""cmtDate"": ""2023-05-09 00:23:00""}, {""cmtStatus"": ""推"", ""cmtPoster"": ""sai307"", ""cmtContent"": "":第一次東京帶長輩搭電車"", ""cmtDate"": ""2023-05-09 00:35:00""}, {""cmtStatus"": ""→"", ""cmtPoster"": ""sai307"", ""cmtContent"": "":你確定？如果有人脫隊怎麼辦"", ""cmtDate"": ""2023-05-09 00:35:00""}, {""cmtStatus"": ""→"", ""cmtPoster"": ""sai307"", ""cmtContent"": "":不考慮跟團嗎？"", ""cmtDate"": ""2023-05-09 00:35:00""}, {""cmtStatus"": ""推"", ""cmtPoster"": ""tekamolo"", ""cmtContent"": "":建議重排。出機場直接拉到富士山，離開時再啟用廣"", ""cmtDate"": ""2023-05-09 02:40:00""}, {""cmtStatus"": ""→"", ""cmtPoster"": ""tekamolo"", ""cmtContent"": "":域。東京住同一家旅館。去看旅行社的行程，排家人"", ""cmtDate"": ""2023-05-09 02:40:00""}, {""cmtStatus"": ""→"", ""cmtPoster"": ""tekamolo"", ""cmtContent"": "":喜歡的景點，帶著人你就是導遊了，加油！"", ""cmtDate"": ""2023-05-09 02:40:00""}, {""cmtStatus"": ""推"", ""cmtPoster"": ""cwssjn"", ""cmtContent"": "":長輩平常會去走/爬山，不代表這八天都想一直走路啊"", ""cmtDate"": ""2023-05-09 09:24:00""}, {""cmtStatus"": ""→"", ""cmtPoster"": ""cwssjn"", ""cmtContent"": "":。這行程用看的就覺得累，帶長輩出門一天有兩個行"", ""cmtDate"": ""2023-05-09 09:24:00""}, {""cmtStatus"": ""→"", ""cmtPoster"": ""cwssjn"", ""cmtContent"": "":程就很不錯了，住宿地方1~2個地點才不會太累，推推"", ""cmtDate"": ""2023-05-09 09:24:00""}, {""cmtStatus"": ""→"", ""cmtPoster"": ""cwssjn"", ""cmtContent"": "":孝順"", ""cmtDate"": ""2023-05-09 09:24:00""}, {""cmtStatus"": ""推"", ""cmtPoster"": ""metallolly"", ""cmtContent"": "":過來人告訴你住宿換1-2次就好！"", ""cmtDate"": ""2023-05-09 10:13:00""}, {""cmtStatus"": ""推"", ""cmtPoster"": ""CHINCHIN5566"", ""cmtContent"": "":帶長輩一律建議跟團"", ""cmtDate"": ""2023-05-09 12:17:00""}, {""cmtStatus"": ""推"", ""cmtPoster"": ""ciafbi007"", ""cmtContent"": "":帶長輩甚至其他人一天兩個重點行程有跑到就差不多"", ""cmtDate"": ""2023-05-09 12:49:00""}, {""cmtStatus"": ""→"", ""cmtPoster"": ""ciafbi007"", ""cmtContent"": "":了玩的開心下次還會想來"", ""cmtDate"": ""2023-05-09 12:49:00""}, {""cmtStatus"": ""推"", ""cmtPoster"": ""udkki"", ""cmtContent"": "":你爸媽可以跑這麼多行程也很厲害"", ""cmtDate"": ""2023-05-09 14:40:00""}, {""cmtStatus"": ""→"", ""cmtPoster"": ""whitelady"", ""cmtContent"": "":拖大行李很費人，也是建議在東京住同一間旅館"", ""cmtDate"": ""2023-05-09 15:18:00""}, {""cmtStatus"": ""→"", ""cmtPoster"": ""whitelady"", ""cmtContent"": "":t大的建議很好，你參考看看"", ""cmtDate"": ""2023-05-09 15:20:00""}, {""cmtStatus"": ""→"", ""cmtPoster"": ""artlessly"", ""cmtContent"": "":行程太滿了長輩會很累"", ""cmtDate"": ""2023-05-09 18:09:00""}, {""cmtStatus"": ""推"", ""cmtPoster"": ""hhll5566"", ""cmtContent"": "":我覺得第一天就直接到輕井澤住2天再過去河口湖"", ""cmtDate"": ""2023-05-09 20:52:00""}, {""cmtStatus"": ""→"", ""cmtPoster"": ""ronale"", ""cmtContent"": "":一天最多三個行程而且要穿插久坐的地方"", ""cmtDate"": ""2023-05-09 22:44:00""}]",115.165.214.2,2023-05-09 01:51:45,ptt
51,https://www.ptt.cc/bbs/Japan_Travel/M.1683538652.A.72F.html,[遊記]紅眼來回西武巨蛋看棒球,2023-05-08 17:37:29,ritainakano,Japan_Travel,"造訪日期：23/4/28-5/1

三月看完WBC久久無法忘懷棒球帶來的感動。
加上我是在疫情期間開始看日職（主推西武獅）的比賽，
卻因為疫情遲遲無法出國，等到今年才終於大開國門。
某一天半夜就腦衝怒刷虎航，來一個紅眼特攻來回的棒球觀戰旅行。



4/28(五) 18:00開打 西武-樂天 四回戰

西武巨蛋位於（ベルーナドーム）西武 狹山線「西武球場前」車站。
基本上從東京都內出發的話唯一選擇就是從池袋車站轉車前往，
從池袋出發偶爾可以遇到直達車，但基本上都需要在「西所沢」車站轉車。
https://i.imgur.com/fag1LH4.jpg
https://i.imgur.com/8X3a4XP.jpg
https://i.imgur.com/VHMOng3.jpg
一下車站就可以感受到滿滿棒球的氣氛，很像來到異世界的感覺XD
另外巨蛋左手邊的TEAM STORE FLAGS是個兩層樓的大間周邊商店，我在這邊貢獻了不少日
本經濟。
https://i.imgur.com/XADxuhz.jpg
這幾天的對戰對手則是樂天，
本來打的算盤是就算看不到念庭/張奕也有宋家豪能看，可惜家豪這段期間待在二軍QQ
https://i.imgur.com/b9CXqtE.jpg
https://i.imgur.com/q2BMNTW.png
主場球迷會在三壘側，加上第一次看球想找個視野較好的位置，所以選在「內野A區」。
用西武FC買的話一張才2700日幣（平日球賽價格），視野好加上離廁所、攤販都很近，
蠻推薦第一次看球的人選這個位置觀賽。
https://i.imgur.com/NyVp5Yx.jpg
當天比賽結果，靠著中村剛也跟新外國人マキノン的兩支兩分砲4-0取勝，
今井繳出6局無失分6K7BB（!?）這個很今井的成績奪下第三勝。
（在現場守備看得比進攻還緊張）
https://i.imgur.com/vnUOJAP.jpg
西武巨蛋賽後也會開放觀眾進場內，
第一次摸到人工草皮，第一次感受到外野有多廣，感覺非常新鮮。
而且還贏球，贏球就是開心XD

-

4/30(日) 14:00 開打 西武-樂天 六回戰

第二天進球場，這天因為是黃金週，明顯比上一場人多很多。
在搭西武線的時候還聽到隔壁兩位是台灣人，應該也是來看球的XD
https://i.imgur.com/vrGG3WG.png
https://i.imgur.com/Qz8q35W.jpg
https://i.imgur.com/3l30Jaz.jpg
今天想坐比較近一點的位置，便選了「auじぶん銀行フィールドビューシート」
FC價大約6000多日幣，以黃金週最熱門價格跟位置來講我覺得還是很超值。
而且沒想到今天剛好是念庭先發三壘手！整場在眼前看好看滿超讚！

比賽內容的部分，
雖然先發與座在比賽開始就被尻了兩轟（+內野守備各種煮粥）失了六分，
不過靠著中間2分2分的追（其中包含念庭的3打點），
終於在九局下的時候追到6-6平手進入延長賽！
https://i.imgur.com/rUrxMNd.jpg
可惜在10局上被樂天西川敲出超前安，最後西6-7樂惜敗。

不過這次除了能看到念庭的好表現（雖然也吃了3K）
還有兩位39歲老將中村剛也全出壘(4H1HR1BB)＆栗山9下追平安讓全場嗨爛（我還跟隔壁
不認識大叔擊掌）

其中還有西川愛也在暌違63個打席無安打創下日本紀錄後
終於敲出了安打（全場嗨爛，這支讓大家等了三年）
整場看下來還是挺過癮的。
https://i.imgur.com/BoQZlw3.jpg
https://i.imgur.com/HeH4Of5.jpg
不過……打了5個小時看的也是很累，當天晚上還趕去羽田搭隔天紅眼回台灣，
建議出國玩還是對自己好一點，不要太操了XD


總結來說，雖然西武巨蛋遠到讓人很厭世，
但到了現地那個氣氛還是很不一樣，而且日式的應援風格真的很棒。
很歡迎沒事的人可以安排一場球賽去體驗看看！

（之後也想把日職剩下11球團的主場都跑一跑！）
","[{""cmtStatus"": ""推"", ""cmtPoster"": ""atsushi45"", ""cmtContent"": "":讚，12號也要去看，請問是每一場賽後都可以進場嗎？"", ""cmtDate"": ""2023-05-08 23:44:00""}, {""cmtStatus"": ""推"", ""cmtPoster"": ""james20591"", ""cmtContent"": "":好猛9月打算來去看"", ""cmtDate"": ""2023-05-08 23:57:00""}, {""cmtStatus"": ""→"", ""cmtPoster"": ""redcoin"", ""cmtContent"": "":WBC感動是墊底感動噢"", ""cmtDate"": ""2023-05-09 01:06:00""}, {""cmtStatus"": ""推"", ""cmtPoster"": ""Arodz"", ""cmtContent"": "":推推這種涼天氣去西武蛋看球蠻舒服的!"", ""cmtDate"": ""2023-05-09 03:55:00""}, {""cmtStatus"": ""→"", ""cmtPoster"": ""Arodz"", ""cmtContent"": "":晚上看球喝個溫溫的狹山茶讚啦"", ""cmtDate"": ""2023-05-09 03:56:00""}, {""cmtStatus"": ""推"", ""cmtPoster"": ""aicsvincent"", ""cmtContent"": "":推推！九月也要去～還在思考要買內野ss還是aa看起"", ""cmtDate"": ""2023-05-09 08:47:00""}, {""cmtStatus"": ""→"", ""cmtPoster"": ""aicsvincent"", ""cmtContent"": "":來視野很棒！"", ""cmtDate"": ""2023-05-09 08:47:00""}, {""cmtStatus"": ""推"", ""cmtPoster"": ""barry0936717"", ""cmtContent"": "":推熱血～"", ""cmtDate"": ""2023-05-09 09:14:00""}, {""cmtStatus"": ""推"", ""cmtPoster"": ""Carrarese"", ""cmtContent"": "":2019去甲子園看我虎對火腿，旁邊就坐台灣人"", ""cmtDate"": ""2023-05-09 11:38:00""}, {""cmtStatus"": ""→"", ""cmtPoster"": ""Carrarese"", ""cmtContent"": "":在紀念館還幫台灣人拍照"", ""cmtDate"": ""2023-05-09 11:38:00""}, {""cmtStatus"": ""推"", ""cmtPoster"": ""suuz"", ""cmtContent"": "":讚！西武迷推推全場嗨爛的氣氛真的棒"", ""cmtDate"": ""2023-05-09 13:22:00""}, {""cmtStatus"": ""推"", ""cmtPoster"": ""dragonash13"", ""cmtContent"": "":推,6/9也要去"", ""cmtDate"": ""2023-05-09 13:41:00""}, {""cmtStatus"": ""推"", ""cmtPoster"": ""danielgogogo"", ""cmtContent"": "":想藉這篇詢問請問西武巨蛋夏天晚上外野跟內野哪邊"", ""cmtDate"": ""2023-05-09 14:37:00""}, {""cmtStatus"": ""→"", ""cmtPoster"": ""danielgogogo"", ""cmtContent"": "":比較舒服呢？"", ""cmtDate"": ""2023-05-09 14:37:00""}, {""cmtStatus"": ""→"", ""cmtPoster"": ""ritainakano"", ""cmtContent"": "":外野應援為主內野較能悠閒看要看想怎麼看球"", ""cmtDate"": ""2023-05-09 15:40:00""}, {""cmtStatus"": ""→"", ""cmtPoster"": ""ritainakano"", ""cmtContent"": "":不過外野離車站比較近退場的時候快很多"", ""cmtDate"": ""2023-05-09 15:40:00""}, {""cmtStatus"": ""推"", ""cmtPoster"": ""laidaisy"", ""cmtContent"": "":推，很實用。原po若跑了其他球場也請分享！"", ""cmtDate"": ""2023-05-09 17:25:00""}, {""cmtStatus"": ""推"", ""cmtPoster"": ""DJYOSHITAKA"", ""cmtContent"": "":好讚喔原來bangdream還有在那邊掛廣告"", ""cmtDate"": ""2023-05-09 23:41:00""}, {""cmtStatus"": ""→"", ""cmtPoster"": ""rocky9137"", ""cmtContent"": "":比賽感動不是只有勝負而且不是全部都人都是中華的"", ""cmtDate"": ""2023-05-10 00:57:00""}, {""cmtStatus"": ""→"", ""cmtPoster"": ""rocky9137"", ""cmtContent"": "":球迷我就日本的球迷追著比賽跑"", ""cmtDate"": ""2023-05-10 00:57:00""}]",111.243.14.226,2023-05-09 01:51:45,ptt
52,https://www.ptt.cc/bbs/Japan_Travel/M.1683544133.A.8B1.html,[問題]東京迪士尼樂園假期套票,2023-05-08 19:08:48,popodai,Japan_Travel,"暑假預計帶小朋友日本玩，順便去迪士尼樂園

考量之前去過2次了，還沒住過迪士尼官方飯店

所以這次打算住迪士尼官方飯店+假期套票

下午摸索了一陣子，已經知道只能用日文介面訂票

但目前遇到的問題是

我預計住兩晚，例如7/25~7/27

然後不管選2日還是3日的遊玩方案

中間那一天都固定只能選海洋的設施??

例如我選好了7/25~7/27(2泊)

跳到設施選擇頁面時

會自動顯示7/25---選擇陸地設施

          7/26---選擇海洋設施

          7/27---選擇陸地設施

但我們7/25過去園區應該也要靠近中午了

想要7/26整天是玩陸地

請問有辦法更改這個順序嗎?

整個頁面雖然都是日文的，但我也找不到可以選擇的按鈕

簡單說，我希望是海洋-陸地-海洋的順序這樣

所以想問問有沒有人知道如何更改?還是說有我誤解或不懂的地方?

謝謝大家
","[{""cmtStatus"": ""推"", ""cmtPoster"": ""owlonoak"", ""cmtContent"": "":旅遊套票無法更改兩園區遊玩順序也無法更改住宿和"", ""cmtDate"": ""2023-05-08 19:11:00""}, {""cmtStatus"": ""→"", ""cmtPoster"": ""owlonoak"", ""cmtContent"": "":遊玩的順序不管怎樣他只有玩住玩住這樣的方式"", ""cmtDate"": ""2023-05-08 19:11:00""}, {""cmtStatus"": ""→"", ""cmtPoster"": ""owlonoak"", ""cmtContent"": "":你真的真的很想改只能買玩兩天住一天的然後前後"", ""cmtDate"": ""2023-05-08 19:12:00""}, {""cmtStatus"": ""→"", ""cmtPoster"": ""owlonoak"", ""cmtContent"": "":一天自己單買門票看看怎樣安排"", ""cmtDate"": ""2023-05-08 19:13:00""}, {""cmtStatus"": ""→"", ""cmtPoster"": ""popodai"", ""cmtContent"": "":謝謝說明，您的方法我有想過。不過是不是買了之後海"", ""cmtDate"": ""2023-05-08 19:15:00""}, {""cmtStatus"": ""→"", ""cmtPoster"": ""popodai"", ""cmtContent"": "":陸整天都能自由進出？如果可以，那是否可以在預約的"", ""cmtDate"": ""2023-05-08 19:15:00""}, {""cmtStatus"": ""→"", ""cmtPoster"": ""popodai"", ""cmtContent"": "":時間去海洋玩一玩，然後再跑回陸地玩這樣？"", ""cmtDate"": ""2023-05-08 19:15:00""}, {""cmtStatus"": ""推"", ""cmtPoster"": ""owlonoak"", ""cmtContent"": "":不是喔套票給的門票是海洋就只能去海洋是陸地就"", ""cmtDate"": ""2023-05-08 19:32:00""}, {""cmtStatus"": ""→"", ""cmtPoster"": ""owlonoak"", ""cmtContent"": "":只能去陸地"", ""cmtDate"": ""2023-05-08 19:32:00""}, {""cmtStatus"": ""→"", ""cmtPoster"": ""owlonoak"", ""cmtContent"": "":而且陸地和海洋的入口相距很遠現場絕對不會想要"", ""cmtDate"": ""2023-05-08 19:33:00""}, {""cmtStatus"": ""→"", ""cmtPoster"": ""owlonoak"", ""cmtContent"": "":一天兩邊跑的"", ""cmtDate"": ""2023-05-08 19:33:00""}, {""cmtStatus"": ""→"", ""cmtPoster"": ""popodai"", ""cmtContent"": "":瞭解~謝謝回答，我再想看看好了，謝謝"", ""cmtDate"": ""2023-05-08 19:40:00""}, {""cmtStatus"": ""推"", ""cmtPoster"": ""shinichis"", ""cmtContent"": "":其他語言介面也可以訂，但內容比較少"", ""cmtDate"": ""2023-05-08 20:22:00""}, {""cmtStatus"": ""推"", ""cmtPoster"": ""Relid"", ""cmtContent"": "":目前其他語言的假期套票只能訂到6/29的"", ""cmtDate"": ""2023-05-08 22:25:00""}, {""cmtStatus"": ""→"", ""cmtPoster"": ""popodai"", ""cmtContent"": "":不知道後面的套票何時會開賣？"", ""cmtDate"": ""2023-05-09 01:13:00""}]",218.164.16.65,2023-05-09 01:51:45,ptt
53,https://www.ptt.cc/bbs/Japan_Travel/M.1683545122.A.A82.html,[問題]東京HOSTEL推薦,2023-05-08 19:25:20,hans7192,Japan_Travel,"開始規劃東京行程 這次有朋友要一起走
印象中APA 這種商務HOTEL沒有公共空間可以讓朋友聚在一起


請問東京有像京都TUNE STAY KYOTO 這種
房間內有自己的獨立衛浴
也有公共空間讓朋友可以聚在一起

或是SAKURA TERRACE THE ATELIER
沒有獨立衛浴沒關係 但房間門可以上鎖

因為大家生活習慣不同(用廁或是睡覺打呼等等)
暫不考慮租一間房共住

請問東京有類似這2間HOSTEL推薦嗎?
區域的話盡可能上野站附近

謝謝



","[{""cmtStatus"": ""推"", ""cmtPoster"": ""losewin"", ""cmtContent"": "":淺草旅之棲，也有濱松町分店。房間多，有個人衛浴，"", ""cmtDate"": ""2023-05-08 19:30:00""}, {""cmtStatus"": ""→"", ""cmtPoster"": ""losewin"", ""cmtContent"": "":有交流廳，24hr提供冰塊咖啡茶包，06:30有簡單早餐"", ""cmtDate"": ""2023-05-08 19:30:00""}, {""cmtStatus"": ""→"", ""cmtPoster"": ""sweetpea"", ""cmtContent"": "":GridsTokyoUenoHotel&Hostel"", ""cmtDate"": ""2023-05-08 22:58:00""}, {""cmtStatus"": ""→"", ""cmtPoster"": ""sweetpea"", ""cmtContent"": "":評分不算高，注重隔音睡眠品質，還是商旅吧"", ""cmtDate"": ""2023-05-08 23:04:00""}, {""cmtStatus"": ""→"", ""cmtPoster"": ""afu46"", ""cmtContent"": "":預算？人數？可以在地圖丟hostel到上野或淺草搜尋"", ""cmtDate"": ""2023-05-09 16:50:00""}, {""cmtStatus"": ""推"", ""cmtPoster"": ""elisa48"", ""cmtContent"": "":touristhotel秋葉原可以看看~感覺跟tune蠻類似"", ""cmtDate"": ""2023-05-09 18:47:00""}, {""cmtStatus"": ""推"", ""cmtPoster"": ""kelopi"", ""cmtContent"": "":雅房+有公共空間+離上野不遠？南千住應該不少只是"", ""cmtDate"": ""2023-05-09 21:38:00""}, {""cmtStatus"": ""→"", ""cmtPoster"": ""kelopi"", ""cmtContent"": "":偏價格考量的住宿居多看個人接受度"", ""cmtDate"": ""2023-05-09 21:38:00""}]",220.137.170.244,2023-05-09 01:51:45,ptt
54,https://www.ptt.cc/bbs/Japan_Travel/M.1683554363.A.3C5.html,Re:[問題]東京至名古屋新幹線車票線上訂購,2023-05-08 21:59:20,nibarity,Japan_Travel,"一、JR西日本e5489是可以訂東海道新幹線加附大型行李並在東京站領票的
1.只是要找東京站八重洲北口、南口、中央口的JR東海窗口領(跟領寢台票一樣)
https://i.imgur.com/bImDLqn.jpg
2.票價
統一用のぞみ２０３号
https://i.imgur.com/lIINNhC.jpg
11300円
只有JR西日本訂自己的JR西日本新幹線才有優惠票


二、JR東日本えきねっと可以訂東海道新幹線但""不能""指定位置，所以不能指定
大型行李位置(上車要多付1000円)，只能現場使用指定席券売機或綠色窗口訂
大型行李位置

1.票價都一樣
統一用のぞみ２０３号
https://i.imgur.com/HobKhCr.jpg
11300円


三、JR東海スマートEX(SMARTEX)-日文版(有pc版或app版)
專門訂東海道新幹線，可指定位置並加附大型行李
https://i.imgur.com/898BSCS.jpg
1.票價
統一用のぞみ２０３号
https://i.imgur.com/zf4X2o3.jpg
11100円，一般時期會折200円，但不適用特定都市區間制度

2.有早鳥票9800円
綠色車廂早鳥票13050(原價14960)



四、JR東海スマートEX(SMARTEX)-英文版(有pc版或app版)
給外國人專門訂東海道新幹線，可指定位置並加附大型行李
https://i.imgur.com/zSs8Hch.jpg
1.票價
統一用のぞみ２０３号
https://i.imgur.com/tElSVsP.jpg
11100円，一般時期會折200円，但不適用特定都市區間制度

2.有早鳥票9800円
綠色車廂早鳥票13050(原價14960)

五、慢車票
スマートEXこだま号綠色車廂早鳥票9170，要坐2個半小時","[{""cmtStatus"": ""推"", ""cmtPoster"": ""adychen1982"", ""cmtContent"": "":請問這是沒有加訂附大型行李就不能拿行李搭車的意"", ""cmtDate"": ""2023-05-08 22:04:00""}, {""cmtStatus"": ""→"", ""cmtPoster"": ""adychen1982"", ""cmtContent"": "":思嗎?"", ""cmtDate"": ""2023-05-08 22:04:00""}, {""cmtStatus"": ""→"", ""cmtPoster"": ""nibarity"", ""cmtContent"": "":可以搭啊~~請多付1000"", ""cmtDate"": ""2023-05-08 22:07:00""}, {""cmtStatus"": ""推"", ""cmtPoster"": ""adychen1982"", ""cmtContent"": "":爬文了解了,謝謝！"", ""cmtDate"": ""2023-05-08 22:10:00""}, {""cmtStatus"": ""推"", ""cmtPoster"": ""miname"", ""cmtContent"": "":我買大件行李的位子結果上車的時候被其他人塞滿了，"", ""cmtDate"": ""2023-05-09 10:58:00""}, {""cmtStatus"": ""→"", ""cmtPoster"": ""miname"", ""cmtContent"": "":這1000是有良心的人才會繳的"", ""cmtDate"": ""2023-05-09 10:58:00""}]",1.163.87.163,2023-05-09 01:51:45,ptt
55,https://www.ptt.cc/bbs/Japan_Travel/M.1683557672.A.20C.html,[問題]7/31-8/9東京10日行程請益,2023-05-08 22:54:30,legool,Japan_Travel,"跟伴侶兩人預計去東京小旅行，兩人都有多次自由行經驗，東京各一次，但蠻久以前了；平
常就喜歡隨意散步，比較不愛塞很滿的行程～

日期：7/31-8/9
航班：
去程-IT200虎航6:35-11:00
回程-IT203虎航 19:40-22:35
住宿：上野御徒町(Tosei Hotel Cocone Ueno okachimachi)
交通；西瓜卡為主

7/31(一) 6:35-11:00
11:00抵達成田機場，搭乘skyliner到京成上野站步行至飯店放行李

14:00 出發到淺草 隨意逛逛吃吃

18:00晴空塔敘敘苑(已預訂)
晚餐後回飯店休息


8/1(二) 迪士尼Land

8/2(三)
9:30澀谷(宮下公園、Shibuya Sky)午餐隨意
13:00自由之丘
16:00代官山、中目黑隨意散步
晚餐中目黑或惠比壽阿夫利，晚餐後回飯店休息

8/3(四)鎌倉(JR廣域周遊券day1)
預計先前往江之島，再一路江之電逆時針玩回鎌倉站(看時間景點隨意停留)

8/4(五)逛街行程(JR廣域周遊券day2)
預計明治神宮 原宿車站→竹下通→明治通→神宮3丁目、4丁目→貓街、表參道，看時間隨意
停留)

8/5(六)輕井澤(JR廣域周遊券day3)

8/6(日)
11:00築地(隨意吃)
13:00台場
17:00東京車站、有樂町、銀座

8/7(一) 迪士尼 Sea

8/8(二)彈性日
看累的程度，補之前沒去到但想去的點，或是去下北澤走走
晚餐預計上野鴨to蔥

8/9(三)
上午彈性，飯店休息或到上野附近景點走走；
12:00利久牛舌
17:00到機場
19:40-22:45飛機

因為工作因素只能安排在比較熱的八月前往，沒有在這個時間點去過日本，不知道這樣的行
程會不會太累太熱，又或者根本太鬆XD 希望大家給點建議～感謝
","[{""cmtStatus"": ""推"", ""cmtPoster"": ""leejones"", ""cmtContent"": "":廣域券排前三天或最後三天，用廣域券搭nex到東京或"", ""cmtDate"": ""2023-05-09 00:10:00""}, {""cmtStatus"": ""→"", ""cmtPoster"": ""leejones"", ""cmtContent"": "":從東京搭nex到機場，都比你拿來搭鎌倉還划算。"", ""cmtDate"": ""2023-05-09 00:10:00""}, {""cmtStatus"": ""推"", ""cmtPoster"": ""mrtatami"", ""cmtContent"": "":十天很爽想去哪就去哪"", ""cmtDate"": ""2023-05-09 00:28:00""}, {""cmtStatus"": ""推"", ""cmtPoster"": ""kevinhon"", ""cmtContent"": "":廣域券用最後3天，8/9到東京車站轉nex，8/6築地銀"", ""cmtDate"": ""2023-05-09 00:33:00""}, {""cmtStatus"": ""→"", ""cmtPoster"": ""kevinhon"", ""cmtContent"": "":座有樂町台場（可看夜景，排最後），8/7輕井澤8/"", ""cmtDate"": ""2023-05-09 00:33:00""}, {""cmtStatus"": ""→"", ""cmtPoster"": ""kevinhon"", ""cmtContent"": "":8鎌倉"", ""cmtDate"": ""2023-05-09 00:33:00""}, {""cmtStatus"": ""推"", ""cmtPoster"": ""angol1337"", ""cmtContent"": "":築地外市場禮拜天大部分店家都休息喔"", ""cmtDate"": ""2023-05-09 11:09:00""}, {""cmtStatus"": ""→"", ""cmtPoster"": ""legool"", ""cmtContent"": "":看來廣域券應該有更好的使用時間！感謝前面網友提"", ""cmtDate"": ""2023-05-09 13:48:00""}, {""cmtStatus"": ""→"", ""cmtPoster"": ""legool"", ""cmtContent"": "":醒～我再來調整！其實排行程的時候有注意到週日去"", ""cmtDate"": ""2023-05-09 13:48:00""}, {""cmtStatus"": ""→"", ""cmtPoster"": ""legool"", ""cmtContent"": "":築地的問題，但爬了一些部落格，有提到週日還是有"", ""cmtDate"": ""2023-05-09 13:48:00""}, {""cmtStatus"": ""→"", ""cmtPoster"": ""legool"", ""cmtContent"": "":蠻多店家營業，才維持原本方案，但原來週日還是大"", ""cmtDate"": ""2023-05-09 13:48:00""}, {""cmtStatus"": ""→"", ""cmtPoster"": ""legool"", ""cmtContent"": "":多都不營業嗎？若是這樣好像也是需要調整一下"", ""cmtDate"": ""2023-05-09 13:48:00""}, {""cmtStatus"": ""→"", ""cmtPoster"": ""kevinhon"", ""cmtContent"": "":難得去一趟築地市場，感受一下當地市場氛圍，休業日"", ""cmtDate"": ""2023-05-09 15:03:00""}, {""cmtStatus"": ""→"", ""cmtPoster"": ""kevinhon"", ""cmtContent"": "":開的店家不多，去了意義不大"", ""cmtDate"": ""2023-05-09 15:03:00""}, {""cmtStatus"": ""→"", ""cmtPoster"": ""afu46"", ""cmtContent"": "":上野到原宿、明治神宮用廣域券真的浪費"", ""cmtDate"": ""2023-05-09 16:33:00""}, {""cmtStatus"": ""推"", ""cmtPoster"": ""zeephine"", ""cmtContent"": "":我2019年8月中旬去東京颱風剛走一樣爆炸熱要注意"", ""cmtDate"": ""2023-05-10 18:35:00""}, {""cmtStatus"": ""→"", ""cmtPoster"": ""zeephine"", ""cmtContent"": "":水分補給題外話8月去日本我覺得可以考慮東北XD青"", ""cmtDate"": ""2023-05-10 18:35:00""}, {""cmtStatus"": ""→"", ""cmtPoster"": ""zeephine"", ""cmtContent"": "":森睡魔祭秋田竿燈祭仙台七夕祭都在那個時候"", ""cmtDate"": ""2023-05-10 18:35:00""}, {""cmtStatus"": ""→"", ""cmtPoster"": ""zeephine"", ""cmtContent"": "":而且吃牛舌還能去仙台爽吃"", ""cmtDate"": ""2023-05-10 18:36:00""}]",1.34.204.58,2023-05-09 01:51:45,ptt
56,https://www.ptt.cc/bbs/Japan_Travel/M.1683564640.A.C62.html,[讓售]Skyliner東京成田機場到上野/日暮里2人,2023-05-09 00:50:38,airpigeon,Japan_Travel,"1. 讓售品項：Skyliner 東京成田機場到上野/日暮里 2人 （效期到2023.06.10）

2. 物品圖片：KKDAY電子憑證
https://imgur.com/a/z3pcJu4
3. 此物品由您買入的價格：NTD 1018元

4. 欲售價格： NTD 800元

5. 交易方式： 匯款後提供電子憑證(QRCode)

6. 聯絡方式： 站內信/電話

其他說明：

（重新張貼需間隔一個月以上 違反者將會依板規處理
  請依格式填好內容後，刪除以上括弧內註解文字）
","[{""cmtStatus"": ""推"", ""cmtPoster"": ""shengchuantw"", ""cmtContent"": "":已寄信"", ""cmtDate"": ""2023-05-09 01:44:00""}]",36.238.49.176,2023-05-09 01:51:45,ptt
57,https://www.ptt.cc/bbs/Japan_Travel/M.1683590477.A.402.html,[問題]5/12-6/827天請益,2023-05-09 08:01:15,SixAlan,Japan_Travel,"如題 預計一個人去日本玩一個月左右
第一次出國
會講一些日文 聽說讀大致可以
行程車票大致都底定了
想請問板上先進們這樣的行程有沒有哪裡需要注意
或是行程中哪些地方比較需要特別注意時間的
旅遊範圍從東京開始往京阪在往九州走
使用全國周遊及九州周遊 JR PASS
安排行程中覺得比較難的地方大致如下
1.因為sunrise下車點的關係
硬是有一天往嚴島神社跑
2.從京都往九州的移動日加上往唐津的行程似乎比較趕時間一點
3.從熊本往阿蘇的第一天
因為沒注意到假日的關係會少一班五點左右的公車所以忍痛放棄
導致下午有段時間空白

正式行程如下
https://imgur.com/SH21Gvh
https://imgur.com/EUYnhgv
https://imgur.com/693Mb9O
https://imgur.com/tUDAS34
https://imgur.com/BGcSgKQ
https://imgur.com/Ek5kl86
我本來沒有打算去築地市場
因為我不能吃海鮮所以就沒去了
可能只是單純離那邊比較近
感謝兩位版友分享經驗
那就在往後面延一點時間","[{""cmtStatus"": ""推"", ""cmtPoster"": ""notezz"", ""cmtContent"": "":5/19-5/21G7高峰會在廣島舉行，印象中那幾天宮島"", ""cmtDate"": ""2023-05-09 22:36:00""}, {""cmtStatus"": ""→"", ""cmtPoster"": ""notezz"", ""cmtContent"": "":有實施封島或管制，建議原po先查一下"", ""cmtDate"": ""2023-05-09 22:36:00""}]",111.71.20.206,2023-05-10 01:58:21,ptt
58,https://www.ptt.cc/bbs/Japan_Travel/M.1683599466.A.9AE.html,[讓售]Skyliner東京成田機場到上野/日暮里2人,2023-05-09 10:31:04,jess9369,Japan_Travel,"1. 讓售品項：Skyliner 東京成田機場到上野/日暮里 2人 （效期到2023.09.27）

2. 物品圖片：KLOOK電子憑證
https://imgur.com/a/8RA0vgh
3. 此物品由您買入的價格（讓售只能小於或等於此金額）：NT$1062

4. 欲售價格：NT$850

5. 交易方式： 匯款後提供電子憑證(QRCode)

6. 聯絡方式： 站內信

","[{""cmtStatus"": ""推"", ""cmtPoster"": ""a108342002"", ""cmtContent"": "":已寄信"", ""cmtDate"": ""2023-05-09 12:27:00""}]",122.117.155.54,2023-05-10 01:58:21,ptt
59,https://www.ptt.cc/bbs/Japan_Travel/M.1683643145.A.D59.html,[住宿]草津溫泉若乃湯草津館,2023-05-09 22:38:58,alex12582001,Japan_Travel,"造訪日期：2023.04
板上找不到這家的心得，來貢獻一篇


懶人包：
餐點精緻好吃、旅館雖久但不顯破舊、老闆娘服務周到我還想再去
英文對應我不知道怎麼樣，日文溝通有困難的話可能要三思
https://travel.rakuten.co.jp/HOTEL/106048/106048.html
將近十年前從遊戲得知群馬有這溫泉區，我看網路上玩梗把群馬講的跟魔境一樣多少有影響到我排草津溫泉的意願XDDD 疫情前把東京一小時車程能到的地方跑得差不多了就開始找更遠的地方最後選到草津。


從樂天travel挑旅館的時候找到這間客房數很少、規模也不大但是樂天綜合評價很高的若乃湯草津館，從沒住過這種小規模而且百年以上的溫泉旅館讓我蠻有興趣的。網頁寫17:00要checkin，我13:00才降落機場怎麼算都來不及，還好旅館有FB我用私訊聯絡對方能不能18:30check in，幸虧對方看得懂我的破日文也回覆說OK。

出發當天我怕4月下旬還是有賞櫻人潮讓機場入境塞爆又用FB告知旅館方有機會19:00後才到，留了我手機門號方便聯絡。還好入境蠻順利的，14點十幾分就到東京站了，草津溫泉的交通方式網路上資訊很多不贅述，我買JR東京廣域PASS從東京到長野原草津口換接駁車。

進旅館玄關要先脫鞋，因為我CHECKIN時間比較晚，到接待處等老闆娘說明注意事項後先回房等電話通知用餐，房間在三樓以一個人來說還挺大的，窗戶看出去是隔壁的御座乃湯，當晚室外氣溫11度左右我就沒開窗了。
https://i.imgur.com/Pam1dw6.png
休息個十來分鐘市內電話響起通知可以用餐了，看到桌上好幾個品項真的會不知道要從哪個開始吃...本來以為全部就這樣，吃一吃店員還端好幾盤上來讓我有點驚恐，差點吃不完，明明在山上生魚片卻蠻新鮮的，真是神奇。用餐的時候順便觀察周遭用餐的客人，看起來都是日本人(起碼都用日文在溝通)，老闆娘願意接外國的單人客真是太好了。
https://i.imgur.com/RAh08A0.png
吃飽後去湯畑晃一圈，附近不少人在拍照，看著泉水流動蠻療癒的。因為我怕冷又躲回旅館準備去館內溫泉，草津館有白旗泉源跟自家的泉源若乃湯兩個池，白旗泉源池蠻小的大概只能塞兩個人，若乃湯大一點，整個旅館就9個房間所以時間錯開的話同時頂多一兩人在泡湯。老闆娘有提醒我溫泉溫度很高要小心，以我在北投泡的感覺若乃湯應該44度以上，入浴太久有種燙熟的感覺(?) 泡完出去買個啤酒喝完又回去泡，渡假就是該這樣~ 隔天早餐也是日式的，納豆我吃了一口還是受不了那口感就沒吃完，相對晚餐來說份量少很多其他都吃光了。
https://i.imgur.com/PytPCzZ.png
退房的時候老板說要收入湯稅150JPY，比起一泊二食的費用、入湯稅真的微不足道XD 退房後前進熱乃湯準備看湯揉み，再之後去了西之河原跟大瀧乃湯繼續泡溫泉享受...草津溫泉真得很讚難怪連續票選冠軍","[{""cmtStatus"": ""推"", ""cmtPoster"": ""kanx"", ""cmtContent"": "":謝謝分享"", ""cmtDate"": ""2023-05-09 22:45:00""}, {""cmtStatus"": ""推"", ""cmtPoster"": ""KomeijiYuki"", ""cmtContent"": "":推推有接單人客的先筆記"", ""cmtDate"": ""2023-05-09 23:03:00""}, {""cmtStatus"": ""推"", ""cmtPoster"": ""zsxa1234"", ""cmtContent"": "":草津的溫泉溫度真的超高"", ""cmtDate"": ""2023-05-10 08:04:00""}, {""cmtStatus"": ""→"", ""cmtPoster"": ""alex12582001"", ""cmtContent"": "":真的超燙，大瀧乃湯的合わせ湯最後兩池"", ""cmtDate"": ""2023-05-10 08:28:00""}, {""cmtStatus"": ""→"", ""cmtPoster"": ""alex12582001"", ""cmtContent"": "":燙到我受不了，看路人居然能待超過十秒.."", ""cmtDate"": ""2023-05-10 08:28:00""}, {""cmtStatus"": ""推"", ""cmtPoster"": ""x24627785"", ""cmtContent"": "":第四個超燙"", ""cmtDate"": ""2023-05-10 08:43:00""}, {""cmtStatus"": ""推"", ""cmtPoster"": ""richer23"", ""cmtContent"": "":草津泉質奶頭會操灰搭要小心"", ""cmtDate"": ""2023-05-10 09:33:00""}, {""cmtStatus"": ""→"", ""cmtPoster"": ""alex12582001"", ""cmtContent"": "":反正用不到(?)沒這麼誇張吧XD"", ""cmtDate"": ""2023-05-10 09:38:00""}, {""cmtStatus"": ""推"", ""cmtPoster"": ""mrtatami"", ""cmtContent"": "":推"", ""cmtDate"": ""2023-05-10 12:59:00""}, {""cmtStatus"": ""推"", ""cmtPoster"": ""aming75321"", ""cmtContent"": "":可以接單人客推推"", ""cmtDate"": ""2023-05-10 13:25:00""}]",1.161.180.92,2023-05-10 01:58:21,ptt
60,https://www.ptt.cc/bbs/Japan_Travel/M.1683644918.A.412.html,[遊記]黃金週東京近郊自由行,2023-05-09 23:08:36,lszh9999,Japan_Travel,"造訪日期：2023/5/1～2023/5/7
前言： 第一次自由行，以前只有跟團的經驗，在版上爬了很多篇文章，受益良多，故來
分享此次的旅遊～
當初看到機票便宜就買下去了，後來爬文才發現是黃金週，出發前一直很擔心行程會不會
排太滿，或是遇到很多突發狀況，但真的運氣蠻好的行程幾乎都有走完。

Day1: 桃園-成田/ 新宿
6:45-11:10 酷航 TR898
12:20-13:10 N‘EX 成田特快到東京
13:10-14:00 人形町飯店 check in
14:00～ 新宿逛街 & 歌舞伎町晚餐

台灣出關&日本入境都比想像中還順，日本入境大概只花了30分鐘。新宿車站就真的很複
雜，車站有百貨公司混在裡面，逛 LUMINEEST 找了好久才找到上樓的路…但我覺得人潮
就台北一般假日，不會到特多。
https://i.imgur.com/yECgUVp.jpg
Day2: Tokyo Disneyland
6:00-7:00 舞濱站
21:30 離開 Disney

上一次去迪士尼是25週年，睽違15年再次去。大致遊樂設施好像都沒什麼變，多出來的好
像就杯麵、美女與野獸。熱門遊戲大概排個1小時，其他都30～40可以玩到，上次去印象
很多中國遊客，這次則變成日本遊客居多，人潮算多但不會到很崩潰的程度，算了一下總
共玩了7個遊樂設施，其中美女與野獸有買 DPA。
https://i.imgur.com/fIhpWO4.jpg
Day3: 原宿/澀谷
10:00-11:00 日本棋院 （市谷站）
11:00-12:30 午餐：阿夫利
12:30-14:00 明治神宮
14:00-17:00 原宿逛街
17:00-19:30 Shibuya Sky
19:30~ 晚餐：利久牛舌

身為棋魂粉絲，老早就想朝聖這個景點，發現跟漫畫的景完全一樣，腦海 BGM 一直響起X
D
朝聖完後去排阿夫利，大概排了快一小時，發現在排隊幾乎都是台灣人。吃飽後明治神宮
晃晃，晃完開始今天的 shopping，今天就有感受到黃金週的威力了，整個竹下通塞爛，
走不過去的那種，被卡在路間好幾分鐘有。傍晚到澀谷準備上去 Shibuya Sky，票卷是在
前一個月就搶好了，雖然很多人說這邊過譽了，但對初體驗&喜歡拍照的還是蠻推可以去
的。
https://i.imgur.com/W4QZ8Fy.jpg
https://i.imgur.com/cSZ5e7y.jpg
https://i.imgur.com/gh1ZxIq.jpg
Day4: 下吉田/河口湖
8:30 新宿富士洄游(JR Pass 指定席)
10:30-14:00 淺間神社、日川時計店
14:30-17:30 天上山公園
20:00～ 新宿晚餐：鳥貴族

蠻lucky的天氣超好！出國前一直看日本天氣，很怕當天天氣不好要改行程，但也沒特別
準備備案，畢竟JR Pass 就是為了要去富士山。淺間神社散步上去大概抓40分鐘，上面很
好拍。下山再去日川時計店街口，可惜當時雲變較厚，沒辦法拍出完整的富士山。河口湖
纜車當天排大概1小時，時間真的滿趕的，上去大概40分鐘就要下山準備搭車。
題外話：回程做最後一班17:30的富士洄游，遇到很多觀光客都要站回去，我們剛好在列
車最後一排，看到中國夫妻帶兩對小孩沒位置坐，沿路一直噴日本落後什麼的…加上小孩
一直吵，婦人又一直發出要吐的聲音（我真的不知道他是不是在演戲給我看= =）加上他
們一直壓著頭上的椅墊，整條路都沒辦法好好坐，後來直接起來讓座，腿真的快炸了，大
家記得選位避開該位置。
https://i.imgur.com/DGfNcPj.jpg
https://i.imgur.com/7mIlSbZ.jpg
Day5: 鎌倉/高校前平交道/江之島
8:30-9:10 東京到大船（JR Pass 指定席）
10:00-12:00鎌倉錢洗弁財天
12:00-13:30 小町通商店街 （午餐：鎌倉峰本）
14:00-15:00 灌籃高手平交道
16:00-18:00 江之島 （晚餐：吻仔魚）

今天天氣仍超好，挑了一個鎌倉相對冷門的景點，我們是到當地車站在坐計程車過去（印
象約1000日幣）。該景點幾乎都是日本觀光客，蠻推薦這個行程的，可以拜拜、體驗洗錢
（？）、很多紀念品御守可以買。後續的行程就用幾張圖帶過去，人真的很多，但不會到
不舒服的程度，當天鎌倉風超大，海風吹起來好舒服。
題外話：當天晚上同行友人發現護照丟了…隔天花了半天奔波拿到了零時護照，這個若有
人想知道細節我再補充分享><
https://i.imgur.com/paGcIw1.jpg
https://i.imgur.com/Uxb1xjN.jpg
Day6: 築地/淺草/晴空塔
9:00-11:00 築地市場
11:00-12:00 銀座
12:00-17:00 穿和服逛淺草
17:00～ 晴空塔 （晚餐：敘敘苑）

週六天氣也是很好，且風超大！築地市場吃了玉子燒、生魚片、飯團、炙燒鮪魚等，我跟
友人都分開排隊在幫忙買，每項都要排個30分鐘不等，人也是算多。和服初體驗，我們是
預約淺草的愛和服3號店，個人認為體驗蠻好的，女生換裝時間比較久，約要一個小時～
最後的晴空塔，寶可夢中心真的必朝聖！晚餐的敘敘苑好像cp 值好像就沒有晚餐來的高
，我們四個人點了兩個套餐（13500&17000日幣），肉是很好吃，但是就是吃氣氛為主。
https://i.imgur.com/323bg9b.jpg
https://i.imgur.com/hEwyeKl.jpg
Day7: 成田-桃園
8:30-10:00 N‘EX 成田特快到機場
12:20-14:55 酷航 TR899

結語：其實黃金週並沒也想像的可怕，功課做夠足其實還是能玩得很開心。另外這幾天晚
上其實都還有逛街行程，就沒有特別打上了。扣掉最後一天，每日平均步數約24000…真
的有點硬，有微調的空間，謝謝大家觀看這篇遊記，若有什麼想問我的都可以站內～
https://i.imgur.com/LOoZ3vx.jpg","[{""cmtStatus"": ""推"", ""cmtPoster"": ""ezior520"", ""cmtContent"": "":我黃金週在廣島，也覺得還好沒很多人"", ""cmtDate"": ""2023-05-11 08:02:00""}]",1.169.211.90,2023-05-10 01:58:21,ptt
61,https://www.ptt.cc/bbs/Japan_Travel/M.1683650911.A.6F4.html,[食記]東京十条百名店讃岐うどんいわい,2023-05-10 00:48:28,JimXpp,Japan_Travel,"店    名：讃岐うどん いわい
用餐時間：2023年4月
地址：東京都北区上十条3-28-7
交通：JR埼京線「十条」駅(北口) 徒步約6分
營業時間：10:30  14:30 (週二～週四)｜10:30  14:30 ; 17:30  21:00 (週五、週六)｜10:00  15:00 (週日) (週一公休)
最低消費：400円

圖文好讀版 :
https://jimxpplife.com/archives/4334
提起日本最知名的烏龍麵發展地區，多數人的第一印象肯定是有「うどん県」之稱的四國香川縣了。

香川縣由於氣候乾燥，古來就是優質的小麥產地，由此原料所製作的烏龍麵條也被冠上了香川縣的古地名「讚岐」。「讚岐烏龍麵」也已成為了享譽國際的烏龍麵代名詞，頗具盛名。

如今不少地區的店家也採用了香川縣所產的原料或做法，生產了自家的烏龍麵商品。儘管產地並非香川縣，但滋味卻是一點也不遜色，其中也不乏許多人氣名店。位於東京「十条」站附近的「讃岐うどん いわい」就是個例子。

「讃岐うどん いわい」的店面相當樸素，沒有顯眼的裝潢，外觀看來僅是一般的小吃店。但每逢營業時段總有著源源不絕的排隊人潮。

門口的桌子有擺放天婦羅與冷麵等品項，不少當地民眾會直接購買外帶，價格也較內用划算。

排隊入店後，依序向櫃檯點餐，結帳後再依照服務人員引導入座。

「讃岐うどん いわい」的烏龍麵有多種傳統作法可以選擇，分別為「あつあつう(熱高湯)」、「ひやあつ(冷麵體熱高湯)」、「ひやひや(冷高湯)」、「しょうゆ(醬油)」、「ざる(竹網)」、「湯だめ(過水後沾醬汁)」。每一份烏龍麵主食皆可以選擇份量。

配菜天婦羅食材有「かぼちゃ天(南瓜)」、「なす天(茄子)」、「ちくわ天(竹輪)」、「とり天(炸雞)」、「げそ天(魷魚)」、「れんこん天(蓮藕)」。

其它品項有「温泉玉子(溫泉蛋)」、「おあげ(炸豆皮)」、「いなりずし(稻荷壽司)」、「とろろめし(山藥泥)」與「ミニとり天丼(迷你炸雞丼)」，另外也有供應各式酒類。

桌面上擺放著簡單的調味料以及餐具，可以自行取用。

另外還有放置一把剪刀，供剪取較大塊的天婦羅。

此次我的主餐選擇「ざるうどん (竹網烏龍麵)」，並搭配了一顆溫泉蛋與幾樣天婦羅。

ざるうどん 小 (竹網烏龍麵 小) ★★★★★
「讃岐うどん いわい」的烏龍麵為現場手工製作，充滿著濃郁的小麥香氣。

「ざるうどん (竹網烏龍麵)」為冷麵料理，麵條厚實有彈性，帶點些微黏性的口感令人讚不絕口，非常好吃。

醬汁鹹度恰到好處，帶著淡淡的柴魚清香，將麵條沾取後享用，小麥的自然甘甜與醬汁鹹香的滋味相互調和，更是令人難以忘懷的好味道。

なす天、ちくわ天、とり天、げそ天 (茄子、竹輪、炸雞、魷魚) ★★★★★
「讃岐うどん いわい」的天婦羅更是極致的好滋味，雖然並非剛起鍋，溫度已冷卻，但絲毫沒有油膩感，不影響它的好滋味。

麵衣外皮酥脆可口，內層的食材品質也保有新鮮度，蔬菜的香甜與肉類的汁氣依然保存其中，滋味令人驚艷。

温泉玉子 (溫泉蛋) ★★★★☆ JPY.100円
溫泉蛋的品質亦是十分完美，毫無腥氣，鮮香味十足。

打散後，將麵條與天婦羅沾取後享用，別有一番風味，口味更加豐富，令人讚不絕口。

由於「讃岐うどん いわい」不在觀光區內，附近也沒有特別的景點，因此對外地觀光客而言較為陌生，知名度也不高，但在當地卻是擁有極高人氣的店家，更多年入選為「食べログ百名店」之一，相當具有實力。

若喜愛烏龍麵與天婦羅且時間允許的情況下，非常值得特地前來一試。
-
Sent from JPTT on my iPhone
",[],49.216.45.40,2023-05-10 01:58:24,ptt
62,https://www.ptt.cc/bbs/Japan_Travel/M.1683656621.A.55D.html,[問題]東京以外短遊推薦,2023-05-10 02:23:39,momo8988,Japan_Travel,"六月家人要來日本找我玩想說找幾天出去外縣市玩。
但因為我本身住在日本工作關係又常跑外縣市，
導致想不太到有哪裡好玩。

希望是兩天一夜或三天兩夜，
時間是六月上旬
移動可以是新幹線或是開自家車。

成員有60up媽媽+阿姨，妹妹，我老公（日本人，司機擔當）
長輩可走但不耐走，阿姨癌症治療中媽媽愛拍照。
新幹線短程距離內去過仙台群馬日光茨城，
阿姨不泡溫泉大眾池所以溫泉巡禮不考慮，
軽井沢我不喜歡也不考慮，
本來想過去大島但被說船要搭太久，
熱海自己去過幾次覺得頗無聊，
靜岡夢の吊り橋被說很可怕不敢走，
自己最愛的金澤因為上禮拜地震猜想可能不適合，
新潟則是剛好錯過大地藝術祭。
房總半島考慮到梅雨好像也不太適合。
很想去的吉卜力公園還在擠爆當中怕長輩不耐。

我已經有點半放棄想說就去箱根還是奧多摩住一晚就好了。
想請問大家有沒有什麼推薦的小旅行景點...
我跟我老公已經想破頭了......
資訊有點雜亂不好意思！
","[{""cmtStatus"": ""噓"", ""cmtPoster"": ""Alano"", ""cmtContent"": "":自己看旅遊介紹網站...都在日本生活了..."", ""cmtDate"": ""2023-05-10 02:35:00""}, {""cmtStatus"": ""推"", ""cmtPoster"": ""rocky9137"", ""cmtContent"": "":茨城真心推薦慢遊"", ""cmtDate"": ""2023-05-10 02:35:00""}, {""cmtStatus"": ""→"", ""cmtPoster"": ""rocky9137"", ""cmtContent"": "":袋田瀑布豬排飯筑波山常陸海濱公園"", ""cmtDate"": ""2023-05-10 02:37:00""}, {""cmtStatus"": ""→"", ""cmtPoster"": ""momo8988"", ""cmtContent"": "":就是因為在日本生活反而不知道該帶觀光客去哪裡好.."", ""cmtDate"": ""2023-05-10 02:38:00""}, {""cmtStatus"": ""→"", ""cmtPoster"": ""Alano"", ""cmtContent"": "":你文章裡面已經一堆觀光景點了說不會www"", ""cmtDate"": ""2023-05-10 02:39:00""}, {""cmtStatus"": ""→"", ""cmtPoster"": ""Alano"", ""cmtContent"": "":而且範圍超級廣，看來你們的東京外=全日本"", ""cmtDate"": ""2023-05-10 02:40:00""}, {""cmtStatus"": ""→"", ""cmtPoster"": ""akai0812"", ""cmtContent"": "":自己在日本生活了，旅遊資訊應該比台灣還多啊，更"", ""cmtDate"": ""2023-05-10 02:41:00""}, {""cmtStatus"": ""→"", ""cmtPoster"": ""akai0812"", ""cmtContent"": "":何況另一半是日本人，來這邊問有點奇妙，而且您考"", ""cmtDate"": ""2023-05-10 02:41:00""}, {""cmtStatus"": ""→"", ""cmtPoster"": ""akai0812"", ""cmtContent"": "":慮的點這麼多，估計誰也沒辦法給您滿意的答案吧"", ""cmtDate"": ""2023-05-10 02:41:00""}, {""cmtStatus"": ""噓"", ""cmtPoster"": ""akai0812"", ""cmtContent"": "":“我本身住日本，常跑外縣市，以至於想不太到哪裡"", ""cmtDate"": ""2023-05-10 02:43:00""}, {""cmtStatus"": ""→"", ""cmtPoster"": ""akai0812"", ""cmtContent"": "":好玩”這句話有夠矛盾的"", ""cmtDate"": ""2023-05-10 02:43:00""}, {""cmtStatus"": ""推"", ""cmtPoster"": ""db0916"", ""cmtContent"": "":那須逛美術館和動物王國？"", ""cmtDate"": ""2023-05-10 02:44:00""}, {""cmtStatus"": ""→"", ""cmtPoster"": ""momo8988"", ""cmtContent"": "":我跟我老公提出的景點都被打槍才想請益有沒有什麼"", ""cmtDate"": ""2023-05-10 02:46:00""}, {""cmtStatus"": ""→"", ""cmtPoster"": ""momo8988"", ""cmtContent"": "":我們沒想到的盲點，範圍是真的有點廣不好意思"", ""cmtDate"": ""2023-05-10 02:46:00""}, {""cmtStatus"": ""→"", ""cmtPoster"": ""Alano"", ""cmtContent"": "":沒人知道你們家人喜好愛好狀況想去哪"", ""cmtDate"": ""2023-05-10 02:48:00""}, {""cmtStatus"": ""→"", ""cmtPoster"": ""Alano"", ""cmtContent"": "":既然都打槍那麼多地方了更不可能有人知道哪裡可以"", ""cmtDate"": ""2023-05-10 02:48:00""}, {""cmtStatus"": ""→"", ""cmtPoster"": ""momo8988"", ""cmtContent"": "":因為我去外縣市都是去工作，感受得到當地氣氛但不"", ""cmtDate"": ""2023-05-10 02:48:00""}, {""cmtStatus"": ""→"", ""cmtPoster"": ""momo8988"", ""cmtContent"": "":太有機會去觀光景點"", ""cmtDate"": ""2023-05-10 02:48:00""}, {""cmtStatus"": ""推"", ""cmtPoster"": ""db0916"", ""cmtContent"": "":仙台都在範圍內了的話，也可以查查福島"", ""cmtDate"": ""2023-05-10 02:49:00""}, {""cmtStatus"": ""→"", ""cmtPoster"": ""YuriLowell"", ""cmtContent"": "":清里不錯"", ""cmtDate"": ""2023-05-10 02:52:00""}, {""cmtStatus"": ""推"", ""cmtPoster"": ""db0916"", ""cmtContent"": "":佐渡島三天兩夜也不錯，六月上旬剛好是岩百合花季"", ""cmtDate"": ""2023-05-10 02:52:00""}, {""cmtStatus"": ""→"", ""cmtPoster"": ""momo8988"", ""cmtContent"": "":茨城媽媽和妹妹去過了，那須、清里跟佐渡都是我們沒"", ""cmtDate"": ""2023-05-10 03:01:00""}, {""cmtStatus"": ""→"", ""cmtPoster"": ""momo8988"", ""cmtContent"": "":想到的感恩！福島有提過但長輩介意..."", ""cmtDate"": ""2023-05-10 03:01:00""}, {""cmtStatus"": ""推"", ""cmtPoster"": ""hsieh2929"", ""cmtContent"": "":常跑外縣市跟想不到哪裡好玩有什麼關聯@@"", ""cmtDate"": ""2023-05-10 03:03:00""}, {""cmtStatus"": ""→"", ""cmtPoster"": ""hsieh2929"", ""cmtContent"": "":啊看到回覆了了解"", ""cmtDate"": ""2023-05-10 03:03:00""}, {""cmtStatus"": ""→"", ""cmtPoster"": ""BIGBBB"", ""cmtContent"": "":橫濱？"", ""cmtDate"": ""2023-05-10 03:07:00""}, {""cmtStatus"": ""推"", ""cmtPoster"": ""near4234"", ""cmtContent"": "":松本城上高地、橫須賀、鎌倉、秩父"", ""cmtDate"": ""2023-05-10 03:09:00""}, {""cmtStatus"": ""→"", ""cmtPoster"": ""near4234"", ""cmtContent"": "":不曉得你住哪&台灣親人買好機票沒，如果他們還沒買"", ""cmtDate"": ""2023-05-10 03:15:00""}, {""cmtStatus"": ""→"", ""cmtPoster"": ""near4234"", ""cmtContent"": "":，日本國內線也常特價，他們直接飛到當地&你們搭國"", ""cmtDate"": ""2023-05-10 03:15:00""}, {""cmtStatus"": ""→"", ""cmtPoster"": ""near4234"", ""cmtContent"": "":內線過去小旅行也不錯，ex函館、九州"", ""cmtDate"": ""2023-05-10 03:15:00""}, {""cmtStatus"": ""→"", ""cmtPoster"": ""momo8988"", ""cmtContent"": "":住橫濱，我本來也是想說可以外地會合結果我媽一個"", ""cmtDate"": ""2023-05-10 03:22:00""}, {""cmtStatus"": ""→"", ""cmtPoster"": ""momo8988"", ""cmtContent"": "":心急票就買下去了......"", ""cmtDate"": ""2023-05-10 03:22:00""}, {""cmtStatus"": ""→"", ""cmtPoster"": ""momo8988"", ""cmtContent"": "":上高地感覺很讚！！我一直對長野有很無聊的刻板印象"", ""cmtDate"": ""2023-05-10 03:22:00""}, {""cmtStatus"": ""→"", ""cmtPoster"": ""momo8988"", ""cmtContent"": "":真是對不起"", ""cmtDate"": ""2023-05-10 03:22:00""}, {""cmtStatus"": ""→"", ""cmtPoster"": ""cccmn"", ""cmtContent"": "":都梅雨季了去哪可能就待室內而以"", ""cmtDate"": ""2023-05-10 05:22:00""}, {""cmtStatus"": ""推"", ""cmtPoster"": ""TT"", ""cmtContent"": "":佐原-銚子-大洗或是往下99里海灘散步啊"", ""cmtDate"": ""2023-05-10 05:25:00""}, {""cmtStatus"": ""推"", ""cmtPoster"": ""wseedw"", ""cmtContent"": "":上高地不錯，而且路蠻好走的"", ""cmtDate"": ""2023-05-10 06:00:00""}, {""cmtStatus"": ""推"", ""cmtPoster"": ""MilkPu"", ""cmtContent"": "":推松本+上高地"", ""cmtDate"": ""2023-05-10 06:26:00""}, {""cmtStatus"": ""推"", ""cmtPoster"": ""jeyun"", ""cmtContent"": "":您比多數版友還熟東京近郊，需要的應該不是景點推"", ""cmtDate"": ""2023-05-10 06:51:00""}, {""cmtStatus"": ""→"", ""cmtPoster"": ""jeyun"", ""cmtContent"": "":薦，您需要的是了解家人的喜好"", ""cmtDate"": ""2023-05-10 06:51:00""}, {""cmtStatus"": ""推"", ""cmtPoster"": ""naker"", ""cmtContent"": "":去日光吧"", ""cmtDate"": ""2023-05-10 07:25:00""}, {""cmtStatus"": ""推"", ""cmtPoster"": ""IISSAA"", ""cmtContent"": "":諏訪湖+松本+上高地才去的(插鴃ꬩ"", ""cmtDate"": ""2023-05-10 07:29:00""}, {""cmtStatus"": ""推"", ""cmtPoster"": ""ineda"", ""cmtContent"": "":熱海後樂園有個spa區可以在場內用各種spa,閒和用餐"", ""cmtDate"": ""2023-05-10 07:47:00""}, {""cmtStatus"": ""→"", ""cmtPoster"": ""ineda"", ""cmtContent"": "":，還可以睡午覺，長輩說不定喜歡"", ""cmtDate"": ""2023-05-10 07:47:00""}, {""cmtStatus"": ""推"", ""cmtPoster"": ""monasa"", ""cmtContent"": "":河口湖啊"", ""cmtDate"": ""2023-05-10 07:54:00""}, {""cmtStatus"": ""→"", ""cmtPoster"": ""x24627785"", ""cmtContent"": "":覺得長野無聊代表你不是outdoor派"", ""cmtDate"": ""2023-05-10 08:10:00""}, {""cmtStatus"": ""推"", ""cmtPoster"": ""unicorn86"", ""cmtContent"": "":仙台or青森"", ""cmtDate"": ""2023-05-10 08:21:00""}, {""cmtStatus"": ""推"", ""cmtPoster"": ""vesia"", ""cmtContent"": "":對了！去京都吧(JR東海BGM)"", ""cmtDate"": ""2023-05-10 08:29:00""}, {""cmtStatus"": ""推"", ""cmtPoster"": ""Rissu"", ""cmtContent"": "":富士五湖阿箱根阿也不會太遠"", ""cmtDate"": ""2023-05-10 08:31:00""}, {""cmtStatus"": ""→"", ""cmtPoster"": ""afu46"", ""cmtContent"": "":現在是大家比賽推薦景點然後被打槍嗎？XDD"", ""cmtDate"": ""2023-05-10 08:32:00""}, {""cmtStatus"": ""→"", ""cmtPoster"": ""vesia"", ""cmtContent"": "":新幹線去，參加當地的定期觀光巴士一日遊"", ""cmtDate"": ""2023-05-10 08:38:00""}, {""cmtStatus"": ""→"", ""cmtPoster"": ""ivymorita"", ""cmtContent"": "":為何不直接問家人想去哪??"", ""cmtDate"": ""2023-05-10 08:44:00""}, {""cmtStatus"": ""→"", ""cmtPoster"": ""bjoe"", ""cmtContent"": "":以家人為主就去觀光客主流大點~~"", ""cmtDate"": ""2023-05-10 08:54:00""}, {""cmtStatus"": ""→"", ""cmtPoster"": ""tsuneo"", ""cmtContent"": "":很有主見的列出一堆不想去的..應該不用問人吧"", ""cmtDate"": ""2023-05-10 09:02:00""}, {""cmtStatus"": ""噓"", ""cmtPoster"": ""Alano"", ""cmtContent"": "":你們一堆先入為主的概念難怪打槍一堆"", ""cmtDate"": ""2023-05-10 09:04:00""}, {""cmtStatus"": ""→"", ""cmtPoster"": ""miruw"", ""cmtContent"": "":感覺你家人有雷旅伴傾向，會把「隨便都可以」掛嘴上"", ""cmtDate"": ""2023-05-10 09:05:00""}, {""cmtStatus"": ""→"", ""cmtPoster"": ""miruw"", ""cmtContent"": "":的那種"", ""cmtDate"": ""2023-05-10 09:05:00""}, {""cmtStatus"": ""→"", ""cmtPoster"": ""miruw"", ""cmtContent"": "":找那種日帰りバスツアー，裡面有看景點+採水果加午"", ""cmtDate"": ""2023-05-10 09:09:00""}, {""cmtStatus"": ""→"", ""cmtPoster"": ""miruw"", ""cmtContent"": "":餐是吃到飽那種"", ""cmtDate"": ""2023-05-10 09:09:00""}, {""cmtStatus"": ""→"", ""cmtPoster"": ""miruw"", ""cmtContent"": "":或者你們自己就仿照他們的行程，自己開車去"", ""cmtDate"": ""2023-05-10 09:11:00""}, {""cmtStatus"": ""推"", ""cmtPoster"": ""SPEEDPOP"", ""cmtContent"": "":新潟就算沒有藝術祭也滿好玩的吧?去過彌彥神社和燕"", ""cmtDate"": ""2023-05-10 09:24:00""}, {""cmtStatus"": ""→"", ""cmtPoster"": ""SPEEDPOP"", ""cmtContent"": "":三条那一帶有鐵器有拉麵有海鮮看朋友黃金周去清津"", ""cmtDate"": ""2023-05-10 09:24:00""}, {""cmtStatus"": ""→"", ""cmtPoster"": ""SPEEDPOP"", ""cmtContent"": "":溪峽谷那裡也滿漂亮的"", ""cmtDate"": ""2023-05-10 09:25:00""}, {""cmtStatus"": ""推"", ""cmtPoster"": ""richer23"", ""cmtContent"": "":感謝您為我們提供這麼多旅遊景點"", ""cmtDate"": ""2023-05-10 09:25:00""}, {""cmtStatus"": ""推"", ""cmtPoster"": ""linsingpark"", ""cmtContent"": "":沖繩不錯"", ""cmtDate"": ""2023-05-10 09:27:00""}, {""cmtStatus"": ""→"", ""cmtPoster"": ""SPEEDPOP"", ""cmtContent"": "":另外石川縣的地震發生在能登半島上離金澤還很遠"", ""cmtDate"": ""2023-05-10 09:28:00""}, {""cmtStatus"": ""→"", ""cmtPoster"": ""SPEEDPOP"", ""cmtContent"": "":影響不大"", ""cmtDate"": ""2023-05-10 09:28:00""}, {""cmtStatus"": ""→"", ""cmtPoster"": ""suiminkusuri"", ""cmtContent"": "":感覺已經不是景點的問題了=="", ""cmtDate"": ""2023-05-10 09:43:00""}, {""cmtStatus"": ""推"", ""cmtPoster"": ""zsxa1234"", ""cmtContent"": "":她們如果沒去過箱根就去箱根吧簡單輕鬆"", ""cmtDate"": ""2023-05-10 09:55:00""}, {""cmtStatus"": ""推"", ""cmtPoster"": ""keigowei"", ""cmtContent"": "":觀光客就觀光大點簡單明瞭，不用想的要多特別"", ""cmtDate"": ""2023-05-10 09:59:00""}, {""cmtStatus"": ""→"", ""cmtPoster"": ""misuta27"", ""cmtContent"": "":都住日本了竟然會有長野很無聊的刻板印象"", ""cmtDate"": ""2023-05-10 09:59:00""}, {""cmtStatus"": ""推"", ""cmtPoster"": ""AllenHuang"", ""cmtContent"": "":這邊限於常住台灣然後常跑日本的旅遊討論XDDDDDDDD"", ""cmtDate"": ""2023-05-10 10:00:00""}, {""cmtStatus"": ""推"", ""cmtPoster"": ""AllenHuang"", ""cmtContent"": "":不過一堆點都不行我想真的不是景點的問題"", ""cmtDate"": ""2023-05-10 10:02:00""}, {""cmtStatus"": ""推"", ""cmtPoster"": ""kiddcat"", ""cmtContent"": "":橫須賀和三浦海岸那裏還不錯"", ""cmtDate"": ""2023-05-10 10:08:00""}, {""cmtStatus"": ""推"", ""cmtPoster"": ""nakinight"", ""cmtContent"": "":你覺得無聊是因為你住那邊吧"", ""cmtDate"": ""2023-05-10 10:10:00""}, {""cmtStatus"": ""→"", ""cmtPoster"": ""js52666"", ""cmtContent"": "":不然在你家玩就好帶他們去逛商店街跟超市"", ""cmtDate"": ""2023-05-10 10:11:00""}, {""cmtStatus"": ""→"", ""cmtPoster"": ""js52666"", ""cmtContent"": "":有的人會想體驗日本生活"", ""cmtDate"": ""2023-05-10 10:12:00""}, {""cmtStatus"": ""推"", ""cmtPoster"": ""kiddcat"", ""cmtContent"": "":是你家人要來找你陪玩,你的愛好不是重點先拿掉"", ""cmtDate"": ""2023-05-10 10:15:00""}, {""cmtStatus"": ""→"", ""cmtPoster"": ""kiddcat"", ""cmtContent"": "":你和老公就是導遊和司機"", ""cmtDate"": ""2023-05-10 10:15:00""}, {""cmtStatus"": ""→"", ""cmtPoster"": ""kiddcat"", ""cmtContent"": "":應該問問他們想去哪吧,綜合起來總會有頭緒"", ""cmtDate"": ""2023-05-10 10:17:00""}, {""cmtStatus"": ""推"", ""cmtPoster"": ""dabiann"", ""cmtContent"": "":去住個界日光看瀑布採草莓"", ""cmtDate"": ""2023-05-10 10:17:00""}, {""cmtStatus"": ""推"", ""cmtPoster"": ""zarg1043"", ""cmtContent"": "":這種時候我都去抄jtb等旅行社的團"", ""cmtDate"": ""2023-05-10 10:17:00""}, {""cmtStatus"": ""推"", ""cmtPoster"": ""tsaihohan"", ""cmtContent"": "":東京：為什麼要排擠我，也是很多長輩喜歡來找我滴壓"", ""cmtDate"": ""2023-05-10 10:23:00""}, {""cmtStatus"": ""→"", ""cmtPoster"": ""ivymorita"", ""cmtContent"": "":覺得把你的喜好先拿掉+1"", ""cmtDate"": ""2023-05-10 10:26:00""}, {""cmtStatus"": ""推"", ""cmtPoster"": ""kiddcat"", ""cmtContent"": "":不然東京很多一日二日團,乾脆去報團你和老公也省事"", ""cmtDate"": ""2023-05-10 10:35:00""}, {""cmtStatus"": ""推"", ""cmtPoster"": ""bigguy"", ""cmtContent"": "":長野：我有好多高山美景滑雪場有人說我無聊"", ""cmtDate"": ""2023-05-10 10:43:00""}, {""cmtStatus"": ""推"", ""cmtPoster"": ""AngelaFaye"", ""cmtContent"": "":你都在日本了想去的地方就自己找時間去吧"", ""cmtDate"": ""2023-05-10 10:47:00""}, {""cmtStatus"": ""推"", ""cmtPoster"": ""kanokazurin"", ""cmtContent"": "":松本不錯"", ""cmtDate"": ""2023-05-10 10:52:00""}, {""cmtStatus"": ""推"", ""cmtPoster"": ""bigguy"", ""cmtContent"": "":就松本上高地安曇野一帶吧還有大王山葵農場"", ""cmtDate"": ""2023-05-10 10:55:00""}, {""cmtStatus"": ""推"", ""cmtPoster"": ""nien4009"", ""cmtContent"": "":福島五色沼和只見線離核災地很遠吧"", ""cmtDate"": ""2023-05-10 10:57:00""}, {""cmtStatus"": ""推"", ""cmtPoster"": ""SUZUKI5566"", ""cmtContent"": "":HIS、JTB抄一抄"", ""cmtDate"": ""2023-05-10 10:59:00""}, {""cmtStatus"": ""推"", ""cmtPoster"": ""dirtysoap"", ""cmtContent"": "":家人這麼多意見的話建議捨棄自己的喜好XD"", ""cmtDate"": ""2023-05-10 11:03:00""}, {""cmtStatus"": ""→"", ""cmtPoster"": ""pamayang"", ""cmtContent"": "":如果家人日本不知道玩什麼,直接約台灣,日本以外的"", ""cmtDate"": ""2023-05-10 11:09:00""}, {""cmtStatus"": ""→"", ""cmtPoster"": ""pamayang"", ""cmtContent"": "":國家一起玩會不會更好？"", ""cmtDate"": ""2023-05-10 11:09:00""}, {""cmtStatus"": ""推"", ""cmtPoster"": ""ruudge"", ""cmtContent"": "":不耐走去昭和記念公園騎腳踏車"", ""cmtDate"": ""2023-05-10 11:32:00""}, {""cmtStatus"": ""噓"", ""cmtPoster"": ""keineAhnung"", ""cmtContent"": "":短遊是啥鬼"", ""cmtDate"": ""2023-05-10 11:55:00""}, {""cmtStatus"": ""→"", ""cmtPoster"": ""delta0521"", ""cmtContent"": "":覺得先問她們有什麼購物清單（尤其常冒出怪東西的"", ""cmtDate"": ""2023-05-10 12:02:00""}, {""cmtStatus"": ""→"", ""cmtPoster"": ""delta0521"", ""cmtContent"": "":其他親友托買）一併考慮，以免出現一般藥妝店沒有品"", ""cmtDate"": ""2023-05-10 12:02:00""}, {""cmtStatus"": ""→"", ""cmtPoster"": ""delta0521"", ""cmtContent"": "":項（loft，hands，百貨櫃之類）"", ""cmtDate"": ""2023-05-10 12:02:00""}, {""cmtStatus"": ""→"", ""cmtPoster"": ""aeiou159357"", ""cmtContent"": "":箱根河口湖"", ""cmtDate"": ""2023-05-10 12:27:00""}, {""cmtStatus"": ""→"", ""cmtPoster"": ""p155239"", ""cmtContent"": "":川越或鎌倉"", ""cmtDate"": ""2023-05-10 12:32:00""}, {""cmtStatus"": ""推"", ""cmtPoster"": ""owlonoak"", ""cmtContent"": "":砸大錢去箱根訂富士屋等級的旅館保證滿意"", ""cmtDate"": ""2023-05-10 12:46:00""}, {""cmtStatus"": ""推"", ""cmtPoster"": ""s1001234"", ""cmtContent"": "":大洗"", ""cmtDate"": ""2023-05-10 13:19:00""}, {""cmtStatus"": ""→"", ""cmtPoster"": ""yumeixuan"", ""cmtContent"": "":你講話有夠矛盾的"", ""cmtDate"": ""2023-05-10 13:43:00""}, {""cmtStatus"": ""推"", ""cmtPoster"": ""hyuchi0202"", ""cmtContent"": "":不泡大眾池可以找房間內半戶外泡湯的阿"", ""cmtDate"": ""2023-05-10 13:53:00""}, {""cmtStatus"": ""→"", ""cmtPoster"": ""bloodpiece"", ""cmtContent"": "":...你是不是不愛出門"", ""cmtDate"": ""2023-05-10 13:54:00""}, {""cmtStatus"": ""→"", ""cmtPoster"": ""bloodpiece"", ""cmtContent"": "":你家人來幾天會有幾天跟你一起玩這些資訊都沒有"", ""cmtDate"": ""2023-05-10 13:54:00""}, {""cmtStatus"": ""→"", ""cmtPoster"": ""bloodpiece"", ""cmtContent"": "":你家人都不知道你也不知道你們約韓國算了"", ""cmtDate"": ""2023-05-10 13:55:00""}, {""cmtStatus"": ""→"", ""cmtPoster"": ""borriss"", ""cmtContent"": "":JAXA60歲那代剛好小時候有太空熱(咦"", ""cmtDate"": ""2023-05-10 14:02:00""}, {""cmtStatus"": ""推"", ""cmtPoster"": ""s1an"", ""cmtContent"": "":福島"", ""cmtDate"": ""2023-05-10 14:47:00""}, {""cmtStatus"": ""噓"", ""cmtPoster"": ""Ksheep"", ""cmtContent"": "":住日本都想不到哪裡好玩乾脆待在家算了"", ""cmtDate"": ""2023-05-10 15:17:00""}, {""cmtStatus"": ""→"", ""cmtPoster"": ""whitelady"", ""cmtContent"": "":你成員有病人就排輕鬆一點的行程，箱根或河口湖兩"", ""cmtDate"": ""2023-05-10 15:26:00""}, {""cmtStatus"": ""→"", ""cmtPoster"": ""whitelady"", ""cmtContent"": "":天一夜就好，溫泉旅館還是可以考慮，不想泡大眾池的"", ""cmtDate"": ""2023-05-10 15:27:00""}, {""cmtStatus"": ""→"", ""cmtPoster"": ""whitelady"", ""cmtContent"": "":還是可以泡房間的池子或浴缸"", ""cmtDate"": ""2023-05-10 15:28:00""}, {""cmtStatus"": ""→"", ""cmtPoster"": ""ivymorita"", ""cmtContent"": "":家人們日本都去透了所以找不到點去嗎"", ""cmtDate"": ""2023-05-10 16:14:00""}, {""cmtStatus"": ""推"", ""cmtPoster"": ""Kvagrant"", ""cmtContent"": "":上高地漂亮但要走不少路喔。"", ""cmtDate"": ""2023-05-10 18:27:00""}, {""cmtStatus"": ""推"", ""cmtPoster"": ""chasewang"", ""cmtContent"": "":回文態度推推"", ""cmtDate"": ""2023-05-10 18:37:00""}, {""cmtStatus"": ""→"", ""cmtPoster"": ""siamn"", ""cmtContent"": "":不耐走上高地有點拚喔，不然就巴士直接衝河童橋"", ""cmtDate"": ""2023-05-10 18:51:00""}, {""cmtStatus"": ""推"", ""cmtPoster"": ""internate100"", ""cmtContent"": "":排幾個行程，傳照片給他們看，讓他們選"", ""cmtDate"": ""2023-05-10 20:14:00""}, {""cmtStatus"": ""推"", ""cmtPoster"": ""bluearrow"", ""cmtContent"": "":阿姨癌症治療中的話,免疫力跟體力都比較差,餐食要找"", ""cmtDate"": ""2023-05-10 20:37:00""}, {""cmtStatus"": ""→"", ""cmtPoster"": ""bluearrow"", ""cmtContent"": "":可全熟的,行程排鬆點,最好也避開人很多的地方"", ""cmtDate"": ""2023-05-10 20:37:00""}, {""cmtStatus"": ""推"", ""cmtPoster"": ""yuandsan"", ""cmtContent"": "":參觀福島第一原發很特別"", ""cmtDate"": ""2023-05-10 21:47:00""}, {""cmtStatus"": ""推"", ""cmtPoster"": ""aszx4510"", ""cmtContent"": "":原po態度真好給推另外小小建議可以給個大方向"", ""cmtDate"": ""2023-05-10 22:10:00""}, {""cmtStatus"": ""→"", ""cmtPoster"": ""aszx4510"", ""cmtContent"": "":比如想要什麼類型or類似的感覺這樣版友比較好推薦"", ""cmtDate"": ""2023-05-10 22:10:00""}, {""cmtStatus"": ""推"", ""cmtPoster"": ""magicemily"", ""cmtContent"": "":我可以理解，原po拍拍，我是很少出門加上帶一個三"", ""cmtDate"": ""2023-05-11 01:37:00""}, {""cmtStatus"": ""→"", ""cmtPoster"": ""magicemily"", ""cmtContent"": "":歲半獸人，之前家人來玩真的是幾乎想不到任何一個"", ""cmtDate"": ""2023-05-11 01:37:00""}, {""cmtStatus"": ""→"", ""cmtPoster"": ""magicemily"", ""cmtContent"": "":地方想去，要來的人又說去哪都好導致我壓力超大…"", ""cmtDate"": ""2023-05-11 01:37:00""}, {""cmtStatus"": ""→"", ""cmtPoster"": ""magicemily"", ""cmtContent"": "":我最後放棄自己意見直接參考旅遊網站"", ""cmtDate"": ""2023-05-11 01:37:00""}, {""cmtStatus"": ""推"", ""cmtPoster"": ""pilis"", ""cmtContent"": "":我自己覺得家人來重要的是聚一聚，景點之類真的可"", ""cmtDate"": ""2023-05-11 02:26:00""}, {""cmtStatus"": ""→"", ""cmtPoster"": ""pilis"", ""cmtContent"": "":有可無，哪怕只是親子餐廳吃飯或公園隨意散步。"", ""cmtDate"": ""2023-05-11 02:26:00""}, {""cmtStatus"": ""推"", ""cmtPoster"": ""mitkaffee"", ""cmtContent"": "":但我真的能理解原推的心理"", ""cmtDate"": ""2023-05-11 14:36:00""}, {""cmtStatus"": ""→"", ""cmtPoster"": ""mitkaffee"", ""cmtContent"": "":我之前住福岡家人來也真的不知道哪裡好玩"", ""cmtDate"": ""2023-05-11 14:36:00""}, {""cmtStatus"": ""→"", ""cmtPoster"": ""mitkaffee"", ""cmtContent"": "":感覺繞來繞去還是家裡附近悠閒散步最好玩"", ""cmtDate"": ""2023-05-11 14:36:00""}, {""cmtStatus"": ""推"", ""cmtPoster"": ""makio"", ""cmtContent"": "":高尾山應該算是最最最輕鬆的郊山"", ""cmtDate"": ""2023-05-12 00:25:00""}, {""cmtStatus"": ""→"", ""cmtPoster"": ""makio"", ""cmtContent"": "":又近不用開/坐太久車但不知道不耐走是到什麼程度"", ""cmtDate"": ""2023-05-12 00:25:00""}, {""cmtStatus"": ""→"", ""cmtPoster"": ""makio"", ""cmtContent"": "":路很平坦坡度很緩就是一個在大自然中走路"", ""cmtDate"": ""2023-05-12 00:25:00""}, {""cmtStatus"": ""→"", ""cmtPoster"": ""makio"", ""cmtContent"": "":還可以先坐登山纜車到半山腰"", ""cmtDate"": ""2023-05-12 00:25:00""}, {""cmtStatus"": ""→"", ""cmtPoster"": ""makio"", ""cmtContent"": "":路途中補給商店也很多"", ""cmtDate"": ""2023-05-12 00:25:00""}, {""cmtStatus"": ""推"", ""cmtPoster"": ""sweetpea"", ""cmtContent"": "":裏磐梯高原。"", ""cmtDate"": ""2023-05-12 08:06:00""}, {""cmtStatus"": ""→"", ""cmtPoster"": ""danielhou"", ""cmtContent"": "":輕井澤搞不好你不喜歡但家人喜歡啊"", ""cmtDate"": ""2023-05-12 10:06:00""}, {""cmtStatus"": ""→"", ""cmtPoster"": ""starpid"", ""cmtContent"": "":同樓上是他們要玩又不是你要玩"", ""cmtDate"": ""2023-05-12 11:17:00""}]",126.35.94.97,2023-05-11 01:59:08,ptt
63,https://www.ptt.cc/bbs/Japan_Travel/M.1683672312.A.7E6.html,[心得]黃金週GW-中華&台哥大eSIM漫遊心得回報,2023-05-10 06:45:09,TT,Japan_Travel,"延續自己之前整理的台灣門號漫遊服務整理
https://www.ptt.cc/bbs/Japan_Travel/M.1672552581.A.225.html
這次正好是黃金週GW期間前往日本旅遊
去的地點從
佐原-大洗-日立-機場-仙台-東京
https://imgur.com/7teiMhq.jpg
算是郊區到市區通通都有利用到
趁有空把使用心得回報給大家
因為這次是3大1小的家族旅行
原先是有考慮租台WIFI機使用，但後來價格沒看到特別優惠

最後還是使用了以下三個方案
1.我用
台哥大預付卡eSIM漫遊
(之前228漲價前購買6D/499)
2.妹婿直接申租
(因為怕還有工作事務需求)
3.老妹使用
先簡單結論回報
1.
台哥大預付卡eSIM在人潮多的地方容易卡住
老實說，在人潮多的東京站我要取東北Pass票和購買的寶可夢列車訂票時
開信箱給我卡讀取真的超火大
後來在登起波的2樓我要開預約信給服務生時又卡住一次 = =
不然的話，這趟我們是從機場租車到佐原-大洗-日立
導航和照片上傳都沒問題，使用了12.7G
https://imgur.com/dNiPQSm.jpg
2.
這趟好險我們還有這個
3.熱點分享基本上都OK，但速度感覺都略卡

妹妹因為基本上和老公不太會分開，正好長榮點數即將到期所以換了一組優惠
https://imgur.com/ykLMcdq.jpg
但在申請時才發現她原先竟然跳出這個
https://imgur.com/AdxABUz.jpg
好奇心之下我就打中華的800詢問
原來是
無法撥打國際漫遊電話
剛好前陣子有幾位版友陸續寫信給我，不曉得他們打去有沒有問到能不能收簡訊的問題了？

原先是計畫如果妹婿碰到要撥打回台灣的時候
順便測試一下VoWiFi
不過因為這趟很幸運，沒碰到緊急事情，抱歉就沒得分享

另外稍微補充一下手機設定的部分(
)
https://imgur.com/31mR7WJ.jpg
如果你的iPhone支援eSIM
基本上操作就很簡單，只要降落日本機場開始能啟用通訊後
開啟行動服務撥打開通簡碼就好

P.s.原先因為提早買台哥大eSIM漫遊，心想效期到期日變短
不過早上起床要發文前才發現，疑？變到11月了，看來是根據開通當天有刷新
https://imgur.com/xNd8shm.jpg
以上經驗再分享給大家，提供各位當參考
至於
問我台哥大eSIM還會不會繼續使用？
我是覺得還行啦!畢竟6天才499，中華一天可是298
只是可能要額外買個流量制的中華電信漫遊來預備
不然真的翻車時你會火氣爆升
台哥大不神，但很便宜 XD","[{""cmtStatus"": ""推"", ""cmtPoster"": ""yanagawa"", ""cmtContent"": "":以天數吃到飽~台哥大只要199/天"", ""cmtDate"": ""2023-05-10 09:29:00""}, {""cmtStatus"": ""→"", ""cmtPoster"": ""yanagawa"", ""cmtContent"": "":但還是最推原門號5G流量~相較下比較穩定"", ""cmtDate"": ""2023-05-10 09:31:00""}, {""cmtStatus"": ""→"", ""cmtPoster"": ""yanagawa"", ""cmtContent"": "":這次使用K家IIJ，不知道為什麼兩隻iphone都不能開分"", ""cmtDate"": ""2023-05-10 09:32:00""}, {""cmtStatus"": ""→"", ""cmtPoster"": ""yanagawa"", ""cmtContent"": "":想，上個月同一家確又可以"", ""cmtDate"": ""2023-05-10 09:32:00""}, {""cmtStatus"": ""推"", ""cmtPoster"": ""historyfirst"", ""cmtContent"": "":之前都用中華方便但不曉得今年訊號如何"", ""cmtDate"": ""2023-05-10 09:58:00""}, {""cmtStatus"": ""推"", ""cmtPoster"": ""clvmomo"", ""cmtContent"": "":中華298好像是有用才會收費可以當備用的"", ""cmtDate"": ""2023-05-10 09:59:00""}, {""cmtStatus"": ""→"", ""cmtPoster"": ""jlv800802"", ""cmtContent"": "":中華VIP客戶的話168/天吃到飽"", ""cmtDate"": ""2023-05-10 10:08:00""}, {""cmtStatus"": ""推"", ""cmtPoster"": ""flosser"", ""cmtContent"": "":Kkday的IIJ也是vmobile.jp"", ""cmtDate"": ""2023-05-10 10:24:00""}, {""cmtStatus"": ""推"", ""cmtPoster"": ""ziponer"", ""cmtContent"": "":我都是直接與預約漫遊"", ""cmtDate"": ""2023-05-10 10:50:00""}, {""cmtStatus"": ""推"", ""cmtPoster"": ""wywy"", ""cmtContent"": "":4月底在東北，左右用中華8G/8天$688，偶爾不順，其"", ""cmtDate"": ""2023-05-10 10:52:00""}, {""cmtStatus"": ""→"", ""cmtPoster"": ""wywy"", ""cmtContent"": "":他時間還ok"", ""cmtDate"": ""2023-05-10 10:52:00""}, {""cmtStatus"": ""推"", ""cmtPoster"": ""aspire0400"", ""cmtContent"": "":黃金周去了岡山，倉敷，神戶及大阪，辦中華漫遊2GB"", ""cmtDate"": ""2023-05-10 11:24:00""}, {""cmtStatus"": ""→"", ""cmtPoster"": ""aspire0400"", ""cmtContent"": "":輕量型，除了某些地下室外，大部分都蠻順暢的。"", ""cmtDate"": ""2023-05-10 11:24:00""}, {""cmtStatus"": ""推"", ""cmtPoster"": ""rybar"", ""cmtContent"": "":去日本開原號漫遊最方便"", ""cmtDate"": ""2023-05-10 18:37:00""}, {""cmtStatus"": ""→"", ""cmtPoster"": ""rybar"", ""cmtContent"": "":我用中華覺得網路很穩，不會像有些吃到飽網卡頓頓的"", ""cmtDate"": ""2023-05-10 18:39:00""}, {""cmtStatus"": ""→"", ""cmtPoster"": ""rybar"", ""cmtContent"": "":而且隨時能用APP補流量"", ""cmtDate"": ""2023-05-10 18:39:00""}, {""cmtStatus"": ""推"", ""cmtPoster"": ""griffick"", ""cmtContent"": "":推中華原號漫遊"", ""cmtDate"": ""2023-05-10 22:59:00""}, {""cmtStatus"": ""推"", ""cmtPoster"": ""mars78"", ""cmtContent"": "":台哥我覺得蠻穩定的，新宿一帶走跳都穩，而且價格划"", ""cmtDate"": ""2023-05-11 12:23:00""}, {""cmtStatus"": ""→"", ""cmtPoster"": ""mars78"", ""cmtContent"": "":算"", ""cmtDate"": ""2023-05-11 12:23:00""}, {""cmtStatus"": ""推"", ""cmtPoster"": ""clover1209"", ""cmtContent"": "":上週自駕從仙台往北到花卷再往東到釜石再南下回仙台"", ""cmtDate"": ""2023-05-11 13:42:00""}, {""cmtStatus"": ""→"", ""cmtPoster"": ""clover1209"", ""cmtContent"": "":，買klook的esin吃到飽五天490覺得方便，整路都覺得"", ""cmtDate"": ""2023-05-11 13:42:00""}, {""cmtStatus"": ""→"", ""cmtPoster"": ""clover1209"", ""cmtContent"": "":網速很可以～"", ""cmtDate"": ""2023-05-11 13:42:00""}, {""cmtStatus"": ""推"", ""cmtPoster"": ""clover1209"", ""cmtContent"": "":這個esim安裝很方便，然後我實體卡插中華卡有關漫遊"", ""cmtDate"": ""2023-05-11 13:44:00""}, {""cmtStatus"": ""→"", ""cmtPoster"": ""clover1209"", ""cmtContent"": "":，電話簡訊沒關"", ""cmtDate"": ""2023-05-11 13:44:00""}, {""cmtStatus"": ""推"", ""cmtPoster"": ""lookad"", ""cmtContent"": "":中華青春無敵有漫遊方案5日吃到飽488，可以參考看看"", ""cmtDate"": ""2023-05-11 17:45:00""}, {""cmtStatus"": ""→"", ""cmtPoster"": ""lookad"", ""cmtContent"": "":但這方案限青春無敵用戶購買，登入後才看得到"", ""cmtDate"": ""2023-05-11 17:47:00""}]",1.173.50.175,2023-05-11 01:59:08,ptt
64,https://www.ptt.cc/bbs/Japan_Travel/M.1683679123.A.716.html,[問題]東橫INN重複刷卡付款(東京淺草橋東口),2023-05-10 08:38:41,emeraldjbk,Japan_Travel,"請問各位 東橫INN重複刷卡付款問題

入住 東橫INN 東京秋葉淺草橋站東口

5/6 及 5/7 兩個晚上 5/8早上退房

入住前 已經在官網線上付款 JPY 21375

辦理入住時已確認事前的線上付款 並入住

辦入住當下 職員問我說要不要 清潔房間? 不清房間 ECO方案 可以退300日幣

我說好 不需要清潔房間 職員說會在退房後辦理退

結果5/8退房後 收到銀行消費通知 日本時間 5/8晚上23:52 消費台幣 4843

官網 會員頁面 過去的住宿 這筆已經被改成 JPY 21075

試者聯繫飯店 email
[email protected]
目前沒得到回覆

剛剛聯繫銀行確認 線上付款 JPY 21375 已請款 , 銀行那邊後來沒有看到退款紀錄

請問大家 有類似的經驗嗎? 要怎麼處理比較好?

感謝
","[{""cmtStatus"": ""推"", ""cmtPoster"": ""milkco"", ""cmtContent"": "":四月住這間，一樣情況，最後有刷退"", ""cmtDate"": ""2023-05-10 08:44:00""}, {""cmtStatus"": ""→"", ""cmtPoster"": ""afu46"", ""cmtContent"": "":入住時你還有把卡給職員刷？那時候應該就直接問了"", ""cmtDate"": ""2023-05-10 08:45:00""}, {""cmtStatus"": ""推"", ""cmtPoster"": ""Faulco"", ""cmtContent"": "":應該會刷退第一筆，請款第二筆，再等看看"", ""cmtDate"": ""2023-05-10 08:46:00""}, {""cmtStatus"": ""→"", ""cmtPoster"": ""emeraldjbk"", ""cmtContent"": "":感謝milkco大大回覆^^"", ""cmtDate"": ""2023-05-10 08:47:00""}, {""cmtStatus"": ""→"", ""cmtPoster"": ""emeraldjbk"", ""cmtContent"": "":入住時沒有再刷卡"", ""cmtDate"": ""2023-05-10 08:47:00""}, {""cmtStatus"": ""推"", ""cmtPoster"": ""TT"", ""cmtContent"": "":有些是後來才刷退，看當月結帳表出來最準"", ""cmtDate"": ""2023-05-10 09:12:00""}, {""cmtStatus"": ""推"", ""cmtPoster"": ""a0913"", ""cmtContent"": "":東橫要傳真沒信箱可以用"", ""cmtDate"": ""2023-05-10 09:23:00""}, {""cmtStatus"": ""推"", ""cmtPoster"": ""cpylislv"", ""cmtContent"": "":東橫記得之後會刷退"", ""cmtDate"": ""2023-05-10 09:29:00""}, {""cmtStatus"": ""→"", ""cmtPoster"": ""BMB2698"", ""cmtContent"": "":線上付款可優惠我也曾被重複刷，後來回台有刷退"", ""cmtDate"": ""2023-05-10 09:36:00""}, {""cmtStatus"": ""推"", ""cmtPoster"": ""miname"", ""cmtContent"": "":我是在退房的時候被要求拿卡出來現地刷退"", ""cmtDate"": ""2023-05-10 10:08:00""}, {""cmtStatus"": ""推"", ""cmtPoster"": ""g32413"", ""cmtContent"": "":我都是去才付現或刷卡"", ""cmtDate"": ""2023-05-10 10:09:00""}, {""cmtStatus"": ""推"", ""cmtPoster"": ""iddee"", ""cmtContent"": "":線上付款有優惠嗎??線上可以刷JCB嗎?"", ""cmtDate"": ""2023-05-10 10:22:00""}, {""cmtStatus"": ""推"", ""cmtPoster"": ""willieliu"", ""cmtContent"": "":認真回某樓東橫其實有信箱就是你訂房後傳給你的"", ""cmtDate"": ""2023-05-10 10:38:00""}, {""cmtStatus"": ""→"", ""cmtPoster"": ""willieliu"", ""cmtContent"": "":那個分店信箱只是不是每間店都會回我有遇過會回"", ""cmtDate"": ""2023-05-10 10:38:00""}, {""cmtStatus"": ""→"", ""cmtPoster"": ""willieliu"", ""cmtContent"": "":的也有不會的"", ""cmtDate"": ""2023-05-10 10:38:00""}, {""cmtStatus"": ""推"", ""cmtPoster"": ""lulenei"", ""cmtContent"": "":常見的是第一筆可能刷退或不請款"", ""cmtDate"": ""2023-05-10 12:41:00""}, {""cmtStatus"": ""推"", ""cmtPoster"": ""blue2999"", ""cmtContent"": "":線上付款有優惠200的樣子吉鶴卡刷得過"", ""cmtDate"": ""2023-05-10 13:02:00""}, {""cmtStatus"": ""→"", ""cmtPoster"": ""bonbondai"", ""cmtContent"": "":好像有朋友有遇到最後也是有刷退"", ""cmtDate"": ""2023-05-10 15:10:00""}, {""cmtStatus"": ""→"", ""cmtPoster"": ""BMB2698"", ""cmtContent"": "":我有刷退但是刷退國外交易手續費不一樣！少退"", ""cmtDate"": ""2023-05-10 16:25:00""}, {""cmtStatus"": ""推"", ""cmtPoster"": ""kh950104"", ""cmtContent"": "":放心後來會刷退，4月入住時也現場加入會員重刷一次"", ""cmtDate"": ""2023-05-10 16:59:00""}, {""cmtStatus"": ""→"", ""cmtPoster"": ""porfavor"", ""cmtContent"": "":有刷退，另外eco方案和線上預先刷卡繳費都可以再便"", ""cmtDate"": ""2023-05-10 17:45:00""}, {""cmtStatus"": ""→"", ""cmtPoster"": ""porfavor"", ""cmtContent"": "":宜一點點。"", ""cmtDate"": ""2023-05-10 17:45:00""}, {""cmtStatus"": ""推"", ""cmtPoster"": ""chinyu9088"", ""cmtContent"": "":後面付款的會先請款隔幾天會刷退前一筆的金額"", ""cmtDate"": ""2023-05-10 18:24:00""}, {""cmtStatus"": ""推"", ""cmtPoster"": ""willieliu"", ""cmtContent"": "":a大會啊我不是有說了嗎？"", ""cmtDate"": ""2023-05-10 19:06:00""}, {""cmtStatus"": ""→"", ""cmtPoster"": ""willieliu"", ""cmtContent"": "":不然你也可以爬一篇以前有一位在東橫工作的台灣人"", ""cmtDate"": ""2023-05-10 19:08:00""}, {""cmtStatus"": ""→"", ""cmtPoster"": ""willieliu"", ""cmtContent"": "":的回文他就有說過他們其實能收到你回覆的信只是"", ""cmtDate"": ""2023-05-10 19:08:00""}, {""cmtStatus"": ""→"", ""cmtPoster"": ""willieliu"", ""cmtContent"": "":不是每間都會看都會回"", ""cmtDate"": ""2023-05-10 19:08:00""}, {""cmtStatus"": ""推"", ""cmtPoster"": ""sandypopo"", ""cmtContent"": "":上週剛回來，同情況！櫃台人員當初有提先刷後退，要"", ""cmtDate"": ""2023-05-10 19:54:00""}, {""cmtStatus"": ""→"", ""cmtPoster"": ""sandypopo"", ""cmtContent"": "":我別緊張！所以等月底帳單出來再看！"", ""cmtDate"": ""2023-05-10 19:54:00""}, {""cmtStatus"": ""推"", ""cmtPoster"": ""geesegeese"", ""cmtContent"": "":不會重複收費"", ""cmtDate"": ""2023-05-10 20:46:00""}, {""cmtStatus"": ""推"", ""cmtPoster"": ""janeeyboom"", ""cmtContent"": "":上個月也有遇過，東橫會刷退第一筆"", ""cmtDate"": ""2023-05-10 22:56:00""}]",210.200.31.130,2023-05-11 01:59:08,ptt
65,https://www.ptt.cc/bbs/Japan_Travel/M.1683701636.A.FE0.html,[問題]東京6天5夜行程請益,2023-05-10 14:53:54,qqcc023,Japan_Travel,"大家好～我跟老公預計6月去日本，飯店已訂好
想請大家幫忙看看行程，感謝感謝

第一天 6/1（四）
05:40 到成田機場
-》找個咖啡廳坐坐
-》搭乘京城Access 到淺草站
-》淺草寺、仲見世通商店街
-〉中午吃淺草金半
-》下午繼續逛商店街 （還是能在排其它點？）
-〉晴空塔附近晃晃
-》晚餐隨機吃
-〉回飯店check in (淺草東武）

第二天 6/2 （五）

7:00起床
-》前往迪士尼

整天園區

-〉回飯店(淺草東武）

第三天 6/3 （六） 順序調換

8:00起床
-》前往築地
-〉中午東京車站 敘敘苑
-》周邊百貨晃晃 （大丸百貨、kiddland)
-〉秋葉原
-》有樂町
-〉晚餐隨機吃
-〉回飯店(淺草東武）


第四天 6/4 （日） 或去鐮倉江之島

8:00起床
要換飯店帶行李 飯店在北青山
考慮要不要先去放行李（飯店有說可以提早）
-》涉谷 茶咖堂吃早餐
-〉竹下通商店街
-》中目黑星巴克
-〉中午吃阿芙莉拉麵
-》原宿、涉谷晃晃
-〉傍晚shibuya sky
-〉晚餐利久牛舌
-》回飯店check in Aoyama

第五天 6/5（ㄧ）
7:00起床

-〉青山一丁目搭大江戶線到新宿 或
      外苑前站
-》新宿換富士回遊號
-〉富士山站下車換普通車到下吉田站
-》新倉淺間神社
-〉下吉田商店街
-》回車站搭普通車到河口湖
-〉品嚐不動ほうとう(餺飥麵)
-》回飯店 秀峰閣check in

回飯店前河口湖站附近晃晃（不知道有沒有可以看夕陽的地方）

第六天 6/6 （二）
7:00起床

-》飯店吃早餐
-〉到河口湖站寄放行李
-》購買富士五合目 搭巴士11:00出發的
-〉回河口湖搭15:00富士回遊
-》新宿站搭17:39 成田特快
-〉到成田登機
-》晚餐在機場吃
-》樂桃22:15出發回台北班機


以上

還有一些問題想請教大家～～～

1.乘車車票怎麼買比較划算呢？
2.其實也還想去鐮倉 但應該排不下
3.河口湖隔天有沒有什麼可以早一點回新宿或東京車站周邊的方式？
（雖然會買東京廣域周遊券）
4. 行程會不會太緊湊？
5.景點順序有需要調整的嗎？

以上 謝謝大家
","[{""cmtStatus"": ""推"", ""cmtPoster"": ""Garfield75"", ""cmtContent"": "":第一天到市區時間太早了，要嘛找間早午餐好好休息"", ""cmtDate"": ""2023-05-10 14:53:54""}, {""cmtStatus"": ""→"", ""cmtPoster"": ""Garfield75"", ""cmtContent"": "":，要嘛去築地吃飯？淺草、晴空塔應該要十點以後才"", ""cmtDate"": ""2023-05-10 14:53:54""}, {""cmtStatus"": ""→"", ""cmtPoster"": ""Garfield75"", ""cmtContent"": "":開始陸續營業"", ""cmtDate"": ""2023-05-10 14:53:54""}, {""cmtStatus"": ""推"", ""cmtPoster"": ""kevinhon"", ""cmtContent"": "":D2秋葉原接東京車站後較順，而且你日期星期幾都沒"", ""cmtDate"": ""2023-05-10 14:53:54""}, {""cmtStatus"": ""→"", ""cmtPoster"": ""kevinhon"", ""cmtContent"": "":寫，天曉得那些點都有無營業"", ""cmtDate"": ""2023-05-10 14:53:54""}, {""cmtStatus"": ""推"", ""cmtPoster"": ""owlonoak"", ""cmtContent"": "":八點起床去迪士尼太晚了唷"", ""cmtDate"": ""2023-05-10 14:53:54""}, {""cmtStatus"": ""→"", ""cmtPoster"": ""owlonoak"", ""cmtContent"": "":河口湖沒有任何地方可以看到夕陽"", ""cmtDate"": ""2023-05-10 14:53:54""}, {""cmtStatus"": ""推"", ""cmtPoster"": ""adychen1982"", ""cmtContent"": "":券..."", ""cmtDate"": ""2023-05-10 14:53:54""}, {""cmtStatus"": ""推"", ""cmtPoster"": ""owlonoak"", ""cmtContent"": "":在東京就不用換住宿了住到北青山一晚隔天去河口湖"", ""cmtDate"": ""2023-05-10 14:53:54""}, {""cmtStatus"": ""→"", ""cmtPoster"": ""owlonoak"", ""cmtContent"": "":乾脆淺草東武住到底再去河口湖不就好了"", ""cmtDate"": ""2023-05-10 14:53:54""}, {""cmtStatus"": ""推"", ""cmtPoster"": ""SUZUKI5566"", ""cmtContent"": "":D1先逛淺草再去晴空塔吧不然看起來像折返跑"", ""cmtDate"": ""2023-05-10 14:53:54""}, {""cmtStatus"": ""→"", ""cmtPoster"": ""owlonoak"", ""cmtContent"": "":而且你那天好死不死周日你這個星巴克Afuri還有"", ""cmtDate"": ""2023-05-10 14:53:54""}, {""cmtStatus"": ""→"", ""cmtPoster"": ""SUZUKI5566"", ""cmtContent"": "":D2秋葉原要排後面，很多店下午之後才會開"", ""cmtDate"": ""2023-05-10 14:53:54""}, {""cmtStatus"": ""→"", ""cmtPoster"": ""owlonoak"", ""cmtContent"": "":Shibuyasky全部都是人潮爆炸的一級戰區"", ""cmtDate"": ""2023-05-10 15:46:00""}, {""cmtStatus"": ""→"", ""cmtPoster"": ""SUZUKI5566"", ""cmtContent"": "":D4看起來也很像折返跑..."", ""cmtDate"": ""2023-05-10 14:53:54""}, {""cmtStatus"": ""→"", ""cmtPoster"": ""bloodpiece"", ""cmtContent"": "":迪士尼我4月去是6點起床7點45到已經人山人海"", ""cmtDate"": ""2023-05-10 15:56:00""}, {""cmtStatus"": ""推"", ""cmtPoster"": ""rf3"", ""cmtContent"": "":迪士尼改到週五如何?單純避開週末"", ""cmtDate"": ""2023-05-10 14:53:54""}, {""cmtStatus"": ""推"", ""cmtPoster"": ""kevinhon"", ""cmtContent"": "":前面有提到D1到市區太早，乾脆先衝中目黑星巴克，紅"", ""cmtDate"": ""2023-05-10 15:58:00""}, {""cmtStatus"": ""→"", ""cmtPoster"": ""kevinhon"", ""cmtContent"": "":眼班機後來杯咖啡提神"", ""cmtDate"": ""2023-05-10 14:53:54""}, {""cmtStatus"": ""→"", ""cmtPoster"": ""kevinhon"", ""cmtContent"": "":D4開始用廣域嗎？這天改去鎌倉，只排市區逛街太浪費"", ""cmtDate"": ""2023-05-10 14:53:54""}, {""cmtStatus"": ""→"", ""cmtPoster"": ""kevinhon"", ""cmtContent"": "":了"", ""cmtDate"": ""2023-05-10 15:58:00""}, {""cmtStatus"": ""推"", ""cmtPoster"": ""bloodpiece"", ""cmtContent"": "":有非要週六去迪士尼的理由嗎XD"", ""cmtDate"": ""2023-05-10 14:53:54""}, {""cmtStatus"": ""→"", ""cmtPoster"": ""kevinhon"", ""cmtContent"": "":所以打日期/週幾很重要吧？"", ""cmtDate"": ""2023-05-10 14:53:54""}, {""cmtStatus"": ""→"", ""cmtPoster"": ""ivymorita"", ""cmtContent"": "":都在都心換宿無意義"", ""cmtDate"": ""2023-05-10 14:53:54""}, {""cmtStatus"": ""推"", ""cmtPoster"": ""yeahuar"", ""cmtContent"": "":迪士尼假日人很多吧..."", ""cmtDate"": ""2023-05-10 14:53:54""}, {""cmtStatus"": ""→"", ""cmtPoster"": ""bbyy1166"", ""cmtContent"": "":假日迪士尼應該擠爆"", ""cmtDate"": ""2023-05-10 14:53:54""}, {""cmtStatus"": ""推"", ""cmtPoster"": ""niehdan"", ""cmtContent"": "":今年5/2去迪士尼07:15到場排隊，08:15提前開園"", ""cmtDate"": ""2023-05-10 14:53:54""}, {""cmtStatus"": ""→"", ""cmtPoster"": ""niehdan"", ""cmtContent"": "":還要等安檢，實際進到園區的時間是九點，供你參考"", ""cmtDate"": ""2023-05-10 14:53:54""}, {""cmtStatus"": ""→"", ""cmtPoster"": ""afu46"", ""cmtContent"": "":青山一丁目大江戶線的月台在B5然後又帶行李箱嗯"", ""cmtDate"": ""2023-05-10 14:53:54""}, {""cmtStatus"": ""→"", ""cmtPoster"": ""afu46"", ""cmtContent"": "":就算要換宿也換在新宿附近，怎麼會住到北青山？"", ""cmtDate"": ""2023-05-10 14:53:54""}, {""cmtStatus"": ""→"", ""cmtPoster"": ""afu46"", ""cmtContent"": "":購內圖，月台變成B7，要出站找富士迴遊也不容易"", ""cmtDate"": ""2023-05-10 14:53:54""}, {""cmtStatus"": ""推"", ""cmtPoster"": ""marks777"", ""cmtContent"": "":6月梅雨季節記得帶雨具喔"", ""cmtDate"": ""2023-05-11 09:42:00""}, {""cmtStatus"": ""推"", ""cmtPoster"": ""mrtatami"", ""cmtContent"": "":第一天也可以順便去合羽橋道具街逛逛很好買"", ""cmtDate"": ""2023-05-11 15:01:00""}, {""cmtStatus"": ""推"", ""cmtPoster"": ""caesarliu"", ""cmtContent"": "":河口湖如果人多的話車站寄行李會很硬XD"", ""cmtDate"": ""2023-05-12 00:52:00""}, {""cmtStatus"": ""→"", ""cmtPoster"": ""caesarliu"", ""cmtContent"": "":天上山公園個人認為蠻值得去的，或許可以塞進去"", ""cmtDate"": ""2023-05-12 00:53:00""}, {""cmtStatus"": ""→"", ""cmtPoster"": ""caesarliu"", ""cmtContent"": "":而且跟秀峰閣一樣都是紅線會到"", ""cmtDate"": ""2023-05-12 00:54:00""}]",223.136.161.228,2023-05-11 01:59:08,ptt
66,https://www.ptt.cc/bbs/Japan_Travel/M.1683711258.A.721.html,[住宿]アルモントホテル日暮里(AlmontHotel),2023-05-10 17:34:14,s91ad017,Japan_Travel,"無音樂圖文版
https://s91ad017.pixnet.net/blog/post/233076589
入住日期:2023年3月

アルモントホテル日暮里 Almont Hotel Nippori
地址:116-0014, 東京都, 荒川区, 荒川区東日暮里5-47-1
電話：+81 3-5615-3431
本次費用:￥27,450 (三晚)另加早餐￥1540

飯店門口(位於日暮里站走路大概5分鐘)
有分為本館跟別館(我住的是本館)
本次住小型雙人房
一進門右邊掛衣處有拖鞋三個衣架保險箱
房間內部
床(有兩個枕頭)
電視壁掛型
夏普空氣清淨機
桌面很乾淨有煮水壺
玻璃杯、茶杯放在抽屜
冰箱
使用的是大金空調
浴室(沒有浴缸)
恆溫水龍頭
沐浴乳(REANA)

大浴場在三樓
浴場內部(我已經確認過沒有人了)
販賣機跟冰塊在三樓

因為Almont是法華集團的飯店
所以重點就是早餐
佃煮(2023/2.3月)
豬排蛋跟山藥泥
魚
油淋雞跟很像紅燒豆腐的料理
八寶菜跟中華麵
沙拉
三種麵包跟抹醬
水果跟蛋糕布丁
水煮香腸、培根、帶皮馬鈴薯
牛肉咖哩
蛋跟雞料理??
茶碗蒸
味噌湯(還是仙台強有三種)
內臟煮
天婦羅跟蕎麥
有些我也看不懂是什麼
我吃了兩天菜色會有一點小小的變化
有些就是可以單吃也可以組合成一種料理
布丁我忘記吃了
飲料有牛奶
還有咖啡但我忘記拍了

評價
優點:早餐非常豐富就是法華沒問題
     有大浴場可以使用
     有遇到會中文的服務人員
缺點:附近中午真不知道可以吃什麼
     要去市區都要先搭車到上野轉地鐵
","[{""cmtStatus"": ""推"", ""cmtPoster"": ""lity3426"", ""cmtContent"": "":附近真的荒涼XDD但是住起來很舒服"", ""cmtDate"": ""2023-05-10 17:34:14""}, {""cmtStatus"": ""推"", ""cmtPoster"": ""superguess"", ""cmtContent"": "":不錯欸，謝謝分享"", ""cmtDate"": ""2023-05-10 17:34:14""}, {""cmtStatus"": ""推"", ""cmtPoster"": ""takuma"", ""cmtContent"": "":早餐很不錯"", ""cmtDate"": ""2023-05-10 17:34:14""}, {""cmtStatus"": ""推"", ""cmtPoster"": ""ocean1202"", ""cmtContent"": "":已訂房，謝謝分享讓我想訂早餐了"", ""cmtDate"": ""2023-05-10 17:34:14""}, {""cmtStatus"": ""推"", ""cmtPoster"": ""orinsinal"", ""cmtContent"": "":三月底也住過這間，同推早餐。旁邊的嬰兒服飾店價"", ""cmtDate"": ""2023-05-10 17:34:14""}, {""cmtStatus"": ""→"", ""cmtPoster"": ""orinsinal"", ""cmtContent"": "":格超便宜"", ""cmtDate"": ""2023-05-10 17:34:14""}, {""cmtStatus"": ""噓"", ""cmtPoster"": ""blue2999"", ""cmtContent"": "":大浴場內可以拍照哦？我以為不是有沒有人的問題"", ""cmtDate"": ""2023-05-10 17:34:14""}, {""cmtStatus"": ""推"", ""cmtPoster"": ""danielgogogo"", ""cmtContent"": "":幫樓上補血都確認過沒人好心分享就不要哀哀叫了"", ""cmtDate"": ""2023-05-10 17:34:14""}, {""cmtStatus"": ""→"", ""cmtPoster"": ""danielgogogo"", ""cmtContent"": "":啦"", ""cmtDate"": ""2023-05-10 17:34:14""}, {""cmtStatus"": ""→"", ""cmtPoster"": ""takuma"", ""cmtContent"": "":在地人住的地方，附近有Origin便當店"", ""cmtDate"": ""2023-05-10 17:34:14""}, {""cmtStatus"": ""噓"", ""cmtPoster"": ""kuochung"", ""cmtContent"": "":我知道你確認過沒人，但他就是寫'攝影禁止'啦"", ""cmtDate"": ""2023-05-10 17:34:14""}, {""cmtStatus"": ""→"", ""cmtPoster"": ""kuochung"", ""cmtContent"": "":想想如果你進去時發現有人在拍照，你會不會不舒服"", ""cmtDate"": ""2023-05-10 17:34:14""}, {""cmtStatus"": ""噓"", ""cmtPoster"": ""Finallolipop"", ""cmtContent"": "":繼續拗…"", ""cmtDate"": ""2023-05-10 17:34:14""}, {""cmtStatus"": ""推"", ""cmtPoster"": ""Drizzle"", ""cmtContent"": "":3月也是住這間住起來很舒適超推"", ""cmtDate"": ""2023-05-10 17:34:14""}, {""cmtStatus"": ""噓"", ""cmtPoster"": ""sikasi"", ""cmtContent"": "":我幫你截圖投訴一下旅館好了，不用謝"", ""cmtDate"": ""2023-05-10 17:34:14""}, {""cmtStatus"": ""噓"", ""cmtPoster"": ""tedshell"", ""cmtContent"": "":照片裡面都拍到有請勿拍照了"", ""cmtDate"": ""2023-05-10 17:34:14""}, {""cmtStatus"": ""→"", ""cmtPoster"": ""blue2999"", ""cmtContent"": "":去爬他的文章就知道不是第一次拍大浴場了"", ""cmtDate"": ""2023-05-10 17:34:14""}, {""cmtStatus"": ""推"", ""cmtPoster"": ""sctpip"", ""cmtContent"": "":本月底要前往入住，非常期待！交通就轉個車，還ok"", ""cmtDate"": ""2023-05-11 22:47:00""}, {""cmtStatus"": ""→"", ""cmtPoster"": ""sctpip"", ""cmtContent"": "":啦！"", ""cmtDate"": ""2023-05-11 22:47:00""}]",1.163.212.67,2023-05-11 01:59:08,ptt
67,https://www.ptt.cc/bbs/Japan_Travel/M.1683718371.A.5B0.html,[問題]東京9天8夜7月第2周規劃請益,2023-05-10 19:32:43,AJCole,Japan_Travel,"一、背景說明：因工作空檔還不確定
              目前先規劃(引頸期盼)+訂好飯店
              行程人數：2人(跟老婆2nd自由行)
              第1次東京橫濱蜜月自助
              感恩很幸運疫情前2019.10成行
              但卻也遇到百年大颱!!!
              靜岡沒去成~期盼此次順利補上~~



二、出遊日期：9天8夜
              0708(六)下午去
              0715(日)清早回



三、住宿規劃：前7天-濱松町Mystay
              交通方便  這次選擇續住

              第8天-FontaineGrand羽田
              因應隔天一早搭機



四、每日行程：

    D1-0708周六
    下午出發、傍晚到羽田
    沒有暑假熱門時段去過日本
    對出關耗時沒概念
    抵達+出關+領行李+領票券抓2.5小時
    加上要搭車到市區  所以當天沒排行程
    晚餐(消夜)打算濱松町附近隨便吃
    隔天一早還要衝清水  想說早點洗洗睡



    ＃＃＃＃＃＃＃＃＃＃＃＃＃＃
    Day2-Day4  0709(日)~0711(二)
    東京廣域周遊券+都內盡量搭JR
    ＃＃＃＃＃＃＃＃＃＃＃＃＃＃



    D2-0709周日
    7點前品川搭到車!!
    長線就新幹線捏下去

    三島：對不起青春散策、可樂餅、源兵衛川
    清水：七夕祭、小丸子樂園
    靜岡：靜岡煮-nanaya冰淇淋
    <<逐點跑，沿路吃小東西，不特別吃午餐>>
    濱松町：晚餐



    D3-0710周一
    7點前上野搭到車
    輕井澤區租白貓電動腳踏車!

    輕井澤：舊輕井澤、中輕井澤、outlet(午餐)
    淺草：6點前回到上野
          走路去淺草演藝廳(虎與龍景點、晚餐)



    D4-0711周二
    7點前上野搭到車
    川越：星巴克、小川菊、隨意散策(午餐)
    台場：SmallWorldTokyo
    濱松町：晚餐



　　D5-0712周三
    橫濱：元町散策、冰川丸(中午後回東京)
　　銀座：伊東屋、Loft、和光百貨、其他隨意逛
    濱松町：晚餐



　　D6-0713周四
　　中野：三崎港迴轉壽司(回憶吃)
          中野百老匯(私心大推)
　　高圓寺：純情商店街(純打卡.小晃就閃)
　　吉祥寺：Sunroad商店街、大正通
    濱松町：晚餐



　　D7-0714周五　
　　新宿：Disney商店、伊勢丹、小倉山莊(午餐)
　　澀谷：PLAZA、唐吉軻德、Uniqlo、Parco、
          Tower音樂、藥妝.逛街(晚餐)



    D8-0715周六
    早上退房+飯店寄行李
    (或ecbo cloak在濱松町大門附近找寄物)

    荒川：三之輪橋-町屋(小坐一段.純體驗)
    龜有：阿兩雕像.派出所、南北口小散策
    日暮里：谷中銀座小逛小吃
　　池袋：還是買小倉山莊...
    上野：二木果子(買零食.聽說也有賣球卡?)
    東京市區：傍晚餐Gusto(想體驗家庭餐廳)
    羽田：早點到飯店休息，隔天一早飛機

　　D9-0716周日
　　一早搭機回台


五、特別問題：

    A.因為實在不知道夏天日本到底有多熱
　　　本身怕熱汗臭小肥宅  瑟瑟發抖中
      主要是怕臭到人 也怕老婆不耐曬
      怕戶外點不切實際排了太長時間
　　　懇求夏日東京好熱經驗談

    B.澀谷海賊商店疫情前停業了
      最近忽然發現好像重開 大家推嗎?

    C.求推薦上述景點順路的冰淇淋店
      怕熱肥宅再一問

    D.輕井澤若騎單車
      可以隨逛隨停嗎
      還是需要停在固定區域
      區域內要用走的
      怕變成交通小白失禮
      (同問題 川越也可單車模式?)

    E.周1-5有刻意把東京都內的通勤時段
      刻意避開了07-09、17-19
      有需要再把區間擴大30分鐘嗎?

    F.非限定版的小倉山莊
      會需要排隊且貨少很難買嗎?
      有點怕撲空  排了兩次
      甚至想趁轉乘 日本橋也跑一次


以上~~問題有點多
請益大家幫我評審看看~
感謝~


拜託~~讓我工作順利~請假成功阿(吶喊)
","[{""cmtStatus"": ""→"", ""cmtPoster"": ""AJCole"", ""cmtContent"": "":放棄了哈利波特(怕人爆多)、河口湖(夏富士難求)"", ""cmtDate"": ""2023-05-10 19:34:00""}, {""cmtStatus"": ""推"", ""cmtPoster"": ""leejones"", ""cmtContent"": "":d8要跑這麼多點？會很拼喔！真要這樣跑要龜有荒川對"", ""cmtDate"": ""2023-05-10 20:03:00""}, {""cmtStatus"": ""→"", ""cmtPoster"": ""leejones"", ""cmtContent"": "":調。"", ""cmtDate"": ""2023-05-10 20:03:00""}, {""cmtStatus"": ""→"", ""cmtPoster"": ""AJCole"", ""cmtContent"": "":D8我也一直在思考其實這天還是空白規劃"", ""cmtDate"": ""2023-05-10 20:33:00""}, {""cmtStatus"": ""→"", ""cmtPoster"": ""AJCole"", ""cmtContent"": "":只有確定會趁機買些伴手禮零食"", ""cmtDate"": ""2023-05-10 20:34:00""}, {""cmtStatus"": ""推"", ""cmtPoster"": ""kevinhon"", ""cmtContent"": "":好期班機是幾點，D8有需要換宿？D1也不至於太晚出關"", ""cmtDate"": ""2023-05-10 20:40:00""}, {""cmtStatus"": ""→"", ""cmtPoster"": ""Falcona"", ""cmtContent"": "":單純好奇為何幾乎都堅持回濱松町吃晚餐"", ""cmtDate"": ""2023-05-10 20:44:00""}, {""cmtStatus"": ""→"", ""cmtPoster"": ""ybite"", ""cmtContent"": "":廣域周遊券不適用JR東海的東海道新幹線你D2的靜岡"", ""cmtDate"": ""2023-05-10 20:58:00""}, {""cmtStatus"": ""→"", ""cmtPoster"": ""ybite"", ""cmtContent"": "":行程要另外買票"", ""cmtDate"": ""2023-05-10 20:58:00""}, {""cmtStatus"": ""→"", ""cmtPoster"": ""ybite"", ""cmtContent"": "":以你的規劃看起來周遊券不划算就是了"", ""cmtDate"": ""2023-05-10 21:00:00""}, {""cmtStatus"": ""→"", ""cmtPoster"": ""ybite"", ""cmtContent"": "":（東海道新幹線是整段不適用包括東京到熱海）"", ""cmtDate"": ""2023-05-10 21:00:00""}, {""cmtStatus"": ""→"", ""cmtPoster"": ""ybite"", ""cmtContent"": "":（那段搭一般電車的話廣域就只包到熱海+會搭很久"", ""cmtDate"": ""2023-05-10 21:01:00""}, {""cmtStatus"": ""→"", ""cmtPoster"": ""ybite"", ""cmtContent"": "":川越跟台場我覺得距離太遠乾脆川越回來逛池袋吧"", ""cmtDate"": ""2023-05-10 21:05:00""}, {""cmtStatus"": ""→"", ""cmtPoster"": ""ybite"", ""cmtContent"": "":Gusto分店超級多挑一個順路的吃就好了"", ""cmtDate"": ""2023-05-10 21:06:00""}, {""cmtStatus"": ""→"", ""cmtPoster"": ""ybite"", ""cmtContent"": "":東京通勤時間是進出城跟山手線擠住市中心問題不大"", ""cmtDate"": ""2023-05-10 21:11:00""}, {""cmtStatus"": ""推"", ""cmtPoster"": ""adychen1982"", ""cmtContent"": "":輕井澤七點前要搭到車，覺得睡不飽好累XDDD"", ""cmtDate"": ""2023-05-10 21:30:00""}, {""cmtStatus"": ""→"", ""cmtPoster"": ""AJCole"", ""cmtContent"": "":D9一早0855印象中是不是要抓2個小時+到?"", ""cmtDate"": ""2023-05-10 21:33:00""}, {""cmtStatus"": ""→"", ""cmtPoster"": ""AJCole"", ""cmtContent"": "":回推一早從市區6點左右就要搭車覺得小累QQ"", ""cmtDate"": ""2023-05-10 21:34:00""}, {""cmtStatus"": ""→"", ""cmtPoster"": ""AJCole"", ""cmtContent"": "":因為第一次去東京時濱松町吃過一次晚餐印象好"", ""cmtDate"": ""2023-05-10 21:36:00""}, {""cmtStatus"": ""→"", ""cmtPoster"": ""AJCole"", ""cmtContent"": "":附近夜晚蠻有FU非觀光景點想說不用排太久"", ""cmtDate"": ""2023-05-10 21:37:00""}, {""cmtStatus"": ""→"", ""cmtPoster"": ""AJCole"", ""cmtContent"": "":然後附近算上班族商業區其實蠻多壽司串燒居酒屋"", ""cmtDate"": ""2023-05-10 21:38:00""}, {""cmtStatus"": ""→"", ""cmtPoster"": ""ybite"", ""cmtContent"": "":你住濱松町往輕井澤的話東京換比較好起點站+上野"", ""cmtDate"": ""2023-05-10 21:38:00""}, {""cmtStatus"": ""→"", ""cmtPoster"": ""ybite"", ""cmtContent"": "":的新幹線轉乘走很久"", ""cmtDate"": ""2023-05-10 21:38:00""}, {""cmtStatus"": ""推"", ""cmtPoster"": ""kevinhon"", ""cmtContent"": "":你住大門/濱松町附近，回羽田5點多就有班次，半小時"", ""cmtDate"": ""2023-05-10 21:38:00""}, {""cmtStatus"": ""→"", ""cmtPoster"": ""kevinhon"", ""cmtContent"": "":內就到機場，兩個年輕人我是覺得可以不用換住機場"", ""cmtDate"": ""2023-05-10 21:38:00""}, {""cmtStatus"": ""→"", ""cmtPoster"": ""ybite"", ""cmtContent"": "":但要記得從東北北陸新幹線入口進去然後看清楚列車"", ""cmtDate"": ""2023-05-10 21:39:00""}, {""cmtStatus"": ""→"", ""cmtPoster"": ""AJCole"", ""cmtContent"": "":但也是暫規劃如原本的點吃飯免排也會順勢找吃"", ""cmtDate"": ""2023-05-10 21:39:00""}, {""cmtStatus"": ""→"", ""cmtPoster"": ""ybite"", ""cmtContent"": "":東北北陸新幹線組合很多搭錯車就去錯地方了"", ""cmtDate"": ""2023-05-10 21:40:00""}, {""cmtStatus"": ""推"", ""cmtPoster"": ""kevinhon"", ""cmtContent"": "":每天晚餐都要回濱松町的話，不就浪費了晚上在外面逛"", ""cmtDate"": ""2023-05-10 21:42:00""}, {""cmtStatus"": ""→"", ""cmtPoster"": ""kevinhon"", ""cmtContent"": "":的時間？D2老遠跑靜岡，這樣不是傍晚前就要離開？台"", ""cmtDate"": ""2023-05-10 21:42:00""}, {""cmtStatus"": ""→"", ""cmtPoster"": ""kevinhon"", ""cmtContent"": "":場橫濱也都是能看夜景的地方，吉祥寺也能逛到晚上"", ""cmtDate"": ""2023-05-10 21:42:00""}, {""cmtStatus"": ""→"", ""cmtPoster"": ""AJCole"", ""cmtContent"": "":感謝y大提醒研究路線時也有發現到時會細部確認"", ""cmtDate"": ""2023-05-10 21:42:00""}, {""cmtStatus"": ""→"", ""cmtPoster"": ""kevinhon"", ""cmtContent"": "":，美食也很多"", ""cmtDate"": ""2023-05-10 21:42:00""}, {""cmtStatus"": ""→"", ""cmtPoster"": ""ybite"", ""cmtContent"": "":川越的話池袋轉東武東上線會比較方便JR太繞路"", ""cmtDate"": ""2023-05-10 21:43:00""}, {""cmtStatus"": ""→"", ""cmtPoster"": ""AJCole"", ""cmtContent"": "":其實濱松町晚餐還有個原因我最早有規劃個3D-TRIP"", ""cmtDate"": ""2023-05-10 21:44:00""}, {""cmtStatus"": ""→"", ""cmtPoster"": ""AJCole"", ""cmtContent"": "":河口湖-輕井澤-川越因為都要早起"", ""cmtDate"": ""2023-05-10 21:44:00""}, {""cmtStatus"": ""→"", ""cmtPoster"": ""AJCole"", ""cmtContent"": "":那時候有刻意把前一天行程提早規劃濱松町早吃早休"", ""cmtDate"": ""2023-05-10 21:45:00""}, {""cmtStatus"": ""→"", ""cmtPoster"": ""AJCole"", ""cmtContent"": "":好像真的該思考看看拉回濱松町吃晚餐的效益感謝"", ""cmtDate"": ""2023-05-10 21:45:00""}, {""cmtStatus"": ""→"", ""cmtPoster"": ""AJCole"", ""cmtContent"": "":台場單純是太座愛剛好查到川越有到國際展示場"", ""cmtDate"": ""2023-05-10 21:48:00""}, {""cmtStatus"": ""→"", ""cmtPoster"": ""AJCole"", ""cmtContent"": "":就順勢排了但確實單趟要坐蠻久的....."", ""cmtDate"": ""2023-05-10 21:48:00""}, {""cmtStatus"": ""→"", ""cmtPoster"": ""AJCole"", ""cmtContent"": "":至於池袋原本有排後來想不太出吸引的點暫刪"", ""cmtDate"": ""2023-05-10 21:50:00""}, {""cmtStatus"": ""→"", ""cmtPoster"": ""AJCole"", ""cmtContent"": "":只排出站買小倉的備案"", ""cmtDate"": ""2023-05-10 21:50:00""}, {""cmtStatus"": ""→"", ""cmtPoster"": ""AJCole"", ""cmtContent"": "":所以去輕井澤其實東京轉比較方便@@之前怕東京大站"", ""cmtDate"": ""2023-05-10 21:53:00""}, {""cmtStatus"": ""→"", ""cmtPoster"": ""AJCole"", ""cmtContent"": "":轉乘要走很久+迷路故意避開看來要調整回來感謝"", ""cmtDate"": ""2023-05-10 21:54:00""}, {""cmtStatus"": ""→"", ""cmtPoster"": ""AJCole"", ""cmtContent"": "":其實也很猶豫早起但搭JR轉遠景點很怕7點後人潮QQ"", ""cmtDate"": ""2023-05-10 21:56:00""}, {""cmtStatus"": ""→"", ""cmtPoster"": ""ybite"", ""cmtContent"": "":池袋的animate剛擴建很大間生意超好結帳要排隊"", ""cmtDate"": ""2023-05-10 21:57:00""}, {""cmtStatus"": ""→"", ""cmtPoster"": ""AJCole"", ""cmtContent"": "":連三天早起真的好硬阿"", ""cmtDate"": ""2023-05-10 21:57:00""}, {""cmtStatus"": ""→"", ""cmtPoster"": ""ybite"", ""cmtContent"": "":東京站是兩個地下月台麻煩搭山手線過去的話沒問題"", ""cmtDate"": ""2023-05-10 22:00:00""}, {""cmtStatus"": ""→"", ""cmtPoster"": ""ybite"", ""cmtContent"": "":找北陸新幹線就對了"", ""cmtDate"": ""2023-05-10 22:01:00""}, {""cmtStatus"": ""→"", ""cmtPoster"": ""AJCole"", ""cmtContent"": "":感謝Y大K大珍貴建言明天來整理消化一下"", ""cmtDate"": ""2023-05-10 22:02:00""}, {""cmtStatus"": ""→"", ""cmtPoster"": ""ybite"", ""cmtContent"": "":你前三天的行程至多是山手線人多一點不用太擔心"", ""cmtDate"": ""2023-05-10 22:04:00""}, {""cmtStatus"": ""→"", ""cmtPoster"": ""ybite"", ""cmtContent"": "":川越而言早上是反過來川越/和光市一堆人往池袋擠"", ""cmtDate"": ""2023-05-10 22:05:00""}, {""cmtStatus"": ""推"", ""cmtPoster"": ""kevinhon"", ""cmtContent"": "":吃冰的問題不太需要擔心吧？日本市區連販賣機都有賣"", ""cmtDate"": ""2023-05-10 22:44:00""}, {""cmtStatus"": ""→"", ""cmtPoster"": ""kevinhon"", ""cmtContent"": "":，隨處可見，更不用說超商和車站一堆在賣"", ""cmtDate"": ""2023-05-10 22:44:00""}, {""cmtStatus"": ""推"", ""cmtPoster"": ""suin7913"", ""cmtContent"": "":東京人對臭味超敏感的怕熱肥宅建議別走太多景點"", ""cmtDate"": ""2023-05-11 07:23:00""}, {""cmtStatus"": ""→"", ""cmtPoster"": ""suin7913"", ""cmtContent"": "":不然電車上會被一堆人白眼"", ""cmtDate"": ""2023-05-11 07:23:00""}, {""cmtStatus"": ""→"", ""cmtPoster"": ""suin7913"", ""cmtContent"": "":上野到淺草要走快半小時像這段搭車就好路上都住宅"", ""cmtDate"": ""2023-05-11 07:23:00""}, {""cmtStatus"": ""→"", ""cmtPoster"": ""suin7913"", ""cmtContent"": "":區也沒景點"", ""cmtDate"": ""2023-05-11 07:23:00""}, {""cmtStatus"": ""→"", ""cmtPoster"": ""afu46"", ""cmtContent"": "":橫浜都到了冰川丸跟元町，不順便去看一下鋼彈基地嗎"", ""cmtDate"": ""2023-05-11 14:43:00""}, {""cmtStatus"": ""→"", ""cmtPoster"": ""afu46"", ""cmtContent"": "":0715你需要一扇粉紅色的門"", ""cmtDate"": ""2023-05-11 14:44:00""}]",49.158.194.98,2023-05-11 01:59:08,ptt
68,https://www.ptt.cc/bbs/Japan_Travel/M.1683722910.A.086.html,[資訊]東京迪士尼門票電聯客服解鎖,2023-05-10 20:48:28,JackY4028,Japan_Travel,"最近相信很多人在官網購買迪士尼入園門票會遇到如下圖的狀況
https://i.imgur.com/KhsoFyn.png
然後不管嘗試用什麼卡別都還是一樣無法購入，小弟在網路上有看到好心人士分享怎麼跟客
服聯繫解鎖的心得。
因此在這邊實測之後，把過程跟大家分享一下。

這邊先講結論，要買一般成人、孩童票的話，去Klook或KKday買就好，除非你是想買星光票
或身障票再花時間去解鎖。


1. 首先需要撥打國際電話，我這邊是使用Skype儲值。

2. 撥打客服 +81-45-330-9697

3. 客服服務時間，日本時間10：00～15：00（全年無休）

4. 客服可能會很難打進去，失敗的話就一直call。進線之後，輸入91會幫你轉到英文客服
，接下來還是持續等客服排上線。

5. 客服接聽後，可能聽到我的英文很菜，所以有問是不是會講中文，回答是之後就會有一
個翻譯跟著日本客服三方對話。

6. 接著會詢問你有什麼問題需要幫忙，告知錯誤代碼之後，會核對你註冊帳號時輸入的英
文名字跟電話，以及預計何時要入園。等客服確認好之後，會告知已幫你解鎖，像我是5/10
申請的，時效的話可以到5/12的23:59。

7. 完成之後就可以順利在官網購票囉！

以上就是小弟的實測紀錄
https://i.imgur.com/PbxsORk.jpg","[{""cmtStatus"": ""推"", ""cmtPoster"": ""Izec"", ""cmtContent"": "":暫時解鎖那之後入園買DPA會卡嗎？"", ""cmtDate"": ""2023-05-10 21:06:00""}, {""cmtStatus"": ""推"", ""cmtPoster"": ""mike7689"", ""cmtContent"": "":不知道是不是因為ip的關係？有沒有人試過日本vpn？"", ""cmtDate"": ""2023-05-10 21:44:00""}, {""cmtStatus"": ""→"", ""cmtPoster"": ""mike7689"", ""cmtContent"": "":不過如果是因為鎖日本以外的信用卡就沒辦法了"", ""cmtDate"": ""2023-05-10 21:44:00""}, {""cmtStatus"": ""推"", ""cmtPoster"": ""rf3"", ""cmtContent"": "":花錢實測推"", ""cmtDate"": ""2023-05-10 21:45:00""}, {""cmtStatus"": ""推"", ""cmtPoster"": ""TSMCfabXX"", ""cmtContent"": "":這樣看到史迪奇會很肚爛欸"", ""cmtDate"": ""2023-05-10 21:49:00""}, {""cmtStatus"": ""推"", ""cmtPoster"": ""revivalheart"", ""cmtContent"": "":謝謝分享！也好奇入園dpa會不會擋。"", ""cmtDate"": ""2023-05-10 21:52:00""}, {""cmtStatus"": ""推"", ""cmtPoster"": ""liftmy"", ""cmtContent"": "":到了日本想說再試試看就順利買成功了，不知道跟換了"", ""cmtDate"": ""2023-05-10 22:12:00""}, {""cmtStatus"": ""→"", ""cmtPoster"": ""liftmy"", ""cmtContent"": "":日本sim卡有沒有關係。是刷飛狗卡"", ""cmtDate"": ""2023-05-10 22:12:00""}, {""cmtStatus"": ""推"", ""cmtPoster"": ""anny771014"", ""cmtContent"": "":4月底進園後買DPA、用餐和購物刷卡都很順利，我用了"", ""cmtDate"": ""2023-05-10 22:12:00""}, {""cmtStatus"": ""→"", ""cmtPoster"": ""anny771014"", ""cmtContent"": "":三張都很好結帳。"", ""cmtDate"": ""2023-05-10 22:12:00""}, {""cmtStatus"": ""→"", ""cmtPoster"": ""anny771014"", ""cmtContent"": "":我是用Wi-Fi機上網，看起來是擋在國外IP位置，到日"", ""cmtDate"": ""2023-05-10 22:13:00""}, {""cmtStatus"": ""→"", ""cmtPoster"": ""anny771014"", ""cmtContent"": "":本都沒這問題。"", ""cmtDate"": ""2023-05-10 22:13:00""}, {""cmtStatus"": ""→"", ""cmtPoster"": ""szuchun"", ""cmtContent"": "":我剛剛用iPad開英文版網頁用玉山JCB1次搞定A，不"", ""cmtDate"": ""2023-05-10 22:41:00""}, {""cmtStatus"": ""→"", ""cmtPoster"": ""szuchun"", ""cmtContent"": "":會是像環球一樣開始吃人品了吧"", ""cmtDate"": ""2023-05-10 22:41:00""}, {""cmtStatus"": ""推"", ""cmtPoster"": ""mediocrity"", ""cmtContent"": "":用app想購票只走得到加入購物車就出現錯誤訊息"", ""cmtDate"": ""2023-05-10 23:16:00""}, {""cmtStatus"": ""→"", ""cmtPoster"": ""mediocrity"", ""cmtContent"": "":連信用卡都還沒機會掏出來到底怎麼回事啊？"", ""cmtDate"": ""2023-05-10 23:16:00""}, {""cmtStatus"": ""→"", ""cmtPoster"": ""rree"", ""cmtContent"": "":5/10晚上重新申請帳號不能選海外/只能選日本居住/"", ""cmtDate"": ""2023-05-11 04:43:00""}, {""cmtStatus"": ""→"", ""cmtPoster"": ""rree"", ""cmtContent"": "":使用日本地址用cube卡購票成功"", ""cmtDate"": ""2023-05-11 04:43:00""}, {""cmtStatus"": ""推"", ""cmtPoster"": ""bbns0823"", ""cmtContent"": "":我是開日文網頁用JCB卡就順利購買成功了"", ""cmtDate"": ""2023-05-11 12:53:00""}, {""cmtStatus"": ""推"", ""cmtPoster"": ""lilicoco520"", ""cmtContent"": "":5/11凌晨重申請帳號、選國內，用國泰cubeM刷兩個"", ""cmtDate"": ""2023-05-11 13:08:00""}, {""cmtStatus"": ""→"", ""cmtPoster"": ""lilicoco520"", ""cmtContent"": "":樂園各1張成功"", ""cmtDate"": ""2023-05-11 13:08:00""}, {""cmtStatus"": ""→"", ""cmtPoster"": ""lilicoco520"", ""cmtContent"": "":我也是在日文網頁買的"", ""cmtDate"": ""2023-05-11 13:08:00""}, {""cmtStatus"": ""推"", ""cmtPoster"": ""jenniferpom"", ""cmtContent"": "":換帳號選日本地址用日本網頁也刷不過qq"", ""cmtDate"": ""2023-05-11 17:35:00""}, {""cmtStatus"": ""→"", ""cmtPoster"": ""szuchun"", ""cmtContent"": "":我前天買身障票一次過，昨天要再買小孩的票就刷不"", ""cmtDate"": ""2023-05-12 07:12:00""}, {""cmtStatus"": ""→"", ""cmtPoster"": ""szuchun"", ""cmtContent"": "":過了，每次都是3D驗證完就跳error，用了VPN也是不"", ""cmtDate"": ""2023-05-12 07:12:00""}, {""cmtStatus"": ""→"", ""cmtPoster"": ""szuchun"", ""cmtContent"": "":能刷哦！"", ""cmtDate"": ""2023-05-12 07:12:00""}, {""cmtStatus"": ""推"", ""cmtPoster"": ""lilicoco520"", ""cmtContent"": "":不是選日本地址"", ""cmtDate"": ""2023-05-12 15:40:00""}, {""cmtStatus"": ""→"", ""cmtPoster"": ""lilicoco520"", ""cmtContent"": "":是建立帳號的時候有問是海外人士或日本住在人士，要"", ""cmtDate"": ""2023-05-12 15:40:00""}, {""cmtStatus"": ""→"", ""cmtPoster"": ""lilicoco520"", ""cmtContent"": "":選日本住在～"", ""cmtDate"": ""2023-05-12 15:40:00""}]",220.135.57.172,2023-05-11 01:59:10,ptt
69,https://www.ptt.cc/bbs/Japan_Travel/M.1683733839.A.17F.html,[問題]東京七天六夜請益,2023-05-10 23:50:37,j8753001,Japan_Travel,"１． 出遊日期： 東京七天六夜(6/14(三)至6/20(二))

２． 每日行程：6月上旬跟朋友去東京玩五天，第五天中午送朋友去機場後，
　　　　　　　 剛好在機場接家人(65歲老媽及老姐)，開始下列七天的行程。

　　　　
     D1：羽田機場13:10抵逹，預計14:30出關，前段行程己經有租車，
　　　　 羽田機場->好市多川崎分店->河口湖飯店(小木屋)。
　　　　 前三個晚上都會住河口湖的小木屋，所以早餐及晚餐預計自炊。

　　 D2：富士山景觀纜車、河口湖天上山公園、新倉富士淺間神社、新倉山富士
         淺間公園、西湖 療癒之里 根場、河口湖自然生活館、大石公園。
         上述行程不可能走完，會視當天狀況，反正有開車，飯店也不遠。

　　 D3：新屋山神社、忍野八海、山中湖環湖腳踏車、御殿場 OUTLETS。
　　　　 OUTLETS預計下午3點以後才會進去，行程應該可以走完，但若前一天
　　　　 有沒走完的行程，也可以取消本日的前三個行程。

　　 D4：箱根神社、箱根海賊觀光船、箱根登山纜車、大涌谷車站。
　　　　 因為有車子的關係，必須回原地取車，看了官網可以選擇Ａ方案-就是不
    　　 走回頭路，剛好每種交通工具都坐一次，或B方案-船跟纜車放題。
　　　   也就是船->纜車->大涌谷->纜車->船，看起來很笨，還在想怎麼走較好。
　　　   上述行程結束後，就開回東京上野站還車，晚上行程應該只有阿美橫町
　　　   逛街+晚餐。
         住宿：Henn na Hotel Tokyo Asakusa Tawaramachi
　　　　　　　 ART HOTEL Nippori Lungwood(二選一，後面三個晚上同一間)

　　 D5：新宿御苑、澀谷、竹下通、表參道。
　　　　

　　 D6：秋葉原、淺草寺、雷門、晴空塔。
　　　　

　　 D7：築地市場、皇居、江戶城、東京車站。
　　　　 最後一天的班機為18：20，成田機場。

     感謝各位大大觀看行程，行程上若有什麼建議，再麻煩大大分享，謝謝。








","[{""cmtStatus"": ""推"", ""cmtPoster"": ""owlonoak"", ""cmtContent"": "":你D3住哪裡啊應該要住到箱根了吧"", ""cmtDate"": ""2023-05-10 23:55:00""}, {""cmtStatus"": ""→"", ""cmtPoster"": ""owlonoak"", ""cmtContent"": "":建議你能改住宿的話趕快D3改住箱根因為御殿場已經"", ""cmtDate"": ""2023-05-10 23:56:00""}, {""cmtStatus"": ""→"", ""cmtPoster"": ""owlonoak"", ""cmtContent"": "":離箱根很近了再走回頭路住宿隔天再去箱根很浪費時"", ""cmtDate"": ""2023-05-10 23:57:00""}, {""cmtStatus"": ""→"", ""cmtPoster"": ""j8753001"", ""cmtContent"": "":還是河口湖，因為不想換飯店，箱根其實也可以不去.."", ""cmtDate"": ""2023-05-10 23:57:00""}, {""cmtStatus"": ""→"", ""cmtPoster"": ""owlonoak"", ""cmtContent"": "":間"", ""cmtDate"": ""2023-05-10 23:57:00""}, {""cmtStatus"": ""→"", ""cmtPoster"": ""GOSHL"", ""cmtContent"": "":4月住変なホテル淺草橋，去新宿秋葉原築地都很順"", ""cmtDate"": ""2023-05-11 00:03:00""}, {""cmtStatus"": ""→"", ""cmtPoster"": ""j8753001"", ""cmtContent"": "":了解，飯店不能換了，之前也一直很煩惱走回頭路"", ""cmtDate"": ""2023-05-11 00:03:00""}, {""cmtStatus"": ""→"", ""cmtPoster"": ""GOSHL"", ""cmtContent"": "":LG衣櫥很好用，有一天淋雨用除溼把衣服鞋子都烘乾了"", ""cmtDate"": ""2023-05-11 00:04:00""}, {""cmtStatus"": ""→"", ""cmtPoster"": ""GOSHL"", ""cmtContent"": "":変なホテル缺點就房間小，行李箱要在床上開"", ""cmtDate"": ""2023-05-11 00:04:00""}, {""cmtStatus"": ""→"", ""cmtPoster"": ""j8753001"", ""cmtContent"": "":一個備案是前二天在河口湖，D3就御殿場+箱根，路順"", ""cmtDate"": ""2023-05-11 00:06:00""}, {""cmtStatus"": ""→"", ""cmtPoster"": ""j8753001"", ""cmtContent"": "":了，但又怕那天好趕"", ""cmtDate"": ""2023-05-11 00:06:00""}, {""cmtStatus"": ""→"", ""cmtPoster"": ""j8753001"", ""cmtContent"": "":說錯，是D4"", ""cmtDate"": ""2023-05-11 00:10:00""}, {""cmtStatus"": ""推"", ""cmtPoster"": ""kevinhon"", ""cmtContent"": "":D6秋葉原店家沒那麼早開，淺草要當第一站"", ""cmtDate"": ""2023-05-11 09:07:00""}, {""cmtStatus"": ""→"", ""cmtPoster"": ""j8753001"", ""cmtContent"": "":好的，謝謝建議"", ""cmtDate"": ""2023-05-11 10:08:00""}, {""cmtStatus"": ""推"", ""cmtPoster"": ""ddshu"", ""cmtContent"": "":行程超滿的哥體力真好"", ""cmtDate"": ""2023-05-11 11:03:00""}, {""cmtStatus"": ""推"", ""cmtPoster"": ""kevinhon"", ""cmtContent"": "":D5新宿御苑後到新宿三丁目站搭副都心線，一路往下"", ""cmtDate"": ""2023-05-11 11:49:00""}, {""cmtStatus"": ""→"", ""cmtPoster"": ""kevinhon"", ""cmtContent"": "":到明治神宮前站（竹下通），表參道，澀谷較順"", ""cmtDate"": ""2023-05-11 11:49:00""}, {""cmtStatus"": ""→"", ""cmtPoster"": ""j8753001"", ""cmtContent"": "":好,謝謝！"", ""cmtDate"": ""2023-05-11 12:43:00""}, {""cmtStatus"": ""推"", ""cmtPoster"": ""snowrei"", ""cmtContent"": "":我也是開車，在煩惱箱根那邊纜車跟海賊船怎麼排XD"", ""cmtDate"": ""2023-05-12 00:16:00""}, {""cmtStatus"": ""→"", ""cmtPoster"": ""snowrei"", ""cmtContent"": "":要回到原點開車好困擾"", ""cmtDate"": ""2023-05-12 00:16:00""}, {""cmtStatus"": ""推"", ""cmtPoster"": ""caesarliu"", ""cmtContent"": "":看你車停哪，我之前是箱根湯本->纜車->船->箱根神社"", ""cmtDate"": ""2023-05-12 00:48:00""}, {""cmtStatus"": ""→"", ""cmtPoster"": ""caesarliu"", ""cmtContent"": "":然後箱根神社那邊可以搭公車回到箱根湯本"", ""cmtDate"": ""2023-05-12 00:48:00""}]",1.161.11.46,2023-05-11 01:59:10,ptt
70,https://www.ptt.cc/bbs/Japan_Travel/M.1683735022.A.B1C.html,[問題]東京廣域周遊券問題請益,2023-05-11 00:10:20,rainy0902,Japan_Travel,"大家好，第一次在jr官網上訂票碰到了些問題想請教一下。
我是買6/11開始使用3天的周遊券，但是我剛剛在官網上想要劃上野到-輕井澤的位子，出
現下列圖示
https://i.imgur.com/NAGeKRh.jpg
想請教一下，是訂票時間還沒到還是什麼問題呢？
謝謝
","[{""cmtStatus"": ""→"", ""cmtPoster"": ""stud0361411"", ""cmtContent"": "":明天才能訂"", ""cmtDate"": ""2023-05-11 00:16:00""}, {""cmtStatus"": ""→"", ""cmtPoster"": ""rainy0902"", ""cmtContent"": "":好的，我看上面時間上可以預訂才想說怎麼不行買。"", ""cmtDate"": ""2023-05-11 00:22:00""}, {""cmtStatus"": ""→"", ""cmtPoster"": ""rainy0902"", ""cmtContent"": "":謝謝"", ""cmtDate"": ""2023-05-11 00:22:00""}, {""cmtStatus"": ""推"", ""cmtPoster"": ""stud0361411"", ""cmtContent"": "":這張圖片的時間是指：在日本時間的這段時間才能訂"", ""cmtDate"": ""2023-05-11 00:33:00""}, {""cmtStatus"": ""→"", ""cmtPoster"": ""stud0361411"", ""cmtContent"": "":票，其他時間網站會維護，不給訂票"", ""cmtDate"": ""2023-05-11 00:33:00""}]",111.83.10.122,2023-05-11 01:59:10,ptt
71,https://www.ptt.cc/bbs/Japan_Travel/M.1683773634.A.B08.html,[問題]富士迴遊乘坐,2023-05-11 10:53:52,tongigun,Japan_Travel,"大家好，小弟預計5/13~5/20前往東京自由行，有個乘車的問題想請教:



關於富士回游:
我想到要劃位的時候晚了，新宿到河口湖的去程都沒位置了。所以我就只劃了新宿到大月的座位，不知是否可以自新宿搭乘指定席到大月站後，再移動去往河口湖的車箱，用站的搭到河口湖?(注:我是打算使用東京廣域周遊券)

","[{""cmtStatus"": ""推"", ""cmtPoster"": ""mitchellmi"", ""cmtContent"": "":可以到時候就看到一堆人跟你一起站3節車廂人擠人"", ""cmtDate"": ""2023-05-11 11:07:00""}, {""cmtStatus"": ""推"", ""cmtPoster"": ""friday2"", ""cmtContent"": "":我只能說，富士回遊車上一堆人站著，給你參考"", ""cmtDate"": ""2023-05-11 11:08:00""}, {""cmtStatus"": ""→"", ""cmtPoster"": ""ken2nd"", ""cmtContent"": "":富士回遊車上一堆人站著沒錯.還以為第三世界"", ""cmtDate"": ""2023-05-11 11:26:00""}, {""cmtStatus"": ""推"", ""cmtPoster"": ""phisho"", ""cmtContent"": "":其他特急也是一堆人站著,想坐等下一班普通就好"", ""cmtDate"": ""2023-05-11 11:59:00""}, {""cmtStatus"": ""推"", ""cmtPoster"": ""jtsu5223"", ""cmtContent"": "":可以"", ""cmtDate"": ""2023-05-11 12:18:00""}, {""cmtStatus"": ""→"", ""cmtPoster"": ""linx210145"", ""cmtContent"": "":站啊"", ""cmtDate"": ""2023-05-11 12:55:00""}, {""cmtStatus"": ""→"", ""cmtPoster"": ""gomile888"", ""cmtContent"": "":可以"", ""cmtDate"": ""2023-05-11 13:16:00""}, {""cmtStatus"": ""→"", ""cmtPoster"": ""gomile888"", ""cmtContent"": "":比較不趕的話可以在大月改搭富士急行的車"", ""cmtDate"": ""2023-05-11 13:18:00""}, {""cmtStatus"": ""→"", ""cmtPoster"": ""gomile888"", ""cmtContent"": "":比較輕鬆也有趣"", ""cmtDate"": ""2023-05-11 13:18:00""}, {""cmtStatus"": ""推"", ""cmtPoster"": ""SUZUKI5566"", ""cmtContent"": "":站一堆人"", ""cmtDate"": ""2023-05-11 14:06:00""}, {""cmtStatus"": ""推"", ""cmtPoster"": ""adychen1982"", ""cmtContent"": "":今天都11號了耶...所以要提早多久劃位才合適@@"", ""cmtDate"": ""2023-05-11 14:46:00""}, {""cmtStatus"": ""→"", ""cmtPoster"": ""tongigun"", ""cmtContent"": "":感謝,我是4／30才想到要劃位"", ""cmtDate"": ""2023-05-11 15:50:00""}, {""cmtStatus"": ""推"", ""cmtPoster"": ""owlonoak"", ""cmtContent"": "":這種車都是一個月前開搶"", ""cmtDate"": ""2023-05-11 16:39:00""}, {""cmtStatus"": ""推"", ""cmtPoster"": ""pokeseason"", ""cmtContent"": "":一個月，我自己試按過半個月內是不用想一個月就有票"", ""cmtDate"": ""2023-05-11 17:17:00""}, {""cmtStatus"": ""→"", ""cmtPoster"": ""heroapple"", ""cmtContent"": "":可以站"", ""cmtDate"": ""2023-05-11 19:51:00""}, {""cmtStatus"": ""推"", ""cmtPoster"": ""adychen1982"", ""cmtContent"": "":東京廣域也是只能一個月前買。等於買了就要趕快劃"", ""cmtDate"": ""2023-05-11 22:24:00""}, {""cmtStatus"": ""→"", ""cmtPoster"": ""adychen1982"", ""cmtContent"": "":位XDDD"", ""cmtDate"": ""2023-05-11 22:24:00""}, {""cmtStatus"": ""推"", ""cmtPoster"": ""sconeftmisto"", ""cmtContent"": "":我也是剛訂完新宿-大月，打算先坐富士急行到下吉田"", ""cmtDate"": ""2023-05-12 00:10:00""}, {""cmtStatus"": ""→"", ""cmtPoster"": ""sconeftmisto"", ""cmtContent"": "":。"", ""cmtDate"": ""2023-05-12 00:10:00""}, {""cmtStatus"": ""推"", ""cmtPoster"": ""aSqwq"", ""cmtContent"": "":我上次坐一堆站著的看我吃車站便當..."", ""cmtDate"": ""2023-05-12 15:02:00""}, {""cmtStatus"": ""推"", ""cmtPoster"": ""gomile888"", ""cmtContent"": "":樓上，我是直接拿出一大罐清酒配肉乾XD"", ""cmtDate"": ""2023-05-12 16:17:00""}, {""cmtStatus"": ""→"", ""cmtPoster"": ""gomile888"", ""cmtContent"": "":然後旁邊站一堆人看我喝"", ""cmtDate"": ""2023-05-12 16:18:00""}, {""cmtStatus"": ""推"", ""cmtPoster"": ""xorzvip"", ""cmtContent"": "":可以建議劃位在第四車廂，方便擠過去，車上會有廣"", ""cmtDate"": ""2023-05-13 16:46:00""}, {""cmtStatus"": ""→"", ""cmtPoster"": ""xorzvip"", ""cmtContent"": "":播叫你提前移動，也是有人到大月站後開門衝過去前"", ""cmtDate"": ""2023-05-13 16:46:00""}, {""cmtStatus"": ""→"", ""cmtPoster"": ""xorzvip"", ""cmtContent"": "":三個車廂。我自己是到大月換富士急行普通車(因為拿"", ""cmtDate"": ""2023-05-13 16:46:00""}, {""cmtStatus"": ""→"", ""cmtPoster"": ""xorzvip"", ""cmtContent"": "":全國pass)，可以車站買3600日幣的富士五湖passpor"", ""cmtDate"": ""2023-05-13 16:46:00""}, {""cmtStatus"": ""→"", ""cmtPoster"": ""xorzvip"", ""cmtContent"": "":t電車set，大月到河口湖電車及富士五湖巴士兩天隨"", ""cmtDate"": ""2023-05-13 16:46:00""}, {""cmtStatus"": ""→"", ""cmtPoster"": ""xorzvip"", ""cmtContent"": "":你坐，滿划算的"", ""cmtDate"": ""2023-05-13 16:46:00""}]",180.217.211.156,2023-05-12 01:58:15,ptt
72,https://www.ptt.cc/bbs/Japan_Travel/M.1683776550.A.BAB.html,[問題]上野住宿選擇,2023-05-11 11:42:28,loveshawn,Japan_Travel,"請問各位版友

10月底要去東京，成田進出
只有一天會從東京車站搭巴士到河口湖
目前在上野寶石跟上野御徒町fresa inn兩間中取捨不了（都先訂到了）

猶豫點：約10年前住過寶石，整體蠻喜歡的，但位置看起來是fresa inn似乎更方便，但
可能有烤肉味及房間比寶石小一點


請教各位如果這兩間你們會選哪間呢？謝謝大家


","[{""cmtStatus"": ""→"", ""cmtPoster"": ""afu46"", ""cmtContent"": "":住過相鐵真的很方便，走去唐吉訶德超近"", ""cmtDate"": ""2023-05-11 11:42:28""}, {""cmtStatus"": ""→"", ""cmtPoster"": ""afu46"", ""cmtContent"": "":之前住的時候是沒有聞到烤肉味"", ""cmtDate"": ""2023-05-11 11:42:28""}, {""cmtStatus"": ""→"", ""cmtPoster"": ""minoru04"", ""cmtContent"": "":御徒町fresainn沒甚麼怪味房間還好不算非常小"", ""cmtDate"": ""2023-05-11 11:42:28""}, {""cmtStatus"": ""→"", ""cmtPoster"": ""stanleyplus"", ""cmtContent"": "":上野房價漲很兇,還好12月要飛先訂了"", ""cmtDate"": ""2023-05-11 11:42:28""}, {""cmtStatus"": ""推"", ""cmtPoster"": ""ChrisMac"", ""cmtContent"": "":住過寶石，早餐不錯吃，其實兩間位子都不錯"", ""cmtDate"": ""2023-05-11 11:42:28""}, {""cmtStatus"": ""推"", ""cmtPoster"": ""withoutsky"", ""cmtContent"": "":寶石真的漲得有點兇=="", ""cmtDate"": ""2023-05-11 11:42:28""}, {""cmtStatus"": ""推"", ""cmtPoster"": ""mrbean2009"", ""cmtContent"": "":今年三月才住過相鐵，交通非常方便，居住樓層位於"", ""cmtDate"": ""2023-05-11 11:42:28""}, {""cmtStatus"": ""→"", ""cmtPoster"": ""mrbean2009"", ""cmtContent"": "":五樓，完全沒有燒烤味，走到戶外也沒有印象有聞到"", ""cmtDate"": ""2023-05-11 11:42:28""}, {""cmtStatus"": ""→"", ""cmtPoster"": ""mrbean2009"", ""cmtContent"": "":，不過房間真的比較小，28吋的行李箱要完全打開的"", ""cmtDate"": ""2023-05-11 11:42:28""}, {""cmtStatus"": ""→"", ""cmtPoster"": ""mrbean2009"", ""cmtContent"": "":話，需要喬一下角度，不過就交通便利這點，跟房間"", ""cmtDate"": ""2023-05-11 11:42:28""}, {""cmtStatus"": ""→"", ""cmtPoster"": ""mrbean2009"", ""cmtContent"": "":的狀況，會推薦喔！然後可以下載官方app加入會員，"", ""cmtDate"": ""2023-05-11 11:42:28""}, {""cmtStatus"": ""→"", ""cmtPoster"": ""mrbean2009"", ""cmtContent"": "":手機就可以當成房卡來用，很方便！"", ""cmtDate"": ""2023-05-11 13:43:00""}, {""cmtStatus"": ""→"", ""cmtPoster"": ""elthy"", ""cmtContent"": "":標題分類錯誤住宿分類是用來分享住宿心得的"", ""cmtDate"": ""2023-05-11 11:42:28""}, {""cmtStatus"": ""推"", ""cmtPoster"": ""bloodpiece"", ""cmtContent"": "":相鐵很方便價格也不貴缺點就是房間小"", ""cmtDate"": ""2023-05-11 11:42:28""}, {""cmtStatus"": ""→"", ""cmtPoster"": ""bloodpiece"", ""cmtContent"": "":但為啥你會覺得有烤肉味XD"", ""cmtDate"": ""2023-05-11 11:42:28""}, {""cmtStatus"": ""推"", ""cmtPoster"": ""s720602"", ""cmtContent"": "":我2019也是住這間相鐵，去之前也是擔心烤肉味，但"", ""cmtDate"": ""2023-05-11 16:55:00""}, {""cmtStatus"": ""→"", ""cmtPoster"": ""s720602"", ""cmtContent"": "":我去的時候，房間在11樓比較後段那邊，是沒聞到"", ""cmtDate"": ""2023-05-11 16:55:00""}, {""cmtStatus"": ""推"", ""cmtPoster"": ""lwchang0823"", ""cmtContent"": "":寶石不錯就空調不是獨立的房間偏小而已交通的方便"", ""cmtDate"": ""2023-05-11 19:18:00""}, {""cmtStatus"": ""→"", ""cmtPoster"": ""lwchang0823"", ""cmtContent"": "":性都很好"", ""cmtDate"": ""2023-05-11 19:18:00""}]",1.200.15.125,2023-05-12 01:58:15,ptt
73,https://www.ptt.cc/bbs/Japan_Travel/M.1683785580.A.7EA.html,[遊記]上高地涸沢5月登山露營紀錄(交通住宿),2023-05-11 14:12:56,matmoki,Japan_Travel,"造訪日期：2023.05

圖文版本:
https://shorturl.at/joprJ
A. 前言

五月初有些空檔就開了張機票去日本，開完票才發現強碰日本黃金周，但除了新幹線人很
多外，其實沒有太誇張，就連機場出入境都很順暢。

這次行程想嘗試第二次在日本登山與野營，第一次的日本登山與野營是2018年的雲取山以
及奧多摩，花了幾天做功課後決定這次就去上高地吧。
https://i.imgur.com/7nbzoQZ.jpg
今年上高地在4/27舉行開山儀式，我的涸沢登山行程是5/05~5/06，查了過往5月爬涸沢的
影片才發現5月還是春雪時節，山上及野營場都還是雪...曾經想過是不是要換個地點，但
覺得上高地Kamikochi 這名字聽起來還挺神聖的，決定就當作挑戰吧XD。研究一下後，上
淘寶買了雪鏟，蝦皮買了冰爪，因為入夜會接近0度所以也租了黑冰睡袋B700。（裝備最
後一篇再分享）

這裡要特別強調，雪地登山的冰爪千萬不要像我一樣買普通款的，一定要買或租專業的冰
爪，尤其是爪要夠長，爪的數量其次，不然雪地上下山會讓你想哭。

B. 到上高地的交通

上高地在哪裡？怎麼去上高地？

這些問題的答案可以參考Alpico巴士網站的這篇文章，有很豐富的資訊:
https://shorturl.at/fGW07
2023年最新資訊: 上高地的完整旅遊攻略 (最佳旅遊季節、如何前往、園區開放時期、路
線及其他行程事項)

上高地在高山與松本之間，從東京等主要城市出發的話，基本上會在松本轉車，從高山往
上高地會在平湯溫泉換車。我這次從成田入境後，先搭NEX到東京，再搭JR特急あずさ到
松本。

東京其實也有新宿發車的夜行巴士直奔上高地巴士站，但我考慮到隔天還有整天的登山行
程，夜巴很難好好休息，對後面行程的體力會大打折扣，所以最後決定先到松本住一個晚
上，搭隔天的早班巴士前往上高地（如下圖標示）。

從松本巴士總站前往上高地巴士站的巴士有兩班，基本上必須搭5:30出發那班，比較能銜
接登山的行程。
https://i.imgur.com/5HyiUPl.jpg
巴士網站上寫預約制，但我現場搭乘時還有另一班非預約制給現場排隊的，不確定是不是
因為黃金周另外開的，建議還是先預約比較保險。

C. 登山天數安排

最初打算爬上涸沢紮營後，隔天再去爬奧穗高岳，但發現五月初還是春雪季節後，果斷放
棄這個想法。後來證明是對的，涸沢到奧穗高岳這路線本來就是上級者路線，是需要裝備
跟經驗的，沒有雪的情況就不太好爬了，有雪的話更難及危險。

我最後的版本是兩天一夜從上高地往返涸沢，上山花了約八小時，下山花了約六小時。
https://i.imgur.com/ZVQc8NF.jpg
上高地到涸沢中間會經過: 河童橋、明神、德澤園、橫尾。從下圖可以看到上高地巴士站
到橫尾的路線都是普通級，基本上沒有爬升但有距離，上高地巴士站到橫尾大約要三小時
。從橫尾開始到涸沢就屬於中上級者的路線，所以如果無法一大早從上高地巴士站出發，
那可以選擇在橫尾住一晚，第二天再上攻涸沢或穗高，第三天從山上直接殺回上高地巴士
站。

karasawa-hyutte官網的路線圖畫的更清楚，上高地到橫尾基本上都是沿著梓川的平地，
過了橫尾大橋才開始進入爬升路線。圖中的時間我覺得是雪季下山或是非雪季上山的預估
時間，""雪季""上山的話，從本谷橋到涸沢的預估時間要多抓一些。

D. 涸沢住宿

涸沢有兩個山屋選擇，涸沢ヒュッテ(Karasawa Hutte)及涸沢小屋，涸沢ヒュッテ另設有
野營場可以露營。山屋基本上都需要電話預定，野營場不用預定，上爬時會先經過涸沢ヒ
ュッテ，然後才是涸沢小屋，要露營的記得在叉路路標靠左去涸沢ヒュッテ，不要走錯了
，雪地多走10公尺都是痛苦呀～
https://i.imgur.com/XKifYzQ.jpg
涸沢ヒュッテ的露營收費是算人頭，大人一晚2000日幣，可以用廁所，但其他設施（例如
充電插頭）大多限定住山屋的人才能使用。

E. 上高地巴士站(Bus Terminal; BT)

巴士抵達上高地BT之前，會先經過大正池，不少人會在這裡下車開始健行，我坐在左邊靠
窗，剛好遇到好天氣且無風，在車上拍下這張倒影照。
https://i.imgur.com/KzdNAIw.jpg
上高地BT還挺大的，有遊客中心、食堂、紀念品區等，但沒有超商，所以有些東西可能在
山下就要先買。運氣不錯，食堂以及遊客中心都有賣高山瓦斯罐。
https://i.imgur.com/xRG5WBO.jpg
https://i.imgur.com/JgPs6yV.jpg
(待續)","[{""cmtStatus"": ""推"", ""cmtPoster"": ""ha0118"", ""cmtContent"": "":今天才去過坐車坐到暈車"", ""cmtDate"": ""2023-05-11 20:10:00""}, {""cmtStatus"": ""推"", ""cmtPoster"": ""jammy4102921"", ""cmtContent"": "":推"", ""cmtDate"": ""2023-05-11 23:48:00""}]",49.217.110.7,2023-05-12 01:58:15,ptt
74,https://www.ptt.cc/bbs/Japan_Travel/M.1683797116.A.3CC.html,[住宿]東京淺草雷門南APA地點好、親子住宿難,2023-05-11 17:25:13,k272821,Japan_Travel,"店家資訊

飯店名稱：　APA Hotel Asakusa Kaminarimon Minami（淺草雷門南）

消費時間：　2023/04

地　　址：　〒111-0034 東京都台東区雷門２丁目９

電　　話：　+81358309711

提供刷卡：　有

官 　　網：
https://www.apahotel.com/hotel/shutoken/tokyo/asakusa-kaminarimon-minami/
（雙床房型只有在官網有，要訂的話註冊也不會太難）
　　　　　　（房間照片可以參考官網，童叟無欺的拍出他的小）

也沒什麼圖網誌版：
https://k272821.pixnet.net/blog/post/364700692
東京飯店隨著疫情放寬價格水漲船高，每天搜、每天漲

鎖定淺草區住宿後，發現這裡超多家ＡＰＡ可以選擇

價格實惠，缺點是房間小

想想一天待在飯店的時間也不多，小應該也沒關係（吧？）

他的地點超棒的啊！

從羽田機場搭乘京急空港線，免轉乘就能抵達淺草，

出站走個三五分鐘即可抵達飯店

對於提著大件行李又拖著小孩的家庭，是個很棒的地點

於是眼睛一閉就訂下去這間「淺草　雷門南」分店

沒有選擇另一家有大眾湯池的「淺草藏前APA」是因為他有吸菸房，

擔心住房會有殘留的煙味，住起來很痛苦

所以選擇淺草雷門南店，全店禁菸，可惜就沒有大眾池



在出發前幾天又猶豫不決，

因為想到的房間床尺寸寬１４０cm，兩大一小睡起來可能沒這麼舒服

結果搜了一下附近價格，幾乎每間都要破萬了

我原本訂的ＡＰＡ一晚三千左右，這幾天的價格也漲到七千多一晚

嚇得趕緊關掉搜尋網頁，安慰自己我們都很矮應該沒關係



抵達日本當天，直接搭乘京急空港線前往淺草

從A2b月台出來後有電梯可以搭乘

步行約五分鐘就抵達飯店門口了，對有大件行李的人來說真的好方便

（這附近就有三家橘色醒目的ＡＰＡ扛棒，差點進錯店）

櫃台人員確認訂房後說，四點才能辦理入住手續，行李可以寄放櫃台

只好先放下行李出去覓食了



約五點我們才回到飯店，

辦理手續很快，自己提著行李上樓去

打開房間，哇～真的好小

我們都很矮，應該沒關係吧（繼續安慰自己）



麻雀雖小，五臟俱全

房間還是有擺放梳妝台及椅子一張，

電視、小冰箱一應俱全



在日本，好像房間在怎麼小都沒關係，浴缸一定有

雖然尺寸也是很迷你，大人需要有點蜷縮在浴缸裡泡

不過聊勝於無啊！

免治馬桶很舒服

浴巾備品也乾淨

飲用水就從水龍頭打開來開

不過我有心理障礙，還是從超商抱水回來喝



房間雖然很小，

但廁所外面的走道可以把２９吋行李箱攤開來，整理不成問題

不需要使用的時候可以推進床底下暫放

每天都會有人進來倒垃圾及補備品，所以貴重物品要自己收好



然後重點來了，

兩大一小睡這個房型真的太太太勉強，翻身很困難

體型寬一點的，連睡兩個人都是困擾

睡橫的，腳懸空又不舒服

很憋屈的睡了三晚，無比後悔

帶小孩的還是建議考慮其他家飯店，

或是上官網訂雙床房型，或許會好一點

Ｂｏｏｋｉｎｇ只有放雙人房及單人房選項（看起來是同個房型）

我太晚發現官方訂房管道，等想到要訂的時經沒有雙床房型可以訂了

撇除床很難睡的缺點，其他方面都讓我讚嘆



房間乾淨，洗澡水夠燙，隔音很好！

之前住類似商旅，同一層樓的小孩哭整晚讓我餘悸猶存，

而且走廊來來往往的聲音聽的超清楚

APA沒有這個問題，可能是因為走廊也有鋪地毯吸音

很安靜，還以為整層樓只有我們住

隔天搭電梯才發現入住的人還不少呢



生活便利，隔兩條街就有一間Ozeki超市

（地址：〒111-0034 東京都台東区雷門２丁目１６1 by HULIC 1階）

超好買的，每天要吃的草莓、牛奶、瓶裝水在這裡買很便宜，

突然想要加買下酒菜也很方便，

餅乾、醬料、料理包等想帶回台灣的伴手禮這裡買也不貴，

不用扛太遠，飯店就在不遠處

附近也有一間AEON，不過這間規模就小了許多

（地址：〒111-0034 東京都台東区雷門２丁目４ 明祐ビル）



地點方便，靠近地鐵，轉乘去其他觀光景點也方便

重點是離雷門超近！隨時都能去逛逛

晚上想去拍拍雷門夜景也不怕太遠太累

不過要注意，晚上六點後雷門那條街的商家就收的差不多了

想逛想吃還是要往新仲見世通走



如果是單人旅行住宿，住這間舒服又省錢

兩個人以上就要考慮一下了，可能睡起來沒這麼舒服

但價格真的便宜，住星期四到日三晚，一萬台幣有找

如果有下次．．．我一定會先上官網看雙床房型，沒有的話果斷放棄

睡得腰酸背痛對於旅遊品質大打折扣啊！



附上住這時天天造訪的雷門，住淺草在夜晚時刻特別安詳寧靜
https://imgur.com/EsznoJK","[{""cmtStatus"": ""→"", ""cmtPoster"": ""ksk0516"", ""cmtContent"": "":訂房記得官網也看一下，常常比訂房網便宜或選擇多"", ""cmtDate"": ""2023-05-11 18:03:00""}, {""cmtStatus"": ""推"", ""cmtPoster"": ""tm0987"", ""cmtContent"": "":謝謝分享，尤其是看到房價飆漲的過程真是心有戚戚"", ""cmtDate"": ""2023-05-11 19:28:00""}, {""cmtStatus"": ""→"", ""cmtPoster"": ""tm0987"", ""cmtContent"": "":焉"", ""cmtDate"": ""2023-05-11 19:28:00""}, {""cmtStatus"": ""→"", ""cmtPoster"": ""tm0987"", ""cmtContent"": "":我覺得房間大小還是挺影響心情的，自己設定是一人"", ""cmtDate"": ""2023-05-11 19:35:00""}, {""cmtStatus"": ""→"", ""cmtPoster"": ""tm0987"", ""cmtContent"": "":要有10坪空間，隨塞進的人數乘以倍數。不過也是因"", ""cmtDate"": ""2023-05-11 19:35:00""}, {""cmtStatus"": ""→"", ""cmtPoster"": ""tm0987"", ""cmtContent"": "":此在地點上一再退讓，地點越看越遠"", ""cmtDate"": ""2023-05-11 19:35:00""}, {""cmtStatus"": ""推"", ""cmtPoster"": ""HOLAHOJIAN"", ""cmtContent"": "":最近有訂到暑假一晚1700左右的新宿apa"", ""cmtDate"": ""2023-05-11 21:05:00""}, {""cmtStatus"": ""推"", ""cmtPoster"": ""enlave"", ""cmtContent"": "":apa就是要用官網訂最便宜"", ""cmtDate"": ""2023-05-11 21:47:00""}, {""cmtStatus"": ""推"", ""cmtPoster"": ""ha11111543"", ""cmtContent"": "":APA單人住很舒適，雙人以上就有點擠"", ""cmtDate"": ""2023-05-11 22:18:00""}, {""cmtStatus"": ""推"", ""cmtPoster"": ""helloworld"", ""cmtContent"": "":2大1小我都找kingsize的床,140真的太小了"", ""cmtDate"": ""2023-05-11 23:00:00""}, {""cmtStatus"": ""推"", ""cmtPoster"": ""yahooooooooo"", ""cmtContent"": "":A2b出口太多優質飯店了apa絕對不是首選"", ""cmtDate"": ""2023-05-12 00:04:00""}, {""cmtStatus"": ""推"", ""cmtPoster"": ""RicFlair"", ""cmtContent"": "":APA單人短期是滿舒服的"", ""cmtDate"": ""2023-05-12 01:26:00""}, {""cmtStatus"": ""推"", ""cmtPoster"": ""flosser"", ""cmtContent"": "":apa官網訂最便宜？？？？？？？"", ""cmtDate"": ""2023-05-12 04:37:00""}, {""cmtStatus"": ""→"", ""cmtPoster"": ""mimic13"", ""cmtContent"": "":一月有住這間跟隔壁的格拉斯麗，2人的話後者會好很"", ""cmtDate"": ""2023-05-12 11:15:00""}, {""cmtStatus"": ""→"", ""cmtPoster"": ""mimic13"", ""cmtContent"": "":多"", ""cmtDate"": ""2023-05-12 11:15:00""}, {""cmtStatus"": ""推"", ""cmtPoster"": ""adychen1982"", ""cmtContent"": "":APA真的是單人好選擇。我也是看他們環境好地點佳才"", ""cmtDate"": ""2023-05-12 15:10:00""}, {""cmtStatus"": ""→"", ""cmtPoster"": ""adychen1982"", ""cmtContent"": "":訂。但真的很小所以設定一人一間哈。我訂的地方看地"", ""cmtDate"": ""2023-05-12 15:10:00""}, {""cmtStatus"": ""→"", ""cmtPoster"": ""adychen1982"", ""cmtContent"": "":圖附近也是好幾間，差點花眼XDDD"", ""cmtDate"": ""2023-05-12 15:10:00""}, {""cmtStatus"": ""推"", ""cmtPoster"": ""adychen1982"", ""cmtContent"": "":原來一晚三千左右已經算便宜了@@"", ""cmtDate"": ""2023-05-12 15:12:00""}, {""cmtStatus"": ""→"", ""cmtPoster"": ""adychen1982"", ""cmtContent"": "":三人房一晚三千真的便宜啦XDDDD"", ""cmtDate"": ""2023-05-12 15:13:00""}, {""cmtStatus"": ""推"", ""cmtPoster"": ""chuanying"", ""cmtContent"": "":APA真的小，住過一次再也不想住XD"", ""cmtDate"": ""2023-05-12 16:40:00""}, {""cmtStatus"": ""推"", ""cmtPoster"": ""tfshs0823"", ""cmtContent"": "":東京兩大人住過140cm的床，發誓再也不選這種房間，"", ""cmtDate"": ""2023-05-12 21:49:00""}, {""cmtStatus"": ""→"", ""cmtPoster"": ""tfshs0823"", ""cmtContent"": "":真的不舒服"", ""cmtDate"": ""2023-05-12 21:49:00""}]",1.164.100.140,2023-05-12 01:58:17,ptt
75,https://www.ptt.cc/bbs/Japan_Travel/M.1683799488.A.0BC.html,Re:[問題]旅遊半個月以上衣物準備,2023-05-11 18:04:46,burnsy0018,Japan_Travel,"這次黃金週去東京十天，帶了以下衣物：

內褲 襪子 背心 各 x 3

短褲 x 2
短T x 2

薄外套 長褲 各 x 1

不是坐廉航所以也沒有什麼擔心行李太多的問題，純粹是想要簡便。可能自身也有一點潔
癖所以不喜歡等到旅程結束再回國把囤積的髒衣物一次洗。

因為每天上午都有去健身房運動，所以貼身衣物是每天手洗。日本韓國旅館房間裡都很乾
燥，通常晚上洗後在房間晾出來，隔天晚上再回旅館時就會乾了。這次還有在旅館房間裡
看到一張紙條寫著乾燥對策，說只要在房間內掛一件濕的衣物，房間就不會那麼乾了。

其他短褲短T跟外套長褲就固定每三天用洗衣機洗一次，所以我選擇旅館時，洗衣跟烘衣
機是絕對必要的。這次住的是洗衣三十分鐘三百日元，加上烘衣每二十分鐘一百日元，通
常需要烘個八十分鐘才會完全乾，所以一次洗衣需要三百加四百，也就是七百日元。

這幾次在日本也有看到兩次洗烘二合一機器，但不知道為什麼這種二合一的機器都無法預
設較長的烘衣時間，所以一樣是要跑兩次洗衣間。

比較麻煩的是洗衣服那天要提早一些回旅館，然後有碰過一次前一位使用者烘完衣服放了
很久沒去回收，這種情況只要通知旅館前台，他們就會去清空機器裡的衣物然後幫忙保管
，讓需要的人繼續使用。

十月的話天氣更涼爽，說不定沒流汗外面的衣物可以再多撐幾天再洗。但貼身衣物還是推
薦每天換洗 XD
四月底五月初就算夏天了？
我剛查了一下東京四月平均溫度跟北海道十月也沒差太多
我去年冬天去日本跟韓國外衣可以一次最長撐到六七天
對，這次去長褲只有穿一天，然後有一天下雨感覺比較冷才把薄外套拿出來
呃這有點可怕。日本洗衣機很多都有洗衣槽清洗功能，我洗衣服前都會開。烘衣機就沒辦
法了
內褲跟襪子無法連續穿兩天 XD
Gold's Gym的兩週visitor pass, 單點6600日幣
去年住歌舞伎町時有試過飯店轉角處的自助洗衣，二合一式10公斤衣物加60分鐘烘衣，但
比較貴要1200日幣
而且隔天一定會乾","[{""cmtStatus"": ""推"", ""cmtPoster"": ""sjclivelo"", ""cmtContent"": "":你這是夏天跟冬天的重量根本不同等級"", ""cmtDate"": ""2023-05-11 18:04:46""}, {""cmtStatus"": ""→"", ""cmtPoster"": ""siamn"", ""cmtContent"": "":冬天才好處理，只要每天手洗內衣晾房間，除非每天"", ""cmtDate"": ""2023-05-11 18:04:46""}, {""cmtStatus"": ""→"", ""cmtPoster"": ""siamn"", ""cmtContent"": "":都要不同的外衣，那真的行李公斤數再多都不夠XD"", ""cmtDate"": ""2023-05-11 18:04:46""}, {""cmtStatus"": ""推"", ""cmtPoster"": ""kei1823"", ""cmtContent"": "":冬天真的簡單，每天洗內衣褲而已。之前京都住公寓"", ""cmtDate"": ""2023-05-11 18:04:46""}, {""cmtStatus"": ""→"", ""cmtPoster"": ""kei1823"", ""cmtContent"": "":式飯店有洗脫烘，超方便"", ""cmtDate"": ""2023-05-11 18:04:46""}, {""cmtStatus"": ""推"", ""cmtPoster"": ""TaoYuanming"", ""cmtContent"": "":冬天比較簡單+1"", ""cmtDate"": ""2023-05-11 18:04:46""}, {""cmtStatus"": ""推"", ""cmtPoster"": ""dailylily"", ""cmtContent"": "":東京13度只要薄外套應該是原po比較不怕冷"", ""cmtDate"": ""2023-05-11 18:04:46""}, {""cmtStatus"": ""推"", ""cmtPoster"": ""clerkhsiao"", ""cmtContent"": "":前一陣子在東京的飯店使用投幣式洗衣機的時候，看"", ""cmtDate"": ""2023-05-11 18:04:46""}, {""cmtStatus"": ""→"", ""cmtPoster"": ""clerkhsiao"", ""cmtContent"": "":到有人在烘乾機裡面烘鞋子..超髒.."", ""cmtDate"": ""2023-05-11 18:04:46""}, {""cmtStatus"": ""→"", ""cmtPoster"": ""imlavender"", ""cmtContent"": "":看完覺得自己屬於強迫症,每天都洗衣服XD"", ""cmtDate"": ""2023-05-11 18:04:46""}, {""cmtStatus"": ""→"", ""cmtPoster"": ""akai0812"", ""cmtContent"": "":飯店的健身房？"", ""cmtDate"": ""2023-05-11 18:04:46""}, {""cmtStatus"": ""推"", ""cmtPoster"": ""yuminie"", ""cmtContent"": "":其實可以看看旅館附近有沒有自助洗衣的店家，那裡的"", ""cmtDate"": ""2023-05-11 18:04:46""}, {""cmtStatus"": ""→"", ""cmtPoster"": ""yuminie"", ""cmtContent"": "":洗烘合一可以算好要延長烘衣多久，一次投幣完再回去"", ""cmtDate"": ""2023-05-11 20:47:00""}, {""cmtStatus"": ""→"", ""cmtPoster"": ""yuminie"", ""cmtContent"": "":拿"", ""cmtDate"": ""2023-05-11 20:47:00""}, {""cmtStatus"": ""推"", ""cmtPoster"": ""strayfrog"", ""cmtContent"": "":冬天真的簡單不少，不太流汗就洗內衣褲而已"", ""cmtDate"": ""2023-05-11 18:04:46""}, {""cmtStatus"": ""推"", ""cmtPoster"": ""fp737"", ""cmtContent"": "":我覺得冬天反而簡單因為不流汗"", ""cmtDate"": ""2023-05-11 21:20:00""}, {""cmtStatus"": ""→"", ""cmtPoster"": ""twinmick"", ""cmtContent"": "":商務旅館的洗烘機真的就只是讓衣服不臭而已啦，但是"", ""cmtDate"": ""2023-05-11 22:58:00""}, {""cmtStatus"": ""→"", ""cmtPoster"": ""twinmick"", ""cmtContent"": "":其實商務旅館的都很髒沒在清的，因為我有洗完隔天穿"", ""cmtDate"": ""2023-05-11 22:59:00""}, {""cmtStatus"": ""→"", ""cmtPoster"": ""twinmick"", ""cmtContent"": "":直接長疹子，所以真的有空我還是寧願去外面找XDD"", ""cmtDate"": ""2023-05-11 23:00:00""}, {""cmtStatus"": ""推"", ""cmtPoster"": ""EURISKO"", ""cmtContent"": "":覺得冬天衣服反而簡單，不太流汗，只要洗貼身衣物就"", ""cmtDate"": ""2023-05-11 23:01:00""}, {""cmtStatus"": ""→"", ""cmtPoster"": ""EURISKO"", ""cmtContent"": "":好，夏天一直流汗，反而要全洗"", ""cmtDate"": ""2023-05-11 23:01:00""}, {""cmtStatus"": ""推"", ""cmtPoster"": ""threejpkr01"", ""cmtContent"": "":衣服當地買啊"", ""cmtDate"": ""2023-05-12 11:40:00""}, {""cmtStatus"": ""推"", ""cmtPoster"": ""mvpdirk712"", ""cmtContent"": "":內褲我都買免洗耶，穿一件丟一件比較方便"", ""cmtDate"": ""2023-05-12 11:53:00""}]",123.252.1.48,2023-05-12 01:58:17,ptt
76,https://www.ptt.cc/bbs/Japan_Travel/M.1683799551.A.208.html,[問題]東京廣域周遊券領取問題,2023-05-11 18:05:49,rayboom,Japan_Travel,"想請問板友,我用自己的帳號在官網上幫7位家人買周遊卷及劃位富士回遊,到時到可刷護照
的售票機取票時,是不是只需要刷我的護照就可以領全家人的票及富士回遊的票,還是說每領
一張票就要刷一位家人的護照??

","[{""cmtStatus"": ""推"", ""cmtPoster"": ""anny771014"", ""cmtContent"": "":購票人的護照就可以了"", ""cmtDate"": ""2023-05-11 18:08:00""}, {""cmtStatus"": ""推"", ""cmtPoster"": ""aspire0400"", ""cmtContent"": "":我在官網買我和老婆的關西廣域鐵路周遊券，售票機"", ""cmtDate"": ""2023-05-11 21:06:00""}, {""cmtStatus"": ""→"", ""cmtPoster"": ""aspire0400"", ""cmtContent"": "":取票時需要我們2人的護照，東京和關西的規定不同嗎"", ""cmtDate"": ""2023-05-11 21:06:00""}, {""cmtStatus"": ""→"", ""cmtPoster"": ""aspire0400"", ""cmtContent"": "":？"", ""cmtDate"": ""2023-05-11 21:06:00""}, {""cmtStatus"": ""→"", ""cmtPoster"": ""aspire0400"", ""cmtContent"": "":且東京廣域周遊券官網寫僅限本人購買，無法代買。"", ""cmtDate"": ""2023-05-11 21:06:00""}, {""cmtStatus"": ""推"", ""cmtPoster"": ""jtsu5223"", ""cmtContent"": "":之前領是只需要掃訂購人的護照沒錯"", ""cmtDate"": ""2023-05-11 21:23:00""}, {""cmtStatus"": ""推"", ""cmtPoster"": ""Aquascutum"", ""cmtContent"": "":四月初在成田二航自動售票機領取4個人的東京廣域，"", ""cmtDate"": ""2023-05-11 21:33:00""}, {""cmtStatus"": ""→"", ""cmtPoster"": ""Aquascutum"", ""cmtContent"": "":只要刷訂購人的護照。"", ""cmtDate"": ""2023-05-11 21:33:00""}, {""cmtStatus"": ""→"", ""cmtPoster"": ""Aquascutum"", ""cmtContent"": "":我是一個訂票編號訂四張東京廣域，只有一個QRcode"", ""cmtDate"": ""2023-05-11 21:36:00""}, {""cmtStatus"": ""→"", ""cmtPoster"": ""Aquascutum"", ""cmtContent"": "":，也有預定富士回遊，只有刷訂購人的護照，全部的"", ""cmtDate"": ""2023-05-11 21:36:00""}, {""cmtStatus"": ""→"", ""cmtPoster"": ""Aquascutum"", ""cmtContent"": "":周遊券和指定席券會一起出來。"", ""cmtDate"": ""2023-05-11 21:36:00""}, {""cmtStatus"": ""推"", ""cmtPoster"": ""asmoko"", ""cmtContent"": "":讀取QRCODE，刷訂購人護照，就等著所有票跑出來"", ""cmtDate"": ""2023-05-11 23:24:00""}, {""cmtStatus"": ""推"", ""cmtPoster"": ""hk1"", ""cmtContent"": "":請問若是用機器換票，舊版護照可以兌換嗎？"", ""cmtDate"": ""2023-05-11 23:29:00""}, {""cmtStatus"": ""推"", ""cmtPoster"": ""pilifan145"", ""cmtContent"": "":可以請問下車站可以領取時間嗎怕去櫃台來不及"", ""cmtDate"": ""2023-05-12 09:01:00""}]",203.77.42.47,2023-05-12 01:58:17,ptt
77,https://www.ptt.cc/bbs/Japan_Travel/M.1683805781.A.426.html,[資訊]東京、沖繩、北海道，開車體驗。,2023-05-11 19:49:37,talon0222,Japan_Travel,"人生去過了4次沖繩、2次東京、2次北海道

最近剛從黃金週的東京回來，東京市區沒有像大家說的這麼可怕都是爆滿的人潮。

我倒覺得有點像是台北的過年

大家都往外縣市跑，東京反而還好沒有這麼多人
https://i.imgur.com/QV8FsN5.jpg
首先是去最多次的沖繩，這一個地方是我推薦最適合自駕的地方。

這地方已經非常的觀光化，交通規劃我覺得是最好的，路上也是最友善，大家看到你是租車會禮讓你

不過大家還是要多多遵守交通規則喔！雖然我沒看過幾支測速照相就是。

一些小路是沒有路燈的，尤其是有住一家叫海洋今歸仁飯店的，他進入飯店只有一條小路，只能容納一台車經過，旁邊就是峭壁+海，如果控制不慎就會直接落海，沒有護欄，只有這邊是我覺得難度比較高的。
https://i.imgur.com/QpSB8QB.jpg
再來是東京，東京我覺得這裡交通環境跟步調非常像台北，路上的人走路都非常趕，車子也會逼行人跑步（沒有要幫台灣說話的意思）

但我在東京真的有看到有人在過馬路，原本停著的貨車又往前開一點後踩煞車，在逼過馬路的路人要跑步。
https://i.imgur.com/bmaKscf.jpg
附上一家我開去千葉吃到不錯的烤鰻魚飯，最推薦的是煮魚！
https://i.imgur.com/K6Oe48S.jpg
而東京的交通也更為複雜一點，有地下道、國道以及一般道路，不建議看不懂日文的人去衝地下道，有可能是我租的車年份比較舊在板橋區往新宿接東京的時候地下道直接阻斷我的GPS還有網路，我直接不知道從哪個出口出去，之後看到出口就先隨便出去了從平面開回東京。


再來說說國道的部分，國道我認為是東京設計最糟糕的一項東西，交通設計與台灣有異曲同工之妙。

常常會是一個匝道上去之後叫你打右轉燈過去右邊兩個車道後下國道，你能反應的距離大概就一兩台車車的距離，等於是要急切，在交通比較壅塞的平日都有可能切不過去。
https://i.imgur.com/b7XAX8n.jpg
（附上一張澀谷天空夜景）

總之我覺得東京自駕並不會多好，除非要像我一樣跑遠的地方再玩回來又有好幾個點，不想趕車的才推薦租車。
https://i.imgur.com/iNu6YLK.jpg
接著是北海道，兩次都是雪地駕駛，一次有去滑雪一次沒有。

北海道的雪地駕駛就是一切小心為上，不要跟車太近不要逼車，這點習慣在台灣就可以養成。

唯一可怕的就是山區路段超多大貨車，而且路面超破碎，常常有坑洞，國道雪除的非常乾淨。
https://i.imgur.com/qnKwdrs.jpg
加油站比較少，有看到就要加，儘量不要已經亮燈了才開始找加油站。

還有路上很多超高速行駛的北海道人會顛覆你對雪地開車的想像，但他們是原生種北海道人，他們早已習慣雪駕，不要看到他們開很快就跟著開很快。

人家常進廚房不怕熱的。

以上是我自駕過的地方，未來會繼續擴充我的自駕地圖的，希望能日本全部都搜集到，謝謝你們看到這邊了！





-
Sent from JPTT on my iPhone
","[{""cmtStatus"": ""推"", ""cmtPoster"": ""afterlcp0717"", ""cmtContent"": "":謝謝原po分享"", ""cmtDate"": ""2023-05-11 20:13:00""}, {""cmtStatus"": ""推"", ""cmtPoster"": ""ntps60803orz"", ""cmtContent"": "":感謝分享"", ""cmtDate"": ""2023-05-11 20:18:00""}, {""cmtStatus"": ""推"", ""cmtPoster"": ""qex"", ""cmtContent"": "":這次北海道自駕真的覺得這裡人開車比較猛然後不守"", ""cmtDate"": ""2023-05-11 20:18:00""}, {""cmtStatus"": ""→"", ""cmtPoster"": ""qex"", ""cmtContent"": "":秩序比其他地區多，還好我台灣去的不怕XD"", ""cmtDate"": ""2023-05-11 20:18:00""}, {""cmtStatus"": ""推"", ""cmtPoster"": ""akai0812"", ""cmtContent"": "":原生種www"", ""cmtDate"": ""2023-05-11 20:19:00""}, {""cmtStatus"": ""推"", ""cmtPoster"": ""sendtreepad"", ""cmtContent"": "":鄉下地區的標線也常常已經掉漆，不熟的還是開慢一"", ""cmtDate"": ""2023-05-11 20:29:00""}, {""cmtStatus"": ""→"", ""cmtPoster"": ""sendtreepad"", ""cmtContent"": "":點好，何況又是相反邊"", ""cmtDate"": ""2023-05-11 20:29:00""}, {""cmtStatus"": ""推"", ""cmtPoster"": ""mrtatami"", ""cmtContent"": "":在日本開車舒服多了"", ""cmtDate"": ""2023-05-11 20:59:00""}, {""cmtStatus"": ""推"", ""cmtPoster"": ""zonhuanlul"", ""cmtContent"": "":我去沖繩也只有5/6有黃金週的感覺，其他景點都人少"", ""cmtDate"": ""2023-05-11 21:58:00""}, {""cmtStatus"": ""→"", ""cmtPoster"": ""zonhuanlul"", ""cmtContent"": "":少"", ""cmtDate"": ""2023-05-11 21:58:00""}, {""cmtStatus"": ""→"", ""cmtPoster"": ""atten"", ""cmtContent"": "":日本租到的車機導航都沒搭配即時路況，建議搭一組"", ""cmtDate"": ""2023-05-11 23:16:00""}, {""cmtStatus"": ""→"", ""cmtPoster"": ""atten"", ""cmtContent"": "":手機，有些地方一塞就是幾小時的差距"", ""cmtDate"": ""2023-05-11 23:16:00""}, {""cmtStatus"": ""推"", ""cmtPoster"": ""HIVE"", ""cmtContent"": "":住過海洋今歸仁飯店+1,附近還有墳墓(開錯還繞了一"", ""cmtDate"": ""2023-05-11 23:41:00""}, {""cmtStatus"": ""→"", ""cmtPoster"": ""HIVE"", ""cmtContent"": "":圈),那時晚上開還不知道那麼危險,白天看到都覺驚驚,"", ""cmtDate"": ""2023-05-11 23:41:00""}, {""cmtStatus"": ""→"", ""cmtPoster"": ""HIVE"", ""cmtContent"": "":後來回想,對當時新手駕駛(台灣&日本)的我們,沒出事"", ""cmtDate"": ""2023-05-11 23:41:00""}, {""cmtStatus"": ""→"", ""cmtPoster"": ""HIVE"", ""cmtContent"": "":真是萬幸,有夠憨膽的"", ""cmtDate"": ""2023-05-11 23:41:00""}, {""cmtStatus"": ""→"", ""cmtPoster"": ""eric00169"", ""cmtContent"": "":沖繩我住古宇利裡面小山丘上的巷弄如果車大容易A"", ""cmtDate"": ""2023-05-12 00:28:00""}, {""cmtStatus"": ""→"", ""cmtPoster"": ""eric00169"", ""cmtContent"": "":到我當初開馬三進去要轉彎都要小心"", ""cmtDate"": ""2023-05-12 00:28:00""}, {""cmtStatus"": ""→"", ""cmtPoster"": ""birdy590"", ""cmtContent"": "":自駕儘量避免進市區倒是真的那霸札幌都會塞車"", ""cmtDate"": ""2023-05-12 03:00:00""}, {""cmtStatus"": ""→"", ""cmtPoster"": ""birdy590"", ""cmtContent"": "":市中心停車場難找就算找到也要有噴錢的準備"", ""cmtDate"": ""2023-05-12 03:00:00""}, {""cmtStatus"": ""→"", ""cmtPoster"": ""birdy590"", ""cmtContent"": "":飯店也沒有免費停車這種事不但要錢來晚了還沒位~"", ""cmtDate"": ""2023-05-12 03:01:00""}, {""cmtStatus"": ""→"", ""cmtPoster"": ""birdy590"", ""cmtContent"": "":飯店停車場通常是定額而且便宜要停外面就知道貴~"", ""cmtDate"": ""2023-05-12 03:02:00""}, {""cmtStatus"": ""→"", ""cmtPoster"": ""birdy590"", ""cmtContent"": "":停一晚兩千多算一般行情沒有單日上限的千萬不能停"", ""cmtDate"": ""2023-05-12 03:03:00""}, {""cmtStatus"": ""噓"", ""cmtPoster"": ""gogo79979"", ""cmtContent"": "":還是別開車"", ""cmtDate"": ""2023-05-12 11:48:00""}, {""cmtStatus"": ""→"", ""cmtPoster"": ""ssiou"", ""cmtContent"": "":推薦九州自駕遊，慢慢開很舒服"", ""cmtDate"": ""2023-05-12 16:25:00""}]",223.137.126.17,2023-05-12 01:58:17,ptt
78,https://www.ptt.cc/bbs/Japan_Travel/M.1683823202.A.296.html,[問題]請問東京迪士尼陸地與海洋的安排,2023-05-12 00:40:00,buaa2211,Japan_Travel,"6月底東京迪士尼會去玩2天，
一天玩陸地，一天玩海洋，
前兩天住在迪士尼樂園飯店，
第3天住東京灣東急飯店(迪士尼附近)，
請問大家會建議
第一天玩陸地還海洋，住宿安排會比較順，
謝謝！
","[{""cmtStatus"": ""推"", ""cmtPoster"": ""richer23"", ""cmtContent"": "":建議玩一天休一天累啊"", ""cmtDate"": ""2023-05-12 00:55:00""}, {""cmtStatus"": ""推"", ""cmtPoster"": ""owlonoak"", ""cmtContent"": "":樂園飯店起床的那兩天才有提早入園的特權"", ""cmtDate"": ""2023-05-12 01:40:00""}, {""cmtStatus"": ""→"", ""cmtPoster"": ""owlonoak"", ""cmtContent"": "":第一天比較有體力應該是要先海洋第二天沒力了就近"", ""cmtDate"": ""2023-05-12 01:42:00""}, {""cmtStatus"": ""→"", ""cmtPoster"": ""owlonoak"", ""cmtContent"": "":玩最後要回到飯店休息也比較快"", ""cmtDate"": ""2023-05-12 01:42:00""}, {""cmtStatus"": ""→"", ""cmtPoster"": ""owlonoak"", ""cmtContent"": "":結果我發現東京灣東急飯店也沒有到很近..."", ""cmtDate"": ""2023-05-12 01:45:00""}, {""cmtStatus"": ""→"", ""cmtPoster"": ""owlonoak"", ""cmtContent"": "":不過land去搭京葉線是比較方便一點"", ""cmtDate"": ""2023-05-12 01:46:00""}, {""cmtStatus"": ""→"", ""cmtPoster"": ""e3472419"", ""cmtContent"": "":你要先確定哪個飯店可以搭配哪個樂園前15分鐘入場"", ""cmtDate"": ""2023-05-12 08:45:00""}, {""cmtStatus"": ""→"", ""cmtPoster"": ""e3472419"", ""cmtContent"": "":笨蛋如我訂了樂祥才發現海洋沒配合"", ""cmtDate"": ""2023-05-12 08:46:00""}, {""cmtStatus"": ""→"", ""cmtPoster"": ""szuchun"", ""cmtContent"": "":回樓上,原PO看起來是訂陸地門口那家,就2邊都可以的"", ""cmtDate"": ""2023-05-12 09:43:00""}, {""cmtStatus"": ""推"", ""cmtPoster"": ""minfily"", ""cmtContent"": "":可以先陸在海"", ""cmtDate"": ""2023-05-12 10:17:00""}, {""cmtStatus"": ""→"", ""cmtPoster"": ""buaa2211"", ""cmtContent"": "":感謝大家的回覆"", ""cmtDate"": ""2023-05-12 23:42:00""}]",114.37.140.203,2023-05-12 01:58:17,ptt
79,https://www.ptt.cc/bbs/Japan_Travel/M.1683824796.A.47B.html,[問題]JR西日本官網訂票東京取票,2023-05-12 01:06:34,shuTNUA,Japan_Travel,"不好意思想請問各位版友，我在JR 西日本的官網上預訂了東京到新神戶的新幹線車票，
可以在東京這邊取票嗎？

因為看到官網有一段文字寫「在JR東日本的車站無法領取包含東海道新幹線等，JR東海地
區的預約車票。」「JR東日本部分訪日旅行中心（僅限關東地區）＞能夠領取車票 (註）
無法領取包含JR東海地區的車票，像是東海道
新幹線（東京～新大阪)等。」


因為我訂的那班車有經過東海地區，所以才有
這樣的疑問，不曉得能在東京取票嗎？先謝謝回答！
","[{""cmtStatus"": ""→"", ""cmtPoster"": ""nibarity"", ""cmtContent"": "":要找東京站八重洲北口、南口、中央口的JR東海窗口領"", ""cmtDate"": ""2023-05-12 01:28:00""}, {""cmtStatus"": ""→"", ""cmtPoster"": ""shuTNUA"", ""cmtContent"": "":我懂了！非常感謝QQ"", ""cmtDate"": ""2023-05-12 10:49:00""}]",42.72.153.181,2023-05-12 01:58:19,ptt
80,https://www.ptt.cc/bbs/Japan_Travel/M.1683829568.A.6FF.html,[問題]北海道+青森仙台(東京)11天自由行請益,2023-05-12 02:26:06,kashima228,Japan_Travel,"出遊日期：
(北海道6/29~7/3+東北7/4~7/9) 共11天
人數：
2+3人(皆為第一次日本自助) 本人的自助經驗只有多次歐美自由行
交通：
JR札幌-登別區域鐵路周遊4日券(使用時間：6/29~7/2)
JR Pass東日本・南北海道鐵路周遊6日券(使用時間：7/3~7/8)

每日行程：
6/29(四)
Day 1 ：15:00抵達CTS新千歲機場> 18:30小樽市(住小樽運河附近)> 小樽運河晃晃+三角市場吃晚餐
6/30(五)
Day 2 ：飯店退房> 10:00回札幌市區> 場外市場/二條市場吃午飯> 札幌啤酒博物館> 狸小路商店街> 北海道神宮> 買晚餐去藻岩山看夜景
7/01(六)
Day 3 ：羊之丘展望台> 白色戀人觀光工廠> 大通公園> 札幌電視台> 薄野逛街> 北海道大學逛逛> 晚上札幌市區逛逛
7/02(日)
Day 4 ：(一日團去富良野玩)富田農場> 四季彩之丘> 青池> 森林精靈露臺> 晚上札幌市區逛逛
7/03(一)
Day 5 ：9:30坐北斗號到函館(13:30抵達)> 金森紅磚倉庫> 函館朝市> 晚上函館市區逛逛(涵管山頂夜景)
7/04(二)
Day 6 ：五稜郭> 八幡坂道> 新幹線到青森> 青森市區(弘前)晃晃> 睡魔之家/a factory > 市區晃晃
7/05(三)
Day 7 ： 青森> 奧入瀨溪流&十和田湖(在想要包車or 租車)> 青森逛逛

7/06(四)
Day 8 ：7:20青森搭新幹線去東京(11:05抵達)> 還沒確定要幹嘛…

7/07(五)
Day 9 ：東京還沒想到能去哪…> 18:00搭回仙台(20:00抵達)> 飯店休息

7/08(六)
Day 10：仙台商店街、百貨、三井OUTLET PARK 仙台港(10~14:00)

7/09(日)
Day11： 仙台市區逛逛> 15:00 SDJ仙台機場


特別希望：

主要有幾個方向的問題如下說明。

住宿部分：
家人有事所以會青森會合
在訂房時發現青森房價跟札幌有得比而且更貴(尤其周末)，
後續要訂基本上是3人+2人的模式，但好像大多不給加床的方式，
札幌還有公寓式飯店，
青森仙台這邊一晚兩間房(2+3)加起來都要一萬四以上一個晚上(如果含早餐的話都要快兩萬/一晚)，
想問一下一般來說日本一晚/人的價格應該怎麼抓比較好?

吃的部分：
1. 札幌會想要吃海鮮(蟹類)應該吃到飽好，還是精緻高級好?
2. 或有其他推薦有關吃的部分的。因為很怕帶家人踩雷會不好意思。

交通部分：
1.      JR札幌-登別區域鐵路周遊4日券式可以任選四天開通嗎?
還是須連續四天?
因為看Klook上說明好像是任選四天的。
2.      十和田湖建議自駕嗎?(雖然有國外駕駛經驗，但沒開過右駕車)
是有找到包車一日遊(大約台幣13,500元)，司機日本人，
如選擇包車是否有需要注意的部分?
3. 使用交通套票有無須特別注意之事項?

行程規劃部分：
1.      想問一下這11天的行程是否會太過緊湊?
因為對一個點應該抓多久時間沒甚麼概念，先謝謝各位指教。
2.      是否應該去東京?
因為許久沒有出國，從原本規劃8天延長到11天，本打算慵懶的方式規劃行程，
但說來慚愧，本人日本跟團好幾次從來沒有去過東京整個都會區都沒有去過，
剛好空一天出來想說要不要衝去東京吸空氣回來…
所以東京行程以兩天一夜來說應該安排甚麼景點或吃什麼比較好呢?
3. 仙台部分小弟我也是沒什麼概念，也想請各位推薦一下。
4. 行程部分希望每天鬆散就好，不希望太密集的點，
我這樣排每日行程會太密集嗎?


以上問題 先謝謝各位了
-
Sent from JPTT on my iPad
","[{""cmtStatus"": ""→"", ""cmtPoster"": ""ybite"", ""cmtContent"": "":跟家人我認為不要一直換宿加上行李超麻煩"", ""cmtDate"": ""2023-05-12 02:26:06""}, {""cmtStatus"": ""→"", ""cmtPoster"": ""ybite"", ""cmtContent"": "":然後我覺得仙台機場返程拉去東京沒意義太遠了"", ""cmtDate"": ""2023-05-12 02:26:06""}, {""cmtStatus"": ""→"", ""cmtPoster"": ""ybite"", ""cmtContent"": "":就算搭直達車也幾乎是台北左營的時間了"", ""cmtDate"": ""2023-05-12 02:36:00""}, {""cmtStatus"": ""→"", ""cmtPoster"": ""ybite"", ""cmtContent"": "":想看自然景觀就專心排東北我認為會比較盡興"", ""cmtDate"": ""2023-05-12 02:26:06""}, {""cmtStatus"": ""→"", ""cmtPoster"": ""ybite"", ""cmtContent"": "":北海道那張官網說是要連續四天"", ""cmtDate"": ""2023-05-12 02:38:00""}, {""cmtStatus"": ""→"", ""cmtPoster"": ""ybite"", ""cmtContent"": "":仙台附近就狐狸村跟松島淨土之濱之類就車程很長"", ""cmtDate"": ""2023-05-12 02:42:00""}, {""cmtStatus"": ""→"", ""cmtPoster"": ""ybite"", ""cmtContent"": "":真的要去東京第一次排個淺草晴空塔澀谷都是安全"", ""cmtDate"": ""2023-05-12 02:26:06""}, {""cmtStatus"": ""→"", ""cmtPoster"": ""ybite"", ""cmtContent"": "":牌"", ""cmtDate"": ""2023-05-12 02:26:06""}, {""cmtStatus"": ""→"", ""cmtPoster"": ""ybite"", ""cmtContent"": "":最後非都市區域不會日文有點麻煩要多點耐心QQ"", ""cmtDate"": ""2023-05-12 02:26:06""}, {""cmtStatus"": ""→"", ""cmtPoster"": ""ybite"", ""cmtContent"": "":剛看過夏天狐狸村確實不好毛量問題QQ"", ""cmtDate"": ""2023-05-12 02:26:06""}, {""cmtStatus"": ""推"", ""cmtPoster"": ""tekamolo"", ""cmtContent"": "":日光、五色沼、藏王、海嘯遺址"", ""cmtDate"": ""2023-05-12 02:26:06""}, {""cmtStatus"": ""推"", ""cmtPoster"": ""ijkppy"", ""cmtContent"": "":函館朝市只開到下午兩點多，改第六天早一點去即可"", ""cmtDate"": ""2023-05-12 02:26:06""}, {""cmtStatus"": ""→"", ""cmtPoster"": ""ijkppy"", ""cmtContent"": "":。"", ""cmtDate"": ""2023-05-12 02:26:06""}, {""cmtStatus"": ""→"", ""cmtPoster"": ""spencers"", ""cmtContent"": "":tabelog"", ""cmtDate"": ""2023-05-12 02:26:06""}, {""cmtStatus"": ""推"", ""cmtPoster"": ""rose21777"", ""cmtContent"": "":函館朝市沒記錯的話只開到下午2點，你不如排到隔天"", ""cmtDate"": ""2023-05-12 02:26:06""}, {""cmtStatus"": ""→"", ""cmtPoster"": ""rose21777"", ""cmtContent"": "":早上；金森倉庫轉個彎就到八幡板了，目前的路線很"", ""cmtDate"": ""2023-05-12 02:26:06""}, {""cmtStatus"": ""→"", ""cmtPoster"": ""rose21777"", ""cmtContent"": "":不順"", ""cmtDate"": ""2023-05-12 02:26:06""}, {""cmtStatus"": ""推"", ""cmtPoster"": ""rose21777"", ""cmtContent"": "":建議路線應該是：函館車站>金森倉庫>八幡板>函館夜"", ""cmtDate"": ""2023-05-12 02:26:06""}, {""cmtStatus"": ""→"", ""cmtPoster"": ""rose21777"", ""cmtContent"": "":景"", ""cmtDate"": ""2023-05-12 07:56:00""}, {""cmtStatus"": ""→"", ""cmtPoster"": ""rose21777"", ""cmtContent"": "":隔天：函館朝市>五稜郭"", ""cmtDate"": ""2023-05-12 02:26:06""}, {""cmtStatus"": ""→"", ""cmtPoster"": ""strayfrog"", ""cmtContent"": "":D1有沒有考慮住札幌，隔天再去小樽"", ""cmtDate"": ""2023-05-12 09:27:00""}, {""cmtStatus"": ""→"", ""cmtPoster"": ""strayfrog"", ""cmtContent"": "":小樽晚上6點應該也沒什麼能逛了"", ""cmtDate"": ""2023-05-12 02:26:06""}, {""cmtStatus"": ""→"", ""cmtPoster"": ""kashima228"", ""cmtContent"": "":因為考慮之後再札幌都不換飯店了"", ""cmtDate"": ""2023-05-12 09:46:00""}, {""cmtStatus"": ""→"", ""cmtPoster"": ""kashima228"", ""cmtContent"": "":過去應該就是看看夜景跟三角市場吃飯這樣"", ""cmtDate"": ""2023-05-12 02:26:06""}, {""cmtStatus"": ""→"", ""cmtPoster"": ""kashima228"", ""cmtContent"": "":因為第一天飯店剛好就在運河旁邊"", ""cmtDate"": ""2023-05-12 09:50:00""}, {""cmtStatus"": ""→"", ""cmtPoster"": ""Gwendolynn"", ""cmtContent"": "":只為夜景有必要第一天拉到小樽嗎"", ""cmtDate"": ""2023-05-12 14:15:00""}, {""cmtStatus"": ""推"", ""cmtPoster"": ""Gwendolynn"", ""cmtContent"": "":DAY6帶著行李從北海道移動到新青森後，繼續帶著行"", ""cmtDate"": ""2023-05-12 14:19:00""}, {""cmtStatus"": ""→"", ""cmtPoster"": ""Gwendolynn"", ""cmtContent"": "":李去弘前再去青森這樣不累嗎？"", ""cmtDate"": ""2023-05-12 14:19:00""}, {""cmtStatus"": ""→"", ""cmtPoster"": ""kashima228"", ""cmtContent"": "":抱歉行李的部分像是第五天跟第六天"", ""cmtDate"": ""2023-05-12 15:10:00""}, {""cmtStatus"": ""→"", ""cmtPoster"": ""kashima228"", ""cmtContent"": "":都會先把行李放飯店再出去逛"", ""cmtDate"": ""2023-05-12 15:10:00""}, {""cmtStatus"": ""→"", ""cmtPoster"": ""kashima228"", ""cmtContent"": "":第一天的部分會在討論看看謝謝你"", ""cmtDate"": ""2023-05-12 15:10:00""}, {""cmtStatus"": ""→"", ""cmtPoster"": ""ivymorita"", ""cmtContent"": "":不用住到小樽都住札幌就行了吧"", ""cmtDate"": ""2023-05-12 16:51:00""}, {""cmtStatus"": ""推"", ""cmtPoster"": ""kimic"", ""cmtContent"": "":三角市場晚餐時間很多店都關了吧"", ""cmtDate"": ""2023-05-12 17:28:00""}, {""cmtStatus"": ""→"", ""cmtPoster"": ""Gwendolynn"", ""cmtContent"": "":住青森早餐可以去古川市場，跟函館朝市又有點不一樣"", ""cmtDate"": ""2023-05-12 18:53:00""}, {""cmtStatus"": ""推"", ""cmtPoster"": ""apple110122"", ""cmtContent"": "":Day5可去倉庫跟八幡板函館夜景ㄧ起玩因爲都在"", ""cmtDate"": ""2023-05-12 19:51:00""}, {""cmtStatus"": ""→"", ""cmtPoster"": ""apple110122"", ""cmtContent"": "":附近，隔天去青森也不會這麽趕。另外在仙台不要在"", ""cmtDate"": ""2023-05-12 19:51:00""}, {""cmtStatus"": ""→"", ""cmtPoster"": ""apple110122"", ""cmtContent"": "":拉車去東京了，太浪費時間，建議可增加東北的行程。"", ""cmtDate"": ""2023-05-12 19:51:00""}, {""cmtStatus"": ""推"", ""cmtPoster"": ""apple110122"", ""cmtContent"": "":還有朝市的話Day6ㄧ早再去吧。"", ""cmtDate"": ""2023-05-12 19:53:00""}, {""cmtStatus"": ""→"", ""cmtPoster"": ""kashima228"", ""cmtContent"": "":了解另外想問一下有關星野的奧入瀨溪流飯店因為"", ""cmtDate"": ""2023-05-12 20:56:00""}, {""cmtStatus"": ""→"", ""cmtPoster"": ""kashima228"", ""cmtContent"": "":房價蠻貴一個人換算差不多快六千元但看起來很不錯"", ""cmtDate"": ""2023-05-12 20:56:00""}, {""cmtStatus"": ""→"", ""cmtPoster"": ""kashima228"", ""cmtContent"": "":而且又有接駁車"", ""cmtDate"": ""2023-05-12 20:56:00""}, {""cmtStatus"": ""→"", ""cmtPoster"": ""kashima228"", ""cmtContent"": "":但關於接駁車他官網的說明看起來就是一班車而已…."", ""cmtDate"": ""2023-05-12 20:56:00""}, {""cmtStatus"": ""→"", ""cmtPoster"": ""kashima228"", ""cmtContent"": "":所以也不能選時間對嗎？"", ""cmtDate"": ""2023-05-12 20:56:00""}, {""cmtStatus"": ""推"", ""cmtPoster"": ""CiaoTwo"", ""cmtContent"": "":不能選時間,訂完飯店就可以去預定接駁車"", ""cmtDate"": ""2023-05-12 21:31:00""}, {""cmtStatus"": ""→"", ""cmtPoster"": ""CiaoTwo"", ""cmtContent"": "":在奧入瀨十和田地區遊玩的時間可以拉長一些"", ""cmtDate"": ""2023-05-12 21:37:00""}, {""cmtStatus"": ""推"", ""cmtPoster"": ""CiaoTwo"", ""cmtContent"": "":從青森會合的家人如果是買東日本PASS可以免費乘車"", ""cmtDate"": ""2023-05-12 21:44:00""}, {""cmtStatus"": ""→"", ""cmtPoster"": ""kashima228"", ""cmtContent"": "":那如果不要住星野附近還有其他方便搭車的好選擇嗎"", ""cmtDate"": ""2023-05-12 21:55:00""}, {""cmtStatus"": ""→"", ""cmtPoster"": ""kashima228"", ""cmtContent"": "":？"", ""cmtDate"": ""2023-05-12 21:55:00""}, {""cmtStatus"": ""→"", ""cmtPoster"": ""kashima228"", ""cmtContent"": "":飯店的部分"", ""cmtDate"": ""2023-05-12 21:58:00""}, {""cmtStatus"": ""→"", ""cmtPoster"": ""kashima228"", ""cmtContent"": "":目前分兩個因為還在猶豫奧入瀨溪要怎麼走"", ""cmtDate"": ""2023-05-13 14:17:00""}, {""cmtStatus"": ""→"", ""cmtPoster"": ""kashima228"", ""cmtContent"": "":一日來回（行李放飯店）"", ""cmtDate"": ""2023-05-13 14:17:00""}, {""cmtStatus"": ""→"", ""cmtPoster"": ""kashima228"", ""cmtContent"": "":住星野一晚但需考慮行李要怎麼帶"", ""cmtDate"": ""2023-05-13 14:17:00""}, {""cmtStatus"": ""→"", ""cmtPoster"": ""kashima228"", ""cmtContent"": "":仙台的行程變成要先看在青森怎麼走了"", ""cmtDate"": ""2023-05-13 14:17:00""}, {""cmtStatus"": ""→"", ""cmtPoster"": ""kashima228"", ""cmtContent"": "":又或者不住青森改青森一日遊晚上直接拉去八戶住"", ""cmtDate"": ""2023-05-13 14:17:00""}, {""cmtStatus"": ""推"", ""cmtPoster"": ""Midiya"", ""cmtContent"": "":不太建議青森殺到東京再回仙台耶太花時間了"", ""cmtDate"": ""2023-05-13 20:54:00""}, {""cmtStatus"": ""→"", ""cmtPoster"": ""Midiya"", ""cmtContent"": "":把原本要去東京的時間改去山形可以去藏王御釜"", ""cmtDate"": ""2023-05-13 20:54:00""}, {""cmtStatus"": ""→"", ""cmtPoster"": ""Midiya"", ""cmtContent"": "":六月底七月初的山形還有機會去摘櫻桃(佐藤錦)"", ""cmtDate"": ""2023-05-13 20:55:00""}, {""cmtStatus"": ""→"", ""cmtPoster"": ""Midiya"", ""cmtContent"": "":山形是日本數一數二的水果產地櫻桃和鴨梨都很棒"", ""cmtDate"": ""2023-05-13 20:56:00""}, {""cmtStatus"": ""→"", ""cmtPoster"": ""Midiya"", ""cmtContent"": "":不去東京的話pass改買另一張東北+南北海道的就好"", ""cmtDate"": ""2023-05-13 20:56:00""}, {""cmtStatus"": ""推"", ""cmtPoster"": ""Midiya"", ""cmtContent"": "":BTW藏王御釜可以只搭巴士上去看景色或者健行都可"", ""cmtDate"": ""2023-05-13 20:59:00""}, {""cmtStatus"": ""→"", ""cmtPoster"": ""Midiya"", ""cmtContent"": "":看你的時間安排我是覺得藏王御釜真的很美!"", ""cmtDate"": ""2023-05-13 20:59:00""}, {""cmtStatus"": ""→"", ""cmtPoster"": ""Midiya"", ""cmtContent"": "":不過這個點比較吃天氣需要一點運氣才能看到"", ""cmtDate"": ""2023-05-13 20:59:00""}, {""cmtStatus"": ""→"", ""cmtPoster"": ""Midiya"", ""cmtContent"": "":另外仙台市區觀光你就搭他們的觀光巡迴巴士就好"", ""cmtDate"": ""2023-05-13 20:59:00""}, {""cmtStatus"": ""→"", ""cmtPoster"": ""Midiya"", ""cmtContent"": "":去瑞鳳殿、仙台城跡、大崎八幡宮等等"", ""cmtDate"": ""2023-05-13 21:01:00""}, {""cmtStatus"": ""→"", ""cmtPoster"": ""kashima228"", ""cmtContent"": "":山形嗎我來研究看看謝謝你"", ""cmtDate"": ""2023-05-13 22:49:00""}]",175.98.208.1,2023-05-13 02:01:31,ptt
81,https://www.ptt.cc/bbs/Japan_Travel/M.1683836664.A.4BC.html,[問題]九天八夜東京鎌倉河口湖行程請益,2023-05-12 04:24:22,bababana,Japan_Travel,"各位達人好，因為對東京地理及交通不熟悉，再加上日期剛好會碰到日本放假，想麻煩大
家幫忙過目看行程安排上是否需要調整

人員：2x歲情侶黨，有自由行經驗但此次皆為第一次東京自由行，安排的行程沒有一定要
走完，會機動性刪減


１． 出遊日期： 9/16-9/24（六～日）

２． 每日行程：
航班：
9/16  虎航IT202 14:25-18:50
9/24 虎航IT203 19:40-22:35

D1-9/16（六）
18:50抵達成田後搭Skyliner （購買單程）至上野飯店check in
宿：Hotel Resol Ueno(Taito-ku Ueno 7-2-9, 110-0005, 東京)

D2-9/17（日）交通：西瓜卡
Tokyo Odaiba Ultra Park(台場）
Ultra Japan音樂祭
宿： Hotel Resol Ueno(Taito-ku Ueno 7-2-9, 110-0005, 東京)

*9/18～9/21、9/23五晚宿東京車站附近友人家
（更新補充：實際位置在「中央湊郵便局」附近）

D3-9/18（一）交通：購買東京地鐵一日券
-明治神宮
-Afuri原宿店
-原宿、渋谷
-Shibuya Sky(傍晚）
晚餐：Kiwamiya 極味や 渋谷パルコ店 ハンバーグ ステーキ

D4-9/19（二）鎌倉一日遊
交通：東京車站搭橫須賀線-JR鎌倉站+購買江之電一日乘車券
-鎌倉小町通、若宮大路
-鶴岡八幡宮
-長谷寺
-江之島

回程：片瀨江之島站搭乘小田急至藤澤轉JR東海道本線至東京車站

D5-9/20（三）交通：西瓜卡
東京迪士尼

D6-9/21（四）交通：西瓜卡
-築地市場
-月島(逛逛小店）
-豐洲（TeamLab)

晚餐：敘敘苑 銀座店

D7-9/22（五）河口湖二日遊
（購買河口湖週遊巴士券+纜車+遊湖?2800）
交通：8:20新宿搭乘富士回遊7號-10:26河口湖車站
-天上山纜車
-天上山公園（狸貓茶屋）
-中餐：「ほうとう不動」餺飥
-河口湖遊覽船

宿：湖山亭產屋
（備案：大石公園）

D8-9/23（六）
<富士山站>
-金鳥居
-Q-STA(富士山紀念品）
<下吉田站>
-新倉富士山淺間神社
-北口本宮富士淺間神社
-本町二丁目商店街
（備：富士急樂園）

回程：17:04（17:50）下吉田站富士回遊44號（48）18:45新宿

晚餐：利久牛舌新宿店
宿：東京車站友人家

D9-9/24（日）
保留日，機動安排
預計16:00搭乘NEX-成田機場

問題：
Q1.河口湖來回（9/22-23）&東京車站-成田（9/24）如果使用JR 東京廣域周遊券適合嗎
？
Q2.如從東京車站至新宿站搭乘富士回遊，需要出站後再重新進站嗎？還是可以直接上車
？
Q3.請問鎌倉的交通安排是否正確？
（補充：此處疑問點是江之島-友人家的交通方式）
Q4.9/18因要更換住宿地點移動距離較遠使用東京地鐵一日券，其他天短程移動直接刷西
瓜卡，還是該全部刷西瓜就好？
Q5.行程會不會安排的過於緊湊？

再麻煩大家給予建議！謝謝
","[{""cmtStatus"": ""推"", ""cmtPoster"": ""kevinhon"", ""cmtContent"": "":D3東京車站到原宿，澀谷回程都是JR，買地鐵券只能"", ""cmtDate"": ""2023-05-12 04:24:22""}, {""cmtStatus"": ""→"", ""cmtPoster"": ""kevinhon"", ""cmtContent"": "":搭丸之內線轉車，沒比較方便，或是告知朋友家靠哪，"", ""cmtDate"": ""2023-05-12 04:24:22""}, {""cmtStatus"": ""→"", ""cmtPoster"": ""kevinhon"", ""cmtContent"": "":東京車站周邊很大，說不定有靠其他地鐵站"", ""cmtDate"": ""2023-05-12 04:24:22""}, {""cmtStatus"": ""推"", ""cmtPoster"": ""Garfield75"", ""cmtContent"": "":第三天照你那個行程，頂多來回飯店，原宿到澀谷三"", ""cmtDate"": ""2023-05-12 04:24:22""}, {""cmtStatus"": ""→"", ""cmtPoster"": ""Garfield75"", ""cmtContent"": "":趟車，感覺直接西瓜卡也可以"", ""cmtDate"": ""2023-05-12 04:24:22""}, {""cmtStatus"": ""推"", ""cmtPoster"": ""kevinhon"", ""cmtContent"": "":D4江之電一日券不包括小田急線，還是你想搭的是湘"", ""cmtDate"": ""2023-05-12 04:24:22""}, {""cmtStatus"": ""→"", ""cmtPoster"": ""kevinhon"", ""cmtContent"": "":南單軌電車？"", ""cmtDate"": ""2023-05-12 04:24:22""}, {""cmtStatus"": ""推"", ""cmtPoster"": ""SUZUKI5566"", ""cmtContent"": "":河口湖那天從東京車站到新宿，我會盡量選地鐵"", ""cmtDate"": ""2023-05-12 04:24:22""}, {""cmtStatus"": ""→"", ""cmtPoster"": ""SUZUKI5566"", ""cmtContent"": "":通勤時間的JR很可怕"", ""cmtDate"": ""2023-05-12 09:34:00""}, {""cmtStatus"": ""→"", ""cmtPoster"": ""SUZUKI5566"", ""cmtContent"": "":D6都去豐洲了，就順路去Teamlab吧"", ""cmtDate"": ""2023-05-12 04:24:22""}, {""cmtStatus"": ""推"", ""cmtPoster"": ""kevinhon"", ""cmtContent"": "":D6晚上豐州主要想看什麼嗎？築地市場/台場都去過了"", ""cmtDate"": ""2023-05-12 09:38:00""}, {""cmtStatus"": ""→"", ""cmtPoster"": ""kevinhon"", ""cmtContent"": "":好奇通勤時間搭地鐵有比較不擁擠嗎？原po買jr廣域券"", ""cmtDate"": ""2023-05-12 04:24:22""}, {""cmtStatus"": ""→"", ""cmtPoster"": ""kevinhon"", ""cmtContent"": "":，搭jr轉富士回遊不用出站，或是考慮直接從東京站搭"", ""cmtDate"": ""2023-05-12 04:24:22""}, {""cmtStatus"": ""→"", ""cmtPoster"": ""kevinhon"", ""cmtContent"": "":高速巴士，時間較彈性，利久牛舌東京車站就有"", ""cmtDate"": ""2023-05-12 10:03:00""}, {""cmtStatus"": ""→"", ""cmtPoster"": ""bababana"", ""cmtContent"": "":K大：其實友人家嚴格說起來距離東京車站有一小段距"", ""cmtDate"": ""2023-05-12 04:24:22""}, {""cmtStatus"": ""→"", ""cmtPoster"": ""bababana"", ""cmtContent"": "":離，是在「中央湊郵便局」周遭100公尺內"", ""cmtDate"": ""2023-05-12 04:24:22""}, {""cmtStatus"": ""→"", ""cmtPoster"": ""bababana"", ""cmtContent"": "":我想搭乘的應該是江之電沒錯，主要是不清楚該怎麼從"", ""cmtDate"": ""2023-05-12 04:24:22""}, {""cmtStatus"": ""→"", ""cmtPoster"": ""bababana"", ""cmtContent"": "":江之島回到東京友人家"", ""cmtDate"": ""2023-05-12 04:24:22""}, {""cmtStatus"": ""→"", ""cmtPoster"": ""bababana"", ""cmtContent"": "":D6豐洲是要去看teamlab沒錯！"", ""cmtDate"": ""2023-05-12 04:24:22""}, {""cmtStatus"": ""→"", ""cmtPoster"": ""bababana"", ""cmtContent"": "":會選擇搭富士回遊主要是9/22剛好是日本紅字，怕高速"", ""cmtDate"": ""2023-05-12 04:24:22""}, {""cmtStatus"": ""→"", ""cmtPoster"": ""bababana"", ""cmtContent"": "":巴士會不會塞車？不過我確實忘記考量到通勤人潮了"", ""cmtDate"": ""2023-05-12 04:24:22""}, {""cmtStatus"": ""→"", ""cmtPoster"": ""ybite"", ""cmtContent"": "":通勤應該還好中央線上班立川往新宿擠傍晚是反過來"", ""cmtDate"": ""2023-05-12 13:06:00""}, {""cmtStatus"": ""→"", ""cmtPoster"": ""ybite"", ""cmtContent"": "":晚上新宿往八王子方向的中央線快速才是地獄月台擠"", ""cmtDate"": ""2023-05-12 13:07:00""}, {""cmtStatus"": ""→"", ""cmtPoster"": ""ybite"", ""cmtContent"": "":滿人車來了直接擠到進不去"", ""cmtDate"": ""2023-05-12 13:07:00""}, {""cmtStatus"": ""→"", ""cmtPoster"": ""ybite"", ""cmtContent"": "":只是過夜有行李我也會選直接東京出發轉車麻煩"", ""cmtDate"": ""2023-05-12 13:08:00""}, {""cmtStatus"": ""→"", ""cmtPoster"": ""ybite"", ""cmtContent"": "":看了一下你的地點看起來地鐵會比較方便"", ""cmtDate"": ""2023-05-12 13:16:00""}, {""cmtStatus"": ""→"", ""cmtPoster"": ""ybite"", ""cmtContent"": "":補充：如果JR到新宿轉富士回游不用出站但要換月台"", ""cmtDate"": ""2023-05-12 13:18:00""}, {""cmtStatus"": ""→"", ""cmtPoster"": ""ybite"", ""cmtContent"": "":在9、10的中央本線（特急）月台只買到大月的話一樣"", ""cmtDate"": ""2023-05-12 13:20:00""}, {""cmtStatus"": ""→"", ""cmtPoster"": ""bababana"", ""cmtContent"": "":河口湖過夜行李我預計只會帶一個後背包跟隨身小包，"", ""cmtDate"": ""2023-05-12 14:10:00""}, {""cmtStatus"": ""→"", ""cmtPoster"": ""bababana"", ""cmtContent"": "":行李箱會留在友人家因此轉車應該不會到太不便"", ""cmtDate"": ""2023-05-12 14:10:00""}, {""cmtStatus"": ""→"", ""cmtPoster"": ""bababana"", ""cmtContent"": "":謝謝Y大建議我再考慮一下要搭地鐵還是JR前往新宿"", ""cmtDate"": ""2023-05-12 14:14:00""}, {""cmtStatus"": ""→"", ""cmtPoster"": ""afu46"", ""cmtContent"": "":中央湊郵便局最近車站應該是地鐵新富町站跟八丁堀站"", ""cmtDate"": ""2023-05-12 14:22:00""}, {""cmtStatus"": ""→"", ""cmtPoster"": ""afu46"", ""cmtContent"": "":八丁堀也有JR京葉線，但在東京轉山手或中央線走很遠"", ""cmtDate"": ""2023-05-12 14:25:00""}, {""cmtStatus"": ""→"", ""cmtPoster"": ""afu46"", ""cmtContent"": "":用地鐵券：新富町<有樂町線>市ヶ谷<都營新宿線>新宿"", ""cmtDate"": ""2023-05-12 14:29:00""}, {""cmtStatus"": ""→"", ""cmtPoster"": ""bababana"", ""cmtContent"": "":afu大建議的路線看起來蠻順的應該會選擇這樣前往"", ""cmtDate"": ""2023-05-12 14:55:00""}, {""cmtStatus"": ""→"", ""cmtPoster"": ""bababana"", ""cmtContent"": "":新宿謝謝"", ""cmtDate"": ""2023-05-12 14:55:00""}, {""cmtStatus"": ""推"", ""cmtPoster"": ""kevinhon"", ""cmtContent"": "":但你不是有買廣域券嗎？全程搭jr就不用再付車資，不"", ""cmtDate"": ""2023-05-12 16:11:00""}, {""cmtStatus"": ""→"", ""cmtPoster"": ""kevinhon"", ""cmtContent"": "":想走京葉線那段，可以八丁堀搭到秋葉原轉jr總武線到"", ""cmtDate"": ""2023-05-12 16:11:00""}, {""cmtStatus"": ""→"", ""cmtPoster"": ""kevinhon"", ""cmtContent"": "":新宿"", ""cmtDate"": ""2023-05-12 16:11:00""}, {""cmtStatus"": ""→"", ""cmtPoster"": ""kevinhon"", ""cmtContent"": "":另外搜尋一下江之島交通，有3個站，江之島站才是屬"", ""cmtDate"": ""2023-05-12 16:15:00""}, {""cmtStatus"": ""→"", ""cmtPoster"": ""kevinhon"", ""cmtContent"": "":於江之電，片瀨江之島是小田急線"", ""cmtDate"": ""2023-05-12 16:15:00""}]",111.249.71.208,2023-05-13 02:01:31,ptt
82,https://www.ptt.cc/bbs/Japan_Travel/M.1683857141.A.41D.html,九州自駕11月,2023-05-12 10:05:39,zonapha,Japan_Travel,"去日本多次都是電車但是東京大阪等大城市

這次是去沒去過的九州

請各位大大幫我看行程 謝謝

飯店部分不必太拘泥是否高級飯店

吃食部分業務超市也可以主要是拍楓葉美景


【九州之旅2023/11/23-11/28】

◎第一天 11/23
長榮BR106班機8:10
6:00西門 6:30中和 預計7:15抵達第二航廈
11:15抵福岡機場 12:00出關託行李到TOYOTA租車中心



1.福岡機場到長崎市(2小時)   13:00-16:00
   中途經過業務超市或是便利商店或是高速高路休息  站中途休息買水
可以先checking 長崎平價旅館(視車程時間 )

2.17:00 長崎搭纜車上山頂看「稻佐山展望台」

3.20:00下山去晚餐 逛逛
宿長崎

◎第二天11/24
1.9:00長崎市前往三十路院 （1小時車程）

2.10:30三十路苑  賞楓 拍照

3.三十路苑到島原外港(40分鐘)
搭熊本渡輪 (島原外港→熊本港)  兩個登船時間點15:45或17:30
出發前20分鐘完成登機手續  人/1,500 日元  車/4,500 日元
渡輪30分鐘 16:15抵達熊本港 熊本港到熊本市(30分鐘)

4.17:00熊本平價飯店 吃飯逛街
宿熊本

◎第三天11/25
1.8:30出發到高千穗峽  熊本市到高千穗峽(2小時)

2.10:30抵高千穗峽 可以安排下午13:00划船
可先在附近吃和牛 流水麵 拍照
3.15:00出發南阿蘇(1小時)
可在南阿蘇拍照 找業務超市買水
4.17:00抵達飯店
宿南阿蘇

◎第四天11/26
1.8:30南阿蘇前往九重夢大橋(1.5小時)
2.10:00九重夢大橋拍照
3.16:00前往由布院 晚上吃名店 “心”逛逛
宿由布院

◎第五天11/27
1.散策由布院 拍照金麟湖楓葉
2.13:00離開由布院前往黑川溫泉（1小時車程）
宿黑川溫泉

◎第六天11/28
1.11:00離開黑川溫泉前往博多車站(2小時）
2.14:00博多車站還車
3.15:00博多天神逛街買電器SHOPPING


長榮BR101班機 21:00
","[{""cmtStatus"": ""→"", ""cmtPoster"": ""borriss"", ""cmtContent"": "":這紅葉點選擇有點偏不過11月底是要點運氣就是了"", ""cmtDate"": ""2023-05-12 14:47:00""}]",39.10.10.157,2023-05-13 02:01:31,ptt
83,https://www.ptt.cc/bbs/Japan_Travel/M.1683859440.A.3CF.html,[資訊]2023華航線上旅展開跑,2023-05-12 10:43:57,yhls,Japan_Travel,"2023 華航 線上旅展開跑
https://www.china-airlines.com/zh-tw/tpe-20230512-tte
適用開票日期 2023/05/12 - 2023/06/05
適用出發日期 23/05/12 - 2023/12/31
適用對象 成人及兒童個人機票 (不適用嬰兒機票)
適用艙等 商務艙(C/D)；豪經艙(A/E)；經濟艙(V、T、R、Q、H、N)
適用折扣 官網現行票價9折起 (折扣後金額以官網實際查詢之金額為準)
適用航線 台灣出發全航線 (帛琉不適用)

這次提早快半個月開跑

底下皆為來回含稅價

台北東京 TWD 12295
高雄東京 TWD 14035
台北/高雄大阪 TWD 13868

台北沖繩 TWD  9757
台北福岡 TWD 11039
台北廣島 TWD  9893

台北札幌 TWD 17868
台北名古屋 TWD 11057

一樣東京 北高差快兩千

","[{""cmtStatus"": ""推"", ""cmtPoster"": ""richer23"", ""cmtContent"": "":札幌好像差不多"", ""cmtDate"": ""2023-05-12 11:07:00""}, {""cmtStatus"": ""→"", ""cmtPoster"": ""iwinlottery"", ""cmtContent"": "":虎航不要還比老母貴耶"", ""cmtDate"": ""2023-05-12 11:17:00""}, {""cmtStatus"": ""推"", ""cmtPoster"": ""Aaron22"", ""cmtContent"": "":昨天剛開釜山機票，剛看到心揪了一下。但是查詢後"", ""cmtDate"": ""2023-05-12 11:19:00""}, {""cmtStatus"": ""→"", ""cmtPoster"": ""Aaron22"", ""cmtContent"": "":卻比我昨天開的機票還貴"", ""cmtDate"": ""2023-05-12 11:19:00""}, {""cmtStatus"": ""推"", ""cmtPoster"": ""kashima228"", ""cmtContent"": "":札幌暑假就兩萬三了"", ""cmtDate"": ""2023-05-12 11:33:00""}, {""cmtStatus"": ""推"", ""cmtPoster"": ""zirong"", ""cmtContent"": "":南部要再加上高鐵票，北高差不多啦！"", ""cmtDate"": ""2023-05-12 11:43:00""}, {""cmtStatus"": ""→"", ""cmtPoster"": ""OhmoriHarumi"", ""cmtContent"": "":台北有晚去早回班次，比較便宜不意外。"", ""cmtDate"": ""2023-05-12 11:53:00""}, {""cmtStatus"": ""→"", ""cmtPoster"": ""hans7192"", ""cmtContent"": "":商務艙賣得那麼好?"", ""cmtDate"": ""2023-05-12 13:02:00""}, {""cmtStatus"": ""推"", ""cmtPoster"": ""WRD"", ""cmtContent"": "":改321之後小港商務艙就很值得買"", ""cmtDate"": ""2023-05-12 13:14:00""}, {""cmtStatus"": ""推"", ""cmtPoster"": ""smileyeah"", ""cmtContent"": "":不知為何有符合上述條件但票價跟昨晚看到一樣"", ""cmtDate"": ""2023-05-12 13:44:00""}, {""cmtStatus"": ""推"", ""cmtPoster"": ""asdf0923"", ""cmtContent"": "":這次要的日期是旺日，天價打折以後還是天價（笑"", ""cmtDate"": ""2023-05-12 14:51:00""}, {""cmtStatus"": ""推"", ""cmtPoster"": ""weicang"", ""cmtContent"": "":暑假跟10月連假好像沒變XD"", ""cmtDate"": ""2023-05-12 14:51:00""}, {""cmtStatus"": ""推"", ""cmtPoster"": ""nolimits"", ""cmtContent"": "":名古屋時間好爛"", ""cmtDate"": ""2023-05-12 16:11:00""}, {""cmtStatus"": ""→"", ""cmtPoster"": ""imlavender"", ""cmtContent"": "":真的有降價嗎?我看競爭很激烈的泰國也沒太大降幅"", ""cmtDate"": ""2023-05-12 16:17:00""}, {""cmtStatus"": ""推"", ""cmtPoster"": ""whalelover"", ""cmtContent"": "":記得華航的名古屋跟廣島時間都滿鳥的XDD"", ""cmtDate"": ""2023-05-12 17:35:00""}, {""cmtStatus"": ""推"", ""cmtPoster"": ""andykao082"", ""cmtContent"": "":比虎航貴了一點而已，在降一點吧"", ""cmtDate"": ""2023-05-12 18:07:00""}, {""cmtStatus"": ""推"", ""cmtPoster"": ""condition0"", ""cmtContent"": "":上週星宇出事之後華航有小漲現在9折就變回漲價前"", ""cmtDate"": ""2023-05-12 18:21:00""}, {""cmtStatus"": ""→"", ""cmtPoster"": ""condition0"", ""cmtContent"": "":而已"", ""cmtDate"": ""2023-05-12 18:21:00""}, {""cmtStatus"": ""→"", ""cmtPoster"": ""condition0"", ""cmtContent"": "":不過今天還是決定開票了不想再等了XD"", ""cmtDate"": ""2023-05-12 18:23:00""}, {""cmtStatus"": ""推"", ""cmtPoster"": ""TS28"", ""cmtContent"": "":華航這價格應該沒人會買星宇了吧"", ""cmtDate"": ""2023-05-12 18:51:00""}, {""cmtStatus"": ""推"", ""cmtPoster"": ""altcd"", ""cmtContent"": "":華航名古屋時間真的超爛...."", ""cmtDate"": ""2023-05-12 19:03:00""}, {""cmtStatus"": ""推"", ""cmtPoster"": ""asdsasd"", ""cmtContent"": "":樓樓上，可是華航特價票很多時間都很爛XD"", ""cmtDate"": ""2023-05-12 19:08:00""}, {""cmtStatus"": ""推"", ""cmtPoster"": ""cheeshan"", ""cmtContent"": "":我的日期機票變便宜了好不爽"", ""cmtDate"": ""2023-05-12 19:49:00""}, {""cmtStatus"": ""→"", ""cmtPoster"": ""imlavender"", ""cmtContent"": "":看到我的日期機票只剩商務艙,華航會超賣嗎"", ""cmtDate"": ""2023-05-12 22:08:00""}, {""cmtStatus"": ""推"", ""cmtPoster"": ""el500"", ""cmtContent"": "":看到比原本買的大概降個桃園機場稅左右"", ""cmtDate"": ""2023-05-13 11:33:00""}, {""cmtStatus"": ""推"", ""cmtPoster"": ""travelman"", ""cmtContent"": "":推廣島六去日回，雖是晚去早回，但價格頗甜"", ""cmtDate"": ""2023-05-13 12:22:00""}, {""cmtStatus"": ""推"", ""cmtPoster"": ""griffick"", ""cmtContent"": "":星宇除非比華航便宜個兩三千，不然不會買"", ""cmtDate"": ""2023-05-14 11:36:00""}, {""cmtStatus"": ""推"", ""cmtPoster"": ""condition0"", ""cmtContent"": "":主要還是看時間啦像KIX星宇回來是下午"", ""cmtDate"": ""2023-05-15 10:42:00""}, {""cmtStatus"": ""→"", ""cmtPoster"": ""condition0"", ""cmtContent"": "":除非超便宜不然根本不會選"", ""cmtDate"": ""2023-05-15 10:42:00""}, {""cmtStatus"": ""推"", ""cmtPoster"": ""cocoel34"", ""cmtContent"": "":聖誕節期間松山羽田早去午回不到1.6萬，還可以接受"", ""cmtDate"": ""2023-05-15 15:57:00""}, {""cmtStatus"": ""→"", ""cmtPoster"": ""cocoel34"", ""cmtContent"": "":就買了"", ""cmtDate"": ""2023-05-15 15:57:00""}, {""cmtStatus"": ""推"", ""cmtPoster"": ""f1986715"", ""cmtContent"": "":名古屋應該是適合商務客，晚去早回"", ""cmtDate"": ""2023-05-15 19:10:00""}, {""cmtStatus"": ""→"", ""cmtPoster"": ""lucifero"", ""cmtContent"": "":　　　　　機票開了就不要再去看票價了XD"", ""cmtDate"": ""2023-05-15 21:17:00""}, {""cmtStatus"": ""推"", ""cmtPoster"": ""silentgirl"", ""cmtContent"": "":竟然比我原先買的貴？"", ""cmtDate"": ""2023-05-16 21:46:00""}, {""cmtStatus"": ""→"", ""cmtPoster"": ""bemily32"", ""cmtContent"": "":沖繩這價格比疫情前還是貴了50%確定已經是特價？"", ""cmtDate"": ""2023-05-17 14:26:00""}]",1.167.51.168,2023-05-13 02:01:31,ptt
84,https://www.ptt.cc/bbs/Japan_Travel/M.1683862436.A.4ED.html,[問題]東京YoshidaPorter/PorterTokyo門市,2023-05-12 11:33:54,gqman978,Japan_Travel,"最近找了關於Porter包介紹
也搜尋東京販賣的店家，感覺有點亂
想問如果要買類似休閒款，非行李袋材質
有推薦去哪家門市？或專櫃百貨（種類比較多能選擇）
預算大概：1-2萬台幣
註：還是有推薦其他的男用款包包的品牌？

謝謝大家～
","[{""cmtStatus"": ""→"", ""cmtPoster"": ""necsynx"", ""cmtContent"": "":表參道那家"", ""cmtDate"": ""2023-05-12 11:37:00""}, {""cmtStatus"": ""推"", ""cmtPoster"": ""cccddd"", ""cmtContent"": "":上次去表參道兩過門而不入如果有逛可否回來分享"", ""cmtDate"": ""2023-05-12 11:41:00""}, {""cmtStatus"": ""→"", ""cmtPoster"": ""cccddd"", ""cmtContent"": "":分享一下"", ""cmtDate"": ""2023-05-12 11:41:00""}, {""cmtStatus"": ""推"", ""cmtPoster"": ""pistons5566"", ""cmtContent"": "":可以先上網查一下有沒有貨上次查沒有貨直接去表參"", ""cmtDate"": ""2023-05-12 11:49:00""}, {""cmtStatus"": ""→"", ""cmtPoster"": ""pistons5566"", ""cmtContent"": "":道旗艦店也是沒有"", ""cmtDate"": ""2023-05-12 11:49:00""}, {""cmtStatus"": ""→"", ""cmtPoster"": ""gobig"", ""cmtContent"": "":想看最新款可以去表參道，沒有追求最新款可以去Loft"", ""cmtDate"": ""2023-05-12 12:36:00""}, {""cmtStatus"": ""→"", ""cmtPoster"": ""gobig"", ""cmtContent"": "":找，大間的Loft基本款品項很齊全"", ""cmtDate"": ""2023-05-12 12:36:00""}, {""cmtStatus"": ""→"", ""cmtPoster"": ""gqman978"", ""cmtContent"": "":感謝回答。有推薦的大間Loft的店家"", ""cmtDate"": ""2023-05-12 12:46:00""}, {""cmtStatus"": ""→"", ""cmtPoster"": ""gqman978"", ""cmtContent"": "":嗎？"", ""cmtDate"": ""2023-05-12 12:46:00""}, {""cmtStatus"": ""推"", ""cmtPoster"": ""mrtatami"", ""cmtContent"": "":涉谷parco呢"", ""cmtDate"": ""2023-05-12 13:02:00""}, {""cmtStatus"": ""推"", ""cmtPoster"": ""vonda"", ""cmtContent"": "":如果是喜歡皮製品的話土屋鞄也滿推薦可以一看"", ""cmtDate"": ""2023-05-12 13:41:00""}, {""cmtStatus"": ""→"", ""cmtPoster"": ""vonda"", ""cmtContent"": "":買了他的バッファローボディーバッグ後覺得很實用"", ""cmtDate"": ""2023-05-12 13:42:00""}, {""cmtStatus"": ""推"", ""cmtPoster"": ""cccddd"", ""cmtContent"": "":謝謝樓上!!又多知道一個好物"", ""cmtDate"": ""2023-05-12 13:47:00""}, {""cmtStatus"": ""推"", ""cmtPoster"": ""cccddd"", ""cmtContent"": "":可以搭文再請益有沒有其他推薦的包類或者衣服品牌呢"", ""cmtDate"": ""2023-05-12 13:59:00""}, {""cmtStatus"": ""→"", ""cmtPoster"": ""afu46"", ""cmtContent"": "":各地TokyuHands的包款也很多，也可以免稅"", ""cmtDate"": ""2023-05-12 14:13:00""}, {""cmtStatus"": ""推"", ""cmtPoster"": ""SUZUKI5566"", ""cmtContent"": "":先上網看款式記型號，有些店裡不一定有"", ""cmtDate"": ""2023-05-12 14:16:00""}, {""cmtStatus"": ""推"", ""cmtPoster"": ""Kowdan"", ""cmtContent"": "":我上次是去KURACHIKAbyPorter，上野店沒貨的幫"", ""cmtDate"": ""2023-05-12 14:54:00""}, {""cmtStatus"": ""→"", ""cmtPoster"": ""Kowdan"", ""cmtContent"": "":我聯絡澀谷店後去取貨"", ""cmtDate"": ""2023-05-12 14:54:00""}, {""cmtStatus"": ""→"", ""cmtPoster"": ""cccddd"", ""cmtContent"": "":你們有在冬天折扣季買過嗎?"", ""cmtDate"": ""2023-05-12 15:22:00""}, {""cmtStatus"": ""推"", ""cmtPoster"": ""zapzap"", ""cmtContent"": "":表參道了+1，逛過覺得貨蠻多的，不然就要去百貨專櫃"", ""cmtDate"": ""2023-05-12 15:51:00""}, {""cmtStatus"": ""→"", ""cmtPoster"": ""zapzap"", ""cmtContent"": "":喔"", ""cmtDate"": ""2023-05-12 15:51:00""}, {""cmtStatus"": ""→"", ""cmtPoster"": ""afu46"", ""cmtContent"": "":Porter幾乎都沒折扣，只有丸井有中信卡9折"", ""cmtDate"": ""2023-05-12 15:53:00""}, {""cmtStatus"": ""→"", ""cmtPoster"": ""afu46"", ""cmtContent"": "":但很多丸井沒有Porter了或是跟其他包包放同賣場"", ""cmtDate"": ""2023-05-12 15:54:00""}, {""cmtStatus"": ""推"", ""cmtPoster"": ""kenploin"", ""cmtContent"": "":Porter之前在機場買直接免稅頗方便"", ""cmtDate"": ""2023-05-12 16:57:00""}, {""cmtStatus"": ""→"", ""cmtPoster"": ""kenploin"", ""cmtContent"": "":另外我推MSPC"", ""cmtDate"": ""2023-05-12 16:57:00""}, {""cmtStatus"": ""推"", ""cmtPoster"": ""zxc9500304"", ""cmtContent"": "":我四月去買逛了幾家的確表參道現場貨多一點"", ""cmtDate"": ""2023-05-12 19:26:00""}, {""cmtStatus"": ""→"", ""cmtPoster"": ""kmwace"", ""cmtContent"": "":要買只能買tanker系列，其他系列全部漲價超過50%，"", ""cmtDate"": ""2023-05-12 21:33:00""}, {""cmtStatus"": ""→"", ""cmtPoster"": ""kmwace"", ""cmtContent"": "":買到撞到"", ""cmtDate"": ""2023-05-12 21:33:00""}, {""cmtStatus"": ""→"", ""cmtPoster"": ""littmann"", ""cmtContent"": "":新宿高島屋的台隆手創館有免稅"", ""cmtDate"": ""2023-05-12 22:00:00""}, {""cmtStatus"": ""推"", ""cmtPoster"": ""bbq2005"", ""cmtContent"": "":推mspc"", ""cmtDate"": ""2023-05-13 08:13:00""}, {""cmtStatus"": ""→"", ""cmtPoster"": ""gqman978"", ""cmtContent"": "":謝謝，MSPC感覺蠻不錯"", ""cmtDate"": ""2023-05-13 10:49:00""}, {""cmtStatus"": ""推"", ""cmtPoster"": ""WANGPTTER"", ""cmtContent"": "":MSPC日本買便宜很多"", ""cmtDate"": ""2023-05-13 14:36:00""}, {""cmtStatus"": ""→"", ""cmtPoster"": ""afu46"", ""cmtContent"": "":日本的是「東急」手創館TokyoHands，不是「台隆」"", ""cmtDate"": ""2023-05-13 18:14:00""}, {""cmtStatus"": ""→"", ""cmtPoster"": ""afu46"", ""cmtContent"": "":手機自動選字變Tokyo是Tokyu"", ""cmtDate"": ""2023-05-13 18:15:00""}]",1.200.155.206,2023-05-13 02:01:31,ptt
85,https://www.ptt.cc/bbs/Japan_Travel/M.1683878595.A.8F5.html,[食記]東京米其林二星法餐SEZANNE,2023-05-12 16:03:06,mrtatami,Japan_Travel,"店    名：SEZANNE
地    址：PACIFIC CENTURY PLACE MARUNOUCHI, ７階, １丁目-１１-1 丸の内 千代田区 東京都
100-6277
官    網：
https://www.sezanne.tokyo/
造訪日期：2023/3
請問是到現場買嗎 還是能網購呢?","[{""cmtStatus"": ""→"", ""cmtPoster"": ""dean1990"", ""cmtContent"": "":他們之前情人節有推罐裝巧克力餅乾，蠻好吃的"", ""cmtDate"": ""2023-05-12 16:03:06""}, {""cmtStatus"": ""→"", ""cmtPoster"": ""dean1990"", ""cmtContent"": "":當初也是透過omaseke訂然後自取"", ""cmtDate"": ""2023-05-12 16:03:06""}, {""cmtStatus"": ""→"", ""cmtPoster"": ""dean1990"", ""cmtContent"": "":不過那個應該是限時商品"", ""cmtDate"": ""2023-05-12 16:03:06""}]",111.242.194.214,2023-05-13 02:01:31,ptt
86,https://www.ptt.cc/bbs/Japan_Travel/M.1683901336.A.DE3.html,[遊記]東京住宿推薦:丸之內大都會大飯店,2023-05-12 22:22:11,goodcutecat,Japan_Travel,"造訪日期：2023/03



這趟日本親子行，行前很謝謝東京丸之內大都會酒店/大飯店客服的協助，代我們致電詢
問網路上查詢不到的餐廳訂位細節，尤其是針對幼兒的規範。

因為很多東京的高級餐廳是不接受小孩的，除非能使用個室等等…眉角很多，乾脆請飯店
禮賓處的專業人士幫忙，我再用英語跟專業人士溝通即可。這是我對這間飯店的第一個好
印象。



【1. 交通/地理位置】

就在東京車站的丸之內特區，前一篇東京站一番街的文章介紹過，東京車站由明治時代建
築家辰野金吾設計，仿西式紅磚造建築，1914年完工啟用。我們的總統府、台大醫院和西
門紅樓也是同風格同一時期的建物。

位在東京車站日本橋口的東京丸之內大都會酒店就顯得相當方便，從1樓斜對面的入口進
去，會先經過退稅櫃檯，然後一分鐘不到，就抵達東京站一番街了。如果進來的入口不對
，還要找一陣子才能看見東京一番街。換句話說，當你在東京站一番街爆買之後，來退稅
，退稅完了就可以回飯店放置戰利品了。非常適合購物的飯店啊！

去機場也方便，往東京一番街的路繼續走下去，從右手邊的「八重州中央口」進站，往裡
走，就可以在3或4月台搭綠色的JR山手線到日暮里，然後接Skyliner去成田了。



【2. 環境介紹】
【2.1 大廳：東京市區鐵道/公路模型】

從27到34樓這個天井型的結構就是我們這次下榻的東京丸之內大都會酒店。Booking.com
上稱為酒店，Google map上稱為大飯店，反正都是同一間。東京車站另一側也有另一間名
為丸之內大飯店 (Marunouchi Hotel) 的住宿，沒有「大都會」這三個字，價格也更高一
些。
https://pic.pimg.tw/goodcutecat/1679934021-2607454715-g_l.jpg
之所以推薦我們這間大都會大飯店的第三個理由，就是大廳有一個縮小版的東京交通模型
，有東京鐵塔、晴空塔、淺草、橫濱69大樓、紅磚倉庫、成田機場的小模型，還有各種高
速公路、鐵路穿梭其間，小朋友看得很開心。

連日本阿姨也看得目不轉睛，實在完美復刻了東京的主要地標。

連淺草也弄得好專業，有觀光客必去的雷門燈籠和仲見世通。
https://pic.pimg.tw/goodcutecat/1679935139-3054329737-g_l.jpg
而Check-in櫃檯旁的洗手間，男廁的小便斗是緊挨著觀景窗的，在小便的同時看到列車們
來回穿梭，很特別的體驗。



【2.3 衛浴】

以這樣的客房大小，擺浴缸還蠻猛的。設備來說感覺有點年代，不過竟然也配了一扇小窗
讓你泡澡的時候看夜景，還算愜意。
https://pic.pimg.tw/goodcutecat/1679934120-581573911-g_l.jpg
備品的牌子是Algotherm (雅蔻登)，是「海藻療法」先驅的法國品牌。個人覺得香味普通
，跟台北的JR東日本給的沐蘭之水實在沒法比。浴缸邊也會放大罐的，小罐用完了也會補
，還蠻有誠意。

其他的一些衛浴用品，還算頗齊全的。

吹風機是Panasonic。

很樸素的洗手台，

洗手乳又是另一個牌子。

從浴缸邊的小窗看出去的夜景，泡著熱水浴再喝點啤酒，簡直是媲美五星級酒店的享受。
https://pic.pimg.tw/goodcutecat/1679934162-3830340011-g_l.jpg
因為這間面東，所以早晨當窗簾沒放下來的時候會有點微熱。



【2.5 房內高樓景觀】

高樓景觀應該真的是東京丸之內大都會酒店的主打，因為還有小手冊「眺望資訊」，提點
你哪些建築叫甚麼名字。

從東京車站發出的列車鐵軌，穿梭在燈光璀璨的高樓大廈之間。不過這主打的景觀其實是
在南面，我們這邊是看不到。

超級詳細，可以感覺日本人對於自己的城市景觀相當自豪，東側、南側、北側都有許多著
名的大樓。
https://pic.pimg.tw/goodcutecat/1679934333-2072820136-g_l.jpg
我們這個角落的邊間，同時擁有東側和北側的景觀，擁抱著夜景入眠。

前面是以 Samsung S23U 廣角模式拍攝，難免有點模糊，尤其是在床上晃動的皮孩。往前
北側用1倍鏡拍攝，夜景效果還行，尤其是底下公路亮黃黃的路燈。
https://pic.pimg.tw/goodcutecat/1679934414-3926740834-g_l.jpg
東側的風景。

因為面東，可以看日出啦！從微微橘黃色暈的魚肚白開始。

清晨的晴空塔也看得見。

不過日出拍完就該把簾子拉起來了，不然接下來就很曬XDﴊ
清朗的東京早晨。前兩天在橫濱還狂風暴雨呢，這真的是我記憶裡最愛的東京藍。
https://pic.pimg.tw/goodcutecat/1679934518-1638381090-g_l.jpg
空拍三井紀念美術館。



【4. 後記與營業資訊】

這間東京丸之內大都會酒店，某程度算是台北南京復興站JR東日本大飯店的姊妹店，服務
和JR東日本一樣皆屬上乘。位置就在東京車站旁，離大家最愛逛的「東京一番街」步行只
需一分鐘！採購完、退完稅還可以把戰利品放回房間再繼續去逛XD 也因距離東京車站咫
尺之遙，要拍攝美美的車站古蹟、去皇居散步，或者是搭車去別的景點，都相當方便。除
了地段好，東京丸之內大都會酒店的高樓景觀也是很猛。把丸之內的高樓夜景欣賞個遍，
還可居高臨下拍攝熙來攘往的東京車站。住了兩個晚上都不會無聊，非常推薦！

==========

食物：★★★★☆ 自助早餐需額外加購，雖選擇不多，但洋食、和食都吃得飽，也可坐
擁丸之內特區的高樓景觀。

氣氛：★★★★☆ 我們被安排到同時可看到東側及南側的邊間房，日夜景一把抓，景很
開闊。浴室裡也開了一扇小窗可邊泡澡邊看東側風景。

速度：-

服務：★★★★☆ 中規中矩，解說還算清楚。有行李寄存服務。行前拜託他們幫忙詢問
一些難訂的店 (因為我們有帶小孩) 的訂位細節，最後成功幫我們訂到【壽喜燒いし橋
Ishibashi】，非常感謝~

價位：★★★☆ 以地段、景觀來說，平均一晚合台幣五千出頭，還算ok。

無障礙：★★★★☆ 道路都寬敞，除了房間內稍微狹小。

==========

【東京丸之內大都會酒店 Hotel Metropolitan TOKYO Marunouchi JR-EAST】

東京都千代田区丸の内１丁目7-12 サピアタワ (SAPIA Tower內) 近東京車站日本橋口

Tel:+81 332112233

營業時間: 15:00 Check-in / 12:00 Check-out



向任意門許願
希望能有更多無障礙餐廳
http://goodcutecat.pixnet.net/blog
都不用喔！一晚5000出頭新台幣而已！！！ 哈哈哈","[{""cmtStatus"": ""推"", ""cmtPoster"": ""DouglasT"", ""cmtContent"": "":東京車站的高樓層景觀房真讚一個晚上不知道多少"", ""cmtDate"": ""2023-05-12 23:11:00""}, {""cmtStatus"": ""推"", ""cmtPoster"": ""sugoi5566"", ""cmtContent"": "":一晚要一萬台票嗎？"", ""cmtDate"": ""2023-05-12 23:40:00""}, {""cmtStatus"": ""推"", ""cmtPoster"": ""VF84"", ""cmtContent"": "":景觀房好像接近一萬沒記錯的話"", ""cmtDate"": ""2023-05-12 23:44:00""}, {""cmtStatus"": ""推"", ""cmtPoster"": ""VF84"", ""cmtContent"": "":這個景觀真的是一等一的。不會想住的理由大概是會捨"", ""cmtDate"": ""2023-05-12 23:49:00""}, {""cmtStatus"": ""→"", ""cmtPoster"": ""VF84"", ""cmtContent"": "":得出門哈哈"", ""cmtDate"": ""2023-05-12 23:49:00""}, {""cmtStatus"": ""→"", ""cmtPoster"": ""VF84"", ""cmtContent"": "":等等，才5000？幹我下次去也要住"", ""cmtDate"": ""2023-05-12 23:49:00""}, {""cmtStatus"": ""→"", ""cmtPoster"": ""VF84"", ""cmtContent"": "":*捨不得出門*"", ""cmtDate"": ""2023-05-12 23:49:00""}, {""cmtStatus"": ""推"", ""cmtPoster"": ""Zenta"", ""cmtContent"": "":高樓層車站側日夜風景都超讚！在來線、新幹線一字排"", ""cmtDate"": ""2023-05-12 23:58:00""}, {""cmtStatus"": ""→"", ""cmtPoster"": ""Zenta"", ""cmtContent"": "":開"", ""cmtDate"": ""2023-05-12 23:58:00""}, {""cmtStatus"": ""推"", ""cmtPoster"": ""even2300471"", ""cmtContent"": "":這間年底才去，缺點就是小了點，提前一個月直接官"", ""cmtDate"": ""2023-05-13 01:15:00""}, {""cmtStatus"": ""→"", ""cmtPoster"": ""even2300471"", ""cmtContent"": "":網訂有送免費早餐"", ""cmtDate"": ""2023-05-13 01:15:00""}, {""cmtStatus"": ""推"", ""cmtPoster"": ""IUOIUOIUO"", ""cmtContent"": "":我怎麼搜到最便宜也七千上下"", ""cmtDate"": ""2023-05-13 08:45:00""}, {""cmtStatus"": ""推"", ""cmtPoster"": ""ZNR0709"", ""cmtContent"": "":期待！八月也要去住，我在官網訂，最大的床，一晚大"", ""cmtDate"": ""2023-05-13 09:23:00""}, {""cmtStatus"": ""→"", ""cmtPoster"": ""ZNR0709"", ""cmtContent"": "":概六千五不含早餐"", ""cmtDate"": ""2023-05-13 09:23:00""}, {""cmtStatus"": ""推"", ""cmtPoster"": ""gqman978"", ""cmtContent"": "":早餐現在要3200yen/人，有問過客服"", ""cmtDate"": ""2023-05-13 10:41:00""}, {""cmtStatus"": ""推"", ""cmtPoster"": ""clementjudy"", ""cmtContent"": "":19年櫻花季,接近入住日訂,官網價也要7千多不含早"", ""cmtDate"": ""2023-05-13 17:57:00""}, {""cmtStatus"": ""→"", ""cmtPoster"": ""clementjudy"", ""cmtContent"": "":如果要一網打盡最多VIEW,建議選面東/南邊的邊角房"", ""cmtDate"": ""2023-05-13 17:57:00""}, {""cmtStatus"": ""→"", ""cmtPoster"": ""clementjudy"", ""cmtContent"": "":東面的晴空塔會比開版大這間跟三井大樓再分開一些"", ""cmtDate"": ""2023-05-13 17:58:00""}, {""cmtStatus"": ""→"", ""cmtPoster"": ""clementjudy"", ""cmtContent"": "":南面景除了車站跟廣場周邊的丸之內大樓群外"", ""cmtDate"": ""2023-05-13 17:58:00""}, {""cmtStatus"": ""→"", ""cmtPoster"": ""clementjudy"", ""cmtContent"": "":甚至還可以看到遠處的國會議事堂跟彩虹大橋及港灣"", ""cmtDate"": ""2023-05-13 17:58:00""}, {""cmtStatus"": ""→"", ""cmtPoster"": ""clementjudy"", ""cmtContent"": "":當然要說缺點,如同幾位推文所述,房間真的是偏小"", ""cmtDate"": ""2023-05-13 17:58:00""}, {""cmtStatus"": ""推"", ""cmtPoster"": ""motogprossi"", ""cmtContent"": "":6月去也訂這間，期待啊"", ""cmtDate"": ""2023-05-14 11:30:00""}, {""cmtStatus"": ""推"", ""cmtPoster"": ""yctang"", ""cmtContent"": "":謝謝分享，已預定暑假7個晚上都住那，好期待～"", ""cmtDate"": ""2023-05-15 12:03:00""}]",1.160.8.95,2023-05-13 02:01:34,ptt
87,https://www.ptt.cc/bbs/Japan_Travel/M.1683918463.A.D03.html,[問題]東京買EDWIN/江戶勝？,2023-05-13 03:07:41,poze,Japan_Travel,"請教各位先進
不知有人對EDWIN的江戶勝系列熟嗎？

在台灣對這個品牌頗偏好
但不管怎麼搜尋，好像都找不到日本的江戶勝系列
可是台灣EDWIN又標榜這是由日本設計師操刀引進
本想說月底去東京順便採買一番的
實在很困惑

目前知道日暮里有兩間EDWIN門市
上面標示一樣沒有江戶勝
所以才上來請教版友們

有高手知道嗎？
感恩不盡
","[{""cmtStatus"": ""推"", ""cmtPoster"": ""Kain88"", ""cmtContent"": "":也可以到Jeans板請教看看"", ""cmtDate"": ""2023-05-13 05:55:00""}, {""cmtStatus"": ""→"", ""cmtPoster"": ""xiang0409"", ""cmtContent"": "":你應該要理解為台灣的EDWIN和日本的EDWIN是完全不一"", ""cmtDate"": ""2023-05-13 06:08:00""}, {""cmtStatus"": ""→"", ""cmtPoster"": ""xiang0409"", ""cmtContent"": "":樣的東西，台灣的EDWIN是走品牌授權，整個設計和製"", ""cmtDate"": ""2023-05-13 06:08:00""}, {""cmtStatus"": ""→"", ""cmtPoster"": ""xiang0409"", ""cmtContent"": "":作團隊都不同，只是最後再貼上EDWIN這個牌子，而江"", ""cmtDate"": ""2023-05-13 06:09:00""}, {""cmtStatus"": ""→"", ""cmtPoster"": ""xiang0409"", ""cmtContent"": "":戶勝是台灣EDWIN自己另外發展的一個分支品牌，所以"", ""cmtDate"": ""2023-05-13 06:09:00""}, {""cmtStatus"": ""→"", ""cmtPoster"": ""xiang0409"", ""cmtContent"": "":在日本是找不到的"", ""cmtDate"": ""2023-05-13 06:09:00""}, {""cmtStatus"": ""推"", ""cmtPoster"": ""foreverwood"", ""cmtContent"": "":想請問為什麼江戶勝是台灣WDWIN另外發展的品牌，日"", ""cmtDate"": ""2023-05-13 08:34:00""}, {""cmtStatus"": ""→"", ""cmtPoster"": ""foreverwood"", ""cmtContent"": "":本卻買不到？"", ""cmtDate"": ""2023-05-13 08:34:00""}, {""cmtStatus"": ""推"", ""cmtPoster"": ""sjclivelo"", ""cmtContent"": "":日本當然買日牛惠比壽甘蔗甚至Uniqlo都好"", ""cmtDate"": ""2023-05-13 08:46:00""}, {""cmtStatus"": ""推"", ""cmtPoster"": ""xyz90145"", ""cmtContent"": "":2樓不是自己都說了是台灣自己發展的品牌為什麼日本"", ""cmtDate"": ""2023-05-13 08:56:00""}, {""cmtStatus"": ""→"", ""cmtPoster"": ""xyz90145"", ""cmtContent"": "":要能買到？"", ""cmtDate"": ""2023-05-13 08:56:00""}, {""cmtStatus"": ""推"", ""cmtPoster"": ""mllchen"", ""cmtContent"": "":就跟你去日本找不到porterinternational一樣，那"", ""cmtDate"": ""2023-05-13 09:20:00""}, {""cmtStatus"": ""→"", ""cmtPoster"": ""mllchen"", ""cmtContent"": "":是台灣自己搞出來的！"", ""cmtDate"": ""2023-05-13 09:20:00""}, {""cmtStatus"": ""推"", ""cmtPoster"": ""bootes3177"", ""cmtContent"": "":只好買極度乾燥"", ""cmtDate"": ""2023-05-13 09:37:00""}, {""cmtStatus"": ""推"", ""cmtPoster"": ""Alano"", ""cmtContent"": "":你去日本麥當勞當然買不到台灣才有的糖醋醬"", ""cmtDate"": ""2023-05-13 09:46:00""}, {""cmtStatus"": ""推"", ""cmtPoster"": ""hongyi0402"", ""cmtContent"": "":上個月底去galaxy日暮里，店內只看到EDWIN和LEE，"", ""cmtDate"": ""2023-05-13 09:58:00""}, {""cmtStatus"": ""→"", ""cmtPoster"": ""hongyi0402"", ""cmtContent"": "":挺大間的而且出站5分鐘就到了很方便"", ""cmtDate"": ""2023-05-13 09:58:00""}, {""cmtStatus"": ""推"", ""cmtPoster"": ""sjclivelo"", ""cmtContent"": "":Sugarcane牛仔褲"", ""cmtDate"": ""2023-05-13 10:30:00""}, {""cmtStatus"": ""推"", ""cmtPoster"": ""chrisxmen"", ""cmtContent"": "":我也覺得去日本為什麼不買桃太郎，大阪五虎"", ""cmtDate"": ""2023-05-13 10:59:00""}, {""cmtStatus"": ""推"", ""cmtPoster"": ""IGASHAWN"", ""cmtContent"": "":桃太郎、evisu真心推"", ""cmtDate"": ""2023-05-13 12:17:00""}, {""cmtStatus"": ""→"", ""cmtPoster"": ""highway61"", ""cmtContent"": "":喜歡江戶勝的大概不會喜歡那麼素的甘蔗或桃太郎吧.."", ""cmtDate"": ""2023-05-13 16:21:00""}]",220.157.123.113,2023-05-14 01:52:49,ptt
88,https://www.ptt.cc/bbs/Japan_Travel/M.1683942780.A.5D9.html,[遊記]東京武藏野Suntory天然水啤酒廠,2023-05-13 09:52:56,alex12582001,Japan_Travel,"造訪日期：202304


今年2月的時候決定4月下旬跑一趟東京，行程排一排還剩半天左右的空檔，喝酒群的朋友丟了這個連結給我
https://www.suntory.co.jp/factory/musashino/info/
什麼!? 免費!? 等3月初Suntory開放4月份的預約我就立刻預約了，假日時段非常熱門開放三天全部額滿，我不想人擠人刻意避開六日的時段。交通方式官網都有寫、接駁車班次官網也有，用乘換案內查時間差不多的京王線班次到分倍河原即可。酒廠櫃台看到我是外國人就表示可以抓語音導覽APP有中英韓文解說，櫃台解鎖後才能聽所以事先安裝也沒用.. 我聽一聽中文發現APP講的沒導覽姊姊講的完整就關掉了。
https://i.imgur.com/Ia6TodG.png
導覽一開始介紹啤酒用什麼做的、原料從哪來的、有好水才有好酒所以Suntory為了環境保護做了什麼。接著是製作流程跟產線機器導覽，煮麥芽汁、加啤酒花、發酵到最後的包裝，比較別的是影片有播一段從啤酒罐的視角看罐子在輸送帶上怎麼移動，導覽姊姊說她最喜歡這段影片；但是廠內禁止錄影沒辦法紀錄。

橫放的儲酒槽，容量大概34000L，每天喝一手也要20幾年才喝的完
https://i.imgur.com/wAzhOpe.png
參觀完工廠大家最期待的試喝環節來了，先來一杯經典Premium Malt's，然後是三杯小的Premium Malt's、香るエール以及Master's Dream，ale比較清爽不過酒精度數反而比較高，masters dream味道濃厚。可以挑自己喜歡的一種續一次，我酒量很不好上述的喝完已經頭昏昏就沒有續杯了。
https://i.imgur.com/o9IJmYz.jpg
另外兩個小罐子是麥芽跟啤酒花，麥芽可以吃味道挺不錯的，啤酒花只能用聞的(吃起來應該超級苦)，下酒菜非常搭酒。試喝結束後回到大廳的販賣區，買完坐下來休息等接駁車載回分倍河原。
https://i.imgur.com/EBNQ8Pq.jpg
整個導覽我覺得收個800~1000完全不過份，免費真的太超值



酒廠旁邊就是府中賽馬場，喜歡的可以順便排入行程...","[{""cmtStatus"": ""推"", ""cmtPoster"": ""Alano"", ""cmtContent"": "":三得利銷量很好所以都是免費讓你喝"", ""cmtDate"": ""2023-05-13 10:00:00""}, {""cmtStatus"": ""→"", ""cmtPoster"": ""Alano"", ""cmtContent"": "":然後工廠的杯子可以買，喝啤酒好用"", ""cmtDate"": ""2023-05-13 10:01:00""}, {""cmtStatus"": ""→"", ""cmtPoster"": ""alex12582001"", ""cmtContent"": "":杯子是蠻好看的，家裡沒空間放..."", ""cmtDate"": ""2023-05-13 10:04:00""}, {""cmtStatus"": ""推"", ""cmtPoster"": ""JackChe"", ""cmtContent"": "":想問一下原PO怎麼成功預約的我預約送出表單後一直"", ""cmtDate"": ""2023-05-13 11:05:00""}, {""cmtStatus"": ""→"", ""cmtPoster"": ""JackChe"", ""cmtContent"": "":說我信箱地址有問題QQ"", ""cmtDate"": ""2023-05-13 11:05:00""}, {""cmtStatus"": ""→"", ""cmtPoster"": ""alex12582001"", ""cmtContent"": "":我填gmail沒這個問題耶"", ""cmtDate"": ""2023-05-13 11:54:00""}, {""cmtStatus"": ""推"", ""cmtPoster"": ""JackChe"", ""cmtContent"": "":請問是用日本網域的google信箱嗎就是地址結尾是.j"", ""cmtDate"": ""2023-05-13 12:03:00""}, {""cmtStatus"": ""→"", ""cmtPoster"": ""JackChe"", ""cmtContent"": "":p的嗎"", ""cmtDate"": ""2023-05-13 12:03:00""}, {""cmtStatus"": ""→"", ""cmtPoster"": ""alex12582001"", ""cmtContent"": "":是台帳@gmail.com，我有日帳但是一樣@gmail.com啊"", ""cmtDate"": ""2023-05-13 12:27:00""}, {""cmtStatus"": ""→"", ""cmtPoster"": ""allencyh"", ""cmtContent"": "":文字半形或全形？"", ""cmtDate"": ""2023-05-13 12:45:00""}, {""cmtStatus"": ""推"", ""cmtPoster"": ""EURISKO"", ""cmtContent"": "":Email要填兩次，一開始我也沒注意到，我填yahoo台灣"", ""cmtDate"": ""2023-05-13 13:28:00""}, {""cmtStatus"": ""→"", ""cmtPoster"": ""EURISKO"", ""cmtContent"": "":的，沒問題"", ""cmtDate"": ""2023-05-13 13:28:00""}, {""cmtStatus"": ""推"", ""cmtPoster"": ""qoower1226"", ""cmtContent"": "":已預約用gmail順順一次就過"", ""cmtDate"": ""2023-05-13 14:41:00""}, {""cmtStatus"": ""推"", ""cmtPoster"": ""JackChe"", ""cmtContent"": "":感謝原po與樓上各位的回答"", ""cmtDate"": ""2023-05-13 15:28:00""}, {""cmtStatus"": ""推"", ""cmtPoster"": ""klein1211"", ""cmtContent"": "":謝謝分享！請問去的時段如果額滿，有候補或現場排"", ""cmtDate"": ""2023-05-13 20:05:00""}, {""cmtStatus"": ""→"", ""cmtPoster"": ""klein1211"", ""cmtContent"": "":隊機制嗎"", ""cmtDate"": ""2023-05-13 20:05:00""}, {""cmtStatus"": ""→"", ""cmtPoster"": ""alex12582001"", ""cmtContent"": "":官網的Q&A有寫要預約才能參觀喔~現場排我也不知道"", ""cmtDate"": ""2023-05-13 20:43:00""}, {""cmtStatus"": ""推"", ""cmtPoster"": ""drefly"", ""cmtContent"": "":去年底可以去的日子都額滿真羨慕"", ""cmtDate"": ""2023-05-14 21:39:00""}, {""cmtStatus"": ""推"", ""cmtPoster"": ""timgame"", ""cmtContent"": "":整個過程都很舒服真的很推"", ""cmtDate"": ""2023-05-16 00:10:00""}]",114.37.178.20,2023-05-14 01:52:49,ptt
89,https://www.ptt.cc/bbs/Japan_Travel/M.1683952949.A.651.html,[問題]請問東京有嬰兒車可以租長時間嗎,2023-05-13 12:42:26,fhuocrkt,Japan_Travel,"查過東京很多站點可以租借嬰兒車
大概需要適合五六歲坐的
上面寫最長168小時(7天)
是指都不用當天借還的意思嗎？
旅程結束才還也是1500日圓x7對吧
另外租借需要先刷卡付款
是在東京車站的哪裡出示什麼拿車呢
因為都是日文介面不太瞭解
謝謝

","[{""cmtStatus"": ""→"", ""cmtPoster"": ""charogne"", ""cmtContent"": "":如果是住在同一地飯店，可以直接問飯店"", ""cmtDate"": ""2023-05-13 12:43:00""}, {""cmtStatus"": ""→"", ""cmtPoster"": ""charogne"", ""cmtContent"": "":有的飯店有免費出借"", ""cmtDate"": ""2023-05-13 12:43:00""}, {""cmtStatus"": ""推"", ""cmtPoster"": ""sendtreepad"", ""cmtContent"": "":google關鍵字第一篇不就有詳細教學了嗎？"", ""cmtDate"": ""2023-05-13 12:44:00""}]",42.74.250.65,2023-05-14 01:52:52,ptt
90,https://www.ptt.cc/bbs/Japan_Travel/M.1683954743.A.D87.html,[徵人][旅伴]6/10-6/20左右東京,2023-05-13 13:12:21,BJhorseman,Japan_Travel,"徵人類別:旅伴

  原po性別:男

  徵    求:皆可

  內    容:6月中假已經請了，沒想到出社會要找朋友出國那麼難xddd，本人年紀8年級
後半，也許年紀不要差太多會比較有話題，目前機票/住宿/行程皆未訂，這幾天華航有特
價票大概落在13k左右感覺還可以。
有意者可以站內然後加賴再討論，如異性有安全考量住宿分開訂也ok，總之就是抱著試試
看的心情上來徵旅伴，最後沒談成也沒關係，畢竟出遊就是要大家都開心才有意義。
最後補充一下本人沒去過日本，日文N87、對日本一竅不通，英文基本會話ok，有歐美自
由行經驗。有確定會認真研究行程不用擔心，旅程主要就是看看風景吃美食逛個街，沒有
特別指定景點，大概就這樣，謝謝日旅版～

  備    註:無，本人正常人

","[{""cmtStatus"": ""推"", ""cmtPoster"": ""ndpe1220"", ""cmtContent"": "":排旅程也可以問Ai"", ""cmtDate"": ""2023-05-13 20:43:00""}, {""cmtStatus"": ""推"", ""cmtPoster"": ""sincocosin"", ""cmtContent"": "":什麼樣的AI"", ""cmtDate"": ""2023-05-14 14:28:00""}]",118.160.82.125,2023-05-14 01:52:52,ptt
91,https://www.ptt.cc/bbs/Japan_Travel/M.1683962327.A.867.html,[問題]岡山-新大阪(東京行)關西廣域鐵路券,2023-05-13 15:18:44,ookkkkoo,Japan_Travel,"又是廣域券問題
抱歉一直問QQ
使用範圍是 ""新大阪到岡山""及""岡山到新大阪""
官網上新幹線的說明如下

可利用以下列車。
‐ 山陽新幹線（新大阪⇔岡山）上的指定座席

無法搭乘以下列車。
‐ 東海道新幹線（新大阪⇔東京）


1.這張圖可以搭嗎? (兩個不同網站查的內容)
 東京行...但新大阪就下車
https://i.imgur.com/jWvVozo.png
https://i.imgur.com/r06X3YL.png
還是只能搭(新大阪行)的這種車次?
https://i.imgur.com/l7r3eAl.png
我一定是把問題複雜化了QQ

2.
請問如何判斷該新幹線車次是山陽新幹線或東海道新幹線?
或是
只要有經過新大阪站的新幹線都可以，只要新大阪下車即可?
查一查覺得只要是岡山-新大阪之間的範圍，都是山陽新幹線
不用管終點站，這範圍內的任何車次下車就好...

484問了傻問題...
","[{""cmtStatus"": ""推"", ""cmtPoster"": ""iivy5502"", ""cmtContent"": "":京都到新大阪這一段是東海新幹線"", ""cmtDate"": ""2023-05-13 15:31:00""}, {""cmtStatus"": ""推"", ""cmtPoster"": ""davidyea"", ""cmtContent"": "":問題1，可以搭，與終點站無關，只要你上車下車站在"", ""cmtDate"": ""2023-05-13 15:56:00""}, {""cmtStatus"": ""→"", ""cmtPoster"": ""davidyea"", ""cmtContent"": "":周遊券涵蓋範圍內就好。問題2，這是區域問題，博多"", ""cmtDate"": ""2023-05-13 15:56:00""}, {""cmtStatus"": ""→"", ""cmtPoster"": ""davidyea"", ""cmtContent"": "":到新大阪是山陽新幹線，新大阪以東是東海道新幹線"", ""cmtDate"": ""2023-05-13 15:56:00""}, {""cmtStatus"": ""推"", ""cmtPoster"": ""ISP"", ""cmtContent"": "":簡單的說，新大阪到京都的「新幹線」不能搭，但你可"", ""cmtDate"": ""2023-05-13 15:59:00""}, {""cmtStatus"": ""→"", ""cmtPoster"": ""ISP"", ""cmtContent"": "":以搭一般JR到京都，所以第一張圖是可以的(新大阪到"", ""cmtDate"": ""2023-05-13 15:59:00""}, {""cmtStatus"": ""→"", ""cmtPoster"": ""ISP"", ""cmtContent"": "":京都是一般JR)"", ""cmtDate"": ""2023-05-13 15:59:00""}, {""cmtStatus"": ""→"", ""cmtPoster"": ""ookkkkoo"", ""cmtContent"": "":懂了，謝謝兩位大大，我想太多了xDD"", ""cmtDate"": ""2023-05-13 16:00:00""}, {""cmtStatus"": ""推"", ""cmtPoster"": ""firl"", ""cmtContent"": "":你就從岡山搭新幹線自由座直接到京都，出站的時候會"", ""cmtDate"": ""2023-05-13 18:16:00""}, {""cmtStatus"": ""→"", ""cmtPoster"": ""firl"", ""cmtContent"": "":被要求補票，印象中幾百塊(我有一次忘了就這樣補票"", ""cmtDate"": ""2023-05-13 18:16:00""}, {""cmtStatus"": ""→"", ""cmtPoster"": ""firl"", ""cmtContent"": "":的)"", ""cmtDate"": ""2023-05-13 18:16:00""}, {""cmtStatus"": ""推"", ""cmtPoster"": ""HMKRL"", ""cmtContent"": "":不用管車班開在新大阪之前就是山陽之後就是東海道"", ""cmtDate"": ""2023-05-13 18:45:00""}, {""cmtStatus"": ""推"", ""cmtPoster"": ""yangyy2"", ""cmtContent"": "":簡單說你這張票就是岡山搭新幹線自由席到新大阪下"", ""cmtDate"": ""2023-05-13 19:38:00""}, {""cmtStatus"": ""→"", ""cmtPoster"": ""yangyy2"", ""cmtContent"": "":車出站,後面新大阪到京都要另外買票,要搭JR或新幹線"", ""cmtDate"": ""2023-05-13 19:38:00""}, {""cmtStatus"": ""→"", ""cmtPoster"": ""yangyy2"", ""cmtContent"": "":都可以"", ""cmtDate"": ""2023-05-13 19:38:00""}, {""cmtStatus"": ""→"", ""cmtPoster"": ""yangyy2"", ""cmtContent"": "":如果岡山上車的新幹線可以直接到京都可以選擇新大"", ""cmtDate"": ""2023-05-13 19:39:00""}, {""cmtStatus"": ""→"", ""cmtPoster"": ""yangyy2"", ""cmtContent"": "":阪不下車,到京都補票即可"", ""cmtDate"": ""2023-05-13 19:39:00""}, {""cmtStatus"": ""→"", ""cmtPoster"": ""qmars"", ""cmtContent"": "":新大阪到京都轉在來線不用買票阿，直達新幹線的補"", ""cmtDate"": ""2023-05-13 19:48:00""}, {""cmtStatus"": ""→"", ""cmtPoster"": ""qmars"", ""cmtContent"": "":票是1000多不是什麼幾百。"", ""cmtDate"": ""2023-05-13 19:48:00""}, {""cmtStatus"": ""噓"", ""cmtPoster"": ""ichiroa"", ""cmtContent"": "":可憐，看不懂中文"", ""cmtDate"": ""2023-05-13 23:49:00""}, {""cmtStatus"": ""推"", ""cmtPoster"": ""IUOIUOIUO"", ""cmtContent"": "":幾百台幣沒錯"", ""cmtDate"": ""2023-05-14 09:19:00""}, {""cmtStatus"": ""推"", ""cmtPoster"": ""Dheroblood"", ""cmtContent"": "":他是看上下車進出站"", ""cmtDate"": ""2023-05-14 13:13:00""}, {""cmtStatus"": ""推"", ""cmtPoster"": ""firl"", ""cmtContent"": "":新大阪到京都票價1450，pass可以搭一般JR是580，我"", ""cmtDate"": ""2023-05-14 13:57:00""}, {""cmtStatus"": ""→"", ""cmtPoster"": ""firl"", ""cmtContent"": "":印象中是補價差沒錯，至於為啥說幾百，因為我記得拿"", ""cmtDate"": ""2023-05-14 13:57:00""}, {""cmtStatus"": ""→"", ""cmtPoster"": ""firl"", ""cmtContent"": "":了一張1000日幣讓乘務員找錢"", ""cmtDate"": ""2023-05-14 13:57:00""}, {""cmtStatus"": ""→"", ""cmtPoster"": ""firl"", ""cmtContent"": "":不過是15年的事，我不確定票價跟現在的差距"", ""cmtDate"": ""2023-05-14 14:01:00""}, {""cmtStatus"": ""推"", ""cmtPoster"": ""alberthcc"", ""cmtContent"": "":回答超凶是在兇三小，不爽回不要回啊"", ""cmtDate"": ""2023-05-14 19:11:00""}, {""cmtStatus"": ""→"", ""cmtPoster"": ""qmars"", ""cmtContent"": "":那段新幹線就是全補，不同公司怎麼補差價..."", ""cmtDate"": ""2023-05-14 20:44:00""}, {""cmtStatus"": ""推"", ""cmtPoster"": ""ruby820602"", ""cmtContent"": "":寒假剛回來，從岡山一路到京都，沒下車直接跟車長"", ""cmtDate"": ""2023-05-16 00:06:00""}, {""cmtStatus"": ""→"", ""cmtPoster"": ""ruby820602"", ""cmtContent"": "":補票，1400左右日幣"", ""cmtDate"": ""2023-05-16 00:06:00""}]",36.227.33.242,2023-05-14 01:52:52,ptt
92,https://www.ptt.cc/bbs/Japan_Travel/M.1683983896.A.A12.html,[問題]東京六天五夜行程請益,2023-05-13 21:18:14,neperstock,Japan_Travel,"大家好，小弟預計7月底跟朋友們一起去日本畢旅
第一次自己規劃行程，想請各位幫忙看看行程
謝謝大家

1.出遊日期：7/25~7/30

預計五晚都住淺草的Far East Village Hotel Tokyo
(還沒訂)

2.每日行程：

Day1  7/25（二）

00:40搭樂桃到羽田機場

明治神宮

代代木公園

原宿-竹下通-表參道

傍晚shibuya sky

晚上澀谷逛街吃飯

東京鐵塔

@午餐：AFURI 原宿

@晚餐：澀谷parco內或附近吃



Day2  7/26（三）

築地市場吃早餐->築地本願寺

銀座逛街、UNIQLO 銀座店

秋葉原

@午餐：銀座附近吃

@晚餐：青島食堂 秋葉原店or隨便吃



Day3  7/27（四）

喜多院->冰川神社->川越一番街 下午離開

animate 池袋總店 池袋附近逛逛

山手線->上野吃晚餐+逛逛



Day4  7/28（五）

淺草站搭車到新橋 轉乘JR橫須賀線到鎌倉

[鎌倉站] 小町通(鎌倉茶々)、鶴岡八幡宮

[長谷站] 鎌倉大佛、長谷寺

[江之島站]江島神社等

搭車:藤沢 -> 回新宿逛街吃晚餐

@午餐：江之島吃海鮮丼 とびっちょ

@晚餐：利久牛舌 新宿店



Day5  7/29（六）

早上淺草-雷門

走去晴空塔

晚上看隅田川花火大會

@午餐：今半壽喜燒





Day6  7/30（日）

豐洲市場->teamlabplanets看展覽->台場
皇居東御苑->東京車站一番街

->成田機場搭22:50的班機 回台灣


還有幾個問題想請教：

1.會推薦買JR廣域卷或是什麼交通票卷嗎？
2.因為搭樂桃凌晨就到羽田了，有建議去哪休息嗎？怕第一天會因此太累
3.花火大會感覺會爆幹多人，還在想要不要去看，順便問有推薦的觀景位置嗎？
4.day4這樣會不會太趕
5.第一天最後的東京鐵塔移去最後一天台場完去會不會比較好？

謝謝大家


","[{""cmtStatus"": ""推"", ""cmtPoster"": ""bluefish77"", ""cmtContent"": "":築地市場7/26（三）公休喔！"", ""cmtDate"": ""2023-05-13 21:18:14""}, {""cmtStatus"": ""→"", ""cmtPoster"": ""ybite"", ""cmtContent"": "":ShibuyaSky跟東京鐵塔上層都要事前預約"", ""cmtDate"": ""2023-05-13 21:18:14""}, {""cmtStatus"": ""→"", ""cmtPoster"": ""ybite"", ""cmtContent"": "":東京鐵塔主要問題還是離旁邊地鐵站都很遠orz"", ""cmtDate"": ""2023-05-13 21:18:14""}, {""cmtStatus"": ""→"", ""cmtPoster"": ""ybite"", ""cmtContent"": "":然後你要先煩惱抵達後行李放哪的問題QQ"", ""cmtDate"": ""2023-05-13 21:18:14""}, {""cmtStatus"": ""→"", ""cmtPoster"": ""ybite"", ""cmtContent"": "":我覺得第一天很滿+紅眼航班澀谷直接銀座線回飯店吧"", ""cmtDate"": ""2023-05-13 21:18:14""}, {""cmtStatus"": ""推"", ""cmtPoster"": ""kevinhon"", ""cmtContent"": "":D1紅眼班機還沒找到休息處就這麼拼"", ""cmtDate"": ""2023-05-13 21:18:14""}, {""cmtStatus"": ""→"", ""cmtPoster"": ""kevinhon"", ""cmtContent"": "":飯店離銀座線-田原町地鐵站和筑波快線淺草站比較近"", ""cmtDate"": ""2023-05-13 21:18:14""}, {""cmtStatus"": ""→"", ""cmtPoster"": ""ybite"", ""cmtContent"": "":第二天可以多排一點周遊券應該前幾天地鐵券？"", ""cmtDate"": ""2023-05-13 21:18:14""}, {""cmtStatus"": ""→"", ""cmtPoster"": ""kevinhon"", ""cmtContent"": "":D1D4D6都很趕，尤其D6台場逛完就該回飯店取行李"", ""cmtDate"": ""2023-05-13 21:18:14""}, {""cmtStatus"": ""→"", ""cmtPoster"": ""kevinhon"", ""cmtContent"": "":了，從東京站搭nex沒比較快，從淺草站搭Access特快"", ""cmtDate"": ""2023-05-13 21:18:14""}, {""cmtStatus"": ""→"", ""cmtPoster"": ""kevinhon"", ""cmtContent"": "":就好"", ""cmtDate"": ""2023-05-13 21:18:14""}, {""cmtStatus"": ""→"", ""cmtPoster"": ""kevinhon"", ""cmtContent"": "":看起來只有D4可以買江之電一日券，其餘無腦刷西瓜卡"", ""cmtDate"": ""2023-05-13 21:18:14""}, {""cmtStatus"": ""→"", ""cmtPoster"": ""kevinhon"", ""cmtContent"": "":就好"", ""cmtDate"": ""2023-05-13 21:18:14""}, {""cmtStatus"": ""→"", ""cmtPoster"": ""neperstock"", ""cmtContent"": "":這樣我第二天和第三天對調好了，沒注意到公休感謝"", ""cmtDate"": ""2023-05-13 21:18:14""}, {""cmtStatus"": ""→"", ""cmtPoster"": ""neperstock"", ""cmtContent"": "":提醒！行李的話應該放車站置物櫃就可以了吧？"", ""cmtDate"": ""2023-05-13 21:18:14""}, {""cmtStatus"": ""→"", ""cmtPoster"": ""kevinhon"", ""cmtContent"": "":東京鐵塔可以移到秋葉原晚餐後，秋葉原店家沒開這麼"", ""cmtDate"": ""2023-05-13 21:18:14""}, {""cmtStatus"": ""→"", ""cmtPoster"": ""kevinhon"", ""cmtContent"": "":晚"", ""cmtDate"": ""2023-05-13 21:18:14""}, {""cmtStatus"": ""→"", ""cmtPoster"": ""ybite"", ""cmtContent"": "":理論上是但是找置物櫃也需要時間還要找時間拿"", ""cmtDate"": ""2023-05-13 21:18:14""}, {""cmtStatus"": ""→"", ""cmtPoster"": ""ybite"", ""cmtContent"": "":飯店櫃檯能寄的話我自己會傾向先放好再出發"", ""cmtDate"": ""2023-05-13 21:18:14""}, {""cmtStatus"": ""→"", ""cmtPoster"": ""ybite"", ""cmtContent"": "":特別是東京的地下鐵出口電扶梯電梯說實話不普遍"", ""cmtDate"": ""2023-05-13 21:18:14""}, {""cmtStatus"": ""→"", ""cmtPoster"": ""kevinhon"", ""cmtContent"": "":覺得江之島離開回新橋轉地鐵回淺草就好，去新宿繞路"", ""cmtDate"": ""2023-05-13 21:18:14""}, {""cmtStatus"": ""→"", ""cmtPoster"": ""kevinhon"", ""cmtContent"": "":，跟逛池袋/澀谷都差不多，澀谷sky看完附近逛逛直接"", ""cmtDate"": ""2023-05-13 21:18:14""}, {""cmtStatus"": ""→"", ""cmtPoster"": ""kevinhon"", ""cmtContent"": "":回飯店"", ""cmtDate"": ""2023-05-13 21:18:14""}, {""cmtStatus"": ""→"", ""cmtPoster"": ""kevinhon"", ""cmtContent"": "":D6退房後行李暫寄飯店就好，特地拖到車站寄放花錢，"", ""cmtDate"": ""2023-05-13 21:18:14""}, {""cmtStatus"": ""→"", ""cmtPoster"": ""kevinhon"", ""cmtContent"": "":時間也沒比較省"", ""cmtDate"": ""2023-05-13 21:18:14""}, {""cmtStatus"": ""→"", ""cmtPoster"": ""kevinhon"", ""cmtContent"": "":畢旅同行不少人吧？車站要剛好有這麼多置物櫃可以寄"", ""cmtDate"": ""2023-05-13 21:18:14""}, {""cmtStatus"": ""→"", ""cmtPoster"": ""kevinhon"", ""cmtContent"": "":行李"", ""cmtDate"": ""2023-05-13 21:18:14""}, {""cmtStatus"": ""→"", ""cmtPoster"": ""neperstock"", ""cmtContent"": "":確實感覺會有不夠用的問題我會先問問飯店能不能寄"", ""cmtDate"": ""2023-05-13 21:18:14""}, {""cmtStatus"": ""→"", ""cmtPoster"": ""neperstock"", ""cmtContent"": "":放行李感謝！"", ""cmtDate"": ""2023-05-13 21:18:14""}, {""cmtStatus"": ""→"", ""cmtPoster"": ""kevinhon"", ""cmtContent"": "":築地移到D3，皇居東京車站移到D2川越前一早，池袋"", ""cmtDate"": ""2023-05-13 21:18:14""}, {""cmtStatus"": ""→"", ""cmtPoster"": ""kevinhon"", ""cmtContent"": "":逛完回飯店，上野可以移到鎌倉回程直達"", ""cmtDate"": ""2023-05-13 21:18:14""}, {""cmtStatus"": ""→"", ""cmtPoster"": ""neperstock"", ""cmtContent"": "":這樣子是變D2：東京駅->銀座秋葉原"", ""cmtDate"": ""2023-05-13 21:18:14""}, {""cmtStatus"": ""→"", ""cmtPoster"": ""neperstock"", ""cmtContent"": "":D3：築地->川越->池袋嗎？"", ""cmtDate"": ""2023-05-13 21:18:14""}, {""cmtStatus"": ""推"", ""cmtPoster"": ""owlonoak"", ""cmtContent"": "":你的行程除了築地遇到公休要調整沒有什麼大問題"", ""cmtDate"": ""2023-05-13 21:18:14""}, {""cmtStatus"": ""→"", ""cmtPoster"": ""owlonoak"", ""cmtContent"": "":但我覺得這個路線你要很注意水分補充與休息"", ""cmtDate"": ""2023-05-13 21:18:14""}, {""cmtStatus"": ""→"", ""cmtPoster"": ""owlonoak"", ""cmtContent"": "":鎌倉那天可能會中暑"", ""cmtDate"": ""2023-05-13 21:18:14""}, {""cmtStatus"": ""推"", ""cmtPoster"": ""ariel0829"", ""cmtContent"": "":紅眼航班加這行程，年輕人就是年輕人!"", ""cmtDate"": ""2023-05-13 22:45:00""}, {""cmtStatus"": ""→"", ""cmtPoster"": ""ariel0829"", ""cmtContent"": "":都在東京不用廣域券，買個西瓜卡就行"", ""cmtDate"": ""2023-05-13 22:46:00""}, {""cmtStatus"": ""推"", ""cmtPoster"": ""kevinhon"", ""cmtContent"": "":D2東京站川越池袋"", ""cmtDate"": ""2023-05-13 22:57:00""}, {""cmtStatus"": ""→"", ""cmtPoster"": ""kevinhon"", ""cmtContent"": "":D3築地銀座秋葉原東京鐵塔"", ""cmtDate"": ""2023-05-13 22:57:00""}, {""cmtStatus"": ""→"", ""cmtPoster"": ""neperstock"", ""cmtContent"": "":D2如果還要去皇居東御苑是不是太趕了？如果沒要去"", ""cmtDate"": ""2023-05-13 23:12:00""}, {""cmtStatus"": ""→"", ""cmtPoster"": ""neperstock"", ""cmtContent"": "":的話改川越池袋東京站會不會比較好？"", ""cmtDate"": ""2023-05-13 23:12:00""}, {""cmtStatus"": ""推"", ""cmtPoster"": ""kevinhon"", ""cmtContent"": "":皇居適合一早去，你川越本來不是只規劃半天？傍晚回"", ""cmtDate"": ""2023-05-14 00:14:00""}, {""cmtStatus"": ""→"", ""cmtPoster"": ""kevinhon"", ""cmtContent"": "":程就逛逛池袋就好"", ""cmtDate"": ""2023-05-14 00:14:00""}, {""cmtStatus"": ""→"", ""cmtPoster"": ""kevinhon"", ""cmtContent"": "":D2如果排不下皇居，D6更不可能，而且覺得不需要去東"", ""cmtDate"": ""2023-05-14 00:15:00""}, {""cmtStatus"": ""→"", ""cmtPoster"": ""kevinhon"", ""cmtContent"": "":京搭nex"", ""cmtDate"": ""2023-05-14 00:15:00""}, {""cmtStatus"": ""→"", ""cmtPoster"": ""Abbaschian"", ""cmtContent"": "":D1要怎麼傍晚在Shibuyasky然後吃完晚餐又到東京"", ""cmtDate"": ""2023-05-14 00:19:00""}, {""cmtStatus"": ""→"", ""cmtPoster"": ""Abbaschian"", ""cmtContent"": "":鐵塔?還是只是要看到東京鐵塔?"", ""cmtDate"": ""2023-05-14 00:19:00""}, {""cmtStatus"": ""→"", ""cmtPoster"": ""kevinhon"", ""cmtContent"": "":另外豐州台場可以移到D5，晚上晴空塔，淺草雷門就"", ""cmtDate"": ""2023-05-14 00:25:00""}, {""cmtStatus"": ""→"", ""cmtPoster"": ""kevinhon"", ""cmtContent"": "":在飯店附近，D6早上即可前往，這樣應該有時間排皇"", ""cmtDate"": ""2023-05-14 00:25:00""}, {""cmtStatus"": ""→"", ""cmtPoster"": ""kevinhon"", ""cmtContent"": "":居/東京車站"", ""cmtDate"": ""2023-05-14 00:25:00""}, {""cmtStatus"": ""→"", ""cmtPoster"": ""kevinhon"", ""cmtContent"": "":“豐洲”"", ""cmtDate"": ""2023-05-14 00:26:00""}, {""cmtStatus"": ""→"", ""cmtPoster"": ""kevinhon"", ""cmtContent"": "":或是跟D3的秋葉原對調，D6淺草秋葉原回飯店取行"", ""cmtDate"": ""2023-05-14 00:28:00""}, {""cmtStatus"": ""→"", ""cmtPoster"": ""kevinhon"", ""cmtContent"": "":李，都搭筑波快線就好"", ""cmtDate"": ""2023-05-14 00:28:00""}, {""cmtStatus"": ""推"", ""cmtPoster"": ""Hbodo"", ""cmtContent"": "":7月去，代代木公園其實可以拿掉"", ""cmtDate"": ""2023-05-14 00:54:00""}]",203.204.53.40,2023-05-14 01:52:52,ptt
93,https://www.ptt.cc/bbs/Japan_Travel/M.1683985238.A.ADD.html,[讓售]5/21東京巨蛋14：00讀賣巨人vs.中日龍,2023-05-13 21:40:36,s982820,Japan_Travel,"1. 讓售品項：

5/21東京巨蛋 14：00 讀賣巨人（主） vs.中日龍（客）1張（FC中央一壘）
QR Code票券

2. 物品圖片：
 電子票券
https://i.imgur.com/qLZQPBY.jpg
位置圖片
https://i.imgur.com/V1umZxD.jpg
3. 此物品由您買入的價格（讓售只能小於或等於此金額）：

[原價]日幣    3,200  Ｘ 當時匯率  0.2259＝ 台幣 723 元

4. 欲售價格：台幣700元

5. 交易方式： 現金面交/匯款

6. 聯絡方式： 站內信加line或電話

其他說明：
QR Code票券，轉帳後將票券以line或電子郵件分配。因本人到時候也會到東蛋現場，也
可在現場面交現金後再由我持手機一起進場。


",[],49.159.251.138,2023-05-14 01:52:54,ptt
94,https://www.ptt.cc/bbs/Japan_Travel/M.1684029778.A.8EC.html,[問題]住宿選擇之深夜的東京藥妝店,2023-05-14 10:02:52,shin761124,Japan_Travel,"以往去東京首選一定是新宿歌舞伎町，白天跑行程，深夜回新宿吃宵夜買藥妝都方便，但隨著時間增長有了家庭與小孩，覺得好像不再方便再投宿歌舞伎町了，想請問大家是否有其他地方深夜也可以方便吃宵夜及逛一些藥妝或Bic 的地方，我自己爬文好像上野可以？

深夜時間大概就pm11:00～am 01:00
謝謝大家
-
Sent from JPTT on my iPhone
","[{""cmtStatus"": ""推"", ""cmtPoster"": ""tsuneo"", ""cmtContent"": "":上野有深夜大排檔跟唐吉軻德..完全可以"", ""cmtDate"": ""2023-05-14 10:12:00""}, {""cmtStatus"": ""→"", ""cmtPoster"": ""shin761124"", ""cmtContent"": "":感謝樓上情報謝謝"", ""cmtDate"": ""2023-05-14 10:24:00""}, {""cmtStatus"": ""推"", ""cmtPoster"": ""el500"", ""cmtContent"": "":帶家庭小孩可以考慮立川市區有的這裡都有，但商場"", ""cmtDate"": ""2023-05-14 10:30:00""}, {""cmtStatus"": ""→"", ""cmtPoster"": ""el500"", ""cmtContent"": "":大很多，附近也有公園，遠一點爬山也很方便，進市"", ""cmtDate"": ""2023-05-14 10:30:00""}, {""cmtStatus"": ""→"", ""cmtPoster"": ""el500"", ""cmtContent"": "":區老實說也很方便，缺點就是沒有pass卡可以用"", ""cmtDate"": ""2023-05-14 10:30:00""}, {""cmtStatus"": ""推"", ""cmtPoster"": ""el500"", ""cmtContent"": "":更正只有jrpass可以省交通全程刷ic比較方便"", ""cmtDate"": ""2023-05-14 10:38:00""}, {""cmtStatus"": ""→"", ""cmtPoster"": ""shin761124"", ""cmtContent"": "":感謝樓上情報我來做功課看看"", ""cmtDate"": ""2023-05-14 10:52:00""}, {""cmtStatus"": ""→"", ""cmtPoster"": ""ybite"", ""cmtContent"": "":立川比較大問題是傍晚後新宿過去的中央線快速擠到爆"", ""cmtDate"": ""2023-05-14 11:29:00""}, {""cmtStatus"": ""→"", ""cmtPoster"": ""ybite"", ""cmtContent"": "":會一路擁擠到末班車而且查了一下店家都偏早打烊"", ""cmtDate"": ""2023-05-14 11:34:00""}, {""cmtStatus"": ""→"", ""cmtPoster"": ""ybite"", ""cmtContent"": "":以你期望的情境不適合我認為上野池袋之類比較吻合"", ""cmtDate"": ""2023-05-14 11:35:00""}, {""cmtStatus"": ""→"", ""cmtPoster"": ""ybite"", ""cmtContent"": "":反過來立川07-09進城也是要擠到新宿"", ""cmtDate"": ""2023-05-14 11:39:00""}, {""cmtStatus"": ""推"", ""cmtPoster"": ""kevinhon"", ""cmtContent"": "":還是要看你的行程靠哪裡，立川不錯，之前開會的點離"", ""cmtDate"": ""2023-05-14 12:26:00""}, {""cmtStatus"": ""→"", ""cmtPoster"": ""kevinhon"", ""cmtContent"": "":那裡近，景點也幾乎排新宿以西，逛起來悠閒，缺點就"", ""cmtDate"": ""2023-05-14 12:26:00""}, {""cmtStatus"": ""→"", ""cmtPoster"": ""kevinhon"", ""cmtContent"": "":是離機場/市中心遠了點"", ""cmtDate"": ""2023-05-14 12:26:00""}, {""cmtStatus"": ""推"", ""cmtPoster"": ""misuta27"", ""cmtContent"": "":立川到新宿就要30分了轉乘到其他景點等於每天要"", ""cmtDate"": ""2023-05-14 12:29:00""}, {""cmtStatus"": ""→"", ""cmtPoster"": ""misuta27"", ""cmtContent"": "":花兩小時來回車程"", ""cmtDate"": ""2023-05-14 12:29:00""}, {""cmtStatus"": ""推"", ""cmtPoster"": ""greenfetish"", ""cmtContent"": "":立川也太遠了，上野秋葉原淺草錦糸町都不錯吧，為"", ""cmtDate"": ""2023-05-14 13:36:00""}, {""cmtStatus"": ""→"", ""cmtPoster"": ""greenfetish"", ""cmtContent"": "":什麼要拉到立川去..."", ""cmtDate"": ""2023-05-14 13:36:00""}, {""cmtStatus"": ""推"", ""cmtPoster"": ""kotoyan"", ""cmtContent"": "":立川太遠了，而且只要中央線人身事故你的行程就會"", ""cmtDate"": ""2023-05-14 16:47:00""}, {""cmtStatus"": ""→"", ""cmtPoster"": ""kotoyan"", ""cmtContent"": "":整個被嚴重耽擱"", ""cmtDate"": ""2023-05-14 16:47:00""}, {""cmtStatus"": ""推"", ""cmtPoster"": ""musichell"", ""cmtContent"": "":上野車站附近我覺得方便的"", ""cmtDate"": ""2023-05-14 16:59:00""}, {""cmtStatus"": ""→"", ""cmtPoster"": ""shin761124"", ""cmtContent"": "":立川好像真的有點遠，應該會從上野著手做點功課感"", ""cmtDate"": ""2023-05-14 17:58:00""}, {""cmtStatus"": ""→"", ""cmtPoster"": ""shin761124"", ""cmtContent"": "":謝上面大家的寶貴意見"", ""cmtDate"": ""2023-05-14 17:58:00""}, {""cmtStatus"": ""推"", ""cmtPoster"": ""Xhocer"", ""cmtContent"": "":去兩次東京都選上野，吃飯購物交通都相當方便"", ""cmtDate"": ""2023-05-14 19:08:00""}, {""cmtStatus"": ""推"", ""cmtPoster"": ""lulu0408"", ""cmtContent"": "":我都住上野或品川"", ""cmtDate"": ""2023-05-14 19:38:00""}, {""cmtStatus"": ""推"", ""cmtPoster"": ""blue2999"", ""cmtContent"": "":我也喜歡住上野，行程最後買藥妝，隔天搭skyliner去"", ""cmtDate"": ""2023-05-14 20:34:00""}, {""cmtStatus"": ""→"", ""cmtPoster"": ""blue2999"", ""cmtContent"": "":成田也很方便"", ""cmtDate"": ""2023-05-14 20:34:00""}, {""cmtStatus"": ""推"", ""cmtPoster"": ""el500"", ""cmtContent"": "":立川是比較進階local玩法觀光客上野新宿就好"", ""cmtDate"": ""2023-05-14 21:23:00""}, {""cmtStatus"": ""推"", ""cmtPoster"": ""el500"", ""cmtContent"": "":真的要看行程就是了"", ""cmtDate"": ""2023-05-14 21:26:00""}, {""cmtStatus"": ""推"", ""cmtPoster"": ""mpin"", ""cmtContent"": "":最近在找住宿地點剛好也是我一模一樣的訴求！謝謝"", ""cmtDate"": ""2023-05-15 01:24:00""}, {""cmtStatus"": ""→"", ""cmtPoster"": ""mpin"", ""cmtContent"": "":原po發問跟版友回覆～"", ""cmtDate"": ""2023-05-15 01:24:00""}, {""cmtStatus"": ""推"", ""cmtPoster"": ""hyuchi0202"", ""cmtContent"": "":住新宿南口就好啦"", ""cmtDate"": ""2023-05-15 21:03:00""}, {""cmtStatus"": ""→"", ""cmtPoster"": ""afu46"", ""cmtContent"": "":看到立川...那我來推錦糸町好了有大商場公園，拍照"", ""cmtDate"": ""2023-05-16 11:50:00""}, {""cmtStatus"": ""→"", ""cmtPoster"": ""afu46"", ""cmtContent"": "":背景都有晴空塔，帶小孩去機場迪士尼也比立川近XD"", ""cmtDate"": ""2023-05-16 11:51:00""}]",223.138.11.203,2023-05-15 01:49:21,ptt
95,https://www.ptt.cc/bbs/Japan_Travel/M.1684032796.A.1B9.html,[問題]11月中部北陸6天5夜行程請益,2023-05-14 10:53:14,shinchenboy,Japan_Travel,"各位版友們好
睽違了3年，小弟將於今年11月前往日本旅遊，這次安排中部北陸地區
也要第一次帶新婚的老婆坐飛機出遊
之前小弟有在京阪神、東京、九州自由行的經驗
第一次前往中部，以下是初步行程安排
想請教版友大大們的一些經驗

１． 出遊日期： 11/2(四）~11/7(二)

２． 每日行程：

Day1 (11/2)
10：00 抵達關西機場
下飛機後，搭乘JR到新大阪，再轉乘新幹線至名古屋（預計下午抵達，中餐可能在JR新大
阪站吃)
名古屋城
榮商圈逛街、名古屋電視塔夜景
預計訂JR名古屋站附近飯店

Day2 (11/3)
熱田神宮
預計搭乘10點多JR班次前往高山
高山老街散策
沒特別安排，可能JR高山附近逛逛
預計訂JR高山站附近飯店
Day3 (11/4)
預計搭乘9點多濃飛巴士前往合掌村
合掌村
預計搭乘3點多班次前往金澤
沒特別安排，應該會在金澤的街區逛街
預計訂JR金澤站附近飯店
Day4 (11/5)
立山黑部
預計上午搭乘新幹線至富山，再體驗立山黑部多種交通工具，採單點來回的方式，預計傍
晚回到富山，晚上回金澤
預計訂JR金澤站附近飯店
Day5 (11/6)
金澤兼六園
東茶屋街散策
預計搭乘下午3點多JR班次回大阪市區
大阪心齋橋逛街
預計訂大阪難波站附近飯店
Day6 (11/7)
搭乘近鐵前往奈良
奈良東大寺、公園餵鹿體驗
搭乘近鐵回難波，再搭車前往關西機場
預計15：30抵達機場
搭乘17:45班次飛機
以下為想請教部分
1. 因為幾乎每天換不同飯店住，勢必每天需要帶行李搭乘，然後將行李先寄放在車站或
飯店再開始玩，合掌村上網查有寄放行李的地方，請問車站也是否都有寄放行李的地方?

2.我們知道11月去立山黑部不會有雪牆，但應該會有楓葉，但還是會有點怕怕的，請問那
個時候立山黑部是不是人會非常少，而且可能非旅遊旺季，車班是否可能減少?

3.我們預計購買JR 北陸.高山pass，請問這個是否可以用在關西機場到新大阪的HARUKA特
急列車? 因為查網路有些地方說可以，有些地方說不行

4.如果的話，歡迎給我們一些建議

以上，再麻煩大大們幫忙解惑了，感恩~
","[{""cmtStatus"": ""→"", ""cmtPoster"": ""ybite"", ""cmtContent"": "":我自己會認為不是飛名古屋沒必要特別進名古屋玩"", ""cmtDate"": ""2023-05-14 11:46:00""}, {""cmtStatus"": ""→"", ""cmtPoster"": ""ybite"", ""cmtContent"": "":一是新幹線要另外買二是我認為相對不夠好玩"", ""cmtDate"": ""2023-05-14 11:47:00""}, {""cmtStatus"": ""→"", ""cmtPoster"": ""ybite"", ""cmtContent"": "":另外最後一天去奈良有點小趕"", ""cmtDate"": ""2023-05-14 11:48:00""}, {""cmtStatus"": ""推"", ""cmtPoster"": ""appear25"", ""cmtContent"": "":只有六天還要一直移動很累，我會建議把高山北陸都"", ""cmtDate"": ""2023-05-14 12:28:00""}, {""cmtStatus"": ""→"", ""cmtPoster"": ""appear25"", ""cmtContent"": "":砍掉，好好利用近鐵五日券plus玩大阪到名古屋這段就"", ""cmtDate"": ""2023-05-14 12:28:00""}, {""cmtStatus"": ""→"", ""cmtPoster"": ""appear25"", ""cmtContent"": "":好"", ""cmtDate"": ""2023-05-14 12:28:00""}, {""cmtStatus"": ""推"", ""cmtPoster"": ""annle1217"", ""cmtContent"": "":看不太懂這行程的重點"", ""cmtDate"": ""2023-05-14 12:46:00""}, {""cmtStatus"": ""→"", ""cmtPoster"": ""annle1217"", ""cmtContent"": "":我覺得大家排行程都很容易忽略行程重點"", ""cmtDate"": ""2023-05-14 12:46:00""}, {""cmtStatus"": ""→"", ""cmtPoster"": ""annle1217"", ""cmtContent"": "":然後就東一塊西一塊的舉例來說這行程看不出來"", ""cmtDate"": ""2023-05-14 12:46:00""}, {""cmtStatus"": ""→"", ""cmtPoster"": ""annle1217"", ""cmtContent"": "":去名古屋高山合掌村黑部立山金澤的用意"", ""cmtDate"": ""2023-05-14 12:47:00""}, {""cmtStatus"": ""→"", ""cmtPoster"": ""annle1217"", ""cmtContent"": "":看起來就是大家都有去過我也來去一下"", ""cmtDate"": ""2023-05-14 12:47:00""}, {""cmtStatus"": ""→"", ""cmtPoster"": ""annle1217"", ""cmtContent"": "":但卻沒思考這到底是不是自己要的"", ""cmtDate"": ""2023-05-14 12:47:00""}, {""cmtStatus"": ""→"", ""cmtPoster"": ""annle1217"", ""cmtContent"": "":只是因為自己去過京阪神想去別的地方硬拉到"", ""cmtDate"": ""2023-05-14 12:48:00""}, {""cmtStatus"": ""→"", ""cmtPoster"": ""annle1217"", ""cmtContent"": "":很詭異的地方去勸你重排你這不改回來直接離婚了"", ""cmtDate"": ""2023-05-14 12:48:00""}, {""cmtStatus"": ""→"", ""cmtPoster"": ""shinchenboy"", ""cmtContent"": "":感謝樓上網友們的建議，其實因為本次的旅行重點是"", ""cmtDate"": ""2023-05-14 13:14:00""}, {""cmtStatus"": ""→"", ""cmtPoster"": ""shinchenboy"", ""cmtContent"": "":放在北陸地區，我和老婆算是期待很久合掌村和立山"", ""cmtDate"": ""2023-05-14 13:14:00""}, {""cmtStatus"": ""→"", ""cmtPoster"": ""shinchenboy"", ""cmtContent"": "":黑部了，因此要刪減的話我自己會寧願砍名古屋，奈良"", ""cmtDate"": ""2023-05-14 13:14:00""}, {""cmtStatus"": ""→"", ""cmtPoster"": ""shinchenboy"", ""cmtContent"": "":是因為老婆很想去才排進去"", ""cmtDate"": ""2023-05-14 13:14:00""}, {""cmtStatus"": ""→"", ""cmtPoster"": ""ichiroa"", ""cmtContent"": "":原P.O.就想去大家都去過的地方，這也不行？"", ""cmtDate"": ""2023-05-14 13:14:00""}, {""cmtStatus"": ""→"", ""cmtPoster"": ""ichiroa"", ""cmtContent"": "":還直接離婚勒，會不會太自我感覺良好"", ""cmtDate"": ""2023-05-14 13:15:00""}, {""cmtStatus"": ""推"", ""cmtPoster"": ""annle1217"", ""cmtContent"": "":直接離婚的原因是每天都在換飯店兩人一起去是"", ""cmtDate"": ""2023-05-14 13:18:00""}, {""cmtStatus"": ""→"", ""cmtPoster"": ""annle1217"", ""cmtContent"": "":第一次去每天都換飯店很容易身心俱疲跟去哪裡無關"", ""cmtDate"": ""2023-05-14 13:19:00""}, {""cmtStatus"": ""→"", ""cmtPoster"": ""ybite"", ""cmtContent"": "":重點擺北陸前幾天不妨飯店固定金澤至多上高山一晚"", ""cmtDate"": ""2023-05-14 13:44:00""}, {""cmtStatus"": ""→"", ""cmtPoster"": ""shinchenboy"", ""cmtContent"": "":我想大家旅行應該都是希望去自己沒去過的地方，而且"", ""cmtDate"": ""2023-05-14 13:44:00""}, {""cmtStatus"": ""→"", ""cmtPoster"": ""shinchenboy"", ""cmtContent"": "":大多數應該也是在網路上做功課，別人去過的美景當然"", ""cmtDate"": ""2023-05-14 13:44:00""}, {""cmtStatus"": ""→"", ""cmtPoster"": ""shinchenboy"", ""cmtContent"": "":自己也會想去呀，我知道這樣安排可能會很累，所以才"", ""cmtDate"": ""2023-05-14 13:44:00""}, {""cmtStatus"": ""→"", ""cmtPoster"": ""shinchenboy"", ""cmtContent"": "":能詢問有沒有更好的建議，覺得沒有必要說離婚這種"", ""cmtDate"": ""2023-05-14 13:44:00""}, {""cmtStatus"": ""→"", ""cmtPoster"": ""shinchenboy"", ""cmtContent"": "":話，謝謝"", ""cmtDate"": ""2023-05-14 13:44:00""}, {""cmtStatus"": ""→"", ""cmtPoster"": ""ybite"", ""cmtContent"": "":我有一次是住新大阪>金澤>高山行李大阪宅配到高山"", ""cmtDate"": ""2023-05-14 13:46:00""}, {""cmtStatus"": ""→"", ""cmtPoster"": ""ybite"", ""cmtContent"": "":也不是不行但就會比較累"", ""cmtDate"": ""2023-05-14 13:46:00""}, {""cmtStatus"": ""→"", ""cmtPoster"": ""ybite"", ""cmtContent"": "":我會覺得砍名古屋奈良早點去最後一天大阪比較保險"", ""cmtDate"": ""2023-05-14 13:51:00""}, {""cmtStatus"": ""→"", ""cmtPoster"": ""ybite"", ""cmtContent"": "":名古屋說實話真的很普通大阪進出我一定選大阪"", ""cmtDate"": ""2023-05-14 13:52:00""}, {""cmtStatus"": ""推"", ""cmtPoster"": ""annle1217"", ""cmtContent"": "":實在抱歉，我有認識的的確是因為行程太累直接在日本"", ""cmtDate"": ""2023-05-14 14:19:00""}, {""cmtStatus"": ""→"", ""cmtPoster"": ""annle1217"", ""cmtContent"": "":吵架談離婚，用詞引起不快在此致歉"", ""cmtDate"": ""2023-05-14 14:19:00""}, {""cmtStatus"": ""→"", ""cmtPoster"": ""blueperi"", ""cmtContent"": "":名古屋可以刪掉，第一天直接衝到富山，第二天黑部"", ""cmtDate"": ""2023-05-14 14:43:00""}, {""cmtStatus"": ""→"", ""cmtPoster"": ""blueperi"", ""cmtContent"": "":第三天玩高山接合掌村，或是高山結束回富山移動至金"", ""cmtDate"": ""2023-05-14 14:43:00""}, {""cmtStatus"": ""→"", ""cmtPoster"": ""blueperi"", ""cmtContent"": "":澤，第四天從金澤搭巴士去合掌村再回金澤，這樣飯店"", ""cmtDate"": ""2023-05-14 14:44:00""}, {""cmtStatus"": ""→"", ""cmtPoster"": ""blueperi"", ""cmtContent"": "":可以少換2次，會輕鬆一點"", ""cmtDate"": ""2023-05-14 14:44:00""}, {""cmtStatus"": ""→"", ""cmtPoster"": ""blueperi"", ""cmtContent"": "":第五天在金澤玩，晚上移動到大阪，第六天就在大阪"", ""cmtDate"": ""2023-05-14 14:45:00""}, {""cmtStatus"": ""→"", ""cmtPoster"": ""blueperi"", ""cmtContent"": "":如果奈良無法刪，就第四天晚上搭車到大阪，第五天玩"", ""cmtDate"": ""2023-05-14 14:46:00""}, {""cmtStatus"": ""→"", ""cmtPoster"": ""blueperi"", ""cmtContent"": "":奈良，不要最後一天才去奈良比較保險"", ""cmtDate"": ""2023-05-14 14:47:00""}, {""cmtStatus"": ""推"", ""cmtPoster"": ""appear25"", ""cmtContent"": "":沒有雪的合掌村，只能說沒有特色"", ""cmtDate"": ""2023-05-14 15:54:00""}, {""cmtStatus"": ""→"", ""cmtPoster"": ""appear25"", ""cmtContent"": "":另外我是名古屋派，真心認為比大阪東京有更多好玩"", ""cmtDate"": ""2023-05-14 15:55:00""}, {""cmtStatus"": ""→"", ""cmtPoster"": ""appear25"", ""cmtContent"": "":的景點(非逛街)"", ""cmtDate"": ""2023-05-14 15:55:00""}, {""cmtStatus"": ""→"", ""cmtPoster"": ""zzyyxx77"", ""cmtContent"": "":只有無聊的旅人"", ""cmtDate"": ""2023-05-14 16:08:00""}, {""cmtStatus"": ""推"", ""cmtPoster"": ""wanryung"", ""cmtContent"": "":富山的雪牆4-6月左右，11月沒有"", ""cmtDate"": ""2023-05-15 22:01:00""}, {""cmtStatus"": ""推"", ""cmtPoster"": ""lucifero"", ""cmtContent"": "":黑部立山的楓葉很漂亮只是11月可能有點晚了"", ""cmtDate"": ""2023-05-15 22:17:00""}, {""cmtStatus"": ""→"", ""cmtPoster"": ""lucifero"", ""cmtContent"": "":去合掌村那天晚上去金澤沒行程的話不如直接住富山"", ""cmtDate"": ""2023-05-15 22:18:00""}]",101.12.115.249,2023-05-15 01:49:21,ptt
96,https://www.ptt.cc/bbs/Japan_Travel/M.1684036787.A.9A9.html,5/21前東京/上野車站行李寄放,2023-05-14 11:59:45,Manacher,Japan_Travel,"5/10~21 東京車站的置物櫃全部都停止開放

取而代之的有幾個點提供人工寄物服務
有幾個是原本就有 也有為了這段時間臨時新增的
https://i.imgur.com/XxZ8U7b.jpg
但圖上面大部分點過去都擺牌子已經滿了 或是停止服務
問站務員好像說剩下1F丸之內中央改札內有提供服務(或還有空位)

實際過去人非常多 人龍繞了幾圈
看那個消化速度看起來至少要等30分～1小時起跳
然後最後尾工作人員也舉牌說暫時停止
https://i.imgur.com/Jd26Soe.jpg
後來跑到上野車站發現置物櫃也是停止
但是在不忍改札口外有人工寄放行李的服務
(不能隔夜寄放)
https://i.imgur.com/GjkfPbC.jpg
https://i.imgur.com/xn8drs2.jpg
https://i.imgur.com/RGzfuaN.jpg
人潮少非常多 10分鐘內就寄放好了
建議大家可以考慮改到上野寄放～～～
","[{""cmtStatus"": ""推"", ""cmtPoster"": ""tp6pt"", ""cmtContent"": "":請問可以分享上野寄放行李的點嗎"", ""cmtDate"": ""2023-05-14 13:44:00""}, {""cmtStatus"": ""→"", ""cmtPoster"": ""tp6pt"", ""cmtContent"": "":啊抱歉沒看到後面，對不起～推有用資訊"", ""cmtDate"": ""2023-05-14 13:44:00""}, {""cmtStatus"": ""噓"", ""cmtPoster"": ""jupiterchen"", ""cmtContent"": "":不確定是不是其實大家知道了不過還是提供個資訊"", ""cmtDate"": ""2023-05-14 17:14:00""}, {""cmtStatus"": ""→"", ""cmtPoster"": ""jupiterchen"", ""cmtContent"": "":有一家連鎖卡拉OK館其實也可以寄行李"", ""cmtDate"": ""2023-05-14 17:14:00""}, {""cmtStatus"": ""→"", ""cmtPoster"": ""jupiterchen"", ""cmtContent"": "":名字就叫作「カラオケ館」藍色招牌"", ""cmtDate"": ""2023-05-14 17:14:00""}, {""cmtStatus"": ""→"", ""cmtPoster"": ""jupiterchen"", ""cmtContent"": "":店非常多各大車站旁邊都有分店"", ""cmtDate"": ""2023-05-14 17:14:00""}, {""cmtStatus"": ""→"", ""cmtPoster"": ""jupiterchen"", ""cmtContent"": "":不用預約只可寄單日不限件數通通￥1500"", ""cmtDate"": ""2023-05-14 17:14:00""}, {""cmtStatus"": ""→"", ""cmtPoster"": ""jupiterchen"", ""cmtContent"": "":按錯按到噓我很抱歉"", ""cmtDate"": ""2023-05-14 17:15:00""}, {""cmtStatus"": ""推"", ""cmtPoster"": ""alexgin"", ""cmtContent"": "":有個app叫ecbocloak日本寄物服務，用這個查查看"", ""cmtDate"": ""2023-05-14 18:54:00""}, {""cmtStatus"": ""推"", ""cmtPoster"": ""namis"", ""cmtContent"": "":今天路過丸之內的苦主+1最後找到B1グランスタ地"", ""cmtDate"": ""2023-05-15 01:48:00""}, {""cmtStatus"": ""→"", ""cmtPoster"": ""namis"", ""cmtContent"": "":下北口的站內有一個行李寄放點，那邊位子比較多，"", ""cmtDate"": ""2023-05-15 01:48:00""}, {""cmtStatus"": ""→"", ""cmtPoster"": ""namis"", ""cmtContent"": "":也可以suica付費。從山手線外回月台上找到可以直"", ""cmtDate"": ""2023-05-15 01:48:00""}, {""cmtStatus"": ""→"", ""cmtPoster"": ""namis"", ""cmtContent"": "":接下B1的電梯，出來左轉再左轉就可以看到了。"", ""cmtDate"": ""2023-05-15 01:48:00""}]",133.159.148.13,2023-05-15 01:49:21,ptt
97,https://www.ptt.cc/bbs/Japan_Travel/M.1684037340.A.906.html,[資訊]G7廣島峰會重要鐵道車站置物櫃停用情形,2023-05-14 12:08:58,TimeEric,Japan_Travel,"https://prtimes.jp/main/html/rd/p/000000140.000021088.html
這邊只列出大型鐵道業者的大型車站，
由於G7各部長峰會開會是一整年，
事實上遠不只這些車站與日期。

JR東日本
■東京站、上野站、大宮站、成田空港站、空港第2航廈站
5/11～5/13、5/19～5/21
■新宿站、品川站、澀谷站、池袋站、新橋站、横浜站
5/19～5/21
■新潟站
5/11～5/13

JR東海
■東京站、品川站、新橫濱站、小田原站、新富士站、名古屋站、京都站
5/19～5/21

JR西日本
■広島站、宮島口站、岩國站、山陽新幹線主要站
5/15～5/21

東京地下鐵
■溜池山王站、高田馬場站、飯田橋站、北千住站、綾瀬站、市谷站
5/13～5/21
■上野站、日本橋站、銀座站、池袋站、新宿站、東京站、大手町站、霞關站、永田町站
、國會議事堂前站、櫻田門站、新橋站、表參道站、新宿三丁目站、九段下站、小竹向原
站、有樂町站、豐洲駅、押上站
5/14～5/21
■澀谷站
5/18～5/21

福岡市地下鐵
■博多站
5/18～5/21
■福岡空港站
5/15～5/21

此外ecbo cloak公司在5/19～5/21店家寄物服務也暫停
","[{""cmtStatus"": ""→"", ""cmtPoster"": ""ybite"", ""cmtContent"": "":感覺應該統整置底？QQ"", ""cmtDate"": ""2023-05-14 12:08:58""}, {""cmtStatus"": ""推"", ""cmtPoster"": ""future10520"", ""cmtContent"": "":推～感謝提供"", ""cmtDate"": ""2023-05-14 12:08:58""}, {""cmtStatus"": ""推"", ""cmtPoster"": ""rekvosi"", ""cmtContent"": "":有些車站垃圾桶也會封鎖"", ""cmtDate"": ""2023-05-14 13:47:00""}, {""cmtStatus"": ""推"", ""cmtPoster"": ""kakuma"", ""cmtContent"": "":感謝資訊剛好18號就出發！"", ""cmtDate"": ""2023-05-14 15:23:00""}, {""cmtStatus"": ""推"", ""cmtPoster"": ""xyzsljh"", ""cmtContent"": "":想請問有人知道岡山站新幹線口出站的黑貓宅急便行"", ""cmtDate"": ""2023-05-14 18:00:00""}, {""cmtStatus"": ""→"", ""cmtPoster"": ""xyzsljh"", ""cmtContent"": "":李寄放不知道有沒有影響"", ""cmtDate"": ""2023-05-14 18:00:00""}, {""cmtStatus"": ""推"", ""cmtPoster"": ""SixAlan"", ""cmtContent"": "":那這樣是不是只剩下各個景點的置物櫃（如果有提供"", ""cmtDate"": ""2023-05-14 18:00:00""}, {""cmtStatus"": ""→"", ""cmtPoster"": ""SixAlan"", ""cmtContent"": "":的）"", ""cmtDate"": ""2023-05-14 18:00:00""}, {""cmtStatus"": ""推"", ""cmtPoster"": ""windy0817"", ""cmtContent"": "":真的要注意（淚）"", ""cmtDate"": ""2023-05-15 01:48:00""}, {""cmtStatus"": ""→"", ""cmtPoster"": ""windy0817"", ""cmtContent"": "":今天剛在東京車站捉迷藏回來QQ"", ""cmtDate"": ""2023-05-15 01:48:00""}, {""cmtStatus"": ""→"", ""cmtPoster"": ""windy0817"", ""cmtContent"": "":（站內）丸之內地下中央口臨時站（滿）"", ""cmtDate"": ""2023-05-15 01:48:00""}, {""cmtStatus"": ""→"", ""cmtPoster"": ""windy0817"", ""cmtContent"": "":（站外）丸之內北口的JR中心（滿）"", ""cmtDate"": ""2023-05-15 01:48:00""}, {""cmtStatus"": ""→"", ""cmtPoster"": ""windy0817"", ""cmtContent"": "":（站外）北路新幹線北口臨時站（滿）"", ""cmtDate"": ""2023-05-15 01:48:00""}, {""cmtStatus"": ""→"", ""cmtPoster"": ""windy0817"", ""cmtContent"": "":（站外）JR高速巴士的寄物櫃（滿）"", ""cmtDate"": ""2023-05-15 01:48:00""}, {""cmtStatus"": ""→"", ""cmtPoster"": ""windy0817"", ""cmtContent"": "":最後是在山陽新幹線日本橋口附近，有人把行李領走才"", ""cmtDate"": ""2023-05-15 01:48:00""}, {""cmtStatus"": ""→"", ""cmtPoster"": ""windy0817"", ""cmtContent"": "":有空位的，嗚嗚嗚"", ""cmtDate"": ""2023-05-15 01:48:00""}, {""cmtStatus"": ""推"", ""cmtPoster"": ""tedandjolin"", ""cmtContent"": "":沒置物櫃真的麻煩我東西先放東京但只能到8點現在"", ""cmtDate"": ""2023-05-15 10:31:00""}, {""cmtStatus"": ""→"", ""cmtPoster"": ""tedandjolin"", ""cmtContent"": "":去台場玩等等要回去拿然後去川崎聽演唱會希望川"", ""cmtDate"": ""2023-05-15 10:31:00""}, {""cmtStatus"": ""→"", ""cmtPoster"": ""tedandjolin"", ""cmtContent"": "":崎有可以放的地方聽完還要直接殺去成田住飯店"", ""cmtDate"": ""2023-05-15 10:31:00""}, {""cmtStatus"": ""推"", ""cmtPoster"": ""ad24"", ""cmtContent"": "":ecbo株式會社社長：工藤新一"", ""cmtDate"": ""2023-05-15 11:39:00""}, {""cmtStatus"": ""→"", ""cmtPoster"": ""xyzsljh"", ""cmtContent"": "":自問自答一下後來我是利用ecbocloak提前預約行"", ""cmtDate"": ""2023-05-15 11:56:00""}, {""cmtStatus"": ""→"", ""cmtPoster"": ""xyzsljh"", ""cmtContent"": "":李寄放但好像比我查到的貴了一些但總比沒地方"", ""cmtDate"": ""2023-05-15 11:56:00""}, {""cmtStatus"": ""→"", ""cmtPoster"": ""xyzsljh"", ""cmtContent"": "":放好了…"", ""cmtDate"": ""2023-05-15 11:56:00""}, {""cmtStatus"": ""推"", ""cmtPoster"": ""lity3426"", ""cmtContent"": "":想問羽田現在還可以人工寄放嗎"", ""cmtDate"": ""2023-05-15 16:43:00""}, {""cmtStatus"": ""推"", ""cmtPoster"": ""rose21777"", ""cmtContent"": "":可以查查看各車站一時預かり（臨時寄存）的地方還"", ""cmtDate"": ""2023-05-16 06:41:00""}, {""cmtStatus"": ""→"", ""cmtPoster"": ""rose21777"", ""cmtContent"": "":能不能人工寄放，廣島車站北口這邊ok"", ""cmtDate"": ""2023-05-16 06:41:00""}, {""cmtStatus"": ""推"", ""cmtPoster"": ""bonuit"", ""cmtContent"": "":賀喜真是越看越可愛"", ""cmtDate"": ""2023-05-16 08:51:00""}, {""cmtStatus"": ""推"", ""cmtPoster"": ""f88108523"", ""cmtContent"": "":剛用ecbo在東京車站放行李不用排隊貴一點也可接受"", ""cmtDate"": ""2023-05-17 11:06:00""}, {""cmtStatus"": ""→"", ""cmtPoster"": ""xyzsljh"", ""cmtContent"": "":回報一下岡山新幹線口的黑貓宅急便寄物處週末似乎"", ""cmtDate"": ""2023-05-18 09:15:00""}, {""cmtStatus"": ""→"", ""cmtPoster"": ""xyzsljh"", ""cmtContent"": "":還能正常運作"", ""cmtDate"": ""2023-05-18 09:15:00""}, {""cmtStatus"": ""推"", ""cmtPoster"": ""kim1998"", ""cmtContent"": "":難怪這幾天去我都找不到置物櫃"", ""cmtDate"": ""2023-05-19 15:32:00""}, {""cmtStatus"": ""→"", ""cmtPoster"": ""wizard12379"", ""cmtContent"": "":不只置物櫃不能用，連垃圾桶也被暫時封起來了"", ""cmtDate"": ""2023-05-20 08:59:00""}]",223.139.87.202,2023-05-15 01:49:23,ptt
98,https://www.ptt.cc/bbs/Japan_Travel/M.1684046197.A.496.html,[問題]東京及南東北九天八夜行程請益,2023-05-14 14:36:30,bravewarrior,Japan_Travel,"由於東京知名景點大致都有去過，旅伴也比較偏愛人較少且自然的景點，所以規劃這次旅行在東京待的時間不多，主要想去東北欣賞雪景。雖然時間還很久(明年過年)，但想先把行程確定後，便可以開始訂房了，再請有去過的人可以提供寶貴的意見!

時間：2024 2/11(日)-2/19(一)九天八夜
購買票劵：JR東日本鐵路周遊券(東北地區)(使用日期2/13~2/17)

2/11(日)  D1：松山機場、1325日本羽田機場、飯店報到、涉谷逛逛及晚餐
預計宿：東橫INN日本橋

2/12(一)  D2：東京迪士尼樂園一日
預計宿：東橫INN日本橋

2/13(二)  D3：東北新幹線、郡山站、豬苗代湖、野口英世紀念館、會津若松
預計宿：會津若松

2/14(三)  D4：湯野上温泉、大內宿(午餐)、會津若松城、郡山(晚餐)、山形
預計宿：山形

2/15(四)  D5：飯店check out(寄放行李箱僅帶隨身行李)、山寺、山形(午餐)、大石田駅、飯店接駁、銀山溫泉
預計宿：銀山溫泉

2/16(五)  D6：銀山溫泉逛逛、白銀瀑布、飯店接駁、大石田站、山形(午餐)、藏王樹冰(若當日天氣不好則在山形市區晃晃)、回山形(晚餐)、霞城展望台
預計宿：山形

2/17(六)  D7：仙山線到仙台、松島(午餐)、仙台城跡或仙台朝市、仙台站(晚餐)、回東京
預計宿：東橫INN日本橋

2/18(日)  D8：東京景點逛逛、買伴手禮及藥妝、前往羽田機場
預計宿：Hotel Villa Fontaine Grand

2/19(一)  D9：0835日本羽田機場、松山機場


Q1：以上行程安排是否有需要修改及調整的呢？

Q2：會津若松及山形晚上有什麼景點推薦呢？還是就超商逛逛在飯店早點休息？

Q3：山形飯店有哪家可以寄放行李箱的呢？目前打算入住Comfort Hotel或大都會飯店

Q4：東京D8景點目前打算前往谷根千地區或荒川一日遊，不曉得哪個比較推薦？
","[{""cmtStatus"": ""推"", ""cmtPoster"": ""darkness0918"", ""cmtContent"": "":2月山形大概率下雪，晚上還是早早睡吧"", ""cmtDate"": ""2023-05-14 16:04:00""}, {""cmtStatus"": ""推"", ""cmtPoster"": ""smile1221"", ""cmtContent"": "":會津若松站旁有個超級錢湯，晚上可以混很久"", ""cmtDate"": ""2023-05-14 17:58:00""}, {""cmtStatus"": ""推"", ""cmtPoster"": ""Midiya"", ""cmtContent"": "":藏王樹冰下午去天氣不好的機率高建議Day7早上可以"", ""cmtDate"": ""2023-05-14 18:58:00""}, {""cmtStatus"": ""→"", ""cmtPoster"": ""Midiya"", ""cmtContent"": "":再拚一次(如果Day6下午天氣不好+Day7上午不錯的話)"", ""cmtDate"": ""2023-05-14 18:59:00""}, {""cmtStatus"": ""→"", ""cmtPoster"": ""Midiya"", ""cmtContent"": "":畢竟個人覺得藏王樹冰比松島值得去得多"", ""cmtDate"": ""2023-05-14 18:59:00""}, {""cmtStatus"": ""→"", ""cmtPoster"": ""Midiya"", ""cmtContent"": "":仙台整個跳過只在仙台車站吃牛舌都ok"", ""cmtDate"": ""2023-05-14 19:00:00""}, {""cmtStatus"": ""→"", ""cmtPoster"": ""Midiya"", ""cmtContent"": "":BTW藏王樹冰我記得有livecamera可以看"", ""cmtDate"": ""2023-05-14 19:00:00""}, {""cmtStatus"": ""→"", ""cmtPoster"": ""Midiya"", ""cmtContent"": "":應該是在纜車的網站有(多年前的印象)FB也有當天"", ""cmtDate"": ""2023-05-14 19:01:00""}, {""cmtStatus"": ""→"", ""cmtPoster"": ""Midiya"", ""cmtContent"": "":樹冰的狀況分享可以多加利用"", ""cmtDate"": ""2023-05-14 19:01:00""}, {""cmtStatus"": ""推"", ""cmtPoster"": ""Midiya"", ""cmtContent"": "":突然想到冬天的話去藏王狐狸村也不賴(如果你"", ""cmtDate"": ""2023-05-14 21:41:00""}, {""cmtStatus"": ""→"", ""cmtPoster"": ""Midiya"", ""cmtContent"": "":喜歡動物的話)冬天毛澎澎的狐狸超可愛<3"", ""cmtDate"": ""2023-05-14 21:42:00""}, {""cmtStatus"": ""推"", ""cmtPoster"": ""adychen1982"", ""cmtContent"": "":現在飯店一般不是都可以寄行李嗎"", ""cmtDate"": ""2023-05-15 10:39:00""}, {""cmtStatus"": ""→"", ""cmtPoster"": ""bravewarrior"", ""cmtContent"": "":不一定喔，我今年住東橫就不行寄過夜的，還好有先"", ""cmtDate"": ""2023-05-15 11:27:00""}, {""cmtStatus"": ""→"", ""cmtPoster"": ""bravewarrior"", ""cmtContent"": "":寫信徵求同意"", ""cmtDate"": ""2023-05-15 11:27:00""}, {""cmtStatus"": ""推"", ""cmtPoster"": ""jjbell"", ""cmtContent"": "":D3那天你要從東京到豬苗代胡，車班接得好大概也要三"", ""cmtDate"": ""2023-05-16 21:46:00""}, {""cmtStatus"": ""→"", ""cmtPoster"": ""jjbell"", ""cmtContent"": "":小時，豬苗代湖車班很少，冬天要去野口英世紀念館跟"", ""cmtDate"": ""2023-05-16 21:46:00""}, {""cmtStatus"": ""→"", ""cmtPoster"": ""jjbell"", ""cmtContent"": "":去長濱看水鳥要注意車班銜接問題，不然就搭計程車，"", ""cmtDate"": ""2023-05-16 21:46:00""}, {""cmtStatus"": ""→"", ""cmtPoster"": ""jjbell"", ""cmtContent"": "":逛完豬苗代湖後到會津大概也傍晚或晚上了"", ""cmtDate"": ""2023-05-16 21:46:00""}, {""cmtStatus"": ""→"", ""cmtPoster"": ""jjbell"", ""cmtContent"": "":D4你要去大內宿又要逛會津若松的鶴城，可能要一大早"", ""cmtDate"": ""2023-05-16 21:50:00""}, {""cmtStatus"": ""→"", ""cmtPoster"": ""jjbell"", ""cmtContent"": "":就去湯野上溫泉，搭最早一班猿遊號，吃完午餐後要馬"", ""cmtDate"": ""2023-05-16 21:50:00""}, {""cmtStatus"": ""→"", ""cmtPoster"": ""jjbell"", ""cmtContent"": "":上搭回上野湯溫泉回會津，可能只剩下沒多少時間逛鶴"", ""cmtDate"": ""2023-05-16 21:50:00""}, {""cmtStatus"": ""→"", ""cmtPoster"": ""jjbell"", ""cmtContent"": "":城，還要留意會津周遊巴士末班車時間"", ""cmtDate"": ""2023-05-16 21:50:00""}]",123.241.121.209,2023-05-15 01:49:23,ptt
99,https://www.ptt.cc/bbs/Japan_Travel/M.1684047577.A.6C3.html,[問題]請問東京Chanel貨較齊,2023-05-14 14:59:35,hey921,Japan_Travel,"大家好
因7月要前往東京
觀望很久的小香包…ㄧ直在漲價
想到東京時入手！！
但聽說最近日本小香都只賣日本人？
經典款幾乎沒辦法買到….
不然就是顏色很特別的…
請問有沒有人最近去買到心中的小香？
還有哪邊的店比較有機會買的經典CF黑色系列呢？
希望到時候跑2-3間就能買到T.T
感謝各位大大～
","[{""cmtStatus"": ""推"", ""cmtPoster"": ""jenny416413"", ""cmtContent"": "":同想問"", ""cmtDate"": ""2023-05-14 15:28:00""}, {""cmtStatus"": ""推"", ""cmtPoster"": ""were34"", ""cmtContent"": "":運氣"", ""cmtDate"": ""2023-05-14 16:32:00""}, {""cmtStatus"": ""推"", ""cmtPoster"": ""zecy13456"", ""cmtContent"": "":今年5月初有去，基本上都沒東西"", ""cmtDate"": ""2023-05-14 17:10:00""}, {""cmtStatus"": ""推"", ""cmtPoster"": ""s807123"", ""cmtContent"": "":在阿姆斯特丹跟大阪都有買過香奈兒的感想...運氣"", ""cmtDate"": ""2023-05-14 17:10:00""}, {""cmtStatus"": ""→"", ""cmtPoster"": ""s807123"", ""cmtContent"": "":有喜歡的就買搞不好明天再繞回去就沒有了"", ""cmtDate"": ""2023-05-14 17:11:00""}, {""cmtStatus"": ""→"", ""cmtPoster"": ""s807123"", ""cmtContent"": "":但我覺得要有另一個心態沒有喜歡的也不要亂買硬買"", ""cmtDate"": ""2023-05-14 17:12:00""}, {""cmtStatus"": ""推"", ""cmtPoster"": ""s880118"", ""cmtContent"": "":剛離開銀座香奈兒黑金基本沒貨或是只有白色"", ""cmtDate"": ""2023-05-14 17:20:00""}, {""cmtStatus"": ""推"", ""cmtPoster"": ""greenfetish"", ""cmtContent"": "":brand版有一篇剛發"", ""cmtDate"": ""2023-05-14 19:22:00""}, {""cmtStatus"": ""推"", ""cmtPoster"": ""GirlScout"", ""cmtContent"": "":倫敦貨很齊…（因為沒退稅..笑）"", ""cmtDate"": ""2023-05-14 20:55:00""}, {""cmtStatus"": ""推"", ""cmtPoster"": ""chrisdddd"", ""cmtContent"": "":中環很好買"", ""cmtDate"": ""2023-05-15 02:14:00""}, {""cmtStatus"": ""推"", ""cmtPoster"": ""kane1017"", ""cmtContent"": "":買小香不應該飛東京的，認真。看得到買不到！"", ""cmtDate"": ""2023-05-15 09:31:00""}, {""cmtStatus"": ""推"", ""cmtPoster"": ""th37430000"", ""cmtContent"": "":認真回成田機場很好入手"", ""cmtDate"": ""2023-05-15 09:50:00""}, {""cmtStatus"": ""→"", ""cmtPoster"": ""hey921"", ""cmtContent"": "":看來真的需要運氣了…我回程是羽田有人在羽田買過"", ""cmtDate"": ""2023-05-15 10:38:00""}, {""cmtStatus"": ""→"", ""cmtPoster"": ""hey921"", ""cmtContent"": "":嗎？"", ""cmtDate"": ""2023-05-15 10:38:00""}, {""cmtStatus"": ""→"", ""cmtPoster"": ""pinewolf"", ""cmtContent"": "":要運氣，銀座香奈兒的SA有拿CF23跟20給我看過"", ""cmtDate"": ""2023-05-15 11:45:00""}, {""cmtStatus"": ""→"", ""cmtPoster"": ""pinewolf"", ""cmtContent"": "":很常是真的沒貨，黑的又更缺"", ""cmtDate"": ""2023-05-15 11:45:00""}, {""cmtStatus"": ""推"", ""cmtPoster"": ""Rutina"", ""cmtContent"": "":非黑色CF有機會但記得比較匯率"", ""cmtDate"": ""2023-05-15 12:32:00""}, {""cmtStatus"": ""推"", ""cmtPoster"": ""LOVEOEO49"", ""cmtContent"": "":不在意退稅手續費的話可以去看看日本橋三越"", ""cmtDate"": ""2023-05-16 21:59:00""}, {""cmtStatus"": ""→"", ""cmtPoster"": ""LOVEOEO49"", ""cmtContent"": "":款式和黑色疫情後去過兩次的感覺比銀座和表參道多?"", ""cmtDate"": ""2023-05-16 22:00:00""}]",49.158.78.169,2023-05-15 01:49:23,ptt
100,https://www.ptt.cc/bbs/Japan_Travel/M.1684060695.A.7E7.html,[問題]東京、名古屋11日網卡選擇,2023-05-14 18:38:11,Oldgye,Japan_Travel,"各位日旅版的先進大家好，
小弟預計七月中前往東京並會移動到名古屋共11日，

五年前九州9日行，
當時是購買AIS Sim2Fly 18國 8日4GB卡。

這次的天數是11天，
但AIS Sim2Fly在網路上看到的日本似乎都是8日的，
AIS Sim2Fly似乎可以APP儲值，
但搜尋到的網路教學文章都是2018年前的，
不確定現在是否一樣，
新手很怕到時候不會操作(汗)
另外儲值的方案都是固定幾天幾GB？還是可自由調整？

和太太都各需要1張，
主要是Google map 、Line聯繫 或臨時查資料，
流量需求並不大。

不知道各位先進有沒有推薦的其他上網的""卡""
(手機似乎不支援esim)
或者AIS Sim2Fly有沒有其他適合的方案
(或有沒有推薦的儲值教學文可供參考)

謝謝大家耐心的閱讀，
並懇請給予建議，感恩
","[{""cmtStatus"": ""推"", ""cmtPoster"": ""tannoy"", ""cmtContent"": "":Esim"", ""cmtDate"": ""2023-05-14 19:21:00""}, {""cmtStatus"": ""→"", ""cmtPoster"": ""bluewilly14"", ""cmtContent"": "":蝦皮有10、12、15天以上吃到飽或定量的sim"", ""cmtDate"": ""2023-05-14 19:33:00""}, {""cmtStatus"": ""→"", ""cmtPoster"": ""zzyyxx77"", ""cmtContent"": "":我10天都AIS買兩張了.."", ""cmtDate"": ""2023-05-14 19:36:00""}, {""cmtStatus"": ""→"", ""cmtPoster"": ""Oldgye"", ""cmtContent"": "":確定無法支援esim"", ""cmtDate"": ""2023-05-14 19:36:00""}, {""cmtStatus"": ""→"", ""cmtPoster"": ""Oldgye"", ""cmtContent"": "":請問2樓，是ais的嗎"", ""cmtDate"": ""2023-05-14 19:37:00""}, {""cmtStatus"": ""→"", ""cmtPoster"": ""Oldgye"", ""cmtContent"": "":謝謝3樓，列入選項"", ""cmtDate"": ""2023-05-14 19:37:00""}, {""cmtStatus"": ""推"", ""cmtPoster"": ""TTaTi"", ""cmtContent"": "":台哥，用完在儲值天數即可"", ""cmtDate"": ""2023-05-14 19:38:00""}, {""cmtStatus"": ""→"", ""cmtPoster"": ""zzyyxx77"", ""cmtContent"": "":對阿就8日6GB那個"", ""cmtDate"": ""2023-05-14 20:14:00""}, {""cmtStatus"": ""→"", ""cmtPoster"": ""bluewilly14"", ""cmtContent"": "":不是ais，疫情前也用ais，後來用的和ais沒啥差，都"", ""cmtDate"": ""2023-05-14 22:59:00""}, {""cmtStatus"": ""→"", ""cmtPoster"": ""bluewilly14"", ""cmtContent"": "":換卡開漫遊就能用網路了"", ""cmtDate"": ""2023-05-14 22:59:00""}, {""cmtStatus"": ""推"", ""cmtPoster"": ""jerry031389"", ""cmtContent"": "":DJB呢？我預計也是去11天，打算買暢日卡plus"", ""cmtDate"": ""2023-05-14 23:43:00""}, {""cmtStatus"": ""推"", ""cmtPoster"": ""akai0812"", ""cmtContent"": "":DJB暢日卡一天1G看要幾天都有很方便收訊非常好"", ""cmtDate"": ""2023-05-15 01:57:00""}, {""cmtStatus"": ""推"", ""cmtPoster"": ""mooyjiang"", ""cmtContent"": "":下載myAIS的App，到日本插卡後登入，之後可以再儲"", ""cmtDate"": ""2023-05-15 03:19:00""}, {""cmtStatus"": ""→"", ""cmtPoster"": ""mooyjiang"", ""cmtContent"": "":值加購所需流量，可以用信用卡也可以LinePay，但是"", ""cmtDate"": ""2023-05-15 03:19:00""}, {""cmtStatus"": ""→"", ""cmtPoster"": ""mooyjiang"", ""cmtContent"": "":購買的價格記得要自己加7%泰國消費稅"", ""cmtDate"": ""2023-05-15 03:19:00""}]",175.183.32.179,2023-05-15 01:49:23,ptt
101,https://www.ptt.cc/bbs/Japan_Travel/M.1684065172.A.01E.html,[食記]東京壽司百名店紀尾井町三谷別邸,2023-05-14 19:52:50,mrtatami,Japan_Travel,"店    名：紀尾井町三谷別邸
地    址：〒102-0094 東京都千代田区紀尾井町１ 紀尾井テラス 3F
營業時間：12:00–14:30  18:00–22:00
休    日：星期三
官    網：
https://sushi-mitani.jp/villa/
造訪日期：2023/3

有圖無聲版
https://reurl.cc/5MYA0M","[{""cmtStatus"": ""→"", ""cmtPoster"": ""iambakr"", ""cmtContent"": "":這樣多少錢?"", ""cmtDate"": ""2023-05-15 12:39:00""}, {""cmtStatus"": ""→"", ""cmtPoster"": ""mrtatami"", ""cmtContent"": "":快8w日幣"", ""cmtDate"": ""2023-05-15 22:07:00""}]",111.242.194.214,2023-05-15 01:49:23,ptt
102,https://www.ptt.cc/bbs/Japan_Travel/M.1684067504.A.7DD.html,[徵人][旅伴]6/7～6/10東京敘敘苑吃肉,2023-05-14 20:31:42,pc0875,Japan_Travel,"徵人類別: 旅伴

原po性別: 30男

徵    求:
希望年齡別差太多好聊，男女不拘

內    容:
一個換工作空檔臨時安排一人出國散心，獨旅新手英日文不太行，徵求旅伴一起冒險其中
幾天也行，不是行程控吃吃喝喝chill就行，主要以戶外為主隨意安排：
1. 淺草寺
2. 敘敘苑 哪一間都行（要2人以上才能預約QQ
3. 築地市場
4. TeamLab
5. 橫濱鋼彈工廠
6. 澀谷sky
7. 鳥越祭
8. 鎌倉一日遊

備    註:
航班如果有相近也能考慮一起搭車
桃園 → 成田T 202
2023/06/06 14：25 - 18：50
羽田→ 桃園T 217
2023/06/11 05：25 - 08：00

可以先換Line或見面聊聊先認識都好


","[{""cmtStatus"": ""推"", ""cmtPoster"": ""EURISKO"", ""cmtContent"": "":敘敘苑記得中午不用先預約，可以現場去，之前一個人"", ""cmtDate"": ""2023-05-14 20:31:42""}, {""cmtStatus"": ""→"", ""cmtPoster"": ""EURISKO"", ""cmtContent"": "":去過"", ""cmtDate"": ""2023-05-14 20:31:42""}, {""cmtStatus"": ""→"", ""cmtPoster"": ""pc0875"", ""cmtContent"": "":感謝分享"", ""cmtDate"": ""2023-05-14 20:31:42""}, {""cmtStatus"": ""推"", ""cmtPoster"": ""EURISKO"", ""cmtContent"": "":看日枝官網沒看到今年有辦說，只有寫期待明年會舉"", ""cmtDate"": ""2023-05-14 20:31:42""}, {""cmtStatus"": ""→"", ""cmtPoster"": ""EURISKO"", ""cmtContent"": "":辦（剛好這時候也在東京，有先查一下）"", ""cmtDate"": ""2023-05-14 20:31:42""}, {""cmtStatus"": ""推"", ""cmtPoster"": ""EURISKO"", ""cmtContent"": "":可以考慮鳥越神社的鳥越祭，6/9-11"", ""cmtDate"": ""2023-05-14 20:31:42""}, {""cmtStatus"": ""→"", ""cmtPoster"": ""windletterz"", ""cmtContent"": "":我也是這個時間去東京，我猜你們再聊山王"", ""cmtDate"": ""2023-05-14 20:31:42""}, {""cmtStatus"": ""→"", ""cmtPoster"": ""windletterz"", ""cmtContent"": "":沒有遊行（神光祭），但還是有一些活動"", ""cmtDate"": ""2023-05-14 20:31:42""}, {""cmtStatus"": ""→"", ""cmtPoster"": ""windletterz"", ""cmtContent"": "":畢竟奇數年，是神田祭的主場"", ""cmtDate"": ""2023-05-14 20:31:42""}, {""cmtStatus"": ""推"", ""cmtPoster"": ""tsuyo198302"", ""cmtContent"": "":敘敘苑午餐一個人可以喔，4月有去吃"", ""cmtDate"": ""2023-05-14 20:31:42""}, {""cmtStatus"": ""推"", ""cmtPoster"": ""Odontoblast"", ""cmtContent"": "":一個人在澀谷敘敘苑吃過午間套餐！"", ""cmtDate"": ""2023-05-15 00:48:00""}, {""cmtStatus"": ""推"", ""cmtPoster"": ""karry0912"", ""cmtContent"": "":敘敘苑一個人可以吃午間套餐哦不用預約只是比較"", ""cmtDate"": ""2023-05-15 01:52:00""}, {""cmtStatus"": ""→"", ""cmtPoster"": ""karry0912"", ""cmtContent"": "":難有窗邊桌"", ""cmtDate"": ""2023-05-15 01:52:00""}, {""cmtStatus"": ""推"", ""cmtPoster"": ""EURISKO"", ""cmtContent"": "":之前一個人去吃，滿常被排到窗邊的說，可以因為窗"", ""cmtDate"": ""2023-05-14 20:31:42""}, {""cmtStatus"": ""→"", ""cmtPoster"": ""EURISKO"", ""cmtContent"": "":邊兩人位比較多吧？"", ""cmtDate"": ""2023-05-14 20:31:42""}, {""cmtStatus"": ""推"", ""cmtPoster"": ""airky"", ""cmtContent"": "":剛好同天去回的家庭旅遊有興趣加入嗎XD另外問一下"", ""cmtDate"": ""2023-05-15 19:10:00""}, {""cmtStatus"": ""→"", ""cmtPoster"": ""airky"", ""cmtContent"": "":橫濱的鋼彈工廠。目前展覽不是已經沒有了嗎？"", ""cmtDate"": ""2023-05-15 19:10:00""}, {""cmtStatus"": ""推"", ""cmtPoster"": ""brianson"", ""cmtContent"": "":回樓上，不是延期了嗎?"", ""cmtDate"": ""2023-05-15 20:15:00""}, {""cmtStatus"": ""推"", ""cmtPoster"": ""airky"", ""cmtContent"": "":我剛發現我好像看錯年份了，原來是2024，看起來要重"", ""cmtDate"": ""2023-05-14 20:31:42""}, {""cmtStatus"": ""→"", ""cmtPoster"": ""airky"", ""cmtContent"": "":排進去了感謝提醒"", ""cmtDate"": ""2023-05-14 20:31:42""}, {""cmtStatus"": ""推"", ""cmtPoster"": ""THISWEI1119"", ""cmtContent"": "":想搭版問問鳥越祭可以在哪裡看到詳細的活動資訊嗎？"", ""cmtDate"": ""2023-05-15 22:09:00""}, {""cmtStatus"": ""→"", ""cmtPoster"": ""THISWEI1119"", ""cmtContent"": "":謝謝～"", ""cmtDate"": ""2023-05-14 20:31:42""}, {""cmtStatus"": ""→"", ""cmtPoster"": ""EURISKO"", ""cmtContent"": "":這個"", ""cmtDate"": ""2023-05-15 22:55:00""}, {""cmtStatus"": ""→"", ""cmtPoster"": ""EURISKO"", ""cmtContent"": "":鄰近的時間還有獅子祭"", ""cmtDate"": ""2023-05-15 22:57:00""}, {""cmtStatus"": ""推"", ""cmtPoster"": ""THISWEI1119"", ""cmtContent"": "":感謝原o還有樓上E大，獅子祭感覺也很棒！！！（筆記"", ""cmtDate"": ""2023-05-15 23:48:00""}, {""cmtStatus"": ""→"", ""cmtPoster"": ""THISWEI1119"", ""cmtContent"": "":）"", ""cmtDate"": ""2023-05-15 23:48:00""}]",36.224.23.78,2023-05-15 01:49:23,ptt
103,https://www.ptt.cc/bbs/Japan_Travel/M.1684073098.A.AA4.html,[遊記]東京歷史人文之行:神田明神.水道歷史館,2023-05-14 22:04:55,k4851118,Japan_Travel,"2019東京歷史人文之行:神田明神.東京都水道歷史館

巴哈姆特小屋圖文版
https://home.gamer.com.tw/artwork.php?sn=5716987
造訪時間:2019年10月


(本系列雖然分類為遊記，但做為未來東京歷史人文觀光指南的準備，包含許多歷史典故
解說，因此介於遊記與深度歷史導覽之間)

本篇與下篇(另外還有2020年遊記1篇)將介紹位於文京區介於JR秋葉原站、御茶之水站，
與上野之間一帶的人文景點。這裡有許多的地名稱呼，包含御茶之水、湯島、秋葉原、神
田等名稱，都有其歷史含意。本篇首先介紹神田明神與東京都水道歷史館，下篇介紹湯島
聖堂及東京復活大聖堂(ニコライ堂)，至於湯島天滿宮與舊岩崎邸庭園則留到2020年的遊
記。

首先介紹「神田」與「御茶之水」的含意。下面介紹的神田明神，最早的原型是730年外
地移來祭拜的古神大己貴命，據說當時建立的地方是用來供奉伊勢神宮的田地「御田」，
與「神田」同音，也因此被稱為「神田之宮」，江戶時代之後便通稱為「神田明神」，周
圍許多也以「神田」為名，例如神田川、神田車站、神田古書店街等。

「御茶之水」曾經是鄰近御茶之水車站的神田川沿岸一帶的通稱，據傳江戶初期曾有高林
寺的寺院，寺內有一個清澈的泉水，曾用來泡茶獻給江戶幕府將軍德川秀忠，被稱為「御
茶水」，後來演變成地名之一。水是維持都市的一大命脈，從江戶到現在的東京都對維持
都市自來水耗費苦心，下面的水道歷史館會詳細介紹。

神田明神

神田明神位於御茶之水附近的高台上，正式的本名為「神田神社」，最早是730年由外地
移請古神大己貴命到此祭拜，之後經過長遠的歷史，到江戶時代的1616年遷移到現址，後
來被江戶幕府視為江戶的總鎮守，也就是這裡的守護神，自此名聲大開，成為江戶到現在
東京最具盛名的地方神社至今。

神田明神還供奉平將門這位平安時代的武將，他曾是關東地區的貴族，因為叛亂而被朝廷
所殺，之後關東地區曾飽受疫病之苦，被認為是冤魂作祟，因此設廟祭拜，之後納入神田
明神的信仰，曾受武士階層崇敬(目前東京車站前丸之內的「將門塚」也是由該神社管理
，詳見2022年的丸之內遊記)。由於對天皇而言平將門是叛亂者，1874年明治天皇前來神
田明神巡視時，該祭神曾遷移到其他地方，直到1984年再度回到神社內。

神社境內不大，從鳥居爬上階梯便可看到建在高台的拜殿。值得一提的是拜殿的右邊還有
被稱為「男坂」與「女坂」的階梯，其中「男坂」的階梯較長也較陡，「女坂」則相形平
緩。由於東京境內地形有許多起伏，許多神社建在高台上，因此有些出入神社的階梯便有
男坂、女坂的稱呼，這是東京神社僅有的一大特色。

進入神社後便看到拜殿，本來是江戶初期所造，但毀於1923年的關東大地震，後來在1934
年以鋼筋混擬土建造，據說是當時的一大創舉。本殿祭拜的神包含最早設立祭拜的大己貴
命、以商神著名的少彥名命，及上述最近才剛移回本殿的平將門命等。每兩年5月該神社
會舉辦「神田祭」(與日枝神社的「山王祭」每兩年輪流舉辦，並稱為「天下祭」)，江戶
初期祭典期間曾經有盛大的「山車」遊行(現在已無山車)，是東京的傳統祭典之一。

神社其他的設施包含拜殿左側後方的「資料館」，展示神田祭與神社的寶物，但僅有在假
日開館。左側為新建不久，有現代建築風格的「文化交流會館」，有餐廳、名產店、會議
廳等設施。境內也有「國學發祥之碑」、「明治天皇臨幸紀念碑」等許多紀念碑。由於距
離動漫聖地秋葉原甚近，該神社有不少與動漫合作的專案，甚至作為場景，展現與地方連
結的特色。

東京都水道歷史館

東京都水道歷史館距離御茶之水車站徒步約10分鐘，是東京都水道局為了介紹東京自來水
的歷史而開設的免費歷史博物館。該館共有3層樓，一樓與二樓大部分是常設展示，另外
也有一部分空間為不定期的特別展示，館外也有少數戶外展示，還會舉辦演講等活動。

館內二樓主要是江戶時期江戶的自來水展示。江戶是人口高達百萬的大都市，自來水是維
持這都市生存最重要的命脈之一。早在德川家康入主江戶時，便開始命令屬下開掘從今天
目白周邊的水壩到市區的自來水道，被稱為「神田上水」，現在的井之頭公園曾是該水道
的原始水源之一。

後來江戶人口增加，於17世紀中葉建設由多摩川引水至江戶的「玉川上水」，之後又在陸
續追加許多自來水道設施，市內也建設上水道管將自來水引至市內各處。江戶時代自來水
有專門機構管理，水源地往往成為幕府專用地，並設有守衛，可見水對於維持都市運作的
重要性。

館內除了江戶自來水的文字展示外，也有用模型展示江戶時期的自來水系統，其中神田與
玉川上水的規模最大，水源地可追朔自今天東京都羽村市內從多摩川引流的水壩。由於開
發與維持自來水道花費甚高，當時江戶管理當局會跟市民徵收用水費。館內還有當時「上
水井戶」的模型，也就是當時共用的自來水井。另外還有「江戶名所 御茶之水之圖」的
展示，可看出御茶之水所在地的河岸景觀，河中還有人在釣魚，跟現在周圍高樓大廈的景
觀有如不同世界。

一樓則展示近現代的東京自來水設施與技術。明治維新江戶改為東京後，人口更為增加，
對於自來水設施的需求更大，這時日本政府陸續聘請歐美專家拓展及改善自來水事業。為
了更強化對東京自來水的品質，玉川上水的源頭多摩川流域與多摩川上游的奧多摩地區，
於1890年代由神奈川縣轉由東京府管轄，這也是為何現在的東京都域向西橫跨到遙遠的奧
多摩的理由，可見水資源對都市的重要性(臺灣的翡翠水庫雖然位於新北市內，卻是由臺
北市政府轄下的水庫管理局管理，也是基於臺北市區用水的需要)。

館內的展示包含被認為近代自來水設施代表的「淀橋淨水場」，這是為了提升東京市內的
用水品質，於1898年於現在的新宿副都心啟用的淨水設施，後來於1965年隨者淨水廠轉移
到更郊外的地區而廢止，都市規劃後形成今天充滿高樓大廈的景觀。大正以後東京人口更
多，但也有更優良的水資源設施，例如奧多摩地區中為了控制奧多摩湖水源的「小河內水
壩」，於昭和初期動工，因為戰爭而延遲到1957年完工，曾是世界最大的儲水設施。

日本自來水以能直接飲用自豪，館內就有學童開自來水龍頭飲用的照片展示，也有可以直
接飲用的飲水機。順便一提，個人從10幾年前第一次到東京開始，就直接取飯店的水龍頭
自來水，沒有煮沸就直接飲用，10幾年來都沒出現過問題。或許觀光客對於日本自來水是
否能直接飲用仍有不同意見，但個人的經歷或許可以參考。
","[{""cmtStatus"": ""推"", ""cmtPoster"": ""yeh0216"", ""cmtContent"": "":推，昨天才參加神田祭，真的很熱鬧"", ""cmtDate"": ""2023-05-15 06:56:00""}, {""cmtStatus"": ""→"", ""cmtPoster"": ""ken2nd"", ""cmtContent"": "":2019..."", ""cmtDate"": ""2023-05-15 08:16:00""}]",61.63.114.59,2023-05-15 01:49:25,ptt
104,https://www.ptt.cc/bbs/Japan_Travel/M.1684076868.A.938.html,[徵人]5/20東京迪士尼旅伴,2023-05-14 23:07:46,a871034,Japan_Travel,"徵人類別: 旅伴

  原po性別: 八年級女生

  徵    求: 5/20（六）一起去迪士尼Land 的旅伴

  內    容: 想去40週年迪士尼和美女與野獸設施～～ 可以不用整天待在一起，希望可
以找可以一起排隊聊天拍照的女生旅伴：）

  備    註: 站內信，5/19 下午預計會去川越 5/21 預計在東京，如果有時間對上也可
以一起吃飯或逛逛：）

",[],118.167.74.47,2023-05-15 01:49:25,ptt
105,https://www.ptt.cc/bbs/Japan_Travel/M.1684080791.A.C1B.html,[問題]東京迪士尼餐廳安排,2023-05-15 00:13:09,nikichan,Japan_Travel,"各位日旅板友晚安
這個月要帶寶寶去體驗第一次的迪士尼魔法
訂了14:00的波里尼西亞草壇餐廳

但剛剛赫然想起來
疫情後是不是沒有餐廳秀了呢QQ
不知道有最近去過的板友能提供資訊嗎
如果沒秀還值得去用餐嗎？

另外 想帶女兒去大廚米奇餐廳
（我們入住大使飯店）
但媽媽我只搶到去樂園當天8:40的時段
勢必會和入園衝突
不知道大廚米奇早餐
值不值得犧牲提早入園的時間去？
或是乾脆放棄
Check Out當天改吃海洋宮早餐就好呢QQ

只去過環球的我
開始做迪士尼功課以後
才發現代誌不是憨人想得這麼簡單啊啊啊
跪求板友們指點迷津
-
Sent from JPTT on my iPhone
","[{""cmtStatus"": ""→"", ""cmtPoster"": ""e3472419"", ""cmtContent"": "":選提早15分鐘入場，吃的到肚子就沒了"", ""cmtDate"": ""2023-05-15 00:15:00""}, {""cmtStatus"": ""→"", ""cmtPoster"": ""Alano"", ""cmtContent"": "":真的是都不爬文就一直問，尤其是迪士尼"", ""cmtDate"": ""2023-05-15 00:50:00""}, {""cmtStatus"": ""→"", ""cmtPoster"": ""nikichan"", ""cmtContent"": "":回樓上A大，抱歉讓您感到不舒服"", ""cmtDate"": ""2023-05-15 01:04:00""}, {""cmtStatus"": ""→"", ""cmtPoster"": ""nikichan"", ""cmtContent"": "":但我已經爬文3天了，就是有看到板友分享疫情後餐廳"", ""cmtDate"": ""2023-05-15 01:04:00""}, {""cmtStatus"": ""→"", ""cmtPoster"": ""nikichan"", ""cmtContent"": "":秀停演，才很掙扎僅僅帶女兒去體驗餐廳氛圍是否值得"", ""cmtDate"": ""2023-05-15 01:04:00""}, {""cmtStatus"": ""→"", ""cmtPoster"": ""nikichan"", ""cmtContent"": "":有看到有板友回應沒秀沒必要去，但因為是女兒第一次"", ""cmtDate"": ""2023-05-15 01:04:00""}, {""cmtStatus"": ""→"", ""cmtPoster"": ""nikichan"", ""cmtContent"": "":的迪士尼體驗，所以如果在餐廳內用餐可以讓她感到更"", ""cmtDate"": ""2023-05-15 01:04:00""}, {""cmtStatus"": ""→"", ""cmtPoster"": ""nikichan"", ""cmtContent"": "":舒適，體驗更完整，我還是會帶她去的，還是謝謝您有"", ""cmtDate"": ""2023-05-15 01:04:00""}, {""cmtStatus"": ""→"", ""cmtPoster"": ""nikichan"", ""cmtContent"": "":留意到這篇文"", ""cmtDate"": ""2023-05-15 01:04:00""}, {""cmtStatus"": ""→"", ""cmtPoster"": ""nikichan"", ""cmtContent"": "":一樓e大謝謝您的建議wwww食物的確不是迪士尼重點沒"", ""cmtDate"": ""2023-05-15 01:07:00""}, {""cmtStatus"": ""→"", ""cmtPoster"": ""nikichan"", ""cmtContent"": "":錯"", ""cmtDate"": ""2023-05-15 01:07:00""}, {""cmtStatus"": ""→"", ""cmtPoster"": ""WANWENMO"", ""cmtContent"": "":1430通常有遊行不看嗎"", ""cmtDate"": ""2023-05-15 01:28:00""}, {""cmtStatus"": ""→"", ""cmtPoster"": ""mayegg"", ""cmtContent"": "":餐廳秀今年7月開始陸續恢復演出"", ""cmtDate"": ""2023-05-15 01:44:00""}, {""cmtStatus"": ""推"", ""cmtPoster"": ""etfofts"", ""cmtContent"": "":如果米奇大廚可以合照，那比沒有餐廳秀來得有趣吧"", ""cmtDate"": ""2023-05-15 01:44:00""}, {""cmtStatus"": ""→"", ""cmtPoster"": ""etfofts"", ""cmtContent"": "":？不過也要看寶寶幾歲怕不怕人偶？"", ""cmtDate"": ""2023-05-15 01:44:00""}, {""cmtStatus"": ""推"", ""cmtPoster"": ""owlonoak"", ""cmtContent"": "":目前迪士尼的餐廳沒有都沒有秀可以看尚未恢復"", ""cmtDate"": ""2023-05-15 01:49:00""}, {""cmtStatus"": ""→"", ""cmtPoster"": ""owlonoak"", ""cmtContent"": "":餐廳的用餐時間最關鍵的是要配合遊行時間不要卡到"", ""cmtDate"": ""2023-05-15 01:49:00""}, {""cmtStatus"": ""→"", ""cmtPoster"": ""owlonoak"", ""cmtContent"": "":你趕緊看看水晶宮有沒有位子吧一出來就可以看遊行"", ""cmtDate"": ""2023-05-15 01:49:00""}, {""cmtStatus"": ""→"", ""cmtPoster"": ""mayegg"", ""cmtContent"": "":這個月40周年遊行是14:00開始，建議你用餐改訂其他"", ""cmtDate"": ""2023-05-15 01:50:00""}, {""cmtStatus"": ""→"", ""cmtPoster"": ""mayegg"", ""cmtContent"": "":時段，沒有餐廳秀就不需要執著草壇餐廳了"", ""cmtDate"": ""2023-05-15 01:50:00""}, {""cmtStatus"": ""→"", ""cmtPoster"": ""owlonoak"", ""cmtContent"": "":玻里尼西亞草壇離看遊行的地方稍有距離"", ""cmtDate"": ""2023-05-15 01:50:00""}, {""cmtStatus"": ""→"", ""cmtPoster"": ""owlonoak"", ""cmtContent"": "":另外海洋宮的早餐沒訂位也很可能會吃不到"", ""cmtDate"": ""2023-05-15 01:51:00""}, {""cmtStatus"": ""→"", ""cmtPoster"": ""mayegg"", ""cmtContent"": "":大廚米奇重點是能免排隊跟米奇拍照，最近才剛解除"", ""cmtDate"": ""2023-05-15 01:57:00""}, {""cmtStatus"": ""→"", ""cmtPoster"": ""mayegg"", ""cmtContent"": "":社交距離限制，就看你們覺得這點是否值得了"", ""cmtDate"": ""2023-05-15 01:57:00""}, {""cmtStatus"": ""→"", ""cmtPoster"": ""nikichan"", ""cmtContent"": "":謝謝大家熱心建議！我真的忘記把遊行時間考慮進去了"", ""cmtDate"": ""2023-05-15 02:14:00""}, {""cmtStatus"": ""→"", ""cmtPoster"": ""nikichan"", ""cmtContent"": "":，來趕緊查水晶宮看看"", ""cmtDate"": ""2023-05-15 02:14:00""}, {""cmtStatus"": ""→"", ""cmtPoster"": ""nikichan"", ""cmtContent"": "":寶寶的確不知道會不會怕大型人偶，最近是積極給她看"", ""cmtDate"": ""2023-05-15 02:14:00""}, {""cmtStatus"": ""→"", ""cmtPoster"": ""nikichan"", ""cmtContent"": "":迪士尼公主和米奇米妮的貼紙、故事搭配音樂讓她熟悉"", ""cmtDate"": ""2023-05-15 02:14:00""}, {""cmtStatus"": ""→"", ""cmtPoster"": ""nikichan"", ""cmtContent"": "":，希望不要反而變成她人生中的驚嚇Orz"", ""cmtDate"": ""2023-05-15 02:14:00""}, {""cmtStatus"": ""→"", ""cmtPoster"": ""nikichan"", ""cmtContent"": "":其實我還想訂海洋宮晚餐搭配遊行時間，但早就被搶光"", ""cmtDate"": ""2023-05-15 02:14:00""}, {""cmtStatus"": ""→"", ""cmtPoster"": ""nikichan"", ""cmtContent"": "":了，只能當成下次再訪的清單之一了"", ""cmtDate"": ""2023-05-15 02:14:00""}, {""cmtStatus"": ""推"", ""cmtPoster"": ""erining"", ""cmtContent"": "":我月底要帶寶寶去是有訂餐廳的主要是因為之前去"", ""cmtDate"": ""2023-05-15 02:17:00""}, {""cmtStatus"": ""→"", ""cmtPoster"": ""erining"", ""cmtContent"": "":環球吃飯都需要排隊（包含路邊小食），迪士尼大概"", ""cmtDate"": ""2023-05-15 02:17:00""}, {""cmtStatus"": ""→"", ""cmtPoster"": ""erining"", ""cmtContent"": "":只會更嚴重，寶寶很不耐等，求一個方便而已其他餐"", ""cmtDate"": ""2023-05-15 02:17:00""}, {""cmtStatus"": ""→"", ""cmtPoster"": ""erining"", ""cmtContent"": "":廳秀給人偶互動對我來說沒那麼重要提供給你參考"", ""cmtDate"": ""2023-05-15 02:17:00""}, {""cmtStatus"": ""→"", ""cmtPoster"": ""mayegg"", ""cmtContent"": "":如果9點多才吃完大廚米奇buffet,也要考慮中午是否還"", ""cmtDate"": ""2023-05-15 02:21:00""}, {""cmtStatus"": ""→"", ""cmtPoster"": ""mayegg"", ""cmtContent"": "":吃得下另一餐buffet(水晶宮)"", ""cmtDate"": ""2023-05-15 02:22:00""}, {""cmtStatus"": ""推"", ""cmtPoster"": ""etfofts"", ""cmtContent"": "":水晶宮沒有可以人偶拍照，其實可以省下來"", ""cmtDate"": ""2023-05-15 07:57:00""}, {""cmtStatus"": ""推"", ""cmtPoster"": ""pauline11"", ""cmtContent"": "":大廚米奇建議可以改入住當天晚上用餐，提早入園不"", ""cmtDate"": ""2023-05-15 10:20:00""}, {""cmtStatus"": ""→"", ""cmtPoster"": ""pauline11"", ""cmtContent"": "":用排隊人少真的舒服很多"", ""cmtDate"": ""2023-05-15 10:20:00""}, {""cmtStatus"": ""→"", ""cmtPoster"": ""nikichan"", ""cmtContent"": "":謝謝以上板友回覆，的確訂餐廳是想讓寶寶跟長輩都舒"", ""cmtDate"": ""2023-05-15 13:22:00""}, {""cmtStatus"": ""→"", ""cmtPoster"": ""nikichan"", ""cmtContent"": "":服一點（對，我們還有帶我爸媽一起出門，有老有小啊"", ""cmtDate"": ""2023-05-15 13:22:00""}, {""cmtStatus"": ""→"", ""cmtPoster"": ""nikichan"", ""cmtContent"": "":～～～），所以才特別焦慮，以前自由行只有和老公或"", ""cmtDate"": ""2023-05-15 13:22:00""}, {""cmtStatus"": ""→"", ""cmtPoster"": ""nikichan"", ""cmtContent"": "":朋友一起去，就比較沒這麼擔心"", ""cmtDate"": ""2023-05-15 13:22:00""}, {""cmtStatus"": ""→"", ""cmtPoster"": ""nikichan"", ""cmtContent"": "":最後決定安排第一天中午飯店Pre-CheckIn後，先吃14"", ""cmtDate"": ""2023-05-15 13:22:00""}, {""cmtStatus"": ""→"", ""cmtPoster"": ""nikichan"", ""cmtContent"": "":10的大廚米奇，晚上再星光票入園海洋閒晃，不強求要"", ""cmtDate"": ""2023-05-15 13:22:00""}, {""cmtStatus"": ""→"", ""cmtPoster"": ""nikichan"", ""cmtContent"": "":玩到什麼設施，重點放在遊行"", ""cmtDate"": ""2023-05-15 13:22:00""}, {""cmtStatus"": ""→"", ""cmtPoster"": ""nikichan"", ""cmtContent"": "":第二天還是有訂1400水晶宮，讓寶寶跟長輩歇歇腳吹冷"", ""cmtDate"": ""2023-05-15 13:22:00""}, {""cmtStatus"": ""→"", ""cmtPoster"": ""nikichan"", ""cmtContent"": "":氣，早上提早入園先享受飯店住宿特權XDDD"", ""cmtDate"": ""2023-05-15 13:22:00""}, {""cmtStatus"": ""→"", ""cmtPoster"": ""nikichan"", ""cmtContent"": "":第三天CheckOut前吃海洋宮早餐，順便悠閒的感受一"", ""cmtDate"": ""2023-05-15 13:22:00""}, {""cmtStatus"": ""→"", ""cmtPoster"": ""nikichan"", ""cmtContent"": "":下豪華的海洋飯店跟海洋園區白天景觀，謝謝各位板友"", ""cmtDate"": ""2023-05-15 13:22:00""}, {""cmtStatus"": ""→"", ""cmtPoster"": ""nikichan"", ""cmtContent"": "":熱心建議．真的獲益良多！如果行程順利回程再跟大家"", ""cmtDate"": ""2023-05-15 13:22:00""}, {""cmtStatus"": ""→"", ""cmtPoster"": ""nikichan"", ""cmtContent"": "":分享<3<3<3"", ""cmtDate"": ""2023-05-15 13:23:00""}, {""cmtStatus"": ""→"", ""cmtPoster"": ""mayegg"", ""cmtContent"": "":樂園日間遊行不看,很可惜耶"", ""cmtDate"": ""2023-05-15 13:50:00""}, {""cmtStatus"": ""→"", ""cmtPoster"": ""nikichan"", ""cmtContent"": "":真的超感謝m大提供各種寶貴意見，真的幫助我好多！"", ""cmtDate"": ""2023-05-15 15:49:00""}, {""cmtStatus"": ""→"", ""cmtPoster"": ""nikichan"", ""cmtContent"": "":目前是先訂1400水晶宮，但還是會持續關注有沒有其他"", ""cmtDate"": ""2023-05-15 15:49:00""}, {""cmtStatus"": ""→"", ""cmtPoster"": ""nikichan"", ""cmtContent"": "":更優的時段能更換<3"", ""cmtDate"": ""2023-05-15 15:49:00""}, {""cmtStatus"": ""→"", ""cmtPoster"": ""nikichan"", ""cmtContent"": "":如果可以兼顧遊行當然是最好，但主要還是以讓家人舒"", ""cmtDate"": ""2023-05-15 15:49:00""}, {""cmtStatus"": ""→"", ""cmtPoster"": ""nikichan"", ""cmtContent"": "":適為最優先:3"", ""cmtDate"": ""2023-05-15 15:49:00""}, {""cmtStatus"": ""推"", ""cmtPoster"": ""juanes"", ""cmtContent"": "":其他免訂位又能舒適吹冷氣的餐廳也很多，也不一定要"", ""cmtDate"": ""2023-05-15 16:24:00""}, {""cmtStatus"": ""→"", ""cmtPoster"": ""juanes"", ""cmtContent"": "":排隊，APP跟官網可查餐廳等待時間，沒訂位也比較有"", ""cmtDate"": ""2023-05-15 16:24:00""}, {""cmtStatus"": ""→"", ""cmtPoster"": ""juanes"", ""cmtContent"": "":彈性，不會把時間綁死"", ""cmtDate"": ""2023-05-15 16:24:00""}, {""cmtStatus"": ""→"", ""cmtPoster"": ""nikichan"", ""cmtContent"": "":謝謝j大建議，訂水晶宮主要也是想一次品嚐所有可愛"", ""cmtDate"": ""2023-05-16 09:27:00""}, {""cmtStatus"": ""→"", ""cmtPoster"": ""nikichan"", ""cmtContent"": "":甜點XD蒐集控無法抗拒"", ""cmtDate"": ""2023-05-16 09:27:00""}, {""cmtStatus"": ""→"", ""cmtPoster"": ""nikichan"", ""cmtContent"": "":其他時間就隨意安排，看遇到哪間想吃的再看狀況"", ""cmtDate"": ""2023-05-16 09:27:00""}, {""cmtStatus"": ""推"", ""cmtPoster"": ""juanes"", ""cmtContent"": "":你是指號稱聚集園內所有甜點的吃到飽？現在已經不是"", ""cmtDate"": ""2023-05-16 17:23:00""}, {""cmtStatus"": ""→"", ""cmtPoster"": ""juanes"", ""cmtContent"": "":囉，早就換菜單了"", ""cmtDate"": ""2023-05-16 17:23:00""}, {""cmtStatus"": ""→"", ""cmtPoster"": ""anotoki"", ""cmtContent"": "":14:00水晶宮的預約，如果一直更換不了時間，當天早"", ""cmtDate"": ""2023-05-17 07:58:00""}, {""cmtStatus"": ""→"", ""cmtPoster"": ""anotoki"", ""cmtContent"": "":上七八點的時候不定時的再查看看”訂購紀錄”的頁"", ""cmtDate"": ""2023-05-17 07:58:00""}, {""cmtStatus"": ""→"", ""cmtPoster"": ""anotoki"", ""cmtContent"": "":面（不是查詢餐廳空位的頁面）是否可以更換時段"", ""cmtDate"": ""2023-05-17 07:58:00""}, {""cmtStatus"": ""→"", ""cmtPoster"": ""anotoki"", ""cmtContent"": "":有時候在九點釋出網路當天預約名額前，事先已預約"", ""cmtDate"": ""2023-05-17 07:58:00""}, {""cmtStatus"": ""→"", ""cmtPoster"": ""anotoki"", ""cmtContent"": "":的人有機會可以先調整時段，過了九點以後就是百家"", ""cmtDate"": ""2023-05-17 07:58:00""}, {""cmtStatus"": ""→"", ""cmtPoster"": ""anotoki"", ""cmtContent"": "":爭鳴了。如果那天天氣好卻沒看到新遊行蠻可惜的～"", ""cmtDate"": ""2023-05-17 07:58:00""}]",111.82.237.168,2023-05-15 01:49:25,ptt
106,https://www.ptt.cc/bbs/Japan_Travel/M.1684081406.A.BD4.html,[問題]東京近郊八天行程請益,2023-05-15 00:23:24,tango51123,Japan_Travel,"預計6/3-6/10到東京含河口湖，旅伴一人

6/3(六):早-CI100到成田直接搭SKYLINER到上野
        午-放完行李東京上野晃晃
        晚-東京都內晃晃
        住宿-上野APA

6/4(日):早-東海新幹線到熱海
        午-大室山
        晚-熱海花火大會
        住宿-熱海東橫INN

6/5(一)：早-三島大社+可樂餅
         午-搭12:20的富士疾行到河口湖
         晚-河口湖車站附近吃吃晃晃回飯店
         住宿-Route INN河口湖

6/6(二)：早-冰穴風穴，預計搭12:59綠線回河口湖車站
         午-下吉田，新倉富士淺間公園
         晚-附近超市買晚餐搭17:45紅線
         住宿-Route INN河口湖

6/7(三)：早-搭車回到橫濱
         午-港未來附近走走
         晚-港未來附近走走
         住宿-橫濱洲際酒店

6/8(四)：早午晚-Disney Sea
         住宿-東京舞濱法斯特渡假村

6/9(五)：早午晚-Disney Land
         住宿-東京舞濱法斯特渡假村

6/10(六)：早-上野放行李最後採買，Skyliner回機場
          CI101回台灣


想請教
1.三島到河口湖的巴士搭乘乘客數量多寡，因為有大型行李怕沒位置放
2.假設13:50到河口湖車站，放完行李之後的時間夠不夠搭船+纜車

","[{""cmtStatus"": ""→"", ""cmtPoster"": ""e3472419"", ""cmtContent"": "":一直換飯店很累餒"", ""cmtDate"": ""2023-05-15 00:37:00""}, {""cmtStatus"": ""推"", ""cmtPoster"": ""kevinhon"", ""cmtContent"": "":每天換宿辦手續/整理行李/放行李大約耗掉2小時起跳"", ""cmtDate"": ""2023-05-15 00:51:00""}, {""cmtStatus"": ""推"", ""cmtPoster"": ""owlonoak"", ""cmtContent"": "":河口湖可以不用搭船排纜車即可"", ""cmtDate"": ""2023-05-15 01:54:00""}, {""cmtStatus"": ""→"", ""cmtPoster"": ""owlonoak"", ""cmtContent"": "":你想看富士山要把握早晨時間比較不逆光"", ""cmtDate"": ""2023-05-15 01:55:00""}, {""cmtStatus"": ""→"", ""cmtPoster"": ""owlonoak"", ""cmtContent"": "":可是你上午都去了看不到富士山的地方"", ""cmtDate"": ""2023-05-15 01:56:00""}, {""cmtStatus"": ""→"", ""cmtPoster"": ""owlonoak"", ""cmtContent"": "":不過你橫濱行程很鬆或許可以再利用那天早上看看"", ""cmtDate"": ""2023-05-15 01:57:00""}, {""cmtStatus"": ""→"", ""cmtPoster"": ""owlonoak"", ""cmtContent"": "":狀況"", ""cmtDate"": ""2023-05-15 01:57:00""}, {""cmtStatus"": ""推"", ""cmtPoster"": ""gino321"", ""cmtContent"": "":checkincheckoutcheckincheckout"", ""cmtDate"": ""2023-05-15 09:16:00""}, {""cmtStatus"": ""推"", ""cmtPoster"": ""adychen1982"", ""cmtContent"": "":七夜住三間覺得差不多...四間太累了XD"", ""cmtDate"": ""2023-05-15 09:45:00""}, {""cmtStatus"": ""→"", ""cmtPoster"": ""adychen1982"", ""cmtContent"": "":居然是五間XD"", ""cmtDate"": ""2023-05-15 09:45:00""}, {""cmtStatus"": ""推"", ""cmtPoster"": ""s91ad017"", ""cmtContent"": "":是我大概第一天就去住橫濱了吧~光是放行李就累了"", ""cmtDate"": ""2023-05-15 10:39:00""}, {""cmtStatus"": ""推"", ""cmtPoster"": ""apple110122"", ""cmtContent"": "":基本上沒問題。換飯店沒問題，又不是常住一晚，我"", ""cmtDate"": ""2023-05-15 17:29:00""}, {""cmtStatus"": ""→"", ""cmtPoster"": ""apple110122"", ""cmtContent"": "":也常換…"", ""cmtDate"": ""2023-05-15 17:29:00""}, {""cmtStatus"": ""推"", ""cmtPoster"": ""apple110122"", ""cmtContent"": "":河口湖點很多，看要不要買二日套票，如果不買也沒差"", ""cmtDate"": ""2023-05-15 17:31:00""}, {""cmtStatus"": ""→"", ""cmtPoster"": ""apple110122"", ""cmtContent"": "":，沒有一定要玩什麽的，只有開心最重要。"", ""cmtDate"": ""2023-05-15 17:31:00""}]",123.240.57.162,2023-05-15 01:49:25,ptt
107,https://www.ptt.cc/bbs/Japan_Travel/M.1684118160.A.CCC.html,[問題]東京迪士尼日本帳號登入問題,2023-05-15 10:35:58,yux,Japan_Travel,"為了訂日版假期套票註冊了日本帳號, 可是登入時一直遇到以下訊息,說無法在日文網頁使
用,已經查過網路資料與爬文,沒看到相關討論，不曉得是否有版友遇過或是有解法,感謝萬
分
https://i.imgur.com/9xQiHNJ.jpg","[{""cmtStatus"": ""→"", ""cmtPoster"": ""Alano"", ""cmtContent"": "":迪士尼系列的問題還可以多奇葩阿www"", ""cmtDate"": ""2023-05-15 10:46:00""}, {""cmtStatus"": ""推"", ""cmtPoster"": ""enon"", ""cmtContent"": "":要不要試著VPN到日本再登入看看？"", ""cmtDate"": ""2023-05-15 11:29:00""}, {""cmtStatus"": ""推"", ""cmtPoster"": ""shanesean"", ""cmtContent"": "":你應該是註冊到英文或中文版頁面"", ""cmtDate"": ""2023-05-15 11:31:00""}, {""cmtStatus"": ""→"", ""cmtPoster"": ""shanesean"", ""cmtContent"": "":兩者帳號不通用你要拿新的E-mail去日文官網註冊"", ""cmtDate"": ""2023-05-15 11:31:00""}, {""cmtStatus"": ""推"", ""cmtPoster"": ""ss88210049"", ""cmtContent"": "":中英文版的帳號不能和日文版共用"", ""cmtDate"": ""2023-05-15 12:19:00""}, {""cmtStatus"": ""→"", ""cmtPoster"": ""yjlee0829"", ""cmtContent"": "":改用APP登錄看看？"", ""cmtDate"": ""2023-05-15 12:26:00""}, {""cmtStatus"": ""推"", ""cmtPoster"": ""Relid"", ""cmtContent"": "":我年初申請了帳號，當時是日中英三語都能共用，但某"", ""cmtDate"": ""2023-05-15 14:16:00""}, {""cmtStatus"": ""→"", ""cmtPoster"": ""Relid"", ""cmtContent"": "":天要登入時就不行了，登入日文網頁他會顯示同一個畫"", ""cmtDate"": ""2023-05-15 14:16:00""}, {""cmtStatus"": ""→"", ""cmtPoster"": ""Relid"", ""cmtContent"": "":面要我用英文網頁登入（中文也可以用），但日文版要"", ""cmtDate"": ""2023-05-15 14:16:00""}, {""cmtStatus"": ""→"", ""cmtPoster"": ""Relid"", ""cmtContent"": "":重新註冊，姓名要用日文、地址要輸入日本國內地址"", ""cmtDate"": ""2023-05-15 14:16:00""}, {""cmtStatus"": ""→"", ""cmtPoster"": ""lovetsu"", ""cmtContent"": "":我也遇過跟D+綁一樣的mail就不能用日文網站訂切去"", ""cmtDate"": ""2023-05-15 15:58:00""}, {""cmtStatus"": ""→"", ""cmtPoster"": ""lovetsu"", ""cmtContent"": "":英文版就能訂了"", ""cmtDate"": ""2023-05-15 15:58:00""}, {""cmtStatus"": ""→"", ""cmtPoster"": ""vcxzvcxz50"", ""cmtContent"": "":要用VPN台灣被擋了"", ""cmtDate"": ""2023-05-15 17:02:00""}]",210.202.218.253,2023-05-16 01:46:13,ptt
108,https://www.ptt.cc/bbs/Japan_Travel/M.1684125654.A.A6D.html,[讓售]5/23明治神宮+5/24東京巨蛋門票,2023-05-15 12:40:52,keepsmile,Japan_Travel,"1. 讓售品項：
  (1) 5/23 18:00 阪神 vs. 養樂多@明治神宮棒球場
一壘側 SS 席*1張

(2) 5/24 18:00 DeNA vs. 巨人 @東京巨蛋
一壘側 1階 指定席A*1張


2. 物品圖片：
(1)
https://i.imgur.com/Jm9LcBP.jpg
(2)
https://i.imgur.com/8y5Hg8l.jpg
3. 此物品由您買入的價格（讓售只能小於或等於此金額）：
(1) JPY 6,850*0.228當時匯率=$1,562
(2)JPY 5,800*0.228當時匯率=$1,322

4. 欲售價格：（不可高於買入價格）
(1) $900
(2) $700
若兩張一起買就$1500

5. 交易方式：
站內信或電子郵件或Line提供QR code及電子票券資訊

6. 聯絡方式： 站內信

其他說明：
本來規劃了一個人去日本旅行
安排了日職球場踩點行程
但因婆婆突然住院，接著要安排手術
沒時間也沒心情去了
希望可以有有緣人接手門票
謝謝～
","[{""cmtStatus"": ""推"", ""cmtPoster"": ""s48625"", ""cmtContent"": "":好可惜，祝原po婆婆健康，下次還有機會"", ""cmtDate"": ""2023-05-15 12:40:52""}, {""cmtStatus"": ""→"", ""cmtPoster"": ""tinbirbir"", ""cmtContent"": "":票價佛推祝婆婆身體健康"", ""cmtDate"": ""2023-05-15 16:11:00""}, {""cmtStatus"": ""推"", ""cmtPoster"": ""conanchien"", ""cmtContent"": "":昨天才剛買完5/23明治神宮的票，晚了一天好可惜"", ""cmtDate"": ""2023-05-15 17:01:00""}, {""cmtStatus"": ""推"", ""cmtPoster"": ""saladdays"", ""cmtContent"": "":售價超佛，祝婆婆早日康復"", ""cmtDate"": ""2023-05-15 17:32:00""}, {""cmtStatus"": ""推"", ""cmtPoster"": ""anguslove"", ""cmtContent"": "":票價好佛，可惜日期搭不上，祝福婆婆早日康復"", ""cmtDate"": ""2023-05-16 00:37:00""}]",101.10.8.249,2023-05-16 01:46:13,ptt
109,https://www.ptt.cc/bbs/Japan_Travel/M.1684135225.A.57F.html,[讓售]東京地鐵通票48小時,2023-05-15 15:20:23,TONY22558213,Japan_Travel,"1. 讓售品項：東京地鐵通票48小時，2位成人1位小孩已領實體票
2. 物品圖片：
https://i.imgur.com/2fmZAFG.png
3. 此物品由您買入的價格（讓售只能小於或等於此金額）：677
4. 欲售價格：成人1張260 小孩1張130 全收含郵
5. 交易方式： 現金面交/台北科技大樓站/郵寄
6. 聯絡方式： 站內信
",[],180.217.28.134,2023-05-16 01:46:13,ptt
110,https://www.ptt.cc/bbs/Japan_Travel/M.1684143127.A.D03.html,[問題]單人京阪東七天六夜行程請益,2023-05-15 17:32:05,Yeanfan,Japan_Travel,"大家好> ?   <
睽違四年有機會可以再去日本玩了
打算自己再去京都大阪玩＆東京看隅田川花火節
以下全是我自己看購買的旅遊書安排的行程
想請大家幫我看看哪天行程走馬看花或太少的？
*前4天：京都、大阪
 後3天：東京&體驗隅田川花火節
*我知道隅田川花火節要好早就卡好位，所以我沒打算為了卡位把想去的行程的刪掉，能
看得到煙火就好。
*身上已有Suica西瓜卡還有ICOCA卡

P.S這是我第6次去日本，第2次去大阪京都
想帶著我新購入的相機再到去過的點看看拍照

另外附上我之前自己製作的旅遊手冊
https://www.dcard.tw/f/persona_winnie.0828/p/237095289?cid=8B395962-BB58-464D-
9D01-2C425588CD04


飯店：大阪阪急龍仕柏（大阪阪急呼吸飯店）
入住期間：7/24～7/28

① 7/24(一)『大阪』
使用大阪周遊2日券
✈ 中華航空 12:50pm抵達関西國際機場
‧ 1:00pm～1:45pm出境
* 関西旅遊服務中心兌換大阪周遊券(1樓南口)
* 兌換JR特級HARUKA(関西→大阪)
    搭乘JR特級HARUKA到大阪車程45分鐘
* 約3:00pm抵達大阪駅
* 3F聯絡橋出口步行約3分鐘抵達飯店
‧ 3:00pm～3:30pm check-in放荷物
‧ 心齋橋、道頓堀、固力果跑跑人
‧ 阿倍野Harukas300展望台夜景
‧ 回飯店

② 7/25(二)『大阪』
使用大阪周遊2日券
上午+中午：
．大阪城 天守閣
下午：
．通天閣（下午）
晚上：
．梅田
．回飯店


黑門市場(未定，可能不去)

③ 7/26(三)『京都』
*8:00am出門從大阪駅搭乘JR京都線前往京都車程30分鐘
上午：
．錦市場
中午+下午
．清水寺
晚上：
．京都塔+夜景
．回飯店

④ 7/27(四)『嵐山、宇治』
*8:00am出門前往大阪駅
交通方式①阪急電鐵
交通方式②JR山陰本線(17分至嵯峨嵐山駅)
上午+中午：
．嵐山
下午：
．宇治
*嵯峨嵐山駅搭乘JR山陰本線17分至京都
   轉搭京阪宇治線14分至宇治駅
晚上：
．未定
．回飯店


飯店：東京ONE飯店
新幹線：新大阪-東京 ?15000/人
入住期間：7/28～7/30
交通：Suica西瓜卡

⑤  7/28(五)『東京』
．8:00 check-out
前往新大阪搭乘新幹線往東京
*東京駅轉搭東京Metro地鐵丸之內線(紅M線)往池袋方向至大手町駅
* 東京Metro地鐵半藏門線(紫Z線)準急往久喜方向至押上駅
．中午12時前抵達飯店check-in
下午：
．銀座
．無印良品旗艦店
晚上：
．横浜
．空塔
．回飯店

⑥ 7/29(六)『東京』
早上：
．日暮里(未定，可能不去)
中午：
．新宿、原宿、渋谷
晚上：
．體驗隅田川花火節
．晴空塔
*我很想到晴空塔吃敘敘苑燒肉
但是好像很搶手沒有辦法預定了

⑦ 7/30(日)『東京』
✈ 中華航空 14:30pm羽田國際機場→台北松山機場
*早上8:00am check-out
    約11:00am抵達羽田機場等待


Q：横浜八景島海島樂園值得去嗎？
     有時間去的話建議排在哪一天？

我真的好喜歡晴空塔好想再看到晴空塔
所以晚上甚至凌晨我都會去晴空塔逛逛
https://i.imgur.com/SR2e8dV.jpg
抱歉已更正
請問為什麼呢～～","[{""cmtStatus"": ""→"", ""cmtPoster"": ""condition0"", ""cmtContent"": "":建議留下停留點資訊重新排版看到眼睛有點花LUL"", ""cmtDate"": ""2023-05-15 17:32:05""}, {""cmtStatus"": ""推"", ""cmtPoster"": ""ilyesung1984"", ""cmtContent"": "":跟你的行程排點無關但想分享一下入住respirehotel"", ""cmtDate"": ""2023-05-15 17:32:05""}, {""cmtStatus"": ""→"", ""cmtPoster"": ""ilyesung1984"", ""cmtContent"": "":的經驗—飯店超大但洗衣機超少，如果有要洗衣服要有"", ""cmtDate"": ""2023-05-15 17:32:05""}, {""cmtStatus"": ""→"", ""cmtPoster"": ""ilyesung1984"", ""cmtContent"": "":心理準備可能會排很久"", ""cmtDate"": ""2023-05-15 17:32:05""}, {""cmtStatus"": ""→"", ""cmtPoster"": ""Impbe"", ""cmtContent"": "":沒去過的話，可以排在第六天"", ""cmtDate"": ""2023-05-15 17:32:05""}, {""cmtStatus"": ""推"", ""cmtPoster"": ""s91ad017"", ""cmtContent"": "":去京都搭阪急到四條烏丸可以直接到錦市場，D7你的"", ""cmtDate"": ""2023-05-15 17:32:05""}, {""cmtStatus"": ""→"", ""cmtPoster"": ""s91ad017"", ""cmtContent"": "":行程是不是錯了，看起來只有D5直接去橫濱才有機會去"", ""cmtDate"": ""2023-05-15 17:32:05""}, {""cmtStatus"": ""→"", ""cmtPoster"": ""s91ad017"", ""cmtContent"": "":八景島吧"", ""cmtDate"": ""2023-05-15 17:32:05""}, {""cmtStatus"": ""推"", ""cmtPoster"": ""sanabear"", ""cmtContent"": "":最後一天是羽田飛還是關西飛....XD"", ""cmtDate"": ""2023-05-15 17:32:05""}, {""cmtStatus"": ""推"", ""cmtPoster"": ""kevinhon"", ""cmtContent"": "":7/28逛完銀座才要去橫濱太趕了，除非只是要去吃晚餐"", ""cmtDate"": ""2023-05-15 17:32:05""}, {""cmtStatus"": ""→"", ""cmtPoster"": ""kevinhon"", ""cmtContent"": "":/看夜景改成7/29一早就去橫濱，就能去八景島，你列"", ""cmtDate"": ""2023-05-15 17:32:05""}, {""cmtStatus"": ""→"", ""cmtPoster"": ""kevinhon"", ""cmtContent"": "":的銀座新宿原宿澀谷其實性質都差不多，都去的話"", ""cmtDate"": ""2023-05-15 17:32:05""}, {""cmtStatus"": ""→"", ""cmtPoster"": ""kevinhon"", ""cmtContent"": "":，會花許多時間在坐車"", ""cmtDate"": ""2023-05-15 17:32:05""}, {""cmtStatus"": ""→"", ""cmtPoster"": ""mars21"", ""cmtContent"": "":京都車站沒辦法搭京阪，你直接搭JR去宇治就好"", ""cmtDate"": ""2023-05-15 17:32:05""}, {""cmtStatus"": ""→"", ""cmtPoster"": ""mars21"", ""cmtContent"": "":錦市場那天搭阪急不用坐JR"", ""cmtDate"": ""2023-05-15 17:32:05""}, {""cmtStatus"": ""推"", ""cmtPoster"": ""adychen1982"", ""cmtContent"": "":二張卡應該關西東京都可以通用吧"", ""cmtDate"": ""2023-05-15 17:32:05""}, {""cmtStatus"": ""推"", ""cmtPoster"": ""hoyumi"", ""cmtContent"": "":你晚上去黑門市場幹嘛？"", ""cmtDate"": ""2023-05-15 20:12:00""}, {""cmtStatus"": ""推"", ""cmtPoster"": ""HOLAHOJIAN"", ""cmtContent"": "":花火大會不卡位應該還是可以吧。只是要一直站著，前"", ""cmtDate"": ""2023-05-15 17:32:05""}, {""cmtStatus"": ""→"", ""cmtPoster"": ""HOLAHOJIAN"", ""cmtContent"": "":幾年去就站到看完而已。腿很酸就是了"", ""cmtDate"": ""2023-05-15 20:46:00""}, {""cmtStatus"": ""推"", ""cmtPoster"": ""helloworld"", ""cmtContent"": "":感覺前兩天不需要大阪周遊二日券"", ""cmtDate"": ""2023-05-15 22:07:00""}, {""cmtStatus"": ""推"", ""cmtPoster"": ""wcc960"", ""cmtContent"": "":因為看起來沒去很多地方吧，搞不好回不了本"", ""cmtDate"": ""2023-05-16 03:25:00""}, {""cmtStatus"": ""→"", ""cmtPoster"": ""ckfh101"", ""cmtContent"": "":特級->特急"", ""cmtDate"": ""2023-05-16 08:11:00""}, {""cmtStatus"": ""推"", ""cmtPoster"": ""helloworld"", ""cmtContent"": "":除非你有一些搭船的行程沒打出來，不然交通加門票"", ""cmtDate"": ""2023-05-16 09:16:00""}, {""cmtStatus"": ""→"", ""cmtPoster"": ""helloworld"", ""cmtContent"": "":應該沒有票券價格高吧"", ""cmtDate"": ""2023-05-16 09:16:00""}, {""cmtStatus"": ""推"", ""cmtPoster"": ""helloworld"", ""cmtContent"": "":25號是大阪天神祭，也可以考慮排進去"", ""cmtDate"": ""2023-05-16 09:19:00""}, {""cmtStatus"": ""→"", ""cmtPoster"": ""afu46"", ""cmtContent"": "":D1用周遊卡有點浪費，Harukas300沒有免費只有9折"", ""cmtDate"": ""2023-05-16 11:26:00""}, {""cmtStatus"": ""→"", ""cmtPoster"": ""afu46"", ""cmtContent"": "":除非16點前去梅田藍天空中庭園(1500円)"", ""cmtDate"": ""2023-05-16 11:29:00""}, {""cmtStatus"": ""→"", ""cmtPoster"": ""afu46"", ""cmtContent"": "":因為飯店在大阪梅田，當晚22:45前衝HEPFIVE摩天輪"", ""cmtDate"": ""2023-05-16 11:31:00""}, {""cmtStatus"": ""→"", ""cmtPoster"": ""afu46"", ""cmtContent"": "":先把要去的免費設施加起來是否有超過二日券3600円"", ""cmtDate"": ""2023-05-16 11:34:00""}, {""cmtStatus"": ""→"", ""cmtPoster"": ""afu46"", ""cmtContent"": "":再考慮要不要用大阪周遊卡，畢竟D1也只剩不到半天"", ""cmtDate"": ""2023-05-16 11:35:00""}, {""cmtStatus"": ""推"", ""cmtPoster"": ""zscst"", ""cmtContent"": "":推二樓，他洗衣機永遠大排長龍，我都半夜三四點去才"", ""cmtDate"": ""2023-05-16 11:42:00""}, {""cmtStatus"": ""→"", ""cmtPoster"": ""zscst"", ""cmtContent"": "":有得用"", ""cmtDate"": ""2023-05-16 11:42:00""}]",111.71.99.155,2023-05-16 01:46:13,ptt
111,https://www.ptt.cc/bbs/Japan_Travel/M.1684160141.A.AB4.html,[問題]靜岡東部市區推薦景點,2023-05-15 22:15:38,rockman73,Japan_Travel,"下個月換工作從大阪搬家到東京

搬家的日程時間喬完有了一點小空檔

想說去伊東泡個湯住一晚隔天剛好去東京找房東拿鑰匙

搬家當天搬完收拾一下晚上就直接搭夜巴去靜岡

到那邊一大早不知道要幹嘛 預計拖個登機箱也不想跑太遠


大概在 三島 熱海一帶 最遠到富士市 御殿場

希望可以在市區附近搭電車方便的地方

之前有去過熱海的MOA

不過剛剛查一下好像也沒什麼特別有興趣的展覽

不知道有沒有什麼其他景點 冷門些也可以 請教一下版友們

大概讓小弟殺個半天時間到check in前微觀光一下


感謝~~

","[{""cmtStatus"": ""推"", ""cmtPoster"": ""owlonoak"", ""cmtContent"": "":所以你到底是要在哪裡checkin?"", ""cmtDate"": ""2023-05-15 22:24:00""}, {""cmtStatus"": ""推"", ""cmtPoster"": ""yanagiharuna"", ""cmtContent"": "":下田算嗎有點遠XD但有個水族館蠻好玩的"", ""cmtDate"": ""2023-05-15 22:36:00""}, {""cmtStatus"": ""→"", ""cmtPoster"": ""borriss"", ""cmtContent"": "":看天氣那邊一堆景都靠富士山的(X"", ""cmtDate"": ""2023-05-15 22:41:00""}, {""cmtStatus"": ""→"", ""cmtPoster"": ""borriss"", ""cmtContent"": "":山中城第一次去都是霧又喝太多根本忘了有什麼"", ""cmtDate"": ""2023-05-15 22:41:00""}, {""cmtStatus"": ""→"", ""cmtPoster"": ""borriss"", ""cmtContent"": "":第二次沒雲的日子就在那邊發呆"", ""cmtDate"": ""2023-05-15 22:42:00""}, {""cmtStatus"": ""推"", ""cmtPoster"": ""lity3426"", ""cmtContent"": "":剛去沼津吃完海鮮地處偏遠海鮮便宜好吃應該能消"", ""cmtDate"": ""2023-05-15 22:47:00""}, {""cmtStatus"": ""→"", ""cmtPoster"": ""lity3426"", ""cmtContent"": "":耗半天"", ""cmtDate"": ""2023-05-15 22:47:00""}, {""cmtStatus"": ""推"", ""cmtPoster"": ""nolimits"", ""cmtContent"": "":沼津吃海鮮，還有個水門可以上去參觀"", ""cmtDate"": ""2023-05-15 23:11:00""}, {""cmtStatus"": ""→"", ""cmtPoster"": ""nolimits"", ""cmtContent"": "":好像還有一個深海魚水族館，上次沒時間去"", ""cmtDate"": ""2023-05-15 23:12:00""}, {""cmtStatus"": ""推"", ""cmtPoster"": ""AJCole"", ""cmtContent"": "":三島對不起青春巡禮：可樂餅、鰻魚飯、源兵衛川親"", ""cmtDate"": ""2023-05-16 23:11:00""}, {""cmtStatus"": ""→"", ""cmtPoster"": ""AJCole"", ""cmtContent"": "":水散策、樂壽園、三嶋大社。"", ""cmtDate"": ""2023-05-16 23:11:00""}]",130.62.208.58,2023-05-16 01:46:13,ptt
112,https://www.ptt.cc/bbs/Japan_Travel/M.1684162487.A.2BE.html,[問題]七月東京行程請益,2023-05-15 22:54:45,Aurora5566,Japan_Travel,"這次買了來回都是紅眼航班的機票
想麻煩大家幫我看一下行程順不順
會先在網路劃位好JR pass
第三天也會利用JR搭到川越
想特別詢問一下淺草今半需要開門前多早抵達才不用排隊呢？謝謝！
———
第一天搭乘紅眼航班凌晨到羽田機場
首班車先搭到品川領JR東京廣域周遊券
再直接搭到東京搭新幹線到輕井澤～

830-10雲場池
10-1330舊輕井澤街 午餐川上庵 大教堂
14-18輕井澤王子Outlet
1830-19Beb5飯店check in
去711買晚餐回飯店

第二天
1030check out 寄放行李
1030-1400輕井澤 石之教堂 榆樹街小鎮
1430-1530坐新幹線到東京車站放行李
1530-1830丸之內kitte  丸之內大道
1830-20 動漫一番街
坐公車回飯店

第三天
1030-1430坐JR到川越 午餐小川菊
1430-1600搭車
1600-2000原宿@cosme 布丁 千層酥 徒步至澀谷
2000-2230澀谷（Shibuya sky)

第四天
11-13豪德寺
13-1430搭車
1430-1830吉祥寺
1830-2000搭車
2000晴空塔卡比餐廳

第五天
1000退房
1000-1130逛淺草
1130-1300淺草今半
1300-1400搭車
1400-1530廣尾 走到麻布十番
1600-1900麻布十番 搭車到銀座
1930-2200銀座
2200回飯店拿行李
2230出發去機場

買些零食在機場渡過一夜
","[{""cmtStatus"": ""推"", ""cmtPoster"": ""leejones"", ""cmtContent"": "":羽田首班最早是05:11分單軌電車，如果坐單軌要去濱"", ""cmtDate"": ""2023-05-15 22:54:45""}, {""cmtStatus"": ""→"", ""cmtPoster"": ""leejones"", ""cmtContent"": "":松町兌換廣域券，要去品川首班京急是05:23分才有班"", ""cmtDate"": ""2023-05-15 22:54:45""}, {""cmtStatus"": ""→"", ""cmtPoster"": ""leejones"", ""cmtContent"": "":次可搭。"", ""cmtDate"": ""2023-05-15 22:54:45""}, {""cmtStatus"": ""推"", ""cmtPoster"": ""kevinhon"", ""cmtContent"": "":D2後沒說住哪？要搭什麼公車回飯店？"", ""cmtDate"": ""2023-05-16 00:29:00""}, {""cmtStatus"": ""→"", ""cmtPoster"": ""kevinhon"", ""cmtContent"": "":輕井澤outlet開到19點，為何晚餐要去7-11買？"", ""cmtDate"": ""2023-05-16 00:37:00""}, {""cmtStatus"": ""→"", ""cmtPoster"": ""kevinhon"", ""cmtContent"": "":D3還有廣域券，原宿可以跟吉祥寺對調，川越搭jr到新"", ""cmtDate"": ""2023-05-16 00:39:00""}, {""cmtStatus"": ""→"", ""cmtPoster"": ""kevinhon"", ""cmtContent"": "":宿轉車也順"", ""cmtDate"": ""2023-05-16 00:39:00""}, {""cmtStatus"": ""推"", ""cmtPoster"": ""lity3426"", ""cmtContent"": "":卡比餐廳不好約啊"", ""cmtDate"": ""2023-05-16 00:59:00""}]",114.36.16.3,2023-05-16 01:46:13,ptt
113,https://www.ptt.cc/bbs/Japan_Travel/M.1684165428.A.A25.html,[食記]東京東京車站拉麵街塩専門ひるがお,2023-05-15 23:43:42,JimXpp,Japan_Travel,"店    名：塩専門 ひるがお
用餐時間：2023年5月
地址：東京都千代田区丸の内1-9-1 東京駅一番街 B1F
交通：「東京駅」八重洲中央剪票口 徒歩1分
營業時間：09:45～23:00
電話: 03-3213-7000
最低消費：1200円

圖文好讀版：
https://jimxpplife.com/archives/4197
位於東京車站一番街中的東京拉麵街是不少拉麵愛好者來訪時必定會前來的區域。其中「塩専門 ひるがお」便是其中的店家之一。每逢營業時段，排隊人龍總是絡繹不絕，非常熱鬧。

「塩専門 ひるがお」的本店位於東京世田谷區，目前在東京已有多間分店，甚至大阪也可見其蹤跡。

如同店家名稱所述，「塩専門 ひるがお」以較為清淡的鹽味湯頭為主打，適合不喜歡重口味油膩感的人。

店門口有張貼附有照片與多國語言翻譯的菜單，即使不懂日文也可以輕鬆點餐。

若要用餐，須先至店內的食券販賣機買好餐券後再依序排隊，建議可以先看門外菜單決定好餐點再至此購買，較不會影響他人。

進入店後，將食券交付給工作人員即可入座。

餐桌上放有餐具及簡單的調味料，供用餐者自取。

塩らーめん ひるがお盛り (鹽味拉麵 全加料) ★★★★☆
「鹽味拉麵 全加料」是「塩専門 ひるがお」的招牌主打品項，也是不少第一次來訪的人會選的餐點。

所謂的「全加料」即是將店家所有的配料都涵蓋在內，得以一次品嚐不同的風味，相當豐盛。

「塩専門 ひるがお」的湯頭以雞湯為基底，並加入帆立貝、沙丁魚乾等海鮮食材，再添加越南海鹽所熬煮，清新淡雅，滑潤順口，每一口都品嚐得到鮮美的魚介滋味。

「塩専門 ひるがお」的麵條以北海道「和華」小麥做為原料製作，此款小麥適合製作中華麵等口感較硬的細麵，這也體現在了這碗成品的口感上，嚼勁十足，相當好吃。

半熟蛋上面放著一枚小蝦仁，滋味鮮美，相當引人注目，可惜體積過小，僅能淺嚐。

筍乾毫無苦澀味；溏心蛋的軟度恰到好處，略帶鹹味；將海苔、洋蔥融入湯頭中享用，讓整體的滋味更有層次。

「塩専門 ひるがお」的叉燒肉比例偏瘦，因此在口感上會較為乾硬，雖然依然好吃，但個人比較喜愛帶有油脂的滑潤感，因此給予的評價一般。

餛飩內餡的內餡醃製得相當鮮美，滋味可口，令人讚賞。

可惜餡料比例實在過少，完全沒有任何口感可言，雖然好吃，依舊感到非常不滿足。

もつご飯 (日式肥腸蓋飯) ★★★★☆
此次的副餐我選擇了「日式肥腸蓋飯」搭配，有別於常見的叉燒肉為主要配料，「塩専門 ひるがお」以豬大腸為配料基底，相當特別。

切成薄片的大腸口感絲毫不油膩，與台灣常見的口感不同。食材也處理得非常乾淨，沒有大腸特有的臭味，鹹香的風味與米飯一同搭配相當適合，非常推薦。

整體而言，「塩専門 ひるがお」的用餐體驗讓我感到滿意，雖然拉麵的幾項重點配料份量稍感不足，卻也不會影響其滋味。副餐的肥腸蓋飯也讓我感到印象深刻，意猶未盡。

若喜愛清淡薄鹽滋味的拉麵愛好者，不妨來此品嚐一番。
-
Sent from JPTT on my iPhone
","[{""cmtStatus"": ""推"", ""cmtPoster"": ""esther630"", ""cmtContent"": "":推推～下個月底也打算去吃這間！"", ""cmtDate"": ""2023-05-16 00:39:00""}]",49.216.135.99,2023-05-16 01:46:15,ptt
114,https://www.ptt.cc/bbs/Japan_Travel/M.1684166303.A.E36.html,[遊記]一泊四日的東京快閃追星行程,2023-05-15 23:58:19,TheoEpstein,Japan_Travel,"造訪日期：2023.05

這是一趟意外連連，還好都能順利解決的日本旅行。

首先，是三月初的時候，發表了
。
https://i.imgur.com/tl3pJJW.jpg
即売会(SOKUBAIKA)，指的就是沒有限制名額，不用去搶數量有限的參加券。
，
就可以參加。

但我5/13在台灣有事，考量到時間，樂桃特價的時候我就訂機票了。
樂桃羽田的深夜班機是可以拼
「日本活動結束，搭電車到羽田，趕回台灣」
的。

至於到達(5/11)就睡機場，用11點就能入住的COMFORT HOTEL來躺平恢復體力。
(四月開始我前一年累積到「Gold會員」了，其中一個特典就是11點即可入住)

5/10晚上出發
5/13早上回台灣，
。

======

這兩個月間，看日旅板有人分享
了，4500JPY附早餐也還好。
而5/11我另一個推
(架乃由羅)
也要辦活動，線上預約順利搶到票。
https://i.imgur.com/KmUR67u.jpg
(麻美只出現在節目影片裡，不會來活動，活動只有架乃)

看來會是很愉快的接連兩天活動。

出發前一天，5/9星期二，先是
，
一小時後上去已經沒有中午時間了，富田沾麵跟見櫻空，當然是櫻空優先，這次沒得吃。

出發當天，5/10星期三，下午才驚覺
，
只好打台哥大006國際電話去預約，還好有接通約成了。

搭機場捷運順利到了桃機，圖中上方是四月去的時候買的參加券。
https://i.imgur.com/DD6KiTG.jpg
這班樂桃人好多，大概半數以上是日本人就是了(回程也是日本人居多)
https://i.imgur.com/f9s5uwB.jpg
......馬上就出現了直接影響到行程的，預料之外狀況。
「外國人入境審查大爆滿」，前面有歐美航班，人潮比上次福岡機場還多
。
在羽田排入境排了超過一個半小時，24:20落地。02:00才入境。

當然
。

此時突然想到，「東橫INN羽田機場搞不好有深夜方案？」
https://i.imgur.com/SvHeMCq.jpg
上網一查還真的剩最後一間，但這天
(眼神死)
https://i.imgur.com/bvZz2or.jpg
這種我真的
不敢賭沒有預約就過去
，在機場至少還有椅子。
萬一搭計程車到大鳥居站，結果東橫沒房間，只能露宿街頭耶，撿紙箱都不知道去哪撿。

深夜的羽田機場：
https://i.imgur.com/4rBLnje.jpg
人已經在日本不能打006國際電話了，怎麼辦？
轉念一想，050電話的APP就是這時候用的，打過去接通，真的剩最後一間房。

「我現在從羽田機場過去，請幫我保留」

走到一樓搭排班計程車，司機大哥聽到要去大鳥居就問「是東橫INN羽田嗎？」
他說他知道那邊，還問我是一號館還是二號館，很快就把我載了過去。

車資可刷卡，
。
https://i.imgur.com/TjAmZ2b.jpg
https://i.imgur.com/T25wCpS.jpg
說是有重新裝潢，不過就是把杯子、吹風機那些都藏在櫃子裡。
深夜方案4900JPY，也只比平和島貴一點。

洗完澡整理一下東西，準備要睡覺時......
https://i.imgur.com/A1WKsub.jpg
超大的地震發生，手機震個不停，隨後搖到一個不行
(我住在11樓，怕爆)。
聽到門外各種驚呼慘叫，之後10分鐘外面聊天的聲音吵到也不用睡。
https://i.imgur.com/QxVohxC.jpg
震央就在千葉的M5.4地震，東京4級
。我超怕海嘯的(那邊就在東京灣邊上啊)
等看新聞確定不會有海嘯才敢睡下去。
https://i.imgur.com/34EB67N.jpg
這間東橫的早餐還不錯

10點退房後到車站才知道，
因為地震的關係，京急線班表大亂
。
大概比預定時間多花了快40分鐘才到達東神田的COMFORT HOTEL。

順利提早入住。
https://i.imgur.com/EYzn1uc.jpg
稍事休息後，跑去附近超市買東西順便吃中餐。
翻了一下GOOGLE MAP，找了這間新開的拉麵店：
https://i.imgur.com/TIPyB7Y.jpg
日本橋 朱鷺
，店內不大就是了，大概5~6個座位而已。
https://twitter.com/nihonbashi_toki
配上鮮蝦餛飩的鹽拉麵。
https://i.imgur.com/fGuphGL.jpg
叉燒是低溫調理的，不錯吃。
鮮蝦餛飩皮薄肉多又充滿彈性，如果台灣有這種餛飩麵我一定吃爆。

麵條跟湯頭的搭配也不錯，是間我下次會想再來的店。

在超市買了牛奶跟一些食物後就回旅館休息。
https://i.imgur.com/ml2bu9z.jpg
傍晚就往架乃由羅活動的會場移動，因為在秋葉原的末廣町，
電車24分鐘(有19分鐘在走路)，直接走過去26分鐘，乾脆用走的就好。

由於中午用GOOGLE MAP找店的經驗很好，晚上如法泡製.....

汁なし担担麺ピリリ
https://i.imgur.com/I8v5KGx.jpg
結果我
點錯了
，一般這種我都是吃汁なし担担麺，
不小心點到一個「四川汁なし」，原來是麻婆豆腐麵....
https://i.imgur.com/OlbJKWO.jpg
https://i.imgur.com/IbcglCA.jpg
不會不好吃，但麻婆豆腐配上麵的感覺怪怪的。

吃完後走幾步就到了架乃活動的會場。
https://i.imgur.com/GGA1gU9.jpg
https://i.imgur.com/vUkOyMI.jpg
先是看這集的節目(她會一直講評)，然後特典時間。

拍照時的架乃一樣很搞笑
https://i.imgur.com/vYfnhdI.jpg
https://i.imgur.com/709yhzP.jpg
瑪莉歐跳的動作
https://i.imgur.com/72hzo4f.jpg
看到我就會擺肌肉POSE
https://i.imgur.com/QkqMGO5.jpg
簽名時則是在聊重訓的事。

她說她現在已經沒有像以前那樣跑健身房，
要拿來當目標的話，推薦我去看七海蒂娜跟竹內有紀，她們真的有在練。
https://i.imgur.com/0XcYZh8.jpg
我說，像架乃她這樣可以練到參加健體比賽，看到她的成長，對我來說才是動力。
她就問我有考慮參加大會嗎？我說我老了，而且減脂很累，
她說也是，
。

我說也許3~5年後還在繼續練的話可能會考慮吧(難...)
現在目標是臥推120kg，目前只能勉強破100kg，她一聽大叫
第二張簽名板就寫了
https://i.imgur.com/JQIgWVt.jpg
合照也都在搞笑。
https://i.imgur.com/NI2duAD.jpg
她不愧是出場比賽過的，pose比我好太多(雖然她現在沒線條了)
https://i.imgur.com/AucIIVN.jpg
這張不是肌肉動作，是今天生放送裡面，她在晴空塔上面買的一個玩偶的動作。

很愉快的一晚，架乃真的是很有趣又很可愛的人。
而且她鼓勵我以出賽為目標的時候，那表情超認真，
大概是平常的300%認真
。

============

comfort hotel的無料朝食
https://i.imgur.com/7GjoGye.jpg
這家外國人很多，用餐區有快一半是洋人。

退房是中午11點，之後要想辦法打發時間。
https://twitter.com/bondyogawamachi
就走去
。
https://i.imgur.com/jQ6yRAW.jpg
BONDY本店在神保町，分店一樣是會在點完餐後送上他們招牌的
馬鈴薯
。
https://i.imgur.com/06PIYc1.jpg
奶油融化的樣子真的太香了
https://i.imgur.com/nTEz8Yg.jpg
很快的咖哩上桌
https://i.imgur.com/EUbW4Fo.jpg
牛肉咖哩，滿滿的肉
https://i.imgur.com/bzYRWuH.jpg
配上白飯真的美味，四年沒吃了，懷念的滋味啊。
https://i.imgur.com/TtqJfLw.jpg
本來想提早去排櫻空活動，結果到了之後看到
貼了告示不能提早排隊
https://i.imgur.com/oxIS6R1.jpg
只好在樓下跟其他粉絲聊天打發時間。
還順便等到櫻空來會場，大家笑著打了招呼。
之後總算是順利參加到活動(時間一到大家就去樓梯間排隊)，
第一輪跟她說去年OFF會沒拍到照，這次是睽違三年半終於拍到她。

她笑著說
不過這場活動的照片，櫻空
經紀公司是規定不能上傳分享
，只好貼特典的照片代替：
https://i.imgur.com/AsAO4CQ.jpg
合照時跟她講到我這三年因為不能飛日本，很專心健身。
她就說
但要排第二輪的時候，我嚇到了。
樓梯間塞不下，隊伍延伸到店外了
....店員會指引「最後尾」在哪。
https://i.imgur.com/M5kjMCV.jpg
第二輪又排了兩個多小時才輪到。
(19:00截止是指""在那之前排到隊""，有趕上的全部都可以參加活動)

一樣是跟她很隨興的聊天，聊到她作品一直進化，變更漂亮了這些。

因為今天很多台灣/香港的粉絲來見她，
而且還有不少是「第一次參加秋葉原活動」的，我就說她是「秋葉原的女神」。

櫻空一直笑，主持人則是吐槽「什麼秋葉原女神，是日本的女神！」

結束後在樓下等出待....
但參加人數真的太多，22:55左右才結束最後一個人出來，我的終電是23:42....

幸好，23:20櫻空就跟經紀人一起出來了。
她跟每一個等她的粉絲說謝謝，對華人組的人，她則是用眼神示意要我來翻譯。

揮手道別後，我馬上拔腿就衝，搭上京濱東北線往品川移動，
經過濱松町時，單軌電車的最後一班已經來不及了，只剩下京急線最後一班了。
https://i.imgur.com/fCN9ae7.jpg
到月台時還有7分鐘才發車，有趕上終電(鬆一口氣)。

順利搭上車到羽田機場，這時間已經沒有餐廳開門了。

不管是吉野家還是摩斯，都改成比較短的營業時間。
https://i.imgur.com/GOrUEAj.jpg
甚至CHECK-IN後的管制區的餐廳，凌晨也都不營業：
https://i.imgur.com/f1VTahD.jpg
樂桃是03:25開櫃，我大概03:00就去排隊。
https://i.imgur.com/xoouQba.jpg
到我的時候可能因為前面都日本人，又是實習新手的櫃台(旁邊有老鳥在教她)
我又是遞上護照之後用日文講""よろしくお願いします""

這位實習新手，居然照著問日本人的句子問我
我「......(該怎麼跟她說，我下週還會再飛日本？可是下週是虎航...)」

就在我們大眼瞪小眼時，她旁邊老鳥插話了
順利拿到登機證，安檢後在候機室小睡了一下，
登機後居然還跟三年多前一樣，後推前就睡著，落地才醒來(中間有被冷醒幾次)。
https://i.imgur.com/Ax9cFAB.jpg
回到台灣。

可能還不太習慣7kg的重量，這次抓太輕了，去程沒帶禮物，回程沒有買土產。

所以櫻空曬禮物照片，裡面沒有我送的東西，
因為根本沒帶禮物送她...(她之前蠻喜歡台灣的面膜)
https://i.imgur.com/Na7uwyp.jpg
以上，短暫但很愉快的日本行程。(原本的一泊四日變成
....)
雖然
本命
同一天還有週末都在大阪辦活動就是了....(小聲)
","[{""cmtStatus"": ""推"", ""cmtPoster"": ""lovechris"", ""cmtContent"": "":看完覺得最後一句是重點（疑？"", ""cmtDate"": ""2023-05-16 00:11:00""}, {""cmtStatus"": ""推"", ""cmtPoster"": ""fireboltno2"", ""cmtContent"": "":王桑文先推！正準備為旅行準備，抄一點關西美食"", ""cmtDate"": ""2023-05-16 00:12:00""}, {""cmtStatus"": ""→"", ""cmtPoster"": ""fireboltno2"", ""cmtContent"": "":竟然已經從關東回來了？！"", ""cmtDate"": ""2023-05-16 00:12:00""}, {""cmtStatus"": ""推"", ""cmtPoster"": ""TONY7"", ""cmtContent"": "":有王桑就推"", ""cmtDate"": ""2023-05-16 00:14:00""}, {""cmtStatus"": ""推"", ""cmtPoster"": ""TokyoHard"", ""cmtContent"": "":不要把東橫吃成高級Buffet啊~~~~~"", ""cmtDate"": ""2023-05-16 00:14:00""}, {""cmtStatus"": ""推"", ""cmtPoster"": ""tm0987"", ""cmtContent"": "":還是滿滿熱情的王桑"", ""cmtDate"": ""2023-05-16 00:14:00""}, {""cmtStatus"": ""推"", ""cmtPoster"": ""Kamelie"", ""cmtContent"": "":先推再看"", ""cmtDate"": ""2023-05-16 00:15:00""}, {""cmtStatus"": ""→"", ""cmtPoster"": ""Evs7insec"", ""cmtContent"": "":王桑先推"", ""cmtDate"": ""2023-05-16 00:18:00""}, {""cmtStatus"": ""推"", ""cmtPoster"": ""chris3202021"", ""cmtContent"": "":要被本命抓到了"", ""cmtDate"": ""2023-05-16 00:18:00""}, {""cmtStatus"": ""推"", ""cmtPoster"": ""nibarity"", ""cmtContent"": "":四月中睡羽田~回來感冒~真的好冷"", ""cmtDate"": ""2023-05-16 00:19:00""}, {""cmtStatus"": ""推"", ""cmtPoster"": ""TokyoHard"", ""cmtContent"": "":沒關係,我可以金卡TRE特別問她這個問題"", ""cmtDate"": ""2023-05-16 00:20:00""}, {""cmtStatus"": ""推"", ""cmtPoster"": ""mysmalleyes"", ""cmtContent"": "":王桑這次遊記充斥趕趕趕"", ""cmtDate"": ""2023-05-16 00:28:00""}, {""cmtStatus"": ""推"", ""cmtPoster"": ""UncleRed"", ""cmtContent"": "":話說櫻空人氣是日本>海外嗎？"", ""cmtDate"": ""2023-05-16 00:37:00""}, {""cmtStatus"": ""→"", ""cmtPoster"": ""UncleRed"", ""cmtContent"": "":上次不是說她台灣活動票沒秒殺我還蠻意外的…"", ""cmtDate"": ""2023-05-16 00:37:00""}, {""cmtStatus"": ""推"", ""cmtPoster"": ""cpylislv"", ""cmtContent"": "":話說上次吃成田新館東橫也比市區豐盛"", ""cmtDate"": ""2023-05-16 00:46:00""}, {""cmtStatus"": ""推"", ""cmtPoster"": ""kilhi"", ""cmtContent"": "":好有趣的遊記"", ""cmtDate"": ""2023-05-16 00:47:00""}, {""cmtStatus"": ""→"", ""cmtPoster"": ""cpylislv"", ""cmtContent"": "":可能是機場旁的東橫都比較豐盛？"", ""cmtDate"": ""2023-05-16 00:47:00""}, {""cmtStatus"": ""推"", ""cmtPoster"": ""loca73"", ""cmtContent"": "":王桑辛苦了"", ""cmtDate"": ""2023-05-16 00:49:00""}, {""cmtStatus"": ""推"", ""cmtPoster"": ""chemtcwu"", ""cmtContent"": "":我四月底回來就是睡平和島，坐03：00的接駁車到羽"", ""cmtDate"": ""2023-05-16 00:49:00""}, {""cmtStatus"": ""→"", ""cmtPoster"": ""chemtcwu"", ""cmtContent"": "":田"", ""cmtDate"": ""2023-05-16 00:49:00""}, {""cmtStatus"": ""推"", ""cmtPoster"": ""daphnehc"", ""cmtContent"": "":浮氣登入！這次都是壓秒壓線呢差一咪咪就要流浪"", ""cmtDate"": ""2023-05-16 00:51:00""}, {""cmtStatus"": ""→"", ""cmtPoster"": ""daphnehc"", ""cmtContent"": "":了"", ""cmtDate"": ""2023-05-16 00:51:00""}, {""cmtStatus"": ""→"", ""cmtPoster"": ""daphnehc"", ""cmtContent"": "":期待四月份的分享希望可以收藏一些推薦美食"", ""cmtDate"": ""2023-05-16 00:51:00""}, {""cmtStatus"": ""推"", ""cmtPoster"": ""kanna5566"", ""cmtContent"": "":重點在最後，謝謝王大分享"", ""cmtDate"": ""2023-05-16 01:12:00""}, {""cmtStatus"": ""推"", ""cmtPoster"": ""anfbaby"", ""cmtContent"": "":浮氣!!!!"", ""cmtDate"": ""2023-05-16 01:14:00""}, {""cmtStatus"": ""推"", ""cmtPoster"": ""Kamelie"", ""cmtContent"": "":浮氣!!!!"", ""cmtDate"": ""2023-05-16 01:28:00""}, {""cmtStatus"": ""推"", ""cmtPoster"": ""axsd"", ""cmtContent"": "":推推"", ""cmtDate"": ""2023-05-16 01:36:00""}, {""cmtStatus"": ""推"", ""cmtPoster"": ""uuma"", ""cmtContent"": "":浮氣!!!!"", ""cmtDate"": ""2023-05-16 01:37:00""}, {""cmtStatus"": ""推"", ""cmtPoster"": ""S890127"", ""cmtContent"": "":DD!!!!"", ""cmtDate"": ""2023-05-16 01:47:00""}, {""cmtStatus"": ""推"", ""cmtPoster"": ""lupinyoyo"", ""cmtContent"": "":浮氣!!!!"", ""cmtDate"": ""2023-05-16 02:08:00""}, {""cmtStatus"": ""推"", ""cmtPoster"": ""M0T0RFLYAIR"", ""cmtContent"": "":讚啦好久沒看到王桑的遊記文了"", ""cmtDate"": ""2023-05-16 02:15:00""}, {""cmtStatus"": ""推"", ""cmtPoster"": ""DANO1"", ""cmtContent"": "":臨時要打電話可用skype,日本市話手機都能撥打"", ""cmtDate"": ""2023-05-16 02:44:00""}, {""cmtStatus"": ""→"", ""cmtPoster"": ""DANO1"", ""cmtContent"": "":可即時線上買點數，即買即用"", ""cmtDate"": ""2023-05-16 02:45:00""}, {""cmtStatus"": ""推"", ""cmtPoster"": ""abc10808"", ""cmtContent"": "":王桑讚"", ""cmtDate"": ""2023-05-16 04:04:00""}, {""cmtStatus"": ""推"", ""cmtPoster"": ""Ikaruwill"", ""cmtContent"": "":推王董，很有參考價值的特攻經驗"", ""cmtDate"": ""2023-05-16 06:14:00""}, {""cmtStatus"": ""推"", ""cmtPoster"": ""ckinnn"", ""cmtContent"": "":推。王桑"", ""cmtDate"": ""2023-05-16 06:43:00""}, {""cmtStatus"": ""推"", ""cmtPoster"": ""raywilly"", ""cmtContent"": "":王桑！"", ""cmtDate"": ""2023-05-16 07:53:00""}, {""cmtStatus"": ""推"", ""cmtPoster"": ""aaheecuv"", ""cmtContent"": "":推推"", ""cmtDate"": ""2023-05-16 07:58:00""}, {""cmtStatus"": ""推"", ""cmtPoster"": ""brady3213456"", ""cmtContent"": "":推王桑"", ""cmtDate"": ""2023-05-16 08:01:00""}, {""cmtStatus"": ""推"", ""cmtPoster"": ""mitchellmi"", ""cmtContent"": "":推一個"", ""cmtDate"": ""2023-05-16 08:06:00""}, {""cmtStatus"": ""推"", ""cmtPoster"": ""kiwiwoo"", ""cmtContent"": "":推王桑"", ""cmtDate"": ""2023-05-16 08:08:00""}, {""cmtStatus"": ""推"", ""cmtPoster"": ""anneju"", ""cmtContent"": "":推推"", ""cmtDate"": ""2023-05-16 08:10:00""}, {""cmtStatus"": ""推"", ""cmtPoster"": ""osnyy2200"", ""cmtContent"": "":推推"", ""cmtDate"": ""2023-05-16 08:17:00""}, {""cmtStatus"": ""推"", ""cmtPoster"": ""RINPE"", ""cmtContent"": "":好奇王桑這樣算很暈船嗎？"", ""cmtDate"": ""2023-05-16 08:19:00""}, {""cmtStatus"": ""推"", ""cmtPoster"": ""penk"", ""cmtContent"": "":推"", ""cmtDate"": ""2023-05-16 08:23:00""}, {""cmtStatus"": ""推"", ""cmtPoster"": ""aapcao"", ""cmtContent"": "":推王桑NBA發文XD"", ""cmtDate"": ""2023-05-16 08:40:00""}, {""cmtStatus"": ""推"", ""cmtPoster"": ""FunkySoul"", ""cmtContent"": "":推浮氣"", ""cmtDate"": ""2023-05-16 09:04:00""}, {""cmtStatus"": ""推"", ""cmtPoster"": ""shindais"", ""cmtContent"": "":推王桑復活文"", ""cmtDate"": ""2023-05-16 09:05:00""}, {""cmtStatus"": ""推"", ""cmtPoster"": ""metallolly"", ""cmtContent"": "":好壓線的行程"", ""cmtDate"": ""2023-05-16 09:19:00""}, {""cmtStatus"": ""推"", ""cmtPoster"": ""tangmeme"", ""cmtContent"": "":看完來推王桑文"", ""cmtDate"": ""2023-05-16 09:20:00""}, {""cmtStatus"": ""推"", ""cmtPoster"": ""tsuneo"", ""cmtContent"": "":推..櫻空桃讚"", ""cmtDate"": ""2023-05-16 09:22:00""}, {""cmtStatus"": ""推"", ""cmtPoster"": ""yanagawa"", ""cmtContent"": "":推~王桑"", ""cmtDate"": ""2023-05-16 09:34:00""}, {""cmtStatus"": ""推"", ""cmtPoster"": ""iamsosmart"", ""cmtContent"": "":未看先推，謝謝"", ""cmtDate"": ""2023-05-16 09:49:00""}, {""cmtStatus"": ""推"", ""cmtPoster"": ""taiwanotaku"", ""cmtContent"": "":推一個~終於等到更新了"", ""cmtDate"": ""2023-05-16 09:59:00""}, {""cmtStatus"": ""推"", ""cmtPoster"": ""ksd7232"", ""cmtContent"": "":推王桑瘦超多"", ""cmtDate"": ""2023-05-16 10:01:00""}, {""cmtStatus"": ""推"", ""cmtPoster"": ""anarch"", ""cmtContent"": "":謝謝分享"", ""cmtDate"": ""2023-05-16 10:07:00""}, {""cmtStatus"": ""推"", ""cmtPoster"": ""yenralph"", ""cmtContent"": "":有看有推～"", ""cmtDate"": ""2023-05-16 10:10:00""}, {""cmtStatus"": ""推"", ""cmtPoster"": ""iddee"", ""cmtContent"": "":深夜方案是只能當天訂房嗎？"", ""cmtDate"": ""2023-05-16 10:12:00""}, {""cmtStatus"": ""推"", ""cmtPoster"": ""windpiece"", ""cmtContent"": "":王桑必推！"", ""cmtDate"": ""2023-05-16 10:16:00""}, {""cmtStatus"": ""推"", ""cmtPoster"": ""ritatasi"", ""cmtContent"": "":推～"", ""cmtDate"": ""2023-05-16 10:18:00""}, {""cmtStatus"": ""推"", ""cmtPoster"": ""fatestar"", ""cmtContent"": "":王桑推意外不少的行程XD"", ""cmtDate"": ""2023-05-16 10:31:00""}, {""cmtStatus"": ""→"", ""cmtPoster"": ""spring59673"", ""cmtContent"": "":現在的羽田深夜入境審查還要這麼久啊"", ""cmtDate"": ""2023-05-16 10:35:00""}, {""cmtStatus"": ""推"", ""cmtPoster"": ""hurry6513"", ""cmtContent"": "":好就沒看王桑發的文了推"", ""cmtDate"": ""2023-05-16 10:39:00""}, {""cmtStatus"": ""→"", ""cmtPoster"": ""afu46"", ""cmtContent"": "":最後一句XD又是浮氣現場"", ""cmtDate"": ""2023-05-16 10:41:00""}, {""cmtStatus"": ""推"", ""cmtPoster"": ""wrc0903"", ""cmtContent"": "":推期待看到王桑的旅遊文"", ""cmtDate"": ""2023-05-16 10:41:00""}, {""cmtStatus"": ""→"", ""cmtPoster"": ""tsuku"", ""cmtContent"": "":久不久是要看前後有沒有航班什麼的不是看幾點吧"", ""cmtDate"": ""2023-05-16 10:51:00""}, {""cmtStatus"": ""推"", ""cmtPoster"": ""power7"", ""cmtContent"": "":熱血啊"", ""cmtDate"": ""2023-05-16 11:08:00""}, {""cmtStatus"": ""推"", ""cmtPoster"": ""rocky9137"", ""cmtContent"": "":影迷+1"", ""cmtDate"": ""2023-05-16 11:31:00""}, {""cmtStatus"": ""推"", ""cmtPoster"": ""s1001234"", ""cmtContent"": "":王桑本人也變化很大，能臥推100kg真的很鬼了"", ""cmtDate"": ""2023-05-16 11:36:00""}, {""cmtStatus"": ""推"", ""cmtPoster"": ""casher"", ""cmtContent"": "":王桑推"", ""cmtDate"": ""2023-05-16 11:47:00""}, {""cmtStatus"": ""推"", ""cmtPoster"": ""hyde235"", ""cmtContent"": "":王桑必推"", ""cmtDate"": ""2023-05-16 11:49:00""}, {""cmtStatus"": ""推"", ""cmtPoster"": ""klein1211"", ""cmtContent"": "":槍手明年再來爭冠吧！咦歪樓"", ""cmtDate"": ""2023-05-16 11:56:00""}, {""cmtStatus"": ""推"", ""cmtPoster"": ""meiffy"", ""cmtContent"": "":推"", ""cmtDate"": ""2023-05-16 12:27:00""}, {""cmtStatus"": ""推"", ""cmtPoster"": ""HMKRL"", ""cmtContent"": "":哪家050是儲值啊？手上一門SmartTalk一門NTT都刷卡"", ""cmtDate"": ""2023-05-16 12:38:00""}, {""cmtStatus"": ""→"", ""cmtPoster"": ""HMKRL"", ""cmtContent"": "":但真的希望能活久一點不然pia帳號會無解…"", ""cmtDate"": ""2023-05-16 12:39:00""}, {""cmtStatus"": ""推"", ""cmtPoster"": ""Carrarese"", ""cmtContent"": "":麻美好正"", ""cmtDate"": ""2023-05-16 12:43:00""}, {""cmtStatus"": ""→"", ""cmtPoster"": ""siamn"", ""cmtContent"": "":新潟縣的だるまや，吃完麵還可以叫白飯來1麵2吃"", ""cmtDate"": ""2023-05-16 12:57:00""}, {""cmtStatus"": ""推"", ""cmtPoster"": ""narukaho"", ""cmtContent"": "":王桑推最後一句XD"", ""cmtDate"": ""2023-05-16 13:12:00""}, {""cmtStatus"": ""推"", ""cmtPoster"": ""liu10301234"", ""cmtContent"": "":推推"", ""cmtDate"": ""2023-05-16 14:01:00""}, {""cmtStatus"": ""推"", ""cmtPoster"": ""takabashi"", ""cmtContent"": "":嘴巴上大阪是本命身體倒很誠實在東京享齊人之福氣"", ""cmtDate"": ""2023-05-16 14:43:00""}, {""cmtStatus"": ""推"", ""cmtPoster"": ""heady"", ""cmtContent"": "":4月搭同班樂桃一樣也是入關排了一個多小時，出境凌"", ""cmtDate"": ""2023-05-16 15:08:00""}, {""cmtStatus"": ""→"", ""cmtPoster"": ""heady"", ""cmtContent"": "":晨兩點了累翻QQ"", ""cmtDate"": ""2023-05-16 15:08:00""}, {""cmtStatus"": ""推"", ""cmtPoster"": ""hueepf"", ""cmtContent"": "":請問王桑有換手機嗎？覺得這次的照片不太一樣XD"", ""cmtDate"": ""2023-05-16 15:45:00""}, {""cmtStatus"": ""推"", ""cmtPoster"": ""BigBird110"", ""cmtContent"": "":不只050連080也不給申請了現在好像是090?"", ""cmtDate"": ""2023-05-16 15:55:00""}, {""cmtStatus"": ""推"", ""cmtPoster"": ""littlewh1t3"", ""cmtContent"": "":推王桑，我是11號4點落地羽田，結果周遭日本人的手"", ""cmtDate"": ""2023-05-16 16:23:00""}, {""cmtStatus"": ""→"", ""cmtPoster"": ""littlewh1t3"", ""cmtContent"": "":機也都有在發出地震警報，而我手機裝上sim沒有收到"", ""cmtDate"": ""2023-05-16 16:23:00""}, {""cmtStatus"": ""→"", ""cmtPoster"": ""littlewh1t3"", ""cmtContent"": "":警報所以有印象XD"", ""cmtDate"": ""2023-05-16 16:23:00""}, {""cmtStatus"": ""推"", ""cmtPoster"": ""jerry8507"", ""cmtContent"": "":推王桑期待好久每次都會進日旅版刷有沒有王桑的新"", ""cmtDate"": ""2023-05-16 16:25:00""}, {""cmtStatus"": ""→"", ""cmtPoster"": ""jerry8507"", ""cmtContent"": "":文章"", ""cmtDate"": ""2023-05-16 16:25:00""}, {""cmtStatus"": ""推"", ""cmtPoster"": ""GTR12534"", ""cmtContent"": "":Skype的050還能申請"", ""cmtDate"": ""2023-05-16 16:37:00""}, {""cmtStatus"": ""推"", ""cmtPoster"": ""piaolz"", ""cmtContent"": "":推"", ""cmtDate"": ""2023-05-16 16:46:00""}, {""cmtStatus"": ""推"", ""cmtPoster"": ""tfads543"", ""cmtContent"": "":終於有了知道王桑去日本就開始等更新XD"", ""cmtDate"": ""2023-05-16 16:56:00""}, {""cmtStatus"": ""推"", ""cmtPoster"": ""TSMCfabXX"", ""cmtContent"": "":實習生真可愛"", ""cmtDate"": ""2023-05-16 17:42:00""}, {""cmtStatus"": ""推"", ""cmtPoster"": ""nairod"", ""cmtContent"": "":一定是本命的怨念導致此行大小波折不斷XD"", ""cmtDate"": ""2023-05-16 18:06:00""}, {""cmtStatus"": ""推"", ""cmtPoster"": ""lucifero"", ""cmtContent"": "":就是推一個"", ""cmtDate"": ""2023-05-16 18:07:00""}, {""cmtStatus"": ""→"", ""cmtPoster"": ""nairod"", ""cmtContent"": "":天使:「お前また浮気なの？天罰を受けろ！」"", ""cmtDate"": ""2023-05-16 18:09:00""}, {""cmtStatus"": ""推"", ""cmtPoster"": ""pokechu31"", ""cmtContent"": "":推王桑，很喜歡看您的文"", ""cmtDate"": ""2023-05-16 19:01:00""}, {""cmtStatus"": ""推"", ""cmtPoster"": ""meatballisme"", ""cmtContent"": "":有一日（？）特攻文就是推，另外東橫羽田早餐看起來"", ""cmtDate"": ""2023-05-16 20:57:00""}, {""cmtStatus"": ""→"", ""cmtPoster"": ""meatballisme"", ""cmtContent"": "":也太好吃了吧"", ""cmtDate"": ""2023-05-16 20:57:00""}, {""cmtStatus"": ""推"", ""cmtPoster"": ""LedZeppelin"", ""cmtContent"": "":話說麻婆豆腐麵上面那一塊是炸豬排嗎"", ""cmtDate"": ""2023-05-16 21:18:00""}, {""cmtStatus"": ""→"", ""cmtPoster"": ""starfishfish"", ""cmtContent"": "":王桑晚安"", ""cmtDate"": ""2023-05-16 21:36:00""}, {""cmtStatus"": ""推"", ""cmtPoster"": ""wangks"", ""cmtContent"": "":王桑沒有準備行李秤嗎？"", ""cmtDate"": ""2023-05-16 21:42:00""}, {""cmtStatus"": ""推"", ""cmtPoster"": ""oldman315"", ""cmtContent"": "":推"", ""cmtDate"": ""2023-05-16 21:53:00""}, {""cmtStatus"": ""推"", ""cmtPoster"": ""whitelime"", ""cmtContent"": "":推～～本週好好享受演唱會"", ""cmtDate"": ""2023-05-16 23:21:00""}, {""cmtStatus"": ""推"", ""cmtPoster"": ""jtr6208"", ""cmtContent"": "":王桑練這麼壯搭樂桃不會很辛苦嗎？"", ""cmtDate"": ""2023-05-16 23:24:00""}, {""cmtStatus"": ""推"", ""cmtPoster"": ""starfishfish"", ""cmtContent"": "":王桑現在有再喝乳清嗎？"", ""cmtDate"": ""2023-05-16 23:26:00""}, {""cmtStatus"": ""推"", ""cmtPoster"": ""WK7er"", ""cmtContent"": "":王桑~好久沒聽本命唱歌了XD"", ""cmtDate"": ""2023-05-16 23:44:00""}, {""cmtStatus"": ""推"", ""cmtPoster"": ""Beckhan"", ""cmtContent"": "":王桑專業推"", ""cmtDate"": ""2023-05-16 23:48:00""}, {""cmtStatus"": ""推"", ""cmtPoster"": ""xxjjin"", ""cmtContent"": "":跟王桑坐同班飛機，看到入境人數的時候真的傻眼，一"", ""cmtDate"": ""2023-05-17 01:36:00""}, {""cmtStatus"": ""→"", ""cmtPoster"": ""xxjjin"", ""cmtContent"": "":開始準時降落的時候還開心一下的說"", ""cmtDate"": ""2023-05-17 01:36:00""}, {""cmtStatus"": ""→"", ""cmtPoster"": ""tomsawyer"", ""cmtContent"": "":skype餘額可以用微軟點數換只要平常在bing搜尋就"", ""cmtDate"": ""2023-05-17 03:19:00""}, {""cmtStatus"": ""→"", ""cmtPoster"": ""tomsawyer"", ""cmtContent"": "":能累積點數很快就能換60臺幣餘額"", ""cmtDate"": ""2023-05-17 03:19:00""}, {""cmtStatus"": ""推"", ""cmtPoster"": ""wesley933"", ""cmtContent"": "":一泊四日驚"", ""cmtDate"": ""2023-05-17 08:13:00""}, {""cmtStatus"": ""推"", ""cmtPoster"": ""themomo12"", ""cmtContent"": "":王桑文都先推再看XDD"", ""cmtDate"": ""2023-05-17 13:16:00""}, {""cmtStatus"": ""推"", ""cmtPoster"": ""ray0808"", ""cmtContent"": "":推，看了都覺得跟著一起愉快"", ""cmtDate"": ""2023-05-17 17:40:00""}, {""cmtStatus"": ""推"", ""cmtPoster"": ""starfishfish"", ""cmtContent"": "":哈...王桑和你一樣我也每天3杯"", ""cmtDate"": ""2023-05-17 18:52:00""}, {""cmtStatus"": ""→"", ""cmtPoster"": ""starfishfish"", ""cmtContent"": "":有重訓的每日蛋白質攝取應該是體重的1.5~2.5倍公克"", ""cmtDate"": ""2023-05-17 18:53:00""}, {""cmtStatus"": ""→"", ""cmtPoster"": ""starfishfish"", ""cmtContent"": "":數沒錯"", ""cmtDate"": ""2023-05-17 18:53:00""}, {""cmtStatus"": ""推"", ""cmtPoster"": ""kenny04s"", ""cmtContent"": "":推推！遇到地震也太驚嚇了！！"", ""cmtDate"": ""2023-05-17 20:43:00""}, {""cmtStatus"": ""推"", ""cmtPoster"": ""anarch"", ""cmtContent"": "":好壯！再練幾年就可以三指撐地的空中土下座...."", ""cmtDate"": ""2023-05-18 10:58:00""}, {""cmtStatus"": ""推"", ""cmtPoster"": ""hsiaolumei"", ""cmtContent"": "":咦咦咦？看到活動拍立得，王桑變化也太大。太厲害"", ""cmtDate"": ""2023-05-18 11:28:00""}, {""cmtStatus"": ""推"", ""cmtPoster"": ""quaketw"", ""cmtContent"": "":推"", ""cmtDate"": ""2023-05-18 12:36:00""}, {""cmtStatus"": ""→"", ""cmtPoster"": ""TheoEpstein"", ""cmtContent"": "":等一下空中土下座什麼"", ""cmtDate"": ""2023-05-18 16:23:00""}]",36.226.170.173,2023-05-16 01:46:15,ptt
115,https://www.ptt.cc/bbs/Japan_Travel/M.1684198206.A.65A.html,[遊記]銀座超大18坪房間！萬豪ACHotel,2023-05-16 08:50:00,HeSit,Japan_Travel,"造訪日期：2023/03
https://i.imgur.com/N0BSmHz.jpg
Hi大家好！
想分享這次跟媽媽出遊在東京選擇的住宿～
･飯店介紹
AC Hotel Ginza(ACホテル東京銀座)位於熱鬧的銀座中心，
於2020年7月開幕，
是萬豪AC Hotel在日本的第一間酒店。

距離銀座站走路約4分鐘，
距離東銀座站走路約3分鐘，
我們從羽田機場搭計程車過去也只要18分鐘，
交通位置非常方便。
另外，利木津巴士也有停隔壁同為萬豪集團的Courtyard。
https://i.imgur.com/FyXYjXF.jpg
這次住宿我是使用萬豪點數每晚4萬點兌換兩晚基本房，
再壓了兩張套房券指定升等到雙床的premium guest room(プレミアム2ツイン)，
在入住前一週有收到email確認升等成功。
https://i.imgur.com/hNsLFim.jpg
Premium room和基本房現金價落差不算太大，
壓套房券其實沒有很划算。
但premium room房間大小為60平方公尺(約18坪!!)，
私心覺得以銀座來說是很難得的房間大小，
主要是希望我媽住的舒服點這樣～
･開箱
https://i.imgur.com/oBtk42U.jpg
好的那我們直接進入飯店開箱！
AC Hotel屬於萬豪旗下品牌，
主打現代商務的風格，
萬豪將其分類成精選(select)品牌，
同分類的品牌還有萬怡(Courtyard)和雅樂軒(Aloft)。
https://i.imgur.com/nrxBfAn.jpg
https://i.imgur.com/jNv88rR.jpg
飯店一樓有接待大廳、AC Kitchen、和AC Bar，
其中AC Kitchen也是吃早餐的餐廳。
接待人員蠻友善的，英文溝通也完全沒問題，
不論是詢問飯店資訊、要瓶裝水、或請飯店叫計程車都ok，
也有主動詢問是否要提供白金會員的延遲退房(4pm)福利。
https://i.imgur.com/5csLVJE.jpg
我們的房間在最高樓層14樓，
出電梯後需要再通過一個寫著premium floor的厚重拉門，
但也沒有門禁，不大知道設置的意義為何。
https://i.imgur.com/nHrKHuf.jpg
https://i.imgur.com/EGy2cll.jpg
進門後第一印象是房間真的蠻大的，
沈穩木質調裝潢也挺舒服。
進門左手邊是雙床和吧台區，
右手邊則是沙發區和工作桌。
唯一值得抱怨的是日式紙窗感覺好脆弱，
在開關窗時真的很怕會弄破('・ω・')
https://i.imgur.com/7ywQURL.jpg
雙床都是queen size的，
感覺睡四個人也完全沒問題～
但可能要跟飯店確認一下房間最多入住人數！
https://i.imgur.com/3vKoEjP.jpg
浴室有雙洗手槽、梳妝台、淋浴間、廁所、和超大浴缸，
整體乾淨舒適，浴室色調也是走沈穩風格。
https://i.imgur.com/0PyZJqb.jpg
淋浴間有花灑和蓮蓬頭，
使用的沐浴用品是來自希臘的Korres，
整體浴室的設計使用了很多大理石。
https://i.imgur.com/Xj6HSKM.jpg
值得一提的是浴缸超級大！
在努力逛街走行程後回房間泡澡真的非常享受(・∀・)b
https://i.imgur.com/oSVCKLT.jpg
備品準備的也很完善，
有牙刷、大小梳子、浴帽、化妝棉、棉花棒、刮鬍刀等。
https://i.imgur.com/MNZs0KV.jpg
除了梳妝台，浴室對面還有衣櫃區和連身鏡～
是說有梳妝台真的很加分呀！
https://i.imgur.com/NdHuxb9.jpg
衣櫃區域有手持掛燙機、套裝芳香噴霧、皮革護理套組、和衣物送洗袋。
https://i.imgur.com/LsDxES5.jpg
除了浴室掛著的黑色浴袍，
衣櫃區還有另一套夏季睡衣，
也有提供室內拖鞋。
https://i.imgur.com/lgRiukR.jpg
附上14樓平面圖，
可以看出premium room比一般客房大上不少。
･早餐
https://i.imgur.com/zclGAc3.jpg
早餐位於AC kitchen，
要注意萬豪白金會員的早餐福利不論連續入住幾天都只有""一天""有免費早餐，
我是第一次碰到萬豪飯店有這種神奇的規定o'-'o
https://i.imgur.com/qbFDh5i.jpg
但早餐的種類挺豐富的，
除了點餐的部分，
自助吧台選擇很多也都挺好吃的。

熟食區有香腸、培根、薯條、燒賣、煎餃、花椰菜、鹽燒鯖魚、烤鮭魚、菠菜蘑菇鹹派、和味增湯。
https://i.imgur.com/wv4NXRS.jpg
這區有現打果汁、罐裝果汁、玉子燒、雞蛋、燻鴨胸、臘腸、納豆、漬物、梅子等。
https://i.imgur.com/XnTk5y0.jpg
另一個冷藏區則有沙拉、燻鮭魚、水果、優格、蛋撻、蛋糕、奇亞籽布丁、紅酒果凍等。
https://i.imgur.com/DX3OSom.jpg
中間的檯面有果汁、牛奶、各式麥片、蜂蜜、果醬。
https://i.imgur.com/vFNtRjE.jpg
檯面的另一邊則有各式麵包～
有吐司、可頌、紅豆麵包、甜甜圈、卡士達丹麥、巧克力麵包、小鬆餅、吉拿棒等。
https://i.imgur.com/QKqya5A.jpg
其中的甜甜圈盒子超級可愛的！

附上我沒有時間去的Roof Terrace和健身房(照片取自官網)：
https://i.imgur.com/viX05H2.jpg
https://i.imgur.com/ir6loiy.jpg
https://i.imgur.com/jyYWtxf.jpg
總之整體我覺得還不錯！
可能是因為2020開幕後就遇上疫情，
飯店整體非常新穎乾淨，
而且位置很好，去銀座逛街真的超級方便！
如果逛街走累了也可以先回飯店休息～
Premium guest room大小跟內裝也很不錯，
推薦給大家～～
看了一下google map銀座Dormy Inn的確在對面沒錯！XD
萬豪AC頂樓照片看起來真的挺不錯的！
但我去之前沒認真做功課，當時太忙就沒上去了QQ
回來後看照片才發現似乎視野很好>\\\<","[{""cmtStatus"": ""推"", ""cmtPoster"": ""TT"", ""cmtContent"": "":這間好像那天我從銀座Dormy樓頂看過去在對面"", ""cmtDate"": ""2023-05-16 09:04:00""}, {""cmtStatus"": ""→"", ""cmtPoster"": ""TT"", ""cmtContent"": "":頂樓層我猜應該也是房卡有鎖樓層"", ""cmtDate"": ""2023-05-16 09:05:00""}, {""cmtStatus"": ""推"", ""cmtPoster"": ""TT"", ""cmtContent"": "":可惜當初看起來萬豪的頂樓空間視野比較好XD"", ""cmtDate"": ""2023-05-16 10:00:00""}, {""cmtStatus"": ""推"", ""cmtPoster"": ""TT"", ""cmtContent"": "":感謝分享，這次住完也是發現家庭旅行大空間需求高"", ""cmtDate"": ""2023-05-16 12:46:00""}]",24.5.152.232,2023-05-17 01:47:17,ptt
116,https://www.ptt.cc/bbs/Japan_Travel/M.1684199430.A.500.html,[遊記]名古屋行程分享,2023-05-16 09:10:28,appear25,Japan_Travel,"因為名古屋的資料比較少，所以想分享一些經驗讓有需要的人可以參考，若不是追求精品
一條街或藥妝一條街的旅遊行程，其實名古屋比大阪或東京更適合旅遊。

更新兩件事
1. 名古屋車站太閣通口出去有很多東西吃，千里馬藥局也在這一邊，不過我比較習慣去
大國藥局
2. SUICA 支付在百貨公司跟outlet 吃不開，還是要靠信用卡，但是街上的超商、吃飯應
該都是沒問題。不過我個人比較常用 ICOCA，名古屋這邊可能比較少接觸，很多店都會以
為是信用卡。

2016/9  名古屋-琵琶湖-大阪的城池巡禮
2018/1  名古屋-金澤-合掌村-高山的雪景
2019/6  名古屋市週邊巡禮
2023/5  名古屋-松本-諏訪湖-伊勢

四次的名古屋之旅有幾個點是都有造訪的
1. JR GATE TOWER 15F 星巴克
2. 綠洲21
3. 名古屋城(目前整修中不推薦再訪)
4. 名古屋港水族館
這幾個地方網路介紹很多，我是還蠻喜歡的。

分享幾個一日行程是在同一個區域可以省交通費的
1. 犬山城+明治村 or 犬山城+野外民族博物館
2. 名古屋港水族館+名古屋市科學館+lalaport名古屋港
3. 吉卜力公園+豐田博物館+星が丘週邊
這幾個地方也是在網路上有很多資料就不特別介紹

有幾個點是值得一去的
1. 熱田神宮
2. 豐田產業技術紀念館
3. 鐵道博物館+樂高樂園(個人沒興趣就沒去過了)
4. 岐阜城 (從城上看長良川的景色很棒)

遠一點的行程
1. 利用高速巴士去松本
2. 利用JR or 高速巴士前往高山、北陸
3. 利用近鐵前往伊勢 or 琵琶湖

市區逛街購物的話有幾個區域
1. 名古屋車站～久屋大通(包含久屋大通公園)
2. 伏見~榮
3. 大須觀音(建議假日去)

其實把名古屋當作是進階版的札幌就很好理解
車站不遠都有一個長條狀公園，公園中會有電視塔，熱鬧的地方就在公園到車站這段區域
，週邊車程1～3小時都有足夠的景點可以去。
在名古屋比較沒有急迫感跟充斥太多外國遊客，這裡反而能兼具旅遊與貼近當地生活。
","[{""cmtStatus"": ""推"", ""cmtPoster"": ""tigertiger"", ""cmtContent"": "":推今年也要去岐阜"", ""cmtDate"": ""2023-05-16 09:10:28""}, {""cmtStatus"": ""→"", ""cmtPoster"": ""ritatasi"", ""cmtContent"": "":推"", ""cmtDate"": ""2023-05-16 09:10:28""}, {""cmtStatus"": ""推"", ""cmtPoster"": ""c543020"", ""cmtContent"": "":推"", ""cmtDate"": ""2023-05-16 09:10:28""}, {""cmtStatus"": ""→"", ""cmtPoster"": ""hikari22"", ""cmtContent"": "":岐阜城景觀屌打大阪城10倍有，真不唬"", ""cmtDate"": ""2023-05-16 09:10:28""}, {""cmtStatus"": ""推"", ""cmtPoster"": ""ha0118"", ""cmtContent"": "":推"", ""cmtDate"": ""2023-05-16 09:10:28""}, {""cmtStatus"": ""推"", ""cmtPoster"": ""hikari22"", ""cmtContent"": "":大須觀音旁有個條通忘了啥名.裡面商店街東西很便宜"", ""cmtDate"": ""2023-05-16 09:10:28""}, {""cmtStatus"": ""推"", ""cmtPoster"": ""Xiang213"", ""cmtContent"": "":推暑假要去，很棒的資訊"", ""cmtDate"": ""2023-05-16 09:10:28""}, {""cmtStatus"": ""推"", ""cmtPoster"": ""phoebe9729"", ""cmtContent"": "":謝謝分享！"", ""cmtDate"": ""2023-05-16 09:10:28""}, {""cmtStatus"": ""推"", ""cmtPoster"": ""kate893044"", ""cmtContent"": "":推！名古屋可延伸很多條路線"", ""cmtDate"": ""2023-05-16 09:10:28""}, {""cmtStatus"": ""推"", ""cmtPoster"": ""giney"", ""cmtContent"": "":請問大須觀音為什麼建議假日去呢？"", ""cmtDate"": ""2023-05-16 09:10:28""}, {""cmtStatus"": ""推"", ""cmtPoster"": ""bzqq"", ""cmtContent"": "":推!想請問如果只有2天在市區有推薦的住宿位置嗎"", ""cmtDate"": ""2023-05-16 09:10:28""}, {""cmtStatus"": ""推"", ""cmtPoster"": ""feeling1027"", ""cmtContent"": "":名古屋在住感謝你的推薦(・∀・)"", ""cmtDate"": ""2023-05-16 09:10:28""}, {""cmtStatus"": ""推"", ""cmtPoster"": ""hyde235"", ""cmtContent"": "":大須觀音推假日，應該是商店街有些平日沒開或很早關"", ""cmtDate"": ""2023-05-16 09:10:28""}, {""cmtStatus"": ""推"", ""cmtPoster"": ""littleme1125"", ""cmtContent"": "":懷念名古屋的味噌豬排"", ""cmtDate"": ""2023-05-16 09:10:28""}, {""cmtStatus"": ""推"", ""cmtPoster"": ""jakert123"", ""cmtContent"": "":名古屋城有預計整修到什麼時候嗎？"", ""cmtDate"": ""2023-05-16 09:10:28""}, {""cmtStatus"": ""推"", ""cmtPoster"": ""w26236196"", ""cmtContent"": "":台中可飛名古屋了感謝參考"", ""cmtDate"": ""2023-05-16 12:03:00""}, {""cmtStatus"": ""推"", ""cmtPoster"": ""kevin600339"", ""cmtContent"": "":謝謝分享！！！"", ""cmtDate"": ""2023-05-16 09:10:28""}, {""cmtStatus"": ""→"", ""cmtPoster"": ""kevin600339"", ""cmtContent"": "":請問合掌村可以當天來回嗎......"", ""cmtDate"": ""2023-05-16 12:25:00""}, {""cmtStatus"": ""推"", ""cmtPoster"": ""coolericliu"", ""cmtContent"": "":感謝分享最近要去"", ""cmtDate"": ""2023-05-16 09:10:28""}, {""cmtStatus"": ""推"", ""cmtPoster"": ""ilovekobe824"", ""cmtContent"": "":因為大須假日去招財貓前會有地下偶像快閃表演"", ""cmtDate"": ""2023-05-16 09:10:28""}, {""cmtStatus"": ""推"", ""cmtPoster"": ""ilovekobe824"", ""cmtContent"": "":不然就是有些店有假日特賣"", ""cmtDate"": ""2023-05-16 09:10:28""}, {""cmtStatus"": ""推"", ""cmtPoster"": ""loca73"", ""cmtContent"": "":大須觀音每月18/28號會有古董市集"", ""cmtDate"": ""2023-05-16 09:10:28""}, {""cmtStatus"": ""推"", ""cmtPoster"": ""alamabarry"", ""cmtContent"": "":感謝分享"", ""cmtDate"": ""2023-05-16 09:10:28""}, {""cmtStatus"": ""推"", ""cmtPoster"": ""sdes7237"", ""cmtContent"": "":謝謝分享！正在為行程焦慮中"", ""cmtDate"": ""2023-05-16 09:10:28""}, {""cmtStatus"": ""推"", ""cmtPoster"": ""cyminum"", ""cmtContent"": "":超愛明智村跟野外民族博物館！古道馬籠，妻籠也可"", ""cmtDate"": ""2023-05-16 09:10:28""}, {""cmtStatus"": ""→"", ""cmtPoster"": ""cyminum"", ""cmtContent"": "":當日往返"", ""cmtDate"": ""2023-05-16 09:10:28""}, {""cmtStatus"": ""推"", ""cmtPoster"": ""kelopi"", ""cmtContent"": "":感謝推薦不過點進來看以前還以為要介紹名古屋景點"", ""cmtDate"": ""2023-05-16 09:10:28""}, {""cmtStatus"": ""→"", ""cmtPoster"": ""kelopi"", ""cmtContent"": "":結果比較像是“飛名古屋可以去的景點”’"", ""cmtDate"": ""2023-05-16 09:10:28""}, {""cmtStatus"": ""→"", ""cmtPoster"": ""tigertiger"", ""cmtContent"": "":虎航台中飛名古屋這線根本還搜尋不到只有新聞..."", ""cmtDate"": ""2023-05-16 09:10:28""}, {""cmtStatus"": ""推"", ""cmtPoster"": ""levs"", ""cmtContent"": "":明治村每年二月底到七月底有辦偵探解謎遊戲"", ""cmtDate"": ""2023-05-16 09:10:28""}, {""cmtStatus"": ""→"", ""cmtPoster"": ""appear25"", ""cmtContent"": "":大須觀音平日去有些店沒開，人也不多逛起來很沒感"", ""cmtDate"": ""2023-05-16 09:10:28""}, {""cmtStatus"": ""→"", ""cmtPoster"": ""appear25"", ""cmtContent"": "":覺，所以建議假日去"", ""cmtDate"": ""2023-05-16 09:10:28""}, {""cmtStatus"": ""→"", ""cmtPoster"": ""levs"", ""cmtContent"": "":日文有一級的人可以挑戰看看"", ""cmtDate"": ""2023-05-16 09:10:28""}, {""cmtStatus"": ""→"", ""cmtPoster"": ""appear25"", ""cmtContent"": "":合掌村當天來回是可以的，不過如果是要看雪景，在合"", ""cmtDate"": ""2023-05-16 09:10:28""}, {""cmtStatus"": ""→"", ""cmtPoster"": ""appear25"", ""cmtContent"": "":掌村或高山住一天也不錯"", ""cmtDate"": ""2023-05-16 13:53:00""}, {""cmtStatus"": ""推"", ""cmtPoster"": ""levs"", ""cmtContent"": "":野外民族博物館有台灣小館每年印製宣傳單都是印台"", ""cmtDate"": ""2023-05-16 09:10:28""}, {""cmtStatus"": ""→"", ""cmtPoster"": ""levs"", ""cmtContent"": "":灣(ROC)的國旗，沒在怕對岸打壓的。"", ""cmtDate"": ""2023-05-16 13:56:00""}, {""cmtStatus"": ""→"", ""cmtPoster"": ""levs"", ""cmtContent"": "":有興趣的人可以去逛逛支持一下。園區內可以穿各國民"", ""cmtDate"": ""2023-05-16 09:10:28""}, {""cmtStatus"": ""→"", ""cmtPoster"": ""levs"", ""cmtContent"": "":族的衣服體驗(明治村也可以)。"", ""cmtDate"": ""2023-05-16 09:10:28""}, {""cmtStatus"": ""→"", ""cmtPoster"": ""levs"", ""cmtContent"": "":(明治村是明治時代風格不是世界風)"", ""cmtDate"": ""2023-05-16 09:10:28""}, {""cmtStatus"": ""→"", ""cmtPoster"": ""levs"", ""cmtContent"": "":謝謝原PO分享"", ""cmtDate"": ""2023-05-16 13:58:00""}, {""cmtStatus"": ""推"", ""cmtPoster"": ""nolimits"", ""cmtContent"": "":台中應該只有包機吧？"", ""cmtDate"": ""2023-05-16 09:10:28""}, {""cmtStatus"": ""推"", ""cmtPoster"": ""earny"", ""cmtContent"": "":合掌村可當日來回，在車站有高速巴士可搭乘。"", ""cmtDate"": ""2023-05-16 09:10:28""}, {""cmtStatus"": ""推"", ""cmtPoster"": ""icemilkgreen"", ""cmtContent"": "":謝謝原PO分享"", ""cmtDate"": ""2023-05-16 09:10:28""}, {""cmtStatus"": ""推"", ""cmtPoster"": ""ZhengShu"", ""cmtContent"": "":超級大推岐阜城(稻葉山城)!!!"", ""cmtDate"": ""2023-05-16 09:10:28""}, {""cmtStatus"": ""推"", ""cmtPoster"": ""helloaoc"", ""cmtContent"": "":合掌村可以當日來回"", ""cmtDate"": ""2023-05-16 09:10:28""}, {""cmtStatus"": ""→"", ""cmtPoster"": ""wahaha2005"", ""cmtContent"": "":名古屋城原本的天守閣因老化而決定重建，由於近年的"", ""cmtDate"": ""2023-05-16 09:10:28""}, {""cmtStatus"": ""→"", ""cmtPoster"": ""wahaha2005"", ""cmtContent"": "":趨勢是木造復原天守閣，原本預計2019年開始拆卸，"", ""cmtDate"": ""2023-05-16 09:10:28""}, {""cmtStatus"": ""→"", ""cmtPoster"": ""wahaha2005"", ""cmtContent"": "":2022年完成，結果拖到2023年還未開始拆卸，現在估計"", ""cmtDate"": ""2023-05-16 09:10:28""}, {""cmtStatus"": ""→"", ""cmtPoster"": ""wahaha2005"", ""cmtContent"": "":要2032年才完成wwww"", ""cmtDate"": ""2023-05-16 09:10:28""}, {""cmtStatus"": ""→"", ""cmtPoster"": ""sillyputty"", ""cmtContent"": "":請問roger大的這個龍貓咖啡廳在哪裡呢？吉卜力公園"", ""cmtDate"": ""2023-05-16 09:10:28""}, {""cmtStatus"": ""→"", ""cmtPoster"": ""sillyputty"", ""cmtContent"": "":？"", ""cmtDate"": ""2023-05-16 09:10:28""}, {""cmtStatus"": ""推"", ""cmtPoster"": ""a502152000"", ""cmtContent"": "":感謝分享有打算去看岐阜城"", ""cmtDate"": ""2023-05-16 09:10:28""}, {""cmtStatus"": ""推"", ""cmtPoster"": ""icemilkgreen"", ""cmtContent"": "":請問當晚住下呂，早上安排岐阜城還是犬山城好?謝謝"", ""cmtDate"": ""2023-05-16 09:10:28""}, {""cmtStatus"": ""推"", ""cmtPoster"": ""kakashi71"", ""cmtContent"": "":感謝分享這篇我要存起來"", ""cmtDate"": ""2023-05-16 09:10:28""}, {""cmtStatus"": ""推"", ""cmtPoster"": ""glen"", ""cmtContent"": "":建議早上爬岐阜城因為他的地勢真的很高路面階梯陡"", ""cmtDate"": ""2023-05-16 09:10:28""}, {""cmtStatus"": ""→"", ""cmtPoster"": ""glen"", ""cmtContent"": "":早上搭纜車到半山腰再開始爬會比較輕鬆涼快"", ""cmtDate"": ""2023-05-16 16:29:00""}, {""cmtStatus"": ""推"", ""cmtPoster"": ""icemilkgreen"", ""cmtContent"": "":抱歉問法不好，是早上從名古屋出發岐阜城犬山城擇一"", ""cmtDate"": ""2023-05-16 17:20:00""}, {""cmtStatus"": ""→"", ""cmtPoster"": ""icemilkgreen"", ""cmtContent"": "":，希望四點左右到下呂温泉住宿依到下呂交通便利跟"", ""cmtDate"": ""2023-05-16 17:21:00""}, {""cmtStatus"": ""→"", ""cmtPoster"": ""icemilkgreen"", ""cmtContent"": "":爬城逛城下町時間選擇去哪個城好，萬分感謝"", ""cmtDate"": ""2023-05-16 17:21:00""}, {""cmtStatus"": ""→"", ""cmtPoster"": ""appear25"", ""cmtContent"": "":單就交通順這點的話，假設是坐JR到下呂，那岐阜城"", ""cmtDate"": ""2023-05-16 17:51:00""}, {""cmtStatus"": ""→"", ""cmtPoster"": ""appear25"", ""cmtContent"": "":比較好，因為岐阜站就在高山本線上。不過岐阜城這"", ""cmtDate"": ""2023-05-16 17:51:00""}, {""cmtStatus"": ""→"", ""cmtPoster"": ""appear25"", ""cmtContent"": "":個點很看人，從名古屋坐名鐵到岐阜站，再轉公車到"", ""cmtDate"": ""2023-05-16 17:51:00""}, {""cmtStatus"": ""→"", ""cmtPoster"": ""appear25"", ""cmtContent"": "":金華山公園坐纜車上山，時間不趕又沒有特別規劃可以"", ""cmtDate"": ""2023-05-16 17:51:00""}, {""cmtStatus"": ""→"", ""cmtPoster"": ""appear25"", ""cmtContent"": "":去看看。分享一張照片讓你看看有沒有價值。https:/"", ""cmtDate"": ""2023-05-16 17:51:00""}, {""cmtStatus"": ""→"", ""cmtPoster"": ""appear25"", ""cmtContent"": "":/i.imgur.com/QVTXlYn.jpg"", ""cmtDate"": ""2023-05-16 17:51:00""}, {""cmtStatus"": ""推"", ""cmtPoster"": ""Softrella"", ""cmtContent"": "":那個星巴克讚讚幾乎每次都會去也大都有位置"", ""cmtDate"": ""2023-05-16 18:03:00""}, {""cmtStatus"": ""推"", ""cmtPoster"": ""Softrella"", ""cmtContent"": "":同意最後那一段，名古屋很適合不那麼緊湊的旅遊"", ""cmtDate"": ""2023-05-16 18:07:00""}, {""cmtStatus"": ""→"", ""cmtPoster"": ""glen"", ""cmtContent"": "":以前有去過一次早上岐阜城下午犬山城行程時間表"", ""cmtDate"": ""2023-05-16 19:21:00""}, {""cmtStatus"": ""推"", ""cmtPoster"": ""glen"", ""cmtContent"": "":然後名鐵犬山線的新鵜沼站可走到JR鵜沼站接高山本線"", ""cmtDate"": ""2023-05-16 19:25:00""}, {""cmtStatus"": ""→"", ""cmtPoster"": ""glen"", ""cmtContent"": "":就可以直接搭到下呂溫泉"", ""cmtDate"": ""2023-05-16 19:26:00""}, {""cmtStatus"": ""→"", ""cmtPoster"": ""glen"", ""cmtContent"": "":等於名鐵岐阜->犬山遊園->新鵜沼->下呂"", ""cmtDate"": ""2023-05-16 19:28:00""}, {""cmtStatus"": ""→"", ""cmtPoster"": ""glen"", ""cmtContent"": "":岐阜城天守視野真的可以理解信長公說的天下布武"", ""cmtDate"": ""2023-05-16 19:39:00""}, {""cmtStatus"": ""→"", ""cmtPoster"": ""appear25"", ""cmtContent"": "":戰國控一定要來，第一次來名古屋的時候就跑了七八"", ""cmtDate"": ""2023-05-16 19:44:00""}, {""cmtStatus"": ""→"", ""cmtPoster"": ""appear25"", ""cmtContent"": "":個城，最遠去了岡崎城"", ""cmtDate"": ""2023-05-16 19:44:00""}, {""cmtStatus"": ""推"", ""cmtPoster"": ""wesley933"", ""cmtContent"": "":謝謝分享"", ""cmtDate"": ""2023-05-16 19:54:00""}, {""cmtStatus"": ""推"", ""cmtPoster"": ""yichunchen"", ""cmtContent"": "":豐田產業技術紀念館蠻有趣的"", ""cmtDate"": ""2023-05-16 20:28:00""}, {""cmtStatus"": ""推"", ""cmtPoster"": ""icemilkgreen"", ""cmtContent"": "":謝謝板大跟G大分享，很受用。請問G大那樣的行程一"", ""cmtDate"": ""2023-05-16 20:40:00""}, {""cmtStatus"": ""→"", ""cmtPoster"": ""icemilkgreen"", ""cmtContent"": "":天不會太趕嗎XD"", ""cmtDate"": ""2023-05-16 20:40:00""}, {""cmtStatus"": ""→"", ""cmtPoster"": ""imlavender"", ""cmtContent"": "":虎航台中名古屋是旅行社包機,有跟沒有一樣"", ""cmtDate"": ""2023-05-16 20:59:00""}, {""cmtStatus"": ""推"", ""cmtPoster"": ""humanskull"", ""cmtContent"": "":岐阜城風景真的讚我去過日本城前幾名"", ""cmtDate"": ""2023-05-16 22:39:00""}, {""cmtStatus"": ""推"", ""cmtPoster"": ""glen"", ""cmtContent"": "":我自己是覺得不會太趕一個景點都留兩小時以上"", ""cmtDate"": ""2023-05-16 23:29:00""}, {""cmtStatus"": ""→"", ""cmtPoster"": ""glen"", ""cmtContent"": "":但就會以主景點優先周圍的小神社跟地方就看一下"", ""cmtDate"": ""2023-05-16 23:31:00""}, {""cmtStatus"": ""→"", ""cmtPoster"": ""glen"", ""cmtContent"": "":而且犬山城回車站路上還吃到這個牛たこ焼"", ""cmtDate"": ""2023-05-16 23:38:00""}, {""cmtStatus"": ""→"", ""cmtPoster"": ""glen"", ""cmtContent"": "":飛驒牛的牛肉章魚燒好吃!!"", ""cmtDate"": ""2023-05-16 23:39:00""}, {""cmtStatus"": ""推"", ""cmtPoster"": ""w26236196"", ""cmtContent"": "":合掌村我是住高山高山那邊的氛圍也很讚"", ""cmtDate"": ""2023-05-17 20:23:00""}]",126.156.101.169,2023-05-17 01:47:17,ptt
117,https://www.ptt.cc/bbs/Japan_Travel/M.1684215601.A.7E2.html,[問題]東京六月五天親子行程請益,2023-05-16 13:39:59,bluewith,Japan_Travel,"先前有去日本自助五次的經驗

但由於疫情已經好久沒出國，加上這是第一次帶著小孩出國，怕有甚麼沒注意到的部分

想請版友幫忙看看行程順不順 & 會不會太緊湊，謝謝


出遊日期： 6/24(六)~6/28(三) 早去晚回

成員： 2大1小 (小孩三歲)

住宿地點：四天都住雷姆東京京橋酒店(Remm Tokyo Kyobashi)
          銀座線京橋站步行1分鐘、淺草線寶町站步行3分鐘、東京車站步行7分鐘


行程：
04:25 IT216 抵達羽田機場 ->  飯店寄放行李 ->
早餐：築地場外市場
-> 消防博物館

->
12:30 午餐：表參道Kintan燒肉
-> 14:00 飯店check in休息

-> 16:00 西葛西しまむら/バースデイ逛街 -> Shibuya sky看夜景 ->
晚餐
-> 飯店休息
08:00
早餐：Komeda's Coffee
-> 上野動物園 ->
午餐：鉢の木 和牛壽喜燒
-> 阿美橫町

-> 錦糸町逛街 ->
晚餐：TORITON迴轉壽司 東京晴空街道店
-> 飯店休息
08:00
早餐：TULLY'S COFFEE 東京廣場花園店
-> 麵包超人博物館

->
午餐：HARBS 横浜ルミネ店 商業午餐
-> Maxell Aqua Park Shinagawa 品川水族館

->
晚餐：品川拉麵一條街 or 東京車站拉麵
-> 飯店休息
06:45 步行十分鐘至JR八丁堀 -> Disney Land ->
21:00 晚餐：Ikspiari
09:00 東京車站吃早餐
-> 東京車站伴手禮採買 -> 10:25 搭乘酒酒井outlet巴士

-> 酒酒井outlet逛街 -> 16:25 搭乘酒酒井outlet巴士至成田機場 -> 19:40 IT231回台
問題：
1. 地鐵三日券已經在klook買好了，但查了一下，羽田機場是不是沒有辦法領取
   只能直接用suica搭乘京急線到寶町站?

2. 由於去的時間是雨季，Shibuya sky碰到下雨會不會不適合，看預測日落時間是19:00
   若預定18:30的票可以同時看到日落 & 夜景嗎? 另外~有推薦澀谷適合帶小孩的餐廳嗎?

3. 到橫濱時，查詢可以用地鐵三日券出站時再補泉岳寺到橫濱的票價
   那回程時是可以買品川到泉岳寺的車票，出站時拿出地鐵三日券就可以了嗎?

4. 請問麵包超人博物館 & 品川水族館大約需要逛多長時間

5. 離開迪士尼陸地，會建議直接走到舞濱站還是搭車?
   關園後，Ikspiari會有很多人嗎? 還是建議回到八丁堀或京橋站周邊吃晚餐?
   (但查了一下周邊好像晚上比較不熱鬧，沒甚麼可以吃的 ><)

先謝謝大家的回覆 :)
","[{""cmtStatus"": ""→"", ""cmtPoster"": ""FantasyPiano"", ""cmtContent"": "":妳前五次應該也都是去東京吧"", ""cmtDate"": ""2023-05-16 13:49:00""}, {""cmtStatus"": ""推"", ""cmtPoster"": ""kevinhon"", ""cmtContent"": "":D3橫濱不能用地鐵券"", ""cmtDate"": ""2023-05-16 14:42:00""}, {""cmtStatus"": ""→"", ""cmtPoster"": ""kevinhon"", ""cmtContent"": "":猜想不會有人第6次去東京還想排阿美橫町"", ""cmtDate"": ""2023-05-16 14:44:00""}, {""cmtStatus"": ""→"", ""cmtPoster"": ""kevinhon"", ""cmtContent"": "":Q3,是！"", ""cmtDate"": ""2023-05-16 14:45:00""}, {""cmtStatus"": ""→"", ""cmtPoster"": ""ybite"", ""cmtContent"": "":ShibuyaSky下雨不開放戶外時只能看下面一層的室"", ""cmtDate"": ""2023-05-16 14:46:00""}, {""cmtStatus"": ""→"", ""cmtPoster"": ""ybite"", ""cmtContent"": "":內展望台但賣點還是露天景觀可以想想看"", ""cmtDate"": ""2023-05-16 14:46:00""}, {""cmtStatus"": ""→"", ""cmtPoster"": ""ybite"", ""cmtContent"": "":第一天感覺都在搭地鐵往西回飯店往東又往西orz"", ""cmtDate"": ""2023-05-16 14:53:00""}, {""cmtStatus"": ""→"", ""cmtPoster"": ""ybite"", ""cmtContent"": "":第三天也是去橫濱要整整一小時吃午餐折返太虧了"", ""cmtDate"": ""2023-05-16 15:00:00""}, {""cmtStatus"": ""→"", ""cmtPoster"": ""ybite"", ""cmtContent"": "":我自己會覺得有行李有小孩儘量排鬆有彈性會盡興一"", ""cmtDate"": ""2023-05-16 15:11:00""}, {""cmtStatus"": ""→"", ""cmtPoster"": ""ybite"", ""cmtContent"": "":點"", ""cmtDate"": ""2023-05-16 15:11:00""}, {""cmtStatus"": ""推"", ""cmtPoster"": ""kevinhon"", ""cmtContent"": "":帶小孩，橫濱可以排一天，許多地方能放電，鋼彈也還"", ""cmtDate"": ""2023-05-16 15:20:00""}, {""cmtStatus"": ""→"", ""cmtPoster"": ""kevinhon"", ""cmtContent"": "":有吧？下午就要回品川太可惜"", ""cmtDate"": ""2023-05-16 15:20:00""}, {""cmtStatus"": ""推"", ""cmtPoster"": ""s91ad017"", ""cmtContent"": "":第一天行程我覺得下午大概就累了吧，如果飛機上有小"", ""cmtDate"": ""2023-05-16 15:44:00""}, {""cmtStatus"": ""→"", ""cmtPoster"": ""s91ad017"", ""cmtContent"": "":孩吵鬧保證睡不著，那大概下飛機就更累了，紅眼第一"", ""cmtDate"": ""2023-05-16 15:44:00""}, {""cmtStatus"": ""→"", ""cmtPoster"": ""s91ad017"", ""cmtContent"": "":天通常建議早點回去休息"", ""cmtDate"": ""2023-05-16 15:44:00""}, {""cmtStatus"": ""推"", ""cmtPoster"": ""kevinhon"", ""cmtContent"": "":kintan分店很多，為何要選表參道？澀谷三越前地鐵"", ""cmtDate"": ""2023-05-16 16:08:00""}, {""cmtStatus"": ""→"", ""cmtPoster"": ""kevinhon"", ""cmtContent"": "":站都有"", ""cmtDate"": ""2023-05-16 16:08:00""}, {""cmtStatus"": ""→"", ""cmtPoster"": ""kevinhon"", ""cmtContent"": "":赤坂店離赤坂見附站很近，從消防博物館過去很順，然"", ""cmtDate"": ""2023-05-16 16:14:00""}, {""cmtStatus"": ""→"", ""cmtPoster"": ""kevinhon"", ""cmtContent"": "":後澀谷和品川可以對調，橫濱往澀谷也順，不用再從西"", ""cmtDate"": ""2023-05-16 16:14:00""}, {""cmtStatus"": ""→"", ""cmtPoster"": ""kevinhon"", ""cmtContent"": "":葛西老遠拉到澀谷"", ""cmtDate"": ""2023-05-16 16:14:00""}, {""cmtStatus"": ""推"", ""cmtPoster"": ""erining"", ""cmtContent"": "":橫濱可以逛街買小孩東西的地方也不少麵包超人隔壁"", ""cmtDate"": ""2023-05-16 16:27:00""}, {""cmtStatus"": ""→"", ""cmtPoster"": ""erining"", ""cmtContent"": "":棟就一間西松屋了然後港未來附近也有不少童裝店"", ""cmtDate"": ""2023-05-16 16:27:00""}, {""cmtStatus"": ""→"", ""cmtPoster"": ""erining"", ""cmtContent"": "":是我就直接整天橫濱逛到底"", ""cmtDate"": ""2023-05-16 16:27:00""}, {""cmtStatus"": ""→"", ""cmtPoster"": ""erining"", ""cmtContent"": "":橫濱還有動物園水族館纜車跟cosmoworld都很適合親"", ""cmtDate"": ""2023-05-16 16:28:00""}, {""cmtStatus"": ""→"", ""cmtPoster"": ""erining"", ""cmtContent"": "":子遊啊"", ""cmtDate"": ""2023-05-16 16:28:00""}, {""cmtStatus"": ""→"", ""cmtPoster"": ""afu46"", ""cmtContent"": "":看了一下沒有Takaracho寶町"", ""cmtDate"": ""2023-05-16 16:33:00""}, {""cmtStatus"": ""→"", ""cmtPoster"": ""afu46"", ""cmtContent"": "":只能去上面有列且離飯店近的京橋kyoumashi換"", ""cmtDate"": ""2023-05-16 16:35:00""}, {""cmtStatus"": ""→"", ""cmtPoster"": ""afu46"", ""cmtContent"": "":Kyobashi"", ""cmtDate"": ""2023-05-16 16:36:00""}, {""cmtStatus"": ""推"", ""cmtPoster"": ""kevinhon"", ""cmtContent"": "":kintan三越前店吃完，還能散步到日本橋站搭東西線，"", ""cmtDate"": ""2023-05-16 17:29:00""}, {""cmtStatus"": ""→"", ""cmtPoster"": ""kevinhon"", ""cmtContent"": "":不然西葛西無論從哪裡去都不太順"", ""cmtDate"": ""2023-05-16 17:29:00""}, {""cmtStatus"": ""推"", ""cmtPoster"": ""juanes"", ""cmtContent"": "":樂園出來直接走到舞濱站就好，如果坐單軌電車會往"", ""cmtDate"": ""2023-05-16 18:15:00""}, {""cmtStatus"": ""→"", ""cmtPoster"": ""juanes"", ""cmtContent"": "":反方向繞一大圈"", ""cmtDate"": ""2023-05-16 18:15:00""}, {""cmtStatus"": ""推"", ""cmtPoster"": ""juanes"", ""cmtContent"": "":園內就有很多平價餐廳，為何要出園才吃？小孩習慣"", ""cmtDate"": ""2023-05-16 18:17:00""}, {""cmtStatus"": ""→"", ""cmtPoster"": ""juanes"", ""cmtContent"": "":那麼晚吃晚餐嗎"", ""cmtDate"": ""2023-05-16 18:17:00""}, {""cmtStatus"": ""推"", ""cmtPoster"": ""juanes"", ""cmtContent"": "":八丁堀，不是掘.崛。錦糸町，不是系。"", ""cmtDate"": ""2023-05-16 18:22:00""}, {""cmtStatus"": ""→"", ""cmtPoster"": ""kevinhon"", ""cmtContent"": "":真的，到21點才吃晚餐，小孩會餓昏吧？"", ""cmtDate"": ""2023-05-16 19:00:00""}]",36.226.80.228,2023-05-17 01:47:17,ptt
118,https://www.ptt.cc/bbs/Japan_Travel/M.1684216324.A.ACC.html,[問題]東京近郊八日請益,2023-05-16 13:52:02,fantasy0409,Japan_Travel,"6月初要出遊東京近郊
請大家幫忙看看行程上有什麼可以調整
出遊日期：6/2～6/9 共8天7夜。

住宿：6/2～6/6日暮里Apa
            6/6~6/9 兩國Apa

6/2 (五) 買三日周遊卷-成田機場搭NEX特快-新宿車站(放行李)-明治神宮-竹下通-表參道-澀谷sky展望台-歌舞伎町

6/3 (六)  河口湖
新宿富士洄游(JR Pass 指定席)、淺間神社、日川時計店、天上山公園、忍野八海

6/4 (日) 輕井澤
JR Pass輕井澤車站-租腳踏車→石之教會、高原教會→榆樹街小鎮→舊輕井澤銀座、聖保羅基督教會 →雲場池 →輕井澤車站 → 輕井澤王子購物廣場OUTLET

6/5 (一)鎌倉/高校前平交道/江之島
江之島  鎌倉周遊券
新宿搭小田急電鐵-藤澤-鎌倉高校前平交道-長谷寺-鎌倉大佛-小町通商店街-鶴岡八幡宮-江之島

6/6 (二) 換飯店-淺草-搭海上巴士-台場-豐洲市場-豐洲teamlab

6/7 (三) 迪士尼land

6/8 (四)築地市場-銀座-上野動物園-秋葉原

6/9 (五) 肉屋橫丁-東京鐵塔-自由之丘-中目黑

因為沒有去過，參考網路上一些行程還有想去的景點下去排的，有幾個問題想請問大家
1.這樣行程實際跑起來會不會很趕？
2.有哪些行程推薦或是不推薦的？
2.票券的話有需要買地鐵周遊券嗎？還是西瓜卡刷到底就好

謝謝大家幫忙！
-
Sent from JPTT on my iPhone
","[{""cmtStatus"": ""推"", ""cmtPoster"": ""TT"", ""cmtContent"": "":6/5應該很趕"", ""cmtDate"": ""2023-05-16 14:25:00""}, {""cmtStatus"": ""推"", ""cmtPoster"": ""ayanne"", ""cmtContent"": "":D1住宿不是在日暮里？周遊卷可從D2開始，這樣去鎌"", ""cmtDate"": ""2023-05-16 14:29:00""}, {""cmtStatus"": ""→"", ""cmtPoster"": ""ayanne"", ""cmtContent"": "":倉那天也可以用。第一天行程太滿，可以搭skyliner"", ""cmtDate"": ""2023-05-16 14:29:00""}, {""cmtStatus"": ""→"", ""cmtPoster"": ""ayanne"", ""cmtContent"": "":到日暮里先到飯店放行李再開始逛吧？"", ""cmtDate"": ""2023-05-16 14:29:00""}, {""cmtStatus"": ""推"", ""cmtPoster"": ""TT"", ""cmtContent"": "":D1應該改用Skyliner就能輕鬆放行李了"", ""cmtDate"": ""2023-05-16 14:31:00""}, {""cmtStatus"": ""→"", ""cmtPoster"": ""TT"", ""cmtContent"": "":沒必要為了NEX買周遊來搭"", ""cmtDate"": ""2023-05-16 14:31:00""}, {""cmtStatus"": ""→"", ""cmtPoster"": ""ybite"", ""cmtContent"": "":日暮里出發搭小田急看了一下單趟會多花20分鐘以上"", ""cmtDate"": ""2023-05-16 14:32:00""}, {""cmtStatus"": ""→"", ""cmtPoster"": ""ybite"", ""cmtContent"": "":是我會選JR直接過去用江之電一日券就好"", ""cmtDate"": ""2023-05-16 14:33:00""}, {""cmtStatus"": ""→"", ""cmtPoster"": ""TT"", ""cmtContent"": "":是說應該是因為沒訂到房間不然應該都不換住宿好"", ""cmtDate"": ""2023-05-16 14:33:00""}, {""cmtStatus"": ""→"", ""cmtPoster"": ""ybite"", ""cmtContent"": "":就是搭JR用廣域券往返市區跟鎌倉/藤澤"", ""cmtDate"": ""2023-05-16 14:34:00""}, {""cmtStatus"": ""推"", ""cmtPoster"": ""striky"", ""cmtContent"": "":鎌倉江之島那天趕到爆，景點也不順"", ""cmtDate"": ""2023-05-16 14:35:00""}, {""cmtStatus"": ""→"", ""cmtPoster"": ""ybite"", ""cmtContent"": "":第一天很吃班機時間1100以後到的話高機率跑不完"", ""cmtDate"": ""2023-05-16 14:36:00""}, {""cmtStatus"": ""→"", ""cmtPoster"": ""ybite"", ""cmtContent"": "":我會選擇只留澀谷然後先約好ShibuyaSky傍晚時間"", ""cmtDate"": ""2023-05-16 14:37:00""}, {""cmtStatus"": ""→"", ""cmtPoster"": ""ybite"", ""cmtContent"": "":最後一天行李跟班機得煩惱中目黑到成田至少1.5小時"", ""cmtDate"": ""2023-05-16 14:42:00""}, {""cmtStatus"": ""→"", ""cmtPoster"": ""ybite"", ""cmtContent"": "":飛羽田回去可以這樣排成田太累了"", ""cmtDate"": ""2023-05-16 14:42:00""}, {""cmtStatus"": ""推"", ""cmtPoster"": ""TT"", ""cmtContent"": "":查了一下作者文章數，感覺可能算新手上路？"", ""cmtDate"": ""2023-05-16 14:52:00""}, {""cmtStatus"": ""→"", ""cmtPoster"": ""TT"", ""cmtContent"": "":可以的話1.飯店還能退嗎？最後的APA改日暮里"", ""cmtDate"": ""2023-05-16 14:52:00""}, {""cmtStatus"": ""→"", ""cmtPoster"": ""TT"", ""cmtContent"": "":就算不同間飯店，起碼推行李過去放都輕鬆點"", ""cmtDate"": ""2023-05-16 14:53:00""}, {""cmtStatus"": ""→"", ""cmtPoster"": ""TT"", ""cmtContent"": "":2.D1可能狀況多，看景點那個是最想去的優先"", ""cmtDate"": ""2023-05-16 14:54:00""}, {""cmtStatus"": ""推"", ""cmtPoster"": ""kevinhon"", ""cmtContent"": "":住日暮里搭skyliner，飯店放行李再活動+1,去新宿車"", ""cmtDate"": ""2023-05-16 15:16:00""}, {""cmtStatus"": ""→"", ""cmtPoster"": ""kevinhon"", ""cmtContent"": "":站放行李還不是要花錢花時間？"", ""cmtDate"": ""2023-05-16 15:16:00""}, {""cmtStatus"": ""→"", ""cmtPoster"": ""kevinhon"", ""cmtContent"": "":6/6坐海上巴士會先到台場，但豐洲市場適合早上一早"", ""cmtDate"": ""2023-05-16 15:16:00""}, {""cmtStatus"": ""→"", ""cmtPoster"": ""kevinhon"", ""cmtContent"": "":去"", ""cmtDate"": ""2023-05-16 15:16:00""}, {""cmtStatus"": ""推"", ""cmtPoster"": ""rose21777"", ""cmtContent"": "":6/5要不要先看一下江之電的路線圖，現在列出來的點"", ""cmtDate"": ""2023-05-16 15:36:00""}, {""cmtStatus"": ""→"", ""cmtPoster"": ""rose21777"", ""cmtContent"": "":如果是順序的話是一直來來回回、如果是想去的點的"", ""cmtDate"": ""2023-05-16 15:36:00""}, {""cmtStatus"": ""→"", ""cmtPoster"": ""rose21777"", ""cmtContent"": "":話則是太多，需要取捨"", ""cmtDate"": ""2023-05-16 15:36:00""}, {""cmtStatus"": ""推"", ""cmtPoster"": ""adychen1982"", ""cmtContent"": "":前三天跟我行程有點像@@要搭富士迴遊的話得先劃位"", ""cmtDate"": ""2023-05-16 15:51:00""}, {""cmtStatus"": ""→"", ""cmtPoster"": ""afu46"", ""cmtContent"": "":其實你可以考慮住新宿：河口湖、鎌倉江之島、輕井澤"", ""cmtDate"": ""2023-05-16 16:20:00""}, {""cmtStatus"": ""→"", ""cmtPoster"": ""afu46"", ""cmtContent"": "":住新宿也是很方便，輕井澤的話從新宿有JR快速到大宮"", ""cmtDate"": ""2023-05-16 16:21:00""}, {""cmtStatus"": ""推"", ""cmtPoster"": ""adychen1982"", ""cmtContent"": "":是的唷我前二天就是住新宿到輕井澤和河口湖XD"", ""cmtDate"": ""2023-05-16 16:22:00""}, {""cmtStatus"": ""推"", ""cmtPoster"": ""owlonoak"", ""cmtContent"": "":你可能要趕緊訂票了07:30的位子已經不多"", ""cmtDate"": ""2023-05-16 17:03:00""}, {""cmtStatus"": ""推"", ""cmtPoster"": ""TT"", ""cmtContent"": "":換一間住竟然同樣選APA，漲價的話可能就跑看看了"", ""cmtDate"": ""2023-05-16 18:16:00""}, {""cmtStatus"": ""→"", ""cmtPoster"": ""TT"", ""cmtContent"": "":話說，6/6和6/8是因為都有想去的店家嗎？"", ""cmtDate"": ""2023-05-16 18:17:00""}, {""cmtStatus"": ""→"", ""cmtPoster"": ""TT"", ""cmtContent"": "":啊，是因為teamlab。行程可以再砍前面"", ""cmtDate"": ""2023-05-16 18:18:00""}, {""cmtStatus"": ""推"", ""cmtPoster"": ""kevinhon"", ""cmtContent"": "":6/9肉屋橫町是秋葉原那家嗎？排一早的用意？而且6/"", ""cmtDate"": ""2023-05-16 18:26:00""}, {""cmtStatus"": ""→"", ""cmtPoster"": ""kevinhon"", ""cmtContent"": "":8不是才排秋葉原？"", ""cmtDate"": ""2023-05-16 18:26:00""}, {""cmtStatus"": ""→"", ""cmtPoster"": ""kevinhon"", ""cmtContent"": "":中目黑有要去星巴克嗎？要不要一早就去？"", ""cmtDate"": ""2023-05-16 18:26:00""}, {""cmtStatus"": ""推"", ""cmtPoster"": ""ybite"", ""cmtContent"": "":機場往日暮里還是Skyliner吧節省20分鐘+一定有座位"", ""cmtDate"": ""2023-05-16 18:48:00""}, {""cmtStatus"": ""→"", ""cmtPoster"": ""ybite"", ""cmtContent"": "":Access特急大部分都要轉車而且是類似捷運的車輛"", ""cmtDate"": ""2023-05-16 18:49:00""}, {""cmtStatus"": ""推"", ""cmtPoster"": ""TT"", ""cmtContent"": "":現在主要應該是卡你最後的住宿地要移動去搭車"", ""cmtDate"": ""2023-05-16 19:19:00""}, {""cmtStatus"": ""→"", ""cmtPoster"": ""TT"", ""cmtContent"": "":豐洲和築地兩個都去感覺除非是有鎖定店家"", ""cmtDate"": ""2023-05-16 19:20:00""}, {""cmtStatus"": ""→"", ""cmtPoster"": ""TT"", ""cmtContent"": "":不然去teamlab那天感覺沒什麼得逛了"", ""cmtDate"": ""2023-05-16 19:21:00""}, {""cmtStatus"": ""推"", ""cmtPoster"": ""TT"", ""cmtContent"": "":還不如好好逛淺草（如果是第一次去）"", ""cmtDate"": ""2023-05-16 19:32:00""}, {""cmtStatus"": ""推"", ""cmtPoster"": ""leejones"", ""cmtContent"": "":access大部份的班次是往羽田，只有晚上班次有往上野"", ""cmtDate"": ""2023-05-16 19:51:00""}, {""cmtStatus"": ""→"", ""cmtPoster"": ""leejones"", ""cmtContent"": "":，你要搭的是京成本線特急，不過你的航班時間，加上"", ""cmtDate"": ""2023-05-16 19:51:00""}, {""cmtStatus"": ""→"", ""cmtPoster"": ""leejones"", ""cmtContent"": "":入境時間，應該會搭到08:11京成本線特急到京成高砂0"", ""cmtDate"": ""2023-05-16 19:51:00""}, {""cmtStatus"": ""→"", ""cmtPoster"": ""leejones"", ""cmtContent"": "":9:08(同月台)換乘，到日暮里08:27。"", ""cmtDate"": ""2023-05-16 19:51:00""}, {""cmtStatus"": ""推"", ""cmtPoster"": ""kevinhon"", ""cmtContent"": "":我意思是6/8晚上都排秋葉原了，肉屋橫町不是就能順"", ""cmtDate"": ""2023-05-16 19:58:00""}, {""cmtStatus"": ""→"", ""cmtPoster"": ""kevinhon"", ""cmtContent"": "":便去了？你原來排6/9第一站就怪怪的"", ""cmtDate"": ""2023-05-16 19:58:00""}, {""cmtStatus"": ""推"", ""cmtPoster"": ""TT"", ""cmtContent"": "":如果真的改搭skyliner，大概就是看用不用得到48H"", ""cmtDate"": ""2023-05-16 22:38:00""}, {""cmtStatus"": ""推"", ""cmtPoster"": ""klementhsu"", ""cmtContent"": "":輕井澤那樣好累啊沒辦法讓自己在度假的氣氛中吧"", ""cmtDate"": ""2023-05-17 04:53:00""}, {""cmtStatus"": ""→"", ""cmtPoster"": ""klementhsu"", ""cmtContent"": "":我上週五行程差不多直接把outlet拿掉還有時間進"", ""cmtDate"": ""2023-05-17 04:54:00""}, {""cmtStatus"": ""→"", ""cmtPoster"": ""klementhsu"", ""cmtContent"": "":去店裡內用一份咖啡甜點+騎腳踏車慢慢晃"", ""cmtDate"": ""2023-05-17 04:54:00""}, {""cmtStatus"": ""→"", ""cmtPoster"": ""klementhsu"", ""cmtContent"": "":不過如果你打算傍晚還完腳踏車逛outlet到很晚也是"", ""cmtDate"": ""2023-05-17 04:56:00""}, {""cmtStatus"": ""→"", ""cmtPoster"": ""klementhsu"", ""cmtContent"": "":可以"", ""cmtDate"": ""2023-05-17 04:56:00""}, {""cmtStatus"": ""推"", ""cmtPoster"": ""Brian8630"", ""cmtContent"": "":表參道都精品除非要買不然不建議"", ""cmtDate"": ""2023-05-17 05:07:00""}, {""cmtStatus"": ""→"", ""cmtPoster"": ""Brian8630"", ""cmtContent"": "":Shibuya可以查日落時間再去買票"", ""cmtDate"": ""2023-05-17 05:07:00""}, {""cmtStatus"": ""→"", ""cmtPoster"": ""Brian8630"", ""cmtContent"": "":地鐵票的話看搭乘次數多的話再考慮"", ""cmtDate"": ""2023-05-17 05:07:00""}, {""cmtStatus"": ""→"", ""cmtPoster"": ""Brian8630"", ""cmtContent"": "":不然手機西瓜卡一逼就過超級方便"", ""cmtDate"": ""2023-05-17 05:07:00""}, {""cmtStatus"": ""推"", ""cmtPoster"": ""Crusade0099"", ""cmtContent"": "":輕井澤outlet營業時間到晚上7點而已喔(部分餐廳有"", ""cmtDate"": ""2023-05-17 08:29:00""}, {""cmtStatus"": ""→"", ""cmtPoster"": ""Crusade0099"", ""cmtContent"": "":比較晚)"", ""cmtDate"": ""2023-05-17 08:29:00""}, {""cmtStatus"": ""推"", ""cmtPoster"": ""Crusade0099"", ""cmtContent"": "":中輕井澤與舊輕井澤有段距離，就算是騎腳踏車也要"", ""cmtDate"": ""2023-05-17 08:31:00""}, {""cmtStatus"": ""→"", ""cmtPoster"": ""Crusade0099"", ""cmtContent"": "":花不少時間跟體力喔，參考看看"", ""cmtDate"": ""2023-05-17 08:31:00""}, {""cmtStatus"": ""推"", ""cmtPoster"": ""kevinhon"", ""cmtContent"": "":6/8上野動物園築地銀座秋葉原(肉屋橫町)"", ""cmtDate"": ""2023-05-17 09:15:00""}, {""cmtStatus"": ""→"", ""cmtPoster"": ""kevinhon"", ""cmtContent"": "":6/9中目黑自由之丘東京鐵塔（晃到晚上看夜景）"", ""cmtDate"": ""2023-05-17 09:15:00""}, {""cmtStatus"": ""→"", ""cmtPoster"": ""kevinhon"", ""cmtContent"": "":覺得你不需要地鐵券，自由之丘不能用，兩國雖有大江"", ""cmtDate"": ""2023-05-17 09:16:00""}, {""cmtStatus"": ""→"", ""cmtPoster"": ""kevinhon"", ""cmtContent"": "":戶線，但也有jr，全刷西瓜卡方便"", ""cmtDate"": ""2023-05-17 09:16:00""}, {""cmtStatus"": ""→"", ""cmtPoster"": ""kevinhon"", ""cmtContent"": "":中目黑如果不想太早去，上野動物園也能移到這天，日"", ""cmtDate"": ""2023-05-17 10:27:00""}, {""cmtStatus"": ""→"", ""cmtPoster"": ""kevinhon"", ""cmtContent"": "":比谷線直達"", ""cmtDate"": ""2023-05-17 10:27:00""}, {""cmtStatus"": ""→"", ""cmtPoster"": ""fantasy0409"", ""cmtContent"": "":目前是更新成這樣～"", ""cmtDate"": ""2023-05-17 11:59:00""}, {""cmtStatus"": ""推"", ""cmtPoster"": ""kevinhon"", ""cmtContent"": "":沒註明班機時間，D1如果中午後才去築地市場意義不"", ""cmtDate"": ""2023-05-17 12:25:00""}, {""cmtStatus"": ""→"", ""cmtPoster"": ""kevinhon"", ""cmtContent"": "":大"", ""cmtDate"": ""2023-05-17 12:25:00""}, {""cmtStatus"": ""→"", ""cmtPoster"": ""kevinhon"", ""cmtContent"": "":所以不去台場了？水上巴士一天才兩班，如沒有遊船興"", ""cmtDate"": ""2023-05-17 12:46:00""}, {""cmtStatus"": ""→"", ""cmtPoster"": ""kevinhon"", ""cmtContent"": "":趣建議搭百合海鷗號就好，河口湖也有遊覽船，如果你"", ""cmtDate"": ""2023-05-17 12:46:00""}, {""cmtStatus"": ""→"", ""cmtPoster"": ""kevinhon"", ""cmtContent"": "":時間夠的話"", ""cmtDate"": ""2023-05-17 12:46:00""}]",39.14.34.26,2023-05-17 01:47:20,ptt
119,https://www.ptt.cc/bbs/Japan_Travel/M.1684218734.A.A22.html,[讓售]6/18(日)豐洲teamLab(可改期)買二送一,2023-05-16 14:32:12,wwcity,Japan_Travel,"1. 讓售品項：東京豐洲teamLab電子票券3張

2. 物品圖片：
https://i.imgur.com/xb1i7F8.jpg
https://i.imgur.com/S0BJ8MP.jpg
https://i.imgur.com/xtxtPoh.jpg
可更改的日期如圖即5、6月的六日，還可以更改3次，因為各時段的票數一直減少，

   有意者可以先官網點日期看理想時段還有沒有票，再盡快來信洽談

3. 此物品由您買入的價格（讓售只能小於或等於此金額）：
  （若是以日幣或其他外幣購入而欲以新台幣售出，請依以下格式計算金額）

[原價]日幣3500*3=10500 Ｘ 當時匯率0.2301＝ 2416元，(4/9)官網購入


4. 欲售價格：1500元，立意是1張750買2送1

5. 交易方式： 匯款後給電子票券連結

6. 聯絡方式： 站內信

其他說明：沒規劃好行程就買，希望能減少損失
",[],36.237.188.39,2023-05-17 01:47:20,ptt
120,https://www.ptt.cc/bbs/Japan_Travel/M.1684232307.A.C93.html,[資訊]東京江東花火大會8/11復辦,2023-05-16 18:18:24,TimeEric,Japan_Travel,"https://koto-hanabi.com/about/
因疫情從2020年停辦的江東花火大會
預計於今年8/11復辦
接在7/29隅田川花火會之後
時間晚上七點到晚上八點
地點在荒川.砂町水邊公園（葛西橋～清砂大橋）
以往大概是3000~4000發煙火
今年特別加碼到6000發

8/11是日本的國定假日山之日
想看花火大會的人記得卡位
","[{""cmtStatus"": ""推"", ""cmtPoster"": ""mithralin"", ""cmtContent"": "":下午就要去卡位不說，那邊還沒啥遮蔽物"", ""cmtDate"": ""2023-05-16 18:27:00""}]",218.161.98.217,2023-05-17 01:47:20,ptt
121,https://www.ptt.cc/bbs/Japan_Travel/M.1684252894.A.B5D.html,[住宿]河口湖住宿湖樂御宿富士吟景FujiGinkei,2023-05-17 00:01:22,bluebrandon,Japan_Travel,"造訪日期：2023.3
飯店名稱：湖樂御宿富士吟景
地址：〒401-0303 山梨県南都留郡富士河口湖町浅川132
電話：0555-72-0010
圖文好讀網誌版：
https://cherylbaby777.pixnet.net/blog/post/98311705
睽違三年，疫情總算看到一線曙光
東京旅行清單裡，不能沒有富士山！
河口湖附近的住宿選擇非常多，
但價格落差也大，主要還是關係到能看到多少景色
當初的目標就是希望一起床就能看到山，
在考慮價錢與種種因素之下，
最後決定入住富士吟景飯店(FUJIGINKEI)
(離台灣人熱愛的KUKUNA飯店僅80公尺距離)


這次訂的房型是別亭「凛」的「空Ⅱ」
這是別館頂樓的房間(7F)，
是兩個單人床房型而非睡塌塌米
我們約一月中訂房
週五官網一泊二食方案標價稅後是JPY55,000
比較了一下AGODA、旅行社的價格後
最後是用Rakuten樂天日本網站訂房
雖然訂價跟官網一樣但有附贈折價券
(折價券都是系統自動匯入的)
折抵後是JPY46,750
下訂後隔天就有收到飯店來信確認是否有不吃的食物
這一點還滿貼心的
我們是選到店付款，現場可以付信用卡
但沒有QuickPay唷

交通的部分，飯店有各接駁一次服務
最早接送時間是14:30
最晚接送至車站的時間是10:10(最晚退房是10:00)
出河口湖車站後往右邊走
會有一個Tourist Information「案內所」
請櫃檯幫你打電話至飯店
接著走去10號候車亭等接駁車
另外，除了車站以外，
退房也可以選擇接駁至智久保田一竹美術館或音樂之森美術館等
因為我們有帶大行李箱，加上去的時候下大雨
所以退房後是先寄放在飯店，坐接駁車去音樂之森美術館
接著搭公車回飯店，再請飯店叫計程車至車站
計程車車資約JPY1,550(可刷卡)


房間的部分有一個迷你陽台
是可以走出去的
也有附兩張椅子在窗邊
天氣好的時候坐在那裡喝茶看山看湖絕對是人生一大享受
房間的整體空間感還算寬敞
而且五臟俱全(保險箱、冰箱、吹風機、小點心都有)
房間裡也有附提籃跟背心
提籃的部分是供攜帶毛巾跟個人用品去浴場使用的
背心則是穿浴衣冷的時候會披上的
(男生的浴衣是放在房間；女生的浴衣則是辦入住時在大廳選）
廁所除了乾濕分離外
洗澡跟上廁所的地方也是分開的兩間
洗沐用品都是馬油系列的
https://imgur.com/a/oRSfnrK
飯店泡湯在七樓
有室內浴場也有露天風呂（最晚是開到24:00）
露天風呂是可以邊泡湯邊欣賞富士山
如果天氣不錯很適合去泡湯喔


餐廳是在二樓
當晚每組客人都是穿浴衣去用餐的
（但應該不是絕對必要）
當晚的餐點有豆腐、生魚片、火鍋、鮑魚、烏龍麵、甜點等等
(因為看不懂日文所以有些東西也不確定是什麼)
https://imgur.com/a/N0qDEHQ
有附一杯紅酒或白酒，還有熱茶
總之吃得非常飽，飽到還從2樓走回7樓
晚餐用餐是兩個時段：17點跟19點
如果可以的話，建議吃晚上五點的，才能慢慢吃慢慢消化
早餐仍然很豐盛
有沙拉、一整隻烤魚、餺飥(HOUTOU)、蒸蛋、飯、奶酪跟咖啡


結論：
本次住宿整體而言非常滿意
覺得CP值很高，光吃這麼多就很滿足了
河口湖住宿本身就是需要有點運氣
其實出發前一個禮拜就知道天氣不好
但實在捨不得取消也懶得重新安排行程
即便這次去的時候因為下雨完全沒有看到富士山
但單就住宿而言完全不失望
工作人員親切、英文能溝通、泡湯也舒服
希望很快可以再訪~
","[{""cmtStatus"": ""推"", ""cmtPoster"": ""Aueston"", ""cmtContent"": "":推好幾年前去也超棒還有遇到一位工作人員是台灣人"", ""cmtDate"": ""2023-05-19 15:49:00""}]",223.140.157.161,2023-05-17 01:47:20,ptt
122,https://www.ptt.cc/bbs/Japan_Travel/M.1684254309.A.519.html,[住宿]河口湖奢華住宿分享-馥府,2023-05-17 00:25:05,Jamez,Japan_Travel,"造訪日期：2023/1/17

完整好讀版：
https://reurl.cc/Q400g0
飯店官網：
https://www.fufukawaguchiko.jp/tcn/
起心動念寫這篇分享文，是因為沒看到什麼河口湖Fufu馥府的中文文章介紹。

如果搜尋富士山湖景住宿推薦，看到最多的是秀峰閣湖月、湖山亭、虹夕諾雅。但看了虹
夕諾雅的分享文，真心覺得差不多的價錢，實在不如住馥府呀！！！所以就決定寫篇文章
來推坑。(雖然下次想住秀峰湖月閣！

一般想朝聖富士山，最普遍的選項是前往河口湖。東京到河口湖車程大約需要兩小時，很
多人會選擇住一晚，實際上這次初訪富士山的感想，也真的很推薦大家住一晚，天氣好的
話到富士山周邊真的會覺得超級幸福(天氣不好的話會變成日月潭(喂XD)。

-前言

住宿日期：2023/1/17  房型：木之花舒適套房(應該是...)

價錢：一泊二食大約12-13萬日幣(使用Agoda訂房並全額付款(頁面也顯示到店不須付款)
，結果飯店找不到我們的付款紀錄^^ok大家都很尷尬。當下又付了一次，回來才找Agoda
處理(有退款)，建議還是直接官網訂房就好，以免影響旅遊心情。)
(看官網提早30天訂房會便宜一點，大概是10萬出頭日幣)
https://imgur.com/Fd14jNI
(飯店走一個綠意盎然、超多植物的大自然路線 )

當天一早搭巴士從東京前往富士山穿和服(請搜尋富士山河口湖和服MeGu姐，很推薦！和服超漂亮，會講中文。
著裝過程Megu姐問我們飯店在哪裡，如果地點許可可以載我們到飯店。

旅伴回答：Fufu (這時候我心裡想說：阿完全沒聽過XDD 即使做功課魔人如我已經看過一堆推薦富士山住宿的文章…)。

Megu姐馬上驚呼：挖Fufu！！是最好的，這裡最棒的飯店。然後轉頭跟協助穿和服的日本老師講了一串日文，日本老師馬上也驚呼哇好棒，她都還沒住過。(不知為什麼當下想起日月潭涵碧樓XD)

總之，托她們的福，我對Fufu有了非常美好的期待。(當地人直接爆誇一波，能沒有期待
嗎XDD )
https://imgur.com/0T4rspq
由圖可見，Fufu的大廳是走非常綠意盎然的路線，超漂亮~完全就是一進去就會驚呼。米
色沙發面對的是一大片落地窗，連接戶外的等候區。(沒圖XDD)
https://imgur.com/PG9OEoO
晚上的大廳
https://imgur.com/jgwMno5
上圖座位面對的戶外區，可以看到富士山 <3 飯店管家主動問我們要不要拍照。(整天看
到我們的飯店人員和住客都一直讚嘆和服(我們穿的是振袖跟跨)，被瘋狂誇獎XDD 聽到好
多次：綺麗~ (心情大好。))
這個時候的我們已經穿著和服爬上新倉富士淺間神社再下山，摁，差點沒累死。


櫃台小小的，但飯店人員會拿文件到沙發區協助辦理入住。
抵達Fufu飯店人員會協助搬運行李、遞上迎賓茶(好好喝，甚至想買茶包回家XD)，並且
有管家會帶領到房間，介紹房間設施。因為我們是一泊二食的方案，管家也會詢問想用餐
的時間、告知菜單的內容、詢問有沒有忌口，總之，一切都很仔細，畢竟這個價位的飯店
有一部份是取決於服務吧。

-房內設施
https://imgur.com/xQEgEaZ
進門後，有玄關，可以脫鞋放行李(沒圖^^) 再來就是小客廳(很大XD)、耍廢烤火區、陽
台
https://imgur.com/LyaxL1l
耍廢烤火區：右邊是小火爐，可以請飯店人員來協助點火，晚上就在這邊喝酒烤火耍廢，
療癒。
https://imgur.com/8I32oiF
旁邊就是床鋪區、梳妝洗手台。
https://imgur.com/vMHvLhR
戶外泡湯池，可以從烤火區或是淋浴區走出去。這裡超神奇，我們到房間的時候，水就是
放好放滿，馬上可以使用的狀態<3 日本人的貼心??
https://imgur.com/SlckgE0
吹風機是Dyson。
https://imgur.com/undefined
那個梳子超好用，拿了一把回家梳頭。
https://imgur.com/undefined
除了兩罐有掛小牌子的酒類，其他都是含在房費中的。水超酷，罐子裡放一個礦物?飯店
自製礦泉水??
https://imgur.com/V3Ma6HL
水很可愛，跟陽台看出去的富士山合照<3


-晚餐
https://imgur.com/undefined
晚餐是懷石料理，大概有8-10道菜。我跟旅伴都蠻挑嘴的，加上服務、氣氛、環境，一致
認為是很棒的晚餐。管家一開始在房內就會先確認魚類、肉類是否有忌口，不喜歡的菜也
可以請他們換掉，管家就有特別問我們納豆可不可以，被我們無情拒絕XDD

料理的區域是開放式的，很漂亮，但我沒拍照^^，可以去官網看:D 座位是兩人的小小包
廂(?跟其他人有區隔。
https://imgur.com/bGfmtBK
https://imgur.com/RZK4EaC
https://imgur.com/AhHeMQQ
主食，看起來有點老，但其實蠻好吃的。

每桌都會配一名服務人員，我們的服務人員發現我隔天生日，就幫我們拍了合照還做成明
信片，感人。
(因為晚餐食物圖片大部分都拍直的有點難放，大家想看可以去網誌版本)

-早餐
https://imgur.com/XkrXgUL
吃早餐的窗外看的到富士山喔喔喔。肉眼看比拍照好看很多，ok！
https://imgur.com/xZlKBjY
食物們，五道菜是連在一起的盤子，含意是富士五湖，超可愛。

-浴場
除了房內的浴池外，馥府也有公共浴場，男女各一(空間會輪替)，我去的時候完全沒人^^
梳妝台備品很完整，但總體沒什麼特別的。就是喜歡浴場的人可以來XD 不然在房內泡就
好了。(沒有拍浴場照，有興趣的人可以看看官網。)


-富士山景

(不知道怎麼放影片..)
感覺房內的景應該是略遜於秀峰閣湖月那排?畢竟前面有一些樹擋住XD
沒住過不太確定，但整體已經非常滿意，那兩天心情超好，感謝富士山款待<3
https://imgur.com/undefined
飯店有腳踏車可以借！(左下角那台) 車子上有裝一個小儀器，按下去就會加速，上下坡
都比較不累！基本上感覺在騎電動腳踏車XD 第一次用這種東西，超級讚嘆！
https://imgur.com/undefined
很推薦大家跟飯店借腳踏車去湖邊晃晃<3 河口淺間神社也在附近，隔天退房後我們就是
借腳踏車騎到淺間神社再一路繞到湖邊。
https://imgur.com/m6Y00Ar
飯店離天空鳥居Tenku no torii也蠻近，可以請飯店人員協助叫計程車上山，車程
不到10分鐘，印象中1000多日幣。下山我們用走的^^，穿著和服走回馥府，摁再度累死。


整體來說，很喜歡馥府。好想念富士山。

(不知道會不會被大家說是盤子XDD 是不是其他幾間的景更漂亮呢?
","[{""cmtStatus"": ""推"", ""cmtPoster"": ""TT"", ""cmtContent"": "":看起來視野的部分算缺點，遮的算明顯"", ""cmtDate"": ""2023-05-17 05:58:00""}, {""cmtStatus"": ""推"", ""cmtPoster"": ""TT"", ""cmtContent"": "":分享自己覺得不錯的部分都很好啊，起碼多點選擇"", ""cmtDate"": ""2023-05-17 06:05:00""}, {""cmtStatus"": ""推"", ""cmtPoster"": ""hyuchi0202"", ""cmtContent"": "":因為想在房間慢慢拍逆富士就湖景第一排有辦法"", ""cmtDate"": ""2023-05-17 06:26:00""}, {""cmtStatus"": ""推"", ""cmtPoster"": ""Ler"", ""cmtContent"": "":其他幾間賣點是逆富士"", ""cmtDate"": ""2023-05-17 08:32:00""}, {""cmtStatus"": ""推"", ""cmtPoster"": ""Rissu"", ""cmtContent"": "":這家有大浴場嗎？"", ""cmtDate"": ""2023-05-17 08:59:00""}, {""cmtStatus"": ""推"", ""cmtPoster"": ""Rissu"", ""cmtContent"": "":12萬多日幣真的不便宜"", ""cmtDate"": ""2023-05-17 09:01:00""}, {""cmtStatus"": ""推"", ""cmtPoster"": ""yanagawa"", ""cmtContent"": "":北岸"", ""cmtDate"": ""2023-05-17 11:06:00""}, {""cmtStatus"": ""→"", ""cmtPoster"": ""yanagawa"", ""cmtContent"": "":試著增加副檔名.jpg"", ""cmtDate"": ""2023-05-17 11:07:00""}, {""cmtStatus"": ""推"", ""cmtPoster"": ""TT"", ""cmtContent"": "":圖片應該是還沒傳完，趕著貼，再修一下就好"", ""cmtDate"": ""2023-05-17 11:22:00""}, {""cmtStatus"": ""推"", ""cmtPoster"": ""tangmeme"", ""cmtContent"": "":服務餐點看起來很棒你們穿和服爬山覺得猛"", ""cmtDate"": ""2023-05-17 12:52:00""}, {""cmtStatus"": ""→"", ""cmtPoster"": ""gomile888"", ""cmtContent"": "":體驗這種住宿一晚上實在是不夠"", ""cmtDate"": ""2023-05-17 14:24:00""}, {""cmtStatus"": ""→"", ""cmtPoster"": ""gomile888"", ""cmtContent"": "":兩晚又會覺得有點花太多金錢、時間在住宿"", ""cmtDate"": ""2023-05-17 14:26:00""}, {""cmtStatus"": ""→"", ""cmtPoster"": ""gomile888"", ""cmtContent"": "":客群應該是日本在地高階旅客，這邊少見合理"", ""cmtDate"": ""2023-05-17 14:26:00""}, {""cmtStatus"": ""推"", ""cmtPoster"": ""darkelecy"", ""cmtContent"": "":之前想住但太晚了訂不到"", ""cmtDate"": ""2023-05-17 00:25:05""}, {""cmtStatus"": ""推"", ""cmtPoster"": ""owlonoak"", ""cmtContent"": "":感謝分享"", ""cmtDate"": ""2023-05-17 00:25:05""}, {""cmtStatus"": ""推"", ""cmtPoster"": ""amorviva"", ""cmtContent"": "":感覺很舒適欸感謝分享"", ""cmtDate"": ""2023-05-17 00:25:05""}, {""cmtStatus"": ""→"", ""cmtPoster"": ""lovetsu"", ""cmtContent"": "":過年住熱海fufu一泊二食7萬價差這麼大"", ""cmtDate"": ""2023-05-17 00:25:05""}, {""cmtStatus"": ""推"", ""cmtPoster"": ""casher"", ""cmtContent"": "":穿和服優雅的爬山！！厲害"", ""cmtDate"": ""2023-05-17 00:25:05""}, {""cmtStatus"": ""→"", ""cmtPoster"": ""ichiroa"", ""cmtContent"": "":景色如畫，穿這麼美，卻戴著口罩拍照..."", ""cmtDate"": ""2023-05-18 14:07:00""}, {""cmtStatus"": ""推"", ""cmtPoster"": ""patdolye"", ""cmtContent"": "":fufu看起來真的很吸引.奈良那家看起來也不錯."", ""cmtDate"": ""2023-05-17 00:25:05""}, {""cmtStatus"": ""推"", ""cmtPoster"": ""hikionly"", ""cmtContent"": "":我是春節時候去的，跟你的房型一樣，但不同間，雖"", ""cmtDate"": ""2023-05-18 21:45:00""}, {""cmtStatus"": ""→"", ""cmtPoster"": ""hikionly"", ""cmtContent"": "":然有點擋到，但景還是很讚"", ""cmtDate"": ""2023-05-18 21:45:00""}, {""cmtStatus"": ""→"", ""cmtPoster"": ""hikionly"", ""cmtContent"": "":真實。"", ""cmtDate"": ""2023-05-17 00:25:05""}, {""cmtStatus"": ""→"", ""cmtPoster"": ""hikionly"", ""cmtContent"": "":好美啊"", ""cmtDate"": ""2023-05-18 21:47:00""}, {""cmtStatus"": ""推"", ""cmtPoster"": ""imyiyilin"", ""cmtContent"": "":住過星野富士，一開窗就是正對富士山景超美啊，設施"", ""cmtDate"": ""2023-05-17 00:25:05""}, {""cmtStatus"": ""→"", ""cmtPoster"": ""imyiyilin"", ""cmtContent"": "":跟服務我也覺得對得起價格XD下次有機會我還是會選星"", ""cmtDate"": ""2023-05-17 00:25:05""}, {""cmtStatus"": ""→"", ""cmtPoster"": ""imyiyilin"", ""cmtContent"": "":野"", ""cmtDate"": ""2023-05-17 00:25:05""}]",180.217.235.61,2023-05-17 01:47:20,ptt
123,https://www.ptt.cc/bbs/Japan_Travel/M.1684254432.A.3E3.html,[徵人]［旅伴］5/24東京一起看Dior展,2023-05-17 00:27:10,cococism,Japan_Travel,"徵人類別: 旅伴

原po性別: 8年級女性

徵求: 1位女

內容: 5/24 早上10:00一起在東京看Dior展的旅伴，票我已經買好了，票價?2000當天現
場再給我就好～

備註: 因為購票已經選擇入場時段所以只能10:00入場，進場後可以不用一起逛沒關係！

歡迎站內信：）

","[{""cmtStatus"": ""推"", ""cmtPoster"": ""HOHOHOHOHOU"", ""cmtContent"": "":已站內信，謝謝"", ""cmtDate"": ""2023-05-17 00:37:00""}]",42.73.90.77,2023-05-17 01:47:20,ptt
124,https://www.ptt.cc/bbs/Japan_Travel/M.1684289901.A.336.html,[資訊]樂桃航空100小時限時促銷(台灣發),2023-05-17 10:18:19,OhmoriHarumi,Japan_Travel,"https://www.flypeach.com/tw/um/specials/sale/sale
樂桃航空推出100小時限時促銷，目前只確定有台灣發。

販售期間：台灣時間2023.05.18 20:00~2023.05.22 23:59
搭乘期間：2023.06.01~2023.10.28(高雄大阪從2023.08.01開始)
優惠票價：如下(均為台幣單程未稅，票種均為Simple Peach)

台北(桃園)＝大阪(關西)：2750元起(最高9折)

不適用日期：2023.06.21~2023.06.26、2023.09.28~2023.10.11

台北(桃園)＝東京(羽田)：3030元起(最高9折)

不適用日期：2023.08.10~2023.08.20、2023.09.15~2023.09.19、
            2023.09.28~2023.10.11

台北(桃園)＝東京(成田)：2250元起(最高9折)

不適用日期：2023.06.21~2023.06.26、2023.08.10~2023.08.20、
            2023.09.15~2023.09.19、2023.09.28~2023.10.11

台北(桃園)＝名古屋(中部)：2620元起(最高85折)

不適用日期：2023.06.21~2023.06.26、2023.09.28~2023.10.11

台北(桃園)＝沖繩(那霸)：2610元起(最高9折)

不適用日期：2023.06.21~2023.06.26、2023.09.28~2023.10.11

高雄＝大阪(關西)：2710元起(最高85折)

不適用日期：2023.09.28~2023.10.11
","[{""cmtStatus"": ""→"", ""cmtPoster"": ""jeremiahncue"", ""cmtContent"": "":九折變八五折"", ""cmtDate"": ""2023-05-17 10:23:00""}, {""cmtStatus"": ""噓"", ""cmtPoster"": ""SkyShih"", ""cmtContent"": "":沒比較便宜"", ""cmtDate"": ""2023-05-17 10:51:00""}, {""cmtStatus"": ""→"", ""cmtPoster"": ""yhls"", ""cmtContent"": "":所以本質上還是九折為主"", ""cmtDate"": ""2023-05-17 10:59:00""}, {""cmtStatus"": ""→"", ""cmtPoster"": ""SetsunaOgiso"", ""cmtContent"": "":還是貴死"", ""cmtDate"": ""2023-05-17 11:32:00""}, {""cmtStatus"": ""→"", ""cmtPoster"": ""SetsunaOgiso"", ""cmtContent"": "":點了一下想要的日期算現價九折比虎航沒促還貴是"", ""cmtDate"": ""2023-05-17 11:36:00""}, {""cmtStatus"": ""→"", ""cmtPoster"": ""SetsunaOgiso"", ""cmtContent"": "":怎樣w"", ""cmtDate"": ""2023-05-17 11:36:00""}, {""cmtStatus"": ""推"", ""cmtPoster"": ""leejones"", ""cmtContent"": "":雖然變85折，但票價提高再打折，跟促銷前沒兩樣。"", ""cmtDate"": ""2023-05-17 12:07:00""}, {""cmtStatus"": ""推"", ""cmtPoster"": ""andykao082"", ""cmtContent"": "":虎航不一起拼了？暑假希望降一點"", ""cmtDate"": ""2023-05-17 12:17:00""}, {""cmtStatus"": ""推"", ""cmtPoster"": ""leejones"", ""cmtContent"": "":暑假很難降，現在連捷星酷航都很少促銷，可能要等到"", ""cmtDate"": ""2023-05-17 12:23:00""}, {""cmtStatus"": ""→"", ""cmtPoster"": ""leejones"", ""cmtContent"": "":有業者再加入才會促銷有感。"", ""cmtDate"": ""2023-05-17 12:23:00""}, {""cmtStatus"": ""推"", ""cmtPoster"": ""ihl123456"", ""cmtContent"": "":酷航不是已經促銷過了"", ""cmtDate"": ""2023-05-17 12:24:00""}, {""cmtStatus"": ""推"", ""cmtPoster"": ""leejones"", ""cmtContent"": "":酷航是開賣冬季航班兼促銷，最近都靜悄悄的，捷星是"", ""cmtDate"": ""2023-05-17 12:47:00""}, {""cmtStatus"": ""→"", ""cmtPoster"": ""leejones"", ""cmtContent"": "":連促銷都沒有。"", ""cmtDate"": ""2023-05-17 12:47:00""}, {""cmtStatus"": ""推"", ""cmtPoster"": ""MarchelKaton"", ""cmtContent"": "":樂桃三月搭過還不錯"", ""cmtDate"": ""2023-05-17 12:50:00""}, {""cmtStatus"": ""推"", ""cmtPoster"": ""zzro"", ""cmtContent"": "":之前買了七月成田下午回基本加行李5000去程還沒"", ""cmtDate"": ""2023-05-17 12:52:00""}, {""cmtStatus"": ""→"", ""cmtPoster"": ""zzro"", ""cmtContent"": "":買"", ""cmtDate"": ""2023-05-17 12:52:00""}, {""cmtStatus"": ""推"", ""cmtPoster"": ""fils"", ""cmtContent"": "":為什麼不賣高雄到成田呢？"", ""cmtDate"": ""2023-05-17 13:20:00""}, {""cmtStatus"": ""推"", ""cmtPoster"": ""cityman9999"", ""cmtContent"": "":為什麼不賣高雄到北海道呢"", ""cmtDate"": ""2023-05-17 13:23:00""}, {""cmtStatus"": ""→"", ""cmtPoster"": ""houjay"", ""cmtContent"": "":為什麼不賣台灣到亞特蘭提斯呢"", ""cmtDate"": ""2023-05-17 13:32:00""}, {""cmtStatus"": ""推"", ""cmtPoster"": ""raymond501"", ""cmtContent"": "":現在看樂桃10月很硬阿，真的貴死，打折也沒比較便宜"", ""cmtDate"": ""2023-05-17 14:11:00""}, {""cmtStatus"": ""推"", ""cmtPoster"": ""sun123456tw"", ""cmtContent"": "":借串問年底到明年初的冬季票大概都什麼時候開賣？"", ""cmtDate"": ""2023-05-17 14:28:00""}, {""cmtStatus"": ""推"", ""cmtPoster"": ""happypin"", ""cmtContent"": "":請問名古屋simplepeach3090元算是不錯的價格嗎？"", ""cmtDate"": ""2023-05-17 14:56:00""}, {""cmtStatus"": ""推"", ""cmtPoster"": ""nagual"", ""cmtContent"": "":名古屋可以考慮巴澤，7字頭，看日期，多個選擇"", ""cmtDate"": ""2023-05-17 15:00:00""}, {""cmtStatus"": ""→"", ""cmtPoster"": ""yhls"", ""cmtContent"": "":補充一個上週的事，樂桃台北沖繩也悄悄地於上週開賣"", ""cmtDate"": ""2023-05-17 15:03:00""}, {""cmtStatus"": ""→"", ""cmtPoster"": ""yhls"", ""cmtContent"": "":MM928及MM927也就說9/24-10/28一天會有三班"", ""cmtDate"": ""2023-05-17 15:03:00""}, {""cmtStatus"": ""→"", ""cmtPoster"": ""carava"", ""cmtContent"": "":樓上我也想知道，在等虎航開賣"", ""cmtDate"": ""2023-05-17 15:45:00""}, {""cmtStatus"": ""推"", ""cmtPoster"": ""nagual"", ""cmtContent"": "":可以爬文，打冬季就有相關文章"", ""cmtDate"": ""2023-05-17 15:51:00""}, {""cmtStatus"": ""→"", ""cmtPoster"": ""nagual"", ""cmtContent"": "":畢竟每年開賣時間不一定，多爬幾年比較有概念"", ""cmtDate"": ""2023-05-17 15:52:00""}, {""cmtStatus"": ""→"", ""cmtPoster"": ""carava"", ""cmtContent"": "":19/20年都是四月就開賣了，18年是七月，也差真多"", ""cmtDate"": ""2023-05-17 18:54:00""}, {""cmtStatus"": ""噓"", ""cmtPoster"": ""Yuki0508"", ""cmtContent"": "":疫情前比較有誠意，最近都支持不下去"", ""cmtDate"": ""2023-05-17 21:52:00""}, {""cmtStatus"": ""推"", ""cmtPoster"": ""phoebe9729"", ""cmtContent"": "":樂桃台北飛東京大阪的時間都不太好"", ""cmtDate"": ""2023-05-17 23:09:00""}, {""cmtStatus"": ""推"", ""cmtPoster"": ""phoebe9729"", ""cmtContent"": "":還有名古屋也是，怎麼都紅眼但卻不便宜"", ""cmtDate"": ""2023-05-17 23:12:00""}, {""cmtStatus"": ""推"", ""cmtPoster"": ""redadol"", ""cmtContent"": "":若我已買暑假名古屋，但回程想改期，目前看到要補"", ""cmtDate"": ""2023-05-18 18:06:00""}, {""cmtStatus"": ""→"", ""cmtPoster"": ""redadol"", ""cmtContent"": "":1340，有可能促銷開始後會變得更便宜嗎？"", ""cmtDate"": ""2023-05-18 18:07:00""}, {""cmtStatus"": ""推"", ""cmtPoster"": ""li2012424"", ""cmtContent"": "":名古屋推巴澤，時刻好價格也漂亮"", ""cmtDate"": ""2023-05-18 18:12:00""}, {""cmtStatus"": ""推"", ""cmtPoster"": ""yokomata"", ""cmtContent"": "":下禮拜又有旅展，該等阿虎嗎"", ""cmtDate"": ""2023-05-18 19:56:00""}, {""cmtStatus"": ""→"", ""cmtPoster"": ""SetsunaOgiso"", ""cmtContent"": "":剛剛查成田促銷後要1萬2？？？"", ""cmtDate"": ""2023-05-18 20:02:00""}, {""cmtStatus"": ""→"", ""cmtPoster"": ""SetsunaOgiso"", ""cmtContent"": "":要的日期12180加行李完都快可以搭華航國泰了"", ""cmtDate"": ""2023-05-18 20:04:00""}, {""cmtStatus"": ""→"", ""cmtPoster"": ""SetsunaOgiso"", ""cmtContent"": "":來搞笑的膩XDD"", ""cmtDate"": ""2023-05-18 20:04:00""}, {""cmtStatus"": ""推"", ""cmtPoster"": ""cabin714"", ""cmtContent"": "":沖繩早回有$1610的"", ""cmtDate"": ""2023-05-18 20:16:00""}, {""cmtStatus"": ""推"", ""cmtPoster"": ""kiromomo168"", ""cmtContent"": "":超貴來回快一萬，根本沒比較便宜"", ""cmtDate"": ""2023-05-18 20:16:00""}, {""cmtStatus"": ""推"", ""cmtPoster"": ""musichell"", ""cmtContent"": "":沒特價阿=="", ""cmtDate"": ""2023-05-18 20:29:00""}, {""cmtStatus"": ""→"", ""cmtPoster"": ""musichell"", ""cmtContent"": "":東京價格跟這幾天看的一樣"", ""cmtDate"": ""2023-05-18 20:29:00""}, {""cmtStatus"": ""推"", ""cmtPoster"": ""leejones"", ""cmtContent"": "":反正樂桃票賣不完，還可以包給旅行社。"", ""cmtDate"": ""2023-05-18 20:44:00""}, {""cmtStatus"": ""→"", ""cmtPoster"": ""a50109"", ""cmtContent"": "":以前的樂桃回不去了"", ""cmtDate"": ""2023-05-18 21:08:00""}, {""cmtStatus"": ""→"", ""cmtPoster"": ""howyue1996"", ""cmtContent"": "":哭啊昨天才買完今天就特價有夠衰"", ""cmtDate"": ""2023-05-18 21:56:00""}, {""cmtStatus"": ""推"", ""cmtPoster"": ""andykao082"", ""cmtContent"": "":今天有特價嗎？"", ""cmtDate"": ""2023-05-18 21:57:00""}, {""cmtStatus"": ""推"", ""cmtPoster"": ""lucifero"", ""cmtContent"": "":買機票就是下好離手票開了就別再看票價了"", ""cmtDate"": ""2023-05-18 22:20:00""}, {""cmtStatus"": ""→"", ""cmtPoster"": ""Yuki0508"", ""cmtContent"": "":有沒有人跟我一樣等待消耗樂桃點數？"", ""cmtDate"": ""2023-05-18 22:40:00""}, {""cmtStatus"": ""→"", ""cmtPoster"": ""Yuki0508"", ""cmtContent"": "":點數卡了3年多"", ""cmtDate"": ""2023-05-18 22:40:00""}, {""cmtStatus"": ""推"", ""cmtPoster"": ""pinkilike"", ""cmtContent"": "":名古屋比之前買便宜(哭"", ""cmtDate"": ""2023-05-18 22:43:00""}, {""cmtStatus"": ""推"", ""cmtPoster"": ""Nightu05"", ""cmtContent"": "":現在才有空查跟我上週買虎航差不多（也沒有搶）$75"", ""cmtDate"": ""2023-05-18 22:59:00""}, {""cmtStatus"": ""→"", ""cmtPoster"": ""Nightu05"", ""cmtContent"": "":00"", ""cmtDate"": ""2023-05-18 22:59:00""}, {""cmtStatus"": ""推"", ""cmtPoster"": ""Nightu05"", ""cmtContent"": "":不過樂桃我查名古屋虎航是東京"", ""cmtDate"": ""2023-05-18 23:01:00""}, {""cmtStatus"": ""推"", ""cmtPoster"": ""musichell"", ""cmtContent"": "":平常上去樂桃看一下一兩天價格就變動一次"", ""cmtDate"": ""2023-05-18 23:44:00""}, {""cmtStatus"": ""→"", ""cmtPoster"": ""musichell"", ""cmtContent"": "":一下子是那天特價一下子是這天特價"", ""cmtDate"": ""2023-05-18 23:45:00""}, {""cmtStatus"": ""推"", ""cmtPoster"": ""lovecat1812"", ""cmtContent"": "":樂桃真的變動超大"", ""cmtDate"": ""2023-05-19 01:26:00""}, {""cmtStatus"": ""推"", ""cmtPoster"": ""kncc31"", ""cmtContent"": "":沒特價到哪啊"", ""cmtDate"": ""2023-05-19 07:24:00""}, {""cmtStatus"": ""推"", ""cmtPoster"": ""iwinlottery"", ""cmtContent"": "":不錯這麼多家總算看到東京一萬出頭的"", ""cmtDate"": ""2023-05-19 08:18:00""}, {""cmtStatus"": ""推"", ""cmtPoster"": ""jtbtm1069"", ""cmtContent"": "":怎麼比之前還貴"", ""cmtDate"": ""2023-05-21 01:21:00""}]",210.69.99.253,2023-05-18 01:50:03,ptt
125,https://www.ptt.cc/bbs/Japan_Travel/M.1684295729.A.0AD.html,[讓售]Skyliner京城來回+24小時東京地鐵兩張,2023-05-17 11:55:27,nomokai,Japan_Travel,"1. 讓售品項：
 《兩張》Skyliner來回票（有效日期2023.09.13）+24小時地鐵券（有效日期2024.3.13
）

2. 物品圖片：
https://i.imgur.com/owjQkb8.jpg
https://i.imgur.com/OMIIyYc.jpg
3. 此物品由您買入的價格（讓售只能小於或等於此金額）：2201

4. 欲售價格：1900

5. 交易方式： 匯款後給QR code

6. 聯絡方式： 站內信

",[],210.240.38.78,2023-05-18 01:50:03,ptt
126,https://www.ptt.cc/bbs/Japan_Travel/M.1684297495.A.066.html,[贈送]虎航東京來回機票6/5-6/9,2023-05-17 12:24:53,qwertyu1,Japan_Travel,"原本計畫在職去日本打個四天柏青哥

結果二月底離職已經跑去打了40天 (有興趣請搜本版文章40天39夜)

覺得四天有點不過癮 (加上撞到FF14改版第一週  原本約的日本慶功宴沒了)

索性送出

wang yao cyun

去 IT216 6/5 0010-0425
回 IT217 6/9 0525-0800

都是桃園─羽田

去程無託運  回程有託運20
","[{""cmtStatus"": ""推"", ""cmtPoster"": ""lalabear520"", ""cmtContent"": "":這麼讚送機票！？"", ""cmtDate"": ""2023-05-17 12:28:00""}, {""cmtStatus"": ""推"", ""cmtPoster"": ""sanhowu"", ""cmtContent"": "":好讚"", ""cmtDate"": ""2023-05-17 12:30:00""}, {""cmtStatus"": ""推"", ""cmtPoster"": ""Kamelie"", ""cmtContent"": "":佛心"", ""cmtDate"": ""2023-05-17 12:38:00""}, {""cmtStatus"": ""推"", ""cmtPoster"": ""olivier797"", ""cmtContent"": "":真佛"", ""cmtDate"": ""2023-05-17 12:40:00""}, {""cmtStatus"": ""推"", ""cmtPoster"": ""loca73"", ""cmtContent"": "":推"", ""cmtDate"": ""2023-05-17 12:45:00""}, {""cmtStatus"": ""推"", ""cmtPoster"": ""soy5566"", ""cmtContent"": "":幫推幫推"", ""cmtDate"": ""2023-05-17 12:45:00""}, {""cmtStatus"": ""推"", ""cmtPoster"": ""otonashi1003"", ""cmtContent"": "":推推"", ""cmtDate"": ""2023-05-17 12:46:00""}, {""cmtStatus"": ""推"", ""cmtPoster"": ""hyde711034"", ""cmtContent"": "":cyun是什麼字的拚音"", ""cmtDate"": ""2023-05-17 12:47:00""}, {""cmtStatus"": ""推"", ""cmtPoster"": ""ihl123456"", ""cmtContent"": "":感覺是群"", ""cmtDate"": ""2023-05-17 12:48:00""}, {""cmtStatus"": ""推"", ""cmtPoster"": ""nagual"", ""cmtContent"": "":推推，1樓新警察XD"", ""cmtDate"": ""2023-05-17 12:50:00""}, {""cmtStatus"": ""推"", ""cmtPoster"": ""stacy623"", ""cmtContent"": "":推好心！！！"", ""cmtDate"": ""2023-05-17 12:54:00""}, {""cmtStatus"": ""推"", ""cmtPoster"": ""yuzukineko"", ""cmtContent"": "":佛"", ""cmtDate"": ""2023-05-17 12:58:00""}, {""cmtStatus"": ""推"", ""cmtPoster"": ""starstay"", ""cmtContent"": "":好佛!!!日期不行"", ""cmtDate"": ""2023-05-17 13:04:00""}, {""cmtStatus"": ""推"", ""cmtPoster"": ""b07130602"", ""cmtContent"": "":允吧"", ""cmtDate"": ""2023-05-17 13:14:00""}, {""cmtStatus"": ""推"", ""cmtPoster"": ""adychen1982"", ""cmtContent"": "":打柏青哥打40天是什麼概念..."", ""cmtDate"": ""2023-05-17 13:16:00""}, {""cmtStatus"": ""推"", ""cmtPoster"": ""cityman9999"", ""cmtContent"": "":佛心推，名字不行XD"", ""cmtDate"": ""2023-05-17 13:17:00""}, {""cmtStatus"": ""→"", ""cmtPoster"": ""fllay"", ""cmtContent"": "":是挑戰一顆4000圓的機子嗎"", ""cmtDate"": ""2023-05-17 13:28:00""}, {""cmtStatus"": ""推"", ""cmtPoster"": ""koy60511"", ""cmtContent"": "":佛"", ""cmtDate"": ""2023-05-17 13:46:00""}, {""cmtStatus"": ""推"", ""cmtPoster"": ""kk06020530"", ""cmtContent"": "":佛推一個"", ""cmtDate"": ""2023-05-17 13:57:00""}, {""cmtStatus"": ""推"", ""cmtPoster"": ""cowliu"", ""cmtContent"": "":名字中譯應該是王耀群吧有認識的朋友可以問問"", ""cmtDate"": ""2023-05-17 13:58:00""}, {""cmtStatus"": ""推"", ""cmtPoster"": ""elljong1988"", ""cmtContent"": "":最後一個字可以改yun"", ""cmtDate"": ""2023-05-17 14:06:00""}, {""cmtStatus"": ""推"", ""cmtPoster"": ""jaychou421"", ""cmtContent"": "":特地找了柏青哥那篇文來看，發現自己沒慧根，完全"", ""cmtDate"": ""2023-05-17 14:08:00""}, {""cmtStatus"": ""→"", ""cmtPoster"": ""jaychou421"", ""cmtContent"": "":看不懂…，推Q大佛心贈送，也可以考慮另外買一段去"", ""cmtDate"": ""2023-05-17 14:08:00""}, {""cmtStatus"": ""→"", ""cmtPoster"": ""jaychou421"", ""cmtContent"": "":或回程XD"", ""cmtDate"": ""2023-05-17 14:08:00""}, {""cmtStatus"": ""推"", ""cmtPoster"": ""sundaylover"", ""cmtContent"": "":純推不拿推原po佛心!!!!"", ""cmtDate"": ""2023-05-17 14:16:00""}, {""cmtStatus"": ""推"", ""cmtPoster"": ""windletterz"", ""cmtContent"": "":佛"", ""cmtDate"": ""2023-05-17 14:24:00""}, {""cmtStatus"": ""推"", ""cmtPoster"": ""elljong1988"", ""cmtContent"": "":王雅芸感覺非常有機會！"", ""cmtDate"": ""2023-05-17 14:27:00""}, {""cmtStatus"": ""推"", ""cmtPoster"": ""nets"", ""cmtContent"": "":推推"", ""cmtDate"": ""2023-05-17 14:49:00""}, {""cmtStatus"": ""推"", ""cmtPoster"": ""diablohinet"", ""cmtContent"": "":是去挑戰沼澤嗎？"", ""cmtDate"": ""2023-05-17 15:04:00""}, {""cmtStatus"": ""→"", ""cmtPoster"": ""medama"", ""cmtContent"": "":cyun好像是通用拼音用的人比較少"", ""cmtDate"": ""2023-05-17 15:11:00""}, {""cmtStatus"": ""推"", ""cmtPoster"": ""greenfetish"", ""cmtContent"": "":芎？群？"", ""cmtDate"": ""2023-05-17 15:14:00""}, {""cmtStatus"": ""推"", ""cmtPoster"": ""gohoyo123"", ""cmtContent"": "":好佛"", ""cmtDate"": ""2023-05-17 15:22:00""}, {""cmtStatus"": ""推"", ""cmtPoster"": ""anarch"", ""cmtContent"": "":推好心人"", ""cmtDate"": ""2023-05-17 15:46:00""}, {""cmtStatus"": ""推"", ""cmtPoster"": ""bbvvcc"", ""cmtContent"": "":我也愛玩柏青哥,如何抽呢"", ""cmtDate"": ""2023-05-17 16:00:00""}, {""cmtStatus"": ""→"", ""cmtPoster"": ""mcgradymp5"", ""cmtContent"": "":對那邊文章有印象,推一個"", ""cmtDate"": ""2023-05-17 16:01:00""}, {""cmtStatus"": ""→"", ""cmtPoster"": ""youdar"", ""cmtContent"": "":我想聽柏青哥的心得"", ""cmtDate"": ""2023-05-17 16:24:00""}, {""cmtStatus"": ""推"", ""cmtPoster"": ""descent"", ""cmtContent"": "":是開司嗎?"", ""cmtDate"": ""2023-05-17 16:26:00""}, {""cmtStatus"": ""推"", ""cmtPoster"": ""musichell"", ""cmtContent"": "":推佛心!!"", ""cmtDate"": ""2023-05-17 16:27:00""}, {""cmtStatus"": ""→"", ""cmtPoster"": ""flyer810086"", ""cmtContent"": "":推好心可惜人不在台灣"", ""cmtDate"": ""2023-05-17 16:27:00""}, {""cmtStatus"": ""推"", ""cmtPoster"": ""hongyiting"", ""cmtContent"": "":佛心，推一個"", ""cmtDate"": ""2023-05-17 16:28:00""}, {""cmtStatus"": ""推"", ""cmtPoster"": ""jack855048"", ""cmtContent"": "":推推"", ""cmtDate"": ""2023-05-17 16:39:00""}, {""cmtStatus"": ""→"", ""cmtPoster"": ""payaya"", ""cmtContent"": "":推"", ""cmtDate"": ""2023-05-17 16:45:00""}, {""cmtStatus"": ""推"", ""cmtPoster"": ""lastcains"", ""cmtContent"": "":太佛了吧"", ""cmtDate"": ""2023-05-17 16:49:00""}, {""cmtStatus"": ""推"", ""cmtPoster"": ""lastcains"", ""cmtContent"": "":推佛心"", ""cmtDate"": ""2023-05-17 16:53:00""}, {""cmtStatus"": ""推"", ""cmtPoster"": ""meilu0119"", ""cmtContent"": "":推～好佛心"", ""cmtDate"": ""2023-05-17 16:59:00""}, {""cmtStatus"": ""推"", ""cmtPoster"": ""hsy76"", ""cmtContent"": "":推佛心"", ""cmtDate"": ""2023-05-17 17:01:00""}, {""cmtStatus"": ""推"", ""cmtPoster"": ""arhat"", ""cmtContent"": "":好心推推"", ""cmtDate"": ""2023-05-17 18:05:00""}, {""cmtStatus"": ""推"", ""cmtPoster"": ""racoon151"", ""cmtContent"": "":推好心"", ""cmtDate"": ""2023-05-17 20:26:00""}, {""cmtStatus"": ""推"", ""cmtPoster"": ""water0214"", ""cmtContent"": "":這種好事我都遇不到"", ""cmtDate"": ""2023-05-17 20:33:00""}, {""cmtStatus"": ""推"", ""cmtPoster"": ""starfishfish"", ""cmtContent"": "":好心推"", ""cmtDate"": ""2023-05-17 20:35:00""}, {""cmtStatus"": ""推"", ""cmtPoster"": ""Pixis"", ""cmtContent"": "":推一個"", ""cmtDate"": ""2023-05-17 21:18:00""}, {""cmtStatus"": ""推"", ""cmtPoster"": ""vespa777"", ""cmtContent"": "":推，首週要打零式路過"", ""cmtDate"": ""2023-05-17 21:46:00""}, {""cmtStatus"": ""推"", ""cmtPoster"": ""JSKIO75148"", ""cmtContent"": "":推好心"", ""cmtDate"": ""2023-05-17 23:19:00""}, {""cmtStatus"": ""推"", ""cmtPoster"": ""morocoyaya"", ""cmtContent"": "":太佛了吧"", ""cmtDate"": ""2023-05-18 00:54:00""}, {""cmtStatus"": ""推"", ""cmtPoster"": ""peikiwi"", ""cmtContent"": "":推好心"", ""cmtDate"": ""2023-05-18 02:15:00""}, {""cmtStatus"": ""推"", ""cmtPoster"": ""kiwiwoo"", ""cmtContent"": "":推推"", ""cmtDate"": ""2023-05-18 09:56:00""}, {""cmtStatus"": ""推"", ""cmtPoster"": ""jeffstjeff"", ""cmtContent"": "":太厲害"", ""cmtDate"": ""2023-05-18 11:38:00""}, {""cmtStatus"": ""推"", ""cmtPoster"": ""kei1823"", ""cmtContent"": "":40天真的猛，我去打一晚的湯姆熊就快受不了，就算"", ""cmtDate"": ""2023-05-18 13:34:00""}, {""cmtStatus"": ""→"", ""cmtPoster"": ""kei1823"", ""cmtContent"": "":有賺也好累"", ""cmtDate"": ""2023-05-18 13:35:00""}, {""cmtStatus"": ""推"", ""cmtPoster"": ""s19880831"", ""cmtContent"": "":推好心!"", ""cmtDate"": ""2023-05-18 14:39:00""}, {""cmtStatus"": ""推"", ""cmtPoster"": ""jack931018"", ""cmtContent"": "":推好心"", ""cmtDate"": ""2023-05-18 15:02:00""}, {""cmtStatus"": ""推"", ""cmtPoster"": ""kido183"", ""cmtContent"": "":佛又會賺錢超強"", ""cmtDate"": ""2023-05-18 17:03:00""}, {""cmtStatus"": ""推"", ""cmtPoster"": ""inranyan"", ""cmtContent"": "":推好心"", ""cmtDate"": ""2023-05-18 17:26:00""}, {""cmtStatus"": ""推"", ""cmtPoster"": ""MOONusagi"", ""cmtContent"": "":比較好奇送出去了嗎？感覺應該一下就索取完？！XD"", ""cmtDate"": ""2023-05-18 23:31:00""}, {""cmtStatus"": ""推"", ""cmtPoster"": ""h56y"", ""cmtContent"": "":推推"", ""cmtDate"": ""2023-05-19 18:08:00""}]",114.37.106.195,2023-05-18 01:50:03,ptt
127,https://www.ptt.cc/bbs/Japan_Travel/M.1684300498.A.D56.html,[問題]靜岡到河口湖,2023-05-17 13:14:56,hesitates,Japan_Travel,"爬文看到疫情前想從靜岡到河口湖

可以從富士宮那一帶搭富士特急巴士到河口湖 約2小時

但是疫情後現在查富士特急官網

似乎沒有從靜岡 富士宮這邊過去的巴士 ！？

都是東京那邊和河口湖往返而已 ！？
http://bus-tw.fujikyu.co.jp/
好像都要從東京那邊過去

想確認是這樣嗎？

從靜岡 —》河口湖 — 〉東京這樣交通安排似乎會非常不順 ？？

要從靜岡回東京

繞一大圈

再去河口湖這樣 ？

謝謝
","[{""cmtStatus"": ""→"", ""cmtPoster"": ""ccpz"", ""cmtContent"": "":中文網站沒更新的樣子"", ""cmtDate"": ""2023-05-17 13:14:56""}, {""cmtStatus"": ""推"", ""cmtPoster"": ""kmsh710627"", ""cmtContent"": "":從靜岡車站跟富士宮往河口湖似乎是停駛，目前應該只"", ""cmtDate"": ""2023-05-17 13:14:56""}, {""cmtStatus"": ""→"", ""cmtPoster"": ""kmsh710627"", ""cmtContent"": "":能從三島跟御殿場出發"", ""cmtDate"": ""2023-05-17 13:14:56""}, {""cmtStatus"": ""推"", ""cmtPoster"": ""dola1210"", ""cmtContent"": "":最多就繞到御殿場會有車搭不用回東京"", ""cmtDate"": ""2023-05-17 21:00:00""}, {""cmtStatus"": ""推"", ""cmtPoster"": ""phoebe9729"", ""cmtContent"": "":三島車站估狗有"", ""cmtDate"": ""2023-05-17 23:04:00""}, {""cmtStatus"": ""推"", ""cmtPoster"": ""s1an"", ""cmtContent"": "":疫情前有從三島車站坐巴士上河口湖"", ""cmtDate"": ""2023-05-19 00:35:00""}]",111.250.90.6,2023-05-18 01:50:03,ptt
128,https://www.ptt.cc/bbs/Japan_Travel/M.1684310936.A.593.html,[遊記]飛行-日航國內線東京羽田－大阪伊丹,2023-05-17 16:08:49,Furella,Japan_Travel,"圖文網誌版:
https://bitesize.tw/2023-02-jal-hnd-itm-economy-class/
https://bitesize.tw/wp-content/uploads/2023/05/20230511222224_11.jpeg
2023.02


簡單寫一下我們從羽田機場轉機大阪伊丹空港的飛行紀錄。
這一段是日航國內線的延伸行程，原先購買的是台北飛往關西機場的航班，
但因為日航調度的關係，暫時取消了這條航線。
進線客服後，有一次免費更改航班與航點的機會。
我將機票改到羽田機場，並飛往幾乎每小時都有航班的大阪伊丹空港，
比起關西機場一天只有三班要方便得多。
轉機時間只要在 24 小時內，都算轉機而不是中停，所以跨夜也是沒問題的。

這班航班使用的機材為 787-8，我們的座位在 28 排 JK 位置，
是經濟艙的第一排座位，有著比較大的腳部空間。
原本選擇右側靠窗位子，為的是想要看到富士山，
不過很可惜地，天候狀況不佳，雲層非常厚，什麼也沒看到。

離開日航位於北翼的頭等貴賓室之後，前往 14 號登機門，
為了在貴賓室取材，所以晚到了一些些，抵達時已經開始登機了。
https://bitesize.tw/wp-content/uploads/2023/05/20230511222231_4.jpeg
今天的位子在右側第一排靠窗，經濟艙座位配置為 3-3-3，
隔板的前方就是 Class J 座位。
寶寶一上飛機就想要從背巾上下來，自己站著看窗外，看得煞有其事的樣子。

從東京到大阪，飛行時間大約一小時 10 分鐘，在 10：30 準時後推，
天氣不太好，也有點霧氣。
今天比較早起吃飯店早餐，所以飛上天空沒多久，另一半就揹著寶寶睡著了，
我安靜地享受一個人喝冰綠茶的時光。

降落大阪時，天色灰濛濛的一片。看地板上濕濕的，似乎先前有下了一陣雨。

下飛機的時間大約是 11：50 分，正好是午餐時間，
再拉到京都去覓食，會誤到寶寶的午餐時間，
所以我們決定先不出管制區，在管制區內的餐廳吃飽了，再繼續前往京都。



",[],220.137.26.11,2023-05-18 01:50:03,ptt
129,https://www.ptt.cc/bbs/Japan_Travel/M.1684314511.A.31B.html,[問題]五月底東京行小問題請教,2023-05-17 17:08:29,redred,Japan_Travel,"各位版友好
五月底預計帶太太還有一個快六歲的兒子到東京10天
三天住日本橋三井 三天迪士尼樂園飯店 三天上野MIMARU
請教幾個小問題

1.我們迪士尼樂園海洋各一天 因住迪士尼樂園飯店可提早15分鐘入園
  請問近期大概都幾點開放入園(5/29.30)
  雖然住園區 但帶小孩還是希望可以讓他睡飽一點~

2.海洋的驚魂古堡和陸地太空山不知有沒有家長帶大約六歲小朋友玩過的經驗?
  我兒子很想玩驚魂古堡又有點害怕
  我自己印象小時候在奧蘭多迪士尼玩過有點恐怖
  被騙的感覺 看風景突然掉下去 嚇死XD

3.我們有預定到寶可夢餐廳
  當初網路預約快速買了幾個杯墊(線上付款 第一次搶很緊張隨便點就結帳了XD)
  後來看到還有一些不錯的商品也想買 是否可在餐廳加購?

4.另外兒子最近跟我一起玩電動很愛最新出的角色 艾菲靈 Elfilin エフィリン
  想買一隻娃娃
  我們有預約到卡比餐廳 但看了許多卡比網站專賣 Youtube等等
  似乎沒看到這隻
  日亞上有
https://imgur.com/a/16OPOmW
製造商三英貿易 有沒有網友知道東京哪邊可以買的到?
  不然只能問飯店可否代收了(希望不要麻煩到飯店)

以上 先謝謝版友~
","[{""cmtStatus"": ""推"", ""cmtPoster"": ""happylady"", ""cmtContent"": "":寶可夢跟卡比都有搶到好厲害！想請教卡比實測會比"", ""cmtDate"": ""2023-05-17 18:00:00""}, {""cmtStatus"": ""→"", ""cmtPoster"": ""happylady"", ""cmtContent"": "":寶可夢難搶嗎？"", ""cmtDate"": ""2023-05-17 18:00:00""}, {""cmtStatus"": ""推"", ""cmtPoster"": ""owlonoak"", ""cmtContent"": "":只要想拚提早入園就是睡不飽魚與熊掌不可兼得"", ""cmtDate"": ""2023-05-17 18:10:00""}, {""cmtStatus"": ""→"", ""cmtPoster"": ""owlonoak"", ""cmtContent"": "":第二個問題˙是驚魂古塔是自由落體"", ""cmtDate"": ""2023-05-17 18:13:00""}, {""cmtStatus"": ""→"", ""cmtPoster"": ""owlonoak"", ""cmtContent"": "":這是公認兩個園區中最恐怖的設施自行斟酌"", ""cmtDate"": ""2023-05-17 18:13:00""}, {""cmtStatus"": ""推"", ""cmtPoster"": ""owlonoak"", ""cmtContent"": "":你沒有給日期星期無法告訴你會是幾點開門"", ""cmtDate"": ""2023-05-17 18:40:00""}, {""cmtStatus"": ""推"", ""cmtPoster"": ""owlonoak"", ""cmtContent"": "":08:15就會開放大家入園了喔"", ""cmtDate"": ""2023-05-17 18:52:00""}, {""cmtStatus"": ""推"", ""cmtPoster"": ""mayegg"", ""cmtContent"": "":近期大概是8:30一般開園、8:15提早入園"", ""cmtDate"": ""2023-05-17 18:52:00""}, {""cmtStatus"": ""→"", ""cmtPoster"": ""owlonoak"", ""cmtContent"": "":住樂園飯店的話08:00就可入場"", ""cmtDate"": ""2023-05-17 18:53:00""}, {""cmtStatus"": ""推"", ""cmtPoster"": ""juanes"", ""cmtContent"": "":這幾天住飯店的提早入園都是8:15"", ""cmtDate"": ""2023-05-17 19:19:00""}, {""cmtStatus"": ""→"", ""cmtPoster"": ""juanes"", ""cmtContent"": "":一般遊客是8:30開園"", ""cmtDate"": ""2023-05-17 19:20:00""}, {""cmtStatus"": ""推"", ""cmtPoster"": ""deleteee"", ""cmtContent"": "":東京上野的ヤマシロヤ可能有（這間有個卡比專區），"", ""cmtDate"": ""2023-05-17 20:12:00""}, {""cmtStatus"": ""→"", ""cmtPoster"": ""deleteee"", ""cmtContent"": "":2週前發布的YT還有看到艾菲靈，可以去YT找找看最新"", ""cmtDate"": ""2023-05-17 20:12:00""}, {""cmtStatus"": ""→"", ""cmtPoster"": ""deleteee"", ""cmtContent"": "":影片或是去電詢問"", ""cmtDate"": ""2023-05-17 20:12:00""}, {""cmtStatus"": ""→"", ""cmtPoster"": ""deleteee"", ""cmtContent"": "":但我不是看到這樣被吊著，不知道有沒有在販售XD"", ""cmtDate"": ""2023-05-17 20:14:00""}, {""cmtStatus"": ""→"", ""cmtPoster"": ""deleteee"", ""cmtContent"": "":ヤマシロヤ號稱卡比聖地，喜歡卡比的話值得去朝聖一"", ""cmtDate"": ""2023-05-17 20:14:00""}, {""cmtStatus"": ""→"", ""cmtPoster"": ""deleteee"", ""cmtContent"": "":下"", ""cmtDate"": ""2023-05-17 20:14:00""}, {""cmtStatus"": ""推"", ""cmtPoster"": ""yahooooooooo"", ""cmtContent"": "":1.8:302.就玩看看吧大不了哭一哭而已"", ""cmtDate"": ""2023-05-17 23:26:00""}, {""cmtStatus"": ""→"", ""cmtPoster"": ""yahooooooooo"", ""cmtContent"": "":我兒子五歲玩巨雷山後意猶未盡"", ""cmtDate"": ""2023-05-17 23:27:00""}, {""cmtStatus"": ""→"", ""cmtPoster"": ""yahooooooooo"", ""cmtContent"": "":打算年底再帶去海洋玩古塔跟印第安納瓊斯"", ""cmtDate"": ""2023-05-17 23:28:00""}, {""cmtStatus"": ""推"", ""cmtPoster"": ""vivian0509"", ""cmtContent"": "":上野玩具店有賣你要的那隻，貨很多！前天剛去回來"", ""cmtDate"": ""2023-05-18 00:48:00""}, {""cmtStatus"": ""→"", ""cmtPoster"": ""vivian0509"", ""cmtContent"": "":～"", ""cmtDate"": ""2023-05-18 00:48:00""}, {""cmtStatus"": ""推"", ""cmtPoster"": ""stud0361411"", ""cmtContent"": "":太空山維修中，官網寫的，所以不用擔心了"", ""cmtDate"": ""2023-05-18 05:10:00""}, {""cmtStatus"": ""推"", ""cmtPoster"": ""stud0361411"", ""cmtContent"": "":沒事，我也很期待，但偏偏就是保養，我是在你們後"", ""cmtDate"": ""2023-05-18 05:58:00""}, {""cmtStatus"": ""→"", ""cmtPoster"": ""stud0361411"", ""cmtContent"": "":兩天去的，但至少煙火看得到(天氣允許)，因為整個"", ""cmtDate"": ""2023-05-18 05:58:00""}, {""cmtStatus"": ""→"", ""cmtPoster"": ""stud0361411"", ""cmtContent"": "":暑假煙火都在保養！！"", ""cmtDate"": ""2023-05-18 05:58:00""}, {""cmtStatus"": ""推"", ""cmtPoster"": ""mayegg"", ""cmtContent"": "":新版太空山前天剛開工,預計2027年開幕"", ""cmtDate"": ""2023-05-18 06:57:00""}, {""cmtStatus"": ""→"", ""cmtPoster"": ""mayegg"", ""cmtContent"": "":現有太空山將於2024年關閉拆除(日期未定)"", ""cmtDate"": ""2023-05-18 06:58:00""}, {""cmtStatus"": ""推"", ""cmtPoster"": ""Faye"", ""cmtContent"": "":暑假煙火都在保養，請問這是確定的嗎？謝謝"", ""cmtDate"": ""2023-05-18 07:10:00""}, {""cmtStatus"": ""推"", ""cmtPoster"": ""yukimura0305"", ""cmtContent"": "":官網都有寫各設施維修時間唷"", ""cmtDate"": ""2023-05-18 09:00:00""}]",223.137.171.166,2023-05-18 01:50:03,ptt
130,https://www.ptt.cc/bbs/Japan_Travel/M.1684319286.A.A0B.html,[問題]景點取捨｜江之島/鶴岡八幡宮宵宮祭,2023-05-17 18:28:04,allen101pq,Japan_Travel,"各位板友好～
本人欲於今年9月前往東京及其近郊
其中9/14-15兩日預計在鎌倉一帶遊玩

正逢鶴岡八幡宮舉行例大祭
9/14 → 宵宮祭（前夜祭）
9/15 → 神幸祭
9/16 → 流鏑馬神事（與本文無關）

住宿皆在橫濱站旁
目前規劃9/14遊歷江之島電鐵沿線
隔日9/15在鎌倉參加神幸祭
並待到下午三點前離去

這一天半的旅程中
難以取捨的是第一天9/14晚上
方案A
｜留在江之島看夕陽與夜景（日落時間17：51），鶴岡八幡宮的部分僅參加隔日的神幸祭即可
方案B
｜選個海岸看一下子江之島的夕陽，17：30左右離去，趕赴鶴岡八幡宮觀賞宵宮祭（18：00開始）
*19：00和太鼓演奏會

想請教各位有經驗的前輩們，方案B在時間執行上是否可行
若可行，兩者較推薦選擇哪一方案呢？
以上問題請教，還請各位給予指點與建議，謝謝！
","[{""cmtStatus"": ""推"", ""cmtPoster"": ""hyuchi0202"", ""cmtContent"": "":你是要在江之島的哪邊看夕陽?"", ""cmtDate"": ""2023-05-17 18:53:00""}, {""cmtStatus"": ""→"", ""cmtPoster"": ""mairona123"", ""cmtContent"": "":方案B很難在18:00前回到八幡宮。至於A或B，不妨看當"", ""cmtDate"": ""2023-05-17 19:35:00""}, {""cmtStatus"": ""→"", ""cmtPoster"": ""mairona123"", ""cmtContent"": "":日天氣做取捨。非晴天的話，海灰灰的也看不到夕陽"", ""cmtDate"": ""2023-05-17 19:36:00""}, {""cmtStatus"": ""→"", ""cmtPoster"": ""mairona123"", ""cmtContent"": "":9月~10月剛好是江之島燈籠祭和冬季燈飾交接的空窗期"", ""cmtDate"": ""2023-05-17 19:39:00""}, {""cmtStatus"": ""推"", ""cmtPoster"": ""hyuchi0202"", ""cmtContent"": "":稲村ヶ崎走到車站搭到鎌倉站大概20-25分"", ""cmtDate"": ""2023-05-17 20:02:00""}, {""cmtStatus"": ""→"", ""cmtPoster"": ""hyuchi0202"", ""cmtContent"": "":再直接走到鶴岡八幡宮大概抓10-15分吧"", ""cmtDate"": ""2023-05-17 20:03:00""}, {""cmtStatus"": ""推"", ""cmtPoster"": ""BigBird110"", ""cmtContent"": "":夕陽哪時候都有我選鶴岡"", ""cmtDate"": ""2023-05-18 07:58:00""}]",118.161.137.224,2023-05-18 01:50:05,ptt
131,https://www.ptt.cc/bbs/Japan_Travel/M.1684320601.A.779.html,[問題]東京DocomoHellocycling租腳踏車,2023-05-17 18:49:59,pindar,Japan_Travel,"想請問
近日有人註冊
Docomo Cycle
Hello cycling
成功的嗎？
兩個都可以輸入台灣電話但是都收不到簡訊
(我也試了另一個國家電話也收不到)
另外或是東京有其他租腳踏車方式？

","[{""cmtStatus"": ""→"", ""cmtPoster"": ""power7"", ""cmtContent"": "":爬文共享單車"", ""cmtDate"": ""2023-05-17 19:25:00""}, {""cmtStatus"": ""→"", ""cmtPoster"": ""pindar"", ""cmtContent"": "":爬過，4月份文章似乎可以註冊但是目前都不行"", ""cmtDate"": ""2023-05-17 19:49:00""}, {""cmtStatus"": ""→"", ""cmtPoster"": ""power7"", ""cmtContent"": "":四月的不是說他有日本門號嗎"", ""cmtDate"": ""2023-05-17 21:04:00""}, {""cmtStatus"": ""→"", ""cmtPoster"": ""power7"", ""cmtContent"": "":三月的是註冊hellocycling"", ""cmtDate"": ""2023-05-17 21:05:00""}, {""cmtStatus"": ""推"", ""cmtPoster"": ""gardeniablue"", ""cmtContent"": "":Docomo記得要日本電話，但可海外信用卡"", ""cmtDate"": ""2023-05-17 21:14:00""}, {""cmtStatus"": ""推"", ""cmtPoster"": ""mamaomik"", ""cmtContent"": "":Hellocycling可以台灣手機註冊4月去京都有租記得"", ""cmtDate"": ""2023-05-17 22:14:00""}, {""cmtStatus"": ""→"", ""cmtPoster"": ""mamaomik"", ""cmtContent"": "":綁信用卡才能一帳租4台"", ""cmtDate"": ""2023-05-17 22:14:00""}, {""cmtStatus"": ""→"", ""cmtPoster"": ""olympic2020"", ""cmtContent"": "":四月有開放海外門號註冊，看來又關閉了"", ""cmtDate"": ""2023-05-18 02:21:00""}, {""cmtStatus"": ""→"", ""cmtPoster"": ""pindar"", ""cmtContent"": "":hello偶目前還是沒收到簡訊，哭"", ""cmtDate"": ""2023-05-18 04:10:00""}, {""cmtStatus"": ""推"", ""cmtPoster"": ""support5566"", ""cmtContent"": "":Hello可能是電信問題,5月註冊中華有收到台哥大收"", ""cmtDate"": ""2023-05-18 11:56:00""}, {""cmtStatus"": ""→"", ""cmtPoster"": ""support5566"", ""cmtContent"": "":不到"", ""cmtDate"": ""2023-05-18 11:56:00""}, {""cmtStatus"": ""推"", ""cmtPoster"": ""mamaomik"", ""cmtContent"": "":我是4月初註冊台星門號真幸運"", ""cmtDate"": ""2023-05-18 12:59:00""}, {""cmtStatus"": ""推"", ""cmtPoster"": ""TT"", ""cmtContent"": "":我剛剛無聊測試了一下，中華門號今天5/19早上收到"", ""cmtDate"": ""2023-05-19 13:27:00""}]",180.217.129.167,2023-05-18 01:50:05,ptt
132,https://www.ptt.cc/bbs/Japan_Travel/M.1684364273.A.7CD.html,[資訊]東京迪士尼煙火保養日程,2023-05-18 06:57:46,stud0361411,Japan_Travel,"最近行程安排完後
又多做了一點功課
無聊把東京迪士尼官網翻了一遍
就發現了這個資訊
雖然遊樂園設施的維修保養是很正常的
但今年煙火保養時間還是讓我滿shock

直接先附上官網連結
https://www.tokyodisneyresort.jp/tc/tdl/monthly/stop.html
今年40週年的煙火
保養時間是7/3-9/6
https://i.imgur.com/3hHCkG5.jpg
整個暑假都在保養
這保養時間真的滿神奇的
還是以前每年都是這時間？
又或者對日本來說
旺季是黃金週而不是暑假？
我記得日本也是有暑假的
","[{""cmtStatus"": ""推"", ""cmtPoster"": ""mayegg"", ""cmtContent"": "":每年7~8月左右都沒有煙火"", ""cmtDate"": ""2023-05-18 07:02:00""}, {""cmtStatus"": ""→"", ""cmtPoster"": ""mayegg"", ""cmtContent"": "":比較多人猜測的原因是夏季風向問題，為了避免影響到"", ""cmtDate"": ""2023-05-18 07:13:00""}, {""cmtStatus"": ""→"", ""cmtPoster"": ""mayegg"", ""cmtContent"": "":周邊住宅區造成危險，所以夏季停放"", ""cmtDate"": ""2023-05-18 07:13:00""}, {""cmtStatus"": ""→"", ""cmtPoster"": ""mayegg"", ""cmtContent"": "":日本暑假是7月下旬~8月底，其中最大旺季是8月中旬的"", ""cmtDate"": ""2023-05-18 07:28:00""}, {""cmtStatus"": ""→"", ""cmtPoster"": ""mayegg"", ""cmtContent"": "":盂蘭盆節大型連假"", ""cmtDate"": ""2023-05-18 07:29:00""}, {""cmtStatus"": ""→"", ""cmtPoster"": ""stud0361411"", ""cmtContent"": "":原來啊，來日旅板長知識"", ""cmtDate"": ""2023-05-18 07:43:00""}, {""cmtStatus"": ""→"", ""cmtPoster"": ""anotoki"", ""cmtContent"": "":如同m大說的，南風會把煙火灰燼往度假區北邊的住宅"", ""cmtDate"": ""2023-05-18 07:54:00""}, {""cmtStatus"": ""→"", ""cmtPoster"": ""anotoki"", ""cmtContent"": "":區吹，所以除了夏季保養期的日子以外如果吹風速強"", ""cmtDate"": ""2023-05-18 07:54:00""}, {""cmtStatus"": ""→"", ""cmtPoster"": ""anotoki"", ""cmtContent"": "":的南風，當天也非常有機率臨時停演（通常說因天氣惡"", ""cmtDate"": ""2023-05-18 07:54:00""}, {""cmtStatus"": ""→"", ""cmtPoster"": ""anotoki"", ""cmtContent"": "":劣停演的理由跟下雨無關，都是風向風速）"", ""cmtDate"": ""2023-05-18 07:54:00""}, {""cmtStatus"": ""推"", ""cmtPoster"": ""S890127"", ""cmtContent"": "":我記得每年都是這時期停演喔風向關係"", ""cmtDate"": ""2023-05-18 08:53:00""}, {""cmtStatus"": ""推"", ""cmtPoster"": ""frankie0614"", ""cmtContent"": "":沒煙火的話是不是就不用留那麼晚啊7/10要去"", ""cmtDate"": ""2023-05-18 09:50:00""}, {""cmtStatus"": ""→"", ""cmtPoster"": ""frankie0614"", ""cmtContent"": "":陸地"", ""cmtDate"": ""2023-05-18 09:50:00""}, {""cmtStatus"": ""推"", ""cmtPoster"": ""S890127"", ""cmtContent"": "":如果你有要玩設施的話那段時間是最空的"", ""cmtDate"": ""2023-05-18 09:53:00""}, {""cmtStatus"": ""→"", ""cmtPoster"": ""S890127"", ""cmtContent"": "":因為很多人看完夜間遊行就差不多回去了"", ""cmtDate"": ""2023-05-18 09:53:00""}, {""cmtStatus"": ""推"", ""cmtPoster"": ""bloodpiece"", ""cmtContent"": "":看過台灣浮誇的煙火迪士尼煙火真的還好"", ""cmtDate"": ""2023-05-18 14:51:00""}, {""cmtStatus"": ""→"", ""cmtPoster"": ""bloodpiece"", ""cmtContent"": "":去玩設施比較實在!!"", ""cmtDate"": ""2023-05-18 14:51:00""}, {""cmtStatus"": ""推"", ""cmtPoster"": ""racoon151"", ""cmtContent"": "":迪士尼煙火跟台灣比不是比浮誇的吧，是城堡背後加"", ""cmtDate"": ""2023-05-18 15:41:00""}, {""cmtStatus"": ""→"", ""cmtPoster"": ""racoon151"", ""cmtContent"": "":乘的作用"", ""cmtDate"": ""2023-05-18 15:41:00""}, {""cmtStatus"": ""推"", ""cmtPoster"": ""likeithot"", ""cmtContent"": "":問題台灣浮誇的煙火也不是每天都有"", ""cmtDate"": ""2023-05-18 20:36:00""}, {""cmtStatus"": ""→"", ""cmtPoster"": ""likeithot"", ""cmtContent"": "":像迪士尼是每天都有好幾分鐘的煙火表演秀在臺灣也"", ""cmtDate"": ""2023-05-18 20:36:00""}, {""cmtStatus"": ""→"", ""cmtPoster"": ""likeithot"", ""cmtContent"": "":沒有吧"", ""cmtDate"": ""2023-05-18 20:36:00""}, {""cmtStatus"": ""推"", ""cmtPoster"": ""ZNR0709"", ""cmtContent"": "":居然沒有煙火！"", ""cmtDate"": ""2023-05-18 23:26:00""}, {""cmtStatus"": ""推"", ""cmtPoster"": ""vivian0509"", ""cmtContent"": "":40週年的煙火還好，沒有跟城堡互動，就是放煙火"", ""cmtDate"": ""2023-05-19 03:09:00""}]",111.83.168.109,2023-05-19 01:51:09,ptt
133,https://www.ptt.cc/bbs/Japan_Travel/M.1684379972.A.1D9.html,[問題]東京廣域+橫濱八天七夜親子遊請益,2023-05-18 11:19:28,littlePIXY,Japan_Travel,"１． 出遊日期：6月15日－6月22日 八天七夜
               成員：夫妻+2個孩子（5Y11M、3Y9M），會帶一台推車

２． 每日行程：
DAY1 6/15（四） 啟程   住宿：東橫Inn淺草蔵前1號
上午：華航CI102 07:45小港T2－12:15成田T2
下午：機場JR東日本取票－淺草入住
晚上：秋葉原肉屋橫丁（已預約1730)
DAY2 6/16（五）橫濱   住宿：東橫Inn櫻木町  買Minato Burari Ticket
上午：野毛山動物園
中午：元町、中華街
下午：港見丘公園or山下公園－鋼彈工廠（1600-1900左右）
晚上：橫濱摩天輪
DAY3 6/17（六）橫濱   住宿：東橫Inn淺草蔵前1號  買Minato Burari Ticket
上午：麵包超人博物館1F（2樓博物館很值得去嗎？門票不便宜QQ）、西松屋、OKstore
下午：日清泡麵博物館－紅磚倉庫，返回淺草
DAY4 6/18（日）河口湖 住宿：東橫Inn淺草蔵前1號  使用：東京廣域周遊券D1
上午：07:08錦糸町－09:26河口湖（已預約富士回遊3），河口湖纜車天上山公園
中午：不動餺飥河口湖站前店
下午：下吉田站（本町2丁目）－新蒼山淺間公園－富士山站（金鳥居）、Q-STA商場
晚上：17:45富士山站－19:28新宿站（已預約富士回遊48），轉JR回淺草橋站
DAY5 6/19（一）輕井澤 住宿：東橫Inn淺草蔵前1號  使用：東京廣域周遊券D2
上午：07:30上野站－08:40輕井澤（預計預約Asama603）
9點白貓租車租電動車&親子電動車（因為怕親子被租完所以才提早出發趕開店前）
輕井澤電動自行車漫遊
下午：15:00左右回到輕井澤站，王子outlet
晚上：18:57輕井澤站－19:54上野站（預計預約Hatutaka572）
DAY6 6/20（二）鎌倉 住宿：東橫Inn淺草蔵前1號  使用：東京廣域周遊券D3
上午：宇賀福神社洗錢－鶴岡八幡宮
買江之電1日通票
中午：小町通商店街
下午：長谷站－鎌倉大佛、長谷寺繡球花
傍晚：鎌倉高校前，江之島（山上視小孩情況再決定要不要上去，不上去機率高）
DAY7 6/21（三）吉祥寺 住宿：東橫Inn淺草蔵前1號
上午：井之頭動物園
中午：三鷹之森美術館（已預約12:00場次）
下午：井之頭水生動物園、吉祥寺商店街
DAY8 6/22（四）賦歸
上午：09:18蔵前站－10:29成田機場T2
中午：華航CI103 13:15成田T2－16:15小港T2

３． 特別希望：提供個人旅遊重點或其他任何想徵求意見的部分

我們在2018年的時候帶大寶去過9天8夜，行程很相似，不過當時是東京市區+輕井澤+
河口湖（後來有聽版友建議在河口湖住一晚）+勝田水戶
當時覺得住在東橫inn淺草藏前1號還不錯，所以這次訂機票後就先訂了飯店，
等到在排行程的時候才發現QQQQQ其實這裡蠻不方便的，
沒想到東橫INN取消了到上野站的接駁車了>""<
因為這次很多行程都是搭乘JR，東橫inn前草藏前1號離最近的淺草橋站也要走1公里多，
等到要更動的時候發現飯店不好更改了，就繼續維持。
如果能走就走到淺草橋當散步，不能走就搭一線的地鐵QQ

這次排完行程後，發現每天都不在東京QQ?有預想可能會很累也可能走不完，
大概只有已經預約好的肉屋橫丁、輕井澤、河口湖，以及鋼彈工廠原則上會如期成行。
其他的盡可能完成，沒有一定要按表走完。或者行程中間可能會留多一點休息時間。

除了肉屋橫丁沒有特別安排餐廳，打算走到哪裡就隨意找家餐廳進去吃或者吃超商。
採隨時補給策略....

1.有關雨備
6月中下旬不知道還會不會遇到雨季，想請問如果下雨的話，是否建議成行？
目前想到的雨備：
河口湖........沒有QQQ
輕井澤：改王子outlet逛一天
鎌倉改大宮鐵道博物館。（其實鎌倉本來要去勝田常陸海濱公園，剛好6月沒有花季放棄）

2.有關江之島
兩個孩子都不是很耐走，會帶一台推車（把兩個都丟上去），盡可能先調查好無障礙，
所以需要走很多階梯的行程都放棄，江之島有查到可以買手扶梯券上去，
但想知道下來的話會不會也很麻煩，很麻煩可能就不上去了

3.有關兒童定義
大寶6月底滿6歲，我們6月中前往。目前東京廣域周遊券有幫他買票，比較舒適。
畢竟河口湖、輕井澤都要搭很久的車。目前預計爸爸自己坐，媽媽與2孩子坐2個位置。
有查到日本的學制是4月入學，想知道這個是代表大寶在日本是明年才是上小學的年紀嗎？
所以只要遇到6歲以下都可以很放心不用付費嗎？（比如說地鐵or肉屋橫丁未就學免費）
除了橫濱的公車、景點以外，大部分的交通都是6歲以下免費。

4.有關吉卜力美術館
雖然我有順利在無線循環的錯誤中，耗時超久訂到吉卜力美術館。
但是我忘記當時的密碼了QQQ寄來的確認信中表示要點連結進去取得QRcode，
但我記得mail還有手機，但不知道為何密碼就是一直顯示錯誤 囧
想知道沒有QRcode，只有預約資訊確認信到現場也可以順利換票嗎QQQQ

5.有關河口湖
因為這是媽媽我第3次去河口湖了，加上上次有去溫泉旅館（山岸旅館）住一晚，
這次河口湖周邊只排了天上山纜車+天上山公園，加上兩個沒去過的下吉田站與富士山站。
想請教如果真的萬一下雨，有推薦的雨備嗎？
下雨應該還是會去河口湖...有想到改音樂之森，但那裡也大多是戶外QQ

6.有關吉祥寺交通
想請問去吉祥寺有推薦的交通票嗎？還是刷西瓜卡就好？
有在考慮買東京市區JR一日券（Tokunai Pass)日幣760，這個好像要補票？
買這張是不是會划算一點點(?)

7.有關東橫inn淺草蔵前1號行李寄放
第二天去橫濱的時候，可以把行李寄放在東橫inn，隔天再領取入住嗎？
我上網查過，各家東橫不一樣，想請問有沒有剛好版友們有東橫inn淺草蔵前1號的經驗？

林林總總問題還很多，只能細部慢慢調整。
先謝謝各位前輩、版友大大，我會盡可能先查好各車站的電梯位置，
原則上出行都會帶著推車出門。
因為原本想排勝田常陸海濱公園，等到要改的時候，橫濱6/17（六）剛好周六晚上，
訂不到適合的飯店了QQ後來排鎌倉才發現從橫濱過去方便很多QQ

D2去橫濱就是打算第一天應該行李沒什麼動，理想計畫是行李寄放在東橫。
只帶一日換洗衣物輕裝到橫濱住一晚....
如果東橫不能寄放過夜的話，剛去的行李箱也比較空比較輕，到橫濱先去寄放東橫inn。
走1.1km的淺草橋站也是JR ...後來發現不管去秋葉原or錦糸町都是從淺草橋站轉QQ
1.1km真的很尷尬 哈哈 能走，就是比較耗時，不知道要不要搭一站地鐵的概念QQ
對，媽媽我內心其實對這個行程很抖。
但又回想起四年多前的那趟，覺得好像還可以(?)
雖然要早起，只能盡可能再搭車的時候多休息&旅途中找店家放空。
謝謝a大如此細心建議，我也有發現住宿問題了。
只是之前都有大概找過試看看，都沒有找到其他更適合的住宿了。
（地點、價位，還要能睡得下2大2小。這也是選東橫主因，因為雙床房相對實惠QQ）

我先自問自答第4點吉卜力。昨天晚上發現忘記密碼後，趕快寫信問
（系統確認信裡面有的客服信箱
[email protected]
）
簡單寫英文信告知忘記密碼以及附上預約資訊等等。
昨天半夜近1點寫的，沒想到早上8點多就回信了！
他們從後台幫我重設密碼，所以我有順利登入吉卜力的預約頁面了。
河口湖早起的確很吃力，幻想孩子可以好好在車上睡回籠覺2小時 囧
我現在上JR網站看，發現輕井澤周日更熱門，新幹線熱門時段都沒了。
當時不趕把輕井澤排周日就是怕輕井澤人多(疑?)
因為我真的好怕沒租到親子電動自行車就整個GG了....數量有限Q_Q

東橫inn寄放行李如果真的不行，我們可能還是會把行李帶去橫濱>_<
目前盡量想帶少一點行李，夏天衣服也可以比較輕便。

原本就對江之島部分不抱期待，覺得一早走去洗錢神社已經會消耗不少體力值。
鎌倉部分如果不去江之島，我會排個靠近沙灘的站，讓孩子們下去海邊玩沙踏浪一下XD
下午完全不敢奢望上淺間神社，完全沒有排...哈哈哈
只是會在下面的公園繞繞而已XD","[{""cmtStatus"": ""→"", ""cmtPoster"": ""adort"", ""cmtContent"": "":鎌倉怎麼不從橫濱去"", ""cmtDate"": ""2023-05-18 11:26:00""}, {""cmtStatus"": ""→"", ""cmtPoster"": ""afu46"", ""cmtContent"": "":D2不用特定換橫浜的飯店，等於D1一夜又要整理行李"", ""cmtDate"": ""2023-05-18 11:27:00""}, {""cmtStatus"": ""→"", ""cmtPoster"": ""afu46"", ""cmtContent"": "":6.JR一日券最西只到西荻窪，等於還要補150單程"", ""cmtDate"": ""2023-05-18 11:29:00""}, {""cmtStatus"": ""→"", ""cmtPoster"": ""afu46"", ""cmtContent"": "":直接刷Suica就好了，JR車資基本上不貴，地鐵比較貴"", ""cmtDate"": ""2023-05-18 11:30:00""}, {""cmtStatus"": ""→"", ""cmtPoster"": ""afu46"", ""cmtContent"": "":而且你住在淺草也沒有JR可以搭，到新橋或上野才算JR"", ""cmtDate"": ""2023-05-18 11:31:00""}, {""cmtStatus"": ""→"", ""cmtPoster"": ""afu46"", ""cmtContent"": "":飯店應該是近蔵前所以事先搭大江戶線到上野御徒町"", ""cmtDate"": ""2023-05-18 11:34:00""}, {""cmtStatus"": ""推"", ""cmtPoster"": ""owlonoak"", ""cmtContent"": "":前面幾天真的很累到了鎌倉那天大概已經極限了"", ""cmtDate"": ""2023-05-18 11:35:00""}, {""cmtStatus"": ""→"", ""cmtPoster"": ""afu46"", ""cmtContent"": "":再走去JR御徒町搭到西荻窪車資IC318來回636<一日券"", ""cmtDate"": ""2023-05-18 11:37:00""}, {""cmtStatus"": ""→"", ""cmtPoster"": ""afu46"", ""cmtContent"": "":而且整個行程看下來幾乎都在西邊，不考慮住新宿池袋"", ""cmtDate"": ""2023-05-18 11:40:00""}, {""cmtStatus"": ""→"", ""cmtPoster"": ""afu46"", ""cmtContent"": "":而且用廣域券就是要找JR車站附近的飯店省地鐵車資"", ""cmtDate"": ""2023-05-18 11:42:00""}, {""cmtStatus"": ""→"", ""cmtPoster"": ""afu46"", ""cmtContent"": "":如果覺得新宿太亂帶孩子有風險的話，可以考慮大塚"", ""cmtDate"": ""2023-05-18 11:43:00""}, {""cmtStatus"": ""→"", ""cmtPoster"": ""afu46"", ""cmtContent"": "":不要說走1.1km到淺草橋站，光是走到淺草線的蔵前就"", ""cmtDate"": ""2023-05-18 11:47:00""}, {""cmtStatus"": ""推"", ""cmtPoster"": ""kevinhon"", ""cmtContent"": "":覺得你D4河口湖那天很趕，早上6點就要起床，還帶兩"", ""cmtDate"": ""2023-05-18 12:51:00""}, {""cmtStatus"": ""→"", ""cmtPoster"": ""kevinhon"", ""cmtContent"": "":小孩，全家人應該會搞的很累，而且還排周日，輕井澤"", ""cmtDate"": ""2023-05-18 12:51:00""}, {""cmtStatus"": ""→"", ""cmtPoster"": ""kevinhon"", ""cmtContent"": "":有無想移到最前面，河口湖當廣域券多玩的備案？不過"", ""cmtDate"": ""2023-05-18 12:51:00""}, {""cmtStatus"": ""→"", ""cmtPoster"": ""kevinhon"", ""cmtContent"": "":你都預約了"", ""cmtDate"": ""2023-05-18 12:51:00""}, {""cmtStatus"": ""→"", ""cmtPoster"": ""kevinhon"", ""cmtContent"": "":行李寄放問題，就算東橫inn也沒有標準，前幾年我住"", ""cmtDate"": ""2023-05-18 12:51:00""}, {""cmtStatus"": ""→"", ""cmtPoster"": ""kevinhon"", ""cmtContent"": "":天王洲島，中間兩天住河口湖，D4又回天王洲，飯店就"", ""cmtDate"": ""2023-05-18 12:51:00""}, {""cmtStatus"": ""→"", ""cmtPoster"": ""kevinhon"", ""cmtContent"": "":說規定不給寄放，後來還好驚險去品川車站寄放了"", ""cmtDate"": ""2023-05-18 12:51:00""}, {""cmtStatus"": ""→"", ""cmtPoster"": ""kevinhon"", ""cmtContent"": "":帶推車江之島下山不方便喔，而且你大概也沒時間上去"", ""cmtDate"": ""2023-05-18 12:54:00""}, {""cmtStatus"": ""推"", ""cmtPoster"": ""owlonoak"", ""cmtContent"": "":河口湖不會趕因為上午只有纜車一個行程應該可以搭"", ""cmtDate"": ""2023-05-18 13:02:00""}, {""cmtStatus"": ""→"", ""cmtPoster"": ""owlonoak"", ""cmtContent"": "":到下午我覺得帶兩個小孩應該是上不了好漢坡的"", ""cmtDate"": ""2023-05-18 13:03:00""}, {""cmtStatus"": ""→"", ""cmtPoster"": ""owlonoak"", ""cmtContent"": "":這樣就不趕了(喂~~)"", ""cmtDate"": ""2023-05-18 13:04:00""}]",1.172.98.232,2023-05-19 01:51:09,ptt
134,https://www.ptt.cc/bbs/Japan_Travel/M.1684381911.A.7C8.html,[徵人]6/16-23東京、富士山旅伴,2023-05-18 11:51:49,secret1043,Japan_Travel,"徵人類別:旅伴

  原po性別:男

  徵    求:男或女皆可

  內    容:
  目前安排是在東京和河口湖兩個地方晃晃
  6/16-6/18 東京
  6/19-6/21 河口戶 (21號一早離開)
  6/21-6/23 東京 (6/22會去三鷹之森)

  在東京就是吃吃喝喝，跑咖啡廳、燒肉、拉麵店等等為主
  形成非常Free，基本上逛街或什麼也都ok

  富士山的話就是在湖邊發呆、騎腳踏車、吃東西
  最硬的行程應該就是天空神社（還在考慮要不要去）
  然後20號會早起看看有沒有機會看到逆富士而已

  備    註:

  過去有在歐洲自助旅行的經驗，應該不會雷（就是行程比較鬆不緊湊
  也有在佛羅倫斯時，在PTT徵過伴一起吃飯的經驗，畢竟大牛排一個人吃不完
  應該算是好聊不會尷尬的人，如果有機會的話可以一起玩

  行程不一定要全部一起走，可以有部分行程一起就好
  像是某一餐餐廳沒辦法一個人去吃的或是一起去哪個景點
  住宿的部分我目前是prefer各自訂
  但如果有什麼很棒的飯店兩個人一起會比較省又可以桑一下，也可以討論

  以上，謝謝大家看完。
",[],223.136.99.220,2023-05-19 01:51:09,ptt
135,https://www.ptt.cc/bbs/Japan_Travel/M.1684385557.A.265.html,[遊記]黃金週東京近郊4天親子自駕旅(佐原日立),2023-05-18 12:52:33,TT,Japan_Travel,"造訪日期：（造訪日期：2023/0430~0506

以前就耳聞日本黃金週壅擠人潮，安排旅行計畫都避開
但這趟因為妹妹家的小朋友放假
機票也正好是相對便宜
就乾脆擔當駕駛想說那就盡量試著避開開人潮景點的安排旅行
順便親身體驗一下，回來後就順便分享給大家參考
https://imgur.com/6rtHuw2.jpg
4天大約跑300公里距離，最後加滿油還車大約油錢2863
https://imgur.com/aJ7rz3J.jpg
因為搭乘的是華航，T2到站後，又正好不用疫苗檢查
通關沒花太多時間就順順的領完行李
不過，租車是透過Tabirai預約的Budget

在租車服務的櫃台，竟然沒有直通的電話服務
只好拿起一旁公共電話來聯繫
在T2和T3中間，基本上各家租車都是來這接送
https://imgur.com/rdHK48D.jpg
搭上接送小巴後距離似乎比想像中遠一點大概要10~15分鐘車程
是個小規模的營業所
租車手續就老樣子，記得準備好
(
這最容易漏
)
接下來就是檢查車況
這邊真的建議要細心檢查，像我們租的這台，後視鏡就已經明顯撞到過受損
https://imgur.com/xS0jG83.jpg
https://imgur.com/ACDnKwH.jpg
車子旁也有些小瑕疵
這些部分和店員確認好之後都會做紀錄
車款我是選了『
』

但老實說，假如是4大1小
除非特別有溝通好，不然應該會
塞不下3個以上的大行李箱
https://tc.tabirai.net/car/vehicle/vehicle-type/?VID=44
看這照片也能發現，塞兩個大的就快滿出來啦!
東西多的家庭，建議車款要再更往上挑選

弄好手續後就是導航上路，因為算是親子旅行
第一天我就挑選只要
的『
佐原
』
分享一下駕駛經驗
老實講：
誤打雨刷這基本上算基礎反應，但更明顯的還是駕駛視野的感受左右駕不同
所以第一天上路，建議就不要跑太遠，寧可慢慢開邊熟悉車況

原本還擔心是黃金週，會不會連小景點的佐原都碰到人車潮
導航到我原先想吃的山田鰻魚飯旁的住宿地後
街道根本沒人啊!
只是連鰻魚飯晚上都不營業了 = =
https://imgur.com/2hOBuQe.jpg
完全意外的悠閒散步在街道上
https://imgur.com/dLaJ1I7.jpg
https://imgur.com/Y5KkCX0.jpg
https://imgur.com/8hJgvGX.jpg
看完小朋友要上廁所時，竟然意外發現地上的人孔蓋
https://imgur.com/bbNPIDA.jpg
是
，就這樣和小妖怪爭吵著誰當稚山雀
https://imgur.com/aU0CE0h.jpg
上網查一下才知道原來還有這些『
寶可夢人孔蓋
』
https://local.pokemon.jp/tc/manhole/
因為午餐沒吃到，餓肚子
正好住宿的民宿還提供很完善的廚房空間
於是開著車到附近的大超市簡單買了些肉回來煎
https://imgur.com/0BgHWKI.jpg
https://imgur.com/l2S2jFQ.jpg
https://imgur.com/IxVMaOq.jpg
然後正好看到好像前陣子有聽人家說的養樂多
https://imgur.com/Nr6bEib.jpg
https://imgur.com/xMHkcLq.jpg
晚餐當初因為擔心人多預約了店家
但明顯我想太多了...
https://imgur.com/0qICfyn.jpg
很安靜又很漂亮的佐原夜色
一家人就這樣吃飽後慢慢散步回到住宿地方
很簡單像以前宿舍生活的上下舖
https://imgur.com/Swuz4D4.jpg
但價格超便宜
https://imgur.com/it3E32c.jpg
吃飽飯後，喜歡泡錢湯的我就自己一個人走去錢湯
https://imgur.com/jgZR2Rh.jpg
https://imgur.com/apIZozk.jpg
非常傳統老派的店，價格也比市區便宜的400日圓
泡到最後離開前順便問了一下老闆娘能不能拍照紀念一下
https://imgur.com/VL5n5Aw.jpg
隔天一早，趁著小朋友還沒睡醒走路去佐原車站領取劃位車票
https://imgur.com/v8U0ISs.jpg
又碰到了大蔥鴨的人孔蓋
https://imgur.com/MzcXr19.jpg
一個人吃著大早打開店面的麵包店
https://imgur.com/xwndJBb.jpg
https://imgur.com/YE5Hxvy.jpg
第2天 佐原-大洗明太子-日立住宿
起床簡單吃東西後
沿路駕車因為我們時間算充裕，都選了免付費的道路行進
幾乎是完全感受不到車潮
第一個休息點是安排了大洗的明太子觀光工廠
這邊沒有自己DIY體驗，基本上小朋友和家人是玩這遊戲最殺時間
https://imgur.com/4hjZpt5.jpg
這邊就稍微感受的到人潮眾多
所以就跳過了大洗和那珂湊
繼續北上來到了『
』
午餐就吃這的
https://imgur.com/FOx2ET1.jpg
https://imgur.com/dWHURzu.jpg
後面還有一區是提供烤海鮮
https://imgur.com/zv17Yk9.jpg
https://imgur.com/rEs3cAr.jpg
比起排隊吃美食，帶著小朋友反而是這種可以自己動手DIY的他們開心許多
這個算是經驗不太夠的我這趟行程才發現到的
吃飽後繼續駕車北上，中途經過了很有名的日立站
恩，小朋友根本不愛這種看海景，所以大叔我噴了停車費後好險有拿到人孔蓋卡片
https://imgur.com/opDFPbs.jpg
而且小朋友累了之後就稍微容易難控制
於是抵達了住宿的地方，一間海邊民宿『
うのしまヴィラ
』
https://imgur.com/5jgxGnl.jpg
這天住宿竟然就我們一家和另外一對情侶兩組客人
https://imgur.com/k0I4N7i.jpg
https://imgur.com/a3UU7mi.jpg
真的是海灘包場
但因為妹妹和小朋友似乎比預期更怕冷點，衣服帶不夠
好險附近就有Uniqlo添了外套
回來當然小朋友又化身成妖怪，繼續玩沙ing
享用了很溫暖的一餐後，還有個湯池，泡完小朋友電力耗盡睡著
https://imgur.com/ixHAWtN.jpg
我就開著車到附近的唐吉軻德買東西閒晃
隔天一大清早，吃完早餐後
看Google地圖我還以為旁邊有個溫泉和一個兒童遊戲場
https://imgur.com/ewmcMLp.jpg
不過，走去的路上竟然碰上一條蛇用很緩慢的速度跨越步道
https://imgur.com/qbaIy28.jpg
畢竟人很少吧，稍微注意一下
離開時，老闆和餐廳的廚房大姊就這樣帶著微笑一直揮手到我們視線看不見
https://imgur.com/DT2uUj0.jpg
比較晚抵達動物園，車位稍微有點滿
日立市かみね動物園算是比較小規模的
感覺上蠻像高雄的壽山動物園
https://imgur.com/T1qLWKg.jpg
不過，有蠻多設計是讓遊客能看到動物們
所以也比預期花了更多時間在園區打轉

當然也因為這樣，後續的大洗水族館就只能直接放棄
這天晚上我們就直接入住大洗ホテル
https://imgur.com/z3S1tL1.jpg
預算的考量，後來我們是挑選比較便宜的榻榻米通舖不含個人浴池
晚餐的Buffet確實蠻不錯的，起碼小朋友玩的開心

隔天當然甚麼日出鳥居
有小朋友的家庭，就躺平吧~
https://imgur.com/1zZAPqS.jpg
原本是想說還車前看到這間店家好像很有意思
沒想到，
黃金週休息
https://imgur.com/PYNNA0L.jpg
https://imgur.com/08SGaAN.jpg
只好還車，然後開始改搭NEX抵達東京
馬上正式迎接人山人海的盛況
就連午餐便當都幾乎銷售一空
https://imgur.com/k8KU2nK.jpg
其實如果往東京郊區(
)
我們這趟唯一較多人潮大概就是大洗海灘附近
就和我們在台灣旅行很類似，知名的熱鬧景點本國人也會去
自駕的優勢就是能更有彈性地前往一些鐵道交通便利性較差的小地方
不塞車跑些
，駕駛也不會太累
缺點就是事前找親子資料時，就比較難有分享
住宿的部分，其實包括水戶附近，價格也沒有像台灣過年那樣暴漲
算是比預期擁擠的落差蠻大的回報給大家
因為我用google查詢路線時都習慣選一下避開高速公路(比較時間差距)
如果喜歡看海又時間寬裕，當然選來看看海的路線 XD
P.s.不過如果有要去日立車站，站前免費停30分鐘的停車格量容易滿
切記小心旁邊第一間價格比較坑 (失主泣)
https://imgur.com/bcomhMW.jpg
順便補充一下開車導航常用到的Map code查詢工具
https://www.mapion.co.jp/","[{""cmtStatus"": ""推"", ""cmtPoster"": ""swatchfan"", ""cmtContent"": "":謝謝分享～圖文並茂很有趣～"", ""cmtDate"": ""2023-05-18 13:21:00""}, {""cmtStatus"": ""推"", ""cmtPoster"": ""anarch"", ""cmtContent"": "":謝謝分享、正在想茨城機場往日立怎麼開路線"", ""cmtDate"": ""2023-05-18 14:06:00""}, {""cmtStatus"": ""推"", ""cmtPoster"": ""huiyi0953"", ""cmtContent"": "":謝謝分享！"", ""cmtDate"": ""2023-05-18 15:35:00""}]",218.166.114.40,2023-05-19 01:51:11,ptt
136,https://www.ptt.cc/bbs/Japan_Travel/M.1684387518.A.CB2.html,[問題]東京高級餐廳或米其林餐廳,2023-05-18 13:25:12,pk2003,Japan_Travel,"出遊日期： 5/20(六) 晚上19:00 住品川

這周才想飛東京慶祝結婚紀念日，想帶老婆吃高級餐廳或米其林

之前訂餐廳有用信用卡管家幫忙訂位

想問有板友能推薦可以明天才預約或是現場候位有機會吃到的高級餐廳嗎

氣氛好 東西好吃即可 老婆不吃生食及牛肉所以壽司不考慮 其他法餐 火鍋 都可

預算一人4萬日圓以下

感謝~","[{""cmtStatus"": ""推"", ""cmtPoster"": ""cka"", ""cmtContent"": "":侯布雄的午餐"", ""cmtDate"": ""2023-05-18 13:33:00""}, {""cmtStatus"": ""→"", ""cmtPoster"": ""afu46"", ""cmtContent"": "":カンテサンス（Quintessence）法餐米其林3星"", ""cmtDate"": ""2023-05-18 13:40:00""}, {""cmtStatus"": ""推"", ""cmtPoster"": ""mrtatami"", ""cmtContent"": "":米其林上omakase上看看這種店通常只接受預約"", ""cmtDate"": ""2023-05-18 13:45:00""}, {""cmtStatus"": ""→"", ""cmtPoster"": ""Anita27"", ""cmtContent"": "":是山居天婦羅可以網路訂位"", ""cmtDate"": ""2023-05-18 13:51:00""}, {""cmtStatus"": ""推"", ""cmtPoster"": ""owlonoak"", ""cmtContent"": "":四樓這個不錯天婦羅之神應該會符合你的需求"", ""cmtDate"": ""2023-05-18 15:00:00""}, {""cmtStatus"": ""推"", ""cmtPoster"": ""eiei456"", ""cmtContent"": "":Esterre在皇居旁邊白天景色很美，估狗地圖有訂位連"", ""cmtDate"": ""2023-05-18 15:27:00""}, {""cmtStatus"": ""→"", ""cmtPoster"": ""eiei456"", ""cmtContent"": "":結可線上預約。正裝餐廳，服務人員非常專業親切，"", ""cmtDate"": ""2023-05-18 15:28:00""}, {""cmtStatus"": ""→"", ""cmtPoster"": ""eiei456"", ""cmtContent"": "":用餐舒適。"", ""cmtDate"": ""2023-05-18 15:28:00""}, {""cmtStatus"": ""推"", ""cmtPoster"": ""pipi5867"", ""cmtContent"": "":天婦羅滿滿適合的xd西餐很容易有牛"", ""cmtDate"": ""2023-05-18 15:58:00""}, {""cmtStatus"": ""→"", ""cmtPoster"": ""msasakura"", ""cmtContent"": "":高級餐廳基本上不會有現場候位吧"", ""cmtDate"": ""2023-05-18 16:21:00""}, {""cmtStatus"": ""→"", ""cmtPoster"": ""msasakura"", ""cmtContent"": "":今天趕快上網訂不行嗎"", ""cmtDate"": ""2023-05-18 16:21:00""}, {""cmtStatus"": ""推"", ""cmtPoster"": ""coppuccino"", ""cmtContent"": "":晴空塔上面的SkyRestaurant634(musashi)還不錯"", ""cmtDate"": ""2023-05-18 16:46:00""}, {""cmtStatus"": ""推"", ""cmtPoster"": ""as981134"", ""cmtContent"": "":這麼臨時通常都很難吧除非真的有門路"", ""cmtDate"": ""2023-05-18 18:55:00""}, {""cmtStatus"": ""推"", ""cmtPoster"": ""Aurora5566"", ""cmtContent"": "":表參道Ukai"", ""cmtDate"": ""2023-05-18 19:02:00""}, {""cmtStatus"": ""推"", ""cmtPoster"": ""ingshine"", ""cmtContent"": "":一休很多"", ""cmtDate"": ""2023-05-18 19:32:00""}, {""cmtStatus"": ""推"", ""cmtPoster"": ""gomile888"", ""cmtContent"": "":Ukai亭銀座安倍宴請川普的鐵板燒"", ""cmtDate"": ""2023-05-18 22:13:00""}, {""cmtStatus"": ""→"", ""cmtPoster"": ""pk2003"", ""cmtContent"": "":非常感謝以上版友來研究下"", ""cmtDate"": ""2023-05-18 22:17:00""}]",218.32.45.21,2023-05-19 01:51:11,ptt
137,https://www.ptt.cc/bbs/Japan_Travel/M.1684418604.A.6DF.html,[問題]請問skyticket訂東京旅店的經驗,2023-05-18 22:03:13,brilliantsky,Japan_Travel,"各位前輩好，

    最近為自由行規劃，留意到skyticket(日本網站)也有房間可以訂且價格普遍低於各
訂房網，有心動，想請問是否有前輩訂過的經驗？

    註冊會員後，訂房程序會直接提供信用卡付款的畫面，不確定是否讓人安心~

    會疑慮是因為一開始是有選房型方案，但是到下一個畫面，就只有列出入住日期/入
住人數，感覺太簡約 @ @ 所以到了打信用卡資料時，就不確定該不該輸入

感謝您的回覆~","[{""cmtStatus"": ""→"", ""cmtPoster"": ""afu46"", ""cmtContent"": "":日本這麼多訂房網可以選擇，如果有疑慮就換別的"", ""cmtDate"": ""2023-05-19 08:48:00""}, {""cmtStatus"": ""→"", ""cmtPoster"": ""brilliantsky"", ""cmtContent"": "":明白，謝謝您的回應~"", ""cmtDate"": ""2023-05-19 22:19:00""}]",175.183.32.179,2023-05-19 01:51:11,ptt
138,https://www.ptt.cc/bbs/Japan_Travel/M.1684418942.A.CD5.html,[問題]八月中旬日光、輕井澤、鎌倉行程請益,2023-05-18 22:09:00,beccaking,Japan_Travel,"大家好，旅行成員總共兩老(68歲+)、一小(9歲)、兩青壯，期間剛好到盂蘭盆節假期，希
望能請大家幫忙看一下初排的行程規劃，懇請建議，謝謝！
日期：
8/13-8/19 七天六夜
地點：
主要依序為日光、輕井澤、鎌倉
每日行程規劃：
8/13(日)
松山飛羽田(11:35)，搭京急機場線到淺草，預計從淺草搭(13:30)日光鬼怒川線到下今市
車站(15:10)，買單程票

從下今市車站的Toyota rent a car租車(已在官網預訂)，這天預計逛鬼怒川溫泉附近的
景點，晚上住鬼怒川溫泉站旁的民宿

8/14(一)
逛日光東照宮、二荒山神社、輪王寺；開車上伊呂波坂、中禪寺湖、龍頭瀑布、湯瀧瀑布
，住宿同前一晚

8/15(二)
從日光開車到輕井澤，在教堂街、聖保羅教堂附近逛，蕭紀念禮拜堂、熊野皇大神社、雲
場池再到王子購物廣場，晚上住購物廣場後面約五分鐘車程的飯店

8/16(三)
高原教會、榆樹街小鎮、白絲瀑布，再到蜻蜓之湯泡湯，住宿同前一晚

8/17(四)
在輕井澤站前還車，搭新幹線到東京車站再轉車到JR品川站，預計在品川站附近買藥妝跟
伴手禮，晚上住品川站旁飯店

8/18(五)
從JR品川搭車到JR藤澤，從藤澤搭江之電(買江之電一日乘車券)逛鎌倉高校、長谷寺、鎌
倉大佛、小町通、鶴岡八幡宮；回程從JR鎌倉站到JR品川站，住宿同前一晚

8/19(六)
吃完早餐從京急品川站搭京急本線到羽田機場，羽田(12:40)飛松山
以下幾個問題請教：
1. 為了行動方便，預計從日光租車(開車逛日光市區)，從日光開到輕井澤(開車逛輕井澤
)，在輕井澤還車後，再搭新幹線回東京。請問這段自駕期間有需要特別注意的地方嗎？
(2018年有在東北自駕的經驗)

2. 盂蘭盆節期間在日光、輕井澤有特別推薦的景點或活動嗎？ (目前在網路上還沒有找
到期間限定活動) 或是有因為連假需要的注意的地方嗎？

3. 請教最後三天從輕井澤到品川、從品川到鎌倉地區來回）會建議買JR東京廣域周遊券
嗎？ 分段計算後好像不划算，想請教大家建議，謝謝！
","[{""cmtStatus"": ""→"", ""cmtPoster"": ""ybite"", ""cmtContent"": "":抵達時間對嗎我查了最早的BR192也要11:35注意時差"", ""cmtDate"": ""2023-05-18 22:09:00""}, {""cmtStatus"": ""→"", ""cmtPoster"": ""ybite"", ""cmtContent"": "":然後最後一天是在京急的品川站搭喔"", ""cmtDate"": ""2023-05-18 22:09:00""}, {""cmtStatus"": ""→"", ""cmtPoster"": ""beccaking"", ""cmtContent"": "":感謝y大，疏忽時差了，我調整一下！也感謝提醒京急"", ""cmtDate"": ""2023-05-18 22:23:00""}, {""cmtStatus"": ""→"", ""cmtPoster"": ""beccaking"", ""cmtContent"": "":品川站！"", ""cmtDate"": ""2023-05-18 22:09:00""}, {""cmtStatus"": ""推"", ""cmtPoster"": ""leejones"", ""cmtContent"": "":11:35分到羽田，入境一小時要12:35，到淺草也要13:3"", ""cmtDate"": ""2023-05-18 22:27:00""}, {""cmtStatus"": ""→"", ""cmtPoster"": ""leejones"", ""cmtContent"": "":0左右了，請問你要如何13點從淺草搭車到日光？"", ""cmtDate"": ""2023-05-18 22:27:00""}, {""cmtStatus"": ""→"", ""cmtPoster"": ""leejones"", ""cmtContent"": "":雖然你改13:30搭車，但這時間也不可能。"", ""cmtDate"": ""2023-05-18 22:28:00""}, {""cmtStatus"": ""→"", ""cmtPoster"": ""beccaking"", ""cmtContent"": "":感謝l大提醒，會再延後從淺草搭車往日光的時間，謝"", ""cmtDate"": ""2023-05-18 22:33:00""}, {""cmtStatus"": ""→"", ""cmtPoster"": ""beccaking"", ""cmtContent"": "":謝！"", ""cmtDate"": ""2023-05-18 22:33:00""}, {""cmtStatus"": ""→"", ""cmtPoster"": ""adort"", ""cmtContent"": "":會塞車吧之前車站人員建議用走的去東照宮比坐公車"", ""cmtDate"": ""2023-05-18 23:18:00""}, {""cmtStatus"": ""→"", ""cmtPoster"": ""adort"", ""cmtContent"": "":還快"", ""cmtDate"": ""2023-05-18 23:18:00""}, {""cmtStatus"": ""→"", ""cmtPoster"": ""afu46"", ""cmtContent"": "":8/18直接搭快速到大船轉JR橫須賀線到鎌倉，不用藤澤"", ""cmtDate"": ""2023-05-19 08:53:00""}, {""cmtStatus"": ""→"", ""cmtPoster"": ""afu46"", ""cmtContent"": "":輕井澤到品川單程才5490，不用買廣域券"", ""cmtDate"": ""2023-05-19 09:00:00""}, {""cmtStatus"": ""→"", ""cmtPoster"": ""afu46"", ""cmtContent"": "":既然都租車了何不開到品川的飯店後再去還車？"", ""cmtDate"": ""2023-05-19 09:01:00""}, {""cmtStatus"": ""→"", ""cmtPoster"": ""afu46"", ""cmtContent"": "":畢竟載兩老一小還有這麼多行李開車到飯店安置較好"", ""cmtDate"": ""2023-05-19 09:31:00""}, {""cmtStatus"": ""→"", ""cmtPoster"": ""beccaking"", ""cmtContent"": "":謝謝a大提醒，從輕井澤到品川選擇搭新幹線不開車主"", ""cmtDate"": ""2023-05-19 11:28:00""}, {""cmtStatus"": ""→"", ""cmtPoster"": ""beccaking"", ""cmtContent"": "":要是考量交通時間，開車約需多一小時。非常謝謝您"", ""cmtDate"": ""2023-05-19 11:28:00""}, {""cmtStatus"": ""→"", ""cmtPoster"": ""beccaking"", ""cmtContent"": "":的建議！"", ""cmtDate"": ""2023-05-19 11:28:00""}, {""cmtStatus"": ""→"", ""cmtPoster"": ""afu46"", ""cmtContent"": "":輕井澤回東京的新幹線是停在東京站，等於在東京站轉"", ""cmtDate"": ""2023-05-19 12:51:00""}, {""cmtStatus"": ""→"", ""cmtPoster"": ""afu46"", ""cmtContent"": "":車去品川，到品川後找出口出站後找飯店時間也差不多"", ""cmtDate"": ""2023-05-19 12:52:00""}, {""cmtStatus"": ""→"", ""cmtPoster"": ""afu46"", ""cmtContent"": "":因為不知道住哪間飯店，西口出去的飯店群有一點上坡"", ""cmtDate"": ""2023-05-19 12:59:00""}, {""cmtStatus"": ""→"", ""cmtPoster"": ""beccaking"", ""cmtContent"": "":謝謝a大，品川是預計住品川王子，我也再考慮一下是"", ""cmtDate"": ""2023-05-19 14:46:00""}, {""cmtStatus"": ""→"", ""cmtPoster"": ""beccaking"", ""cmtContent"": "":否要改開車到品川，謝謝"", ""cmtDate"": ""2023-05-19 14:46:00""}]",219.91.105.207,2023-05-19 01:51:11,ptt
139,https://www.ptt.cc/bbs/Japan_Travel/M.1684419058.A.DD0.html,[問題]東京其中一天行程規劃請益,2023-05-18 22:10:56,wwcity,Japan_Travel,"第一次去日本和東京，在其他天行程底定不變和短時間不再去東京情況下，

6/19(一)行程規劃很猶豫，想請問哪個方案較好？

這天住三景花園飯店豐洲普米爾跟地鐵豐洲站共構，本來很早就規劃：

【A】

08:00-11:30 築地早午餐
12:00-13:00 回飯店休息             結論：淺草寺周邊可逛近3小時
13:00-13:30 地鐵→雷門                   晴空塔看日景，夠高可看到整齊劃一街道
13:30-16:15 淺草寺                       其他天還會去澀谷sky看夕夜景
16:15-17:00 地鐵→晴空塔入口
17:00-18:00 晴空塔日景
18:00-19:00 晚餐，之後逛逛回飯店


但上禮拜發現飯店旁邊有一個碼頭後有了新規劃：

【B】船的航班時間固定沒得選

08:00-11:30 築地早午餐
12:00-13:00 回飯店休息                  結論：搭船遊東京灣和逆流去淺草
13:10-13:30 接駁船到台場海濱公園              淺草寺周邊只有1.45小時可逛
14:20-15:30 海濱公園水上巴士到雷門            晴空塔只能看夜景，看不到清楚街道
15:30-17:15 淺草寺                            其他天還會去澀谷sky看夕夜景
17:15-18:15 淺草寺周邊晚餐
18:15-19:00 地鐵→晴空塔入口
19:00-20:00 晴空塔夜景，之後逛逛回飯店


自己比較愛【B】方案，所以想問淺草寺1.45小時可以參拜完

和吃吃喝喝(包括排隊)逛完仲見世，傳法院通，新眾見世嗎？

猶豫點在於很想搭船和不想淺草寺走馬看花，晴空塔則是一定要上和不想太晚吃飯

晴空塔再兩天就可預約，水上巴士也想早點預約怕沒位置，所以得做決定了

希望大家提供意見感謝~其實只是想來個人跟我說淺草寺1.45小時逛得完(誤)
","[{""cmtStatus"": ""推"", ""cmtPoster"": ""hyuchi0202"", ""cmtContent"": "":去搭船時間壓太緊建議你淺草寺慢慢逛就好"", ""cmtDate"": ""2023-05-18 22:27:00""}, {""cmtStatus"": ""→"", ""cmtPoster"": ""wwcity"", ""cmtContent"": "":真的，我安排行程一向以不趕為先，所以這次才非常"", ""cmtDate"": ""2023-05-18 22:36:00""}, {""cmtStatus"": ""→"", ""cmtPoster"": ""wwcity"", ""cmtContent"": "":猶豫"", ""cmtDate"": ""2023-05-18 22:36:00""}, {""cmtStatus"": ""推"", ""cmtPoster"": ""EURISKO"", ""cmtContent"": "":淺草週邊連小巷子都很好逛，我都要花一天左右的時"", ""cmtDate"": ""2023-05-18 23:01:00""}, {""cmtStatus"": ""→"", ""cmtPoster"": ""EURISKO"", ""cmtContent"": "":間了"", ""cmtDate"": ""2023-05-18 23:01:00""}, {""cmtStatus"": ""→"", ""cmtPoster"": ""wwcity"", ""cmtContent"": "":要一天的話好像三小時也變成走馬看花了.."", ""cmtDate"": ""2023-05-18 23:11:00""}, {""cmtStatus"": ""推"", ""cmtPoster"": ""hyuchi0202"", ""cmtContent"": "":如果很想搭船那你應該是築地抓2小時"", ""cmtDate"": ""2023-05-18 23:22:00""}, {""cmtStatus"": ""→"", ""cmtPoster"": ""hyuchi0202"", ""cmtContent"": "":也不要回飯店就直接去搭船>逛淺草"", ""cmtDate"": ""2023-05-18 23:23:00""}, {""cmtStatus"": ""→"", ""cmtPoster"": ""wwcity"", ""cmtContent"": "":這天台場到淺草的船只有14:20一班，疫情下減班很多"", ""cmtDate"": ""2023-05-18 23:28:00""}, {""cmtStatus"": ""→"", ""cmtPoster"": ""wwcity"", ""cmtContent"": "":本來考慮換行程到6/18(日)有早上11:00航班"", ""cmtDate"": ""2023-05-18 23:33:00""}, {""cmtStatus"": ""→"", ""cmtPoster"": ""wwcity"", ""cmtContent"": "":但不想假日去淺草和晴空塔，築地也休市作罷"", ""cmtDate"": ""2023-05-18 23:34:00""}, {""cmtStatus"": ""→"", ""cmtPoster"": ""wwcity"", ""cmtContent"": "":就因為這種不上不下的時間才猶豫不決"", ""cmtDate"": ""2023-05-18 23:36:00""}, {""cmtStatus"": ""推"", ""cmtPoster"": ""mityann"", ""cmtContent"": "":大推這家飯店，大人小孩都愛，夜景也很美"", ""cmtDate"": ""2023-05-18 23:37:00""}, {""cmtStatus"": ""→"", ""cmtPoster"": ""wwcity"", ""cmtContent"": "":飯店不是我選的，之後研究時發現應該不錯"", ""cmtDate"": ""2023-05-18 23:48:00""}, {""cmtStatus"": ""推"", ""cmtPoster"": ""SPEEDPOP"", ""cmtContent"": "":淺草寺只是要參拜的話一個多小時就夠了沒錯但不確"", ""cmtDate"": ""2023-05-19 08:17:00""}, {""cmtStatus"": ""→"", ""cmtPoster"": ""SPEEDPOP"", ""cmtContent"": "":定你們有多想逛淺草寺周邊的商店我自己是覺得就跟"", ""cmtDate"": ""2023-05-19 08:17:00""}, {""cmtStatus"": ""→"", ""cmtPoster"": ""SPEEDPOP"", ""cmtContent"": "":台灣的老街也沒差到哪裡去雷門周邊的商店街和巷子"", ""cmtDate"": ""2023-05-19 08:18:00""}, {""cmtStatus"": ""→"", ""cmtPoster"": ""SPEEDPOP"", ""cmtContent"": "":逛一逛也不會需要太多時間"", ""cmtDate"": ""2023-05-19 08:18:00""}, {""cmtStatus"": ""推"", ""cmtPoster"": ""jeffy84123"", ""cmtContent"": "":你就規定自己只能逛1.45小時不就好了……"", ""cmtDate"": ""2023-05-19 09:38:00""}, {""cmtStatus"": ""→"", ""cmtPoster"": ""wwcity"", ""cmtContent"": "":感謝各位建議，討論的結果傾向於B，然後把淺草晚餐"", ""cmtDate"": ""2023-05-19 18:31:00""}, {""cmtStatus"": ""→"", ""cmtPoster"": ""wwcity"", ""cmtContent"": "":就可以多些時間逛了，吃的話去晴空塔上面點速食充飢"", ""cmtDate"": ""2023-05-19 18:32:00""}, {""cmtStatus"": ""→"", ""cmtPoster"": ""wwcity"", ""cmtContent"": "":^拿掉"", ""cmtDate"": ""2023-05-19 18:32:00""}]",36.237.129.125,2023-05-19 01:51:11,ptt
140,https://www.ptt.cc/bbs/Japan_Travel/M.1684422661.A.9E1.html,[問題]五月底日光三天兩夜行程請益,2023-05-18 23:10:59,shebubu,Japan_Travel,"１． 出遊日期：日光三天兩夜 5/26-5/28

２． 每日行程：

交通:使用NIKKO PASS ALL AREA

5/26 (五): 04:25 抵達羽田機場，預計入境後直接搭京急空港線到淺草

           6:30 特快車前往東武日光
           (這邊想詢問是不是要保險訂下一班7:50的特快比較好?)

           抵達日光後，有體力就跑二社一寺和神橋
           下午晚上預計逛超市，休息早點洗澡睡覺

           宿: 日光車站附近

5/27 (六): 早: 明智平纜車，華嚴瀑布(搭電梯到底部)
           午: 龍頭瀑布，龍頭之茶屋，湯瀑布，湯之湖

           宿: 湯之湖

5/28 (日): 早: 半月山展望台 or 戰場之原?
           午: 中禪寺湖遊覽船 or 沒跑完的二社一寺和神橋

           回程東京(16:22 or 17:24出發)


問題:

1. 第一班車往日光其實是6:30，但沒趕上的話車票就是直接作廢嗎?

2. 會帶26吋的行李箱，想請問可以寄放在第一天住宿，最後一天再去拿嗎?
   或是有板友近期有使用過行李寄送服務嗎? 想請問湯之湖也寄的過去嗎?以及價格?

3. 請問現在有營運的巴士從中禪寺湖前往半月山展望台嗎?


這是我第一次去日光，有什麼行程的建議，再麻煩大家留言了，謝謝大家!!!
(我是一人，有人剛好在日光的話也可以一起走唷XD)","[{""cmtStatus"": ""→"", ""cmtPoster"": ""eddylu"", ""cmtContent"": "":間時刻表的資訊有，往半月山的路線只有10月中-11月"", ""cmtDate"": ""2023-05-18 23:23:00""}, {""cmtStatus"": ""→"", ""cmtPoster"": ""eddylu"", ""cmtContent"": "":初有開"", ""cmtDate"": ""2023-05-18 23:23:00""}, {""cmtStatus"": ""推"", ""cmtPoster"": ""tata"", ""cmtContent"": "":建議住中禪寺湖周邊，景色比較美。湯之湖的飯店沒"", ""cmtDate"": ""2023-05-18 23:24:00""}, {""cmtStatus"": ""→"", ""cmtPoster"": ""tata"", ""cmtContent"": "":什麼景色，除了環湖步道和源泉，周圍也沒什麼能逛，"", ""cmtDate"": ""2023-05-18 23:24:00""}, {""cmtStatus"": ""→"", ""cmtPoster"": ""tata"", ""cmtContent"": "":很無聊。"", ""cmtDate"": ""2023-05-18 23:24:00""}, {""cmtStatus"": ""推"", ""cmtPoster"": ""tata"", ""cmtContent"": "":特急券可以到淺草確定搭乘班次再買，非楓葉季不至"", ""cmtDate"": ""2023-05-18 23:26:00""}, {""cmtStatus"": ""→"", ""cmtPoster"": ""tata"", ""cmtContent"": "":於客滿吧。"", ""cmtDate"": ""2023-05-18 23:26:00""}, {""cmtStatus"": ""→"", ""cmtPoster"": ""zgmfx10a23"", ""cmtContent"": "":明智平要有遇到大霧的心理準備疫情前的十月我也是"", ""cmtDate"": ""2023-05-18 23:46:00""}, {""cmtStatus"": ""→"", ""cmtPoster"": ""zgmfx10a23"", ""cmtContent"": "":排早上去結果遇到大霧"", ""cmtDate"": ""2023-05-18 23:46:00""}, {""cmtStatus"": ""推"", ""cmtPoster"": ""apple110122"", ""cmtContent"": "":可都住中禪寺湖附近兩晚，風景比較值得。推薦湖上苑"", ""cmtDate"": ""2023-05-19 00:19:00""}, {""cmtStatus"": ""→"", ""cmtPoster"": ""apple110122"", ""cmtContent"": "":，行程就簡單一點，中禪寺湖周邊一天，另外一天就下"", ""cmtDate"": ""2023-05-19 00:19:00""}, {""cmtStatus"": ""→"", ""cmtPoster"": ""apple110122"", ""cmtContent"": "":山看寺廟，回程上山去明智平纜車最後回到中禪寺湖。"", ""cmtDate"": ""2023-05-19 00:19:00""}, {""cmtStatus"": ""推"", ""cmtPoster"": ""apple110122"", ""cmtContent"": "":上次去明智平纜車，可看到中禪寺湖+華嚴瀑布的大"", ""cmtDate"": ""2023-05-19 00:22:00""}, {""cmtStatus"": ""→"", ""cmtPoster"": ""apple110122"", ""cmtContent"": "":景，但看不到兩分鐘後就被霧遮掉了。"", ""cmtDate"": ""2023-05-19 00:22:00""}, {""cmtStatus"": ""推"", ""cmtPoster"": ""kevichi"", ""cmtContent"": "":請問你6:30的票是要現場買嗎"", ""cmtDate"": ""2023-05-19 06:24:00""}, {""cmtStatus"": ""推"", ""cmtPoster"": ""naker"", ""cmtContent"": "":我上禮拜日去明智平也是大霧QQ下次再去"", ""cmtDate"": ""2023-05-19 07:15:00""}, {""cmtStatus"": ""推"", ""cmtPoster"": ""benage"", ""cmtContent"": "":買東武pass的櫃檯好像8點才開，你只能直接買票哦"", ""cmtDate"": ""2023-05-19 07:56:00""}, {""cmtStatus"": ""→"", ""cmtPoster"": ""benage"", ""cmtContent"": "":說錯了，07:20才對"", ""cmtDate"": ""2023-05-19 07:57:00""}, {""cmtStatus"": ""→"", ""cmtPoster"": ""DelonGreg"", ""cmtContent"": "":可以搜尋一下我之前的發文"", ""cmtDate"": ""2023-05-19 08:39:00""}, {""cmtStatus"": ""推"", ""cmtPoster"": ""lianyener"", ""cmtContent"": "":日光passklook電子票半價+不用領，特急券東武官網"", ""cmtDate"": ""2023-05-19 14:31:00""}, {""cmtStatus"": ""→"", ""cmtPoster"": ""lianyener"", ""cmtContent"": "":線上買6/30前9折+到淺草再決定買哪一班"", ""cmtDate"": ""2023-05-19 14:31:00""}, {""cmtStatus"": ""→"", ""cmtPoster"": ""CiaoTwo"", ""cmtContent"": "":東武日光的觀光案內所可以寄放行李也可以寄行李到"", ""cmtDate"": ""2023-05-19 18:14:00""}, {""cmtStatus"": ""→"", ""cmtPoster"": ""CiaoTwo"", ""cmtContent"": "":湯之湖地區。我有一次行李寄上山，然後下山行李跟"", ""cmtDate"": ""2023-05-19 18:14:00""}, {""cmtStatus"": ""→"", ""cmtPoster"": ""CiaoTwo"", ""cmtContent"": "":著人搭巴士，如果有第二次我會覺得不如背換洗衣物"", ""cmtDate"": ""2023-05-19 18:14:00""}, {""cmtStatus"": ""→"", ""cmtPoster"": ""CiaoTwo"", ""cmtContent"": "":上山就好。"", ""cmtDate"": ""2023-05-19 18:14:00""}, {""cmtStatus"": ""推"", ""cmtPoster"": ""benage"", ""cmtContent"": "":原來pass有電子票！那請無視我上面的推文"", ""cmtDate"": ""2023-05-19 18:15:00""}, {""cmtStatus"": ""→"", ""cmtPoster"": ""CiaoTwo"", ""cmtContent"": "":我也是第一天直接上山，後來才搭巴士下山繞去明智"", ""cmtDate"": ""2023-05-19 18:17:00""}, {""cmtStatus"": ""→"", ""cmtPoster"": ""CiaoTwo"", ""cmtContent"": "":平纜車。因為伊呂波坂沿路景色很好，我自己是當作"", ""cmtDate"": ""2023-05-19 18:17:00""}, {""cmtStatus"": ""→"", ""cmtPoster"": ""CiaoTwo"", ""cmtContent"": "":多一次欣賞風景的機會"", ""cmtDate"": ""2023-05-19 18:17:00""}, {""cmtStatus"": ""推"", ""cmtPoster"": ""starfishfish"", ""cmtContent"": "":明治平不是只有上山才能去搭？"", ""cmtDate"": ""2023-05-19 19:29:00""}, {""cmtStatus"": ""推"", ""cmtPoster"": ""starfishfish"", ""cmtContent"": "":伊呂波板是單行道...下山再繞回去比較費時但那邊風"", ""cmtDate"": ""2023-05-19 19:31:00""}, {""cmtStatus"": ""→"", ""cmtPoster"": ""starfishfish"", ""cmtContent"": "":景值得"", ""cmtDate"": ""2023-05-19 19:31:00""}, {""cmtStatus"": ""推"", ""cmtPoster"": ""near4234"", ""cmtContent"": "":原po回文的第一天中禪寺湖前先到明智平時間是ok的，"", ""cmtDate"": ""2023-05-19 20:10:00""}, {""cmtStatus"": ""→"", ""cmtPoster"": ""near4234"", ""cmtContent"": "":我今天就是這樣走。遊船則只下立木觀音一個點"", ""cmtDate"": ""2023-05-19 20:10:00""}, {""cmtStatus"": ""→"", ""cmtPoster"": ""near4234"", ""cmtContent"": "":是有看到湖跟華嚴瀑，男體山頂則完全被遮住"", ""cmtDate"": ""2023-05-19 20:14:00""}, {""cmtStatus"": ""推"", ""cmtPoster"": ""wts10130420"", ""cmtContent"": "":第一點是，我有寄信問過客服車票過點就是作廢。建議"", ""cmtDate"": ""2023-05-19 20:44:00""}, {""cmtStatus"": ""→"", ""cmtPoster"": ""wts10130420"", ""cmtContent"": "":跟前面推文說的一樣到的時候再用機器買票就好了，這"", ""cmtDate"": ""2023-05-19 20:44:00""}, {""cmtStatus"": ""→"", ""cmtPoster"": ""wts10130420"", ""cmtContent"": "":個季節日光好像沒什麼人（我正在日光XD）"", ""cmtDate"": ""2023-05-19 20:44:00""}, {""cmtStatus"": ""推"", ""cmtPoster"": ""apple110122"", ""cmtContent"": "":先看你住哪邊，會決定你去哪順不順。假設你住中禪寺"", ""cmtDate"": ""2023-05-20 13:39:00""}, {""cmtStatus"": ""→"", ""cmtPoster"": ""apple110122"", ""cmtContent"": "":湖，第一天可從機場直衝日光，建議上山途中就可看"", ""cmtDate"": ""2023-05-20 13:39:00""}, {""cmtStatus"": ""→"", ""cmtPoster"": ""apple110122"", ""cmtContent"": "":明智平纜車，但要看你看完廟的體力，最好留體力去纜"", ""cmtDate"": ""2023-05-20 13:39:00""}, {""cmtStatus"": ""→"", ""cmtPoster"": ""apple110122"", ""cmtContent"": "":車（因爲上山去程才有，不然你要多繞下山再上山），"", ""cmtDate"": ""2023-05-20 13:39:00""}, {""cmtStatus"": ""→"", ""cmtPoster"": ""apple110122"", ""cmtContent"": "":第三天下山再看剩下沒看的廟。第二天的話，戰場之"", ""cmtDate"": ""2023-05-20 13:39:00""}, {""cmtStatus"": ""→"", ""cmtPoster"": ""apple110122"", ""cmtContent"": "":原ㄧ天較單純。"", ""cmtDate"": ""2023-05-20 13:39:00""}, {""cmtStatus"": ""推"", ""cmtPoster"": ""wts10130420"", ""cmtContent"": "":購票的話在東武售票機台按購買特急券即可，也可以先"", ""cmtDate"": ""2023-05-20 18:17:00""}, {""cmtStatus"": ""→"", ""cmtPoster"": ""wts10130420"", ""cmtContent"": "":切換成中文再開始買，指示蠻清楚的！如果你的PASS是"", ""cmtDate"": ""2023-05-20 18:17:00""}, {""cmtStatus"": ""→"", ""cmtPoster"": ""wts10130420"", ""cmtContent"": "":買電子的話，到日光後出示PASS的QRcode&特急券走人"", ""cmtDate"": ""2023-05-20 18:17:00""}, {""cmtStatus"": ""→"", ""cmtPoster"": ""wts10130420"", ""cmtContent"": "":工櫃檯，工作人員都蠻清楚的會說はいはい就放你過去"", ""cmtDate"": ""2023-05-20 18:17:00""}, {""cmtStatus"": ""→"", ""cmtPoster"": ""wts10130420"", ""cmtContent"": "":XD實體票的話應該就是走票閘口兩張一起插進去（應"", ""cmtDate"": ""2023-05-20 18:17:00""}, {""cmtStatus"": ""→"", ""cmtPoster"": ""wts10130420"", ""cmtContent"": "":該）"", ""cmtDate"": ""2023-05-20 18:17:00""}, {""cmtStatus"": ""→"", ""cmtPoster"": ""wts10130420"", ""cmtContent"": "":實體票PASS不是很確定歐！要再確認一下"", ""cmtDate"": ""2023-05-20 18:18:00""}, {""cmtStatus"": ""→"", ""cmtPoster"": ""near4234"", ""cmtContent"": "":實體票也是要走人工櫃檯"", ""cmtDate"": ""2023-05-20 19:29:00""}]",118.169.21.130,2023-05-19 01:51:11,ptt
141,https://www.ptt.cc/bbs/Japan_Travel/M.1684423424.A.1FA.html,[問題]東京10天自由行請益,2023-05-18 23:23:42,Gosenhu88,Japan_Travel,"預計6/15~6/24和朋友共五人前往東京自由行，因為是第一次自己安排東京自由行，
想請教版上的前輩，這樣安排是否順暢或是有甚麼需要注意的，謝謝！
航班：
去程-6/16早上0:40抵達羽田機場
回程-6/24早上5:55離開羽田機場

住宿：
用airbnb訂的公寓
6/16~6/21天住在新宿，距離東新宿車站10分鐘
6/22住在鎌倉，距離由比濱車站5分鐘
6/23住在箱根，距離箱根湯本站10分鐘
交通：東京部分使用suica卡(算過交通花費<東京廣域周遊卷)
鎌倉、箱根使用箱根鎌倉周遊卷+江之電一日卷

預計會事先預約的行程:
1.晴空塔觀景台
2.shibuya sky觀景台
3.淺草屋形船
4.鍋ぞう 新宿三丁目店(已訂)
5.TOHOシネマズ 新宿(已訂)

每日行程:
DAY1【6/16 星期五】
羽田機場第三航廈>到第一航廈吃機場拉麵>搭計程車至住宿公寓check in>睡到中午新宿
附近吃午餐>新宿車站>明治神宮>澀谷逛街(竹下通、表參道、澀谷中心街)>shibuya sky
觀景台>晚餐 炸牛排元（本）村 澀谷店>回飯店休息> 晚上歌舞伎町一番街走走

DAY2【6/17 星期六】
飯店(約6.30出門)>築地市場吃早餐>月島文字燒>銀座>朝日稻荷神社>銀座一丁目逛街>皇
居>東京國際展示場(台場)>台場一丁目商店街>晚餐 鶴橋風月>看獨角獸鋼彈+附近百貨公
司逛一下>回飯店

DAY3【6/18 星期日】
飯店(約10.30出門)>淺草>乘屋形船吃中餐>淺草寺>晴空塔>阿美橫丁>飯店

DAY4【6/19 星期一】
飯店(約11.00出門)>中餐>秋葉原>晚餐>回飯店休息>新宿迪士尼旗艦店>飯店

DAY5【6/20 星期二】
飯店(約11.00出門)>新宿附近吃中餐>下北澤聖地巡禮>中野>晚餐>回飯店休息

DAY6【6/21 星期三】（當天會在看天氣調整行程）
飯店(約10點check out；寄放行李到下午2.30)>前面行程想去的地方再去一次或是買土產
>下午2.30至飯店領行李從新宿車站前往鎌倉飯店>小町通り商店街>鶴岡八幡宮
>七里濱海岸>鎌倉高校站前>晚餐附近吃>飯店

DAY7【6/22 星期四】
飯店(約9點check out；在藤澤站寄放行李)>御所谷周圍>中餐 dennys>江之島水族館
>展望台>回藤澤拿行李前往箱根>箱根飯店>晚餐>飯店

DAY8【6/23 星期五】
飯店(約9點check out；寄放行李到下午3點)>強羅>空中纜車到大湧谷>空中纜車到桃源台
>箱根海盜船>箱根町港>中餐 大正魚料理>箱根關所>搭巴士到箱根水上神社
>回飯店拿行李>新宿車站寄放行李(預計晚上從新宿車站搭末班車前往羽田機場搭機)
>中間行程可能就看當下想去哪邊逛逛>晚上在新宿電影院看電影>新宿車站
>羽田機場(6/24 5:55飛機，半夜機場應該也沒什麼能逛的應該就在機場休息)

目前的行程是這樣，除了最後一天已經訂好的電影院是確定的行程，屋形船目前還沒有開
放6月份訂票，所以也有訂好第4點的餐廳當作備案。

目前有幾個問題:
1.第一天搭計程車到飯店其實蠻貴的可是看目前也沒有深夜巴士是已經開放乘座，我們也不
想在機場待到早上，不知道有沒有前輩能指點一二。

2.第三天屋形船的部分看官網也是前一個月才會開放預訂船票，但目前去看官網只開放到5
月底而已，請問是要在6月初的時候才能訂6月中的票嗎?

3.最後一天逛完箱根神社原本是打算去搭乘箱根駒之岳空中纜車，可是看官網23號沒辦法訂
票，不知道是沒有開放還是說要當天訂票。如果沒開放有其他行程推薦嗎?我們這群人不
太喜歡逛博物館、美術館類的，所以玻璃之森、雕刻之森都沒有排在我們行程內。

以及下雨天的備案行程有除了逛shopping mall以外的行程推薦嗎?

其他天都還能再更動調整，有甚麼建議或推薦的都歡迎分享，先謝謝各位前輩觀看~


","[{""cmtStatus"": ""→"", ""cmtPoster"": ""EURISKO"", ""cmtContent"": "":東京市區內可用東京地鐵N日券，而不是東京廣域周遊"", ""cmtDate"": ""2023-05-18 23:35:00""}, {""cmtStatus"": ""→"", ""cmtPoster"": ""EURISKO"", ""cmtContent"": "":券"", ""cmtDate"": ""2023-05-18 23:35:00""}, {""cmtStatus"": ""推"", ""cmtPoster"": ""leejones"", ""cmtContent"": "":羽田第一航廈要吃什拉麵？有些餐廳因為疫情關係有變"", ""cmtDate"": ""2023-05-18 23:36:00""}, {""cmtStatus"": ""→"", ""cmtPoster"": ""leejones"", ""cmtContent"": "":更營業時間喔！"", ""cmtDate"": ""2023-05-18 23:36:00""}, {""cmtStatus"": ""→"", ""cmtPoster"": ""leejones"", ""cmtContent"": "":你又沒要去輕井澤，為何要算車資是否大於廣域券？"", ""cmtDate"": ""2023-05-18 23:38:00""}, {""cmtStatus"": ""→"", ""cmtPoster"": ""x24627785"", ""cmtContent"": "":他只是說交通費<廣域所以不買"", ""cmtDate"": ""2023-05-19 00:34:00""}, {""cmtStatus"": ""→"", ""cmtPoster"": ""x24627785"", ""cmtContent"": "":而且去軽井沢反而不用算，來回一定超過"", ""cmtDate"": ""2023-05-19 00:35:00""}, {""cmtStatus"": ""推"", ""cmtPoster"": ""kevinhon"", ""cmtContent"": "":出遊時間也落差太大，D206:30起床，後兩天10-11點"", ""cmtDate"": ""2023-05-19 00:40:00""}, {""cmtStatus"": ""→"", ""cmtPoster"": ""kevinhon"", ""cmtContent"": "":才出門？"", ""cmtDate"": ""2023-05-19 00:40:00""}, {""cmtStatus"": ""→"", ""cmtPoster"": ""kevinhon"", ""cmtContent"": "":都住新宿了怎不逛吉祥寺，還逛阿美橫町？"", ""cmtDate"": ""2023-05-19 00:40:00""}, {""cmtStatus"": ""→"", ""cmtPoster"": ""kevinhon"", ""cmtContent"": "":感覺D2很滿，從早排到晚，D3-5卻一天只有1-2個點"", ""cmtDate"": ""2023-05-19 00:42:00""}, {""cmtStatus"": ""推"", ""cmtPoster"": ""g32413"", ""cmtContent"": "":凌晨到T3降落是沒接駁車去T1的"", ""cmtDate"": ""2023-05-19 00:43:00""}, {""cmtStatus"": ""推"", ""cmtPoster"": ""g32413"", ""cmtContent"": "":Day1表參道竹下通是原宿不是渋谷"", ""cmtDate"": ""2023-05-19 00:45:00""}, {""cmtStatus"": ""推"", ""cmtPoster"": ""goodcutecat"", ""cmtContent"": "":台場不少點都蠻適合當作雨備的~TeamLab,SmallWorld"", ""cmtDate"": ""2023-05-19 01:37:00""}, {""cmtStatus"": ""→"", ""cmtPoster"": ""goodcutecat"", ""cmtContent"": "":,科學未來館..."", ""cmtDate"": ""2023-05-19 01:37:00""}, {""cmtStatus"": ""→"", ""cmtPoster"": ""afu46"", ""cmtContent"": "":airbnb要注意當日沒地方可以住喔，最近還蠻多的"", ""cmtDate"": ""2023-05-19 15:58:00""}, {""cmtStatus"": ""→"", ""cmtPoster"": ""spring59673"", ""cmtContent"": "":借問凌晨到T3除了夜間料金貴貴的泉天空之湯外，還有"", ""cmtDate"": ""2023-05-19 16:00:00""}, {""cmtStatus"": ""→"", ""cmtPoster"": ""spring59673"", ""cmtContent"": "":其它可以洗澡的地方嗎？"", ""cmtDate"": ""2023-05-19 16:00:00""}]",220.130.225.252,2023-05-19 01:51:11,ptt
142,https://www.ptt.cc/bbs/Japan_Travel/M.1684431054.A.1C8.html,[問題]銚子丸壽司有人去吃過嗎？評價如何呢？,2023-05-19 01:30:50,ttucse,Japan_Travel,"之後想去東京玩
我之前看到網路上有一家叫銚子丸壽司的
連鎖壽司店
不知道板上有沒有人親自去吃過嗎
評價如何
值不值得去吃啊
想看看大家的評價
","[{""cmtStatus"": ""→"", ""cmtPoster"": ""antpro"", ""cmtContent"": "":我現在只去銚子丸吃而已。"", ""cmtDate"": ""2023-05-19 03:22:00""}, {""cmtStatus"": ""推"", ""cmtPoster"": ""dxdxns"", ""cmtContent"": "":疫情前有吃過，覺得食材還不錯，價格也OK。迴轉軌"", ""cmtDate"": ""2023-05-19 04:24:00""}, {""cmtStatus"": ""→"", ""cmtPoster"": ""dxdxns"", ""cmtContent"": "":道中間是師傅在現捏XD(不確定是否每間都是)"", ""cmtDate"": ""2023-05-19 04:24:00""}, {""cmtStatus"": ""推"", ""cmtPoster"": ""awihcinok"", ""cmtContent"": "":前天在酒々井第一次吃覺得不錯，食材新鮮份量也不少"", ""cmtDate"": ""2023-05-19 08:10:00""}, {""cmtStatus"": ""推"", ""cmtPoster"": ""nonogf"", ""cmtContent"": "":3月有在酒酒井吃過食材都不錯跟藏壽司很像覺得"", ""cmtDate"": ""2023-05-19 09:06:00""}, {""cmtStatus"": ""→"", ""cmtPoster"": ""nonogf"", ""cmtContent"": "":炸雞很好吃XD"", ""cmtDate"": ""2023-05-19 09:06:00""}, {""cmtStatus"": ""→"", ""cmtPoster"": ""miture"", ""cmtContent"": "":就是...很普通的回転寿司"", ""cmtDate"": ""2023-05-19 09:22:00""}, {""cmtStatus"": ""→"", ""cmtPoster"": ""groundmon"", ""cmtContent"": "":在連鎖迴轉壽司店裡算是較貴的，當然是有反映在品質"", ""cmtDate"": ""2023-05-19 09:45:00""}, {""cmtStatus"": ""→"", ""cmtPoster"": ""groundmon"", ""cmtContent"": "":上。前幾個月我看新聞，他們現在好像不用迴轉道送壽"", ""cmtDate"": ""2023-05-19 09:45:00""}, {""cmtStatus"": ""→"", ""cmtPoster"": ""groundmon"", ""cmtContent"": "":司了"", ""cmtDate"": ""2023-05-19 09:45:00""}, {""cmtStatus"": ""→"", ""cmtPoster"": ""groundmon"", ""cmtContent"": "":不過再怎麼樣就是連鎖迴轉壽司等級，除非是考量預算"", ""cmtDate"": ""2023-05-19 09:47:00""}, {""cmtStatus"": ""→"", ""cmtPoster"": ""groundmon"", ""cmtContent"": "":和方便性下又想吃壽司，不然個人認為不用特地去吃"", ""cmtDate"": ""2023-05-19 09:47:00""}, {""cmtStatus"": ""→"", ""cmtPoster"": ""groundmon"", ""cmtContent"": "":個人推薦直接去在千葉的銚子，號稱日本漁獲量第一"", ""cmtDate"": ""2023-05-19 09:48:00""}, {""cmtStatus"": ""→"", ""cmtPoster"": ""Kowdan"", ""cmtContent"": "":上週去東京找朋友有吃，價格不會太貴，加上滿新鮮"", ""cmtDate"": ""2023-05-19 09:51:00""}, {""cmtStatus"": ""→"", ""cmtPoster"": ""Kowdan"", ""cmtContent"": "":的"", ""cmtDate"": ""2023-05-19 09:51:00""}, {""cmtStatus"": ""推"", ""cmtPoster"": ""near4234"", ""cmtContent"": "":以前有現煎的玉子燒很好吃每次必點，後來就沒出現在"", ""cmtDate"": ""2023-05-19 10:22:00""}, {""cmtStatus"": ""→"", ""cmtPoster"": ""near4234"", ""cmtContent"": "":菜單上了"", ""cmtDate"": ""2023-05-19 10:22:00""}, {""cmtStatus"": ""推"", ""cmtPoster"": ""jojojoruno"", ""cmtContent"": "":很棒"", ""cmtDate"": ""2023-05-19 12:31:00""}, {""cmtStatus"": ""推"", ""cmtPoster"": ""BigBird110"", ""cmtContent"": "":日本的迴轉壽司大部分都比台灣好去吃就對了"", ""cmtDate"": ""2023-05-19 14:16:00""}, {""cmtStatus"": ""推"", ""cmtPoster"": ""rrryln"", ""cmtContent"": "":疫情前吃過，食材不錯，蝦子很甜"", ""cmtDate"": ""2023-05-19 14:40:00""}]",218.172.10.189,2023-05-19 01:51:13,ptt
143,https://www.ptt.cc/bbs/Japan_Travel/M.1684462059.A.A5E.html,[問題]六花亭網購至飯店,2023-05-19 10:07:37,tenn816,Japan_Travel,"上禮拜臨時決定端午節連假飛東京聽聲優演唱會

因為只會在日本待約一天半的時間
目前看六花亭的全國催事情報只有在宮崎(到5/25)
故想網路購買後寄到飯店

有先詢問飯店是否可寄去(有先說包裹是六花亭的點心)，飯店回覆是：
「宿泊予約のあるお客様の郵送物の事前預かりは可能でございます。
要冷蔵、要冷凍のお品物以外かつ元払い伝票でお送り頂ければフロントにてお預かりい
たします」

這應該是說只要有事先付款的包裹(但冷藏及冷凍商品除外)，飯店都可代收的意思

但是我昨天在六花亭官網上試著跑一遍購買流程，
在結帳時除了送料以外還有一個クール・冷凍料金200円

請問他這樣低溫運送是否會影響飯店幫忙代收包裹意願?
還是其實沒差，飯店收到後常溫保存即可?
因為我其實沒吃過六花亭，
是要陪我去聽演場會的老公昨天公司同事請他吃覺得驚為天人
才指定說想在這次飛東京時買回來

我後來上日亞看，發現他寄送好像也沒有特別寫說是要低溫運送

不知道有沒有前輩有用網購寄到飯店的經驗可以分享一下?
還是說不要在官網下單/改用日亞送到飯店或AMAZON HUB超商取貨方式比較好?

另外因我們沒買託運行李，六花亭的品項應該除了果凍/果醬需要托運
其他蘭姆葡萄夾心、草莓巧克力、酒糖巧克力之類的應該都可以手提吧?!

以上~再麻煩有經驗的板友回覆一下，謝謝！








","[{""cmtStatus"": ""推"", ""cmtPoster"": ""chrissuen"", ""cmtContent"": "":現在這個月份應該會送冷凍的，如果你是冷凍便，就"", ""cmtDate"": ""2023-05-19 10:14:00""}, {""cmtStatus"": ""→"", ""cmtPoster"": ""chrissuen"", ""cmtContent"": "":算你跟他們說常溫就好飯店應該還是不會收"", ""cmtDate"": ""2023-05-19 10:14:00""}, {""cmtStatus"": ""→"", ""cmtPoster"": ""chrissuen"", ""cmtContent"": "":假如你是冬天才去，日亞有冬天發常溫的"", ""cmtDate"": ""2023-05-19 10:15:00""}, {""cmtStatus"": ""→"", ""cmtPoster"": ""tenn816"", ""cmtContent"": "":了解，所以就算我官網上不是選購冷凍シリーズ的商品"", ""cmtDate"": ""2023-05-19 10:20:00""}, {""cmtStatus"": ""→"", ""cmtPoster"": ""tenn816"", ""cmtContent"": "":他還是會用冷凍便出貨就對了?那這樣是不是只能"", ""cmtDate"": ""2023-05-19 10:20:00""}, {""cmtStatus"": ""→"", ""cmtPoster"": ""tenn816"", ""cmtContent"": "":用日亞超商取貨方式買?"", ""cmtDate"": ""2023-05-19 10:21:00""}, {""cmtStatus"": ""推"", ""cmtPoster"": ""chrissuen"", ""cmtContent"": "":說錯了，發的應該是cool便。如果你不買會融化的（"", ""cmtDate"": ""2023-05-19 10:27:00""}, {""cmtStatus"": ""→"", ""cmtPoster"": ""chrissuen"", ""cmtContent"": "":比如是巧克力，蘭姆葡萄夾心餅乾之類的）可能可以"", ""cmtDate"": ""2023-05-19 10:27:00""}, {""cmtStatus"": ""→"", ""cmtPoster"": ""chrissuen"", ""cmtContent"": "":發常溫？但六花亭主打感覺就是這些，我每一次買都"", ""cmtDate"": ""2023-05-19 10:27:00""}, {""cmtStatus"": ""→"", ""cmtPoster"": ""chrissuen"", ""cmtContent"": "":有蘭姆葡萄夾心餅乾所以不太清楚XD"", ""cmtDate"": ""2023-05-19 10:27:00""}, {""cmtStatus"": ""→"", ""cmtPoster"": ""chrissuen"", ""cmtContent"": "":主要是日本春夏天的溫度不發cool便真的會融化的XD"", ""cmtDate"": ""2023-05-19 10:28:00""}, {""cmtStatus"": ""推"", ""cmtPoster"": ""chrissuen"", ""cmtContent"": "":剛剛去看了一下，你在官網的網店有一些產品下它會"", ""cmtDate"": ""2023-05-19 10:33:00""}, {""cmtStatus"": ""→"", ""cmtPoster"": ""chrissuen"", ""cmtContent"": "":有註明クール便（4月～10月），沒有註明的就是可"", ""cmtDate"": ""2023-05-19 10:33:00""}, {""cmtStatus"": ""→"", ""cmtPoster"": ""chrissuen"", ""cmtContent"": "":以普通寄送"", ""cmtDate"": ""2023-05-19 10:33:00""}, {""cmtStatus"": ""→"", ""cmtPoster"": ""tenn816"", ""cmtContent"": "":謝謝C大回覆~感覺六花亭就是要買這些阿XDD"", ""cmtDate"": ""2023-05-19 10:33:00""}, {""cmtStatus"": ""推"", ""cmtPoster"": ""a0921387223"", ""cmtContent"": "":妳擔心冷凍冷藏飯店不收的話就設定入住後再送到"", ""cmtDate"": ""2023-05-19 11:14:00""}, {""cmtStatus"": ""→"", ""cmtPoster"": ""a0921387223"", ""cmtContent"": "":設定好配送時間再跟飯店講一聲叫他們收到打到房間"", ""cmtDate"": ""2023-05-19 11:14:00""}, {""cmtStatus"": ""→"", ""cmtPoster"": ""a0921387223"", ""cmtContent"": "":跟你說啊自己在房間待機就好"", ""cmtDate"": ""2023-05-19 11:14:00""}, {""cmtStatus"": ""推"", ""cmtPoster"": ""cobrasakira"", ""cmtContent"": "":六花亭的奶油餅乾真的超好吃"", ""cmtDate"": ""2023-05-19 11:30:00""}, {""cmtStatus"": ""推"", ""cmtPoster"": ""chigusa"", ""cmtContent"": "":記得六花亭的餅乾幾乎都要冷藏而且賞味期限極短，"", ""cmtDate"": ""2023-05-19 11:42:00""}, {""cmtStatus"": ""→"", ""cmtPoster"": ""chigusa"", ""cmtContent"": "":之前在超商看過也是放在保冷櫃"", ""cmtDate"": ""2023-05-19 11:42:00""}, {""cmtStatus"": ""推"", ""cmtPoster"": ""lindach095"", ""cmtContent"": "":我2月問過六花亭官網說不接受國外信用卡，最後是在"", ""cmtDate"": ""2023-05-19 11:53:00""}, {""cmtStatus"": ""→"", ""cmtPoster"": ""lindach095"", ""cmtContent"": "":樂天下訂然後拜託客服幫我用常溫寄(但商品有問題就"", ""cmtDate"": ""2023-05-19 11:53:00""}, {""cmtStatus"": ""→"", ""cmtPoster"": ""lindach095"", ""cmtContent"": "":要自行負責"", ""cmtDate"": ""2023-05-19 11:53:00""}, {""cmtStatus"": ""→"", ""cmtPoster"": ""tenn816"", ""cmtContent"": "":謝謝L大，感覺好像只有這方法XD我再來研究看看"", ""cmtDate"": ""2023-05-19 12:06:00""}, {""cmtStatus"": ""推"", ""cmtPoster"": ""ayutakako"", ""cmtContent"": "":我自己幫別人用過的方法是幫他訂購寄到我家(日本)"", ""cmtDate"": ""2023-05-19 12:20:00""}, {""cmtStatus"": ""→"", ""cmtPoster"": ""ayutakako"", ""cmtContent"": "":然後我再幫他常溫寄去飯店或是親自送去飯店"", ""cmtDate"": ""2023-05-19 12:21:00""}, {""cmtStatus"": ""→"", ""cmtPoster"": ""ayutakako"", ""cmtContent"": "":上面說明不知道有沒有很難懂不了解可以站內信給我"", ""cmtDate"": ""2023-05-19 12:21:00""}, {""cmtStatus"": ""→"", ""cmtPoster"": ""cawaiimaple"", ""cmtContent"": "":3月底去東京在某超市看到賣六花亭，是直接常溫擺出"", ""cmtDate"": ""2023-05-19 12:31:00""}, {""cmtStatus"": ""→"", ""cmtPoster"": ""cawaiimaple"", ""cmtContent"": "":來沒有在冷藏冷凍喔，可能跟氣溫有關？"", ""cmtDate"": ""2023-05-19 12:31:00""}, {""cmtStatus"": ""推"", ""cmtPoster"": ""BigBird110"", ""cmtContent"": "":很多飯店不收冷藏冷凍包裹要先查好飯店"", ""cmtDate"": ""2023-05-19 12:40:00""}, {""cmtStatus"": ""→"", ""cmtPoster"": ""miruw"", ""cmtContent"": "":東京的話找北海道物產的地方直營店看看可能會有"", ""cmtDate"": ""2023-05-19 12:52:00""}, {""cmtStatus"": ""推"", ""cmtPoster"": ""cyminum"", ""cmtContent"": "":我買夾心餅乾在函館機場出境安檢被說是液態過囧。"", ""cmtDate"": ""2023-05-19 12:57:00""}, {""cmtStatus"": ""→"", ""cmtPoster"": ""cyminum"", ""cmtContent"": "":因為你是夏天去建議回程托運加保冷，不然融化濕掉"", ""cmtDate"": ""2023-05-19 12:57:00""}, {""cmtStatus"": ""→"", ""cmtPoster"": ""cyminum"", ""cmtContent"": "":比較不好吃喔。"", ""cmtDate"": ""2023-05-19 12:57:00""}, {""cmtStatus"": ""→"", ""cmtPoster"": ""miruw"", ""cmtContent"": "":搜尋北海道どさんこプラザ"", ""cmtDate"": ""2023-05-19 12:58:00""}, {""cmtStatus"": ""→"", ""cmtPoster"": ""miruw"", ""cmtContent"": "":但如果有賣大概品項不多就熱門的那幾樣吧"", ""cmtDate"": ""2023-05-19 13:01:00""}, {""cmtStatus"": ""推"", ""cmtPoster"": ""cyminum"", ""cmtContent"": "":眼殘沒看到你沒買托運，可能就賭看看頂多當場吃掉"", ""cmtDate"": ""2023-05-19 13:03:00""}, {""cmtStatus"": ""→"", ""cmtPoster"": ""cyminum"", ""cmtContent"": "":（函館機場安檢比較仔細，第一次從新千歲出沒事）"", ""cmtDate"": ""2023-05-19 13:03:00""}, {""cmtStatus"": ""→"", ""cmtPoster"": ""cyminum"", ""cmtContent"": "":。回去早點冰。"", ""cmtDate"": ""2023-05-19 13:03:00""}, {""cmtStatus"": ""推"", ""cmtPoster"": ""doggieuknow"", ""cmtContent"": "":1月去也是常溫擺設+1"", ""cmtDate"": ""2023-05-19 13:21:00""}, {""cmtStatus"": ""推"", ""cmtPoster"": ""orangesky320"", ""cmtContent"": "":天氣熱應該某些產品比較怕熱會出油之類吧"", ""cmtDate"": ""2023-05-19 13:26:00""}, {""cmtStatus"": ""推"", ""cmtPoster"": ""raychin"", ""cmtContent"": "":我會覺得日亞寄送超商比較簡單"", ""cmtDate"": ""2023-05-19 13:37:00""}, {""cmtStatus"": ""→"", ""cmtPoster"": ""cawaiimaple"", ""cmtContent"": "":剛看了一下官網，夾心餅乾的部分是4-10月會用クール"", ""cmtDate"": ""2023-05-19 14:02:00""}, {""cmtStatus"": ""→"", ""cmtPoster"": ""cawaiimaple"", ""cmtContent"": "":便，也就是冷藏便寄送"", ""cmtDate"": ""2023-05-19 14:03:00""}, {""cmtStatus"": ""→"", ""cmtPoster"": ""cawaiimaple"", ""cmtContent"": "":日亞上是轉賣的吧？不是官方直營店"", ""cmtDate"": ""2023-05-19 14:03:00""}, {""cmtStatus"": ""→"", ""cmtPoster"": ""cawaiimaple"", ""cmtContent"": "":原po看到12枚那個不是夾心餅乾，品名不一樣"", ""cmtDate"": ""2023-05-19 14:07:00""}, {""cmtStatus"": ""→"", ""cmtPoster"": ""cawaiimaple"", ""cmtContent"": "":バターサンド才是夾心餅乾"", ""cmtDate"": ""2023-05-19 14:08:00""}, {""cmtStatus"": ""推"", ""cmtPoster"": ""yoshika"", ""cmtContent"": "":沒有限定六花亭的話，7-11做的也不錯吃"", ""cmtDate"": ""2023-05-19 14:12:00""}, {""cmtStatus"": ""推"", ""cmtPoster"": ""linarina"", ""cmtContent"": "":東京百貨公司物產展應該很常有"", ""cmtDate"": ""2023-05-19 14:17:00""}, {""cmtStatus"": ""→"", ""cmtPoster"": ""cawaiimaple"", ""cmtContent"": "":我又看了一下六花亭的官方配送是用黑貓，冷藏便可以"", ""cmtDate"": ""2023-05-19 14:32:00""}, {""cmtStatus"": ""→"", ""cmtPoster"": ""cawaiimaple"", ""cmtContent"": "":在黑貓營業所取件，原po可以研究一下"", ""cmtDate"": ""2023-05-19 14:32:00""}, {""cmtStatus"": ""推"", ""cmtPoster"": ""Bokaka"", ""cmtContent"": "":3月中去有樂町沒印象有六花亭耶百貨物產展比較有機"", ""cmtDate"": ""2023-05-19 14:34:00""}, {""cmtStatus"": ""→"", ""cmtPoster"": ""Bokaka"", ""cmtContent"": "":會"", ""cmtDate"": ""2023-05-19 14:34:00""}, {""cmtStatus"": ""→"", ""cmtPoster"": ""chdc"", ""cmtContent"": "":即使是夾心餅乾也是標冷藏吧"", ""cmtDate"": ""2023-05-19 14:35:00""}, {""cmtStatus"": ""→"", ""cmtPoster"": ""whitelady"", ""cmtContent"": "":六花亭的蘭姆葡萄夾心餅乾，在台灣現在的天氣內餡會"", ""cmtDate"": ""2023-05-19 15:38:00""}, {""cmtStatus"": ""→"", ""cmtPoster"": ""whitelady"", ""cmtContent"": "":融化，口感變得很像千島醬很恐怖，建議食用要冷藏"", ""cmtDate"": ""2023-05-19 15:39:00""}, {""cmtStatus"": ""→"", ""cmtPoster"": ""whitelady"", ""cmtContent"": "":然後自身經驗是草莓巧克力的巧克力不會融化，比較適"", ""cmtDate"": ""2023-05-19 15:40:00""}, {""cmtStatus"": ""→"", ""cmtPoster"": ""whitelady"", ""cmtContent"": "":應台灣的天氣"", ""cmtDate"": ""2023-05-19 15:40:00""}, {""cmtStatus"": ""推"", ""cmtPoster"": ""s122274848"", ""cmtContent"": "":如果你是只想買蘭姆葡萄夾心的話，疫情前上野車站裡"", ""cmtDate"": ""2023-05-19 16:33:00""}, {""cmtStatus"": ""→"", ""cmtPoster"": ""s122274848"", ""cmtContent"": "":面的大超市有在賣"", ""cmtDate"": ""2023-05-19 16:33:00""}, {""cmtStatus"": ""推"", ""cmtPoster"": ""breadie"", ""cmtContent"": "":之前用樂天買，4-10月都是冷藏出貨，只有冬天才可"", ""cmtDate"": ""2023-05-19 20:08:00""}, {""cmtStatus"": ""→"", ""cmtPoster"": ""breadie"", ""cmtContent"": "":能常溫出(問過客服)端午那時候的氣溫，用常溫很可"", ""cmtDate"": ""2023-05-19 20:08:00""}, {""cmtStatus"": ""→"", ""cmtPoster"": ""breadie"", ""cmtContent"": "":怕吧"", ""cmtDate"": ""2023-05-19 20:08:00""}, {""cmtStatus"": ""→"", ""cmtPoster"": ""BigBird110"", ""cmtContent"": "":六花亭網站會有出張情報"", ""cmtDate"": ""2023-05-19 20:14:00""}, {""cmtStatus"": ""推"", ""cmtPoster"": ""jbleedkai"", ""cmtContent"": "":雷門對面的北海道物產店有賣夾心餅乾跟草莓巧克力"", ""cmtDate"": ""2023-05-19 21:48:00""}, {""cmtStatus"": ""→"", ""cmtPoster"": ""jbleedkai"", ""cmtContent"": "":都有，三月底買過"", ""cmtDate"": ""2023-05-19 21:48:00""}, {""cmtStatus"": ""推"", ""cmtPoster"": ""toast520520"", ""cmtContent"": "":有樂町站旁邊有北海道物產店去那邊看看應該有賣"", ""cmtDate"": ""2023-05-19 22:06:00""}, {""cmtStatus"": ""推"", ""cmtPoster"": ""debby1993"", ""cmtContent"": "":三月訂過（在樂天）冷藏配送但我有交代飯店先收不冰"", ""cmtDate"": ""2023-05-20 00:11:00""}, {""cmtStatus"": ""→"", ""cmtPoster"": ""debby1993"", ""cmtContent"": "":沒關係，我有指定我抵達當天到貨。然後到離開日本"", ""cmtDate"": ""2023-05-20 00:11:00""}, {""cmtStatus"": ""→"", ""cmtPoster"": ""debby1993"", ""cmtContent"": "":都放室內沒進冰箱（約五天），回台灣沒事，銀座百貨"", ""cmtDate"": ""2023-05-20 00:11:00""}, {""cmtStatus"": ""→"", ""cmtPoster"": ""debby1993"", ""cmtContent"": "":地下室有賣葡萄乾餅乾"", ""cmtDate"": ""2023-05-20 00:11:00""}, {""cmtStatus"": ""推"", ""cmtPoster"": ""debby1993"", ""cmtContent"": "":你如果怕手提被海關擋就是準備夾鏈袋，餅乾液體不超"", ""cmtDate"": ""2023-05-20 00:14:00""}, {""cmtStatus"": ""→"", ""cmtPoster"": ""debby1993"", ""cmtContent"": "":過100ml還是可以上機的"", ""cmtDate"": ""2023-05-20 00:14:00""}, {""cmtStatus"": ""→"", ""cmtPoster"": ""gnem"", ""cmtContent"": "":有樂町的北海道物產店沒賣，前幾天才去過"", ""cmtDate"": ""2023-05-20 09:19:00""}]",36.231.129.187,2023-05-20 02:05:33,ptt
144,https://www.ptt.cc/bbs/Japan_Travel/M.1684468573.A.9CC.html,[資訊]瀨戶內海、四國近百個景點八折起優惠券,2023-05-19 11:56:10,rainwing,Japan_Travel,"偶然間在德島德國館的旅遊資訊區發現雜誌「瀬戸マーレ」，這是一本介紹瀨戶內海周邊
景點的季刊，每期的最後有兵庫縣、岡山縣、廣島縣及四國地區近一百個景點的優惠票券
。
優惠券詳細使用介紹：
https://www.easygong.com/seto-naikai-coupon/
．
https://imgur.com/bruJ4a3
許多景點及遊客中心都有看到這本免費雜誌，根據官方資訊，雜誌派發地點為：
．瀨戶內海周邊高速公路休息站
．中部、近畿、四國和中國地區約120個道之站
．近畿、中國、四國地區的部分旅遊設施
．近畿、中國、四國地區的部分商務酒店、租車店
．東京都内部分郵便局
https://imgur.com/60mfUFk
2023年春季號(周年特別號)折價券背後有標示使用期限到2023/7/31，看起來每一期雜誌
的期限會不同，使用時撕下要購買的入場票數量給售票口。

因為官方連結的景點較多，以下整理四國地區熱門景點優惠，附圖為在四國自駕一個月的
各地區票券照片彙整，並非全部是優惠票適用範圍。
https://imgur.com/9GT5Kwd
德島20個景點
徳島県立「渦の道」510円→410円
大鳴門橋架橋記念館 620円→490円
鳴門市德國館 400円→320円
眉山纜車【來回票】:1,030円→830円
阿波舞會館展覽 300円→240円
阿波舞會館表演 800円→640円
藍住町歴史館「藍の館」300円→250円
德島縣立木玩具美術館 800円→640円
祖谷蔓橋 550円→500円
https://imgur.com/mcjh6Ar
高知12個景點
龍河洞 1,200円→1,000円
香美市麵包超人博物館 800円→720円
高知県立いち動物公園 470円→370円
高知県立牧野植物園 730円→630円
桂浜水族館:1,600円→1,500円
高知城 大人(18歳以上):420円→340円
https://imgur.com/NmWVY9n
香川13個景點
中野烏龍麵學校 琴平校 1,760円→1,650円
特別名勝 栗林公園 410円→330円
香川県立博物館 410円→330円
https://imgur.com/ByoY8Hl
愛媛25個景點
能島水軍 潮流体験 1,500円→1,400円
今治城 520円→420円
今治毛巾美術館 800円→700円

官方詳細景點連結：
https://www.jb-honshi.co.jp/kanko/coupon/
另外還有兵庫18個景點（淡路島周邊居多）、岡山11個景點、廣島8個景點，因為這次行
程大多沒有涉足就不另行整理，雖然八折到九折的優惠看似不多，我這次的行程購票景點
少說有四十個以上，多少折一些，能省則省，希望對規劃四國及瀨戶內海周邊旅遊的朋友
們有所幫助！



四國自駕一個月遊記連載中
FaceBook:
https://www.facebook.com/EasyGong/","[{""cmtStatus"": ""推"", ""cmtPoster"": ""BigBird110"", ""cmtContent"": "":藤蔓橋很短但有點恐怖"", ""cmtDate"": ""2023-05-19 12:52:00""}, {""cmtStatus"": ""推"", ""cmtPoster"": ""whotoceem"", ""cmtContent"": "":感謝分享"", ""cmtDate"": ""2023-05-19 13:42:00""}, {""cmtStatus"": ""推"", ""cmtPoster"": ""huang19898"", ""cmtContent"": "":藤蔓橋我曾經一隻腳踏空卡到間隙裡，超可怕"", ""cmtDate"": ""2023-05-19 17:27:00""}, {""cmtStatus"": ""推"", ""cmtPoster"": ""BigBird110"", ""cmtContent"": "":對那個間隙超大每個人都緊抓左右的扶手"", ""cmtDate"": ""2023-05-19 20:13:00""}, {""cmtStatus"": ""推"", ""cmtPoster"": ""yebot"", ""cmtContent"": "":推分享"", ""cmtDate"": ""2023-05-20 08:53:00""}, {""cmtStatus"": ""→"", ""cmtPoster"": ""billiechick"", ""cmtContent"": "":感謝分享！！！！"", ""cmtDate"": ""2023-05-21 00:15:00""}]",27.51.89.209,2023-05-20 02:05:33,ptt
145,https://www.ptt.cc/bbs/Japan_Travel/M.1684476459.A.3AB.html,[遊記]東京中目黑臻選星巴克多訪心得,2023-05-19 14:07:32,ethel0203,Japan_Travel,"造訪日期：2019.6、2019.12、2022.4


本文為多次到訪集結一篇的心得文章，櫻花照片以2022.4拍攝為主。


圖文網誌 >
https://travelerliv.com/post-232767103/
全球第五家星巴克旗艦店，從開幕至今一直很有人氣，特別是櫻花季。


分別在2022跟2023櫻花季先後到訪，今年進場等待的時間真的蠻久，約4個小時才被通知可以進去。


朋友在櫻花季尾過來，只需要等30分鐘就能入場。不想大排長龍的話，只需要避開櫻花季的日子，就不用久候。


佔地四層樓約2700平方公尺，提供客人從視覺、嗅覺到味覺的三個階段咖啡體驗。除了經典的咖啡品嚐體驗，現場還有提供門市獨家販售的商品、咖啡豆、啤酒等商品，另外還可以欣賞烘焙師烘製咖啡豆的過程。


一樓的區域作為主要製作咖啡區域、甜點蛋糕櫃、商品陳列零售區。這邊部分飲料、甜點跟鹹食都是屬於星巴克特色店專屬的品項。


甜點蛋糕更是會根據季節性變化，因此每次來這裡品嚐的糕點都不盡相同。


二樓為茶瓦那吧台、手沖區域跟幾張零星的座椅。這裡以製作茶類相關的咖啡飲品為主，點選手沖咖啡，還能欣賞店員沖泡咖啡的過程。


三樓以咖啡冷萃區、酒吧跟咖啡烘焙區，還有戶外露臺座位區。


四樓為大型咖啡烘焙管線，同樓層也有戶外露臺座位區跟男女化妝室。


逛完一圈之後，回到取餐櫃臺來領我們的咖啡跟點心，同時附上幾次到訪點選的餐點給大家參考。


初次到訪點了兩杯拿鐵，咖啡表層浮著一層精美的拉花，每一杯咖啡旁邊都附有一張咖啡豆的說明小卡，可以帶回去作紀念。


口感細緻的提拉米蘇，看起來很乾爽，入口濕潤又帶點濃郁，馬斯卡彭跟君度橙酒的氣味不斷在嘴中散開。


前幾次來這裡，我都是點咖啡配甜點，後來改點酒精飲料。


大口喝著威士忌是不是有一種特別的感受？


除此之外，還點了冰淇淋漂浮咖啡、草莓塔、草莓生乳包跟兩款鹹食麵包，搭配著窗外櫻花美景，每一口都是享受。


星巴克迷們，到東京遊玩不妨把這個景點放進行程內。如果想在櫻花季入座三樓跟四樓的戶外座位，開店前兩至三小時過來比較有機會。







",[],223.137.250.124,2023-05-20 02:05:33,ptt
146,https://www.ptt.cc/bbs/Japan_Travel/M.1684482308.A.205.html,[問題]9月初一人東京行程請益,2023-05-19 15:45:06,suspicious13,Japan_Travel,"各位版友大家好，這是第一次去東京玩，想請大家幫忙確認一下行程安排是否OK，謝謝。

出遊日期：08/31-09/05 六天五夜
虎航IT216 08/31(四) 00:10 – 04:25桃園to羽田
虎航IT217 09/05(二) 05:25 – 08:00羽田to桃園

２.每日行程：

住宿每天固定在上野
交通使用SUICA

08/31(四) DAY1
04:25抵達羽田後入境領JR PASS&到第一航廈買伴手禮
08:00到上野住宿處寄放行李Resol hotel ueno
使用JR PASS到輕井澤八王子OUTLET
晚上回上野附近逛逛

09/01(五)DAY2
睡飽淺草站－逛雷門/淺草寺/仲見世通
下午逛澀谷& SHIBUYA SKY展望台

09/02(六)
早上築地市場→銀座
下午逛中目黑→六本木&展望台

09/03(日)
上野搭車到新宿車站吃Eggsult→小田急線到豪德寺→路面電車到三軒茶屋→
回原宿&新宿逛街

09/04(一)
生日-迪士尼一整天
結束後回上野飯店拿寄放行李→出發羽田機場

09/05(二) 05:25出發回台灣

特別希望：提供個人旅遊重點或其他任何想徵求意見的部分
問題部分：
1. 回程班機因時間關係應該是沒有伴手禮可以買。
家母有特別指定要吃NY Perfect Cheese，羽田第一航廈門市6:30開始營業應該就可以直
接買到?其他門市怕要排隊很久又沒買到。其他伴手禮應該也會一併購入。
請問這樣可以免稅嗎？

2. 是否有購入JR PASS的需要?
因原本有打算要去河口湖，但去的時間富士山能見度很低QQ
若買PASS，變成去輕井澤OUTLET而已。因車資有點高在想是否有去的必要?
自己是很愛逛OUTLET，主要都是運動用品品牌~
御殿場outlet好像精品較多，車程更遠，還是東京店家就很夠逛了?

3. 因回台灣後就要直接回公司上班，很想要洗澡一下！
3-1.多再付一晚房錢，迪士尼結束後還可以回飯店洗澡休息整理行李再搭末班車至機場
3-2.寄放行李到東京車站，迪士尼結束後搭車到附近網咖淋浴休息，但變成當天早上要更
早出發
3-3.寄放在上野飯店繞回來拿，再到機場第三航廈12樓泡湯休息

4. 請問住宿處在上野這樣OK嗎？還是以上的行程住其他地方會更順？

5. 請再幫忙看以上行程安排有沒有更好的調整? 只有一個人都可以很彈性的調整，
　是不是逛街排太多可以多去別的景點也請推薦，謝謝大家。
","[{""cmtStatus"": ""→"", ""cmtPoster"": ""ybite"", ""cmtContent"": "":羽田來回住上野有點遠就是了"", ""cmtDate"": ""2023-05-19 15:45:06""}, {""cmtStatus"": ""→"", ""cmtPoster"": ""ybite"", ""cmtContent"": "":最後還要去迪士尼那我覺得應該住順路一點？"", ""cmtDate"": ""2023-05-19 15:45:06""}, {""cmtStatus"": ""→"", ""cmtPoster"": ""afu46"", ""cmtContent"": "":所以也是第一次搭紅眼班機嗎"", ""cmtDate"": ""2023-05-19 15:45:06""}, {""cmtStatus"": ""→"", ""cmtPoster"": ""afu46"", ""cmtContent"": "":像1樓說的，上野適合往成田，羽田建議找京急淺草線"", ""cmtDate"": ""2023-05-19 15:45:06""}, {""cmtStatus"": ""→"", ""cmtPoster"": ""afu46"", ""cmtContent"": "":直通運轉有停靠的站的飯店較方便"", ""cmtDate"": ""2023-05-19 15:45:06""}, {""cmtStatus"": ""→"", ""cmtPoster"": ""afu46"", ""cmtContent"": "":而且你用JRPASS只去輕井澤outlet，D2D3都是地鐵"", ""cmtDate"": ""2023-05-19 15:45:06""}, {""cmtStatus"": ""→"", ""cmtPoster"": ""afu46"", ""cmtContent"": "":1東京車站也有，不用去羽田買也沒有免稅"", ""cmtDate"": ""2023-05-19 15:45:06""}, {""cmtStatus"": ""→"", ""cmtPoster"": ""afu46"", ""cmtContent"": "":3行李放飯店，從迪士尼回來後找錢湯泡完後再取行李"", ""cmtDate"": ""2023-05-19 15:45:06""}, {""cmtStatus"": ""→"", ""cmtPoster"": ""afu46"", ""cmtContent"": "":或是拿行李前往平和島泡湯搭接駁車(預約制)去羽田"", ""cmtDate"": ""2023-05-19 15:45:06""}, {""cmtStatus"": ""推"", ""cmtPoster"": ""janet104127"", ""cmtContent"": "":桃機T1入境，我查官網有淋浴間"", ""cmtDate"": ""2023-05-19 16:30:00""}, {""cmtStatus"": ""→"", ""cmtPoster"": ""afu46"", ""cmtContent"": "":4.不建議住上野，可考慮新橋、淺草橋(都有JR)、淺草"", ""cmtDate"": ""2023-05-19 16:34:00""}, {""cmtStatus"": ""推"", ""cmtPoster"": ""kqo669014"", ""cmtContent"": "":請問住人形町附近推薦嗎"", ""cmtDate"": ""2023-05-19 15:45:06""}, {""cmtStatus"": ""推"", ""cmtPoster"": ""EURISKO"", ""cmtContent"": "":東京廣域只去輕井澤不划算欸，要不要順便去一下日"", ""cmtDate"": ""2023-05-19 15:45:06""}, {""cmtStatus"": ""→"", ""cmtPoster"": ""EURISKO"", ""cmtContent"": "":光？還是不買pass改去酒酒井？"", ""cmtDate"": ""2023-05-19 15:45:06""}, {""cmtStatus"": ""推"", ""cmtPoster"": ""MayuyuOshi"", ""cmtContent"": "":這週平日在東京車站內買NY中午還剩下一些快賣完"", ""cmtDate"": ""2023-05-19 15:45:06""}, {""cmtStatus"": ""→"", ""cmtPoster"": ""MayuyuOshi"", ""cmtContent"": "":給你參考"", ""cmtDate"": ""2023-05-19 15:45:06""}, {""cmtStatus"": ""→"", ""cmtPoster"": ""JJJJHao"", ""cmtContent"": "":羽田機場的NY表定6點半開但其實6點就開囉"", ""cmtDate"": ""2023-05-19 17:47:00""}, {""cmtStatus"": ""→"", ""cmtPoster"": ""JJJJHao"", ""cmtContent"": "":另外羽田NY一樣可以滿5000免稅其他的就不清楚了"", ""cmtDate"": ""2023-05-19 15:45:06""}, {""cmtStatus"": ""推"", ""cmtPoster"": ""CiaoTwo"", ""cmtContent"": "":可以改去木更津或酒酒井outlet"", ""cmtDate"": ""2023-05-19 15:45:06""}, {""cmtStatus"": ""推"", ""cmtPoster"": ""CiaoTwo"", ""cmtContent"": "":住上野沒問題啊，JR+3條地鐵超方便。羽田過去，搭"", ""cmtDate"": ""2023-05-19 15:45:06""}, {""cmtStatus"": ""→"", ""cmtPoster"": ""CiaoTwo"", ""cmtContent"": "":單軌電車到濱松町轉山手線就好。最後一天倒是真的"", ""cmtDate"": ""2023-05-19 15:45:06""}, {""cmtStatus"": ""→"", ""cmtPoster"": ""CiaoTwo"", ""cmtContent"": "":不要再繞回上野拿行李。"", ""cmtDate"": ""2023-05-19 18:10:00""}, {""cmtStatus"": ""推"", ""cmtPoster"": ""LindsayMonro"", ""cmtContent"": "":這次為了配合羽田來回&迪士尼行程住人形町覺得蠻方"", ""cmtDate"": ""2023-05-19 15:45:06""}, {""cmtStatus"": ""→"", ""cmtPoster"": ""LindsayMonro"", ""cmtContent"": "":便的不過附近雖然餐廳便利商店很多吃東西沒有問"", ""cmtDate"": ""2023-05-19 15:45:06""}, {""cmtStatus"": ""→"", ""cmtPoster"": ""LindsayMonro"", ""cmtContent"": "":題但沒有什麼可以逛街的地方"", ""cmtDate"": ""2023-05-19 15:45:06""}, {""cmtStatus"": ""推"", ""cmtPoster"": ""kevinhon"", ""cmtContent"": "":逛outlet不就是想買便宜貨嗎？專程去輕井澤逛outlet"", ""cmtDate"": ""2023-05-19 15:45:06""}, {""cmtStatus"": ""→"", ""cmtPoster"": ""kevinhon"", ""cmtContent"": "":有比較划算？"", ""cmtDate"": ""2023-05-19 15:45:06""}, {""cmtStatus"": ""→"", ""cmtPoster"": ""kevinhon"", ""cmtContent"": "":上野是讓成田往返的人住的，上面大大也說了，住新橋"", ""cmtDate"": ""2023-05-19 15:45:06""}, {""cmtStatus"": ""→"", ""cmtPoster"": ""kevinhon"", ""cmtContent"": "":淺草橋甚至品川都更適合"", ""cmtDate"": ""2023-05-19 15:45:06""}, {""cmtStatus"": ""推"", ""cmtPoster"": ""ivymorita"", ""cmtContent"": "":人形町不用換車方便"", ""cmtDate"": ""2023-05-19 15:45:06""}, {""cmtStatus"": ""推"", ""cmtPoster"": ""ntuceiba"", ""cmtContent"": "":如果特別提到運動用品的話看要不要去逛AlpenTokyo"", ""cmtDate"": ""2023-05-19 20:29:00""}, {""cmtStatus"": ""→"", ""cmtPoster"": ""ntuceiba"", ""cmtContent"": "":？在新宿！很～大一間滿滿的運動用品，就不用花錢"", ""cmtDate"": ""2023-05-19 20:29:00""}, {""cmtStatus"": ""→"", ""cmtPoster"": ""ntuceiba"", ""cmtContent"": "":跑去輕井澤了～如果決定要去的話還是建議買Pass，"", ""cmtDate"": ""2023-05-19 15:45:06""}, {""cmtStatus"": ""→"", ""cmtPoster"": ""ntuceiba"", ""cmtContent"": "":光來回的新幹線車資就划算了噢"", ""cmtDate"": ""2023-05-19 15:45:06""}, {""cmtStatus"": ""推"", ""cmtPoster"": ""ntuceiba"", ""cmtContent"": "":3.可以看我剛剛發的文！希望有幫助～"", ""cmtDate"": ""2023-05-19 15:45:06""}, {""cmtStatus"": ""推"", ""cmtPoster"": ""Federerrrr"", ""cmtContent"": "":NY推薦去新宿買平日下午去都還有而且還可以退稅"", ""cmtDate"": ""2023-05-19 23:16:00""}, {""cmtStatus"": ""推"", ""cmtPoster"": ""littlePIXY"", ""cmtContent"": "":回我們上次去9月有看到富士山，就是…沒有帽子"", ""cmtDate"": ""2023-05-19 23:31:00""}, {""cmtStatus"": ""推"", ""cmtPoster"": ""adychen1982"", ""cmtContent"": "":第一天感覺好累XDDD"", ""cmtDate"": ""2023-05-20 09:21:00""}, {""cmtStatus"": ""推"", ""cmtPoster"": ""s91ad017"", ""cmtContent"": "":是我大概會住藏前，之前東橫inn還有車可以到上野，"", ""cmtDate"": ""2023-05-20 09:57:00""}, {""cmtStatus"": ""→"", ""cmtPoster"": ""s91ad017"", ""cmtContent"": "":買伴手禮記得注意食用期限"", ""cmtDate"": ""2023-05-20 09:57:00""}, {""cmtStatus"": ""推"", ""cmtPoster"": ""furuuchitw"", ""cmtContent"": "":建議住品川，交通不用15分鐘，品川山手線也方便"", ""cmtDate"": ""2023-05-20 12:16:00""}, {""cmtStatus"": ""推"", ""cmtPoster"": ""s1an"", ""cmtContent"": "":最後一晚找個錢湯洗洗再去機場就好了"", ""cmtDate"": ""2023-05-20 14:55:00""}, {""cmtStatus"": ""推"", ""cmtPoster"": ""nuj52"", ""cmtContent"": "":Outlet我是覺得不用特別去。不好買。"", ""cmtDate"": ""2023-05-20 20:52:00""}, {""cmtStatus"": ""推"", ""cmtPoster"": ""nuj52"", ""cmtContent"": "":第一次去東京市區近郊就玩不玩了。而且你的天數不"", ""cmtDate"": ""2023-05-20 20:55:00""}, {""cmtStatus"": ""→"", ""cmtPoster"": ""nuj52"", ""cmtContent"": "":長。"", ""cmtDate"": ""2023-05-20 20:55:00""}, {""cmtStatus"": ""推"", ""cmtPoster"": ""nuj52"", ""cmtContent"": "":建議不用去輕井澤。除非你真的很想逛。但也不是逛ou"", ""cmtDate"": ""2023-05-20 20:58:00""}, {""cmtStatus"": ""→"", ""cmtPoster"": ""nuj52"", ""cmtContent"": "":tlet啦"", ""cmtDate"": ""2023-05-20 20:58:00""}]",58.99.80.1,2023-05-20 02:05:33,ptt
147,https://www.ptt.cc/bbs/Japan_Travel/M.1684488977.A.C9F.html,[問題]東京鐵塔造型商家求問,2023-05-19 17:36:15,aaa013008,Japan_Travel,"這是從網紅限動截圖下來
對方不回答
Google也找不到
知道這間店的朋友還望你提供線索 謝謝
https://i.imgur.com/2UgCqPZ.jpg","[{""cmtStatus"": ""推"", ""cmtPoster"": ""HOF"", ""cmtContent"": "":ThePrinceParkTowerTokyo"", ""cmtDate"": ""2023-05-19 17:40:00""}, {""cmtStatus"": ""→"", ""cmtPoster"": ""aaa013008"", ""cmtContent"": "":謝謝"", ""cmtDate"": ""2023-05-19 18:46:00""}]",223.139.98.231,2023-05-20 02:05:36,ptt
148,https://www.ptt.cc/bbs/Japan_Travel/M.1684491368.A.45E.html,[徵人]6／19相撲體驗,2023-05-19 18:16:06,wayne1029,Japan_Travel,"徵人類別：旅伴

原po性別：29歲男

徵求：有興趣的人

內容：klook上相撲體驗我可以的時間剩6／19
我蠻想去看看的只是一定要兩個人以上才可以訂
想請問有沒有人剛好這個時間也有興趣的

行程是體驗相撲與吃炸豬排
總共兩小時，6／19的下午

在東京！
如果有興趣的麻煩站內給我

備註：另外，如果6／17-21有人行程缺人的
也歡迎站內，可以一起走走
感謝
","[{""cmtStatus"": ""推"", ""cmtPoster"": ""mithralin"", ""cmtContent"": "":請照徵人文格式發表文章謝謝"", ""cmtDate"": ""2023-05-19 18:16:06""}]",49.216.189.222,2023-05-20 02:05:36,ptt
149,https://www.ptt.cc/bbs/Japan_Travel/M.1684497155.A.965.html,[遊記]D11_香川金刀比羅宮+高松城跡+栗林公園,2023-05-19 19:52:27,tedandjolin,Japan_Travel,"造訪日期:5/19
上次PO文 打算把假期都拿來跑日本之後 已經成行一段時間 目前是第二輪的D7,
不過我去的算密集就想統一記錄今年總共去幾天XD

晚點會另外PO D1~D11行程 但想把一些覺得比較好看的風景另外PO
因為整體行程大概會記錄主要重點而已

今天早上還在新居浜跑水樹奈奈的家鄉聖地巡禮 (晚點去C洽PO文)
跑完之後搭10點多的車往琴平站

出站之後往商店街起始點的風景 路上看到冷凍餃子販賣機 香川不是烏龍麵知名嗎XD
https://imgur.com/3Dcp61y.jpg
https://imgur.com/pUDK6oq.jpg
https://imgur.com/aGr36f5.jpg
https://imgur.com/Logn6Fy.jpg
https://imgur.com/1iECwzv.jpg
https://imgur.com/3uxD3Re.jpg
開始1368級台階的行程 這時候因為還要考慮回香川逛+明天一大早要去大阪
我走路速度有稍微加快一點
https://imgur.com/hfZvOK9.jpg
https://imgur.com/nqspqVU.jpg
https://imgur.com/vq529GW.jpg
https://imgur.com/WA2YJ7N.jpg
https://imgur.com/8nl6EcI.jpg
https://imgur.com/hmkez2e.jpg
路上看到這個展覽 價格要2000 感覺就很高級 但不在我巡禮範圍內就PASS
https://imgur.com/lLiIsJH.jpg
一路往上走到本宮的 走完785級 大概從JR站出發約30分鐘
https://imgur.com/fneybpP.jpg
https://imgur.com/vMIcEfu.jpg
https://imgur.com/2hMx7Bn.jpg
https://imgur.com/FYuMZpX.jpg
https://imgur.com/16iCpQn.jpg
https://imgur.com/nmUlfco.jpg
https://imgur.com/9FVLH0K.jpg
看一下風景之後 繼續往上走 感覺蠻多人都是要走完全程的
https://imgur.com/MsdRQ12.jpg
https://imgur.com/X6OQFzy.jpg
https://imgur.com/jYJbUb4.jpg
https://imgur.com/laCGpeJ.jpg
https://imgur.com/mNoZ6GD.jpg
https://imgur.com/hUorauS.jpg
總算到奧社 完成1368級 時間大概45分鐘 腳程不快的大概要1~1小時15分吧
https://imgur.com/e7mb95l.jpg
https://imgur.com/laCGpeJ.jpg
https://imgur.com/VVq6pdf.jpg
https://imgur.com/YjoBwnU.jpg
最上面看風景的地方不大 但配合霧氣感覺就很舒服
整體走的行程也很開心 很喜歡上高地 或者這類海拔高的自然風景等等

然後我真的很好奇這類地點很遠的工作人員 真的每天這樣走路上下班嗎..
還是輪班制度 會在上面做二休二這樣XD 但晚上感覺太陰森 應該不太可能
https://imgur.com/x7QgJuN.jpg
https://imgur.com/YjoBwnU.jpg
https://imgur.com/rzyNsBV.jpg
下山路邊有個貴鬆鬆的咖啡廳 價格非常驚人 就PASS
https://imgur.com/LwJtpsd.jpg
https://imgur.com/bjeUowj.jpg
回程就直接去搭車拉~~ 這樣來回快一點大概兩小時內 慢慢走加逛約三小時吧
https://imgur.com/tZwZSNj.jpg
我覺得日本老人家都蠻厲害的 一堆看起來6.70歲的也是照樣走 也沒說走很慢 厲害
https://imgur.com/nMdeYFZ.jpg
之後的高松城跡跟栗林公園 本來是說如果來不及就PASS的行程
但逛完之後覺得還不錯 算是推薦

高松城跡 事前沒做功課 到了之後才發現沒有可以上去天守閣的地方
有些地方持續整修中 難怪票價蠻便宜的 200日幣而已
https://imgur.com/rzyNsBV.jpg
https://imgur.com/eOp3G9A.jpg
https://imgur.com/RZWy2AO.jpg
但並不會這樣就不好看 配合周圍的護城河 即使建築物不多也很壯觀
https://imgur.com/qf3QR9X.jpg
https://imgur.com/n2xrwKq.jpg
https://imgur.com/tmxlzJD.jpg
https://imgur.com/3zriTYX.jpg
https://imgur.com/zz8ZNOT.jpg
中間有看到渡船 還在思考要不要花錢的時候 發現今天已經預約截止了
https://imgur.com/EQsnLUL.jpg
https://imgur.com/YRpVFrV.jpg
不過這感覺一天好像沒有幾個人可以搭耶@@
持續往內走 玉藻公園跟公園內的松樹 逛起來蠻舒服的
https://imgur.com/Q6jNpx5.jpg
https://imgur.com/yg9xBDZ.jpg
https://imgur.com/F1JjxDB.jpg
https://imgur.com/d5qYbYT.jpg
https://imgur.com/dBg1cG1.jpg
最後出城之前看一下月見櫓 很喜歡這類城堡搭配護城河的感覺
https://imgur.com/cNAMt0n.jpg
https://imgur.com/pFRaDhc.jpg
https://imgur.com/vBPZG5p.jpg
出城之後 回JR車站 想說PASS買了還是省點錢XD 轉車去栗林公園北口
這邊票價410 想說公園這樣票價有一點貴?
https://imgur.com/RLTAh9y.jpg
https://imgur.com/n9rRh3e.jpg
但開始逛之後就不這樣覺得了 面積大 景觀漂亮 基本上只要公園類型的
只要場地大加上植物種類多 配合有水的造景 我都很喜歡
像新宿御苑 就是我心目中最喜歡的公園
https://imgur.com/MHrqARo.jpg
https://imgur.com/5o8JQ7n.jpg
https://imgur.com/wpat1UL.jpg
https://imgur.com/TrwFSrH.jpg
https://imgur.com/b8n2rxX.jpg
https://imgur.com/AtAQKQq.jpg
https://imgur.com/e5BsKCG.jpg
https://imgur.com/I660xmw.jpg
然後運氣不錯 剛好有人在拍婚紗照? 配合這風景真令人羨慕QQ
https://imgur.com/1VrKPWo.jpg
https://imgur.com/8Lk7mOl.jpg
這邊也有渡船 但時間也過了 不過今天天氣不好不知道有沒有
https://imgur.com/oS5KEdm.jpg
https://imgur.com/ONnTUkg.jpg
最後出去之前看到特殊口味的 栗霜淇淋 我跑日本各地只要有特殊口味都會買一下
一杯只要310元 超級好吃的~~~~~ 下次有機會去我一定要買兩杯
https://imgur.com/6prfIsm.jpg
結束今天的行程 時間大概是5點多 本來想去找少數的素食店家
(是的 我這趟除了旅遊景點+棒球+買宅物+聖地+動畫咖啡廳以外 還要跑日本素食)

四國這邊跟東京大阪相比...素食有夠少的...幾乎一個縣只有2.3家
還都是玄米料理那類型的居多 可能要說明不吃魚

香川這邊google烏龍麵 有找到兩家的評論說店家可以準備vegan烏龍麵
但我實際跑過之後 都回覆湯汁裡面有魚 我想應該是當初去的外國人
只說自己不吃肉 蛋 奶吧 看來香川的烏龍麵我沒機會吃到了
看要不要明天早上東橫inn早餐 拿烏龍麵配熱開水吃看看好了www

話說D1~D11跑下來 今天是唯一一次6點多回旅館的...(但心得一堆都還沒紀錄QQ)
之前我基本上都是每天早出晚歸的行程...

本來明天要4.5點起來 搭早班車從高松跑大阪 之後去爬伏見稻荷神社
但看看今天的走路步數已經40000步了.. 明天還是休息一天跑大阪素食
然後晚上準備聽Aimer的Live好了XD","[{""cmtStatus"": ""推"", ""cmtPoster"": ""jerrylin"", ""cmtContent"": "":神社應該是每天上下走吧反正沒啥事"", ""cmtDate"": ""2023-05-20 09:56:00""}, {""cmtStatus"": ""→"", ""cmtPoster"": ""jerrylin"", ""cmtContent"": "":走上去就可以開始等下班了"", ""cmtDate"": ""2023-05-20 09:56:00""}, {""cmtStatus"": ""推"", ""cmtPoster"": ""firl"", ""cmtContent"": "":上禮拜去爬到本社就花一個小時了"", ""cmtDate"": ""2023-05-20 18:31:00""}, {""cmtStatus"": ""→"", ""cmtPoster"": ""firl"", ""cmtContent"": "":另外路旁有標18：00之後不能上山"", ""cmtDate"": ""2023-05-20 18:32:00""}, {""cmtStatus"": ""推"", ""cmtPoster"": ""BigBird110"", ""cmtContent"": "":上次走到9百多就回頭了T_T"", ""cmtDate"": ""2023-05-20 21:25:00""}, {""cmtStatus"": ""推"", ""cmtPoster"": ""aids893001"", ""cmtContent"": "":平常有在慢跑什麼的爬這個蠻輕鬆的"", ""cmtDate"": ""2023-05-21 01:37:00""}]",153.231.30.246,2023-05-20 02:05:36,ptt
150,https://www.ptt.cc/bbs/Japan_Travel/M.1684499712.A.4E7.html,[遊記]新潟週末限定直江津D51鐵路公園,2023-05-19 20:35:08,ihatebbo,Japan_Travel,"造訪時間2023/5/13
第一次去新潟，正發愁新潟的景點好多靠大眾運輸到達都不是很方便時，在Google地圖上
偶然發現這個景點，就決定出發啦。

/
如果跟我一樣是搭虎航五去一回，那可以考慮安排週六從新潟出發，搭早上7:37出發的特
急白雪2號，到達直江津的時間剛好是9:23，趕得上回送列車入園!

簡單說明一下搭乘回送列車入園的方法
1.門票販賣時間：禮拜六日早上7:00-9:30
2.門票販售地點：直江津站售票窗口
3.門票費用：1000日幣
4.購票後上車地點：6號月台
5.受付時間：9:15-9:30
6.發車時間：9:35
https://i.imgur.com/hhducTN.jpg
https://i.imgur.com/6FBOwws.jpg
如非搭乘回送列車入園，需要從南口出來往左走，直接走到鐵路公園入口才能買票，公園
開放時間點為早上9:45-下午16:30
https://i.imgur.com/oR9D9dV.jpg
買到票了照說明再入站走到六號月台，要注意同時間剛好有其他班車會停在六號月台，小
心不要上錯車了，靠近月台末端的才是入園回送列車。
https://i.imgur.com/UbxdpKI.jpg
https://i.imgur.com/MLuus74.jpg
車門口有擺黃色棋子的才是入園回送列車

9:35列車出發！
先往前往糸魚川方向前進了一小段
https://i.imgur.com/Zt3953b.jpg
接著列車改變行進方向往回走並拐進外側股道
之後來到回送列車體驗的重頭戲
經過洗車機體驗！
https://i.imgur.com/cYaTSxb.jpg
https://i.imgur.com/UNXB3BS.jpg
列車開進洗車機 開始噴水 蠻酷的
https://i.imgur.com/nTpvSqg.jpg
總共會前進後退分別洗三次 可以從不同角度拍照錄影
https://i.imgur.com/5R3qJxh.jpg
最後洗完車列車會往前開進車庫，並讓乘客在這邊下車，稍微數了一下大概有10來個客人
是利用回送列車入場的，列車入場時間大概是9:53
https://i.imgur.com/mjdOHFg.jpg
https://i.imgur.com/Fbfu5s3.jpg
https://i.imgur.com/8b3hCVE.jpg
之前在官網做功課時發現10:05分有一場蒸汽火車的搭乘體驗，不過似乎會因為來不及抽
整理券的原因而不開放給搭乘回送列車入場的遊客搭乘。
不過，不過，那天回送列車的隨車人員竟然直接把我們剛剛搭乘回送列車的乘客直接帶上
蒸汽火車的車廂，讓人又驚又喜，賺到
https://i.imgur.com/ZC8tbBZ.jpg
https://i.imgur.com/HQ2rcPj.jpg
待會要搭的D51型蒸汽火車，公園的命名也是取自於它

搭乘的車廂很小，是以前貨物列車的車掌車
（台灣稱作守車？
https://i.imgur.com/txzZbkg.jpg
https://i.imgur.com/S1fLTeH.jpg
車輛10:05準時開車，然後倒退走一小段開去直江津站，接著再開回去園區，整個過程大
概10分鐘，蠻短的體驗，不過全程自立運轉，很厲害了XD
https://i.imgur.com/FszROsv.jpg
開去直江津站發現站外有一座小東京鐵塔

開回園區時緊接著蒸汽火車會跟車掌車解聯，然後開上轉車盤，又是一場好看的秀
https://i.imgur.com/MTxR0Rx.jpg
https://i.imgur.com/v8HizpH.jpg
https://i.imgur.com/qsZYgGq.jpg
大概會轉個半圈然後讓車頭朝外 開放讓大家拍照

動態的部分結束來參觀靜態的，其實扇形車庫內的車輛數不多，很快就能參觀完
https://i.imgur.com/HsxcldZ.jpg
https://i.imgur.com/ESVLuX9.jpg
車庫外的鏟雪車應該是現役的
車庫內的車分別有413系
https://i.imgur.com/Z53qY6l.jpg
https://i.imgur.com/EoanGX2.jpg
https://i.imgur.com/8SgHQyK.jpg
https://i.imgur.com/D3LoIkm.jpg
車內開放休息及飲食

還有建築限界測定用試験車 オヤ31-31
https://i.imgur.com/LWnUVQm.jpg
https://i.imgur.com/ADbWQkb.jpg
https://i.imgur.com/RvoIHYb.jpg
這輛車的功用在用於維護道路服務的鐵路車廂。其目的是檢查軌道周圍的間隙，以確保符合鐵路標準軌距或動態範圍的列車不會遇到任何障礙物。（出自英文維基百科翻譯
https://i.imgur.com/jDkZcn0.jpg
https://i.imgur.com/bxHkTUv.jpg
庫內還另外存放有車掌車及柴油機關車DL14

園內還有一個角落就是可以憑門票的撕角去玩彈珠台，給你三顆球機會，隨著進洞顆數有
不同的鐵道周邊獎品
https://i.imgur.com/mS9c8za.jpg
https://i.imgur.com/o9BRed7.jpg
https://i.imgur.com/L0r5Q6R.jpg
非洲人如我獲得了安慰獎XD
https://i.imgur.com/3VjT7PN.jpg
館內販賣部
https://i.imgur.com/RWVNuxR.jpg
https://i.imgur.com/F74xgk2.jpg
要抽搭乘蒸汽火車整理券的地方也在販賣部隔壁
https://i.imgur.com/vUVDiuv.jpg
園區地圖 真的不大
https://i.imgur.com/Ydlm0ug.jpg
離開園區，如果非搭乘回送列車入園請從此處入場購票
https://i.imgur.com/7jrKaIa.jpg
從舊照片發現以前的扇形車庫範圍蠻大的，只是後來隨著利用程度的降低拆了不少建築物
https://i.imgur.com/t0pkZXM.jpg
總結一下心得，1000日幣有回送列車體驗跟蒸汽火車搭乘體驗我覺得蠻值得的，不過如果
來的時間點剛好都錯開只能參觀靜態保存車輛的話，似乎就不太需要特別來


園區官網，內可瀏覽詳細搭乘回送列車及蒸汽火車體驗之方法
https://www.naoetsu-d51-railpark.com/cont1/main.html
縮網址
https://reurl.cc/xlYom1
如果週末要來的話純買特急車票很貴的話，要省錢的話可以考慮購入えちごツーデーパス（越後2日pass) 幾乎包含整個新潟縣含北越急行線、越後心動鐵道的鐵路2日內無限次搭乘pass（票的效力只有普通車乘車券，要搭特急、新幹線記得買自由席券），不過只限週末六日使用，我這趟靠這張pass省了一點錢，不無小補
https://i.imgur.com/F52eyFC.jpg
以上 感謝觀看！








-
Sent from JPTT on my iPhone
","[{""cmtStatus"": ""推"", ""cmtPoster"": ""mithralin"", ""cmtContent"": "":煩請補上時間謝謝"", ""cmtDate"": ""2023-05-19 20:53:00""}, {""cmtStatus"": ""→"", ""cmtPoster"": ""whistlerhu"", ""cmtContent"": "":那除雪車剛退役，也是展示車輛"", ""cmtDate"": ""2023-05-19 20:56:00""}, {""cmtStatus"": ""→"", ""cmtPoster"": ""siamn"", ""cmtContent"": "":感謝資訊，近期找時間來去看看"", ""cmtDate"": ""2023-05-19 20:56:00""}, {""cmtStatus"": ""→"", ""cmtPoster"": ""ihatebbo"", ""cmtContent"": "":手機編輯第一段竟然亂掉了用電腦版修修看@@"", ""cmtDate"": ""2023-05-19 21:04:00""}, {""cmtStatus"": ""→"", ""cmtPoster"": ""rocky9137"", ""cmtContent"": "":推直江津第一次知道這地方是玩PS電車GOxddd"", ""cmtDate"": ""2023-05-19 21:07:00""}, {""cmtStatus"": ""→"", ""cmtPoster"": ""ihatebbo"", ""cmtContent"": "":電車go裡的北北線的特急はくたか真的讓人印象深刻"", ""cmtDate"": ""2023-05-19 21:30:00""}, {""cmtStatus"": ""→"", ""cmtPoster"": ""jerrylin"", ""cmtContent"": "":虎航現在不是二五飛嗎"", ""cmtDate"": ""2023-05-20 09:57:00""}, {""cmtStatus"": ""推"", ""cmtPoster"": ""taromsejara"", ""cmtContent"": "":太棒的體驗了，感謝分享。"", ""cmtDate"": ""2023-05-20 11:24:00""}]",27.52.162.43,2023-05-20 02:05:36,ptt
151,https://www.ptt.cc/bbs/Japan_Travel/M.1684507204.A.7BD.html,[遊記]不專業的日職球場遊記,2023-05-19 22:40:00,uio3344,Japan_Travel,"分享和朋友這趟去三座球場不專業的球場遊記（不含比賽內容純球場心得）

1.5/13西武Belluna巨蛋
https://i.imgur.com/yLDqtT6.jpg
從東京到西武球場約1小時

至西武球場前下車即可到球場入口處

在刷卡出站時聽到很多熟悉的台灣口音

原來今天大家都來看球啊～
https://i.imgur.com/ZM8Rfx5.jpg
一進入球場 感覺很特別 球場是從外野的

方向進入
https://i.imgur.com/zHsYb5r.jpg
https://i.imgur.com/C1G2AXG.jpg
https://i.imgur.com/MOqjMFY.jpg
當天吳念庭選手先發！

#真的是太好了！

真的很開心可以在西武巨蛋為台灣選手應援加油！（這也是促成我們此行的目的之一）
https://i.imgur.com/S0iGok0.jpg
原來坐在巨蛋看球是這種感覺 不用擔心天氣 不會因雨延賽

也「稍微」體會到西武巨蛋冬冷夏熱的盛名

當天氣溫偏涼 看球時風一陣陣灌進場內 即使穿外套還是覺得稍微冷  （後來發現沒有羅德zozo冷XD)
https://i.imgur.com/JpgrudI.jpg
https://i.imgur.com/iMYEk1t.jpg
冷 還是要吃吃球場特有的頭盔冰淇淋
https://i.imgur.com/PPZm6Rj.jpg
https://i.imgur.com/mH35Wam.jpg
https://i.imgur.com/7XrbQXh.jpg
https://i.imgur.com/82z8Wd5.jpg
賽後  開放進入球場內活動

可以坐在草皮上很chill地看投放的影片

也可以和朋友各來一張舉毛巾應援照XD

真的是很特別的體驗！
https://i.imgur.com/VGE6Fn4.jpg
西武球場戰利品
https://i.imgur.com/JaPAoSm.jpg
5/13這天進場送的是保冷袋 拿到監督和中村剛也 （但我想要的是栗山巧啊啊啊）

覺得西武送的進場小物都蠻有巧思的

保冷袋可以讓球迷裝冷飲

之後78月也有一場是送掛在身上的電扇（應該是怕球迷夏天在巨蛋內熱到受不了XD)


2. 5/14東京巨蛋&野球博物館

還沒入場看球賽

就先被場外的巨人商品部給震懾了XD

商品部商品都做的很有質感很潮牌

從野球博物館出來被同為台灣球迷詢問昨天有去西武看球嗎XD(真的是到處都可遇到同胞啊）
https://i.imgur.com/VqCrl3D.jpg
https://i.imgur.com/rolVoC7.jpg
https://i.imgur.com/5Rnw8De.jpg
https://i.imgur.com/cRzoJbY.jpg
5/14當天是母親節 場內充滿pink pink
https://i.imgur.com/yPqjKUt.jpg
https://i.imgur.com/cCciVdH.jpg
朋友買了岡本和真的球員便當

半完食心得：鹹

今日殘念心得 ：買不到岡本和真的應援毛巾…售完…

只能看看大螢幕的應援毛巾
https://i.imgur.com/bIPo6ka.jpg
3. 5/16羅德ZOZO海洋球場
https://i.imgur.com/428lN1C.jpg
https://i.imgur.com/ndgr8X6.jpg
https://i.imgur.com/G5s0ocj.jpg
恰好遇到羅德ㄧ連三天展出佐佐木朗希2023 WBC獎牌和獎盃
https://i.imgur.com/KKVKFsS.jpg
https://i.imgur.com/3RQThzK.jpg
https://i.imgur.com/jhAQhn1.jpg
和朋友買了佐佐木朗希和吉祥物便當

吃到一半疑似球員賽前練習的球飛到座位旁

和朋友一陣疑惑 是球員打過來的嗎 怎麼都沒看到XD

然後工作人員過來把球撿走（想問日職規定球是一定要回收嗎？因後來前排座位球迷也撿到球 工作人員也過來拿回）

正式開打 終於見識到海洋球場的冷風威力！即使穿了薄外套 還是冷到一直發抖 XD

這天在羅德看球解鎖了在日職球場看到全壘打、煮粥失敗、接球失誤後用美技NP對方、被鏡頭take到大螢幕的成就

以上謝謝觀看～






","[{""cmtStatus"": ""推"", ""cmtPoster"": ""matsui07"", ""cmtContent"": "":監督推"", ""cmtDate"": ""2023-05-19 22:40:00""}, {""cmtStatus"": ""推"", ""cmtPoster"": ""Spade"", ""cmtContent"": "":推念庭"", ""cmtDate"": ""2023-05-19 23:02:00""}, {""cmtStatus"": ""推"", ""cmtPoster"": ""barry0936717"", ""cmtContent"": "":推分享"", ""cmtDate"": ""2023-05-19 23:53:00""}, {""cmtStatus"": ""推"", ""cmtPoster"": ""maikxz"", ""cmtContent"": "":練習時間的會收回"", ""cmtDate"": ""2023-05-20 00:00:00""}, {""cmtStatus"": ""推"", ""cmtPoster"": ""iinstan"", ""cmtContent"": "":應援毛巾好可愛"", ""cmtDate"": ""2023-05-20 00:15:00""}, {""cmtStatus"": ""推"", ""cmtPoster"": ""yokomata"", ""cmtContent"": "":巨人這次的商品部用的超有質感"", ""cmtDate"": ""2023-05-20 00:15:00""}, {""cmtStatus"": ""推"", ""cmtPoster"": ""rocky9137"", ""cmtContent"": "":超愛去日本看球+1"", ""cmtDate"": ""2023-05-20 00:26:00""}, {""cmtStatus"": ""推"", ""cmtPoster"": ""Arodz"", ""cmtContent"": "":西武巨蛋時候去還不錯啊比較像是加蓋的室外球場"", ""cmtDate"": ""2023-05-20 00:34:00""}, {""cmtStatus"": ""→"", ""cmtPoster"": ""Arodz"", ""cmtContent"": "":蠻特別的也不會太熱"", ""cmtDate"": ""2023-05-19 22:40:00""}, {""cmtStatus"": ""推"", ""cmtPoster"": ""yenchihh"", ""cmtContent"": "":下星期要去西武球場，結果吳念庭下二軍"", ""cmtDate"": ""2023-05-19 22:40:00""}, {""cmtStatus"": ""推"", ""cmtPoster"": ""MELOEX"", ""cmtContent"": "":不是「“比較像”加蓋」他就是加蓋的室外球場沒錯XD"", ""cmtDate"": ""2023-05-19 22:40:00""}, {""cmtStatus"": ""推"", ""cmtPoster"": ""kyouseira"", ""cmtContent"": "":推推真的超愛在日本看球，很喜歡日本的球場和看球"", ""cmtDate"": ""2023-05-19 22:40:00""}, {""cmtStatus"": ""→"", ""cmtPoster"": ""kyouseira"", ""cmtContent"": "":環境"", ""cmtDate"": ""2023-05-19 22:40:00""}, {""cmtStatus"": ""推"", ""cmtPoster"": ""stacy41390"", ""cmtContent"": "":好讚!!!"", ""cmtDate"": ""2023-05-19 22:40:00""}, {""cmtStatus"": ""推"", ""cmtPoster"": ""kitsune318"", ""cmtContent"": "":夏天去過西武球場熱爆…超悶"", ""cmtDate"": ""2023-05-19 22:40:00""}, {""cmtStatus"": ""推"", ""cmtPoster"": ""TS68"", ""cmtContent"": "":推暑假也要去西武請問賽後都會開放球迷進場嗎？"", ""cmtDate"": ""2023-05-19 22:40:00""}, {""cmtStatus"": ""推"", ""cmtPoster"": ""tfe"", ""cmtContent"": "":推日職還能聽到類似台灣早期的加油歌很多回憶"", ""cmtDate"": ""2023-05-19 22:40:00""}, {""cmtStatus"": ""推"", ""cmtPoster"": ""amylue"", ""cmtContent"": "":6月中要去西武球場！希望不會太熱"", ""cmtDate"": ""2023-05-19 22:40:00""}, {""cmtStatus"": ""推"", ""cmtPoster"": ""mlbgary1994"", ""cmtContent"": "":下週要去羅德海洋，準備買爆紀念品"", ""cmtDate"": ""2023-05-19 22:40:00""}, {""cmtStatus"": ""推"", ""cmtPoster"": ""willy891285"", ""cmtContent"": "":六月初要去東京巨蛋，有什麼是必須體驗的嗎？"", ""cmtDate"": ""2023-05-20 19:54:00""}, {""cmtStatus"": ""→"", ""cmtPoster"": ""uio3344"", ""cmtContent"": "":w大～巨人商店有自製鑰匙圈的機器"", ""cmtDate"": ""2023-05-20 21:21:00""}, {""cmtStatus"": ""→"", ""cmtPoster"": ""uio3344"", ""cmtContent"": "":可以做來留念～"", ""cmtDate"": ""2023-05-20 21:21:00""}, {""cmtStatus"": ""→"", ""cmtPoster"": ""uio3344"", ""cmtContent"": "":京蛋有賣巨人隊的頭盔冰淇淋吃完可當紀念品～"", ""cmtDate"": ""2023-05-20 21:27:00""}, {""cmtStatus"": ""推"", ""cmtPoster"": ""iamalexnotjo"", ""cmtContent"": "":我好像有在西武蛋賽後遇到你們欸記得是兩個女生XDD"", ""cmtDate"": ""2023-05-20 21:54:00""}, {""cmtStatus"": ""推"", ""cmtPoster"": ""iamalexnotjo"", ""cmtContent"": "":可以踏進球場真的好舒服好爽"", ""cmtDate"": ""2023-05-20 22:01:00""}, {""cmtStatus"": ""→"", ""cmtPoster"": ""uio3344"", ""cmtContent"": "":賽後進入球場草皮坐著感覺真的很讚！"", ""cmtDate"": ""2023-05-20 22:44:00""}, {""cmtStatus"": ""→"", ""cmtPoster"": ""uio3344"", ""cmtContent"": "":真的是很特別的體驗XD"", ""cmtDate"": ""2023-05-20 22:44:00""}, {""cmtStatus"": ""推"", ""cmtPoster"": ""Nistelrooy"", ""cmtContent"": "":我也是去這一場"", ""cmtDate"": ""2023-05-20 22:46:00""}, {""cmtStatus"": ""→"", ""cmtPoster"": ""uio3344"", ""cmtContent"": "":n大拿到栗山巧！！！另想請問西武獅製作鑰匙圈的機"", ""cmtDate"": ""2023-05-20 23:01:00""}, {""cmtStatus"": ""→"", ""cmtPoster"": ""uio3344"", ""cmtContent"": "":器大概在哪個位置和朋友跑了很多商品部和問工作人"", ""cmtDate"": ""2023-05-20 23:01:00""}, {""cmtStatus"": ""→"", ""cmtPoster"": ""uio3344"", ""cmtContent"": "":員都找不到最後殘念放棄XD"", ""cmtDate"": ""2023-05-20 23:01:00""}, {""cmtStatus"": ""推"", ""cmtPoster"": ""Nistelrooy"", ""cmtContent"": "":西武鑰匙圈機器在球場商店出口處旁邊"", ""cmtDate"": ""2023-05-20 23:15:00""}, {""cmtStatus"": ""→"", ""cmtPoster"": ""Nistelrooy"", ""cmtContent"": "":西武鑰匙圈機器在球場商店(TeamStoreFlags)出口處"", ""cmtDate"": ""2023-05-20 23:17:00""}, {""cmtStatus"": ""→"", ""cmtPoster"": ""Nistelrooy"", ""cmtContent"": "":旁邊"", ""cmtDate"": ""2023-05-20 23:17:00""}, {""cmtStatus"": ""推"", ""cmtPoster"": ""Nistelrooy"", ""cmtContent"": "":西武鑰匙圈機器在球場商店(TeamStoreFlags)結帳櫃"", ""cmtDate"": ""2023-05-20 23:20:00""}, {""cmtStatus"": ""→"", ""cmtPoster"": ""Nistelrooy"", ""cmtContent"": "":檯右邊(出口處旁邊)"", ""cmtDate"": ""2023-05-20 23:20:00""}]",223.137.219.163,2023-05-20 02:05:36,ptt
152,https://www.ptt.cc/bbs/Japan_Travel/M.1684508435.A.D56.html,[遊記]D1~D11東京四國簡短心得+JRPASS,2023-05-19 23:00:32,tedandjolin,Japan_Travel,"造訪日期：5/4~5/7, 5/13~5/19


基本上是分兩輪(總計會是四輪) 但因為去的很密集 想說紀錄一下今年這樣總累計天數
跟這樣密集的狀況下 跑了那些地方跟每天的步數XD
這篇寫在前面 我目標是可以瘦至少8KG左右...(建立在探訪素食美食狀況下)

食物大概只會PO特別的日本蔬食拉麵(東京 京都 都很多家) 雖然有五辛居多
照片有些貼別的版完整文章 其餘就貼1.2張意思意思

Day1 5/4 步數 28,690
早上4.25到羽田->上野周遭閒晃->下午去中野聽洲崎綾&上坂talk show
->杉並動畫博物館->晚上中野大橋彩香Live

杉並動畫博物館
https://imgur.com/xsT1I2L.jpg
https://imgur.com/lAMOyZx.jpg
-
Day2 5/5 步數 19.599
早上池袋宅店+偶像大師灰姑娘展覽->下午去神宮球場找肥企鵝
->晚上中野聽May'n部長的Live

肥企鵝可愛務實有趣www
https://imgur.com/KGeMldh.jpg
https://imgur.com/0AKM6rk.jpg
Day1&2 Live心得可參考
#1aLIX3hB (C_Chat)
https://www.ptt.cc/bbs/C_Chat/M.1683302467.A.ACB.html
Day2 棒球心得可參考
#1aNd6FQP (Baseball)
https://www.ptt.cc/bbs/Baseball/M.1683911055.A.699.html
Day3 5/6 步數 17.131
白天基本上就是秋葉原逛街購物+展覽->晚上羽田附近聽ClariS Live

我推的孩子/搖曳露營/果青/BGD
https://imgur.com/JPbSUwG.jpg
https://imgur.com/B1WVir8.jpg
https://imgur.com/HMxLjLU.jpg
https://imgur.com/hYnJmwJ.jpg
-
Day4 5/7 步數 25.273
早上新宿御苑(辦了年卡XD)->之後去立川昭和紀念公園->晚上立川聽南條愛乃 Live
這輪比較單調 就單純宅宅之旅 秋葉原買BD相關就花很多時間 感覺變化還好

新宿御苑+年卡
https://imgur.com/Jk7vKAB.jpg
https://imgur.com/JHfhrfh.jpg
昭和紀念公園
https://imgur.com/J8KVt0S.jpg
https://imgur.com/NxCuxR7.jpg
這幾天沒跑太遠的素食 都吃TS居多
東京最推薦的素食拉麵
https://imgur.com/yb9OeSh.jpg
https://imgur.com/54GKP7Q.jpg
Day5 5/13 步數 34.577
飛羽田之後 一早去川越->大宮冰川神社跟公園->晚上RenNa Live
川越...有點無聊 後面去的冰川神社還比較有意思 有點失望的景點

川越
https://imgur.com/EgyxGqi.jpg
https://imgur.com/moOeyJA.jpg
https://imgur.com/KfRgP22.jpg
https://imgur.com/casNtYv.jpg
蔬食壽司蕎麥麵
https://imgur.com/6OyEj5w.jpg
https://imgur.com/JNeUMvb.jpg
冰川神社
https://imgur.com/monwieb.jpg
https://imgur.com/BtuXtpi.jpg
https://imgur.com/HLPMr9j.jpg
https://imgur.com/LdL1dnO.jpg
-
Day6 5/14 步數 23,518
神田明神祭典->秋葉原->新宿一風堂蔬食拉麵->池袋跑活動->晚上中野南早紀talk show

神田明神祭典 懷念 好多年沒來了
https://imgur.com/jnda6xY.jpg
https://imgur.com/cgDPwVQ.jpg
https://imgur.com/PfKnxop.jpg
https://imgur.com/XTC08Im.jpg
新宿一風堂蔬食拉麵 時間寶貴 我每次去都一次吃兩碗
看照片看不出是素食的(有五辛)
https://imgur.com/CJPsGAO.jpg
https://imgur.com/mXGqAlQ.jpg
Day7 5/15 步數 24,018
早上台場鋼彈->台場美術館吃蔬食拉麵->晚上川崎Suara Live

台場鋼彈, 自由女神像等
https://imgur.com/ysszDjY.jpg
https://imgur.com/2YkvS5B.jpg
https://imgur.com/klmUdqs.jpg
https://imgur.com/p3TO8Q4.jpg
台場美術館蔬食拉麵 (感謝朋友協助拍攝)
https://imgur.com/hYYK4dN.jpg
Day5&7 演唱會心得可參考
#1aOvqGuh (C_Chat)
[ptt.cc] [閒聊] ReoNa & Suara Live心得 │
https://www.ptt.cc/bbs/C_Chat/M.1684249872.A.E2B.html
Day8 5/16 步數 26,089
昨晚住成田->早上飛機到高松->去德島鳴門看漩渦->晚上阿波舞會館參觀->回高松

德島鳴門看漩渦 真的蠻不錯的 是會想再去看一次的景點 很震撼
希望下次找漩渦最大的時候去看
https://imgur.com/sRU1KCu.jpg
https://imgur.com/sLcWjbW.jpg
https://imgur.com/x143zoJ.jpg
https://imgur.com/hMAcXGY.jpg
Day9 5/17 步數 26.463
一大早就往高知->高知城跟市區景點->桂濱+坂本龍馬紀念館->高知縣立牧野植物園
->高知獨立聯盟看棒球->晚上住高知

桂濱+坂本龍馬紀念館
https://imgur.com/X04TntZ.jpg
https://imgur.com/WbaLt3j.jpg
https://imgur.com/tRHDSwo.jpg
https://imgur.com/l2E9BDh.jpg
-
四國高知獨立聯盟看球 人基本上不多 不到100個觀眾
但我還是沒拿到界外球QQ
https://imgur.com/enhb1Pp.jpg
https://imgur.com/lYtXHCk.jpg
https://imgur.com/3UEEiBl.jpg
https://imgur.com/jCWeeim.jpg
https://imgur.com/WOMXhnp.jpg
https://imgur.com/yp1opj9.jpg
Day10 5/18 步數 26,558
早上往愛媛 新居浜->マイントピア別子->往松山->松山城->道後溫泉泡澡->回新居浜

話說 隨便都很容易搭到 麵包超人的列車 我是完全沒特別查詢XD
https://imgur.com/r3Giz0s.jpg
https://imgur.com/RjBCE8Z.jpg
https://imgur.com/j4YMSlH.jpg
道後溫泉跟時鐘等照片
https://imgur.com/A7eiHEv.jpg
https://imgur.com/O6Xizwy.jpg
https://imgur.com/87h8G6Y.jpg
Day11 5/19 步數 40,171
新居浜市內水樹奈奈聖地巡禮->往琴平站->金刀比羅宮走到奧社->回高知
->高知城&栗林公園->回高知 東橫inn休息

水樹奈奈相關聖地巡禮照片可參考
#1aPtH6pq (C_Chat)
但我還是沒拿到界外球QQ
https://imgur.com/enhb1Pp.jpg
https://imgur.com/lYtXHCk.jpg
https://imgur.com/3UEEiBl.jpg
https://imgur.com/jCWeeim.jpg
https://imgur.com/WOMXhnp.jpg
https://imgur.com/yp1opj9.jpg
Day10 5/18 步數 26,558
早上往愛媛 新居浜->マイントピア別子->往松山->松山城->道後溫泉泡澡->回新居浜

話說 隨便都很容易搭到 麵包超人的列車 我是完全沒特別查詢XD
https://imgur.com/r3Giz0s.jpg
https://imgur.com/RjBCE8Z.jpg
https://imgur.com/j4YMSlH.jpg
道後溫泉跟時鐘等照片
https://imgur.com/A7eiHEv.jpg
https://imgur.com/O6Xizwy.jpg
https://imgur.com/87h8G6Y.jpg
Day11 5/19 步數 40,171
新居浜市內水樹奈奈聖地巡禮->往琴平站->金刀比羅宮走到奧社->回高知
->高松城&栗林公園->回高松 東橫inn休息

水樹奈奈相關聖地巡禮照片可參考
#1aPtH6pq (C_Chat)
https://www.ptt.cc/bbs/C_Chat/M.1684501574.A.CF4.html
金刀比羅宮&高松城&栗林公園可參考
#1aPsC3bb (Japan_Travel)
https://www.ptt.cc/bbs/Japan_Travel/M.1684497155.A.965.html
目前累計步數29.2087, 本身減肥中 體力還可以, 一個人跑也很方便
整個行程下來 大概會走到200萬步吧~

累了就會排一些比較悠閒的景點 明天早上要回大阪聽Aimer演唱會
大概就悠哉過去 然後找大阪素食這樣

預計5/22會去尾道 人中之龍, 跟因島 棋靈王 聖地巡禮
5/23-24 廣島看棒球 跟廣島景點
5/25~26 鳥取跟島根的景點 有同好剛好同時間在的可以約一下","[{""cmtStatus"": ""推"", ""cmtPoster"": ""nien4009"", ""cmtContent"": "":DAY11的高知應該是高松吧?"", ""cmtDate"": ""2023-05-19 23:00:32""}, {""cmtStatus"": ""→"", ""cmtPoster"": ""tedandjolin"", ""cmtContent"": "":真的耶已改感謝"", ""cmtDate"": ""2023-05-19 23:29:00""}]",153.231.30.246,2023-05-20 02:05:36,ptt
153,https://www.ptt.cc/bbs/Japan_Travel/M.1684512030.A.A9C.html,[問題]請問迪士尼內商店的standbypass現況,2023-05-20 00:00:28,lsylin,Japan_Travel,"如題
因為官網寫「遊客若希望進入本商店，有可能須於入園後透過東京迪士尼度假區官方 App
（英文版）取得預約等候卡。」
「有可能」 所以想請問有沒有近日去的大大能分享詳情
感謝各位
請記得消除上面的提醒文字 (按ctrl+Y 可快速消除整行)
============================================================================
行程請教範例

１． 出遊日期： 共幾天幾夜。盡量提供確切日期，說不定有特別活動可給建議

２． 每日行程：請寫下每一天所安排的
景點＋住宿點＋交通工具
３． 特別希望：提供個人旅遊重點或其他任何想徵求意見的部分

問行程 請以此格式發文(104.09.11)
","[{""cmtStatus"": ""→"", ""cmtPoster"": ""mayegg"", ""cmtContent"": "":↑官網有公告需要standbypass的商店&實施日期"", ""cmtDate"": ""2023-05-20 00:53:00""}, {""cmtStatus"": ""推"", ""cmtPoster"": ""MrKuo"", ""cmtContent"": "":5/15剛去land,只有40週年扭蛋機需要standbypass"", ""cmtDate"": ""2023-05-20 22:06:00""}, {""cmtStatus"": ""→"", ""cmtPoster"": ""MrKuo"", ""cmtContent"": "":,其它商店都不用"", ""cmtDate"": ""2023-05-20 22:06:00""}]",42.77.178.149,2023-05-20 02:05:36,ptt
154,https://www.ptt.cc/bbs/Japan_Travel/M.1684518672.A.F29.html,[旅伴]徵8/12～8/15東京迪士尼旅伴,2023-05-20 01:51:10,hcsh31033,Japan_Travel,"徵人類別: 不限

  原po性別:男（8年級生）

  徵    求: 8/12-8/15一起去迪士尼的旅伴

  內    容: 可以不用整天待在一起，希望可以找可以一起排隊聊天拍照的旅伴：）

  備    註: 站內信


",[],39.15.54.9,2023-05-20 02:05:36,ptt
155,https://www.ptt.cc/bbs/Japan_Travel/M.1684535449.A.6B6.html,[食記]富山縣富山車站白蝦亭,2023-05-20 06:30:46,JimXpp,Japan_Travel,"店    名：白えび亭
用餐時間：2023年5月
地址：富山県富山市明輪町1-220 きときと市場 とやマルシェ 1F
交通：「富山」駅 徒步約1分
營業時間：11:00～14:00、16:00～20:00(週一～週五)｜11:00～20:00(週六、週日、祝日)
電話: 076-433-0355
最低消費：1790円

圖文好讀版:
https://jimxpplife.com/archives/4224
位於北陸地區的富山縣由於得天獨厚的地形與洋流氣候，使得富山灣的海洋資源非常豐富，一直是不少海鮮的代名詞，當地名產也多以海鮮食材為主。

「白えび亭」直譯為「白蝦亭」，是富山縣的知名海鮮餐廳，以當地盛產的白蝦與魚貨為招牌主打，廣受好評，甚至遠在東京車站都有其分店。

「白蝦亭」位於富山車站內的商店街，與有販售鱒魚壽司的伴手禮店鋪「寿々屋」相隔幾個櫃位而已，相當好找。

店面的一角設有外帶區，若沒有要內用的旅客，也可在此購買便當與伴手禮。

「白蝦亭」的點餐方式以常見的食券販賣機為主，門口有主要餐點的中、英、日文介紹，即使外語能力不佳亦可輕鬆點餐。

餐廳內環境整潔明亮，讓人感到相當舒適。

餐桌上擺放著調味料、餐具與飲用水，供用餐者自行取用。另外也放置著單品小菜的菜單，若有需求可以隨時加點。

桌面上也放置著一盒以海菜調配的薑片，供享用完炸物後可以去解口中的油膩，相當貼心。

富山スペシャル天丼 (特等天婦羅蓋飯) ★★★★☆
每一份餐點除了主餐之外，均有附一碗湯品與一片白蝦仙貝，雖不豐盛卻也不會過於單調。

「特等天婦羅蓋飯」的食材內容為鰤魚、白蝦與瑩魷，皆是富山縣的特產。

建議第一次來到「白蝦亭」用餐，可選擇此品項，一次享用不同風味。

鰤魚口感扎實有嚼勁，鮮美可口，酥脆的外皮與彈牙的肉質相互融合，口味令人讚賞。

瑩魷品質極佳，毫無腥氣，鹹香的海味與帶有醬香的麵衣一同融合，是份讓人印象深刻的好口味。

鮮香的白蝦是「白蝦亭」的主打品項。香脆的口感與軟嫩的肉質相互結合，令人意猶未盡。

帶點甜味的醬汁滲入米飯中，香氣十足，香醇不膩口，為整道丼飯起了畫龍點睛的作用。

隨餐附的湯品以海菜與柔軟綿密的豆丸子為主，口味清淡，去油解膩，相當適合做為此次用餐的收尾。

套餐所附的白蝦仙貝為富山當地伴手禮品牌「富山吟撰堂」所生產，清脆爽口，帶有淡淡的鮮香蝦味，滋味不錯。

「白蝦亭」不僅食材新鮮，品質良好，餐點的口味也有一定水準。且方便的交通位置與平易近人的價格也相當吸引人，若有來到富山縣，非常推薦來此品嚐。
-
Sent from JPTT on my iPhone
","[{""cmtStatus"": ""推"", ""cmtPoster"": ""puffycat"", ""cmtContent"": "":東京車站就有分店，不錯吃！"", ""cmtDate"": ""2023-05-20 11:46:00""}, {""cmtStatus"": ""噓"", ""cmtPoster"": ""burnsy0018"", ""cmtContent"": "":最低消費沒這麼高吧，明明就有比較便宜的品項"", ""cmtDate"": ""2023-05-20 15:33:00""}, {""cmtStatus"": ""推"", ""cmtPoster"": ""zxc70227"", ""cmtContent"": "":我覺得關鍵在醬汁"", ""cmtDate"": ""2023-05-21 00:17:00""}, {""cmtStatus"": ""推"", ""cmtPoster"": ""oliversu1211"", ""cmtContent"": "":白蝦丼飯也好吃，生白蝦有夠新鮮，讓人念念不忘，"", ""cmtDate"": ""2023-05-21 00:52:00""}, {""cmtStatus"": ""→"", ""cmtPoster"": ""oliversu1211"", ""cmtContent"": "":吃完還又單點了一份"", ""cmtDate"": ""2023-05-21 00:52:00""}, {""cmtStatus"": ""推"", ""cmtPoster"": ""ivymorita"", ""cmtContent"": "":疫情前去的排了半小時~白蝦刺身丼超好吃~~"", ""cmtDate"": ""2023-05-21 01:05:00""}, {""cmtStatus"": ""推"", ""cmtPoster"": ""impactwhite"", ""cmtContent"": "":白蝦刺身真的不錯螢烏賊就看各人口味"", ""cmtDate"": ""2023-05-21 01:50:00""}]",49.216.133.82,2023-05-21 02:06:12,ptt
156,https://www.ptt.cc/bbs/Japan_Travel/M.1684548619.A.13A.html,[問題]東京/千葉市到銚子的交通券,2023-05-20 10:10:17,skyning,Japan_Travel,"想去銚子逛一逛

可能住東京或千葉市

沒有打算買jr pass


查了一下銚子的交通券資訊都是很久以前

而且好像也是期間限定


請問現在到銚子有合適的交通券嗎?

(JR東京廣域周遊券除外)

謝謝

","[{""cmtStatus"": ""推"", ""cmtPoster"": ""TT"", ""cmtContent"": "":我記得幾乎沒有，只有銚子電鐵的套票了"", ""cmtDate"": ""2023-05-20 11:51:00""}, {""cmtStatus"": ""推"", ""cmtPoster"": ""pipifan"", ""cmtContent"": "":印象中沒有，去兩次都用廣域周遊券"", ""cmtDate"": ""2023-05-20 14:33:00""}, {""cmtStatus"": ""推"", ""cmtPoster"": ""s1an"", ""cmtContent"": "":去銚子一定要吃煎餅"", ""cmtDate"": ""2023-05-20 14:44:00""}, {""cmtStatus"": ""推"", ""cmtPoster"": ""Horn5201"", ""cmtContent"": "":醬油煎餅好吃"", ""cmtDate"": ""2023-05-20 18:41:00""}, {""cmtStatus"": ""→"", ""cmtPoster"": ""Horn5201"", ""cmtContent"": "":suzume海產很新鮮也好吃不可錯過"", ""cmtDate"": ""2023-05-20 18:43:00""}, {""cmtStatus"": ""→"", ""cmtPoster"": ""kalmia"", ""cmtContent"": "":直接搭潮騷特急了從千葉出發單程2470而已"", ""cmtDate"": ""2023-05-20 21:15:00""}, {""cmtStatus"": ""推"", ""cmtPoster"": ""tcypost"", ""cmtContent"": "":我記得銚子電鐵一日券好像780~前幾天有看到介紹"", ""cmtDate"": ""2023-05-20 22:12:00""}, {""cmtStatus"": ""→"", ""cmtPoster"": ""tcypost"", ""cmtContent"": "":然後要跟車長直接買，總之去體驗日本最窮電鐵"", ""cmtDate"": ""2023-05-20 22:12:00""}]",101.12.28.148,2023-05-21 02:06:14,ptt
157,https://www.ptt.cc/bbs/Japan_Travel/M.1684568147.A.946.html,[問題]日本敬老日~秋分間的人潮狀況,2023-05-20 15:35:44,sublimate,Japan_Travel,"１． 出遊日期： 九月中至底

各位好 因為假期安排在九月想去東京走走
剛好上網查訊下這時候有日本的敬老日連假
又看到有資訊寫連著下一周末是秋分  可能是日本人出遊的一周

想知道之前有人這段時間去日本的狀況及人潮如何?
是不是訂飯店也特別貴

感謝
","[{""cmtStatus"": ""噓"", ""cmtPoster"": ""Alano"", ""cmtContent"": "":又一個要問天的"", ""cmtDate"": ""2023-05-20 15:49:00""}, {""cmtStatus"": ""推"", ""cmtPoster"": ""honmayan"", ""cmtContent"": "":原po雖然是想估計未來狀況,但問的是過去的經驗,"", ""cmtDate"": ""2023-05-20 16:21:00""}, {""cmtStatus"": ""→"", ""cmtPoster"": ""honmayan"", ""cmtContent"": "":這樣也要被說問天,邏輯是不是怪怪的?"", ""cmtDate"": ""2023-05-20 16:21:00""}, {""cmtStatus"": ""推"", ""cmtPoster"": ""stacysha"", ""cmtContent"": "":飯店價格可以自己查看看有沒有比較貴呀"", ""cmtDate"": ""2023-05-20 16:26:00""}, {""cmtStatus"": ""推"", ""cmtPoster"": ""tm0987"", ""cmtContent"": "":九月已經可以訂看看囉"", ""cmtDate"": ""2023-05-20 17:13:00""}, {""cmtStatus"": ""→"", ""cmtPoster"": ""sublimate"", ""cmtContent"": "":飯店會再確認。謝謝"", ""cmtDate"": ""2023-05-20 18:08:00""}, {""cmtStatus"": ""→"", ""cmtPoster"": ""sublimate"", ""cmtContent"": "":但沒聽過這連假，想知道過往經驗"", ""cmtDate"": ""2023-05-20 18:09:00""}, {""cmtStatus"": ""→"", ""cmtPoster"": ""borriss"", ""cmtContent"": "":三連休會把本來便宜的周日周一變成只有周一便宜(X"", ""cmtDate"": ""2023-05-20 18:13:00""}, {""cmtStatus"": ""推"", ""cmtPoster"": ""yanagiharuna"", ""cmtContent"": "":九月第三個星期一是敬老日另外再加上秋分是21、22"", ""cmtDate"": ""2023-05-20 18:13:00""}, {""cmtStatus"": ""→"", ""cmtPoster"": ""yanagiharuna"", ""cmtContent"": "":、23（看當年的日曆）有可能會一週之內有兩個國定"", ""cmtDate"": ""2023-05-20 18:13:00""}, {""cmtStatus"": ""→"", ""cmtPoster"": ""yanagiharuna"", ""cmtContent"": "":假日因此當周出去玩的人確實比較多"", ""cmtDate"": ""2023-05-20 18:13:00""}, {""cmtStatus"": ""→"", ""cmtPoster"": ""borriss"", ""cmtContent"": "":人要少就是下雨(O"", ""cmtDate"": ""2023-05-20 18:14:00""}, {""cmtStatus"": ""→"", ""cmtPoster"": ""yanagiharuna"", ""cmtContent"": "":另外如果秋分日剛好在週三當周的週一一定是敬老日"", ""cmtDate"": ""2023-05-20 18:15:00""}, {""cmtStatus"": ""→"", ""cmtPoster"": ""yanagiharuna"", ""cmtContent"": "":中間的週二根據日本法律就會放假但下次有這麼爽"", ""cmtDate"": ""2023-05-20 18:15:00""}, {""cmtStatus"": ""→"", ""cmtPoster"": ""yanagiharuna"", ""cmtContent"": "":的事情是2026年總之無論休兩天或休三天這週在日"", ""cmtDate"": ""2023-05-20 18:15:00""}, {""cmtStatus"": ""→"", ""cmtPoster"": ""yanagiharuna"", ""cmtContent"": "":本稱為Sliverweek是相對於Goldenweek的說法"", ""cmtDate"": ""2023-05-20 18:15:00""}, {""cmtStatus"": ""推"", ""cmtPoster"": ""laaa0912"", ""cmtContent"": "":東京住宿地方多應該還好，我三月訂九月中仙台的住"", ""cmtDate"": ""2023-05-20 19:38:00""}, {""cmtStatus"": ""→"", ""cmtPoster"": ""laaa0912"", ""cmtContent"": "":宿就快要沒房了"", ""cmtDate"": ""2023-05-20 19:38:00""}, {""cmtStatus"": ""推"", ""cmtPoster"": ""x24627785"", ""cmtContent"": "":放心，日本人沒有這麼喜歡去東京玩，倒是東京人會在"", ""cmtDate"": ""2023-05-20 21:00:00""}, {""cmtStatus"": ""→"", ""cmtPoster"": ""x24627785"", ""cmtContent"": "":各地四處流竄"", ""cmtDate"": ""2023-05-20 21:00:00""}, {""cmtStatus"": ""推"", ""cmtPoster"": ""puffycat"", ""cmtContent"": "":參考剛剛結束的黃金週盛況就知道了！"", ""cmtDate"": ""2023-05-20 23:13:00""}, {""cmtStatus"": ""→"", ""cmtPoster"": ""mayegg"", ""cmtContent"": "":今年是9/16~18三連休，逛市區差別不大，如果要去郊"", ""cmtDate"": ""2023-05-21 01:23:00""}, {""cmtStatus"": ""→"", ""cmtPoster"": ""mayegg"", ""cmtContent"": "":區熱門觀光景點或遊樂園最好避開這幾天"", ""cmtDate"": ""2023-05-21 01:23:00""}, {""cmtStatus"": ""→"", ""cmtPoster"": ""mayegg"", ""cmtContent"": "":秋分9/23週六，今年就是普通的週休二日"", ""cmtDate"": ""2023-05-21 01:26:00""}]",1.169.141.202,2023-05-21 02:06:14,ptt
158,https://www.ptt.cc/bbs/Japan_Travel/M.1684574637.A.76F.html,[讓售]東京地鐵通票72小時兩張,2023-05-20 17:23:55,tmlin,Japan_Travel,"1. 讓售品項：

    東京地鐵通票72小時 兩張 不單售

2. 物品圖片：
https://i.imgur.com/EWCXphK.jpg
3. 此物品由您買入的價格（讓售只能小於或等於此金額）：

     348元/張

4. 欲售價格： 兩張685含運 掛號寄出

5. 交易方式： 匯款郵寄

6. 聯絡方式： 站內信
","[{""cmtStatus"": ""推"", ""cmtPoster"": ""zonhuanlul"", ""cmtContent"": "":已站內"", ""cmtDate"": ""2023-05-20 22:38:00""}]",106.64.131.0,2023-05-21 02:06:14,ptt
159,https://www.ptt.cc/bbs/Japan_Travel/M.1684580169.A.0DC.html,[贈送]esim5GB/7Days,2023-05-20 18:56:07,sunnyer,Japan_Travel,"贈送內容: 淘寶日本esim上網卡 5GB/7日

  四月份去名古屋時買了淘寶上網卡，
  結果因為在台灣就先載入到手機，
  一到日本卻因為APN設定為中華電信APN而無法上網
  因而又買了一張，後來不知道怎麼試的，APN又變正常
  所以新買的就沒有使用，所以讓給需要的網友

  因為沒有客服可以解決使用上的問題
  希望領取的人: 有使用過esim的經驗
                拿這張上網卡當作備案
                並建議已經在日本當地再載入

　這張上網卡今年在東京，仙台，山形，越後湯澤，
  名古屋，高山，黑部立山，上高地都可正常(line，查資料)使用，
  在苗場王子和上高地AIS Sim2Fly發生斷線情形還是靠這張卡救援
  所以歡迎領取的人回報使用情形，以作為下次參考，謝謝

  贈送方式：自取 / 如果可以請告知使用情形
https://i.imgur.com/3PM3lZR.jpg","[{""cmtStatus"": ""推"", ""cmtPoster"": ""espritch"", ""cmtContent"": "":謝謝，已使用"", ""cmtDate"": ""2023-05-20 19:05:00""}]",111.251.200.53,2023-05-21 02:06:14,ptt
160,https://www.ptt.cc/bbs/Japan_Travel/M.1684585791.A.85C.html,[問題]超過jrpass東京廣域周遊券範圍預約,2023-05-20 20:29:49,keas1603,Japan_Travel,"目前已買Klook的東京廣域周遊券，
原訂是去輕井澤2天、富士山1天，
但輕井澤去程遇到問題想請教版上的大大們！

去程計畫從東京車站搭新幹線到長野站，
Pass的範圍只有到佐久平站，
剩下打算補差額2860円到長野。

這樣的情況要怎麼預約指定席比較好？

1.
線上用pass預約只能預約東京車站到佐久平，超過的部分線上另外買？
但這樣是不是就不能訂東京車站直達長野的車次？

2.
如果想訂東京車站直達長野（中間不停）的班次，要怎麼買？

3.
還是只買東京車站到佐久平，剩下繼續搭（會有位置嗎？），到長野站再補差額。但這樣
又回到問題1沒辦法訂直達了對嗎...

還是有別的更好的方法呢@@

Ps有思考過改買JR東日本鐵路周遊券（長野、新潟地區），但算下來對我來說沒有比較划
算，所以作罷。
","[{""cmtStatus"": ""推"", ""cmtPoster"": ""ckfh101"", ""cmtContent"": "":拿Pass搭乘自由座，到長野再持Pass補票"", ""cmtDate"": ""2023-05-20 20:29:49""}, {""cmtStatus"": ""→"", ""cmtPoster"": ""ckfh101"", ""cmtContent"": "":或者用Pass劃東京佐久平指定席，再另外購買佐久平長"", ""cmtDate"": ""2023-05-20 20:29:49""}, {""cmtStatus"": ""→"", ""cmtPoster"": ""ckfh101"", ""cmtContent"": "":野指定席"", ""cmtDate"": ""2023-05-20 20:29:49""}, {""cmtStatus"": ""推"", ""cmtPoster"": ""x24627785"", ""cmtContent"": "":2的中間不停是你不下車，還是要車不停？後者的話那"", ""cmtDate"": ""2023-05-20 20:29:49""}, {""cmtStatus"": ""→"", ""cmtPoster"": ""x24627785"", ""cmtContent"": "":沒有，因為絕對會停大宮"", ""cmtDate"": ""2023-05-20 20:29:49""}, {""cmtStatus"": ""→"", ""cmtPoster"": ""nibarity"", ""cmtContent"": "":直達車要是從大宮開始補~~~呵"", ""cmtDate"": ""2023-05-20 20:29:49""}, {""cmtStatus"": ""推"", ""cmtPoster"": ""yumyun"", ""cmtContent"": "":かがやき全車指定"", ""cmtDate"": ""2023-05-20 20:29:49""}, {""cmtStatus"": ""→"", ""cmtPoster"": ""nibarity"", ""cmtContent"": "":就不要搭かがやき~"", ""cmtDate"": ""2023-05-20 20:29:49""}, {""cmtStatus"": ""推"", ""cmtPoster"": ""cka"", ""cmtContent"": "":與其這樣怎麼不加錢買可以包含的版本"", ""cmtDate"": ""2023-05-20 20:29:49""}, {""cmtStatus"": ""→"", ""cmtPoster"": ""cka"", ""cmtContent"": "":有坐新幹線都划算啊"", ""cmtDate"": ""2023-05-20 23:42:00""}, {""cmtStatus"": ""推"", ""cmtPoster"": ""oliversu1211"", ""cmtContent"": "":建議直接在機場找窗口操作比起容易，我剛從日本回"", ""cmtDate"": ""2023-05-20 20:29:49""}, {""cmtStatus"": ""→"", ""cmtPoster"": ""oliversu1211"", ""cmtContent"": "":來，我買的是JR關西+北陸，因為要從長野上黑部立山"", ""cmtDate"": ""2023-05-20 20:29:49""}, {""cmtStatus"": ""→"", ""cmtPoster"": ""oliversu1211"", ""cmtContent"": "":，前一晚住在富山的關係，所以要搭富山到長野的直"", ""cmtDate"": ""2023-05-20 20:29:49""}, {""cmtStatus"": ""→"", ""cmtPoster"": ""oliversu1211"", ""cmtContent"": "":達全車指定席新幹線，但我的pass只能搭到上越妙高"", ""cmtDate"": ""2023-05-20 20:29:49""}, {""cmtStatus"": ""→"", ""cmtPoster"": ""oliversu1211"", ""cmtContent"": "":，窗口最後是讓我補上越到長野的乘車費+富山到長野"", ""cmtDate"": ""2023-05-21 00:40:00""}, {""cmtStatus"": ""→"", ""cmtPoster"": ""oliversu1211"", ""cmtContent"": "":的指定席費用"", ""cmtDate"": ""2023-05-21 00:40:00""}, {""cmtStatus"": ""→"", ""cmtPoster"": ""oliversu1211"", ""cmtContent"": "":我本來以為可以用我pass的一次指定席，指定富山到"", ""cmtDate"": ""2023-05-21 00:44:00""}, {""cmtStatus"": ""→"", ""cmtPoster"": ""oliversu1211"", ""cmtContent"": "":上越妙高，這樣就只要補上越妙高到長野這段的乘車"", ""cmtDate"": ""2023-05-21 00:44:00""}, {""cmtStatus"": ""→"", ""cmtPoster"": ""oliversu1211"", ""cmtContent"": "":費+指定席費，但窗口說我這張pass要搭那班本來就要"", ""cmtDate"": ""2023-05-21 00:44:00""}, {""cmtStatus"": ""→"", ""cmtPoster"": ""oliversu1211"", ""cmtContent"": "":加錢，雖然我再官網看是沒有說要加錢，但算一算只"", ""cmtDate"": ""2023-05-21 00:44:00""}, {""cmtStatus"": ""→"", ""cmtPoster"": ""oliversu1211"", ""cmtContent"": "":多付400台幣左右，加上時間因素就沒跟窗口繼續溝通"", ""cmtDate"": ""2023-05-21 00:44:00""}, {""cmtStatus"": ""→"", ""cmtPoster"": ""oliversu1211"", ""cmtContent"": "":了"", ""cmtDate"": ""2023-05-20 20:29:49""}]",125.228.139.97,2023-05-21 02:06:14,ptt
161,https://www.ptt.cc/bbs/Japan_Travel/M.1684587763.A.BE8.html,[問題]迪士尼好夥伴飯店購買迪士尼門票,2023-05-20 21:02:41,skw15,Japan_Travel,"各位大大好

我跟家人將在5/25~5/30去日本東京旅遊

頭幾天會住在東京灣東方酒店 (迪士尼合作飯店)

看網站是以前可以在櫃台買迪士尼門票

想請問一下，現在仍否還可以在櫃台購買?


還是說

目前管道只剩下官網/KKday那些 ?



","[{""cmtStatus"": ""→"", ""cmtPoster"": ""leejones"", ""cmtContent"": "":住宿遊客可直接在飯店內購買東京迪士尼樂園、東京迪"", ""cmtDate"": ""2023-05-20 21:14:00""}, {""cmtStatus"": ""→"", ""cmtPoster"": ""leejones"", ""cmtContent"": "":士尼海洋的園區票券。"", ""cmtDate"": ""2023-05-20 21:14:00""}, {""cmtStatus"": ""推"", ""cmtPoster"": ""mayegg"", ""cmtContent"": "":樓上網頁有寫：門票販售的最新資訊，要跟各飯店洽"", ""cmtDate"": ""2023-05-21 00:56:00""}, {""cmtStatus"": ""→"", ""cmtPoster"": ""mayegg"", ""cmtContent"": "":詢"", ""cmtDate"": ""2023-05-21 00:56:00""}, {""cmtStatus"": ""→"", ""cmtPoster"": ""mayegg"", ""cmtContent"": "":東京灣東方飯店官網：目前好夥伴飯店沒有直接販售"", ""cmtDate"": ""2023-05-21 01:06:00""}, {""cmtStatus"": ""→"", ""cmtPoster"": ""mayegg"", ""cmtContent"": "":門票"", ""cmtDate"": ""2023-05-21 01:06:00""}, {""cmtStatus"": ""→"", ""cmtPoster"": ""mayegg"", ""cmtContent"": "":如果想在飯店買門票，需要預訂「含門票購買權利」"", ""cmtDate"": ""2023-05-21 01:07:00""}, {""cmtStatus"": ""→"", ""cmtPoster"": ""mayegg"", ""cmtContent"": "":的住宿方案"", ""cmtDate"": ""2023-05-21 01:07:00""}]",36.227.196.88,2023-05-21 02:06:14,ptt
162,https://www.ptt.cc/bbs/Japan_Travel/M.1684597696.A.908.html,[遊記]JRPASS34日簡略心得,2023-05-20 23:48:08,HTM,Japan_Travel,"造訪日期：2023/4/4-5/7

在日本時看到K大的分享，就想著回來後也應該寫看看，拍照功力不是很夠，請大家見
諒。
從決定了從上一間公司離職的日期後，就決定要回日本一段時間，這次機票是用長榮里程
，五萬哩的商務艙外站四段票，不過就講中間的日本就好，4/4關西進、5/7成田出。
交通方式主要為JR，所以購買了三張，分別是關西廣島周遊券、全日本21日和7日。

以下為簡略紀錄:

Day 1 4/4

桃園機場-關西機場-新大阪-廣島-岩國-廣島
路過原爆屋頂、廣島城，主要逛錦帶橋周圍
步數:16471
https://imgur.com/swTr8qM
https://imgur.com/8OlPEF0
Day 2 4/5

廣島-宮島-尾道-福山-岡山-廣島
一早宮島，下午去尾道，晚上福山城夜櫻
步數:22152
https://imgur.com/PzMCP1Q
https://imgur.com/34WJvXr
Day 3 4/6

廣島-姬路-城崎溫泉
早上姬路城，下午到城崎溫泉外湯巡禮
步數:14252
https://imgur.com/o9LciRe
https://imgur.com/6nqTRx3
Day 4 4/7

城崎溫泉-長濱
早上繼續外湯巡禮，因為下整天的雨，只好到飯店耍廢
步數:6753
https://imgur.com/ZDqciiP
Day 5 4/8

長濱-米原-敦賀-京都-米原
一早逛長濱城和商店街，然後去敦賀看看金崎宮，接著去京都逛街
步數:26641
https://imgur.com/cVxjWB2
https://imgur.com/XxQoz8G
https://imgur.com/5pNvGqG
Day 6 4/9

米原-山形-赤湯-山形-錦系町
開始用21日Pass，山形正滿開，一早直衝山形、赤湯賞櫻，大滿足!
步數:16821
https://imgur.com/Oh1RAZH
https://imgur.com/aTRzAqU
Day 7 4/10

錦系町-仙台-盛岡-仙台
盛岡城蹟公園花況也不錯，石割櫻有點掉了
步數:16188
https://imgur.com/9XWKoO1
Day 8 4/11

仙台-北上-仙台
北上展勝地正開始櫻吹雪，是最好的時機!
步數:16879
https://imgur.com/7rTahqD
Day 9 4/12

仙台-日光-川治湯元
日光稍微比平地晚開，這時候還有櫻花可以看
步數:11073
https://imgur.com/JhYK4Je
Day 10 4/13

川治湯元-宇都宮-東京-大宮
回東京的路上順便遊覽一下鬼怒川溫泉地區
步數:19370
https://imgur.com/ozoHD9g
Day 11 4/14

大宮-上野-八戶
移動日，轉往北東北賞櫻
步數:14575

Day 12 4/15

八戶-七戶十和田-十和田美術館-七戶十和田-八戶
十和田美術館的大眾交通時間要抓好，班次不多
步數:9800
https://imgur.com/FzYsJli
Day 13 4/16

八戶-川桁(觀音寺川)-喜多方-八戶
看情報說觀音寺川櫻花滿開，加上想賭看看喜多川垂支櫻還有沒有，就衝了!
步數:15062
https://imgur.com/t8R105L
https://imgur.com/icDltim
Day 14 4/17

八戶-蘆野公園-五所川原-弘前-八戶
一次到訪兩個櫻花百選
步數:15315
https://imgur.com/uWrmHCO
https://imgur.com/oLZhlZU
Day 15 4/18

八戶-秋田-八郎潟-秋田
千秋公園沒花了，只好衝個有點偏遠的八郎潟，錯過公車走了好久
步數:26002
https://imgur.com/L0i0hpk
https://imgur.com/ZF4nCLy
Day 16 4/19

秋田-雫石-小岩井農場-盛岡-角館-秋田
這天就補情報中還有花的點，角館就還有時間順便看看
步數:20855
https://imgur.com/ysrlDvM
https://imgur.com/2IiTs31
Day 17 4/20

秋田-五稜郭-札幌
五稜郭滿開真的很壯觀
步數:19622
https://imgur.com/wC1uO3c
Day 18 4/21

札幌-圓山公園-中島公園-札幌
沒賭對，札幌雖然已經開花了，但還不多
步數:18496
https://imgur.com/gpSMfGc
Day 19 4/22

札幌-名古屋-天王川公園-名古屋
鐵路迷經典行程的一半，札幌到名古屋也是夠久了，櫻花季結束，換藤花
步數:10181
https://imgur.com/toCP2Fz
Day 20 4/23

名古屋-新大阪-奈良-京都-名古屋
買球拍和去春日大社買藤花御守
步數:22307
https://imgur.com/g6v3EJo
Day 21 4/24

名古屋-勝田-上野-足立花卉公園-東京-松江
一日衝日立海濱國營公園和足利花卉公園，晚上搭Sunrise去松江
步數:11571
https://imgur.com/LHVxWUM
https://imgur.com/9Q4Jlxi
Day 22 4/25

松江-岡山-湯田溫泉
主要去八重垣神社和松江城
步數:10815
https://imgur.com/XI6DVTG
https://imgur.com/Lzwayha
Day 23 4/26

湯田溫泉-武雄溫泉-長崎-鹿兒島中央
武雄神社、圖書館
步數:11764
https://imgur.com/cfvHcqy
Day 24 4/27

鹿兒島中央-霧島神宮-黑崎
霧島神宮一日遊
步數:14732
https://imgur.com/1UOHoid
Day 25 4/28

黑崎-八幡-河內藤園-黑崎-山口
河內藤園真的很不錯，一早去下午也還有時間，去山口看整修中的五重塔
步數:19758
https://imgur.com/gciCazE
https://imgur.com/GYbJSC8
https://imgur.com/PnJroVy
Day 26 4/29

湯田溫泉-新下關-東荻-新下關-高松-東京
搭觀光列車來回東荻，之後到高松接surise回東京
步數:8127
https://imgur.com/VFyp69N
https://imgur.com/D3K7MPu
Day 27 4/30

東京-土合-新潟-名古屋
很久以前就想去土合站了，剛好有空就跑來了，班次不多，要抓好時間
還要先上廁所，不然爬上去剪票口要10分鐘
步數:19044
https://imgur.com/DLqLKdK
Day 28 5/1

名古屋-伊勢市-名古屋
伊勢神宮一日遊，坐在溪旁真的很愜意
步數:9866
https://imgur.com/ezEatRt
Day 29 5/2

名古屋-七尾-和倉溫泉-名古屋
主要是搭花嫁暖簾列車，還有花嫁暖簾博物館
步數:8621
https://imgur.com/2gDkaOG
Day 30 5/3

名古屋-富士宮-三島-小田原-澀谷-名古屋
先去世界遺產中心，後面三島、小田原人都超多，快閃後到東京逛街
步數:19487
https://imgur.com/K3TV7Yn
https://imgur.com/HlKNnwe
Day 31 5/4

名古屋-鎌倉-名古屋
聽說江之島快沉了，真的不誇張的人潮
步數:19602
https://imgur.com/hhpm6EZ
Day 32 5/5

名古屋-東京-名古屋
阿佐谷神宮和""你的名字""、""鈴芽之旅""聖地巡禮
步數:16935
https://imgur.com/4wDOhKg
https://imgur.com/aLgMxkQ
Day 33 5/6

名古屋-成田-東京-成田
先去成田放行李，再回東京做最後大採購，BIC的GW折扣太可怕了，搬了兩台電鍋
中間還能去拍玫瑰東京鐵塔
步數:17181
https://imgur.com/fPbAefx
Day 34 5/7

成田-成田機場-TPE
準備回台灣，NRT的免稅店很好逛
步數:8788
https://imgur.com/3goQSjw
這趟的計畫因為花期的不穩定而一直變動，還好是買全國版的，可以增加很多彈性
也能想去哪就去哪(只要不是太遠)，不管怎麼說，真的很滿足!
","[{""cmtStatus"": ""推"", ""cmtPoster"": ""nibarity"", ""cmtContent"": "":沒錯~土合站地下月台的廁所封起來了"", ""cmtDate"": ""2023-05-20 23:52:00""}, {""cmtStatus"": ""推"", ""cmtPoster"": ""cyminum"", ""cmtContent"": "":照片很美，然後你體能也太強"", ""cmtDate"": ""2023-05-21 00:58:00""}]",218.172.44.214,2023-05-21 02:06:18,ptt
