system_id,artTitle,artDate,artCatagory,artSecondCatagory,artUrl,artContent,dataSource
1,經典賽／熱身賽9連勝 中華「黃金二游」成形,2023-03-06 00:26:00,運動,,https://udn.com/news/story/10785/7011119,距離世界棒球經典賽開打愈來愈近，最後「熱車」的官辦熱身賽昨揭開序幕，中華隊的隊形逐漸明朗，22歲江坤宇、21歲鄭宗哲共組「黃金二游」，2人搭配上默契也沒問題，鄭宗哲大讚江坤宇「守備很好」，江坤宇則從他身上學習美職經驗。中華隊在官辦熱身賽首戰狂轟猛炸，靠著全場13支打3包括發全壘打以13：9擊敗中信兄弟，取得熱身賽9連勝。經典賽分組賽4地開打，中華隊的A組於8日在台中率先開戰，5隊昨齊聚中台灣展開官辦熱身賽，洲際球場安排2場賽事，富邦悍將隊以2：1擊敗荷蘭隊，中華隊晚間出戰中信兄弟隊。正式開戰倒數計時，中華隊二游幾乎底定由新生代的江坤宇、鄭宗哲聯手扛起，中心棒次則是林子偉、張育成的大聯盟級火力串聯。鄭宗哲為最早向中華隊報到的旅外選手，一直維持在比賽狀態的好手感，也從熱身賽一開始就展現，與江坤宇守位重疊，勢必要為他找出位置。「他很厲害。」鄭宗哲談到江坤宇給出評語，「他守備真的很穩，也想從他身上學習這些東西，讓未來棒球路更不一樣。」江坤宇也認為2人搭配感覺不錯，還曾聽鄭宗哲分享，球星卡諾如何面對失誤，「他失誤後會用一個手勢，做完後就是新的開始，把前面的忘掉。」,UDN
2,經典賽／李維拉真的來了！曾聽王建民說台灣很美、想親自感受,2023-03-06 09:52:00,運動,,https://udn.com/news/story/10785/7011478,世界棒球經典賽（WBC）A組預賽開幕戰開球嘉賓、美國職業棒球大聯盟（MLB）救援王李維拉今天清晨搭機抵台，他說，曾聽前隊友王建民說台灣很美，很高興能造訪與親自感受。A組預賽8日在台中洲際棒球場開打，中華隊首戰巴拿馬隊，主辦單位邀MLB史上最多652次救援成功的紐約洋基隊退役投手李維拉（Mariano Rivera）擔任開幕戰開球嘉賓。李維拉清晨5時55分抵達桃園國際機場，地勤人員在登機門手舉各式歡迎牌，歡迎「最強守護神」訪台，並開心合影留念。李維拉接受媒體聯訪表示，和王建民在洋基時就常談論台灣是美麗的地方，他此行也希望看看寺廟、人文等風貌，親自體驗台灣。至於開幕戰中華隊與巴拿馬對戰，成長於巴拿馬的李維拉說，這將是場精彩激烈的競爭。大批球迷一早守候在入境大廳迎接李維拉，當李維拉一走進入境大廳，尖叫聲此起彼落，李維拉也熱情為球迷們簽名；蕭姓球迷前一天則是先買機票飛到香港再於昨天返台，接著在機場管制區內等8小時，就只為一睹偶像風采及獲得簽名球，然後再搭車到台北市上班。李維拉是史上首名全票入選美國國家棒球名人堂的球員。台中洲際即將迎接MLB名人堂球星李維拉。圖／悍創運動行銷,UDN
3,經典賽／李維拉來了！看A組情勢許願巴拿馬、台灣雙贏,2023-03-06 09:58:00,運動,,https://udn.com/news/story/10785/7011506,大聯盟傳奇守護神李維拉（Mariano Rivera）今天凌晨抵達台灣，面對大批球迷接機展現親和力，談到世界棒球經典賽A組情勢，李維拉表示，如果巴拿馬和中華隊可以一起晉級是最棒的。經典賽A組將於8日在台灣開打，中華隊以地主身分參賽，依序面對來自巴拿馬、義大利、荷蘭、古巴隊的挑戰，賽事承辦單位悍創運動行銷邀請出身巴拿馬的傳奇球星李維拉，為中華隊與巴拿馬隊之戰擔任開球嘉賓，掀起台灣球迷期待，他也在今天凌晨抵達台灣。李維拉表示，很榮幸可以來到台灣，「雖然是第一次來，卻感覺以前就來過，因為我曾與王建民當過好幾年的隊友，聊過台灣有多美，現在終於可以感受到。」在台灣的這段時間，李維拉表示想去參觀寺廟，看看台灣風土民情。巴拿馬過去參與兩屆經典賽，勝場還未開胡、累積0勝5敗，本屆通過資格賽闖關，首場比賽就要在8日對上中華隊。李維拉被問到A組的競爭，他表示，一定會有很棒的比賽，「最希望的是巴拿馬和台灣兩支球隊可以一起晉級。」大聯盟傳奇守護神李維拉（Mariano Rivera）今天凌晨抵達台灣，面對大批球迷接機展現親和力。圖／悍創運動行銷提供大聯盟傳奇守護神李維拉（Mariano Rivera）今天凌晨抵達台灣，面對大批球迷接機展現親和力。圖／悍創運動行銷提供,UDN
4,影／洋基傳奇守護神李維拉今晨抵台 大批球迷熱情接機,2023-03-06 10:12:00,運動,,https://udn.com/news/story/10785/7011533,「2023世界棒球經典賽（WBC）」A組預賽將於3月8日在台中洲際棒球場登場，中華隊在這屆賽事與古巴、荷蘭、義大利、巴拿馬等隊同屬A組，力拚分組前兩名，以取得東京複賽門票為首要目標。主辦單位邀請大聯盟名人堂傳奇球星，洋基守護神李維拉（Mariano Rivera）擔任經典賽開幕嘉賓，為比賽開球。李維拉今天清晨搭乘長榮航空BR-31班機於5時55分抵達桃園國際機場，長榮航空地勤也特別在登機門高舉手牌，並高喊「We Love You Mo」歡迎「最強守護神」李維拉來台，李維拉除了與地勤人員合影留念，也親切地在歡迎手牌上簽名留念。一名蕭姓球迷為一睹偶像風采，不惜先飛到香港再回到桃園國際機場管制區內等候，他說雖然等了幾個小時但很值得，因為如願拿到簽名球。入選大聯盟名人堂的傳奇球星蒞臨台灣，不少球迷一早就在入境大廳等候，當李維拉步出管制區後，球迷的尖叫聲此起彼落，李維拉也熱情地為球迷們簽名，甚至還向球迷說「後面的人把東西往前傳，我會幫你們簽」。李維拉受訪時表示，這是他第一次來到台灣，感到十分高興，多年前和王建民在洋基隊時就常常談論到台灣是個美麗的地方，這次希望能夠看看台灣的寺廟、城市美麗的風景及人民，利用機會好好體驗。記者詢問對於A組預賽的看法，李維拉說，這將是一場精采的比賽，他身為巴拿馬人且受邀來台灣，希望大家都能做到最好，無論哪一隊獲勝都是一場精采的比賽。李維拉入境後與牆上的「臺灣桃園國際機場」文字合照。記者黃仲明／攝影李維拉今晨搭乘長榮航空BR-31班機於5時55分抵達桃園國際機場，長榮航空地勤也特別在登機門高舉手牌歡迎李維拉來台。記者黃仲明／攝影李維拉熱情地為球迷們簽名，甚至還向球迷說「後面的人把東西往前傳，我會幫你們簽」。記者黃仲明／攝影李維拉受訪時表示，以前常和王建民討論台灣的事物，這次會好好欣賞台灣的美。記者黃仲明／攝影,UDN
5,經典賽／大谷翔平的初體驗 瞄準日本第3冠,2023-03-06 12:15:00,運動,,https://udn.com/news/story/10785/7011804,日本「二刀流」棒球好手大谷翔平一圓參加經典賽美夢，他霸氣表示要將一身技藝展獻給球迷，目標更是直指日本在經典賽的第3冠。法新社報導，第5屆世界棒球經典賽即將開打，陣容星光閃閃的衛冕軍美國來勢洶洶，但曾在經典賽2連霸的日本在大谷翔平領銜下，也要搶隊史第3座經典賽冠軍。日本在2006年拿下第1屆經典賽冠軍，2009年衛冕成功，這次有萬眾矚目的大谷翔平加入，目標直指隊史第3冠。效力美國職棒大聯盟MLB洛杉磯天使的大谷翔平，是2021年美國聯盟（AL）的年度最有價值球員（MVP），身為首輪地主國之一的日本，將在東京巨蛋（Tokyo Dome）率日本從B組賽事晉級。大谷翔平表示，在2006年看了經典賽，讓當時只是球迷身份的他就此把參加經典賽當作夢想。大谷今年稍早時說：「光是看日本最強的選手一起打球，並和全球最強的球隊對抗，就讓人非常興奮。而現身為日本隊一員，我想拿出自己全部的本事。」本屆經典賽首輪，跟日本同在B組者還有韓國、澳洲、中國、捷克。大谷本賽季結束後可望簽下破紀錄肥約，這次經典賽是他闊別5年多後再度於日本的球場出賽。28歲的大谷翔平原本有機會在2017年上屆的經典賽就代表日本出賽，但最後因腳踝傷勢被迫退出。,UDN
6,經典賽／古巴戰兄弟端「完全體」打線 投手也是大聯盟級,2023-03-06 11:58:00,運動,,https://udn.com/news/story/10785/7011818,世界棒球經典賽官辦熱身賽進入第二天，古巴隊今天移師洲際棒球場，面對中信兄弟隊的打線，4名大聯盟野手都排上場，先發投手伊萊斯（Roenis Elias）也具有大聯盟資歷。古巴隊打線前三棒伊巴尼茲（Andy Ibanez）、孟卡達（Yoan Moncada）、羅伯特（Luis Robert）去年都有在大聯盟出賽，第五棒塞佩達斯（Yoenis Cespedes） 生涯在大聯盟8年累積165轟，有著「古巴飛彈」的名號。先發投手伊萊斯在大聯盟也有7年投球經驗，前兩年以先發為主，但後續轉牛棚，去年在水手隊登板7場，防禦率3.52。1棒 伊巴尼茲（Andy Ibanez） 二壘手2棒 孟卡達（Yoan Moncada） 三壘手3棒 羅伯特（Luis Robert） 中外野手4棒 迪斯派（Alfredo Despaigne） 指定打擊5棒 塞佩達斯（Yoenis Cespedes） 左外野手6棒 昆塔納（Lorenzo Quintana） 捕手7棒 阿魯巴耶納（Erisbel Arruebarrena） 游擊手8棒 達克（Yadir Drake）三壘手9棒 桑托斯（Roel Santos） 右外野手先發投手：伊萊斯（Roenis Elias）1棒 宋晟睿 中外野手2棒 張仁瑋 游擊手3棒 林書逸 一壘手4棒 陳子豪 指定打擊5棒 陳文杰 左外野手6棒 王政順 三壘手7棒 岳東華 二壘手8棒 福來喜 捕手9棒 岳政華 右外野手投手 鄭浩均,UDN
7,經典賽／對戰古巴先問「軟銀那個有丟嗎？」助總：想看一下,2023-03-06 12:02:00,運動,,https://udn.com/news/story/10785/7011834,世界棒球經典賽官辦熱身賽今天進入第二天，中信兄弟隊出戰「紅色閃電」古巴隊，總教練林威助賽前好奇問起：「昨天軟銀隊那個有丟嗎？」得知莫伊尼洛（Livan Moinelo）已登板小失望。古巴作為預賽A組最被看好的球隊，大聯盟選手陸續報到後，昨天以完整體出賽，以4：5輸給樂天桃猿隊，莫伊尼洛最後一局登板，僅用9球演出三上三下，先是連續K掉林承飛、黃敬瑋，張閔勛打向中外野遭到接殺。古巴來台後，已經面對中職球隊4場、累積1勝3敗，包括輸給富邦悍將隊2場、猿隊1場，擊敗味全龍隊1場，今天輪到兄弟過招。賽前被問到對戰古巴，林威助第一個就先關心莫伊尼洛前一場有沒有上場，得到昨天已投的答案回應：「想說可以看一下…。」,UDN
8,經典賽／皮亞薩30年前奪新人王正在台灣 還在全壘打大賽奪冠,2023-03-06 12:08:00,運動,,https://udn.com/news/story/10785/7011857,世界棒球經典賽暌違10年又在台灣登場，4支客隊也出現不少國內球迷熟悉的老面孔，義大利總教練皮亞薩（Mike Piazza）就是代表性人物之一，其實他在1993年就來過寶島，還在訪台期間獲選國聯新人王，直呼「台灣是幸運地」。中職草創期頻繁邀請美日球隊進行交流賽，1993年（職棒4年）10月道奇隊以大聯盟陣容「原汁原味」來台，造成極大轟動，不只吸引國人，也吸引很多美僑進場觀戰。美國道奇職棒隊來華進行友誼賽，廿九日在台北市立棒球場迎戰味全龍、俊國熊聯軍，圖為道奇隊Mike Piazza上場打擊情形。本報系資料照皮亞薩當時才24歲，生涯第2季繳出打擊率3成18、全壘打35支、打點112分的成績，奪下國聯新人王，在道奇抵台首場記者會上很開心說：「這是殊榮，加入職棒才知過去打球是多麼業餘，所有棒球觀念都從頭開始。」道奇30年前由知名教頭拉索達（Tommy Lasorda）領軍，不只皮亞薩人氣十足，郝西瑟（Orel Hershiser）、坎迪歐提（Tom Candiotti）、馬丁尼茲（Pedro Martinez）、卡洛斯（Eric Karros）、巴特勒（Brett Butler）、孟德西（Raul Mondesi）、史卓貝瑞（Darryl Strawberry）也隨隊來訪，至今仍是最重量級的大聯盟來訪球隊。值得一提的是，道奇當年對中職進行3場交流賽前，還特別在台北市立棒球場舉行全壘打大賽，道奇、味全龍和俊國熊聯隊各派3名球員參賽，一共出現5轟，皮亞薩以兩支全壘打奪冠，史卓貝瑞、呂明賜、黃忠義各有1轟。美國道奇職棒隊來華進行友誼賽，28日下午在市立棒球場進行第一次練習，圖為Mike Piazza。本報系資料照道奇來訪3場比賽打出1勝2敗，皮亞薩首戰還從「金臂人」黃平洋的手中開轟，當時黃平洋投完4局退場後，特別跑到道奇休息區向皮亞薩索取簽名球。世界棒球經典賽今晚舉辦歡迎晚宴，義大利隊總教練皮亞薩（Mike Piazza）。記者蘇志畬／攝影,UDN
9,經典賽／10年前「護國女球僮」近況曝光 網友大讚是「仙女」,2023-03-06 13:05:00,運動,,https://udn.com/news/story/10785/7011941,世界棒球經典賽將在本周三開打，本屆中華隊再度於荷蘭隊同組，不少球迷回憶10年前的「護國女球僮」Silvia，她的IG帳號也被網友神出，本名張聖訢的Silvia目前外型仍相當亮麗，且目前熱衷公益，幫助弱勢孩童和銀髮族，被網友大讚是「仙女」。中華隊2013年經典賽逆轉戰勝荷蘭，當時擔任Silvia擔任女球僮，走過荷蘭休息區，鏡頭捕捉到荷蘭球員緊盯她修長美腿的畫面，因此Silvia賽後被視為贏球功臣，獲得「護國球僮」的稱號。10年之後，經典賽再度在台灣開打，不少球迷想起當年的「護國女球僮」Silvia，網友發現她的IG帳號，目前她在公益單位「台灣美發展交流協會(TBTA)」擔任理事長，不僅平時會關懷弱勢家庭；在土耳其強震發生後，她也在第一線幫忙打包賑災物資。許多網友留言大讚她是「仙女」並寫道，「人美心也美」、「謝謝你讓這世界更美更善良」、「好快，十年了，大家都成長許多」，甚至有人好奇詢問，「這次經典賽會來嗎？」,UDN
10,經典賽／山多瓦要對楚奧特復仇 天使教頭準備現場直擊,2023-03-06 13:24:00,運動,,https://udn.com/news/story/10785/7012111,天使隊26歲左投山多瓦（Patrick Sandoval）今天在熱身賽登板，對紅人隊先發3局失1分，完成世界棒球經典賽開打前最後實戰，再來就是13日在經典賽C組對決奪冠呼聲頗高的美國。山多瓦今天被揮出2支安打、飆出6次三振，天使終場以8：5獲勝， 他在「仙人掌聯盟」熱身賽兩場先發合計5局只失1分，接下來將向墨西哥隊報到，和道奇隊烏力亞斯（Julio Urias）、太空人隊厄奎迪（Jose Urquidy）、 費城人隊沃克（Taijuan Walker）共組先發投手群。經典賽8日開打，C組賽事12日點燃戰火，墨西哥首戰哥倫比亞確定推出烏力亞斯，第2戰交給山多瓦，將是分組賽最硬的一戰。山多瓦在天使4季合計10勝24敗，去年27場先發投出6勝9敗、防禦率2.91成為代表作，官網形容他今年才剛起步，就要上演兩場大秀，包括經典賽抗美、4月8日天使主場開幕戰登板。大聯新球季3月31日開打，天使先在客場進行6連戰，和運動家、水手隊交手，大谷翔平將在開季首戰先發，山多瓦扛起第2戰，4月8日再回主場對決藍鳥隊。他說：「新球季主場首戰登板是極大榮耀，沒想到會有這種機會，真的很驚訝、也很榮幸被選中。」墨西哥總教練吉爾（Benji Gil）是天使內野教練，面對挑戰經典賽2連霸的美國，設定山多瓦先發4局，用球數控制在50到55球。山多瓦認為，美國擁有可能是史上最偉大的打線，此役將是巨大挑戰，讓他非常期待對決。天使球星楚奧特（Mike Trout）首次參加經典賽、擔任美國隊長，最近在隊上投打練習時，面對山多瓦不但開轟，還搞笑甩棒；山多瓦認為，美國擁有可能是史上最偉大的打線，經典賽對決將是巨大挑戰，讓他非常期待對決，也想對楚奧特「復仇」。天使總教練尼文（Phil Nevin）強調會以球迷身分好好欣賞山多瓦、楚奧特在經典賽交手，也認為山多瓦去年有突破性表現，對決美國是理所當然的事，他說：「我才剛拿到票，到時會坐在本壘板後方的前排座位觀戰。」,UDN
11,經典賽／大谷翔平訓練秀大肌肉 網友興奮：衣服快爆開了,2023-03-06 14:11:00,運動,,https://udn.com/news/story/10785/7012196,世界棒球經典賽本周開打，WBC今天在官方社群貼出一張大谷翔平穿著短袖上衣的照片再度引發熱議，許多球迷都讚嘆他的肌肉相當恐怖。WBC貼出大谷翔平和日本隊的訓練照，並寫下：「大谷翔平跟日本隊準備好迎接經典賽了，你呢？」據日媒《Full-Count》報導，大谷先進行傳接球訓練，隨後將外套脫下來，從圖中可以看出，這件短袖完全無法掩蓋他的肩膀和胸肌，甚至快把衣服撐爆。對於大谷驚人的身材，球迷紛紛表示：「最愛他的手臂」、「衣服快爆開了」、「他每年都在進化」。日本將於9日首戰面對中國大陸隊，10日再與宿敵南韓隊交手，監督栗山英樹尚未公布先發人選，日媒及球評先前預測首戰將推出大谷翔平。Shohei Ohtani and Team Japan are ready for the #WorldBaseballClassic. Are you? pic.twitter.com/MvFU0bgZw1,UDN
12,經典賽／李維拉抵台 台中市府備太陽餅、珍奶迎接,2023-03-06 14:15:00,運動,,https://udn.com/news/story/10785/7012209,2023世界棒球經典賽A組預賽8日在台中開打，開球嘉賓、美國職業棒球大聯盟（MLB）救援王李維拉今天搭機抵台，市長盧秀燕表示，準備台中伴手禮及珍奶、太陽餅等美食迎賓。2023世界棒球經典賽A組預賽3月8日到12日在台中洲際棒球場開打，美國職棒名人堂球星、洋基隊退役傳奇守護神李維拉（Mariano Rivera）擔任開幕戰開球嘉賓，並在今天搭機抵達台灣。台中市政府發布新聞稿指出，盧秀燕將盡地主之誼宴請李維拉一家人，預計送上發源地來自台中的珍珠奶茶、太陽餅、湖心亭漆藝餅盒等在地美食迎賓，更備妥驚喜九宮格彩蛋禮盒，讓李維拉可以充分感受台中濃厚的人情味。盧秀燕表示，經典賽中華隊牛棚教練王建民過去效力美職洋基隊時期，李維拉擔任救援投手，以精準犀利的卡特球為球隊守下一場又一場勝利，成為最知名的守護神，她身為主辦城市市長及球迷，很高興代表市府及全體市民歡迎李維拉等貴賓來訪。盧秀燕指出，台中是廣受全世界歡迎的珍珠奶茶發源地，因此將特別招待外賓品嚐春水堂創始店珍珠奶茶，行銷「台中好甜」品牌形象及城市特性。台中也是台灣有名的糕餅之都，盧秀燕說，這次也準備了老字號的嘉味軒太陽餅，以及台中10大伴手禮聯名禮盒，包含鴻鼎菓子鳳凰酥、青鳥旅行蛋捲、小林煎餅創意煎餅、法布甜馬卡龍鳳梨酥、歐客佬耳掛咖啡、華剛茶葉、柑茶等7樣精選台中特色茶點，並以豐原特產湖心亭漆藝餅盒裝盛，呈現台中精緻細膩的茶點庶民文化。,UDN
13,經典賽／南韓守備走鐘3次失誤 熱身賽首戰不敵歐力士,2023-03-06 14:21:00,運動,,https://udn.com/news/story/10785/7012247,世界棒球經典賽B組官辦熱身賽今天開打，南韓在大阪巨蛋和日職歐力士隊交手，全場揮出10支安打，不過直到9局上才破蛋，守備還出現3次失誤，終場以2：4落敗。擁有韓國血統的紅雀隊二壘手艾德曼（Tommy Edman）擔任開路先鋒、二壘手，先發2到9棒依序是金河成（三壘手）、李政厚（中外野手）、金賢洙（左外野手）、朴炳鎬（一壘手）、姜白虎（指定打擊）、梁義智（捕手）、羅成範（右外野手）、吳智煥（游擊手）。歐力士先發投手黒木優太投5局，被揮出6支安打，投出4次三振，成為勝利投手；平野佳壽、比嘉幹貴、本田仁海各投1局，都讓南韓打線3上3下，9局上前佑囲斗面對7人次，被揮出4支安打失兩分。歐力士首局就靠野口智哉、頓宮裕真安打攻下全場第1分，2局下再靠來田涼斗二壘打、南韓兩次失誤、野口智哉安打再下兩城，取得3：0領先。南韓一直無法得分，歐力士6局下再靠石岡諒太、來田涼斗安打，加上南韓內野第3次失誤，攻下第4分，擴大領先優勢。南韓連續8局掛零，9局上才靠李政厚、朴海旻、朴健祐安打，加上李知榮高飛犧牲打攻下兩分，全場安打數比歐力士多1支，仍以兩分之差落敗。南韓全場推出8名投手應戰，依序是蘇珩準、金廣鉉、郭彬、梁玹種、鄭哲元、李庸燦、高祐錫、金元中，一共被揮出9支安打，蘇珩準先發1.1局被揮出3支安打，失3分（1分自責）吞敗。,UDN
14,經典賽／「黑暗騎士」先發2局 義大利10：1打爆獅隊,2023-03-06 14:33:00,運動,,https://udn.com/news/story/10785/7012285,世界棒球經典賽官辦熱身賽，義大利隊今天端出火力示範，面對統一獅隊暴打12安串回10分，終場以10：1大勝獅隊，響尾蛇隊3A外野手多明尼克．佛列契（Dominic Fletcher），打得比大聯盟的哥哥更搶眼，3安打貢獻4分打點。獅隊推出洋投羅昂先發，投2局共用41球，被敲3安打、失2分，首局在兩出局、二三壘有人時被多明尼克．佛列契敲安帶有2分打點。獅隊3局換上江國謙接手，投出2次保送後，又是多明尼克．佛列契敲出適時安打掃回1分，接續哥哥大衛．佛列契（David Fletcher）因觸身球保送上壘，洛培茲（Nicky Lopez）安打挹注2分打點，獅隊的暴傳再送分。獅隊的崩盤秀在第6局上演，姚杰宏被德魯齊歐（Ben DeLuzio）敲出陽春砲，多明尼克．佛列契在得點圈有人時再度敲安，掃回個人單場第4分打點，後續連續3位打者保送擠回2分，義大利兩度攻下4分大局，取得10：1領先。義大利隊由「黑暗騎士」哈維（Ｍatt Harvey）先發，投2局共用29球，只被林靖凱跑出1支內野安打、無失分，送出3K。哈維。 圖擷自義大利棒協官方推特,UDN
15,經典賽／完全體古巴轟炸兄弟 2次五星級美技饗球迷,2023-03-06 15:13:00,運動,,https://udn.com/news/story/10785/7012390,世界棒球經典賽官辦熱身賽進入第二天，加入大聯盟球員「完全體」的古巴隊展現強打實力，孟卡達（Yoan Moncada） 開轟，加上團隊2次五星級美技守備，中信兄弟隊以0：6落敗，輸得不冤。前兩局的0：0僵局在3局上打破，兄弟先發投手鄭浩均開局就被伊巴尼茲（Andy Ibanez）敲出的強襲球打中，只投30球就提前退場休息，伊巴尼茲雖然跑出內野安打，但也上前拍拍鄭浩均的背，表達關懷之意。兄弟換上江忠誠接手，結果被孟卡達敲出一發中右外野全壘打，古巴隊攻下2分，其中1分記在鄭浩均帳上；4局換余謙接手，投了3局雖然被敲出5支安打，但有三壘手王政順一次雙殺守備幫助，僅在6局上因失誤掉1分，9局上古巴隊則從謝榮豪手中用4支安打換回3分。古巴隊也展現行雲流水般的守備，游擊手「天下一品」阿魯巴耶納（Erisbel Arruebarrena） 在4局下沒收一支陳子豪敲出的平飛球，向後飛撲將身體延展至極限，接殺這一球還撲斷皮帶，讓兄弟留下二壘殘壘。5局下則是岳東華一棒把球敲到靠近右外野全壘打牆頭，但外野手桑托斯（Roel Santos）及時跑到定位，跳起來將球接殺出局，沒收一支可能的長打甚至全壘打，這兩次美技守備都引起現場觀眾讚嘆的歡呼聲。世界棒球經典賽官辦熱身賽第二天，古巴隊三壘手孟卡達（Yoan Moncada）。記者蘇志畬／攝影,UDN
16,經典賽／想對大谷故意死球惹事 高祐錫登板遭日媒檢視,2023-03-06 15:36:00,運動,,https://udn.com/news/story/10785/7012446,南韓備戰9日開打的世界棒球經典賽B組賽事，今天在首場官辦熱身賽以2：4不敵日職歐力士隊，最近說要故意砸大谷翔平、後來出面道歉的24歲右投高祐錫，後援0.2局引起日本媒體注意，8局下右肩疑似出問題退場，也成為話題。南韓動用8名投手上陣，高祐錫在7局下2出局時亮相，對決前兩個打席都揮出安打的石岡諒太，最快飆出153公里速球，最後讓他揮出二壘滾地球出局。高祐錫8局下先被内藤鵬揮出安打，接著渡部遼人犧牲觸擊，他面對下一棒茶野篤政，投出151公里速球後，發覺右肩不太對勁，防護員也進場了解狀況，南韓總教練李强喆立刻換上最後一任投手金元中接替。高祐錫效力韓職LG雙子隊6季，去年球季以42次救援成功奪下生涯首座救援王，成為國家隊牛棚大將，日前對大谷「故意死球」的說法，成為日媒批評的頭號人物。高祐錫展現想跟大谷正面對決的決心，卻又透露「沒地方丟就丟他不痛之處」，引發極大風波，日、韓10日將在東京巨蛋對決，無疑是B組最有話題性的比賽，高祐錫是否有機會登板值得觀察。【右肩違和感か】大谷翔平に故意死球発言の韓国代表、負傷により緊急降板https://t.co/Z0hnuL7bml韓国代表のコウソクは今年1月に韓国メディアのインタビューで大谷に対し「投げるところがなければ、痛くないところにぶつけようかな」などといった“故意死球発言”で波紋を呼んだ。 pic.twitter.com/QrT6rrUU2s,UDN
17,經典賽／兄弟體驗「晚接午」賽程 助總提醒這一點,2023-03-06 16:07:00,運動,,https://udn.com/news/story/10785/7012540,中信兄弟隊在官辦熱身賽兩場賽事，剛好提前體驗中華隊最後兩天「晚接午」賽程，第二天對手也都是古巴隊，兄弟總教練林威助認為，這對選手調整會是滿大考驗。兄弟昨晚在洲際棒球場面對中華隊，今天中午又在原場地面對加入大聯盟球員的「完全體」古巴隊，最終被敲出13支安打，包括孟卡達（Yoan Moncada）的2分砲，以0：6輸球。助總指出，古巴打線前兩棒伊巴尼茲（Andy Ibanez）及孟卡達的擊球都很確實，「後段打者表現沒那麼好，不過可能還在調整，今天比賽中也都有使用戰術。」面對晚場接午場的賽程，林威助指出，熱身賽還有3小時的時間限制，「如果沒有，前一場打到半夜的話，對選手調整會是滿大考驗，要懂得如何喚醒身體的技巧。」兄弟全場敲出7支安打，有3支長打，但一分未得，古巴的守備幫了投手不少忙，右外野手桑托斯（Roel Santos）沒收岳東華一支全壘打牆頭的深遠長打，游擊手阿魯巴耶納（Erisbel Arruebarrena）也有飛撲接殺美技。「守備對他們來說是小case。」林威助指出，古巴首任游擊手阿魯巴耶納的守備評價本來就很高，後面替補上場的馬特奧（Luis Mateo）也值得關注，「雖然身材沒那麼好，但是移動的速度很好。」世界棒球經典賽官辦熱身賽，中信兄弟對上古巴隊。圖／悍創運動行銷提供,UDN
18,經典賽／前軟銀隊真砂勇介貢獻2安 中國不敵西部瓦斯,2023-03-06 16:26:00,運動,,https://udn.com/news/story/10785/7012574,日職軟銀隊退役球員真砂勇介，確定代表中國大陸隊參加本屆世界棒球經典賽，今天在首場官辦熱身賽擔任先發中外野手，扛起第3棒重任，揮出兩支安打、保送1次，大陸終場以2：6不敵日本業餘球隊西部瓦斯隊。真砂勇介2017年登上軟銀一軍，到去年為止合計6個球季出賽180場，生涯打擊率2成19、全壘打3支、打點16分，去年季後遭釋出，轉戰業餘日立製作所隊。真砂勇介現年28歲，在日本長大，但父母都來自中國，父親一直保留中國籍；他首次披上大陸球衣前進經典賽，9日在東京巨蛋第一個對手就是日本，有機會對決大谷翔平。大陸今天對西部瓦斯之戰，全場出現11支安打，比對手多3支，但打線出現斷層，終場以4分之差落敗，總教練崔諾（Dean Treanor）坦言，有得分機會就是無法掌握。真砂勇介攻守都有不錯表現，成為日本媒體採訪的焦點人物，他表示，對決日本球員的首場比賽非常困難，會繼續做好準備，全力迎接挑戰。大陸明天第2場官辦熱身賽將和宫崎梅田學園隊交手，地點仍是宮崎縣營球場。中国代表の元ソフトバンク・真砂勇介が強化試合で2安打＆強肩披露　日本戦へ「すごく光栄、ワクワクしています」 https://t.co/hch8HFqoX9 #野球 #baseball pic.twitter.com/1kB47JMhQQ,UDN
19,經典賽／連戰中華、古巴都敲安 宋晟睿提醒睡眠重要性,2023-03-06 16:38:00,運動,,https://udn.com/news/story/10785/7012594,中信兄弟隊在官辦熱身賽連戰中華隊、古巴隊，中外野手宋晟睿完整體驗「晚接午」的賽程，感受到體力的影響，提醒未來中華隊「睡眠要注意」。兄弟昨晚7點先打中華隊，今天中午12點又對上古巴隊，宋晟睿兩場都先發第1棒、中外野手，而且打好守滿，接受攻防兩端的體能考驗，宋晟睿表示，確實會比較疲累一些，前一晚的睡眠變得重要。面對兩支國家隊，宋晟睿表示：「投手的強度比較強，在高張力的比賽還能敲出安打，是這次收穫比較大的地方。」宋晟睿對中華隊4打數2安打、對古巴5打數1安打。體驗整建後的洲際球場，宋晟睿認為，外野的草皮踩起來感受很扎實，「而且滑過去還是很平整，不會翻一塊起來。」不過燈光經過調整後，反而比較不適應，宋晟睿認為，跟過去相比「暗了一點」。而這次使用經典賽官方用球，有球員反應跟中職用球相比比較「彈」，宋晟睿也認為如此，「守備上打出來的感覺會跟判斷有點小落差，球掉下來的速度也滿快的。」,UDN
20,經典賽／日本熱身賽先發名單出爐 大谷翔平3棒對決阪神,2023-03-06 16:50:00,運動,,https://udn.com/news/story/10785/7012631,日本備戰9日開打的世界棒球經典賽B組賽事，今晚將在大阪巨蛋進行的官辦辦身賽和日職阪神隊交手，最受矚目的大谷翔平擔任先發3棒指定打擊，前年、去年太平洋聯盟三冠王山本由伸登板先發。1棒努特巴爾（Lars Nootbaar，中外野手）、2棒近藤健介（右外野手）、3棒大谷翔平、4棒村上宗隆（三壘手）、5棒吉田正尚（外野野手）、6棒岡本和真（一壘手）、7棒山田哲人（二壘手）、8棒源田壯亮（游擊手）、9棒中村悠平（捕手）。日本是經典賽唯一連續4屆打進4強的球隊，2006、09年完成2連霸，2013．17年排名第3，本屆賽事和南韓、澳洲、捷克、中國大陸分在B組，將在東京巨蛋迎敵。,UDN
21,經典賽／壓制古巴大聯盟打者 余謙坦言：我不認識,2023-03-06 16:53:00,運動,,https://udn.com/news/story/10785/7012638,中信兄弟隊今天在世界棒球經典賽官辦熱身賽以0：6不敵古巴隊，投手余謙表現亮眼，投3局僅失1分，壓制住大聯盟打者，余謙卻有些不好意思地說：「我不知道他們是誰。」古巴隊前3局先攻下2分，余謙在4局上登板，44球投完3局，被敲5支安打，另有1次三振，總教練林威助認為，余謙今天狀況不錯，但希望可以更好，「從澳職回來後，感覺控球、配球想法都有不同。」余謙表示，今天專注在把變化球、直球的品質丟出來，「把自己身體放鬆，在投手丘自在一點，不要這麼慌張，盡情享受比賽。」這也是從澳職學到的心法。面對古巴打者，余謙感受到對方攻擊慾望高，也一直抓直球在打，捕手福來喜也配變速球來擾亂打者，福來喜配球模式很有水準，「我就信任他，把我的工作做好。」面對古巴先發打線，余謙雖被伊巴尼茲（Andy Ibanez） 、孟卡達（Yoan Moncada）敲出安打，但成功壓制羅伯特（Luis Robert）、迪斯派（Alfredo Despaigne）以及塞佩達斯（Yoenis Cespedes），但他老實說自己不認識這些打者，「就是放鬆心情，什麼都不要想。」,UDN
22,經典賽／熱身賽最終戰 林立、鄭宗哲扛中華隊二游防線,2023-03-06 17:09:00,運動,,https://udn.com/news/story/10785/7012677,中華隊備戰世界棒球經典賽，今天續戰官辦熱身賽，對上富邦悍將隊，兩隊先發打線出爐，內野陣形有大幅調動，林立、鄭宗哲扛起二、游防線，王威晨擔任先發三壘手。悍將隊近期面對經典賽國家隊表現不俗，對戰古巴、荷蘭隊的3場比賽全勝，表現令人驚艷，今天輪到中華隊要面連「宇宙邦」帶來的考驗。悍將隊由江國豪先發，搭配捕手張進德，與在中華隊拚戰的弟弟張育成同場交鋒；悍將隊中外野手申皓瑋昨天自打球傷退，今天中外野防區交給周佳樂。第二棒 林立（二壘手）第三棒 張育成（一壘手）第四棒 吉力吉撈．鞏冠（指定打擊）第五棒 王柏融（左外野）第六棒 王威晨（三壘手）第七棒 陳晨威（右外野）第八棒 高宇杰（捕手）第九棒 陳傑憲（中外野）先發投手 黃子鵬第二棒 王正棠（二壘手）第三棒 蔣智賢（指定打擊）第四棒 張進德（捕手）第五棒 張冠廷（左外野）第六棒 楊瑞承（一壘手）第七棒 周佳樂（中外野）第八棒 李宗賢（三壘手）第九棒 林哲瑄（右外野）先發投手 江國豪,UDN
23,經典賽／韓媒好奇大谷翔平對中國先發 日媒解惑：具象徵意義,2023-03-06 17:35:00,運動,,https://udn.com/news/story/10785/7012715,世界棒球經典賽即將開打，多家日本媒體預測大谷翔平、達比修有將預賽別對中國、南韓先發，對此南韓媒體不懂為何不派大谷對南韓，日媒則提出解釋。B組賽事將在東京巨蛋展開，日本隊9日開幕戰將面對中國，10日與南韓交手，雖然監督栗山英樹未公布先發投手人選，但日媒都推測大谷將先發面對中國，讓韓媒《OSEN》不禁詢問，「為什麼大谷對中國先發，不是對南韓。」《OSEN》指出，日本傳奇投手上原浩治也曾在節目上說過：「大谷對決中國，我覺得太可惜了。」於是《OSEN》近日在日本採訪時，直接向日本記者小谷真彌詢問此事。小谷真彌指出，「雖然栗山沒有明確表示過，但與中國的比賽是首戰，具有是象徵上的意義，大谷作為日本最具代表性的選手，自然成為最理想的先發投手人選。」小谷真彌回答完問題後還向韓媒表示，「達比修有也是很好的投手。」,UDN
24,經典賽／日韓開路先鋒都是老美 艾德曼首場熱身賽4支0,2023-03-06 17:37:00,運動,,https://udn.com/news/story/10785/7012767,"南韓隊今天在世界棒球經典賽官辦熱身賽2：4不敵日職歐力士隊，擁有韓國血統的紅雀隊二壘手艾德曼（Tommy Edman）擔任開路先鋒，4次打數掛零、吞下1次三振，他說：「很興奮穿上南韓球衣出賽。」南韓全場10支安打，比歐力士多1支，卻以兩分之差落敗，先發游擊手吳智煥出現兩次失誤，接手的金河成也有1次，成為輸球重要原因。艾德曼是前年國聯金手套獎得主，加入南韓國家隊扛起二壘重任，報到5天首次實戰就是官辦熱身賽，他說：「感覺很棒，希望能為南韓多贏一些比賽。」日、韓「不約而同」，日本隊今天首場官辦熱身賽對決日職阪神隊，開路先鋒努特巴爾（Lars Nootbaar）也是紅雀隊球員，兩人10日將在東京巨蛋交手。首場熱身賽打滿全場，連續4次打擊「槓龜」，艾德曼不擔心對手的投球風格和大聯盟不同，他說：「日本投手擅投指叉球，也有大量優質變化球，但和今年大聯盟春訓看到的情況沒有太大差別，因此不必刻意調整打擊方式。」Baseball history. Tommy Edman’s first plate appearance for Korea. He becomes the first Korean-American, and first non-citizen, to play for the Korean national team. ?? pic.twitter.com/KLlInNqB00",UDN
25,經典賽／在藏？荷蘭連中職新軍雄鷹都輸 熱身賽全敗,2023-03-06 18:28:00,運動,,https://udn.com/news/story/10785/7012859,世界棒球經典賽開打在即，荷蘭隊打完兩場官辦熱身賽沒拿到勝場，繼昨天以1：2輸給富邦悍將隊後，今天對上尚在構建隊形階段的中職新軍台鋼雄鷹隊，也以2：4吞下敗仗。雄鷹由第12指名選進的左投陳柏清先發，面對大聯盟級打線，繳出4局失2分，失分出現在第4局，先被葛瑞格里歐斯（Didi Gregorius）敲出安打，巴倫汀（Wladimir Balentien）補上兩分砲，而這也是荷蘭全場僅有的分數進帳。雄鷹後續登板投手包括測試投手張竣凱及許育銘、楊達翔、曾品洋，聯手封鎖荷蘭從第5局起僅再出現1安打。雄鷹雖先處於0：2落後，5局荷蘭隊游擊手、大聯盟球星波賈茲（Xander Bogaerts）失誤釀禍，再加上保送、安打攻占滿壘，洪瑋漢的安打一棒追平，林家鋐的二壘方向滾地球再送回1分，雄鷹反倒取得3：2領先。雄鷹在8局添加保險分，洪瑋漢敲三壘打後靠暴投跑回分數。荷蘭隊手握兩度經典賽四強佳績，本屆也攜豪華內野陣容襲台，但兩場熱身賽並未取得勝場，真正能耐等待正式比賽開箱檢驗。,UDN
26,經典賽／見識陳冠宇的胃 曾峻岳：說不餓所以只吃4盤,2023-03-06 18:59:00,運動,,https://udn.com/news/story/10785/7012916,曾峻岳以中華隊最稚齡身分投入世界棒球經典賽，這陣子最常黏踢踢的學長是陳冠宇，兩人從去年中職明星賽結識，現在一起披上國家隊球衣，除了吸收他的經驗，對學長最吃驚之處可能要屬大胃王屬性，爆料陳冠宇昨天說不餓，所以吃了四盤義大利麵。中華隊昨天在官辦熱身賽出戰中信兄弟隊，曾峻岳在第5局滿壘、無人出局時登板，後續雖因保送再掉分記在前任投手鄧愷威帳上，但沉穩抓下3個出局數，狀況調整漸入佳境。曾峻岳表示，「從新莊的熱身賽開始就慢慢有實戰感覺，比賽節奏和丟的感覺都比之前更好。」這段期間母隊富邦悍將隊打經典賽國家隊有好成績，他也有注意到，「看他們贏球就很開心，基本上他們在打，因為都是我們休息時間，所以都有看，也注意到一些打者。」他第一個點名古巴的山托斯（Roel Santos），「注意古巴助跑打擊那個，腳程快，會適時偷點。」中華隊投手群全部都是他的哥哥們，最常互動的學長，曾峻岳說是陳冠宇，「其實在明星賽就認識，這次在中華隊和他比較多互動，常常聊天，討論比賽的事情。」先前陳冠宇曾透過IG限時動態分享曾峻岳給他的一袋泡麵，寫著「有一種餓是峻岳覺得餓」，曾峻岳笑答：「怕他吃不飽，感覺他沒有吃飽的時候。」他透露大家一起吃飯時，冠宇學長都是吃到最後的那一個，「昨天吃宵夜，他說他不餓，結果吃了四盤義大利麵。」說著說著流露羨慕神情，「滿羨慕他的，都吃不胖。」,UDN
27,經典賽／投手丘、止滑粉差在哪？中華隊國手報你知,2023-03-06 19:02:00,運動,,https://udn.com/news/story/10785/7012928,站上整修後的洲際棒球場投手丘，經典賽中華隊投手胡智爲感受到兩點不同「比較硬、比較高」，止滑粉的黏度讓曾峻岳有些不習慣，不過兩人都說：「不影響投球。」洲際棒球場雖是中職比賽場地，但經過大聯盟整修後，場地細節上仍有些不同，中華隊昨晚首度在此出賽，胡智為投了1局，2次三振沒有被敲出安打，乾淨俐落三上三下。「這是最後調整了。」胡智爲談到昨天的投球感受表示：「就是把自己球的位置投出來，也才丟13顆，後來到牛棚有再補一些，整體調整還不錯。」對於場地適應上，效力統一獅隊的胡智爲認為，跟賽季投起來相比，投手丘比較硬一些，不容易出現坑洞，「我喜歡硬一點的球場，所以滿習慣的。」對他來說比較麻煩的是，「黏土比較多，所以下來都要刮一下（鞋底）。」曾峻岳也是投1局無安打、沒掉分，他認為投手丘跟原本的洲際投手丘相比高了一些，胡智爲也認同，「洲際本來就滿高的，但就是照他們大聯盟的規定去調整，在標準範圍內，也不會說特別對投手有優勢，大家都平等。」官辦熱身賽開始，不僅要採用經典賽用球，止滑粉也改用美職的規格，黏度上跟中職相比差異很大，曾峻岳就說：「黏很多，比較不習慣，但投起來影響不大。」胡智爲則形容，中職的止滑粉比較密一點，大聯盟的則是粗一點，「像是舉重的石灰磚，基本上大同小異，出來的粉多跟少而已。」,UDN
28,經典賽／投手群失血 王建民自身經驗勉勵：不要閃躲,2023-03-06 19:18:00,運動,,https://udn.com/news/story/10785/7012950,中華隊投手群昨天在官辦熱身賽大失血，被中信兄弟隊敲出9支安打、丟掉9分，雖然最後仍以13：9贏球，但無疑是一項隱憂，投手教練王建民分享自身經驗，提醒球員「不要去閃，盡量進攻好球帶」。昨晚先發投手江少慶僅投1局就用了29球，被敲3支安打另有1次四壞保送，丟掉3分，最近兩場登板都在第1局遇到狀況，王建民指出，現在都還是調整階段，「希望他進入比賽的氣氛，信心再往上提升。」而首次實戰登板的鄧愷威也丟了3分，但是投了22球、一人次都未能解決，王建民表示，或許時差、心情上還在調整，教練團這邊都會觀察，利用最後兩天讓他投入比賽節奏。鄧愷威在美國小聯盟都是擔任先發投手，到了經典賽因球團用球數限制，改擔任中繼，王建民表示，比較不熟悉中繼的準備方式也有影響，「昨天是安排大概1局的時間讓他準備，跟先發熱身30顆的量差不多。」雖然投手們在對中信兄弟隊失分慘烈，但王建民不會因此太擔心，「這些打者對他們比較熟悉，其他國家比較少碰到。」曾在2013年經典賽投出經典戰役的王建民也曾跟投手們分享，「不要去閃，盡量進攻好球，提早搶到好球數對投手比較有利，也比較容易解決打者。」,UDN
29,經典賽／中職MVP熱機完畢 林立連兩天開轟,2023-03-06 20:38:00,運動,,https://udn.com/news/story/10785/7013093,中華職棒年度MVP發威，林立今天面對富邦悍將隊再度開轟，連兩天在經典賽官辦熱身賽敲出全壘打，宣告打擊手感「預熱」完畢。進入最後一天熱身賽，中華隊今天在洲際棒球場迎戰悍將，面對江國豪的投球，中華隊首局錯過一出局、滿壘的機會，王柏融先是打向二壘的強勁平飛球，被王正棠彈簧腿美技跳接收進手套，王威晨打向游擊也未能突破防線，悍將守住滿壘危機。江國豪第4局再遇無人出局就被攻占一、二壘局面，中華隊同樣沒能搶下分數，江國豪最終先發4局僅被敲3安打、無失分，繳出一場好投。悍將第5局換上郭俊麟，控球不穩，面對陳傑憲先投出保送，雖靠雙殺守備瓦解大半危機，仍遭林立掃出陽春砲，為中華隊開張分數，張育成也接著掃出二壘打。,UDN
30,經典賽／郭天信三壘打掃除罵名 中華隊熱身賽10戰全勝,2023-03-06 22:10:00,運動,,https://udn.com/news/story/10785/7013245,中華隊近期被罵爆的男人，在今天用球棒作出回應，郭天信第6局一棒掃出三壘打，灌進2分打點，加上林立、張育成的陽春砲，聯手幫助中華隊以7：2擊敗富邦悍將隊，完成8場自辦、2場官辦熱身賽，取得10戰全勝，迎接8日正式開戰。官辦熱身賽今天續戰洲際棒球場，悍將推出江國豪先發，中華隊首局就有大好契機，一出局後靠2安打、1保送形成滿壘，王柏融先是打向二壘的強勁平飛球，被王正棠美技跳接收進手套，王威晨打向游擊也未能突破防線，悍將守住滿壘危機。江國豪第4局再遇無人出局就被攻占一、二壘局面，中華隊同樣沒能搶分，直到郭俊麟接手的第5局，一登板就控球不穩，面對陳傑憲投出保送，雖靠雙殺守備瓦解大半危機，仍遭林立掃出陽春砲，為中華隊開張分數。悍將在5局靠滿壘時的保送擠回追平分，1：1平手之際，中華隊第6局攻勢再起，單局3安打及1保送進帳3分，郭天信的三壘打附帶2分打點，張育成則在第7局炸裂陽春砲，第8局范國宸代打敲出2分打點二壘打，持續擴大差距。中華隊此役共用8任投手，陳冠宇5局下登板，包括故意四壞在內投了3保送，滿壘時保送奉送對手追平分，宋家豪第8局一出局時上場，第1球被戴培峰掃出陽春砲。,UDN
31,經典賽／被罵爆的男人球棒回應 中華隊熱身賽10戰全勝,2023-03-07 03:24:00,運動,,https://udn.com/news/story/10785/7013286,中華隊近期被罵爆的男人，昨用球棒回應，郭天信第6局一棒掃出三壘打，灌進2分打點，加上林立、張育成的陽春砲，聯手幫助中華隊以7：2擊敗富邦悍將隊，完成8場自辦、2場官辦熱身賽，取得10戰全勝，迎接明天正式開戰。中華隊打完最後兩場官辦熱身賽，合計6小時實戰體驗，重新熟悉洲際棒球場，備戰8日開打的經典賽正式戰役，投手丘、止滑粉是投手群感受到的兩大不同，而最後兩天的「晚接午」賽程則有中信兄弟隊分享經驗。洲際棒球場經過大聯盟整理，場地細節上仍有些不同。中華隊投手胡智爲表示，跟中職賽季相比，投手丘比較硬一些，不容易出現坑洞，「我喜歡硬一點的球場，所以滿習慣的。」不過黏土比較多，要頻繁清潔鞋底，稍微不方便；曾峻岳則認為投手丘比原本高了一些。官辦熱身賽開始，不僅採用經典賽用球，止滑粉也改用美職規格，材質為松香，中職慣用則是以碳酸鎂進行合成，黏度上差異很大，曾峻岳說：「黏很多，比較不習慣。」曾旅美的胡智爲則認為大聯盟的止滑粉比較粗一點，不過兩人都同意「投起來影響不大。」投手教練王建民則分享應對方式，「有些投手不喜歡那麼黏，就用紅土去吸汗。」中華隊在經典賽最後兩場面臨晚場打完接午場，中信在官辦熱身賽相同安排，總教練林威助表示，熱身賽還有時間限制，正式比賽若打到半夜，對球員調整會是考驗。,UDN
32,經典賽／在大哥面前摔頭盔 張育成氣打到一顆很壞的球,2023-03-06 22:38:00,運動,,https://udn.com/news/story/10785/7013287,中華隊主砲張育成今天再度讓全場向他敬禮，第7局炸裂陽春砲，全場3度上壘，但他今晚最受矚目畫面卻是出現在唯一被解決的打席，被三振後氣噗噗砸頭盔，他坦言當下有情緒，「打到壞球，一顆很壞的球。」中華隊今天在經典賽官辦熱身賽以7：2擊敗富邦悍將隊，悍將排出先發捕手為張進德，與披上中華隊球衣的弟弟張育成同場過招，兄弟在打擊區上互動吸睛，第3局更是直接看到兄弟面對面氣沖沖。當時張育成在兩出局時站上打擊區，該打席一開始還與大哥有說有笑，下一球揮空吞下三振後就明顯有氣，還將頭盔摔到地上。張育成解釋摔頭盔的動作，「是想把自己打醒，那個打席太急躁，打到壞球，一顆很壞的、不應該打的球，所以有情緒在。」張育成此役4打席3度上壘，包括1支全壘打、1支二壘打、1次保送，唯一出局就是那次三振。張育成投入集訓以來展現絕佳打擊手感，他也有給予自己的課題，他表示，「在比賽磨練我的心態，只要穩定心態，每件事情都可以做得很好，希望可以延續到3月8日，還有接下來的比賽。」張育成揮空三振後明顯動怒，有摔頭盔的動作。圖／富邦悍將隊提供張育成揮空三振後明顯動怒，有摔頭盔的動作。圖／富邦悍將隊提供,UDN
33,經典賽／拋開壓力展快腿 郭天信敲三壘安：不去想太多,2023-03-06 22:43:00,運動,,https://udn.com/news/story/10785/7013296,中華隊今晚在洲際球場以7：2擊敗富邦悍將隊，郭天信更是拋開外界賦予的壓力，用招牌腳程在6局上跑出一支三壘長打為中華隊擴大領先，賽後談及自己的改變，郭天信終於可以「不去想太多」。入選中華隊以來，郭天信表現機會不多，前面3場自辦熱身賽5打席、4打數無安打，官辦熱身賽首戰沒有上場，今晚更是到5局下才替補中外野守備，6局上更是把握打擊機會，一支2分打點三壘安打，幫助中華隊取得4：1領先。賽後談到那個打席，郭天信表示，當下因為超前分已經回來，心態比較輕鬆一點，「還是一、三壘有人，一人出局，能夠得到的分數一定要送回來，其他不用去想太多。」這次入選中華隊，郭天信承受著不少壓力，外界討論「應該換人」的名單裡，常常出現他的名字，前幾場表現也不盡理想，郭天信將心態重新設定，「不用去想太多，之前會特別想要做些什麼，現在控制自己可以控制的就好，其他就是一個結果。」,UDN
34,經典賽／呂彥青只投1人有原因 餅總看中華隊10連勝,2023-03-06 22:55:00,運動,,https://udn.com/news/story/10785/7013316,8場自辦熱身賽加上2場官辦熱身賽，中華隊以全勝之姿完成備戰，面對3月8日即將開打的世界棒球經典賽，總教練「大餅」林岳平表示：「往正面看，持續去表現，結果如何不用去管。」攤開詳細數據，這兩場官辦熱身賽，中華隊投手狀況是隱憂，昨天丟掉9分，今天雖以2：7擊敗富邦悍將，不過丟掉的兩分都有些意外，5局陳冠宇出現亂流掉1分，8局下則是換投後宋家豪馬上挨轟。餅總解釋，陳冠宇的狀況是刻意演練，該局是因為短打的守備狀況變內野安打，「1出局二、三壘有人情況，知道這是熱身賽，就故意保送，看冠宇能不能用雙殺化解，最後確實是保送擠回1分，不過這也讓投手、守備知道，要如何守住這1分。」8局下的狀況則是呂彥青上來投了1球、解決1人次，就退場休息，換上場的宋家豪投出第1球就被戴培峰掃出陽春砲，外界好奇是否調度太臨時？林岳平表示，本來投手調度是以9局去規劃，「但7局打完時間可能不允許，跟大會確認後沒有問題，就這樣執行。」熱身賽有打滿3小時就要結束比賽的規定，現場人員也解釋，賽前就有跟大聯盟確認，因為是熱身賽，所以開放兩隊都不受到「投手登板必須投3人次」的限制，但正式比賽會嚴格執行。回顧熱身賽這10場，林岳平表示：「球隊狀態相當理想，要帶著這個氣勢，明天再調整一天，準備3月8日開打。」,UDN
35,經典賽／前兄弟洋投2局無失分 巴拿馬2場熱身賽灌17分,2023-03-06 22:58:00,運動,,https://udn.com/news/story/10785/7013317,巴拿馬隊連續兩天在經典賽官辦熱身賽打出火力串聯，今天面對味全龍隊，敲出12支安打，以9：7贏球，兩場熱身賽共打下17分。巴拿馬為中華隊在8日預賽首戰的對手，過去參與過兩屆經典賽，累積0勝5敗，勝場還沒有開張，本屆賽事尋求打下隊史在經典賽首勝，這兩天先在熱身賽打出好手感。巴拿馬此役推出去年效力中信兄弟隊的左投奧特羅先發，投2局共用30球，只在第2局被劉基鴻敲出一支二壘打，未失分退場。龍隊先發投手郭郁政前3局未掉分，第4局先取得兩出局後，被連敲一壘打、二壘打先掉1分，龍隊換上林逸達接手，續被敲安打掉分，郭郁政最終投3.2局被敲5安打、失2分。後續攻勢你來我往，巴拿馬第5局再添3分，龍隊則在5局下靠林孝程的安打開張分數，第6局的5安打串出4分大局，包括林孝程的二壘打再度建功，此役單場3安打、有2支二壘打。兩隊打完前6局處於5：5平手，巴拿馬7局憑藉3安打、2保送再追加4分，龍隊則有陳品捷敲出兩分砲，比賽打完7局落幕。#Panamá acaba de vencer (7 innings) 9x7 a los Rakuten Monkeys de la CPBL.Esta fue la 2da victoria (en 2 juegos) del equipo panameño en juegos de preparación en tierras asiáticas con miras el #WBC.Panamá debuta este miércoles 7 de marzo (6:00 am) ante #ChinaTaipei.?: FEDEBEIS pic.twitter.com/ydsfrL8qSl,UDN
36,經典賽／客製化菜單曝光 蔬菜捲餅最搶手、茶葉蛋慘被退貨,2023-03-07 09:23:00,運動,,https://udn.com/news/story/10785/7013755,世界棒球經典賽（WBC）睽違10年今年再度回到台中舉辦，A組預賽3月8日將在台中洲際棒球場開打。不過球員來自世界各國，要滿足各國球員們的飲食需求是一大挑戰，有球隊要求要喝濃湯，也有球員只要肉醬義大利麵，還有球員吃素，必須客製化蔬食料理，主廚們大展身手，滿足各國球員的胃，也透過美食做外交。經典賽在台中開打，為照顧各球隊的伙食，經典賽大會邀請饗食天堂團隊進駐，包括教練、球員、工作人員，每天要提供近千人膳食，因此餐飲團隊動員50名工作人員到場服務，並每日從桃園的中央廚房送食材到台中洲際棒球場，包括牛肉100公斤、蛋500顆、青菜300公斤、150公斤白飯、600顆麵包等，數量龐大；還特地搬了5台冰箱，提供現煮服務，因球場無法明火，主廚改用電磁爐料理，需花兩倍以上時間。饗賓餐旅事業資深經理戴菀伶表示，每天餐檯提供約50種不同品項，必須兼顧美味和營養，除維持兩肉、兩菜、兩澱粉的基本需求外，餐點還不能有內臟、禁辣，光菜單就被MLB修改20多次，像是原定的鮮奶茶、炒米粉、炒麵全被換掉；茶葉蛋也因要剝殼被退貨，最後改以蒸蛋或烘蛋形式呈現。另MLB指定無穀麵包和長條形的餐包，也特別請中央廚房客製化研發。除中華隊球員，還有荷蘭、義大利及古巴球員，要滿足各國球員口味，菜單也傷透腦筋。戴菀伶說，荷蘭球員希望喝到濃湯，但大聯盟要求食材不得有帶殼海鮮與奶油等反式脂肪，因此以鮮奶煮濃湯；義大利球員則指定要紅醬義大利麵，不要青醬及白醬；另還有7名吃素的外籍球員，因此特別客製化「墨西哥蔬菜捲餅」，口味清爽，一出餐就被球員搶光。負責研發菜單的主廚陳純賢說，為了經典賽，研發出50多道不同的特色餐點，外籍球員特別喜愛燉煮類食品，因此準備紅酒燉牛肉；中華隊球員則愛吃台式炒飯，也有球員愛吃鹽焗雞；主廚也會現場包壽司，方便球員上場前吃點輕食墊胃。為替中華隊加油，饗食天堂即日起至3月底，憑任一世界棒球經典賽實體票根消費用餐，即享整桌平日午餐及下午餐95折；饗食天堂也預計於今年6月在台中三井LaLaport開第二家分店，擴大美食版圖。經典賽球員客製化菜單曝光，紅酒燉牛肉、台式炒飯都在名單內。記者余采瀅／攝影每天餐檯提供約50種不同品項，有球員喜愛吃鹽焗雞。記者余采瀅／攝影世界棒球經典賽在台中開打，為滿足各國球員們的飲食需求，每天餐檯提供約50種不同品項。圖／饗賓餐旅事業提供世界棒球經典賽在台中開打，為滿足各國球員們的飲食需求，每天餐檯提供約50種不同品項。圖／饗賓餐旅事業提供經典賽大會邀請饗食天堂團隊進駐，包括教練、球員、工作人員，每天要提供近千人膳食。圖／饗賓餐旅事業提供,UDN
37,經典賽／不是天使隊強投！ 巴拿馬推右投梅西亞先發戰中華,2023-03-07 10:21:00,運動,,https://udn.com/news/story/10785/7013869,第5屆WBC經典賽明天開打，中華隊首戰將面對巴拿馬，根據《ETtoday》報導，對方預計推出具大聯盟資歷的右投梅西亞（Humberto Mejia）登板先發，梅西亞去年在墨西哥聯盟打球，今年初則和大都會隊簽下小聯盟合約，重返美職體系。梅西亞身高193公分、體重110公斤，曾在2020、21年上過大聯盟，出賽8場都是先發，戰績0勝5敗、防禦率6.68。據《Baseball Savant》顯示，梅西亞2021年四縫線直球使用比例為42.3%，均速92英里（約148公里），伸卡球20.9%、滑球17.3%，變速球15.9%，曲球3.6%。梅西亞去年季初效力響尾蛇3A，出賽9場都是後援，防禦率9.60。隨後轉戰墨聯出賽11場全是先發，防禦率5.61，略低於聯盟平均防禦率6.06。墨聯結束後，梅西亞加入多明尼加冬季聯盟，出賽10場都是先發，防禦率2.15，低於聯盟平均防禦率3.05，表現相當出色。去年經典賽資格賽梅西亞也有代表巴拿馬出賽，面對阿根廷主投4局0失分拿下勝投，飆出5K，0保送，只被敲2安，巴拿馬最終也取得會內賽資格。,UDN
38,經典賽／ESPN最新戰力榜分四等級 中華隊第11在最弱分組,2023-03-07 11:05:00,運動,,https://udn.com/news/story/10785/7013948,世界棒球經典賽明天開打，美媒《ESPN》也發布最新戰力榜，多明尼加仍排第1，美國第2，日本第3，中華隊第11。《ESPN》將20隊分成4個等級，「奪冠熱門」、「具競爭力」、「很難理解」、「快樂參賽」。其中古巴和荷蘭都被視為具競爭力，中華隊、義大利為很難理解，巴拿馬則是快樂參賽。該文介紹中華隊長年在世界青少棒等級大賽取得優異成績，國內也擁有職業聯賽，另外還曾拿下2019年亞錦賽冠軍。該文指出，「中華隊擁有預賽A組的主場優勢，『這是最開放（也是最弱）的一組』主場優勢也許能幫中華隊賽史第二度晉級複賽。」該文也點出三名重要球員，張育成是唯一來自台灣的大聯盟球員，林立是中職MVP兼三冠王，吉力吉撈‧鞏冠是中職全壘打王，曾效力過守護者隊3A。文末提到有趣的事實，「中職一季120場，分成上下半季。若MLB想讓賽季後半段更有趣，減少擺爛球隊並重新規劃季後賽，這賽制值得深思。」,UDN
39,經典賽／正賽8日開打 中市府提供逾千免費無線上網熱點,2023-03-07 13:20:00,運動,,https://udn.com/news/story/10785/7013988,世界棒球經典賽（WBC）A組預賽明天起在台中洲際棒球場開打，台中市政府數位治理局在市府官網建置網站專區，布建上千個免費無線上網熱點，方便國內、外旅客關注賽事。數位局今天發布新聞稿表示，在市府官網建置「2023世界棒球經典賽在台中」網站專區，結合市府布建超過1100個iTaichung免費無線上網熱點，方便旅客到台中可連結免費網路。數位局長林谷隆表示，為讓旅客到台中觀賽時快速掌握WBC賽程及資訊，數位局整合市府各局處推出WBC專區網頁，民眾可隨時利用iTaichung免費無線上網熱點進專區。林谷隆說，無線網路熱點位置包含洽公場所、大眾運輸節點（如台中火車站周邊、高鐵烏日站及公路客運轉運站等）和熱門觀光旅遊景點，洲際棒球場周圍也提供WiFi熱點服務。,UDN
40,經典賽／大谷翔平球棒裂開仍轟出牆 山川穗高：不想打棒球了,2023-03-07 11:28:00,運動,,https://udn.com/news/story/10785/7014033,世界棒球經典賽即將開打，日籍球星大谷翔平昨天在官辦熱身賽，敲出雙響砲，進帳6分打點，幫助日本隊以8比1擊敗日職阪神虎隊。大谷翔平的第一發跪地全壘打已經夠驚人，沒想到他的隊友透露，擊出第二轟當下球棒已裂開。大谷翔平在第3局跪地擊出三分砲，震驚全場球迷。第5局大谷翔平再轟出三分砲，他拿著球棒回休息室時，隊友近藤健介發現大谷的球棒已經裂開，感到相當訝異，另外一位隊友山川穗高則是一臉苦笑。大谷翔平賽後受訪表示：「由於時差關係，身體狀況還未達100%。」他也坦言，第二發純粹是用力量把球轟出去。山川穗高賽後受訪時也談到大谷的怪力，他開玩笑表示，「真的不想打棒球了，我們不像在打一樣的比賽」、「第一轟根本是開玩笑吧！第二轟球棒還裂開」。挨轟的阪神投手富田蓮也表示，「當下感覺到球棒有斷裂，原以為是平凡的高飛球，沒想到被大谷的力量帶出去。」,UDN
41,經典賽／李維拉暢談心路歷程 稱卡特球是上帝的恩典 ,2023-03-07 11:33:00,運動,,https://udn.com/news/story/10785/7014100,生涯13度入選明星賽、5度拿下世界大賽冠軍的前紐約洋基守護神李維拉（Mariano Rivera），近日受邀來台擔任中國信託獨家冠名贊助的2023世界棒球經典賽開幕戰開球嘉賓，而今天他也舉行個人分享會，與球迷暢談自已的棒球心路歷程。巴拿馬裔美籍的李維拉，生涯以652次救援成功成為MLB歷史救援王，在2013年退休後，更於2019年以百分之百得票率成為首位全票入選棒球名人堂的球員，近日他則是受邀來台為世界棒球經典賽開球，而今天李維拉也舉行個人分享會，也是他來台後首場公開行程。在今天分享會上，李維拉透露自己年輕時期曾夢想的是成為像是「球王」比利（Pele）這樣的偉大足球球員，儘管他發現自己並沒有在這方面的天賦，不過最終他卻在棒球場找到一片天，談到自己生涯引以為傲的那顆招牌卡特球時，他則說：「這是上帝的恩典賦予我，那球種是棒球上最好用也最難打的球種，感謝上帝引導我的生涯。」李維拉受邀為經典賽開球，今天先舉行個人分享會，與球迷暢談自已的棒球心路歷程。 記者余承翰／攝影對於受邀來台為經典賽開球並將參與公益棒球訓練營，李維拉指出，自己與太太成立名為「救援653」的個人基金會，就是希望灌輸年輕運動員除了運動外，也必須兼顧學業的觀念，他也舉例自己的兒子李維拉三世（Mariano Rivera Jr.）在大學學業還有一年就能完成的情況下，雖然在2014年選秀會被洋基隊選中，不過他仍希望兒子能回到學校完成學業後再投身職業賽場。李維拉也指出，在2013年退休後，除了花不少時間陪伴家人外，也希望協助培育更多年輕優秀球員，希望能夠啟發他們的夢想，「我願意給予他們建議，如果這次無法回答到，下一次我會再回到台灣來。」最後李維拉也以自身的故事鼓勵年輕球員勇於追夢，並分享到當年與王建民合作時，就在他身上看到了他想要變得更好的決心，「千萬不要放棄追逐夢想，要為了夢想持續努力，大家都有自己的本分與天份，要怎麼實現就是要有不放棄的精神，這條路會很艱難，但要展現決心和毅力，就能面對這些挫折。」,UDN
42,經典賽／巴台之戰支持誰 李維拉：希望有一場好比賽,2023-03-07 11:57:00,運動,,https://udn.com/news/story/10785/7014201,前洋基守護神李維拉近日受邀來台擔任經典賽中華隊與巴拿馬之戰的開球嘉賓（Mariano Rivera），在今天出席記者會被問到將會在開幕戰支持哪支球隊時，巴拿馬裔美籍的李維拉也笑著表示，雖然自己會支持巴拿馬，但目前身在台灣的他也會支持中華隊，但最重要的是希望兩隊能打出一場好比賽。2023世界棒球經典賽將在明天於台中洲際棒球場點燃戰火，其中在首場古巴與荷蘭之戰後，就將上演由巴拿馬出戰中華隊的開幕戰，而該場比賽也將邀請大聯盟歷史救援王李維拉擔任開球嘉賓。在今天出席分享會與記者會時，李維拉也被問到將會在開幕戰支持哪支球隊時，他則笑著表示，自己肯定會支持巴拿馬，但既然他人現在在台灣，所以自然也會幫中華隊加油，不過最重要的是希望兩隊能帶來一場精彩的比賽。對於來台後一度表示，台灣就跟過去昔日洋基隊友王建民跟他形容的一樣美麗，李維拉則透露，自己與王建民已經有將近10年沒有聯繫，但過去當隊友時也時常與他分享台灣的美好，尤其在來到台灣後他也充分感受到球迷的熱情，「來這邊幾天大家對我很好，很開心有這樣的經驗，下次來希望花一點時間在年輕人身上，因為棒球是能夠幫助實現夢想的工具。」,UDN
43,經典賽／荷蘭隊在藏有先例？ 10年前被大學生打爆仍晉四強,2023-03-07 12:34:00,運動,,https://udn.com/news/story/10785/7014306,世界棒球經典賽明天開打，荷蘭隊昨天在官辦熱身賽以2：4不敵台鋼雄鷹，加上先前以1：2輸給富邦悍將，讓不少球迷感到驚訝。其實荷蘭過往在熱身賽也有表現不佳的紀錄，但正賽都能打出好成績。以2013年經典賽熱身賽為例，當時荷蘭5：10不敵台灣體大，結果正式比賽荷蘭一路殺進四強。2017年荷蘭在熱身賽以2：4輸給韓職二軍尚武隊，結果正式比賽5：0完封南韓，最後同樣晉級四強。除了荷蘭外，日本上屆也在熱身賽不敵日職阪神虎，美國對上大聯盟球隊則吞下0勝2敗，不過最後美國奪冠，日本也打進四強，從結果來看，熱身賽的成績僅供參考。目前A組強敵荷蘭、古巴熱身賽表現都不如預期，中華隊則是從2月中以來，已取得熱身賽10連勝，究竟能否突破小組賽，本周就能見真章。,UDN
44,經典賽／李維拉推Save 653計畫 強調學童受教育重要性,2023-03-07 15:54:00,運動,,https://udn.com/news/story/10785/7014367,入選美國國家棒球名人堂的美國職業棒球大聯盟（MLB）救援王李維拉（Mariano Rivera）今天提到「教育」重要性，力推「Save 653計畫」，希望幫學童有完善教育體系。他說，計畫著重教育，想成立教育中心，世界上很多小孩無法好好念書，教育中心就要幫這些小朋友有完善教育體系。李維拉生涯締造652次救援成功，至今仍是MLB紀錄，建立短期內應無人能破的「李維拉障礙」。李維拉應邀訪台為明天世界棒球經典賽（WBC）台灣隊對戰巴拿馬隊開球，上午先在位於台北市的中國信託金融園區舉辦分享會，和台灣基層教練、球員交換心得。李維拉父親是漁夫，小時候家中經濟狀況不好，這讓李維拉在MLB站穩腳步後體會教育重要性，和太太成立李維拉基金會，後續推出「Save 653計畫」。李維拉表示，他從6歲開始打棒球、踢足球，心中還是覺得教育最重要，再傑出的運動員都很可能為1場大傷而結束生涯，但如果有一定教育程度，可自助還能繼續養家餬口。堅持教育理念的李維拉舉例說，他生涯唯一效力的紐約洋基隊（New York Yankees）2014年選中兒子小李維拉（Mariano Rivera Jr.），但他堅持要兒子先完成大4學業，而小李維拉也在隔年被華盛頓國民隊（Washington Nationals）選中。,UDN
45,經典賽／李維拉名字竟被拼錯 主辦單位緊急修正仍遭網友砲轟,2023-03-07 13:59:00,運動,,https://udn.com/news/story/10785/7014546,大聯盟名人堂強投「洋基守護神」李維拉（Mariano Rivera）受邀來台灣為經典賽開球，今天他也舉行個人分享會，沒想到現場出現意外插曲，主辦單位竟將李維拉名字「Mariano」拼成「Nariano」，雖緊急修改，但仍引發網友熱議。這場分享會有網路直播，在李維拉進場前，就有眼尖的網友發現背板的名字拼錯，所幸主辦單位也即時做出修正，不過消息仍被轉至PTT，主辦單位慘遭網友砲轟，「笑死」、「真丟臉」、「太誇張了」。李維拉昨天抵台後，先到台北101鼎泰豐用餐，隨後登上大樓觀景台，也從大樓落地窗，觀看台北市街景，明天將在中華巴拿馬之戰擔任開球嘉賓。美國大聯盟紐約洋基隊前守護神李維拉（Mariano Rivera）受邀來台擔任世界棒球經典賽開球嘉賓，今天出席分享會，與球迷暢談棒球心路歷程。 記者余承翰／攝影,UDN
46,經典賽／沒有兇大哥啦！張育成解密對話笑稱「打不贏」,2023-03-07 14:06:00,運動,,https://udn.com/news/story/10785/7014621,張進德、張育成兄弟檔昨天在打擊區的交鋒吸引球迷關注視線，球迷好奇兄弟到底為何而吵，張育成今天透過社群網站揭曉答案，澄清兩人並未爭吵，也沒有要打架，笑稱「打不贏」。中華隊昨天在官辦熱身賽對上富邦悍將隊，張進德擔任悍將先發捕手，與披上中華隊球衣的張育成同場交鋒，張育成4打席3度上壘，包括1支全壘打、1支二壘打、1次保送，唯一出局是在第3局的三振。當時張育成在兩出局時站上打擊區，一開始還與大哥有說有笑，下一球揮空吞下三振就明顯有氣，還將頭盔摔到地上。張育成賽後解釋摔頭盔的動作，「是想把自己打醒，那個打席太急躁，打到壞球，一顆很壞的、不應該打的球，所以有情緒在。」然而照片中氣噗噗的模樣，仍然引起球迷熱議，張育成今天在臉書寫道，當時自己是問：「哥，剛剛那顆是卡特嗎？」他表示，「怎麼可能兇我哥，是在氣自己揮了一顆不該揮的球！」張育成進一步表示，「照片的我看起來也太兇了吧！沒事沒事絕對沒有要打架，也打不贏哥哥。」,UDN
47,經典賽／主場氣勢十足 盧秀燕球衣背號選「3」有深意,2023-03-07 14:25:00,運動,,https://udn.com/news/story/10785/7014689,2023世界棒球經典賽（WBC）首輪A組預賽3月8日起在台中洲際棒球場開打，台中市政府是主辦城市，今天開市政會議，市長盧秀燕及各局處首長，穿棒球衣入場，展現跨局處辦好球賽的氣勢，各自選號碼，「數字會說話」。2023世界棒球經典賽（WBC）首輪A組預賽3月8日至12日將在台中洲際棒球場舉行，台灣隊迎戰荷蘭、古巴、義大利、巴拿馬。今天球賽前夕，台中市政會議，與會者穿著棒球衣入場，自選0至99號碼。市長盧秀燕因連續2次競選台中市長都是抽籤都是3號，因此挑「3」號球衣。運動局長李昱叡穿上「1」號球衣，希望地主隊順利晉級，前進美國。市府局處長自選號碼，據了解，研考會主委劉彥澧選18號，因他與老婆徐巧芯生日都是18；水利局長范世億取名字諧音「41」。多人選幸運數字，如勞工局長張大春挑「88」、民政局長吳世瑋與客委會主委江俊龍都選「77」。秘書處長謝佳蓁「14」與工策會總幹事邱于珊「13」兩人比愛心是「一生一世」。盧秀燕指出，世界棒球經典賽是國際重要的棒球盛事，各國均比照奧運規格，台灣與日本均邀大聯盟選手加入。經典賽是「含金量」高的國際賽事，市府至少花一年籌備。估計會有10萬球迷到台中看球賽，帶動「經典商機」。台中市長盧秀燕穿3號球衣，主持市政會議。記者陳秋雲/攝影,UDN
48,經典賽／親眼目睹台式應援就愛上 美記者：等不及看比賽了,2023-03-07 15:34:00,運動,,https://udn.com/news/story/10785/7014884,大聯盟官網記者摩納根（Matt Monagan）擔任本屆A組賽事官方主播，他日前曾撰文介紹台灣棒球文化，並盛讚台灣是「美麗的島嶼」，近日他抵達台灣，親眼目睹後，就愛上台式應援。摩納根先前分享一張500元紙鈔的照片，在貼文寫下「台灣有多瘋棒球？他們把它印在鈔票上。」引發熱議。近日經典賽熱身賽展開，除了球員外，應援團和啦啦隊也加緊腳步練習，期望能盡快調整到最佳狀態。摩納根也親眼見證並寫道，「很喜歡台灣球迷看比賽時，一邊歡呼一邊跳舞的樣子。」摩納根也指出，「即使這場比賽只是熱身賽，觀眾也不多，但加油氣氛仍非常熱烈，已經等不及要看正式比賽了！」Constant party atmosphere here at Intercontinental for Chinese Taipei. Not even a real game or huge crowd. Cannot wait for later this week pic.twitter.com/MwLT9KEb8w本屆A組賽事將在台中洲際棒球場展開，地主中華隊將和古巴、荷蘭、義大利、巴拿馬爭奪2張8強門票，明日晚上7點中華隊將迎戰巴拿馬。,UDN
49,經典賽／中市府廣場辦直播派對 23名攤市集嘉年華看球賽吃美食,2023-03-07 15:37:00,運動,,https://udn.com/news/story/10785/7014925,「2023世界棒球經典賽（WBC）」明在台灣、日本、美國舉行，A組分組預賽在洲際棒球場登場，中華隊8日、10日、11日及12日對戰巴拿馬、義大利、荷蘭及古巴，市府秘書處在台灣大道市政大樓前廣場舉辦大型直播活動，為中華隊加油!秘書處長謝佳蓁說，市府廣場1300吋LED電視牆每到國際運動賽事時，扮演重要直播角色；第3屆、第4屆世界棒球經典賽、職棒總冠軍賽、2022年FIFA卡達世界盃足球賽等重要賽事，中市府都舉辦直播活動，邀球迷觀賽加油。謝佳蓁說，明起至12日規劃中華隊的4場賽事直播；明日首戰，晚上6點舉辦市集嘉年華，邀曾得獎的特色知名店家23攤，除觀賽還能品嘗台中美食，一起為中華隊加油打氣。秘書處提醒，若想掌握府前廣場經典賽轉播時段，可於市政大樓出入口、公佈欄、電視牆跑馬燈及秘書處粉專搜尋相關資訊，來現場觀看直播賽事民眾可至市府及市政公園地下停車場停車，一起來感受熱烈的氣氛，共同為中華隊打氣加油。,UDN
50,經典賽／開打倒數 養「足」千日 LA NEW為中華隊帥氣加持！,2023-03-07 15:50:00,運動,,https://udn.com/news/story/10785/7014935,"2023世界棒球經典賽倒數中，中華隊小組預賽8日將在台中洲際棒球開打！2月以來中華隊持續在熱身賽創下佳績，展現超強競爭氣勢，全台灣球迷無不加入應援行列，LA NEW作為台灣棒球長期的支持者，也特地為本次中華隊出賽準備了客製化量身打造的經典紳士鞋為球隊帥氣加持，力挺國家隊再創經典高峰！面對緊鑼密鼓備戰賽事，球員身體狀態的維持更是應戰的關鍵，而棒球是仰賴全身身體肌肉協調性與穩定度的棒球賽事，快而有力的肌肉協調與支援是關鍵，所有跑、蹲、跳的攻與守動作都牽涉了球員足部的狀態，中華隊首度分享除了一般體能訓練之外，球員平日的護足觀念，從分享中看得出中華代表隊高度自律態度，果然「養足」千日，用於一時，積蓄的能量必能於經典賽中展現最佳狀態！中華隊在面對高強度備賽期間，需要隨時關注身體的穩定性，球員平時的自我照護，更是高度影響著場上表現，更甚是影響到長遠的職涯發展。棒球員除了常見的肩膀、手肘、腰部受傷問題，其實下肢也可能因滑壘、翻轉、踩踏等動作產生扭傷及發炎，而指甲修剪及選鞋不正確，也易產生指甲倒插、過度摩擦等大小足部問題。LA NEW作為足健康專家，特別整理3大棒球運動的養足觀念，並邀請中華隊選手及教練，以運動員經驗分享護足方式，除了要正確建立肌肉恢復力、建立養足習慣，面對特殊足部問題更建議打造客製化鞋款，以「養足」千日前進世界殿堂！經典賽足部高強度操練 賽後舒壓建立肌肉恢復力 圖2-2：LA_NEW特別整理3大棒球運動的養足觀念，總教練林岳平以運動員經驗分享護足方式LA_NEW特別整理3大棒球運動的養足觀念，總教練林岳平以運動員經驗分享護足方式。棒球賽事平均3至4小時、經典賽分組賽程5天內要打4場硬仗，更面臨24小時內要與荷蘭、古巴對戰的挑戰，對球員身體肌力及心理耐力都是考驗。尤其賽事中高度仰賴下肢肌肉，高強度收縮及快速爆發力啟動，都易造成肌肉高度緊繃及疲勞，因此下場後的下肢的放鬆及舒緩就成了關鍵足下功夫，許多球員也分享賽後會固定請防護員進行下肢及足部的按摩舒緩，使用筋膜球按壓腳底、泡冰水的方式緩解。有效的按摩、肌肉放鬆可以減緩肌肉發炎及痠痛，讓中華隊球員建立肌肉恢復力，在每一場關鍵賽事展現絕佳狀態。日常養足好習慣 球員自律打造好腳力而針對球員的日常生活，選手也分享養足還是回歸日常的習慣建立，棒球訓練的高強度，免不了指甲翻轉、倒插、腳底板緊繃、使用過度等問題。年輕投手曾峻岳分享：「為避免足部撞擊，平常不會穿露腳趾的鞋、也會選擇適合的鞋墊降低足部壓力。」打擊好手林立也分享：「過往曾經歷鞋子不適合，導致拇指外翻的狀況，因此現在會更小心謹慎的選鞋及保養足部」。總教練林岳平也分享：「投手的腳趾大拇指會快速翻轉，所以指甲通常都會剪得很短，可以降低腳趾倒插機會，以避免受傷」，從球員的私下分享中，不難看出球員對日常養足好習慣下足功夫，展現專業選手的高度自律及對足健康的重視。作為足健康專家的LA NEW，也分享足部健康是民眾身體健康基石，若忽視足部不舒服的警訊，長期下來恐造成更嚴重疾病，LA NEW勉勵民眾如運動員般的重視足部健康，建立養足好習慣，自律打造好腳力。適足選鞋！解放足部壓力，避免運動傷害一般人一生平均走超過 115,000 英里，相當於繞著地球走4圈多，更不用說以專業運動員的角度去計算步數，而球員足部幾乎因應長期訓練與賽事都悶在球鞋裡，更易造成高強度的摩擦及碰撞，足部肌肉與骨骼需要在合適的足履環境下避免職業運動傷害，中華隊總教練林岳平也分享：「野手足步內側快速跑動、投手投球足部急煞車，都容易產生摩擦及厚繭」，顯見運動員挑選適合的鞋型，以降低摩擦或壓迫更為重要。LA NEW作為足健康專家並持續推廣「先量腳，再選鞋」的護足養足的觀念，唯有完整量足步驟，才能了解最適合個人需求的鞋款，助力球員在場上創造佳績！LA_NEW特別為中華隊準備人腳一雙客製經典紳士鞋，期許為中華隊帥氣加持外，量身打造的紳士鞋，也能讓球員在正式場合上有護足的絕佳選擇！LA_NEW特別為中華隊準備人腳一雙客製經典紳士鞋，期許為中華隊帥氣加持外，量身打造的紳士鞋，也能讓球員在正式場合上有護足的絕佳選擇！經典賽集訓及熱身賽中華隊皆展現挺進決賽的企圖心，LA NEW特別為中華隊，準備客製化經典紳士鞋，以最新科技足測技術3D Lite儀器將每位球員足長、足寬、足圍、足形、足壓一次精準完整蒐集，球員在緊繃的訓練行程之餘，試穿量腳展現靦腆又帥氣的另一面，也在養腳習慣上，有非常實用趣味的分享。LA NEW做為長期支持台灣棒球隊的足健康照護品牌，此次非常開心及興奮，能結合自身專業為球員送上這份特別禮物，期許為中華隊的帥氣加持外，量身打造的紳士鞋，讓球員護足又有型！LA NEW官方網站：https://www.lanew.com.tw/ ",UDN
51,經典賽／宣傳品傳禁入球場？  承辦單位：可帶國旗進場,2023-03-07 16:33:00,運動,,https://udn.com/news/story/10785/7014964,世界棒球經典賽場內受大聯盟的規範，這次傳宣傳品被擋，跟是否有印製青天白日滿地紅的國旗無關，而是需經大聯盟同意。台灣區預賽承辦單位悍創表示，比賽時確定可以帶國旗入場。民進黨立委張廖萬堅今天在立法院會質詢指出，轉播世界棒球經典賽（WBC）的愛爾達電視台，印製有台灣名稱和國旗的賽程宣傳品，遭主辦方禁止帶入場發送。教育部長潘文忠回應，台灣觀眾要帶國旗、宣傳品進場，為台灣加油，這一定要全力支持。對此，A組預賽承辦單位悍創運動行銷表示，規範裡面並沒有規定不能帶國旗，所以當然比賽時可以帶，絕對不可能會擋國旗進場。在經典賽期間，所有比賽場內都受大聯盟的管轄和規範，因此這次傳出宣傳品被擋，跟上面是否有印製青天白日滿地紅的國旗無關，而是需經過大聯盟同意。悍創也表示，沒經過同意並無權在場內發放傳單。愛爾達則回應，相關細節不便透露，一切都照大聯盟規範，接下來會把精彩比賽呈現給大家。世界棒球經典賽A組預賽即將於明天正式開打，A組有地主台灣隊，還有巴拿馬、荷蘭、義大利、古巴隊，取2隊晉級。,UDN
52,經典賽 ／應援中華隊 中市餐飲飯店祭優惠,2023-03-07 18:03:00,運動,,https://udn.com/news/story/10785/7015172,2023年世界棒球經典賽（WBC）明天起在台中開打，台中市各商圈、夜市及公有市場都懸掛宣傳布條、加油看板，餐飲及飯店業者也祭出優惠，共同應援為台灣隊加油。2023年世界棒球經典賽（WBC）睽違10年重返台中舉辦，將於8日至12日在台中洲際棒球場開打。這場賽事成為台中市的盛會，台中市政府整合全市23大商圈、11大夜市及42處公有市場懸掛宣傳布條、跑馬燈及加油看板，共同應援為台灣隊加油。台中市政府預估經典賽期間將有10萬人潮湧入，民間業者也熱烈響應，祭出優惠方案，位於台中七期的「溫十八」溫體牛火鍋今天宣布，只要路過出示球賽票根或著球衣者，就可以兌換東海大學生產的手工牛奶冰棒1枝「吃冰棒、挺強棒」。溫十八總經理蕭淑惠接受媒體聯訪表示，台灣隊選手張育成日前也曾前來品嚐，還留下1顆簽名球，為了力挺台灣隊，7日到21日期間只要在溫十八臉書留言區預測經典賽冠軍隊，就可參加抽獎，22日中午抽出「雙人海陸套餐」1份，此外，憑票根、穿球衣或入場證明進來消費就可兌換手打牛肉丸1份。日月千禧酒店於8日到12日期間，憑票根、工作證住房也有優惠，平均下殺3.6折到4.4折。民眾於31日前持票根到「築間餐飲集團」旗下的築間幸福鍋物、燒肉Smile台中地區門店用餐，即贈9選1菜品；至有之和牛鍋物放題、本格和牛燒肉放題台中地區門店用餐，享免費升級火烤兩吃。,UDN
53,經典賽／只差「官宣」 中華隊首戰先發不提前亮牌但本人已知,2023-03-07 17:13:00,運動,,https://udn.com/news/story/10785/7015210,世界棒球經典賽明天開打，中華隊首戰巴拿馬隊，對於先發投手，總教練林岳平不提前「亮牌」，選手本人已經知道，但等待晚間9點賽再正式公布，對於巴拿馬隊所揭露的梅西亞（Humberto Mejia），也抱持不全信的態度。中華隊今天進行最後的練兵日，林岳平在練球前接受媒體聯訪，外界最關心先發投手是誰，他維持一貫論調，等待官方正式公布，「規定是這樣，不用急於先講。」林岳平表示，第一戰所有投手都會備戰，而將要先發的那個人，「他已經知道了」。巴拿馬已經表態由梅西亞先發，林岳平表示，沒有很針對這位投手，「公布後是真是假才知道，晚上開會後會針對陣容去做對應，現在先不會去假想，以正式公布為主。」談到最終日的調整，餅總表示，「專心讓球隊穩定表現，搶下第一戰狠重要。」最晚報到的旅美投手鄧愷威，在官辦熱身賽表現堪慮，面對5人次沒取得出局數，被敲2安打、3保送，今天也會再次進牛棚調整。中華隊在官辦熱身賽兩戰端出兩套打線，哪套打起來感覺攻勢比較順？林岳平對此回應：「沒有哪一套，3月8日排出去的那一套會贏球就是最好的打線。」,UDN
54,經典賽／對台之戰交給梅西亞 總教練：我們相信他,2023-03-07 17:18:00,運動,,https://udn.com/news/story/10785/7015218,巴拿馬隊尋求世界棒球經典賽史首勝，明天首戰推出梅西亞（Humberto Mejia）先發，面對地主中華隊，欽點他打頭陣的原因，總教練歐提茲（Luis Ortiz）說：「因為我們相信他」。梅西亞具備2年大聯盟資歷，出賽8場都是先發，取得0勝5敗、防禦率6.68，去年5月遭響尾蛇隊釋出，轉往在墨西哥聯盟打拚，今年1月與大都會隊簽下小聯盟合約回到美職體系。巴拿馬隊總教練歐提茲。記者陳宛晶／攝影歐提茲表示，巴拿馬隊的優勢是整體戰力，包括投打守，他坦言對中華隊沒有太深入的了解，但知道他們是很好的球隊，「我們會以最好的姿態，面對這次經典賽最好的球隊之一。」梅西亞對於扛起首戰先發表露自信，「不是今天才開始準備，1月14就開始春訓，昨天也有練投，持續為經典賽在準備。」巴拿馬隊過去兩度參與過經典賽，累積0勝5敗，勝場還未開胡，本屆從資格賽闖關，歐提茲表示，球隊已經為了這個比賽準備了3年，「我們已經準備好面對明天一戰，想辦法去贏得比賽。」,UDN
55,經典賽／自知最後一次參戰 荷蘭巴倫汀：下次可能是教練了,2023-03-07 17:27:00,運動,,https://udn.com/news/story/10785/7015245,日本職棒單季60轟紀錄保持者巴倫汀（Wladimir Balentien），第三度為荷蘭隊出戰世界棒球經典賽，38歲的他自知是最後一次「經典之旅」，但距離選手退役還不到時候，他有意再打一、兩年，對於來台打球也不排斥。荷蘭隊過去兩度闖進四強，陣中多位具備大聯盟資歷的選手，實力堅強，巴倫汀第三度參戰經典賽，2013年也隨荷蘭隊來到台灣出賽。巴倫汀坦言，「這有可能是我最後一次打經典賽，會好好享受，希望可以跟團隊一起贏到最後。」若下次再披上荷蘭球衣，他笑答：「那我應該已經是教練了。」儘管逼近國家隊告別時刻，但他認為自己的選手生涯還有再戰1、2年的能耐，若有機會，不排斥到台灣打球。巴倫汀握有日職單季60轟紀錄，去年村上宗隆以56轟逼近，巴倫汀表示，「全壘打紀錄現在還是我的，村上是個很棒的打者，去年也打出很棒的賽季，希望他今年可以打破我的紀錄。」,UDN
56,經典賽／名人堂球星李維拉傳承經驗：不知道自己會成為救援王,2023-03-07 18:01:00,運動,,https://udn.com/news/story/10785/7015342,「台灣運彩公益棒球訓練營」今日在台中洲際棒球場登場，邀請MLB名人堂球星李維拉化身教練，親授40位小選手棒球技巧，透過交流、實務講解及分組練習等方式，傳承美國職棒大聯盟投手生涯的寶貴經驗。台中市長盧秀燕也出席向李維拉表達歡迎之意，她說，「在他經驗的傳授下，將打造下一個世界球星」。世界棒球經典賽（WBC）睽違10年今年再度回到台中舉辦，A組預賽3月8日將在台中洲際棒球場開打，邀請生涯13度入選明星賽、5度拿下世界大賽冠軍的前紐約洋基守護神李維拉（Mariano Rivera）擔任中華隊首戰賽事開球嘉賓，並於今日公益棒球訓練營擔任小選手們的教練。盧秀燕表示，世界棒球巨星李維拉至台中擔任開幕開球嘉賓，他此次造訪台灣的時間非常短，台中市是培養棒球人才的重點基地，因此希望把握機會請他指導，感謝台灣運彩贊助，邀請李維拉撥空參與公益棒球訓練營，也感謝「他聽見了！」願意面對面給予孩子指導，孩子們相當幸運與開心，能夠親自接受李維拉的指導，也希望將他的指導經驗傳承到其他學校。「台灣運彩公益棒球訓練營」今日在台中洲際棒球場登場，邀請MLB名人堂球星李維拉化身教練，親授40位小選手棒球技巧。圖／台中市政府提供盧秀燕提到，由於李維拉第一次到台中，是重要貴賓，也會準備知名在地美食珍珠奶茶及太陽餅。另外，在李維拉下榻的飯店也備有十大伴手禮、在地手工藝品漆器，非常豐富，盼讓李維拉帶回台中美好回憶。巴拿馬裔美籍的李維拉，生涯以652次救援成功成為MLB歷史救援王，在2013年退休後，更於2019年以百分之百得票率成為首位全票入選棒球名人堂的球員。李維拉今日出席棒球訓練營只有短短1小時，有學生詢問「李維拉第一次的救援心得」。李維拉說，不知道自己未來會成為救援王，但他很珍惜每次上場機會，才有今天卓越成績，他也鼓勵孩子，未來打職棒要堅持自己的夢想。,UDN
57,經典賽／給鄧愷威的最晚報到經驗談 胡智爲談心的武裝,2023-03-07 18:06:00,運動,,https://udn.com/news/story/10785/7015374,中華隊明天就要迎接世界棒球經典賽開打，投手群以鄧愷威的狀況最令外界擔憂，胡智爲在世界棒球12強賽也曾是最晚報到的選手，提供自己的經驗談，「越是疲勞時，心態就要越強大。」鄧愷威因參與大聯盟巨人隊春訓，3月3日才向中華隊報到，4日首度參與練球，他在官辦熱身賽面對5人次沒取得出局數，被敲2安打、3保送，距離正式開打所剩時間已經不多。胡智爲與鄧愷威熟識，談到這位旅美後輩目前的狀況有暖心提點，「我和他說去找可以救你一命的東西，不管是動作、心態還是節奏，去找一樣可以控制場面的東西。」他笑答：「我沒辦法跟他講太多，他這麼優秀。」總教練林岳平（左）1對1指導陣中投手鄧愷威（右），盼鄧愷威能調整到最佳狀態。 中央社胡智爲直言，畢竟剛下飛機，一開始沒覺得時差是因為年輕，但現在時差已經在攻擊他了，「我自己也是過來人。」胡智爲在2019年12強賽就是最晚報到的選手，從墨西哥遠道返台，他的經驗談是，「越疲勞時，心靈要越強大，才能支撐你精神上的疲勞。」胡智爲說：「為了比賽、為了國家，要把心態武裝起來，告訴自己不能這樣倒下，心裡每個時間點該做什麼事，要調整到最正確。」,UDN
58,經典賽／無意外！中華隊首戰交給「大哥」 胡智爲衝鋒,2023-03-07 18:31:00,運動,,https://udn.com/news/story/10785/7015420,世界棒球經典賽明天開打，中華隊首戰巴拿馬隊，先發投手揭曉答案，就是外界預料的胡智爲，由「大哥」出馬，扛起這場攸關氣勢的戰役。胡智爲在近期的熱身賽投出穩定身手，2月27日對味全龍隊先發4.1局無失分，3月4日的官辦熱身賽，面對中信兄弟隊投1局三上三下，在此次設定先發的投手中調整狀況最為穩定。今天在台體大棒球場的最終練球日結束後公布先發投手，就是胡智爲。胡智爲曾在世界棒球12強賽穿上中華隊球衣，當時中華隊的雙王牌為江少慶、張奕，胡智爲的出賽順序殿後，預賽對日本隊中繼3.2局無失分，複賽對澳洲隊先發5局無失分，表現相當出色。這回再披國家隊球衣，胡智爲的責任不同，要為中華隊在經典賽打頭陣，第一場比賽能不能贏舉足輕重。,UDN
59,經典賽／星光閃耀 紅雀隊亞瑞納多盼媲美世足賽風靡全球地位,2023-03-07 20:06:00,運動,,https://udn.com/news/story/10785/7015586,美國職棒大聯盟（MLB）聖路易紅雀隊3壘手、10屆金手套得主亞瑞納多希望，世界棒球經典賽能發展成如同世界盃足球賽一樣的全球性賽事，至少能接近那樣的地位。美聯社報導，亞瑞納多（Nolan Arenado）在今年第5屆世界棒球經典賽（World Baseball Classic）開幕前說，「我感到本屆比賽的宣傳力道超過2017年，有比較多的人願意投入。我知道這不同於世足賽，但看看世足賽以及代表各國參賽的球員有多榮耀…我不知道棒球經典賽是不是真能取得相同地位，但希望至少能接近那種地位」。世界經典賽是最重要的棒球國際錦標賽，本屆賽事明天將在台灣台中開打，A組台灣隊將出戰巴拿馬隊，荷蘭將對上古巴，同組另一隊是義大利。參賽隊伍已增加到20個，B組9日在日本東京開打，澳洲、中國、捷克、日本和韓國5隊爭奪晉級8強複賽門票。C組11日在亞利桑那州鳯凰城（Phoenix）開戰，共有衛冕的美國以及加拿大、哥倫比亞、墨西哥和英國5隊。D組也是11日開打，地點在佛羅里達州邁阿密（Miami），有多明尼加、以色列、尼加拉瓜、波多黎各和委內瑞拉5隊爭雄。擔任美國隊隊長的洛杉磯天使隊外野手、3度拿下美聯MVP的棒球金童楚勞特（Mike Trout）說，「我在上屆經典賽對於是否接受徵召有點猶豫不決，後來決定不加入國家隊，再後來我看了比賽，又有點後悔沒加入。」洛杉磯道奇隊明星外野手貝茲（Mookie Betts）、日本「二刀流」大谷翔平以及委內瑞拉的卡布瑞拉（Miguel Cabrera）和阿圖維（Jose Altuve）都是本屆經典賽各國代表隊的美國大聯盟MVP得主，有63人參加過大聯盟全明星賽。預賽4組各取前2名晉級8強淘汰賽，將分別於本月15日和16日在東京、17日和18日在邁阿密上場。4強賽19日和20日在邁阿密對戰，決賽21日在邁阿密馬林魚棒球場（Marlins Park）上演。大聯盟主席曼佛瑞德（Rob Manfred）表示：「雖然不是每一位，但有許多球員十分重視披上自己國家的戰袍。我認為，本屆經典賽的改變在於，大聯盟球團對於讓球員代表各國出賽的抗拒力減少了，而這一大部分應歸功於各國隊職員的專業，而且經典賽籌備人員也能配合，有助於使球員進入備戰狀態。」,UDN
60,經典賽／肉身擋球典藏10年 彭政閔期許選手創造自己的經典時刻,2023-03-07 20:05:00,運動,,https://udn.com/news/story/10785/7015596,10年前在世界棒球經典賽留下肉身擋球的經典畫面，「恰恰」彭政閔期許10年之後，現在的中華隊選手們開創屬於自己的「經典時刻」。中華隊在2017年經典賽預賽以3戰全敗收場，前一勝已要追溯到2013年的賽事，彭政閔當年參戰，在面對澳洲隊之戰化身「鋼鐵人」，以肉身擋球，不僅球迷難忘，也是許多選手心中的「經典」，聊起這項賽事就想起當年那一幕。此次擔任中華隊打擊教練的彭政閔不諱言，集訓期間選手多少會和他聊到，當年看他那球長大，但更多的還是對於經驗、想法、策略上的討教，「這都是好事，有些滿有國際賽經驗，有些在更高層級打過，不管如何都是在自己層級、聯盟最好的選手。」彭政閔期許這批選手創造屬於自己的「經典時刻」，他說：「我們的時代已經過去了，現在必須由他們來創造自己的時刻，留下讓球迷值得回味和回憶的東西，為自己去努力。」明天就要迎接大賽開打，談到最後備戰時刻給選手的提點，他說是「專注」與「觀察」，彭政閔解釋，「專注在當下所有play，觀察對手的優點和弱點，優點看要怎麼在下一次轉換成自己的，弱點則要找出來去擊破。」彭政閔指出，選手狀況調整按部就班，接下來比賽就要開打，不管調整得好或不好，「不好的，在腎上腺素上升，可能也會變成好的，好的就希望延續下去面對這次比賽。」,UDN
61,經典賽／李維拉棒球訓練營 3名人堂球星齊聚,2023-03-07 20:53:00,運動,,https://udn.com/news/story/10785/7015666,生涯有652次救援成功的MLB退役球星李維拉，明天將為世界棒球經典賽台灣隊對戰巴拿馬隊開球，李維拉今天與荷蘭隊投手教練布萊勒文、義大利隊總教練皮耶薩一起受訪，3個名人堂球星齊聚。名人堂球星、前美職紐約洋基守護神李維拉（Mariano Rivera）今天早上在台北南港中國信託金融園區參加「李維拉名人分享會」。分享會結束後，李維拉前往台中參加「李維拉棒球訓練營」，三光國中棒球隊20名球員參與活動。有機會能與偶像近距離互動傳接球，三光國中球員們直呼「太開心了！」李維拉勉勵小球員，夢想要靠自己爭取，努力訓練、學習一切技能，竭盡所能做好每件事，未來若不能打球，也不會後悔，這番話讓三光國中選手們受益良多。李維拉今天也與其他名人堂球星齊聚，與荷蘭隊投手教練布萊勒文（Bert Blyleven）、義大利隊總教練皮耶薩（Mike Piazza）一起進行媒體見面會。李維拉還記得當時前洋基隊友王建民因跑壘受傷，「深深讓我覺得投手不應該跑壘。」對於這次經典賽，李維拉說：「巴拿馬出生的我，當然支持巴拿馬拿到冠軍，但這次我代表棒球大使，看到這麼多國家能夠投入棒球，是最棒的事情。」對於台灣的印象，布萊勒文則表示，「我對台灣印象是人們很友善，我們也獲得一流款待，我代表荷蘭球員感謝台灣主辦這次比賽，但很抱歉，我們球場上不會讓步的。」皮耶薩在1993年曾跟著道奇隊來台灣打比賽，他談到，台灣棒球實力很深厚，這次台灣隊選手有很好的基本功，「或許不像其他國家選手有名，但他們很有競爭力，也高興看到棒球運動在台灣發展，期待經典賽激烈的競爭。」經典賽預賽A組在台灣的台中洲際棒球場進行，明天將點燃戰火，地主台灣隊的對手有巴拿馬隊、義大利隊、荷蘭隊、古巴隊。,UDN
62,經典賽／受邀開球 賴清德明天將與李維拉一起登場,2023-03-07 20:40:00,運動,,https://udn.com/news/story/10785/7015680,世界棒球經典賽（WBC）預賽明天將於台中開打，副總統賴清德受邀擔任開球嘉賓，將與前洋基隊終結者李維拉一起開球。賴清德今晚在臉書上說，他已經準備好球衣，明天要到現場開球，當然他也要趁這個機會，向李維拉（Mariano Rivera） 請教招牌「卡特球」的秘訣投法。賴清德說，明天就是全國球迷引頸期盼的世界棒球經典賽開打，相當高興台灣再度成為主辦國之一，歡迎巴拿馬、義大利、荷蘭、古巴國家隊來到台灣，為台灣球迷帶來高水準的球賽。也歡迎大聯盟傳奇球星李維拉來台開球，為球賽增添風采。賴清德表示，經典賽是一級國際賽事，從公布教練團、30 人名單確定、熱身賽開打，一直都是球迷間熱烈討論的話題。但是對職業選手來說，為了經典賽，要提早為球季開機，其實是一大挑戰。所以他要特別感謝國家隊的選手，包括參加集訓但未入選的選手，以及陪練的球員，是各位的參與，才能打造最強的國家隊。賴清德說，也要感謝為賽事籌備付出的所有人員，從場地、醫療、行政，每一個看似微不足道的工作，都是成就精彩賽事的重要元素。「大家辛苦了，每一位都是我們國家隊的成員。各位球迷朋友們，趕快準備好加油道具，明天開始我們都是場外的最佳第十人。WE ARE TAIWAN！一起做國家隊最強大的後盾！」,UDN
63,經典賽／中信攜手李維拉 為基層棒運挹注養分,2023-03-08 03:44:00,運動,,https://udn.com/news/story/10785/7015928,美國職棒大聯盟名人堂球星、洋基隊前守護神李維拉昨天舉辦「名人分享會」，解密戰功彪炳的傳奇生涯，中國信託商業銀行與中華棒球協會攜手，邀請各級棒球教練、選手及相關從業人員約二百五十人與會，期盼吸取這位退役球星經驗，為台灣基層棒運挹注養分、提升實力。中國信託銀行獨家冠名贊助第五屆世界棒球經典賽Ａ組預賽，巴拿馬裔的李維拉應邀來台為開幕戰開球，中信銀行董事長利明献表示，李維拉跟中國信託很有緣份，他與中信兄弟隊二軍投手教練王建民曾是洋基的戰友。此外，李維拉致力公益活動，協助需要幫助的青少年，這與中國信託以慈善、反毒、體育、教育及藝文為五大公益主軸，回饋社會的精神相同。李維拉以自身的故事鼓勵年輕球員勇於追夢，並分享當年與王建民合作時，在他身上看到想要變得更好的決心，只可惜因為受傷影響到生涯，「千萬不要放棄追逐夢想，要為了夢想持續努力，大家都有自己的本分與天分，要怎麼實現就是要有不放棄的精神，這條路會很艱難，但要展現決心和毅力，就能面對這些挫折。」分享會結束後，李維拉前往台中市參加「李維拉棒球訓練營」，中國信託慈善基金會「愛接棒計畫」扶助的南投縣三光國中棒球隊廿位球員參與活動，有機會能與偶像近距離互動傳接球，球員們直呼：「太開心了！」李維拉勉勵小球員，夢想、棒球都要靠自己爭取，努力訓練學習一切技能，竭盡所能做好每件事，未來若不能打球，也不會後悔，這一番話讓三光國中選手受益良多。 ▪ 經典賽即時新聞 ▪ 最新比分與完整賽程 ▪ 預賽分組戰績表 ▪ 經典賽專欄分析 經典賽WBC中華隊                    世界棒球經典賽開打第一天，中華隊就經歷人間煉獄般的一戰，投手調度連環崩盤，遭巴拿馬隊暴打兩個5分以上的大局，中華隊以5：...                                      還在尋求世界棒球經典賽史首勝的巴拿馬隊，今天面對中華隊在第4局敲開5分大局，單局得分已經直追隊史過去在經典賽的全部得分。                                      世界棒球經典賽A組賽程進入第二天，義大利隊才首度亮相，今晚在洲際棒球場與古巴隊打得難分難捨，演出本屆經典賽首次突破僵局制...                                      2023世界棒球經典賽今天開打，由洲際棒球場上演的荷蘭、古巴隊之戰揭開序幕，強強相碰在中午吸引6501人進場，最終由荷蘭...                                      B組南韓隊今天才出現姜白虎因慶祝離壘被觸殺，無獨有偶，世界棒球經典賽A組也差點上演相同悲劇，古巴隊阿魯巴耶納（Erisb...                                      世界棒球經典賽B組賽事今天在東京巨蛋開打，南韓、澳洲進行分組賽首戰，也是兩隊挑戰8強的關鍵戰役，南韓投手群無法抵擋澳洲長...                  ,UDN
64,經典賽／巴拿馬不容小覷 5大聯盟球員壓陣,2023-03-08 03:38:00,運動,,https://udn.com/news/story/10785/7015930,暌違十年經典一戰，中華隊首戰對手巴拿馬隊來勢洶洶，五名現役大聯盟球員壓陣，打線最需要注意的人物就是光芒隊捕手貝騰柯特，去年在大聯盟敲出十一轟、打擊率兩成五二，熱身賽近況也很好。巴拿馬隊來台兩場官辦熱身賽合計攻下十七分，貝騰柯特扛起三棒重任，首戰四打數兩安打、攻下五分打點，包括對統一獅隊洋投克維斯轟出三分砲，第二場雖稍被味全龍隊壓制，三打數靠一次保送得分，但也展現盜壘能力；大都會隊二壘手阿勞茲打第二棒，在熱身賽總計八打數三安打。巴拿馬繼二○○九年後再次打進經典賽會內賽，卅一歲的貝騰柯特首次穿上國家隊球衣，認為這對自己是值得紀念的一刻，「我也很期待能夠拿下巴拿馬隊史在經典賽的第一勝，有李維拉來開球，希望能帶給我們運氣。」巴拿馬在前兩屆經典賽打了五場，勝場還是掛零。巴拿馬將推出梅西亞扛起首戰先發投手，他在二○二○、二一年都曾在大聯盟出賽，去年先後赴墨西哥聯盟、多明尼加冬季聯盟發磨練，其中在冬盟先發十場拿下四勝三敗、防禦率二點一五。巴拿馬後援陣容更是強悍，有現役釀酒人隊投手賈拉、洛磯隊投手勞倫斯坐鎮，天使隊投手巴雷亞原本被預期是首戰先發人選，不過來台後在熱身賽投一局被敲兩安，丟掉兩分（一分責失）。 ▪ 經典賽即時新聞 ▪ 最新比分與完整賽程 ▪ 預賽分組戰績表 ▪ 經典賽專欄分析 經典賽WBC風雲                    世界棒球經典賽開打第一天，中華隊就經歷人間煉獄般的一戰，投手調度連環崩盤，遭巴拿馬隊暴打兩個5分以上的大局，中華隊以5：...                                      還在尋求世界棒球經典賽史首勝的巴拿馬隊，今天面對中華隊在第4局敲開5分大局，單局得分已經直追隊史過去在經典賽的全部得分。                                      世界棒球經典賽A組賽程進入第二天，義大利隊才首度亮相，今晚在洲際棒球場與古巴隊打得難分難捨，演出本屆經典賽首次突破僵局制...                                      2023世界棒球經典賽今天開打，由洲際棒球場上演的荷蘭、古巴隊之戰揭開序幕，強強相碰在中午吸引6501人進場，最終由荷蘭...                                      B組南韓隊今天才出現姜白虎因慶祝離壘被觸殺，無獨有偶，世界棒球經典賽A組也差點上演相同悲劇，古巴隊阿魯巴耶納（Erisb...                                      世界棒球經典賽B組賽事今天在東京巨蛋開打，南韓、澳洲進行分組賽首戰，也是兩隊挑戰8強的關鍵戰役，南韓投手群無法抵擋澳洲長...                  ,UDN
65,經典賽／會贏球就是最好打線 張育成扛中華隊主砲,2023-03-08 03:38:00,運動,,https://udn.com/news/story/10785/7015934,中華隊最佳打線是哪一套？總教練林岳平妙答：「三月八日會贏球的那一套，就是最好的打線。」今天出戰巴拿馬隊，唯一現役大聯盟選手張育成，擔任第四棒呼之欲出。中華隊在前四屆經典賽第四棒包括林威助、彭政閔、林智勝，今年陣容從成軍以來被認為野手缺少重砲是隱憂，但張育成在熱身賽展現火力，有全壘打、也有得點圈的適時安打，從新莊球場進行的熱身賽開始，最後五場比賽合計十七打數敲出十一支安打，打擊率六成四七。中職去年ＭＶＰ林立在新莊三場比賽安打掛蛋，但在官辦熱身賽連兩場開轟，對中華隊也是及時的火力復甦。擔任中華隊打擊教練的彭政閔提到，選手調整按部就班，接下來比賽就要開打，不管好不好，「不好的，在腎上腺素上升的情況下，可能也會變成好的，好的就希望延續下去面對這次比賽。」中華隊在經典賽前一場勝利已是二○一三年擊敗荷蘭，當年彭政閔也是先發打線一員，還在該屆對澳洲比賽上演肉身擋球，寫下「經典時刻」，不僅球迷難忘，也是如今這批中華隊選手的典藏回憶。彭政閔不諱言，集訓期間選手多少會和他聊到，小時候看過他那一球，但是，「我們的時代已經過去了，現在必須由他們來創造自己的時刻，留下讓球迷值得回味和回憶的東西，為自己去努力。」世界棒球經典賽今天開打，中華隊暌違十年再以地主身分迎敵，晚上七點將在台中洲際棒球場對決巴拿馬，兩萬張門票幾乎已經銷售一空。中華隊昨天在台體大練球，進入備戰狀態。記者黃仲裕／攝影 ▪ 經典賽即時新聞 ▪ 最新比分與完整賽程 ▪ 預賽分組戰績表 ▪ 經典賽專欄分析 經典賽WBC中華隊                    世界棒球經典賽開打第一天，中華隊就經歷人間煉獄般的一戰，投手調度連環崩盤，遭巴拿馬隊暴打兩個5分以上的大局，中華隊以5：...                                      還在尋求世界棒球經典賽史首勝的巴拿馬隊，今天面對中華隊在第4局敲開5分大局，單局得分已經直追隊史過去在經典賽的全部得分。                                      世界棒球經典賽A組賽程進入第二天，義大利隊才首度亮相，今晚在洲際棒球場與古巴隊打得難分難捨，演出本屆經典賽首次突破僵局制...                                      2023世界棒球經典賽今天開打，由洲際棒球場上演的荷蘭、古巴隊之戰揭開序幕，強強相碰在中午吸引6501人進場，最終由荷蘭...                                      B組南韓隊今天才出現姜白虎因慶祝離壘被觸殺，無獨有偶，世界棒球經典賽A組也差點上演相同悲劇，古巴隊阿魯巴耶納（Erisb...                                      世界棒球經典賽B組賽事今天在東京巨蛋開打，南韓、澳洲進行分組賽首戰，也是兩隊挑戰8強的關鍵戰役，南韓投手群無法抵擋澳洲長...                  ,UDN
66,經典賽／ 胡智為打頭陣扛首戰先發 餅總：需提防前三棒,2023-03-08 03:35:00,運動,,https://udn.com/news/story/10785/7015935, 暌違十年，世界棒球經典賽再度降臨台灣，今天Ａ組預賽在台中洲際棒球場正式開戰，「大哥」胡智爲將先發登板面對陌生的巴拿馬隊，扛起為中華隊打頭陣的重任。中華隊過去四屆參與經典賽，最佳成績為二○一三年晉級八強，本屆由「餅總」林岳平領軍，挑戰前進東京、再闖邁阿密，預賽第一關遭遇從資格賽出線的巴拿馬，過去兩度參賽累積○勝五敗，近兩屆都未參賽，對中華隊來說是相對神秘的球隊。巴拿馬派出梅西亞登板先發。記者黃仲裕／攝影經典賽大會規定比賽前一天要公布先發投手，巴拿馬前天提前「亮牌」，宣布由具有大聯盟資歷的右投梅西亞先發；中華隊則是一路保密，總教練林岳平堅持等待大會「官宣」，最終無意外推派外界一致看好的胡智爲。中華隊只帶剛好符合賽會規定的十四名投手，先發投手能否穩定吃下局數，對戰局影響重大；胡智爲從集訓以來幾乎場場登板都繳出穩定內容，局數、壓制俱佳，也有二○一九年世界十二強棒球賽的大賽經驗，但當時「雙王牌」為江少慶、張奕，他的出賽順序殿後，如今要為中華隊衝鋒。胡智爲表示，看了巴拿馬陣容並沒有認識的打者，先前母隊統一獅隊在熱身賽有對戰過，已去要了影片來看，「速度快，上壘破壞性強大，力量和技巧都很不錯。」林岳平點名最需提防前三棒，包括光芒隊捕手貝騰柯特、大都會隊內野手阿勞茲。胡智爲已為大賽做好準備，透露入選五十人名單就排好訓練周期，讓身體可以在三月初提早進入比賽模式，「不可能完全顛峰，但要調整到最適合比賽的狀態。」巴拿馬總教練歐提茲也說對中華隊沒有太深入了解，但知道是一支很好的球隊，巴拿馬為了這項賽事已經準備三年，「我們會以最好的姿態，面對這次經典賽最好的球隊之一。」強敵環伺 中華隊能否再造經典 製表／陳宛晶 ▪ 經典賽即時新聞 ▪ 最新比分與完整賽程 ▪ 預賽分組戰績表 ▪ 經典賽專欄分析 經典賽WBC中華隊                    世界棒球經典賽開打第一天，中華隊就經歷人間煉獄般的一戰，投手調度連環崩盤，遭巴拿馬隊暴打兩個5分以上的大局，中華隊以5：...                                      還在尋求世界棒球經典賽史首勝的巴拿馬隊，今天面對中華隊在第4局敲開5分大局，單局得分已經直追隊史過去在經典賽的全部得分。                                      世界棒球經典賽A組賽程進入第二天，義大利隊才首度亮相，今晚在洲際棒球場與古巴隊打得難分難捨，演出本屆經典賽首次突破僵局制...                                      2023世界棒球經典賽今天開打，由洲際棒球場上演的荷蘭、古巴隊之戰揭開序幕，強強相碰在中午吸引6501人進場，最終由荷蘭...                                      B組南韓隊今天才出現姜白虎因慶祝離壘被觸殺，無獨有偶，世界棒球經典賽A組也差點上演相同悲劇，古巴隊阿魯巴耶納（Erisb...                                      世界棒球經典賽B組賽事今天在東京巨蛋開打，南韓、澳洲進行分組賽首戰，也是兩隊挑戰8強的關鍵戰役，南韓投手群無法抵擋澳洲長...                  ,UDN
67,經典賽／做國家隊最強大後盾 潘文忠支持球迷帶國旗進場,2023-03-08 03:44:00,運動,,https://udn.com/news/story/10785/7016025,世界棒球經典賽（ＷＢＣ）今天開打，民進黨立委張廖萬堅昨天質疑，轉播單位愛爾達電視台印製有台灣名稱和國旗的宣傳海報，竟被主辦方禁止入場發送，根本不合理，也傷害球迷感情。行政院長陳建仁表示「確實」；教育部長潘文忠也說，全力支持球迷帶國旗在觀眾席為選手加油。台灣區預賽承辦單位悍創昨表示，比賽時確定可以帶國旗入場，絕對不可能擋國旗進場。副總統賴清德昨天在臉書貼文，「WE ARE TAIWAN！我們都是最佳第十人」，他鼓勵球迷朋友準備好加油道具，一起做國家隊最強大的後盾；他已經準備好球衣，今天要到現場開球，他也要趁這個機會向美國大聯盟傳奇球星李維拉請教招牌卡特球的祕訣投法。張廖萬堅昨在立法院指出，ＷＢＣ比賽今天開幕，主辦國應有地主優勢，但愛爾達電視製作的宣傳海報，在中華隊出賽的四場賽事，只不過標註「台灣」與國旗圖案，卻遭主辦單位禁止進入比賽場地發給觀賽球迷。張廖萬堅質疑，主辦單位要遵循奧會模式，為選手出賽權益，即使有爭議就算了；但這種商業宣傳活動，在主辦國為何會被限制？二○一三年經典賽台灣隊出戰時，球迷在現場擺出超大國旗，荷蘭ＥＳＰＮ電視台也在賽程中秀出台灣及國旗圖案，他要求教育部和主辦單位溝通，不要自我設限。行政院長陳建仁（右）昨天到立法院備詢，民進黨立委張廖萬堅質疑，我國轉播單位愛爾達電視台，在宣傳單秀出「台灣」名稱和國旗，竟被禁止在台灣主辦的球場散發，對此教育部長潘文忠（左）表示，全力支持球迷帶國旗在觀眾席為選手加油。記者葉信菉／攝影陳建仁指出，ＷＢＣ在賽程中依循奧會模式，稱呼我們是「Chinese Taipei」。潘文忠答詢表示，主辦單位有協議，定位以奧會模式辦理的概念。潘表示，依奧會模式官方限制的是大會文件、手冊、廣播，教育部已和主辦、承辦單位表達，在台灣辦比賽，球迷要帶國旗、宣傳品為選手加油，「我們一定要全力支持。」 ▪ 經典賽即時新聞 ▪ 最新比分與完整賽程 ▪ 預賽分組戰績表 ▪ 經典賽專欄分析 經典賽WBC中華隊                    世界棒球經典賽開打第一天，中華隊就經歷人間煉獄般的一戰，投手調度連環崩盤，遭巴拿馬隊暴打兩個5分以上的大局，中華隊以5：...                                      還在尋求世界棒球經典賽史首勝的巴拿馬隊，今天面對中華隊在第4局敲開5分大局，單局得分已經直追隊史過去在經典賽的全部得分。                                      世界棒球經典賽A組賽程進入第二天，義大利隊才首度亮相，今晚在洲際棒球場與古巴隊打得難分難捨，演出本屆經典賽首次突破僵局制...                                      2023世界棒球經典賽今天開打，由洲際棒球場上演的荷蘭、古巴隊之戰揭開序幕，強強相碰在中午吸引6501人進場，最終由荷蘭...                                      B組南韓隊今天才出現姜白虎因慶祝離壘被觸殺，無獨有偶，世界棒球經典賽A組也差點上演相同悲劇，古巴隊阿魯巴耶納（Erisb...                                      世界棒球經典賽B組賽事今天在東京巨蛋開打，南韓、澳洲進行分組賽首戰，也是兩隊挑戰8強的關鍵戰役，南韓投手群無法抵擋澳洲長...                  ,UDN
68,經典賽／解密棒球傳奇生涯 李維拉分享會中信相挺,2023-03-08 01:19:00,運動,,https://udn.com/news/story/10785/7016037,美國職棒大聯盟（Major League Baseball，簡稱「MLB」）名人堂球星、紐約洋基守護神李維拉（Mariano Rivera）重磅登場，昨（7）日於台北市南港區中國信託金融園區參加「李維拉名人分享會」，解密棒球場上戰功彪炳的傳奇生涯，中國信託商業銀行與中華民國棒球協會攜手，邀請各級棒球教練、選手及相關從業人員約250人與會，期盼吸取MLB退役球星經驗，為台灣基層棒運挹注養分、提升實力。中國信託銀行獨家冠名贊助2023年第五屆世界棒球經典賽（2023 World Baseball Classic，簡稱「2023年經典賽」）A組預賽，巴拿馬裔國際球星李維拉應邀來台，中信銀行董事長利明献、中國信託金控行政長高人傑等貴賓親臨「李維拉名人分享會」，參與歷史性的一刻。出身漁村的李維拉曾夢想成為巴拿馬足球球王，最終在紅土場上堅持18年，不僅成為紐約洋基隊史上最具影響力的球員之一，更締造多項至今無人能破的紀錄，包含生涯652次救援成功、季後賽42次救援點，同時也是MLB首位全票入選名人堂的選手。利明献表示，李維拉寶貴的MLB經驗及思維分享，有助於提升台灣棒球界的視野及競爭力。利明献並表示，李維拉跟中國信託很有緣分，他與中信兄弟棒球隊二軍投手教練王建民曾是紐約洋基隊的戰友，王建民擅長伸卡球，李維拉的武器是卡特球，彼此交流學習，為一段佳話。此外，李維拉致力公益活動，協助需要幫助的青少年，這與中國信託以慈善、反毒、體育、教育及藝文為五大公益主軸，回饋社會的精神相同。中信銀行是台灣首家投入五級棒球運動推廣的企業，此次分享會特別邀請去年中信盃黑豹旗全國高中棒球大賽四強球隊代表、「中國信託社團潛力獎」球隊代表、長年耕耘基層棒球社團的「黑豹獎」教練，以及中國信託慈善基金會「愛接棒計畫」扶植的少棒及青少棒球隊參與，中華棒協亦邀請城市棒球隊及大專成棒隊等參加。文化大學棒球隊教練黃義哲曾在美國看過李維拉登場，他主宰比賽、穩定軍心的強大氣場，是每個投手最嚮往的特質，這次能夠近距離看到本人，「很棒、很不可思議！」黃義哲十分認同李維拉重視教育的理念，認為讀書有助於價值觀及世界觀的養成，打球的孩子尤其不可偏廢。臺北市建國中學棒球隊教練廖建智及新北市新店高中棒球隊教練李秉憲，讚揚李維拉勇於追夢、保持熱忱的棒球精神。 ▪ 經典賽即時新聞 ▪ 最新比分與完整賽程 ▪ 預賽分組戰績表 ▪ 經典賽專欄分析 經典賽WBC中華隊                    世界棒球經典賽開打第一天，中華隊就經歷人間煉獄般的一戰，投手調度連環崩盤，遭巴拿馬隊暴打兩個5分以上的大局，中華隊以5：...                                      還在尋求世界棒球經典賽史首勝的巴拿馬隊，今天面對中華隊在第4局敲開5分大局，單局得分已經直追隊史過去在經典賽的全部得分。                                      世界棒球經典賽A組賽程進入第二天，義大利隊才首度亮相，今晚在洲際棒球場與古巴隊打得難分難捨，演出本屆經典賽首次突破僵局制...                                      2023世界棒球經典賽今天開打，由洲際棒球場上演的荷蘭、古巴隊之戰揭開序幕，強強相碰在中午吸引6501人進場，最終由荷蘭...                                      B組南韓隊今天才出現姜白虎因慶祝離壘被觸殺，無獨有偶，世界棒球經典賽A組也差點上演相同悲劇，古巴隊阿魯巴耶納（Erisb...                                      世界棒球經典賽B組賽事今天在東京巨蛋開打，南韓、澳洲進行分組賽首戰，也是兩隊挑戰8強的關鍵戰役，南韓投手群無法抵擋澳洲長...                  ,UDN
69,經典賽／虎尾連2天戶外轉播 驚喜送球迷中華隊加油棒,2023-03-08 08:33:00,運動,,https://udn.com/news/story/10785/7016329,2023第5屆WBC世界棒球經典賽，台灣區賽事今天起在台中市洲際球場開打，許多球迷無法親自進球場觀賽，只能在家收看電視或網路轉播，雲林縣虎尾鎮公所宣布，3月10、11日晚上7點在虎尾鎮圓環停車場架設電視牆，現場限量加贈中華隊加油棒，邀在地球迷一起為中華隊加油，屆時將暫停開放停車。中華隊對戰組合賽程表，3月8日晚上7點「中華台北VS.巴拿馬」，3月10日晚上7點「中華台北VS.義大利」，3月11日晚上7點「中華隊VS.荷蘭」，3月12日晚上7點「中華隊VS.古巴」。WBC世界棒球經典賽台灣區賽事，在台掀起一波熱潮，斗六棒球場上周末剛舉行6場官辦熱身賽，來自荷蘭、古巴、義大利及巴拿馬4個國家的代表隊，在場上相互交手，吸引逾5千人進場觀賽，內野看台坐滿了人，甚至登上國外媒體報導版面，可見魅力之大。為了讓無法前往台中洲際棒球場觀賽的球迷，也能感受賽場上氣氛、為中華隊加油，虎尾圓環停車場今天中午12點起，至12日中午12點止暫停開放停車，請民眾留意；公所表示，戶外轉播時程為3月10日、3月11日晚上7點，中華隊分別對戰義大利、荷蘭，現場將有中信兄弟啦啦隊火力支援，還有限量中華隊加油棒，送完為止。 ▪ 經典賽即時新聞 ▪ 最新比分與完整賽程 ▪ 預賽分組戰績表 ▪ 經典賽專欄分析 經典賽WBC中華隊                    世界棒球經典賽開打第一天，中華隊就經歷人間煉獄般的一戰，投手調度連環崩盤，遭巴拿馬隊暴打兩個5分以上的大局，中華隊以5：...                                      還在尋求世界棒球經典賽史首勝的巴拿馬隊，今天面對中華隊在第4局敲開5分大局，單局得分已經直追隊史過去在經典賽的全部得分。                                      世界棒球經典賽A組賽程進入第二天，義大利隊才首度亮相，今晚在洲際棒球場與古巴隊打得難分難捨，演出本屆經典賽首次突破僵局制...                                      2023世界棒球經典賽今天開打，由洲際棒球場上演的荷蘭、古巴隊之戰揭開序幕，強強相碰在中午吸引6501人進場，最終由荷蘭...                                      B組南韓隊今天才出現姜白虎因慶祝離壘被觸殺，無獨有偶，世界棒球經典賽A組也差點上演相同悲劇，古巴隊阿魯巴耶納（Erisb...                                      世界棒球經典賽B組賽事今天在東京巨蛋開打，南韓、澳洲進行分組賽首戰，也是兩隊挑戰8強的關鍵戰役，南韓投手群無法抵擋澳洲長...                  ,UDN
70,經典賽／李維拉獲頒台中榮譽市民 第一次喝珍奶端杯差點鬥雞眼,2023-03-08 09:08:00,運動,,https://udn.com/news/story/10785/7016379,台中市長盧秀燕頒發李維拉榮譽市民證書與獎章，表達對他的熱情歡迎。圖／市府新聞局提供世界棒球經典賽A組預賽今天在台中開打，美國職棒名人堂球星李維拉拉Mariano Rivera）開球，台中市長盧秀燕昨宴請並頒發榮譽市民證書，表達禮遇與歡迎。李維拉是第一位全票通過入選美國職棒大聯盟(MLB)名人堂的球星，台中市政府特別頒發榮譽市民證書及獎章。台中市長盧秀燕熱情迎接李維拉到來，準備充滿台灣味的棒球九宮格水果禮盒，介紹9樣台中等地盛產的水果，包括東勢茂谷柑、太平枇杷、外埔火龍果、新社葡萄等。李維拉品嘗後表示，很高興有機會一次吃到這麼多美味的水果，過去沒吃過批杷與釋迦，感覺口味獨特新奇，最喜歡的是火龍果。盧秀燕介紹台中是珍珠奶茶的發源地，李維拉首次品嘗，好奇舉杯端詳。另致贈湖心亭漆藝餅盒、台中太平藍染領帶及絲巾，獨特風格的客家手工藍染作品。 ▪ 經典賽即時新聞 ▪ 最新比分與完整賽程 ▪ 預賽分組戰績表 ▪ 經典賽專欄分析 經典賽WBC中華隊李維拉                    世界棒球經典賽開打第一天，中華隊就經歷人間煉獄般的一戰，投手調度連環崩盤，遭巴拿馬隊暴打兩個5分以上的大局，中華隊以5：...                                      還在尋求世界棒球經典賽史首勝的巴拿馬隊，今天面對中華隊在第4局敲開5分大局，單局得分已經直追隊史過去在經典賽的全部得分。                                      世界棒球經典賽A組賽程進入第二天，義大利隊才首度亮相，今晚在洲際棒球場與古巴隊打得難分難捨，演出本屆經典賽首次突破僵局制...                                      2023世界棒球經典賽今天開打，由洲際棒球場上演的荷蘭、古巴隊之戰揭開序幕，強強相碰在中午吸引6501人進場，最終由荷蘭...                                      B組南韓隊今天才出現姜白虎因慶祝離壘被觸殺，無獨有偶，世界棒球經典賽A組也差點上演相同悲劇，古巴隊阿魯巴耶納（Erisb...                                      世界棒球經典賽B組賽事今天在東京巨蛋開打，南韓、澳洲進行分組賽首戰，也是兩隊挑戰8強的關鍵戰役，南韓投手群無法抵擋澳洲長...                  ,UDN
71,經典賽／雞瑟瑟發抖！洪孟楷發祭品文：中華隊每贏1場就發50份雞排 最多發300份,2023-03-08 09:25:00,運動,,https://udn.com/news/story/10785/7016380,世界棒球經典賽A組賽事今天（8日）登場，晚間7點將由巴拿馬出戰中華隊。國民黨立委洪孟楷昨（7日）在臉書發布「祭品文」，表示只要預賽中華隊贏一場就發50份雞排，若能挺進8強再加發100份，希望最終能如願發出300份雞排。 洪孟楷發文表示，自己身為30年棒球迷，決定拋磚引玉：「只要中華隊贏一場比賽，就發50份雞排，能夠晉級東京再加碼100份！」他也替中華隊加油，希望A組預賽的結果能讓他順利發出300份雞排。 不過，消息被轉載至PTT，不少鄉民吐槽50份實在太少：「50份是請立院同事吧」、「立委才50份…」、「確定不是少打一個0嗎」。 3月8日（三）19:00 巴拿馬 VS. 中華隊3月10日（五）19:00 義大利 VS. 中華隊3月11日（六）19:00 荷蘭 VS. 中華隊3月12日（日）12:00 中華隊 VS. 古巴地點：台中洲際棒球場 東森電視、愛爾達電視 Hami Video  ▪ 經典賽即時新聞 ▪ 最新比分與完整賽程 ▪ 預賽分組戰績表 ▪ 經典賽專欄分析 經典賽WBC中華隊                    世界棒球經典賽開打第一天，中華隊就經歷人間煉獄般的一戰，投手調度連環崩盤，遭巴拿馬隊暴打兩個5分以上的大局，中華隊以5：...                                      還在尋求世界棒球經典賽史首勝的巴拿馬隊，今天面對中華隊在第4局敲開5分大局，單局得分已經直追隊史過去在經典賽的全部得分。                                      世界棒球經典賽A組賽程進入第二天，義大利隊才首度亮相，今晚在洲際棒球場與古巴隊打得難分難捨，演出本屆經典賽首次突破僵局制...                                      2023世界棒球經典賽今天開打，由洲際棒球場上演的荷蘭、古巴隊之戰揭開序幕，強強相碰在中午吸引6501人進場，最終由荷蘭...                                      B組南韓隊今天才出現姜白虎因慶祝離壘被觸殺，無獨有偶，世界棒球經典賽A組也差點上演相同悲劇，古巴隊阿魯巴耶納（Erisb...                                      世界棒球經典賽B組賽事今天在東京巨蛋開打，南韓、澳洲進行分組賽首戰，也是兩隊挑戰8強的關鍵戰役，南韓投手群無法抵擋澳洲長...                  ,UDN
72,經典賽／官網選各國最佳球員 中華隊林立關注度勝過張育成,2023-03-08 09:47:00,運動,,https://udn.com/news/story/10785/7016388,世界棒球經典賽（WBC）開打前，主辦單位美國職棒MLB官網今天選出各隊最佳球員。台灣隊二壘手林立獲選，關注度勝過擁有大聯盟經驗的張育成。經典賽在台灣時間8日開打，大聯盟官網今天評比預賽20隊最佳球員，介紹這20名看板人物扮演關鍵角色，表現攸關各隊能否打進在美國邁阿密舉行的四強賽。報導搭配的合成照片裡，林立身穿國家隊83號球衣，與代表日本的大谷翔平、美國的楚奧特（MikeTrout）、波多黎各的林多（Francisco Lindor）、委內瑞拉的亞古納（Ronald Acuna Jr.）等身價億萬的大聯盟球星並列。林立與多名大聯盟億萬身價好手並列。 截圖自大聯盟官網報導指出，儘管台灣隊陣中最亮眼的大聯盟球員是張育成，但效力樂天桃猿隊的二壘手林立在這次賽會中的表現值得關注。報導列出林立去年在台灣的中華職棒（CPBL）繳出打擊率0.335、上壘率0.391、長打率0.517的成績，拿下聯盟打擊王、年度最有價值球員（MVP）。林立去年敲出14支全壘打，與味全龍隊捕手吉力吉撈．鞏冠並列全壘打榜第一，但因出賽數較多，相比之下全壘打王獎項頒給吉力吉撈。報導引述關注中華職棒的英文網站CPBLStats.com一名作者指出，林立最著名的能力是強勁擊球，擁有把球打穿外野手防線的長打實力。與台灣隊同在A組的其他4隊，官網報導分別選出巴拿馬外野手拉莫斯（Jose Ramos）、荷蘭游擊手波賈茲（Xander Bogaerts）、義大利一壘手帕斯昆汀諾（Vinnie Pasquantino）、古巴外野手羅伯特（LuisRobert）。台灣隊的首戰對手巴拿馬外野手拉莫斯是道奇的潛力新秀，擁有長程火力，去年在小聯盟敲出25支全壘打，在資格賽敲出2支特大號全壘打，是巴拿馬隊自2009年之後闊別14年重返經典賽的大功臣。荷蘭隊游擊手波賈茲外號X-Man，這個冬天剛簽下11年2.8億美元（約新台幣86億元）合約，離開效力多年的波士頓紅襪，轉戰聖地牙哥教士。官網評波賈茲不僅擁有絕佳的球棒控制力，而且暗藏長打火力。這次經典賽是古巴隊史第一次開放大聯盟球星出賽，外號「黑豹」的外野手羅伯特，被評為擁有打擊、力量、跑速、守備與傳球等五大頂級能力，與同樣來自芝加哥白襪的隊友蒙卡達（Yoan Moncada）成為陣中兩大主力打者。義大利隊一壘手帕斯昆汀諾效力堪薩斯皇家隊，去年在大聯盟的新人球季敲出10支全壘打。皇家隊高層、大聯盟名人堂球星布瑞特（George Brett）賜給他一個外號「義大利惡夢」，可見帕斯昆汀諾實力被看好。 ▪ 經典賽即時新聞 ▪ 最新比分與完整賽程 ▪ 預賽分組戰績表 ▪ 經典賽專欄分析 經典賽WBC中華隊林立張育成                    世界棒球經典賽開打第一天，中華隊就經歷人間煉獄般的一戰，投手調度連環崩盤，遭巴拿馬隊暴打兩個5分以上的大局，中華隊以5：...                                      還在尋求世界棒球經典賽史首勝的巴拿馬隊，今天面對中華隊在第4局敲開5分大局，單局得分已經直追隊史過去在經典賽的全部得分。                                      世界棒球經典賽A組賽程進入第二天，義大利隊才首度亮相，今晚在洲際棒球場與古巴隊打得難分難捨，演出本屆經典賽首次突破僵局制...                                      2023世界棒球經典賽今天開打，由洲際棒球場上演的荷蘭、古巴隊之戰揭開序幕，強強相碰在中午吸引6501人進場，最終由荷蘭...                                      B組南韓隊今天才出現姜白虎因慶祝離壘被觸殺，無獨有偶，世界棒球經典賽A組也差點上演相同悲劇，古巴隊阿魯巴耶納（Erisb...                                      世界棒球經典賽B組賽事今天在東京巨蛋開打，南韓、澳洲進行分組賽首戰，也是兩隊挑戰8強的關鍵戰役，南韓投手群無法抵擋澳洲長...                  ,UDN
73,經典賽／記得張育成 史構普讚中華隊：很有競爭力,2023-03-08 09:27:00,運動,,https://udn.com/news/story/10785/7016422,荷蘭隊今天準備迎戰古巴隊，為2023年世界棒球經典賽揭開序幕，內野手史構普（Jonathan Schoop）想起十年前首次參加直呼：「時光飛逝。」也記得去年從張育成手中開轟，認為中華隊具有很好的競爭力。史構普來台之後的兩場官辦熱身賽，合計5打數未敲安，不過過去在春訓階段就屬慢熱型，他認為自己在調整上沒有太大問題，「感覺滿好的，有慢慢進入狀況，不擔心這個問題。」2013年是史構普第一次打經典賽，隔年開始站穩大聯盟，今年是連續三屆參賽，他表示，感覺到時間過得很快，「十年前第一場經典賽，後來在大聯盟有非常好的表現，在我變得更成熟、更好，希望這次能夠幫荷蘭隊贏球，回到大聯盟也繼續幫助球隊。」中華隊野手張育成對史構普印象深刻，因為去年8月7日在光芒隊客串投手時，曾被史構普敲出過全壘打，史構普也笑說：「我記得他，他投出速球被我打出全壘打，跟中華隊有幾個人交手過，是很好的選手，中華隊很有競爭力。」 ▪ 經典賽即時新聞 ▪ 最新比分與完整賽程 ▪ 預賽分組戰績表 ▪ 經典賽專欄分析 經典賽WBC中華隊                    世界棒球經典賽開打第一天，中華隊就經歷人間煉獄般的一戰，投手調度連環崩盤，遭巴拿馬隊暴打兩個5分以上的大局，中華隊以5：...                                      還在尋求世界棒球經典賽史首勝的巴拿馬隊，今天面對中華隊在第4局敲開5分大局，單局得分已經直追隊史過去在經典賽的全部得分。                                      世界棒球經典賽A組賽程進入第二天，義大利隊才首度亮相，今晚在洲際棒球場與古巴隊打得難分難捨，演出本屆經典賽首次突破僵局制...                                      2023世界棒球經典賽今天開打，由洲際棒球場上演的荷蘭、古巴隊之戰揭開序幕，強強相碰在中午吸引6501人進場，最終由荷蘭...                                      B組南韓隊今天才出現姜白虎因慶祝離壘被觸殺，無獨有偶，世界棒球經典賽A組也差點上演相同悲劇，古巴隊阿魯巴耶納（Erisb...                                      世界棒球經典賽B組賽事今天在東京巨蛋開打，南韓、澳洲進行分組賽首戰，也是兩隊挑戰8強的關鍵戰役，南韓投手群無法抵擋澳洲長...                  ,UDN
74,經典賽／台南戶外直播 黃偉哲：助攻台灣隊前進東京,2023-03-08 09:34:00,運動,,https://udn.com/news/story/10785/7016436,2023年WBC世界棒球經典賽A組預賽8日起在台中開打，台南市政府為服務愛好棒球的市民，將在統一獅的主場台南市立棒球場前廣場，安排兩場台灣隊的比賽直播，陣中有多名好手出自於台南，包括帶隊總教練林岳平等，歡迎市民一起共襄盛舉為教練選手加油打氣。體育局表示，棒球為台南市體育重點發展項目，也是南部唯一完整發展七級棒球的城市，而世界棒球賽經典賽是棒球最高殿堂，期盼台灣能打出好成績，力拚前2名，取得8強門票，前進東京複賽。中華隊中有多名出身台南的選手，或台南統一獅的球員，包含崇學國小校友王建民、崇明國中校友成晉、南英商工校友陳江和、郭天信、宋家豪、黃子鵬及統一獅總教練林岳平、首席教練高志綱、現役球員胡智為、林岱安、陳傑憲等，都是台南的優秀棒球教練及選手，邀請市民朋友一起到場加油，助攻台灣隊勇奪佳績，前進東京複賽。局長陳良亁表示，本次將轉播3月11日晚間7時對戰荷蘭，3月12日中午12時對戰古巴，都是中華隊的強勁對手，戰況激烈，也歡迎市民朋友攜帶各自的加油道具一起到場加油、集氣晉級4強前進東京巨蛋，挺進美國邁阿密決賽。 ▪ 經典賽即時新聞 ▪ 最新比分與完整賽程 ▪ 預賽分組戰績表 ▪ 經典賽專欄分析 經典賽WBC中華隊                    世界棒球經典賽開打第一天，中華隊就經歷人間煉獄般的一戰，投手調度連環崩盤，遭巴拿馬隊暴打兩個5分以上的大局，中華隊以5：...                                      還在尋求世界棒球經典賽史首勝的巴拿馬隊，今天面對中華隊在第4局敲開5分大局，單局得分已經直追隊史過去在經典賽的全部得分。                                      世界棒球經典賽A組賽程進入第二天，義大利隊才首度亮相，今晚在洲際棒球場與古巴隊打得難分難捨，演出本屆經典賽首次突破僵局制...                                      2023世界棒球經典賽今天開打，由洲際棒球場上演的荷蘭、古巴隊之戰揭開序幕，強強相碰在中午吸引6501人進場，最終由荷蘭...                                      B組南韓隊今天才出現姜白虎因慶祝離壘被觸殺，無獨有偶，世界棒球經典賽A組也差點上演相同悲劇，古巴隊阿魯巴耶納（Erisb...                                      世界棒球經典賽B組賽事今天在東京巨蛋開打，南韓、澳洲進行分組賽首戰，也是兩隊挑戰8強的關鍵戰役，南韓投手群無法抵擋澳洲長...                  ,UDN
75,經典賽／荷蘭賽程有利 教頭：可以調時差,2023-03-08 09:37:00,運動,,https://udn.com/news/story/10785/7016446,世界棒球經典賽今天開打，荷蘭隊先打兩天午場後休兵一天，再打兩場晚場，總教練穆倫斯（Hensley Meulens）認證自家球隊賽程最佳，「對我們有利，可以調整時差。」荷蘭隊今天中午對決古巴隊，接下來依序交手巴拿馬、中華隊、義大利隊，對中華隊前還有一天休息，穆倫斯表示，前兩場與後兩場間的休兵日，「可以透過這樣的調整去運用投手陣容，最後兩天排出最好的陣容。」荷蘭隊在官辦熱身賽二連敗，穆倫斯表示，球員目前還多少有受到時差影響，「所以前兩天打午場對我們比較有利，隨著時差慢慢調整，接下來打晚場我們會做好準備。」穆倫斯認為A組戰力十分平均，巴拿馬、義大利都有大聯盟的球員，古巴也有許多現役及前大聯盟好手，中華隊陣容年輕，但有來自世界各地打球的球員，「我們必須要努力才能擊敗其他隊伍。」荷蘭隊陣中有3名游擊手，西蒙斯（Andrelton Simmons）、葛瑞格里歐斯（Didi Gregorius）、波賈茲（Xander Bogaerts），如何安排位置是甜蜜負擔，穆倫斯表示，三人都是游擊不二人選，但最終決定讓葛瑞格里歐斯守一壘。 ▪ 經典賽即時新聞 ▪ 最新比分與完整賽程 ▪ 預賽分組戰績表 ▪ 經典賽專欄分析 經典賽WBC風雲                    世界棒球經典賽開打第一天，中華隊就經歷人間煉獄般的一戰，投手調度連環崩盤，遭巴拿馬隊暴打兩個5分以上的大局，中華隊以5：...                                      還在尋求世界棒球經典賽史首勝的巴拿馬隊，今天面對中華隊在第4局敲開5分大局，單局得分已經直追隊史過去在經典賽的全部得分。                                      世界棒球經典賽A組賽程進入第二天，義大利隊才首度亮相，今晚在洲際棒球場與古巴隊打得難分難捨，演出本屆經典賽首次突破僵局制...                                      2023世界棒球經典賽今天開打，由洲際棒球場上演的荷蘭、古巴隊之戰揭開序幕，強強相碰在中午吸引6501人進場，最終由荷蘭...                                      B組南韓隊今天才出現姜白虎因慶祝離壘被觸殺，無獨有偶，世界棒球經典賽A組也差點上演相同悲劇，古巴隊阿魯巴耶納（Erisb...                                      世界棒球經典賽B組賽事今天在東京巨蛋開打，南韓、澳洲進行分組賽首戰，也是兩隊挑戰8強的關鍵戰役，南韓投手群無法抵擋澳洲長...                  ,UDN
76,經典賽／傳奇球星李維拉 喝台中珍奶、最愛吃火龍果,2023-03-08 09:55:00,運動,,https://udn.com/news/story/10785/7016481,2023年世界棒球經典賽A組預賽今日在台中開打，美國職棒名人堂球星、洋基隊傳奇守護神李維拉（Mariano Rivera）應邀擔任經典賽開幕戰開球嘉賓。李維拉與夫人昨抵達台中，台中市長盧秀燕為表彰史上第一位全票通過入選美國職棒大聯盟(MLB)名人堂球星對台中舉辦世界棒球經典賽的貢獻，特別頒發其榮譽市民證書及獎章，表達台中市對李維拉的禮遇及歡迎。盧秀燕熱情迎接李維拉的到來，貼心準備充滿台灣味的棒球九宮格水果禮盒，並逐一向李維拉介紹9樣台中盛產水果，包括東勢茂谷柑、太平枇杷、外埔火龍果、新社葡萄等。李維拉品嘗後開心說，很高興有機會一次吃到這麼多美味水果，過去沒吃過枇杷與釋迦，口味獨特，其中最喜歡的是火龍果，他也讚賞台灣水果清甜脆爽，嬌嫩多汁，各有特色。此外，盧秀燕也介紹台中是珍珠奶茶的發源地，首度品嘗珍珠奶茶的李維拉好奇地舉杯端詳。盧市長還致贈湖心亭漆藝餅盒、台中太平藍染領帶及絲巾，獨特風格的客家手工藍染讓李維拉驚豔不已。盧秀燕表示，經典賽中華隊牛棚教練王建民過去效力美職洋基隊時期，李維拉擔任救援投手，以精準犀利的卡特球，為球隊守下一場又一場的勝利，成為最知名的棒球守護神，身為主辦城市市長及球迷，很高興代表市府及全體市民歡迎李維拉等來賓來訪。盧秀燕說，台中是台灣有名的糕餅之都，這次準備十大伴手禮盒及柑茶等台中特色茶點、湖心亭漆藝餅盒，搭配李維拉特別喜歡的梨山茶，呈現台中精緻細膩的茶點文化。台中同時也是廣受全世界歡迎的珍珠奶茶發源地，因此特別招待外賓品嘗春水堂創始店珍珠奶茶，行銷「台中好甜」的品牌形象及城市特性。台中市長盧秀燕與美國職棒名人堂球星李維拉品嘗珍奶，首度品嘗珍珠奶茶的李維拉好奇地舉杯端詳。圖／台中市政府提供台中市長盧秀燕與美國職棒名人堂球星李維拉品嘗珍奶。圖／台中市政府提供台中市長盧秀燕頒發榮譽市民證書及獎章給李維拉。圖／台中市政府提供盧秀燕迎接李維拉的到來，準備充滿台灣味的棒球九宮格水果禮盒，並逐一向李維拉介紹9樣台中盛產水果。圖／台中市政府提供 ▪ 經典賽即時新聞 ▪ 最新比分與完整賽程 ▪ 預賽分組戰績表 ▪ 經典賽專欄分析 經典賽WBC風雲                    世界棒球經典賽開打第一天，中華隊就經歷人間煉獄般的一戰，投手調度連環崩盤，遭巴拿馬隊暴打兩個5分以上的大局，中華隊以5：...                                      還在尋求世界棒球經典賽史首勝的巴拿馬隊，今天面對中華隊在第4局敲開5分大局，單局得分已經直追隊史過去在經典賽的全部得分。                                      世界棒球經典賽A組賽程進入第二天，義大利隊才首度亮相，今晚在洲際棒球場與古巴隊打得難分難捨，演出本屆經典賽首次突破僵局制...                                      2023世界棒球經典賽今天開打，由洲際棒球場上演的荷蘭、古巴隊之戰揭開序幕，強強相碰在中午吸引6501人進場，最終由荷蘭...                                      B組南韓隊今天才出現姜白虎因慶祝離壘被觸殺，無獨有偶，世界棒球經典賽A組也差點上演相同悲劇，古巴隊阿魯巴耶納（Erisb...                                      世界棒球經典賽B組賽事今天在東京巨蛋開打，南韓、澳洲進行分組賽首戰，也是兩隊挑戰8強的關鍵戰役，南韓投手群無法抵擋澳洲長...                  ,UDN
77,經典賽／滿場應援！中華隊首戰巴拿馬 洲際2萬張票賣光,2023-03-08 10:03:00,運動,,https://udn.com/news/story/10785/7016514,世界棒球經典賽今天開打，晚場中華隊對巴拿馬隊的地主球隊開幕戰，承辦單位悍創運動行銷透露，預售票已確定滿場，賽前將由「最強守護神」李維拉擔任開球嘉賓。中華隊將在經典賽進行4場戰役，11日對荷蘭、12日對古巴之戰，很早就確定滿場，10日對義大利，也有機會滿場，對巴拿馬隊因在平日舉行，銷售速度原本最慢，但在今天開打前也確定滿場。中巴之戰賽前將由李維拉及資深球迷副總統賴清德，一同為比賽揭開序幕，賴清德昨在臉書喊話，希望球迷朋友們，趕快準備好加油道具，一起做國家隊最強大的後盾，也想趁開球機會，向大聯盟傳奇球星李維拉請教招牌「卡特球」的秘訣。中華隊將推出胡智爲先發，他在自辦及官辦熱身賽調整狀態不錯，對對味全龍隊投4.1局、對中信兄弟隊1局，皆未被敲出安打；巴拿馬隊則由剛與大都會隊簽下小聯盟合約的梅西亞（Humberto Mejia）扛起先發。 ▪ 經典賽即時新聞 ▪ 最新比分與完整賽程 ▪ 預賽分組戰績表 ▪ 經典賽專欄分析 經典賽WBC中華隊                    世界棒球經典賽開打第一天，中華隊就經歷人間煉獄般的一戰，投手調度連環崩盤，遭巴拿馬隊暴打兩個5分以上的大局，中華隊以5：...                                      還在尋求世界棒球經典賽史首勝的巴拿馬隊，今天面對中華隊在第4局敲開5分大局，單局得分已經直追隊史過去在經典賽的全部得分。                                      世界棒球經典賽A組賽程進入第二天，義大利隊才首度亮相，今晚在洲際棒球場與古巴隊打得難分難捨，演出本屆經典賽首次突破僵局制...                                      2023世界棒球經典賽今天開打，由洲際棒球場上演的荷蘭、古巴隊之戰揭開序幕，強強相碰在中午吸引6501人進場，最終由荷蘭...                                      B組南韓隊今天才出現姜白虎因慶祝離壘被觸殺，無獨有偶，世界棒球經典賽A組也差點上演相同悲劇，古巴隊阿魯巴耶納（Erisb...                                      世界棒球經典賽B組賽事今天在東京巨蛋開打，南韓、澳洲進行分組賽首戰，也是兩隊挑戰8強的關鍵戰役，南韓投手群無法抵擋澳洲長...                  ,UDN
78,經典運彩／荷蘭打線串聯差投手又弱勢 看好古巴戰勝讓分盤,2023-03-08 10:32:00,運動,,https://udn.com/news/story/10785/7016555,【文／運彩貓小亨利】比賽時間: 3/8 12:00古巴派出Yareil Rodriguez先發，2022年在日本職棒中日龍隊多擔任第八局setup man的角色，54.2局送出60次三振18次保送只被擊出32支安打自責分率1.15相當夠水準，2/28對戰味全龍熱身賽也投4局被敲1支安打6三振3保送無失分，球速也來到158公里，狀況也還不錯。荷蘭先發Tom de Blok小聯盟最高層級只來到A+投了167局送出126次三振63次保送自責分率4.69也是2018到2019年的事情了，2020到2021年在荷蘭聯賽跟墨西哥聯賽出賽數都並不多，直球速度介在89-92英里，主要變化球為變速球跟曲球，控球能力普通。荷蘭目前熱身賽表現並不突出，1：4和4：15連兩場敗給韓國爐主韓華老鷹，贏了雙子又輸給富邦跟台鋼，短期賽投打對決還是投手有極大優勢畢竟幾乎沒碰頭過，古巴先發偏弱但若Yariel Rodriguez 能吃到四句局的話，加上牛棚有一定水準要過盤應該不難，荷蘭打線目前熱身賽看下來也沒能有效串聯起來，投手整體應該是A組最弱勢的一隊，古巴本場是排在客隊，有九局的進攻機會可以過讓分盤算是比較有利，本場比賽推薦古巴讓分過盤。運彩推薦：古巴-1.5國際盤推薦：古巴讓分2+60 ▪ 經典賽即時新聞 ▪ 最新比分與完整賽程 ▪ 預賽分組戰績表 ▪ 經典賽專欄分析 經典賽WBC運彩                    世界棒球經典賽開打第一天，中華隊就經歷人間煉獄般的一戰，投手調度連環崩盤，遭巴拿馬隊暴打兩個5分以上的大局，中華隊以5：...                                      還在尋求世界棒球經典賽史首勝的巴拿馬隊，今天面對中華隊在第4局敲開5分大局，單局得分已經直追隊史過去在經典賽的全部得分。                                      世界棒球經典賽A組賽程進入第二天，義大利隊才首度亮相，今晚在洲際棒球場與古巴隊打得難分難捨，演出本屆經典賽首次突破僵局制...                                      2023世界棒球經典賽今天開打，由洲際棒球場上演的荷蘭、古巴隊之戰揭開序幕，強強相碰在中午吸引6501人進場，最終由荷蘭...                                      B組南韓隊今天才出現姜白虎因慶祝離壘被觸殺，無獨有偶，世界棒球經典賽A組也差點上演相同悲劇，古巴隊阿魯巴耶納（Erisb...                                      世界棒球經典賽B組賽事今天在東京巨蛋開打，南韓、澳洲進行分組賽首戰，也是兩隊挑戰8強的關鍵戰役，南韓投手群無法抵擋澳洲長...                  ,UDN
79,經典賽／滿場考驗中華隊抗壓 球評曹竣崵這麼說,2023-03-08 11:32:00,運動,,https://udn.com/news/story/10785/7016771,世界棒球經典賽今晚7點上演中華隊對上巴拿馬隊，開幕戰票房2萬人完售，滿場應援是助力也是壓力，前職棒球星曹竣崵指出，中華隊投打守正常發揮的話，有機會贏球，「關鍵在心理，要扛住想贏、必須贏的壓力」。「不只現場2萬人，全台2300萬人透過電視收看的人可能更多。」球評、現任台北城市科技大學棒球隊總教練的曹竣崵表示：「在有壓力的情況下打球，要能夠頂得住。」曹竣崵分析，壓力來自兩個因素，一是想贏，「這是在我們主場，國人都期待想贏，這會無形中有個壓力。」二是必須贏，首戰贏球對中華隊晉級具有優勢，「每一場比賽也都關係到能不能晉級到第二輪。」球評、台北城市科技大學棒球隊總教練曹竣崵。圖／曹竣崵提供有豐富投球經驗的曹竣崵分享自身觀察，認為壓力對於節奏、心理都會造成影響，「像是原本可以投到150公里的投手，如果抗壓性沒那麼好，比賽時球速就會有差，或是面對危機時無法像平常時處理。」不過綜觀中華隊10場熱身賽，曹竣崵認為，打擊看得出來串連度夠，最後幾場比賽林立、張育成、林子偉等人都有開轟，「長打火力在最後有展現，更安心一些。」投手方面則是熱身賽看來相對比較擔憂的地方，曹竣崵表示，今天先發的胡智爲在熱身賽表現不錯，有安定感，只要能順利發揮就不是太大問題。 ▪ 經典賽即時新聞 ▪ 最新比分與完整賽程 ▪ 預賽分組戰績表 ▪ 經典賽專欄分析 經典賽WBC中華隊                    世界棒球經典賽開打第一天，中華隊就經歷人間煉獄般的一戰，投手調度連環崩盤，遭巴拿馬隊暴打兩個5分以上的大局，中華隊以5：...                                      還在尋求世界棒球經典賽史首勝的巴拿馬隊，今天面對中華隊在第4局敲開5分大局，單局得分已經直追隊史過去在經典賽的全部得分。                                      世界棒球經典賽A組賽程進入第二天，義大利隊才首度亮相，今晚在洲際棒球場與古巴隊打得難分難捨，演出本屆經典賽首次突破僵局制...                                      2023世界棒球經典賽今天開打，由洲際棒球場上演的荷蘭、古巴隊之戰揭開序幕，強強相碰在中午吸引6501人進場，最終由荷蘭...                                      B組南韓隊今天才出現姜白虎因慶祝離壘被觸殺，無獨有偶，世界棒球經典賽A組也差點上演相同悲劇，古巴隊阿魯巴耶納（Erisb...                                      世界棒球經典賽B組賽事今天在東京巨蛋開打，南韓、澳洲進行分組賽首戰，也是兩隊挑戰8強的關鍵戰役，南韓投手群無法抵擋澳洲長...                  ,UDN
80,經典賽／老隊友終於見面！王建民會李維拉贈龍鳳手環,2023-03-08 11:44:00,運動,,https://udn.com/news/story/10785/7016860,世界棒球經典賽今天開打，美職名人堂球星傳奇守護神李維拉（Mariano Rivera）受邀來台開球，前洋基隊友王建民也特別找時間與他相會，並贈上龍鳳手環給予祝福。李維拉與王建民曾當過多年隊友，李維拉也大讚王建民的天賦以及全力以赴的心態，令人印象深刻，很高興當他的隊友，為他守住比賽。王建民這次經典賽擔任中華隊牛棚教練，李維拉則受邀來台為中華隊與巴拿馬隊之戰開球，兩人在比賽開打前先見面，，王建民帶著代表平安的龍與鳳的手環，送給李維拉與他的老婆，祝福旅途平安、快樂。美職名人堂球星傳奇守護神李維拉（右）受邀來台為世界棒球經典賽開球，前洋基隊友王建民（左）也特別找時間與他相會。圖／悍創運動行銷提供美職名人堂球星傳奇守護神李維拉（右）受邀來台為世界棒球經典賽開球，前洋基隊友王建民（左）也特別找時間與他相會。圖／悍創運動行銷提供 ▪ 經典賽即時新聞 ▪ 最新比分與完整賽程 ▪ 預賽分組戰績表 ▪ 經典賽專欄分析 經典賽WBC中華隊                    世界棒球經典賽開打第一天，中華隊就經歷人間煉獄般的一戰，投手調度連環崩盤，遭巴拿馬隊暴打兩個5分以上的大局，中華隊以5：...                                      還在尋求世界棒球經典賽史首勝的巴拿馬隊，今天面對中華隊在第4局敲開5分大局，單局得分已經直追隊史過去在經典賽的全部得分。                                      世界棒球經典賽A組賽程進入第二天，義大利隊才首度亮相，今晚在洲際棒球場與古巴隊打得難分難捨，演出本屆經典賽首次突破僵局制...                                      2023世界棒球經典賽今天開打，由洲際棒球場上演的荷蘭、古巴隊之戰揭開序幕，強強相碰在中午吸引6501人進場，最終由荷蘭...                                      B組南韓隊今天才出現姜白虎因慶祝離壘被觸殺，無獨有偶，世界棒球經典賽A組也差點上演相同悲劇，古巴隊阿魯巴耶納（Erisb...                                      世界棒球經典賽B組賽事今天在東京巨蛋開打，南韓、澳洲進行分組賽首戰，也是兩隊挑戰8強的關鍵戰役，南韓投手群無法抵擋澳洲長...                  ,UDN
81,經典賽／美國無法衛冕？ 大聯盟官網寫手最看好這兩國奪冠,2023-03-08 13:03:00,運動,,https://udn.com/news/story/10785/7016900,第五屆世界棒球經典賽，將在稍後正式拉開帷幕，MLB官網也邀請多名寫手，撰筆預測四強組合以及冠軍隊伍。總計11名作家中，多明尼加、日本、美國三強鼎立幾乎已成共識，而韓國、委內瑞拉、古巴則為第四強熱門人選。不過，裡頭竟只有艾德勒（David Adler）一人認為美國將成功衛冕，他說：「強投無法擊敗強打，美國擁有歷史第二好的打線，楚奧特（Mike Trout）與他的隊友將找到辦法達成連霸。」此外，他還預測義大利將和上屆以色列一樣，扮演黑馬角色。曾在第三屆經典賽奪冠的多明尼加，即便賽前遭遇多名選手退出，仍被四位專家看好重返榮耀。朗絲（Sarah Langs）認為，太空人強打潘尼亞（Jeremy Pena）將延續美聯冠軍賽及世界大賽MVP勢頭，帶領多明尼加拿下冠軍；凡恩（DAVID VENN）則表示，即便失去了小葛雷諾（Vladimir Guerrero Jr.）等球星，多明尼加仍星光閃爍，得以擊敗其他球隊。日本與多明尼加相同，被四名專家預測將拔得頭籌。西蒙（Andrew Simon）解釋，他或許會後悔沒有選擇多明尼加或美國，但仍認為以大谷翔平為首的投手陣容，將為日本帶來第三座經典賽冠軍；皮特耶羅（Mike Petriello）則說道，村上宗隆、山本由伸、佐佐木朗希等較不被外國球迷關注的球員，將讓日本有機會擊敗多明尼加、加冕為王。文章中，有五國被看作冠軍候選，依序為多明尼加（4人）、日本（4人）、委內瑞拉（1人）、美國（1人）以及南韓（1人）。 ▪ 經典賽即時新聞 ▪ 最新比分與完整賽程 ▪ 預賽分組戰績表 ▪ 經典賽專欄分析 經典賽WBC風雲                    世界棒球經典賽開打第一天，中華隊就經歷人間煉獄般的一戰，投手調度連環崩盤，遭巴拿馬隊暴打兩個5分以上的大局，中華隊以5：...                                      還在尋求世界棒球經典賽史首勝的巴拿馬隊，今天面對中華隊在第4局敲開5分大局，單局得分已經直追隊史過去在經典賽的全部得分。                                      世界棒球經典賽A組賽程進入第二天，義大利隊才首度亮相，今晚在洲際棒球場與古巴隊打得難分難捨，演出本屆經典賽首次突破僵局制...                                      2023世界棒球經典賽今天開打，由洲際棒球場上演的荷蘭、古巴隊之戰揭開序幕，強強相碰在中午吸引6501人進場，最終由荷蘭...                                      B組南韓隊今天才出現姜白虎因慶祝離壘被觸殺，無獨有偶，世界棒球經典賽A組也差點上演相同悲劇，古巴隊阿魯巴耶納（Erisb...                                      世界棒球經典賽B組賽事今天在東京巨蛋開打，南韓、澳洲進行分組賽首戰，也是兩隊挑戰8強的關鍵戰役，南韓投手群無法抵擋澳洲長...                  ,UDN
82,經典賽／「他還能投嗎?」 中華隊傳奇王建民引MLB記者關注,2023-03-08 12:57:00,運動,,https://udn.com/news/story/10785/7017078,作為第五屆世界棒球經典賽A組主辦國，目前有眾多外媒在台灣關注這場棒球盛宴，來台採訪的MLB官網記者摩納根（Matt Monagan）已分享多篇介紹台灣棒球的亮點，包含被500元鈔票照片吸引、愛上「台式應援」，最新一則推特則關注到了前洋基王牌王建民。這位洋基時期「沉默的王牌」王建民，在2013年返台參加第三屆經典賽，但此時的他已走過連兩年19勝的巔峰，以及因跑壘受傷的低谷，並在被國民隊釋出後，希望藉由經典賽找尋重返大聯盟機會。該屆賽事他也如願辦到，接連在對陣澳洲及日本隊比賽中發揮完美，不僅重燃台灣棒球熱，更讓自己被老東家洋基隊簽下，進而在該年以藍鳥隊球員身分再度登上大聯盟投手丘。如今十年過去了，王建民雖還身披中華隊球衣，卻已從球員變成教練，而他昨日在臺體大棒球場協助訓練的身影，被摩納根拍下，並撰文寫道，「台灣傳奇王建民正在接飛球，我問球隊人員，42歲的他是否還能上場，他說：『或許還可以吧！』」除了王建民外，教練團中的高志綱、陳江和、張建銘、彭政閔等人也是第三屆經典賽中華隊成員，如今他們將以另一種身分，帶領球隊在家鄉奮戰。Taiwan legend Chien-Ming Wang (right) out here shagging flies during Chinese Taipei workouts. I asked a Taipei official if the 42 year old could still bring it. He said “yeah probably” pic.twitter.com/FmI5wM8hdS ▪ 經典賽即時新聞 ▪ 最新比分與完整賽程 ▪ 預賽分組戰績表 ▪ 經典賽專欄分析 經典賽WBC中華隊王建民                    世界棒球經典賽開打第一天，中華隊就經歷人間煉獄般的一戰，投手調度連環崩盤，遭巴拿馬隊暴打兩個5分以上的大局，中華隊以5：...                                      還在尋求世界棒球經典賽史首勝的巴拿馬隊，今天面對中華隊在第4局敲開5分大局，單局得分已經直追隊史過去在經典賽的全部得分。                                      世界棒球經典賽A組賽程進入第二天，義大利隊才首度亮相，今晚在洲際棒球場與古巴隊打得難分難捨，演出本屆經典賽首次突破僵局制...                                      2023世界棒球經典賽今天開打，由洲際棒球場上演的荷蘭、古巴隊之戰揭開序幕，強強相碰在中午吸引6501人進場，最終由荷蘭...                                      B組南韓隊今天才出現姜白虎因慶祝離壘被觸殺，無獨有偶，世界棒球經典賽A組也差點上演相同悲劇，古巴隊阿魯巴耶納（Erisb...                                      世界棒球經典賽B組賽事今天在東京巨蛋開打，南韓、澳洲進行分組賽首戰，也是兩隊挑戰8強的關鍵戰役，南韓投手群無法抵擋澳洲長...                  ,UDN
83,經典賽懶人包／A組強敵環伺最激烈 中華隊出賽資訊看這裡,2023-03-08 12:40:00,運動,,https://udn.com/news/story/10785/7017106,2023世界棒球經典賽3月8日正式開打，由A組主辦國台灣打頭陣，中華隊帶著熱身賽10戰全勝的氣勢要力拼重返8強，將依序與同組的巴拿馬、義大利、荷蘭及古巴過招，外界均認為這是實力最接近的「死亡之組」！由大聯盟主導的第五屆棒球經典賽，因疫情由2021延後2年至今年舉辦，本屆也擴大至20國參與，預賽仍維持A、B、C、D四組，每組5隊進行單循環，取戰績最好2隊晉級8強淘汰賽。中華隊首戰將於3月8日晚上7點迎戰巴拿馬，接著休兵一天展開三連戰，分別於3月10日、11日晚上7點迎戰義大利與荷蘭，預賽最後一戰則於3月12日中午12點對決古巴。3/08 19:00 巴拿馬vs.中華3/10 19:00 義大利 vs. 中華3/11 19:00 荷蘭 vs. 中華3/12 12:00 中華 vs. 古巴>>>這裡看完整賽程與比分、分組戰績表。本屆中華隊大換血，由統一獅教頭林岳平領軍，野手以大聯盟紅襪隊的張育成掛頭牌，另外有多年旅美經驗的林子偉，在日職打拼的吳念庭及王柏融都參戰，中職則有年度MVP林立為代表，而2019年12強表現出色的王威晨擔任隊長。投手雖然沒有過往王建民等級的王牌投手壓陣，但江少慶、胡智為、王維中與陳冠宇等人都有豐富的旅外經驗，而中職的黃子鵬、陳仕朋、吳哲源則是新生代代表。牛棚由旅日的宋家豪扛下終結者重擔，加上中職的李振昌、呂彥青、曾峻岳與陳禹勳等球員，後防很讓人信任。中華隊這次只帶剛好符合賽會規定的十四名投手，先發投手能否穩定吃下局數，對戰局影響重大，且用球數與出賽頻率需符合大聯盟的規範，相關特殊規則如下：★投手單場最多球數限制：預賽65球、八強80球、四強起95球，單場投滿50球需休息4天，滿30球休息1天，不可連續3天出賽。★投手上場必須至少面對3打席，若在攻守交換時換投不受此限。★預賽5局相差15分以上或7局相差10分以上，即提前結束比賽。★9局結束比分相同，自第10局進入突破僵局制，採大聯盟規定於二壘放置跑者。★球隊可在20秒內提出重播輔助判決，預賽及八強賽每隊各一次，四強起每隊各兩次機會。台灣球迷關心的電視轉播，可透過東森電視台與MOD的愛爾達體育台觀看，網路則可在中華電信的Hami Video免費觀看A組所有賽事。投手14人：呂彥青（兄弟）、李振昌（兄弟）、吳哲源（兄弟）、陳禹勳（樂天）、黃子鵬（樂天）、陳冠宇（樂天）、王維中（味全）、陳冠偉（味全）、胡智爲（統一）、曾峻岳（富邦）、江少慶（富邦）、陳仕朋（富邦）、宋家豪（日職樂天）、鄧愷威（美職巨人2A）。捕手3人：高宇杰（兄弟）、吉力吉撈．鞏冠（味全）、林岱安（統一）。內野手8人：王威晨（兄弟）、江坤宇（兄弟）、林立（樂天）、范國宸（富邦）、吳念庭（日職西武）、鄭宗哲（美職海盜1A）、張育成（紅襪）、林子偉（獨立聯盟）。外野手5人：陳晨威（樂天）、成晉（樂天）、郭天信（味全）、陳傑憲（統一）、王柏融（日職火腿）。教練團：總教練林岳平(統一)、首席兼捕手教練高志綱(統一)、投手教練許銘傑(樂天)、牛棚教練王建民(中信)、打擊教練曾豪駒(樂天)與彭政閔(中信)、內野守備教練陳江和(中信)、外野守備教練張建銘(味全)、體能教練劉品辰(樂天)A組：中華隊、荷蘭、古巴、義大利、巴拿馬(資格賽晉級)B組：日本、韓國、澳洲、中國、捷克(資格賽晉級)C組：美國、墨西哥、哥倫比亞、加拿大、英國(資格賽晉級)D組：波多黎各、委內瑞拉、多明尼加、以色列、尼加拉瓜(資格賽晉級)Fubon Angels：慈妹、丹丹、秀秀子、奶昔Rakuten Girls：籃籃、Yuri、林襄、孟潔Passion Sisters：峮峮、妮可、短今、貴貴、PeggyUni-Girls：瑟七、艾璐、斐棋、Yuki ▪ 經典賽即時新聞 ▪ 最新比分與完整賽程 ▪ 預賽分組戰績表 ▪ 經典賽專欄分析 經典賽WBC中華隊                    世界棒球經典賽開打第一天，中華隊就經歷人間煉獄般的一戰，投手調度連環崩盤，遭巴拿馬隊暴打兩個5分以上的大局，中華隊以5：...                                      還在尋求世界棒球經典賽史首勝的巴拿馬隊，今天面對中華隊在第4局敲開5分大局，單局得分已經直追隊史過去在經典賽的全部得分。                                      世界棒球經典賽A組賽程進入第二天，義大利隊才首度亮相，今晚在洲際棒球場與古巴隊打得難分難捨，演出本屆經典賽首次突破僵局制...                                      2023世界棒球經典賽今天開打，由洲際棒球場上演的荷蘭、古巴隊之戰揭開序幕，強強相碰在中午吸引6501人進場，最終由荷蘭...                                      B組南韓隊今天才出現姜白虎因慶祝離壘被觸殺，無獨有偶，世界棒球經典賽A組也差點上演相同悲劇，古巴隊阿魯巴耶納（Erisb...                                      世界棒球經典賽B組賽事今天在東京巨蛋開打，南韓、澳洲進行分組賽首戰，也是兩隊挑戰8強的關鍵戰役，南韓投手群無法抵擋澳洲長...                  ,UDN
84,經典賽／A組賽事台灣率先開打 國際五焦點一次看,2023-03-08 12:42:00,運動,,https://udn.com/news/story/10785/7017132,第五屆世界棒球經典賽（WBC）今天開打，由荷蘭隊對古巴隊在台中揭開序幕。本屆新加入了捷克、英國、尼加拉瓜等隊，一共有20國參賽，是歷屆最多的一次。除了A組在台中比賽外，同時也在鳳凰城、邁阿密、東京比賽。以下是值得關注的五個重點：分為四組在四地比賽，每組會有兩隊晉級，進入前八強，最後在邁阿密進行前四強和決賽。經典賽由美國職棒大聯盟（MLB）和MLB球員協會所成立的公司主辦。往年夏季奧運都碰到美國職棒大聯盟球季，因此大聯盟的球星都無法參賽。棒球未被2024年奧運列為比賽項目，如此一來，經典賽在國際賽事的地位就更顯重要。美國職棒大聯盟自稱季後賽的決賽「世界大戰」，或許不認為經典賽有什麼了不起。但幾年下來，各國籍的球員愈來愈熱中在經典賽中為國效力。之前在經典賽缺席的天使隊球星楚奧特（Mike Trout）說：「這就是我報名的整個原因，就是要贏，沒有別的。」為天使隊效力、投打兼擅的超級巨星大谷翔平返國替日本隊效力，從搭乘私人飛機返國，就一直是搏占報導版面的日本媒體焦點。日本隊還有聖地牙哥教士隊的達比修有，他在教士隊的隊友金河成，則將為南韓隊效命。南韓隊陣中還有在當地職棒的MVP李政厚，他明年將轉效美國大聯盟。在東京的B組將看到日韓大戰，適逢兩國政府重修舊好之際，這兩國較勁必極有看頭。WBC規定，只要球員的雙親有一人是該國公民，即可代表該國出賽。日本和南韓這次首次援引這個規定。聖路易紅雀隊二壘手Tommy Edman的母親是韓國人且仍持有南韓護照，這次披南韓隊戰袍出賽。另一位也是紅雀隊的Lars Nootbaar的母親是日本公民，則代表日本隊出賽。每位投手的投球數有限制，在分組預賽中，每位投手單場最多投65球；八強賽每位投手單場最多投80球；四強決賽，每位投手單場最多投95球。多明尼加、美國、日本呼聲最高。在美國的賭盤看好這三隊最有機會奪冠。美國在上屆2017年擊敗波多黎各而奪冠，日本則是第一和第二屆冠軍，多明尼加是第三屆冠軍。天使隊球星楚奧特（Mike Trout）對代表美國隊參加經典賽十分期待：「這就是我報名的整個原因，就是要贏，沒有別的。」美聯社 ▪ 經典賽即時新聞 ▪ 最新比分與完整賽程 ▪ 預賽分組戰績表 ▪ 經典賽專欄分析 經典賽WBC風雲                    世界棒球經典賽開打第一天，中華隊就經歷人間煉獄般的一戰，投手調度連環崩盤，遭巴拿馬隊暴打兩個5分以上的大局，中華隊以5：...                                      還在尋求世界棒球經典賽史首勝的巴拿馬隊，今天面對中華隊在第4局敲開5分大局，單局得分已經直追隊史過去在經典賽的全部得分。                                      世界棒球經典賽A組賽程進入第二天，義大利隊才首度亮相，今晚在洲際棒球場與古巴隊打得難分難捨，演出本屆經典賽首次突破僵局制...                                      2023世界棒球經典賽今天開打，由洲際棒球場上演的荷蘭、古巴隊之戰揭開序幕，強強相碰在中午吸引6501人進場，最終由荷蘭...                                      B組南韓隊今天才出現姜白虎因慶祝離壘被觸殺，無獨有偶，世界棒球經典賽A組也差點上演相同悲劇，古巴隊阿魯巴耶納（Erisb...                                      世界棒球經典賽B組賽事今天在東京巨蛋開打，南韓、澳洲進行分組賽首戰，也是兩隊挑戰8強的關鍵戰役，南韓投手群無法抵擋澳洲長...                  ,UDN
85,經典賽／挑軟柿子調整 美國首戰推「失速老將」先發戰英國,2023-03-08 14:10:00,運動,,https://udn.com/news/story/10785/7017223,第五屆世界棒球經典賽今天正式開打，也代表美國隊將踏上衛冕之路。而根據MLB記者報導，美國首場面對英國隊的比賽，將推出紅雀老將韋恩萊特（ Adam Wainwright）打頭陣。韋恩萊特已年屆41歲，在去年接近200局投球中繳出防禦率3.71的成績，並預告他將在完成本賽季後退休。雖入選本屆經典賽名單，但韋恩萊特在春訓表現不佳，不僅在兩場先發中留下7.20防禦率，更遭遇明顯的失速危機，以及臀大肌與手指傷勢。而美國首戰的對手英國，雖然招攬多名「美國傭兵」入隊，但整題層級仍不亮眼，隊內最知名的球員為勇士球星湯普森（Klay Thompson）的弟弟，道奇隊T.湯普森（Trayce Thompson），他去年在大聯盟敲出13支全壘打，預期將扛起球隊中心棒次。或許是因為英國在C組較差的戰力，美國隊推派近況低迷的韋恩萊特登板，讓他可以慢慢地找回球速。除了英國外，美國在小組賽還需面對墨西哥、加拿大、哥倫比亞等勁敵。BREAKING: Adam Wainwright will start Game 1 for @USABaseball on Saturday night. @MLB @MLBNetwork ▪ 經典賽即時新聞 ▪ 最新比分與完整賽程 ▪ 預賽分組戰績表 ▪ 經典賽專欄分析 經典賽WBC風雲美國英國                    世界棒球經典賽開打第一天，中華隊就經歷人間煉獄般的一戰，投手調度連環崩盤，遭巴拿馬隊暴打兩個5分以上的大局，中華隊以5：...                                      還在尋求世界棒球經典賽史首勝的巴拿馬隊，今天面對中華隊在第4局敲開5分大局，單局得分已經直追隊史過去在經典賽的全部得分。                                      世界棒球經典賽A組賽程進入第二天，義大利隊才首度亮相，今晚在洲際棒球場與古巴隊打得難分難捨，演出本屆經典賽首次突破僵局制...                                      2023世界棒球經典賽今天開打，由洲際棒球場上演的荷蘭、古巴隊之戰揭開序幕，強強相碰在中午吸引6501人進場，最終由荷蘭...                                      B組南韓隊今天才出現姜白虎因慶祝離壘被觸殺，無獨有偶，世界棒球經典賽A組也差點上演相同悲劇，古巴隊阿魯巴耶納（Erisb...                                      世界棒球經典賽B組賽事今天在東京巨蛋開打，南韓、澳洲進行分組賽首戰，也是兩隊挑戰8強的關鍵戰役，南韓投手群無法抵擋澳洲長...                  ,UDN
86,經典賽／中華隊賽史僅一次開門紅 牽動晉級之路難易度,2023-03-08 13:19:00,運動,,https://udn.com/news/story/10785/7017255,世界棒球經典賽今天正式開打，中華隊將第一道關卡交給胡智爲，能否「破關」牽繫到晉級之路難易度，前4屆在首戰輸球的情況下，全數都未能晉級八強，唯一一次首戰贏球就是2013年。經典賽舉辦前4屆，中華隊僅在第三屆取得八強門票，當年在首戰靠王建民先發6局無失分領銜，以4：1擊敗澳洲隊，分組拿下2勝1敗挺進八強。至於另外3屆，中華隊第一屆以0：2輸給南韓隊啟程，第二戰再以3：14遭日本隊提前7局扣倒，只贏中國大陸隊，分組賽以1勝2敗作收遭到淘汰。第二屆則是首戰就以0：9遭南韓打爆，不到24小時再以1：4輸給中國大陸、遭到淘汰；2017年首戰以7：15輸給以色列，預賽3戰全敗收場。中華隊本屆擔任預賽地主之一，在洲際棒球場展開賽事，首戰從資格賽闖關的巴拿馬，無意外推出集訓以來狀況最穩定的胡智爲先發，巴拿馬則是有大聯盟資歷的右投梅西亞（Humberto Mejia）。 ▪ 經典賽即時新聞 ▪ 最新比分與完整賽程 ▪ 預賽分組戰績表 ▪ 經典賽專欄分析 經典賽WBC中華隊                    世界棒球經典賽開打第一天，中華隊就經歷人間煉獄般的一戰，投手調度連環崩盤，遭巴拿馬隊暴打兩個5分以上的大局，中華隊以5：...                                      還在尋求世界棒球經典賽史首勝的巴拿馬隊，今天面對中華隊在第4局敲開5分大局，單局得分已經直追隊史過去在經典賽的全部得分。                                      世界棒球經典賽A組賽程進入第二天，義大利隊才首度亮相，今晚在洲際棒球場與古巴隊打得難分難捨，演出本屆經典賽首次突破僵局制...                                      2023世界棒球經典賽今天開打，由洲際棒球場上演的荷蘭、古巴隊之戰揭開序幕，強強相碰在中午吸引6501人進場，最終由荷蘭...                                      B組南韓隊今天才出現姜白虎因慶祝離壘被觸殺，無獨有偶，世界棒球經典賽A組也差點上演相同悲劇，古巴隊阿魯巴耶納（Erisb...                                      世界棒球經典賽B組賽事今天在東京巨蛋開打，南韓、澳洲進行分組賽首戰，也是兩隊挑戰8強的關鍵戰役，南韓投手群無法抵擋澳洲長...                  ,UDN
87,經典賽／營養午餐擺盤超有創意！嘉市學童為中華隊加油,2023-03-08 13:20:00,運動,,https://udn.com/news/story/10785/7017258,世界棒球經典賽今晚點燃戰火，中華隊預賽首戰對上巴拿馬，不少球迷已磨拳擦掌準備到場為球員吶喊助威，棒球原鄉嘉義市熱情不落人後，別出心裁號召全市國中小學及幼兒園發揮巧思，將營養午餐擺盤成「中華隊加油」字樣為中華隊集氣，在讓學童吃得營養均衡又開心的同時，更為中華隊送上「獨嘉」的祝福。嘉義市政府教育處長林立生表示，棒球原鄉嘉義市重視運動發展與培育，例如今年經典賽的練習賽在嘉義市開打，中職練習賽、二軍賽也在嘉義市；不僅以最好的場地提供球員集訓、練習的空間，市長黃敏惠更於賽前親自為中華隊送上象徵「強棒出擊」的木雕，祝福中華隊從嘉義市出發，一路打出好成績，「進軍日本東京巨蛋，決戰美國邁阿密！」。今天在經典賽開打前夕，嘉義市各國小中學將營養午餐創意擺盤出「中華隊加油」字樣，全市國中小棒球隊也響應號召拍照打卡，不只希望為中華隊集氣送上祝福，也期待營養美味的午餐凝聚孩子們對運動賽事關注，讓棒球運動和代表嘉義市的KANO堅毅精神繼續紮根。嘉義市民生國中學務主任童俊凱表示，迎接經典賽到來，民生國中體育班近日以為中華隊加油的標語為教室佈置換新裝，今日午餐廚媽們更發揮創意以海苔點綴米飯排出「中華隊加油」字樣，不僅在午餐時間帶給學生們驚喜，更讓學生們為中華隊加油的心沸騰。今日響應以營養午餐為中華隊送上祝福的活動迴響熱烈，垂楊國小以球棒和棒球排列出大大的「CT加油」字樣，林森國小更創意用雞蛋排出比分，祝福中華隊完封對手，就連復國幼兒園的小小朋友也開心享用以小蕃茄、葡萄排列成的中華隊加油字樣，送上來自小小球迷們的祝福。民生國中的「中華隊加油」營養午餐。圖／嘉義市政府提供復國幼兒園以營養午餐為中華隊加油。圖／嘉義市政府提供創意擺盤為中華隊加油。圖／嘉義市政府提供學童為中華隊加油。圖／嘉義市政府提供創意午餐「中華隊加油」字樣。圖／嘉義市政府提供林森國小以雞蛋祝福中華隊完封對手。圖／嘉義市政府提供創意午餐「中華隊加油」字樣。圖／嘉義市政府提供創意擺盤「中華隊加油」字樣。圖／嘉義市政府提供 ▪ 經典賽即時新聞 ▪ 最新比分與完整賽程 ▪ 預賽分組戰績表 ▪ 經典賽專欄分析 經典賽WBC中華隊                    世界棒球經典賽開打第一天，中華隊就經歷人間煉獄般的一戰，投手調度連環崩盤，遭巴拿馬隊暴打兩個5分以上的大局，中華隊以5：...                                      還在尋求世界棒球經典賽史首勝的巴拿馬隊，今天面對中華隊在第4局敲開5分大局，單局得分已經直追隊史過去在經典賽的全部得分。                                      世界棒球經典賽A組賽程進入第二天，義大利隊才首度亮相，今晚在洲際棒球場與古巴隊打得難分難捨，演出本屆經典賽首次突破僵局制...                                      2023世界棒球經典賽今天開打，由洲際棒球場上演的荷蘭、古巴隊之戰揭開序幕，強強相碰在中午吸引6501人進場，最終由荷蘭...                                      B組南韓隊今天才出現姜白虎因慶祝離壘被觸殺，無獨有偶，世界棒球經典賽A組也差點上演相同悲劇，古巴隊阿魯巴耶納（Erisb...                                      世界棒球經典賽B組賽事今天在東京巨蛋開打，南韓、澳洲進行分組賽首戰，也是兩隊挑戰8強的關鍵戰役，南韓投手群無法抵擋澳洲長...                  ,UDN
88,經典賽／星光升級！ 本屆7位MLB年度MVP、63位全明星參賽,2023-03-08 13:29:00,運動,,https://udn.com/news/story/10785/7017284,在Ａ組賽事開打之後，世界棒球經典賽戰火緊接著於日本東京、美國鳳凰城及邁阿密點燃，最被看好奪冠的三隊分布於另外三組，聚焦更多全球棒球迷的目光。經典賽本屆擴編為廿隊，相隔六年再度舉辦，吸引眾星響應參賽，儘管逼近比賽開打階段陸續有選手退賽，但最終參賽名單上仍有七位大聯盟年度ＭＶＰ、六十三位曾入選明星賽的選手，星光熠熠。在東京巨蛋廝殺的Ｂ組被視為兩強三弱的分組，難擋日本、南韓隊晉級之路。本屆因大谷翔平的參戰為賽事增色不少，母隊天使隊放行他出賽零限制，徹底解放「投手大谷」、「打者翔平」能力，讓日本隊如有卅一人名單優勢，他被預期扛起首戰面對中國大陸隊先發機會濃厚。包括大谷翔平在內，日本隊有四名現役大聯盟選手，還有多位已被大聯盟鎖定的日本武士，包括山本由伸、村上宗隆、佐佐木朗希；南韓隊陣中有兩位現役大聯盟選手，韓職年度ＭＶＰ李政厚有意在今年季後赴美挑戰，經典賽也是他的試金石。美洲戰場則於台灣時間十二日凌晨零時開打，Ｃ組的美國、Ｄ組的多明尼加是另外兩支被看好奪冠的球隊。美國為上屆冠軍，本屆面對賽事態度非常積極，從招募選手階段就獲多位大咖球星點頭。擔任隊長的楚奧特表示，上屆自己在打與不打之間猶豫不決，最終並未參賽有點後悔，這也是他今年很快就決定要打的原因，美國隊的目標只有一個，「就是要贏，除此之外沒別的了，美國隊若沒奪冠就是失敗。」分析本屆星光升級的原因，大聯盟主席曼弗瑞表示，「我認為今年的改變是球團不擋了，他們比較願意放行選手參賽。」他也提到，「或許不是每一位，但有許多選手都很珍惜穿上這件繡有國家名字球衣的機會。」 ▪ 經典賽即時新聞 ▪ 最新比分與完整賽程 ▪ 預賽分組戰績表 ▪ 經典賽專欄分析 經典賽WBC風雲                    世界棒球經典賽開打第一天，中華隊就經歷人間煉獄般的一戰，投手調度連環崩盤，遭巴拿馬隊暴打兩個5分以上的大局，中華隊以5：...                                      還在尋求世界棒球經典賽史首勝的巴拿馬隊，今天面對中華隊在第4局敲開5分大局，單局得分已經直追隊史過去在經典賽的全部得分。                                      世界棒球經典賽A組賽程進入第二天，義大利隊才首度亮相，今晚在洲際棒球場與古巴隊打得難分難捨，演出本屆經典賽首次突破僵局制...                                      2023世界棒球經典賽今天開打，由洲際棒球場上演的荷蘭、古巴隊之戰揭開序幕，強強相碰在中午吸引6501人進場，最終由荷蘭...                                      B組南韓隊今天才出現姜白虎因慶祝離壘被觸殺，無獨有偶，世界棒球經典賽A組也差點上演相同悲劇，古巴隊阿魯巴耶納（Erisb...                                      世界棒球經典賽B組賽事今天在東京巨蛋開打，南韓、澳洲進行分組賽首戰，也是兩隊挑戰8強的關鍵戰役，南韓投手群無法抵擋澳洲長...                  ,UDN
89,經典賽／不用情蒐他了 古巴日職中繼王66球收工碰不上中華隊,2023-03-08 13:39:00,運動,,https://udn.com/news/story/10785/7017316,世界棒球經典賽今天中午由古巴、荷蘭隊之戰揭開序幕，效力日職中日龍隊的投手羅德里奎茲（Yariel Rodriguez），先發4局狂飆6次三振，而他單場共用66球，確定預賽無法再登板，中華隊不會碰到這位日職中繼王。羅德里奎茲從2020年起效力中日隊，去年為中央聯盟中繼王，在經典賽因古巴戰力需求而轉任先發，扛起打頭陣的任務，面對荷蘭打線繳出一場好投。羅德里奎茲第4局兩出局後被敲安打，用球數已達62球，面對川普（Chadwick Tromp）讓他擊出二壘方向滾地球出局，以66球完成4局先發任務，被敲3安打、失1分，有6次三振、1次保送。中華隊將在分組賽最終戰、12日對上古巴，而根據賽會用球限制，預賽單場最多可用65球，且超過50球要休4天，而他今天用66球退場，拿到4天「特休」，確定不可能在面對中華隊之戰上場了。 ▪ 經典賽即時新聞 ▪ 最新比分與完整賽程 ▪ 預賽分組戰績表 ▪ 經典賽專欄分析 經典賽WBC風雲                    世界棒球經典賽開打第一天，中華隊就經歷人間煉獄般的一戰，投手調度連環崩盤，遭巴拿馬隊暴打兩個5分以上的大局，中華隊以5：...                                      還在尋求世界棒球經典賽史首勝的巴拿馬隊，今天面對中華隊在第4局敲開5分大局，單局得分已經直追隊史過去在經典賽的全部得分。                                      世界棒球經典賽A組賽程進入第二天，義大利隊才首度亮相，今晚在洲際棒球場與古巴隊打得難分難捨，演出本屆經典賽首次突破僵局制...                                      2023世界棒球經典賽今天開打，由洲際棒球場上演的荷蘭、古巴隊之戰揭開序幕，強強相碰在中午吸引6501人進場，最終由荷蘭...                                      B組南韓隊今天才出現姜白虎因慶祝離壘被觸殺，無獨有偶，世界棒球經典賽A組也差點上演相同悲劇，古巴隊阿魯巴耶納（Erisb...                                      世界棒球經典賽B組賽事今天在東京巨蛋開打，南韓、澳洲進行分組賽首戰，也是兩隊挑戰8強的關鍵戰役，南韓投手群無法抵擋澳洲長...                  ,UDN
90,經典運彩／投打實力不分軒輊 看好巴拿馬受讓反咬中華隊,2023-03-08 14:27:00,運動,,https://udn.com/news/story/10785/7017411,【文／運彩貓運彩貓堯舜魚湯】比賽時間: 3/8 19:00中華隊本屆經典賽的首場賽事，即將迎戰遠渡重洋、從資格賽廝殺中晉級的巴拿馬隊，兩隊上次對戰已是2011年，相隔多年再次交手，可望激盪出精彩的火花。本場賽事由巴拿馬先攻，地主中華隊後攻，兩隊先發投手目前都已公布，巴拿馬派出Humberto Mejía，曾經上過大聯盟，雖然帳面數據不佳，但後來到了墨聯與冬聯卻是投出明顯優於平均的水準，尤其在冬聯的ERA僅有2.15，50.1局的投球中更是僅出現三次保送，數據非常之銷魂。中華隊則由胡智為掛帥，去年在中職ERA為中規中矩的3.35，但到了熱身賽調整狀況極佳，ERA僅0.84，足見已做好準備。兩隊投手相較之下其實不分軒輊，而巴拿馬的打擊乍看較弱，其實也有多位大聯盟經驗打者助陣，且歷史交戰兩隊扯平，代表地主的中華隊沒能討到太多便宜，初盤中華隊也讓得很淺，後來才變深，可能是下注量較熱門，巴拿馬有機會爆冷咬盤。運彩推薦：巴拿馬 +1.5受讓國際盤推薦：巴拿馬 2+40受讓 ▪ 經典賽即時新聞 ▪ 最新比分與完整賽程 ▪ 預賽分組戰績表 ▪ 經典賽專欄分析 經典賽WBC運彩                    世界棒球經典賽開打第一天，中華隊就經歷人間煉獄般的一戰，投手調度連環崩盤，遭巴拿馬隊暴打兩個5分以上的大局，中華隊以5：...                                      還在尋求世界棒球經典賽史首勝的巴拿馬隊，今天面對中華隊在第4局敲開5分大局，單局得分已經直追隊史過去在經典賽的全部得分。                                      世界棒球經典賽A組賽程進入第二天，義大利隊才首度亮相，今晚在洲際棒球場與古巴隊打得難分難捨，演出本屆經典賽首次突破僵局制...                                      2023世界棒球經典賽今天開打，由洲際棒球場上演的荷蘭、古巴隊之戰揭開序幕，強強相碰在中午吸引6501人進場，最終由荷蘭...                                      B組南韓隊今天才出現姜白虎因慶祝離壘被觸殺，無獨有偶，世界棒球經典賽A組也差點上演相同悲劇，古巴隊阿魯巴耶納（Erisb...                                      世界棒球經典賽B組賽事今天在東京巨蛋開打，南韓、澳洲進行分組賽首戰，也是兩隊挑戰8強的關鍵戰役，南韓投手群無法抵擋澳洲長...                  ,UDN
91,經典賽／中華隊今晚首戰巴拿馬 中華隊4場次8萬張門票完售,2023-03-08 15:08:00,運動,,https://udn.com/news/story/10785/7017584,世界棒球經典賽(WBC)3月8日至12日在台中洲際棒球場開打，中華隊今晚起將迎戰巴拿馬、義大利、荷蘭及古巴，中華隊四場次共8萬張門票今早全數完售，洲際球場每場都將湧入2萬球迷。中華隊今晚7時首戰巴拿馬，台中市長盧秀燕也將出席開幕典禮，希望與滿場球迷一起為中華隊吶喊，率先奪下首勝。台中市運動局長李昱叡表示，全世界僅4座城市具有舉辦資格，包括台灣台中、日本東京、美國鳳凰城、邁阿密。世界棒球經典賽睽違10年再度回到台中舉辦，今天起A組預賽，是此屆經典賽全球首場賽事展開，中華隊今晚首戰由胡智為先發，全員備戰，希望全力搶下重要的第一勝。李昱叡說，洲際棒球場是台灣首屈一指的國際標準棒球場，曾辦理過多項頂級棒球賽事，此次積極爭取讓中華隊「在家比賽」，努力營造中華隊主場優勢，力拼分組前兩名，取得複賽門票前進東京，邀請國人一起力挺，為中華隊加油。運動局指出，賽事期間將湧入大量人潮及車潮，鼓勵民眾可搭公車前往洲際棒球場，周邊有許多公車路線行經，包含12(含12延)、14（含14延、14副、14副2）、58 (含58副、58區2)、71、127（含127延）、700、956等7條公車路線，歡迎全國民眾來台中為中華隊吶喊加油。世界棒球經典賽今日起在台中洲際棒球場開打，中華隊將迎戰巴拿馬、義大利、荷蘭及古巴，中華隊四場次共8萬張門票今早全數完售。圖／台中市運動局提供 ▪ 經典賽即時新聞 ▪ 最新比分與完整賽程 ▪ 預賽分組戰績表 ▪ 經典賽專欄分析 經典賽WBC中華隊                    世界棒球經典賽開打第一天，中華隊就經歷人間煉獄般的一戰，投手調度連環崩盤，遭巴拿馬隊暴打兩個5分以上的大局，中華隊以5：...                                      還在尋求世界棒球經典賽史首勝的巴拿馬隊，今天面對中華隊在第4局敲開5分大局，單局得分已經直追隊史過去在經典賽的全部得分。                                      世界棒球經典賽A組賽程進入第二天，義大利隊才首度亮相，今晚在洲際棒球場與古巴隊打得難分難捨，演出本屆經典賽首次突破僵局制...                                      2023世界棒球經典賽今天開打，由洲際棒球場上演的荷蘭、古巴隊之戰揭開序幕，強強相碰在中午吸引6501人進場，最終由荷蘭...                                      B組南韓隊今天才出現姜白虎因慶祝離壘被觸殺，無獨有偶，世界棒球經典賽A組也差點上演相同悲劇，古巴隊阿魯巴耶納（Erisb...                                      世界棒球經典賽B組賽事今天在東京巨蛋開打，南韓、澳洲進行分組賽首戰，也是兩隊挑戰8強的關鍵戰役，南韓投手群無法抵擋澳洲長...                  ,UDN
92,經典賽／不藏了！川普2分打點擴大領先 荷蘭擊敗古巴開門紅,2023-03-08 15:17:00,運動,,https://udn.com/news/story/10785/7017612,2023世界棒球經典賽今天開打，由洲際棒球場上演的荷蘭、古巴隊之戰揭開序幕，強強相碰在中午吸引6501人進場，最終由荷蘭隊以4：2拿下勝利古巴隊在2局上先馳得點，吉伯特（Yoelkis Guibert）保送上壘，2出局後慕西卡（Yadil Mujica）的二壘打敲回1分；3局下荷蘭隊則是靠著柏納帝那（Roger Bernadina）、葛瑞格里歐斯（Didi Gregorius） 兩支安打追平比數。6局下荷蘭隊再次突破，葛瑞格里歐斯保送、史構普（Jonathan Schoop）安打，1出局後帕拉修斯（Richie Palacios）的安打敲回超前分，第9棒捕手川普（Chadwick Tromp）在2出局二、三壘有人時再敲出安打，2分打點擴大領先。古巴隊雖然7局上再添1分，但無濟於事，荷蘭隊拿下首戰勝利，川普貢獻2分打點，8局上還演出牽制出局，前Lamigo桃猿隊洋將柏納帝那敲出2支安打。荷蘭先發投手布洛克（Tom de Blok）58球投完3局，被敲1支安打，另有4次保送、2次三振，丟掉1分；中繼的威斯特（Derek West）投1.2局、曼得茲（Eric Mendez）投1局，都沒掉分，穩住局面。古巴隊壓出日職中日龍隊投手羅德里奎茲（Yariel Rodriguez）先發，4局被敲3安打、失1分，有6次三振、1次保送，無關勝敗，軟銀終結者莫伊尼洛（Livan Moinelo）則在8局亮相，投出三上三下，包括1次三振。 ▪ 經典賽即時新聞 ▪ 最新比分與完整賽程 ▪ 預賽分組戰績表 ▪ 經典賽專欄分析 經典賽WBC風雲                    世界棒球經典賽開打第一天，中華隊就經歷人間煉獄般的一戰，投手調度連環崩盤，遭巴拿馬隊暴打兩個5分以上的大局，中華隊以5：...                                      還在尋求世界棒球經典賽史首勝的巴拿馬隊，今天面對中華隊在第4局敲開5分大局，單局得分已經直追隊史過去在經典賽的全部得分。                                      世界棒球經典賽A組賽程進入第二天，義大利隊才首度亮相，今晚在洲際棒球場與古巴隊打得難分難捨，演出本屆經典賽首次突破僵局制...                                      2023世界棒球經典賽今天開打，由洲際棒球場上演的荷蘭、古巴隊之戰揭開序幕，強強相碰在中午吸引6501人進場，最終由荷蘭...                                      B組南韓隊今天才出現姜白虎因慶祝離壘被觸殺，無獨有偶，世界棒球經典賽A組也差點上演相同悲劇，古巴隊阿魯巴耶納（Erisb...                                      世界棒球經典賽B組賽事今天在東京巨蛋開打，南韓、澳洲進行分組賽首戰，也是兩隊挑戰8強的關鍵戰役，南韓投手群無法抵擋澳洲長...                  ,UDN
93,經典賽／隨隊征戰各賽事17年 古巴狂粉來台不缺席,2023-03-08 16:25:00,運動,,https://udn.com/news/story/10785/7017685,本屆世界棒球經典賽首場比賽剛結束，最終由荷蘭隊以4：2擊敗古巴隊。雖然這場比賽無地主隊出戰，因此觀眾數不多，但卻有一名帶著高帽、拿著喇叭的「古巴狂粉」異常顯眼，甚至吸引MLB官網記者摩納根（Matt Monagan）採訪。這名粉絲叫做阿維拉（Pablo Avila），在本場荷蘭古巴戰中，只要古巴有所表現，他就會吹響手中的喇叭慶祝；不僅如此，當球隊得分時，他會拿著一面大國旗跑上平時供啦啦隊表演的平台，面對球員跑動，讓身處異地的古巴球員仍能有家的感覺。根據阿維拉自述，他是位出生古巴、目前住在休士頓的貨車司機。摩納根認為，阿維拉是世界上最瘋狂的棒球粉絲之一，因為過去17年來，他不僅現場觀看古巴每一場經典賽，奧運、世界盃等賽事他也從未缺席，阿維拉說：「他們在哪，我就在哪。」如此程度，也讓阿維拉被古巴隊員熟知，而對於這支深愛的球隊，他如此評價，「他們非常強，就像90年代那支古巴隊一樣。」古巴棒球隊在90年代可說是最強隊伍，在1992及1996皆拿下奧運金牌，1992年更在巴塞隆納以大比分澆熄中華隊金牌夢。雖然古巴出師不利吞下一敗，但若能擊敗中華、義大利、巴拿馬等勁敵，仍高機率能從A組脫穎而出、闖進八強賽。This is him after Cuba just scored that run pic.twitter.com/nP3h92pLmx ▪ 經典賽即時新聞 ▪ 最新比分與完整賽程 ▪ 預賽分組戰績表 ▪ 經典賽專欄分析 經典賽WBC風雲                    世界棒球經典賽開打第一天，中華隊就經歷人間煉獄般的一戰，投手調度連環崩盤，遭巴拿馬隊暴打兩個5分以上的大局，中華隊以5：...                                      還在尋求世界棒球經典賽史首勝的巴拿馬隊，今天面對中華隊在第4局敲開5分大局，單局得分已經直追隊史過去在經典賽的全部得分。                                      世界棒球經典賽A組賽程進入第二天，義大利隊才首度亮相，今晚在洲際棒球場與古巴隊打得難分難捨，演出本屆經典賽首次突破僵局制...                                      2023世界棒球經典賽今天開打，由洲際棒球場上演的荷蘭、古巴隊之戰揭開序幕，強強相碰在中午吸引6501人進場，最終由荷蘭...                                      B組南韓隊今天才出現姜白虎因慶祝離壘被觸殺，無獨有偶，世界棒球經典賽A組也差點上演相同悲劇，古巴隊阿魯巴耶納（Erisb...                                      世界棒球經典賽B組賽事今天在東京巨蛋開打，南韓、澳洲進行分組賽首戰，也是兩隊挑戰8強的關鍵戰役，南韓投手群無法抵擋澳洲長...                  ,UDN
94,經典賽／荷蘭再拚第2勝 前獅隊洋投馬帝斯無畏巴拿馬,2023-03-08 16:07:00,運動,,https://udn.com/news/story/10785/7017749,荷蘭隊在世界棒球經典賽旗開得勝，以4：2擊敗古巴隊，下一場將在明天對上巴拿馬，推出統一獅隊前洋投馬帝斯（Shairon Martis）搶勝。荷蘭手握兩屆經典賽4強佳績，本屆賽事也以勝利開局，首戰就擊敗賽前在A組最被看好的「紅色閃電」古巴，明天再度於午場賽事出賽，對手是從資格賽闖關的巴拿馬，荷蘭教頭穆倫斯（Hensley Meulens）賽後直接宣布，明天一戰由馬帝斯先發。馬帝斯表示，「今天對我們是重要的一勝，希望明天也能為荷蘭再次搶下勝利，盡可能把局數拉長。」巴拿馬在兩場官辦熱身賽攻下17分，陣中包括大聯盟好手，馬帝斯無畏，「他們有大聯盟選手，我們也有，我自己也有這樣的資歷，每天都是新的一天，會照著自己的經驗與策略去投球。」他曾在2014年效力獅隊，繳出8勝7敗、防禦率3.15，重返台灣參加經典賽，他表示，自己對這裡的聯盟、城市有所認識，這次能重返台灣參加經典賽，自己也很開心。 ▪ 經典賽即時新聞 ▪ 最新比分與完整賽程 ▪ 預賽分組戰績表 ▪ 經典賽專欄分析 經典賽WBC風雲                    世界棒球經典賽開打第一天，中華隊就經歷人間煉獄般的一戰，投手調度連環崩盤，遭巴拿馬隊暴打兩個5分以上的大局，中華隊以5：...                                      還在尋求世界棒球經典賽史首勝的巴拿馬隊，今天面對中華隊在第4局敲開5分大局，單局得分已經直追隊史過去在經典賽的全部得分。                                      世界棒球經典賽A組賽程進入第二天，義大利隊才首度亮相，今晚在洲際棒球場與古巴隊打得難分難捨，演出本屆經典賽首次突破僵局制...                                      2023世界棒球經典賽今天開打，由洲際棒球場上演的荷蘭、古巴隊之戰揭開序幕，強強相碰在中午吸引6501人進場，最終由荷蘭...                                      B組南韓隊今天才出現姜白虎因慶祝離壘被觸殺，無獨有偶，世界棒球經典賽A組也差點上演相同悲劇，古巴隊阿魯巴耶納（Erisb...                                      世界棒球經典賽B組賽事今天在東京巨蛋開打，南韓、澳洲進行分組賽首戰，也是兩隊挑戰8強的關鍵戰役，南韓投手群無法抵擋澳洲長...                  ,UDN
95,經典賽／荷蘭首勝敲關鍵安 川普感謝阿魯巴家人應援,2023-03-08 16:07:00,運動,,https://udn.com/news/story/10785/7017752,荷蘭隊今天在世界棒球經典賽以4：2擊敗古巴隊，第一場比賽就旗開得勝，捕手川普（Chadwick Tromp）敲出擴大領先的關鍵安打，他感謝在阿魯巴群島的家人熬夜為自己加油。荷蘭與古巴前5局以1：1戰平，6局下荷蘭先靠著帕拉修斯（Richie Palacios）的安打敲回超前分，接著川普在2出局二、三壘有人時再敲出安打，帶有2分打點，荷蘭隊就此領先到最後。荷蘭隊總教練穆倫斯（Hensley Meulens）表示，能夠贏下第一場比賽很重要，球隊吞下定心丸，中間遇到幾次狀況，也有非常好的守備化險為夷，幾位球員都有敲出安打，其中川普那支安打很關鍵，才能夠拿下這重要一勝。來自荷屬阿魯巴群島的川普則說，當地時間是凌晨12點，「但全家人都一起為我加油，很高興有這個機會代表荷蘭參賽。」川普也說自己選球不算很好，擊中球帶點幸運成分，「這支安打很重要，但前面的打者也都很重要，才能夠適時得分。」荷蘭先發投手布洛克（Tom de Blok）雖然第1局就投出3次四壞，但最終投完3局只掉1分，穆倫斯表示，對他有足夠信任，因為用球數偏多所以比較早退場，「之前他的手臂有些傷，今天對他、對我們都很重要，能夠展現能耐，沒想過換人。」古巴隊總教練強森（Armando Johnson）則是，比賽過程很拉鋸，雖然輸掉比賽，但不到警訊，只是打擊需要做些調整，「比賽才剛開始，明天是新的一天、有新的比賽，一切還沒結束，剩下三場比賽，每一場都很重要。」迪斯派（Alfredo Despaigne）賽前練習因身體不適，今天未能出賽，強森表示，在得知相關訊息後，也經過醫生評估，不勉強選手出賽。 ▪ 經典賽即時新聞 ▪ 最新比分與完整賽程 ▪ 預賽分組戰績表 ▪ 經典賽專欄分析 經典賽WBC風雲                    世界棒球經典賽開打第一天，中華隊就經歷人間煉獄般的一戰，投手調度連環崩盤，遭巴拿馬隊暴打兩個5分以上的大局，中華隊以5：...                                      還在尋求世界棒球經典賽史首勝的巴拿馬隊，今天面對中華隊在第4局敲開5分大局，單局得分已經直追隊史過去在經典賽的全部得分。                                      世界棒球經典賽A組賽程進入第二天，義大利隊才首度亮相，今晚在洲際棒球場與古巴隊打得難分難捨，演出本屆經典賽首次突破僵局制...                                      2023世界棒球經典賽今天開打，由洲際棒球場上演的荷蘭、古巴隊之戰揭開序幕，強強相碰在中午吸引6501人進場，最終由荷蘭...                                      B組南韓隊今天才出現姜白虎因慶祝離壘被觸殺，無獨有偶，世界棒球經典賽A組也差點上演相同悲劇，古巴隊阿魯巴耶納（Erisb...                                      世界棒球經典賽B組賽事今天在東京巨蛋開打，南韓、澳洲進行分組賽首戰，也是兩隊挑戰8強的關鍵戰役，南韓投手群無法抵擋澳洲長...                  ,UDN
96,經典賽／開幕戰開路先鋒定案 鄭宗哲打擊策略：等下想,2023-03-08 16:28:00,運動,,https://udn.com/news/story/10785/7017799,中華隊在世界棒球經典賽的第一場比賽將在今晚對上巴拿馬隊，旅美小將鄭宗哲從熱身賽開始扛起開路先鋒，也確定在中巴大戰第一個站上打擊區，他開玩笑說自己還沒準備好打擊策略，「我等下會想。」今晚中華隊開幕戰確定滿場，台中洲際棒球場將湧入2萬名觀眾，鄭宗哲表示，過去打加勒比海大賽也遇過滿場，「但那是在別的國家，第一次在台灣經歷這樣的大場面。」作為主場球員，鄭宗哲期待能夠在預賽每一場都打出精彩、贏得比賽，「大家都很想贏球，我相信壓力、緊張不可能沒有，但大家都明白，這是棒球生涯中的一場，想辦法贏下來，不管對手是誰。」中華隊在自辦加上官辦熱身賽拿下10連勝，今天終於要進入正式賽事，鄭宗哲表示：「每一個人隨著一場場比賽，更像一個團隊，明白自己的工作是什麼，代打選手也都表現得不錯，證明我們現在是很好的團隊。」總教練林岳平也提前透露，今晚先發第一棒、二壘手就是鄭宗哲，鄭宗哲則說，自己的想法就是努力去打好比賽，「打擊策略現在還不知道，我等下會想。」 ▪ 經典賽即時新聞 ▪ 最新比分與完整賽程 ▪ 預賽分組戰績表 ▪ 經典賽專欄分析 經典賽WBC中華隊                    世界棒球經典賽開打第一天，中華隊就經歷人間煉獄般的一戰，投手調度連環崩盤，遭巴拿馬隊暴打兩個5分以上的大局，中華隊以5：...                                      還在尋求世界棒球經典賽史首勝的巴拿馬隊，今天面對中華隊在第4局敲開5分大局，單局得分已經直追隊史過去在經典賽的全部得分。                                      世界棒球經典賽A組賽程進入第二天，義大利隊才首度亮相，今晚在洲際棒球場與古巴隊打得難分難捨，演出本屆經典賽首次突破僵局制...                                      2023世界棒球經典賽今天開打，由洲際棒球場上演的荷蘭、古巴隊之戰揭開序幕，強強相碰在中午吸引6501人進場，最終由荷蘭...                                      B組南韓隊今天才出現姜白虎因慶祝離壘被觸殺，無獨有偶，世界棒球經典賽A組也差點上演相同悲劇，古巴隊阿魯巴耶納（Erisb...                                      世界棒球經典賽B組賽事今天在東京巨蛋開打，南韓、澳洲進行分組賽首戰，也是兩隊挑戰8強的關鍵戰役，南韓投手群無法抵擋澳洲長...                  ,UDN
97,經典賽／推胡智爲先發有考量 餅總：美職經驗+懂中南美,2023-03-08 16:32:00,運動,,https://udn.com/news/story/10785/7017812,中華隊正式踏上賽場，今天將在世界棒球經典賽對上巴拿馬隊，總教練林岳平賽前揭曉推出胡智爲先發的原因，是因他有美職經驗，對中南美洲球隊也不陌生，期望能靠他壓制巴拿馬打線。經典賽相隔10年重返台灣，中華隊身為A組地主今晚將在2萬名地主球迷面前出賽，背負台灣球迷高度期待，林岳平表示，「在我們主場出賽，相當期待、相當興奮，希望在第一場可以旗開得勝。」首戰碰上巴拿馬，不像對手提前「亮牌」先發投手，中華隊直到最終練球日上都未鬆口由誰先發，媒體也無緣詢問推派胡智爲的考量，林岳平今天賽前受訪終於揭開盤算。林岳平表示，「情蒐報告裡，巴拿馬是有破壞力的球隊，不管是壘間、長打、串聯都有一定能力，推胡智爲是希望他有美職經驗，對中南美洲球隊也滿了解，希望他能壓制對手。」經典賽預賽首輪有單場最多65球限制，他說無法預期胡智爲能投幾球，希望他能在有限的球數內拉長局數，盡可能在前半段封鎖對手打線。巴拿馬推出梅西亞（Humberto Mejia）把關，林岳平表示，昨晚正式公布先發投手後，有再進行一次會議，評價梅西亞的控球、球速都是大聯盟身手，中華隊野手比較年輕，此役先發打線安排優先考慮守備，期望攻擊端能在比賽中段有所突破。 ▪ 經典賽即時新聞 ▪ 最新比分與完整賽程 ▪ 預賽分組戰績表 ▪ 經典賽專欄分析 經典賽WBC中華隊                    世界棒球經典賽開打第一天，中華隊就經歷人間煉獄般的一戰，投手調度連環崩盤，遭巴拿馬隊暴打兩個5分以上的大局，中華隊以5：...                                      還在尋求世界棒球經典賽史首勝的巴拿馬隊，今天面對中華隊在第4局敲開5分大局，單局得分已經直追隊史過去在經典賽的全部得分。                                      世界棒球經典賽A組賽程進入第二天，義大利隊才首度亮相，今晚在洲際棒球場與古巴隊打得難分難捨，演出本屆經典賽首次突破僵局制...                                      2023世界棒球經典賽今天開打，由洲際棒球場上演的荷蘭、古巴隊之戰揭開序幕，強強相碰在中午吸引6501人進場，最終由荷蘭...                                      B組南韓隊今天才出現姜白虎因慶祝離壘被觸殺，無獨有偶，世界棒球經典賽A組也差點上演相同悲劇，古巴隊阿魯巴耶納（Erisb...                                      世界棒球經典賽B組賽事今天在東京巨蛋開打，南韓、澳洲進行分組賽首戰，也是兩隊挑戰8強的關鍵戰役，南韓投手群無法抵擋澳洲長...                  ,UDN
98,經典賽／沒必要藏！日本輪值全攤牌 大谷翔平打頭陣,2023-03-08 17:34:00,運動,,https://udn.com/news/story/10785/7017999,A組台中戰場搶先開打，世界棒球經典賽明天輪到東京巨蛋引爆戰火，地主日本隊確定推出大谷翔平先發，面對中國大陸隊，為爭取隊史第3冠扛起打頭陣的任務。日本監督栗山英樹表示，推出大谷翔平扛起首戰的原因很簡單，「日本的目標是冠軍，第一場比賽很重要，所以決定交給他，我覺得他能幫助我們贏球。」栗山英樹表示，大谷翔平將會以「二刀流」之姿上場，至於將會排在哪一棒？「我還要再思考一下，現在還沒確定。」這將是大谷翔平第一次在國際賽開啟雙刀。日本超霸氣，栗山英樹今天一次將4場預賽先發投手全部「亮牌」，除了大谷翔平外，接著是達比修有對南韓、佐佐木朗希對捷克、山本由伸對澳洲。B組被視為兩強三弱的分組，日本、南韓隊最被看好，本屆因大谷翔平的參戰為賽事增色不少，母隊天使隊放行他出賽零限制，徹底解放「投手大谷」、「打者翔平」能力，讓日本隊如有31人名單優勢。 ▪ 經典賽即時新聞 ▪ 最新比分與完整賽程 ▪ 預賽分組戰績表 ▪ 經典賽專欄分析 經典賽WBC風雲                    世界棒球經典賽開打第一天，中華隊就經歷人間煉獄般的一戰，投手調度連環崩盤，遭巴拿馬隊暴打兩個5分以上的大局，中華隊以5：...                                      還在尋求世界棒球經典賽史首勝的巴拿馬隊，今天面對中華隊在第4局敲開5分大局，單局得分已經直追隊史過去在經典賽的全部得分。                                      世界棒球經典賽A組賽程進入第二天，義大利隊才首度亮相，今晚在洲際棒球場與古巴隊打得難分難捨，演出本屆經典賽首次突破僵局制...                                      2023世界棒球經典賽今天開打，由洲際棒球場上演的荷蘭、古巴隊之戰揭開序幕，強強相碰在中午吸引6501人進場，最終由荷蘭...                                      B組南韓隊今天才出現姜白虎因慶祝離壘被觸殺，無獨有偶，世界棒球經典賽A組也差點上演相同悲劇，古巴隊阿魯巴耶納（Erisb...                                      世界棒球經典賽B組賽事今天在東京巨蛋開打，南韓、澳洲進行分組賽首戰，也是兩隊挑戰8強的關鍵戰役，南韓投手群無法抵擋澳洲長...                  ,UDN
99,經典賽Live／中華隊投手鎮不住差點被扣倒 首戰5：12慘遭修理,2023-03-08 23:01:00,運動,,https://udn.com/news/story/10785/7018012,●九局下： 巴拿馬 12：5 中華中華隊進攻，四棒張育成內野滾地出局，五棒吳念庭內野滾地出局，六棒陳晨威出局。●九局上： 巴拿馬 12：5 中華巴拿馬進攻，中華隊換宋家豪投球，三上三下。●八局下： 巴拿馬 12：5 中華中華隊進攻，九棒陳傑憲外野飛球出局；一棒鄭宗哲三壘安打，二棒林立內野出局，送跑者回壘得分，中華隊5：12落後，後續沒有攻勢。●八局上： 巴拿馬 12：4 中華巴拿馬進攻，中華隊換投陳冠字，五棒出局後，六棒保送、七棒安打，一、二有人，八棒三振出局，九棒內野出局。●七局下： 巴拿馬 12：4 中華中華隊進攻，三棒林子偉內野滾地出局，四棒張育成安打上一壘，五棒吳念庭全壘打，有兩分打點，中華隊4：12落後。六棒換陳晨威安打上一壘，七棒王威晨內野滾地，跑者出局，打者上一壘。八棒吉力吉撈遭到三振。●七局上： 巴拿馬 12：2 中華巴拿馬進攻，中華隊吳哲源投球，巴拿馬一出局後，一棒一壘安打，二棒二壘安打，再有一分打點，巴拿馬12：2。後續兩棒出局。●六局下： 巴拿馬 11：2 中華中華隊進攻，七棒江坤宇出局後，八棒高宇杰保送，七棒出局後，一棒鄭宗哲安打，有一分打點，中華隊2：11落後。後續二棒出局，結束這半局。●六局上： 巴拿馬 11：1 中華巴拿馬進攻，中華隊換投鄧愷威，八棒觸身球上一壘，接續盜向二壘，九棒獲保送，形成一、二壘有人；一棒因投手失誤上壘，形成滿壘。中華隊換投手曾竣岳，暴投失一分，巴拿馬6：1領先中華，跑者推進二、三壘有人。二棒中外野一壘安打，有兩分打點，巴拿馬8：1領先中華隊。三棒獲保送，四棒觸身球，巴拿馬再度形成滿壘。五棒右外野一壘安打，有一分打點，巴拿馬9：1領先中華隊。中華隊再換投吳哲源，六棒一壘安打，有兩分打點，巴拿馬11：1落後。後續雙殺打及外野飛球接殺，結束這半局。●五局下：巴拿馬  5：1 中華中華隊進攻，中華隊鄭宗哲中外野全壘打牆前遭接殺，一出局。二棒林立一壘安打，三棒林子偉內野出局，護送跑者上二壘；四張育成一壘安打，有一分打點，中華1：5落後巴拿馬。五棒吳念庭一壘安打，一、二壘有人，六棒王柏融飛球出局。●五局上： 巴拿馬 5：0 中華巴拿馬進攻，李振昌續投，五棒保送後，六棒擊出雙殺打，七棒遭三振，結束這半局。●四局下：巴拿馬  5：0 中華中華隊進攻，五棒吳念庭一壘安打，六棒王柏融界外球出局；七棒江坤宇再擊出一壘安打，一、二壘有人。八棒高宇杰吞三振，九棒外野飛球出局，再度未能得分。●四局上： 巴拿馬 5：0 中華巴拿馬進攻，胡智爲續投。率先上場五棒擊出左外野長打，攻占二壘，接續六棒保送，形成一、二壘有人；七棒右外野一壘安打，有一分打點，巴拿馬1：0領先，跑者趁傳上二、三壘。中華隊換投陳冠偉。八棒左外野一壘安打，有一分打點，巴拿馬2：0領先，一、三壘有人。九棒中外野長打，攻占二壘，有兩分打點，巴拿馬4：0領先。一棒左外野飛球出局，一出局，跑者留在二壘。二棒三振出局，三棒右外野長打，攻占二壘，有一分打點，巴拿馬5：0領先。中華隊再換投李振昌，三振四棒，結束這半局。●三局下：巴拿馬  0：0 中華中華隊進攻，巴拿馬換投Randall Delgado；一棒鄭宗哲擊出中外野一壘安打，二棒林立內野滾地出局，護送跑者上二壘；三棒林子偉被三振，四棒張育成再遭三振，攻勢再度掛蛋。●三局上： 巴拿馬 0：0 中華巴拿馬進攻，胡智爲投球，九棒擊出左外野長打，攻占二壘；輪回一棒內野球出局，跑者留在二壘，二棒外野飛球出局，跑者留在二壘，三棒保送，一、二壘有人，四棒內野滾地，選擇刺殺二壘，三出局。●二局下：巴拿馬  0：0 中華中華隊進攻，七棒江坤宇外野一壘安打，八棒高宇杰觸擊失敗，跑者被刺殺至二壘，形成兩出局。九棒陳傑憲內野出局。●二局上： 巴拿馬 0：0 中華巴拿馬進攻，胡智爲投球，以三振解決五棒打者，六棒內野球出局，遭七棒擊出一壘安打，一壘有人；捕手高宇杰捕逸上三壘。八棒內野出局，三出局。●一局下：巴拿馬  0：0 中華巴拿馬由梅西亞先發，中華隊進攻。一棒鄭宗哲飛球出局，一出局；二棒林立擊出內野安打上一壘，三棒林子偉獲保送，一、二壘有人，四棒張育成界外飛球出局，二出局，壘包未推進。五棒吳念庭再獲保送，形成滿壘；六棒王柏融內野球出局。●一局上： 巴拿馬 0：0 中華胡智爲先發投球，巴拿馬進攻。面對巴拿馬第一名打者保送，接著讓第二棒打者擊出雙殺打，兩出局；第三棒擊出一壘安打，四棒內野飛球接殺出局，三出局。經典賽／全力搶第一勝！中華隊對戰巴拿馬先發打線出爐世界棒球經典賽今天開打，中華隊尋求開門紅，首戰面對巴拿馬隊全員備戰搶勝，先發打線由鄭宗哲擔任開路先鋒。中華隊以地主之姿迎戰預賽A組賽事，面對從資格賽打上來的巴拿馬，今晚推出胡智爲先發，巴拿馬則由梅西亞（Humberto Mejia）把關，兩軍先發投手都具備大聯盟資歷。中華隊先發打線出爐，兩場官辦熱身賽都開轟的林立擔任指定打擊、第2棒，大聯盟級打者林子偉、張育成擔當3、4棒，「旅日幫」吳念庭、王柏融在5、6棒串聯。7棒江坤宇、8棒高宇杰、9棒陳傑憲。首戰勝敗對團隊士氣影響甚巨，加上中華隊明天有1天休兵日，總教練林岳平表態所有投手都會待命，全力搶下重要的第一勝。2023世界棒球經典賽在台中洲際棒球場舉行，吸引不少球迷到場加油力挺。記者黃仲裕／攝影 ▪ 經典賽即時新聞 ▪ 最新比分與完整賽程 ▪ 預賽分組戰績表 ▪ 經典賽專欄分析 經典賽WBC中華隊                    世界棒球經典賽開打第一天，中華隊就經歷人間煉獄般的一戰，投手調度連環崩盤，遭巴拿馬隊暴打兩個5分以上的大局，中華隊以5：...                                      還在尋求世界棒球經典賽史首勝的巴拿馬隊，今天面對中華隊在第4局敲開5分大局，單局得分已經直追隊史過去在經典賽的全部得分。                                      世界棒球經典賽A組賽程進入第二天，義大利隊才首度亮相，今晚在洲際棒球場與古巴隊打得難分難捨，演出本屆經典賽首次突破僵局制...                                      2023世界棒球經典賽今天開打，由洲際棒球場上演的荷蘭、古巴隊之戰揭開序幕，強強相碰在中午吸引6501人進場，最終由荷蘭...                                      B組南韓隊今天才出現姜白虎因慶祝離壘被觸殺，無獨有偶，世界棒球經典賽A組也差點上演相同悲劇，古巴隊阿魯巴耶納（Erisb...                                      世界棒球經典賽B組賽事今天在東京巨蛋開打，南韓、澳洲進行分組賽首戰，也是兩隊挑戰8強的關鍵戰役，南韓投手群無法抵擋澳洲長...                  ,UDN
100,經典賽／賽事開打球迷可攜國旗進場 旗桿因安全考量需拆除,2023-03-08 18:32:00,運動,,https://udn.com/news/story/10785/7018159,世界棒球經典賽晚上七點開打，中華隊首戰面對巴拿馬，台中洲際棒球場傍晚就有許多民眾排隊等候進場，雖然行政院長陳建仁在臉書呼籲國人攜帶國旗進場看球給球員們溫暖，為台灣、為所有代表台灣的球員選手們加油。但是依據球賽的規定，球迷入場前需進行安全檢查，可以帶國旗，但是旗桿因為安全考量需要拆除。2023世界棒球經典賽在台中洲際棒球場舉行，吸引不少球迷到場加油力挺。記者黃仲裕／攝影2023世界棒球經典賽在台中洲際棒球場舉行，球迷入場前需進行安全檢查，可以帶國旗，但是旗桿因為安全考量需要拆除。記者黃仲裕／攝影2023世界棒球經典賽在台中洲際棒球場舉行，吸引不少球迷到場加油力挺。記者黃仲裕／攝影 ▪ 經典賽即時新聞 ▪ 最新比分與完整賽程 ▪ 預賽分組戰績表 ▪ 經典賽專欄分析 經典賽WBC中華隊                    世界棒球經典賽開打第一天，中華隊就經歷人間煉獄般的一戰，投手調度連環崩盤，遭巴拿馬隊暴打兩個5分以上的大局，中華隊以5：...                                      還在尋求世界棒球經典賽史首勝的巴拿馬隊，今天面對中華隊在第4局敲開5分大局，單局得分已經直追隊史過去在經典賽的全部得分。                                      世界棒球經典賽A組賽程進入第二天，義大利隊才首度亮相，今晚在洲際棒球場與古巴隊打得難分難捨，演出本屆經典賽首次突破僵局制...                                      2023世界棒球經典賽今天開打，由洲際棒球場上演的荷蘭、古巴隊之戰揭開序幕，強強相碰在中午吸引6501人進場，最終由荷蘭...                                      B組南韓隊今天才出現姜白虎因慶祝離壘被觸殺，無獨有偶，世界棒球經典賽A組也差點上演相同悲劇，古巴隊阿魯巴耶納（Erisb...                                      世界棒球經典賽B組賽事今天在東京巨蛋開打，南韓、澳洲進行分組賽首戰，也是兩隊挑戰8強的關鍵戰役，南韓投手群無法抵擋澳洲長...                  ,UDN
101,經典賽／官網點是中華隊關鍵球員 林立納悶：育成呢？,2023-03-08 18:38:00,運動,,https://udn.com/news/story/10785/7018171,大聯盟作為世界棒球經典賽主辦單位，官網於今天點評各隊關鍵球員，中華隊是去年中職年度MVP林立，大賽前夕被問到此事，他沒有太多想法，倒是好奇一件事，笑問：「我想說是沒有人嗎？育成不是人嗎？」對於大聯盟官網點名，林立坦言有聽到別人在講，「可能因為在台灣的成績吧！也沒有別的想法，在中職有這樣的成績，希望國際賽也可以複製，盡可能去表現，好壞只是結果，上了場就是保持想要對決的心態。」他表示，中華隊的每個人，都可以成為代表人物，自己也會盡力去做。這篇文章所點名的日本關鍵球員，當然是大谷翔平，林立因此與這位「二刀流」球星出現在同一篇文章討論中，林立對此回應：「他是另一個層級的人物。」參戰世界棒球經典賽，林立表示因為多了大聯盟選手參賽，比賽層級不同，但也不用因為對手是大聯盟就先畏懼，「先打再說，打了結果怎樣才知道。」中華隊首戰巴拿馬，林立扛起第二棒、指定打擊，他坦言這是比較不熟悉的位置，打DH要在場邊多觀察場上狀況，也要注意讓身體維持在很熱的狀態，「想辦法把能力發揮出來，不行的話，就是換人而已。」 ▪ 經典賽即時新聞 ▪ 最新比分與完整賽程 ▪ 預賽分組戰績表 ▪ 經典賽專欄分析 經典賽WBC中華隊                    世界棒球經典賽開打第一天，中華隊就經歷人間煉獄般的一戰，投手調度連環崩盤，遭巴拿馬隊暴打兩個5分以上的大局，中華隊以5：...                                      還在尋求世界棒球經典賽史首勝的巴拿馬隊，今天面對中華隊在第4局敲開5分大局，單局得分已經直追隊史過去在經典賽的全部得分。                                      世界棒球經典賽A組賽程進入第二天，義大利隊才首度亮相，今晚在洲際棒球場與古巴隊打得難分難捨，演出本屆經典賽首次突破僵局制...                                      2023世界棒球經典賽今天開打，由洲際棒球場上演的荷蘭、古巴隊之戰揭開序幕，強強相碰在中午吸引6501人進場，最終由荷蘭...                                      B組南韓隊今天才出現姜白虎因慶祝離壘被觸殺，無獨有偶，世界棒球經典賽A組也差點上演相同悲劇，古巴隊阿魯巴耶納（Erisb...                                      世界棒球經典賽B組賽事今天在東京巨蛋開打，南韓、澳洲進行分組賽首戰，也是兩隊挑戰8強的關鍵戰役，南韓投手群無法抵擋澳洲長...                  ,UDN
102,經典賽／南韓教練用五個字解釋對付日本戰略,2023-03-08 19:28:00,運動,,https://udn.com/news/story/10785/7018259,棒球經典賽已經點燃戰火，B組的南韓將於9日出戰澳洲，10日在東京巨蛋對決宿敵日本。南韓隊教練李強喆8日在記者會上表示，必須先搶下第一勝，對日本才會比較輕鬆。談到對日本的戰略，李強喆說，很簡單，「投手總動員」，精銳盡出。李強喆表示，對日本之戰的重要性，不用他說，球員都很清楚。 ▪ 經典賽即時新聞 ▪ 最新比分與完整賽程 ▪ 預賽分組戰績表 ▪ 經典賽專欄分析 經典賽WBC風雲                    世界棒球經典賽開打第一天，中華隊就經歷人間煉獄般的一戰，投手調度連環崩盤，遭巴拿馬隊暴打兩個5分以上的大局，中華隊以5：...                                      還在尋求世界棒球經典賽史首勝的巴拿馬隊，今天面對中華隊在第4局敲開5分大局，單局得分已經直追隊史過去在經典賽的全部得分。                                      世界棒球經典賽A組賽程進入第二天，義大利隊才首度亮相，今晚在洲際棒球場與古巴隊打得難分難捨，演出本屆經典賽首次突破僵局制...                                      2023世界棒球經典賽今天開打，由洲際棒球場上演的荷蘭、古巴隊之戰揭開序幕，強強相碰在中午吸引6501人進場，最終由荷蘭...                                      B組南韓隊今天才出現姜白虎因慶祝離壘被觸殺，無獨有偶，世界棒球經典賽A組也差點上演相同悲劇，古巴隊阿魯巴耶納（Erisb...                                      世界棒球經典賽B組賽事今天在東京巨蛋開打，南韓、澳洲進行分組賽首戰，也是兩隊挑戰8強的關鍵戰役，南韓投手群無法抵擋澳洲長...                  ,UDN
103,經典賽／賴清德為中華隊加持 李維拉開球相擁王建民,2023-03-08 19:35:00,運動,,https://udn.com/news/story/10785/7018273,2023年世界棒球經典賽A組預賽在傳奇守護神李維拉、副總統賴清德共同開球下，今晚於洲際棒球場正式展開，負責接球的捕手有「鋼鐵恰」彭政閔、「沉默王牌」王建民，王建民還與洋基時期隊友李維拉互相「愛的抱抱」。開球儀式時，洋基隊球星李維拉在入場曲「睡魔降臨（Enter Sandman）」的背景音樂中，從外野牛棚區慢跑進場，掀起現場球迷巨大歡呼聲。李維拉與賴清德一同開球，賴清德將球投給彭政閔，李維拉的球則入落入王建民的手套中，另外台中市長盧秀燕、中國信託商業銀行董事長利明献則是擔任開球捕手，李維拉開完球後，也特地與王建民擁抱致意。「暌違10年，世界棒球經典賽預賽再次回到台灣舉行。」賴清德在致詞時表示：「謝謝大聯盟長官們，這對熱愛棒球的台灣球迷是很大的禮物，也請你們多給台灣球員機會，他們一定會表現得很棒。」賴清德歡迎李維拉的到來，「我們很享受你在洋基隊時期的表現，歡迎你來到台灣。」還開了一下李維拉光頭造型的玩笑，「台灣球迷很喜歡你，不管你頭髮剩下多少。」賴清德也感謝中華棒協理事長辜仲諒、中華職棒會長蔡其昌、台中市長盧秀燕的協助，才能成功爭取經典賽在台灣舉辦，「希望五支球隊都拿出實力，有最好的表現，但我仍不免私心，希望台灣代表隊能夠前進東京。」 ▪ 經典賽即時新聞 ▪ 最新比分與完整賽程 ▪ 預賽分組戰績表 ▪ 經典賽專欄分析 經典賽WBC中華隊                    世界棒球經典賽開打第一天，中華隊就經歷人間煉獄般的一戰，投手調度連環崩盤，遭巴拿馬隊暴打兩個5分以上的大局，中華隊以5：...                                      還在尋求世界棒球經典賽史首勝的巴拿馬隊，今天面對中華隊在第4局敲開5分大局，單局得分已經直追隊史過去在經典賽的全部得分。                                      世界棒球經典賽A組賽程進入第二天，義大利隊才首度亮相，今晚在洲際棒球場與古巴隊打得難分難捨，演出本屆經典賽首次突破僵局制...                                      2023世界棒球經典賽今天開打，由洲際棒球場上演的荷蘭、古巴隊之戰揭開序幕，強強相碰在中午吸引6501人進場，最終由荷蘭...                                      B組南韓隊今天才出現姜白虎因慶祝離壘被觸殺，無獨有偶，世界棒球經典賽A組也差點上演相同悲劇，古巴隊阿魯巴耶納（Erisb...                                      世界棒球經典賽B組賽事今天在東京巨蛋開打，南韓、澳洲進行分組賽首戰，也是兩隊挑戰8強的關鍵戰役，南韓投手群無法抵擋澳洲長...                  ,UDN
104,經典賽／沒時間緊張了！辜仲諒霸氣喊話引球迷掌聲,2023-03-08 19:47:00,運動,,https://udn.com/news/story/10785/7018293,世界棒球經典賽A組預賽今晚開幕戰由中華隊對上巴拿馬隊，中華棒協理事長辜仲諒霸氣喊話，「沒有時間緊張了，請中華健將們拿出勇氣，拿出台灣人的腳數（台語：膽識），全力以赴。」賽前開幕儀式辜仲諒受邀致詞，他表示，自己還是球迷的時候，最不喜歡長官講太久，「要說的留給長官說，我就說一句話，送給中華健將，我們沒有時間緊張、沒有時間害怕。」辜仲諒表示，職業球員從小打球，就是為了這一刻，「如果現在不表現，要等到何時表現呢？沒有時間了，要表現就是這個時候，拿出勇氣，打給愛棒球的球迷看。」辜仲諒的霸氣喊話，球迷深有共鳴，每一句斷點，現場都爆出掌聲。辜仲諒在中華隊練球時，就曾發出20萬元加菜金，對中華隊關懷有加，他預計3月中旬要以亞洲職棒總會會長的身分到日本開會，也已經跟中華隊球員們相約「東京見」。 ▪ 經典賽即時新聞 ▪ 最新比分與完整賽程 ▪ 預賽分組戰績表 ▪ 經典賽專欄分析 經典賽WBC中華隊                    世界棒球經典賽開打第一天，中華隊就經歷人間煉獄般的一戰，投手調度連環崩盤，遭巴拿馬隊暴打兩個5分以上的大局，中華隊以5：...                                      還在尋求世界棒球經典賽史首勝的巴拿馬隊，今天面對中華隊在第4局敲開5分大局，單局得分已經直追隊史過去在經典賽的全部得分。                                      世界棒球經典賽A組賽程進入第二天，義大利隊才首度亮相，今晚在洲際棒球場與古巴隊打得難分難捨，演出本屆經典賽首次突破僵局制...                                      2023世界棒球經典賽今天開打，由洲際棒球場上演的荷蘭、古巴隊之戰揭開序幕，強強相碰在中午吸引6501人進場，最終由荷蘭...                                      B組南韓隊今天才出現姜白虎因慶祝離壘被觸殺，無獨有偶，世界棒球經典賽A組也差點上演相同悲劇，古巴隊阿魯巴耶納（Erisb...                                      世界棒球經典賽B組賽事今天在東京巨蛋開打，南韓、澳洲進行分組賽首戰，也是兩隊挑戰8強的關鍵戰役，南韓投手群無法抵擋澳洲長...                  ,UDN
105,經典賽／日本球迷挺台灣 青天白日滿地紅國旗上身,2023-03-09 08:59:00,運動,,https://udn.com/news/story/10785/7018303,世界棒球經典賽預賽睽違10年重回台灣台中舉行，台灣今晚首戰與巴拿馬，台灣球迷在賽前播放國旗歌時為台灣隊舉起巨幅國旗，還有日本球迷帶著青天白日滿地紅國旗進場為台灣加油。睽違10年，世界棒球經典賽回到台中洲際棒球場舉行，A組預賽今天開打，台灣隊首場比賽今晚7時迎戰巴拿馬，遵循奧會模式賽前播放國旗歌、螢幕上放出中華奧會會旗，但台灣球迷在觀眾席為球員高高舉起巨幅國旗。世界棒球經典賽A組預賽8日在台中洲際棒球場開打，台灣隊晚間首戰與巴拿馬隊交手，地主球迷們紛紛以各式中華民國國旗道具為台灣隊加油。 中央社今晚洲際棒球場湧入滿場2萬名球迷入場，球迷無論穿在身上、拿在手上或者用紋身方式貼在身上，台灣國旗隨處可見。日本球迷由美小姐和朋友共5人穿著日本隊球衣入場，但在臉上、帽子上都有台灣國旗，由美受訪時表示，她們是住在台北的日本人，特別下台中看經典賽，由美表示要替台灣隊陣中旅日樂天金鷲隊投手宋家豪加油。 ▪ 經典賽即時新聞 ▪ 最新比分與完整賽程 ▪ 預賽分組戰績表 ▪ 經典賽專欄分析 經典賽WBC中華隊                    世界棒球經典賽A組賽程進入第二天，義大利隊才首度亮相，今晚在洲際棒球場與古巴隊打得難分難捨，演出本屆經典賽首次突破僵局制...                                      B組南韓隊今天才出現姜白虎因慶祝離壘被觸殺，無獨有偶，世界棒球經典賽A組也差點上演相同悲劇，古巴隊阿魯巴耶納（Erisb...                                      世界棒球經典賽B組賽事今天在東京巨蛋開打，南韓、澳洲進行分組賽首戰，也是兩隊挑戰8強的關鍵戰役，南韓投手群無法抵擋澳洲長...                                      世界棒球經典賽B組於東京巨蛋開打，首戰南韓對戰澳洲，在七局下韓國落後一分時，姜白虎上場代打建功，卻因為慶祝動作離壘，最後被觸殺在二壘。南韓最後也以1分差落敗。姜白虎敲出安打後，在慶祝時右腳不慎                                      中華隊以慘敗在世界棒球經典賽開局，面臨更加崎嶇的晉級之路，今天由江少慶先發面對滿載大聯盟戰力的義大利隊，盤點兩隊今晚一戰...                                      中華隊昨晚在台中洲際棒球場對決巴拿馬，儘管中華隊在場上陷入大幅落後，觀眾仍持續熱情應援，這畫面也吸引美國記者注意，直呼不可思議。大聯盟官網記者摩納根（Matt Monagan）昨天也出現在比賽                  ,UDN
106,經典賽／胡智爲首秀3局失3分 預賽無法再登板,2023-03-08 20:55:00,運動,,https://udn.com/news/story/10785/7018433,中華隊在2023世界棒球經典賽首戰成為先掉分的一方，先發投手胡智爲在4局上被敲出兩支安打加上1次四壞保送，丟掉全場第1分後退場，無緣成為史上第二位在中華隊首戰奪勝的投手。中華隊過去四屆經典賽的首場比賽，有三場都是先掉分的一方，最後都輸球，唯一例外是2013年王建民在首戰率領中華隊以4：1擊敗荷蘭隊，也是至今唯一在經典賽首戰為中華隊拿下勝投的球員。胡智爲今天在首局就出現安打、保送，但靠著雙殺下庄，2局上則是2出局後因為安打、捕逸讓對手上二壘，但直到3局投完仍力保不失。4局上遇到亂流，胡智爲先被塔哈達（Ruben Tejada）敲出二壘安打，接著又投出保送，無人出局被攻佔得點圈，再被卡斯提歐（Luis Castillo）敲出安打，丟掉第1分後退場休息。接手的陳冠偉也被連敲2安，丟掉的3分有2分記在胡智爲帳上，胡智爲在經典賽首戰先發留下3局被敲4支安打，失3分，另有2次三振、3次保送的成績，共用63球，根據規定要休息4天，代表預賽無法再登板。世界棒球經典賽A組預賽在洲際棒球場開打，先發投手胡智爲。記者黃仲裕／攝影 ▪ 經典賽即時新聞 ▪ 最新比分與完整賽程 ▪ 預賽分組戰績表 ▪ 經典賽專欄分析 經典賽WBC中華隊                    世界棒球經典賽開打第一天，中華隊就經歷人間煉獄般的一戰，投手調度連環崩盤，遭巴拿馬隊暴打兩個5分以上的大局，中華隊以5：...                                      還在尋求世界棒球經典賽史首勝的巴拿馬隊，今天面對中華隊在第4局敲開5分大局，單局得分已經直追隊史過去在經典賽的全部得分。                                      世界棒球經典賽A組賽程進入第二天，義大利隊才首度亮相，今晚在洲際棒球場與古巴隊打得難分難捨，演出本屆經典賽首次突破僵局制...                                      2023世界棒球經典賽今天開打，由洲際棒球場上演的荷蘭、古巴隊之戰揭開序幕，強強相碰在中午吸引6501人進場，最終由荷蘭...                                      B組南韓隊今天才出現姜白虎因慶祝離壘被觸殺，無獨有偶，世界棒球經典賽A組也差點上演相同悲劇，古巴隊阿魯巴耶納（Erisb...                                      世界棒球經典賽B組賽事今天在東京巨蛋開打，南韓、澳洲進行分組賽首戰，也是兩隊挑戰8強的關鍵戰役，南韓投手群無法抵擋澳洲長...                  ,UDN
107,經典賽／攜手李維拉開球 賴清德：不管李頭髮剩多少仍愛他,2023-03-08 20:57:00,運動,,https://udn.com/news/story/10785/7018445,2023世界棒球經典賽今天晚上在台中洲際棒球場舉行，洋基傳奇名人堂投手李維拉與副總統賴清德一同為開幕戰中華隊對決巴拿馬開球，台中市長盧秀燕在開幕式時更是牽著李維拉的手退場，李維拉面露靦腆笑容。賴清德在致詞時更是一句，不管他頭髮剩多少，球迷仍然永遠愛他，讓全場球迷笑翻。世界棒球經典賽晚上在台中洲際棒球場舉行開幕戰，由中華隊對決巴拿馬，洋基傳奇名人堂投手李維拉（左）與副總統賴清德（右）出席開球儀式。記者黃仲裕／攝影世界棒球經典賽今天在台中洲際棒球場舉行開幕戰，由中華隊對決巴拿馬，台中市長盧秀燕（左）與洋基傳奇名人堂投手李維拉（右）手牽手一起退場。記者黃仲裕／攝影 ▪ 經典賽即時新聞 ▪ 最新比分與完整賽程 ▪ 預賽分組戰績表 ▪ 經典賽專欄分析 經典賽WBC中華隊                    世界棒球經典賽開打第一天，中華隊就經歷人間煉獄般的一戰，投手調度連環崩盤，遭巴拿馬隊暴打兩個5分以上的大局，中華隊以5：...                                      還在尋求世界棒球經典賽史首勝的巴拿馬隊，今天面對中華隊在第4局敲開5分大局，單局得分已經直追隊史過去在經典賽的全部得分。                                      世界棒球經典賽A組賽程進入第二天，義大利隊才首度亮相，今晚在洲際棒球場與古巴隊打得難分難捨，演出本屆經典賽首次突破僵局制...                                      2023世界棒球經典賽今天開打，由洲際棒球場上演的荷蘭、古巴隊之戰揭開序幕，強強相碰在中午吸引6501人進場，最終由荷蘭...                                      B組南韓隊今天才出現姜白虎因慶祝離壘被觸殺，無獨有偶，世界棒球經典賽A組也差點上演相同悲劇，古巴隊阿魯巴耶納（Erisb...                                      世界棒球經典賽B組賽事今天在東京巨蛋開打，南韓、澳洲進行分組賽首戰，也是兩隊挑戰8強的關鍵戰役，南韓投手群無法抵擋澳洲長...                  ,UDN
108,經典賽／中華隊投手群遇亂流 四局上半被巴拿馬攻下5分,2023-03-08 21:11:00,運動,,https://udn.com/news/story/10785/7018472,世界棒球經典賽今天在台中洲際棒球場舉行開幕戰，中華隊前三局有零星攻勢，但沒有攻下分數，中華隊先發投手胡智爲前三局無失分，但是四局上半遇到亂流，被巴拿馬擊出連續安打拿下1分，無人出局攻占二、三壘。後援投手陳冠偉也被接連安打拿了4分打下場，四局上半結束，中華隊以0比5暫時落後巴拿馬。世界棒球經典賽今天在台中洲際棒球場舉行開幕戰，由中華隊對決巴拿馬，中華隊先發投手胡智爲主投三局失三分退場休息。記者黃仲裕／攝影世界棒球經典賽今天在台中洲際棒球場舉行開幕戰，由中華隊對決巴拿馬，球迷熱情加油為中華隊打氣。記者黃仲裕／攝影 ▪ 經典賽即時新聞 ▪ 最新比分與完整賽程 ▪ 預賽分組戰績表 ▪ 經典賽專欄分析 經典賽WBC中華隊                    世界棒球經典賽開打第一天，中華隊就經歷人間煉獄般的一戰，投手調度連環崩盤，遭巴拿馬隊暴打兩個5分以上的大局，中華隊以5：...                                      還在尋求世界棒球經典賽史首勝的巴拿馬隊，今天面對中華隊在第4局敲開5分大局，單局得分已經直追隊史過去在經典賽的全部得分。                                      世界棒球經典賽A組賽程進入第二天，義大利隊才首度亮相，今晚在洲際棒球場與古巴隊打得難分難捨，演出本屆經典賽首次突破僵局制...                                      2023世界棒球經典賽今天開打，由洲際棒球場上演的荷蘭、古巴隊之戰揭開序幕，強強相碰在中午吸引6501人進場，最終由荷蘭...                                      B組南韓隊今天才出現姜白虎因慶祝離壘被觸殺，無獨有偶，世界棒球經典賽A組也差點上演相同悲劇，古巴隊阿魯巴耶納（Erisb...                                      世界棒球經典賽B組賽事今天在東京巨蛋開打，南韓、澳洲進行分組賽首戰，也是兩隊挑戰8強的關鍵戰役，南韓投手群無法抵擋澳洲長...                  ,UDN
109,經典賽／巴拿馬賽史0勝、只拿7分 對中華隊灌5分大局,2023-03-08 21:13:00,運動,,https://udn.com/news/story/10785/7018473,還在尋求世界棒球經典賽史首勝的巴拿馬隊，今天面對中華隊在第4局敲開5分大局，單局得分已經直追隊史過去在經典賽的全部得分。巴拿馬從資格賽闖關，繼2009年後再度參與經典賽，他們過去兩度與會累積0勝5敗，5場比賽總得失分比為7比36，戰績相當慘烈，此次成為中華隊的首戰對手，開賽就讓地主遇到難關。中華隊先發投手胡智爲從一開始就暴露控球不穩、壞球偏多，每局皆被敲安，前3局還能力保不失，第4局被敲二壘打開局，再保送下一棒，卡斯提歐（Luis Castillo）補上安打，巴拿馬先馳得點，也是這一棒打退了胡智爲；陳冠偉接手仍被連續敲安，無法凍結壘上跑者，最終還是李振昌出馬飆出關鍵三振止血。巴拿馬單局已打一輪、敲出5安打，灌回5分大局，直追隊史在經典賽過去5戰累積的7分。 ▪ 經典賽即時新聞 ▪ 最新比分與完整賽程 ▪ 預賽分組戰績表 ▪ 經典賽專欄分析 經典賽WBC中華隊                    世界棒球經典賽開打第一天，中華隊就經歷人間煉獄般的一戰，投手調度連環崩盤，遭巴拿馬隊暴打兩個5分以上的大局，中華隊以5：...                                      還在尋求世界棒球經典賽史首勝的巴拿馬隊，今天面對中華隊在第4局敲開5分大局，單局得分已經直追隊史過去在經典賽的全部得分。                                      世界棒球經典賽A組賽程進入第二天，義大利隊才首度亮相，今晚在洲際棒球場與古巴隊打得難分難捨，演出本屆經典賽首次突破僵局制...                                      2023世界棒球經典賽今天開打，由洲際棒球場上演的荷蘭、古巴隊之戰揭開序幕，強強相碰在中午吸引6501人進場，最終由荷蘭...                                      B組南韓隊今天才出現姜白虎因慶祝離壘被觸殺，無獨有偶，世界棒球經典賽A組也差點上演相同悲劇，古巴隊阿魯巴耶納（Erisb...                                      世界棒球經典賽B組賽事今天在東京巨蛋開打，南韓、澳洲進行分組賽首戰，也是兩隊挑戰8強的關鍵戰役，南韓投手群無法抵擋澳洲長...                  ,UDN
110,經典賽／為中華隊加油 彰縣府直播應援祭肉圓、爌肉飯獎勵,2023-03-08 21:34:00,運動,,https://udn.com/news/story/10785/7018508,2023世界棒球經典賽今天晚上7時開打，中華隊對上巴拿馬隊，彰化縣政府在縣府前廣場實況直播，正在日本考察行銷彰化優鮮農特產品的縣長王惠美，心裡仍繫著賽況，特別從海外連線驚喜現身，一起為中華隊加油。王惠美說，後面還有三場比賽，在縣府前都有實況轉播，歡迎大家一起來為中華隊加油。縣府在今晚的直播，由副縣長林田富代表王縣長在直播現場，與彰化藝術高中棒球隊及許多鄉親們，一起為中華隊加油，隨著戰況膠著，雖然縣府廣場有點冷，大家都很緊張，反而炒熱氣氛。王惠美在連線中，看到彰化藝術高中棒球隊為中華隊加油，表示很感動，強調縣府會持續推動國小、國中、高中，「三級棒球」，讓優秀的運動選手未來不用擔心前途，只要用心及努力，就好比之前回來彰化的彰藝中校友沙子宸，將展開旅美的行程，成為台灣社區棒球隊參加美國職棒第一人，也是加入美國隊棒球生涯最淺的，是彰化之光，期許大家能跟隨學長沙子宸入選職棒，大家突破自我、再創佳績，為彰化藝術高中、為彰化爭光。林田富說，棒球可以說是國球，今天希望中華隊能夠有很好的表現，特別加碼，今天中華隊每贏1分，將在明天府前廣場發放100碗爌肉飯，贏2分就發放200碗；另外，中華隊贏球，巴拿馬隊0分的話，再加碼100碗的彰化肉圓，一方面希望能為中華隊加油，另一方面也期能行銷彰化在地美食小吃。林田富說，2023世界棒球經典賽程，中華隊今晚7點跟巴拿馬首戰後，休息一天之後，3月10日、11日晚上7點，將分別跟義大利、荷蘭開戰，歡迎鄉親能一前來直播會場，一起為中華隊加油。2023世界棒球經典賽今天晚上7時開打，彰化縣政府在中華隊出賽的四個場次，都在縣府廣場直播賽況。圖／彰化縣政府提供2023世界棒球經典賽今天晚上7時開打，中華隊對上巴拿馬隊，彰化縣政府在縣府前廣場實況直播，正在日本考察的縣長王惠美，心裡仍繫著賽況，特別從海外連線驚喜現身，一起為中華隊加油。記者劉明岩／攝影023世界棒球經典賽今天晚上7時開打，中華隊對上巴拿馬隊，彰化縣政府在縣府前廣場實況直播，包括副縣長林田富、彰化藝術高中棒球隊及許多民眾都到場為中華隊加油。記者劉明岩／攝影023世界棒球經典賽今天晚上7時開打，中華隊對上巴拿馬隊，彰化縣政府在縣府前廣場實況直播，包括彰化藝術高中棒球隊及許多民眾都到場為中華隊加油。記者劉明岩／攝影 ▪ 經典賽即時新聞 ▪ 最新比分與完整賽程 ▪ 預賽分組戰績表 ▪ 經典賽專欄分析 經典賽WBC中華隊                    世界棒球經典賽開打第一天，中華隊就經歷人間煉獄般的一戰，投手調度連環崩盤，遭巴拿馬隊暴打兩個5分以上的大局，中華隊以5：...                                      還在尋求世界棒球經典賽史首勝的巴拿馬隊，今天面對中華隊在第4局敲開5分大局，單局得分已經直追隊史過去在經典賽的全部得分。                                      世界棒球經典賽A組賽程進入第二天，義大利隊才首度亮相，今晚在洲際棒球場與古巴隊打得難分難捨，演出本屆經典賽首次突破僵局制...                                      2023世界棒球經典賽今天開打，由洲際棒球場上演的荷蘭、古巴隊之戰揭開序幕，強強相碰在中午吸引6501人進場，最終由荷蘭...                                      B組南韓隊今天才出現姜白虎因慶祝離壘被觸殺，無獨有偶，世界棒球經典賽A組也差點上演相同悲劇，古巴隊阿魯巴耶納（Erisb...                                      世界棒球經典賽B組賽事今天在東京巨蛋開打，南韓、澳洲進行分組賽首戰，也是兩隊挑戰8強的關鍵戰役，南韓投手群無法抵擋澳洲長...                  ,UDN
111,經典賽／場內轟變「詐」裂 鄭宗哲白跑一趟,2023-03-08 21:37:00,運動,,https://udn.com/news/story/10785/7018509,中華隊今晚在世界棒球經典賽首戰面對巴拿馬隊，4局上狂失5分，自己的攻勢也屢屢欠缺臨門一腳，5局下開路先鋒鄭宗哲敲出的深遠飛球導致外野手相撞，他跑回本壘後，全場都以為是場內全壘打時，才發現球沒掉出手套。鄭宗哲在5局下敲出右外野深遠飛球，巴拿馬隊兩位外野手追球相撞，他全力狂奔跑回本壘，全場球迷也為他歡呼，沒想到重播畫面看出，巴拿馬右外野手雖然倒地仍牢牢將球握在手套中，從炸裂變成「詐裂」。巴拿馬隊右外野手卡斯提歐（Luis Castillo）雖然被撞到倒地，但手仍高高舉起，向裁判示意球在手套中，裁判也跑向外野確認是接殺出局，比賽也因此意外短暫暫停，卡斯提歐繼續留在場上奮戰。 ▪ 經典賽即時新聞 ▪ 最新比分與完整賽程 ▪ 預賽分組戰績表 ▪ 經典賽專欄分析 經典賽WBC中華隊                    世界棒球經典賽開打第一天，中華隊就經歷人間煉獄般的一戰，投手調度連環崩盤，遭巴拿馬隊暴打兩個5分以上的大局，中華隊以5：...                                      還在尋求世界棒球經典賽史首勝的巴拿馬隊，今天面對中華隊在第4局敲開5分大局，單局得分已經直追隊史過去在經典賽的全部得分。                                      世界棒球經典賽A組賽程進入第二天，義大利隊才首度亮相，今晚在洲際棒球場與古巴隊打得難分難捨，演出本屆經典賽首次突破僵局制...                                      2023世界棒球經典賽今天開打，由洲際棒球場上演的荷蘭、古巴隊之戰揭開序幕，強強相碰在中午吸引6501人進場，最終由荷蘭...                                      B組南韓隊今天才出現姜白虎因慶祝離壘被觸殺，無獨有偶，世界棒球經典賽A組也差點上演相同悲劇，古巴隊阿魯巴耶納（Erisb...                                      世界棒球經典賽B組賽事今天在東京巨蛋開打，南韓、澳洲進行分組賽首戰，也是兩隊挑戰8強的關鍵戰役，南韓投手群無法抵擋澳洲長...                  ,UDN
112,經典賽／攜棒球隊學生一同觀戰 郭台銘到場為中華隊首戰加油,2023-03-08 21:40:00,運動,,https://udn.com/news/story/10785/7018514,鴻海（2317）創辦人郭台銘今天晚上在臉書貼文表示，我和中興國中，文昌國小的孩子們，以及全場兩萬名球迷，一起成為中華隊最強力的應援！這次中華隊在WBC的首戰，我與太太特別邀請了兩間學校的棒球隊學生，一起來觀戰，因為我們之間，都曾有過「關於棒球的小故事」。他說，有一年，我陪太太在南投娘家附近的棒球場散步，看見她母校「中興國中」棒球隊的學弟們，正在揮棒練球。球場上，每位小球員雖然滿身熱汗，眼神卻無比專注。我們站在場邊看著、看著，心想：「原來這就是每位職棒選手的誕生之路啊！」總有一天，會換上他們，站上職棒球場，甚至代表國家隊出戰。郭台銘指出，只是，當我們發現一旁的球員宿舍，竟然是由鐵皮屋搭建而成時，不禁思索：「夏天的時候會很熱吧？」、「這樣會不會有安全疑慮？」、「我能為這些孩子做些什麼吧？!」這件事我一直放在心上，後來經過多次聯繫，我們以教育基金會的名義捐贈，在2017年完成興建「南投縣棒球場」，讓孩子們有更好的訓練場地及住宿設施。他說，揭牌儀式上，有位孩子跟我說，大家都很開心，有這麼棒的場地可以打球、有這麼良好的環境訓練，他們會變得更強，然後更努力地贏得接下來的賽事！這段話令身為學姐的太太紅了眼眶。因此，從民國104年開始，我們能做的就盡量做。包括：開始陸續提供棒球場維護經費、球員們的獎學金和交通費；而這些球隊的孩子們，也信守了贏球的承諾，非常努力在去年各項聯賽和錦標賽中，一共拿下了 「9次第一名」，我真的為你們感到驕傲！他指出，4年前，我走訪雲林時，一位家長跟我說：「文昌國小的少棒隊，在『國際野球賽』拿到冠軍，並受邀到日本比賽，但是因為經費不足，可能去不了。」我當時聽完，覺得球隊有這麼棒的成績，能到日本比賽，是難得的機會，更是孩子們的夢想。他們這麼努力，應有這樣的機會，怎麼能放棄？於是，我立刻承諾，提供全團的經費，一定要讓這趟國外賽程順利成行。同時，我也特別安排了世界全壘打王王貞治先生，和孩子們見面，我希望讓這些孩子們知道，只要努力，就有機會站在世界面前。最終，文昌國小少棒隊飛到群馬縣，以三連勝拿下冠軍。郭台銘說，一直以來，偏鄉的學生資源都非常少，卻有無數璀璨的原石藏在那裡。我們要做的，就是讓他們放出光芒，能有機會被看見。他強調，今天，我與孩子們坐在觀眾席上，一起看著國內最頂尖的運動員，披上國家戰袍，出賽巴拿馬。我知道有一天，會換他們站在那裡，「讓世界都看見！」郭台銘到場為中華隊在WBC首戰加油。圖擷取自郭台銘臉書郭台銘到場為中華隊在WBC首戰加油。圖擷取自郭台銘臉書 ▪ 經典賽即時新聞 ▪ 最新比分與完整賽程 ▪ 預賽分組戰績表 ▪ 經典賽專欄分析 經典賽WBC中華隊                    世界棒球經典賽開打第一天，中華隊就經歷人間煉獄般的一戰，投手調度連環崩盤，遭巴拿馬隊暴打兩個5分以上的大局，中華隊以5：...                                      還在尋求世界棒球經典賽史首勝的巴拿馬隊，今天面對中華隊在第4局敲開5分大局，單局得分已經直追隊史過去在經典賽的全部得分。                                      世界棒球經典賽A組賽程進入第二天，義大利隊才首度亮相，今晚在洲際棒球場與古巴隊打得難分難捨，演出本屆經典賽首次突破僵局制...                                      2023世界棒球經典賽今天開打，由洲際棒球場上演的荷蘭、古巴隊之戰揭開序幕，強強相碰在中午吸引6501人進場，最終由荷蘭...                                      B組南韓隊今天才出現姜白虎因慶祝離壘被觸殺，無獨有偶，世界棒球經典賽A組也差點上演相同悲劇，古巴隊阿魯巴耶納（Erisb...                                      世界棒球經典賽B組賽事今天在東京巨蛋開打，南韓、澳洲進行分組賽首戰，也是兩隊挑戰8強的關鍵戰役，南韓投手群無法抵擋澳洲長...                  ,UDN
113,經典賽／又是0.0局 鄧愷威登板連6壞傳一壘也「壞球」,2023-03-08 21:57:00,運動,,https://udn.com/news/story/10785/7018526,世界棒球經典賽進入正式比賽，旅美投手鄧愷威依然壞球連發，今天在第6局登板，面對3人次沒拿到出局數，7顆球裡只有1顆好球，連傳一壘都是壞球。中華隊今天出戰巴拿馬隊之戰，鄧愷威在第6局、1：5落後之際上場，第1球就是觸身球，面對第9棒桑塔馬利亞（Jahdiel Santamaria）上演連4顆壞球的保送，巴拿馬開路先鋒柯爾多瓦（Allen Córdoba）短打點向投手，鄧愷威接球後傳一壘發生暴傳，留下滿壘局面退場，跑者全數兌現成為分數。鄧愷威共面對3人次，沒拿到出局數，登板連投6顆壞球，唯一一顆好球的結局，是他傳向一壘的暴傳，最終投0.0局失3分（責失2分）。鄧愷威效力美職巨人體系，因為參與春訓，直到3月3日才返台、4日投入練球，為最後一位報到的國手，等待已久的戰力，卻未在場上貢獻，官辦熱身賽投5人次沒拿到出局數，來到正式比賽依然留下0.0局出賽。 ▪ 經典賽即時新聞 ▪ 最新比分與完整賽程 ▪ 預賽分組戰績表 ▪ 經典賽專欄分析 經典賽WBC中華隊                    世界棒球經典賽開打第一天，中華隊就經歷人間煉獄般的一戰，投手調度連環崩盤，遭巴拿馬隊暴打兩個5分以上的大局，中華隊以5：...                                      還在尋求世界棒球經典賽史首勝的巴拿馬隊，今天面對中華隊在第4局敲開5分大局，單局得分已經直追隊史過去在經典賽的全部得分。                                      世界棒球經典賽A組賽程進入第二天，義大利隊才首度亮相，今晚在洲際棒球場與古巴隊打得難分難捨，演出本屆經典賽首次突破僵局制...                                      2023世界棒球經典賽今天開打，由洲際棒球場上演的荷蘭、古巴隊之戰揭開序幕，強強相碰在中午吸引6501人進場，最終由荷蘭...                                      B組南韓隊今天才出現姜白虎因慶祝離壘被觸殺，無獨有偶，世界棒球經典賽A組也差點上演相同悲劇，古巴隊阿魯巴耶納（Erisb...                                      世界棒球經典賽B組賽事今天在東京巨蛋開打，南韓、澳洲進行分組賽首戰，也是兩隊挑戰8強的關鍵戰役，南韓投手群無法抵擋澳洲長...                  ,UDN
114,經典賽／熱潮燒到花蓮 市公所與遠百直播派對挺中華隊,2023-03-08 22:10:00,運動,,https://udn.com/news/story/10785/7018540,世界棒球經典賽今天開打，全台瘋棒球，這股熱潮也燒到花蓮，花蓮市公所與遠百花蓮店合辦4場次直播派對，今晚首場就湧入超過500名球迷，透過200吋大螢幕為中華隊加油，戰況高潮迭起，中華隊有好表現時歡呼聲響徹雲霄，但對手得分時嘆息聲四起，相當緊張。WBC經典賽直播派對由市公所主辦，獲得市民代表會、議員魏嘉賢、遠百花蓮店、中華電信大力支持，共有4場次，每場次市公所發送每人一組加油棒，議員魏嘉賢也印製國旗紋身貼提供民眾免費索取，送完為止。今晚A組預賽中華隊首戰強敵巴拿馬，遠百花蓮店前建林廣場擠滿球迷，市長魏嘉彥、議員魏嘉賢、遠百花蓮店長黃永芳及代表會副主席黃達祥都手持加油棒守在大螢幕前吶喊加油，中原國小棒球隊2位教練也帶著22名小球員，欣賞這場高水準的賽事。前三局戰況膠著，中華隊屢有精彩表現，現場歡呼聲四起，一直到四局風雲變色，巴拿馬強攻5分，讓滿場球迷大為失望，但仍賣力為中華隊加油，盼能急起直追。市長魏嘉彥表示，棒球可以說是台灣的國球，為讓花蓮的球迷同步欣賞精采賽事，本次特別與遠百花蓮店合作，以200吋大螢幕的聲光效果，要讓球迷朋友看得過癮、玩得盡興，更團結起來不分彼此一同為中華隊加油。現場不少民眾打扮專屬的應援造型為中華隊加油，遠百花蓮店也規畫美食攤位，祭出多項優惠活動。市公所表示，接下來還有3場賽事，10日晚間7時與義大利之戰，市代會主席李振瑋將在現場發送100分義大利麵，要大家一起「吃義大利麵打敗義大利麵」，接著11日晚間7時、12日中午12時，分別將迎戰荷蘭及古巴，歡迎民眾自備野餐墊前往，一起為中華隊加油。WBC世界棒球經典賽熱到花蓮，花蓮市公所與遠百花蓮店合作，今晚起一連4場直播派對。圖／市公所提供WBC世界棒球經典賽熱到花蓮，花蓮市公所與遠百花蓮店合作，今晚起有4場直播派對，市長魏嘉彥（右2）、縣議員魏嘉賢（右）等人都到場觀賽。圖／市公所提供WBC世界棒球經典賽熱到花蓮，花蓮市公所與遠百花蓮店合作，今晚起有4場直播派對。圖／市公所提供WBC世界棒球經典賽熱到花蓮，花蓮市公所與遠百花蓮店合作，今晚起有4場直播派對，市長魏嘉彥手持加油棒為中華隊加油。圖／市公所提供 ▪ 經典賽即時新聞 ▪ 最新比分與完整賽程 ▪ 預賽分組戰績表 ▪ 經典賽專欄分析 經典賽WBC中華隊                    世界棒球經典賽開打第一天，中華隊就經歷人間煉獄般的一戰，投手調度連環崩盤，遭巴拿馬隊暴打兩個5分以上的大局，中華隊以5：...                                      還在尋求世界棒球經典賽史首勝的巴拿馬隊，今天面對中華隊在第4局敲開5分大局，單局得分已經直追隊史過去在經典賽的全部得分。                                      世界棒球經典賽A組賽程進入第二天，義大利隊才首度亮相，今晚在洲際棒球場與古巴隊打得難分難捨，演出本屆經典賽首次突破僵局制...                                      2023世界棒球經典賽今天開打，由洲際棒球場上演的荷蘭、古巴隊之戰揭開序幕，強強相碰在中午吸引6501人進場，最終由荷蘭...                                      B組南韓隊今天才出現姜白虎因慶祝離壘被觸殺，無獨有偶，世界棒球經典賽A組也差點上演相同悲劇，古巴隊阿魯巴耶納（Erisb...                                      世界棒球經典賽B組賽事今天在東京巨蛋開打，南韓、澳洲進行分組賽首戰，也是兩隊挑戰8強的關鍵戰役，南韓投手群無法抵擋澳洲長...                  ,UDN
115,圖輯／經典賽吳念庭七局下半擊出二分炮 中華4比12暫時落後,2023-03-08 22:44:00,運動,,https://udn.com/news/story/10785/7018635,世界棒球經典賽今天在台中洲際棒球場舉行開幕戰，巴拿馬打線攻勢不斷，七局結束已攻下12分，中華隊第四棒張育成五局下半擊出中間方向一壘安打，帶有1分打點，中華隊第五棒吳念庭七局下半擊出二分炮，七局結束中華隊以4比12暫時落後巴拿馬。世界棒球經典賽在台中洲際棒球場舉行開幕戰，6局不到已換了6名投手，有球迷在場面繪製油畫，比賽進行到一半，油畫已快完成。記者黃仲裕／攝影巴拿馬全場攻勢不斷，打爆中華隊投手群。記者黃仲裕／攝影世界棒球經典賽在台中洲際棒球場舉行開幕戰，中華隊第五棒吳念庭七局下半擊出二分炮。記者黃仲裕／攝影 ▪ 經典賽即時新聞 ▪ 最新比分與完整賽程 ▪ 預賽分組戰績表 ▪ 經典賽專欄分析 經典賽WBC中華隊                    世界棒球經典賽開打第一天，中華隊就經歷人間煉獄般的一戰，投手調度連環崩盤，遭巴拿馬隊暴打兩個5分以上的大局，中華隊以5：...                                      還在尋求世界棒球經典賽史首勝的巴拿馬隊，今天面對中華隊在第4局敲開5分大局，單局得分已經直追隊史過去在經典賽的全部得分。                                      世界棒球經典賽A組賽程進入第二天，義大利隊才首度亮相，今晚在洲際棒球場與古巴隊打得難分難捨，演出本屆經典賽首次突破僵局制...                                      2023世界棒球經典賽今天開打，由洲際棒球場上演的荷蘭、古巴隊之戰揭開序幕，強強相碰在中午吸引6501人進場，最終由荷蘭...                                      B組南韓隊今天才出現姜白虎因慶祝離壘被觸殺，無獨有偶，世界棒球經典賽A組也差點上演相同悲劇，古巴隊阿魯巴耶納（Erisb...                                      世界棒球經典賽B組賽事今天在東京巨蛋開打，南韓、澳洲進行分組賽首戰，也是兩隊挑戰8強的關鍵戰役，南韓投手群無法抵擋澳洲長...                  ,UDN
116,經典賽／中華對巴拿馬節奏緩慢 球迷場邊油畫已快完成,2023-03-08 22:49:00,運動,,https://udn.com/news/story/10785/7018642,世界棒球經典賽場邊出現奇景，有球迷在場邊邊欣賞比賽，邊畫球場油畫，比賽進行到六局結束，油畫已快完成。今天在台中洲際棒球場舉行開幕戰，由中華出戰巴拿馬，巴拿馬6局攻下11分，中華隊六局還沒結束就已經使用了6名投手。比賽進行到八局上半，已經打了快四個小時，節奏相當緩慢。球迷帶著畫具到場邊作畫，將洲際棒球場的景色畫下來，比賽還沒結束，作品已快完成，令人嘖嘖稱奇。 ▪ 經典賽即時新聞 ▪ 最新比分與完整賽程 ▪ 預賽分組戰績表 ▪ 經典賽專欄分析 經典賽WBC中華隊                    世界棒球經典賽開打第一天，中華隊就經歷人間煉獄般的一戰，投手調度連環崩盤，遭巴拿馬隊暴打兩個5分以上的大局，中華隊以5：...                                      還在尋求世界棒球經典賽史首勝的巴拿馬隊，今天面對中華隊在第4局敲開5分大局，單局得分已經直追隊史過去在經典賽的全部得分。                                      世界棒球經典賽A組賽程進入第二天，義大利隊才首度亮相，今晚在洲際棒球場與古巴隊打得難分難捨，演出本屆經典賽首次突破僵局制...                                      2023世界棒球經典賽今天開打，由洲際棒球場上演的荷蘭、古巴隊之戰揭開序幕，強強相碰在中午吸引6501人進場，最終由荷蘭...                                      B組南韓隊今天才出現姜白虎因慶祝離壘被觸殺，無獨有偶，世界棒球經典賽A組也差點上演相同悲劇，古巴隊阿魯巴耶納（Erisb...                                      世界棒球經典賽B組賽事今天在東京巨蛋開打，南韓、澳洲進行分組賽首戰，也是兩隊挑戰8強的關鍵戰役，南韓投手群無法抵擋澳洲長...                  ,UDN
117,經典賽／中華隊5：12被巴拿馬電爆 2萬人見證洲際慘案,2023-03-08 23:14:00,運動,,https://udn.com/news/story/10785/7018723,世界棒球經典賽開打第一天，中華隊就經歷人間煉獄般的一戰，投手調度連環崩盤，遭巴拿馬隊暴打兩個5分以上的大局，中華隊以5：12慘敗，巴拿馬豪氣拿下隊史在經典賽的第一勝。經典賽相隔6年舉辦，台灣更是等了10年再當地主，今天中華隊的首場賽事吸引滿場2萬人相挺，卻目睹慘劇上演。先發投手胡智爲從一開始就暴露控球不穩、壞球偏多，每局皆被敲安，前3局還能力保不失，第4局被敲二壘打開局，再保送下一棒，卡斯提歐（Luis Castillo）補上安打，巴拿馬先馳得點，也是這一棒打退了胡智爲。陳冠偉接手仍被連續敲安，無法凍結壘上跑者，最終還是李振昌出馬飆出關鍵三振止血，巴拿馬單局已打一輪、敲出5安打，灌回5分大局。更慘烈的劇本接續上演，中華隊第5局才剛靠張育成的適時安打追回1分，鄧愷威第6局登板，一上來就是連6顆壞球，第7球終於是好球，但面對短打卻發生失誤，連傳一壘都是「壞球」。中華隊共用8任投手、5人失分，胡智爲先發3局失3分，鄧愷威、曾峻岳更是未解決任何打者，留下0.0局出賽紀錄。中華隊在第5局張育成、第6局鄭宗哲都在得點圈打擊敲出安打，各斬獲1分打點，7局瀕臨遭提前結束之際，吳念庭掃出兩分砲，讓中華隊得以延長戰線，8局則在鄭宗哲的三壘打開路下再添分數。中華隊敲出13支安打其實火力不俗，吳念庭、鄭宗哲都有3安打最亮眼，林立、張育成、江坤宇也有雙安。巴拿馬過去兩度參與經典賽，累積0勝5敗，5場比賽總得失分比為7比36，戰績相當慘烈，今天從中華隊手中拿到史上在經典賽的第一勝，單場攻下12分，超越過去隊史累積總和。 ▪ 經典賽即時新聞 ▪ 最新比分與完整賽程 ▪ 預賽分組戰績表 ▪ 經典賽專欄分析 經典賽WBC中華隊                    世界棒球經典賽開打第一天，中華隊就經歷人間煉獄般的一戰，投手調度連環崩盤，遭巴拿馬隊暴打兩個5分以上的大局，中華隊以5：...                                      還在尋求世界棒球經典賽史首勝的巴拿馬隊，今天面對中華隊在第4局敲開5分大局，單局得分已經直追隊史過去在經典賽的全部得分。                                      世界棒球經典賽A組賽程進入第二天，義大利隊才首度亮相，今晚在洲際棒球場與古巴隊打得難分難捨，演出本屆經典賽首次突破僵局制...                                      2023世界棒球經典賽今天開打，由洲際棒球場上演的荷蘭、古巴隊之戰揭開序幕，強強相碰在中午吸引6501人進場，最終由荷蘭...                                      B組南韓隊今天才出現姜白虎因慶祝離壘被觸殺，無獨有偶，世界棒球經典賽A組也差點上演相同悲劇，古巴隊阿魯巴耶納（Erisb...                                      世界棒球經典賽B組賽事今天在東京巨蛋開打，南韓、澳洲進行分組賽首戰，也是兩隊挑戰8強的關鍵戰役，南韓投手群無法抵擋澳洲長...                  ,UDN
118,經典賽／中信雙城連線 直播經典賽,2023-03-09 00:29:00,運動,,https://udn.com/news/story/10785/7018733,"睽違十年，台灣再次取得經典賽主辦權。中國信託商業銀行獨家冠名贊助2023年第五屆世界棒球經典賽（2023 World Baseball Classic，簡稱「2023年經典賽」）A組預賽，昨（8）日於台灣率先開打，晚間賽事由中華隊迎戰巴拿馬隊，中國信託銀行力挺國家隊，啟動台北、台中雙城連線，整合線上、線下活動，號召全台球迷應援中華隊，前進日本東京複賽，給世界好看。新型冠狀病毒（COVID-19）疫情爆發以來，不少國際賽事停擺，久違的一級國際棒球賽事--2023年經典賽為各界所矚目，台中市洲際棒球場湧入滿場的2萬名球迷替中華隊加油，展現主場氣勢。開球儀式由副總統賴清德、台中市市長盧秀燕、中華民國棒球協會理事長辜仲諒、中華職棒大聯盟會長蔡其昌、中信銀行董事長利明献及美國職棒大聯盟（Major League Baseball, MLB）傳奇球星李維拉（Mariano Rivera）共同參與，為2023年經典賽揭開序幕。賴清德表示，棒球是台灣國球，感謝睽違十年後，世界棒球經典賽預賽再度在台灣舉辦，對於台灣球迷來說是很大的禮物，也祝福國家隊旗開得勝、前進日本東京。辜仲諒則勉勵中華隊健將們，拿出勇氣，展現台灣人的膽識，表現就趁現在，全力以赴，打給愛棒球的球迷看。利明献表示，自己小學和國中也曾打棒球，為了此次開球還特別花時間練習，棒球讓台灣人不分你我、一起全心投入，中國信託與球迷共同集氣，台北、台中連線應援中華隊，誓言展現地主球隊氣勢。力挺中華隊，台中市洲際棒球場2萬名球迷聲嘶力竭，台北市南港區的中國信託金融園區「2023 年經典賽直播派對」亦成為全台最熱血的應援舞臺，中信兄弟棒球隊超人氣啦啦隊Passion Sisters及應援團領軍，逾千位球迷加油吶喊聲震天價響；Home Run Taiwan YouTube頻道及Home Run Taiwan臉書粉絲團同步開設熱血聊天室，邀請知名體育主播張立群、球評黃忠義及YouTuber 希希與球迷直播尬聊，開賽前便已獲得網友熱烈期待：「專業級的陣容」、「當天在洲際、不過還是會打開YT支持一下」、「東哥講解得很精闢、到位」。中國信託長期支持各級棒球運動，力挺職棒隊伍中信兄弟、台中市成棒隊、冠名贊助中信盃黑豹旗全國高中棒球大賽，並透過中國信託慈善基金會「愛接棒計畫」資助青少棒及少棒。中信銀行獨家冠名贊助2023年經典賽A組預賽，做為中華隊最強而有力的後盾。 ▪ 經典賽即時新聞 ▪ 最新比分與完整賽程 ▪ 預賽分組戰績表 ▪ 經典賽專欄分析 經典賽WBC中華隊                    世界棒球經典賽A組賽程進入第二天，義大利隊才首度亮相，今晚在洲際棒球場與古巴隊打得難分難捨，演出本屆經典賽首次突破僵局制...                                      B組南韓隊今天才出現姜白虎因慶祝離壘被觸殺，無獨有偶，世界棒球經典賽A組也差點上演相同悲劇，古巴隊阿魯巴耶納（Erisb...                                      世界棒球經典賽B組賽事今天在東京巨蛋開打，南韓、澳洲進行分組賽首戰，也是兩隊挑戰8強的關鍵戰役，南韓投手群無法抵擋澳洲長...                                      世界棒球經典賽B組於東京巨蛋開打，首戰南韓對戰澳洲，在七局下韓國落後一分時，姜白虎上場代打建功，卻因為慶祝動作離壘，最後被觸殺在二壘。南韓最後也以1分差落敗。姜白虎敲出安打後，在慶祝時右腳不慎                                      中華隊以慘敗在世界棒球經典賽開局，面臨更加崎嶇的晉級之路，今天由江少慶先發面對滿載大聯盟戰力的義大利隊，盤點兩隊今晚一戰...                                      中華隊昨晚在台中洲際棒球場對決巴拿馬，儘管中華隊在場上陷入大幅落後，觀眾仍持續熱情應援，這畫面也吸引美國記者注意，直呼不可思議。大聯盟官網記者摩納根（Matt Monagan）昨天也出現在比賽                  ",UDN
119,經典賽／中華隊9次四死球釀敗因 餅總：沒有預期,2023-03-08 23:50:00,運動,,https://udn.com/news/story/10785/7018807,中華隊在世界棒球經典賽首戰吞下5：12的慘敗，投手群無法抑制巴拿馬打線是主因，總教練林岳平也點出最大差距在投手群全場高達9次四死球，「沒有預期到投手控球無法擋下失分。」中華隊4局上先發投手胡智爲遇亂流後，接替的陳冠偉也崩盤，導致單局丟掉5分，6局上則是鄧愷威、曾峻岳連續兩人無法抓下出局數，到吳哲源才止住頹勢，但又丟掉6分。兩局相同之處在於，接手的投手都未能很快抓到出局數，林岳平表示，這也導致投手必須頻繁更換，用了8名投手才結束比賽，「投手這方面，一開賽就有很大危機，但是有守住，後續失分後，投手控球上是最大失敗因素。」中華隊投手群全場8次保送加上1次觸身球，林岳平表示：「今天最大失敗之處在投手保送，兩隊安打數雖然相近，但保送堆積壘包後，被安打形成大量失分，巴拿馬近期打擊狀況穩定，但沒有預期到投手控球無法擋下失分。」中華隊明天將休兵一天，準備接下來10日起依序對上義大利、荷蘭、古巴的三連戰，林岳平表示，接下來會要求投手，「盡可能攻擊好球帶，用最好的球去面對打者，不要害怕安打、掉分而投得閃躲。」 ▪ 經典賽即時新聞 ▪ 最新比分與完整賽程 ▪ 預賽分組戰績表 ▪ 經典賽專欄分析 經典賽WBC中華隊                    世界棒球經典賽開打第一天，中華隊就經歷人間煉獄般的一戰，投手調度連環崩盤，遭巴拿馬隊暴打兩個5分以上的大局，中華隊以5：...                                      還在尋求世界棒球經典賽史首勝的巴拿馬隊，今天面對中華隊在第4局敲開5分大局，單局得分已經直追隊史過去在經典賽的全部得分。                                      世界棒球經典賽A組賽程進入第二天，義大利隊才首度亮相，今晚在洲際棒球場與古巴隊打得難分難捨，演出本屆經典賽首次突破僵局制...                                      2023世界棒球經典賽今天開打，由洲際棒球場上演的荷蘭、古巴隊之戰揭開序幕，強強相碰在中午吸引6501人進場，最終由荷蘭...                                      B組南韓隊今天才出現姜白虎因慶祝離壘被觸殺，無獨有偶，世界棒球經典賽A組也差點上演相同悲劇，古巴隊阿魯巴耶納（Erisb...                                      世界棒球經典賽B組賽事今天在東京巨蛋開打，南韓、澳洲進行分組賽首戰，也是兩隊挑戰8強的關鍵戰役，南韓投手群無法抵擋澳洲長...                  ,UDN
120,經典賽／中華隊投手崩盤5:12慘敗巴拿馬 出線難度倍增,2023-03-09 02:40:00,運動,,https://udn.com/news/story/10785/7018809, 台中洲際棒球場昨晚兩萬名滿場球迷從六局起陸續離場，中華隊投手群兩度崩盤，雖有吳念庭轟出本屆賽事首轟仍難補失血，最終在世界棒球經典賽首戰以五比十二吞下敗仗，預賽Ａ組出線之路難度倍增，巴拿馬則拿下隊史首勝。中華隊先發投手胡智爲、接手的陳冠偉，同在第四局崩盤，引爆巴拿馬單局五分攻勢，胡智爲留下三局被敲五支安打、失三分的成績，另有兩次三振、三次保送，由於投了六十三球，根據規定要休息四天，預賽剩下三場無法再登板。六局上中華隊持續失血，單局動用三名投手，鄧愷威投七球只有一顆好球，因為觸身、保送、失誤製造滿壘，曾峻岳接手後也未能抓到出局數，兩人各丟掉三分，吳哲源上場才結束這半局。中華隊的火力直到五局後才甦醒，五局下張育成的中外野安打，打回第一分，六局下鄭宗哲敲安有一分打點，吳念庭在七局下轟出中外野兩分全壘打，是今年經典賽大會第一支全壘打，也讓中華隊逃過隊史第三次被提前結束，七局下鄭宗哲三壘安打後又跑回一分，連續四局得分。中華隊此戰敲出十三支安打，只比巴拿馬少一支，得分卻差很多，關鍵在中華隊得點圈打擊是九支二，熱身賽展現的火力串連，到正式賽斷了線。巴拿馬全場攻勢不斷，打爆中華隊投手群。記者黃仲裕／攝影巴拿馬隊卡斯提歐堪稱中華隊剋星，四局的安打敲回勝利打點，五局下更沒收鄭宗哲可能的長打，那一球鄭宗哲打得深遠，鎮守右外野的卡斯提歐與中外野手拉莫斯相撞，鄭宗哲跑回本壘時，全場以為是場內全壘打，歡聲雷動，但倒在地上的卡斯提歐高舉手套，示意球在掌握中。中華隊首戰輸球後，今天休兵日重新調整，明天將對上義大利、後天對上荷蘭、十二日對上古巴，三連戰不容有失，最後兩天還要面對「晚接午」的賽程，處處是考驗。世界棒球經典賽在台中洲際棒球場舉行開幕戰，由中華隊對決巴拿馬，球迷熱情加油為中華隊打氣。記者黃仲裕／攝影 ▪ 經典賽即時新聞 ▪ 最新比分與完整賽程 ▪ 預賽分組戰績表 ▪ 經典賽專欄分析 經典賽WBC中華隊                    世界棒球經典賽A組賽程進入第二天，義大利隊才首度亮相，今晚在洲際棒球場與古巴隊打得難分難捨，演出本屆經典賽首次突破僵局制...                                      B組南韓隊今天才出現姜白虎因慶祝離壘被觸殺，無獨有偶，世界棒球經典賽A組也差點上演相同悲劇，古巴隊阿魯巴耶納（Erisb...                                      世界棒球經典賽B組賽事今天在東京巨蛋開打，南韓、澳洲進行分組賽首戰，也是兩隊挑戰8強的關鍵戰役，南韓投手群無法抵擋澳洲長...                                      世界棒球經典賽B組於東京巨蛋開打，首戰南韓對戰澳洲，在七局下韓國落後一分時，姜白虎上場代打建功，卻因為慶祝動作離壘，最後被觸殺在二壘。南韓最後也以1分差落敗。姜白虎敲出安打後，在慶祝時右腳不慎                                      中華隊以慘敗在世界棒球經典賽開局，面臨更加崎嶇的晉級之路，今天由江少慶先發面對滿載大聯盟戰力的義大利隊，盤點兩隊今晚一戰...                                      中華隊昨晚在台中洲際棒球場對決巴拿馬，儘管中華隊在場上陷入大幅落後，觀眾仍持續熱情應援，這畫面也吸引美國記者注意，直呼不可思議。大聯盟官網記者摩納根（Matt Monagan）昨天也出現在比賽                  ,UDN
121,經典賽／首戰狂燒8任投手 投手連環爆…僅帶14投成隱憂,2023-03-09 02:40:00,運動,,https://udn.com/news/story/10785/7018812,中華隊在世界棒球經典賽輸掉慘烈的一戰，投手調度連環崩盤，鄧愷威更是成為眾矢之的，從官辦熱身賽到正式比賽，回到台灣後還沒拿到任何出局數，登板就是壞球連發，後續賽事還敢不敢用，考驗教練團的心臟。昨天面對巴拿馬隊之戰，鄧愷威在第六局、一比五落後之際上場，第一球就是觸身球，他共面對三人次，沒拿到出局數，登板連投六顆壞球，唯一一顆好球也是另一種形式的「壞球」，巴拿馬開路先鋒柯爾多瓦短打點向投手，鄧愷威接球後傳一壘發生暴傳，留下滿壘局面退場，跑者全數兌現成為分數。鄧愷威效力美職巨人體系，因為參與春訓、母隊遲未放人，直到三日才返台、四日投入練球，他是最後一位報到的國手，中華隊等待已久的戰力，卻未能在場上貢獻，官辦熱身賽投五人次沒拿到出局數，來到正式比賽依然留下○局、失三分（責失兩分）。經典賽設有投手用球限制，預賽單場最多六十五球，且對於隔場有嚴格規定；中華隊只帶「低消」的十四名投手，投手能否穩定吃下局數，對戰局影響重大，第一戰就暴露不穩，用了八任投手、五人失分，對後續三場比賽投手調度埋下隱憂。 ▪ 經典賽即時新聞 ▪ 最新比分與完整賽程 ▪ 預賽分組戰績表 ▪ 經典賽專欄分析 經典賽WBC中華隊                    世界棒球經典賽A組賽程進入第二天，義大利隊才首度亮相，今晚在洲際棒球場與古巴隊打得難分難捨，演出本屆經典賽首次突破僵局制...                                      B組南韓隊今天才出現姜白虎因慶祝離壘被觸殺，無獨有偶，世界棒球經典賽A組也差點上演相同悲劇，古巴隊阿魯巴耶納（Erisb...                                      世界棒球經典賽B組賽事今天在東京巨蛋開打，南韓、澳洲進行分組賽首戰，也是兩隊挑戰8強的關鍵戰役，南韓投手群無法抵擋澳洲長...                                      世界棒球經典賽B組於東京巨蛋開打，首戰南韓對戰澳洲，在七局下韓國落後一分時，姜白虎上場代打建功，卻因為慶祝動作離壘，最後被觸殺在二壘。南韓最後也以1分差落敗。姜白虎敲出安打後，在慶祝時右腳不慎                                      中華隊以慘敗在世界棒球經典賽開局，面臨更加崎嶇的晉級之路，今天由江少慶先發面對滿載大聯盟戰力的義大利隊，盤點兩隊今晚一戰...                                      中華隊昨晚在台中洲際棒球場對決巴拿馬，儘管中華隊在場上陷入大幅落後，觀眾仍持續熱情應援，這畫面也吸引美國記者注意，直呼不可思議。大聯盟官網記者摩納根（Matt Monagan）昨天也出現在比賽                  ,UDN
122,經典賽／李維拉開球 與建仔相見歡,2023-03-09 02:43:00,運動,,https://udn.com/news/story/10785/7018814,台中洲際球場昨晚響起「睡魔降臨」的樂符，洋基隊傳奇球星李維拉在他的專屬入場曲中走進場中，為世界棒球經典賽Ａ組預賽開出好球，一旁共同開球的還有副總統賴清德，李維拉也不忘與開球捕手、前隊友王建民擁抱致意。在台灣舉行的經典賽開幕戰由中華隊對上巴拿馬，出身巴拿馬的李維拉將球投給中華隊牛棚教練王建民，賴清德的球則落入「鋼鐵恰」彭政閔的手套裡，另外台中市長盧秀燕、中國信託商業銀行董事長利明献擔任開球打者。名人堂投手李維拉出席開球儀式。記者黃仲裕／攝影李維拉開完球後，在大合照的空檔，與王建民互相擁抱，兩人在洋基時期攜手作戰的畫面，是台灣球迷深刻回憶；賴清德歡迎李維拉的到來，還開了一下光頭造型的玩笑，「台灣球迷很喜歡你，不管你頭髮剩下多少。」盧秀燕特別頒發榮譽市民證書及獎章，表達禮遇及歡迎，還送上棒球九宮格水果禮盒，李維拉品嘗後對沒吃過的枇杷、釋迦印象深刻，最喜歡火龍果；李維拉還現身大甲鎮瀾宮，眼尖球迷看到後瘋狂追星，現場一片騷動，有球迷興奮差點跌倒。世界棒球經典賽晚上在台中洲際棒球場舉行開幕戰，由中華隊對決巴拿馬，洋基傳奇名人堂投手李維拉（左）與副總統賴清德（右）出席開球儀式。記者黃仲裕／攝影賴清德也感謝中華棒球協會理事長辜仲諒、中華職棒會長蔡其昌、盧秀燕的協助，才能成功爭取經典賽在台灣舉辦，「希望五支球隊都拿出實力，有最好的表現，但我仍不免私心，希望台灣代表隊能夠前進東京。」 ▪ 經典賽即時新聞 ▪ 最新比分與完整賽程 ▪ 預賽分組戰績表 ▪ 經典賽專欄分析 經典賽WBC中華隊                    世界棒球經典賽A組賽程進入第二天，義大利隊才首度亮相，今晚在洲際棒球場與古巴隊打得難分難捨，演出本屆經典賽首次突破僵局制...                                      B組南韓隊今天才出現姜白虎因慶祝離壘被觸殺，無獨有偶，世界棒球經典賽A組也差點上演相同悲劇，古巴隊阿魯巴耶納（Erisb...                                      世界棒球經典賽B組賽事今天在東京巨蛋開打，南韓、澳洲進行分組賽首戰，也是兩隊挑戰8強的關鍵戰役，南韓投手群無法抵擋澳洲長...                                      世界棒球經典賽B組於東京巨蛋開打，首戰南韓對戰澳洲，在七局下韓國落後一分時，姜白虎上場代打建功，卻因為慶祝動作離壘，最後被觸殺在二壘。南韓最後也以1分差落敗。姜白虎敲出安打後，在慶祝時右腳不慎                                      中華隊以慘敗在世界棒球經典賽開局，面臨更加崎嶇的晉級之路，今天由江少慶先發面對滿載大聯盟戰力的義大利隊，盤點兩隊今晚一戰...                                      中華隊昨晚在台中洲際棒球場對決巴拿馬，儘管中華隊在場上陷入大幅落後，觀眾仍持續熱情應援，這畫面也吸引美國記者注意，直呼不可思議。大聯盟官網記者摩納根（Matt Monagan）昨天也出現在比賽                  ,UDN
123,經典賽／荷蘭隊開紅盤 主帥讚「天使」賽程有利,2023-03-09 02:40:00,運動,,https://udn.com/news/story/10785/7018815,熱身賽二連敗的荷蘭隊不藏了，昨天在世界棒球經典賽首戰以四比二擊敗古巴隊，開出紅盤，總教練穆倫斯形容全隊猶如吞下定心丸，對於賽程安排也坦言「對我們有利」，中華隊恐怕要對上「滿血」荷蘭隊。荷蘭與古巴前五局以一比一戰平，六局下荷蘭先靠著帕拉修斯的安打敲回超前分，接著捕手川普在兩出局二、三壘有人時再敲出安打，帶有兩分打點，擴大領先優勢，荷蘭就此領先到最後。來自荷屬阿魯巴群島的川普表示，當地時間是凌晨十二點，「但全家人都一起為我加油，很高興有這個機會代表荷蘭參賽。」川普也說自己選球不算很好，擊中球帶點幸運成分，加上有前面的打者，才能夠適時得分。古巴隊打得悶，第四棒迪斯派賽前練習突然不適，大聯盟級的伊巴尼茲也手指有傷，少了兩名主力先發，全場僅敲出三支安打，總教練強森表示，比賽過程很拉鋸，雖然輸掉比賽，但不到警訊，只是打擊需要做些調整，「比賽才剛開始，一切還沒結束，剩下三場比賽，每一場都很重要。」荷蘭隊拿下首勝後，接下來賽程是今天對巴拿馬、後天對中華隊、十二日對義大利，兩場午場接著兩場晚場；穆倫斯表示，目前還有球員在調整時差，前面午場、後面晚場的賽程確實有利。 ▪ 經典賽即時新聞 ▪ 最新比分與完整賽程 ▪ 預賽分組戰績表 ▪ 經典賽專欄分析 經典賽WBC風雲                    世界棒球經典賽A組賽程進入第二天，義大利隊才首度亮相，今晚在洲際棒球場與古巴隊打得難分難捨，演出本屆經典賽首次突破僵局制...                                      B組南韓隊今天才出現姜白虎因慶祝離壘被觸殺，無獨有偶，世界棒球經典賽A組也差點上演相同悲劇，古巴隊阿魯巴耶納（Erisb...                                      世界棒球經典賽B組賽事今天在東京巨蛋開打，南韓、澳洲進行分組賽首戰，也是兩隊挑戰8強的關鍵戰役，南韓投手群無法抵擋澳洲長...                                      世界棒球經典賽B組於東京巨蛋開打，首戰南韓對戰澳洲，在七局下韓國落後一分時，姜白虎上場代打建功，卻因為慶祝動作離壘，最後被觸殺在二壘。南韓最後也以1分差落敗。姜白虎敲出安打後，在慶祝時右腳不慎                                      中華隊以慘敗在世界棒球經典賽開局，面臨更加崎嶇的晉級之路，今天由江少慶先發面對滿載大聯盟戰力的義大利隊，盤點兩隊今晚一戰...                                      中華隊昨晚在台中洲際棒球場對決巴拿馬，儘管中華隊在場上陷入大幅落後，觀眾仍持續熱情應援，這畫面也吸引美國記者注意，直呼不可思議。大聯盟官網記者摩納根（Matt Monagan）昨天也出現在比賽                  ,UDN
124,經典賽／中信南港直播派對 千人挺中華隊,2023-03-09 02:40:00,運動,,https://udn.com/news/story/10785/7018816,世界棒球經典賽Ａ組預賽在台灣開打，中國信託銀行力挺國家隊，啟動台北、台中雙城連線，昨在台北南港區的中國信託金融園區舉辦經典賽直播派對，聚集超過一千位球迷為中華隊加油。一級國際棒球賽事久違重返台灣，洲際棒球場聚集兩萬球迷之外，台北南港區的中國信託金融園區舉辦經典賽直播派對，中信兄弟隊啦啦隊Passion Sisters及應援團領軍；Home Run Taiwan於YouTube頻道及臉書粉絲團同步開設熱血聊天室，邀請知名體育主播張立群、球評黃忠義及YouTuber希希與球迷互動，開賽前便已獲得網友熱烈期待，大讚專業級的陣容。比賽開打前，中華棒球協會理事長辜仲諒勉勵中華隊選手拿出勇氣，展現台灣人的膽識，表現就趁現在，全力以赴，打給愛棒球的球迷看。中信銀行董事長利明献表示，自己小學和國中也曾打棒球，為了此次開球還特別花時間練習，棒球讓台灣人不分你我、一起全心投入。中國信託長期支持各級棒球運動，力挺職棒隊伍中信兄弟、台中市成棒隊、冠名贊助中信盃黑豹旗全國高中棒球大賽，並透過中國信託慈善基金會「愛接棒計畫」資助青少棒及少棒。中信銀行獨家冠名贊助今年經典賽Ａ組預賽，做為中華隊最強而有力的後盾，製作「Home Run Taiwan轟吧台灣—WBC十年一戰」影片，短短五天，影片點閱觀看次數已突破四百萬次。南港中國信託金融園區將於中華隊出賽期間場場直播，邀請全台球迷共組最強中華隊應援團。 ▪ 經典賽即時新聞 ▪ 最新比分與完整賽程 ▪ 預賽分組戰績表 ▪ 經典賽專欄分析 經典賽WBC中華隊                    世界棒球經典賽A組賽程進入第二天，義大利隊才首度亮相，今晚在洲際棒球場與古巴隊打得難分難捨，演出本屆經典賽首次突破僵局制...                                      B組南韓隊今天才出現姜白虎因慶祝離壘被觸殺，無獨有偶，世界棒球經典賽A組也差點上演相同悲劇，古巴隊阿魯巴耶納（Erisb...                                      世界棒球經典賽B組賽事今天在東京巨蛋開打，南韓、澳洲進行分組賽首戰，也是兩隊挑戰8強的關鍵戰役，南韓投手群無法抵擋澳洲長...                                      世界棒球經典賽B組於東京巨蛋開打，首戰南韓對戰澳洲，在七局下韓國落後一分時，姜白虎上場代打建功，卻因為慶祝動作離壘，最後被觸殺在二壘。南韓最後也以1分差落敗。姜白虎敲出安打後，在慶祝時右腳不慎                                      中華隊以慘敗在世界棒球經典賽開局，面臨更加崎嶇的晉級之路，今天由江少慶先發面對滿載大聯盟戰力的義大利隊，盤點兩隊今晚一戰...                                      中華隊昨晚在台中洲際棒球場對決巴拿馬，儘管中華隊在場上陷入大幅落後，觀眾仍持續熱情應援，這畫面也吸引美國記者注意，直呼不可思議。大聯盟官網記者摩納根（Matt Monagan）昨天也出現在比賽                  ,UDN
125,經典賽／對抗台式應援 巴拿馬教頭：得分就會安靜,2023-03-09 00:03:00,運動,,https://udn.com/news/story/10785/7018836,中華隊今晚在台中洲際棒球場慘敗，讓巴拿馬隊以12：5帶走隊史在世界棒球經典賽首勝，如何對抗2萬名台灣球迷的熱情應援？巴拿馬總教練歐提茲（Luis Ortiz）給出解答：「努力得分。」「這是一場很棒的比賽。」歐提茲賽後表示，面對中華隊前段沒有太多機會，直到第4局把握契機才開啟得分攻勢，球隊有很好的打者，只需要一點運氣，我們本來打擊陣容就很堅強。」在洲際球場2萬名台灣球迷大聲應援下，巴拿馬扛住客場氣氛奪勝，外國媒體好奇「如何能夠不受影響？」歐提茲解答：「得分之後，觀眾就會安靜下來，必須努力搶分，對抗熱情的應援。」巴拿馬過去兩度參賽累積0勝5敗，合計拿下7分，這屆首戰就攻下12分，還拿下隊史首勝，但歐提茲賽後表情還是很嚴肅，他表示：「對這場勝利當然很高興，但我們還沒有成就什麼，如果晉級第二輪，我會露出一些笑容。」這場比賽打到11點多才結束，巴拿馬隊明天中午又要對上今天才擊敗古巴的荷蘭隊，歐提茲表示：「確實是比較艱難，今天打到午夜才能離開，又要面對中午賽事，我們會竭盡所能。」世界棒球經典賽在台中洲際棒球場舉行開幕戰，由中華隊對決巴拿馬，球迷熱情加油為中華隊打氣。記者黃仲裕／攝影 ▪ 經典賽即時新聞 ▪ 最新比分與完整賽程 ▪ 預賽分組戰績表 ▪ 經典賽專欄分析 經典賽WBC中華隊                    世界棒球經典賽A組賽程進入第二天，義大利隊才首度亮相，今晚在洲際棒球場與古巴隊打得難分難捨，演出本屆經典賽首次突破僵局制...                                      B組南韓隊今天才出現姜白虎因慶祝離壘被觸殺，無獨有偶，世界棒球經典賽A組也差點上演相同悲劇，古巴隊阿魯巴耶納（Erisb...                                      世界棒球經典賽B組賽事今天在東京巨蛋開打，南韓、澳洲進行分組賽首戰，也是兩隊挑戰8強的關鍵戰役，南韓投手群無法抵擋澳洲長...                                      世界棒球經典賽B組於東京巨蛋開打，首戰南韓對戰澳洲，在七局下韓國落後一分時，姜白虎上場代打建功，卻因為慶祝動作離壘，最後被觸殺在二壘。南韓最後也以1分差落敗。姜白虎敲出安打後，在慶祝時右腳不慎                                      中華隊以慘敗在世界棒球經典賽開局，面臨更加崎嶇的晉級之路，今天由江少慶先發面對滿載大聯盟戰力的義大利隊，盤點兩隊今晚一戰...                                      中華隊昨晚在台中洲際棒球場對決巴拿馬，儘管中華隊在場上陷入大幅落後，觀眾仍持續熱情應援，這畫面也吸引美國記者注意，直呼不可思議。大聯盟官網記者摩納根（Matt Monagan）昨天也出現在比賽                  ,UDN
126,經典賽／老爸要他神經大條一點 吳念庭開砲最滿意選球,2023-03-09 00:03:00,運動,,https://udn.com/news/story/10785/7018841,中華隊在經典賽首戰就輸得慘烈，以5：12遭巴拿馬隊慘電，還險些遭到提前結束，吳念庭第7局兩分砲助中華隊撐滿9局，人生第一場一級國際賽事就開張全壘打，他透露父親吳復連在大賽前夕給他的提醒，「叫我神經大條一點」。吳念庭表示，「雖然比數落後，但休息室氣氛到最後都不想放棄，每個打席都很珍惜，做好自己的事情。」他提到，很多球迷都還留在現場，讓選手更不想放棄，「雖然這場輸了，還有3場要打，去做好所有準備。」吳念庭在集訓初期調整進度較慢，中華隊總教練林岳平也曾點名揮棒節奏還在調整，而他狀態快速升溫，今天在首戰就開砲，他也說感覺很不一樣，「可能一開始著急，難免緊張、有壓力在，第一支安打心情就比較踏實。」吳念庭首次參加經典賽，也有來自父親吳復連的提點，他笑說：「鼓勵我平常心，神經大條一點。」他認為今天做得最好的是選球，「滿有耐心去看每顆球，今天的投手球的軌跡都不太一樣，花了一顆球、兩顆球看一下再想策略怎麼攻擊。」巴拿馬帶給中華隊一場震撼教育，吳念庭透露雖然有看了情蒐，「但比賽之後，感覺每個攻擊慾望、纏鬥性、速度都很棒，就是滿有企圖心的一支球隊。」世界棒球經典賽在台中洲際棒球場舉行開幕戰，吳念庭七局下半擊出兩分砲。記者黃仲裕／攝影 ▪ 經典賽即時新聞 ▪ 最新比分與完整賽程 ▪ 預賽分組戰績表 ▪ 經典賽專欄分析 經典賽WBC中華隊                    世界棒球經典賽A組賽程進入第二天，義大利隊才首度亮相，今晚在洲際棒球場與古巴隊打得難分難捨，演出本屆經典賽首次突破僵局制...                                      B組南韓隊今天才出現姜白虎因慶祝離壘被觸殺，無獨有偶，世界棒球經典賽A組也差點上演相同悲劇，古巴隊阿魯巴耶納（Erisb...                                      世界棒球經典賽B組賽事今天在東京巨蛋開打，南韓、澳洲進行分組賽首戰，也是兩隊挑戰8強的關鍵戰役，南韓投手群無法抵擋澳洲長...                                      世界棒球經典賽B組於東京巨蛋開打，首戰南韓對戰澳洲，在七局下韓國落後一分時，姜白虎上場代打建功，卻因為慶祝動作離壘，最後被觸殺在二壘。南韓最後也以1分差落敗。姜白虎敲出安打後，在慶祝時右腳不慎                                      中華隊以慘敗在世界棒球經典賽開局，面臨更加崎嶇的晉級之路，今天由江少慶先發面對滿載大聯盟戰力的義大利隊，盤點兩隊今晚一戰...                                      中華隊昨晚在台中洲際棒球場對決巴拿馬，儘管中華隊在場上陷入大幅落後，觀眾仍持續熱情應援，這畫面也吸引美國記者注意，直呼不可思議。大聯盟官網記者摩納根（Matt Monagan）昨天也出現在比賽                  ,UDN
127,經典賽／跑4個壘包發現被接殺 鄭宗哲：以為是全壘打,2023-03-09 00:13:00,運動,,https://udn.com/news/story/10785/7018871,身為中華隊最稚齡野手，鄭宗哲的「初體驗」表現感覺不到生澀，8日在世界棒球經典賽第一場就敲出3安打，還差點轟出牆，他坦言：「我以為會是全壘打…」；中華隊以5：12輸給巴拿馬，他賽後情緒有些波動，他說真的很想贏，但澄清沒到掉淚的程度。中華隊此役先處於0：5落後，第5局鄭宗哲打向中右外野，巴拿馬隊兩位外野手在牆前相撞倒地，看似有在找球的動作，他全力狂奔跑回本壘，全場球迷也為他歡呼，沒想到重播畫面看出，右外野手卡斯提歐（Luis Castillo）仍牢牢將球握在手套，美技接殺這一球。鄭宗哲苦笑說：「我以為會是全壘打，但好像今天的風沒有往右外野吹。」他表示，這球有打到自己想要的球、也打得很好，還是被接到，他稱讚對方是「很厲害的外野手」。鄭宗哲以21歲年紀迎接經典賽，經歷一場慘烈的敗仗後，感覺眼眶有些紅潤，被問到情緒是否比較激動，他坦言：「滿想贏球，真的很想贏，沒有到掉淚啦！」鄭宗哲指出，中華隊此役打擊得點圈幾乎都有送回來，落後時，自己也是一直想著要推進、搶分、搶壘，他強調：「才一場比賽，還是要向前看，我們後面還有比賽，還是要想辦法贏球，把沒做好的修正，明天想辦法贏球。」語畢趕緊修正是「後天」。 ▪ 經典賽即時新聞 ▪ 最新比分與完整賽程 ▪ 預賽分組戰績表 ▪ 經典賽專欄分析 經典賽WBC中華隊                    世界棒球經典賽A組賽程進入第二天，義大利隊才首度亮相，今晚在洲際棒球場與古巴隊打得難分難捨，演出本屆經典賽首次突破僵局制...                                      B組南韓隊今天才出現姜白虎因慶祝離壘被觸殺，無獨有偶，世界棒球經典賽A組也差點上演相同悲劇，古巴隊阿魯巴耶納（Erisb...                                      世界棒球經典賽B組賽事今天在東京巨蛋開打，南韓、澳洲進行分組賽首戰，也是兩隊挑戰8強的關鍵戰役，南韓投手群無法抵擋澳洲長...                                      世界棒球經典賽B組於東京巨蛋開打，首戰南韓對戰澳洲，在七局下韓國落後一分時，姜白虎上場代打建功，卻因為慶祝動作離壘，最後被觸殺在二壘。南韓最後也以1分差落敗。姜白虎敲出安打後，在慶祝時右腳不慎                                      中華隊以慘敗在世界棒球經典賽開局，面臨更加崎嶇的晉級之路，今天由江少慶先發面對滿載大聯盟戰力的義大利隊，盤點兩隊今晚一戰...                                      中華隊昨晚在台中洲際棒球場對決巴拿馬，儘管中華隊在場上陷入大幅落後，觀眾仍持續熱情應援，這畫面也吸引美國記者注意，直呼不可思議。大聯盟官網記者摩納根（Matt Monagan）昨天也出現在比賽                  ,UDN
128,經典賽／官網點名「風之孫」李政厚 大聯盟下一位巨星,2023-03-09 10:13:00,運動,,https://udn.com/news/story/10785/7019297,世界棒球經典賽B組賽事今天開打，南韓、澳洲進行分組賽首戰，大聯盟官網點名韓職英雄隊24歲外野手李政厚，將是大聯盟下一位巨星，在官網首頁大幅報導。李政厚是南韓傳奇球星李鍾範之子，2017年展開職棒生涯，去年不但以打擊率3成49完成打擊王2連霸，打點113分、安打193支都排名第一，全壘打也有23支，大聯盟官網指出，今天在東京巨蛋進行的南韓、澳洲之戰，所有大聯盟球探都會緊盯這位好手。官網引述韓聯社資深一位體育記者的說法，他從李政厚2017年奪下新人王開始，長期報導相關動態，認為李政厚在打擊上沒有什麼弱點，去年韓職季後賽從首輪打到總冠軍賽，大約60個打席左右，直到總冠軍賽第5戰（英雄2勝4敗不敵登陸者隊）才首次被三振，堪稱南韓最佳打者。李鍾範過去在南韓、日職生涯合計20年，靠強悍打擊、速度擁有「風之子」的封號，李政厚也被叫做「風之孫」，他說：「年輕時有一點壓力，後來成為職棒選手，必須接受它。這是非常酷的綽號，很開心擁有。」李鍾範打過2006年首屆經典賽，李政厚今年接棒，大聯盟官網指出，兩人是經典賽史上唯一都有出賽紀錄的父子檔；李政厚表示，自己也是首次得知此事，感覺很棒，很榮幸李氏家族寫下第一。 ▪ 經典賽即時新聞 ▪ 最新比分與完整賽程 ▪ 預賽分組戰績表 ▪ 經典賽專欄分析 經典賽WBC風雲                    世界棒球經典賽A組賽程進入第二天，義大利隊才首度亮相，今晚在洲際棒球場與古巴隊打得難分難捨，演出本屆經典賽首次突破僵局制...                                      B組南韓隊今天才出現姜白虎因慶祝離壘被觸殺，無獨有偶，世界棒球經典賽A組也差點上演相同悲劇，古巴隊阿魯巴耶納（Erisb...                                      世界棒球經典賽B組賽事今天在東京巨蛋開打，南韓、澳洲進行分組賽首戰，也是兩隊挑戰8強的關鍵戰役，南韓投手群無法抵擋澳洲長...                                      世界棒球經典賽B組於東京巨蛋開打，首戰南韓對戰澳洲，在七局下韓國落後一分時，姜白虎上場代打建功，卻因為慶祝動作離壘，最後被觸殺在二壘。南韓最後也以1分差落敗。姜白虎敲出安打後，在慶祝時右腳不慎                                      中華隊以慘敗在世界棒球經典賽開局，面臨更加崎嶇的晉級之路，今天由江少慶先發面對滿載大聯盟戰力的義大利隊，盤點兩隊今晚一戰...                                      中華隊昨晚在台中洲際棒球場對決巴拿馬，儘管中華隊在場上陷入大幅落後，觀眾仍持續熱情應援，這畫面也吸引美國記者注意，直呼不可思議。大聯盟官網記者摩納根（Matt Monagan）昨天也出現在比賽                  ,UDN
129,經典運彩／荷蘭水準高、巴拿馬連打累翻 推薦8.5小分過關,2023-03-09 10:31:00,運動,,https://udn.com/news/story/10785/7019323,【文／運彩貓小亨利】比賽時間: 3/9 12:00巴拿馬昨日對戰中華12：5 勝出，打了四個多小時，明天中午十二點又要馬上出賽對體力是個考驗。巴拿馬將派出Jaime Barria算是陣中，2022年效力於洛杉磯天使，79 .1局送出54次三振19次保送自責分率2.61。荷蘭則派出曾在2014年效力於統一獅的Shairon Martis先發，2017年被金鶯釋出後又加入委內瑞拉聯盟及美國獨立聯盟但沒多久又被釋出。今日兩到隊都有出賽，巴拿馬雖然得了12分但蠻多分數來自中華隊自爆，荷蘭隊從古巴手上得到4分，但明天巴拿馬先發也是大聯盟輪值等級的投手，想大量取分也不容易。荷蘭整體守備水準極高，投手不要自爆小比分機會還算不小，巴拿馬隔12小時又即將出賽也不易調整，推薦小分過盤。運彩推薦：8.5小分國際盤推薦：8.5小分 ▪ 經典賽即時新聞 ▪ 最新比分與完整賽程 ▪ 預賽分組戰績表 ▪ 經典賽專欄分析 經典賽WBC運彩                    世界棒球經典賽A組賽程進入第二天，義大利隊才首度亮相，今晚在洲際棒球場與古巴隊打得難分難捨，演出本屆經典賽首次突破僵局制...                                      B組南韓隊今天才出現姜白虎因慶祝離壘被觸殺，無獨有偶，世界棒球經典賽A組也差點上演相同悲劇，古巴隊阿魯巴耶納（Erisb...                                      世界棒球經典賽B組賽事今天在東京巨蛋開打，南韓、澳洲進行分組賽首戰，也是兩隊挑戰8強的關鍵戰役，南韓投手群無法抵擋澳洲長...                                      世界棒球經典賽B組於東京巨蛋開打，首戰南韓對戰澳洲，在七局下韓國落後一分時，姜白虎上場代打建功，卻因為慶祝動作離壘，最後被觸殺在二壘。南韓最後也以1分差落敗。姜白虎敲出安打後，在慶祝時右腳不慎                                      中華隊以慘敗在世界棒球經典賽開局，面臨更加崎嶇的晉級之路，今天由江少慶先發面對滿載大聯盟戰力的義大利隊，盤點兩隊今晚一戰...                                      中華隊昨晚在台中洲際棒球場對決巴拿馬，儘管中華隊在場上陷入大幅落後，觀眾仍持續熱情應援，這畫面也吸引美國記者注意，直呼不可思議。大聯盟官網記者摩納根（Matt Monagan）昨天也出現在比賽                  ,UDN
130,經典賽／「永遠忠誠」中華隊 張育成慘敗後喊話：下場贏回來,2023-03-09 10:47:00,運動,,https://udn.com/news/story/10785/7019346,世界棒球經典賽開打，昨（9）日中華隊首戰以5：12慘敗巴拿馬，不過中華隊唯一現役大聯盟選手、扛下四棒的張育成並沒有氣餒，在社群上喊話：「繼續加油，下場贏回來！」張育成昨日先發第四棒，5個打數中敲出2安打，打回中華隊第1分，後也跑回1分。賽後他在社群表示感謝各位球迷的支持，喊話下一場贏下來「We are the best」，Hashtag處也不忘調侃自己#敬禮、#永遠忠誠張育成。昨日中華隊敲出13支安打，僅比對手的14安少一支，但打擊無法有效串連，加上投手群共投出9個四死球，主動送上壘包，讓兩隊得分差來到7分，甚至差點被提前結束比賽，在現場滿場2萬球迷的見證，寫下「洲際慘案」。  ▪ 經典賽即時新聞 ▪ 最新比分與完整賽程 ▪ 預賽分組戰績表 ▪ 經典賽專欄分析 經典賽WBC中華隊                    世界棒球經典賽A組賽程進入第二天，義大利隊才首度亮相，今晚在洲際棒球場與古巴隊打得難分難捨，演出本屆經典賽首次突破僵局制...                                      B組南韓隊今天才出現姜白虎因慶祝離壘被觸殺，無獨有偶，世界棒球經典賽A組也差點上演相同悲劇，古巴隊阿魯巴耶納（Erisb...                                      世界棒球經典賽B組賽事今天在東京巨蛋開打，南韓、澳洲進行分組賽首戰，也是兩隊挑戰8強的關鍵戰役，南韓投手群無法抵擋澳洲長...                                      世界棒球經典賽B組於東京巨蛋開打，首戰南韓對戰澳洲，在七局下韓國落後一分時，姜白虎上場代打建功，卻因為慶祝動作離壘，最後被觸殺在二壘。南韓最後也以1分差落敗。姜白虎敲出安打後，在慶祝時右腳不慎                                      中華隊以慘敗在世界棒球經典賽開局，面臨更加崎嶇的晉級之路，今天由江少慶先發面對滿載大聯盟戰力的義大利隊，盤點兩隊今晚一戰...                                      中華隊昨晚在台中洲際棒球場對決巴拿馬，儘管中華隊在場上陷入大幅落後，觀眾仍持續熱情應援，這畫面也吸引美國記者注意，直呼不可思議。大聯盟官網記者摩納根（Matt Monagan）昨天也出現在比賽                  ,UDN
131,經典賽／李維拉一席話激勵巴拿馬 奪隊史首勝有神見證,2023-03-09 10:33:00,運動,,https://udn.com/news/story/10785/7019349,前洋基隊傳奇守護神李維拉受邀來台為世界棒球經典賽開球，巴拿馬出身的他賽前更特別到休息室激勵球員「我們必須贏下這場比賽」，巴拿馬隊昨晚也以12：5擊敗中華隊，李維拉親眼見證了巴拿馬隊史首勝。昨晚的中華隊與巴拿馬隊之戰，賽前由李維拉及副總統賴清德擔任開球嘉賓，開球捕手則是中華隊教練團的王建民及彭政閔，李維拉跟隨「睡魔降臨（Enter Sandman）」的音樂步入場中，這段畫面被國外媒體瘋傳，都很驚豔於看到這位守護神重現經典場面。Palabras de Mariano Rivera para el equipo Panameño antes de iniciar su primer juego del clásico mundial de béisbol. pic.twitter.com/vDaPgkeeCv根據巴拿馬媒體RPC TV報導，比賽開打之前，李維拉特別到巴拿馬隊的休息室，帶領球員禱告，勉勵他們打出好的球賽、拿出贏球欲望，「如果我們全力以赴，我們就能夠做到，信任上帝，將結果交給衪，今天我們必須贏下比賽。」巴拿馬前兩屆經典賽5戰皆墨，合計僅攻下7分，相隔14年再次重返經典賽會內賽，首戰就以14支安打猛攻12分，拿下隊史在經典賽的第一場勝利，巴拿馬球員心中的「神」李維拉也在場邊見證。 ▪ 經典賽即時新聞 ▪ 最新比分與完整賽程 ▪ 預賽分組戰績表 ▪ 經典賽專欄分析 經典賽WBC風雲                    世界棒球經典賽A組賽程進入第二天，義大利隊才首度亮相，今晚在洲際棒球場與古巴隊打得難分難捨，演出本屆經典賽首次突破僵局制...                                      B組南韓隊今天才出現姜白虎因慶祝離壘被觸殺，無獨有偶，世界棒球經典賽A組也差點上演相同悲劇，古巴隊阿魯巴耶納（Erisb...                                      世界棒球經典賽B組賽事今天在東京巨蛋開打，南韓、澳洲進行分組賽首戰，也是兩隊挑戰8強的關鍵戰役，南韓投手群無法抵擋澳洲長...                                      世界棒球經典賽B組於東京巨蛋開打，首戰南韓對戰澳洲，在七局下韓國落後一分時，姜白虎上場代打建功，卻因為慶祝動作離壘，最後被觸殺在二壘。南韓最後也以1分差落敗。姜白虎敲出安打後，在慶祝時右腳不慎                                      中華隊以慘敗在世界棒球經典賽開局，面臨更加崎嶇的晉級之路，今天由江少慶先發面對滿載大聯盟戰力的義大利隊，盤點兩隊今晚一戰...                                      中華隊昨晚在台中洲際棒球場對決巴拿馬，儘管中華隊在場上陷入大幅落後，觀眾仍持續熱情應援，這畫面也吸引美國記者注意，直呼不可思議。大聯盟官網記者摩納根（Matt Monagan）昨天也出現在比賽                  ,UDN
132,經典賽／日本推大谷戰中國 教頭栗山坦承有策略考量,2023-03-09 11:46:00,運動,,https://udn.com/news/story/10785/7019463,日本棒球明星大谷翔平在世界棒球經典賽（WBC）第一次亮相，將在台北時間9日日本預賽首場擔任對中國之戰的先發投手，日本總教練栗山英樹坦言有策略考量。外號日本武士、美日職棒頂尖球員組成的日本棒球國家隊9日在世界棒球經典賽首戰中國。中國隊由洋教練崔諾（Dean Treanor）領軍，成員大多來自國內業餘聯賽。栗山英樹8日宣布，大谷翔平將身兼投手與打擊者的「二刀流」角色出戰中國隊。外界好奇，用大聯盟頂尖投手對上業餘球員為主的中國隊，栗山有何考量。栗山英樹在記者會上回答，日本隊陣中有很多好投手，排上大谷翔平擔任第一場的先發投手，背後有很多策略上的考量，但他沒有辦法解釋太多。一般預料，日本是本屆賽會的奪冠熱門，教練團布局放眼冠軍戰。經典賽規定，投手一場比賽投超過50球，必須休息4天才能再上場。日本為了確保大谷翔平投完預賽之後，能在8強複賽再度登板，因此安排他首戰先發投球。栗山英樹宣告，這次帶領日本隊唯一目標就是冠軍。大谷翔平2013年在日本進入職業生涯，就是效力栗山英樹的麾下。栗山英樹一路看著大谷翔平的「二刀流」打法先後在日本、美國成功。栗山英樹說，大谷翔平是一個可以帶領球隊邁向勝利的球員，「二刀流」就是他貢獻球隊的最佳方法。大谷翔平曾經在2015年的世界12強賽代表日本，9日這一戰將是他第一次在世界棒球經典賽登場。本屆經典賽也是歷年來最多美國職棒大聯盟球星參賽的一屆，大谷翔平期待施展「二刀流」。大谷翔平說：「這就是我打球的方式，當球隊需要我這麼做的時候，我就會全力以赴。這場比賽只是一個起點。」中國首戰派出左投王翔對戰日本。王翔效力中國棒球聯賽的上海紅鷹隊，近幾年在全國錦標賽有奪牌成績。中國隊有職業經驗的球員不多，包括美國小聯盟12年經驗的華裔美籍內野手張寶樹（Ray Chang）、父親來自中國的日本職棒軟銀鷹退役外野手真砂勇介、韓國職棒KBO的華裔投手朱權、剛被美職天使隊簽進小聯盟的大學畢業投手卡特（Alan Carter）。 ▪ 經典賽即時新聞 ▪ 最新比分與完整賽程 ▪ 預賽分組戰績表 ▪ 經典賽專欄分析 經典賽WBC風雲                    世界棒球經典賽A組賽程進入第二天，義大利隊才首度亮相，今晚在洲際棒球場與古巴隊打得難分難捨，演出本屆經典賽首次突破僵局制...                                      B組南韓隊今天才出現姜白虎因慶祝離壘被觸殺，無獨有偶，世界棒球經典賽A組也差點上演相同悲劇，古巴隊阿魯巴耶納（Erisb...                                      世界棒球經典賽B組賽事今天在東京巨蛋開打，南韓、澳洲進行分組賽首戰，也是兩隊挑戰8強的關鍵戰役，南韓投手群無法抵擋澳洲長...                                      世界棒球經典賽B組於東京巨蛋開打，首戰南韓對戰澳洲，在七局下韓國落後一分時，姜白虎上場代打建功，卻因為慶祝動作離壘，最後被觸殺在二壘。南韓最後也以1分差落敗。姜白虎敲出安打後，在慶祝時右腳不慎                                      中華隊以慘敗在世界棒球經典賽開局，面臨更加崎嶇的晉級之路，今天由江少慶先發面對滿載大聯盟戰力的義大利隊，盤點兩隊今晚一戰...                                      中華隊昨晚在台中洲際棒球場對決巴拿馬，儘管中華隊在場上陷入大幅落後，觀眾仍持續熱情應援，這畫面也吸引美國記者注意，直呼不可思議。大聯盟官網記者摩納根（Matt Monagan）昨天也出現在比賽                  ,UDN
133,經典賽／大陸推19歲左投王翔先發 官網形容團隊戰力難料,2023-03-09 11:27:00,運動,,https://udn.com/news/story/10785/7019475,日本今晚將在世界棒球經典賽B組亮相，以地主身分在東京巨蛋和中國大陸交手，超級球星大谷翔平擔任首戰先發投手，大陸推出19歲左投王翔應戰，擁有華裔血統、生於新加坡的卡特（Alan Carter）待命後援。日本是經典賽唯一連續4屆打進4強的球隊，今年將挑戰隊史第3座冠軍，中日龍隊前監督、資深球評谷繁元信早在1月底就提出見解，預測大谷翔平對決大陸，日本監督栗山英樹最後也是如此安排。日本由超級球星大谷翔平擔任首戰先發投手。 法新社日本將在B組依序和大陸、南韓、捷克、澳洲交手，谷繁當初分析大谷首戰登板，主要是教練團考量整個賽程，到了八強賽更是非贏不可的比賽，大谷、達比修有前兩戰首次投球，至少可休5天再登板，兩人接力可讓投手群戰力發揮最大效果，拚到冠軍戰還可再投。王翔隸屬上海紅鷹隊，身高187公分、體重66公斤，今晚將面對以左打為主的日本打線，卡特是天使隊小聯盟球員，最快球速159公里。大陸在2017年經典賽和古巴、澳洲、日本同組，分別以0：6、0：11、1：7落敗，分組賽3戰1：24打包，唯一打點是前小聯盟好手張寶樹貢獻，今年已經39歲，將是第4次參加經典賽。大聯盟官網指出，大陸大部分球員都來自國內棒球協會，很難預測團隊實力。 ▪ 經典賽即時新聞 ▪ 最新比分與完整賽程 ▪ 預賽分組戰績表 ▪ 經典賽專欄分析 經典賽WBC風雲                    世界棒球經典賽A組賽程進入第二天，義大利隊才首度亮相，今晚在洲際棒球場與古巴隊打得難分難捨，演出本屆經典賽首次突破僵局制...                                      B組南韓隊今天才出現姜白虎因慶祝離壘被觸殺，無獨有偶，世界棒球經典賽A組也差點上演相同悲劇，古巴隊阿魯巴耶納（Erisb...                                      世界棒球經典賽B組賽事今天在東京巨蛋開打，南韓、澳洲進行分組賽首戰，也是兩隊挑戰8強的關鍵戰役，南韓投手群無法抵擋澳洲長...                                      世界棒球經典賽B組於東京巨蛋開打，首戰南韓對戰澳洲，在七局下韓國落後一分時，姜白虎上場代打建功，卻因為慶祝動作離壘，最後被觸殺在二壘。南韓最後也以1分差落敗。姜白虎敲出安打後，在慶祝時右腳不慎                                      中華隊以慘敗在世界棒球經典賽開局，面臨更加崎嶇的晉級之路，今天由江少慶先發面對滿載大聯盟戰力的義大利隊，盤點兩隊今晚一戰...                                      中華隊昨晚在台中洲際棒球場對決巴拿馬，儘管中華隊在場上陷入大幅落後，觀眾仍持續熱情應援，這畫面也吸引美國記者注意，直呼不可思議。大聯盟官網記者摩納根（Matt Monagan）昨天也出現在比賽                  ,UDN
134,經典賽／李維拉、王建民搭檔開球 美網友：兩位洋基傳奇,2023-03-09 11:37:00,運動,,https://udn.com/news/story/10785/7019482,"世界棒球經典賽昨（9）日開打，中華隊與巴拿馬之戰邀請到大聯盟名人堂傳奇守護神李維拉（Mariano Rivera）開球，接球捕手正好就是李維拉洋基同期隊友「台灣之光」王建民，而這樣的夢幻組合引發網友熱議。昨日李維拉登場前，洲際棒球場特地放起他的出場音樂「睡魔降臨」，這段開球影片也被美媒轉發，看到接球捕手是王建民後，引發網友留言「兩位洋基傳奇」，還有網友認為若是當時有DH制，王建民有可能入選名人堂。李維拉在大聯盟累積652次救援成功，至今無人可望超越，2019年以100％的得票率全票通過入選名人堂。而他和王建民2005到2009年一同效力洋基，此次來台開球，兩人也特別找時間敘舊。Mariano Rivera, Nasty Cutter (home plate view). ? pic.twitter.com/U5x33s4BFw ▪ 經典賽即時新聞 ▪ 最新比分與完整賽程 ▪ 預賽分組戰績表 ▪ 經典賽專欄分析 經典賽WBC中華隊                    世界棒球經典賽A組賽程進入第二天，義大利隊才首度亮相，今晚在洲際棒球場與古巴隊打得難分難捨，演出本屆經典賽首次突破僵局制...                                      B組南韓隊今天才出現姜白虎因慶祝離壘被觸殺，無獨有偶，世界棒球經典賽A組也差點上演相同悲劇，古巴隊阿魯巴耶納（Erisb...                                      世界棒球經典賽B組賽事今天在東京巨蛋開打，南韓、澳洲進行分組賽首戰，也是兩隊挑戰8強的關鍵戰役，南韓投手群無法抵擋澳洲長...                                      世界棒球經典賽B組於東京巨蛋開打，首戰南韓對戰澳洲，在七局下韓國落後一分時，姜白虎上場代打建功，卻因為慶祝動作離壘，最後被觸殺在二壘。南韓最後也以1分差落敗。姜白虎敲出安打後，在慶祝時右腳不慎                                      中華隊以慘敗在世界棒球經典賽開局，面臨更加崎嶇的晉級之路，今天由江少慶先發面對滿載大聯盟戰力的義大利隊，盤點兩隊今晚一戰...                                      中華隊昨晚在台中洲際棒球場對決巴拿馬，儘管中華隊在場上陷入大幅落後，觀眾仍持續熱情應援，這畫面也吸引美國記者注意，直呼不可思議。大聯盟官網記者摩納根（Matt Monagan）昨天也出現在比賽                  ",UDN
135,經典賽／巨人教頭看到「神鱒」變球迷 認證楚奧特史上最強,2023-03-09 12:24:00,運動,,https://udn.com/news/story/10785/7019694,美國隊備戰12日開打的世界棒球經典賽C組賽事，今天在亞歷桑納州對巨人隊進行官辦熱身賽，巨人總教練凱普勒（Gabe Kapler）變成球迷，對這支挑戰經典賽2連霸的國家隊充滿好奇，看到先發打線笑說：「這太荒謬、太有趣了。」天使隊球星「神鱒」楚奧特（Mike Trout）6年前未打經典賽，為了不再後悔，今年不但首次披上美國球衣，還扛起隊長重任，凱普勒形容他是史上最佳球員，從一個棒球迷的角度，近距離看他會有一種快感。美國今天熱身賽排出的先發打線，合計在大聯盟明星賽出賽40次、有30次銀棒獎和5次MVP，就連第9棒麥尼爾（Jeff McNeil）都是去年國聯打擊王，凱普勒形容，這份名單比很多明星賽陣容更好。楚奧特曾在2014、16、19年拿過美聯MVP，這次經典賽無疑是美國攻擊重心，凱普勒說：「我認為我們看到有史以來最好的球員，不管春訓或球季賽，總是很高興能參與其中，可以看他一眼。」本屆經典賽最熱門奪冠3隊是多明尼加、美國、日本，尤其多明尼加最近看好度躍居榜首，美國暌違6年再爭冠壓力不小。 ▪ 經典賽即時新聞 ▪ 最新比分與完整賽程 ▪ 預賽分組戰績表 ▪ 經典賽專欄分析 經典賽WBC風雲                    世界棒球經典賽A組賽程進入第二天，義大利隊才首度亮相，今晚在洲際棒球場與古巴隊打得難分難捨，演出本屆經典賽首次突破僵局制...                                      B組南韓隊今天才出現姜白虎因慶祝離壘被觸殺，無獨有偶，世界棒球經典賽A組也差點上演相同悲劇，古巴隊阿魯巴耶納（Erisb...                                      世界棒球經典賽B組賽事今天在東京巨蛋開打，南韓、澳洲進行分組賽首戰，也是兩隊挑戰8強的關鍵戰役，南韓投手群無法抵擋澳洲長...                                      世界棒球經典賽B組於東京巨蛋開打，首戰南韓對戰澳洲，在七局下韓國落後一分時，姜白虎上場代打建功，卻因為慶祝動作離壘，最後被觸殺在二壘。南韓最後也以1分差落敗。姜白虎敲出安打後，在慶祝時右腳不慎                                      中華隊以慘敗在世界棒球經典賽開局，面臨更加崎嶇的晉級之路，今天由江少慶先發面對滿載大聯盟戰力的義大利隊，盤點兩隊今晚一戰...                                      中華隊昨晚在台中洲際棒球場對決巴拿馬，儘管中華隊在場上陷入大幅落後，觀眾仍持續熱情應援，這畫面也吸引美國記者注意，直呼不可思議。大聯盟官網記者摩納根（Matt Monagan）昨天也出現在比賽                  ,UDN
136,經典賽／死亡D組好強！ 尼加拉瓜炸裂薛則、還完封大都會,2023-03-09 12:57:00,運動,,https://udn.com/news/story/10785/7019763,世界棒球經典賽D組賽事即將在11日開打，稍早尼加拉瓜與大都會進行官辦熱身賽，大都會派出當家王牌薛則（Max Scherzer）先發，大都會打擊熄火，全場僅敲出1支安打，最後以2:0不敵尼加拉瓜。本場比賽薛則3局投出9次三振，在第二局被敲出一發陽春全壘打，四局時留下一個保送後退場，最後掉2分都是自責分。賽後薛則表示當天滑球這狀況不太好，「春訓什麼奇怪的事都可能發生」薛則說。真正令人憂心的是大都會的打線，陣中有5位好手代表國家參加經典賽缺席春訓的情況下，大都會直到七局，才由莫里西奧（Ronny Mauricio）敲出全場唯一安打。根據《ESPN》預測排名，尼加拉瓜本屆實力在20隊中被預測為第17名，是所屬D小組中的最後一名，由於同組有波多黎各、委內瑞拉與多明尼加三大奪冠熱門，也被視為死亡之組。尼加拉瓜即將11日率先對上波多黎各，接下來是以色列、多明尼加、委瑞內拉、波多黎各。 ▪ 經典賽即時新聞 ▪ 最新比分與完整賽程 ▪ 預賽分組戰績表 ▪ 經典賽專欄分析 經典賽WBC風雲                    世界棒球經典賽A組賽程進入第二天，義大利隊才首度亮相，今晚在洲際棒球場與古巴隊打得難分難捨，演出本屆經典賽首次突破僵局制...                                      B組南韓隊今天才出現姜白虎因慶祝離壘被觸殺，無獨有偶，世界棒球經典賽A組也差點上演相同悲劇，古巴隊阿魯巴耶納（Erisb...                                      世界棒球經典賽B組賽事今天在東京巨蛋開打，南韓、澳洲進行分組賽首戰，也是兩隊挑戰8強的關鍵戰役，南韓投手群無法抵擋澳洲長...                                      世界棒球經典賽B組於東京巨蛋開打，首戰南韓對戰澳洲，在七局下韓國落後一分時，姜白虎上場代打建功，卻因為慶祝動作離壘，最後被觸殺在二壘。南韓最後也以1分差落敗。姜白虎敲出安打後，在慶祝時右腳不慎                                      中華隊以慘敗在世界棒球經典賽開局，面臨更加崎嶇的晉級之路，今天由江少慶先發面對滿載大聯盟戰力的義大利隊，盤點兩隊今晚一戰...                                      中華隊昨晚在台中洲際棒球場對決巴拿馬，儘管中華隊在場上陷入大幅落後，觀眾仍持續熱情應援，這畫面也吸引美國記者注意，直呼不可思議。大聯盟官網記者摩納根（Matt Monagan）昨天也出現在比賽                  ,UDN
137,經典運彩／中國只求咬住日本比分 推薦國際盤13小分,2023-03-09 13:22:00,運動,,https://udn.com/news/story/10785/7019847,【文／運彩貓堯舜魚湯】比賽時間: 3/9 18:00中國與日本，對於彼此應該都不算陌生，畢竟近兩屆經典賽都被分到同組，也都由日本帶走勝利，中國看來拿日本實在沒轍。本場賽事由中國隊先攻，地主日本隊後攻，目前只有日本公布先發投手，派出二刀流巨星大谷翔平，去年在MLB天使隊大放異彩，投手方面繳出15勝9敗ERA 2.33的成績，打者方面則是有34支全壘打、95分打點的表現，投打皆十分出色。中國隊原推測會由天使小聯盟的Alan Carter先發，但最終派出19歲左投王翔擔任奇兵，上演翔翔對決，王翔來自上海紅鷹，近期出賽表現中規中矩，共中繼3局失1分。不管是投打戰力、經驗，還有場地加成，日本總體還是優於中國不少，然觀察近年兩隊交手紀錄，中國隊雖然打擊受限於日本強大的投手群，卻仍可咬住比分不至於被提前扣倒，且這場盤口開到13分，算是蠻大，若中國能繼續保持之前的表現，有機會上演投手戰。運彩推薦：未開盤國際盤推薦：13+75 小分 ▪ 經典賽即時新聞 ▪ 最新比分與完整賽程 ▪ 預賽分組戰績表 ▪ 經典賽專欄分析 經典賽WBC運彩                    世界棒球經典賽A組賽程進入第二天，義大利隊才首度亮相，今晚在洲際棒球場與古巴隊打得難分難捨，演出本屆經典賽首次突破僵局制...                                      B組南韓隊今天才出現姜白虎因慶祝離壘被觸殺，無獨有偶，世界棒球經典賽A組也差點上演相同悲劇，古巴隊阿魯巴耶納（Erisb...                                      世界棒球經典賽B組賽事今天在東京巨蛋開打，南韓、澳洲進行分組賽首戰，也是兩隊挑戰8強的關鍵戰役，南韓投手群無法抵擋澳洲長...                                      世界棒球經典賽B組於東京巨蛋開打，首戰南韓對戰澳洲，在七局下韓國落後一分時，姜白虎上場代打建功，卻因為慶祝動作離壘，最後被觸殺在二壘。南韓最後也以1分差落敗。姜白虎敲出安打後，在慶祝時右腳不慎                                      中華隊以慘敗在世界棒球經典賽開局，面臨更加崎嶇的晉級之路，今天由江少慶先發面對滿載大聯盟戰力的義大利隊，盤點兩隊今晚一戰...                                      中華隊昨晚在台中洲際棒球場對決巴拿馬，儘管中華隊在場上陷入大幅落後，觀眾仍持續熱情應援，這畫面也吸引美國記者注意，直呼不可思議。大聯盟官網記者摩納根（Matt Monagan）昨天也出現在比賽                  ,UDN
138,經典運彩／投打戰力不輸古巴 看好「美國二隊」義大利勝出,2023-03-09 13:59:00,運動,,https://udn.com/news/story/10785/7019982,"【文／運彩貓小亨利】比賽時間: 3/9 19:00經典賽不能小看義大利，只要有一點血統就能代表義大利出賽，也讓這隻隊伍算得上美國二隊了，本場義大利應該是派出「黑暗騎士」哈維(Matt Harvey)作為先發，雖然已經好幾年稱不上大聯盟平均以上的選手了，但要壓制3A以下的層級對他並不難，義大利的投手陣容相當堅強，去年在3A層級以上的投手就有十位，雖然外野陣容以小聯盟為主，但內野光二游都是大聯盟平均以上的選手，整體戰力完全不會輸給古巴。古巴昨日在面對荷蘭第一局滿壘沒得下任何分數對士氣實在太傷，陣中兩位前軟銀隊球員Gracial和Despaigne也都沒先發讓火力遜色不少。比後援也許兩隊相差不大，但先發跟打線義大利不會輸給古巴,，本場比賽推薦義大利勝出。運彩推薦：義大利+1.5 受讓國際盤推薦：義大利受讓1-50 ▪ 經典賽即時新聞 ▪ 最新比分與完整賽程 ▪ 預賽分組戰績表 ▪ 經典賽專欄分析 經典賽WBC運彩                    中華隊以慘敗在世界棒球經典賽開局，面臨更加崎嶇的晉級之路，今天由江少慶先發面對滿載大聯盟戰力的義大利隊，盤點兩隊今晚一戰...                                      中華隊WBC首戰敗給巴拿馬，吞下跨屆7連敗，今晚7點將對決義大利，中華隊推出效力中職富邦悍將的江少慶先發，台灣運彩賠率較看好義大利能獲勝，不讓分賠率1.45。此役中華隊推出江少慶先發，他去年在                                      輸球的隔天，中華隊移師台體大棒球場練習，吉力吉撈・鞏冠帶著隨身音響、放送音樂高調進場，不希望隊友沉浸在輸給巴拿馬隊的低氣...                                      中華隊經典賽首戰以5：12不敵巴拿馬，賽後受到國內大量球迷指責，韓國媒體《MHNSPORTS》也撰文報導，點出中華隊輸球的關鍵。《MHNSPORTS》認為巴拿馬隊擁有大聯盟球員，中華隊則以旅日                                      中國大陸隊昨日在經典賽首戰以1：8不敵日本，不過球員的表現受球迷稱讚，原因是竟有球員能從大谷翔平手中敲安，6局上開路先鋒梁培從日職三振王手中轟出全壘打，再度驚豔球迷，雖然在第8局崩盤輸球，但仍受到網友                                      中國隊昨天不敵投打皆發威的大谷翔平，以1：8不敵日本，賽後中國總教練崔諾（Dean Treanor）也再次讚嘆大谷翔平。崔諾賽前曾表示：「希望大谷翔平來球場時、巴士或計程車可晚點到」，這番言論                  ",UDN
139,經典賽／中華隊大幅落後球迷仍賣力加油 美記者：不可思議,2023-03-09 14:08:00,運動,,https://udn.com/news/story/10785/7019996,"中華隊昨晚在台中洲際棒球場對決巴拿馬，儘管中華隊在場上陷入大幅落後，觀眾仍持續熱情應援，這畫面也吸引美國記者注意，直呼不可思議。大聯盟官網記者摩納根（Matt Monagan）昨天也出現在比賽現場，他在社群發布一段影片並寫道，「中華隊9局4：12落後，但球迷仍站起來加油、跳舞和唱歌，真不可思議！」Chinese Taipei is currently down 12-4 in the ninth inning. Fans still standing, cheering, dancing, singing. Incredible pic.twitter.com/RQOpLJuVEl除了摩納根外，大都會隊記者邁耶爾（Michael Mayer）也關注到這場比賽，除了驚訝前大都會選手塔哈達（Ruben Tejada）為巴拿馬效力外，還關注到啦啦隊帶領觀眾應援，「氣氛很瘋狂，這太有趣了！」世界棒球經典賽在台中洲際棒球場舉行開幕戰，由中華隊對決巴拿馬，球迷熱情加油為中華隊打氣。 記者黃仲裕／攝影世界棒球經典賽昨天在台中洲際棒球場舉行開幕戰，由中華隊對決巴拿馬，球迷在場內開心揮舞國旗。 記者黃仲裕／攝影 ▪ 經典賽即時新聞 ▪ 最新比分與完整賽程 ▪ 預賽分組戰績表 ▪ 經典賽專欄分析 經典賽WBC中華隊                    中華隊以慘敗在世界棒球經典賽開局，面臨更加崎嶇的晉級之路，今天由江少慶先發面對滿載大聯盟戰力的義大利隊，盤點兩隊今晚一戰...                                      中華隊WBC首戰敗給巴拿馬，吞下跨屆7連敗，今晚7點將對決義大利，中華隊推出效力中職富邦悍將的江少慶先發，台灣運彩賠率較看好義大利能獲勝，不讓分賠率1.45。此役中華隊推出江少慶先發，他去年在                                      輸球的隔天，中華隊移師台體大棒球場練習，吉力吉撈・鞏冠帶著隨身音響、放送音樂高調進場，不希望隊友沉浸在輸給巴拿馬隊的低氣...                                      中華隊經典賽首戰以5：12不敵巴拿馬，賽後受到國內大量球迷指責，韓國媒體《MHNSPORTS》也撰文報導，點出中華隊輸球的關鍵。《MHNSPORTS》認為巴拿馬隊擁有大聯盟球員，中華隊則以旅日                                      中國大陸隊昨日在經典賽首戰以1：8不敵日本，不過球員的表現受球迷稱讚，原因是竟有球員能從大谷翔平手中敲安，6局上開路先鋒梁培從日職三振王手中轟出全壘打，再度驚豔球迷，雖然在第8局崩盤輸球，但仍受到網友                                      中國隊昨天不敵投打皆發威的大谷翔平，以1：8不敵日本，賽後中國總教練崔諾（Dean Treanor）也再次讚嘆大谷翔平。崔諾賽前曾表示：「希望大谷翔平來球場時、巴士或計程車可晚點到」，這番言論                  ",UDN
140,經典賽／典藏‧姜白虎！上壘慶祝太嗨出局 U18中華隊也有過,2023-03-09 15:06:00,運動,,https://udn.com/news/story/10785/7020177,世界棒球經典賽B組於東京巨蛋開打，首戰南韓對戰澳洲，在七局下韓國落後一分時，姜白虎上場代打建功，卻因為慶祝動作離壘，最後被觸殺在二壘。南韓最後也以1分差落敗。姜白虎敲出安打後，在慶祝時右腳不慎離開壘包，這時澳洲二壘手反應相當迅速，冷不防向前觸殺，經過輔助判決後確定代表追平分的姜白虎出局。澳洲最後以8：7一分擊敗南韓，這1分顯得更加巨大。WOW. Baekho Kang comes off the bag while celebrating and is ruled out ??: FS1 and the FOX Sports App pic.twitter.com/yMng10cysKPTT網友也立即發了一篇「典藏‧姜白虎」的貼文，嘲諷他「樂極生悲」的舉動，和YT上紅極一時的中職球員謎因影片「典藏‧朱鴻森」(收錄朱佬生涯烏龍Play影片合輯)做對比，網友也紛紛留言，「內容太少了 我們朱佬可是大合輯」、「韓國櫻木花道」、「國際級的典藏」、「笑死，還以為在看中職」。其實中華隊曾經也曾經發生過類似事件，2013年U18世界盃棒球賽複賽時，中華隊對戰美國，外野手尹德融敲出帶有1分打點的二壘安打，幫助球隊4：2擴大領先，但跑到二壘慶祝時，不慎沒站穩離開壘包，被觸殺出局，這場比賽終場以5：7落敗。 ▪ 經典賽即時新聞 ▪ 最新比分與完整賽程 ▪ 預賽分組戰績表 ▪ 經典賽專欄分析 經典賽WBC風雲                    中華隊以慘敗在世界棒球經典賽開局，面臨更加崎嶇的晉級之路，今天由江少慶先發面對滿載大聯盟戰力的義大利隊，盤點兩隊今晚一戰...                                      中華隊WBC首戰敗給巴拿馬，吞下跨屆7連敗，今晚7點將對決義大利，中華隊推出效力中職富邦悍將的江少慶先發，台灣運彩賠率較看好義大利能獲勝，不讓分賠率1.45。此役中華隊推出江少慶先發，他去年在                                      輸球的隔天，中華隊移師台體大棒球場練習，吉力吉撈・鞏冠帶著隨身音響、放送音樂高調進場，不希望隊友沉浸在輸給巴拿馬隊的低氣...                                      中華隊經典賽首戰以5：12不敵巴拿馬，賽後受到國內大量球迷指責，韓國媒體《MHNSPORTS》也撰文報導，點出中華隊輸球的關鍵。《MHNSPORTS》認為巴拿馬隊擁有大聯盟球員，中華隊則以旅日                                      中國大陸隊昨日在經典賽首戰以1：8不敵日本，不過球員的表現受球迷稱讚，原因是竟有球員能從大谷翔平手中敲安，6局上開路先鋒梁培從日職三振王手中轟出全壘打，再度驚豔球迷，雖然在第8局崩盤輸球，但仍受到網友                                      中國隊昨天不敵投打皆發威的大谷翔平，以1：8不敵日本，賽後中國總教練崔諾（Dean Treanor）也再次讚嘆大谷翔平。崔諾賽前曾表示：「希望大谷翔平來球場時、巴士或計程車可晚點到」，這番言論                  ,UDN
141,經典賽／爆冷！ 南韓首戰遭澳洲3轟擊垮 拚8強陷重大危機,2023-03-09 15:08:00,運動,,https://udn.com/news/story/10785/7020234,世界棒球經典賽B組賽事今天在東京巨蛋開打，南韓、澳洲進行分組賽首戰，也是兩隊挑戰8強的關鍵戰役，南韓投手群無法抵擋澳洲長程砲，被轟出3支全壘打種下敗因，終場以7：8落敗，邁向8強之路充滿危機。南韓推出效力韓職KT巫師隊的31歲右投高永表先發，前3局讓澳洲打線掛零，4局上面對首名打者喬治（Darryl George）投出觸身球，接著懷特菲爾德（Aaron Whitefield）短打形成內野安打，溫葛洛夫（Rixon Wingrove）再獲保送形成滿壘，下一棒韋德（Logan Wade）高飛犧牲打攻下全場第1分。高永表面臨繼續失分的危機，還好穩住陣腳，讓柏金斯（Robbie Perkins）揮出雙殺打，化解澳洲攻勢。但高永表投到5局上1出局，再遭澳洲開路先鋒甘納利（Tim Kennelly）轟出中左外野方向陽春砲，先發4.1局失分退場。南韓前4局無法破蛋，都是3上3下局面，直到5局下1出局，開賽連續13人次遭解決後，終於從澳洲第2任投手紐柏恩（Mitch Neunborn）的手中展開反撲，金賢洙獲保送、朴健祐安打形成一、二壘有人。澳洲換上第3任投手麥葛瑞斯（Daniel McGrath），雖然三振首名打者崔廷，但遭梁義智轟出左外野3分砲，南韓反以3：2領先。南韓6局下兩出局後，再靠李政厚安打、朴炳鎬二壘打攻下1分，比數變成4：2。不料南韓牛棚7局上出問題，蘇珩準對柏金斯投出觸身球、遭波賈斯基（Ulrich Bojarski）安打，金元中接替投球，再被葛蘭丁寧（Robbie Glendinning）轟出左外野3分砲重創，讓澳洲5：4超前。南韓投手群問題不斷，金元中8局上三振懷特菲爾德後退場，換上梁玹種把場面弄得更糟，溫葛洛夫安打、韋德二壘打形成二、三壘有人，接著柏金斯轟出左外野3分砲，澳洲拉大到8：4。南韓8局下一度出現轉機，澳洲3名後援投手送出6次四死球（1次觸身球），加上金賢洙、吳智煥內野滾地球攻下打點，全隊未有安打就扳回3分，不過羅成範在滿壘時吞下三振，結束這半局攻勢，終場1分之差落敗。南韓全場動用7名投手，一共被揮出10支安打，梁玹種面對3名打者被連揮3安，只投7球就退場，投球內容是投手群最慘。這場比賽對南韓是重傷害，明天第2戰對決日本已經沒有輸球本錢，尤其日本推出達比修有登板先發，南韓打線壓力很大。 ▪ 經典賽即時新聞 ▪ 最新比分與完整賽程 ▪ 預賽分組戰績表 ▪ 經典賽專欄分析 經典賽WBC風雲                    中華隊以慘敗在世界棒球經典賽開局，面臨更加崎嶇的晉級之路，今天由江少慶先發面對滿載大聯盟戰力的義大利隊，盤點兩隊今晚一戰...                                      中華隊WBC首戰敗給巴拿馬，吞下跨屆7連敗，今晚7點將對決義大利，中華隊推出效力中職富邦悍將的江少慶先發，台灣運彩賠率較看好義大利能獲勝，不讓分賠率1.45。此役中華隊推出江少慶先發，他去年在                                      輸球的隔天，中華隊移師台體大棒球場練習，吉力吉撈・鞏冠帶著隨身音響、放送音樂高調進場，不希望隊友沉浸在輸給巴拿馬隊的低氣...                                      中華隊經典賽首戰以5：12不敵巴拿馬，賽後受到國內大量球迷指責，韓國媒體《MHNSPORTS》也撰文報導，點出中華隊輸球的關鍵。《MHNSPORTS》認為巴拿馬隊擁有大聯盟球員，中華隊則以旅日                                      中國大陸隊昨日在經典賽首戰以1：8不敵日本，不過球員的表現受球迷稱讚，原因是竟有球員能從大谷翔平手中敲安，6局上開路先鋒梁培從日職三振王手中轟出全壘打，再度驚豔球迷，雖然在第8局崩盤輸球，但仍受到網友                                      中國隊昨天不敵投打皆發威的大谷翔平，以1：8不敵日本，賽後中國總教練崔諾（Dean Treanor）也再次讚嘆大谷翔平。崔諾賽前曾表示：「希望大谷翔平來球場時、巴士或計程車可晚點到」，這番言論                  ,UDN
142,經典賽／關鍵時刻3支0球迷喊快醒來日媒：大王怎麼了？,2023-03-09 15:45:00,運動,,https://udn.com/news/story/10785/7020352,中華隊首戰以5：12慘敗巴拿馬，其中旅日好手「大王」王柏融3打數0安打，關鍵時刻手軟，最後被換代打，日媒《東京體育》報導直接以「王柏融怎麼了？」為題。王柏融昨日先發第六棒，第一次上打擊區時就遇到滿壘情況，最後打出一壘方向滾地球，成為第三出局數。第二打席界外飛球遭到接殺，不過前一棒的吳念庭敲出右外野安打、下一棒的江坤宇也敲安，打擊無法串聯。第三次上場打擊時，一二壘有人兩出局，王柏融敲出右外野飛球遭接殺，也無緣建功。到了第四輪打擊改換上代打陳晨威，並敲出一支內野安打。日媒提到，在日本的社群媒體上也出現「大王怎麼了？」，他個人的Instagram也有球迷留言「該醒醒了」。日媒最後也提到同樣效力日職的吳念庭，吳念庭昨日3打數3安打，包含1發全壘打，打回2分打點。 ▪ 經典賽即時新聞 ▪ 最新比分與完整賽程 ▪ 預賽分組戰績表 ▪ 經典賽專欄分析 經典賽WBC中華隊                    中華隊以慘敗在世界棒球經典賽開局，面臨更加崎嶇的晉級之路，今天由江少慶先發面對滿載大聯盟戰力的義大利隊，盤點兩隊今晚一戰...                                      中華隊WBC首戰敗給巴拿馬，吞下跨屆7連敗，今晚7點將對決義大利，中華隊推出效力中職富邦悍將的江少慶先發，台灣運彩賠率較看好義大利能獲勝，不讓分賠率1.45。此役中華隊推出江少慶先發，他去年在                                      輸球的隔天，中華隊移師台體大棒球場練習，吉力吉撈・鞏冠帶著隨身音響、放送音樂高調進場，不希望隊友沉浸在輸給巴拿馬隊的低氣...                                      中華隊經典賽首戰以5：12不敵巴拿馬，賽後受到國內大量球迷指責，韓國媒體《MHNSPORTS》也撰文報導，點出中華隊輸球的關鍵。《MHNSPORTS》認為巴拿馬隊擁有大聯盟球員，中華隊則以旅日                                      中國大陸隊昨日在經典賽首戰以1：8不敵日本，不過球員的表現受球迷稱讚，原因是竟有球員能從大谷翔平手中敲安，6局上開路先鋒梁培從日職三振王手中轟出全壘打，再度驚豔球迷，雖然在第8局崩盤輸球，但仍受到網友                                      中國隊昨天不敵投打皆發威的大谷翔平，以1：8不敵日本，賽後中國總教練崔諾（Dean Treanor）也再次讚嘆大谷翔平。崔諾賽前曾表示：「希望大谷翔平來球場時、巴士或計程車可晚點到」，這番言論                  ,UDN
143,經典賽／波賈茲、普洛法開轟 荷蘭收拾巴拿馬奪2連勝,2023-03-09 15:47:00,運動,,https://udn.com/news/story/10785/7020375,世界棒球經典賽A組第2天賽事，荷蘭球星波賈茲（Xander Bogaerts）、普洛法（Jurickson Profar）對巴拿馬之戰先後轟出陽春砲，終場以3：1獲勝，成為本屆賽事首支2連勝的球隊。巴拿馬昨晚以12：5擊敗中華隊，奪下隊史在經典賽首勝，全隊短暫休息後，今天中午對戰荷蘭，3局下被波賈茲轟出陽春砲後，就一路落後到比賽結束。荷蘭看板球星波賈茲4打數3安打，3局下砲轟巴拿馬先發投手巴雷亞（Jaime Barria），個人在本屆賽事首轟攻下勝利打點；開路先鋒普洛法5局下也從葛雷諾（Alberto Guerrero）的手中開轟，3打數2安打，同樣首轟出爐。巴拿馬打完前5局0：2落後，6局上靠3支安打扳回一城，不過8局下被揮出2安，加上投手暴投再失1分，終場以兩分之差落敗。荷蘭今天推出前統一獅隊洋投馬帝斯（Shairon Martis）登板先發，投3.1局被揮出3支安打，投出4次三振，成為勝利投手；巴雷亞投2.2局，被揮出4支安打，失1分吞敗。 ▪ 經典賽即時新聞 ▪ 最新比分與完整賽程 ▪ 預賽分組戰績表 ▪ 經典賽專欄分析 經典賽WBC風雲                    中華隊以慘敗在世界棒球經典賽開局，面臨更加崎嶇的晉級之路，今天由江少慶先發面對滿載大聯盟戰力的義大利隊，盤點兩隊今晚一戰...                                      中華隊WBC首戰敗給巴拿馬，吞下跨屆7連敗，今晚7點將對決義大利，中華隊推出效力中職富邦悍將的江少慶先發，台灣運彩賠率較看好義大利能獲勝，不讓分賠率1.45。此役中華隊推出江少慶先發，他去年在                                      輸球的隔天，中華隊移師台體大棒球場練習，吉力吉撈・鞏冠帶著隨身音響、放送音樂高調進場，不希望隊友沉浸在輸給巴拿馬隊的低氣...                                      中華隊經典賽首戰以5：12不敵巴拿馬，賽後受到國內大量球迷指責，韓國媒體《MHNSPORTS》也撰文報導，點出中華隊輸球的關鍵。《MHNSPORTS》認為巴拿馬隊擁有大聯盟球員，中華隊則以旅日                                      中國大陸隊昨日在經典賽首戰以1：8不敵日本，不過球員的表現受球迷稱讚，原因是竟有球員能從大谷翔平手中敲安，6局上開路先鋒梁培從日職三振王手中轟出全壘打，再度驚豔球迷，雖然在第8局崩盤輸球，但仍受到網友                                      中國隊昨天不敵投打皆發威的大谷翔平，以1：8不敵日本，賽後中國總教練崔諾（Dean Treanor）也再次讚嘆大谷翔平。崔諾賽前曾表示：「希望大谷翔平來球場時、巴士或計程車可晚點到」，這番言論                  ,UDN
144,經典賽／南韓球員離壘慶祝被觸殺 韓媒痛批荒唐,2023-03-09 16:53:00,運動,,https://udn.com/news/story/10785/7020415,世界棒球經典賽（WBC）B組賽程開打，韓國隊遭澳洲2發3分全壘打重擊，終場7比8爆冷輸球；韓國隊姜白虎代打建功卻離壘做慶祝動作被觸殺，韓媒以「荒唐」痛批。B組參賽隊伍包含日本、韓國、澳洲、中國、捷克，取前兩名晉級，韓澳之戰彼此都視為最關鍵之戰，韓國輸球後遇上日本有輸不得壓力，晉級之路堪慮。法新社報導，澳洲隊今天在東京巨蛋火力凶猛，肯納利（Tim Kennelly）5局上陽春砲、格倫汀寧（Robbie Glendinning）、柏金斯（Robbie Perkins）7局上與8局上各敲一支3分砲，打爆韓國牛棚。WOW. Baekho Kang comes off the bag while celebrating and is ruled out ??: FS1 and the FOX Sports App pic.twitter.com/yMng10cysK澳洲過去4次參加經典賽從沒打進過第2輪，今天打敗韓國晉級後勢看漲。陣中擁有大谷翔平、達比修有及日職頂尖球星的日本被視為B組龍頭大熱門。澳洲4局與5局上各得1分，韓國5局下靠捕手梁義智3分砲反超，6局下再添1分，但7、8兩局連遭澳洲3分砲重擊，雖然8局下追回3分，仍回天乏術。7局上被澳洲5比4超前後，韓國7局下一開始就由代打姜白虎掃出左外野深遠長打，氣勢大好，不料他衝上二壘後向休息室隊友比振奮手勢時不小心腳離壘，被澳洲野手冷不防從後觸殺，雖然二壘審第一時間判safe，但經電視輔助判決改判出局，韓國7局下1分未得。澳洲下一戰將於11日對中國，韓國將於10日對日本。 ▪ 經典賽即時新聞 ▪ 最新比分與完整賽程 ▪ 預賽分組戰績表 ▪ 經典賽專欄分析 經典賽WBC中華隊WBC風雲                    中華隊以慘敗在世界棒球經典賽開局，面臨更加崎嶇的晉級之路，今天由江少慶先發面對滿載大聯盟戰力的義大利隊，盤點兩隊今晚一戰...                                      中華隊WBC首戰敗給巴拿馬，吞下跨屆7連敗，今晚7點將對決義大利，中華隊推出效力中職富邦悍將的江少慶先發，台灣運彩賠率較看好義大利能獲勝，不讓分賠率1.45。此役中華隊推出江少慶先發，他去年在                                      輸球的隔天，中華隊移師台體大棒球場練習，吉力吉撈・鞏冠帶著隨身音響、放送音樂高調進場，不希望隊友沉浸在輸給巴拿馬隊的低氣...                                      中華隊經典賽首戰以5：12不敵巴拿馬，賽後受到國內大量球迷指責，韓國媒體《MHNSPORTS》也撰文報導，點出中華隊輸球的關鍵。《MHNSPORTS》認為巴拿馬隊擁有大聯盟球員，中華隊則以旅日                                      中國大陸隊昨日在經典賽首戰以1：8不敵日本，不過球員的表現受球迷稱讚，原因是竟有球員能從大谷翔平手中敲安，6局上開路先鋒梁培從日職三振王手中轟出全壘打，再度驚豔球迷，雖然在第8局崩盤輸球，但仍受到網友                                      中國隊昨天不敵投打皆發威的大谷翔平，以1：8不敵日本，賽後中國總教練崔諾（Dean Treanor）也再次讚嘆大谷翔平。崔諾賽前曾表示：「希望大谷翔平來球場時、巴士或計程車可晚點到」，這番言論                  ,UDN
145,經典賽／南韓連3屆首戰落敗有夠慘 前兩次未能闖進8強,2023-03-09 16:30:00,運動,,https://udn.com/news/story/10785/7020486,南韓隊今天在世界棒球經典賽B組第一場比賽踢到鐵板，以7：8不敵澳洲隊，挑戰8強門票恐不樂觀，這是南韓隊連續3屆賽事在分組賽首戰落敗，2013、17年都遭淘汰。南韓在2006、09年經典賽首戰分別以2：0、9：0擊敗中華隊，後來不但順利晉級8強，還搭上4強列車，分別獲得季軍、亞軍。2013年經典賽B組賽事在台中洲際球場進行，南韓首戰0：5輸給荷蘭，儘管接下來兩戰以6：0擊敗澳洲、3：2擊敗中華隊，但在中華、荷蘭、南韓都是2勝1敗的情況下，南韓比較得失分率出局，未能挺進8強。4年後的第4屆賽事，南韓在首爾高尺洞巨蛋以地主身分出賽，不料首場比賽又以1：2輸給以色列，接著0：5輸給荷蘭、11：8擊敗中華隊，還是無緣前進8強。南韓迎接本屆賽事，總教練李强喆本來就設定對澳洲之戰一定要贏，不料投手群挨了3支全壘打，光是這3轟就送掉7分，成為落敗致命傷，接下來在B組依序對戰日本、捷克、中國大陸，明天日韓大戰已經完全沒有輸球本錢，全隊將在東京巨蛋面臨極大壓力。 ▪ 經典賽即時新聞 ▪ 最新比分與完整賽程 ▪ 預賽分組戰績表 ▪ 經典賽專欄分析 經典賽WBC風雲                    中華隊以慘敗在世界棒球經典賽開局，面臨更加崎嶇的晉級之路，今天由江少慶先發面對滿載大聯盟戰力的義大利隊，盤點兩隊今晚一戰...                                      中華隊WBC首戰敗給巴拿馬，吞下跨屆7連敗，今晚7點將對決義大利，中華隊推出效力中職富邦悍將的江少慶先發，台灣運彩賠率較看好義大利能獲勝，不讓分賠率1.45。此役中華隊推出江少慶先發，他去年在                                      輸球的隔天，中華隊移師台體大棒球場練習，吉力吉撈・鞏冠帶著隨身音響、放送音樂高調進場，不希望隊友沉浸在輸給巴拿馬隊的低氣...                                      中華隊經典賽首戰以5：12不敵巴拿馬，賽後受到國內大量球迷指責，韓國媒體《MHNSPORTS》也撰文報導，點出中華隊輸球的關鍵。《MHNSPORTS》認為巴拿馬隊擁有大聯盟球員，中華隊則以旅日                                      中國大陸隊昨日在經典賽首戰以1：8不敵日本，不過球員的表現受球迷稱讚，原因是竟有球員能從大谷翔平手中敲安，6局上開路先鋒梁培從日職三振王手中轟出全壘打，再度驚豔球迷，雖然在第8局崩盤輸球，但仍受到網友                                      中國隊昨天不敵投打皆發威的大谷翔平，以1：8不敵日本，賽後中國總教練崔諾（Dean Treanor）也再次讚嘆大谷翔平。崔諾賽前曾表示：「希望大谷翔平來球場時、巴士或計程車可晚點到」，這番言論                  ,UDN
146,經典賽／中華隊2投手調度惹議 餅總給解釋：依投手特色安排,2023-03-09 16:34:00,運動,,https://udn.com/news/story/10785/7020501,中華隊昨天以5：12輸給巴拿馬隊，在世界棒球經典賽首戰吞敗，兩個換投時機點都導致大量失分，針對陳冠偉、鄧愷威的登板安排，總教練林岳平今天也給出解釋，「依照投手的特色安排出賽。」陳冠偉昨晚在先發投手胡智爲被打退場後接手，4局上面對一、二壘有人危機未能凍結跑者，最終該局中華隊丟掉5分，有3分算在胡智爲帳上，陳冠偉投0.2局、2分責失。中華隊今天休兵日移師台體大練球，林岳平表示，當下安排陳冠偉上場是看好他的高三振率，能夠化解危機，但最終沒辦法那麼穩定的抓下出局數。6局上則是鄧愷威登板後，一個出局數也沒抓下、丟掉3分（2分責失），也引爆單局掉6分的大失血，加上官辦熱身賽同樣也沒抓到出局數，近況不算太好，。林岳平表示，鄧愷威主要是心理影響生理，該局在一、二壘有人時，對方短打沒有抓下出局數是最可惜的地方，「如果有抓下，應該可以回穩。」美職巨人隊體系的鄧愷威因球隊規範，參與春訓到3日才返台，成為最晚報到的一員，熱身賽也有投球局數限制，實戰機會較少，林岳平表示，這是球隊的規範，狀態是跟在美國投球的影片看起來有落差，「但我們邀請他來，就是要幫助他，也希望他在後面比賽可以幫助到球隊，球隊這邊都有運動心理師，也了解他的狀況，主要是思緒太複雜。」中華隊首戰輸得難堪，球員難免承擔更大壓力，林岳平表示，也都有趁休兵日鼓勵球員，「尤其投手要再大膽一點，無謂的壞球、保送只會帶來麻煩。」投手調度受到外界最多討論，林岳平表示，熱身賽都有以各種方式安排後援投手出賽，了解每個人的特色，也知道巴拿馬隊比較積極攻擊，但主要是還沒被安打前先投出保送，才會導致出現狀況。 ▪ 經典賽即時新聞 ▪ 最新比分與完整賽程 ▪ 預賽分組戰績表 ▪ 經典賽專欄分析 經典賽WBC中華隊                    中華隊以慘敗在世界棒球經典賽開局，面臨更加崎嶇的晉級之路，今天由江少慶先發面對滿載大聯盟戰力的義大利隊，盤點兩隊今晚一戰...                                      中華隊WBC首戰敗給巴拿馬，吞下跨屆7連敗，今晚7點將對決義大利，中華隊推出效力中職富邦悍將的江少慶先發，台灣運彩賠率較看好義大利能獲勝，不讓分賠率1.45。此役中華隊推出江少慶先發，他去年在                                      輸球的隔天，中華隊移師台體大棒球場練習，吉力吉撈・鞏冠帶著隨身音響、放送音樂高調進場，不希望隊友沉浸在輸給巴拿馬隊的低氣...                                      中華隊經典賽首戰以5：12不敵巴拿馬，賽後受到國內大量球迷指責，韓國媒體《MHNSPORTS》也撰文報導，點出中華隊輸球的關鍵。《MHNSPORTS》認為巴拿馬隊擁有大聯盟球員，中華隊則以旅日                                      中國大陸隊昨日在經典賽首戰以1：8不敵日本，不過球員的表現受球迷稱讚，原因是竟有球員能從大谷翔平手中敲安，6局上開路先鋒梁培從日職三振王手中轟出全壘打，再度驚豔球迷，雖然在第8局崩盤輸球，但仍受到網友                                      中國隊昨天不敵投打皆發威的大谷翔平，以1：8不敵日本，賽後中國總教練崔諾（Dean Treanor）也再次讚嘆大谷翔平。崔諾賽前曾表示：「希望大谷翔平來球場時、巴士或計程車可晚點到」，這番言論                  ,UDN
147,經典賽／不甩用球數限制 網：王建民6局0失分根本是神,2023-03-09 18:41:00,運動,,https://udn.com/news/story/10785/7020519,2023世界棒球經典賽開打，昨日中華隊5：12不敵巴拿馬，先發投手胡智為3局掉3分，用球63顆，根據經典賽投手用球規定，預賽單場上限65顆，8強80球。PTT上有網友回憶2013年時，王建民當年也是在這個規定下，投出兩次6局0失分，直呼他根本是神。PTT網友以「當年王建民完投6局0失分是不是真的很猛」為題，內文中提到此屆經典賽先發投手大多是投3、4局就下場休息，當年規則一樣是65球與80球，王建民不管對上澳洲，或是複賽對戰星光熠熠的日本隊都送出6局0失分好表現，提問「當年王建民能這樣投是不是真的很猛？」此文一出引起網友共鳴，直呼：「根本是神，其他投五局都有問題了」、「已經不是猛能形容了，是神」、「你現在才知道老王的猛嗎」、「他就是台灣投手的天花板了你還問他猛不猛」。王建民自2000年加盟美國職棒洋基隊，2005年首度登板大聯盟，2006、2007年雙雙拿下19場勝投，投出生涯最佳的兩個賽季。2013年的王建民正處於傷癒復出的重建期，當時的好表現也提供他重返大聯盟賽場的契機。 ▪ 經典賽即時新聞 ▪ 最新比分與完整賽程 ▪ 預賽分組戰績表 ▪ 經典賽專欄分析 經典賽WBC中華隊                    中華隊以慘敗在世界棒球經典賽開局，面臨更加崎嶇的晉級之路，今天由江少慶先發面對滿載大聯盟戰力的義大利隊，盤點兩隊今晚一戰...                                      中華隊WBC首戰敗給巴拿馬，吞下跨屆7連敗，今晚7點將對決義大利，中華隊推出效力中職富邦悍將的江少慶先發，台灣運彩賠率較看好義大利能獲勝，不讓分賠率1.45。此役中華隊推出江少慶先發，他去年在                                      輸球的隔天，中華隊移師台體大棒球場練習，吉力吉撈・鞏冠帶著隨身音響、放送音樂高調進場，不希望隊友沉浸在輸給巴拿馬隊的低氣...                                      中華隊經典賽首戰以5：12不敵巴拿馬，賽後受到國內大量球迷指責，韓國媒體《MHNSPORTS》也撰文報導，點出中華隊輸球的關鍵。《MHNSPORTS》認為巴拿馬隊擁有大聯盟球員，中華隊則以旅日                                      中國大陸隊昨日在經典賽首戰以1：8不敵日本，不過球員的表現受球迷稱讚，原因是竟有球員能從大谷翔平手中敲安，6局上開路先鋒梁培從日職三振王手中轟出全壘打，再度驚豔球迷，雖然在第8局崩盤輸球，但仍受到網友                                      中國隊昨天不敵投打皆發威的大谷翔平，以1：8不敵日本，賽後中國總教練崔諾（Dean Treanor）也再次讚嘆大谷翔平。崔諾賽前曾表示：「希望大谷翔平來球場時、巴士或計程車可晚點到」，這番言論                  ,UDN
148,經典賽／「相信選手」 投手教練許銘傑扛責：是我不夠好,2023-03-09 16:56:00,運動,,https://udn.com/news/story/10785/7020577,中華隊在世界棒球經典賽首戰以5：12敗給巴拿馬隊，投手不穩導致兩個丟掉5分以上的大局，教練團調度方式引起討論，投手教練許銘傑表示，派出投手都是信任他們，「可能是我做得不夠好。」中華隊昨天在4局上先發投手胡智爲先出現危機，丟掉1分後，接替的陳冠偉也未能凍結跑者，引發單局失5分；6局上則是動用了三名投手，鄧愷威、曾峻岳都是0.0局失3分，直到吳哲源上來才踩住煞車。許銘傑表示，當下考量陳冠偉的變化球可以壓制打者，希望可以把傷害壓到最低，鄧愷威則是認為他可以吃下該有的局數，既然派兩人上去，就是相信選手。第一場比賽打完後，投手表現不盡理想，許銘傑表示，還是鼓勵選手，看得出來大家很緊張，尤其是曾峻岳和陳冠偉，畢竟第一次當選國手，面對大場面難免，只能鼓勵他們，接下來要更強勢面對打者，不要影響到後面的比賽。中華隊投手調度的模式主要是由總教練林岳平與許銘傑討論後，做出安排，牛棚教練王建民則是負責觀察後援投手狀況，許銘傑表示，對於昨天的比賽，不能責怪任何人，「可能是我做得不夠好。」 ▪ 經典賽即時新聞 ▪ 最新比分與完整賽程 ▪ 預賽分組戰績表 ▪ 經典賽專欄分析 經典賽WBC中華隊                    中華隊以慘敗在世界棒球經典賽開局，面臨更加崎嶇的晉級之路，今天由江少慶先發面對滿載大聯盟戰力的義大利隊，盤點兩隊今晚一戰...                                      中華隊WBC首戰敗給巴拿馬，吞下跨屆7連敗，今晚7點將對決義大利，中華隊推出效力中職富邦悍將的江少慶先發，台灣運彩賠率較看好義大利能獲勝，不讓分賠率1.45。此役中華隊推出江少慶先發，他去年在                                      輸球的隔天，中華隊移師台體大棒球場練習，吉力吉撈・鞏冠帶著隨身音響、放送音樂高調進場，不希望隊友沉浸在輸給巴拿馬隊的低氣...                                      中華隊經典賽首戰以5：12不敵巴拿馬，賽後受到國內大量球迷指責，韓國媒體《MHNSPORTS》也撰文報導，點出中華隊輸球的關鍵。《MHNSPORTS》認為巴拿馬隊擁有大聯盟球員，中華隊則以旅日                                      中國大陸隊昨日在經典賽首戰以1：8不敵日本，不過球員的表現受球迷稱讚，原因是竟有球員能從大谷翔平手中敲安，6局上開路先鋒梁培從日職三振王手中轟出全壘打，再度驚豔球迷，雖然在第8局崩盤輸球，但仍受到網友                                      中國隊昨天不敵投打皆發威的大谷翔平，以1：8不敵日本，賽後中國總教練崔諾（Dean Treanor）也再次讚嘆大谷翔平。崔諾賽前曾表示：「希望大谷翔平來球場時、巴士或計程車可晚點到」，這番言論                  ,UDN
149,經典賽／中華隊首戰崩盤 對義大利「第2任投手更重要」,2023-03-09 18:11:00,運動,,https://udn.com/news/story/10785/7020590,世界棒球經典賽台灣隊昨天與巴拿馬交手，投手群失分過多種下敗因，台灣隊投手教練許銘傑表示「沒有怪任何人，某些地方我做的不夠」，對義大利隊比賽，點出第2任投手比先發更重要。世界棒球經典賽台灣隊昨天預賽首戰與巴拿馬隊交手，投手群總計投出9次四死球、失掉12分（11分責失分），是比賽後半段難以追回分數的原因。台灣隊投手教練許銘傑表示，昨天的調度主要是自己和總教練林岳平的討論，牛棚教練王建民主要協助牛棚投手熱身，許銘傑也把責任扛起：「我覺得調度的成分比較大，昨天輸球沒有怪任何人，某些地方我做的不夠。」至於比賽後半段比數已經被拉開，為什麼還是讓終結者宋家豪登板，許銘傑解釋，宋家豪7局時就說要熱身，當下的場面加上考慮宋家豪已經熱身，讓他登板體驗一下氛圍，球員本人有意願想丟、加上台灣隊今天輪空沒有比賽，所以才讓宋家豪登板。對於明天先發投手，許銘傑表示，由總教練公布，對於明天對手義大利隊的掌握，許銘傑則提到，義大利隊左打、右打分配比較平均，先發完的第2任投手人選要更詳細準確的分析，因為投球數限制，第2任投手有時會比先發更重要，至於危機拆彈組的安排方式，教練團會再做更詳細的討論和分析。 ▪ 經典賽即時新聞 ▪ 最新比分與完整賽程 ▪ 預賽分組戰績表 ▪ 經典賽專欄分析 經典賽WBC中華隊                    中華隊以慘敗在世界棒球經典賽開局，面臨更加崎嶇的晉級之路，今天由江少慶先發面對滿載大聯盟戰力的義大利隊，盤點兩隊今晚一戰...                                      中華隊WBC首戰敗給巴拿馬，吞下跨屆7連敗，今晚7點將對決義大利，中華隊推出效力中職富邦悍將的江少慶先發，台灣運彩賠率較看好義大利能獲勝，不讓分賠率1.45。此役中華隊推出江少慶先發，他去年在                                      輸球的隔天，中華隊移師台體大棒球場練習，吉力吉撈・鞏冠帶著隨身音響、放送音樂高調進場，不希望隊友沉浸在輸給巴拿馬隊的低氣...                                      中華隊經典賽首戰以5：12不敵巴拿馬，賽後受到國內大量球迷指責，韓國媒體《MHNSPORTS》也撰文報導，點出中華隊輸球的關鍵。《MHNSPORTS》認為巴拿馬隊擁有大聯盟球員，中華隊則以旅日                                      中國大陸隊昨日在經典賽首戰以1：8不敵日本，不過球員的表現受球迷稱讚，原因是竟有球員能從大谷翔平手中敲安，6局上開路先鋒梁培從日職三振王手中轟出全壘打，再度驚豔球迷，雖然在第8局崩盤輸球，但仍受到網友                                      中國隊昨天不敵投打皆發威的大谷翔平，以1：8不敵日本，賽後中國總教練崔諾（Dean Treanor）也再次讚嘆大谷翔平。崔諾賽前曾表示：「希望大谷翔平來球場時、巴士或計程車可晚點到」，這番言論                  ,UDN
150,經典賽／「曾一局丟6保送」郭泓志透露教練一句話幫助成長,2023-03-09 17:17:00,運動,,https://udn.com/news/story/10785/7020614,中華隊昨日在經典賽首戰以5：12不敵巴拿馬，賽後總教練林岳平表示，最大敗因是投手群保送過多。前中華隊國手郭泓志賽後也有感而發，透露自己曾單場6保送，因教練一句話而成長。郭泓志在個人臉書粉專「郭董 懂不懂」發文回憶自己剛上大聯盟前幾年，有一場一局投了6個保送，下場後教練跟他說，「不要去糾結你剛剛做了什麼，而是接下來你可以做些什麼改變。」郭泓志寫道，「果不起然下一場就只投了4個保送，成長就是在經驗中成長，只要你夠努力，相信一切都會好轉的。」郭泓志的故事也讓網友不禁留言讚嘆，「郭董的智慧令人佩服」、「您的鼓勵真的是溫馨又務實」、「正向思考，希望明晚對義大利之戰能更好」。中華隊首戰面對巴拿馬，8任投手總計投出9次保送。本屆賽會首度納入規則「每任後援投手至少投3人次」，因此更考驗教練團對球員狀況的掌握。 ▪ 經典賽即時新聞 ▪ 最新比分與完整賽程 ▪ 預賽分組戰績表 ▪ 經典賽專欄分析 經典賽WBC中華隊                    中華隊以慘敗在世界棒球經典賽開局，面臨更加崎嶇的晉級之路，今天由江少慶先發面對滿載大聯盟戰力的義大利隊，盤點兩隊今晚一戰...                                      中華隊WBC首戰敗給巴拿馬，吞下跨屆7連敗，今晚7點將對決義大利，中華隊推出效力中職富邦悍將的江少慶先發，台灣運彩賠率較看好義大利能獲勝，不讓分賠率1.45。此役中華隊推出江少慶先發，他去年在                                      輸球的隔天，中華隊移師台體大棒球場練習，吉力吉撈・鞏冠帶著隨身音響、放送音樂高調進場，不希望隊友沉浸在輸給巴拿馬隊的低氣...                                      中華隊經典賽首戰以5：12不敵巴拿馬，賽後受到國內大量球迷指責，韓國媒體《MHNSPORTS》也撰文報導，點出中華隊輸球的關鍵。《MHNSPORTS》認為巴拿馬隊擁有大聯盟球員，中華隊則以旅日                                      中國大陸隊昨日在經典賽首戰以1：8不敵日本，不過球員的表現受球迷稱讚，原因是竟有球員能從大谷翔平手中敲安，6局上開路先鋒梁培從日職三振王手中轟出全壘打，再度驚豔球迷，雖然在第8局崩盤輸球，但仍受到網友                                      中國隊昨天不敵投打皆發威的大谷翔平，以1：8不敵日本，賽後中國總教練崔諾（Dean Treanor）也再次讚嘆大谷翔平。崔諾賽前曾表示：「希望大谷翔平來球場時、巴士或計程車可晚點到」，這番言論                  ,UDN
151,經典賽／讓鄭宗哲「詐裂」 大聯盟官網讚巴拿馬超神守備,2023-03-09 17:49:00,運動,,https://udn.com/news/story/10785/7020649,世界棒球經典賽開打，中華隊日前以5：12不敵巴拿馬，其中5局下鄭宗哲敲出右外野超深遠飛球，沒想到被右外野手卡斯提歐（Luis Castillo）美技沒收，這球也登上大聯盟官網，並被譽為「本屆最佳好球」。5局下鄭宗哲敲出右外野方向飛球，中、右外野手都全速前進，要去接殺這顆可能會形成長打的飛球，兩人直接撞在一起，卡斯提歐仍舊舉著手套，示意有接殺，此時鄭宗哲已經跑回本壘，經過重播畫面可以看出，卡斯提歐確實牢牢接住，沒收了鄭宗哲的「詐裂」。WBC官方在推特分享了這段影片，並表示「你看了才會相信的美技」，大聯盟分析師B.韋蘭德（Ben Verlander）也表示「我的天哪這個接球」。巴拿馬教練歐提茲（Luis Ortiz）則回應真的接得非常漂亮，並稱讚卡斯提歐是一個很好的外野手，還虧他「只是年紀大了點」。A catch you need to see to believe by Luis Castillo. ? #WorldBaseballClassic pic.twitter.com/bMaPyKtBcr ▪ 經典賽即時新聞 ▪ 最新比分與完整賽程 ▪ 預賽分組戰績表 ▪ 經典賽專欄分析 經典賽WBC中華隊                    中華隊以慘敗在世界棒球經典賽開局，面臨更加崎嶇的晉級之路，今天由江少慶先發面對滿載大聯盟戰力的義大利隊，盤點兩隊今晚一戰...                                      中華隊WBC首戰敗給巴拿馬，吞下跨屆7連敗，今晚7點將對決義大利，中華隊推出效力中職富邦悍將的江少慶先發，台灣運彩賠率較看好義大利能獲勝，不讓分賠率1.45。此役中華隊推出江少慶先發，他去年在                                      輸球的隔天，中華隊移師台體大棒球場練習，吉力吉撈・鞏冠帶著隨身音響、放送音樂高調進場，不希望隊友沉浸在輸給巴拿馬隊的低氣...                                      中華隊經典賽首戰以5：12不敵巴拿馬，賽後受到國內大量球迷指責，韓國媒體《MHNSPORTS》也撰文報導，點出中華隊輸球的關鍵。《MHNSPORTS》認為巴拿馬隊擁有大聯盟球員，中華隊則以旅日                                      中國大陸隊昨日在經典賽首戰以1：8不敵日本，不過球員的表現受球迷稱讚，原因是竟有球員能從大谷翔平手中敲安，6局上開路先鋒梁培從日職三振王手中轟出全壘打，再度驚豔球迷，雖然在第8局崩盤輸球，但仍受到網友                                      中國隊昨天不敵投打皆發威的大谷翔平，以1：8不敵日本，賽後中國總教練崔諾（Dean Treanor）也再次讚嘆大谷翔平。崔諾賽前曾表示：「希望大谷翔平來球場時、巴士或計程車可晚點到」，這番言論                  ,UDN
152,經典賽／高宇杰攻守失調成箭靶 高志綱有話要說,2023-03-09 17:33:00,運動,,https://udn.com/news/story/10785/7020675,中華隊昨天以5：12輸給巴拿馬隊，在本屆世界棒球經典賽吞下首敗，除了投手失血外，捕手高宇杰的攻守表現也被球迷放大檢視，首席教練、捕手出身的高志綱也解釋，依照近況來看高宇杰表現最全面，但到了正式賽「太謹慎」。高志綱指出，以熱身賽三名捕手狀況來看，高宇杰在調整上比較好，無論攻擊、守備以及戰術執行上都是，引導投手上也做得好，因此安排他先發。只不過高宇杰昨晚2打數未敲安，還有一次短打變成雙殺，守備上也出現捕逸，輸球後成為球迷眾矢之的。高志綱表示，高宇杰不是第一次打國際賽，但昨天太過謹慎，導致表現有些綁手綁腳，「他的能力是可以的，鼓勵他放開來打，不用要求特別好，做好訓練的事情就好。」高志綱也點出，昨天投手與捕手有出現不同想法，但這是好事，之前也提醒過要達成共識，高宇杰也都有積極溝通，「像是前幾局（胡）智爲有控球不穩，宇杰也積極安撫、穩住局面，他昨天表現不全然是不好的，只是後面的Play出現不好結果。」 ▪ 經典賽即時新聞 ▪ 最新比分與完整賽程 ▪ 預賽分組戰績表 ▪ 經典賽專欄分析 經典賽WBC中華隊                    中華隊以慘敗在世界棒球經典賽開局，面臨更加崎嶇的晉級之路，今天由江少慶先發面對滿載大聯盟戰力的義大利隊，盤點兩隊今晚一戰...                                      中華隊WBC首戰敗給巴拿馬，吞下跨屆7連敗，今晚7點將對決義大利，中華隊推出效力中職富邦悍將的江少慶先發，台灣運彩賠率較看好義大利能獲勝，不讓分賠率1.45。此役中華隊推出江少慶先發，他去年在                                      輸球的隔天，中華隊移師台體大棒球場練習，吉力吉撈・鞏冠帶著隨身音響、放送音樂高調進場，不希望隊友沉浸在輸給巴拿馬隊的低氣...                                      中華隊經典賽首戰以5：12不敵巴拿馬，賽後受到國內大量球迷指責，韓國媒體《MHNSPORTS》也撰文報導，點出中華隊輸球的關鍵。《MHNSPORTS》認為巴拿馬隊擁有大聯盟球員，中華隊則以旅日                                      中國大陸隊昨日在經典賽首戰以1：8不敵日本，不過球員的表現受球迷稱讚，原因是竟有球員能從大谷翔平手中敲安，6局上開路先鋒梁培從日職三振王手中轟出全壘打，再度驚豔球迷，雖然在第8局崩盤輸球，但仍受到網友                                      中國隊昨天不敵投打皆發威的大谷翔平，以1：8不敵日本，賽後中國總教練崔諾（Dean Treanor）也再次讚嘆大谷翔平。崔諾賽前曾表示：「希望大谷翔平來球場時、巴士或計程車可晚點到」，這番言論                  ,UDN
153,經典賽／一起為中華隊加油！竹市周末站前廣場辦直播派對,2023-03-09 17:42:00,運動,,https://udn.com/news/story/10785/7020714,WBC世界棒球經典賽火熱開打，新竹市長高虹安今晚宣布，本周末（3月11日、3月12日）於新竹火車站站前廣場（中正路1號）舉辦「2023 WBC世界棒球經典賽直播派對」，邀請味全龍啦啦隊及DJ、國小棒球隊應援，現場將發放限量的早鳥禮及互動好禮，歡迎市民一同來為中華隊加油。高虹安說，世界棒球經典賽睽違10年後再次回台灣辦分組預賽，市府特別與愛爾達電視台合作，周末連2天舉辦棒球賽直播派對，周六晚間7點台灣對戰荷蘭、周日中午12時台灣對戰古巴，賽事開打前半小時開放進場，站前廣場架設大螢幕將全程轉播。高虹安也將在周六晚間現身站前廣場和球迷一起觀賽。周末兩天活動現場將發放限量早鳥禮「觀戰特輯」，介紹經典賽的重點戰區與焦點戰力，從賽制、參賽隊伍、重點球星、四大賽區與選手獨家訪談，每天限量50份；現場也準備250份互動小禮，內容為WBC周邊商品扭蛋，數量有限、送完為止。教育處長童鳳嬌說，市府為了向下扎根、培養基層棒球運動，今年度竹市國中、小深耕基層三級棒球學校與中央攜手補助1293萬（國小13所、國中5所、高中1所），厚植基層棒球基礎及提升競技實力，建立完善培育體系。WBC世界棒球經典賽火熱開打，新竹市長高虹安今晚宣布，本周末（3月11日、3月12日）於新竹火車站站前廣場（中正路1號）舉辦「2023 WBC世界棒球經典賽直播派對」。圖／竹市府提供 ▪ 經典賽即時新聞 ▪ 最新比分與完整賽程 ▪ 預賽分組戰績表 ▪ 經典賽專欄分析 經典賽WBC中華隊                    中華隊以慘敗在世界棒球經典賽開局，面臨更加崎嶇的晉級之路，今天由江少慶先發面對滿載大聯盟戰力的義大利隊，盤點兩隊今晚一戰...                                      中華隊WBC首戰敗給巴拿馬，吞下跨屆7連敗，今晚7點將對決義大利，中華隊推出效力中職富邦悍將的江少慶先發，台灣運彩賠率較看好義大利能獲勝，不讓分賠率1.45。此役中華隊推出江少慶先發，他去年在                                      輸球的隔天，中華隊移師台體大棒球場練習，吉力吉撈・鞏冠帶著隨身音響、放送音樂高調進場，不希望隊友沉浸在輸給巴拿馬隊的低氣...                                      中華隊經典賽首戰以5：12不敵巴拿馬，賽後受到國內大量球迷指責，韓國媒體《MHNSPORTS》也撰文報導，點出中華隊輸球的關鍵。《MHNSPORTS》認為巴拿馬隊擁有大聯盟球員，中華隊則以旅日                                      中國大陸隊昨日在經典賽首戰以1：8不敵日本，不過球員的表現受球迷稱讚，原因是竟有球員能從大谷翔平手中敲安，6局上開路先鋒梁培從日職三振王手中轟出全壘打，再度驚豔球迷，雖然在第8局崩盤輸球，但仍受到網友                                      中國隊昨天不敵投打皆發威的大谷翔平，以1：8不敵日本，賽後中國總教練崔諾（Dean Treanor）也再次讚嘆大谷翔平。崔諾賽前曾表示：「希望大谷翔平來球場時、巴士或計程車可晚點到」，這番言論                  ,UDN
154,經典賽／姜白虎重要二壘打變成悲劇 南韓教頭說話了,2023-03-09 17:48:00,運動,,https://udn.com/news/story/10785/7020734,南韓隊今天在世界棒球經典賽B組首戰7：8不敵澳洲隊，爭取8強門票出現重大危機，23歲好手姜白虎7局下揮出二壘打，卻因慶祝動作太嗨，未確實踩壘遭澳洲觸殺出局，慘被南韓媒體、球迷罵翻，總教練李強喆說：「他慶祝太早了。」南韓打完7局上4：5落後，7局下1出局後，姜白虎代打揮出中外野方向二壘打，跑上壘包後對著休息區比出握拳慶祝動作，完全未注意後面，不料被澳洲二壘手葛蘭丁寧（Robbie Glendinning）趁機觸殺；儘管二壘審第一時間判定安全上壘，但看過重播畫面後確定出局。南韓姜白虎代打建功後，因慶祝動作離開壘包被觸殺在二壘。 美聯社原本1出局攻占二壘，一下子變成2出局無人在壘，下一棒是5局下轟出3分砲的梁義智，也出現單場第2安，結果可以追平比數的機會消失；澳洲8局上追加單場第3轟，柏金斯（Robbie Perkins）3分砲拉大比數差距，讓南韓再也無法挽回戰局。李強喆賽後被問到此事，他說：「 姜白虎揮出重要安打，但我認為他慶祝太早了，明天還有比賽，希望他忘記這件事，好好做準備。」 ▪ 經典賽即時新聞 ▪ 最新比分與完整賽程 ▪ 預賽分組戰績表 ▪ 經典賽專欄分析 經典賽WBC風雲                    中華隊以慘敗在世界棒球經典賽開局，面臨更加崎嶇的晉級之路，今天由江少慶先發面對滿載大聯盟戰力的義大利隊，盤點兩隊今晚一戰...                                      中華隊WBC首戰敗給巴拿馬，吞下跨屆7連敗，今晚7點將對決義大利，中華隊推出效力中職富邦悍將的江少慶先發，台灣運彩賠率較看好義大利能獲勝，不讓分賠率1.45。此役中華隊推出江少慶先發，他去年在                                      輸球的隔天，中華隊移師台體大棒球場練習，吉力吉撈・鞏冠帶著隨身音響、放送音樂高調進場，不希望隊友沉浸在輸給巴拿馬隊的低氣...                                      中華隊經典賽首戰以5：12不敵巴拿馬，賽後受到國內大量球迷指責，韓國媒體《MHNSPORTS》也撰文報導，點出中華隊輸球的關鍵。《MHNSPORTS》認為巴拿馬隊擁有大聯盟球員，中華隊則以旅日                                      中國大陸隊昨日在經典賽首戰以1：8不敵日本，不過球員的表現受球迷稱讚，原因是竟有球員能從大谷翔平手中敲安，6局上開路先鋒梁培從日職三振王手中轟出全壘打，再度驚豔球迷，雖然在第8局崩盤輸球，但仍受到網友                                      中國隊昨天不敵投打皆發威的大谷翔平，以1：8不敵日本，賽後中國總教練崔諾（Dean Treanor）也再次讚嘆大谷翔平。崔諾賽前曾表示：「希望大谷翔平來球場時、巴士或計程車可晚點到」，這番言論                  ,UDN
155,經典賽／達比修絕不好惹 南韓教頭希望金廣鉉提早定調,2023-03-09 17:52:00,運動,,https://udn.com/news/story/10785/7020750,南韓隊在世界棒球經典賽B組首戰踢到鐵板，以7：8不敵澳洲隊，全隊陷入低氣壓，總教練李强喆今天賽後向球員喊話，要所有人趕快把這場比賽拋在腦後，全力打好接下來比賽。南韓在東京巨蛋輸掉絕不能輸的比賽，明天對決日本隊壓力更大，李强喆說：「全隊對澳洲之戰已盡最大努力，儘管一開始就落後，還是想辦法拉近比數，打者盡力完成任務，下一戰應會有更穩定狀態。」澳洲取得邁向8強的重要勝利，反觀南韓明天對日本之戰沒有再敗餘地，韓聯社指出，球隊現在面臨一項艱鉅任務，就是「必須擊敗日本」才有機會進入8強賽。李強喆正式宣布，將由34歲左投金廣鉉對日本先發，力拚大聯盟強投達比修有；這位資深教頭表示，既然輸掉第一場比賽，就必須在剩下比賽全力以赴，日韓大戰向來特別，絕對要贏得比賽。他說：「金廣鉉過去國際賽經驗豐富，對日本之戰需要這種老將在前幾局定調，儘管對方很了解他，還是要推他上去。」南韓投手群共有15人，今天澳洲之戰動用7人上陣，李強喆認為打完午場比賽，全隊有充足時間休息，準備應付明晚日韓大戰，可以使用的投手都要待命上陣，他說：「我看達比修很久了，他是很出色的投手，我們將保持專注贏得比賽，全力製造得分機會。」【中央社台北10日電】大谷翔平9日在世界棒球經典賽（WBC）二刀流出賽投打俱佳，率日本8比1擊敗中國隊。賽後英雄訪問時，他稱讚中國隊打得好。他還透露10日對韓國一役先發是達比修有。第5屆經典賽參賽的20個國家隊伍分成A、B、C、D4組，分別在台灣台中、日本東京、美國亞利桑那州、美國佛羅里達州爭取晉級機會。日本9日首戰在東京巨蛋球場對上中國，大谷翔平擔任先發投手兼第3棒指定打擊，展現二刀流丰采，主投前3局都讓中國3上3下，直到4局上才被楊晉擊出一支一壘安打。總計他投4局49球，當中有32顆好球，送出5次三振，時速100英里（161公里）速球連發。賽後英雄訪問時，大谷表示，從序盤開始覺得打得沉重，但還好最後打線發揮得好，才能奪勝。10日以後他還得更努力。他稱讚對手中國打得很棒。中盤比賽他不太清楚情況，但日本隊全體一起努力最後奪勝，這是一場很棒的比賽。對於自己的投球表現，大谷表示，總之，就是盡量控制在不失分。投球數已決定，他就是想盡量控制在不失分。被問到打擊方面，他說自己的第一支安打再差一點就是全壘打，所以覺得自己如果能再加把勁的話會更好。後來有了機會，心想揮棒擊出就是最棒的。他說，10日自己將在打擊方面努力。日本隊10日將對上韓國隊。大谷說：「希望今天（9日）的氣勢能延續到比賽，先發是達比修有，自己會努力做好援護。」大谷最後對東京巨蛋場內的球迷說：「這麼晚了，大家還留到最後，實在很感謝」、「不過，加油聲還不夠大，拜託大家明天大聲一點加油。」日媒報導，日前大谷在熱身賽時也一樣很會撩球迷。球迷從觀眾席很熱情的大聲回應，東京巨蛋球場內揚起一片如雷掌聲。 ▪ 經典賽即時新聞 ▪ 最新比分與完整賽程 ▪ 預賽分組戰績表 ▪ 經典賽專欄分析 經典賽WBC風雲                    中華隊以慘敗在世界棒球經典賽開局，面臨更加崎嶇的晉級之路，今天由江少慶先發面對滿載大聯盟戰力的義大利隊，盤點兩隊今晚一戰...                                      中華隊WBC首戰敗給巴拿馬，吞下跨屆7連敗，今晚7點將對決義大利，中華隊推出效力中職富邦悍將的江少慶先發，台灣運彩賠率較看好義大利能獲勝，不讓分賠率1.45。此役中華隊推出江少慶先發，他去年在                                      輸球的隔天，中華隊移師台體大棒球場練習，吉力吉撈・鞏冠帶著隨身音響、放送音樂高調進場，不希望隊友沉浸在輸給巴拿馬隊的低氣...                                      中華隊經典賽首戰以5：12不敵巴拿馬，賽後受到國內大量球迷指責，韓國媒體《MHNSPORTS》也撰文報導，點出中華隊輸球的關鍵。《MHNSPORTS》認為巴拿馬隊擁有大聯盟球員，中華隊則以旅日                                      中國大陸隊昨日在經典賽首戰以1：8不敵日本，不過球員的表現受球迷稱讚，原因是竟有球員能從大谷翔平手中敲安，6局上開路先鋒梁培從日職三振王手中轟出全壘打，再度驚豔球迷，雖然在第8局崩盤輸球，但仍受到網友                                      中國隊昨天不敵投打皆發威的大谷翔平，以1：8不敵日本，賽後中國總教練崔諾（Dean Treanor）也再次讚嘆大谷翔平。崔諾賽前曾表示：「希望大谷翔平來球場時、巴士或計程車可晚點到」，這番言論                  ,UDN
156,經典賽／中華隊跨屆7連敗賽史最多 網看衰：10連敗預備,2023-03-09 18:16:00,運動,,https://udn.com/news/story/10785/7020795,中華隊日前以5：12慘敗巴拿馬，被形容為「洲際慘案」，PTT上的網友也扒出自2013年贏荷蘭後，就再也沒有贏過去，目前跨三屆已經七連敗，成為經典賽史上最多連敗。中華隊自2013年以8：3贏荷蘭後，就再也沒贏過球，2013年後來2：3輸韓國、複賽3：4輸日本、0：14輸古巴。到了2017年7：15輸以色列、5：6輸荷蘭、8：11輸南韓，止步預賽。再加上昨天輸巴拿馬，已經吞下七連敗，超越過去澳洲曾創下的六連敗。對此有網友看衰：「十連敗預備」、「放寬心..過幾天就10連敗了」、「熱身10連勝 正賽7連敗待續」。也有網友嘲諷：「世界怎麼跟得上台灣」、「讓世界看到台灣」。 ▪ 經典賽即時新聞 ▪ 最新比分與完整賽程 ▪ 預賽分組戰績表 ▪ 經典賽專欄分析 經典賽WBC中華隊                    中華隊以慘敗在世界棒球經典賽開局，面臨更加崎嶇的晉級之路，今天由江少慶先發面對滿載大聯盟戰力的義大利隊，盤點兩隊今晚一戰...                                      中華隊WBC首戰敗給巴拿馬，吞下跨屆7連敗，今晚7點將對決義大利，中華隊推出效力中職富邦悍將的江少慶先發，台灣運彩賠率較看好義大利能獲勝，不讓分賠率1.45。此役中華隊推出江少慶先發，他去年在                                      輸球的隔天，中華隊移師台體大棒球場練習，吉力吉撈・鞏冠帶著隨身音響、放送音樂高調進場，不希望隊友沉浸在輸給巴拿馬隊的低氣...                                      中華隊經典賽首戰以5：12不敵巴拿馬，賽後受到國內大量球迷指責，韓國媒體《MHNSPORTS》也撰文報導，點出中華隊輸球的關鍵。《MHNSPORTS》認為巴拿馬隊擁有大聯盟球員，中華隊則以旅日                                      中國大陸隊昨日在經典賽首戰以1：8不敵日本，不過球員的表現受球迷稱讚，原因是竟有球員能從大谷翔平手中敲安，6局上開路先鋒梁培從日職三振王手中轟出全壘打，再度驚豔球迷，雖然在第8局崩盤輸球，但仍受到網友                                      中國隊昨天不敵投打皆發威的大谷翔平，以1：8不敵日本，賽後中國總教練崔諾（Dean Treanor）也再次讚嘆大谷翔平。崔諾賽前曾表示：「希望大谷翔平來球場時、巴士或計程車可晚點到」，這番言論                  ,UDN
157,經典賽／不輕忽中華隊 義大利教頭點出三強項,2023-03-09 18:21:00,運動,,https://udn.com/news/story/10785/7020828,中華隊昨天以5：12慘敗給巴拿馬隊，明晚7點要對上義大利隊，義國總教練皮亞薩（Mike Piazza）表示，不會因為一場比賽就輕忽中華隊，並點出中華隊三強項「紀律、基本功、控球」。義大利隊昨天中午就到洲際球場觀察對手，首日賽程輪空的他們，到今晚對古巴隊才要迎接首戰，皮亞薩表示：「我們一場還沒打，荷蘭已經打了兩場，賽程勢必需要面對的，有機會觀察對手當然好，但重要的是場上能不能執行策略，過去選手經驗告訴我，不能只靠球探報告，要在兩者中做好平衡。」義大利隊第二戰對手是中華隊，皮亞薩做好心理準備，屆時在台灣主場，中華隊勢必難以應付，也點出觀察到的中華隊強項，「雖然力道、身材可能不像美國等球隊那麼優異，但紀律、基本功、控球，不是那麼容易面對，也告訴球員，每一場比賽不能輕忽，不要受到其他比賽結果影響，專注在當下的比賽，希望成為前兩名脫穎而出。」義大利隊今天推出「黑暗騎士」哈維（Matt Harvey）先發，近期較少實戰，皮亞薩指出，哈維是很有經驗的球員，也有在世界大賽登板的寶貴經驗，「他也很努力融入球隊，很高興有他在。」義大利隊陣中還有名台灣教練徐志維在，皮亞薩透露，在中國大陸的大聯盟棒球學校曾與徐志維合作過，這次經典賽規劃教練團時，也將他找來幫忙，「因為他來自台灣，對於中職也有了解，球隊當作他是榮譽義大利人，也讓大家比較沒那麼緊張，對球隊已經有很大幫助，希望可以把他帶回美國。」 ▪ 經典賽即時新聞 ▪ 最新比分與完整賽程 ▪ 預賽分組戰績表 ▪ 經典賽專欄分析 經典賽WBC中華隊                    中華隊以慘敗在世界棒球經典賽開局，面臨更加崎嶇的晉級之路，今天由江少慶先發面對滿載大聯盟戰力的義大利隊，盤點兩隊今晚一戰...                                      中華隊WBC首戰敗給巴拿馬，吞下跨屆7連敗，今晚7點將對決義大利，中華隊推出效力中職富邦悍將的江少慶先發，台灣運彩賠率較看好義大利能獲勝，不讓分賠率1.45。此役中華隊推出江少慶先發，他去年在                                      輸球的隔天，中華隊移師台體大棒球場練習，吉力吉撈・鞏冠帶著隨身音響、放送音樂高調進場，不希望隊友沉浸在輸給巴拿馬隊的低氣...                                      中華隊經典賽首戰以5：12不敵巴拿馬，賽後受到國內大量球迷指責，韓國媒體《MHNSPORTS》也撰文報導，點出中華隊輸球的關鍵。《MHNSPORTS》認為巴拿馬隊擁有大聯盟球員，中華隊則以旅日                                      中國大陸隊昨日在經典賽首戰以1：8不敵日本，不過球員的表現受球迷稱讚，原因是竟有球員能從大谷翔平手中敲安，6局上開路先鋒梁培從日職三振王手中轟出全壘打，再度驚豔球迷，雖然在第8局崩盤輸球，但仍受到網友                                      中國隊昨天不敵投打皆發威的大谷翔平，以1：8不敵日本，賽後中國總教練崔諾（Dean Treanor）也再次讚嘆大谷翔平。崔諾賽前曾表示：「希望大谷翔平來球場時、巴士或計程車可晚點到」，這番言論                  ,UDN
158,經典賽／南韓「背水一盜」失敗 日網友：充分明白鳥谷的偉大,2023-03-09 18:48:00,運動,,https://udn.com/news/story/10785/7020844,世界棒球經典賽B組預賽開打，首場南韓隊以7：8不敵澳洲，其中九局下韓國隊發動盜壘，遭到「再見阻殺」結束比賽，這一盜也讓日本球迷想起2013年對中華隊的「背水一盜」。九局下南韓艾德曼（Tommy Edman）在兩出局時攻佔一壘，在下一個打席的第4顆球時發動盜壘，這關鍵的背水一盜，最後被澳洲捕手柏金斯（Robbie Perkins）阻殺出局，結束比賽。日本隊鳥谷敬在2013年經典賽時對中華隊發動關鍵盜壘。 歐新社資料照2013年經典賽日本和中華隊在複賽交手，同樣是九局下半兩出局，一壘跑者鳥谷敬發動盜壘，盜壘成功後讓日本取得逆轉勝，不過韓國此次並沒有複製這次的成功劇本，最後只能吞下再見阻殺。有日本球迷留言表示，這時候「充分明白鳥谷有多偉大」！Tommy Edman caught stealing to end the game ???? #WorldBaseballClassic pic.twitter.com/2QoGJrq9vf ▪ 經典賽即時新聞 ▪ 最新比分與完整賽程 ▪ 預賽分組戰績表 ▪ 經典賽專欄分析 經典賽WBC風雲                    中華隊以慘敗在世界棒球經典賽開局，面臨更加崎嶇的晉級之路，今天由江少慶先發面對滿載大聯盟戰力的義大利隊，盤點兩隊今晚一戰...                                      中華隊WBC首戰敗給巴拿馬，吞下跨屆7連敗，今晚7點將對決義大利，中華隊推出效力中職富邦悍將的江少慶先發，台灣運彩賠率較看好義大利能獲勝，不讓分賠率1.45。此役中華隊推出江少慶先發，他去年在                                      輸球的隔天，中華隊移師台體大棒球場練習，吉力吉撈・鞏冠帶著隨身音響、放送音樂高調進場，不希望隊友沉浸在輸給巴拿馬隊的低氣...                                      中華隊經典賽首戰以5：12不敵巴拿馬，賽後受到國內大量球迷指責，韓國媒體《MHNSPORTS》也撰文報導，點出中華隊輸球的關鍵。《MHNSPORTS》認為巴拿馬隊擁有大聯盟球員，中華隊則以旅日                                      中國大陸隊昨日在經典賽首戰以1：8不敵日本，不過球員的表現受球迷稱讚，原因是竟有球員能從大谷翔平手中敲安，6局上開路先鋒梁培從日職三振王手中轟出全壘打，再度驚豔球迷，雖然在第8局崩盤輸球，但仍受到網友                                      中國隊昨天不敵投打皆發威的大谷翔平，以1：8不敵日本，賽後中國總教練崔諾（Dean Treanor）也再次讚嘆大谷翔平。崔諾賽前曾表示：「希望大谷翔平來球場時、巴士或計程車可晚點到」，這番言論                  ,UDN
159,經典賽／當李維拉開球捕手 王建民比暗號：直的就好,2023-03-09 20:08:00,運動,,https://udn.com/news/story/10785/7021016,世界棒球經典賽台灣昨天與巴拿馬交手，賽前請來美職傳奇球星李維拉開球，開球捕手是老隊友王建民；王建民今天受訪笑說，開球前有「比暗號」，「我跟他比，投直球就好。」世界棒球經典賽A組預賽昨天在洲際棒球場開打，開球嘉賓除了副總統賴清德外，還有美國職棒大聯盟傳奇球星李維拉（Mariano Rivera），昨天開球前賴副總統還特別提到，李維拉和王建民過往是紐約洋基隊的勝利方程式，「打者都知道王建民要投伸卡球、李維拉要投卡特球，但不是打不到就是打不好。」昨天李維拉擔任開球投手、王建民任開球捕手，兩人另類合體替經典賽台灣賽事開出好球，王建民今天受訪時笑說，李維拉應該知道是由他擔任開球捕手，「我有跟他比暗號、直的就好（直球）」，被問起直球暗號怎麼比，王建民也認真比出手勢。王建民表示，與李維拉已經10幾年沒有見面，昨天早上有先在飯店碰面，聊一些以前的東西，知道李維拉目前還住在美國紐約，也有教小朋友棒球，「他覺得帶小朋友比較有傳承的感覺。」 ▪ 經典賽即時新聞 ▪ 最新比分與完整賽程 ▪ 預賽分組戰績表 ▪ 經典賽專欄分析 經典賽WBC中華隊WBC風雲王建民李維拉                    中華隊以慘敗在世界棒球經典賽開局，面臨更加崎嶇的晉級之路，今天由江少慶先發面對滿載大聯盟戰力的義大利隊，盤點兩隊今晚一戰...                                      中華隊WBC首戰敗給巴拿馬，吞下跨屆7連敗，今晚7點將對決義大利，中華隊推出效力中職富邦悍將的江少慶先發，台灣運彩賠率較看好義大利能獲勝，不讓分賠率1.45。此役中華隊推出江少慶先發，他去年在                                      輸球的隔天，中華隊移師台體大棒球場練習，吉力吉撈・鞏冠帶著隨身音響、放送音樂高調進場，不希望隊友沉浸在輸給巴拿馬隊的低氣...                                      中華隊經典賽首戰以5：12不敵巴拿馬，賽後受到國內大量球迷指責，韓國媒體《MHNSPORTS》也撰文報導，點出中華隊輸球的關鍵。《MHNSPORTS》認為巴拿馬隊擁有大聯盟球員，中華隊則以旅日                                      中國大陸隊昨日在經典賽首戰以1：8不敵日本，不過球員的表現受球迷稱讚，原因是竟有球員能從大谷翔平手中敲安，6局上開路先鋒梁培從日職三振王手中轟出全壘打，再度驚豔球迷，雖然在第8局崩盤輸球，但仍受到網友                                      中國隊昨天不敵投打皆發威的大谷翔平，以1：8不敵日本，賽後中國總教練崔諾（Dean Treanor）也再次讚嘆大谷翔平。崔諾賽前曾表示：「希望大谷翔平來球場時、巴士或計程車可晚點到」，這番言論                  ,UDN
160,經典賽／彰化縣府廣場實況直播應援 招待大啖義大利披薩,2023-03-09 20:04:00,運動,,https://udn.com/news/story/10785/7021063,2023世界棒球經典賽，中華隊首戰敗給巴拿馬，千萬不要洩氣，在中華隊後續場比賽，彰化縣政府仍將在縣府廣場實況同步直播，縣長王惠美邀請鄉親到場一起幫中華隊加油，尤其是3月10日晚間7點對上義大利，縣府除提供爆米花外，還招待大家大啖「義大利披薩」。中華隊接續還有三場比賽，分別是在3月10日對義大利、月11日對戰荷蘭、3月12日對戰古巴。縣府表示，中華隊雖然首場出師不利，敗給巴拿馬隊，但球迷的心是在一起的，持續相信中華隊越戰越勇，越打越精彩，也歡迎鄉親一起到縣府廣場直播會場，一起為中華隊集氣。縣府指出，現場直播將包括所有賽事的精彩鏡頭和詳盡解說，讓球迷可以深入了解比賽情況和球員精彩表現，同時也一齊為我國的球隊及球員加油打氣。經典賽，3月10日晚間7點中華隊對上義大利，彰化縣政府仍在縣府廣場直播賽況外，除提供爆米花外，還招待大家大啖「義大利披薩」。圖／縣府提供 ▪ 經典賽即時新聞 ▪ 最新比分與完整賽程 ▪ 預賽分組戰績表 ▪ 經典賽專欄分析 經典賽WBC中華隊                    中華隊以慘敗在世界棒球經典賽開局，面臨更加崎嶇的晉級之路，今天由江少慶先發面對滿載大聯盟戰力的義大利隊，盤點兩隊今晚一戰...                                      中華隊WBC首戰敗給巴拿馬，吞下跨屆7連敗，今晚7點將對決義大利，中華隊推出效力中職富邦悍將的江少慶先發，台灣運彩賠率較看好義大利能獲勝，不讓分賠率1.45。此役中華隊推出江少慶先發，他去年在                                      輸球的隔天，中華隊移師台體大棒球場練習，吉力吉撈・鞏冠帶著隨身音響、放送音樂高調進場，不希望隊友沉浸在輸給巴拿馬隊的低氣...                                      中華隊經典賽首戰以5：12不敵巴拿馬，賽後受到國內大量球迷指責，韓國媒體《MHNSPORTS》也撰文報導，點出中華隊輸球的關鍵。《MHNSPORTS》認為巴拿馬隊擁有大聯盟球員，中華隊則以旅日                                      中國大陸隊昨日在經典賽首戰以1：8不敵日本，不過球員的表現受球迷稱讚，原因是竟有球員能從大谷翔平手中敲安，6局上開路先鋒梁培從日職三振王手中轟出全壘打，再度驚豔球迷，雖然在第8局崩盤輸球，但仍受到網友                                      中國隊昨天不敵投打皆發威的大谷翔平，以1：8不敵日本，賽後中國總教練崔諾（Dean Treanor）也再次讚嘆大谷翔平。崔諾賽前曾表示：「希望大谷翔平來球場時、巴士或計程車可晚點到」，這番言論                  ,UDN
161,經典賽／大谷翔平先發4局只被1安 楊晉逮中159公里速球開張,2023-03-09 20:07:00,運動,,https://udn.com/news/story/10785/7021071,大谷翔平今天領軍日本隊在世界棒球經典賽B組亮相，對中國大陸隊之戰登板先發，還扛起3棒重任，小試身手投完4局退場，只被揮出1支安打無失分，幫助日本3：0領先。大谷開賽連續解決10人次，前3局都讓大陸打線3上3下，直到4局上1出局後，才被大陸2棒楊晉揮出左外野安打，接下來連飆兩次三振，完成生涯在經典賽首次投球任務。大谷用了49球，最快球速飆到160公里，飆出5次三振、未有保送，4局上被揮出安打反而成為話題；楊晉當時面對大谷5球，其中兩球160公里，他在第5球擊出安打，球速也有159公里，堪稱「一戰成名」。另外，大谷擔任3棒指定打擊，首局被大陸先發投手王翔保送，2局下面對第2任投手王唯一揮出游擊滾地球出局，4局下揮出左外野二壘打，攻下兩分打點，幫助日本擴大到3分領先。 ▪ 經典賽即時新聞 ▪ 最新比分與完整賽程 ▪ 預賽分組戰績表 ▪ 經典賽專欄分析 經典賽WBC風雲大谷翔平                    中華隊以慘敗在世界棒球經典賽開局，面臨更加崎嶇的晉級之路，今天由江少慶先發面對滿載大聯盟戰力的義大利隊，盤點兩隊今晚一戰...                                      中華隊WBC首戰敗給巴拿馬，吞下跨屆7連敗，今晚7點將對決義大利，中華隊推出效力中職富邦悍將的江少慶先發，台灣運彩賠率較看好義大利能獲勝，不讓分賠率1.45。此役中華隊推出江少慶先發，他去年在                                      輸球的隔天，中華隊移師台體大棒球場練習，吉力吉撈・鞏冠帶著隨身音響、放送音樂高調進場，不希望隊友沉浸在輸給巴拿馬隊的低氣...                                      中華隊經典賽首戰以5：12不敵巴拿馬，賽後受到國內大量球迷指責，韓國媒體《MHNSPORTS》也撰文報導，點出中華隊輸球的關鍵。《MHNSPORTS》認為巴拿馬隊擁有大聯盟球員，中華隊則以旅日                                      中國大陸隊昨日在經典賽首戰以1：8不敵日本，不過球員的表現受球迷稱讚，原因是竟有球員能從大谷翔平手中敲安，6局上開路先鋒梁培從日職三振王手中轟出全壘打，再度驚豔球迷，雖然在第8局崩盤輸球，但仍受到網友                                      中國隊昨天不敵投打皆發威的大谷翔平，以1：8不敵日本，賽後中國總教練崔諾（Dean Treanor）也再次讚嘆大谷翔平。崔諾賽前曾表示：「希望大谷翔平來球場時、巴士或計程車可晚點到」，這番言論                  ,UDN
162,經典賽／捷克、澳洲小心了 ！ 大谷翔平預賽還可再登板,2023-03-09 20:40:00,運動,,https://udn.com/news/story/10785/7021140,世界棒球經典賽B組預賽今天開打，日本隊「二刀流」球星大谷翔平扛起首戰先發，面對中國大陸隊展現宰制力，投完4局只用了49球，沒有失分退場休息，而且根據經典賽規定，預賽還可以再登板。大谷翔平今天開賽連抓10個出局數，直到4局上1出局後才被大陸2棒楊晉敲出安打，但接下來再飆2K，4局投完後投手大谷收工，留下打者翔平繼續擔任指定打擊。大谷翔平在投手丘上一共投了49球，其中32顆好球，5次三振、沒有保送，退場時的用球數十分巧妙，剛好壓在50球內。經典賽預賽規定，投手單場用球數上限在65球，不過單場比賽若投滿50球，需休息4天才能再出賽，大谷的用球數還沒達到門檻，而單場比賽投滿30球，僅需休息1天就能再出賽。日本隊今起四連戰，依序對上中國大陸、南韓、捷克、澳洲隊，代表根據規則，大谷除了明天對南韓，預賽對捷克、澳洲都還可以再登板投球。日本隊監督栗山英樹先前已將先發輪值全數亮牌，今天大谷翔平扛起開幕戰先發後，接著是達比修有對南韓、佐佐木朗希對捷克、山本由伸對澳洲，大谷預賽再登板的機會不高，一般預料留在八強賽使用才是正解。 ▪ 經典賽即時新聞 ▪ 最新比分與完整賽程 ▪ 預賽分組戰績表 ▪ 經典賽專欄分析 經典賽WBC風雲大谷翔平                    中華隊以慘敗在世界棒球經典賽開局，面臨更加崎嶇的晉級之路，今天由江少慶先發面對滿載大聯盟戰力的義大利隊，盤點兩隊今晚一戰...                                      中華隊WBC首戰敗給巴拿馬，吞下跨屆7連敗，今晚7點將對決義大利，中華隊推出效力中職富邦悍將的江少慶先發，台灣運彩賠率較看好義大利能獲勝，不讓分賠率1.45。此役中華隊推出江少慶先發，他去年在                                      輸球的隔天，中華隊移師台體大棒球場練習，吉力吉撈・鞏冠帶著隨身音響、放送音樂高調進場，不希望隊友沉浸在輸給巴拿馬隊的低氣...                                      中華隊經典賽首戰以5：12不敵巴拿馬，賽後受到國內大量球迷指責，韓國媒體《MHNSPORTS》也撰文報導，點出中華隊輸球的關鍵。《MHNSPORTS》認為巴拿馬隊擁有大聯盟球員，中華隊則以旅日                                      中國大陸隊昨日在經典賽首戰以1：8不敵日本，不過球員的表現受球迷稱讚，原因是竟有球員能從大谷翔平手中敲安，6局上開路先鋒梁培從日職三振王手中轟出全壘打，再度驚豔球迷，雖然在第8局崩盤輸球，但仍受到網友                                      中國隊昨天不敵投打皆發威的大谷翔平，以1：8不敵日本，賽後中國總教練崔諾（Dean Treanor）也再次讚嘆大谷翔平。崔諾賽前曾表示：「希望大谷翔平來球場時、巴士或計程車可晚點到」，這番言論                  ,UDN
163,經典賽／用聯絡簿為中華隊加油 林冠志帶出全台最熱血班級,2023-03-10 11:15:00,運動,,https://udn.com/news/story/10785/7021167,世界棒球經典賽A組賽事在台中洲際球場開打，國人再掀棒球熱，Home Run Taiwan臉書粉絲團專訪台北市明德國小老師林冠志，和小朋友透過畫聯絡簿、寫卡片掀起班上棒球熱，溫馨故事讓人暖心又感動。Home Run Taiwan指出，經典賽球星呂彥青、陳冠宇、王柏融最近在社群平台展現來自小朋友的加油卡片，稚嫩的筆觸與用心溫暖許多球迷的心。為什麼孩子會突然想寫卡片？原來促成這一切是曾在聯絡簿畫上精緻球星畫作而爆紅的林冠志，他是學生眼中總是身穿一身黑的「酷」老師，帶著學生一起熱血打球、看球，用守備位置不同帶給孩子眼中的自信，並把棒球精神轉化成人生哲學，讓孩子可以受用一輩子。經典賽開打，跟著這個全台最熱血的班級一起為台灣加油。台北市南港區的中國信託金融園區在中華隊出賽期間場場直播，邀請球迷共組最強中華隊應援團，更多經典賽直播派對資訊，可參考Home Run Taiwan臉書粉絲團https://reurl.cc/GebZWD，Home Run Taiwan YouTube頻道、Home Run Taiwan臉書粉絲團同步開設熱血聊天室，邀請體育主播張立群、球評黃忠義及YouTuber希希與球迷直播尬聊。明德國小老師林冠志掀起班上棒球熱。圖／Home Run Taiwan臉書粉絲團提供明德國小老師林冠志掀起班上棒球熱。圖／Home Run Taiwan臉書粉絲團提供明德國小老師林冠志掀起班上棒球熱。圖／Home Run Taiwan臉書粉絲團提供 ▪ 經典賽即時新聞 ▪ 最新比分與完整賽程 ▪ 預賽分組戰績表 ▪ 經典賽專欄分析 經典賽WBC中華隊                    中華隊以慘敗在世界棒球經典賽開局，面臨更加崎嶇的晉級之路，今天由江少慶先發面對滿載大聯盟戰力的義大利隊，盤點兩隊今晚一戰...                                      中華隊WBC首戰敗給巴拿馬，吞下跨屆7連敗，今晚7點將對決義大利，中華隊推出效力中職富邦悍將的江少慶先發，台灣運彩賠率較看好義大利能獲勝，不讓分賠率1.45。此役中華隊推出江少慶先發，他去年在                                      輸球的隔天，中華隊移師台體大棒球場練習，吉力吉撈・鞏冠帶著隨身音響、放送音樂高調進場，不希望隊友沉浸在輸給巴拿馬隊的低氣...                                      中華隊經典賽首戰以5：12不敵巴拿馬，賽後受到國內大量球迷指責，韓國媒體《MHNSPORTS》也撰文報導，點出中華隊輸球的關鍵。《MHNSPORTS》認為巴拿馬隊擁有大聯盟球員，中華隊則以旅日                                      中國大陸隊昨日在經典賽首戰以1：8不敵日本，不過球員的表現受球迷稱讚，原因是竟有球員能從大谷翔平手中敲安，6局上開路先鋒梁培從日職三振王手中轟出全壘打，再度驚豔球迷，雖然在第8局崩盤輸球，但仍受到網友                                      中國隊昨天不敵投打皆發威的大谷翔平，以1：8不敵日本，賽後中國總教練崔諾（Dean Treanor）也再次讚嘆大谷翔平。崔諾賽前曾表示：「希望大谷翔平來球場時、巴士或計程車可晚點到」，這番言論                  ,UDN
164,經典賽／古巴險重演姜白虎悲劇 重播判決還公道,2023-03-09 21:38:00,運動,,https://udn.com/news/story/10785/7021219,B組南韓隊今天才出現姜白虎因慶祝離壘被觸殺，無獨有偶，世界棒球經典賽A組也差點上演相同悲劇，古巴隊阿魯巴耶納（Erisbel Arruebarrena）敲出安打衝上三壘後，一度被判離壘觸殺，但經過重播輔助判決還他公道。今晚在洲際棒球場的古巴隊對義大利隊之戰，阿魯巴耶納在7局下敲出中外野安打，再靠著失誤站上三壘，他興奮的高舉雙手回應觀眾的掌聲，但下一秒離開壘包後，卻被義大利三壘手觸殺，三壘手也比起出局手勢。阿魯巴耶納睜大雙眼、攤開雙手難以置信，結果經過電視重播輔助判決，阿魯巴耶納在慶祝動作後，確實有向三壘審比出請求暫停的手勢，才離開壘包，判定義大利並無觸殺成功。在東京巨蛋舉行的B組賽程則是在今天午場出現悲劇，南韓隊強打姜白虎代打揮出二壘安打，卻開心在壘包慶祝時被觸殺出局，也讓南韓隊下一棒的梁義智雖然敲出一壘安打，但該局沒有分數進帳，南韓最終以7：8輸給澳洲隊。 ▪ 經典賽即時新聞 ▪ 最新比分與完整賽程 ▪ 預賽分組戰績表 ▪ 經典賽專欄分析 經典賽WBC風雲                    中華隊以慘敗在世界棒球經典賽開局，面臨更加崎嶇的晉級之路，今天由江少慶先發面對滿載大聯盟戰力的義大利隊，盤點兩隊今晚一戰...                                      中華隊WBC首戰敗給巴拿馬，吞下跨屆7連敗，今晚7點將對決義大利，中華隊推出效力中職富邦悍將的江少慶先發，台灣運彩賠率較看好義大利能獲勝，不讓分賠率1.45。此役中華隊推出江少慶先發，他去年在                                      輸球的隔天，中華隊移師台體大棒球場練習，吉力吉撈・鞏冠帶著隨身音響、放送音樂高調進場，不希望隊友沉浸在輸給巴拿馬隊的低氣...                                      中華隊經典賽首戰以5：12不敵巴拿馬，賽後受到國內大量球迷指責，韓國媒體《MHNSPORTS》也撰文報導，點出中華隊輸球的關鍵。《MHNSPORTS》認為巴拿馬隊擁有大聯盟球員，中華隊則以旅日                                      中國大陸隊昨日在經典賽首戰以1：8不敵日本，不過球員的表現受球迷稱讚，原因是竟有球員能從大谷翔平手中敲安，6局上開路先鋒梁培從日職三振王手中轟出全壘打，再度驚豔球迷，雖然在第8局崩盤輸球，但仍受到網友                                      中國隊昨天不敵投打皆發威的大谷翔平，以1：8不敵日本，賽後中國總教練崔諾（Dean Treanor）也再次讚嘆大谷翔平。崔諾賽前曾表示：「希望大谷翔平來球場時、巴士或計程車可晚點到」，這番言論                  ,UDN
165,經典賽／首戰對上日本 中國球迷辦直播派對應援,2023-03-09 21:49:00,運動,,https://udn.com/news/story/10785/7021224,世界棒球經典賽如火如荼展開，中國隊今晚出戰日本隊。中國陣中有效力美日韓職的選手，加上首戰對手是日本，吸引不少中國球迷關注，北京、上海等城市都有自發舉行直播派對。第5屆世界棒球經典賽（WBC）8日起正式點燃戰火，在東京舉行的小組賽B組賽事今晚由中國隊出戰日本隊，雙方的先發投手為19歲的年輕小將王翔與效力於美國洛杉磯天使隊的大谷翔平。根據統計，今天晚間包含北京、上海、深圳、成都、長沙等多個城市，都有球迷自發舉行直播派對，為中國隊加油。一場由北京的「好玩兒」棒球俱樂部自發舉行的直播派對，現場湧入數十位球迷共襄盛舉。負責俱樂部品牌行銷的淼淼接受中央社記者訪問時提到，WBC是大型比賽，本來就會關注，加上今年中國隊第一場比賽的對手就是日本，因此俱樂部才想到要辦直播派對，邀大家一起參與，「運動比賽就是要大家一起看才燃」。曾經在美國洛杉磯留學的小楊，今天穿著洛杉磯道奇隊的球衣到場參與。她接受中央社記者訪問時提到，今天的壓力不在中國隊這裡，雖然不認為中國隊會獲勝，然而中國的球員能夠透過這樣的機會和像大谷翔平這樣的球員切磋，對於他們而言是非常棒的經驗，這也是經典賽的價值。原本外界預期這場比賽會呈現一面倒的情形，然而中國隊的投手有效壓制日本隊，包含三振日本職棒史上最年少的三冠王村上宗隆、讓大谷翔平在滿壘時無功而返，現場都有大量掌聲。此外，中國隊開路先鋒梁培在六局上半轟出陽春全壘打時，現場的中國球迷更是激動並爆出歡呼。小楊笑說，「這場比賽夠這幾個中國隊的選手跟兒子、孫子吹一輩子了」。由於本屆WBC的選手血緣認定較為寬鬆，因此各國都找來了不少外援，中國也不例外。除了本國籍選手外，曾經效力於日本職棒軟體銀行鷹隊，目前在社會人球隊打球的外野手真砂勇介、效力於韓國職棒KT巫師隊的投手朱權與在美國職棒洛杉磯天使隊小聯盟發展的投手卡特（Alan Carter），雖然並非中國籍，然而都加入了本屆的中國代表隊。此外，包含台灣球迷較為熟悉的張寶樹在內，中國隊陣中也有多位曾經在美國發展的球員。 ▪ 經典賽即時新聞 ▪ 最新比分與完整賽程 ▪ 預賽分組戰績表 ▪ 經典賽專欄分析 經典賽WBC風雲                    中華隊以慘敗在世界棒球經典賽開局，面臨更加崎嶇的晉級之路，今天由江少慶先發面對滿載大聯盟戰力的義大利隊，盤點兩隊今晚一戰...                                      中華隊WBC首戰敗給巴拿馬，吞下跨屆7連敗，今晚7點將對決義大利，中華隊推出效力中職富邦悍將的江少慶先發，台灣運彩賠率較看好義大利能獲勝，不讓分賠率1.45。此役中華隊推出江少慶先發，他去年在                                      輸球的隔天，中華隊移師台體大棒球場練習，吉力吉撈・鞏冠帶著隨身音響、放送音樂高調進場，不希望隊友沉浸在輸給巴拿馬隊的低氣...                                      中華隊經典賽首戰以5：12不敵巴拿馬，賽後受到國內大量球迷指責，韓國媒體《MHNSPORTS》也撰文報導，點出中華隊輸球的關鍵。《MHNSPORTS》認為巴拿馬隊擁有大聯盟球員，中華隊則以旅日                                      中國大陸隊昨日在經典賽首戰以1：8不敵日本，不過球員的表現受球迷稱讚，原因是竟有球員能從大谷翔平手中敲安，6局上開路先鋒梁培從日職三振王手中轟出全壘打，再度驚豔球迷，雖然在第8局崩盤輸球，但仍受到網友                                      中國隊昨天不敵投打皆發威的大谷翔平，以1：8不敵日本，賽後中國總教練崔諾（Dean Treanor）也再次讚嘆大谷翔平。崔諾賽前曾表示：「希望大谷翔平來球場時、巴士或計程車可晚點到」，這番言論                  ,UDN
166,經典賽／大陸慘吞17K不敵日本 大谷翔平首戰盡情揮灑二刀流,2023-03-09 22:06:00,運動,,https://udn.com/news/story/10785/7021272,日本隊今天在世界棒球經典賽初亮相，大谷翔平對中國大陸隊之戰投打二刀流，不但先發4局無失分，擔任3棒指定打擊還有4打數2安打、2保送、2打點的好表現，日本終場8：1獲勝。日本首局面對大陸先發投手王翔，開路先鋒努特巴爾（Lars Nootbaar）揮出安打，接著近藤健介、大谷、村上 宗隆連獲保送，打完前4棒就攻下全場第1分。4局下，大陸第2任投手王唯一失守，努特巴爾靠失誤上壘，近藤揮出安打，接著大谷二壘打攻下兩分打點，日本3：0領先。大陸前5局掛零，只有4局上楊晉從大谷的手中揮出安打，6局上兩出局後，梁培面對日本中繼投手戶郷翔征，逮中148公里速球轟出左外野陽春砲，追成只差兩分。日本7局下攻勢再起，牧秀悟從大陸第4任投手蘇長龍的手中轟出陽春砲，雙方回到3分差距。8局下大陸換上另一名投手伊健，先被大谷敲安，再保送吉田正尚、岡本和真，接著山田哲人安打、源田壯亮保送，各有1分打點；王宇宸接手再遭甲斐拓也揮出兩分打點二壘打，日本這半局打了10人次，包括大谷單局兩打席，攻下4分擴大領先，終場以7分之差獲勝。日本全場推出4名投手，只被揮出3支安打，狂飆17次三振，大陸先發9棒都吞K，出現兩次連續6名打者遭三振。大谷用49球完成4局任務，最快球速飆到160公里，只被揮出1支安打，飆出5次三振，無失分奪勝；戶郷投3局被揮2安、飆出7K、失1分；湯淺京己、伊藤大海各投1局，又讓大陸吞下5K。 ▪ 經典賽即時新聞 ▪ 最新比分與完整賽程 ▪ 預賽分組戰績表 ▪ 經典賽專欄分析 經典賽WBC風雲大谷翔平                    中華隊以慘敗在世界棒球經典賽開局，面臨更加崎嶇的晉級之路，今天由江少慶先發面對滿載大聯盟戰力的義大利隊，盤點兩隊今晚一戰...                                      中華隊WBC首戰敗給巴拿馬，吞下跨屆7連敗，今晚7點將對決義大利，中華隊推出效力中職富邦悍將的江少慶先發，台灣運彩賠率較看好義大利能獲勝，不讓分賠率1.45。此役中華隊推出江少慶先發，他去年在                                      輸球的隔天，中華隊移師台體大棒球場練習，吉力吉撈・鞏冠帶著隨身音響、放送音樂高調進場，不希望隊友沉浸在輸給巴拿馬隊的低氣...                                      中華隊經典賽首戰以5：12不敵巴拿馬，賽後受到國內大量球迷指責，韓國媒體《MHNSPORTS》也撰文報導，點出中華隊輸球的關鍵。《MHNSPORTS》認為巴拿馬隊擁有大聯盟球員，中華隊則以旅日                                      中國大陸隊昨日在經典賽首戰以1：8不敵日本，不過球員的表現受球迷稱讚，原因是竟有球員能從大谷翔平手中敲安，6局上開路先鋒梁培從日職三振王手中轟出全壘打，再度驚豔球迷，雖然在第8局崩盤輸球，但仍受到網友                                      中國隊昨天不敵投打皆發威的大谷翔平，以1：8不敵日本，賽後中國總教練崔諾（Dean Treanor）也再次讚嘆大谷翔平。崔諾賽前曾表示：「希望大谷翔平來球場時、巴士或計程車可晚點到」，這番言論                  ,UDN
167,經典賽／首場突破僵局 義大利壓制古巴奪首勝,2023-03-09 22:56:00,運動,,https://udn.com/news/story/10785/7021393,世界棒球經典賽A組賽程進入第二天，義大利隊才首度亮相，今晚在洲際棒球場與古巴隊打得難分難捨，演出本屆經典賽首次突破僵局制，義大利打完10局才以6：3拿下勝利，古巴則吞下二連敗。前大聯盟投手哈維今年跟隨義大利來台，扛起首戰先發任務，面對古巴以40球投完3局，僅被敲2支安打，另有1次保送，沒有掉分。前五局兩隊偶有攻勢，但都未能得分，直到6局上古巴先發投手伊萊斯（Roenis Elias）退場，義大利趁機發動攻勢，弗里利克（Sal Frelick）、帕斯昆汀（Vinnie Pasquantino）、佛列契（Dominic Fletcher）都敲出安打，1出局後攻占滿壘，蘇利文（Brett Sullivan）的高飛犧牲打敲回全場第一分。世界棒球經典賽A組預賽，義大利隊先發投手哈維（Matt Harvey）。圖／悍創運動行銷提供7局上義大利再靠著洛培茲（Nicky Lopez）的一壘安打、馬斯特羅波尼（Miles Mastrobuoni）打到全壘打牆的二壘安打，攻下1分。7局下古巴總算打破鴨蛋，阿魯巴耶納（Erisbel Arruebarrena）敲出安打後靠著失誤一口氣衝上三壘，一度被誤會離壘慶祝遭觸殺，但經過輔助判決還公道，下一棒昆塔納（Lorenzo Quintana）敲安攻下1分打點；8局下更是由阿魯巴耶納敲安追平比數。兩隊正規9局打完戰成平手，進入延長賽突破僵局制，義大利在10局上猛攻4分，古巴雖然在10局下也攻下1分，但無力追趕。 ▪ 經典賽即時新聞 ▪ 最新比分與完整賽程 ▪ 預賽分組戰績表 ▪ 經典賽專欄分析 經典賽WBC風雲                    中華隊以慘敗在世界棒球經典賽開局，面臨更加崎嶇的晉級之路，今天由江少慶先發面對滿載大聯盟戰力的義大利隊，盤點兩隊今晚一戰...                                      中華隊WBC首戰敗給巴拿馬，吞下跨屆7連敗，今晚7點將對決義大利，中華隊推出效力中職富邦悍將的江少慶先發，台灣運彩賠率較看好義大利能獲勝，不讓分賠率1.45。此役中華隊推出江少慶先發，他去年在                                      輸球的隔天，中華隊移師台體大棒球場練習，吉力吉撈・鞏冠帶著隨身音響、放送音樂高調進場，不希望隊友沉浸在輸給巴拿馬隊的低氣...                                      中華隊經典賽首戰以5：12不敵巴拿馬，賽後受到國內大量球迷指責，韓國媒體《MHNSPORTS》也撰文報導，點出中華隊輸球的關鍵。《MHNSPORTS》認為巴拿馬隊擁有大聯盟球員，中華隊則以旅日                                      中國大陸隊昨日在經典賽首戰以1：8不敵日本，不過球員的表現受球迷稱讚，原因是竟有球員能從大谷翔平手中敲安，6局上開路先鋒梁培從日職三振王手中轟出全壘打，再度驚豔球迷，雖然在第8局崩盤輸球，但仍受到網友                                      中國隊昨天不敵投打皆發威的大谷翔平，以1：8不敵日本，賽後中國總教練崔諾（Dean Treanor）也再次讚嘆大谷翔平。崔諾賽前曾表示：「希望大谷翔平來球場時、巴士或計程車可晚點到」，這番言論                  ,UDN
168,經典賽／G2先發！江少慶拚止敗 義大利備戰台式應援,2023-03-09 23:22:00,運動,,https://udn.com/news/story/10785/7021503,世界棒球經典賽首戰輸球後，中華隊第二場將在明天迎戰義大利隊，兩隊先發投手也在今晚出爐，中華隊推出「慶寶」江少慶先發，對上運動家隊投手卡斯特拉尼（Ryan Castellani）。江少慶去年球季效力中職富邦悍將隊，22場先發成績是5勝12敗、防禦率4.70，容易在首局掉分的「1局症」明顯，來到經典賽中華隊也在熱身賽兩次出賽遇到相同狀況，明天首局能否克服亂流將是觀察重點。義大利隊今天與古巴隊打到延長賽才以6：3勝出，總教練皮亞薩（Mike Piazza）表示：「我們知道明天台灣球迷會非常瘋狂，今天對古巴拿下勝利非常重要，回去會好好休息，準備明天的硬戰。」義大利隊先發投手卡斯特拉尼從2020年開始升上大聯盟，第一年先發為主，第二年主要在小聯盟出賽也是先發，去年轉型後援，在大聯盟3場出賽都是後援，2.2局丟掉1分非責失，有1次三振，被上壘率為0.75。【中央社台中9日電】世界棒球經典賽台灣隊首戰吞敗，明天與義大利隊交手沒有退路，台灣隊將派出投手江少慶先發，義大利隊先發投手是卡斯特拉尼（Ryan Castellani）。義大利隊今天預賽首戰與古巴交手，兩隊鏖戰至延長賽才分出勝利，義大利隊10局上攻下4分奠定勝基，以6比3獲勝。台灣昨天預賽首戰不敵巴拿馬，明天將與義大利隊交手，將由投手江少慶先發。江少慶在集訓前期的自辦熱身賽2月21日出賽先發狀況不錯，2月底的售票自辦熱身賽也有先發1場，雖然首局有狀況，但2局過後回穩，投4局失1分。江少慶官辦熱身賽與中職中信兄弟隊交手先發出賽有狀況，開賽接連被敲出長打、投出保送，1局投完失掉3分退場，但當時總教練林岳平還是對他很有信心，相信江少慶會找出問題，在正式比賽拿出最好表現。江少慶是2017年經典賽代表隊成員，當時預賽與荷蘭隊交手，接替先發投手宋家豪登板投球，中繼4.1局僅失1分，表現亮眼，此次經典賽江少慶角色轉換也更成熟，他也希望以好的狀態為國家隊盡一分心力。台灣隊投手教練許銘傑先前受訪提到，對於義大利隊打者的掌握，左打、右打分配平均，除了先發投手，第2任投手安排也需要更詳細準確的分析，還有危機拆彈組的投手安排方式，都會再做更詳細的討論和分析。 ▪ 經典賽即時新聞 ▪ 最新比分與完整賽程 ▪ 預賽分組戰績表 ▪ 經典賽專欄分析 經典賽WBC中華隊                    中華隊以慘敗在世界棒球經典賽開局，面臨更加崎嶇的晉級之路，今天由江少慶先發面對滿載大聯盟戰力的義大利隊，盤點兩隊今晚一戰...                                      中華隊WBC首戰敗給巴拿馬，吞下跨屆7連敗，今晚7點將對決義大利，中華隊推出效力中職富邦悍將的江少慶先發，台灣運彩賠率較看好義大利能獲勝，不讓分賠率1.45。此役中華隊推出江少慶先發，他去年在                                      輸球的隔天，中華隊移師台體大棒球場練習，吉力吉撈・鞏冠帶著隨身音響、放送音樂高調進場，不希望隊友沉浸在輸給巴拿馬隊的低氣...                                      中華隊經典賽首戰以5：12不敵巴拿馬，賽後受到國內大量球迷指責，韓國媒體《MHNSPORTS》也撰文報導，點出中華隊輸球的關鍵。《MHNSPORTS》認為巴拿馬隊擁有大聯盟球員，中華隊則以旅日                                      中國大陸隊昨日在經典賽首戰以1：8不敵日本，不過球員的表現受球迷稱讚，原因是竟有球員能從大谷翔平手中敲安，6局上開路先鋒梁培從日職三振王手中轟出全壘打，再度驚豔球迷，雖然在第8局崩盤輸球，但仍受到網友                                      中國隊昨天不敵投打皆發威的大谷翔平，以1：8不敵日本，賽後中國總教練崔諾（Dean Treanor）也再次讚嘆大谷翔平。崔諾賽前曾表示：「希望大谷翔平來球場時、巴士或計程車可晚點到」，這番言論                  ,UDN
169,經典賽／換投時機惹議 許銘傑自責：我做得不夠好,2023-03-10 01:12:00,運動,,https://udn.com/news/story/10785/7021587,中華隊在世界棒球經典賽首戰以五比十二慘敗巴拿馬隊，在世界棒球經典賽首戰吞敗，兩個換投時機點都導致大量失分，教練團調度引起討論；投手教練許銘傑表示，派出投手都是信任他們，「可能是我做得不夠好。」中華隊前天在四局上先發投手胡智爲先出現危機，丟掉一分後，接替的陳冠偉也未能凍結跑者，引發單局失五分；六局上則是動用了三名投手，鄧愷威、曾峻岳都是一人次沒解決、失三分，直到吳哲源上來才踩住煞車。總教練林岳平表示，當下安排陳冠偉上場是看好他的高三振率；許銘傑則表示，考量陳冠偉的變化球可以壓制打者，希望可以把傷害壓到最低。至於鄧愷威的狀況，許銘傑表示，希望借助他在美職的經驗對抗中南美州打者；林岳平則指出，鄧愷威主要是心理影響生理，「球隊這邊都有運動心理師，也了解他的狀況，主要是思緒太複雜，會幫助他調整，後面比賽希望可以幫助到球隊。」首場比賽打完後，投手表現不盡理想，許銘傑表示，還是鼓勵選手，看得出來大家很緊張；林岳平也說，趁休兵日鼓勵球員，「尤其投手要再大膽一點，無謂的壞球、保送只會帶來麻煩。」中華隊投手調度的模式主要由總教練林岳平與許銘傑討論後，做出安排，牛棚教練王建民則是負責觀察後援投手狀況，許銘傑表示，對於首戰輸球，不能責怪任何人，「可能是我做得不夠好。」 ▪ 經典賽即時新聞 ▪ 最新比分與完整賽程 ▪ 預賽分組戰績表 ▪ 經典賽專欄分析 經典賽WBC中華隊許銘傑林岳平鄧愷威陳冠偉曾峻岳王建民吳哲源                    中華隊以慘敗在世界棒球經典賽開局，面臨更加崎嶇的晉級之路，今天由江少慶先發面對滿載大聯盟戰力的義大利隊，盤點兩隊今晚一戰...                                      中華隊WBC首戰敗給巴拿馬，吞下跨屆7連敗，今晚7點將對決義大利，中華隊推出效力中職富邦悍將的江少慶先發，台灣運彩賠率較看好義大利能獲勝，不讓分賠率1.45。此役中華隊推出江少慶先發，他去年在                                      輸球的隔天，中華隊移師台體大棒球場練習，吉力吉撈・鞏冠帶著隨身音響、放送音樂高調進場，不希望隊友沉浸在輸給巴拿馬隊的低氣...                                      中華隊經典賽首戰以5：12不敵巴拿馬，賽後受到國內大量球迷指責，韓國媒體《MHNSPORTS》也撰文報導，點出中華隊輸球的關鍵。《MHNSPORTS》認為巴拿馬隊擁有大聯盟球員，中華隊則以旅日                                      中國大陸隊昨日在經典賽首戰以1：8不敵日本，不過球員的表現受球迷稱讚，原因是竟有球員能從大谷翔平手中敲安，6局上開路先鋒梁培從日職三振王手中轟出全壘打，再度驚豔球迷，雖然在第8局崩盤輸球，但仍受到網友                                      中國隊昨天不敵投打皆發威的大谷翔平，以1：8不敵日本，賽後中國總教練崔諾（Dean Treanor）也再次讚嘆大谷翔平。崔諾賽前曾表示：「希望大谷翔平來球場時、巴士或計程車可晚點到」，這番言論                  ,UDN
170,經典賽／江少慶戰「美國二隊」 鞏冠喊話：我們是最強的,2023-03-10 00:29:00,運動,,https://udn.com/news/story/10785/7021590,輸球的隔天，中華隊移師台體大棒球場練習，吉力吉撈・鞏冠帶著隨身音響、放送音樂高調進場，不希望隊友沉浸在輸給巴拿馬隊的低氣壓，收拾心情展望今晚對戰義大利隊，「我們是台灣，我們是最強的。」中華隊推出江少慶扛起第二戰先發，他去年在中職賽季出賽廿二場，拿下五勝十二敗，防禦率四點七○；義大利隊在昨天打到突破僵局制，延長賽十局以六比三擊敗古巴隊、奪得首勝後，也公布由運動家隊投手卡斯特拉尼先發。義大利隊今年陣容滿滿大聯盟球員，堪稱美國二隊，昨晚在前大聯盟投手「黑暗騎士」哈維領軍下，讓古巴隊吞下二連敗，先發九棒也有五名現役大聯盟球員，包括敲出雙安、兩分打點的洛培茲。中華隊第二場面對義大利隊要力拚止敗，總教練林岳平不願透露太多情蒐資訊，僅表示義大利隊帶了十七名投手，投手穩定度會是強項，在這項賽事投手戰力也是重點，短期賽事「每一場都是背水一戰」。中華隊江少慶對義大利扛起先發重任。記者黃仲裕／攝影投手教練許銘傑則提到，義大利隊打線方面，左打、右打分配平均，「第二任投手會很重要，先發完接手的人選，要有更準確的分析，至於拆彈組的安排，教練團也會更詳細討論。」吉力吉撈・鞏冠首戰並未先發，但在後段上場代打，總計兩打席一次三振、一次保送，跑回一分，作為中職全壘打王，他的攻擊火力是中華隊所需。練球日吉力吉撈也努力炒熱氣氛，不斷大聲鼓勵隊友，「我們是最強的」、「不要在意」，吉力吉撈表示，第一場大家打得不錯，只不過有些打的強勁的剛好運氣不好，球員也有聚在一起談話，約定好了，「 要一起往前，專心接下來的比賽，一場一場來。」雖然中華隊首戰慘敗，但義大利隊總教練皮亞薩表示，不會因此輕忽中華隊，並點出中華隊縱使身材、力道可能不同其他球隊，但有「紀律、基本功、控球」三強項，不是那麼容易面對，「也告訴球員，不要受到其他比賽結果影響，專注在當下的比賽，希望成為前兩名脫穎而出。」 ▪ 經典賽即時新聞 ▪ 最新比分與完整賽程 ▪ 預賽分組戰績表 ▪ 經典賽專欄分析 經典賽WBC中華隊吉力吉撈鞏冠哈維林岳平洛培茲江少慶棒球                    中華隊以慘敗在世界棒球經典賽開局，面臨更加崎嶇的晉級之路，今天由江少慶先發面對滿載大聯盟戰力的義大利隊，盤點兩隊今晚一戰...                                      中華隊WBC首戰敗給巴拿馬，吞下跨屆7連敗，今晚7點將對決義大利，中華隊推出效力中職富邦悍將的江少慶先發，台灣運彩賠率較看好義大利能獲勝，不讓分賠率1.45。此役中華隊推出江少慶先發，他去年在                                      輸球的隔天，中華隊移師台體大棒球場練習，吉力吉撈・鞏冠帶著隨身音響、放送音樂高調進場，不希望隊友沉浸在輸給巴拿馬隊的低氣...                                      中華隊經典賽首戰以5：12不敵巴拿馬，賽後受到國內大量球迷指責，韓國媒體《MHNSPORTS》也撰文報導，點出中華隊輸球的關鍵。《MHNSPORTS》認為巴拿馬隊擁有大聯盟球員，中華隊則以旅日                                      中國大陸隊昨日在經典賽首戰以1：8不敵日本，不過球員的表現受球迷稱讚，原因是竟有球員能從大谷翔平手中敲安，6局上開路先鋒梁培從日職三振王手中轟出全壘打，再度驚豔球迷，雖然在第8局崩盤輸球，但仍受到網友                                      中國隊昨天不敵投打皆發威的大谷翔平，以1：8不敵日本，賽後中國總教練崔諾（Dean Treanor）也再次讚嘆大谷翔平。崔諾賽前曾表示：「希望大谷翔平來球場時、巴士或計程車可晚點到」，這番言論                  ,UDN
171,經典賽／南韓爆冷輸澳洲 對日本沒有再輸本錢,2023-03-10 00:33:00,運動,,https://udn.com/news/story/10785/7021605,世界棒球經典賽B組賽事昨在東京巨蛋開打，第一場比賽就出現爆冷場面，南韓隊投手群無法抵擋澳洲隊砲火，被打三轟，終場以七比八落敗，也是連續三屆經典賽首戰輸球，爭取八強門票出現重大危機，今晚對決地主日本隊沒有再敗本錢。南韓昨天動用七名投手，被揮出十支安打，包括五局上甘納利陽春砲，七局上葛蘭丁寧三分砲、八局上柏金斯三分砲，輸掉這場賽前評估非贏不可的比賽，全隊陷入低氣壓；南韓總教練李强喆要所有人把輸球拋在腦後，打好接下來三戰，最重要當然是日韓大戰。從南韓過去第一場戰況分析，二○一三年來台以○比五輸給荷蘭、一七年身為地主又以一比二輸給以色列，打完分組賽都遭淘汰，今年恐怕也不樂觀，接下來三戰依序對戰日本、捷克、中國大陸，世仇日本無疑是最大障礙。日本今天推出達比修有登板先發，李强喆坦言這位大聯盟強投很出色，將動用卅四歲左投金廣鉉應戰，他說：「金廣鉉過去國際賽經驗豐富，對決日本需要這種老將在前幾局定調，儘管對方很了解他，還是要推他上去；日韓大戰向來特別，一定要搶下勝利。」 ▪ 經典賽即時新聞 ▪ 最新比分與完整賽程 ▪ 預賽分組戰績表 ▪ 經典賽專欄分析 經典賽WBC風雲                    中華隊以慘敗在世界棒球經典賽開局，面臨更加崎嶇的晉級之路，今天由江少慶先發面對滿載大聯盟戰力的義大利隊，盤點兩隊今晚一戰...                                      中華隊WBC首戰敗給巴拿馬，吞下跨屆7連敗，今晚7點將對決義大利，中華隊推出效力中職富邦悍將的江少慶先發，台灣運彩賠率較看好義大利能獲勝，不讓分賠率1.45。此役中華隊推出江少慶先發，他去年在                                      輸球的隔天，中華隊移師台體大棒球場練習，吉力吉撈・鞏冠帶著隨身音響、放送音樂高調進場，不希望隊友沉浸在輸給巴拿馬隊的低氣...                                      中華隊經典賽首戰以5：12不敵巴拿馬，賽後受到國內大量球迷指責，韓國媒體《MHNSPORTS》也撰文報導，點出中華隊輸球的關鍵。《MHNSPORTS》認為巴拿馬隊擁有大聯盟球員，中華隊則以旅日                                      中國大陸隊昨日在經典賽首戰以1：8不敵日本，不過球員的表現受球迷稱讚，原因是竟有球員能從大谷翔平手中敲安，6局上開路先鋒梁培從日職三振王手中轟出全壘打，再度驚豔球迷，雖然在第8局崩盤輸球，但仍受到網友                                      中國隊昨天不敵投打皆發威的大谷翔平，以1：8不敵日本，賽後中國總教練崔諾（Dean Treanor）也再次讚嘆大谷翔平。崔諾賽前曾表示：「希望大谷翔平來球場時、巴士或計程車可晚點到」，這番言論                  ,UDN
172,經典賽／球迷看得過癮！ 大谷揮灑雙刀 預賽還能投,2023-03-10 00:29:00,運動,,https://udn.com/news/story/10785/7021607,日本隊挑戰世界棒球經典賽第三冠，昨在東京巨蛋邁出第一步，人氣最旺的大谷翔平盡情揮灑二刀流，不但先發四局只被一安、無失分奪勝，還以三棒指定打擊身分打滿全場，貢獻二安、二打點，幫助日本八比一獲勝，讓全場超過四萬一千名球迷看得相當過癮。大谷開賽連續解決十人次，直到四局上一出局後，才被中國大陸隊二棒楊晉揮出左外野安打，用四十九球完成生涯在經典賽首次投球任務，飆出五次三振、未有保送。大谷一共面對十三名打者，對十一人球速都達一百五十五公里以上，最快一百六十，不過第四局一百五十九公里速球被楊晉打破無安打，這位出身上海紅鷹隊的廿四歲內野手堪稱「一戰成名」。日本全場動用四名投手大谷、戶郷翔征、湯淺京己、伊藤大海，只被揮出三支安打，狂飆十七次三振，大陸先發九棒都逃不掉；但戶郷六局上也遭隸屬北京猛虎隊的梁培開轟，大陸因而逃過被完封命運。日本全場出現九支安打，包括牧秀悟七局下陽春砲，打完七局只以四比一領先，八局下一口氣打了十人次、包括大谷單局兩個打席，攻下四分拉大比數差距。大谷投球數未達五十，根據經典賽規定，分組賽對捷克、澳洲還可再登板，但機會應不高，一般預料他將在關鍵八強賽登板，為日本力拚四強門票。 ▪ 經典賽即時新聞 ▪ 最新比分與完整賽程 ▪ 預賽分組戰績表 ▪ 經典賽專欄分析 經典賽WBC中華隊大谷翔平伊藤大海湯淺京己                    中華隊以慘敗在世界棒球經典賽開局，面臨更加崎嶇的晉級之路，今天由江少慶先發面對滿載大聯盟戰力的義大利隊，盤點兩隊今晚一戰...                                      中華隊WBC首戰敗給巴拿馬，吞下跨屆7連敗，今晚7點將對決義大利，中華隊推出效力中職富邦悍將的江少慶先發，台灣運彩賠率較看好義大利能獲勝，不讓分賠率1.45。此役中華隊推出江少慶先發，他去年在                                      輸球的隔天，中華隊移師台體大棒球場練習，吉力吉撈・鞏冠帶著隨身音響、放送音樂高調進場，不希望隊友沉浸在輸給巴拿馬隊的低氣...                                      中華隊經典賽首戰以5：12不敵巴拿馬，賽後受到國內大量球迷指責，韓國媒體《MHNSPORTS》也撰文報導，點出中華隊輸球的關鍵。《MHNSPORTS》認為巴拿馬隊擁有大聯盟球員，中華隊則以旅日                                      中國大陸隊昨日在經典賽首戰以1：8不敵日本，不過球員的表現受球迷稱讚，原因是竟有球員能從大谷翔平手中敲安，6局上開路先鋒梁培從日職三振王手中轟出全壘打，再度驚豔球迷，雖然在第8局崩盤輸球，但仍受到網友                                      中國隊昨天不敵投打皆發威的大谷翔平，以1：8不敵日本，賽後中國總教練崔諾（Dean Treanor）也再次讚嘆大谷翔平。崔諾賽前曾表示：「希望大谷翔平來球場時、巴士或計程車可晚點到」，這番言論                  ,UDN
173,經典賽／美國熱身賽首戰輸巨人 超豪華打線僅4安,2023-03-10 06:07:00,運動,,https://udn.com/news/story/10785/7021737,世界棒球經典賽（WBC）身兼地主與衛冕軍的美國隊8日熱身賽首戰，排出豪華打線，但僅敲4支安打，1比5輸給舊金山巨人隊。美國是上屆經典賽冠軍，本屆陣容再升級，派出號稱歷屆最強陣容衛冕，與日本、多明尼加被視為三大奪冠熱門。美國8日晚間在亞利桑那州的舊金山巨人春訓基地進行首場熱身賽，為11日（台灣時間12日上午10時）預賽首戰英國準備。大聯盟官網報導，舊金山巨人總教練凱普勒（Gabe Kapler）用「荒謬」（ridiculous）形容這支美國隊的陣容，「這個打線甚至比很多明星賽打線更好」。來自紐約大都會的二壘手、2022年球季以3成26打擊率拿下國家聯盟打擊王的麥尼爾（Jeff McNeil）排到第9棒，可見這個打線有多豪華。星度滿點的美國隊沒有特別集訓，眾球星各自在母隊春訓，直到熱身賽前一天首次集合練球。8日對巨人練習賽，打線似乎還在暖機，全場4支安打得1分。1棒貝茲（Mookie Betts）稱職扮演開路先鋒，敲出二壘安打外，2次獲得四壞保送上壘。3棒高史密特（Paul Goldschmidt）6局敲出陽春全壘打，攻下全隊唯一分數。投手方面，紅雀投手米柯拉斯（Miles Mikolas）先發2.2局失2分退場，後續6名投手接力完成比賽，共被巨人打線敲出10支安打，包括維拉（David Villar）6局下陽春全壘打，共失5分。美國隊今天第2場熱身賽，作客洛杉磯天使春訓基地，隊長楚勞特（Mike Trout）將與母隊交手。美國在預賽C組賽程從11日首戰英國開始，12日對墨西哥、13日對加拿大、15日對哥倫比亞，場地都是在亞利桑那響尾蛇隊主場大通球場（Chase Field）。 ▪ 經典賽即時新聞 ▪ 最新比分與完整賽程 ▪ 預賽分組戰績表 ▪ 經典賽專欄分析 經典賽WBC風雲                    中華隊以慘敗在世界棒球經典賽開局，面臨更加崎嶇的晉級之路，今天由江少慶先發面對滿載大聯盟戰力的義大利隊，盤點兩隊今晚一戰...                                      中華隊WBC首戰敗給巴拿馬，吞下跨屆7連敗，今晚7點將對決義大利，中華隊推出效力中職富邦悍將的江少慶先發，台灣運彩賠率較看好義大利能獲勝，不讓分賠率1.45。此役中華隊推出江少慶先發，他去年在                                      輸球的隔天，中華隊移師台體大棒球場練習，吉力吉撈・鞏冠帶著隨身音響、放送音樂高調進場，不希望隊友沉浸在輸給巴拿馬隊的低氣...                                      中華隊經典賽首戰以5：12不敵巴拿馬，賽後受到國內大量球迷指責，韓國媒體《MHNSPORTS》也撰文報導，點出中華隊輸球的關鍵。《MHNSPORTS》認為巴拿馬隊擁有大聯盟球員，中華隊則以旅日                                      中國大陸隊昨日在經典賽首戰以1：8不敵日本，不過球員的表現受球迷稱讚，原因是竟有球員能從大谷翔平手中敲安，6局上開路先鋒梁培從日職三振王手中轟出全壘打，再度驚豔球迷，雖然在第8局崩盤輸球，但仍受到網友                                      中國隊昨天不敵投打皆發威的大谷翔平，以1：8不敵日本，賽後中國總教練崔諾（Dean Treanor）也再次讚嘆大谷翔平。崔諾賽前曾表示：「希望大谷翔平來球場時、巴士或計程車可晚點到」，這番言論                  ,UDN
174,經典賽／大谷如遊戲般的存在 日裔隊友：得掐自己確認真假,2023-03-10 11:28:00,運動,,https://udn.com/news/story/10785/7021801,大谷翔平9日在世界棒球經典賽（WBC）首戰率日本8比1擊敗中國隊，他在東京巨蛋球場獲得英雄式的歡迎，有球迷說大谷是創造歷史的偉大球員，「所有小孩都想跟大谷一樣」。日本9日在東京對上中國，大谷翔平擔任先發投手兼第3棒指定打擊，展現二刀流丰采，主投前3局都讓中國3上3下，直到4局上才被楊晉擊出一支一壘安打。總計他投4局49球，當中有32顆好球，送出5次三振，時速100英里（161公里）速球連發。打擊方面，大谷翔平4打數2安打，獲得兩次保送，貢獻2分打點，堪稱投打兼備。大谷翔平2017年因傷放棄出賽，這次是他首度參加經典賽，也是他自5年前加入美國職棒大聯盟MLB洛杉磯天使後，首次在東京出賽，他也沒讓現場4萬多名球迷失望。比賽開始前幾個鐘頭，現場群眾愈來愈興奮，球迷排隊購買寫著日本球員名字的球衣。大谷旋風讓日本球迷瘋狂。 美聯社大谷旋風讓日本球迷瘋狂。 美聯社25歲辦公室職員宮下（Ami Miyashita，譯音）告訴法新社，大谷翔平是她的最愛。她說大谷翔平「真的很受歡迎，每個人都敬佩他…他是創造歷史的偉大球員，他個性很好，而且很可愛」。大谷旋風讓日本球迷瘋狂。 美聯社23歲棒球迷白水（Hotaru Shiromizu，譯音）花了約80美元（約新台幣2500元）入場，他頭戴日本隊球帽，身穿洛杉磯天使的球衣，一邊用翻譯應用程式（App）告訴美聯社：「他（大谷翔平）是傳奇球員，但他不只是個好球員。」「他的抱負、他的成就，對所有日本人都有正面影響。…所有小孩都想跟大谷一樣。」大谷翔平的隊友也對他的表現印象深刻。日裔美籍效力MLB聖路易紅雀的努特巴爾讚大谷就像電玩遊戲般的存在。 法新社日裔美籍效力MLB聖路易紅雀的努特巴爾（Lars Nootbaar）說，大谷翔平猶如「電玩遊戲」一般的存在，「每次我看他上場，都得掐自己一下」，以確認所見屬實。努特巴爾說，「那跟我看過的都不一樣」，「他是個特別的天才」。本屆經典賽參賽的20個國家隊伍分成A、B、C、D共4組，分別在台灣台中、日本東京、美國亞利桑那州、美國佛羅里達州爭取晉級機會。日本、韓國、澳洲、中國、捷克同屬B組。據大谷翔平透露，10日日本對戰韓國一役的先發是達比修有。 ▪ 經典賽即時新聞 ▪ 最新比分與完整賽程 ▪ 預賽分組戰績表 ▪ 經典賽專欄分析 經典賽WBC中華隊WBC風雲                    中華隊以慘敗在世界棒球經典賽開局，面臨更加崎嶇的晉級之路，今天由江少慶先發面對滿載大聯盟戰力的義大利隊，盤點兩隊今晚一戰...                                      中華隊WBC首戰敗給巴拿馬，吞下跨屆7連敗，今晚7點將對決義大利，中華隊推出效力中職富邦悍將的江少慶先發，台灣運彩賠率較看好義大利能獲勝，不讓分賠率1.45。此役中華隊推出江少慶先發，他去年在                                      輸球的隔天，中華隊移師台體大棒球場練習，吉力吉撈・鞏冠帶著隨身音響、放送音樂高調進場，不希望隊友沉浸在輸給巴拿馬隊的低氣...                                      中華隊經典賽首戰以5：12不敵巴拿馬，賽後受到國內大量球迷指責，韓國媒體《MHNSPORTS》也撰文報導，點出中華隊輸球的關鍵。《MHNSPORTS》認為巴拿馬隊擁有大聯盟球員，中華隊則以旅日                                      中國大陸隊昨日在經典賽首戰以1：8不敵日本，不過球員的表現受球迷稱讚，原因是竟有球員能從大谷翔平手中敲安，6局上開路先鋒梁培從日職三振王手中轟出全壘打，再度驚豔球迷，雖然在第8局崩盤輸球，但仍受到網友                                      中國隊昨天不敵投打皆發威的大谷翔平，以1：8不敵日本，賽後中國總教練崔諾（Dean Treanor）也再次讚嘆大谷翔平。崔諾賽前曾表示：「希望大谷翔平來球場時、巴士或計程車可晚點到」，這番言論                  ,UDN
175,經典賽／非勝義不可 花蓮直播派對市代會主席送百份義大利麵,2023-03-10 08:43:00,運動,,https://udn.com/news/story/10785/7021862,世界棒球經典賽A組預賽在台灣熱鬧開打，中華隊首戰敗給巴拿馬，今晚迎戰義大利隊有非勝不可的壓力，更要力拼第一勝。花蓮市公所辦直播派對，市代會主席李振瑋將在現場送出百份義大利麵，邀球迷「吃爆義大利麵打敗義大利隊」!A組有中華隊、巴拿馬、義大利、古巴和荷蘭共5隊，實力都相當強勁，場場精彩。花蓮市公所獲得市代會全力支持，與遠百花蓮店合作，預賽中華隊4場賽事，在花蓮遠百後門廣場架起200吋大螢幕，全程轉播還送加油棒，讓球迷熱情吶喊加油。中華隊8日首戰迎戰巴拿馬，直播派對吸引大批球迷，氣氛熱烈，市長魏嘉彥、縣議員魏嘉賢、遠百花蓮店長黃永芳及代表會副主席黃達祥都到場一同為中華隊加油。首戰落敗後，中華隊今晚7時將進行第二場賽事，面對的是這次陣容整齊，頗受看好，昨晚在延長賽打敗古巴隊的義大利隊。李振瑋說，今晚直播派對，他會在現場準備100份義大利麵，讓前往替中華隊加油打氣的朋友們享用，邀請球迷「吃義大利麵打敗義大利」，一起為中華隊加油，不見不散。花蓮市公所與遠東百貨花蓮店，合辦4場經典賽直播派對，吸引大批花蓮球迷，透過大螢幕為中華隊加油。圖／市公所提供 ▪ 經典賽即時新聞 ▪ 最新比分與完整賽程 ▪ 預賽分組戰績表 ▪ 經典賽專欄分析 經典賽WBC中華隊                    中華隊以慘敗在世界棒球經典賽開局，面臨更加崎嶇的晉級之路，今天由江少慶先發面對滿載大聯盟戰力的義大利隊，盤點兩隊今晚一戰...                                      中華隊WBC首戰敗給巴拿馬，吞下跨屆7連敗，今晚7點將對決義大利，中華隊推出效力中職富邦悍將的江少慶先發，台灣運彩賠率較看好義大利能獲勝，不讓分賠率1.45。此役中華隊推出江少慶先發，他去年在                                      輸球的隔天，中華隊移師台體大棒球場練習，吉力吉撈・鞏冠帶著隨身音響、放送音樂高調進場，不希望隊友沉浸在輸給巴拿馬隊的低氣...                                      中華隊經典賽首戰以5：12不敵巴拿馬，賽後受到國內大量球迷指責，韓國媒體《MHNSPORTS》也撰文報導，點出中華隊輸球的關鍵。《MHNSPORTS》認為巴拿馬隊擁有大聯盟球員，中華隊則以旅日                                      中國大陸隊昨日在經典賽首戰以1：8不敵日本，不過球員的表現受球迷稱讚，原因是竟有球員能從大谷翔平手中敲安，6局上開路先鋒梁培從日職三振王手中轟出全壘打，再度驚豔球迷，雖然在第8局崩盤輸球，但仍受到網友                                      中國隊昨天不敵投打皆發威的大谷翔平，以1：8不敵日本，賽後中國總教練崔諾（Dean Treanor）也再次讚嘆大谷翔平。崔諾賽前曾表示：「希望大谷翔平來球場時、巴士或計程車可晚點到」，這番言論                  ,UDN
176,經典賽／挺中華隊風向變了？ 台灣運彩較看好對手義大利,2023-03-10 09:59:00,運動,,https://udn.com/news/story/10785/7021965,中華隊WBC首戰敗給巴拿馬，吞下跨屆7連敗，今晚7點將對決義大利，中華隊推出效力中職富邦悍將的江少慶先發，台灣運彩賠率較看好義大利能獲勝，不讓分賠率1.45。此役中華隊推出江少慶先發，他去年在中職5勝12敗、防禦率4.70；義大利則推出26歲右投卡斯特拉尼（Ryan Castellani）先發，他去年效力美職運動家3A擔任後援投手，29.1局出現48次保送，防禦率11.97。中華隊本屆與荷蘭、古巴、義大利和巴拿馬同屬A組，義大利昨晚在延長賽以6：3擊敗古巴，中華隊首戰對巴拿馬則以5：12落敗，若今晚再輸，晉級8強的機會將相當渺茫。台灣運彩也對本場比賽開盤，看好義大利能2連勝，義大利不讓分贏球賠率僅1.45倍、中華隊則是2.15倍；讓分盤投注義大利-1.5，賠率1.75倍、台灣+1.5，賠率1.75倍。 ▪ 經典賽即時新聞 ▪ 最新比分與完整賽程 ▪ 預賽分組戰績表 ▪ 經典賽專欄分析 經典賽WBC中華隊                    中華隊以慘敗在世界棒球經典賽開局，面臨更加崎嶇的晉級之路，今天由江少慶先發面對滿載大聯盟戰力的義大利隊，盤點兩隊今晚一戰...                                      中華隊WBC首戰敗給巴拿馬，吞下跨屆7連敗，今晚7點將對決義大利，中華隊推出效力中職富邦悍將的江少慶先發，台灣運彩賠率較看好義大利能獲勝，不讓分賠率1.45。此役中華隊推出江少慶先發，他去年在                                      輸球的隔天，中華隊移師台體大棒球場練習，吉力吉撈・鞏冠帶著隨身音響、放送音樂高調進場，不希望隊友沉浸在輸給巴拿馬隊的低氣...                                      中華隊經典賽首戰以5：12不敵巴拿馬，賽後受到國內大量球迷指責，韓國媒體《MHNSPORTS》也撰文報導，點出中華隊輸球的關鍵。《MHNSPORTS》認為巴拿馬隊擁有大聯盟球員，中華隊則以旅日                                      中國大陸隊昨日在經典賽首戰以1：8不敵日本，不過球員的表現受球迷稱讚，原因是竟有球員能從大谷翔平手中敲安，6局上開路先鋒梁培從日職三振王手中轟出全壘打，再度驚豔球迷，雖然在第8局崩盤輸球，但仍受到網友                                      中國隊昨天不敵投打皆發威的大谷翔平，以1：8不敵日本，賽後中國總教練崔諾（Dean Treanor）也再次讚嘆大谷翔平。崔諾賽前曾表示：「希望大谷翔平來球場時、巴士或計程車可晚點到」，這番言論                  ,UDN
177,經典賽／相信有機會打敗達比修有 南韓教頭：沒放棄創造奇蹟,2023-03-10 10:13:00,運動,,https://udn.com/news/story/10785/7021997,經典賽B組預賽今晚6點將上演「日韓大戰」，日本將推出教士強投達比修有掛帥先發。昨天爆冷輸給澳洲的南韓則推出「日本殺手」金廣鉉，面對今晚非贏不可的比賽，南韓總教練李强喆表示，「目前還沒放棄創造奇蹟。」南韓首戰以7：8爆冷不敵澳洲，隔天又要對決強敵日本，壓力非常大，李強喆坦言，「只有戰勝日本隊才會出現一線生機，目前沒有放棄創造奇蹟。」南韓今天預計推出34歲左投金廣鉉，他曾在2008年北京奧運預賽對日本先發5.1局失1分，四強賽再度面對日本先發8局僅失2分，因此獲得「日本殺手」的美譽。李強喆希望金廣鉉的豐富國際賽經驗，能在比賽前半段發揮影響力，此戰將全力求勝，所有能用的投手都將待命上陣。至於如何擊敗達比修有，李強喆表示，「雖然達比修有是大聯盟等級的投手，很難對付，但仍有機會打敗他，期望能串連攻勢，投打都有好的發揮。」 ▪ 經典賽即時新聞 ▪ 最新比分與完整賽程 ▪ 預賽分組戰績表 ▪ 經典賽專欄分析 經典賽WBC風雲                    中華隊以慘敗在世界棒球經典賽開局，面臨更加崎嶇的晉級之路，今天由江少慶先發面對滿載大聯盟戰力的義大利隊，盤點兩隊今晚一戰...                                      中華隊WBC首戰敗給巴拿馬，吞下跨屆7連敗，今晚7點將對決義大利，中華隊推出效力中職富邦悍將的江少慶先發，台灣運彩賠率較看好義大利能獲勝，不讓分賠率1.45。此役中華隊推出江少慶先發，他去年在                                      輸球的隔天，中華隊移師台體大棒球場練習，吉力吉撈・鞏冠帶著隨身音響、放送音樂高調進場，不希望隊友沉浸在輸給巴拿馬隊的低氣...                                      中華隊經典賽首戰以5：12不敵巴拿馬，賽後受到國內大量球迷指責，韓國媒體《MHNSPORTS》也撰文報導，點出中華隊輸球的關鍵。《MHNSPORTS》認為巴拿馬隊擁有大聯盟球員，中華隊則以旅日                                      中國大陸隊昨日在經典賽首戰以1：8不敵日本，不過球員的表現受球迷稱讚，原因是竟有球員能從大谷翔平手中敲安，6局上開路先鋒梁培從日職三振王手中轟出全壘打，再度驚豔球迷，雖然在第8局崩盤輸球，但仍受到網友                                      中國隊昨天不敵投打皆發威的大谷翔平，以1：8不敵日本，賽後中國總教練崔諾（Dean Treanor）也再次讚嘆大谷翔平。崔諾賽前曾表示：「希望大谷翔平來球場時、巴士或計程車可晚點到」，這番言論                  ,UDN
178,經典運彩／別小看神奇「斜槓族」捷克隊 看好勝中國過盤,2023-03-10 10:27:00,運動,,https://udn.com/news/story/10785/7022051,【文／運彩貓堯舜魚湯】比賽時間: 3/10 11:00捷克與中國被外界戲稱是B組兩支弱旅，不過捷克世界排名可是有第15名，並從資格賽殺出重圍晉級正賽；中國雖然只排名第30名，今天與日本的比賽前段卻展現出韌性緊咬比分，直到最後才氣力放盡，但依舊沒被扣倒，值得嘉許，因此不能小看這兩隊的戰力。本場賽事由捷克隊先攻，中國隊後攻，兩隊目前皆未公布先發投手，相當神秘。就兩隊公佈陣容來看，美職體系球員並不算多，中國以本地聯賽球員為主，捷克甚至有多位斜槓族，醫生、地理老師、分析師、消防員皆入選名單，真的是太神奇了！兩隊交戰可說是既新鮮又陌生的組合，然中國前晚才剛與日本鏖戰到最後一刻，投手群可謂燃燒殆盡，打線又受制於日本強大投手陣只得一分，反觀捷克呈現滿血狀態，且熱身賽的狀態相當不錯，打贏不少勝仗，捷克讓分也有越讓越深的趨勢，捷克有機會過盤。運彩推薦：捷克-1.5 讓分國際盤推薦：捷克 1+40 讓分 ▪ 經典賽即時新聞 ▪ 最新比分與完整賽程 ▪ 預賽分組戰績表 ▪ 經典賽專欄分析 經典賽WBC運彩                    中華隊以慘敗在世界棒球經典賽開局，面臨更加崎嶇的晉級之路，今天由江少慶先發面對滿載大聯盟戰力的義大利隊，盤點兩隊今晚一戰...                                      中華隊WBC首戰敗給巴拿馬，吞下跨屆7連敗，今晚7點將對決義大利，中華隊推出效力中職富邦悍將的江少慶先發，台灣運彩賠率較看好義大利能獲勝，不讓分賠率1.45。此役中華隊推出江少慶先發，他去年在                                      輸球的隔天，中華隊移師台體大棒球場練習，吉力吉撈・鞏冠帶著隨身音響、放送音樂高調進場，不希望隊友沉浸在輸給巴拿馬隊的低氣...                                      中華隊經典賽首戰以5：12不敵巴拿馬，賽後受到國內大量球迷指責，韓國媒體《MHNSPORTS》也撰文報導，點出中華隊輸球的關鍵。《MHNSPORTS》認為巴拿馬隊擁有大聯盟球員，中華隊則以旅日                                      中國大陸隊昨日在經典賽首戰以1：8不敵日本，不過球員的表現受球迷稱讚，原因是竟有球員能從大谷翔平手中敲安，6局上開路先鋒梁培從日職三振王手中轟出全壘打，再度驚豔球迷，雖然在第8局崩盤輸球，但仍受到網友                                      中國隊昨天不敵投打皆發威的大谷翔平，以1：8不敵日本，賽後中國總教練崔諾（Dean Treanor）也再次讚嘆大谷翔平。崔諾賽前曾表示：「希望大谷翔平來球場時、巴士或計程車可晚點到」，這番言論                  ,UDN
179,經典賽／義大利15投今晚可上 中華隊有13投但敢不敢用？,2023-03-10 10:24:00,運動,,https://udn.com/news/story/10785/7022060,中華隊以慘敗在世界棒球經典賽開局，面臨更加崎嶇的晉級之路，今天由江少慶先發面對滿載大聯盟戰力的義大利隊，盤點兩隊今晚一戰的可用投手，中華隊為13人，義大利有2名投手強制「休假」，還有15投在今天的可出賽名單中。經典賽針對投手使用設有球數限制，單場最多球數為預賽65球、八強80球、四強起95球，單場投滿50球需休息4天，滿30球休息1天，不可連續3天出賽。而義大利昨天才迎接首場比賽，打到延長賽突破僵局以6：3擊敗古巴隊，共用6名投手，超過30球的有先發投手哈維（Matt Harvey）、費斯塔（Matt Festa）；同樣跨局投球的帕蘭特（Andre Pallante）和能托利（Vinny Nittoli），都控制在30球內退場，保有在今天登板的機會。義大利因應賽程連打4天，帶了17位投手出征，此役儘管少了去年在大聯盟水手隊後援53場的費斯塔待命，投手戰力無虞。中華隊首戰為8日出戰巴拿馬，賽程休息1天後再對上義大利，也就是只要首戰控制在49球以下，都可在今天出賽，僅先發投手胡智爲使用63球，已確定在預賽無法再上，其餘投手都可以出賽，但首戰多位投手不穩，陳冠偉、鄧愷威、曾峻岳等人都掉分，尤其鄧愷威登板連6顆壞，仍必須忍滿3打席才可換投的煎熬經歷過一次後，還敢不敢用、如何使用考驗教練團智慧與心臟。 ▪ 經典賽即時新聞 ▪ 最新比分與完整賽程 ▪ 預賽分組戰績表 ▪ 經典賽專欄分析 經典賽WBC中華隊                    中華隊以慘敗在世界棒球經典賽開局，面臨更加崎嶇的晉級之路，今天由江少慶先發面對滿載大聯盟戰力的義大利隊，盤點兩隊今晚一戰...                                      中華隊WBC首戰敗給巴拿馬，吞下跨屆7連敗，今晚7點將對決義大利，中華隊推出效力中職富邦悍將的江少慶先發，台灣運彩賠率較看好義大利能獲勝，不讓分賠率1.45。此役中華隊推出江少慶先發，他去年在                                      輸球的隔天，中華隊移師台體大棒球場練習，吉力吉撈・鞏冠帶著隨身音響、放送音樂高調進場，不希望隊友沉浸在輸給巴拿馬隊的低氣...                                      中華隊經典賽首戰以5：12不敵巴拿馬，賽後受到國內大量球迷指責，韓國媒體《MHNSPORTS》也撰文報導，點出中華隊輸球的關鍵。《MHNSPORTS》認為巴拿馬隊擁有大聯盟球員，中華隊則以旅日                                      中國大陸隊昨日在經典賽首戰以1：8不敵日本，不過球員的表現受球迷稱讚，原因是竟有球員能從大谷翔平手中敲安，6局上開路先鋒梁培從日職三振王手中轟出全壘打，再度驚豔球迷，雖然在第8局崩盤輸球，但仍受到網友                                      中國隊昨天不敵投打皆發威的大谷翔平，以1：8不敵日本，賽後中國總教練崔諾（Dean Treanor）也再次讚嘆大谷翔平。崔諾賽前曾表示：「希望大谷翔平來球場時、巴士或計程車可晚點到」，這番言論                  ,UDN
180,經典賽／想震驚世界的計畫失敗 中國教頭：翔平就是翔平,2023-03-10 10:41:00,運動,,https://udn.com/news/story/10785/7022066,中國隊昨天不敵投打皆發威的大谷翔平，以1：8不敵日本，賽後中國總教練崔諾（Dean Treanor）也再次讚嘆大谷翔平。崔諾賽前曾表示：「希望大谷翔平來球場時、巴士或計程車可晚點到」，這番言論被日媒解讀為舉白旗投降，但他在記者會上嚴正否認，強調中國隊絕不會舉白旗，「我們的計畫是讓世界震驚。」中國隊在比賽前半段多次陷入滿壘危機，卻讓日本留下許多殘壘，6局上半開路先鋒梁培開轟後，一度只落後2分，但後續牛棚投手崩盤，最終以7分差落敗。崔納在賽後記者會表示：「輸了。我覺得這句話就夠了。比賽到中間的時候，我還覺得可能有更好的記者會，敲出全壘打的時候，我以為有可能拿下勝利。」對於球隊的表現，崔納給予稱讚，「本來就預期是一場艱苦的比賽，但打線很果斷，有許多很棒的揮擊。不過翔平就是翔平，如預期那樣投了很多好球，告訴大家他是誰。」 ▪ 經典賽即時新聞 ▪ 最新比分與完整賽程 ▪ 預賽分組戰績表 ▪ 經典賽專欄分析 經典賽WBC風雲大谷翔平                    中華隊以慘敗在世界棒球經典賽開局，面臨更加崎嶇的晉級之路，今天由江少慶先發面對滿載大聯盟戰力的義大利隊，盤點兩隊今晚一戰...                                      中華隊WBC首戰敗給巴拿馬，吞下跨屆7連敗，今晚7點將對決義大利，中華隊推出效力中職富邦悍將的江少慶先發，台灣運彩賠率較看好義大利能獲勝，不讓分賠率1.45。此役中華隊推出江少慶先發，他去年在                                      輸球的隔天，中華隊移師台體大棒球場練習，吉力吉撈・鞏冠帶著隨身音響、放送音樂高調進場，不希望隊友沉浸在輸給巴拿馬隊的低氣...                                      中華隊經典賽首戰以5：12不敵巴拿馬，賽後受到國內大量球迷指責，韓國媒體《MHNSPORTS》也撰文報導，點出中華隊輸球的關鍵。《MHNSPORTS》認為巴拿馬隊擁有大聯盟球員，中華隊則以旅日                                      中國大陸隊昨日在經典賽首戰以1：8不敵日本，不過球員的表現受球迷稱讚，原因是竟有球員能從大谷翔平手中敲安，6局上開路先鋒梁培從日職三振王手中轟出全壘打，再度驚豔球迷，雖然在第8局崩盤輸球，但仍受到網友                                      中國隊昨天不敵投打皆發威的大谷翔平，以1：8不敵日本，賽後中國總教練崔諾（Dean Treanor）也再次讚嘆大谷翔平。崔諾賽前曾表示：「希望大谷翔平來球場時、巴士或計程車可晚點到」，這番言論                  ,UDN
181,經典賽／高雄連3天辦直播派對 為中華隊集氣加油,2023-03-10 11:59:00,運動,,https://udn.com/news/story/10785/7022139,高雄市政府運動發展局表示，今天起到12日在苓雅運動中心中庭辦世界棒球經典賽（WBC）派對，現場設300吋LED大螢幕直播台灣隊賽事，邀球迷們一起為台灣隊加油。運發局發布新聞稿表示，取得轉播單位授權公播台灣隊賽事，歡迎球迷免費入場，在大螢幕前與全台球迷一起吶喊，為台灣隊加油。此外，直播現場有餐車飲食，設棒球運動科學體驗區，讓球迷感受揮棒快感，且有舞者擔任啦啦隊，帶動全場氣氛。台灣隊晚間7時對決義大利隊、11日晚間7時對荷蘭隊、12日中午12時對古巴隊。高雄市長陳其邁表示，台灣隊教練團及選手約1/3來自高雄，包含總教練林岳平及球員林子偉等，希望代表高雄一起集氣送祝福給選手們。高雄市運發局10日表示，10至12日將在苓雅運動中心中庭舉辦「2023WBC世界棒球經典賽高雄直播派對」，現場設置300吋LED大螢幕，邀球迷一起為台灣隊加油。 （高雄市運發局提供）中央社 ▪ 經典賽即時新聞 ▪ 最新比分與完整賽程 ▪ 預賽分組戰績表 ▪ 經典賽專欄分析 經典賽WBC中華隊                    中華隊以慘敗在世界棒球經典賽開局，面臨更加崎嶇的晉級之路，今天由江少慶先發面對滿載大聯盟戰力的義大利隊，盤點兩隊今晚一戰...                                      中華隊WBC首戰敗給巴拿馬，吞下跨屆7連敗，今晚7點將對決義大利，中華隊推出效力中職富邦悍將的江少慶先發，台灣運彩賠率較看好義大利能獲勝，不讓分賠率1.45。此役中華隊推出江少慶先發，他去年在                                      輸球的隔天，中華隊移師台體大棒球場練習，吉力吉撈・鞏冠帶著隨身音響、放送音樂高調進場，不希望隊友沉浸在輸給巴拿馬隊的低氣...                                      中華隊經典賽首戰以5：12不敵巴拿馬，賽後受到國內大量球迷指責，韓國媒體《MHNSPORTS》也撰文報導，點出中華隊輸球的關鍵。《MHNSPORTS》認為巴拿馬隊擁有大聯盟球員，中華隊則以旅日                                      中國大陸隊昨日在經典賽首戰以1：8不敵日本，不過球員的表現受球迷稱讚，原因是竟有球員能從大谷翔平手中敲安，6局上開路先鋒梁培從日職三振王手中轟出全壘打，再度驚豔球迷，雖然在第8局崩盤輸球，但仍受到網友                                      中國隊昨天不敵投打皆發威的大谷翔平，以1：8不敵日本，賽後中國總教練崔諾（Dean Treanor）也再次讚嘆大谷翔平。崔諾賽前曾表示：「希望大谷翔平來球場時、巴士或計程車可晚點到」，這番言論                  ,UDN
182,經典賽／美國隊熱身第二戰完封天使 母隊投紅中楚奧特卻軟手,2023-03-10 11:39:00,運動,,https://udn.com/news/story/10785/7022158,由天使隊「神鱒」楚奧特（Mike Trout）領軍的美國豪華打線，昨天在熱身賽首戰不敵巨人隊，今天打線甦醒，紅雀隊亞瑞納多（Nolan Arenado）敲出滿貫砲，終場以6：0擊敗天使隊，不過頭號主砲楚奧特卻遭到自家母隊封鎖。亞瑞納多(右)。 法新社美國今天全場敲出10支安打打下6分，其中紅雀隊亞瑞納多3上敲出滿貫砲，投手群則在響尾蛇強投凱利（Merrill Kelly）3局4K的帶領下，合計送出12次三振，只被敲出5支安打，完封天使。NOLAN ARENADO GRAND SLAM pic.twitter.com/bJKHaYYPzx本場最大的焦點就是楚奧特與母隊天使的對決，他首打席面對安德森（Tyler Anderson）敲出左外野飛球出局。第二打席在一、三壘有人時，又敲出飛球出局，還沒能將三壘跑者送回。第三打席則保送上壘，隨後就被換下場。賽後楚奧特表示，對決天使隊的感覺真的很酷，「很明顯，看著這些與你共同奮戰的人，現在卻要對抗他們，這真的很酷。」楚奧特也笑著說，「首打席第二顆球有點高，但現場同時出現吵雜聲，於是我就錯過那球。」天使總教練尼文（Phil Nevin）賽前曾開玩笑表示，「投手要投外面一點，而且要很外面。」顯然安德森沒有照他的話去做，儘管他兩度解決楚奧特，但球幾乎投在紅中附近。 ▪ 經典賽即時新聞 ▪ 最新比分與完整賽程 ▪ 預賽分組戰績表 ▪ 經典賽專欄分析 經典賽WBC風雲                    中華隊以慘敗在世界棒球經典賽開局，面臨更加崎嶇的晉級之路，今天由江少慶先發面對滿載大聯盟戰力的義大利隊，盤點兩隊今晚一戰...                                      中華隊WBC首戰敗給巴拿馬，吞下跨屆7連敗，今晚7點將對決義大利，中華隊推出效力中職富邦悍將的江少慶先發，台灣運彩賠率較看好義大利能獲勝，不讓分賠率1.45。此役中華隊推出江少慶先發，他去年在                                      輸球的隔天，中華隊移師台體大棒球場練習，吉力吉撈・鞏冠帶著隨身音響、放送音樂高調進場，不希望隊友沉浸在輸給巴拿馬隊的低氣...                                      中華隊經典賽首戰以5：12不敵巴拿馬，賽後受到國內大量球迷指責，韓國媒體《MHNSPORTS》也撰文報導，點出中華隊輸球的關鍵。《MHNSPORTS》認為巴拿馬隊擁有大聯盟球員，中華隊則以旅日                                      中國大陸隊昨日在經典賽首戰以1：8不敵日本，不過球員的表現受球迷稱讚，原因是竟有球員能從大谷翔平手中敲安，6局上開路先鋒梁培從日職三振王手中轟出全壘打，再度驚豔球迷，雖然在第8局崩盤輸球，但仍受到網友                                      中國隊昨天不敵投打皆發威的大谷翔平，以1：8不敵日本，賽後中國總教練崔諾（Dean Treanor）也再次讚嘆大谷翔平。崔諾賽前曾表示：「希望大谷翔平來球場時、巴士或計程車可晚點到」，這番言論                  ,UDN
183,經典運彩／與古巴實力差距不明顯 受讓的巴拿馬勝出也不意外,2023-03-10 11:11:00,運動,,https://udn.com/news/story/10785/7022165,【文／運彩貓小亨利】比賽時間: 3/10 12:30巴拿馬其實沒有冠軍盤賠率給的那麼弱，在晚場接午場的比賽安打也只輸給荷蘭一支，剛好卡在盤口上輸給荷蘭，整體表現還是投優於打。古巴則吞下二連敗，打擊的優勢無法發揮，晚上敗給義大利後本場又是晚場接午場對於調整上多少會有一定影響。古巴先發將派出Ronald Bolanos2022主要在3A41.2局自責分率6.26，，Mlb18.1局自責分率4.42，值得注意的是去年只投了60局就送出30次四死球，而本屆經典賽目前看起來主審的好球帶偏窄對他應該不太有利。巴拿馬的先發則派出去年效力過中職中信兄弟的奧特羅(Andy Otero)先發，2022釀酒人小聯盟通算68.1局自責分率3.42，中華職棒中信兄弟26.2局自責分率4.05，他跟Bolanos都在多明尼加冬季聯盟也出賽紀錄，在自責分率上Bolanos勝出，在被上壘率方面Otero勝出，但兩位實力差距沒有到很明顯。本場本賽開出古巴讓1-60，以兩隊目前的表現巴拿馬咬盤的機會不小，推薦巴拿馬受讓過盤。運彩推薦：巴拿馬+1.5 受讓國際盤推薦：巴拿馬受讓1-60 ▪ 經典賽即時新聞 ▪ 最新比分與完整賽程 ▪ 預賽分組戰績表 ▪ 經典賽專欄分析 經典賽WBC運彩                    中華隊以慘敗在世界棒球經典賽開局，面臨更加崎嶇的晉級之路，今天由江少慶先發面對滿載大聯盟戰力的義大利隊，盤點兩隊今晚一戰...                                      中華隊WBC首戰敗給巴拿馬，吞下跨屆7連敗，今晚7點將對決義大利，中華隊推出效力中職富邦悍將的江少慶先發，台灣運彩賠率較看好義大利能獲勝，不讓分賠率1.45。此役中華隊推出江少慶先發，他去年在                                      輸球的隔天，中華隊移師台體大棒球場練習，吉力吉撈・鞏冠帶著隨身音響、放送音樂高調進場，不希望隊友沉浸在輸給巴拿馬隊的低氣...                                      中華隊經典賽首戰以5：12不敵巴拿馬，賽後受到國內大量球迷指責，韓國媒體《MHNSPORTS》也撰文報導，點出中華隊輸球的關鍵。《MHNSPORTS》認為巴拿馬隊擁有大聯盟球員，中華隊則以旅日                                      中國大陸隊昨日在經典賽首戰以1：8不敵日本，不過球員的表現受球迷稱讚，原因是竟有球員能從大谷翔平手中敲安，6局上開路先鋒梁培從日職三振王手中轟出全壘打，再度驚豔球迷，雖然在第8局崩盤輸球，但仍受到網友                                      中國隊昨天不敵投打皆發威的大谷翔平，以1：8不敵日本，賽後中國總教練崔諾（Dean Treanor）也再次讚嘆大谷翔平。崔諾賽前曾表示：「希望大谷翔平來球場時、巴士或計程車可晚點到」，這番言論                  ,UDN
184,經典賽／江少慶先發抗義搶勝 首要克服首局慢熱問題,2023-03-10 12:05:00,運動,,https://udn.com/news/story/10785/7022226,世界棒球經典賽（WBC）台灣隊今天迎戰義大利隊將滿場球迷入場，義大利派有美職大聯盟資歷的投手卡斯特拉尼先發，台灣推投手江少慶先發搶勝，但要克服開賽「慢熱」問題。WBC的A組預賽8日在台中洲際棒球場開打，台灣首戰以5比12不敵巴拿馬隊，吞下跨屆7連敗，晚間交手義大利全力搶勝；台灣隊總教練林岳平昨天說，預賽4場，每場都背水一戰。江少慶有美國職業棒球資歷，最高層級上到小聯盟（MiLB）3A，是2017年WBC班底，2019年世界12強棒球賽也投出好表現；江少慶在WBC官辦熱身賽先發表現不如預期，但教練團仍十分信任他，而江少慶需想辦法克服過去先發出賽常有首局「慢熱」狀況。卡斯特拉尼（Ryan Castellani）是2014年美職科羅拉多洛磯隊（Colorado Rockies）第2輪選秀指名好手，2020年8月8日完成美職大聯盟（MLB）生涯初登板，2022年改效力奧克蘭運動家隊（Oakland Athletics），去年大多時間在小聯盟3A出賽，但也有3場MLB出賽紀錄。卡斯特拉尼大聯盟生涯累計出賽14場（10場先發），總計投49.1局失掉33分（30分責失分），戰績1勝4敗、防禦率5.47。義大利昨天擊敗古巴隊，總教練皮亞薩（MikePiazza）希望再接再厲搶勝，面對滿場台灣球迷加油場面也有準備，預期台灣球迷會非常瘋狂，會提醒球員專注在場上。 ▪ 經典賽即時新聞 ▪ 最新比分與完整賽程 ▪ 預賽分組戰績表 ▪ 經典賽專欄分析 經典賽WBC中華隊                    中華隊以慘敗在世界棒球經典賽開局，面臨更加崎嶇的晉級之路，今天由江少慶先發面對滿載大聯盟戰力的義大利隊，盤點兩隊今晚一戰...                                      中華隊WBC首戰敗給巴拿馬，吞下跨屆7連敗，今晚7點將對決義大利，中華隊推出效力中職富邦悍將的江少慶先發，台灣運彩賠率較看好義大利能獲勝，不讓分賠率1.45。此役中華隊推出江少慶先發，他去年在                                      輸球的隔天，中華隊移師台體大棒球場練習，吉力吉撈・鞏冠帶著隨身音響、放送音樂高調進場，不希望隊友沉浸在輸給巴拿馬隊的低氣...                                      中華隊經典賽首戰以5：12不敵巴拿馬，賽後受到國內大量球迷指責，韓國媒體《MHNSPORTS》也撰文報導，點出中華隊輸球的關鍵。《MHNSPORTS》認為巴拿馬隊擁有大聯盟球員，中華隊則以旅日                                      中國大陸隊昨日在經典賽首戰以1：8不敵日本，不過球員的表現受球迷稱讚，原因是竟有球員能從大谷翔平手中敲安，6局上開路先鋒梁培從日職三振王手中轟出全壘打，再度驚豔球迷，雖然在第8局崩盤輸球，但仍受到網友                                      中國隊昨天不敵投打皆發威的大谷翔平，以1：8不敵日本，賽後中國總教練崔諾（Dean Treanor）也再次讚嘆大谷翔平。崔諾賽前曾表示：「希望大谷翔平來球場時、巴士或計程車可晚點到」，這番言論                  ,UDN
185,經典賽／中國戰日本前7局網評100分 「2驚奇」可說嘴一輩子,2023-03-10 12:42:00,運動,,https://udn.com/news/story/10785/7022345,中國大陸隊昨日在經典賽首戰以1：8不敵日本，不過球員的表現受球迷稱讚，原因是竟有球員能從大谷翔平手中敲安，6局上開路先鋒梁培從日職三振王手中轟出全壘打，再度驚豔球迷，雖然在第8局崩盤輸球，但仍受到網友讚嘆。昨天「中日大戰」開打前，外界皆預期日本能輕鬆擊敗中國，不過中國在前7局多次化解日本攻勢，只被攻下4分，讓網友直言「前7局100分」、「他們變強了」、「比想像中有韌性」。本場比賽的第一個驚奇是4局上半，中國打者楊晉相中99.4英里（約160公里）速球，掃出左外野安打，讓中國打者首次上壘，對此網友表示「打一支安打就可以嘴一輩子了」、「台灣要搶他的話，會先被美國選走」、「日職可以簽了」。24歲的楊晉2016年曾來台打U18亞洲盃，後來轉戰美國獨立聯盟，2019年再度來台參加亞錦賽，該屆轟出2發全壘打，獲得大會全壘打王的殊榮。6局上再度發生奇蹟，中國開路先鋒梁培從日職巨人隊王牌戶鄉翔征手中轟出陽春砲，成功幫中國隊打破鴨蛋，把比數追到1：3。梁培過去在日本念書，高中就讀日本西東京棒球強隊東海大菅生高校，算是日本培養的球員，目前效力中國職棒北京猛虎隊。挨轟的戶鄉翔征是2022年日職中央聯盟三振王，去年繳出12勝8敗，防禦率2.62的數據，是巨人軍的王牌投手。 ▪ 經典賽即時新聞 ▪ 最新比分與完整賽程 ▪ 預賽分組戰績表 ▪ 經典賽專欄分析 經典賽WBC風雲                    中華隊以慘敗在世界棒球經典賽開局，面臨更加崎嶇的晉級之路，今天由江少慶先發面對滿載大聯盟戰力的義大利隊，盤點兩隊今晚一戰...                                      中華隊WBC首戰敗給巴拿馬，吞下跨屆7連敗，今晚7點將對決義大利，中華隊推出效力中職富邦悍將的江少慶先發，台灣運彩賠率較看好義大利能獲勝，不讓分賠率1.45。此役中華隊推出江少慶先發，他去年在                                      輸球的隔天，中華隊移師台體大棒球場練習，吉力吉撈・鞏冠帶著隨身音響、放送音樂高調進場，不希望隊友沉浸在輸給巴拿馬隊的低氣...                                      中華隊經典賽首戰以5：12不敵巴拿馬，賽後受到國內大量球迷指責，韓國媒體《MHNSPORTS》也撰文報導，點出中華隊輸球的關鍵。《MHNSPORTS》認為巴拿馬隊擁有大聯盟球員，中華隊則以旅日                                      中國大陸隊昨日在經典賽首戰以1：8不敵日本，不過球員的表現受球迷稱讚，原因是竟有球員能從大谷翔平手中敲安，6局上開路先鋒梁培從日職三振王手中轟出全壘打，再度驚豔球迷，雖然在第8局崩盤輸球，但仍受到網友                                      中國隊昨天不敵投打皆發威的大谷翔平，以1：8不敵日本，賽後中國總教練崔諾（Dean Treanor）也再次讚嘆大谷翔平。崔諾賽前曾表示：「希望大谷翔平來球場時、巴士或計程車可晚點到」，這番言論                  ,UDN
186,經典賽／世界第二的中華隊慘輸巴拿馬 韓媒評：進職棒後退步,2023-03-10 12:57:00,運動,,https://udn.com/news/story/10785/7022448,中華隊經典賽首戰以5：12不敵巴拿馬，賽後受到國內大量球迷指責，韓國媒體《MHNSPORTS》也撰文報導，點出中華隊輸球的關鍵。《MHNSPORTS》認為巴拿馬隊擁有大聯盟球員，中華隊則以旅日及小聯盟球員為主，所以在主場作戰也無法保證獲勝。該報導也指出，雖然中華隊在世界棒壘球總會排名第2，但這個排名只能顯現中華隊在23歲以下青棒國際賽表現出色。今年曾造訪台灣的南韓教練宋九洪表示，「台灣的環境很適合打棒球，尤其是台中，氣候、設施都很好。而且很多高中生畢業後會先上大學，所以能理解為什麼能在U18和U23的表現這麼好。」「有些球員在之後退步了，職業聯盟在假球案後停滯，旅外球員也找不到定位，因此台灣在WBC等成棒賽事並不強」宋九洪說。文末最後寫道，「台灣可能面臨主場也進不了8強的最壞結果，和青棒的差別將在WBC出現。」 ▪ 經典賽即時新聞 ▪ 最新比分與完整賽程 ▪ 預賽分組戰績表 ▪ 經典賽專欄分析 經典賽WBC中華隊                    中華隊以慘敗在世界棒球經典賽開局，面臨更加崎嶇的晉級之路，今天由江少慶先發面對滿載大聯盟戰力的義大利隊，盤點兩隊今晚一戰...                                      中華隊WBC首戰敗給巴拿馬，吞下跨屆7連敗，今晚7點將對決義大利，中華隊推出效力中職富邦悍將的江少慶先發，台灣運彩賠率較看好義大利能獲勝，不讓分賠率1.45。此役中華隊推出江少慶先發，他去年在                                      輸球的隔天，中華隊移師台體大棒球場練習，吉力吉撈・鞏冠帶著隨身音響、放送音樂高調進場，不希望隊友沉浸在輸給巴拿馬隊的低氣...                                      中華隊經典賽首戰以5：12不敵巴拿馬，賽後受到國內大量球迷指責，韓國媒體《MHNSPORTS》也撰文報導，點出中華隊輸球的關鍵。《MHNSPORTS》認為巴拿馬隊擁有大聯盟球員，中華隊則以旅日                                      中國大陸隊昨日在經典賽首戰以1：8不敵日本，不過球員的表現受球迷稱讚，原因是竟有球員能從大谷翔平手中敲安，6局上開路先鋒梁培從日職三振王手中轟出全壘打，再度驚豔球迷，雖然在第8局崩盤輸球，但仍受到網友                                      中國隊昨天不敵投打皆發威的大谷翔平，以1：8不敵日本，賽後中國總教練崔諾（Dean Treanor）也再次讚嘆大谷翔平。崔諾賽前曾表示：「希望大谷翔平來球場時、巴士或計程車可晚點到」，這番言論                  ,UDN
187,經典賽／中華隊戰義大利 藍營喊「想贏」加碼550份雞排,2023-03-10 12:54:00,運動,,https://udn.com/news/story/10785/7022459,"WBC世界棒球經典賽開打，中華隊首戰5比12敗給巴拿馬隊，第2場賽事今晚對戰義大利。台北市議員李明賢今天直呼「真的想贏」，與立委、議員等11人祭品文再加碼，一共550份雞排，「目的只有一個就是中華隊贏球」，邀眾人集氣，只要打贏就免費請吃雞排。世界棒球經典賽相隔6年舉辦，台灣等了10年再當地主，A組預賽8日在台中洲際棒球場展開，中華隊的首場賽事迎戰巴拿馬，最終以5比12慘敗，台灣今晚7點將與義大利交手。國民黨北市議員李明賢今天發文，「雞排加碼，可是今晚先吃披薩」，直呼真的想贏，因此祭品文再加碼。他與立委江啟臣、洪孟楷、林德福、羅明才，以及北市議員張斯綱、柳采葳、徐弘庭等11人，祭出每人50份雞排，總共550份。「中華隊打贏義大利，就發與大家分享」，李明賢說，用行動來表示所有球迷就是中華隊的後盾，不要怕就是衝。李明賢表示，「雖然第一戰沒拿下，但真正棒球迷只有應援再應援，相信球員就對了！歡迎大家共襄盛舉，或是贏球後開心來領雞排。廣大球迷全力應援，團結一心為中華隊挺出佳績，一場一場勝利拿下來！他說，Team Taiwan, 挺台灣！當中華隊最強後盾。今晚對決義大利，我們的主場、絕對有信心過關斬將，球場拚戰拜託球員，我們就是看轉播萬眾一心為中華隊加油！李明賢說，「不吃鍋貼、不開圖書館」，請大家吃雞排，目的只有一個就是中華隊贏球。贏球後，發放的時間地點將在再另行公告。 ▪ 經典賽即時新聞 ▪ 最新比分與完整賽程 ▪ 預賽分組戰績表 ▪ 經典賽專欄分析 經典賽WBC中華隊                    WBC世界棒球經典賽開打，中華隊首戰5比12敗給巴拿馬隊，第2場賽事今晚對戰義大利。台北市議員李明賢今天直呼「真的想贏」...                                      中信兄弟隊昔日「大物」陳琥近期因傷暫停投手訓練，改隨野手練球，對於轉野手的可能性？總教練林威助不說死，「若野手練得起來，...                                      昨晚（4日）文化大學棒球隊多位投手與球隊教練黃義哲、港籍校友馬偉業，自發性到台北車站發送物資援助街友，參加的球員包含有望旅美的林振瑋、選秀熱門姚恩多，以及有意挑戰職棒的鄧朝駿、施冠宇等都參與此次活動。                                      統一獅隊今天在南紡購物中心舉辦誓師大會，林安可相當搶鏡，訪談時間一拿起麥克風先宣告：「不要再問我怎麼（從中華隊）回來了」...                                      統一獅隊今天舉辦新球季誓師大會，公布上半季五檔主題日，首波主題日將從4月3日的主場開幕戰起跑，推出「1號英雄開戰，強獅來...                                      【撰文／石毓琪】中職生涯第十個球季，統一7-ELEVEn獅唐肇廷從復健開始，34歲在棒球員已屬高齡，又面臨運動員大傷阿基里斯腱斷裂，咬牙挺過辛苦走來每一步，耗時8個月重返一軍賽場，不僅締造醫學奇蹟                  ",UDN
188,經典運彩／中華隊攻擊在水準上 就怕投手單局爆看好大分,2023-03-10 13:51:00,運動,,https://udn.com/news/story/10785/7022599,"【文／運彩貓小亨利】比賽時間: 3/10 19:00本場義大利派出Ryan Castellani，他2022在3A總共投29.1局自責分率11.97、被上壘率高達2.72、更投出高達40次的四死球，控球來說相當糟糕,面對經典賽主審好球帶偏小的情況依舊不利。中華隊派出江少慶先發，本來首戰應該是由他先發但近況調整的比較沒到位，2022的賽季對江少慶來講也不算很順遂，狀況時好時壞，義大利整隊就幾乎是美國二隊的概念，面對江少慶3A層級的投手也不會有太大的問題。中華隊面對巴拿馬雖然投手被打爆但打擊並沒有輸太多，吳念庭、鄭宗哲、張育成都有不錯的發揮，若能把握一開局義大利投手控球不穩情況下製造攻勢，本場也不至於完全沒有機會勝出。整體看來義大利整隊還是優於中華，義大利作為客隊也讓比賽有九下的可能多一些，有利於大分，本場大小分盤口開出9+80，中華隊投手調度問題也不小，隨時單局爆炸的可能性都有，本場比賽推薦大分過盤。運彩推薦：8.5大分國際盤推薦：9+80 大分 ▪ 經典賽即時新聞 ▪ 最新比分與完整賽程 ▪ 預賽分組戰績表 ▪ 經典賽專欄分析 經典賽WBC運彩                    面對大聯盟球員滿滿的義大利隊，中華隊也有大聯盟級打線回應，林子偉開局炸出陽春砲，6局下張育成轟出追平兩分彈，到8局下中華...                                      世界棒球經典賽A組預賽中華隊迎接第二戰，今晚7點對上義大利隊，先發打線出爐，中職全壘打王吉力吉撈・鞏冠扛起先發第六棒、捕...                                      巴拿馬隊在今天經典賽午場賽事以2：0擊敗義大利隊，歡慶可貴的隊史第二勝同時，中華隊也落入極度不利位置，晚場對荷蘭隊必須贏...                                      中華隊今晚迎戰義大利隊不容有失，推出江少慶扛起先發，「首局症」是過去他登板時最明顯弱勢，總教練「大餅」林岳平表示，期待他...                                      中華隊在世界棒球經典賽第二戰以11：7擊敗義大利隊，演出瘋狂逆轉，全場燃起的猛烈鬥志要接棒給「老虎」黃子鵬，這位低肩側投...                                      中華隊以慘敗在世界棒球經典賽開局，面臨更加崎嶇的晉級之路，今天由江少慶先發面對滿載大聯盟戰力的義大利隊，盤點兩隊今晚一戰...                  ",UDN
189,經典運彩／南韓抗日背水一戰 推薦受讓優勢可拚,2023-03-10 14:02:00,運動,,https://udn.com/news/story/10785/7022617,【文／運彩貓堯舜魚湯】比賽時間: 3/10 18:00韓國與日本堪稱亞洲棒球雙雄，彼此之間有著複雜的恩怨情仇，近年來交手多次，兩隊互有輸贏，然而近期韓國卻吞下三連敗，對韓國而言無疑是個警訊，擔心與日本的差距越來越大，勢必要趕緊止敗力圖振作。本場賽事由韓國隊先攻，地主日本隊後攻，兩隊都已公布先發投手，韓國派出國際賽大將金廣鉉，即使34歲仍寶刀未老，去年在韓職登陸者隊繳出13勝3敗ERA 2.13的成績，完全看不出歲月的痕跡，表現依舊出色。日本隊則是由達比修有先發，與金廣鉉一樣，雖然已高齡36歲，身手依然矯健，去年在MLB教士隊繳出16勝8敗ERA 3.10的成績，仍然是當今日本最強投手之一。日韓交戰，往往呈現五五波局勢，尤其韓國今天惜敗澳洲，更是面臨淘汰的壓力，加上對戰日本的特殊情節，派出國際賽王牌金廣鉉，就是抱著非贏不可的決心，且韓國今日打線依然有所發揮，又比日本提早結束比賽，投手可獲得較多的休息時間，日本讓分雖然讓得有點深，韓國仍有機會一拼，努力咬住比分，1分差比賽可期。運彩推薦：韓國 +1.5 受讓國際盤推薦：韓國 2-70 受讓 ▪ 經典賽即時新聞 ▪ 最新比分與完整賽程 ▪ 預賽分組戰績表 ▪ 經典賽專欄分析 經典賽WBC運彩                    面對大聯盟球員滿滿的義大利隊，中華隊也有大聯盟級打線回應，林子偉開局炸出陽春砲，6局下張育成轟出追平兩分彈，到8局下中華...                                      世界棒球經典賽A組預賽中華隊迎接第二戰，今晚7點對上義大利隊，先發打線出爐，中職全壘打王吉力吉撈・鞏冠扛起先發第六棒、捕...                                      巴拿馬隊在今天經典賽午場賽事以2：0擊敗義大利隊，歡慶可貴的隊史第二勝同時，中華隊也落入極度不利位置，晚場對荷蘭隊必須贏...                                      中華隊今晚迎戰義大利隊不容有失，推出江少慶扛起先發，「首局症」是過去他登板時最明顯弱勢，總教練「大餅」林岳平表示，期待他...                                      中華隊在世界棒球經典賽第二戰以11：7擊敗義大利隊，演出瘋狂逆轉，全場燃起的猛烈鬥志要接棒給「老虎」黃子鵬，這位低肩側投...                                      中華隊以慘敗在世界棒球經典賽開局，面臨更加崎嶇的晉級之路，今天由江少慶先發面對滿載大聯盟戰力的義大利隊，盤點兩隊今晚一戰...                  ,UDN
190,經典賽／古巴落後中告急！前兄弟洋投為巴拿馬先發3局失2分,2023-03-10 14:10:00,運動,,https://udn.com/news/story/10785/7022661,巴拿馬隊今天推出曾效力中信兄弟隊的左投奧特羅（Andy Otero），先發出戰古巴，投3局、共用57球，被敲6安打、失2分，帶著4：2領先退場，古巴在本屆世界棒球經典賽瀕臨淘汰邊緣，若無法在後續逆轉戰局，將吞下第3敗成為首支出局球隊。巴拿馬打完前兩場取得1勝1敗，今天面對古巴之役，奧特羅在第一局開局就遇到山托斯（Roel Santos）「助跑打擊」敲出內野安打，兩出局後，迪斯派（Alfredo Despaigne）敲安為古巴先馳得點。奧特羅第二局仍投得驚險，達克（Yadir Drake）敲二壘打，下一棒穆西卡（Yadil Mujica）掃向左外野在邊線附近落地，原先判決界外，裁判重播檢視後改判界內，這支二壘打再掃回1分，但穆西卡隨後在二壘上出局，古巴攻勢斷了大半，巴拿馬在二局下就回應大局。巴拿馬由塔哈達（Rubén Tejada）掃出兩分砲，一棒追平戰局，古巴先發投手博拉諾斯（Ronald Bolanos）挨轟後控球繼續拉警報，連續投出2保送，再被桑塔馬利亞（Jahdiel Santamaria）敲出安打，挹注2分打點，巴拿馬單局打了一輪、灌進4分，取得4：2領先。古巴已在分組賽接連輸給荷蘭、義大利隊，累積2敗，若今天再輸給巴拿馬，最多只能拿到1勝3敗，而荷蘭、巴拿馬都會握有2勝，將使得古巴確定成為本屆經典賽第一支遭到淘汰的球隊。 ▪ 經典賽即時新聞 ▪ 最新比分與完整賽程 ▪ 預賽分組戰績表 ▪ 經典賽專欄分析 經典賽WBC風雲                    面對大聯盟球員滿滿的義大利隊，中華隊也有大聯盟級打線回應，林子偉開局炸出陽春砲，6局下張育成轟出追平兩分彈，到8局下中華...                                      世界棒球經典賽A組預賽中華隊迎接第二戰，今晚7點對上義大利隊，先發打線出爐，中職全壘打王吉力吉撈・鞏冠扛起先發第六棒、捕...                                      巴拿馬隊在今天經典賽午場賽事以2：0擊敗義大利隊，歡慶可貴的隊史第二勝同時，中華隊也落入極度不利位置，晚場對荷蘭隊必須贏...                                      中華隊今晚迎戰義大利隊不容有失，推出江少慶扛起先發，「首局症」是過去他登板時最明顯弱勢，總教練「大餅」林岳平表示，期待他...                                      中華隊在世界棒球經典賽第二戰以11：7擊敗義大利隊，演出瘋狂逆轉，全場燃起的猛烈鬥志要接棒給「老虎」黃子鵬，這位低肩側投...                                      中華隊以慘敗在世界棒球經典賽開局，面臨更加崎嶇的晉級之路，今天由江少慶先發面對滿載大聯盟戰力的義大利隊，盤點兩隊今晚一戰...                  ,UDN
191,經典賽／祭品文來了！ 中華若勝義大利北市熱血球迷送1千顆蛋,2023-03-10 14:38:00,運動,,https://udn.com/news/story/10785/7022764,WBC世界棒球經典賽開打，中華隊首戰巴拿馬吞敗，第2場賽事今晚對戰義大利。繼台北市議員李明賢等11人今天祭品文加碼550份雞排，北市熱血球迷也祭出「1000顆雞蛋」，只要打贏就免費送200份，每人5顆蛋，希望大家集氣為中華隊加油。台北市青工總會長滿志剛表示，沒有人想輸，多年的努力就是為了在國人面前展現風采，球迷能做的就是支持再支持、應援再應援，場外努力加油我們來，球場上的事，就拜託中華英雄了。 他說，即使首場對巴拿馬的結果不如預期，中華隊今晚7點背水一戰，迎戰昨天延長賽險勝古巴的義大利，關關難過還需關關過，全民當後盾，一起為中華隊加油，直呼「就是今天，中華隊要開胡了！」滿志剛喊話，「只要中華隊今天打敗義大利，我就發出1000顆雞蛋，每人5顆，大家一起吃蛋吃蛋。」 ▪ 經典賽即時新聞 ▪ 最新比分與完整賽程 ▪ 預賽分組戰績表 ▪ 經典賽專欄分析 經典賽WBC中華隊                    面對大聯盟球員滿滿的義大利隊，中華隊也有大聯盟級打線回應，林子偉開局炸出陽春砲，6局下張育成轟出追平兩分彈，到8局下中華...                                      世界棒球經典賽A組預賽中華隊迎接第二戰，今晚7點對上義大利隊，先發打線出爐，中職全壘打王吉力吉撈・鞏冠扛起先發第六棒、捕...                                      巴拿馬隊在今天經典賽午場賽事以2：0擊敗義大利隊，歡慶可貴的隊史第二勝同時，中華隊也落入極度不利位置，晚場對荷蘭隊必須贏...                                      中華隊今晚迎戰義大利隊不容有失，推出江少慶扛起先發，「首局症」是過去他登板時最明顯弱勢，總教練「大餅」林岳平表示，期待他...                                      中華隊在世界棒球經典賽第二戰以11：7擊敗義大利隊，演出瘋狂逆轉，全場燃起的猛烈鬥志要接棒給「老虎」黃子鵬，這位低肩側投...                                      中華隊以慘敗在世界棒球經典賽開局，面臨更加崎嶇的晉級之路，今天由江少慶先發面對滿載大聯盟戰力的義大利隊，盤點兩隊今晚一戰...                  ,UDN
192,經典賽／在藏是趨勢？ 死亡D組兩大奪冠熱門熱身賽陷低潮,2023-03-10 15:05:00,運動,,https://udn.com/news/story/10785/7022771,本屆經典賽D組被視為「死亡之組」，其中多明尼加和波多黎各兩隊都被視為奪冠熱門，沒想到兩隊今天在公辦熱身賽都輸球，讓本組的局勢更加詭譎多變。多明尼加上一場狂敲14安，以9：0輕取勇士。沒想到今天對決雙城隊，直到9上才靠保送、安打加暴投拿到1分，全場僅敲出4支一壘安打，最終以1：2不敵雙城。波多黎各狀況更慘，上一場以3：9不敵紅襪，今天也只有4支一壘安打，以0：9敗給勇士，熱身賽表現可說是荒腔走板。反倒是最不被看好的尼加拉瓜狀態不錯，先前以2：0完封大都會，今天面對紅雀7局打完以4：3領先，可惜第8局被攻下3分，最終以4：6遺憾落敗。D組將於台灣時間12日開打，波多黎各於凌晨1點首戰尼加拉瓜，多明尼加於早上8點首戰委內瑞拉。 ▪ 經典賽即時新聞 ▪ 最新比分與完整賽程 ▪ 預賽分組戰績表 ▪ 經典賽專欄分析 經典賽WBC風雲                    面對大聯盟球員滿滿的義大利隊，中華隊也有大聯盟級打線回應，林子偉開局炸出陽春砲，6局下張育成轟出追平兩分彈，到8局下中華...                                      世界棒球經典賽A組預賽中華隊迎接第二戰，今晚7點對上義大利隊，先發打線出爐，中職全壘打王吉力吉撈・鞏冠扛起先發第六棒、捕...                                      巴拿馬隊在今天經典賽午場賽事以2：0擊敗義大利隊，歡慶可貴的隊史第二勝同時，中華隊也落入極度不利位置，晚場對荷蘭隊必須贏...                                      中華隊今晚迎戰義大利隊不容有失，推出江少慶扛起先發，「首局症」是過去他登板時最明顯弱勢，總教練「大餅」林岳平表示，期待他...                                      中華隊在世界棒球經典賽第二戰以11：7擊敗義大利隊，演出瘋狂逆轉，全場燃起的猛烈鬥志要接棒給「老虎」黃子鵬，這位低肩側投...                                      中華隊以慘敗在世界棒球經典賽開局，面臨更加崎嶇的晉級之路，今天由江少慶先發面對滿載大聯盟戰力的義大利隊，盤點兩隊今晚一戰...                  ,UDN
193,經典賽／拿大陸開刀 「斜槓」捷克9局上逆轉秀奪隊史首勝,2023-03-10 15:07:00,運動,,https://udn.com/news/story/10785/7022845,首度打進世界棒球經典賽會內賽，捷克隊在B組預賽的第一場比賽，就靠著9局上絕地反攻，以8：5擊敗中國大陸隊，拿下隊史首勝。捷克隊其實是先得分的一方，1局上V‧曼席克（Vojtech Mensik）、索加德（Eric Sogard）接連敲安，克魯普（Marek Chlup）高飛球造成失誤，得到隊史第1分，1出局後穆齊克（Martin Muzik）高飛犧牲打再添1分。M‧曼席克（Matej Mensik）在3局上敲出陽春砲、6局上斯摩拉（Filip Smola）1分打點安打，為捷克取得4：1領先。大陸隊5局下才靠著羅錦駿在滿壘時的滾地推進得到第1分，不過7局下靠著4支安打、2次四壞保送，一口氣灌進4分逆轉，反以5：4領先。9局上大陸隊未能擋住捷克的絕地反攻，第5任投手宮海成留下1出局二、三壘有人退場，接手的朱權被穆齊克敲出左外野全壘打，一支三分砲逆轉比數，2出局後朱權又被敲出2支安打，再掉1分，捷克單局攻下4分。 ▪ 經典賽即時新聞 ▪ 最新比分與完整賽程 ▪ 預賽分組戰績表 ▪ 經典賽專欄分析 經典賽WBC風雲                    面對大聯盟球員滿滿的義大利隊，中華隊也有大聯盟級打線回應，林子偉開局炸出陽春砲，6局下張育成轟出追平兩分彈，到8局下中華...                                      世界棒球經典賽A組預賽中華隊迎接第二戰，今晚7點對上義大利隊，先發打線出爐，中職全壘打王吉力吉撈・鞏冠扛起先發第六棒、捕...                                      巴拿馬隊在今天經典賽午場賽事以2：0擊敗義大利隊，歡慶可貴的隊史第二勝同時，中華隊也落入極度不利位置，晚場對荷蘭隊必須贏...                                      中華隊今晚迎戰義大利隊不容有失，推出江少慶扛起先發，「首局症」是過去他登板時最明顯弱勢，總教練「大餅」林岳平表示，期待他...                                      中華隊在世界棒球經典賽第二戰以11：7擊敗義大利隊，演出瘋狂逆轉，全場燃起的猛烈鬥志要接棒給「老虎」黃子鵬，這位低肩側投...                                      中華隊以慘敗在世界棒球經典賽開局，面臨更加崎嶇的晉級之路，今天由江少慶先發面對滿載大聯盟戰力的義大利隊，盤點兩隊今晚一戰...                  ,UDN
194,經典賽／義大利「小薛則」先發對中華 去年控球差但有新武器,2023-03-10 15:48:00,運動,,https://udn.com/news/story/10785/7022887,中華隊今天晚上7點將迎戰義大利隊，推出江少慶先發出戰，義大利隊則推出26歲右投手卡斯特拉尼（Ryan Castellani）擔任先發。卡斯特拉尼過去曾被封為「小薛則」，上季曾短暫上過大聯盟，不過後來回到運動家3A球隊控球迷航，防禦率高達11.97。卡斯特拉尼小聯盟時期備受期待，加上投球姿勢神似薛則（Max Scherzer），因此獲得小薛則的名號。他在2020年大聯盟初登板時受訪表示，「薛則是偶像，因此學習他的投球。」卡斯特拉尼上季在運動家3A主投29.1局，出現48次保送，他也在去年7月慘遭釋出，今年初則和美國獨立聯盟球隊簽約。卡斯特拉尼日前赴知名訓練中心Driveline Baseball自主訓練，棒球YouTuber「台南Josh」指出，卡斯特拉尼多了一顆89英里(約143公里)的卡特球，是他在大聯盟沒有使用過的球種，另外他的滑球轉速也有顯著提升。義大利隊本屆帶17名投手，昨天對上古巴只有2人超過30球，今天不能上場，分別是「黑暗騎士」哈維（Matt Harvey）、水手隊牛棚費斯塔（Matt Festa）。 ▪ 經典賽即時新聞 ▪ 最新比分與完整賽程 ▪ 預賽分組戰績表 ▪ 經典賽專欄分析 經典賽WBC中華隊                    面對大聯盟球員滿滿的義大利隊，中華隊也有大聯盟級打線回應，林子偉開局炸出陽春砲，6局下張育成轟出追平兩分彈，到8局下中華...                                      世界棒球經典賽A組預賽中華隊迎接第二戰，今晚7點對上義大利隊，先發打線出爐，中職全壘打王吉力吉撈・鞏冠扛起先發第六棒、捕...                                      巴拿馬隊在今天經典賽午場賽事以2：0擊敗義大利隊，歡慶可貴的隊史第二勝同時，中華隊也落入極度不利位置，晚場對荷蘭隊必須贏...                                      中華隊今晚迎戰義大利隊不容有失，推出江少慶扛起先發，「首局症」是過去他登板時最明顯弱勢，總教練「大餅」林岳平表示，期待他...                                      中華隊在世界棒球經典賽第二戰以11：7擊敗義大利隊，演出瘋狂逆轉，全場燃起的猛烈鬥志要接棒給「老虎」黃子鵬，這位低肩側投...                                      中華隊以慘敗在世界棒球經典賽開局，面臨更加崎嶇的晉級之路，今天由江少慶先發面對滿載大聯盟戰力的義大利隊，盤點兩隊今晚一戰...                  ,UDN
195,經典賽／桃園市府廣場連續直播3天 樂天女孩助陣,2023-03-10 15:33:00,運動,,https://udn.com/news/story/10785/7022916,桃園市議員凌濤今天下午表示，這幾天好多市民朋友問他，桃園能不能轉播世界棒球經典賽（WBC）活動，想為中華隊加油。他聯繫體育局、新聞處，感謝張善政市長及跨局處迅速促成市府廣場今晚直播中華隊和義大利的比賽，而且連續3天直播，RakutenGirls也將到現場，陪著球迷們一起為中華隊加油，與市民朋友共見證中華隊的強投豪打。桃園市政府下午也在官方粉團預告WBC棒球經典賽桃園直播派對，中華隊連續兩天晚上7點先後對戰義大利、荷蘭，12日中午12點對上古巴，市府廣場都有直播，比賽前90分鐘開放入座，大家一起為中華隊加油。 ▪ 經典賽即時新聞 ▪ 最新比分與完整賽程 ▪ 預賽分組戰績表 ▪ 經典賽專欄分析 經典賽WBC中華隊                    面對大聯盟球員滿滿的義大利隊，中華隊也有大聯盟級打線回應，林子偉開局炸出陽春砲，6局下張育成轟出追平兩分彈，到8局下中華...                                      世界棒球經典賽A組預賽中華隊迎接第二戰，今晚7點對上義大利隊，先發打線出爐，中職全壘打王吉力吉撈・鞏冠扛起先發第六棒、捕...                                      巴拿馬隊在今天經典賽午場賽事以2：0擊敗義大利隊，歡慶可貴的隊史第二勝同時，中華隊也落入極度不利位置，晚場對荷蘭隊必須贏...                                      中華隊今晚迎戰義大利隊不容有失，推出江少慶扛起先發，「首局症」是過去他登板時最明顯弱勢，總教練「大餅」林岳平表示，期待他...                                      中華隊在世界棒球經典賽第二戰以11：7擊敗義大利隊，演出瘋狂逆轉，全場燃起的猛烈鬥志要接棒給「老虎」黃子鵬，這位低肩側投...                                      中華隊以慘敗在世界棒球經典賽開局，面臨更加崎嶇的晉級之路，今天由江少慶先發面對滿載大聯盟戰力的義大利隊，盤點兩隊今晚一戰...                  ,UDN
196,經典賽／中華隊歷年對義大利22勝8敗 上次輸是13年前,2023-03-10 15:41:00,運動,,https://udn.com/news/story/10785/7022933,世界棒球經典賽A組預賽在台中舉行，中華隊今晚要對上義大利隊力求止敗，這是兩隊首次在經典賽交手，過去國際賽事中華隊有著22勝8敗的優勢。中華隊8日首戰以5：12輸給巴拿馬隊，今晚要力求止敗，義大利隊昨晚以6：3在延長賽10局擊敗古巴隊，連續三屆都在經典賽首戰下勝利，隊史在經典賽首戰成績是4勝1敗。國際賽交手戰績，中華隊佔據優勢，最近一次是在2015世界12強棒球賽，由中華隊以7：1在台中洲際棒球場擊敗義大利隊；義大利隊上次在國際賽擊敗中華隊要追溯到2010年洲際盃的銅牌戰，中華隊以3：4落敗。義大利隊過去四次參加經典賽，拿下5勝10敗，2013年更曾打進複賽，今年陣容來勢洶洶，有9名球員去年曾在大聯盟出賽，25人都是美國職棒球員。 ▪ 經典賽即時新聞 ▪ 最新比分與完整賽程 ▪ 預賽分組戰績表 ▪ 經典賽專欄分析 經典賽WBC中華隊                    面對大聯盟球員滿滿的義大利隊，中華隊也有大聯盟級打線回應，林子偉開局炸出陽春砲，6局下張育成轟出追平兩分彈，到8局下中華...                                      世界棒球經典賽A組預賽中華隊迎接第二戰，今晚7點對上義大利隊，先發打線出爐，中職全壘打王吉力吉撈・鞏冠扛起先發第六棒、捕...                                      巴拿馬隊在今天經典賽午場賽事以2：0擊敗義大利隊，歡慶可貴的隊史第二勝同時，中華隊也落入極度不利位置，晚場對荷蘭隊必須贏...                                      中華隊今晚迎戰義大利隊不容有失，推出江少慶扛起先發，「首局症」是過去他登板時最明顯弱勢，總教練「大餅」林岳平表示，期待他...                                      中華隊在世界棒球經典賽第二戰以11：7擊敗義大利隊，演出瘋狂逆轉，全場燃起的猛烈鬥志要接棒給「老虎」黃子鵬，這位低肩側投...                                      中華隊以慘敗在世界棒球經典賽開局，面臨更加崎嶇的晉級之路，今天由江少慶先發面對滿載大聯盟戰力的義大利隊，盤點兩隊今晚一戰...                  ,UDN
197,經典賽／王維中與李維拉同框 透露今晚可能出賽？,2023-03-10 16:47:00,運動,,https://udn.com/news/story/10785/7022993,本屆經典賽A組賽事邀請名人堂球星李維拉（Mariano Rivera）開球，王維中昨天在個人IG發布一段影片，李維拉剛好經過，拍了一下他的左肩。王維中也寫道，「卡特神用了他的右手出手拍了我的左肩，害我拍完照走路有一點卡特的步伐，不要讓我明天卡特球丟不出來欸。」「明天」兩個字引來許多球迷及媒體遐想，雖然王維中已把「明天」編輯為「之後」，中華隊外野手陳晨威的留言「明天真的拜託啦，李維中」尚未修改。中華隊首場比賽對戰巴拿馬，先發投手胡智爲前3局表現不俗，但第4局出現亂流，隨後換上陳冠偉沒能止血，因此今晚中華隊推出江少慶先發，第二任投手的人選將相當關鍵，教練團目前沒有對外透露王維中出賽的時機點。王維中（@w.wang1992）分享的貼文 ▪ 經典賽即時新聞 ▪ 最新比分與完整賽程 ▪ 預賽分組戰績表 ▪ 經典賽專欄分析 經典賽WBC中華隊                    巴拿馬今天在世界棒球經典賽以2：0擊敗義大利隊，讓晚上7點中華隊與荷蘭隊之戰正式變成背水一戰，若中華隊輸球，就會確定在A...                                      巴拿馬隊在今天經典賽午場賽事以2：0擊敗義大利隊，歡慶可貴的隊史第二勝同時，中華隊也落入極度不利位置，晚場對荷蘭隊必須贏...                                      世界棒球經典賽今天出現第一場「扣倒」賽事，以及確定遭到淘汰的球隊，中國大陸隊提前在7局以2：12輸給澳洲隊，吞下3敗，確...                                      中華隊昨晚以十一比七逆轉擊敗義大利隊，今晚面對荷蘭隊要由「潛水艇」黃子鵬登板延續氣勢，荷蘭隊則推出荷蘭職棒投手海格，然而...                                      前日職西武獅名將、現為球團總經理的渡邊久信來到洲際球場，觀察世界棒球經典賽A組賽事，看過中華隊的比賽，他也大力稱讚新世代...                                      前日職西武獅名將、現為球團總經理的渡邊久信到台灣了，此行為了觀察世界棒球經典賽A組賽事，最重要是看中華隊吳念庭表現如何，...                  ,UDN
198,經典賽／江少慶首局症怎麼辦？餅總盼展現過往主宰力,2023-03-10 16:10:00,運動,,https://udn.com/news/story/10785/7023015,中華隊今晚迎戰義大利隊不容有失，推出江少慶扛起先發，「首局症」是過去他登板時最明顯弱勢，總教練「大餅」林岳平表示，期待他能發揮過往國際賽主宰力，但也準備好遇到狀況要如何面對。江少慶過去參加過2次一級國際賽，2017年經典賽對荷蘭隊中繼4.1局僅掉1分，2019年世界12強棒球賽先發對墨西哥、波多黎各，總計11.2局僅掉3分，在一級國際賽防禦率僅2.25。不過江少慶去年在中職的出賽數據顯示，第1局的被打擊率高達3成56，14次三振同時也有12次四死球，加上經典賽熱身賽兩場，2月26日第1局用24球掉1分、3月5日首局花29球猛掉3分。對於外界關心江少慶的「首局症」，林岳平今天賽前記者會上表示，「不能說今天一定會發生，但如果真的發生，我們投手怎麼去準備、怎麼去接力？當然希望他能一開賽就展現去以往國際賽的主宰力。」 ▪ 經典賽即時新聞 ▪ 最新比分與完整賽程 ▪ 預賽分組戰績表 ▪ 經典賽專欄分析 經典賽WBC中華隊                    巴拿馬今天在世界棒球經典賽以2：0擊敗義大利隊，讓晚上7點中華隊與荷蘭隊之戰正式變成背水一戰，若中華隊輸球，就會確定在A...                                      巴拿馬隊在今天經典賽午場賽事以2：0擊敗義大利隊，歡慶可貴的隊史第二勝同時，中華隊也落入極度不利位置，晚場對荷蘭隊必須贏...                                      世界棒球經典賽今天出現第一場「扣倒」賽事，以及確定遭到淘汰的球隊，中國大陸隊提前在7局以2：12輸給澳洲隊，吞下3敗，確...                                      中華隊昨晚以十一比七逆轉擊敗義大利隊，今晚面對荷蘭隊要由「潛水艇」黃子鵬登板延續氣勢，荷蘭隊則推出荷蘭職棒投手海格，然而...                                      前日職西武獅名將、現為球團總經理的渡邊久信來到洲際球場，觀察世界棒球經典賽A組賽事，看過中華隊的比賽，他也大力稱讚新世代...                                      前日職西武獅名將、現為球團總經理的渡邊久信到台灣了，此行為了觀察世界棒球經典賽A組賽事，最重要是看中華隊吳念庭表現如何，...                  ,UDN
199,經典賽／中華隊後段棒次微調 餅總畫重點「美製」義大利特色,2023-03-10 16:14:00,運動,,https://udn.com/news/story/10785/7023025,中華隊在本屆世界棒球經典賽以敗仗起跑，今天將面對義大利隊尋求開張勝場，總教練林岳平指出，義大利是基礎扎實的球隊，昨天也看了他們與古巴之戰，點名突破僵局時假點真跑是義大利旗開得勝的最大關鍵。經歷首戰的挫敗後，中華隊今天晚間7點面對義大利之戰，打線會有微幅調整，林岳平表示，後段棒次、出賽人員都有些許調整。看待義大利這位對手，林岳平指出，他們的選手多數來自美職體系，基本功、作戰能力都有一定基礎，在守備、投手表現上都很穩健，昨天打到延長10局以6：3擊敗古巴隊，「突破僵局假點真跑的戰術，看起來是他們昨天贏球的最大關鍵。」江坤宇首度在一級國際賽事出賽就有好表現，不僅守備一如往常穩健，打擊上也貢獻雙安，今天可望繼續為中華隊扛起游擊大關。江坤宇表示，「成棒以來第一次國際賽，心情上滿興奮，也有點緊張，但是看到團隊凝聚在一起，讓我更有勇氣往前，面對其他國家，我沒有想太多，大家都是一起面對，不會害怕去面對對手。」 ▪ 經典賽即時新聞 ▪ 最新比分與完整賽程 ▪ 預賽分組戰績表 ▪ 經典賽專欄分析 經典賽WBC中華隊WBC風雲                    巴拿馬今天在世界棒球經典賽以2：0擊敗義大利隊，讓晚上7點中華隊與荷蘭隊之戰正式變成背水一戰，若中華隊輸球，就會確定在A...                                      巴拿馬隊在今天經典賽午場賽事以2：0擊敗義大利隊，歡慶可貴的隊史第二勝同時，中華隊也落入極度不利位置，晚場對荷蘭隊必須贏...                                      世界棒球經典賽今天出現第一場「扣倒」賽事，以及確定遭到淘汰的球隊，中國大陸隊提前在7局以2：12輸給澳洲隊，吞下3敗，確...                                      中華隊昨晚以十一比七逆轉擊敗義大利隊，今晚面對荷蘭隊要由「潛水艇」黃子鵬登板延續氣勢，荷蘭隊則推出荷蘭職棒投手海格，然而...                                      前日職西武獅名將、現為球團總經理的渡邊久信來到洲際球場，觀察世界棒球經典賽A組賽事，看過中華隊的比賽，他也大力稱讚新世代...                                      前日職西武獅名將、現為球團總經理的渡邊久信到台灣了，此行為了觀察世界棒球經典賽A組賽事，最重要是看中華隊吳念庭表現如何，...                  ,UDN
200,經典賽／日本首戰勝中國 收視率41.9%史上第2高,2023-03-10 16:43:00,運動,,https://udn.com/news/story/10785/7023082,大谷翔平昨天在世界棒球經典賽（WBC）二刀流出賽投打俱佳，率日本8比1擊敗中國隊。日本TBS電視台轉播比賽在關東地區創下41.9%超高收視率，為史上第2高。第5屆世界棒球經典賽的20個參賽國家隊伍分成A、B、C、D組，分別在台灣台中、日本東京、美國亞利桑那州、美國佛羅里達州爭取晉級機會。日媒ENCOUNT和「每日新聞」報導，B組的日本3月9日首戰在東京巨蛋對上中國，根據關東地區收視率調查，TBS電視台在日本當地晚間8時9分到9時59分轉播比賽期間，平均家戶收視率高達41.9%；關西地區平均家戶收視率35.8%、北部九州地區則為43.1%。最高瞬間收視率的部分，關東地區為45.9%，關西地區45.1%，北部九州地區高達47.7%。相較於2017年第4屆經典賽，當時日本在B組預賽首戰對決古巴，關東地區的平均家戶收視率為22.2%，此次大增了19.7個百分點。WBC在日本創下的史上最高收視率是2006年第1屆經典賽冠軍戰，當時日本以10比6擊敗古巴奪下冠軍，關東地區收視率高達43.4%。大谷翔平昨天擔任先發投手兼第3棒指定打擊展現二刀流丰采，主投前3局都讓中國3上3下，直到4局上才被楊晉擊出一支一壘安打。總計他投4局49球，當中有32顆好球，送出5次三振，時速100英里（161公里）速球連發。大谷翔平的登場在賽前就備受關注，甚至比賽開始轉播前，觀眾就已經鎖定TBS電視台，使得晚間6時到開賽前的8時8分，同樣創下平均30.2%的高收視率。TBS比賽轉播由高中時代曾任投手的南波雅俊擔任主播，他2012年入職日本放送協會（NHK），2020年10月轉職至TBS，理由就是「想要轉播國際棒球比賽」，這次終於一償宿願。南波雅俊冷靜解說比賽，也在網上獲得好評。 ▪ 經典賽即時新聞 ▪ 最新比分與完整賽程 ▪ 預賽分組戰績表 ▪ 經典賽專欄分析 經典賽WBC風雲                    巴拿馬今天在世界棒球經典賽以2：0擊敗義大利隊，讓晚上7點中華隊與荷蘭隊之戰正式變成背水一戰，若中華隊輸球，就會確定在A...                                      巴拿馬隊在今天經典賽午場賽事以2：0擊敗義大利隊，歡慶可貴的隊史第二勝同時，中華隊也落入極度不利位置，晚場對荷蘭隊必須贏...                                      世界棒球經典賽今天出現第一場「扣倒」賽事，以及確定遭到淘汰的球隊，中國大陸隊提前在7局以2：12輸給澳洲隊，吞下3敗，確...                                      中華隊昨晚以十一比七逆轉擊敗義大利隊，今晚面對荷蘭隊要由「潛水艇」黃子鵬登板延續氣勢，荷蘭隊則推出荷蘭職棒投手海格，然而...                                      前日職西武獅名將、現為球團總經理的渡邊久信來到洲際球場，觀察世界棒球經典賽A組賽事，看過中華隊的比賽，他也大力稱讚新世代...                                      前日職西武獅名將、現為球團總經理的渡邊久信到台灣了，此行為了觀察世界棒球經典賽A組賽事，最重要是看中華隊吳念庭表現如何，...                  ,UDN
201,經典賽／個人國際賽首戰攻守俱佳 江坤宇：團結更有勇氣往前,2023-03-10 17:11:00,運動,,https://udn.com/news/story/10785/7023103,世界棒球經典賽台灣隊22歲野手江坤宇成棒首次國際賽，8日與巴拿馬比賽攻守俱佳，游擊有美技守備、單場也敲出2安，江坤宇表示，雖然有點緊張，但團隊凝聚「讓我更有勇氣往前」。經典賽台灣隊陣中22歲野手江坤宇從2013年經典賽在觀眾席看球的小球迷，成長為首度披上成棒國家隊戰袍站在經典賽舞台上的好手，8日預賽首戰與巴拿馬交手，先發打7棒、守游擊。江坤宇預賽首戰攻守有表現，2局率先敲出安打，4局敲出個人單場第2支安打，守備方面也展現中職游擊金手套身手，屢有美技幫助球隊化解危機。江坤宇表示，首度打成棒國際賽，心情上蠻興奮的，雖然有點緊張，但看到團隊凝聚在一起，讓他更有勇氣往前，去面對其他國家的好手。雖然首場比賽吞敗，但江坤宇提到沒有想太多，只要大家團結在一起，接下來比賽就不會有所畏懼。 ▪ 經典賽即時新聞 ▪ 最新比分與完整賽程 ▪ 預賽分組戰績表 ▪ 經典賽專欄分析 經典賽WBC中華隊                    巴拿馬今天在世界棒球經典賽以2：0擊敗義大利隊，讓晚上7點中華隊與荷蘭隊之戰正式變成背水一戰，若中華隊輸球，就會確定在A...                                      巴拿馬隊在今天經典賽午場賽事以2：0擊敗義大利隊，歡慶可貴的隊史第二勝同時，中華隊也落入極度不利位置，晚場對荷蘭隊必須贏...                                      世界棒球經典賽今天出現第一場「扣倒」賽事，以及確定遭到淘汰的球隊，中國大陸隊提前在7局以2：12輸給澳洲隊，吞下3敗，確...                                      中華隊昨晚以十一比七逆轉擊敗義大利隊，今晚面對荷蘭隊要由「潛水艇」黃子鵬登板延續氣勢，荷蘭隊則推出荷蘭職棒投手海格，然而...                                      前日職西武獅名將、現為球團總經理的渡邊久信來到洲際球場，觀察世界棒球經典賽A組賽事，看過中華隊的比賽，他也大力稱讚新世代...                                      前日職西武獅名將、現為球團總經理的渡邊久信到台灣了，此行為了觀察世界棒球經典賽A組賽事，最重要是看中華隊吳念庭表現如何，...                  ,UDN
202,經典賽／打中華隊前醒了 古巴暴打21安碾爆巴拿馬續命,2023-03-10 16:51:00,運動,,https://udn.com/news/story/10785/7023112,站在瀕臨淘汰邊緣，「紅色閃電」古巴隊在第6局終於回神，灌進兩個4分以上的大局，全場暴打21支安打，終場以13：4擊敗巴拿馬隊，避免成為本屆世界棒球經典賽第一支出局球隊。巴拿馬由曾效力中信兄弟隊的左投奧特羅（Andy Otero）先發，投3局、共用57球，被敲6安打、失2分，有4次三振、1次保送，雖然投得危機四伏，但未讓失血擴大。巴拿馬二局下由塔哈達（Rubén Tejada）掃出兩分砲，一棒追平戰局，古巴先發投手博拉諾斯（Ronald Bolanos）挨轟後控球繼續拉警報，連續2保送，再被桑塔馬利亞（Jahdiel Santamaria）敲出安打，挹注2分打點，巴拿馬單局打了一輪、灌進4分，取得4：2領先。效力大聯盟白襪隊的孟卡達，在第6局敲出古巴隊的超前安打。圖／悍創運動行銷提供古巴面臨輸球即淘汰，打線在第6局終於甦醒，巴拿馬由哈迪（Matt Hardy）跨局續投，無人出局已讓連4棒上壘，古巴先扳平戰局，孟卡達（Yoan Moncada）補上超前安打，巴拿馬換投止不住失血，古巴單局敲出4安打、2保送，攻下4分逆轉戰局，第7局更是攻勢一發不可收拾。古巴打線敲出21支安打，達克（Yadir Drake）4安打最猛，孟卡達、穆西卡（Yadil Mujica）都是3安打、4分打點的好表現。古巴在分組賽連續輸給荷蘭、義大利後，拿到重要的一勝續命，保有挑戰8強門票的機會，明天休兵1天，下一戰就是12日中午12點與中華隊交手。 ▪ 經典賽即時新聞 ▪ 最新比分與完整賽程 ▪ 預賽分組戰績表 ▪ 經典賽專欄分析 經典賽WBC風雲                    巴拿馬今天在世界棒球經典賽以2：0擊敗義大利隊，讓晚上7點中華隊與荷蘭隊之戰正式變成背水一戰，若中華隊輸球，就會確定在A...                                      巴拿馬隊在今天經典賽午場賽事以2：0擊敗義大利隊，歡慶可貴的隊史第二勝同時，中華隊也落入極度不利位置，晚場對荷蘭隊必須贏...                                      世界棒球經典賽今天出現第一場「扣倒」賽事，以及確定遭到淘汰的球隊，中國大陸隊提前在7局以2：12輸給澳洲隊，吞下3敗，確...                                      中華隊昨晚以十一比七逆轉擊敗義大利隊，今晚面對荷蘭隊要由「潛水艇」黃子鵬登板延續氣勢，荷蘭隊則推出荷蘭職棒投手海格，然而...                                      前日職西武獅名將、現為球團總經理的渡邊久信來到洲際球場，觀察世界棒球經典賽A組賽事，看過中華隊的比賽，他也大力稱讚新世代...                                      前日職西武獅名將、現為球團總經理的渡邊久信到台灣了，此行為了觀察世界棒球經典賽A組賽事，最重要是看中華隊吳念庭表現如何，...                  ,UDN
203,經典賽／凌晨3點起床看大谷打球 天使總仔：他看起來好興奮,2023-03-10 17:03:00,運動,,https://udn.com/news/story/10785/7023138,日本隊昨天在經典賽首戰對上中國隊，天使隊大谷翔平擔任先發投手，繳出4局5K無失分的成績單，打擊的部分則是4打數2安打，2分打點。天使總教練尼文（Phil Nevin）今天受訪時也透露自己實現諾言，半夜起床看大谷比賽。天使隊共10名選手參戰經典賽，遠在美國的尼文上周透露，一定會關注子弟兵的比賽。尼文今天受訪時表示，「我設了鬧鐘，凌晨3點起床看比賽（台灣時間晚上6點），大谷和佛列契（David Fletcher）我都有看，大谷真的太厲害了，從他的動作就能看出他很興奮，在美國沒看過，我想知道為什麼。」日本與中國一戰耗時3小時41分，奈文也抱怨比賽節奏，「因為經典賽沒有投手計時器，每場比賽都好久，我想說應該能快一點。」日本今天將在台灣時間晚上6點對南韓，佛列契所屬的義大利隊則在7點對上中華隊，尼文可能又得凌晨3點起床。 ▪ 經典賽即時新聞 ▪ 最新比分與完整賽程 ▪ 預賽分組戰績表 ▪ 經典賽專欄分析 經典賽WBC風雲                    巴拿馬今天在世界棒球經典賽以2：0擊敗義大利隊，讓晚上7點中華隊與荷蘭隊之戰正式變成背水一戰，若中華隊輸球，就會確定在A...                                      巴拿馬隊在今天經典賽午場賽事以2：0擊敗義大利隊，歡慶可貴的隊史第二勝同時，中華隊也落入極度不利位置，晚場對荷蘭隊必須贏...                                      世界棒球經典賽今天出現第一場「扣倒」賽事，以及確定遭到淘汰的球隊，中國大陸隊提前在7局以2：12輸給澳洲隊，吞下3敗，確...                                      中華隊昨晚以十一比七逆轉擊敗義大利隊，今晚面對荷蘭隊要由「潛水艇」黃子鵬登板延續氣勢，荷蘭隊則推出荷蘭職棒投手海格，然而...                                      前日職西武獅名將、現為球團總經理的渡邊久信來到洲際球場，觀察世界棒球經典賽A組賽事，看過中華隊的比賽，他也大力稱讚新世代...                                      前日職西武獅名將、現為球團總經理的渡邊久信到台灣了，此行為了觀察世界棒球經典賽A組賽事，最重要是看中華隊吳念庭表現如何，...                  ,UDN
204,經典賽／無畏古巴「鄉民」反彈 白襪雙星：唯一想法只有打球,2023-03-10 17:47:00,運動,,https://udn.com/news/story/10785/7023277,「紅色閃電」古巴隊今天以21支安打狂掃13分，終場以13：4擊敗巴拿馬隊，在世界棒球經典賽連輸兩場後終於開胡，白襪雙星羅伯特（Luis Robert Jr.）、孟卡達（Yoán Moncada）合計5安打、6分打點，掃除古巴「鄉民」的質疑聲浪。古巴此役面臨輸球即淘汰的背水一戰，一度處於2：4落後，打線在第6局終於甦醒，攻下兩個4分以上的大局，全隊最終敲出21支安打。本屆是古巴首度在經典賽納入現役大聯盟選手，叛逃的孟卡達、羅伯特穿上國家隊球衣，過程中免不了遭到質疑，今天都在場上貢獻大聯盟級的火力，孟卡達3安打、挹注4分打點，羅伯特則是雙安、2分打點。被問到來自古巴民眾的反彈聲浪，羅伯特表示，「大家都有權表達自己的意見，我想的只有我是來這裡打球的，沒有其他想法。」孟卡達也同意隊友的看法，也進一步表示，為古巴國家隊效力是自己一直以來的夢想，也是父親的盼望。孟卡達也提到，雖以大聯盟選手的身分加入古巴隊，但團隊裡的每個人都是戰力，「每個人都是關鍵選手，只是有些人在美國、有些人在古巴打球，這不代表有誰是明星、誰不是明星，我們每個人都是明星，也都知道各自在場上的責任。」古巴在分組賽連續輸給荷蘭、義大利後，拿到重要的一勝續命，保有挑戰8強門票的機會，明天休兵1天，下一戰就是12日中午12點與中華隊交手。古巴在過去4屆經典賽不曾在預賽遭到淘汰，本屆雖然開張勝場，目前戰績仍處於1勝2敗的劣勢，分組賽最後一戰將是12日與中華隊的廝殺，總教練強森（Armando Johnson）表示，打線預計不會有所改變。 ▪ 經典賽即時新聞 ▪ 最新比分與完整賽程 ▪ 預賽分組戰績表 ▪ 經典賽專欄分析 經典賽WBC風雲                    巴拿馬今天在世界棒球經典賽以2：0擊敗義大利隊，讓晚上7點中華隊與荷蘭隊之戰正式變成背水一戰，若中華隊輸球，就會確定在A...                                      巴拿馬隊在今天經典賽午場賽事以2：0擊敗義大利隊，歡慶可貴的隊史第二勝同時，中華隊也落入極度不利位置，晚場對荷蘭隊必須贏...                                      世界棒球經典賽今天出現第一場「扣倒」賽事，以及確定遭到淘汰的球隊，中國大陸隊提前在7局以2：12輸給澳洲隊，吞下3敗，確...                                      中華隊昨晚以十一比七逆轉擊敗義大利隊，今晚面對荷蘭隊要由「潛水艇」黃子鵬登板延續氣勢，荷蘭隊則推出荷蘭職棒投手海格，然而...                                      前日職西武獅名將、現為球團總經理的渡邊久信來到洲際球場，觀察世界棒球經典賽A組賽事，看過中華隊的比賽，他也大力稱讚新世代...                                      前日職西武獅名將、現為球團總經理的渡邊久信到台灣了，此行為了觀察世界棒球經典賽A組賽事，最重要是看中華隊吳念庭表現如何，...                  ,UDN
205,經典賽／打3場只贏中華隊 巴拿馬教頭認晉級很難但仍是目標,2023-03-10 17:52:00,運動,,https://udn.com/news/story/10785/7023284,巴拿馬隊在世界棒球經典賽拿到歷史性的首勝後，連續吞下兩敗，包括今天以4：13被「紅色閃電」古巴隊電歪，總教練歐提茲（Luis Ortiz）強調，挑戰前進8強的目標雖然很難，但現在還有機會。巴拿馬本屆從資格賽晉級，相隔14年再打經典賽會內賽，首戰在8日對中華隊拿到隊史首勝，但接下來連輸兩場，目前在分組賽1勝2敗。談到此役的潰敗輸在哪裡，歐提茲直言，「結局就是我們輸了，古巴徹底擊敗我們，投得、打得都比我們更好，無話可說。」歐提茲坦言，前進8強的目標很難，但現在還有機會，也會以此為目標繼續努力。巴拿馬的賽程連打4天，明天中午12點就要迎接分組賽最後一戰，出戰賽程「午接晚」的義大利隊，是否成為巴拿馬的優勢？歐提茲回應：「我不覺得這會是優勢，義大利在今晚的比賽會全力以赴，明天也是一樣。」 ▪ 經典賽即時新聞 ▪ 最新比分與完整賽程 ▪ 預賽分組戰績表 ▪ 經典賽專欄分析 經典賽WBC風雲                    巴拿馬今天在世界棒球經典賽以2：0擊敗義大利隊，讓晚上7點中華隊與荷蘭隊之戰正式變成背水一戰，若中華隊輸球，就會確定在A...                                      巴拿馬隊在今天經典賽午場賽事以2：0擊敗義大利隊，歡慶可貴的隊史第二勝同時，中華隊也落入極度不利位置，晚場對荷蘭隊必須贏...                                      世界棒球經典賽今天出現第一場「扣倒」賽事，以及確定遭到淘汰的球隊，中國大陸隊提前在7局以2：12輸給澳洲隊，吞下3敗，確...                                      中華隊昨晚以十一比七逆轉擊敗義大利隊，今晚面對荷蘭隊要由「潛水艇」黃子鵬登板延續氣勢，荷蘭隊則推出荷蘭職棒投手海格，然而...                                      前日職西武獅名將、現為球團總經理的渡邊久信來到洲際球場，觀察世界棒球經典賽A組賽事，看過中華隊的比賽，他也大力稱讚新世代...                                      前日職西武獅名將、現為球團總經理的渡邊久信到台灣了，此行為了觀察世界棒球經典賽A組賽事，最重要是看中華隊吳念庭表現如何，...                  ,UDN
206,經典賽Live／中華三支全壘打11：7逆轉義大利 保住晉級生機,2023-03-10 23:06:00,運動,,https://udn.com/news/story/10785/7023302,世界棒球經典賽A組預賽中華隊迎接第二戰，今晚7點對上義大利隊，先發打線出爐，中職全壘打王吉力吉撈・鞏冠扛起先發第六棒、捕手任務，加上江少慶先發登板，兩位前印地安人隊友連線，要幫助中華隊止敗。中華隊首戰以5：12輸給巴拿馬隊，經過一天休兵，今天再戰義大利隊，陣容最大調整是捕手由高宇杰換成鞏冠，期待他在去年中職敲出14轟的能力，能夠提升中華隊火力，也倚賴他與江少慶的搭配默契；另外王柏融則從第6棒移往第8棒江少慶在中職登板時常有「首局症」，第1局容易掉分的狀況在經典賽熱身賽也出現，2月26日第1局用24球掉1分，3月5日首局花29球猛掉3分，今天登板就看能否克服症頭。 ▪ 經典賽即時新聞 ▪ 最新比分與完整賽程 ▪ 預賽分組戰績表 ▪ 經典賽專欄分析 經典賽WBC中華隊                    巴拿馬今天在世界棒球經典賽以2：0擊敗義大利隊，讓晚上7點中華隊與荷蘭隊之戰正式變成背水一戰，若中華隊輸球，就會確定在A...                                      巴拿馬隊在今天經典賽午場賽事以2：0擊敗義大利隊，歡慶可貴的隊史第二勝同時，中華隊也落入極度不利位置，晚場對荷蘭隊必須贏...                                      世界棒球經典賽今天出現第一場「扣倒」賽事，以及確定遭到淘汰的球隊，中國大陸隊提前在7局以2：12輸給澳洲隊，吞下3敗，確...                                      中華隊昨晚以十一比七逆轉擊敗義大利隊，今晚面對荷蘭隊要由「潛水艇」黃子鵬登板延續氣勢，荷蘭隊則推出荷蘭職棒投手海格，然而...                                      前日職西武獅名將、現為球團總經理的渡邊久信來到洲際球場，觀察世界棒球經典賽A組賽事，看過中華隊的比賽，他也大力稱讚新世代...                                      前日職西武獅名將、現為球團總經理的渡邊久信到台灣了，此行為了觀察世界棒球經典賽A組賽事，最重要是看中華隊吳念庭表現如何，...                  ,UDN
207,經典賽／古巴搶勝保生機 教頭盼最終戰對中華再奪勝,2023-03-10 18:37:00,運動,,https://udn.com/news/story/10785/7023331,世界棒球經典賽古巴隊與巴拿馬激戰，古巴比賽後半段後來居上，蒙卡達、穆西卡單場都貢獻4打點，率隊13比4拿下預賽首勝、保住晉級生機，最終戰對中華隊，總教練強生盼專注贏得勝利。2023年世界棒球經典賽古巴隊吞下預賽2連敗，今天與戰績1勝1敗的巴拿馬隊交手，古巴隊1局上桑托斯（Roel Santos）率先敲出安打、滾地球上到二壘，2人出局後桑托斯盜上三壘，再靠著戴斯潘（AlfredoDespaigne）二壘打先馳得點。古巴隊2局上靠著德瑞克（Yadir Drake）、穆西卡（Yadil Mujica）接連二壘打取得2比0領先；巴拿馬2局下反攻，靠著失誤、特哈達（Rubén Tejada）開轟扳平，再靠著接連四壞保送、安打攻佔滿壘，柯多巴（Allen Córdoba）適時安打，一棒2分、幫助球隊超前。古巴隊展現韌性6局上開始追分，阿魯巴耶納（Erisbel Arruebarrena）率先敲出安打，再靠著觸身球保送、四壞保送攻佔滿壘，德瑞克敲安送回1分，再靠高飛犧牲打跑回追平分，蒙卡達（Yoan Moncada）關鍵安打幫助球隊再度取得超前，羅伯特（LuisRobert）安打替球隊多添1分保險分。古巴隊比賽後半段火力全開，7局上滿壘時穆西卡適時安打、一棒再添2分，蒙卡達敲安再拿2分，並靠著滾地球跑回團隊第11分，古巴隊8局上再添2分、拉開領先差距；蒙卡達、穆西卡今天比賽都是3安4打點、打擊表現亮眼。拿下本屆賽會首勝，古巴隊總教練強生（ArmandoJ ohnson）賽後記者會受訪表示，今天的球隊陣容打出好表現，這樣的陣容不會改變。古巴隊最後一場比賽將在12日與中華隊交手，強生表示，不管對手是誰，都秉持同樣的策略，只是前兩場比賽沒有贏球，「每一隊都有很好的表現，要專注才可以贏得下一場比賽。」 ▪ 經典賽即時新聞 ▪ 最新比分與完整賽程 ▪ 預賽分組戰績表 ▪ 經典賽專欄分析 經典賽WBC風雲                    巴拿馬今天在世界棒球經典賽以2：0擊敗義大利隊，讓晚上7點中華隊與荷蘭隊之戰正式變成背水一戰，若中華隊輸球，就會確定在A...                                      巴拿馬隊在今天經典賽午場賽事以2：0擊敗義大利隊，歡慶可貴的隊史第二勝同時，中華隊也落入極度不利位置，晚場對荷蘭隊必須贏...                                      世界棒球經典賽今天出現第一場「扣倒」賽事，以及確定遭到淘汰的球隊，中國大陸隊提前在7局以2：12輸給澳洲隊，吞下3敗，確...                                      中華隊昨晚以十一比七逆轉擊敗義大利隊，今晚面對荷蘭隊要由「潛水艇」黃子鵬登板延續氣勢，荷蘭隊則推出荷蘭職棒投手海格，然而...                                      前日職西武獅名將、現為球團總經理的渡邊久信來到洲際球場，觀察世界棒球經典賽A組賽事，看過中華隊的比賽，他也大力稱讚新世代...                                      前日職西武獅名將、現為球團總經理的渡邊久信到台灣了，此行為了觀察世界棒球經典賽A組賽事，最重要是看中華隊吳念庭表現如何，...                  ,UDN
208,經典賽／古巴保生機 大聯盟好手孟卡達：大家都是明星,2023-03-10 18:42:00,運動,,https://udn.com/news/story/10785/7023346,世界棒球經典賽古巴隊今天擊敗巴拿馬拿下重要勝利、保住晉級生機，古巴隊陣中大聯盟選手孟卡達3安4打點、表現亮眼，孟卡達表示，球隊中每個人都是關鍵，「大家都是明星」。世界棒球經典賽Ａ組預賽，古巴隊今天賽前吞下2連敗，今天與巴拿馬交手以13比4拿下首勝，避免提前被淘汰，陣中美職大聯盟好手孟卡達（Yoan Moncada）單場5打數敲出3支安打，貢獻4分打點，打擊表現亮眼。孟卡達表示，今天上場就是想辦法做到該做的事、把球打出去，預賽前2場比較可惜沒有好的表現，但球員們每天都抱持積極的態度全力以赴。孟卡達也提到，雖然預賽吞下2連敗，但不會因此感到挫折，就算輸球也不應該責怪任何人導致球隊輸球，到球場就是鬥志高昂、就是想要來贏球的，態度沒有任何改變、努力贏下每一場比賽。外界焦點放在古巴隊陣中大聯盟資歷球員身上，但孟卡達直言，球隊中的每個人都是關鍵，大家都是職業選手，只是在不同的地方打球，「這不代表我們球隊有誰是明星、誰不是明星，我們每個人都是明星，也知道該扮演什麼角色。」古巴隊預賽前3戰打完戰績1勝2敗，12日最後一戰將與地主中華隊交手，孟卡達也提到，知道中華隊的球員大家都很有水準。 ▪ 經典賽即時新聞 ▪ 最新比分與完整賽程 ▪ 預賽分組戰績表 ▪ 經典賽專欄分析 經典賽WBC風雲                    巴拿馬今天在世界棒球經典賽以2：0擊敗義大利隊，讓晚上7點中華隊與荷蘭隊之戰正式變成背水一戰，若中華隊輸球，就會確定在A...                                      巴拿馬隊在今天經典賽午場賽事以2：0擊敗義大利隊，歡慶可貴的隊史第二勝同時，中華隊也落入極度不利位置，晚場對荷蘭隊必須贏...                                      世界棒球經典賽今天出現第一場「扣倒」賽事，以及確定遭到淘汰的球隊，中國大陸隊提前在7局以2：12輸給澳洲隊，吞下3敗，確...                                      中華隊昨晚以十一比七逆轉擊敗義大利隊，今晚面對荷蘭隊要由「潛水艇」黃子鵬登板延續氣勢，荷蘭隊則推出荷蘭職棒投手海格，然而...                                      前日職西武獅名將、現為球團總經理的渡邊久信來到洲際球場，觀察世界棒球經典賽A組賽事，看過中華隊的比賽，他也大力稱讚新世代...                                      前日職西武獅名將、現為球團總經理的渡邊久信到台灣了，此行為了觀察世界棒球經典賽A組賽事，最重要是看中華隊吳念庭表現如何，...                  ,UDN
209,經典賽／一起吃披薩挺中華隊 彰化縣府將再端出肉圓與爌肉飯,2023-03-10 19:12:00,運動,,https://udn.com/news/story/10785/7023442,2023世界經典棒球賽中華隊第二場比賽今晚(10日) 7點對上義大利，彰化縣政府將在府前廣場同步直播，並於晚間7時30分發送限量爆米花及義大利比薩，比賽中場縣長王惠美將再加碼送第二輪披薩，明後天繼續端出彰化肉圓與爌肉飯，邀集大家到縣府廣場看直播，為中華隊加油。王惠美為了行銷彰化優鮮農特產品到日本東京，今晚將返台，她表示，今晚會趕回來，在縣府廣場跟大家一起為中華隊加油，今晚7時30分將分送200人份限量的義大利披薩，球賽中場，將再加碼送第二輪的披薩，「讓我們一起吃義大利披薩，為中華隊加油」。不只今天，王惠美說，縣府應援挺到底，星期六、星期日中華隊對上荷蘭、古巴，將繼續加碼，周六晚間現場將送200碗肉圓，星期日中午會送200碗爌肉飯，歡迎大家一起來縣府廣場看直播，為中華隊加油。今晚到周日一連三天縣府加碼再加碼，只要中華隊每贏1分，將再加100碗爌肉飯，贏2分就加發放200碗；另外，中華隊贏球，對手0分的話，再加碼100碗的彰化肉圓，王惠美說，一方面希望能為中華隊加油，也期能行銷彰化在地美食小吃，更能展現彰化鄉親的熱情。 ▪ 經典賽即時新聞 ▪ 最新比分與完整賽程 ▪ 預賽分組戰績表 ▪ 經典賽專欄分析 經典賽WBC中華隊                    巴拿馬今天在世界棒球經典賽以2：0擊敗義大利隊，讓晚上7點中華隊與荷蘭隊之戰正式變成背水一戰，若中華隊輸球，就會確定在A...                                      巴拿馬隊在今天經典賽午場賽事以2：0擊敗義大利隊，歡慶可貴的隊史第二勝同時，中華隊也落入極度不利位置，晚場對荷蘭隊必須贏...                                      世界棒球經典賽今天出現第一場「扣倒」賽事，以及確定遭到淘汰的球隊，中國大陸隊提前在7局以2：12輸給澳洲隊，吞下3敗，確...                                      中華隊昨晚以十一比七逆轉擊敗義大利隊，今晚面對荷蘭隊要由「潛水艇」黃子鵬登板延續氣勢，荷蘭隊則推出荷蘭職棒投手海格，然而...                                      前日職西武獅名將、現為球團總經理的渡邊久信來到洲際球場，觀察世界棒球經典賽A組賽事，看過中華隊的比賽，他也大力稱讚新世代...                                      前日職西武獅名將、現為球團總經理的渡邊久信到台灣了，此行為了觀察世界棒球經典賽A組賽事，最重要是看中華隊吳念庭表現如何，...                  ,UDN
210,經典賽／王貞治駕到探班 大谷翔平站直聆聽,2023-03-10 19:35:00,運動,,https://udn.com/news/story/10785/7023479,「日經體育」報導，旅日棒球名宿王貞治（82歲）10日造訪世界棒球經典賽日本隊練習場地，陣中最夯的旅美大聯盟「二刀流」名將大谷翔平（28歲），專心聆聽「大前輩」談話，身體站得筆直，雙腿合攏，敬意滿滿。首屆世界棒球經典賽2006年舉行時，由日本隊奪冠，王貞治是球隊監督。旅日棒球名人王貞治10日到日本隊練習場地探班。本報資料照片 ▪ 經典賽即時新聞 ▪ 最新比分與完整賽程 ▪ 預賽分組戰績表 ▪ 經典賽專欄分析 經典賽WBC風雲                    巴拿馬今天在世界棒球經典賽以2：0擊敗義大利隊，讓晚上7點中華隊與荷蘭隊之戰正式變成背水一戰，若中華隊輸球，就會確定在A...                                      巴拿馬隊在今天經典賽午場賽事以2：0擊敗義大利隊，歡慶可貴的隊史第二勝同時，中華隊也落入極度不利位置，晚場對荷蘭隊必須贏...                                      世界棒球經典賽今天出現第一場「扣倒」賽事，以及確定遭到淘汰的球隊，中國大陸隊提前在7局以2：12輸給澳洲隊，吞下3敗，確...                                      中華隊昨晚以十一比七逆轉擊敗義大利隊，今晚面對荷蘭隊要由「潛水艇」黃子鵬登板延續氣勢，荷蘭隊則推出荷蘭職棒投手海格，然而...                                      前日職西武獅名將、現為球團總經理的渡邊久信來到洲際球場，觀察世界棒球經典賽A組賽事，看過中華隊的比賽，他也大力稱讚新世代...                                      前日職西武獅名將、現為球團總經理的渡邊久信到台灣了，此行為了觀察世界棒球經典賽A組賽事，最重要是看中華隊吳念庭表現如何，...                  ,UDN
211,經典賽／首安就是轟！林子偉引爆洲際棒球場歡呼聲,2023-03-10 19:35:00,運動,,https://udn.com/news/story/10785/7023481,林子偉一發陽春砲，為中華隊今晚對義大利隊之戰先馳得點，更引爆洲際棒球場歡呼聲，全場觀眾起立向這位旅美強打致意，第1局打完就取得1：0領先。中華隊8日的首戰以5：12輸給巴拿馬隊，林子偉雖然有幾球擊球手感不錯，但安打未能出爐，留下4打數無安打、1次三振、1次四壞保送上壘的成績。今天林子偉繼續擔任先發第三棒、右外野手，也在首局就為中華隊打出氣勢，面對義大利隊先發投手卡斯特拉尼（Ryan Castellani），林子偉在2出局後上場打擊，纏鬥到2好3壞，將第8顆、141公里的卡特球轟出右外野全壘打牆外。 ▪ 經典賽即時新聞 ▪ 最新比分與完整賽程 ▪ 預賽分組戰績表 ▪ 經典賽專欄分析 經典賽WBC中華隊                    巴拿馬今天在世界棒球經典賽以2：0擊敗義大利隊，讓晚上7點中華隊與荷蘭隊之戰正式變成背水一戰，若中華隊輸球，就會確定在A...                                      巴拿馬隊在今天經典賽午場賽事以2：0擊敗義大利隊，歡慶可貴的隊史第二勝同時，中華隊也落入極度不利位置，晚場對荷蘭隊必須贏...                                      世界棒球經典賽今天出現第一場「扣倒」賽事，以及確定遭到淘汰的球隊，中國大陸隊提前在7局以2：12輸給澳洲隊，吞下3敗，確...                                      中華隊昨晚以十一比七逆轉擊敗義大利隊，今晚面對荷蘭隊要由「潛水艇」黃子鵬登板延續氣勢，荷蘭隊則推出荷蘭職棒投手海格，然而...                                      前日職西武獅名將、現為球團總經理的渡邊久信來到洲際球場，觀察世界棒球經典賽A組賽事，看過中華隊的比賽，他也大力稱讚新世代...                                      前日職西武獅名將、現為球團總經理的渡邊久信到台灣了，此行為了觀察世界棒球經典賽A組賽事，最重要是看中華隊吳念庭表現如何，...                  ,UDN
212,圖輯／經典賽中華對義大利 啦啦隊熱情應援,2023-03-10 19:54:00,運動,,https://udn.com/news/story/10785/7023509,世界棒球經典賽今天在台中洲際棒球場舉行中華對決義大利的比賽，啦啦隊熱情應援，球迷大吃義大利披薩為中華隊加油，中華隊先發投手江少慶主投一局無失分。世界棒球經典賽今天在台中洲際棒球場舉行中華對決義大利的比賽，球迷熱情應援。記者黃仲裕／攝影世界棒球經典賽今天在台中洲際棒球場舉行中華對決義大利的比賽，球迷大吃義大利披薩。記者黃仲裕／攝影世界棒球經典賽今天在台中洲際棒球場舉行中華對決義大利的比賽，球迷大吃義大利披薩。記者黃仲裕／攝影世界棒球經典賽今天在台中洲際棒球場舉行中華對決義大利的比賽，中華隊先發投手江少慶主投一局無失分。記者黃仲裕／攝影世界棒球經典賽今天在台中洲際棒球場舉行中華對決義大利的比賽，球迷熱情應援。記者黃仲裕／攝影世界棒球經典賽今天在台中洲際棒球場舉行中華對決義大利的比賽，中華隊先發投手江少慶主投一局無失分。記者黃仲裕／攝影世界棒球經典賽今天在台中洲際棒球場舉行中華對決義大利的比賽，球迷大吃義大利披薩。記者黃仲裕／攝影世界棒球經典賽今天在台中洲際棒球場舉行中華對決義大利的比賽，中華隊先發投手江少慶主投一局無失分。記者黃仲裕／攝影世界棒球經典賽今天在台中洲際棒球場舉行中華對決義大利的比賽，啦啦隊熱情應援。記者黃仲裕／攝影世界棒球經典賽今天在台中洲際棒球場舉行中華對決義大利的比賽，球迷大吃義大利披薩。記者黃仲裕／攝影世界棒球經典賽今天在台中洲際棒球場舉行中華對決義大利的比賽，中華隊先發投手江少慶主投一局無失分。記者黃仲裕／攝影世界棒球經典賽今天在台中洲際棒球場舉行中華對決義大利的比賽，中華隊先發投手江少慶主投一局無失分。記者黃仲裕／攝影世界棒球經典賽今天在台中洲際棒球場舉行中華對決義大利的比賽，球迷戴國旗應援。記者黃仲裕／攝影世界棒球經典賽今天在台中洲際棒球場舉行中華對決義大利的比賽，啦啦隊熱情應援。記者黃仲裕／攝影世界棒球經典賽今天在台中洲際棒球場舉行中華對決義大利的比賽，中華隊先發投手江少慶主投一局無失分。記者黃仲裕／攝影世界棒球經典賽今天在台中洲際棒球場舉行中華對決義大利的比賽，球迷熱情應援。記者黃仲裕／攝影世界棒球經典賽今天在台中洲際棒球場舉行中華對決義大利的比賽，啦啦隊熱情應援。記者黃仲裕／攝影世界棒球經典賽今天在台中洲際棒球場舉行中華對決義大利的比賽，中華隊先發投手江少慶主投一局無失分。記者黃仲裕／攝影世界棒球經典賽今天在台中洲際棒球場舉行中華對決義大利的比賽，啦啦隊熱情應援。記者黃仲裕／攝影世界棒球經典賽今天在台中洲際棒球場舉行中華對決義大利的比賽，球迷大吃義大利披薩。記者黃仲裕／攝影世界棒球經典賽今天在台中洲際棒球場舉行中華對決義大利的比賽，球迷熱情應援。記者黃仲裕／攝影世界棒球經典賽今天在台中洲際棒球場舉行中華對決義大利的比賽，球迷熱情應援。記者黃仲裕／攝影世界棒球經典賽今天在台中洲際棒球場舉行中華對決義大利的比賽，球迷熱情應援。記者黃仲裕／攝影世界棒球經典賽今天在台中洲際棒球場舉行中華對決義大利的比賽，啦啦隊熱情應援。記者黃仲裕／攝影世界棒球經典賽今天在台中洲際棒球場舉行中華對決義大利的比賽，球迷大吃義大利披薩。記者黃仲裕／攝影 ▪ 經典賽即時新聞 ▪ 最新比分與完整賽程 ▪ 預賽分組戰績表 ▪ 經典賽專欄分析 經典賽WBC中華隊                    巴拿馬今天在世界棒球經典賽以2：0擊敗義大利隊，讓晚上7點中華隊與荷蘭隊之戰正式變成背水一戰，若中華隊輸球，就會確定在A...                                      巴拿馬隊在今天經典賽午場賽事以2：0擊敗義大利隊，歡慶可貴的隊史第二勝同時，中華隊也落入極度不利位置，晚場對荷蘭隊必須贏...                                      世界棒球經典賽今天出現第一場「扣倒」賽事，以及確定遭到淘汰的球隊，中國大陸隊提前在7局以2：12輸給澳洲隊，吞下3敗，確...                                      中華隊昨晚以十一比七逆轉擊敗義大利隊，今晚面對荷蘭隊要由「潛水艇」黃子鵬登板延續氣勢，荷蘭隊則推出荷蘭職棒投手海格，然而...                                      前日職西武獅名將、現為球團總經理的渡邊久信來到洲際球場，觀察世界棒球經典賽A組賽事，看過中華隊的比賽，他也大力稱讚新世代...                                      前日職西武獅名將、現為球團總經理的渡邊久信到台灣了，此行為了觀察世界棒球經典賽A組賽事，最重要是看中華隊吳念庭表現如何，...                  ,UDN
213,圖輯／經典賽中華對決義大利 球迷大吃義大利披薩應援,2023-03-10 19:54:00,運動,,https://udn.com/news/story/10785/7023510,世界棒球經典賽今天在台中洲際棒球場舉行中華對決義大利的比賽，面對強敵義大利，球迷使出應援絕招，在看比賽吃大吃義大利披薩抗敵。今天晚間是中華隊在經典賽的第二場比賽，面臨不能輸的壓力，球迷使出各種渾身解數加油，希望在賣力應援下，可以為中華隊帶來好運氣。世界棒球經典賽今天在台中洲際棒球場舉行中華對決義大利的比賽，球迷大吃披薩為中華隊加油。記者黃仲裕／攝影 ▪ 經典賽即時新聞 ▪ 最新比分與完整賽程 ▪ 預賽分組戰績表 ▪ 經典賽專欄分析 經典賽WBC中華隊                    巴拿馬今天在世界棒球經典賽以2：0擊敗義大利隊，讓晚上7點中華隊與荷蘭隊之戰正式變成背水一戰，若中華隊輸球，就會確定在A...                                      巴拿馬隊在今天經典賽午場賽事以2：0擊敗義大利隊，歡慶可貴的隊史第二勝同時，中華隊也落入極度不利位置，晚場對荷蘭隊必須贏...                                      世界棒球經典賽今天出現第一場「扣倒」賽事，以及確定遭到淘汰的球隊，中國大陸隊提前在7局以2：12輸給澳洲隊，吞下3敗，確...                                      中華隊昨晚以十一比七逆轉擊敗義大利隊，今晚面對荷蘭隊要由「潛水艇」黃子鵬登板延續氣勢，荷蘭隊則推出荷蘭職棒投手海格，然而...                                      前日職西武獅名將、現為球團總經理的渡邊久信來到洲際球場，觀察世界棒球經典賽A組賽事，看過中華隊的比賽，他也大力稱讚新世代...                                      前日職西武獅名將、現為球團總經理的渡邊久信到台灣了，此行為了觀察世界棒球經典賽A組賽事，最重要是看中華隊吳念庭表現如何，...                  ,UDN
214,經典賽／江少慶42球退場還能戰古巴 王維中接手戰局,2023-03-10 20:19:00,運動,,https://udn.com/news/story/10785/7023573,中華隊今天面對義大利隊尋求勝場，江少慶扛起先發重任，投2局失2分，在2：2之際退場，用球數42球，在預賽還有再上場的可能性。中華隊首戰面對巴拿馬隊踢到鐵板，休兵1天後再戰義大利，江少慶先發避免「首局症」再犯，第一局僅面對3位打者，第2局卻未能避免失血。義大利二局上以連兩支安打開局，一、三壘有人時，義大利突襲短打先搶下追平分，第八棒迪魯茲歐（Ben DeLuzio）補上三壘打，義大利反倒以2：1超前。中華隊1局下林子偉敲出陽春砲，陳傑憲2局下靠觸身球上壘，鄭宗哲再度展現超齡抗壓，補上適時安打、帶有1分打點，江少慶在比分2：2之際退場，交由王維中接手。江少慶共用42球，先發2局被敲4安打、失2分，超過30球、未滿50球，僅需間隔1天，仍可能在12日面對古巴之戰登板。江少慶先發2局失2分退場，共用42球，預賽仍可再登板。記者黃仲裕／攝影 ▪ 經典賽即時新聞 ▪ 最新比分與完整賽程 ▪ 預賽分組戰績表 ▪ 經典賽專欄分析 經典賽WBC中華隊                    巴拿馬今天在世界棒球經典賽以2：0擊敗義大利隊，讓晚上7點中華隊與荷蘭隊之戰正式變成背水一戰，若中華隊輸球，就會確定在A...                                      巴拿馬隊在今天經典賽午場賽事以2：0擊敗義大利隊，歡慶可貴的隊史第二勝同時，中華隊也落入極度不利位置，晚場對荷蘭隊必須贏...                                      世界棒球經典賽今天出現第一場「扣倒」賽事，以及確定遭到淘汰的球隊，中國大陸隊提前在7局以2：12輸給澳洲隊，吞下3敗，確...                                      中華隊昨晚以十一比七逆轉擊敗義大利隊，今晚面對荷蘭隊要由「潛水艇」黃子鵬登板延續氣勢，荷蘭隊則推出荷蘭職棒投手海格，然而...                                      前日職西武獅名將、現為球團總經理的渡邊久信來到洲際球場，觀察世界棒球經典賽A組賽事，看過中華隊的比賽，他也大力稱讚新世代...                                      前日職西武獅名將、現為球團總經理的渡邊久信到台灣了，此行為了觀察世界棒球經典賽A組賽事，最重要是看中華隊吳念庭表現如何，...                  ,UDN
215,經典賽／全台為他鼓掌！張育成追平兩分砲 霸氣傾聽全場掌聲,2023-03-10 22:07:00,運動,,https://udn.com/news/story/10785/7023716,這就是大聯盟級的戰力！陷入苦戰的中華隊，今天靠張育成在第6局用追平兩分砲重新提振士氣，讓全場2萬人為他鼓掌。中華隊今天在世界棒球經典賽分組賽出戰義大利隊，前半段的兩度領先都像是夢境般短暫美好，打完前5局處於5：7落後，洲際棒球場氣氛一度死寂。中華隊在第6局攻守都接連出現亮點，6局上呂彥青接手陳禹勳留下的兩出局、一壘有人局面，1球都還沒投，就牽制抓到一壘跑者佛列契（David Fletcher）；下半局林立的保送開啟契機，兩出局後輪到張育成，鎖定第1球、94哩伸卡球出棒，一棒炸出中右外野牆外。張育成這發兩分砲讓比分形成7：7，中華隊重新回到戰局中，全場球迷起立向他敬禮，張育成則在繞過三壘後將手放在耳朵旁，霸氣傾聽2萬名球迷為他喝采的聲音。 ▪ 經典賽即時新聞 ▪ 最新比分與完整賽程 ▪ 預賽分組戰績表 ▪ 經典賽專欄分析 經典賽WBC中華隊                    巴拿馬今天在世界棒球經典賽以2：0擊敗義大利隊，讓晚上7點中華隊與荷蘭隊之戰正式變成背水一戰，若中華隊輸球，就會確定在A...                                      巴拿馬隊在今天經典賽午場賽事以2：0擊敗義大利隊，歡慶可貴的隊史第二勝同時，中華隊也落入極度不利位置，晚場對荷蘭隊必須贏...                                      世界棒球經典賽今天出現第一場「扣倒」賽事，以及確定遭到淘汰的球隊，中國大陸隊提前在7局以2：12輸給澳洲隊，吞下3敗，確...                                      中華隊昨晚以十一比七逆轉擊敗義大利隊，今晚面對荷蘭隊要由「潛水艇」黃子鵬登板延續氣勢，荷蘭隊則推出荷蘭職棒投手海格，然而...                                      前日職西武獅名將、現為球團總經理的渡邊久信來到洲際球場，觀察世界棒球經典賽A組賽事，看過中華隊的比賽，他也大力稱讚新世代...                                      前日職西武獅名將、現為球團總經理的渡邊久信到台灣了，此行為了觀察世界棒球經典賽A組賽事，最重要是看中華隊吳念庭表現如何，...                  ,UDN
216,經典賽／傳統好戲變大屠殺 日本13：4虐爆南韓,2023-03-10 22:19:00,運動,,https://udn.com/news/story/10785/7023730,世界棒球經典賽B組預賽今晚上演日韓大戰，傳統好戲變成一場一面倒的暴打秀，吉田正尚3安打、5分打點，大谷翔平雙安、4度上壘，日本武士終場以13：4電翻對手，相隔14年再度於經典賽從南韓手中打下雙位數分數。日本以地主之姿在分組賽2連勝啟航，反觀南韓在首戰輸給澳洲後，今天再遭日本打爆，已處於0勝2敗，爭取晉級大不利。日本此役由老將達比修有先發，投3局被敲3安打、失3分（責失2分），失分出現在第3局，先被姜白虎敲二壘打，梁義智逮中他的滑球炸裂兩分砲，上演連兩天開轟，三壘手村上宗隆的傳球失誤則讓危機持續擴大，李政厚補上安打再添1分，南韓取得3：0領先。日本在3局下就有回應，南韓先發投手金廣鉉連兩保送開啟危機，美籍日裔的努特巴爾（Lars Nootbaar）一壘打、近藤健介二壘打各掃回1分，南韓在此時決定換下金廣鉉，元兌仁登板第一打席先故意四壞保送大谷翔平，吉田正尚補上2分打點逆轉安打。日本的攻勢一波接一波，近藤健介敲出陽春砲，大谷翔平揮出二壘打、推進三壘後，吉田正尚的高飛犧牲打再次建功，6局持續加足馬力搶分，近藤健介在滿壘時先是以保送擠回分數，大谷翔平、吉田正尚、岡本和真都持續敲安追加分數，7局再添2分，險些就要「扣倒」南韓。日本前一次在經典賽對南韓攻下雙位數分數，已是2009年3月7日，以14：2的差距在7局提前結束比賽。 ▪ 經典賽即時新聞 ▪ 最新比分與完整賽程 ▪ 預賽分組戰績表 ▪ 經典賽專欄分析 經典賽WBC風雲                    巴拿馬今天在世界棒球經典賽以2：0擊敗義大利隊，讓晚上7點中華隊與荷蘭隊之戰正式變成背水一戰，若中華隊輸球，就會確定在A...                                      巴拿馬隊在今天經典賽午場賽事以2：0擊敗義大利隊，歡慶可貴的隊史第二勝同時，中華隊也落入極度不利位置，晚場對荷蘭隊必須贏...                                      世界棒球經典賽今天出現第一場「扣倒」賽事，以及確定遭到淘汰的球隊，中國大陸隊提前在7局以2：12輸給澳洲隊，吞下3敗，確...                                      中華隊昨晚以十一比七逆轉擊敗義大利隊，今晚面對荷蘭隊要由「潛水艇」黃子鵬登板延續氣勢，荷蘭隊則推出荷蘭職棒投手海格，然而...                                      前日職西武獅名將、現為球團總經理的渡邊久信來到洲際球場，觀察世界棒球經典賽A組賽事，看過中華隊的比賽，他也大力稱讚新世代...                                      前日職西武獅名將、現為球團總經理的渡邊久信到台灣了，此行為了觀察世界棒球經典賽A組賽事，最重要是看中華隊吳念庭表現如何，...                  ,UDN
217,經典賽／三轟炸翻義大利 中華隊大逆轉狂迎首勝,2023-03-10 23:09:00,運動,,https://udn.com/news/story/10785/7023838,面對大聯盟球員滿滿的義大利隊，中華隊也有大聯盟級打線回應，林子偉開局炸出陽春砲，6局下張育成轟出追平兩分彈，到8局下中華職棒大聯盟全壘打王吉力吉撈・鞏冠再補上三分砲擴大領先，終場就以11：7擊敗義大利隊，維繫晉級希望。1局下林子偉的一發陽春砲，棒打義大利隊先發投手卡斯特拉尼（Ryan Castellani），瞬間引爆洲際球場歡呼聲，也是中華隊在本屆賽事第一次領先對手。2局上義大利隊靠著單局3支安打攻下2分，也將先發投手江少慶打退場，不過旅美21歲小將鄭宗哲扛住壓力，在2出局二壘有人時，敲出適時安打，一棒追平比數。3局下中華隊追擊，開局張育成二壘打、吳念庭一壘打，無人出局攻占一、三壘，1出局後陳傑憲安打、王柏融接連安打，各有1分打點，加上江坤宇的三壘滾地球造成失誤，一口氣攻下3分，取得領先。開賽至今，中華隊經歷領先、落後、追平到再次領先，然而4局上義大利隊掌握第二任投手王維中亂流，單局4支安打加上1次保送，一輪猛攻打回4分，反取得1分領先；5局上再從陳冠宇手中攻下1分。中華隊打線從第4局開始被伍德（Stephen Woods Jr.）壓制，現場氣氛靜默、緊繃，不過6局下終於打開破口，1出局後林立保送，2出局後張育成無情開轟，一發中右外野兩分砲，讓比數追平，中華隊重回戰局中。7局下「餅總」林岳平更展現兩次神調度，1出局一壘有人時，選擇由成晉代打王柏融，果真敲出安打延續攻勢，下一棒江坤宇敲安變滿壘後，又由范國宸代打鄭宗哲，結果敲出帶點運氣的內野安打，敲回超前分，中華隊本場第三度領先。8局下乘勝追擊 ，張育成保送、吳念庭安打後，吉力吉撈・鞏冠一棒將球掃出中外野全壘打牆，這發三分砲為中華隊取得4分領先，為比賽定調。呂彥青在5局登板後，為中華隊守住2局沒再掉分，也等來逆轉機會，拿下勝投；終結者宋家豪則是在8局上提前上場，加上投完第9局，總計1.1局僅被敲1支安打，沒有掉分，拿下救援成功。世界棒球經典賽在台中洲際棒球場舉行中華對決義大利的比賽，中華隊第六棒吉力吉撈·鞏冠八局下半擊出三分炮。記者黃仲裕／攝影 ▪ 經典賽即時新聞 ▪ 最新比分與完整賽程 ▪ 預賽分組戰績表 ▪ 經典賽專欄分析 經典賽WBC中華隊                    巴拿馬今天在世界棒球經典賽以2：0擊敗義大利隊，讓晚上7點中華隊與荷蘭隊之戰正式變成背水一戰，若中華隊輸球，就會確定在A...                                      巴拿馬隊在今天經典賽午場賽事以2：0擊敗義大利隊，歡慶可貴的隊史第二勝同時，中華隊也落入極度不利位置，晚場對荷蘭隊必須贏...                                      世界棒球經典賽今天出現第一場「扣倒」賽事，以及確定遭到淘汰的球隊，中國大陸隊提前在7局以2：12輸給澳洲隊，吞下3敗，確...                                      中華隊昨晚以十一比七逆轉擊敗義大利隊，今晚面對荷蘭隊要由「潛水艇」黃子鵬登板延續氣勢，荷蘭隊則推出荷蘭職棒投手海格，然而...                                      前日職西武獅名將、現為球團總經理的渡邊久信來到洲際球場，觀察世界棒球經典賽A組賽事，看過中華隊的比賽，他也大力稱讚新世代...                                      前日職西武獅名將、現為球團總經理的渡邊久信到台灣了，此行為了觀察世界棒球經典賽A組賽事，最重要是看中華隊吳念庭表現如何，...                  ,UDN
218,經典賽／南韓慘敗日本 韓媒：大災難、慘不忍睹,2023-03-10 23:27:00,運動,,https://udn.com/news/story/10785/7023889,南韓隊10日在世界棒球經典賽B組預賽以4:13慘敗給日本隊，南韓媒體第一時間紛紛以「大災難」、「慘不忍睹」為標題報導，由於南韓連敗兩場，國內媒體也認為晉級前景黯淡。媒體OSEN以「完敗」，朝鮮日報以「屈辱的敗北」形容比賽結果，朝鮮日報並認為南韓隊晉級機會渺茫。「體育朝鮮」則用「慘不 忍睹」（無法看完比賽）、「確實技不如人」、「大災難」報導比賽結果。 ▪ 經典賽即時新聞 ▪ 最新比分與完整賽程 ▪ 預賽分組戰績表 ▪ 經典賽專欄分析 經典賽WBC風雲                    巴拿馬今天在世界棒球經典賽以2：0擊敗義大利隊，讓晚上7點中華隊與荷蘭隊之戰正式變成背水一戰，若中華隊輸球，就會確定在A...                                      巴拿馬隊在今天經典賽午場賽事以2：0擊敗義大利隊，歡慶可貴的隊史第二勝同時，中華隊也落入極度不利位置，晚場對荷蘭隊必須贏...                                      世界棒球經典賽今天出現第一場「扣倒」賽事，以及確定遭到淘汰的球隊，中國大陸隊提前在7局以2：12輸給澳洲隊，吞下3敗，確...                                      中華隊昨晚以十一比七逆轉擊敗義大利隊，今晚面對荷蘭隊要由「潛水艇」黃子鵬登板延續氣勢，荷蘭隊則推出荷蘭職棒投手海格，然而...                                      前日職西武獅名將、現為球團總經理的渡邊久信來到洲際球場，觀察世界棒球經典賽A組賽事，看過中華隊的比賽，他也大力稱讚新世代...                                      前日職西武獅名將、現為球團總經理的渡邊久信到台灣了，此行為了觀察世界棒球經典賽A組賽事，最重要是看中華隊吳念庭表現如何，...                  ,UDN
219,經典賽／福星！呂彥青0球拆彈後當轉運手 奪勝跟進嘟嘟、建仔,2023-03-10 23:32:00,運動,,https://udn.com/news/story/10785/7023906,中華隊今天讓洲際棒球場2萬球迷都沸騰，克服兩度落後，「福星」呂彥青的登板之後，張育成第6局敲追平兩分砲，就連第7局兩度啟用代打結局都是好的，中華隊終場11：7擊敗義大利隊，在本屆世界棒球經典賽拿到第1勝，呂彥青中繼兩局無失分奪勝，成為史上第3人、第4人次在經典賽奪勝的中華隊投手。中華隊此役共用6任投手，先發投手江少慶之後，王維中、陳冠宇、陳禹勳、呂彥青、宋家豪依序接手，守下這場勝利。呂彥青的2局投球任內，先是0球成功凍結跑者，中華隊運勢也跟著順起來，第6局張育成兩分砲，第7局兩次代打結局都是好的，中華隊從追平到超前，呂彥青也因此奪得勝投。中華隊拿下本屆賽事首勝、經典賽史上第4勝，過去3勝的勝利投手依序是潘威倫、王建民、潘威倫，呂彥青成為史上第3人、第4人次在經典賽奪勝的中華隊投手。 ▪ 經典賽即時新聞 ▪ 最新比分與完整賽程 ▪ 預賽分組戰績表 ▪ 經典賽專欄分析 經典賽WBC中華隊                    巴拿馬今天在世界棒球經典賽以2：0擊敗義大利隊，讓晚上7點中華隊與荷蘭隊之戰正式變成背水一戰，若中華隊輸球，就會確定在A...                                      巴拿馬隊在今天經典賽午場賽事以2：0擊敗義大利隊，歡慶可貴的隊史第二勝同時，中華隊也落入極度不利位置，晚場對荷蘭隊必須贏...                                      世界棒球經典賽今天出現第一場「扣倒」賽事，以及確定遭到淘汰的球隊，中國大陸隊提前在7局以2：12輸給澳洲隊，吞下3敗，確...                                      中華隊昨晚以十一比七逆轉擊敗義大利隊，今晚面對荷蘭隊要由「潛水艇」黃子鵬登板延續氣勢，荷蘭隊則推出荷蘭職棒投手海格，然而...                                      前日職西武獅名將、現為球團總經理的渡邊久信來到洲際球場，觀察世界棒球經典賽A組賽事，看過中華隊的比賽，他也大力稱讚新世代...                                      前日職西武獅名將、現為球團總經理的渡邊久信到台灣了，此行為了觀察世界棒球經典賽A組賽事，最重要是看中華隊吳念庭表現如何，...                  ,UDN
220,經典賽／連外媒都好奇敬禮手勢由來 張育成一言難盡,2023-03-10 23:58:00,運動,,https://udn.com/news/story/10785/7023983,中華隊今天歷經苦戰，以11：7擊敗義大利隊，在世界棒球經典賽開張勝場，張育成追平兩分砲是維繫氣勢不墜的關鍵，他的敬禮手勢也引起外媒好奇，賽後提問慶祝手勢由來，連總教練林岳平都笑了，張育成則是一言難盡。中華隊今天面臨兩度落後，洲際棒球場數度靜默變成洲際圖書館，第6局成為關鍵，呂彥青登板0球「拆彈」，6局下就出現張育成的追平兩分砲。被問到當下在球隊比較低迷時開轟，張育成解釋，「其實那時我們的氣勢沒有那麼低迷，兩出局、一壘有人，只是想推進到二壘，剛好直球紅中，就積極攻擊，沒想到有很好的結果。」外國媒體緊接著詢問他的敬禮手勢，林岳平當場露出微妙的笑容，張育成則笑答，這應該要請在場媒體幫忙說明。這一轟讓中華隊重新回到戰局中，張育成繞壘時，全場2萬名球迷為他喝彩，他說當下自己也很興奮，平手後更希望後面可以再有分數，「剛好他（吉力吉撈．鞏冠）又打全壘打。」 ▪ 經典賽即時新聞 ▪ 最新比分與完整賽程 ▪ 預賽分組戰績表 ▪ 經典賽專欄分析 經典賽WBC中華隊                    巴拿馬今天在世界棒球經典賽以2：0擊敗義大利隊，讓晚上7點中華隊與荷蘭隊之戰正式變成背水一戰，若中華隊輸球，就會確定在A...                                      巴拿馬隊在今天經典賽午場賽事以2：0擊敗義大利隊，歡慶可貴的隊史第二勝同時，中華隊也落入極度不利位置，晚場對荷蘭隊必須贏...                                      世界棒球經典賽今天出現第一場「扣倒」賽事，以及確定遭到淘汰的球隊，中國大陸隊提前在7局以2：12輸給澳洲隊，吞下3敗，確...                                      中華隊昨晚以十一比七逆轉擊敗義大利隊，今晚面對荷蘭隊要由「潛水艇」黃子鵬登板延續氣勢，荷蘭隊則推出荷蘭職棒投手海格，然而...                                      前日職西武獅名將、現為球團總經理的渡邊久信來到洲際球場，觀察世界棒球經典賽A組賽事，看過中華隊的比賽，他也大力稱讚新世代...                                      前日職西武獅名將、現為球團總經理的渡邊久信到台灣了，此行為了觀察世界棒球經典賽A組賽事，最重要是看中華隊吳念庭表現如何，...                  ,UDN
221,經典賽／抓住義大利剛換投契機 第7局2右打代打都奏效,2023-03-11 00:05:00,運動,,https://udn.com/news/story/10785/7023998,中華隊10日在世界棒球經典賽打下一場精采的勝利，以11：7擊敗義大利隊，第7局超前戰局，教練團當下把握住義大利換投必須面對3人次的機會，啟用右打代打，兩次調度結果都是好的。第7局時比賽仍處於7：7平手，中華隊的代打調度人選顯得相當大膽，王柏融的打席換上成晉，一棒敲出安打，范國宸則取代近況絕佳的鄭宗哲，雖擊出軟弱的游擊方向滾地球，也意外「軟」到對手處理不及，跑出一支帶有超前分的內野安打。林岳平解釋代打換人思維，「他們兩個本來就是一直在板凳上準備代打的右打，當下對手換投，必須完成三打席，可以換兩個，那時是需要串聯、需要打點的時候，很開心他們可以完成。」投手群表現仍是隱憂，林岳平也坦言確實有亂流，加上考慮到3連戰，「今天的投手不能超過4天休息，用分工去完成，很感謝打線支援，掉7分還能贏球。」 ▪ 經典賽即時新聞 ▪ 最新比分與完整賽程 ▪ 預賽分組戰績表 ▪ 經典賽專欄分析 經典賽WBC中華隊                    巴拿馬今天在世界棒球經典賽以2：0擊敗義大利隊，讓晚上7點中華隊與荷蘭隊之戰正式變成背水一戰，若中華隊輸球，就會確定在A...                                      巴拿馬隊在今天經典賽午場賽事以2：0擊敗義大利隊，歡慶可貴的隊史第二勝同時，中華隊也落入極度不利位置，晚場對荷蘭隊必須贏...                                      世界棒球經典賽今天出現第一場「扣倒」賽事，以及確定遭到淘汰的球隊，中國大陸隊提前在7局以2：12輸給澳洲隊，吞下3敗，確...                                      中華隊昨晚以十一比七逆轉擊敗義大利隊，今晚面對荷蘭隊要由「潛水艇」黃子鵬登板延續氣勢，荷蘭隊則推出荷蘭職棒投手海格，然而...                                      前日職西武獅名將、現為球團總經理的渡邊久信來到洲際球場，觀察世界棒球經典賽A組賽事，看過中華隊的比賽，他也大力稱讚新世代...                                      前日職西武獅名將、現為球團總經理的渡邊久信到台灣了，此行為了觀察世界棒球經典賽A組賽事，最重要是看中華隊吳念庭表現如何，...                  ,UDN
222,經典賽／虎伏四年等待躍起 黃子鵬扛抗荷先發,2023-03-11 00:13:00,運動,,https://udn.com/news/story/10785/7024012,中華隊在世界棒球經典賽第二戰以11：7擊敗義大利隊，演出瘋狂逆轉，全場燃起的猛烈鬥志要接棒給「老虎」黃子鵬，這位低肩側投等待四年，要迎來個人生涯首場一級國際賽登板。2019年世界12強棒球賽，黃子鵬雖然進入中華隊正式名單，也跟隨球隊打到東京，然而總計七場比賽，黃子鵬沒上場投過任何一球，只能在賽事結束後踩踩投手丘，稍稍彌補遺憾。之後世界進入疫情年代，中華隊直到今年才再次迎來一級國際賽，黃子鵬再次入選，已經是中職先發投手的代表人物，去年球季黃子鵬以2.33防禦率拿下防禦率王，先發24場也有著12勝3敗的好成績。荷蘭隊則推出右投手海格（Lars Huijer）應戰，他在2011年成進入水手隊小聯盟體系，四年生涯最高來到高階1A，在小聯盟留下15勝14敗、防禦率4.33的成績，之後轉戰荷蘭聯賽，去年球季登板14場、12場先發，拿下7勝1敗、防禦率僅0.86。 ▪ 經典賽即時新聞 ▪ 最新比分與完整賽程 ▪ 預賽分組戰績表 ▪ 經典賽專欄分析 經典賽WBC中華隊WBC風雲                    巴拿馬今天在世界棒球經典賽以2：0擊敗義大利隊，讓晚上7點中華隊與荷蘭隊之戰正式變成背水一戰，若中華隊輸球，就會確定在A...                                      巴拿馬隊在今天經典賽午場賽事以2：0擊敗義大利隊，歡慶可貴的隊史第二勝同時，中華隊也落入極度不利位置，晚場對荷蘭隊必須贏...                                      世界棒球經典賽今天出現第一場「扣倒」賽事，以及確定遭到淘汰的球隊，中國大陸隊提前在7局以2：12輸給澳洲隊，吞下3敗，確...                                      中華隊昨晚以十一比七逆轉擊敗義大利隊，今晚面對荷蘭隊要由「潛水艇」黃子鵬登板延續氣勢，荷蘭隊則推出荷蘭職棒投手海格，然而...                                      前日職西武獅名將、現為球團總經理的渡邊久信來到洲際球場，觀察世界棒球經典賽A組賽事，看過中華隊的比賽，他也大力稱讚新世代...                                      前日職西武獅名將、現為球團總經理的渡邊久信到台灣了，此行為了觀察世界棒球經典賽A組賽事，最重要是看中華隊吳念庭表現如何，...                  ,UDN
223,經典賽／這慶生來得挺突然 呂彥青奪勝「永生難忘」,2023-03-11 00:19:00,運動,,https://udn.com/news/story/10785/7024013,呂彥青27歲生日當天收到最棒的生日禮物，中繼2局無失分，拿下勝投，成為史上第3人、第4人次在經典賽奪勝的中華隊投手，賽後也直呼永生難忘。中華隊在10日以11：7擊敗義大利隊，克服兩度落後，「福星」呂彥青的登板之後，張育成第6局敲追平兩分砲，就連第7局兩度啟用代打結局都是好的，中華隊打回超前分，在呂彥青投球任內從追平到領先，他也因此成為勝利投手，度過難忘的生日。「應該是永生難忘吧！」呂彥青表示，第一次打經典賽，就能在生日當天拿到勝投，滿不容易，「第一個願望達成了，希望之後的願望也可以努力完成。」此役還有一個另類場面，是他在6局上接手陳禹勳留下的兩出局、一壘有人局面，以牽制搞定，0球成功「拆彈」。他也對此解釋，「剛上去是一壘有人，捕手下達牽制指令，軟性牽制去破壞，沒想到他跑了，造成滿好的效果。」中華隊拿下本屆賽事首勝、經典賽史上第4勝，過去3勝的勝利投手依序是潘威倫、王建民、潘威倫，呂彥青成為史上第3人、第4人次在經典賽奪勝的中華隊投手。有趣的是，賽後記者會結束之際，大聯盟安排的記者會主持人以英文向他說「生日快樂」，現場媒體也鼓譟祝賀，在這樣的場面慶生，讓呂彥青當場傻眼、不知所措。 ▪ 經典賽即時新聞 ▪ 最新比分與完整賽程 ▪ 預賽分組戰績表 ▪ 經典賽專欄分析 經典賽WBC中華隊                    巴拿馬今天在世界棒球經典賽以2：0擊敗義大利隊，讓晚上7點中華隊與荷蘭隊之戰正式變成背水一戰，若中華隊輸球，就會確定在A...                                      巴拿馬隊在今天經典賽午場賽事以2：0擊敗義大利隊，歡慶可貴的隊史第二勝同時，中華隊也落入極度不利位置，晚場對荷蘭隊必須贏...                                      世界棒球經典賽今天出現第一場「扣倒」賽事，以及確定遭到淘汰的球隊，中國大陸隊提前在7局以2：12輸給澳洲隊，吞下3敗，確...                                      中華隊昨晚以十一比七逆轉擊敗義大利隊，今晚面對荷蘭隊要由「潛水艇」黃子鵬登板延續氣勢，荷蘭隊則推出荷蘭職棒投手海格，然而...                                      前日職西武獅名將、現為球團總經理的渡邊久信來到洲際球場，觀察世界棒球經典賽A組賽事，看過中華隊的比賽，他也大力稱讚新世代...                                      前日職西武獅名將、現為球團總經理的渡邊久信到台灣了，此行為了觀察世界棒球經典賽A組賽事，最重要是看中華隊吳念庭表現如何，...                  ,UDN
224,經典賽／11:7逆轉義大利 我搶下本屆經典賽首勝,2023-03-11 01:06:00,運動,,https://udn.com/news/story/10785/7024018,中華隊昨天在洲際棒球場經歷雲霄飛車般的一戰，面對義大利隊兩度落後，「福星」呂彥青登板之後，張育成第六局的追平兩分砲扮演救世主，就連第七局兩度啟用代打結局都是好的，中華隊終場十一比七贏球，在本屆世界棒球經典賽拿到第一勝，呂彥青中繼兩局無失分奪勝。面對滿載大聯盟戰力的義大利，中華隊打得辛苦，在比賽前段的兩度領先都像夢境般短暫美好，林子偉一局下以陽春砲先馳得點，第三局五支安打串聯出三分大局，義大利都很快把領先討回來，讓洲際棒球場多次變成洲際圖書館。中華隊張育成六局下擊出追平的兩分砲，逆轉氣勢。記者黃仲裕／攝影中華隊在第六局攻守都出現亮點，先是呂彥青接手兩出局、一壘有人局面，一球都還沒投，就牽制抓到一壘跑者佛列契；下半局林立的保送開啟契機，兩出局後輪到張育成，鎖定第一球、九十四哩伸卡球出棒，一棒炸出中右外野牆外，這發追平兩分砲華麗展示大聯盟級的戰力，張育成在繞過三壘後將手放在耳朵旁，霸氣傾聽兩萬名球迷為他喝彩的聲音。中華隊吉力吉撈．鞏冠八局下半擊出三分砲。記者黃仲裕／攝影重新回到戰線的中華隊，第七局兩次代打結果都是好的，成晉敲出安打，范國宸雖擊出軟弱的游擊方向滾地球，也意外「軟」到對手處理不及，跑出一支帶有超前分的內野安打，第八局再由吉力吉撈．鞏冠敲出底定大局的三分砲。中華隊後援投手呂彥青（右）中繼兩局無失分，守住勝利。記者黃仲裕／攝影中華隊此役共用六任投手，江少慶先發兩局失兩分，後續王維中、陳冠宇、陳禹勳、呂彥青、宋家豪依序登板，呂彥青的兩局投球任內，先是○球成功凍結跑者，中華隊從追平到超前，扮演轉運手，而他也因此摘下勝投。中華隊拿下本屆賽事首勝、經典賽史上第四勝，過去三勝的勝利投手依序是潘威倫、王建民、潘威倫，呂彥青成為史上第三人、第四人次在經典賽奪勝的中華隊投手。中華隊在分組賽一勝一敗，爭取前進八強還大有可為，今天晚上七點出戰已經兩勝在手的荷蘭隊，將有一場硬仗。 ▪ 經典賽即時新聞 ▪ 最新比分與完整賽程 ▪ 預賽分組戰績表 ▪ 經典賽專欄分析 經典賽WBC中華隊張育成呂彥青吉力吉撈潘威倫林子偉宋家豪陳冠宇                    巴拿馬今天在世界棒球經典賽以2：0擊敗義大利隊，讓晚上7點中華隊與荷蘭隊之戰正式變成背水一戰，若中華隊輸球，就會確定在A...                                      巴拿馬隊在今天經典賽午場賽事以2：0擊敗義大利隊，歡慶可貴的隊史第二勝同時，中華隊也落入極度不利位置，晚場對荷蘭隊必須贏...                                      世界棒球經典賽今天出現第一場「扣倒」賽事，以及確定遭到淘汰的球隊，中國大陸隊提前在7局以2：12輸給澳洲隊，吞下3敗，確...                                      中華隊昨晚以十一比七逆轉擊敗義大利隊，今晚面對荷蘭隊要由「潛水艇」黃子鵬登板延續氣勢，荷蘭隊則推出荷蘭職棒投手海格，然而...                                      前日職西武獅名將、現為球團總經理的渡邊久信來到洲際球場，觀察世界棒球經典賽A組賽事，看過中華隊的比賽，他也大力稱讚新世代...                                      前日職西武獅名將、現為球團總經理的渡邊久信到台灣了，此行為了觀察世界棒球經典賽A組賽事，最重要是看中華隊吳念庭表現如何，...                  ,UDN
225,經典賽／扳倒義大利 陳傑憲想證明這個世代「很強」,2023-03-11 00:27:00,運動,,https://udn.com/news/story/10785/7024021,這支中華隊年輕、以中職為主，卻能在本屆世界棒球經典賽扳倒強將如林的義大利隊，陳傑憲想跟球迷說：「證明我們這個世代也是很強的。」能夠在第二戰以11：7擊敗義大利隊，「確實滿想哭。」陳傑憲說：「這批中華隊很年輕，大家很多都是第一次打經典賽。」尤其是首戰慘敗給巴拿馬隊，外界不看好中華隊的想法，球員都知道，「想要證明我們這個世代也是很強的，往後比賽希望可以繼續創造不一樣的中華隊。」陳傑憲今天全場3打數3安打，還有1次四壞、1次觸身球上壘，為中華隊跑回3分，他表示，前一場江坤宇排在第7棒，替在第8棒的自己製造很多機會，「今天我排7棒，想法就是盡量上壘，機會製造給後面的（王）柏融。」陳傑憲坦言，第一次參加大賽，敲出安打難掩興奮，「但也告訴自己，亢奮之後要冷靜，要好好穩住，勝利拿到手再去想。」能夠繳出猛打賞成績，陳傑憲也感謝情蒐給予資訊，面對陌生投手知道如何設定球路，「也謝謝龍貓教練（曾豪駒）的提點，讓我打起來很有安全感。」雖然第一場就輸球，但陳傑憲表示，「很謝謝年輕球員帶動氣氛，輸球也沒有放棄，棒球就是這樣，不知道會是什麼結果，只要努力去完成，就會有好的結果。」 ▪ 經典賽即時新聞 ▪ 最新比分與完整賽程 ▪ 預賽分組戰績表 ▪ 經典賽專欄分析 經典賽WBC中華隊                    巴拿馬今天在世界棒球經典賽以2：0擊敗義大利隊，讓晚上7點中華隊與荷蘭隊之戰正式變成背水一戰，若中華隊輸球，就會確定在A...                                      巴拿馬隊在今天經典賽午場賽事以2：0擊敗義大利隊，歡慶可貴的隊史第二勝同時，中華隊也落入極度不利位置，晚場對荷蘭隊必須贏...                                      世界棒球經典賽今天出現第一場「扣倒」賽事，以及確定遭到淘汰的球隊，中國大陸隊提前在7局以2：12輸給澳洲隊，吞下3敗，確...                                      中華隊昨晚以十一比七逆轉擊敗義大利隊，今晚面對荷蘭隊要由「潛水艇」黃子鵬登板延續氣勢，荷蘭隊則推出荷蘭職棒投手海格，然而...                                      前日職西武獅名將、現為球團總經理的渡邊久信來到洲際球場，觀察世界棒球經典賽A組賽事，看過中華隊的比賽，他也大力稱讚新世代...                                      前日職西武獅名將、現為球團總經理的渡邊久信到台灣了，此行為了觀察世界棒球經典賽A組賽事，最重要是看中華隊吳念庭表現如何，...                  ,UDN
226,經典賽／總有一天會為我鼓掌 「逃兵」張育成真的辦到了！,2023-03-11 01:22:00,運動,,https://udn.com/news/story/10785/7024033,曾效力過美職印地安人隊的張育成、吉力吉撈・鞏冠，昨晚攜手扮演中華隊火力輸出，六局下張育成敲出兩分砲心想「耶，我追平了。」八局下鞏冠擴大領先三分砲後則是想：「耶，我打更多分了。」張育成遭遇「逃兵」罵名時，曾勉勵自己所說的「總有一天會為我鼓掌」，成為預言；昨晚一發兩分砲為中華隊追平劣勢，最終擊敗義大利隊拿下首勝，那一發重燃氣勢的全壘打，讓台中洲際球場兩萬人、甚至全台球迷都為他鼓掌。在經典賽開轟，張育成表示，個人表現當然很開心，但能夠幫球隊贏球感受更不同，「幫助球隊打出分數，這是我們應該做的。」張育成不僅開轟，三局下也敲出二壘安打，加上首局失誤、八局保送，全場四度攻上壘包。經典賽中義之戰，中華隊吉力吉撈·鞏冠（前）八局下半擊出三分砲，張育成擁抱慶祝。記者黃仲裕／攝影「當下球隊氣勢不到低迷。」回想開轟當下，張育成說：「面對兩出局一壘有人，只想要推進到二壘，剛好直球到紅中，就積極攻擊，沒想到有好結果」。鞏冠則表示，贏球是團隊功勞，投手表現也非常好，「能敲出三分砲，是因為前面有育成保送、（吳）念庭安打，我也掌握住失投球，就做到了。」張育成開轟敬禮的手勢，引起外國媒體好奇，時間回到經典賽開打前，張育成恐怕是中華隊身負最多罵名的人，最初婉拒參加的回覆，在網路社群上延燒，雖然在中職會長蔡其昌的招攬後加入團隊，但因列管身分，讓他一直被貼上「逃兵」標籤。不過張育成以笑容面對，「敬禮」慶祝動作、「永遠忠誠」的唱名詞，反倒讓觀感反轉，加上熱身賽一路以來的強打表現，延續到正式賽，終於重新獲得球迷的掌聲。 ▪ 經典賽即時新聞 ▪ 最新比分與完整賽程 ▪ 預賽分組戰績表 ▪ 經典賽專欄分析 經典賽WBC中華隊鞏冠張育成吉力吉撈印地安人                    巴拿馬今天在世界棒球經典賽以2：0擊敗義大利隊，讓晚上7點中華隊與荷蘭隊之戰正式變成背水一戰，若中華隊輸球，就會確定在A...                                      巴拿馬隊在今天經典賽午場賽事以2：0擊敗義大利隊，歡慶可貴的隊史第二勝同時，中華隊也落入極度不利位置，晚場對荷蘭隊必須贏...                                      世界棒球經典賽今天出現第一場「扣倒」賽事，以及確定遭到淘汰的球隊，中國大陸隊提前在7局以2：12輸給澳洲隊，吞下3敗，確...                                      中華隊昨晚以十一比七逆轉擊敗義大利隊，今晚面對荷蘭隊要由「潛水艇」黃子鵬登板延續氣勢，荷蘭隊則推出荷蘭職棒投手海格，然而...                                      前日職西武獅名將、現為球團總經理的渡邊久信來到洲際球場，觀察世界棒球經典賽A組賽事，看過中華隊的比賽，他也大力稱讚新世代...                                      前日職西武獅名將、現為球團總經理的渡邊久信到台灣了，此行為了觀察世界棒球經典賽A組賽事，最重要是看中華隊吳念庭表現如何，...                  ,UDN
227,經典賽／黃子鵬先發對荷蘭 9投手待命,2023-03-11 01:28:00,運動,,https://udn.com/news/story/10785/7024038,中華隊昨晚以十一比七逆轉擊敗義大利隊，今晚面對荷蘭隊要由「潛水艇」黃子鵬登板延續氣勢，荷蘭隊則推出荷蘭職棒投手海格，然而盤點牛棚戰力，中華隊位居弱勢。二○一九年世界十二強棒球賽，黃子鵬入選中華隊，卻一球未投就結束賽事，留下遺憾，蟄伏了四年再次參與一級賽事，他以中華職棒防禦率王的頭銜，終於要迎來登板。然而中華隊十四名投手中，昨先發的江少慶投了四十二球、第二任王維中四十一球，還有投兩局拿下勝投的呂彥青則投了卅六球，根據用球數限制，三人都要休息一天，再扣掉首戰先發胡智爲，代表迎戰荷蘭隊投手戰力只剩十人可用。休兵一天的荷蘭隊，牛棚戰力則幾乎是「滿血」狀態，扣掉首戰先發投手布洛克投五十八球、第二戰先發投手馬帝斯投了六十五球，都要休四天之外，其他人用球數都在五十球內。荷蘭隊牛棚要角凱利、葛普、佛蘭拉努斯雖連兩場都上，還有波森布魯克在第二戰投超過卅球，但根據規則，休息一天就可再出賽，全隊十四個投手，有十二人可用，包括今天先發投手在內，二連勝的荷蘭只要贏球就晉級，牛棚一定傾巢而出。本屆荷蘭隊五位現役大聯盟球員都是打者，外界評估「打優於投」，不過前兩戰對古巴、巴拿馬隊總共也只掉三分，封鎖對手的能力並不弱，總教練穆倫斯也對自家投手有信心，「我們前兩屆能打進四強，不是只靠打擊，每位選手都很重要。」 ▪ 經典賽即時新聞 ▪ 最新比分與完整賽程 ▪ 預賽分組戰績表 ▪ 經典賽專欄分析 經典賽WBC中華隊                    巴拿馬隊在今天經典賽午場賽事以2：0擊敗義大利隊，歡慶可貴的隊史第二勝同時，中華隊也落入極度不利位置，晚場對荷蘭隊必須贏...                                      世界棒球經典賽今天出現第一場「扣倒」賽事，以及確定遭到淘汰的球隊，中國大陸隊提前在7局以2：12輸給澳洲隊，吞下3敗，確...                                      中華隊昨晚以十一比七逆轉擊敗義大利隊，今晚面對荷蘭隊要由「潛水艇」黃子鵬登板延續氣勢，荷蘭隊則推出荷蘭職棒投手海格，然而...                                      第5屆世界棒球經典賽A組預賽在台中洲際棒球場登場，昨（10）日台灣以11:7逆轉義大利，其中台灣球迷的熱情的「台式應援」登上許多國際版面，義大利總教練皮亞薩（Mike Piazza）更是用「驚嚇」、「震撼」來形容...                                      前日職西武獅名將、現為球團總經理的渡邊久信來到洲際球場，觀察世界棒球經典賽A組賽事，看過中華隊的比賽，他也大力稱讚新世代...                                      前日職西武獅名將、現為球團總經理的渡邊久信到台灣了，此行為了觀察世界棒球經典賽A組賽事，最重要是看中華隊吳念庭表現如何，...                  ,UDN
228,經典賽／古巴的白襪雙星醒了 逆轉巴拿馬續命,2023-03-11 01:25:00,運動,,https://udn.com/news/story/10785/7024039,打完前五局還以二比四落後巴拿馬隊，「紅色閃電」古巴隊差一點成為本屆世界棒球經典賽第一支出局球隊，所幸火力及時復甦，暴打廿一支安打，終場以十三比四贏球續命。巴拿馬由曾效力中信兄弟隊的左投奧特羅先發，投三局被敲六安打、失兩分，帶著四比二領先退場。戰局在第六局成為分水嶺，古巴打線打了整整一輪，敲出四安打、兩保送，攻下四分逆轉戰局。古巴本屆首度納入現役大聯盟選手力拚佳績，叛逃的孟卡達、羅伯特因此可以穿上國家隊球衣，過程中免不了遭到質疑，再加上古巴前兩場都輸球，面臨更龐大的檢討聲浪。孟卡達表示，前兩場的敗仗，不單是兩個人的責任，此役贏球也不單是誰的功勞，「我們只是有些人在美國、有些在古巴打球，這不代表誰是明星、誰不是明星，我們每個人都是明星，也知道各自的責任。」被問到來自古巴民眾的反彈聲浪，羅伯特表示，「大家都有權表達自己的意見，我想的只有我是來這裡打球，沒其他想法。」孟卡達也同意，他更進一步表示，為古巴國家隊效力是自己一直以來的夢想，也是父親的盼望。 ▪ 經典賽即時新聞 ▪ 最新比分與完整賽程 ▪ 預賽分組戰績表 ▪ 經典賽專欄分析 經典賽WBC風雲                    巴拿馬今天在世界棒球經典賽以2：0擊敗義大利隊，讓晚上7點中華隊與荷蘭隊之戰正式變成背水一戰，若中華隊輸球，就會確定在A...                                      巴拿馬隊在今天經典賽午場賽事以2：0擊敗義大利隊，歡慶可貴的隊史第二勝同時，中華隊也落入極度不利位置，晚場對荷蘭隊必須贏...                                      世界棒球經典賽今天出現第一場「扣倒」賽事，以及確定遭到淘汰的球隊，中國大陸隊提前在7局以2：12輸給澳洲隊，吞下3敗，確...                                      中華隊昨晚以十一比七逆轉擊敗義大利隊，今晚面對荷蘭隊要由「潛水艇」黃子鵬登板延續氣勢，荷蘭隊則推出荷蘭職棒投手海格，然而...                                      前日職西武獅名將、現為球團總經理的渡邊久信來到洲際球場，觀察世界棒球經典賽A組賽事，看過中華隊的比賽，他也大力稱讚新世代...                                      前日職西武獅名將、現為球團總經理的渡邊久信到台灣了，此行為了觀察世界棒球經典賽A組賽事，最重要是看中華隊吳念庭表現如何，...                  ,UDN
229,經典賽／日痛宰韓 捷克奪隊史首勝,2023-03-11 01:28:00,運動,,https://udn.com/news/story/10785/7024042,世界棒球經典賽Ｂ組預賽昨晚上演日韓大戰，傳統好戲變成一場一面倒的暴打秀。吉田正尚三安打、五分打點，大谷翔平雙安、四度上壘，日本武士隊終場以十三比四電翻南韓隊，在分組賽取得二連勝，南韓則是二連敗、爭取晉級大不利。兩軍此役都推派資深老將擔綱先發投手，達比修有投三局被敲三安打、失三分（責失兩分），第三局挨了梁義智的兩分砲，三壘手村上宗隆的傳球失誤持續攪局，李政厚補上安打、賺回一分打點。日本無畏○比三落後，三局下打線就有回應，面對南韓先發投手金廣鉉，美籍日裔的努特巴爾一壘打、近藤健介二壘打各掃回一分，南韓換投未止住失血，吉田正尚補上兩分打點逆轉安打，日本自此未再落後。日本的攻勢一波接一波，五到七局都有分數進帳，一度只差一分就要提前結束比賽。日本前一次在經典賽對南韓攻下雙位數分數，已是二○○九年三月七日，以十四比二的差距在七局提前結束比賽。捷克隊在B組預賽的第一場比賽，就靠著9局上絕地反攻，以8：5擊敗中國大陸隊，拿下隊史首勝。 歐新社Ｂ組另一場賽事由中國大陸隊與捷克隊過招，中國帶著五比四領先進入第九局，卻未能將勝利大門關上，第五任投手宮海成留下一出局、二三壘有人局面退場，朱權「拆彈」不成，被穆齊克敲出逆轉三分砲。捷克單局攻下四分，以八比五贏球。從資格賽挺進的捷克，隊史首度在經典賽會內賽亮相，第一場比賽就「解鎖」首勝。 ▪ 經典賽即時新聞 ▪ 最新比分與完整賽程 ▪ 預賽分組戰績表 ▪ 經典賽專欄分析 經典賽吉田正尚大谷翔平金廣鉉村上宗隆達比修有WBC風雲                    巴拿馬今天在世界棒球經典賽以2：0擊敗義大利隊，讓晚上7點中華隊與荷蘭隊之戰正式變成背水一戰，若中華隊輸球，就會確定在A...                                      巴拿馬隊在今天經典賽午場賽事以2：0擊敗義大利隊，歡慶可貴的隊史第二勝同時，中華隊也落入極度不利位置，晚場對荷蘭隊必須贏...                                      世界棒球經典賽今天出現第一場「扣倒」賽事，以及確定遭到淘汰的球隊，中國大陸隊提前在7局以2：12輸給澳洲隊，吞下3敗，確...                                      中華隊昨晚以十一比七逆轉擊敗義大利隊，今晚面對荷蘭隊要由「潛水艇」黃子鵬登板延續氣勢，荷蘭隊則推出荷蘭職棒投手海格，然而...                                      前日職西武獅名將、現為球團總經理的渡邊久信來到洲際球場，觀察世界棒球經典賽A組賽事，看過中華隊的比賽，他也大力稱讚新世代...                                      前日職西武獅名將、現為球團總經理的渡邊久信到台灣了，此行為了觀察世界棒球經典賽A組賽事，最重要是看中華隊吳念庭表現如何，...                  ,UDN
230,經典賽／滿場抗壓！成晉這回沒雙殺 為中華敲安助攻,2023-03-11 00:42:00,運動,,https://udn.com/news/story/10785/7024057,中華隊在世界棒球經典賽以11：7擊敗義大利隊，成晉在7局下平手時以代打之姿敲安，帶起該局反攻氣勢，最終也逆轉比數，他想起在總冠軍賽敲雙殺打的回憶，「這次有頂住壓力。」中華隊在6局下靠著張育成2分砲追平，7局下則是陳傑憲先保送，接著成晉代打王柏融，敲出安打，下一棒江坤宇也敲安打形成滿壘，到范國宸代打內野安打，將分數超前為8：7，此後沒再落後過。成晉透露，上去打擊前，打擊教練曾豪駒、彭政閔都有提醒，「要保持跟投手輸贏的心態，這是國際賽，上場就是積極一點，想辦法把跑者送到二壘，最好是自己上壘，球隊才有更好的機會。」真的敲出安打達成心中第一志願，成晉也忍不住怒吼，他表示，先前在中職總冠軍賽也曾遇過滿場球迷，當時自己打出雙殺打，這次國際賽再度感受2萬人的洲際球場，「有頂住壓力，這次上場不會緊張，反而是很爽、很開心，能夠享受比賽。」第一次參加國際賽，成晉就在首打席敲出首安，他表示，心情上當然會比較踏實，「還有兩場比賽，希望能夠把自己的優勢持續放大，幫助球隊拿下勝利。」 ▪ 經典賽即時新聞 ▪ 最新比分與完整賽程 ▪ 預賽分組戰績表 ▪ 經典賽專欄分析 經典賽WBC中華隊                    巴拿馬今天在世界棒球經典賽以2：0擊敗義大利隊，讓晚上7點中華隊與荷蘭隊之戰正式變成背水一戰，若中華隊輸球，就會確定在A...                                      巴拿馬隊在今天經典賽午場賽事以2：0擊敗義大利隊，歡慶可貴的隊史第二勝同時，中華隊也落入極度不利位置，晚場對荷蘭隊必須贏...                                      世界棒球經典賽今天出現第一場「扣倒」賽事，以及確定遭到淘汰的球隊，中國大陸隊提前在7局以2：12輸給澳洲隊，吞下3敗，確...                                      中華隊昨晚以十一比七逆轉擊敗義大利隊，今晚面對荷蘭隊要由「潛水艇」黃子鵬登板延續氣勢，荷蘭隊則推出荷蘭職棒投手海格，然而...                                      前日職西武獅名將、現為球團總經理的渡邊久信來到洲際球場，觀察世界棒球經典賽A組賽事，看過中華隊的比賽，他也大力稱讚新世代...                                      前日職西武獅名將、現為球團總經理的渡邊久信到台灣了，此行為了觀察世界棒球經典賽A組賽事，最重要是看中華隊吳念庭表現如何，...                  ,UDN
231,經典賽／被台式應援「驚嚇」 義教頭：張育成那一轟改變局勢,2023-03-11 00:47:00,運動,,https://udn.com/news/story/10785/7024059,義大利10日與中華隊打得慘烈，兩度領先失守，終場以7：11輸球，總教練皮亞薩（Mike Piazza）賽後用了驚嚇字眼，他坦言現場加油氣氛在電視上看和現場體驗是完全兩回事，帶給中華隊很大的能量。義大利此次陣容滿載大聯盟球星，外界原本就預期中華隊此戰不好打，也確實體現在記分板上，中華隊兩度先握優勢都馬上被逆轉，進入中段戰還以5：7落後，靠張育成第6局兩分砲、第7局2次代打奏效，以及第8局吉力吉撈．鞏冠的三分砲，艱辛搶下這場勝利。皮亞薩賽後坦言，這是一場艱難的比賽，「不知道該怎麼講，一開始感覺有點驚嚇，但好在有冷靜下來。」他進一步解釋，台灣的啦啦隊、球迷真的很有活力，電視上看是一回事，現場看又是另一種震撼，感覺帶給中華隊很多能量，「就像我賽前說的，噪音或許會有影響，但我們撐過來了，這是一場很棒的比賽，只是很可惜，無法像前一天一樣，在關鍵時刻創造出局數。」皮亞薩提到，比較遺憾的是比賽中的幾次失誤，「導致氣勢此消彼長，因此給了中華隊機會，他們也把握住了。」皮亞薩肯定中華隊的表現，「有些打擊並不容易，他們做到了，球賽就是這樣。」張育成的追平兩分砲被視為全場氣勢之鑰，皮亞薩也提到對他的印象，「如果沒記錯，他打了三顆很強勁的球，面對他這樣的打者，如果投手犯錯就會被他逮到機會，那支全壘打改變了局勢。」世界棒球經典賽在台中洲際棒球場舉行中華對決義大利的比賽，球迷熱情應援。記者黃仲裕／攝影世界棒球經典賽在台中洲際棒球場舉行中華對決義大利的比賽，啦啦隊熱情應援。記者黃仲裕／攝影世界棒球經典賽在台中洲際棒球場舉行中華對決義大利的比賽，吸引滿場2萬名球場到場加油。記者黃仲裕／攝影 ▪ 經典賽即時新聞 ▪ 最新比分與完整賽程 ▪ 預賽分組戰績表 ▪ 經典賽專欄分析 經典賽WBC中華隊                    巴拿馬今天在世界棒球經典賽以2：0擊敗義大利隊，讓晚上7點中華隊與荷蘭隊之戰正式變成背水一戰，若中華隊輸球，就會確定在A...                                      巴拿馬隊在今天經典賽午場賽事以2：0擊敗義大利隊，歡慶可貴的隊史第二勝同時，中華隊也落入極度不利位置，晚場對荷蘭隊必須贏...                                      世界棒球經典賽今天出現第一場「扣倒」賽事，以及確定遭到淘汰的球隊，中國大陸隊提前在7局以2：12輸給澳洲隊，吞下3敗，確...                                      中華隊昨晚以十一比七逆轉擊敗義大利隊，今晚面對荷蘭隊要由「潛水艇」黃子鵬登板延續氣勢，荷蘭隊則推出荷蘭職棒投手海格，然而...                                      前日職西武獅名將、現為球團總經理的渡邊久信來到洲際球場，觀察世界棒球經典賽A組賽事，看過中華隊的比賽，他也大力稱讚新世代...                                      前日職西武獅名將、現為球團總經理的渡邊久信到台灣了，此行為了觀察世界棒球經典賽A組賽事，最重要是看中華隊吳念庭表現如何，...                  ,UDN
232,經典賽／揮別首戰4支0 林子偉開轟感謝主和情蒐,2023-03-11 01:09:00,運動,,https://udn.com/news/story/10785/7024068,中華隊10日以11：7擊敗義大利隊，團隊出現3轟，林子偉揮別首戰的4支0，第一局就敲出陽春砲，賽後除了感謝主外，也提到情蒐資料讓他們了解投手球路、位置，打者們也做得很好，可以持續破壞，等到想要的那顆球。林子偉透露，第一場打得沒有很好，這場比賽希望先要求把球打強，「很開心打出全壘打，都有情蒐了解投手有什麼球路、位置在哪裡，覺得大家都做得很好。」林子偉稱讚隊友，兩好球後持續破壞，看到好球主動攻擊，「不管怎樣，我們都要做到最好。」他也坦言，第一場輸球後，這場可以贏下來，對中華隊信心有提升。他此役因自打球並未打滿整場，林子偉表示，現在感覺還有點痠、比較痛，但他認為明天應該就沒問題了。世界棒球經典賽昨天在台中洲際棒球場舉行中華對決義大利的比賽，中華隊第三棒林子偉一局下半擊出陽春炮。記者黃仲裕／攝影 ▪ 經典賽即時新聞 ▪ 最新比分與完整賽程 ▪ 預賽分組戰績表 ▪ 經典賽專欄分析 經典賽WBC中華隊                    巴拿馬今天在世界棒球經典賽以2：0擊敗義大利隊，讓晚上7點中華隊與荷蘭隊之戰正式變成背水一戰，若中華隊輸球，就會確定在A...                                      巴拿馬隊在今天經典賽午場賽事以2：0擊敗義大利隊，歡慶可貴的隊史第二勝同時，中華隊也落入極度不利位置，晚場對荷蘭隊必須贏...                                      世界棒球經典賽今天出現第一場「扣倒」賽事，以及確定遭到淘汰的球隊，中國大陸隊提前在7局以2：12輸給澳洲隊，吞下3敗，確...                                      中華隊昨晚以十一比七逆轉擊敗義大利隊，今晚面對荷蘭隊要由「潛水艇」黃子鵬登板延續氣勢，荷蘭隊則推出荷蘭職棒投手海格，然而...                                      前日職西武獅名將、現為球團總經理的渡邊久信來到洲際球場，觀察世界棒球經典賽A組賽事，看過中華隊的比賽，他也大力稱讚新世代...                                      前日職西武獅名將、現為球團總經理的渡邊久信到台灣了，此行為了觀察世界棒球經典賽A組賽事，最重要是看中華隊吳念庭表現如何，...                  ,UDN
233,經典賽／代打敲回勝利打點 范國宸笑稱：運氣不錯,2023-03-11 01:18:00,運動,,https://udn.com/news/story/10785/7024072,中華隊在世界棒球經典賽以11：7擊敗義大利隊，范國宸在7局代打敲出的超前安，成為勝利打點，他也笑稱：「還好運氣不錯。」7局下7：7平手局面，中華隊靠著陳傑憲保送、成晉、江坤宇安打，製造滿壘局面，右打的范國宸再上場代打，完成教練團期待，從左投馬爾洽諾（Joey Marciano）手中敲出內野安打。「還滿幸運的。」范國宸說：「上場時只要打到外野基本就有分數，遇到大場面難免緊張，但還好最後運氣不錯。」那一球打得不強，但剛好讓義大利內野手來不及守備，跑出安打。作為板凳人選，范國宸在場邊準備時都有參考投手報告、觀察球路、擬定策略，「上去前教練叫我放輕鬆，因為當下是平手，面對大場面就照自己的節奏來，不用有壓力。」 ▪ 經典賽即時新聞 ▪ 最新比分與完整賽程 ▪ 預賽分組戰績表 ▪ 經典賽專欄分析 經典賽WBC中華隊                    巴拿馬今天在世界棒球經典賽以2：0擊敗義大利隊，讓晚上7點中華隊與荷蘭隊之戰正式變成背水一戰，若中華隊輸球，就會確定在A...                                      巴拿馬隊在今天經典賽午場賽事以2：0擊敗義大利隊，歡慶可貴的隊史第二勝同時，中華隊也落入極度不利位置，晚場對荷蘭隊必須贏...                                      世界棒球經典賽今天出現第一場「扣倒」賽事，以及確定遭到淘汰的球隊，中國大陸隊提前在7局以2：12輸給澳洲隊，吞下3敗，確...                                      中華隊昨晚以十一比七逆轉擊敗義大利隊，今晚面對荷蘭隊要由「潛水艇」黃子鵬登板延續氣勢，荷蘭隊則推出荷蘭職棒投手海格，然而...                                      前日職西武獅名將、現為球團總經理的渡邊久信來到洲際球場，觀察世界棒球經典賽A組賽事，看過中華隊的比賽，他也大力稱讚新世代...                                      前日職西武獅名將、現為球團總經理的渡邊久信到台灣了，此行為了觀察世界棒球經典賽A組賽事，最重要是看中華隊吳念庭表現如何，...                  ,UDN
234,經典賽／存好美食地圖 鄭宗哲：想去東京,2023-03-11 02:06:00,運動,,https://udn.com/news/story/10785/7024085,中華隊終於拿下本屆經典賽第一勝，前進東京的希望重新燃起，接下來對荷蘭、古巴隊都贏球，就不必看別人臉色晉級，開路先鋒鄭宗哲的地圖裡儲存著多家東京美食，他說：「我真的很想去。」面對Ａ組強敵環伺，中華隊開賽前不被看好，即便首戰輸給巴拿馬隊，中華隊的士氣沒有耗損太多，還是抱持贏球的渴望，游擊手江坤宇就說：「只要大家團結在一起，接下來比賽就不會有所畏懼。」隨著昨晚擊敗大聯盟球員滿滿的義大利隊，中華隊保住晉級複賽、前進東京的希望。廿一歲的鄭宗哲是中華隊最年輕的野手，還在美職海盜隊小聯盟體系打拚的他，這次回台參加經典賽，用打擊、守備實力卡位先發第一棒、二壘手，對巴拿馬隊之戰就敲出三安猛打賞，對義大利隊第二局的安打更是幫助中華隊從落後到追平。旅美這幾年，休賽季鄭宗哲都被派去中南美州打冬季聯盟，沒有自己的休息時間，「我還沒去過東京。」鄭宗哲說，這次打經典賽，他真的很希望能夠幫助中華隊一路挺進，尤其是熱愛吃拉麵的他，早已列出多家美食名店，很希望以晉級喜悅當佐料，大飽口福。廿二歲的江坤宇第一次披上成棒國家隊戰袍，首戰也敲出兩安，與鄭宗哲共組二游搭檔，他坦言心情上是興奮，也有緊張，「看到團隊凝聚在一起，讓我更有勇氣往前，去面對其他國家。」 ▪ 經典賽即時新聞 ▪ 最新比分與完整賽程 ▪ 預賽分組戰績表 ▪ 經典賽專欄分析 經典賽WBC中華隊鄭宗哲江坤宇                    巴拿馬今天在世界棒球經典賽以2：0擊敗義大利隊，讓晚上7點中華隊與荷蘭隊之戰正式變成背水一戰，若中華隊輸球，就會確定在A...                                      巴拿馬隊在今天經典賽午場賽事以2：0擊敗義大利隊，歡慶可貴的隊史第二勝同時，中華隊也落入極度不利位置，晚場對荷蘭隊必須贏...                                      世界棒球經典賽今天出現第一場「扣倒」賽事，以及確定遭到淘汰的球隊，中國大陸隊提前在7局以2：12輸給澳洲隊，吞下3敗，確...                                      中華隊昨晚以十一比七逆轉擊敗義大利隊，今晚面對荷蘭隊要由「潛水艇」黃子鵬登板延續氣勢，荷蘭隊則推出荷蘭職棒投手海格，然而...                                      前日職西武獅名將、現為球團總經理的渡邊久信來到洲際球場，觀察世界棒球經典賽A組賽事，看過中華隊的比賽，他也大力稱讚新世代...                                      前日職西武獅名將、現為球團總經理的渡邊久信到台灣了，此行為了觀察世界棒球經典賽A組賽事，最重要是看中華隊吳念庭表現如何，...                  ,UDN
235,經典賽／中華隊贏義大利 藍營今晚發550份雞排 時間地點看這,2023-03-11 08:04:00,運動,,https://udn.com/news/story/10785/7024195,中華隊在世界棒球經典賽以11：7擊敗義大利隊，國民黨立委洪孟楷在臉書發文，感謝中華經典真英雄贏義大利，「發雞排啦！」宣布今晚將在新北市府中捷運站3號出口（新北戶外直播派對）發放550分雞排，今天傍晚5時50分開始發號碼牌，號碼牌全發完後，開始發雞排。洪孟楷在臉書公布發放雞排的時間、地點，他說，「大家來領雞排、繼續為中華隊加油！（19：00繼續擊敗荷蘭！）一場一場贏，前進東京」。地點：府中捷運站3號出口（新北戶外直播派對）。發起人：江啟臣、洪孟楷、徐弘庭、台北市議員張斯綱、凌濤、李明賢-阿賢之聲、羅明才、葉元之．板橋、柳采葳、林德福、李明璇。網友盛讚說到做到，紛紛留言，「雖然不可能去領，但也開心贏球」、「謝謝有你們加持，讓這場賽局更加精彩！贏得漂亮」、「出發排隊了領祭品了」。媒體人黃揚明也在臉書公布「政壇祭品文將實現」的整理包，包括已知洪孟楷等11人雞排共550份、滿志剛的雞蛋1000顆、彰化縣政府的爌肉飯400碗、立法委員林為洲發雞排200份。「中華隊贏球就是爽，雞排來囉」，立委林為洲也在他個人臉書公布發雞排資訊：今天上午11時，在新社保安宮（新竹縣竹北市中正西路266號）限量200份。台北市青工總會長滿志剛今天上午9時在臉書宣布，今天下午1時發送1000顆雞蛋，每人5顆、共200份。中午12時發號碼牌，號碼牌發完後，下午1時開始發雞蛋。地點：台北市信義區忠孝東路五段423巷5弄3號（近永春捷運站1號出口）。世界棒球經典賽昨天在台中洲際棒球場舉行中華對決義大利的比賽，中華隊第三棒林子偉一局下半擊出陽春炮。記者黃仲裕／攝影 ▪ 經典賽即時新聞 ▪ 最新比分與完整賽程 ▪ 預賽分組戰績表 ▪ 經典賽專欄分析 經典賽WBC中華隊                    巴拿馬今天在世界棒球經典賽以2：0擊敗義大利隊，讓晚上7點中華隊與荷蘭隊之戰正式變成背水一戰，若中華隊輸球，就會確定在A...                                      巴拿馬隊在今天經典賽午場賽事以2：0擊敗義大利隊，歡慶可貴的隊史第二勝同時，中華隊也落入極度不利位置，晚場對荷蘭隊必須贏...                                      世界棒球經典賽今天出現第一場「扣倒」賽事，以及確定遭到淘汰的球隊，中國大陸隊提前在7局以2：12輸給澳洲隊，吞下3敗，確...                                      中華隊昨晚以十一比七逆轉擊敗義大利隊，今晚面對荷蘭隊要由「潛水艇」黃子鵬登板延續氣勢，荷蘭隊則推出荷蘭職棒投手海格，然而...                                      前日職西武獅名將、現為球團總經理的渡邊久信來到洲際球場，觀察世界棒球經典賽A組賽事，看過中華隊的比賽，他也大力稱讚新世代...                                      前日職西武獅名將、現為球團總經理的渡邊久信到台灣了，此行為了觀察世界棒球經典賽A組賽事，最重要是看中華隊吳念庭表現如何，...                  ,UDN
236,經典賽／中華隊贏球！ 球迷散場「自動清垃圾」盧秀燕大讚,2023-03-11 09:19:00,運動,,https://udn.com/news/story/10785/7024257,中華隊在世界棒球經典賽以11：7擊敗義大利隊，奪下首勝。台中市府昨晚在府前廣場大螢幕直播中華隊賽事，許多球迷慶祝後，自動把地上所有垃圾清除。台中市長盧秀燕發文大讚「中華隊贏球，值得國人驕傲，但台中市民的高水準，也令她非常驕傲」。台中市運動局於WBC賽事期間，在府前廣場大螢幕直播中華隊賽事，台中市長盧秀燕昨晚身著中華隊球衣現身府前廣場，與球迷觀看直播熱血吶喊。中華隊最終11比7奪勝，現場歡聲雷動，盧市長也與球迷相擁、合照，紀錄歷史一刻。盧秀燕事後在臉書曬出一張照片，她說，她知道已經炫耀過很多次，但今天請容許她再介紹一次，台中市府前廣場舉辦「球賽直播派對」在一夜狂歡後，府前廣場不見一片垃圾，市民自動自發維持場地整潔，愛護公共區域，如同愛護自己的家。盧秀燕說，她每次都很感動市民家人，愛護台中、守護台中的實際行動，「我台中，我驕傲」。網友看了後也留言「台中市民真的好讚」、「這就是台中市民的軟實力」、「我是台中人我驕傲」、「我台中，好驕傲，中華隊再接再厲贏荷蘭」。台中市運動局長李昱叡表示，洲際球場每場中華隊賽事都將湧入滿場2萬人，力挺台灣英雄，座位一票難求，中華隊承載國人的期待，為提供更多市民觀賽服務，運動局特別籌辦直播活動，號召全城球迷朋友一起揪團到府前廣場力挺中華隊。 ▪ 經典賽即時新聞 ▪ 最新比分與完整賽程 ▪ 預賽分組戰績表 ▪ 經典賽專欄分析 經典賽WBC中華隊                    巴拿馬今天在世界棒球經典賽以2：0擊敗義大利隊，讓晚上7點中華隊與荷蘭隊之戰正式變成背水一戰，若中華隊輸球，就會確定在A...                                      巴拿馬隊在今天經典賽午場賽事以2：0擊敗義大利隊，歡慶可貴的隊史第二勝同時，中華隊也落入極度不利位置，晚場對荷蘭隊必須贏...                                      世界棒球經典賽今天出現第一場「扣倒」賽事，以及確定遭到淘汰的球隊，中國大陸隊提前在7局以2：12輸給澳洲隊，吞下3敗，確...                                      中華隊昨晚以十一比七逆轉擊敗義大利隊，今晚面對荷蘭隊要由「潛水艇」黃子鵬登板延續氣勢，荷蘭隊則推出荷蘭職棒投手海格，然而...                                      前日職西武獅名將、現為球團總經理的渡邊久信來到洲際球場，觀察世界棒球經典賽A組賽事，看過中華隊的比賽，他也大力稱讚新世代...                                      前日職西武獅名將、現為球團總經理的渡邊久信到台灣了，此行為了觀察世界棒球經典賽A組賽事，最重要是看中華隊吳念庭表現如何，...                  ,UDN
237,經典賽／中華隊勝義大利 滿志剛發1千顆蛋 時間地點公布,2023-03-11 09:21:00,運動,,https://udn.com/news/story/10785/7024259,WBC世界棒球經典賽開打，中華隊昨晚以11：7擊敗義大利隊。國民黨青工會總會長滿志剛喊出，只要打贏就免費送1000顆雞蛋，他今天下午邀請徐巧芯將在台北市信義區一起兌現祭品文，發完雞蛋要立刻衝台中看晚上7點對戰荷蘭的比賽。熱血球迷、國民黨青工會總會長滿志剛今早在臉書表示，拋卻前一晚的低氣壓，帶給全國球迷難忘的一場比賽，狂勝有「美國二隊」之稱的義大利。這就是棒球，讓我們團結，一致為英雄加油！中華隊贏了！感謝中華英雄！」他指出，說到做到，今天下午立刻實踐諾言，要免費送1000顆雞蛋，還特別感謝昨天被他盧、立刻產地直送的廠商。地點在台北市信義區忠孝東路五段423巷5弄3號（近永春捷運站1號出口），中午12點開始發號碼牌，發完後，下午1點開始發雞蛋，每人5顆、共200份。為響應環保，請自行準備盛蛋容器，也請勿重複排隊，讓大家都有機會。滿志剛邀請國民黨北市議員徐巧芯共襄盛舉，他發完雞蛋，立刻衝台中看晚上7點對荷蘭的比賽，也請各位繼續為中華隊加油。彰化縣政府今晚7時也將在縣府廣場直播會場，免費發放彰化知名美食爌肉飯400份以及肉圓200份，阿璋肉圓再加碼400份肉圓、85度C彰化和平店也跟進免費400杯紅茶。另外，溪湖鎮公所今晚6時30分在溪湖鎮公所前免費發放400碗爌肉飯。 ▪ 經典賽即時新聞 ▪ 最新比分與完整賽程 ▪ 預賽分組戰績表 ▪ 經典賽專欄分析 經典賽WBC中華隊                    巴拿馬今天在世界棒球經典賽以2：0擊敗義大利隊，讓晚上7點中華隊與荷蘭隊之戰正式變成背水一戰，若中華隊輸球，就會確定在A...                                      巴拿馬隊在今天經典賽午場賽事以2：0擊敗義大利隊，歡慶可貴的隊史第二勝同時，中華隊也落入極度不利位置，晚場對荷蘭隊必須贏...                                      世界棒球經典賽今天出現第一場「扣倒」賽事，以及確定遭到淘汰的球隊，中國大陸隊提前在7局以2：12輸給澳洲隊，吞下3敗，確...                                      中華隊昨晚以十一比七逆轉擊敗義大利隊，今晚面對荷蘭隊要由「潛水艇」黃子鵬登板延續氣勢，荷蘭隊則推出荷蘭職棒投手海格，然而...                                      前日職西武獅名將、現為球團總經理的渡邊久信來到洲際球場，觀察世界棒球經典賽A組賽事，看過中華隊的比賽，他也大力稱讚新世代...                                      前日職西武獅名將、現為球團總經理的渡邊久信到台灣了，此行為了觀察世界棒球經典賽A組賽事，最重要是看中華隊吳念庭表現如何，...                  ,UDN
238,經典賽／義大利隊有台教練！ 俄妻婆入住飯店驚艷「很用心」,2023-03-11 09:51:00,運動,,https://udn.com/news/story/10785/7024270,世界棒球經典賽中華隊昨日對戰義大利，打擊表現佳，最終打出逆轉勝，全場球迷瘋狂，不過，義大利隊表現也值得讚許。YouTube「徐潭雅TANYA」近期更新影片，分享她老公徐志維Joe在義大利隊擔任教練的過程，兩人入住飯店後，也對台灣的用心安排相當經驗。徐潭雅是俄羅斯正妹，與台灣老公Joe已結婚4年，Joe是台灣棒球教練，他一樣經營YouTube「Joe是棒球」，近期被選為義大利球隊教練，徐潭雅近期也發布影片，分享2人入住飯店的心得，她表示，2人被安排入住台中林酒店，這是她看過最漂亮的飯店，Joe也稱感覺自己就像在夢中。俄羅斯YouTuber徐潭雅的老公是義大利棒球隊教練，2人入住時，飯店已備好棒球練習袋和伴手禮。圖擷自Youtube「徐潭雅TANYA」2人剛踏進房間時，床上就擺了飯店準備好的棒球練習袋和伴手禮，其中練習袋內裝有小包包、拖鞋、運動袋、護腕等必備用品，伴手禮則是訂製好的台灣食品，餅乾上甚至印有世界棒球經典賽的LOGO，2人也直呼台灣的招待「很用心」。Joe表示，他覺得自己相當幸運，可以接觸到義大利隊伍內的名人堂選手，期待看到很多厲害的球員，也已經準備很多問題，詢問對方，徐潭雅也紀錄下參與經典賽歡迎晚會的現場，只見現場採取自助式用餐，Joe也一同與俄羅斯教練團上台分享。徐潭雅說，她和Joe會拍影片是希望岳父能看到影片，因為他現在在醫院，身體不好，透過影片，希望與他分享這份喜悅。影片一出後，不少網友也留言稱，「義大利守備布陣太厲害了」、「今天剛看了徐教練的採訪，才知道他是義大利國家隊的教練，想不到他還有位這麼漂亮的老婆」、「男的帥女的美，希望義大利和台灣一起晉級複賽」、「義大利真的很棒這是一場互相激勵的比賽，大家都表現很好」。 ▪ 經典賽即時新聞 ▪ 最新比分與完整賽程 ▪ 預賽分組戰績表 ▪ 經典賽專欄分析 經典賽WBC風雲                    巴拿馬今天在世界棒球經典賽以2：0擊敗義大利隊，讓晚上7點中華隊與荷蘭隊之戰正式變成背水一戰，若中華隊輸球，就會確定在A...                                      巴拿馬隊在今天經典賽午場賽事以2：0擊敗義大利隊，歡慶可貴的隊史第二勝同時，中華隊也落入極度不利位置，晚場對荷蘭隊必須贏...                                      世界棒球經典賽今天出現第一場「扣倒」賽事，以及確定遭到淘汰的球隊，中國大陸隊提前在7局以2：12輸給澳洲隊，吞下3敗，確...                                      中華隊昨晚以十一比七逆轉擊敗義大利隊，今晚面對荷蘭隊要由「潛水艇」黃子鵬登板延續氣勢，荷蘭隊則推出荷蘭職棒投手海格，然而...                                      前日職西武獅名將、現為球團總經理的渡邊久信來到洲際球場，觀察世界棒球經典賽A組賽事，看過中華隊的比賽，他也大力稱讚新世代...                                      前日職西武獅名將、現為球團總經理的渡邊久信到台灣了，此行為了觀察世界棒球經典賽A組賽事，最重要是看中華隊吳念庭表現如何，...                  ,UDN
239,經典賽／打「爆」荷蘭！彰化縣府直播派對發千份爌肉飯、肉圓,2023-03-11 09:52:00,運動,,https://udn.com/news/story/10785/7024277,2023世界經典棒球賽，中華隊昨晚大啖義大利披薩後，彰化縣長王惠美實踐承諾，中華隊今晚7點對上荷蘭的賽前，將在縣府廣場直播會場，免費發放彰化知名美食爌肉飯400份以及肉圓200份，另阿璋肉圓再加碼400份肉圓、85度C彰化和平店也跟進免費400杯紅茶，給到現場加油民眾，縣府另供應爆米花，期打「爆」荷蘭。彰化縣政府經典棒球賽中，只要有中華隊出場比賽，都會在縣府廣場直播賽況，邀民眾一起為中華隊加油，縣長王惠美當時就承諾，首場對上巴拿馬，只要中華隊每贏1分，將再加100碗爌肉飯，贏2分就加發放200碗；另外，中華隊贏球，對手0分的話，再加碼100碗的彰化肉圓，另阿璋肉圓老闆施明裕也主動表示，只要中華隊贏球，他就加碼400碗肉圓。可惜的是，中華隊首場敗北，大家都沒有口福。昨晚中華隊拚了，球技大爆發，以11比7擊敗義大利隊，彰化知名美食肉圓及爌肉飯也跟著拚了。彰化縣政府兌現承諾，在今晚7點中華隊對荷蘭時，發放溪湖阿讚爌肉飯400外，及200份阿璋肉圓，再阿璋肉圓老闆施明裕加碼的400碗，共有600碗肉圓，此外，85c彰化市和平店也表示要跟進，大聲為中華隊加油，會喊到口渴，而且大啖爌肉飯及肉圓也要配紅茶才對味，因此今晚在縣府直播廣場也將免費供應400杯紅茶。另外，溪湖阿讚爌肉飯老闆陳明奎除縣府訂400份爌肉飯外，並結合溪湖鎮公所也再加碼400碗爌肉飯，今天下午6點30分在溪湖鎮公所前免費發放。彰化阿璋肉圓及溪湖阿讚爌肉飯的售價目前每份都是50元，他們都以實際行動力挺中華隊，阿璋肉圓老闆施明裕說，棒球是台灣的國球，他也一直是棒球迷，樂見王縣長支持棒球也支持彰化美食，他當然義不容辭，全力贊助，只要中華隊繼續贏球，他也會繼續情義相挺。彰化溪湖知名阿讚爌肉飯老闆陳明奎，力挺參加經典賽的中華隊，今天下午6點半將在溪湖鎮公所免費發放每份50元的爌肉飯。記者劉明岩／攝影2023世界經典棒球賽，中華隊昨晚大啖義大利披薩後，彰化縣長王惠美實踐承諾，中華隊今晚7點對上荷蘭的賽前，將在縣府廣場直播會場，免費發放彰化知名美食爌肉飯400份以及肉圓200份。記者劉明岩／攝影彰化溪湖知名阿讚爌肉飯老闆陳明奎，力挺參加經典賽的中華隊，今天下午6點半將在溪湖鎮公所免費發放每份50元的爌肉飯。記者劉明岩／攝影彰化市知名排隊名店阿璋肉圓老闆施明裕支持參加經典賽的中華隊，慨然今晚加碼贈送每顆50元的肉圓400份，在縣府廣場發放。記者劉明岩／攝影 ▪ 經典賽即時新聞 ▪ 最新比分與完整賽程 ▪ 預賽分組戰績表 ▪ 經典賽專欄分析 經典賽WBC中華隊                    巴拿馬今天在世界棒球經典賽以2：0擊敗義大利隊，讓晚上7點中華隊與荷蘭隊之戰正式變成背水一戰，若中華隊輸球，就會確定在A...                                      巴拿馬隊在今天經典賽午場賽事以2：0擊敗義大利隊，歡慶可貴的隊史第二勝同時，中華隊也落入極度不利位置，晚場對荷蘭隊必須贏...                                      世界棒球經典賽今天出現第一場「扣倒」賽事，以及確定遭到淘汰的球隊，中國大陸隊提前在7局以2：12輸給澳洲隊，吞下3敗，確...                                      中華隊昨晚以十一比七逆轉擊敗義大利隊，今晚面對荷蘭隊要由「潛水艇」黃子鵬登板延續氣勢，荷蘭隊則推出荷蘭職棒投手海格，然而...                                      前日職西武獅名將、現為球團總經理的渡邊久信來到洲際球場，觀察世界棒球經典賽A組賽事，看過中華隊的比賽，他也大力稱讚新世代...                                      前日職西武獅名將、現為球團總經理的渡邊久信到台灣了，此行為了觀察世界棒球經典賽A組賽事，最重要是看中華隊吳念庭表現如何，...                  ,UDN
240,經典賽／吃飽中華隊加油 彰化溪湖招待400碗爌肉飯,2023-03-11 10:21:00,運動,,https://udn.com/news/story/10785/7024301,為了2023WBC世界棒球經典賽，彰化官民都拚了，不但縣政府送美食，溪湖鎮公所今晚也送爌肉飯，業者為中華隊加油，追加100碗，總共400碗請球迷吃飽有力氣高喊「中華隊加油！」溪湖鎮公所恭喜中華隊以11比7擊敗義大利，溪湖在地餐館「阿讚爌肉飯」攜溪湖鎮公所再為中華隊加油，今（11）日晚上6點30分在鎮公所前廣場發放300份爌肉飯，阿讚追加100碗，合計400碗，1人限領1碗，不能重複排隊領取。今天中華隊對上荷蘭，縣政府在7點起在縣政府廣場直播和送爆米花、限量肉圓，並預告星期日送200碗爌肉飯，而且有贏分加碼送。彰化官民為國家球隊加油同時行銷在地美食，一舉兩得。 ▪ 經典賽即時新聞 ▪ 最新比分與完整賽程 ▪ 預賽分組戰績表 ▪ 經典賽專欄分析 經典賽WBC中華隊                    巴拿馬今天在世界棒球經典賽以2：0擊敗義大利隊，讓晚上7點中華隊與荷蘭隊之戰正式變成背水一戰，若中華隊輸球，就會確定在A...                                      巴拿馬隊在今天經典賽午場賽事以2：0擊敗義大利隊，歡慶可貴的隊史第二勝同時，中華隊也落入極度不利位置，晚場對荷蘭隊必須贏...                                      世界棒球經典賽今天出現第一場「扣倒」賽事，以及確定遭到淘汰的球隊，中國大陸隊提前在7局以2：12輸給澳洲隊，吞下3敗，確...                                      中華隊昨晚以十一比七逆轉擊敗義大利隊，今晚面對荷蘭隊要由「潛水艇」黃子鵬登板延續氣勢，荷蘭隊則推出荷蘭職棒投手海格，然而...                                      前日職西武獅名將、現為球團總經理的渡邊久信來到洲際球場，觀察世界棒球經典賽A組賽事，看過中華隊的比賽，他也大力稱讚新世代...                                      前日職西武獅名將、現為球團總經理的渡邊久信到台灣了，此行為了觀察世界棒球經典賽A組賽事，最重要是看中華隊吳念庭表現如何，...                  ,UDN
241,經典運彩／中國投手進步但打擊疲軟 戰澳洲難被打爆看好小分,2023-03-11 10:48:00,運動,,https://udn.com/news/story/10785/7024337,【文／運彩貓堯舜魚湯】比賽時間: 3/11 11:00中國連兩戰皆展現出韌性，第一戰跟日本鏖戰到後段才被拉開比分，第二戰對捷克差點就逆轉成功，可惜功虧一簣，賽程緊湊又連吞兩場敗仗對士氣難免有所打擊；反觀澳洲第一戰以一分之差爆冷擊敗亞洲勁旅韓國，加上韓國吞下二連敗，有望首次晉級複賽。本場賽事由中國隊先攻，澳洲隊後攻，目前中國推測由齊鑫擔任先發投手，去年效力北京猛虎隊，也是近年亞錦賽與亞運成員。澳洲則是尚未公布先發投手，本屆陣容多以澳洲職棒成員為主，再搭配少數美職體系球員，仍有一定的戰力。兩隊曾經在上屆預賽交手，地點同樣在東京巨蛋，當時中國慘遭澳洲11:0提前扣倒，然本次中國投手群有進步跡象，較能化解壘上危機，且打擊仍較疲軟，碰到投手戰力比捷克更強的澳洲可能更難突破，有機會開出小分。運彩推薦：未開盤國際盤推薦：10+90 小分 ▪ 經典賽即時新聞 ▪ 最新比分與完整賽程 ▪ 預賽分組戰績表 ▪ 經典賽專欄分析 經典賽WBC運彩                    巴拿馬今天在世界棒球經典賽以2：0擊敗義大利隊，讓晚上7點中華隊與荷蘭隊之戰正式變成背水一戰，若中華隊輸球，就會確定在A...                                      巴拿馬隊在今天經典賽午場賽事以2：0擊敗義大利隊，歡慶可貴的隊史第二勝同時，中華隊也落入極度不利位置，晚場對荷蘭隊必須贏...                                      世界棒球經典賽今天出現第一場「扣倒」賽事，以及確定遭到淘汰的球隊，中國大陸隊提前在7局以2：12輸給澳洲隊，吞下3敗，確...                                      中華隊昨晚以十一比七逆轉擊敗義大利隊，今晚面對荷蘭隊要由「潛水艇」黃子鵬登板延續氣勢，荷蘭隊則推出荷蘭職棒投手海格，然而...                                      前日職西武獅名將、現為球團總經理的渡邊久信來到洲際球場，觀察世界棒球經典賽A組賽事，看過中華隊的比賽，他也大力稱讚新世代...                                      前日職西武獅名將、現為球團總經理的渡邊久信到台灣了，此行為了觀察世界棒球經典賽A組賽事，最重要是看中華隊吳念庭表現如何，...                  ,UDN
242,經典賽／韓國「東京慘案」！韓媒翻舊帳狠批還籲看看台灣,2023-03-11 11:28:00,運動,,https://udn.com/news/story/10785/7024354,昨（10）日棒球經典賽A組預賽台灣以11:7逆轉義大利，睽違10年奪勝振奮人心，B組預賽則上演日韓大戰，韓國終場以4:13不敵日本，韓媒第一時間紛紛以「大災難」、「慘不忍睹」、「東京大慘案」為標題報導。《MK Sports》以「『韓國看到了嗎？』台灣對義大利逆轉勝」為題對韓國的比賽結果進行報導，文中提到上屆韓國和台灣都在第一輪分組淘汰的，時隔6年卻走上不同道路，韓國吃了2連敗，台灣卻擊敗實力堅強的對手逆轉局勢。《朝鮮日報》寫下「屈辱的敗北」，並認為韓國隊晉級機會渺茫。不少韓媒狠批此次是「東京大慘案」，《Dailian》更細數最近年來的多次慘案，從2000年雪梨奧運奪銅牌後，韓國棒球開始在國際上展現競爭力，但3年後在日本札幌舉行的亞錦賽卻被台灣逆轉勝，又被日本完封。2006年彷彿復活一般，在WBC經典賽闖4強，不過同年杜哈亞運原被評估為可爭取金牌，卻再度不敵台灣和日本僅獲銅牌，被稱為「杜哈慘案」。重組後的韓國棒球，在2008年北京奧運會上奪得金牌，又在2009年經典賽奪亞軍，不過在2010年後一直未取得好成績，2013年、2017年經典賽分別發生「台中慘案」、「高尺洞慘案」，2021年東京奧運未能晉級決賽，再加上這次經典賽已經2連敗，再度發生「東京慘案」面臨被淘汰危機。韓媒提到，韓職薪水超過10億韓元（約新台幣2553萬元）的球員很多，場上表現卻不符身價，令許多球迷相當憤怒。 ▪ 經典賽即時新聞 ▪ 最新比分與完整賽程 ▪ 預賽分組戰績表 ▪ 經典賽專欄分析 經典賽WBC風雲                    巴拿馬今天在世界棒球經典賽以2：0擊敗義大利隊，讓晚上7點中華隊與荷蘭隊之戰正式變成背水一戰，若中華隊輸球，就會確定在A...                                      巴拿馬隊在今天經典賽午場賽事以2：0擊敗義大利隊，歡慶可貴的隊史第二勝同時，中華隊也落入極度不利位置，晚場對荷蘭隊必須贏...                                      世界棒球經典賽今天出現第一場「扣倒」賽事，以及確定遭到淘汰的球隊，中國大陸隊提前在7局以2：12輸給澳洲隊，吞下3敗，確...                                      中華隊昨晚以十一比七逆轉擊敗義大利隊，今晚面對荷蘭隊要由「潛水艇」黃子鵬登板延續氣勢，荷蘭隊則推出荷蘭職棒投手海格，然而...                                      前日職西武獅名將、現為球團總經理的渡邊久信來到洲際球場，觀察世界棒球經典賽A組賽事，看過中華隊的比賽，他也大力稱讚新世代...                                      前日職西武獅名將、現為球團總經理的渡邊久信到台灣了，此行為了觀察世界棒球經典賽A組賽事，最重要是看中華隊吳念庭表現如何，...                  ,UDN
243,經典賽／中華隊首勝全民狂喜 台南推限定「成功、致勝應援包」,2023-03-11 11:07:00,運動,,https://udn.com/news/story/10785/7024367,WBC世界棒球經典賽開打，中華隊昨晚以11：7逆轉擊敗義大利隊，奪下首勝，全民興奮，本周六、日中華隊即將分別迎戰荷蘭隊及古巴隊，台南市長黃偉哲邀請大家一起到台南市立棒球場前廣場觀看轉播，一起為中華隊集氣加油。為聲援中華隊，文化局古蹟限定商品也推出「成功、致勝應援包」，祝願中華隊成功得分，逢打必勝。首度推出的台南限定「成功、致勝應援包」，11日起在台南各古蹟景點紀念品部販售，內容包含「成功洋芋片」、「成功啤酒」、「至聖點心麵」各1包，成功應援價110元。文化局表示「成功、致勝應援包」絕對是觀看中華隊精采賽事必備，包裝上「一定要成功！」、「一定要致勝！」的口號，讓大家一起集氣，給中華隊滿滿的「成功/致勝N次方」正能量，每場賽事都能成功得分、逢打必勝。「成功、致勝應援包」販售地點包括赤崁樓、安平古堡、安平樹屋、億載金城、延平郡王祠、愛國婦人會館等6處古蹟景點。※ 提醒您：禁止酒駕，飲酒過量，有害健康 ▪ 經典賽即時新聞 ▪ 最新比分與完整賽程 ▪ 預賽分組戰績表 ▪ 經典賽專欄分析 經典賽WBC中華隊                    巴拿馬今天在世界棒球經典賽以2：0擊敗義大利隊，讓晚上7點中華隊與荷蘭隊之戰正式變成背水一戰，若中華隊輸球，就會確定在A...                                      巴拿馬隊在今天經典賽午場賽事以2：0擊敗義大利隊，歡慶可貴的隊史第二勝同時，中華隊也落入極度不利位置，晚場對荷蘭隊必須贏...                                      世界棒球經典賽今天出現第一場「扣倒」賽事，以及確定遭到淘汰的球隊，中國大陸隊提前在7局以2：12輸給澳洲隊，吞下3敗，確...                                      中華隊昨晚以十一比七逆轉擊敗義大利隊，今晚面對荷蘭隊要由「潛水艇」黃子鵬登板延續氣勢，荷蘭隊則推出荷蘭職棒投手海格，然而...                                      前日職西武獅名將、現為球團總經理的渡邊久信來到洲際球場，觀察世界棒球經典賽A組賽事，看過中華隊的比賽，他也大力稱讚新世代...                                      前日職西武獅名將、現為球團總經理的渡邊久信到台灣了，此行為了觀察世界棒球經典賽A組賽事，最重要是看中華隊吳念庭表現如何，...                  ,UDN
244,經典運彩／打線定勝負！ 推薦義大利勝巴拿馬讓分過盤,2023-03-11 11:13:00,運動,,https://udn.com/news/story/10785/7024368,【文／運彩貓小亨利】比賽時間: 3/11 12:00巴拿馬第一場靠著中華隊大有問題的調度才得那麼多分，面對荷蘭完全被壓制，而面對古巴則無法有效把握幾個製造大局擴大領先的機會，然後投手一局爆慘遭逆轉。義大利雖然輸給中華，但至少打線發揮的不錯，只是中華隊真的串聯相當好有把氣勢打出來。巴拿馬目前晉級的可能性已經不高，兩隊投手戰力差不多，但打線義大利還是比較突出，推薦義大利讓分過盤。運彩推薦：義大利 -1.5讓分國際盤推薦：義大利 -2讓分 ▪ 經典賽即時新聞 ▪ 最新比分與完整賽程 ▪ 預賽分組戰績表 ▪ 經典賽專欄分析 經典賽WBC運彩                    巴拿馬今天在世界棒球經典賽以2：0擊敗義大利隊，讓晚上7點中華隊與荷蘭隊之戰正式變成背水一戰，若中華隊輸球，就會確定在A...                                      巴拿馬隊在今天經典賽午場賽事以2：0擊敗義大利隊，歡慶可貴的隊史第二勝同時，中華隊也落入極度不利位置，晚場對荷蘭隊必須贏...                                      世界棒球經典賽今天出現第一場「扣倒」賽事，以及確定遭到淘汰的球隊，中國大陸隊提前在7局以2：12輸給澳洲隊，吞下3敗，確...                                      中華隊昨晚以十一比七逆轉擊敗義大利隊，今晚面對荷蘭隊要由「潛水艇」黃子鵬登板延續氣勢，荷蘭隊則推出荷蘭職棒投手海格，然而...                                      前日職西武獅名將、現為球團總經理的渡邊久信來到洲際球場，觀察世界棒球經典賽A組賽事，看過中華隊的比賽，他也大力稱讚新世代...                                      前日職西武獅名將、現為球團總經理的渡邊久信到台灣了，此行為了觀察世界棒球經典賽A組賽事，最重要是看中華隊吳念庭表現如何，...                  ,UDN
245,經典賽／311地震12週年 受災戶佐佐木朗希先發戰捷克,2023-03-11 12:05:00,運動,,https://udn.com/news/story/10785/7024420,世界棒球經典賽預賽B組地主隊日本隊今天將對上捷克隊，推出「令和怪物」佐佐木朗希登板先發，且今天剛好是311大地震12週年，對受災戶佐佐木朗希來說更是重要的一天。日本隊在9日首戰推出大谷翔平展現「二刀流」，最後率隊以8比1擊敗中國隊；昨天日本隊以13比4擊敗韓國隊，奪下2連勝。日本隊今天要在東京巨蛋對戰捷克隊，預定由佐佐木朗希先發主投。對於佐佐木朗希來說，3月11日是個特別的日子，日本2011年311大地震，當時才9歲的佐佐木朗希失去了父親及祖父母，之後他隨著媽媽搬到岩手縣大船渡市居住。過了12年，佐佐木朗希已成長為日本頂級投手；他去年曾以20歲又5個月的年紀投出完全比賽，是日職史上最年輕達成這項紀錄的保持人。佐佐木朗希昨天接受日本媒體訪問時表示，「繳出活躍表現就是最大的回報，會為了球隊盡最大的努力。」在這個曾經傷心的日子將登板先發主投，佐佐木朗希出演日本電視節目時說，「經過時間流逝，會漸漸忘記。棒球也是，輸掉比賽那種遺憾的心情也會漸漸忘記，但重要的是我們如何看待它。」佐佐木朗希在4日對上中日龍的熱身賽中，先發3局無失分，超過160公里以上的火球連發，最快飆出165公里球速，刷新個人生涯最速紀錄，也追平大谷翔平的日本紀錄。對於今天的比賽，佐佐木朗希說，「最重要的就是要贏球，比起內容，結果更重要。」 ▪ 經典賽即時新聞 ▪ 最新比分與完整賽程 ▪ 預賽分組戰績表 ▪ 經典賽專欄分析 經典賽WBC風雲                    巴拿馬今天在世界棒球經典賽以2：0擊敗義大利隊，讓晚上7點中華隊與荷蘭隊之戰正式變成背水一戰，若中華隊輸球，就會確定在A...                                      巴拿馬隊在今天經典賽午場賽事以2：0擊敗義大利隊，歡慶可貴的隊史第二勝同時，中華隊也落入極度不利位置，晚場對荷蘭隊必須贏...                                      世界棒球經典賽今天出現第一場「扣倒」賽事，以及確定遭到淘汰的球隊，中國大陸隊提前在7局以2：12輸給澳洲隊，吞下3敗，確...                                      中華隊昨晚以十一比七逆轉擊敗義大利隊，今晚面對荷蘭隊要由「潛水艇」黃子鵬登板延續氣勢，荷蘭隊則推出荷蘭職棒投手海格，然而...                                      前日職西武獅名將、現為球團總經理的渡邊久信來到洲際球場，觀察世界棒球經典賽A組賽事，看過中華隊的比賽，他也大力稱讚新世代...                                      前日職西武獅名將、現為球團總經理的渡邊久信到台灣了，此行為了觀察世界棒球經典賽A組賽事，最重要是看中華隊吳念庭表現如何，...                  ,UDN
246,經典賽／中華隊迎戰荷蘭 今晚府中商圈熱血直播,2023-03-11 11:47:00,運動,,https://udn.com/news/story/10785/7024434,2023世界棒球經典賽直播派對中華隊vs荷蘭隊，今日晚上6點30分將於新北府中商圈直播，現場布置300吋大螢幕、加油棒，新北市長侯友宜也將到場與民眾共襄盛舉，與民眾一同感受現場比賽的熱血氛圍。新北市長侯友宜表示，府中雙城計畫是市府的重要政策，改造板橋古城區與新城區1公里空間，最後一塊拼圖府中廣場在今年2月正式啟用。搭配「2023 WBC世界棒球經典賽」及「白色情人節」，市府集結各局處資源，於府中廣場辦理彩色情人節系列活動，吸引眾多年輕族群前來逛市集看直播為中華隊加油。4月份府中廣場還有「黑色情人節」，歡迎單身者身穿黑色上衣，參加聯誼活動、求紅線，順利找到另一半。2023世界棒球經典賽A組預賽3月8日已於台中洲際棒球場展開，今日晚間新北市體育處於府中雙城北府中廣場辦理「中華隊vs. 荷蘭隊」直播派對，新北市長侯友宜將在觀眾席與球迷們一起為中華隊加油，搭配應援團、300吋LED螢幕、周邊的新北HUG市集，還有新北才有的棒球VR體驗，現場並限量發送饗食天堂手工餅乾、抽獎券及「新北助攻 中華成功」加油棒。另外，為迎接2023年白色情人節浪漫商機，經發局今、明2天，也在板橋府中廣場辦理「彩色情人節-2023新北HUG市集」。市集結合全台32攤特色商品、DIY手作體驗、超夯拍貼機，還有萬眾矚目的「公主抱親親比賽」，冠軍可獲得1萬元獎金。 ▪ 經典賽即時新聞 ▪ 最新比分與完整賽程 ▪ 預賽分組戰績表 ▪ 經典賽專欄分析 經典賽WBC中華隊                    巴拿馬今天在世界棒球經典賽以2：0擊敗義大利隊，讓晚上7點中華隊與荷蘭隊之戰正式變成背水一戰，若中華隊輸球，就會確定在A...                                      巴拿馬隊在今天經典賽午場賽事以2：0擊敗義大利隊，歡慶可貴的隊史第二勝同時，中華隊也落入極度不利位置，晚場對荷蘭隊必須贏...                                      世界棒球經典賽今天出現第一場「扣倒」賽事，以及確定遭到淘汰的球隊，中國大陸隊提前在7局以2：12輸給澳洲隊，吞下3敗，確...                                      中華隊昨晚以十一比七逆轉擊敗義大利隊，今晚面對荷蘭隊要由「潛水艇」黃子鵬登板延續氣勢，荷蘭隊則推出荷蘭職棒投手海格，然而...                                      前日職西武獅名將、現為球團總經理的渡邊久信來到洲際球場，觀察世界棒球經典賽A組賽事，看過中華隊的比賽，他也大力稱讚新世代...                                      前日職西武獅名將、現為球團總經理的渡邊久信到台灣了，此行為了觀察世界棒球經典賽A組賽事，最重要是看中華隊吳念庭表現如何，...                  ,UDN
247,經典賽／中華隊勝義大利 立委陳瑩：這是原住民的驕傲,2023-03-11 11:53:00,運動,,https://udn.com/news/story/10785/7024447,世界棒球經典賽昨晚中華隊擊敗義大利隊，3大功臣林子偉、張育成和吉力吉撈．鞏冠均是原住民子弟兵，同樣是原住民立委、台東縣棒球委員會主委陳瑩說「這是原住民的驕傲」。陳瑩說，台灣隊轟出全壘打的林子偉是布農族人、張育成是台東阿美族人、吉力吉撈．鞏冠是屏東排灣族人，瞬間原住民的社群都在喊「原住民之光」、「原住民的驕傲」。昨晚經典賽，中華隊對上義大利，一局下林子偉率先轟出陽春砲，接著6局下張育成2分砲幫助落後的台灣隊扳平比數，8局下保吉力吉撈．鞏冠一棒3分幫助中華隊拉開領先差，最後拿下勝利。由於張育成是台東成功鎮阿美族，陳瑩昨天晚上特別商請轉播車進入成功鎮忠智里，邀請附近的小選手和居民同步欣賞球賽。陳瑩說，當林子偉敲出全壘打時，全場鼓掌，路過的民眾都停下來一起歡呼；後來輸球，氣氛變得很悶，直到張育成轟出2分砲時，全場醒過來，跳起來互相擁抱，氣氛越來越嗨。吉力吉撈．鞏冠的3分砲，大家瘋狂。中華隊選手張育成是台東成功鎮阿美族，陳瑩昨天晚上特別商請轉播車進入成功鎮忠智里，邀請附近的小選手和居民同步欣賞球賽。圖／立委陳瑩提供 ▪ 經典賽即時新聞 ▪ 最新比分與完整賽程 ▪ 預賽分組戰績表 ▪ 經典賽專欄分析 經典賽WBC中華隊                    巴拿馬今天在世界棒球經典賽以2：0擊敗義大利隊，讓晚上7點中華隊與荷蘭隊之戰正式變成背水一戰，若中華隊輸球，就會確定在A...                                      巴拿馬隊在今天經典賽午場賽事以2：0擊敗義大利隊，歡慶可貴的隊史第二勝同時，中華隊也落入極度不利位置，晚場對荷蘭隊必須贏...                                      世界棒球經典賽今天出現第一場「扣倒」賽事，以及確定遭到淘汰的球隊，中國大陸隊提前在7局以2：12輸給澳洲隊，吞下3敗，確...                                      中華隊昨晚以十一比七逆轉擊敗義大利隊，今晚面對荷蘭隊要由「潛水艇」黃子鵬登板延續氣勢，荷蘭隊則推出荷蘭職棒投手海格，然而...                                      前日職西武獅名將、現為球團總經理的渡邊久信來到洲際球場，觀察世界棒球經典賽A組賽事，看過中華隊的比賽，他也大力稱讚新世代...                                      前日職西武獅名將、現為球團總經理的渡邊久信到台灣了，此行為了觀察世界棒球經典賽A組賽事，最重要是看中華隊吳念庭表現如何，...                  ,UDN
248,經典賽／WBC官網也懂邦村希望 稱范國宸「富邦的驕傲」,2023-03-11 12:19:00,運動,,https://udn.com/news/story/10785/7024510,中華隊昨天以11：7擊敗義大利隊，第7局兩次代打調度都奏效是重新占得上風的關鍵，范國宸掃回勝利打點，經典賽官方網站報導中對他的形容超在地，稱他是「富邦的驕傲（the pride of Fubon）」。中華隊兩度面臨落後，第7局在7：7之際，把握義大利剛換投、一定要面對3打席的機會，大膽啟動兩棒右打代打，成晉接替王柏融的打席敲出安打，鄭宗哲的棒次換上范國宸，跑出一支內野安打，也是此役的勝利打點。經典賽官網報導描述，「第七局滿壘、一出局，『富邦之光』范國宸打向游擊方向，游擊手佛列契（David Fletcher）處理不及，形成一支軟弱的內野安打。」悍將此次共4人參戰經典賽，范國宸是野手唯一代表，人生首度參戰一級國際賽事，就在第一個打席「解鎖」首安、首打點。 ▪ 經典賽即時新聞 ▪ 最新比分與完整賽程 ▪ 預賽分組戰績表 ▪ 經典賽專欄分析 經典賽WBC中華隊                    巴拿馬今天在世界棒球經典賽以2：0擊敗義大利隊，讓晚上7點中華隊與荷蘭隊之戰正式變成背水一戰，若中華隊輸球，就會確定在A...                                      巴拿馬隊在今天經典賽午場賽事以2：0擊敗義大利隊，歡慶可貴的隊史第二勝同時，中華隊也落入極度不利位置，晚場對荷蘭隊必須贏...                                      世界棒球經典賽今天出現第一場「扣倒」賽事，以及確定遭到淘汰的球隊，中國大陸隊提前在7局以2：12輸給澳洲隊，吞下3敗，確...                                      中華隊昨晚以十一比七逆轉擊敗義大利隊，今晚面對荷蘭隊要由「潛水艇」黃子鵬登板延續氣勢，荷蘭隊則推出荷蘭職棒投手海格，然而...                                      前日職西武獅名將、現為球團總經理的渡邊久信來到洲際球場，觀察世界棒球經典賽A組賽事，看過中華隊的比賽，他也大力稱讚新世代...                                      前日職西武獅名將、現為球團總經理的渡邊久信到台灣了，此行為了觀察世界棒球經典賽A組賽事，最重要是看中華隊吳念庭表現如何，...                  ,UDN
249,經典賽／台灣精品助陣 貿協董座黃志芳開球應援中華隊贏得首勝,2023-03-11 12:24:00,運動,,https://udn.com/news/story/10785/7024524,"睽違10年，棒球界的世界盃「世界棒球經典賽(World Baseball Classic, WBC)」再次重返台灣舉辦預賽。昨（10）日中華隊與義大利的關鍵一戰，外貿協會董事長黃志芳代表台灣精品擔任開球嘉賓，與現場2萬名球迷一起應援，慶祝中華隊11比7拿下本屆經典賽首勝的興奮時刻。台灣精品全力助陣經典賽，集結台灣最優質產品及專業設備，協助選手能有好的表現，昨日中華隊與義大利的關鍵比賽由黃志芳代表台灣精品開球，中華隊亦不負眾望，以11比7拿下首場重要勝利，充分展現了台灣菁英的韌性和不屈不撓的奮鬥精神。黃志芳對於昨晚的賽事結果表示：「與有榮焉！」根據世界棒壘球總會(WBSC)棒球世界排名，中華隊目前是世界排名第2；而由經濟部國際貿易局主辦、外貿協會執行的「台灣精品」計畫，也集結了台灣產業界的菁英，是彰顯台灣品牌價值與魅力的象徵。貿協表示，台灣身為高階運動健身器材生產王國，具備有強大的研發技術，這次各國選手在台中洲際棒球場重訓室熱身訓練使用的許多健身器材，就集結了喬山、岱宇、力伽及明躍國際等台灣精品獲獎企業結合智慧訓練及綠色節能特色的產品。此外，這次來台的選手、貴賓也能透過體驗不同的台灣精品消費性電子產品，感受到台灣身為「科技之島」的特色，包含球員娛樂室中PX大通的 4K HDR無線影音分享器，以及做為球員伴手禮的民傑資科手機備份神器Qubii Duo備份豆腐等，讓選手們感受科技創新。這場預賽包括台灣、荷蘭、古巴、義大利及巴拿馬隊3月8日至12日在台中A組預賽中進行激烈的比拚，已成為全民話題。「台灣精品」身為優質品牌的代表，不僅與台灣企業協力合作，讓來自全球的頂尖選手、貴賓親身體驗台灣最好的產品，更全力為中華隊加油。台灣精品此次也首次與中華隊專屬應援啦啦隊冠名合作，以「台灣精品 經典女孩」為名，與超強啦啦隊卡司一起做為選手們最堅強的後盾；除此之外，現場大銀幕、全壘打牆等也處處可以看到台灣精品為本屆經典賽拍攝的形象影片及標誌，場外活動攤位也設置經典女孩人型拍照區及趣味互動遊戲與球迷同樂。中華隊及各國選手都能在洲際棒球場重訓室使用台灣精品品牌健身器材，圖為中華隊投手宋家豪使用運動器材的畫面。圖/貿協提供台灣精品準備獲獎產品伴手禮，讓各國選手親身體驗。圖中包括古巴隊明星球員軟銀終結者莫伊尼洛（Livan Moinelo）、中日龍終結者馬丁。圖/貿協提供 ▪ 經典賽即時新聞 ▪ 最新比分與完整賽程 ▪ 預賽分組戰績表 ▪ 經典賽專欄分析                     巴拿馬今天在世界棒球經典賽以2：0擊敗義大利隊，讓晚上7點中華隊與荷蘭隊之戰正式變成背水一戰，若中華隊輸球，就會確定在A...                                      巴拿馬隊在今天經典賽午場賽事以2：0擊敗義大利隊，歡慶可貴的隊史第二勝同時，中華隊也落入極度不利位置，晚場對荷蘭隊必須贏...                                      世界棒球經典賽今天出現第一場「扣倒」賽事，以及確定遭到淘汰的球隊，中國大陸隊提前在7局以2：12輸給澳洲隊，吞下3敗，確...                                      中華隊昨晚以十一比七逆轉擊敗義大利隊，今晚面對荷蘭隊要由「潛水艇」黃子鵬登板延續氣勢，荷蘭隊則推出荷蘭職棒投手海格，然而...                                      前日職西武獅名將、現為球團總經理的渡邊久信來到洲際球場，觀察世界棒球經典賽A組賽事，看過中華隊的比賽，他也大力稱讚新世代...                                      前日職西武獅名將、現為球團總經理的渡邊久信到台灣了，此行為了觀察世界棒球經典賽A組賽事，最重要是看中華隊吳念庭表現如何，...                  ",UDN
250,經典賽／中華隊贏球滿志剛發雞蛋 排隊人龍數十公尺,2023-03-11 12:29:00,運動,,https://udn.com/news/story/10785/7024531,WBC世界棒球經典賽，昨晚中華隊以11：7擊敗義大利隊。國民黨青工會總會長滿志剛兌現承諾，下午將在永春捷運站附近發送1000顆雞蛋。中午12點開始發號碼牌，下午1點開始發雞蛋，每人5顆、共200份。中午現場排隊人龍已長達數十公尺，雞蛋不好買，前來領蛋民眾非常踴躍。排隊領取免費雞蛋的人潮長達數十公尺。記者曾原信／攝影排隊人龍長達數十公尺，每人可以領五顆雞蛋。記者曾原信／攝影國民黨青工會總會長滿志剛(右)發號碼牌。記者曾原信／攝影 ▪ 經典賽即時新聞 ▪ 最新比分與完整賽程 ▪ 預賽分組戰績表 ▪ 經典賽專欄分析 經典賽WBC中華隊WBC風雲                    巴拿馬今天在世界棒球經典賽以2：0擊敗義大利隊，讓晚上7點中華隊與荷蘭隊之戰正式變成背水一戰，若中華隊輸球，就會確定在A...                                      巴拿馬隊在今天經典賽午場賽事以2：0擊敗義大利隊，歡慶可貴的隊史第二勝同時，中華隊也落入極度不利位置，晚場對荷蘭隊必須贏...                                      世界棒球經典賽今天出現第一場「扣倒」賽事，以及確定遭到淘汰的球隊，中國大陸隊提前在7局以2：12輸給澳洲隊，吞下3敗，確...                                      中華隊昨晚以十一比七逆轉擊敗義大利隊，今晚面對荷蘭隊要由「潛水艇」黃子鵬登板延續氣勢，荷蘭隊則推出荷蘭職棒投手海格，然而...                                      前日職西武獅名將、現為球團總經理的渡邊久信來到洲際球場，觀察世界棒球經典賽A組賽事，看過中華隊的比賽，他也大力稱讚新世代...                                      前日職西武獅名將、現為球團總經理的渡邊久信到台灣了，此行為了觀察世界棒球經典賽A組賽事，最重要是看中華隊吳念庭表現如何，...                  ,UDN
251,經典賽／韓國「東京惡夢」2連敗 教頭承認換投時機晚了,2023-03-11 14:09:00,運動,,https://udn.com/news/story/10785/7024534,世界棒球經典賽（WBC）韓國隊昨天4比13慘敗給日本隊，韓國媒體紛以「東京慘案」、「東京惡夢」等下標；韓媒也關心「東亞棒球三國志」之一的台灣隊昨天逆轉勝義大利隊。WBC的B組預賽在日本東京舉行，包括日本隊、韓國隊、澳洲隊、捷克隊及中國隊，賽事開打前外界看好B組會由日本及韓國晉級複賽，但韓國9日以7比8爆冷輸澳洲，其中球員姜白虎敲安打後做慶祝動作時離壘被觸殺，引起軒然大波；昨天韓國國民最關注的「韓日戰」又以4比13敗陣，苦吞2連敗。賽後有韓國媒體以「澳洲戰衝擊敗、日本戰慘敗，2023WBC東京惡夢」下標，還有「東京慘案」等。一篇報導指出，韓國球員在國際競爭力大幅下降是殘酷事實，特別是投手，不像過去有朴贊浩、柳賢振或吳昇桓等國際賽經驗豐富的球員。韓國隊總教練李強喆接受韓媒訪問時，談到對日戰敗原因時表示，比賽前半段雖有贏球機會，但換投時機晚了，「我的心態轉換失敗了」。至於韓媒指責投手群，李強喆說，這些年輕投手都是好選手，只是經驗不多、沒能發揮出來，下次如果有機會，一定會表現更好。他說，在剩下可運用的投手中，會盡力活用，「我們還沒有結束」，會盡全力比接下來的賽事。韓國明天交手捷克，13日對戰中國。有韓媒曾分析這次WBC「東亞棒球三國志」韓國、日本及台灣戰力，台灣雖與另兩國分在不同組，但韓媒仍關心台灣在A組戰況；多篇媒體報導台灣逆轉勝義大利，特別關心曾效力韓國職業棒球NC恐龍隊的左投王維中，並注意到開轟的球員張育成繳出優秀表現，點出目前A組預賽處於「混沌」狀態。 ▪ 經典賽即時新聞 ▪ 最新比分與完整賽程 ▪ 預賽分組戰績表 ▪ 經典賽專欄分析 經典賽WBC風雲                    巴拿馬今天在世界棒球經典賽以2：0擊敗義大利隊，讓晚上7點中華隊與荷蘭隊之戰正式變成背水一戰，若中華隊輸球，就會確定在A...                                      巴拿馬隊在今天經典賽午場賽事以2：0擊敗義大利隊，歡慶可貴的隊史第二勝同時，中華隊也落入極度不利位置，晚場對荷蘭隊必須贏...                                      世界棒球經典賽今天出現第一場「扣倒」賽事，以及確定遭到淘汰的球隊，中國大陸隊提前在7局以2：12輸給澳洲隊，吞下3敗，確...                                      中華隊昨晚以十一比七逆轉擊敗義大利隊，今晚面對荷蘭隊要由「潛水艇」黃子鵬登板延續氣勢，荷蘭隊則推出荷蘭職棒投手海格，然而...                                      前日職西武獅名將、現為球團總經理的渡邊久信來到洲際球場，觀察世界棒球經典賽A組賽事，看過中華隊的比賽，他也大力稱讚新世代...                                      前日職西武獅名將、現為球團總經理的渡邊久信到台灣了，此行為了觀察世界棒球經典賽A組賽事，最重要是看中華隊吳念庭表現如何，...                  ,UDN
252,經典賽／義大利隊秘密武器引關注 皮亞薩：還想要咖啡師,2023-03-11 12:31:00,運動,,https://udn.com/news/story/10785/7024536,昨晚中華隊與義大利隊之戰，義大利隊板凳席擺放的除了一般運動飲料外，還有一台義式膠囊咖啡機，十足義大利作風引發網路上熱烈討論，總教練皮亞薩（Mike Piazza）表示：「我還希望有咖啡師在。」「我們有點震驚。」皮亞薩對於球隊的小道具竟然引發關注有些意外，「這是義大利的文化，對我們來說就像水一樣，所以不會特別想這件事，對我來說大家會關注這個事情，滿有趣的。」義大利總教練皮耶薩（Mike Piazza）（左）。 中央社皮亞薩更加碼表示：「如果可以，我還希望有咖啡師在，製作用陶瓷杯裝著的新鮮的咖啡，我不喜歡用紙杯裝濃縮咖啡，這其實有些褻瀆了，但我們只有這個選擇，只能接受。」對於是誰找來咖啡機的，皮亞薩沒有特別關注，只表示：「或許下次我們會帶有金色老鷹的頂級咖啡機，找人專門處理濃縮咖啡，你要充分利用手邊的工具。」Very on-brand for Team Italy ? #WorldBaseballClassic (h/t @GrowingUpItalia) pic.twitter.com/mfYAtCVDII ▪ 經典賽即時新聞 ▪ 最新比分與完整賽程 ▪ 預賽分組戰績表 ▪ 經典賽專欄分析 經典賽WBC風雲                    巴拿馬今天在世界棒球經典賽以2：0擊敗義大利隊，讓晚上7點中華隊與荷蘭隊之戰正式變成背水一戰，若中華隊輸球，就會確定在A...                                      巴拿馬隊在今天經典賽午場賽事以2：0擊敗義大利隊，歡慶可貴的隊史第二勝同時，中華隊也落入極度不利位置，晚場對荷蘭隊必須贏...                                      世界棒球經典賽今天出現第一場「扣倒」賽事，以及確定遭到淘汰的球隊，中國大陸隊提前在7局以2：12輸給澳洲隊，吞下3敗，確...                                      中華隊昨晚以十一比七逆轉擊敗義大利隊，今晚面對荷蘭隊要由「潛水艇」黃子鵬登板延續氣勢，荷蘭隊則推出荷蘭職棒投手海格，然而...                                      前日職西武獅名將、現為球團總經理的渡邊久信來到洲際球場，觀察世界棒球經典賽A組賽事，看過中華隊的比賽，他也大力稱讚新世代...                                      前日職西武獅名將、現為球團總經理的渡邊久信到台灣了，此行為了觀察世界棒球經典賽A組賽事，最重要是看中華隊吳念庭表現如何，...                  ,UDN
253,經典賽／來看吳念庭 西武GM渡邊久信給出期待,2023-03-11 12:58:00,運動,,https://udn.com/news/story/10785/7024612,前日職西武獅名將、現為球團總經理的渡邊久信到台灣了，此行為了觀察世界棒球經典賽A組賽事，最重要是看中華隊吳念庭表現如何，渡邊久信也很期待他能夠搶下西武隊先發固定位置。效力日職西武隊的吳念庭生涯第一次穿上中華隊球衣，在經典賽表現精彩，首戰就有4打數3安打演出，包括敲出中華隊本屆賽事首轟，貢獻2分打點，昨晚對義大利隊也有4打數2安打、2得分的好表現。渡邊久信表示，今年春訓就看到吳念庭為了經典賽準備，調整進度比較快，而練習到比賽中，無論守備、打擊都表現不錯，「這是他第一次入選，相信有壓力也有動力，大家也看到他的好表現，滿開心的。」吳念庭從2016年開始升上一軍，2020年起開始穩定卡位一軍名單，渡邊久信表示，吳念庭是打擊見長的選手，近年來功能性成長最多，能夠守備多個位置，「是球隊需要的選手。」也寄望吳念庭能夠透過在經典賽的好表現，培養出自信，「能夠搶下一個位置。」渡邊久信也提到目前在二軍調整的台灣投手張奕，已經進入牛棚練投階段，目前還無法斷定開幕戰是否趕得上，「不過既然我們交易他過來，就是對他有期待，希望他能儘快成為戰力。」 ▪ 經典賽即時新聞 ▪ 最新比分與完整賽程 ▪ 預賽分組戰績表 ▪ 經典賽專欄分析 經典賽WBC中華隊                    巴拿馬今天在世界棒球經典賽以2：0擊敗義大利隊，讓晚上7點中華隊與荷蘭隊之戰正式變成背水一戰，若中華隊輸球，就會確定在A...                                      巴拿馬隊在今天經典賽午場賽事以2：0擊敗義大利隊，歡慶可貴的隊史第二勝同時，中華隊也落入極度不利位置，晚場對荷蘭隊必須贏...                                      世界棒球經典賽今天出現第一場「扣倒」賽事，以及確定遭到淘汰的球隊，中國大陸隊提前在7局以2：12輸給澳洲隊，吞下3敗，確...                                      中華隊昨晚以十一比七逆轉擊敗義大利隊，今晚面對荷蘭隊要由「潛水艇」黃子鵬登板延續氣勢，荷蘭隊則推出荷蘭職棒投手海格，然而...                                      前日職西武獅名將、現為球團總經理的渡邊久信來到洲際球場，觀察世界棒球經典賽A組賽事，看過中華隊的比賽，他也大力稱讚新世代...                                      前日職西武獅名將、現為球團總經理的渡邊久信到台灣了，此行為了觀察世界棒球經典賽A組賽事，最重要是看中華隊吳念庭表現如何，...                  ,UDN
254,經典賽／大讚中華隊打擊 渡邊久信：當年的我壓不住,2023-03-11 12:58:00,運動,,https://udn.com/news/story/10785/7024613,前日職西武獅名將、現為球團總經理的渡邊久信來到洲際球場，觀察世界棒球經典賽A組賽事，看過中華隊的比賽，他也大力稱讚新世代打線的強悍，「當年的我可能壓制不住。」渡邊久信在1984年到1997年效力西武隊時，是建立「西武王朝」的功臣之一，也跟郭泰源當過隊友，9日來台立刻相約吃飯，也跟前西武隊投手郭俊麟一起碰面，不過此行目的最主要是觀察吳念庭在經典賽的狀況，是否能夠銜接球季，第二點就是觀察各國選手的表現。對於本屆中華隊的成績，渡邊久信表示，大家都看得出來，「中華隊攻擊優秀，這批新世代的球員打擊跟以往不同，具有更高的能力。」曾在1999到2001年來台加入台灣大聯盟嘉南勇士隊的渡邊更說，如果當時遇到的台灣球員打擊力也是如此，「恐怕無法壓制。」至於與郭俊麟的會面，渡邊久信表示，知道他動過Tommy John（韌帶重建手術）進入第二年，根據過往案例，動過此手術的投手都在第二年起會有好表現，「雖然現在不是我們的球員，但也希望他加油，把實力拿出來。」 ▪ 經典賽即時新聞 ▪ 最新比分與完整賽程 ▪ 預賽分組戰績表 ▪ 經典賽專欄分析 經典賽WBC中華隊                    巴拿馬今天在世界棒球經典賽以2：0擊敗義大利隊，讓晚上7點中華隊與荷蘭隊之戰正式變成背水一戰，若中華隊輸球，就會確定在A...                                      巴拿馬隊在今天經典賽午場賽事以2：0擊敗義大利隊，歡慶可貴的隊史第二勝同時，中華隊也落入極度不利位置，晚場對荷蘭隊必須贏...                                      世界棒球經典賽今天出現第一場「扣倒」賽事，以及確定遭到淘汰的球隊，中國大陸隊提前在7局以2：12輸給澳洲隊，吞下3敗，確...                                      中華隊昨晚以十一比七逆轉擊敗義大利隊，今晚面對荷蘭隊要由「潛水艇」黃子鵬登板延續氣勢，荷蘭隊則推出荷蘭職棒投手海格，然而...                                      前日職西武獅名將、現為球團總經理的渡邊久信來到洲際球場，觀察世界棒球經典賽A組賽事，看過中華隊的比賽，他也大力稱讚新世代...                                      前日職西武獅名將、現為球團總經理的渡邊久信到台灣了，此行為了觀察世界棒球經典賽A組賽事，最重要是看中華隊吳念庭表現如何，...                  ,UDN
255,經典運彩／日本讓分太巨大 看好首戰奪勝的捷克受讓咬盤,2023-03-11 13:12:00,運動,,https://udn.com/news/story/10785/7024624,【文／運彩貓堯舜魚湯】比賽時間: 3/11 18:00捷克與日本皆在同天拿下勝利，捷克藉由九局上的三分砲逆轉戰局，成功拿下經典賽首勝；日本對戰宿敵韓國，雖然前面處於落後局勢，卻依舊展現堅強的戰力，最終打爆韓國，取得本屆經典賽二連勝，兩隊目前士氣想必都非常高昂，加上又是相對陌生的交戰組合，令人期待彼此對決會擦出甚麼樣的火花。本場賽事由捷克隊先攻，地主日本隊後攻，日本公布先發投手由「令和怪物」佐佐木朗希上陣，去年在日職羅德隊繳出9勝4敗ERA 2.02的成績，不僅球速屢屢飆破紀錄，為日本火球男代表，甚至還投出完全比賽，表現相當令人驚艷。至於捷克則可能派出Ondrej Satoria應戰，另捷克尚有醫生、地理老師、分析師、消防員入選名單，堪稱斜槓隊，真的是非常神奇！對於佐佐木朗希，3/11是個特別的日子，在這天先發有著重大的意義，但或許也會因此造成心理的壓力，加上年紀又輕，遇到一級國際賽事難免緊張，去年在巨蛋球場表現也不如有風勢助長球威的主場，且捷克獲得首勝士氣大振，打擊發揮得很不錯，即使日本讓分還是讓很深，捷克仍有機會力拼咬盤。運彩推薦：未開盤國際盤推薦：捷克+9平 受讓 ▪ 經典賽即時新聞 ▪ 最新比分與完整賽程 ▪ 預賽分組戰績表 ▪ 經典賽專欄分析 經典賽WBC運彩                    巴拿馬今天在世界棒球經典賽以2：0擊敗義大利隊，讓晚上7點中華隊與荷蘭隊之戰正式變成背水一戰，若中華隊輸球，就會確定在A...                                      巴拿馬隊在今天經典賽午場賽事以2：0擊敗義大利隊，歡慶可貴的隊史第二勝同時，中華隊也落入極度不利位置，晚場對荷蘭隊必須贏...                                      世界棒球經典賽今天出現第一場「扣倒」賽事，以及確定遭到淘汰的球隊，中國大陸隊提前在7局以2：12輸給澳洲隊，吞下3敗，確...                                      中華隊昨晚以十一比七逆轉擊敗義大利隊，今晚面對荷蘭隊要由「潛水艇」黃子鵬登板延續氣勢，荷蘭隊則推出荷蘭職棒投手海格，然而...                                      前日職西武獅名將、現為球團總經理的渡邊久信來到洲際球場，觀察世界棒球經典賽A組賽事，看過中華隊的比賽，他也大力稱讚新世代...                                      前日職西武獅名將、現為球團總經理的渡邊久信到台灣了，此行為了觀察世界棒球經典賽A組賽事，最重要是看中華隊吳念庭表現如何，...                  ,UDN
256,經典運彩／荷蘭少見大量取分 中華隊精銳盡出看好小分,2023-03-11 13:52:00,運動,,https://udn.com/news/story/10785/7024643,【文／運彩貓小亨利】比賽時間: 3/11 19:00中華今天打線打了十一分，初盤大小從8.5一路開到快10.5，明天大分應該依舊熱門。投手調度的部分，應該也是黃子鵬能吃到四局就盡量吃，也不用考慮對古巴那場的調度，能上的都應該上，只要不要再讓鄧愷威上來敗分就好。荷蘭先發Lars Huiger在荷蘭聯賽連五年防禦力不到2，去年94局自責分會員0.86，而且幾乎沒啥實戰影片可以參考，中華隊對於這種類型的投手應該比較難複製今天的表現。荷蘭隊連兩場都小分，打擊常常靠全壘打取分，也沒有持續安打串聯大量取分，在大分熱門的情況下可以等到盤口持續上升再來進行小分的投注，推薦小分過盤。運彩推薦：10.5小分國際盤推薦：11-25小分 ▪ 經典賽即時新聞 ▪ 最新比分與完整賽程 ▪ 預賽分組戰績表 ▪ 經典賽專欄分析 經典賽WBC運彩                    巴拿馬今天在世界棒球經典賽以2：0擊敗義大利隊，讓晚上7點中華隊與荷蘭隊之戰正式變成背水一戰，若中華隊輸球，就會確定在A...                                      巴拿馬隊在今天經典賽午場賽事以2：0擊敗義大利隊，歡慶可貴的隊史第二勝同時，中華隊也落入極度不利位置，晚場對荷蘭隊必須贏...                                      世界棒球經典賽今天出現第一場「扣倒」賽事，以及確定遭到淘汰的球隊，中國大陸隊提前在7局以2：12輸給澳洲隊，吞下3敗，確...                                      中華隊昨晚以十一比七逆轉擊敗義大利隊，今晚面對荷蘭隊要由「潛水艇」黃子鵬登板延續氣勢，荷蘭隊則推出荷蘭職棒投手海格，然而...                                      第5屆世界棒球經典賽A組預賽在台中洲際棒球場登場，昨（10）日台灣以11:7逆轉義大利，其中台灣球迷的熱情的「台式應援」登上許多國際版面，義大利總教練皮亞薩（Mike Piazza）更是用「驚嚇」、「震撼」來形容...                                      前日職西武獅名將、現為球團總經理的渡邊久信來到洲際球場，觀察世界棒球經典賽A組賽事，看過中華隊的比賽，他也大力稱讚新世代...                  ,UDN
257,經典賽／岩手的希望！ 佐佐木朗希揹311災區期待對捷克,2023-03-11 14:50:00,運動,,https://udn.com/news/story/10785/7024653,出身311大地震重災區的日職羅德隊投手「令和怪物」佐佐木朗希，今天將代表日本隊在世界棒球經典賽先發。由於適逢311大地震12週年，他將帶著災區期待登上國際舞台。日本放送協會（NHK）報導，今年世界棒球經典賽預賽連勝兩場的日本隊，今晚將出戰捷克。由於適逢311大地震12週年，日本隊將派出走過受災歲月的21歲「令和怪物」佐佐木朗希先發。佐佐木出身岩手縣陸前高田市，9歲時遭逢311大地震，當年37歲的父親佐佐木功太及祖父母都在海嘯中喪命。產經新聞報導，陸前高田市一間購物商場內放著一面加油旗幟，上面寫著「從高田邁向世界！加油，岩手的希望！」及寫滿為佐佐木加油的話語。這樣的加油旗幟在鄰近的大船渡市也有一面，兩面旗幟今晚將被懸掛在兩市公開播放經典賽的會場。佐佐木在家中3兄弟排行第2，小學3年級時加入「高田野球運動少年團」，沒想到入團不到一年，一場311大地震改變他平凡生活。非常疼愛孩子且為人敦厚的父親生前曾跟身旁的人說，「朗希會成為職業球員」。失去父親及祖父母的佐佐木，災後不久搬到母親親戚生活的大船渡市，在遺留著瓦礫的空地上投球。佐佐木要升高中時，儘管有私立強豪高中邀他就讀，但最終選擇家鄉的縣立大船渡高中，因為對佐佐木來說，有著一個「想跟家鄉夥伴闖進甲子園」的夢想，也不想與受災家鄉同甘苦、一起切磋琢磨的夥伴們分開。高三那年春天，佐佐木投出日本高中棒球史上最快球速的時速163公里，一舉受外界矚目。沒想到最後大船渡高中未能獲得地方預賽冠軍，無緣甲子園，但即使如此，地方人士依舊感謝「朗希讓我們看到夢想」。311大地震屆滿10週年的2021年3月11日，佐佐木曾說：「每年的3月11日，對我來說都是特別的日子，我會在比賽中盡量投球，為能傳遞勇氣跟希望而努力。」又過了一年，佐佐木2022年3月11日說：「雖然11年了，但當時的痛苦與悲傷也難以消失。我能夠這樣完全投入棒球，是因為很多人的支持，對於一路上給予支持的人，我只有感謝。」加入職棒後，佐佐木依然會利用球季結束空檔返鄉，跟高中時代的好友們一起練球。地方人士稱讚「已成為那麼棒的球員還願意回來，如此心意令人開心」。佐佐木也跟家人表示，很高興能得到地方的聲援。佐佐木至今仍會造訪的陸前高田市一間中華料理店，老闆是跟佐佐木父親有好交情的長田正廣，他說：「震災發生12年了，在這個邁向重建的災區，朗希在3月11日的投球將成為大家的希望」。 ▪ 經典賽即時新聞 ▪ 最新比分與完整賽程 ▪ 預賽分組戰績表 ▪ 經典賽專欄分析 經典賽WBC風雲                    巴拿馬今天在世界棒球經典賽以2：0擊敗義大利隊，讓晚上7點中華隊與荷蘭隊之戰正式變成背水一戰，若中華隊輸球，就會確定在A...                                      巴拿馬隊在今天經典賽午場賽事以2：0擊敗義大利隊，歡慶可貴的隊史第二勝同時，中華隊也落入極度不利位置，晚場對荷蘭隊必須贏...                                      世界棒球經典賽今天出現第一場「扣倒」賽事，以及確定遭到淘汰的球隊，中國大陸隊提前在7局以2：12輸給澳洲隊，吞下3敗，確...                                      中華隊昨晚以十一比七逆轉擊敗義大利隊，今晚面對荷蘭隊要由「潛水艇」黃子鵬登板延續氣勢，荷蘭隊則推出荷蘭職棒投手海格，然而...                                      前日職西武獅名將、現為球團總經理的渡邊久信來到洲際球場，觀察世界棒球經典賽A組賽事，看過中華隊的比賽，他也大力稱讚新世代...                                      前日職西武獅名將、現為球團總經理的渡邊久信到台灣了，此行為了觀察世界棒球經典賽A組賽事，最重要是看中華隊吳念庭表現如何，...                  ,UDN
258,經典賽／中國氣力放盡7局遭澳扣倒 本屆第一隊淘汰出局,2023-03-11 14:10:00,運動,,https://udn.com/news/story/10785/7024723,世界棒球經典賽今天出現第一場「扣倒」賽事，以及確定遭到淘汰的球隊，中國大陸隊提前在7局以2：12輸給澳洲隊，吞下3敗，確定晉級8強無望。中國首戰面對日本展現緊咬韌性，第二戰打捷克輸在九局上，今天再戰澳洲顯得氣力放盡，首局溫葛洛夫（Rixon Wingrove）滿壘時敲出幾乎直擊左外野全壘打牆的二壘打，一棒清壘。澳洲第3局喬治（Darryl George）、懷菲爾德（Aaron Whitefield）的安打各挹注1分打點，中國才剛在4局上追回2分，澳洲馬上在下半局回應打了一輪的5分大局，包括格林丁寧（Robbie Glendinning）的兩分砲，打完4局已經取得10：2領先。澳洲持續有分數進帳，第7局喬治在滿壘時敲安，擴大10分以上差距，達到提前結束比賽的條件。中國共用6任投手、5人掉分先發投手齊鑫投2.1局失5分，王唯一面對6人次只拿到1個出局數，被敲4安打、1保送，狂瀉4分退場。中國輸球後吞下3連敗，最多只能在分組賽拿到1勝，而日本、澳洲隊都已經2勝在手，確定中國遭到淘汰，也是本屆20隊第一支確定打包的球隊。 ▪ 經典賽即時新聞 ▪ 最新比分與完整賽程 ▪ 預賽分組戰績表 ▪ 經典賽專欄分析 經典賽WBC風雲                    巴拿馬今天在世界棒球經典賽以2：0擊敗義大利隊，讓晚上7點中華隊與荷蘭隊之戰正式變成背水一戰，若中華隊輸球，就會確定在A...                                      巴拿馬隊在今天經典賽午場賽事以2：0擊敗義大利隊，歡慶可貴的隊史第二勝同時，中華隊也落入極度不利位置，晚場對荷蘭隊必須贏...                                      世界棒球經典賽今天出現第一場「扣倒」賽事，以及確定遭到淘汰的球隊，中國大陸隊提前在7局以2：12輸給澳洲隊，吞下3敗，確...                                      中華隊昨晚以十一比七逆轉擊敗義大利隊，今晚面對荷蘭隊要由「潛水艇」黃子鵬登板延續氣勢，荷蘭隊則推出荷蘭職棒投手海格，然而...                                      前日職西武獅名將、現為球團總經理的渡邊久信來到洲際球場，觀察世界棒球經典賽A組賽事，看過中華隊的比賽，他也大力稱讚新世代...                                      前日職西武獅名將、現為球團總經理的渡邊久信到台灣了，此行為了觀察世界棒球經典賽A組賽事，最重要是看中華隊吳念庭表現如何，...                  ,UDN
259,經典賽／慶祝中華隊贏球 立委林為洲爽發300份雞排,2023-03-11 14:27:00,運動,,https://udn.com/news/story/10785/7024767,中華隊昨晚在WBC世界棒球經典賽勝過義大利，立委林為洲兌現賽前祭品，承諾在竹北保安宮廟前發200份雞排，林為洲還加碼100份，今天送出300份雞排，不少民眾一早就到廟前排隊，林為洲讚中華隊昨晚表現，更提出將祭出不一樣的祭品，替中華隊助威奪勝。林為洲表示，中華隊擊敗強隊義大利，舉國歡騰，從昨天晚上7點就守在電視機前為中華隊加油，其中中華隊的隊員范國宸也是竹北子弟，所以昨天特地在臉書Po出祭品文，今天順利兌現承諾，在竹北新社保安宮發雞排，也預告今天晚間7點的比賽，中華隊再次勝利的話，將會有不同的祭品。今天11點發雞排時，新社保安宮前擠滿民眾，林為洲開心與民眾合影、分享中華隊勝利喜悅，其中搶頭香的一位民眾，更是今天一大早8點半就來排隊，臉上洋溢著笑容，希望中華隊可以一直贏下去，奪得冠軍。中華隊中的隊員范國宸因出身竹北，也是竹仁國小校友，因此今天竹仁國小師生都為范國宸加油，希望中華隊在接下來的賽程當中，能夠持續勢如破竹贏得連勝。 ▪ 經典賽即時新聞 ▪ 最新比分與完整賽程 ▪ 預賽分組戰績表 ▪ 經典賽專欄分析 經典賽WBC中華隊                    巴拿馬今天在世界棒球經典賽以2：0擊敗義大利隊，讓晚上7點中華隊與荷蘭隊之戰正式變成背水一戰，若中華隊輸球，就會確定在A...                                      巴拿馬隊在今天經典賽午場賽事以2：0擊敗義大利隊，歡慶可貴的隊史第二勝同時，中華隊也落入極度不利位置，晚場對荷蘭隊必須贏...                                      世界棒球經典賽今天出現第一場「扣倒」賽事，以及確定遭到淘汰的球隊，中國大陸隊提前在7局以2：12輸給澳洲隊，吞下3敗，確...                                      中華隊昨晚以十一比七逆轉擊敗義大利隊，今晚面對荷蘭隊要由「潛水艇」黃子鵬登板延續氣勢，荷蘭隊則推出荷蘭職棒投手海格，然而...                                      前日職西武獅名將、現為球團總經理的渡邊久信來到洲際球場，觀察世界棒球經典賽A組賽事，看過中華隊的比賽，他也大力稱讚新世代...                                      前日職西武獅名將、現為球團總經理的渡邊久信到台灣了，此行為了觀察世界棒球經典賽A組賽事，最重要是看中華隊吳念庭表現如何，...                  ,UDN
260,經典賽／今晚力戰荷蘭 江啟臣：中華隊若勝 再發300份雞排,2023-03-11 15:03:00,運動,,https://udn.com/news/story/10785/7024836,WBC世界棒球經典賽昨晚中華隊以11比7力退義大利贏得首勝，立委江啟臣與發起人群，實現祭品文承諾，今天下午5點50分將在新北戶外直播派對（府中捷運站3號出口）發放雞排。他再宣布，今晚中華隊再勝荷蘭，明天中午在台中市府前廣場發300份雞排，「一直贏下去」。今晚中華隊迎戰荷蘭，祭品文再加碼，江啟臣今在臉書發文表示，今晚中華隊若成功擊敗荷蘭，明天中午將在台中市府前廣場發放雞排300份，邀請大家集氣為選手們應援加油。而全壘打王林仲秋、森林王子張泰山、台中市成棒隊總教練鄭達鴻、教練兼球員陽耀勳、張正偉，也以行動響應，力挺中華健兒，江啟臣表示，歡迎有意願的朋友接龍作伙來加碼，一同為中華隊加油打氣。江也強調，明天台中市成棒隊球星鄭達鴻、陽耀勳、張正偉將到台中市府前廣場，現場與球迷們集氣，一起在戶外大螢幕替中華隊加油。 ▪ 經典賽即時新聞 ▪ 最新比分與完整賽程 ▪ 預賽分組戰績表 ▪ 經典賽專欄分析 經典賽WBC中華隊                    巴拿馬今天在世界棒球經典賽以2：0擊敗義大利隊，讓晚上7點中華隊與荷蘭隊之戰正式變成背水一戰，若中華隊輸球，就會確定在A...                                      巴拿馬隊在今天經典賽午場賽事以2：0擊敗義大利隊，歡慶可貴的隊史第二勝同時，中華隊也落入極度不利位置，晚場對荷蘭隊必須贏...                                      世界棒球經典賽今天出現第一場「扣倒」賽事，以及確定遭到淘汰的球隊，中國大陸隊提前在7局以2：12輸給澳洲隊，吞下3敗，確...                                      中華隊昨晚以十一比七逆轉擊敗義大利隊，今晚面對荷蘭隊要由「潛水艇」黃子鵬登板延續氣勢，荷蘭隊則推出荷蘭職棒投手海格，然而...                                      前日職西武獅名將、現為球團總經理的渡邊久信來到洲際球場，觀察世界棒球經典賽A組賽事，看過中華隊的比賽，他也大力稱讚新世代...                                      前日職西武獅名將、現為球團總經理的渡邊久信到台灣了，此行為了觀察世界棒球經典賽A組賽事，最重要是看中華隊吳念庭表現如何，...                  ,UDN
261,經典賽／巴拿馬第二勝地獄變天堂 義輸球中華隊不妙,2023-03-11 15:09:00,運動,,https://udn.com/news/story/10785/7024847,巴拿馬隊在今天經典賽午場賽事以2：0擊敗義大利隊，歡慶可貴的隊史第二勝同時，中華隊也落入極度不利位置，晚場對荷蘭隊必須贏球才能保有晉級希望。世界棒球經典賽預賽A組賽事進入第4天，巴拿馬隊4戰打完，以2勝2敗作收，義大利隊則與古巴隊同為1勝2敗，1勝1敗的中華隊若輸給荷蘭隊，就算明天擊敗古巴、與義大利、巴拿馬隊戰績「互咬」，但比較失分率之後，將由巴拿馬隊晉級。巴拿馬隊在首戰擊敗中華隊後，對荷蘭、古巴吞下二連敗，今天輸球會成為第一支遭到淘汰的隊伍，沒想到卻是以低比分差擊敗義大利隊，在晉級態勢上佔據有利位置，從地獄翻身到天堂。義大利隊昨晚雖然輸給中華隊，但也攻下7分，與中華隊抗衡的打線令人印象深刻，但今天中午打得有氣無力，全場僅敲出5支安打，被巴拿馬隊投手群壓制，先發的阿勞茲（Harold Arauz）4局被敲2安，另有3次三振無失分，中繼的梅西亞（Humberto Mejia）、巴爾多納多（Alberto Baldonado）各投2局，加上賈拉（Javy Guerra）1局皆無失分。巴拿馬隊更是靠著拉莫斯（Jose Ramos）在2局上的陽春砲先馳得點，7局上拉莫斯再次敲安展開攻勢，2出局後推進上二壘，柯爾多瓦（Allen Cordoba）的適時安打敲回第2分。 ▪ 經典賽即時新聞 ▪ 最新比分與完整賽程 ▪ 預賽分組戰績表 ▪ 經典賽專欄分析 經典賽WBC中華隊WBC風雲                    巴拿馬今天在世界棒球經典賽以2：0擊敗義大利隊，讓晚上7點中華隊與荷蘭隊之戰正式變成背水一戰，若中華隊輸球，就會確定在A...                                      巴拿馬隊在今天經典賽午場賽事以2：0擊敗義大利隊，歡慶可貴的隊史第二勝同時，中華隊也落入極度不利位置，晚場對荷蘭隊必須贏...                                      世界棒球經典賽今天出現第一場「扣倒」賽事，以及確定遭到淘汰的球隊，中國大陸隊提前在7局以2：12輸給澳洲隊，吞下3敗，確...                                      中華隊昨晚以十一比七逆轉擊敗義大利隊，今晚面對荷蘭隊要由「潛水艇」黃子鵬登板延續氣勢，荷蘭隊則推出荷蘭職棒投手海格，然而...                                      前日職西武獅名將、現為球團總經理的渡邊久信來到洲際球場，觀察世界棒球經典賽A組賽事，看過中華隊的比賽，他也大力稱讚新世代...                                      前日職西武獅名將、現為球團總經理的渡邊久信到台灣了，此行為了觀察世界棒球經典賽A組賽事，最重要是看中華隊吳念庭表現如何，...                  ,UDN
262,經典賽／抗荷變背水一戰 中華隊若贏有2條晉級路線,2023-03-11 15:12:00,運動,,https://udn.com/news/story/10785/7024856,巴拿馬今天在世界棒球經典賽以2：0擊敗義大利隊，讓晚上7點中華隊與荷蘭隊之戰正式變成背水一戰，若中華隊輸球，就會確定在A組遭到淘汰，唯有贏球才能續命。巴拿馬贏球後，完成分組賽全部賽程，取得2勝2敗，接下來要視其他對戰結果決定命運。中華隊今晚先面對一道生死之關，必須擊敗荷蘭，才能保有在A組出線的機會，2勝在手後，中華隊在最後一天的賽事將有2條晉級路線。A組最後一天賽事為中午12點中華隊與古巴之戰，晚間7點由荷蘭、義大利過招，中華隊的第一條晉級路線為自己贏球，則確定會以3勝1敗、分組第一晉級。若中華隊不幸輸給古巴，就必須寄望晚上義大利「幫忙」打敗荷蘭，那5隊都是2勝2敗的大亂鬥，等於要比所有場次的失分率，而只要牽扯到巴拿馬隊、比較失分率，對中華隊就會相當不利，因為該役被爆打了12分輸球。 ▪ 經典賽即時新聞 ▪ 最新比分與完整賽程 ▪ 預賽分組戰績表 ▪ 經典賽專欄分析 經典賽WBC中華隊                    巴拿馬今天在世界棒球經典賽以2：0擊敗義大利隊，讓晚上7點中華隊與荷蘭隊之戰正式變成背水一戰，若中華隊輸球，就會確定在A...                                      巴拿馬隊在今天經典賽午場賽事以2：0擊敗義大利隊，歡慶可貴的隊史第二勝同時，中華隊也落入極度不利位置，晚場對荷蘭隊必須贏...                                      世界棒球經典賽今天出現第一場「扣倒」賽事，以及確定遭到淘汰的球隊，中國大陸隊提前在7局以2：12輸給澳洲隊，吞下3敗，確...                                      中華隊昨晚以十一比七逆轉擊敗義大利隊，今晚面對荷蘭隊要由「潛水艇」黃子鵬登板延續氣勢，荷蘭隊則推出荷蘭職棒投手海格，然而...                                      前日職西武獅名將、現為球團總經理的渡邊久信來到洲際球場，觀察世界棒球經典賽A組賽事，看過中華隊的比賽，他也大力稱讚新世代...                                      前日職西武獅名將、現為球團總經理的渡邊久信到台灣了，此行為了觀察世界棒球經典賽A組賽事，最重要是看中華隊吳念庭表現如何，...                  ,UDN
263,經典賽／祭品文送1千顆雞蛋 滿志剛：留9顆祝荷蘭9局爆蛋,2023-03-11 15:19:00,運動,,https://udn.com/news/story/10785/7024865,WBC世界棒球經典賽開打，中華隊昨晚以11：7擊敗義大利隊。國民黨台北市青工總會長滿志剛今天兌現免費送1000顆雞蛋的祭品文，每人5顆共200份，中午12點發號碼牌，有民眾早上10點多就來排隊，15分鐘全拿光。滿志剛也邀北市議員徐巧芯共襄盛舉。他說，特別留下9顆蛋要送給荷蘭隊，「祝他們9局都爆蛋」。台北市青工總會長滿志剛表示，一開始很多民眾跟他們抱怨，為什麼買不到蛋、哪邊可以買到，當時聽到很詫異也難過，就連自己在市場也難買到。正因太多人問，他們大概2個禮拜前去找產地、一家家問，剛好這周有問到，平均一顆7元多，基本上比產地價還貴。滿志剛說，原本這批蛋按照他們拿到價格，要以原價賣給市民，再把這些錢捐給慈善團體做公益，希望能達到拋磚引玉的效果。不過，這周是經典賽，前天巴拿馬贏中華隊，不管是球迷還是球員都需要鼓勵，加上其他政治人物與縣市也有辦祭品文，所以就用祭品文方式，無償提供給市民朋友。滿志剛今天免費送1000顆雞蛋，每人5顆共200份，中午12點開始發號碼牌。記者曾原信／攝影民眾特別準備容器來裝免費雞蛋。記者曾原信／攝影國民黨台北市青工總會長滿志剛今天兌現免費送1000顆雞蛋的祭品文。記者曾原信／攝影滿志剛今天中午12點開始發領雞蛋的號碼牌。記者曾原信／攝影今天準備1000顆雞蛋，滿志剛特別留下9顆要送給荷蘭隊，「祝他們9局都爆蛋」。記者林佳彣／攝影 ▪ 經典賽即時新聞 ▪ 最新比分與完整賽程 ▪ 預賽分組戰績表 ▪ 經典賽專欄分析 經典賽WBC中華隊                    巴拿馬今天在世界棒球經典賽以2：0擊敗義大利隊，讓晚上7點中華隊與荷蘭隊之戰正式變成背水一戰，若中華隊輸球，就會確定在A...                                      巴拿馬隊在今天經典賽午場賽事以2：0擊敗義大利隊，歡慶可貴的隊史第二勝同時，中華隊也落入極度不利位置，晚場對荷蘭隊必須贏...                                      世界棒球經典賽今天出現第一場「扣倒」賽事，以及確定遭到淘汰的球隊，中國大陸隊提前在7局以2：12輸給澳洲隊，吞下3敗，確...                                      中華隊昨晚以十一比七逆轉擊敗義大利隊，今晚面對荷蘭隊要由「潛水艇」黃子鵬登板延續氣勢，荷蘭隊則推出荷蘭職棒投手海格，然而...                                      前日職西武獅名將、現為球團總經理的渡邊久信來到洲際球場，觀察世界棒球經典賽A組賽事，看過中華隊的比賽，他也大力稱讚新世代...                                      前日職西武獅名將、現為球團總經理的渡邊久信到台灣了，此行為了觀察世界棒球經典賽A組賽事，最重要是看中華隊吳念庭表現如何，...                  ,UDN
264,經典賽／波多黎各球迷集氣 192名男子染髮創紀錄,2023-03-11 15:48:00,運動,,https://udn.com/news/story/10785/7024890,波多黎各今天打破染髮人數最多的金氏世界紀錄，有192名男子將頭髮染成金色以支持球隊在世界棒球經典賽中奪冠。2013年與2017年，波多黎各在經典賽中都是以亞軍作收。美聯社報導，2017年世界棒球經典賽（WBC）前，波多黎各隊員開玩笑把頭髮染成金色，沒想到在波多黎各全境掀起染髮熱潮，藥妝店與美容用品店的染髮劑賣到斷貨。經典賽通常每4年舉行一次，但是因為疫情讓本屆賽事晚了2年，所以經過6年沒比賽、沒染髮、沒有加油聲的情況下，許多波多黎各人急切想知道這種染髮助陣的傳統是否能持續。波多黎各人大多數是黑色或深棕色頭髮，球員今年延續了這項染髮傳統，民眾也再次將頭髮染成淡金黃色或是棕黃色，甚至把頭髮與鬍鬚染成褐橘色，以表達支持。攝影師卡米洛（Miguel Rodríguez Camilo）是今天出現在大規模染髮活動中的200多名男子之一。他在等待染髮時表示，「金髮愈多，族群就愈團結。」不過有些人的染髮因各種原因未獲金氏世界紀錄承認，包括沒有依規定拍下「染髮前」照片。金氏世界紀錄認證官拉米雷斯（Natalia Ramírez）指出，有少數人被取消資格，因為他們本來就是白髮或灰髮。「如果真的看不到顏色改變，那就不算數。」今年波多黎各隊員的頭髮差一點換成了另一種顏色。有人說要染成藍色，不過紐約大都會隊游擊手林多（Francisco Lindor）在最近一場記者會上說，「有些男孩會害羞」。然而，底特律老虎隊游擊手巴艾茲（Javier Báez）就在IG上發布了一張新染金髮的照片，林多表示「這樣就對了」。這一次球隊做好了準備，請來5名理髮師與染髮師來完成任務，而2017年只有1名理髮師兼染髮師。波多黎各當地一所大學還帶來79磅染劑來協助完成今天的染髮活動。金髮力量是否會轉化為勝利還有待觀察。波多黎各在本屆經典賽的第一場賽事將是明天出戰尼加拉瓜，後天對手則是委內瑞拉。波多黎各球迷集氣，192名男子染髮創紀錄。 美聯社 ▪ 經典賽即時新聞 ▪ 最新比分與完整賽程 ▪ 預賽分組戰績表 ▪ 經典賽專欄分析 經典賽WBC風雲                    沒有退路的一戰，中華隊贏得強勢！張育成的滿貫砲一棒帶動氣勢，第2到4局攻勢一波接一波，終場以9：5賞給荷蘭隊本屆賽會第一...                                      中華隊能不能前進東京，命運交到左投陳仕朋手中，明天將面對「紅色閃電」古巴隊先發，對手古巴則是推出樂天桃猿隊的新洋投雷法。                                      中華隊今天以9：5擊敗荷蘭隊，「敗部復活」進入中華隊的吳哲源成為扛荷英雄，總教練林岳平也稱隊上有哲源，是他的「福氣」，此...                                      賽前不被看好的中華隊，在本屆世界棒球經典賽展現出與強權抗衡的鬥志，連續兩場在火力上勝過有著大聯盟打線的義大利、荷蘭隊，去...                                      中華隊在經典賽首戰滑鐵盧後步步走回正軌，兩勝在手，握有自力前進八強複賽的機會，今天只要擊敗古巴隊，就將以Ａ組第一前進東京...                                      日本雙星今天以不同方式幫助球隊，佐佐木朗希先發3.2局，球速飆到164公里，專心打擊的大谷翔平敲出擊球初速190公里的二...                  ,UDN
265,經典賽／巴拿馬去東京或回家？總教練：選手問幾點練球,2023-03-11 16:08:00,運動,,https://udn.com/news/story/10785/7024925,從資格賽闖關的巴拿馬隊，今天再以2：0擊敗義大利隊，以2勝2敗完成世界棒球經典賽A組全部賽程，保有晉級機會，總教練歐提茲（Luis Ortiz）語氣中透露選手對於晉級的期待，「他們問我，明天幾點練球？」巴拿馬隊史第三度征戰經典賽會內賽，在8日以12：5擊敗中華隊拿到隊史首勝後，今天由4任投手聯手封鎖義大利打線，阿勞茲（Harold Arauz )先發4局，僅被敲2安打、無失分，首戰對中華隊先發的梅西亞（Humberto Mejía）則擔任第2任投手。巴拿馬隊打線靠拉莫斯（Jose Ramos）在2局上以陽春砲先馳得點，7局上拉莫斯再次敲安展開攻勢，2出局後推進上二壘，柯爾多瓦（Allen Cordoba）的適時安打敲回第2分。拉莫斯4打數敲出2安打，巴拿馬隊的2分都與他有關。圖／悍創運動行銷提供義大利總教練皮亞薩（Mike Piazza）坦言挫敗，「今天投手表現不錯，守備也有精彩表現，但很難突破得分，這是一場很挫折的比賽，無法得分、無法對對手施壓，是不可能贏球的，想在這次比賽勝出，在投打守上必須要有更均衡的表現。」義大利明天還要面對荷蘭，皮亞薩表示，「有告訴選手不要想太多，我們重新開始，再看看會有怎樣的結果。」巴拿馬在A組打出驚喜，搶下2勝，歐提茲也肯定選手表現，「球隊表現真的非常優異，我們來到這裡，就希望可以贏下幾場比賽，改變人們對棒球的想法，我們有好選手，也證明了這一點。」巴拿馬保有前進8強的機會，必須視明天A組最終日戰況決定命運。歐提茲表示，明天全隊仍會練球，等待明天的比賽結果。 ▪ 經典賽即時新聞 ▪ 最新比分與完整賽程 ▪ 預賽分組戰績表 ▪ 經典賽專欄分析 經典賽WBC風雲                    沒有退路的一戰，中華隊贏得強勢！張育成的滿貫砲一棒帶動氣勢，第2到4局攻勢一波接一波，終場以9：5賞給荷蘭隊本屆賽會第一...                                      中華隊能不能前進東京，命運交到左投陳仕朋手中，明天將面對「紅色閃電」古巴隊先發，對手古巴則是推出樂天桃猿隊的新洋投雷法。                                      中華隊今天以9：5擊敗荷蘭隊，「敗部復活」進入中華隊的吳哲源成為扛荷英雄，總教練林岳平也稱隊上有哲源，是他的「福氣」，此...                                      賽前不被看好的中華隊，在本屆世界棒球經典賽展現出與強權抗衡的鬥志，連續兩場在火力上勝過有著大聯盟打線的義大利、荷蘭隊，去...                                      中華隊在經典賽首戰滑鐵盧後步步走回正軌，兩勝在手，握有自力前進八強複賽的機會，今天只要擊敗古巴隊，就將以Ａ組第一前進東京...                                      日本雙星今天以不同方式幫助球隊，佐佐木朗希先發3.2局，球速飆到164公里，專心打擊的大谷翔平敲出擊球初速190公里的二...                  ,UDN
266,經典賽／巴拿馬預賽2勝2敗 教頭：以球隊為榮,2023-03-11 16:36:00,運動,,https://udn.com/news/story/10785/7024933,巴拿馬隊過去在經典賽沒有勝場，此屆預賽首戰擊敗中華隊、拿下隊史首勝，今天以2比0擊敗義大利，預賽戰績2勝2敗，是否晉級要看其他球隊比賽結果，總教練歐提茲表示「以球隊表現為榮」。2023年世界棒球經典賽巴拿馬隊8日首戰與中華隊交手拿下隊史經典賽首勝，接著1比3不敵荷蘭隊，昨天4比13不敵古巴隊，今天再擊敗義大利隊，預賽4戰全數打完戰績2勝2敗，保有晉級機會。巴拿馬隊總教練歐提茲（Luis Ortiz）表示，球隊的表現很優異，也以球員為榮，「來到這裡參加經典賽，希望大家改變對於巴拿馬棒球的想法、我們也證明了這一點」。巴拿馬隊今天比賽靠著拉莫斯（Jose Ramos）單場2安、2局敲出陽春砲，阿拉烏斯（Harold Arauz）先發投4局僅被敲出2支安打，投出3次三振、1次保送、好投壓制，順利拿下勝利。歐提茲表示，今天的表現符合教練團的期望，教練團一直很信賴球員，這支球隊是一支可投、可打的球隊，比賽中的任何事情都可以做到，「我們很希望可以取得複賽門票，但還是要等待其他球隊對戰的結果。」巴拿馬隊預賽賽程已經打完，被問起明天的規劃，歐提茲表示，球員們已經開始問幾點要練習，「我們還是規劃讓球隊練習，會來到球場，稍微練習、跑一下，等待明天比賽的結果」。 ▪ 經典賽即時新聞 ▪ 最新比分與完整賽程 ▪ 預賽分組戰績表 ▪ 經典賽專欄分析 經典賽WBC風雲                    沒有退路的一戰，中華隊贏得強勢！張育成的滿貫砲一棒帶動氣勢，第2到4局攻勢一波接一波，終場以9：5賞給荷蘭隊本屆賽會第一...                                      中華隊能不能前進東京，命運交到左投陳仕朋手中，明天將面對「紅色閃電」古巴隊先發，對手古巴則是推出樂天桃猿隊的新洋投雷法。                                      中華隊今天以9：5擊敗荷蘭隊，「敗部復活」進入中華隊的吳哲源成為扛荷英雄，總教練林岳平也稱隊上有哲源，是他的「福氣」，此...                                      賽前不被看好的中華隊，在本屆世界棒球經典賽展現出與強權抗衡的鬥志，連續兩場在火力上勝過有著大聯盟打線的義大利、荷蘭隊，去...                                      中華隊在經典賽首戰滑鐵盧後步步走回正軌，兩勝在手，握有自力前進八強複賽的機會，今天只要擊敗古巴隊，就將以Ａ組第一前進東京...                                      日本雙星今天以不同方式幫助球隊，佐佐木朗希先發3.2局，球速飆到164公里，專心打擊的大谷翔平敲出擊球初速190公里的二...                  ,UDN
267,經典賽／韓媒算出韓國最後晉級機會 只能寄望捷克了,2023-03-11 16:31:00,運動,,https://udn.com/news/story/10785/7024939,經典賽B組今天澳洲提前七局扣倒中國後，中國確定出局，而澳洲與日本並列2勝領先，韓聯社在這場比賽之後計算韓國最後的晉級機會，雖機會渺茫，但一切就只能靠捷克了。依照韓聯社計算，中國3連敗淘汰之後，澳洲剩下與明天日本與後天捷克兩場比賽，這兩場比賽，澳洲都要輸球，而今天休兵的韓國，剩下明天對捷克及後天對中國。關鍵在於澳洲兩場都要吞敗、而韓國兩場都要取勝，如此一來，日本4勝晉級，韓國、澳洲、捷克三隊2勝2負並列，由於這三隊互有勝負，比較決出另一支晉級隊伍。比較方式是先比較三隊之間比賽的失分率（總失分／總防守局數）、如果失分率相同再比較自責分率(總自責分／總防守局數)、如果自責分率還是相同最後比較團隊打擊率，如果三種方式都還是一樣，將會採抽籤決定。總之，韓聯社結論就是一切要寄望捷克，除了韓國要大比分打敗捷克外，關鍵還要希望捷克大比分打敗澳洲，這樣韓國才有晉級的一線希望。目前戰績韓國是輸澳洲一分，所以捷克若能大比分打敗澳洲，是韓國希望之所寄。只是目前各界看捷克戰力，恐怕遠遠不及澳洲，所以韓國要晉級真的只能求神拜佛，澳洲在後天狀況奇差無比才有可能。 ▪ 經典賽即時新聞 ▪ 最新比分與完整賽程 ▪ 預賽分組戰績表 ▪ 經典賽專欄分析 經典賽WBC風雲                    沒有退路的一戰，中華隊贏得強勢！張育成的滿貫砲一棒帶動氣勢，第2到4局攻勢一波接一波，終場以9：5賞給荷蘭隊本屆賽會第一...                                      中華隊今天以9：5擊敗荷蘭隊，「敗部復活」進入中華隊的吳哲源成為扛荷英雄，總教練林岳平也稱隊上有哲源，是他的「福氣」，此...                                      中華隊在經典賽首戰滑鐵盧後步步走回正軌，兩勝在手，握有自力前進八強複賽的機會，今天只要擊敗古巴隊，就將以Ａ組第一前進東京...                                      日本雙星今天以不同方式幫助球隊，佐佐木朗希先發3.2局，球速飆到164公里，專心打擊的大谷翔平敲出擊球初速190公里的二...                                      中華隊今天出戰荷蘭隊，打線攻勢凌厲，第4局在本壘攻防戰中硬生生少了1分，總教練林岳平上場與主審爭論，神情還算淡定，倒是看...                                      又是張育成！中華隊今天出戰荷蘭隊，1：1平手局面，張育成在第2局滿壘炸裂滿貫砲，本屆賽事第二度開轟，再度讓洲際棒球場為他...                  ,UDN
268,經典賽／中國隊率先被淘汰 美籍總教練：深感失望,2023-03-11 16:38:00,運動,,https://udn.com/news/story/10785/7024941,世界棒球經典賽B組賽事，連敗兩場的中國隊今天出戰澳洲，最後以2比12被對手扣倒三連敗確定無緣晉級。美籍總教練崔諾（DeanTreanor）賽後表示深感失望，並說自己心情也很糟。中國與日本、韓國、澳洲、捷克同一組，首戰日本以1比8落敗；昨天5比8被捷克逆轉。今天對壘陣中不乏美國職棒大聯盟（MLB）及3A和2A好手的澳洲，總計被擊出12支安打包括1支3分全壘打，比賽提前於7局結束。微博帳號「越之」的網友發文指出，賽後中國隊總教練崔諾表示，自己的心情糟糕，並說：「坦率來說我的心情並不好。今天我很失望，今天中國隊整體發揮的都不好，這是我們參加的WBC三場比賽中最差的一場。」崔諾還說：「中國隊的三場比賽都是一開始落後，在棒球來說，我們很早就給自己製造了困難。比賽中，我們一度追到2:5，但是沒把握住滿壘的機會。」被問到最後一場將對決韓國，他表示，韓國是一支很好的球隊，對中國隊來說這會是艱難的比賽，雖然3連敗仍鼓勵隊員，這只是數字，選手們依舊可以昂著頭奮戰。新浪體育的記者問崔諾，3場比賽打完，暴露中國隊先發投手都無法壓制對手打擊的毛病，那麼該如何備戰今年9月揭幕的杭州亞運。崔諾說，WBC還剩一場，現在還沒有空想亞運會，但相信這次比賽的經驗將影響亞運會的陣容，希望中國隊的牛棚陣容更札實，並且把參加WBC的經驗帶到亞運。回顧中國隊首戰球星如雲包括「二刀流」大谷翔平助陣的日本隊，雖然1比8吞敗，但梁培擊出陽春全壘打，楊晉更是相中大谷的速球振臂揮出安打上壘，令人刮目相看。中國媒體澎湃新聞更是大力吹捧「一記全壘打震驚日本隊，年輕的中國棒球回歸世界大賽舞台」，並說美國棒壇的千勝名帥崔諾對子弟兵充滿信心，讚譽他們是中國棒球的未來，有能力「震驚世界」。不過之後對戰「斜槓隊」捷克該贏未贏，尤其被擊出3分全壘打導致比數逆轉，最後5比8敗陣，重挫中國隊士氣，也影響今天出戰澳洲隊的場上發揮。 ▪ 經典賽即時新聞 ▪ 最新比分與完整賽程 ▪ 預賽分組戰績表 ▪ 經典賽專欄分析 經典賽WBC風雲                    沒有退路的一戰，中華隊贏得強勢！張育成的滿貫砲一棒帶動氣勢，第2到4局攻勢一波接一波，終場以9：5賞給荷蘭隊本屆賽會第一...                                      中華隊能不能前進東京，命運交到左投陳仕朋手中，明天將面對「紅色閃電」古巴隊先發，對手古巴則是推出樂天桃猿隊的新洋投雷法。                                      中華隊今天以9：5擊敗荷蘭隊，「敗部復活」進入中華隊的吳哲源成為扛荷英雄，總教練林岳平也稱隊上有哲源，是他的「福氣」，此...                                      中華隊在經典賽首戰滑鐵盧後步步走回正軌，兩勝在手，握有自力前進八強複賽的機會，今天只要擊敗古巴隊，就將以Ａ組第一前進東京...                                      日本雙星今天以不同方式幫助球隊，佐佐木朗希先發3.2局，球速飆到164公里，專心打擊的大谷翔平敲出擊球初速190公里的二...                                      中華隊今天出戰荷蘭隊，打線攻勢凌厲，第4局在本壘攻防戰中硬生生少了1分，總教練林岳平上場與主審爭論，神情還算淡定，倒是看...                  ,UDN
269,經典賽／透露中華抗荷打線 林岳平口誤：貼上複製,2023-03-11 16:41:00,運動,,https://udn.com/news/story/10785/7024947,中華隊今晚迎接世界棒球經典賽第三戰，面對荷蘭隊將派出中職「防禦率王」黃子鵬先發，打線方面，總教練林岳平一開始笑稱「貼上複製」，發現口誤後趕緊訂正「是複製貼上啦」。中華隊首戰5：12輸給巴拿馬隊，昨晚又以11：7擊敗義大利隊，力保晉級希望，林岳平表示，今晚對上荷蘭隊，全部投手都會待命，希望以低比分去拚贏球，「組訓以來，球隊都是渴望贏球，昨天得分後又被逆轉，但是用攻擊去逆轉對手，今天還是要想辦法贏下來。」中華隊打線昨天是安排二壘手鄭宗哲扛開路先鋒，接下來依序是第二棒林立（指定打擊）、第三棒林子偉（右外野）、第四棒張育成（一壘手）、第五棒吳念庭（三壘手）、第六棒吉力吉撈・鞏冠（捕手）、第七棒陳傑憲（中外野）、第八棒王柏融（左外野）、第九棒江坤宇（游擊手）。秉持贏球不變動的想法，林岳平也透露，今晚打線不會做出改變，就是「複製貼上」。 ▪ 經典賽即時新聞 ▪ 最新比分與完整賽程 ▪ 預賽分組戰績表 ▪ 經典賽專欄分析 經典賽WBC中華隊                    沒有退路的一戰，中華隊贏得強勢！張育成的滿貫砲一棒帶動氣勢，第2到4局攻勢一波接一波，終場以9：5賞給荷蘭隊本屆賽會第一...                                      中華隊能不能前進東京，命運交到左投陳仕朋手中，明天將面對「紅色閃電」古巴隊先發，對手古巴則是推出樂天桃猿隊的新洋投雷法。                                      中華隊今天以9：5擊敗荷蘭隊，「敗部復活」進入中華隊的吳哲源成為扛荷英雄，總教練林岳平也稱隊上有哲源，是他的「福氣」，此...                                      賽前不被看好的中華隊，在本屆世界棒球經典賽展現出與強權抗衡的鬥志，連續兩場在火力上勝過有著大聯盟打線的義大利、荷蘭隊，去...                                      中華隊在經典賽首戰滑鐵盧後步步走回正軌，兩勝在手，握有自力前進八強複賽的機會，今天只要擊敗古巴隊，就將以Ａ組第一前進東京...                                      日本雙星今天以不同方式幫助球隊，佐佐木朗希先發3.2局，球速飆到164公里，專心打擊的大谷翔平敲出擊球初速190公里的二...                  ,UDN
270,經典賽／智慧發球機有效！賽前練打 陳傑憲提前適應,2023-03-11 16:41:00,運動,,https://udn.com/news/story/10785/7024948,中華隊連兩場展現火力攻勢，首戰雖然5：12輸球，不過昨晚以11：7轟倒義大利隊，敲出4轟位居A組最多，陳傑憲透露，除了教練指導、情蒐觀察，隱身幕後的智慧型發球機幫助也不小。為了本屆世界棒球經典賽，中華隊領隊、中華職棒聯盟會長蔡其昌特地去向71 Sports投打學苑情商，借來亞洲唯一一台「IPitch智慧型發球機」，輸入數據就可模擬對手球路，短時間內切換直球、變化球是最大特色，更貼近實戰體驗。這台機器從集訓開始就跟著中華隊，正式賽也拿來調整，陳傑憲透露，出賽前機器就會模擬可能出賽投手，讓球員練打，「雖然跟真人投還是多少不一樣，但是可以先適應球速、球威、變化球軌跡，比較不陌生。」第一次打經典賽，陳傑憲坦言壓力不小，加上總教練林岳平也是母隊統一獅的教頭，「壓力更大了，不過一個團隊只要氣氛好、就不用擔心任何事情，教練團也沒有給我壓力，希望剩下兩場比賽可以繼續玩下去，玩到東京、邁阿密。」 ▪ 經典賽即時新聞 ▪ 最新比分與完整賽程 ▪ 預賽分組戰績表 ▪ 經典賽專欄分析 經典賽WBC中華隊                    沒有退路的一戰，中華隊贏得強勢！張育成的滿貫砲一棒帶動氣勢，第2到4局攻勢一波接一波，終場以9：5賞給荷蘭隊本屆賽會第一...                                      中華隊能不能前進東京，命運交到左投陳仕朋手中，明天將面對「紅色閃電」古巴隊先發，對手古巴則是推出樂天桃猿隊的新洋投雷法。                                      中華隊今天以9：5擊敗荷蘭隊，「敗部復活」進入中華隊的吳哲源成為扛荷英雄，總教練林岳平也稱隊上有哲源，是他的「福氣」，此...                                      賽前不被看好的中華隊，在本屆世界棒球經典賽展現出與強權抗衡的鬥志，連續兩場在火力上勝過有著大聯盟打線的義大利、荷蘭隊，去...                                      中華隊在經典賽首戰滑鐵盧後步步走回正軌，兩勝在手，握有自力前進八強複賽的機會，今天只要擊敗古巴隊，就將以Ａ組第一前進東京...                                      日本雙星今天以不同方式幫助球隊，佐佐木朗希先發3.2局，球速飆到164公里，專心打擊的大谷翔平敲出擊球初速190公里的二...                  ,UDN
271,經典賽／南韓強投後繼無人挨批井底蛙 網：別再說是日本宿敵,2023-03-11 17:36:00,運動,,https://udn.com/news/story/10785/7024991,韓國隊在世界棒球經典賽（WBC）小組賽中連續兩戰吞敗，10日對上「宿敵」日本更是以4比13慘敗，韓國輿論多感嘆柳賢振、金廣鉉等強投後繼無人，新世代選手成為難以匹敵他國對手的井底之蛙。韓國9日以7比8敗給澳洲，10日在輸不得的壓力下對上日本隊，開場雖一度以3比0占上風，但之後兵敗如山倒，尤其年輕投手連續投出送分球，被視為這次戰敗主因。多家韓媒引述日本網友賽後慶祝言論，指韓國隊現在實力「連日本隊都大感失望」，「現在別再說韓國是日本的宿敵了」，而不只是日本網友，許多韓國網友也認為「必須承認日本打得很好」。生涯在韓國職棒的打席為最多、被尊稱「梁神」的韓國退役棒球選手梁埈赫在賽後隨即開YouTube直播痛批，「今天（10日）是我看過最差的一場比賽」。他直言，「今天（10日對日本）和澳洲戰，總教練李強喆要負起責任」，認為李強喆戰術安排不佳，「（這種比賽）不能光交給選手發揮，教練應該適當介入，進行戰術或選手交替，不是決定好打擊順序就可以一切順利了」。梁埈赫批評李強喆在選手交替上「缺乏戰略」，包括在面對日本主力左打時，太晚才派出左投因應，狀態相對較好的選手朴世雄也到比賽快結束才上場等。韓媒則多對新生代選手陣容缺乏強投表示憂心，韓國最大入口網站Naver在熱門話題進行調查，詢問一般民眾對這次代表隊應改進之處的看法，4萬多名應答者中高達71%認為「年輕投手控球能力須提升」，其次則是「須培育多元類型選手增加戰術多樣性」（15%）。韓國體育媒體sportsQ指出，韓國隊過去靠著柳賢振、金廣鉉、梁玹種等王牌投手創造黃金時期，但新生代尚未出現媲美、甚至超越這些強投的選手，這次表現更印證了2021年東京奧運時韓國隊「缺乏王牌選手」的隱憂。還有網友發文將此歸咎於「少子化」帶來的影響，認為韓國生育率大幅降低，人才也隨之減少，「我們的標準似乎也不如以往高」，「以後科學家、偶像、運動選手的角色要由誰來填補令人憂心」。文章下還有不少留言表示同意，認為這種問題未來將更嚴重。每日新聞則報導，韓國隊這次表現不佳「從賽前移地訓練就有跡可循」，指出韓國隊賽前至美國移地訓練時就因當地天候較預期寒冷大受影響，選手們的賽前交通也因美國國內班機出問題改為搭車移動，使選手狀況大受影響。 ▪ 經典賽即時新聞 ▪ 最新比分與完整賽程 ▪ 預賽分組戰績表 ▪ 經典賽專欄分析 經典賽WBC風雲                    沒有退路的一戰，中華隊贏得強勢！張育成的滿貫砲一棒帶動氣勢，第2到4局攻勢一波接一波，終場以9：5賞給荷蘭隊本屆賽會第一...                                      中華隊能不能前進東京，命運交到左投陳仕朋手中，明天將面對「紅色閃電」古巴隊先發，對手古巴則是推出樂天桃猿隊的新洋投雷法。                                      中華隊今天以9：5擊敗荷蘭隊，「敗部復活」進入中華隊的吳哲源成為扛荷英雄，總教練林岳平也稱隊上有哲源，是他的「福氣」，此...                                      賽前不被看好的中華隊，在本屆世界棒球經典賽展現出與強權抗衡的鬥志，連續兩場在火力上勝過有著大聯盟打線的義大利、荷蘭隊，去...                                      中華隊在經典賽首戰滑鐵盧後步步走回正軌，兩勝在手，握有自力前進八強複賽的機會，今天只要擊敗古巴隊，就將以Ａ組第一前進東京...                                      日本雙星今天以不同方式幫助球隊，佐佐木朗希先發3.2局，球速飆到164公里，專心打擊的大谷翔平敲出擊球初速190公里的二...                  ,UDN
272,經典賽Live／張育成滿貫砲9:5打下荷蘭取第二勝 明拚前進東京門票,2023-03-11 22:41:00,運動,,https://udn.com/news/story/10785/7025050,中華隊在世界棒球經典賽分組賽前兩場取得1勝1敗，今天晚間出戰荷蘭隊，成為背水一戰，若輸球將確定遭到淘汰，贏球則保有晉級機會，中職防禦率王黃子鵬登板搶勝，先發打線維持前一戰的勝利陣式。中華隊在首戰以5：12不敵巴拿馬、次戰以11：7擊敗義大利，今天尋求推進勝場，先發打線如同總教練林岳平所說「複製貼上」，前一場炸裂三分砲的吉力吉撈．鞏冠繼續擔任本壘指揮官，與黃子鵬投捕搭檔。荷蘭打完兩場午場都贏球，休兵1天後，再接著打兩場晚場，今天是充飽電的狀態出戰中華隊，先發投手推出旅美層級最高高階1A、荷蘭聯賽強投海格（Lars Huijer）擔綱。打線方面，包括三棒波賈茲(Xander Bogaerts)、五棒史構普(Jonathan Schoop)為現役大聯盟球員。 ▪ 經典賽即時新聞 ▪ 最新比分與完整賽程 ▪ 預賽分組戰績表 ▪ 經典賽專欄分析 經典賽WBC中華隊                    沒有退路的一戰，中華隊贏得強勢！張育成的滿貫砲一棒帶動氣勢，第2到4局攻勢一波接一波，終場以9：5賞給荷蘭隊本屆賽會第一...                                      中華隊今天以9：5擊敗荷蘭隊，「敗部復活」進入中華隊的吳哲源成為扛荷英雄，總教練林岳平也稱隊上有哲源，是他的「福氣」，此...                                      中華隊在經典賽首戰滑鐵盧後步步走回正軌，兩勝在手，握有自力前進八強複賽的機會，今天只要擊敗古巴隊，就將以Ａ組第一前進東京...                                      日本雙星今天以不同方式幫助球隊，佐佐木朗希先發3.2局，球速飆到164公里，專心打擊的大谷翔平敲出擊球初速190公里的二...                                      中華隊今天出戰荷蘭隊，打線攻勢凌厲，第4局在本壘攻防戰中硬生生少了1分，總教練林岳平上場與主審爭論，神情還算淡定，倒是看...                                      又是張育成！中華隊今天出戰荷蘭隊，1：1平手局面，張育成在第2局滿壘炸裂滿貫砲，本屆賽事第二度開轟，再度讓洲際棒球場為他...                  ,UDN
273,經典賽／重逢波賈茲收到「禁轟令」 林子偉笑笑婉拒,2023-03-11 18:19:00,運動,,https://udn.com/news/story/10785/7025074,洲際棒球場今天上演台荷之戰，林子偉與昔日紅襪隊友波賈茲（Xander Bogaerts）重逢，一碰面先提醒彼此今天不可以打全壘打，面對波賈茲的「禁轟令」，林子偉笑答不行，今天是中華隊一定要贏的比賽。林子偉大聯盟生涯5季，在紅襪留下4季出賽，時間與波賈茲完全重疊，2021年林子偉轉戰雙城隊時，也曾以對手身分碰面過，這回難得在台灣異地相見。林子偉透露兩人之間的對話，「他叫我今天不可以打全壘打，昨天才可以。」林子偉笑說，波賈茲要他輕鬆打就好，至於自己的回應，「我說沒有、沒有，我們這場一定要贏，所以你也不要打全壘打。」兩人此行還沒有機會相約吃飯，被無厘頭問到請波賈茲吃荷包蛋，林子偉笑答：「他應該不會吃吧！」 ▪ 經典賽即時新聞 ▪ 最新比分與完整賽程 ▪ 預賽分組戰績表 ▪ 經典賽專欄分析 經典賽WBC中華隊WBC風雲                    沒有退路的一戰，中華隊贏得強勢！張育成的滿貫砲一棒帶動氣勢，第2到4局攻勢一波接一波，終場以9：5賞給荷蘭隊本屆賽會第一...                                      中華隊能不能前進東京，命運交到左投陳仕朋手中，明天將面對「紅色閃電」古巴隊先發，對手古巴則是推出樂天桃猿隊的新洋投雷法。                                      中華隊今天以9：5擊敗荷蘭隊，「敗部復活」進入中華隊的吳哲源成為扛荷英雄，總教練林岳平也稱隊上有哲源，是他的「福氣」，此...                                      賽前不被看好的中華隊，在本屆世界棒球經典賽展現出與強權抗衡的鬥志，連續兩場在火力上勝過有著大聯盟打線的義大利、荷蘭隊，去...                                      中華隊在經典賽首戰滑鐵盧後步步走回正軌，兩勝在手，握有自力前進八強複賽的機會，今天只要擊敗古巴隊，就將以Ａ組第一前進東京...                                      日本雙星今天以不同方式幫助球隊，佐佐木朗希先發3.2局，球速飆到164公里，專心打擊的大谷翔平敲出擊球初速190公里的二...                  ,UDN
274,經典賽／熱身賽打不好 吳念庭正賽變身火燙男有原因,2023-03-11 18:27:00,運動,,https://udn.com/news/story/10785/7025078,旅日好手吳念庭剛加入中華隊時，在熱身賽打擊不算理想，沒想到進入經典賽卻有著8打數5安打、打擊率6成25的高檔表現，成為中華隊打線「起爆劑」，他透露，是透過看之前的影片，找回打擊節奏。吳念庭前兩場在中華隊熱身賽未敲安，不過最後三場6打數2安打有些起色，隨著世界棒球經典賽開打更進入火燙階段，8日對巴拿馬隊4打數3安打，包括一發全壘打，10日對上義大利隊則是4打數2安打，扮演稱職「魯蛋」跑回2分。談及自己打擊近況的改變，吳念庭表示，「之前節奏比較不好，後來回看自己之前的影片，重新抓到Timing（節奏）。」打第五棒，吳念庭夾在張育成、吉力吉撈・鞏冠中間，肩負保護、串連的任務，他表示：「吉力、育成都是有長打的選手，我們都知道自己要做什麼，其他人就是上壘、堆積壘包，給對方壓力。」西武隊總經理渡邊久信特別來台看經典賽、看吳念庭的表現，壓力會很大嗎？吳念庭笑說：「不會，在台灣打球壓力比較大，這麼多人在看耶，我們昨天有打過招呼，他告訴我繼續加油，我也跟他說，我們會去東京。」 ▪ 經典賽即時新聞 ▪ 最新比分與完整賽程 ▪ 預賽分組戰績表 ▪ 經典賽專欄分析 經典賽WBC中華隊                    沒有退路的一戰，中華隊贏得強勢！張育成的滿貫砲一棒帶動氣勢，第2到4局攻勢一波接一波，終場以9：5賞給荷蘭隊本屆賽會第一...                                      中華隊今天以9：5擊敗荷蘭隊，「敗部復活」進入中華隊的吳哲源成為扛荷英雄，總教練林岳平也稱隊上有哲源，是他的「福氣」，此...                                      中華隊在經典賽首戰滑鐵盧後步步走回正軌，兩勝在手，握有自力前進八強複賽的機會，今天只要擊敗古巴隊，就將以Ａ組第一前進東京...                                      日本雙星今天以不同方式幫助球隊，佐佐木朗希先發3.2局，球速飆到164公里，專心打擊的大谷翔平敲出擊球初速190公里的二...                                      中華隊今天出戰荷蘭隊，打線攻勢凌厲，第4局在本壘攻防戰中硬生生少了1分，總教練林岳平上場與主審爭論，神情還算淡定，倒是看...                                      又是張育成！中華隊今天出戰荷蘭隊，1：1平手局面，張育成在第2局滿壘炸裂滿貫砲，本屆賽事第二度開轟，再度讓洲際棒球場為他...                  ,UDN
275,經典賽／中華新二游有特色 吳念庭：他們是阿坤跟宗哲,2023-03-11 19:13:00,運動,,https://udn.com/news/story/10785/7025132,中華隊新一代二游組合成形，二壘鄭宗哲、游擊江坤宇的搭配在本屆經典賽為團隊找到穩定力量，三壘手吳念庭在球場第一排看這對內野搭檔，讓他想起西武隊友，至於要說像哪對日職搭檔，吳念庭說：「他們是阿坤跟宗哲。」吳念庭在西武隊也是全能守備，內野幾乎各個位置都能守，來到中華隊以三壘為主，近距離觀察兩人的特色，「跟坤宇一起守，感覺很像跟源田壯亮搭配，令人有安定感。」至於鄭宗哲除了同樣優異的守備外，吳念庭說：「他也很會喊聲，能夠帶動球隊的氣氛。」這對二游搭檔有讓吳念庭想到哪組日職搭檔嗎？吳念庭認為，兩人有自己的特色、潛力，「他們是阿坤跟宗哲。」這幾場在洲際球場守備，吳念庭認為，球場確實有平整度，不過一整天比賽下來，難免還是會有些不平整的地方，「只能夠集中精神，面對不規則彈跳，只能先去設想，再臨場去反應。」 ▪ 經典賽即時新聞 ▪ 最新比分與完整賽程 ▪ 預賽分組戰績表 ▪ 經典賽專欄分析 經典賽WBC中華隊                    沒有退路的一戰，中華隊贏得強勢！張育成的滿貫砲一棒帶動氣勢，第2到4局攻勢一波接一波，終場以9：5賞給荷蘭隊本屆賽會第一...                                      中華隊在經典賽首戰滑鐵盧後步步走回正軌，兩勝在手，握有自力前進八強複賽的機會，今天只要擊敗古巴隊，就將以Ａ組第一前進東京...                                      日本雙星今天以不同方式幫助球隊，佐佐木朗希先發3.2局，球速飆到164公里，專心打擊的大谷翔平敲出擊球初速190公里的二...                                      中華隊今天出戰荷蘭隊，打線攻勢凌厲，第4局在本壘攻防戰中硬生生少了1分，總教練林岳平上場與主審爭論，神情還算淡定，倒是看...                                      又是張育成！中華隊今天出戰荷蘭隊，1：1平手局面，張育成在第2局滿壘炸裂滿貫砲，本屆賽事第二度開轟，再度讓洲際棒球場為他...                                      中華隊新一代二游組合成形，二壘鄭宗哲、游擊江坤宇的搭配在本屆經典賽為團隊找到穩定力量，三壘手吳念庭在球場第一排看這對內野...                  ,UDN
276,經典賽／任務再度完成！張育成炸裂滿貫砲一棒超前荷蘭,2023-03-11 20:09:00,運動,,https://udn.com/news/story/10785/7025206,又是張育成！中華隊今天出戰荷蘭隊，1：1平手局面，張育成在第2局滿壘炸裂滿貫砲，本屆賽事第二度開轟，再度讓洲際棒球場為他沸騰，瘋狂聲量高喊「張育成！張育成！」中華隊在世界棒球經典賽面臨退無可退，今天對上荷蘭唯有贏球才有活路，推出黃子鵬先發，全力搶勝。黃子鵬、吉力吉撈．鞏冠在1局上的搭配跌跌撞撞，被敲2安打之餘，還罕見出現2球捕逸，鞏冠面臨本壘上方的界外飛球也漏接，讓球迷看了超驚心動魄，好在亂流控制在失血1分，中華隊還有後續追趕機會。1局下鞏冠在滿壘時的打席錯過將功折罪機會，打向右外野遭到接殺。中華隊第二局沒再中「滿壘計」，林立敲出安打、先追平戰局，荷蘭換投雖面對林子偉抓下出局數，張育成仍在下一打席給予重傷害，一棒炸裂滿貫砲。張育成在本屆賽會已經累積10打數敲出5安打、2轟，貢獻7分打點，在台灣球迷心中軍階直線上升。 ▪ 經典賽即時新聞 ▪ 最新比分與完整賽程 ▪ 預賽分組戰績表 ▪ 經典賽專欄分析 經典賽WBC中華隊                    沒有退路的一戰，中華隊贏得強勢！張育成的滿貫砲一棒帶動氣勢，第2到4局攻勢一波接一波，終場以9：5賞給荷蘭隊本屆賽會第一...                                      中華隊能不能前進東京，命運交到左投陳仕朋手中，明天將面對「紅色閃電」古巴隊先發，對手古巴則是推出樂天桃猿隊的新洋投雷法。                                      中華隊今天以9：5擊敗荷蘭隊，「敗部復活」進入中華隊的吳哲源成為扛荷英雄，總教練林岳平也稱隊上有哲源，是他的「福氣」，此...                                      賽前不被看好的中華隊，在本屆世界棒球經典賽展現出與強權抗衡的鬥志，連續兩場在火力上勝過有著大聯盟打線的義大利、荷蘭隊，去...                                      中華隊在經典賽首戰滑鐵盧後步步走回正軌，兩勝在手，握有自力前進八強複賽的機會，今天只要擊敗古巴隊，就將以Ａ組第一前進東京...                                      日本雙星今天以不同方式幫助球隊，佐佐木朗希先發3.2局，球速飆到164公里，專心打擊的大谷翔平敲出擊球初速190公里的二...                  ,UDN
277,經典賽／佐佐木朗希3.2局8K 311登板好投獻天上親人,2023-03-11 20:12:00,運動,,https://udn.com/news/story/10785/7025207,在格外具有意義的3月11日登板，佐佐木朗希投了3.2局、失1分，飆出8次三振，最快球速來到164公里，因為球數限制，在日本隊以3：1領先捷克隊時退場休息，將好表現獻給天上的父親及祖父母。日本隊早早宣布由佐佐木朗希扛起世界棒球經典賽第三戰先發，他也以66球投完3.2局，繳出被敲出2支安打，有8次三振，僅失1分非責失分的好成績，佐佐木朗希第一球直接投出162公里，引起現場驚呼，接下來用飛球出局、三振迅速抓到2出局，接著被敲出二壘安打後，成功讓對手敲出滾地，但游擊手中野拓夢失誤，反讓捷克先得分。佐佐木朗希第1局最快球速飆到164公里，但卻先掉分數，第2局繼續狂飆速球，連續讓兩人揮棒落空三振，下一棒投出四壞保送，再用滾地出局拿下出局數。第3局佐佐木朗希再次以三振開局，但接下來被敲出安打、投出四壞球，再次讓捷克隊攻上得點圈，但他以三振、中外野飛球連抓2個出局數，安全下庄。4局上佐佐木朗希續投，三振後卻投出觸身球，但用三振凍結壘包，也因用球數達到66球，超過經典賽單場用球數的65球限制，必須退場休息，交接的宇田川優希也用三振結束這個半局。日本隊雖然先掉分，不過3局下日本隊靠著近藤健介二壘打、村上宗隆保送，在2出局後取得攻勢，吉田正尚的二壘打加上山田哲人的安打，一口氣取得3分，將比數反超前。對於佐佐木朗希來說，3月11日是個特別的日子，2011年日本311大地震，當時才9歲的佐佐木朗希失去了父親及祖父母，之後隨著媽媽搬到岩手縣大船渡市居住；12年過去，佐佐木朗希以頂級投手之姿，在國際賽場上活躍，3月11日登板先發前，他在受訪時表示：「經過時間流逝，會漸漸忘記。棒球也是，輸掉比賽那種遺憾的心情也會漸漸忘記，但重要的是我們如何看待它。」 ▪ 經典賽即時新聞 ▪ 最新比分與完整賽程 ▪ 預賽分組戰績表 ▪ 經典賽專欄分析 經典賽WBC風雲                    沒有退路的一戰，中華隊贏得強勢！張育成的滿貫砲一棒帶動氣勢，第2到4局攻勢一波接一波，終場以9：5賞給荷蘭隊本屆賽會第一...                                      中華隊能不能前進東京，命運交到左投陳仕朋手中，明天將面對「紅色閃電」古巴隊先發，對手古巴則是推出樂天桃猿隊的新洋投雷法。                                      中華隊今天以9：5擊敗荷蘭隊，「敗部復活」進入中華隊的吳哲源成為扛荷英雄，總教練林岳平也稱隊上有哲源，是他的「福氣」，此...                                      中華隊在經典賽首戰滑鐵盧後步步走回正軌，兩勝在手，握有自力前進八強複賽的機會，今天只要擊敗古巴隊，就將以Ａ組第一前進東京...                                      日本雙星今天以不同方式幫助球隊，佐佐木朗希先發3.2局，球速飆到164公里，專心打擊的大谷翔平敲出擊球初速190公里的二...                                      中華隊今天出戰荷蘭隊，打線攻勢凌厲，第4局在本壘攻防戰中硬生生少了1分，總教練林岳平上場與主審爭論，神情還算淡定，倒是看...                  ,UDN
278,圖輯／經典賽「國防部長」張育成滿貫炮 中華領先荷蘭,2023-03-11 20:29:00,運動,,https://udn.com/news/story/10785/7025229,在球迷眼中從逃兵升格為「國防部長」的中華隊當家第四棒張育成太神了，中華隊在0比1落後荷蘭的情況下，來到二局下半，荷蘭投手控球不穩，形成滿壘的局面，輪定註定要當英雄的第四棒張育成大棒一揮，是一支飛出外野的滿貫炮，二局結束，中華隊5比1超前荷蘭。世界棒球經典賽今天在台中洲際棒球場舉行中華對決荷蘭的比賽，球迷慶祝張育成滿貫炮。記者黃仲裕／攝影 ▪ 經典賽即時新聞 ▪ 最新比分與完整賽程 ▪ 預賽分組戰績表 ▪ 經典賽專欄分析 經典賽WBC中華隊WBC風雲                    沒有退路的一戰，中華隊贏得強勢！張育成的滿貫砲一棒帶動氣勢，第2到4局攻勢一波接一波，終場以9：5賞給荷蘭隊本屆賽會第一...                                      中華隊能不能前進東京，命運交到左投陳仕朋手中，明天將面對「紅色閃電」古巴隊先發，對手古巴則是推出樂天桃猿隊的新洋投雷法。                                      中華隊今天以9：5擊敗荷蘭隊，「敗部復活」進入中華隊的吳哲源成為扛荷英雄，總教練林岳平也稱隊上有哲源，是他的「福氣」，此...                                      賽前不被看好的中華隊，在本屆世界棒球經典賽展現出與強權抗衡的鬥志，連續兩場在火力上勝過有著大聯盟打線的義大利、荷蘭隊，去...                                      中華隊在經典賽首戰滑鐵盧後步步走回正軌，兩勝在手，握有自力前進八強複賽的機會，今天只要擊敗古巴隊，就將以Ａ組第一前進東京...                                      日本雙星今天以不同方式幫助球隊，佐佐木朗希先發3.2局，球速飆到164公里，專心打擊的大谷翔平敲出擊球初速190公里的二...                  ,UDN
279,圖輯／經典賽球迷創意應援 「鄭成功」今晚加持中華抗荷,2023-03-11 20:35:00,運動,,https://udn.com/news/story/10785/7025231,世界棒球經典賽中華隊今晚在台中洲際棒球場遭遇分組第一的強敵荷蘭，球迷繼昨天大吃披薩應援後，今天也發揮十足創意，有不少球迷高舉鄭成功肖像，甚至穿著印製鄭成功圖案的衣服，為中華隊集氣，希望能將好運帶進球場，一舉拿下好成績。世界棒球經典賽今天在台中洲際棒球場舉行中華對決荷蘭的比賽，球迷高舉鄭成功標語。記者黃仲裕／攝影世界棒球經典賽今天在台中洲際棒球場舉行中華對決荷蘭的比賽，球迷高舉鄭成功標語。記者黃仲裕／攝影世界棒球經典賽今天在台中洲際棒球場舉行中華對決荷蘭的比賽，球迷高舉鄭成功標語。記者黃仲裕／攝影世界棒球經典賽今天在台中洲際棒球場舉行中華對決荷蘭的比賽，球迷高舉鄭成功標語。記者黃仲裕／攝影世界棒球經典賽今天在台中洲際棒球場舉行中華對決荷蘭的比賽，球迷高舉鄭成功標語。記者黃仲裕／攝影世界棒球經典賽今天在台中洲際棒球場舉行中華對決荷蘭的比賽，球迷高舉鄭成功標語。記者黃仲裕／攝影世界棒球經典賽今天在台中洲際棒球場舉行中華對決荷蘭的比賽，球迷高舉鄭成功標語。記者黃仲裕／攝影世界棒球經典賽今天在台中洲際棒球場舉行中華對決荷蘭的比賽，球迷高舉鄭成功標語。記者黃仲裕／攝影世界棒球經典賽今天在台中洲際棒球場舉行中華對決荷蘭的比賽，球迷高舉鄭成功標語。記者黃仲裕／攝影世界棒球經典賽今天在台中洲際棒球場舉行中華對決荷蘭的比賽，球迷高舉鄭成功標語。記者黃仲裕／攝影 ▪ 經典賽即時新聞 ▪ 最新比分與完整賽程 ▪ 預賽分組戰績表 ▪ 經典賽專欄分析 經典賽WBC中華隊                    沒有退路的一戰，中華隊贏得強勢！張育成的滿貫砲一棒帶動氣勢，第2到4局攻勢一波接一波，終場以9：5賞給荷蘭隊本屆賽會第一...                                      中華隊能不能前進東京，命運交到左投陳仕朋手中，明天將面對「紅色閃電」古巴隊先發，對手古巴則是推出樂天桃猿隊的新洋投雷法。                                      中華隊今天以9：5擊敗荷蘭隊，「敗部復活」進入中華隊的吳哲源成為扛荷英雄，總教練林岳平也稱隊上有哲源，是他的「福氣」，此...                                      賽前不被看好的中華隊，在本屆世界棒球經典賽展現出與強權抗衡的鬥志，連續兩場在火力上勝過有著大聯盟打線的義大利、荷蘭隊，去...                                      中華隊在經典賽首戰滑鐵盧後步步走回正軌，兩勝在手，握有自力前進八強複賽的機會，今天只要擊敗古巴隊，就將以Ａ組第一前進東京...                                      日本雙星今天以不同方式幫助球隊，佐佐木朗希先發3.2局，球速飆到164公里，專心打擊的大谷翔平敲出擊球初速190公里的二...                  ,UDN
280,經典賽／世界的大谷吃癟 被電子技師三球三振,2023-03-11 20:45:00,運動,,https://udn.com/news/story/10785/7025243,國內棒球不風行的捷克隊今天對上棒球強權日本隊，先發投手薩多利亞（Ondrej Satoria）卻能展現壓制力，投3局只掉3分，更值得驕傲的是兩度解決世界知名的好手大谷翔平，包括一次三球三振。捷克隊首次打進世界棒球經典賽會內賽，陣中球員多半另有工作，棒球是他們的「斜槓」人生一部分，薩多利亞的本業其實是電子工程技師。薩多利亞今天最快球速只有127公里，卻能在開賽就接連三振日裔好手努特巴爾（Lars Nootbaar）、近藤健介，再讓大谷翔平敲出滾地球出局；2局下他則是三振掉日職三冠王村上宗隆，後來雖被攻占滿壘，但仍力保不失。3局下1出局二壘有人時，薩多利亞再次面對大谷翔平，用三顆球的「低消」就讓他三振出局，但接下來保送村上宗隆後，又被吉田正尚和山田哲人連續擊出安打，單局丟掉3分，日本隊才得以3：1超前。捷克這支隊伍只有內野手索加德（Eric Sogard）有大聯盟經驗，其他成員多由小聯盟球員、大學球員及捷克棒球聯賽的球員所組成，不打國際賽時，多半都有其他正職工作，包括高中地理老師、銷售員、消防員到會計、審計師都有，甚至總教練帕維爾（Pavel Chadim）也是一名神經科醫師。 ▪ 經典賽即時新聞 ▪ 最新比分與完整賽程 ▪ 預賽分組戰績表 ▪ 經典賽專欄分析 經典賽WBC風雲                    沒有退路的一戰，中華隊贏得強勢！張育成的滿貫砲一棒帶動氣勢，第2到4局攻勢一波接一波，終場以9：5賞給荷蘭隊本屆賽會第一...                                      中華隊能不能前進東京，命運交到左投陳仕朋手中，明天將面對「紅色閃電」古巴隊先發，對手古巴則是推出樂天桃猿隊的新洋投雷法。                                      中華隊今天以9：5擊敗荷蘭隊，「敗部復活」進入中華隊的吳哲源成為扛荷英雄，總教練林岳平也稱隊上有哲源，是他的「福氣」，此...                                      賽前不被看好的中華隊，在本屆世界棒球經典賽展現出與強權抗衡的鬥志，連續兩場在火力上勝過有著大聯盟打線的義大利、荷蘭隊，去...                                      中華隊在經典賽首戰滑鐵盧後步步走回正軌，兩勝在手，握有自力前進八強複賽的機會，今天只要擊敗古巴隊，就將以Ａ組第一前進東京...                                      日本雙星今天以不同方式幫助球隊，佐佐木朗希先發3.2局，球速飆到164公里，專心打擊的大谷翔平敲出擊球初速190公里的二...                  ,UDN
281,經典賽／本壘攻防「吃」掉1分 餅總淡定、球迷幫比割喉手勢,2023-03-11 21:21:00,運動,,https://udn.com/news/story/10785/7025269,中華隊今天出戰荷蘭隊，打線攻勢凌厲，第4局在本壘攻防戰中硬生生少了1分，總教練林岳平上場與主審爭論，神情還算淡定，倒是看台上的球迷先激動幫他比出經典割喉手勢，成為場邊另類看點。中華隊此役為背水一戰，贏球續命、輸球確定遭到淘汰，雖讓荷蘭開局就先有分數進帳，但中華隊攻勢一波接一波。第2局靠張育成滿貫砲一棒超前，第3局江坤宇在滿壘時先以高飛犧牲打建功，鄭宗哲偷點出內野安打，再添1分打點。第4局一出局、一壘有吳念庭，吉力吉撈．鞏冠敲出左外野方向二壘打，吳念庭連繞三個壘包，卻在本壘攻防戰中被判出局，中華隊提出挑戰未能獲得改判，然重播畫面顯示吳念庭有機會先一步觸壘，荷蘭捕手川普（Chadwick Tromp）也在還未持球狀態下就擋住跑壘路徑。林岳平帶著翻譯上前與主審爭論判決，看台上的球迷也跟著氣噗噗，比出割喉手勢，成為場邊逗趣風景。 ▪ 經典賽即時新聞 ▪ 最新比分與完整賽程 ▪ 預賽分組戰績表 ▪ 經典賽專欄分析 經典賽WBC中華隊                    沒有退路的一戰，中華隊贏得強勢！張育成的滿貫砲一棒帶動氣勢，第2到4局攻勢一波接一波，終場以9：5賞給荷蘭隊本屆賽會第一...                                      中華隊能不能前進東京，命運交到左投陳仕朋手中，明天將面對「紅色閃電」古巴隊先發，對手古巴則是推出樂天桃猿隊的新洋投雷法。                                      中華隊今天以9：5擊敗荷蘭隊，「敗部復活」進入中華隊的吳哲源成為扛荷英雄，總教練林岳平也稱隊上有哲源，是他的「福氣」，此...                                      中華隊在經典賽首戰滑鐵盧後步步走回正軌，兩勝在手，握有自力前進八強複賽的機會，今天只要擊敗古巴隊，就將以Ａ組第一前進東京...                                      日本雙星今天以不同方式幫助球隊，佐佐木朗希先發3.2局，球速飆到164公里，專心打擊的大谷翔平敲出擊球初速190公里的二...                                      中華隊今天出戰荷蘭隊，打線攻勢凌厲，第4局在本壘攻防戰中硬生生少了1分，總教練林岳平上場與主審爭論，神情還算淡定，倒是看...                  ,UDN
282,經典賽／王者日本！3連勝晉八強 佐佐木朗希311奪勝投,2023-03-11 21:49:00,運動,,https://udn.com/news/story/10785/7025286,日本雙星今天以不同方式幫助球隊，佐佐木朗希先發3.2局，球速飆到164公里，專心打擊的大谷翔平敲出擊球初速190公里的二壘打，日本隊就以10：2擊敗捷克隊，三連勝的王者之姿，率先取得經典賽第一張八強門票。2011年日本311大地震，當時9歲的佐佐木朗希失去了父親及祖父母，12年過去，佐佐木朗希以頂級投手之姿在國際賽場上活躍，在今天、3月11日登板先發，故鄉岩手縣組織應援團，透過電視為他加油。佐佐木朗希第一球直接投出162公里，引起現場驚呼，全場最快來到164公里，投到3.2局，因66球超出用球數限制強制退場，單場8次三振是本屆賽會至今為止最多，被敲2支安打，另有3次四死球，僅失1分非責失。日本隊雖然先掉分，不過3局下日本隊靠著近藤健介二壘打、村上宗隆保送，在2出局後取得攻勢，吉田正尚的二壘打加上山田哲人的安打，一口氣取得3分，將比數反超前。前兩打席滾地球出局、三球三振的大谷翔平，在4局下終於有表現，日本隊先靠努特巴爾（Lars Nootbaar）、近藤健介接連安打攻下2分，大谷翔平再敲出二壘打串連攻勢，打下1分打點，擊球初速來到190公里，並施展快腿盜上三壘，也讓吉田正尚的高飛犧牲打再添1分。捷克雖然在5局上又攻下1分，不過日本隊在5局下攻下1分、8局下攻下2分，其中包括牧秀悟在8局代打大谷翔平、敲出陽春砲的攻勢。大谷翔平總計3打數1安打，另有1分打點、1分得分，打擊成績最亮眼是吉田正尚2打數敲出2安打，有3分打點，另有1次觸身球上壘。https://www.youtube.com/watch?v=-EUCnUUT3YY ▪ 經典賽即時新聞 ▪ 最新比分與完整賽程 ▪ 預賽分組戰績表 ▪ 經典賽專欄分析 經典賽WBC風雲                    沒有退路的一戰，中華隊贏得強勢！張育成的滿貫砲一棒帶動氣勢，第2到4局攻勢一波接一波，終場以9：5賞給荷蘭隊本屆賽會第一...                                      中華隊今天以9：5擊敗荷蘭隊，「敗部復活」進入中華隊的吳哲源成為扛荷英雄，總教練林岳平也稱隊上有哲源，是他的「福氣」，此...                                      中華隊在經典賽首戰滑鐵盧後步步走回正軌，兩勝在手，握有自力前進八強複賽的機會，今天只要擊敗古巴隊，就將以Ａ組第一前進東京...                                      日本雙星今天以不同方式幫助球隊，佐佐木朗希先發3.2局，球速飆到164公里，專心打擊的大谷翔平敲出擊球初速190公里的二...                                      中華隊今天出戰荷蘭隊，打線攻勢凌厲，第4局在本壘攻防戰中硬生生少了1分，總教練林岳平上場與主審爭論，神情還算淡定，倒是看...                                      又是張育成！中華隊今天出戰荷蘭隊，1：1平手局面，張育成在第2局滿壘炸裂滿貫砲，本屆賽事第二度開轟，再度讓洲際棒球場為他...                  ,UDN
283,經典賽／日本隊不動第四棒村上宗隆 連3戰15打席槓龜後終於首安,2023-03-11 22:05:00,運動,,https://udn.com/news/story/10785/7025305,世界棒球經典賽日本隊不動的第四棒，日本職棒養樂多燕子隊出身的村上宗隆，前兩戰對中國大陸和南韓共7個都沒有安打出現，還吞下4K，兩次被四壞球保送，11日對捷克之戰，累計第15個打席時總算打出第一支安打，十分興奮。 ▪ 經典賽即時新聞 ▪ 最新比分與完整賽程 ▪ 預賽分組戰績表 ▪ 經典賽專欄分析 經典賽WBC風雲                    沒有退路的一戰，中華隊贏得強勢！張育成的滿貫砲一棒帶動氣勢，第2到4局攻勢一波接一波，終場以9：5賞給荷蘭隊本屆賽會第一...                                      中華隊能不能前進東京，命運交到左投陳仕朋手中，明天將面對「紅色閃電」古巴隊先發，對手古巴則是推出樂天桃猿隊的新洋投雷法。                                      中華隊今天以9：5擊敗荷蘭隊，「敗部復活」進入中華隊的吳哲源成為扛荷英雄，總教練林岳平也稱隊上有哲源，是他的「福氣」，此...                                      賽前不被看好的中華隊，在本屆世界棒球經典賽展現出與強權抗衡的鬥志，連續兩場在火力上勝過有著大聯盟打線的義大利、荷蘭隊，去...                                      中華隊在經典賽首戰滑鐵盧後步步走回正軌，兩勝在手，握有自力前進八強複賽的機會，今天只要擊敗古巴隊，就將以Ａ組第一前進東京...                                      日本雙星今天以不同方式幫助球隊，佐佐木朗希先發3.2局，球速飆到164公里，專心打擊的大谷翔平敲出擊球初速190公里的二...                  ,UDN
284,經典賽／他才21歲就拿下勝投隊史最年輕 送出8K飆164公里火球,2023-03-11 22:26:00,運動,,https://udn.com/news/story/10785/7025335,世界棒球經典賽11日B組預賽，日本以10:2擊敗捷克，取得預賽三連勝，其中勝利投手佐佐木朗希只有21歲，創下經典賽日本隊史最年輕的勝投紀錄，還投出時速164公里的火球。佐佐木現年21歲4個月大，2009年經典賽對中國獲勝的達比修有，當時22歲6個月。佐佐木單場投出8次三振，僅次於2013年WBC日本對荷蘭時的主投前田健太的9次；2006年四強賽對南韓的上原浩治也是9K，2009年第二輪對古巴的松坂大輔也投出9K，三人並列隊史第一。 ▪ 經典賽即時新聞 ▪ 最新比分與完整賽程 ▪ 預賽分組戰績表 ▪ 經典賽專欄分析 經典賽WBC風雲                    沒有退路的一戰，中華隊贏得強勢！張育成的滿貫砲一棒帶動氣勢，第2到4局攻勢一波接一波，終場以9：5賞給荷蘭隊本屆賽會第一...                                      中華隊今天以9：5擊敗荷蘭隊，「敗部復活」進入中華隊的吳哲源成為扛荷英雄，總教練林岳平也稱隊上有哲源，是他的「福氣」，此...                                      中華隊在經典賽首戰滑鐵盧後步步走回正軌，兩勝在手，握有自力前進八強複賽的機會，今天只要擊敗古巴隊，就將以Ａ組第一前進東京...                                      日本雙星今天以不同方式幫助球隊，佐佐木朗希先發3.2局，球速飆到164公里，專心打擊的大谷翔平敲出擊球初速190公里的二...                                      中華隊今天出戰荷蘭隊，打線攻勢凌厲，第4局在本壘攻防戰中硬生生少了1分，總教練林岳平上場與主審爭論，神情還算淡定，倒是看...                                      又是張育成！中華隊今天出戰荷蘭隊，1：1平手局面，張育成在第2局滿壘炸裂滿貫砲，本屆賽事第二度開轟，再度讓洲際棒球場為他...                  ,UDN
285,經典賽／吳哲源好投、張育成滿貫 中華隊9：5抗荷續命,2023-03-11 22:44:00,運動,,https://udn.com/news/story/10785/7025355,2023世界棒球經典賽中華隊與荷蘭之戰，中華隊以9：5擊敗荷蘭隊，賽後球員在場中相擁慶祝。記者余承翰／攝影沒有退路的一戰，中華隊贏得強勢！張育成的滿貫砲一棒帶動氣勢，第2到4局攻勢一波接一波，終場以9：5賞給荷蘭隊本屆賽會第一敗，中華隊在世界棒球經典賽A組握有2勝1敗，保有明天擊敗古巴就能自力晉級8強的機會。中華隊由黃子鵬先發，與捕手吉力吉撈．鞏冠的搭配在1局上跌跌撞撞，被敲2安打之餘，還罕見出現2球捕逸，鞏冠面對本壘上方的界外飛球也漏接，讓球迷看了驚心動魄，好在並未讓亂流釀成大局，黃子鵬此役先發2.2局失2分。中華隊在1到3局都出現滿壘的機會，首局鞏冠錯過將功折罪機會，打向右外野遭到接殺。中華隊第2局沒再中「滿壘計」，林立敲出安打、先追平戰局，荷蘭換投雖面對林子偉抓下出局數，張育成仍在下一打席給予重傷害，一棒炸裂滿貫砲。中華隊打線持續攻城掠地，第3局江坤宇在滿壘時先以高飛犧牲打建功，鄭宗哲偷點出內野安打，再添1分打點，第4局雖在本壘攻防的不利判決下少拿1分，陳傑憲的三壘打、帶有1分打點，持續重擊荷蘭。荷蘭雖在比賽後段搶攻，第8局以2保送、2安打追回2分，第9局出現陽春砲，但中華隊也在8局下江坤宇二壘打、林立一壘打串聯追加分數，不讓荷蘭燃起反撲氣燄。黃子鵬投不滿3局退場，吳哲源接手封鎖荷蘭打線，中繼4.1局共用60球，僅被敲出1安打、無失分，表現近乎完美，也是此役的勝利投手，跟進前一戰呂彥青的腳步，都以中繼好投為中華隊搶勝。中華隊敲出11支安打，除了張育成貢獻滿貫砲外，林立也有3安打、2分打點，目前3戰敲出7安、打擊率5成都是陣中第一。2023世界棒球經典賽中華隊與荷蘭之戰，中華隊張育成2局下敲出滿貫全壘打。記者余承翰／攝影2023世界棒球經典賽中華隊與荷蘭之戰，中華隊吳哲源（左）好投，張育成（右）給予肯定。記者余承翰／攝影2023世界棒球經典賽中華隊與荷蘭之戰，中華隊張育成（中）2局下敲出滿貫全壘打。記者余承翰／攝影 ▪ 經典賽即時新聞 ▪ 最新比分與完整賽程 ▪ 預賽分組戰績表 ▪ 經典賽專欄分析 經典賽WBC中華隊WBC風雲黃子鵬林立張育成陳傑憲林子偉呂彥青鄭宗哲                    沒有退路的一戰，中華隊贏得強勢！張育成的滿貫砲一棒帶動氣勢，第2到4局攻勢一波接一波，終場以9：5賞給荷蘭隊本屆賽會第一...                                      中華隊能不能前進東京，命運交到左投陳仕朋手中，明天將面對「紅色閃電」古巴隊先發，對手古巴則是推出樂天桃猿隊的新洋投雷法。                                      中華隊今天以9：5擊敗荷蘭隊，「敗部復活」進入中華隊的吳哲源成為扛荷英雄，總教練林岳平也稱隊上有哲源，是他的「福氣」，此...                                      賽前不被看好的中華隊，在本屆世界棒球經典賽展現出與強權抗衡的鬥志，連續兩場在火力上勝過有著大聯盟打線的義大利、荷蘭隊，去...                                      中華隊在經典賽首戰滑鐵盧後步步走回正軌，兩勝在手，握有自力前進八強複賽的機會，今天只要擊敗古巴隊，就將以Ａ組第一前進東京...                                      日本雙星今天以不同方式幫助球隊，佐佐木朗希先發3.2局，球速飆到164公里，專心打擊的大谷翔平敲出擊球初速190公里的二...                  ,UDN
286,經典賽／吃掉荷蘭扭轉劣勢 中華隊想晉級仍要贏古巴,2023-03-11 23:01:00,運動,,https://udn.com/news/story/10785/7025380,中華隊在經典賽首戰滑鐵盧後步步走回正軌，兩勝在手，握有自力前進八強複賽的機會，12日只要擊敗古巴隊，就將以Ａ組第一前進東京；但若不幸輸球，就算義大利隊「幫忙」打敗荷蘭隊，晉級希望依然渺茫。12日中午十二點中華隊與古巴之戰，晚間七點由荷蘭與義大利過招，中華隊的第一條晉級路線為自己贏球，就將確定以三勝一敗、分組第一晉級，在八強單淘汰賽碰上Ｂ組第二。若中華隊不幸輸給古巴，就必須寄望晚場義大利打敗荷蘭，將形成五隊都是二勝二敗的大亂鬥，需比較所有場次的失分率決定晉級球隊，然而只要牽扯到巴拿馬、比較失分率，對中華隊就相當不利，因為該役被爆打了十二分輸球，目前失分率遠高於其他四隊。中華隊看似有兩條晉級路線，但其實第二條路如同死巷，只剩數學機率尚未歸零，中華隊擊敗古巴形同唯一活路。世界棒球經典賽，中華隊張育成昨天對荷蘭隊在二局下敲出滿貫全壘打，啦啦隊與球迷紛紛比出他的招牌敬禮手勢，向他致敬。記者余承翰／攝影2023世界棒球經典賽中華隊與荷蘭之戰，中華隊以9：5擊敗荷蘭隊，賽後球員在場中相擁慶祝。記者余承翰／攝影 ▪ 經典賽即時新聞 ▪ 最新比分與完整賽程 ▪ 預賽分組戰績表 ▪ 經典賽專欄分析 經典賽WBC中華隊WBC風雲                    沒有退路的一戰，中華隊贏得強勢！張育成的滿貫砲一棒帶動氣勢，第2到4局攻勢一波接一波，終場以9：5賞給荷蘭隊本屆賽會第一...                                      中華隊在經典賽首戰滑鐵盧後步步走回正軌，兩勝在手，握有自力前進八強複賽的機會，今天只要擊敗古巴隊，就將以Ａ組第一前進東京...                                      日本雙星今天以不同方式幫助球隊，佐佐木朗希先發3.2局，球速飆到164公里，專心打擊的大谷翔平敲出擊球初速190公里的二...                                      中華隊今天出戰荷蘭隊，打線攻勢凌厲，第4局在本壘攻防戰中硬生生少了1分，總教練林岳平上場與主審爭論，神情還算淡定，倒是看...                                      又是張育成！中華隊今天出戰荷蘭隊，1：1平手局面，張育成在第2局滿壘炸裂滿貫砲，本屆賽事第二度開轟，再度讓洲際棒球場為他...                                      中華隊新一代二游組合成形，二壘鄭宗哲、游擊江坤宇的搭配在本屆經典賽為團隊找到穩定力量，三壘手吳念庭在球場第一排看這對內野...                  ,UDN
287,圖輯／經典賽張育成驚天滿貫炮 中華9比5擊敗強敵荷蘭,2023-03-11 23:04:00,運動,,https://udn.com/news/story/10785/7025393,世界棒球經典賽今天在台中洲際棒球場舉行中華對決荷蘭的比賽，在當家第四棒張育成滿貫炮，中繼投手吳哲源用六十球撐了四又三分之一局，以及守護神宋家豪封鎖荷蘭打線，終場中華隊就以9比5擊數荷蘭。中華隊第四棒張育成滿貫炮，為重要勝利關鍵。記者黃仲裕／攝影張育成滿貫炮，滿場球迷向張育成敬禮。記者黃仲裕／攝影中華守護神宋家豪成功守住勝利。記者黃仲裕／攝影 ▪ 經典賽即時新聞 ▪ 最新比分與完整賽程 ▪ 預賽分組戰績表 ▪ 經典賽專欄分析 經典賽WBC中華隊WBC風雲                    沒有退路的一戰，中華隊贏得強勢！張育成的滿貫砲一棒帶動氣勢，第2到4局攻勢一波接一波，終場以9：5賞給荷蘭隊本屆賽會第一...                                      中華隊能不能前進東京，命運交到左投陳仕朋手中，明天將面對「紅色閃電」古巴隊先發，對手古巴則是推出樂天桃猿隊的新洋投雷法。                                      中華隊今天以9：5擊敗荷蘭隊，「敗部復活」進入中華隊的吳哲源成為扛荷英雄，總教練林岳平也稱隊上有哲源，是他的「福氣」，此...                                      賽前不被看好的中華隊，在本屆世界棒球經典賽展現出與強權抗衡的鬥志，連續兩場在火力上勝過有著大聯盟打線的義大利、荷蘭隊，去...                                      中華隊在經典賽首戰滑鐵盧後步步走回正軌，兩勝在手，握有自力前進八強複賽的機會，今天只要擊敗古巴隊，就將以Ａ組第一前進東京...                                      日本雙星今天以不同方式幫助球隊，佐佐木朗希先發3.2局，球速飆到164公里，專心打擊的大谷翔平敲出擊球初速190公里的二...                  ,UDN
288,圖輯／經典賽張育成滿貫砲點燃打線 中華隊9：5勝荷蘭,2023-03-11 23:13:00,運動,,https://udn.com/news/story/10785/7025426,2023世界棒球經典賽中華隊與荷蘭之戰，中華隊靠著張育成2局下敲出滿貫全壘打帶動氣勢，加上吳哲源中繼4.1局，僅被擊出1安打、4次三振，無失分，完全封鎖荷蘭打線，終場中華隊以9：5擊敗荷蘭，中華隊在分組預賽取得2勝1敗成績，明天與古巴之戰將力拼晉級。2023世界棒球經典賽中華隊與荷蘭之戰，中華隊以9：5擊敗荷蘭隊，賽後球員在場中相擁慶祝。記者余承翰／攝影2023世界棒球經典賽中華隊與荷蘭之戰，中華隊吳哲源中繼4.1局，僅被擊出1安打、4次三振，無失分。記者余承翰／攝影2023世界棒球經典賽中華隊與荷蘭之戰，中華隊張育成（中）2局下敲出滿貫全壘打。記者余承翰／攝影2023世界棒球經典賽中華隊與荷蘭之戰，中華隊以9：5擊敗荷蘭隊，賽後教練團與球員鞠躬向球迷致意。記者余承翰／攝影2023世界棒球經典賽中華隊與荷蘭之戰，中華隊張育成2局下敲出滿貫全壘打。記者余承翰／攝影 ▪ 經典賽即時新聞 ▪ 最新比分與完整賽程 ▪ 預賽分組戰績表 ▪ 經典賽專欄分析 經典賽WBC中華隊                    沒有退路的一戰，中華隊贏得強勢！張育成的滿貫砲一棒帶動氣勢，第2到4局攻勢一波接一波，終場以9：5賞給荷蘭隊本屆賽會第一...                                      中華隊能不能前進東京，命運交到左投陳仕朋手中，明天將面對「紅色閃電」古巴隊先發，對手古巴則是推出樂天桃猿隊的新洋投雷法。                                      中華隊今天以9：5擊敗荷蘭隊，「敗部復活」進入中華隊的吳哲源成為扛荷英雄，總教練林岳平也稱隊上有哲源，是他的「福氣」，此...                                      賽前不被看好的中華隊，在本屆世界棒球經典賽展現出與強權抗衡的鬥志，連續兩場在火力上勝過有著大聯盟打線的義大利、荷蘭隊，去...                                      中華隊在經典賽首戰滑鐵盧後步步走回正軌，兩勝在手，握有自力前進八強複賽的機會，今天只要擊敗古巴隊，就將以Ａ組第一前進東京...                                      日本雙星今天以不同方式幫助球隊，佐佐木朗希先發3.2局，球速飆到164公里，專心打擊的大谷翔平敲出擊球初速190公里的二...                  ,UDN
289,經典運彩／對尼加拉瓜正常發揮非難事 推薦波多黎各讓分過盤,2023-03-11 23:24:00,運動,,https://udn.com/news/story/10785/7025438,【文／運彩貓小亨利】比賽時間: 3/12 01:00尼加拉瓜派出Carlos Rodriguez先發，波多黎各派出Marcus Stroman，兩位先發去年自責分率都在3.5左右，只是Rodriguez層級只有1A，而Stroman則是在大聯盟。國際盤D組冠軍賠率波多黎各6.50，而尼加拉瓜高達126，尼加拉瓜陣中只有JonathanLoaisiga和Erasmo Ramirez兩位投手是大聯盟層級的選手，而波多黎各光打者就有十位大聯盟層級的，兩隊光打擊的差距就相當明顯，波多黎各陣中不波多黎各要晉級最大對手就是委內瑞拉，而面對以色列、尼加拉瓜絕對得穩穩拿下，目前國際盤開出波多黎各讓4+15，不至於讓的太硬，正常發揮過盤並非難事，推薦波多黎各讓分過盤。國際盤推薦：波多黎各讓4+15 ▪ 經典賽即時新聞 ▪ 最新比分與完整賽程 ▪ 預賽分組戰績表 ▪ 經典賽專欄分析 經典賽WBC運彩                    沒有退路的一戰，中華隊贏得強勢！張育成的滿貫砲一棒帶動氣勢，第2到4局攻勢一波接一波，終場以9：5賞給荷蘭隊本屆賽會第一...                                      中華隊能不能前進東京，命運交到左投陳仕朋手中，明天將面對「紅色閃電」古巴隊先發，對手古巴則是推出樂天桃猿隊的新洋投雷法。                                      中華隊今天以9：5擊敗荷蘭隊，「敗部復活」進入中華隊的吳哲源成為扛荷英雄，總教練林岳平也稱隊上有哲源，是他的「福氣」，此...                                      賽前不被看好的中華隊，在本屆世界棒球經典賽展現出與強權抗衡的鬥志，連續兩場在火力上勝過有著大聯盟打線的義大利、荷蘭隊，去...                                      中華隊在經典賽首戰滑鐵盧後步步走回正軌，兩勝在手，握有自力前進八強複賽的機會，今天只要擊敗古巴隊，就將以Ａ組第一前進東京...                                      日本雙星今天以不同方式幫助球隊，佐佐木朗希先發3.2局，球速飆到164公里，專心打擊的大谷翔平敲出擊球初速190公里的二...                  ,UDN
290,經典運彩／多明尼加、委內瑞拉兩隊先發水準夠 推薦上半場小分過盤,2023-03-11 23:33:00,運動,,https://udn.com/news/story/10785/7025461,【文／運彩貓小亨利】比賽時間: 3/12 08:00委內瑞拉派出Martin Perez先發，2022賽季在遊騎兵繳出12勝8敗自責分率2.89的成績。多明尼加則派出Sandy Alcantara先發，2022年獲得國聯賽揚獎的殊榮，成績14勝9敗自責分率2.28。打線部分兩隊幾乎完全是大聯盟選手，且幾乎都是明星等級，投手部分委內瑞拉有六位小聯盟體系，多明尼加只有一位，兩位先發水準都非常夠，加上又首場比賽，前半段應該很難拿分，推薦上半場小分過盤，副推全場小分過盤國際盤推薦：上半場小分、全場小分 ▪ 經典賽即時新聞 ▪ 最新比分與完整賽程 ▪ 預賽分組戰績表 ▪ 經典賽專欄分析 經典賽WBC運彩                    沒有退路的一戰，中華隊贏得強勢！張育成的滿貫砲一棒帶動氣勢，第2到4局攻勢一波接一波，終場以9：5賞給荷蘭隊本屆賽會第一...                                      中華隊能不能前進東京，命運交到左投陳仕朋手中，明天將面對「紅色閃電」古巴隊先發，對手古巴則是推出樂天桃猿隊的新洋投雷法。                                      中華隊今天以9：5擊敗荷蘭隊，「敗部復活」進入中華隊的吳哲源成為扛荷英雄，總教練林岳平也稱隊上有哲源，是他的「福氣」，此...                                      賽前不被看好的中華隊，在本屆世界棒球經典賽展現出與強權抗衡的鬥志，連續兩場在火力上勝過有著大聯盟打線的義大利、荷蘭隊，去...                                      中華隊在經典賽首戰滑鐵盧後步步走回正軌，兩勝在手，握有自力前進八強複賽的機會，今天只要擊敗古巴隊，就將以Ａ組第一前進東京...                                      日本雙星今天以不同方式幫助球隊，佐佐木朗希先發3.2局，球速飆到164公里，專心打擊的大谷翔平敲出擊球初速190公里的二...                  ,UDN
291,經典運彩／哥倫比亞仍先攻力拚咬住比分 對墨西哥推受讓過關,2023-03-11 23:50:00,運動,,https://udn.com/news/story/10785/7025494,【文／運彩貓堯舜魚湯】比賽時間: 3/12 03:30世界棒球經典賽C組預賽即將在美國鳳凰城大通銀行球場開打，由哥倫比亞與墨西哥揭開序幕，兩隊在上屆處於不同分組，但皆在首輪就出局，這次捲土重來，並被分到同組，從未對戰過的兩隊，令人好奇會上演甚麼樣的戲碼。本場賽事由哥倫比亞先攻，墨西哥後攻，兩隊皆派出大聯盟等級的先發投手，哥倫比亞由Nabil Crismatt上陣，去年在教士隊繳出5勝2敗ERA 2.94的成績，多是擔任中繼角色；墨西哥則是派出Julio Urias，目前已是道奇隊王牌投手，去年有著17勝7敗ERA 2.16的成績，表現十分穩定出色。兩隊陣容皆由美職體系球員為主體，只是墨西哥的大聯盟球員比哥倫比亞還要多，且墨西哥的世界排名第5也比哥倫比亞第11還要前面，盤口上墨西哥也讓到3+45的深度，但哥倫比亞仍有一定的戰力，加上處於先攻，有機會力拼咬住比分。國際盤推薦：哥倫比亞 3+45 受讓 ▪ 經典賽即時新聞 ▪ 最新比分與完整賽程 ▪ 預賽分組戰績表 ▪ 經典賽專欄分析 經典賽WBC運彩                    沒有退路的一戰，中華隊贏得強勢！張育成的滿貫砲一棒帶動氣勢，第2到4局攻勢一波接一波，終場以9：5賞給荷蘭隊本屆賽會第一...                                      中華隊能不能前進東京，命運交到左投陳仕朋手中，明天將面對「紅色閃電」古巴隊先發，對手古巴則是推出樂天桃猿隊的新洋投雷法。                                      中華隊今天以9：5擊敗荷蘭隊，「敗部復活」進入中華隊的吳哲源成為扛荷英雄，總教練林岳平也稱隊上有哲源，是他的「福氣」，此...                                      賽前不被看好的中華隊，在本屆世界棒球經典賽展現出與強權抗衡的鬥志，連續兩場在火力上勝過有著大聯盟打線的義大利、荷蘭隊，去...                                      中華隊在經典賽首戰滑鐵盧後步步走回正軌，兩勝在手，握有自力前進八強複賽的機會，今天只要擊敗古巴隊，就將以Ａ組第一前進東京...                                      日本雙星今天以不同方式幫助球隊，佐佐木朗希先發3.2局，球速飆到164公里，專心打擊的大谷翔平敲出擊球初速190公里的二...                  ,UDN
292,經典賽／吳哲源敗部復活返中華隊成關鍵 餅總稱「我的福氣」,2023-03-11 23:40:00,運動,,https://udn.com/news/story/10785/7025496,中華隊今天以9：5擊敗荷蘭隊，「敗部復活」進入中華隊的吳哲源成為扛荷英雄，總教練林岳平也稱隊上有哲源，是他的「福氣」，此役吳哲源用表現為自己證明了一切。吳哲源投進經典賽中華隊一波多折，原本一度在36取30的階段被「刷」掉，已經歸建兄弟春訓，然因曾仁和守備時閃到腰，重新召回吳哲源，最終也因曾仁和傷勢恢復不及確定換人，中華隊陣前換將，換到一位關鍵戰力。吳哲源此役在第3局、一三壘有人時接手投球，2球化解危機，接下來開始封鎖荷蘭打線，以60球完成4.1局僅被敲1安打、無失分好投。林岳平賽後感謝黃子鵬、吳哲源可以聯手撐完7局，點名是贏球最大關鍵，「特別是哲源，對我來講是福氣，是因傷得福，本來在我們初期評估，擔心他的控球在這種高層級比賽能不能主宰，今天證明一切。」吳哲源重返中華隊集訓時，兄弟教頭林威助暖心提點，還開玩笑對他喊話「不要再被退貨了」，這次繳出好投，他也很興奮。吳哲源說：「想要盡我的能力表現給國人看，盡全力投每顆球，這次來林桑有講了一些話，帶著他的鼓勵來中華隊集訓，不要給他漏氣。」荷蘭總教練穆倫斯也稱讚吳哲源的好投，「他投得很好，配球也很好，結合速球和滑球、變化球，打者摸不著他的球路，他負責的那幾局讓我們無法多拿到分數。」 ▪ 經典賽即時新聞 ▪ 最新比分與完整賽程 ▪ 預賽分組戰績表 ▪ 經典賽專欄分析 經典賽WBC中華隊                    沒有退路的一戰，中華隊贏得強勢！張育成的滿貫砲一棒帶動氣勢，第2到4局攻勢一波接一波，終場以9：5賞給荷蘭隊本屆賽會第一...                                      中華隊今天以9：5擊敗荷蘭隊，「敗部復活」進入中華隊的吳哲源成為扛荷英雄，總教練林岳平也稱隊上有哲源，是他的「福氣」，此...                                      中華隊在經典賽首戰滑鐵盧後步步走回正軌，兩勝在手，握有自力前進八強複賽的機會，今天只要擊敗古巴隊，就將以Ａ組第一前進東京...                                      日本雙星今天以不同方式幫助球隊，佐佐木朗希先發3.2局，球速飆到164公里，專心打擊的大谷翔平敲出擊球初速190公里的二...                                      中華隊今天出戰荷蘭隊，打線攻勢凌厲，第4局在本壘攻防戰中硬生生少了1分，總教練林岳平上場與主審爭論，神情還算淡定，倒是看...                                      又是張育成！中華隊今天出戰荷蘭隊，1：1平手局面，張育成在第2局滿壘炸裂滿貫砲，本屆賽事第二度開轟，再度讓洲際棒球場為他...                  ,UDN
293,經典賽／關鍵戰交給「月月」 陳仕朋先發出戰古巴,2023-03-11 23:49:00,運動,,https://udn.com/news/story/10785/7025508,中華隊能不能前進東京，命運交到左投陳仕朋手中，明天將面對「紅色閃電」古巴隊先發，對手古巴則是推出樂天桃猿隊的新洋投雷法。中華隊明戰古巴尋求晉級活路，手中還有3位先發投手可以出賽，雖然江少慶、王維中的前役使用球數可「回血」完畢，重新回到可出賽投手名單中，中華隊仍決定推出尚未出賽的新鮮手臂、富邦悍將隊左投陳仕朋。25歲的陳仕朋在去年中職例行賽繳出8勝6敗、防禦率2.69佳績，為悍將隊內成績最好的本土先發，投進經典賽中華隊，這是他生涯首度參戰一級國際賽事。中華隊在前兩場比賽都曾出現在牛棚熱身，但最終並未上場。中華隊今天賽後公布先發投手，確定由陳仕朋扛下重任，他在集訓期間才剛迎接第一胎報到，期待「生子後」的好運轉化為一場好投。 ▪ 經典賽即時新聞 ▪ 最新比分與完整賽程 ▪ 預賽分組戰績表 ▪ 經典賽專欄分析 經典賽WBC中華隊                    沒有退路的一戰，中華隊贏得強勢！張育成的滿貫砲一棒帶動氣勢，第2到4局攻勢一波接一波，終場以9：5賞給荷蘭隊本屆賽會第一...                                      中華隊能不能前進東京，命運交到左投陳仕朋手中，明天將面對「紅色閃電」古巴隊先發，對手古巴則是推出樂天桃猿隊的新洋投雷法。                                      中華隊今天以9：5擊敗荷蘭隊，「敗部復活」進入中華隊的吳哲源成為扛荷英雄，總教練林岳平也稱隊上有哲源，是他的「福氣」，此...                                      中華隊在經典賽首戰滑鐵盧後步步走回正軌，兩勝在手，握有自力前進八強複賽的機會，今天只要擊敗古巴隊，就將以Ａ組第一前進東京...                                      日本雙星今天以不同方式幫助球隊，佐佐木朗希先發3.2局，球速飆到164公里，專心打擊的大谷翔平敲出擊球初速190公里的二...                                      中華隊今天出戰荷蘭隊，打線攻勢凌厲，第4局在本壘攻防戰中硬生生少了1分，總教練林岳平上場與主審爭論，神情還算淡定，倒是看...                  ,UDN
294,經典賽／7安躍居賽會安打王 林立要跟世界對抗,2023-03-11 23:54:00,運動,,https://udn.com/news/story/10785/7025514,賽前不被看好的中華隊，在本屆世界棒球經典賽展現出與強權抗衡的鬥志，連續兩場在火力上勝過有著大聯盟打線的義大利、荷蘭隊，去年中華職棒年度MVP林立就說：「我們可以跟國際對抗。」林立開賽前被外媒評為值得關注球員，表現也沒有漏氣，今晚面對荷蘭隊5打數敲出3支安打，有2分打點、1分得分，3戰合計敲出7支安打，更是暫居經典賽安打王，打擊率剛好5成整。林立表示，自己被安排擔任指定打擊，就是要盡力做好教練賦予的任務，「我不用守備，上了場就是專注每次打席，要對球隊有幫助，不管是上壘、推進，做給後面3、4棒，讓他們展現破壞性，對方也會害怕。」中華隊這次聚集了來自美、日的旅外球員，不過組成仍以中職為骨幹，三場比賽敲出的五發全壘打，有四發是旅外的吳念庭、林子偉、張育成貢獻，中職的吉力吉撈．鞏冠也有一轟，但也具有旅外資歷。林立作為中職代表，表現毫不遜色，他表示：「大家都是一個團隊，沒有分中職、旅外，就是做好自己的目標。」但談到面對國外的投手，「練習時就在努力維持纏鬥力，在國際舞台證明，中職打者也可以對抗，不會輕易被解決。」中華隊在首戰輸給巴拿馬隊後，連續以11：7擊敗義大利、9：5擊敗荷蘭隊，火力互拼中勝出，林立表示：「比賽本來就有輸有贏，輸球對我們也是警惕，重新振作起來，拿下每一場勝利。」至於明天中午就要對上古巴隊，他說：「就是早睡早起，好好比賽，拿下勝利。」 ▪ 經典賽即時新聞 ▪ 最新比分與完整賽程 ▪ 預賽分組戰績表 ▪ 經典賽專欄分析 經典賽WBC中華隊                    沒有退路的一戰，中華隊贏得強勢！張育成的滿貫砲一棒帶動氣勢，第2到4局攻勢一波接一波，終場以9：5賞給荷蘭隊本屆賽會第一...                                      中華隊能不能前進東京，命運交到左投陳仕朋手中，明天將面對「紅色閃電」古巴隊先發，對手古巴則是推出樂天桃猿隊的新洋投雷法。                                      中華隊今天以9：5擊敗荷蘭隊，「敗部復活」進入中華隊的吳哲源成為扛荷英雄，總教練林岳平也稱隊上有哲源，是他的「福氣」，此...                                      賽前不被看好的中華隊，在本屆世界棒球經典賽展現出與強權抗衡的鬥志，連續兩場在火力上勝過有著大聯盟打線的義大利、荷蘭隊，去...                                      中華隊在經典賽首戰滑鐵盧後步步走回正軌，兩勝在手，握有自力前進八強複賽的機會，今天只要擊敗古巴隊，就將以Ａ組第一前進東京...                                      日本雙星今天以不同方式幫助球隊，佐佐木朗希先發3.2局，球速飆到164公里，專心打擊的大谷翔平敲出擊球初速190公里的二...                  ,UDN
295,經典賽／宋家豪也不能投了 中華隊剩9投戰「回血」完畢的古巴,2023-03-12 00:00:00,運動,,https://udn.com/news/story/10785/7025529,中華隊在經典賽首戰滑鐵盧後步步走回正軌，2勝在手，握有自力前進8強複賽的機會，隱憂是今天陳冠宇、宋家豪的登板之後，對古巴之戰又少了兩名投手可用，總教練林岳平賽後也解釋投手調度思維，狀況來了，「勢必要推出宋家豪」。中華隊在第8局派上李振昌把關8：2的領先，然因控球未獲主審青睞，面對3人次僅抓下1個出局數，出現兩次保送，陳冠宇接手也未能「拆彈」，再把終結者宋家豪也逼上投手丘。林岳平表示，當時領先6分，要度過8局，「振昌昨天沒有出賽，今天希望他在右打的部分最少要拿到一個、最好三個出局數，冠宇也在後面準備了，本來期待兩個可以把比賽結束，但沒辦法狀況來了，勢必要推出宋家豪。」經典賽設有投手用球限制，隔場限制的部分有兩道門檻，超過30球要休1天，超過50球要休4天。中華隊明天將有胡智爲、黃子鵬、吳哲源、陳冠宇、宋家豪無法出賽，剩下9投應戰。古巴同樣帶14位投手，在分組賽已曾先發出賽的羅德里奎茲（Yariel Rodríguez）、伊萊斯（Roenis Elias），都用滿單場限制的65球才退場，預賽已經無法再上；前役雖有兩位投手用超過30球，但今天賽程休兵一天，不論是用超過30球或連兩天出賽，都將在明天「回血」，出賽不受影響，古巴合計12名投手可用。 ▪ 經典賽即時新聞 ▪ 最新比分與完整賽程 ▪ 預賽分組戰績表 ▪ 經典賽專欄分析 經典賽WBC中華隊                    中華隊今天晉級不成，還在晚間接到另一個壞消息，由於義大利隊以7：1擊敗荷蘭隊，A組形成5隊都是2勝2敗的大亂鬥，中華隊在...                                      日本在世界棒球經典賽B組完全主宰戰場，今天不讓澳洲有喘息機會，大谷翔平首局就轟出致勝3分砲，一路領先到終場以7：1獲勝，...                                      台灣球隊在比賽後都有聚在投手丘圍成一圈向全場致謝的習慣，在這次經典賽也不例外。今天中午對決古巴的戰役，終場以1比7慘敗給...                                      日本今晚在世界棒球經典賽B組對決澳洲，爭取分組4連勝，大谷翔平擔任3棒指定打擊，1局上首次站進打擊區就轟出中右外野方向3...                                      這趟在風波之中展開的經典之旅，最終成為張育成與台灣球迷之間難忘的回憶，中華隊確定淘汰賽後，張育成紅了眼眶，他向球迷表達感...                                      中華隊今天以1：7輸給古巴隊，確定無緣晉級經典賽複賽，外界怪罪賽程安排「晚接午」不利中華隊，甚至影響球員調整，承辦單位悍...                  ,UDN
296,經典運彩／古巴火力強、中華投手壓制不易 推大分,2023-03-12 00:11:00,運動,,https://udn.com/news/story/10785/7025534,【文／運彩貓小亨利】比賽時間: 3/12 12:00中華隊9比5擊敗荷蘭，要晉級明天只能打敗古巴，還有輸了古巴且義大利擊敗荷蘭，到時候五隊戰績都同為2勝2敗，就得比較5隊的失分率，取前2晉級八強，但第一戰中華對上巴拿馬失了12分所以比失分率對中華相當不利。中華隊這三場打線勢不可擋，但今天晚場接明日午場相當不利，且中華隊過去午場的比賽都表現不是太好，古巴上場對巴拿馬打擊有發揮打下13分，中華隊的投手要壓制下來也並不容易，外加還有主審這種不安定因素，推薦全場大分過盤。運彩盤推薦：10.5大分國際盤推薦：11.5大分 ▪ 經典賽即時新聞 ▪ 最新比分與完整賽程 ▪ 預賽分組戰績表 ▪ 經典賽專欄分析 經典賽WBC運彩                    中華隊今天晉級不成，還在晚間接到另一個壞消息，由於義大利隊以7：1擊敗荷蘭隊，A組形成5隊都是2勝2敗的大亂鬥，中華隊在...                                      日本在世界棒球經典賽B組完全主宰戰場，今天不讓澳洲有喘息機會，大谷翔平首局就轟出致勝3分砲，一路領先到終場以7：1獲勝，...                                      台灣球隊在比賽後都有聚在投手丘圍成一圈向全場致謝的習慣，在這次經典賽也不例外。今天中午對決古巴的戰役，終場以1比7慘敗給...                                      日本今晚在世界棒球經典賽B組對決澳洲，爭取分組4連勝，大谷翔平擔任3棒指定打擊，1局上首次站進打擊區就轟出中右外野方向3...                                      這趟在風波之中展開的經典之旅，最終成為張育成與台灣球迷之間難忘的回憶，中華隊確定淘汰賽後，張育成紅了眼眶，他向球迷表達感...                                      中華隊今天以1：7輸給古巴隊，確定無緣晉級經典賽複賽，外界怪罪賽程安排「晚接午」不利中華隊，甚至影響球員調整，承辦單位悍...                  ,UDN
297,經典賽／中華隊星級低但不容忽視 荷蘭教頭讚有競爭力,2023-03-12 00:07:00,運動,,https://udn.com/news/story/10785/7025535,荷蘭隊今天面對中華隊踢到鐵板，以5：9輸掉比賽，輸給陣中僅1位現役大聯盟選手、身價不如自己的中華隊，荷蘭總教練穆倫斯（Hensley Meulens）認為棒球不是紙上談兵，中華隊的戰力不容低估。穆倫斯指出，荷蘭今天和過去兩場的不同之處在於，投手的保送較多、控球不穩，給了中華隊機會，「他們不斷攻擊、不會錯失失投，今天顯然有很好表現，前幾局就滿貫砲、一路領先，確實具有很強的競爭力。」中華隊陣中只有1位現役大聯盟球員張育成，近兩戰都對攜大聯盟戰力登台的義大利、荷蘭隊搶下勝利，打線表現令人驚艷。穆倫斯對此提到，「棒球不是紙上的數字、薪水高低，中華隊是很好的球隊，我們非常尊重他們。」他強調永遠不能低估對手，必須把最好的表現拿出來，荷蘭今天一開賽就大量失分，造成比賽陷入苦戰。近一步被追問洲際棒球場的應援聲浪是否影響到選手發揮，穆倫斯表示，「我希望是沒有啦！我們在2013年也來過，選手經歷過這樣的場面，其實我們選手也看得出來沒有放棄，試著把球迷聲音阻擋在外，但我們需要投得更好才能贏球。」 ▪ 經典賽即時新聞 ▪ 最新比分與完整賽程 ▪ 預賽分組戰績表 ▪ 經典賽專欄分析 經典賽WBC中華隊                    中華隊今天晉級不成，還在晚間接到另一個壞消息，由於義大利隊以7：1擊敗荷蘭隊，A組形成5隊都是2勝2敗的大亂鬥，中華隊在...                                      日本在世界棒球經典賽B組完全主宰戰場，今天不讓澳洲有喘息機會，大谷翔平首局就轟出致勝3分砲，一路領先到終場以7：1獲勝，...                                      台灣球隊在比賽後都有聚在投手丘圍成一圈向全場致謝的習慣，在這次經典賽也不例外。今天中午對決古巴的戰役，終場以1比7慘敗給...                                      日本今晚在世界棒球經典賽B組對決澳洲，爭取分組4連勝，大谷翔平擔任3棒指定打擊，1局上首次站進打擊區就轟出中右外野方向3...                                      這趟在風波之中展開的經典之旅，最終成為張育成與台灣球迷之間難忘的回憶，中華隊確定淘汰賽後，張育成紅了眼眶，他向球迷表達感...                                      中華隊今天以1：7輸給古巴隊，確定無緣晉級經典賽複賽，外界怪罪賽程安排「晚接午」不利中華隊，甚至影響球員調整，承辦單位悍...                  ,UDN
298,經典賽／連兩天救援成功 宋家豪改當啦啦隊喊：Tokyo！,2023-03-12 00:11:00,運動,,https://udn.com/news/story/10785/7025536,連續兩天登板，中華隊「終結者」宋家豪拿下兩次救援成功後，在經典賽預賽已無法再投球，迎戰古巴隊的最終戰只能當啦啦隊，為共同的目標加油，宋家豪賽後大喊：「Tokyo！（東京）」日職樂天隊的宋家豪在本屆世界棒球經典賽早早被賦予關門重任，預賽登板三場，首戰巴拿馬隊在比數被拉開後主動請纓，上場投1局熟悉氣氛，休息一天後，在10日對義大利隊、11日對荷蘭隊都上場，各投1.1局，僅失1分。連續兩天幫助中華隊守住勝利，都是在8局有危機時提前打卡上班，宋家豪表示：「希望可以幫助球隊，每一場都很關鍵，大家齊聚一心，想要贏下比賽，不管8、9局，隨時都準備好上場。」對荷蘭隊之戰是宋家豪首度掉分，9局續投被狄德（Ray-Patrick Didder）轟出陽春砲，他表示，當下球隊領先有一定分數，「也多少受到現場鼓譟氣氛影響，只想跟他對決，也不想堆積壘包。」今天在家人到場下，宋家豪有好表現拿下救援成功，他說：「大家都很關注，接下來不能投，明天（12日）比賽我就是啦啦隊，幫隊友加油。」中華隊若能擊敗古巴隊、晉級八強，宋家豪就能如願到東京、等待下次登板機會。2023世界棒球經典賽中華隊與荷蘭之戰，中華隊宋家豪8局提前上場關門。記者余承翰／攝影2023世界棒球經典賽中華隊與荷蘭之戰，中華隊宋家豪8局上場化解危機。記者余承翰／攝影 ▪ 經典賽即時新聞 ▪ 最新比分與完整賽程 ▪ 預賽分組戰績表 ▪ 經典賽專欄分析 經典賽WBC中華隊                    中華隊今天晉級不成，還在晚間接到另一個壞消息，由於義大利隊以7：1擊敗荷蘭隊，A組形成5隊都是2勝2敗的大亂鬥，中華隊在...                                      日本在世界棒球經典賽B組完全主宰戰場，今天不讓澳洲有喘息機會，大谷翔平首局就轟出致勝3分砲，一路領先到終場以7：1獲勝，...                                      台灣球隊在比賽後都有聚在投手丘圍成一圈向全場致謝的習慣，在這次經典賽也不例外。今天中午對決古巴的戰役，終場以1比7慘敗給...                                      日本今晚在世界棒球經典賽B組對決澳洲，爭取分組4連勝，大谷翔平擔任3棒指定打擊，1局上首次站進打擊區就轟出中右外野方向3...                                      這趟在風波之中展開的經典之旅，最終成為張育成與台灣球迷之間難忘的回憶，中華隊確定淘汰賽後，張育成紅了眼眶，他向球迷表達感...                                      中華隊今天以1：7輸給古巴隊，確定無緣晉級經典賽複賽，外界怪罪賽程安排「晚接午」不利中華隊，甚至影響球員調整，承辦單位悍...                  ,UDN
299,經典賽／「退貨變英雄」！ 吳哲源4.1局好投證明自己,2023-03-12 01:28:00,運動,,https://udn.com/news/story/10785/7025538,「敗部復活」進入中華隊的吳哲源，成為昨天抗荷英雄，總教練林岳平也稱隊上有哲源，是他的「福氣」，此役吳哲源用表現為自己證明一切。中華隊昨天在世界棒球經典賽以九比五擊敗荷蘭隊，吳哲源第三局、一三壘有人時登板，讓荷蘭的攻勢熄了火，先是兩球化解危機，接下來開始封鎖荷蘭打線，以六十球完成四點一局僅被敲一安打、無失分好投。回想吳哲源投進中華隊的過程一波多折，原本一度在卅六取卅的階段被「刷」掉，已經歸建中信兄弟隊春訓，然因曾仁和守備時閃到腰，重新召回吳哲源，最終也因曾仁和傷勢恢復不及確定換將，吳哲源「敗部復活」，中華隊陣前換將，換到一位關鍵戰役的關鍵投手。林岳平賽後感謝黃子鵬、吳哲源可以聯手撐完七局，點名是贏球最大關鍵，「特別是哲源，對我來講是福氣，是因傷得福，本來在我們初期評估，擔心他的控球在這種高層級比賽能不能主宰，今天證明一切。」吳哲源重返中華隊集訓時，中信兄弟隊教頭林威助暖心提點，還開玩笑對他喊話「不要再被退貨了」。這次繳出好投，他也很興奮。吳哲源說：「想要盡我的能力表現給國人看，盡全力投每顆球，這次來林桑（林威助）有講了一些話，帶著他的鼓勵來中華隊集訓，不要給他漏氣。」荷蘭總教練穆倫斯也稱讚吳哲源的好投，「他投得很好，配球也很好，結合速球和滑球、變化球，打者摸不著他的球路，他負責的那幾局讓我們無法多拿到分數。」洲際棒球場對吳哲源而言是再熟悉不過的戰場，上季在這裡出賽七場皆為先發，取得六勝○敗、防禦率二點一五完美戰績，這回身上的球衣從兄弟黃衫換成中華隊的藍白戰袍，依然是球隊的勝利保證。 ▪ 經典賽即時新聞 ▪ 最新比分與完整賽程 ▪ 預賽分組戰績表 ▪ 經典賽專欄分析 經典賽WBC中華隊吳哲源林岳平曾仁和林威助黃子鵬                    中華隊今天晉級不成，還在晚間接到另一個壞消息，由於義大利隊以7：1擊敗荷蘭隊，A組形成5隊都是2勝2敗的大亂鬥，中華隊在...                                      日本在世界棒球經典賽B組完全主宰戰場，今天不讓澳洲有喘息機會，大谷翔平首局就轟出致勝3分砲，一路領先到終場以7：1獲勝，...                                      台灣球隊在比賽後都有聚在投手丘圍成一圈向全場致謝的習慣，在這次經典賽也不例外。今天中午對決古巴的戰役，終場以1比7慘敗給...                                      日本今晚在世界棒球經典賽B組對決澳洲，爭取分組4連勝，大谷翔平擔任3棒指定打擊，1局上首次站進打擊區就轟出中右外野方向3...                                      這趟在風波之中展開的經典之旅，最終成為張育成與台灣球迷之間難忘的回憶，中華隊確定淘汰賽後，張育成紅了眼眶，他向球迷表達感...                                      中華隊今天以1：7輸給古巴隊，確定無緣晉級經典賽複賽，外界怪罪賽程安排「晚接午」不利中華隊，甚至影響球員調整，承辦單位悍...                  ,UDN
300,經典賽／「新鮮手臂」陳仕朋先發 我剩9壯士齊心抗古巴,2023-03-12 01:59:00,運動,,https://udn.com/news/story/10785/7025539,中華隊能不能前進東京，命運交到左投陳仕朋手中，今天將面對「紅色閃電」古巴隊先發，加上「月月」在內九名投手待命全力搶勝；對手古巴隊則是推出樂天桃猿隊的新洋投雷法。中華隊手中有三位先發投手可以出牌，雖然江少慶、王維中在前天登板的使用球數可在今天「回血」完畢，重新回到可出賽投手名單中，中華隊仍決定推出尚未出賽的新鮮手臂、富邦悍將隊左投陳仕朋。廿五歲的陳仕朋在去年中職例行賽繳出八勝六敗、防禦率二點六九佳績，為悍將隊內成績最好的本土先發，投進經典賽中華隊，這是他生涯首度參戰一級國際賽事。陳仕朋在中華隊的前兩場比賽都先發曾出現在牛棚熱身，但最終並未上場。更重大的責任落在他的身上。中華隊昨天賽後公布先發投手，確定由陳仕朋扛下重任，他在集訓期間才剛迎接第一胎報到，期待「生子後」的好運轉化為一場好投。經典賽設有投手用球限制，隔場限制的部分有兩道門檻，超過卅球要休一天，超過五十球要休四天。中華隊今天將有胡智爲、黃子鵬、吳哲源、陳冠宇、宋家豪無法出賽，剩下九投應戰。古巴隊同樣帶十四位投手，在分組賽已曾先發出賽的羅德里奎茲、伊萊斯，都用滿單場限制的六十五球才退場，預賽已經無法再上；前役雖有兩位投手用超過卅球，但昨天賽程休兵一天，今天出賽不受影響，古巴合計十二名投手可用。 ▪ 經典賽即時新聞 ▪ 最新比分與完整賽程 ▪ 預賽分組戰績表 ▪ 經典賽專欄分析 經典賽WBC中華隊樂天桃猿陳仕朋宋家豪陳冠宇黃子鵬吳哲源王維中                    中華隊今天晉級不成，還在晚間接到另一個壞消息，由於義大利隊以7：1擊敗荷蘭隊，A組形成5隊都是2勝2敗的大亂鬥，中華隊在...                                      日本在世界棒球經典賽B組完全主宰戰場，今天不讓澳洲有喘息機會，大谷翔平首局就轟出致勝3分砲，一路領先到終場以7：1獲勝，...                                      台灣球隊在比賽後都有聚在投手丘圍成一圈向全場致謝的習慣，在這次經典賽也不例外。今天中午對決古巴的戰役，終場以1比7慘敗給...                                      日本今晚在世界棒球經典賽B組對決澳洲，爭取分組4連勝，大谷翔平擔任3棒指定打擊，1局上首次站進打擊區就轟出中右外野方向3...                                      這趟在風波之中展開的經典之旅，最終成為張育成與台灣球迷之間難忘的回憶，中華隊確定淘汰賽後，張育成紅了眼眶，他向球迷表達感...                                      中華隊今天以1：7輸給古巴隊，確定無緣晉級經典賽複賽，外界怪罪賽程安排「晚接午」不利中華隊，甚至影響球員調整，承辦單位悍...                  ,UDN
301,經典賽／渡邊久信觀戰 吳念庭相約東京見,2023-03-12 01:59:00,運動,,https://udn.com/news/story/10785/7025542,台中洲際球場二萬人的觀眾熱烈視線中，有一雙是來自西武隊總經理渡邊久信，看到自家球員吳念庭在中華隊打出好表現，渡邊露出笑容，吳念庭也跟總經理相約：「東京見。」效力日職西武隊的吳念庭剛加入中華隊時，打擊狀況不算理想，沒想到進入經典賽，前兩戰卻敲出八打數五安打、打擊率六成二五的高檔表現，包括一發中華隊本屆首轟，成為中華隊打線「起爆劑」。談及自己打擊近況的改變，吳念庭表示，「之前節奏比較不好，後來回看自己之前的影片，重新抓到打擊節奏。」作為第五棒，吳念庭夾在張育成、吉力吉撈・鞏冠中間，他也知道自己的任務，就是保護、提供這兩位強打者機會，「我們其他人就是上壘、堆積壘包，給對方壓力。」渡邊久信來台灣主要是看中華隊吳念庭表現如何，也很期待他能夠搶下西武先發固定位置，「這是他第一次入選，相信有壓力也有動力，大家也看到他的好表現，滿開心的。」渡邊久信也大力稱讚中華隊新世代打線的強悍，「這批新世代的球員打擊跟以往不同，具有更高的能力。」曾在一九九九到二○○一年來台加入台灣大聯盟嘉南勇士隊的渡邊更說，如果是當年在台灣時的自己，「恐怕無法壓制。」看台上有球隊總經理在，壓力會很大嗎？吳念庭笑說：「不會，在台灣打球壓力比較大，這麼多人在看耶。我們有打過招呼，他告訴我繼續加油，我也跟他說，我們會去東京。」 ▪ 經典賽即時新聞 ▪ 最新比分與完整賽程 ▪ 預賽分組戰績表 ▪ 經典賽專欄分析 經典賽WBC中華隊吳念庭張育成吉力吉撈                    中華隊今天晉級不成，還在晚間接到另一個壞消息，由於義大利隊以7：1擊敗荷蘭隊，A組形成5隊都是2勝2敗的大亂鬥，中華隊在...                                      日本在世界棒球經典賽B組完全主宰戰場，今天不讓澳洲有喘息機會，大谷翔平首局就轟出致勝3分砲，一路領先到終場以7：1獲勝，...                                      台灣球隊在比賽後都有聚在投手丘圍成一圈向全場致謝的習慣，在這次經典賽也不例外。今天中午對決古巴的戰役，終場以1比7慘敗給...                                      日本今晚在世界棒球經典賽B組對決澳洲，爭取分組4連勝，大谷翔平擔任3棒指定打擊，1局上首次站進打擊區就轟出中右外野方向3...                                      這趟在風波之中展開的經典之旅，最終成為張育成與台灣球迷之間難忘的回憶，中華隊確定淘汰賽後，張育成紅了眼眶，他向球迷表達感...                                      中華隊今天以1：7輸給古巴隊，確定無緣晉級經典賽複賽，外界怪罪賽程安排「晚接午」不利中華隊，甚至影響球員調整，承辦單位悍...                  ,UDN
302,經典賽／晉級第二條路如同死巷 中華隊拚8強只能贏古巴,2023-03-12 01:33:00,運動,,https://udn.com/news/story/10785/7025543,中華隊在經典賽首戰滑鐵盧後步步走回正軌，兩勝在手，握有自力前進八強複賽的機會，今天只要擊敗古巴隊，就將以Ａ組第一前進東京；但若不幸輸球，就算義大利隊「幫忙」打敗荷蘭隊，晉級希望依然渺茫。巴拿馬隊從資格賽闖關，率先完成分組賽驚奇取得二勝二敗，接下來要視其他對戰結果決定命運。總教練歐提茲肯定選手表現，「球隊表現真的非常優異，我們來到這裡，就是希望可以贏下幾場比賽，改變國人對棒球的想法。我們有好選手，也證明了這一點。」巴拿馬能否前進八強，命運牽繫在今天Ａ組最終日戰況，歐提茲的語氣中透露選手對於晉級的期待與信心，「他們問我，明天幾點練球？」今天中午十二點中華隊與古巴之戰，晚間七點由荷蘭與義大利過招，中華隊的第一條晉級路線為自己贏球，就將確定以三勝一敗、分組第一晉級，在八強單淘汰賽碰上Ｂ組第二。若中華隊不幸輸給古巴，就必須寄望晚場義大利打敗荷蘭，將形成五隊都是二勝二敗的大亂鬥，需比較所有場次的失分率決定晉級球隊，然而只要牽扯到巴拿馬、比較失分率，對中華隊就相當不利，因為該役被爆打了十二分輸球，目前失分率遠高於其他四隊。中華隊看似有兩條晉級路線，但其實第二條路如同死巷，只剩數學機率尚未歸零，中華隊擊敗古巴形同唯一活路。 ▪ 經典賽即時新聞 ▪ 最新比分與完整賽程 ▪ 預賽分組戰績表 ▪ 經典賽專欄分析 經典賽WBC中華隊                    中華隊今天晉級不成，還在晚間接到另一個壞消息，由於義大利隊以7：1擊敗荷蘭隊，A組形成5隊都是2勝2敗的大亂鬥，中華隊在...                                      日本在世界棒球經典賽B組完全主宰戰場，今天不讓澳洲有喘息機會，大谷翔平首局就轟出致勝3分砲，一路領先到終場以7：1獲勝，...                                      台灣球隊在比賽後都有聚在投手丘圍成一圈向全場致謝的習慣，在這次經典賽也不例外。今天中午對決古巴的戰役，終場以1比7慘敗給...                                      日本今晚在世界棒球經典賽B組對決澳洲，爭取分組4連勝，大谷翔平擔任3棒指定打擊，1局上首次站進打擊區就轟出中右外野方向3...                                      這趟在風波之中展開的經典之旅，最終成為張育成與台灣球迷之間難忘的回憶，中華隊確定淘汰賽後，張育成紅了眼眶，他向球迷表達感...                                      中華隊今天以1：7輸給古巴隊，確定無緣晉級經典賽複賽，外界怪罪賽程安排「晚接午」不利中華隊，甚至影響球員調整，承辦單位悍...                  ,UDN
303,經典賽／311紀念日佐佐木飆速164 日本3連勝先闖8強,2023-03-12 02:04:00,運動,,https://udn.com/news/story/10785/7025544,本屆世界棒球經典賽最被看好的球隊之一，日本隊在預賽展現王者之姿，昨晚在佐佐木朗希豪爽的投球表現率領下，以十比二擊敗捷克隊，拿下三連勝取得經典賽第一張八強門票，今晚對決澳洲隊則是分組第一之爭。佐佐木朗希開賽第一球直接投出一六二公里，引起現場驚呼，全場最快來到一六四公里，距離個人最佳、追平日本投手紀錄的一六五公里只差一公里。佐佐木朗希的球速令捷克打者頻頻揮空，投到三點二局，才因六十六球超出用球數限制強制退場，單場八次三振寫下本屆賽會至今為止最多，被敲兩支安打，另有三次四死球，僅失一分非責失，以廿一歲又四個月之齡，成為日本隊史最年輕的經典賽勝投投手。日本隊打線全場猛敲十一支安打給予支援，三局下吉田正尚二壘打加上山田哲人安打，一口氣取得三分，將比數反超，四局下四分攻勢擴大領先，其中大谷翔平的二壘打有一分打點，還盜上三壘，並靠吉田正尚的高飛犧牲打可再添一分。佐佐木朗希表示，能在滿場的東京巨蛋投球，感覺非常開心，但全場保送有點多，是靠指叉球才能減少失分，能夠在這天登板對自己別具意義，「非常感謝今天能夠站上投手丘。」二○一一年的日本三一一大地震，當時九歲的佐佐木朗希失去父親及祖父母，十二年過去，佐佐木朗希以頂級投手之姿在國際賽場活躍，被排在三月十一日登板先發，故鄉岩手縣為他組織應援團，透過電視全心加油。 ▪ 經典賽即時新聞 ▪ 最新比分與完整賽程 ▪ 預賽分組戰績表 ▪ 經典賽專欄分析 經典賽佐佐木朗希吉田正尚大谷翔平山田哲人WBC風雲                    中華隊今天晉級不成，還在晚間接到另一個壞消息，由於義大利隊以7：1擊敗荷蘭隊，A組形成5隊都是2勝2敗的大亂鬥，中華隊在...                                      日本在世界棒球經典賽B組完全主宰戰場，今天不讓澳洲有喘息機會，大谷翔平首局就轟出致勝3分砲，一路領先到終場以7：1獲勝，...                                      台灣球隊在比賽後都有聚在投手丘圍成一圈向全場致謝的習慣，在這次經典賽也不例外。今天中午對決古巴的戰役，終場以1比7慘敗給...                                      日本今晚在世界棒球經典賽B組對決澳洲，爭取分組4連勝，大谷翔平擔任3棒指定打擊，1局上首次站進打擊區就轟出中右外野方向3...                                      這趟在風波之中展開的經典之旅，最終成為張育成與台灣球迷之間難忘的回憶，中華隊確定淘汰賽後，張育成紅了眼眶，他向球迷表達感...                                      中華隊今天以1：7輸給古巴隊，確定無緣晉級經典賽複賽，外界怪罪賽程安排「晚接午」不利中華隊，甚至影響球員調整，承辦單位悍...                  ,UDN
304,經典運彩／對決義大利 荷蘭得分效率高推讓分過盤,2023-03-12 00:25:00,運動,,https://udn.com/news/story/10785/7025545,【文／運彩貓小亨利】比賽時間: 3/12 19:00荷蘭輸給中華，雖然只打出6支安打但也得了5分效率也蠻高的，只能說地主加油氣勢幫助中華不少，且該把握的得分機會剛好中華都有把握。荷蘭若明天直接贏球就3勝1敗直接晉級，但是輸了中華如果又贏又要比失分率，所以贏球動機還是很強烈，這兩隊明日一有狀況換投應該都很快，派誰先發應該都不是重點。義大利0:2輸給巴拿馬，一分未得遭遇2連敗對士氣很傷，義大利投手也許小勝荷蘭一些，但荷蘭打線排開真的贏過義大利不少，終究還是打擊定勝負，加上荷蘭本場是客隊，要過讓分盤有九個半局的機會，推薦荷蘭隊讓分過盤。國際盤推薦：荷蘭讓1+50 ▪ 經典賽即時新聞 ▪ 最新比分與完整賽程 ▪ 預賽分組戰績表 ▪ 經典賽專欄分析 經典賽WBC運彩                    中華隊今天晉級不成，還在晚間接到另一個壞消息，由於義大利隊以7：1擊敗荷蘭隊，A組形成5隊都是2勝2敗的大亂鬥，中華隊在...                                      日本在世界棒球經典賽B組完全主宰戰場，今天不讓澳洲有喘息機會，大谷翔平首局就轟出致勝3分砲，一路領先到終場以7：1獲勝，...                                      台灣球隊在比賽後都有聚在投手丘圍成一圈向全場致謝的習慣，在這次經典賽也不例外。今天中午對決古巴的戰役，終場以1比7慘敗給...                                      日本今晚在世界棒球經典賽B組對決澳洲，爭取分組4連勝，大谷翔平擔任3棒指定打擊，1局上首次站進打擊區就轟出中右外野方向3...                                      這趟在風波之中展開的經典之旅，最終成為張育成與台灣球迷之間難忘的回憶，中華隊確定淘汰賽後，張育成紅了眼眶，他向球迷表達感...                                      中華隊今天以1：7輸給古巴隊，確定無緣晉級經典賽複賽，外界怪罪賽程安排「晚接午」不利中華隊，甚至影響球員調整，承辦單位悍...                  ,UDN
305,經典賽／十年前坐在觀眾席…江坤宇今成抗荷主角,2023-03-12 00:21:00,運動,,https://udn.com/news/story/10785/7025546,十年前抗荷大戰，江坤宇坐在右外野觀眾席，今年世界棒球經典賽他站在游擊防區，以攻守俱佳的表現幫助中華隊以9：5拿下勝利，終於實現當時夢想。江坤宇在11日對荷蘭之戰，擔任先發第9棒、游擊手，2打數1安打有1分打點、1分得分，還在9局上以美技守備為中華隊抓下最後一個出局數，江坤宇說：「很興奮啊，今天贏了又有機會（晉級），繼續努力，把握住。」不過2局下首打席江坤宇被觸身球打中，全場觀眾眼神出現擔憂，顯示這位中線好手對中華隊的重要性，不過賽後他也回報自己沒有什麼大礙，「那球有下戰術，後來看到快觸身才閃避，現在手狀況還好，可以出力。」2013年的經典賽中華隊對荷蘭，江坤宇跟爸媽一起看比賽，他回想當時情緒：「很興奮，在觀眾席看到全壘打又贏球，感覺很不錯，看到學長們很拚命，很感動。」沒想過自己如今變成主角，成為「未來江坤宇」關注的對象。 ▪ 經典賽即時新聞 ▪ 最新比分與完整賽程 ▪ 預賽分組戰績表 ▪ 經典賽專欄分析 經典賽WBC中華隊                    中華隊今天晉級不成，還在晚間接到另一個壞消息，由於義大利隊以7：1擊敗荷蘭隊，A組形成5隊都是2勝2敗的大亂鬥，中華隊在...                                      日本在世界棒球經典賽B組完全主宰戰場，今天不讓澳洲有喘息機會，大谷翔平首局就轟出致勝3分砲，一路領先到終場以7：1獲勝，...                                      台灣球隊在比賽後都有聚在投手丘圍成一圈向全場致謝的習慣，在這次經典賽也不例外。今天中午對決古巴的戰役，終場以1比7慘敗給...                                      日本今晚在世界棒球經典賽B組對決澳洲，爭取分組4連勝，大谷翔平擔任3棒指定打擊，1局上首次站進打擊區就轟出中右外野方向3...                                      這趟在風波之中展開的經典之旅，最終成為張育成與台灣球迷之間難忘的回憶，中華隊確定淘汰賽後，張育成紅了眼眶，他向球迷表達感...                                      中華隊今天以1：7輸給古巴隊，確定無緣晉級經典賽複賽，外界怪罪賽程安排「晚接午」不利中華隊，甚至影響球員調整，承辦單位悍...                  ,UDN
306,經典賽／李振昌類好球沒被撿不在意 但希望鞏冠「慢一點」,2023-03-12 00:30:00,運動,,https://udn.com/news/story/10785/7025548,中華隊在世界棒球經典賽倒吃甘蔗，11日再以9：5擒下荷蘭隊，捕手吉力吉撈．鞏冠談此役與投手群的配合，吳哲源確實狀況絕佳，面對大聯盟打者又聰明。中華隊贏球賽後，他直呼現在的心情就像「三天三夜」，希望中華隊繼續贏下去。中華隊今天由黃子鵬先發2.2局失2分，吳哲源接手後完全封鎖荷蘭隊打線，4.1局投球僅讓對手敲出1安打、無失分。鞏冠直言，吳哲源狀況真的很好，所有球路都可以投到想要的位置，幫助他用最少球數抓下出局數，「最關鍵的是他很聰明，面對大聯盟打者也不怕丟直球，那時候對手明顯抓變化球，他敢丟直球而且有辦法攻進去是很有利的。」首局與黃子鵬的搭配則顯得跌跌撞撞，被敲2安打之餘，還罕見出現2球捕逸，鞏冠面臨本壘上方的界外飛球也漏接，讓球迷看了驚心動魄，好在亂流控制在失血1分，中華隊還有後續追趕機會。鞏冠也對此解釋，捕逸是因雙方暗號沒有看清楚，雙方都有調整，後面配起來就越來越順。中華隊的另一波亂流出現在第8局，李振昌登板後先飆出三振，後續兩個保送，包括接近的球未獲青睞，讓全場球迷發出嘆息聲。鞏冠透露，當下李振昌對此並沒有怎麼在意，倒是希望自己的配球節奏再慢一點。2023世界棒球經典賽中華隊與荷蘭之戰，中華隊捕手吉力吉撈．鞏冠1局上漏接界外高飛球。記者余承翰／攝影 ▪ 經典賽即時新聞 ▪ 最新比分與完整賽程 ▪ 預賽分組戰績表 ▪ 經典賽專欄分析 經典賽WBC中華隊                    中華隊今天晉級不成，還在晚間接到另一個壞消息，由於義大利隊以7：1擊敗荷蘭隊，A組形成5隊都是2勝2敗的大亂鬥，中華隊在...                                      日本在世界棒球經典賽B組完全主宰戰場，今天不讓澳洲有喘息機會，大谷翔平首局就轟出致勝3分砲，一路領先到終場以7：1獲勝，...                                      台灣球隊在比賽後都有聚在投手丘圍成一圈向全場致謝的習慣，在這次經典賽也不例外。今天中午對決古巴的戰役，終場以1比7慘敗給...                                      日本今晚在世界棒球經典賽B組對決澳洲，爭取分組4連勝，大谷翔平擔任3棒指定打擊，1局上首次站進打擊區就轟出中右外野方向3...                                      這趟在風波之中展開的經典之旅，最終成為張育成與台灣球迷之間難忘的回憶，中華隊確定淘汰賽後，張育成紅了眼眶，他向球迷表達感...                                      中華隊今天以1：7輸給古巴隊，確定無緣晉級經典賽複賽，外界怪罪賽程安排「晚接午」不利中華隊，甚至影響球員調整，承辦單位悍...                  ,UDN
307,經典運彩／韓國青黃不接 捷克有機會咬盤推受讓,2023-03-12 00:36:00,運動,,https://udn.com/news/story/10785/7025549,【文／運彩貓堯舜魚湯】比賽時間: 3/12 11:00捷克對戰地主日本雖然差點被扣倒，但在第三局之前一度領先日本，可謂雖敗猶榮，其中先發投手更是解決大聯盟等級的Lars Nootbaar及大谷翔平，並化解滿壘失分危機，表現令人為之一亮。韓國則是接連敗給澳洲和日本，目前尚未開胡，面臨淘汰邊緣，已經沒有退路。本場賽事由捷克先攻，韓國後攻，捷克由左投Lukas Ercoli先發，過去在國際賽對戰韓國皆有失分記錄，不是很理想；韓國派出朴世雄，去年在韓職樂天巨人成績10勝11敗ERA 3.89。此外，韓國休兵一天，投手理論上可獲得較充分的休息，反觀捷克前晚才剛跟日本交戰，隔天中午馬上就要對戰韓國，投手戰力可能會較為吃緊。再比較兩隊陣容，韓國由大聯盟和韓職球員組成，屬於職業層級，捷克則是有醫生、地理老師、分析師、消防員入選名單，堪稱斜槓隊，實在是非常神奇的組合。雖然捷克戰力乍看之下沒有韓國完整，且捷克世界排名第15也不如排名第4的韓國，賽程也對韓國有利，但預賽打到現在，捷克打擊發揮得蠻不錯，投手群在前段也能有一定的壓制力，反觀韓國棒球近年來似乎有退步的跡象，即使打擊仍有威脅性，陣容卻陷入青黃不接的窘境，本屆經典賽投手表現更是荒腔走板，在韓國很大機率仍是讓分方的情況下，捷克非常有咬盤的機會。運彩盤推薦：捷克 +2.5受讓國際盤推薦：捷克5+25受讓  ▪ 經典賽即時新聞 ▪ 最新比分與完整賽程 ▪ 預賽分組戰績表 ▪ 經典賽專欄分析 經典賽WBC運彩                    中華隊今天晉級不成，還在晚間接到另一個壞消息，由於義大利隊以7：1擊敗荷蘭隊，A組形成5隊都是2勝2敗的大亂鬥，中華隊在...                                      日本在世界棒球經典賽B組完全主宰戰場，今天不讓澳洲有喘息機會，大谷翔平首局就轟出致勝3分砲，一路領先到終場以7：1獲勝，...                                      台灣球隊在比賽後都有聚在投手丘圍成一圈向全場致謝的習慣，在這次經典賽也不例外。今天中午對決古巴的戰役，終場以1比7慘敗給...                                      日本今晚在世界棒球經典賽B組對決澳洲，爭取分組4連勝，大谷翔平擔任3棒指定打擊，1局上首次站進打擊區就轟出中右外野方向3...                                      這趟在風波之中展開的經典之旅，最終成為張育成與台灣球迷之間難忘的回憶，中華隊確定淘汰賽後，張育成紅了眼眶，他向球迷表達感...                                      中華隊今天以1：7輸給古巴隊，確定無緣晉級經典賽複賽，外界怪罪賽程安排「晚接午」不利中華隊，甚至影響球員調整，承辦單位悍...                  ,UDN
308,經典賽／張育成滿貫砲轟垮荷蘭 全新中華隊3戰炸5轟居首,2023-03-12 01:25:00,運動,,https://udn.com/news/story/10785/7025555,昨晚面對背水一戰，中華隊靠著吳哲源為首的投手群，壓制荷蘭隊大聯盟級打線，打者群也由張育成的滿貫砲領軍，以九比五擊敗荷蘭隊，取得二勝一敗，今天再擊敗古巴隊就能以分組第一之姿，晉級世界棒球經典賽八強，前進東京。中華隊連續三場都炸出煙火秀，首戰巴拿馬隊有吳念庭的兩分砲，第二場則是由林子偉陽春砲、張育成兩分砲、吉力吉撈三分砲擊敗義大利隊，加上昨晚張育成的滿貫砲，本屆經典賽團隊五轟暫居最多。單屆五轟追平前四屆中華隊全壘打數總和，總教練林岳平表示：「這批選手來自全台最頂尖、年齡層最好的選手，只是近幾年沒有國際賽可以證明，這次挑選就是希望可以組織中華隊新的樣貌，也很開心，這幾場比賽他們打出新的樣貌。」昨天午場義大利隊輸給巴拿馬隊，中華隊如果輸給荷蘭隊就確定無緣晉級，開賽黃子鵬與吉力吉撈．鞏冠這對投捕搭檔顯得有些陌生，被敲兩安打之餘，還出現兩次捕逸，鞏冠更漏接一顆本壘上方的界外飛球，好在亂流消失後只丟掉一分。2023世界棒球經典賽中華隊與荷蘭之戰，中華隊張育成2局下敲出滿貫全壘打。記者余承翰／攝影二局下換中華隊展現火力，林立在滿壘時敲出安打、先追平戰局，兩出局後換張育成發威，一棒炸裂滿貫砲，本屆賽事第二度開轟，讓洲際棒球場再次為他沸騰，瘋狂聲量高喊「張育成！張育成！」單局五分攻勢讓球迷安心，三局上雖然黃子鵬再遇危機多掉一分，但吳哲源此時上場「救火」，只用兩球就讓對手敲出飛球出局，化解滿壘危機，而且一投就是六十球的先發級球數，吃下四點一局，只被敲出一支安打，沒有掉分。中華隊打線則在三局下、四局下繼續添分，拉開到八比二領先，即使牛棚在八局上掉兩分、九局上挨轟陽春砲，也無損大局。中華隊吳哲源主投四點一局，只被打出一支安打。記者余承翰／攝影旅外的張育成全場兩安打、四分打點的演出，無疑是全場最佳，中職打者也不弱，敲出三安猛打的林立說：「練習時就在努力維持纏鬥力，在國際舞台證明中職打者也可以對抗，不會輕易被解決」。 ▪ 經典賽即時新聞 ▪ 最新比分與完整賽程 ▪ 預賽分組戰績表 ▪ 經典賽專欄分析 經典賽WBC中華隊張育成吉力吉撈林立黃子鵬吳哲源林子偉林岳平                    中華隊今天晉級不成，還在晚間接到另一個壞消息，由於義大利隊以7：1擊敗荷蘭隊，A組形成5隊都是2勝2敗的大亂鬥，中華隊在...                                      日本在世界棒球經典賽B組完全主宰戰場，今天不讓澳洲有喘息機會，大谷翔平首局就轟出致勝3分砲，一路領先到終場以7：1獲勝，...                                      台灣球隊在比賽後都有聚在投手丘圍成一圈向全場致謝的習慣，在這次經典賽也不例外。今天中午對決古巴的戰役，終場以1比7慘敗給...                                      日本今晚在世界棒球經典賽B組對決澳洲，爭取分組4連勝，大谷翔平擔任3棒指定打擊，1局上首次站進打擊區就轟出中右外野方向3...                                      這趟在風波之中展開的經典之旅，最終成為張育成與台灣球迷之間難忘的回憶，中華隊確定淘汰賽後，張育成紅了眼眶，他向球迷表達感...                                      中華隊今天以1：7輸給古巴隊，確定無緣晉級經典賽複賽，外界怪罪賽程安排「晚接午」不利中華隊，甚至影響球員調整，承辦單位悍...                  ,UDN
309,經典運彩／英國多名球員效力美職體系不能小覷 推對決美國受讓,2023-03-12 01:07:00,運動,,https://udn.com/news/story/10785/7025563,【文／運彩貓堯舜魚湯】比賽時間: 3/12 10:00世界棒球經典賽C組預賽第二戰，將由英國對戰地主美國，英國好不容易從資格賽搶下正賽門票，美國則是上屆冠軍，努力尋求衛冕。本場賽事由英國先攻，美國後攻，英國由Vance Worley先發，具有大聯盟資歷，去年效力獨立聯盟；美國派出大聯盟級的Adam Wainwright，去年在紅雀隊的成績11勝12敗ERA3.71。美國此次陣容堪稱史上最豪華，尤其打擊部分更是星光熠熠，英國相較之下雖然相形失色，但有多位球員在美國出生，並效力美職體系，其中包含道奇隊的K湯弟，在美國勢必讓分的情形下，堪稱美國傭兵隊的英國仍舊不能小覷，非常有咬盤的機會。國際盤推薦：英國9+55受讓  ▪ 經典賽即時新聞 ▪ 最新比分與完整賽程 ▪ 預賽分組戰績表 ▪ 經典賽專欄分析 經典賽WBC運彩                    中華隊今天晉級不成，還在晚間接到另一個壞消息，由於義大利隊以7：1擊敗荷蘭隊，A組形成5隊都是2勝2敗的大亂鬥，中華隊在...                                      日本在世界棒球經典賽B組完全主宰戰場，今天不讓澳洲有喘息機會，大谷翔平首局就轟出致勝3分砲，一路領先到終場以7：1獲勝，...                                      台灣球隊在比賽後都有聚在投手丘圍成一圈向全場致謝的習慣，在這次經典賽也不例外。今天中午對決古巴的戰役，終場以1比7慘敗給...                                      日本今晚在世界棒球經典賽B組對決澳洲，爭取分組4連勝，大谷翔平擔任3棒指定打擊，1局上首次站進打擊區就轟出中右外野方向3...                                      這趟在風波之中展開的經典之旅，最終成為張育成與台灣球迷之間難忘的回憶，中華隊確定淘汰賽後，張育成紅了眼眶，他向球迷表達感...                                      中華隊今天以1：7輸給古巴隊，確定無緣晉級經典賽複賽，外界怪罪賽程安排「晚接午」不利中華隊，甚至影響球員調整，承辦單位悍...                  ,UDN
310,經典賽／波多黎各投打更勝一籌 9比1輕取尼加拉瓜,2023-03-12 05:19:00,運動,,https://udn.com/news/story/10785/7025585,在上屆大會MVP史卓曼4.2局好投及優勢打擊火力加持下，波多黎各今天在世界棒球經典賽D組預賽首戰以9比1擊垮尼加拉瓜，拿下本屆比賽第一勝。第5屆經典賽參賽的20個國家隊伍分成A、B、C、D4組，前兩組分別於台灣時間8、9日開打，後兩組今天登場，D組由尼加拉瓜與波多黎各之戰揭開序幕。波多黎各先發投手史卓曼（Marcus Stroman）現效力於芝加哥小熊隊，上屆2017年賽事代表美國隊贏得經典賽冠軍，並摘下最有價值球員（MVP）殊榮。波多黎各在前兩屆（2013、2017年）都拿下亞軍，本屆仍是備受看好的強隊。後攻的波多黎各開路先鋒林多（Francisco Lindor）首局首打席敲出一壘安打，並跑回這場比賽第1分。史卓曼前4局球路犀利，只讓對手敲1安，卻在第5局兩人出局後被米蘭達（Elian Miranda）轟出陽春彈，雙方1比1戰平，也將史卓曼打下場休息。5局下波多黎各猛烈反撲，瓦茲蓋斯（ChristianVazquez）獲保送，馬多納多（Martin Maldonado）、林多、赫南德茲（Enrique Hernandez）、梅倫德斯（MJ Melendez）、巴艾茲（Javier Báez）5支一壘安打串連，加上尼加拉瓜守備瑕疵，波多黎各攻下5分大局，6比1拉開領先差距。7下前兩棒都出局後，波多黎各靠著2支安打、2次保送與尼加拉瓜三壘手發生失誤再進帳3分，終場就以9比1輕鬆獲勝。史卓曼投4.2局只掉1分，接替的5位投手合力接棒滴水不漏，讓對手一籌莫展；打擊方面，波多黎各全場敲出11支安打，遠優於尼加拉瓜的4支。旗開得勝的波多黎各將於台灣時間13日上午7時對上另一支勁旅委內瑞拉，尼加拉瓜則將在13日零時與以色列交鋒。 ▪ 經典賽即時新聞 ▪ 最新比分與完整賽程 ▪ 預賽分組戰績表 ▪ 經典賽專欄分析 經典賽WBC風雲                    中華隊今天晉級不成，還在晚間接到另一個壞消息，由於義大利隊以7：1擊敗荷蘭隊，A組形成5隊都是2勝2敗的大亂鬥，中華隊在...                                      日本在世界棒球經典賽B組完全主宰戰場，今天不讓澳洲有喘息機會，大谷翔平首局就轟出致勝3分砲，一路領先到終場以7：1獲勝，...                                      台灣球隊在比賽後都有聚在投手丘圍成一圈向全場致謝的習慣，在這次經典賽也不例外。今天中午對決古巴的戰役，終場以1比7慘敗給...                                      日本今晚在世界棒球經典賽B組對決澳洲，爭取分組4連勝，大谷翔平擔任3棒指定打擊，1局上首次站進打擊區就轟出中右外野方向3...                                      這趟在風波之中展開的經典之旅，最終成為張育成與台灣球迷之間難忘的回憶，中華隊確定淘汰賽後，張育成紅了眼眶，他向球迷表達感...                                      中華隊今天以1：7輸給古巴隊，確定無緣晉級經典賽複賽，外界怪罪賽程安排「晚接午」不利中華隊，甚至影響球員調整，承辦單位悍...                  ,UDN
311,經典賽／國聯防禦率王單局爆 墨西哥延長10局不敵哥倫比亞,2023-03-12 08:50:00,運動,,https://udn.com/news/story/10785/7025667,世界棒球經典賽C組賽事今天在美國鳳凰城開打，哥倫比亞一壘手羅德里奎茲（Reynaldo Rodriguez）4打數3安打，包括5局上兩分砲，一共攻下3分打點，幫助球隊在延長10局以5：4擊敗墨西哥，搶下分組賽首勝。墨西哥4局下展開首波攻勢，靠梅內塞斯（Joey Meneses）、巴瑞德斯（Isaac Paredes）安打攻下全場第1分。哥倫比亞前4局都是3上3下，開賽連續12人次被解決、吞下6次三振，5局上終於突破困境，歐法洛（Jorge Alfaro）、迪亞茲（Elias Diaz）連續兩支二壘打扳平比數，羅德里奎茲追加左外野兩分砲，也是C組首轟紀錄，反以3：1超前。墨西哥5局下特瑞歐( Alan Trejo）獲保送後，2021年美聯新人王阿羅薩雷納（Randy Arozarena）回敬左外野兩分砲追平比數。兩隊一路僵持，哥倫比亞7局上再展攻勢，靠歐法洛二壘打、羅德里奎茲安打再下一城；但墨西哥7局下湯瑪斯（Alek Thomas）、巴恩斯（Austin Barnes）、佛度戈（Alex Verdugo）接連安打，又追成4：4，雙方三度平手進入延長賽，進行突破僵局制。哥倫比亞10局上1出局後，羅德里奎茲出現單場第3安，加上墨西哥內野失誤，哥國攻下致勝分。墨西哥推出道奇隊左投烏力亞斯（Julio Urias）登板先發，投5局退場用掉62球，前4局完全主宰戰場，5局上被連揮3支安打、失3分，這位去年17勝投手、國聯防禦率王未能幫助球隊獲勝。哥倫比亞比亞總教練卡布雷拉（Jolbert Cabrera）表示，該國棒運持續成長，球員讓人難以置信、都非常有才華，他們無所畏懼，日復一日地竭盡全力。 ▪ 經典賽即時新聞 ▪ 最新比分與完整賽程 ▪ 預賽分組戰績表 ▪ 經典賽專欄分析 經典賽WBC風雲墨西哥哥倫比亞                    中華隊今天晉級不成，還在晚間接到另一個壞消息，由於義大利隊以7：1擊敗荷蘭隊，A組形成5隊都是2勝2敗的大亂鬥，中華隊在...                                      日本在世界棒球經典賽B組完全主宰戰場，今天不讓澳洲有喘息機會，大谷翔平首局就轟出致勝3分砲，一路領先到終場以7：1獲勝，...                                      台灣球隊在比賽後都有聚在投手丘圍成一圈向全場致謝的習慣，在這次經典賽也不例外。今天中午對決古巴的戰役，終場以1比7慘敗給...                                      日本今晚在世界棒球經典賽B組對決澳洲，爭取分組4連勝，大谷翔平擔任3棒指定打擊，1局上首次站進打擊區就轟出中右外野方向3...                                      這趟在風波之中展開的經典之旅，最終成為張育成與台灣球迷之間難忘的回憶，中華隊確定淘汰賽後，張育成紅了眼眶，他向球迷表達感...                                      中華隊今天以1：7輸給古巴隊，確定無緣晉級經典賽複賽，外界怪罪賽程安排「晚接午」不利中華隊，甚至影響球員調整，承辦單位悍...                  ,UDN
312,經典賽／6年前讓祖國2連亞挨批 史卓曼助波多黎各奪首勝,2023-03-12 09:58:00,運動,,https://udn.com/news/story/10785/7025706,波多黎各今天在世界棒球經典賽D組首戰以9：1大勝尼加拉瓜，先發投手史卓曼（Marcus Stroman）先發4.2局，只被揮出兩支安打、失1分，雖未奪下勝投，總算為「2連亞」的祖國順利投出第一戰。史卓曼2017年首度參加經典賽，雖是波多黎各裔卻披上美國戰袍，尤其冠軍戰正是美國、波多黎各對決，他先發6局無失分，幫助美國奪下隊史首冠、抱回大會MVP，也讓波多黎各連續兩屆賽事屈居亞軍，讓很多球迷超級不爽。波多黎各在2013年經典賽冠軍戰不敵多明尼加，6年前再輸美國，今年捲土重來力拚首冠，效力小熊隊的史卓曼仍是重要角色，今天初登板用65球完成先發任務，唯一失分是5局上兩出局後，被尼加拉瓜指定打擊米蘭達（Elian Miranda）轟出陽春砲。史卓曼退場時1：1平手，波多黎各5局下打了9人次，以5支安打攻下5分奠定勝基；他投65球有34顆伸卡球，搭配滑球、卡特球壓制打者，強調這種比賽必須趕快取得領先、搶下好球數，「最相信自己的伸卡球，背後的隊友讓我更有自信出手。」D組賽事在佛羅里達州馬林魚隊主場開打，這場比賽湧進35399名球迷觀戰，大都會隊球星林多（Francisco Lindor）首局首打席安打、跑回全隊第1分，5局下第2安貢獻1分打點，他說：「球場氣氛讓人吃驚，這種感覺實在太棒了，隊友互相打氣，上場好好表現就對了。」 ▪ 經典賽即時新聞 ▪ 最新比分與完整賽程 ▪ 預賽分組戰績表 ▪ 經典賽專欄分析 經典賽WBC風雲                    中華隊今天晉級不成，還在晚間接到另一個壞消息，由於義大利隊以7：1擊敗荷蘭隊，A組形成5隊都是2勝2敗的大亂鬥，中華隊在...                                      日本在世界棒球經典賽B組完全主宰戰場，今天不讓澳洲有喘息機會，大谷翔平首局就轟出致勝3分砲，一路領先到終場以7：1獲勝，...                                      台灣球隊在比賽後都有聚在投手丘圍成一圈向全場致謝的習慣，在這次經典賽也不例外。今天中午對決古巴的戰役，終場以1比7慘敗給...                                      日本今晚在世界棒球經典賽B組對決澳洲，爭取分組4連勝，大谷翔平擔任3棒指定打擊，1局上首次站進打擊區就轟出中右外野方向3...                                      這趟在風波之中展開的經典之旅，最終成為張育成與台灣球迷之間難忘的回憶，中華隊確定淘汰賽後，張育成紅了眼眶，他向球迷表達感...                                      中華隊今天以1：7輸給古巴隊，確定無緣晉級經典賽複賽，外界怪罪賽程安排「晚接午」不利中華隊，甚至影響球員調整，承辦單位悍...                  ,UDN
313,經典賽／「國軍部長」張育成瘋狂表現 國軍媒體也「敬禮」,2023-03-12 10:14:00,運動,,https://udn.com/news/story/10785/7025707,張育成本屆經典賽表現精彩，也讓賽前被戲稱為「二兵」的他一口氣晉升「國防部長」，且不僅球迷，如今就連官方機構《國防部軍事新聞通訊社》都向這位台灣英雄敬禮。在前兩天面對義大利隊、荷蘭隊比賽中，張育成分別以兩分砲及大滿貫逆轉戰局，除了全壘打外，他也透過安打與保送屢屢攻佔壘包，充分扮演第四棒角色。截至今日，張育成在三場比賽中，繳出12打數六支安打的成績。世界棒球經典賽今天在台中洲際棒球場舉行中華對決荷蘭的比賽，球迷慶祝張育成滿貫炮。記者黃仲裕／攝影如此發揮，扭轉了張育成賽前因婉拒徵招，而被冠上的「二兵」封號，不僅在對陣義大利後升階「國防部長」，部分球迷更在昨日賽後，稱他為「三軍統帥」、「國姓爺」。不僅如此，《國防部軍事新聞通訊社》也在中華隊拿下第二勝後，於臉書粉專貼文寫道，「團結一心，永不放棄！」並「向中華隊致敬」，也有趣地在後方備註，「國防部長仍堅守崗位」，還在貼文最後，特別將張育成和陸軍、海龍蛙兵等單位放在標籤中。擊敗荷蘭後，中華隊目前以二勝一負，與荷蘭並列分組第一，但仍需在今日中午12：00戰勝古巴隊，才可以得到前往日本參與八強的機會。 ▪ 經典賽即時新聞 ▪ 最新比分與完整賽程 ▪ 預賽分組戰績表 ▪ 經典賽專欄分析 經典賽WBC中華隊張育成                    中華隊今天晉級不成，還在晚間接到另一個壞消息，由於義大利隊以7：1擊敗荷蘭隊，A組形成5隊都是2勝2敗的大亂鬥，中華隊在...                                      日本在世界棒球經典賽B組完全主宰戰場，今天不讓澳洲有喘息機會，大谷翔平首局就轟出致勝3分砲，一路領先到終場以7：1獲勝，...                                      台灣球隊在比賽後都有聚在投手丘圍成一圈向全場致謝的習慣，在這次經典賽也不例外。今天中午對決古巴的戰役，終場以1比7慘敗給...                                      日本今晚在世界棒球經典賽B組對決澳洲，爭取分組4連勝，大谷翔平擔任3棒指定打擊，1局上首次站進打擊區就轟出中右外野方向3...                                      這趟在風波之中展開的經典之旅，最終成為張育成與台灣球迷之間難忘的回憶，中華隊確定淘汰賽後，張育成紅了眼眶，他向球迷表達感...                                      中華隊今天以1：7輸給古巴隊，確定無緣晉級經典賽複賽，外界怪罪賽程安排「晚接午」不利中華隊，甚至影響球員調整，承辦單位悍...                  ,UDN
314,經典賽／比失分率已穩輸 中華隊晉級8強唯有擊敗古巴,2023-03-12 10:23:00,運動,,https://udn.com/news/story/10785/7025741,世界棒球經典賽中華隊今天中午12點迎戰古巴隊，距離晉級只剩下最後一齣劇本，就是擊敗古巴隊，如果輸球，就算進入「五隊大亂鬥」，比較失分率也確定出局。中華隊在這屆賽事開場以5：12輸給巴拿馬隊，接下來接連扳倒強敵，先是11：7擊敗義大利隊，昨晚背水一戰9：5戰勝擁有大聯盟級打線的荷蘭隊，2勝1敗戰績保有晉級希望。中華隊今天贏球就確定取得3勝，晉級八強的門票入手，將是繼2013年賽事後，再次挺進複賽、前進東京。然而如果輸球，就算晚場義大利打敗荷蘭，形成五隊戰績都是2勝2敗的大亂鬥，但根據規定將比較所有場次的失分率決定最後兩支晉級隊伍。截至今天賽前為止，中華隊丟掉24分是A組最多，第二多的巴拿馬隊丟掉21分，不過已經打完4場，加上中華隊今天對手古巴隊只掉14分，如果今天輸球，中華隊的失分還是比古巴多，代表至少有兩隊失分率排在中華隊前面，比較後無法晉級。 ▪ 經典賽即時新聞 ▪ 最新比分與完整賽程 ▪ 預賽分組戰績表 ▪ 經典賽專欄分析 經典賽WBC中華隊                    中華隊今天晉級不成，還在晚間接到另一個壞消息，由於義大利隊以7：1擊敗荷蘭隊，A組形成5隊都是2勝2敗的大亂鬥，中華隊在...                                      日本在世界棒球經典賽B組完全主宰戰場，今天不讓澳洲有喘息機會，大谷翔平首局就轟出致勝3分砲，一路領先到終場以7：1獲勝，...                                      台灣球隊在比賽後都有聚在投手丘圍成一圈向全場致謝的習慣，在這次經典賽也不例外。今天中午對決古巴的戰役，終場以1比7慘敗給...                                      日本今晚在世界棒球經典賽B組對決澳洲，爭取分組4連勝，大谷翔平擔任3棒指定打擊，1局上首次站進打擊區就轟出中右外野方向3...                                      這趟在風波之中展開的經典之旅，最終成為張育成與台灣球迷之間難忘的回憶，中華隊確定淘汰賽後，張育成紅了眼眶，他向球迷表達感...                                      中華隊今天以1：7輸給古巴隊，確定無緣晉級經典賽複賽，外界怪罪賽程安排「晚接午」不利中華隊，甚至影響球員調整，承辦單位悍...                  ,UDN
315,經典賽／陳仕朋押古巴戰不是在藏 餅總：沒什麼好藏,2023-03-12 10:46:00,運動,,https://udn.com/news/story/10785/7025773,中華隊今天繼續面對背水一戰，面對古巴贏球晉級、輸球淘汰，推出左投陳仕朋先發，先前並未登板、還是新鮮的手臂，總教練林岳平表示並非在「藏」，他僅在第一場待命出賽，「就是希望保留在最後一場有個先發投手。」中華隊在經典賽A組握有2勝1敗，今天面對古巴只能贏，林岳平評價對手，他說：「古巴是強悍的球隊，優異的投打，必須在比賽前半有效得分，後面投手不容易突破。」林子偉昨天自打球挫傷，林岳平帶來更新傷情，「選手沒有大礙，個人狀態良好，持續出賽。」中華隊此役推出來自富邦悍將隊的25歲左投陳仕朋先發，先前僅在首戰巴拿馬時進牛棚熱身，最終並未上場，他今天的先發登板，也將讓中華隊14名投手完成全員出賽。媒體提問是否在「藏」，林岳平表示，「這個比賽沒什麼好隱藏，再怎麼投就是65球，就是希望保留在最後一場有個先發投手，希望他利用這65球盡量去拉長局數。」對今日一戰的期許，餅總表示：「想盡辦法讓上場投手都能降低失分，期待我們打擊再次發揮。」 ▪ 經典賽即時新聞 ▪ 最新比分與完整賽程 ▪ 預賽分組戰績表 ▪ 經典賽專欄分析 經典賽WBC中華隊                    中華隊今天晉級不成，還在晚間接到另一個壞消息，由於義大利隊以7：1擊敗荷蘭隊，A組形成5隊都是2勝2敗的大亂鬥，中華隊在...                                      日本在世界棒球經典賽B組完全主宰戰場，今天不讓澳洲有喘息機會，大谷翔平首局就轟出致勝3分砲，一路領先到終場以7：1獲勝，...                                      台灣球隊在比賽後都有聚在投手丘圍成一圈向全場致謝的習慣，在這次經典賽也不例外。今天中午對決古巴的戰役，終場以1比7慘敗給...                                      日本今晚在世界棒球經典賽B組對決澳洲，爭取分組4連勝，大谷翔平擔任3棒指定打擊，1局上首次站進打擊區就轟出中右外野方向3...                                      這趟在風波之中展開的經典之旅，最終成為張育成與台灣球迷之間難忘的回憶，中華隊確定淘汰賽後，張育成紅了眼眶，他向球迷表達感...                                      中華隊今天以1：7輸給古巴隊，確定無緣晉級經典賽複賽，外界怪罪賽程安排「晚接午」不利中華隊，甚至影響球員調整，承辦單位悍...                  ,UDN
316,經典賽／南韓對捷克非贏不可 教頭坦言對方比想像更強,2023-03-12 10:46:00,運動,,https://udn.com/news/story/10785/7025775,南韓在世界棒球經典賽前兩戰不敵澳洲、日本，爭取8強門票陷入絕境，今天對捷克之戰完全沒有輸球本錢，總教練李强喆說：「這次比賽還沒結束，對捷克之戰全力搶分，也要減少失分。」南韓9日首戰7：8不敵澳洲成為重傷害，對日本之戰再以4：13慘敗，接下來必須擊敗捷克、中國大陸，還要看B組戰況變化，寄望目前2連勝的澳洲輸給日本、捷克，看看有沒有機會晉級8強。李强喆認為，捷克有些球員的身體素質讓人印象深刻，應付速球能力不錯，不過面對變化球有些困難，團隊戰力比原來想像更強。南韓今天先發打線大變動，從紅雀隊徵召的韓裔內野手艾德曼（Tommy Edman）前兩戰8打數只有1安打，從開路先鋒調到第9棒，NC恐龍隊朴健祐接下第1棒，原先一壘手朴炳鎬改為指定打擊，姜白虎接下一壘防區。朴健祐在韓職11季打擊率3成27、上壘率3成90，他說：「不管打什麼棒次都無所謂，我是積極進攻的打者，會做一直在做的事，不會站著看球。」南韓從2013年起，連續3屆經典賽首戰失利，過去兩次都在分組賽遭淘汰。 ▪ 經典賽即時新聞 ▪ 最新比分與完整賽程 ▪ 預賽分組戰績表 ▪ 經典賽專欄分析 經典賽WBC風雲                    中華隊今天晉級不成，還在晚間接到另一個壞消息，由於義大利隊以7：1擊敗荷蘭隊，A組形成5隊都是2勝2敗的大亂鬥，中華隊在...                                      日本在世界棒球經典賽B組完全主宰戰場，今天不讓澳洲有喘息機會，大谷翔平首局就轟出致勝3分砲，一路領先到終場以7：1獲勝，...                                      台灣球隊在比賽後都有聚在投手丘圍成一圈向全場致謝的習慣，在這次經典賽也不例外。今天中午對決古巴的戰役，終場以1比7慘敗給...                                      日本今晚在世界棒球經典賽B組對決澳洲，爭取分組4連勝，大谷翔平擔任3棒指定打擊，1局上首次站進打擊區就轟出中右外野方向3...                                      這趟在風波之中展開的經典之旅，最終成為張育成與台灣球迷之間難忘的回憶，中華隊確定淘汰賽後，張育成紅了眼眶，他向球迷表達感...                                      中華隊今天以1：7輸給古巴隊，確定無緣晉級經典賽複賽，外界怪罪賽程安排「晚接午」不利中華隊，甚至影響球員調整，承辦單位悍...                  ,UDN
317,經典賽／中華隊「WIN」進洲際 吳念庭：一定要前進東京,2023-03-12 10:55:00,運動,,https://udn.com/news/story/10785/7025788,世界棒球經典賽A組今天進入最後一天賽程，中華隊面對古巴贏球晉級、輸球淘汰，一翻兩瞪眼，選手帶著高昂鬥志前進洲際棒球場，吳念庭透露在來的巴士上，選手們一路喊著「WIN、WIN、WIN、WIN」。中華隊昨天以9：5擊敗荷蘭隊續命，今天依然是背水一戰，吳念庭出席賽前記者會，日媒向他表示，日本球迷相當期待可以在東京巨蛋看到他及中華隊，詢問他對今天賽事的期許。吳念庭表示，「大家都知道這場比賽相當重要，只有贏才能晉級，巴士上有想要贏的強大喊話，拚了這場，一定要前進東京。」他透露吉力吉撈．鞏冠、林子偉都在巴士後排唱英文歌，「我們在那邊跟著喊WIN、WIN、WIN、WIN，我們要贏。」中華隊在預賽的最後3場比賽為3連戰，今天是晚場接午場的意志力考驗，吳念庭坦言身體非常疲勞，「但大家都是職業選手，我們都準備好了，適應這場比賽沒有問題。」 ▪ 經典賽即時新聞 ▪ 最新比分與完整賽程 ▪ 預賽分組戰績表 ▪ 經典賽專欄分析 經典賽WBC中華隊                    中華隊今天晉級不成，還在晚間接到另一個壞消息，由於義大利隊以7：1擊敗荷蘭隊，A組形成5隊都是2勝2敗的大亂鬥，中華隊在...                                      日本在世界棒球經典賽B組完全主宰戰場，今天不讓澳洲有喘息機會，大谷翔平首局就轟出致勝3分砲，一路領先到終場以7：1獲勝，...                                      台灣球隊在比賽後都有聚在投手丘圍成一圈向全場致謝的習慣，在這次經典賽也不例外。今天中午對決古巴的戰役，終場以1比7慘敗給...                                      日本今晚在世界棒球經典賽B組對決澳洲，爭取分組4連勝，大谷翔平擔任3棒指定打擊，1局上首次站進打擊區就轟出中右外野方向3...                                      這趟在風波之中展開的經典之旅，最終成為張育成與台灣球迷之間難忘的回憶，中華隊確定淘汰賽後，張育成紅了眼眶，他向球迷表達感...                                      中華隊今天以1：7輸給古巴隊，確定無緣晉級經典賽複賽，外界怪罪賽程安排「晚接午」不利中華隊，甚至影響球員調整，承辦單位悍...                  ,UDN
318,經典賽／K湯弟首打席砲轟衛冕軍美國  英國隊友為他加冕！,2023-03-12 11:09:00,運動,,https://udn.com/news/story/10785/7025803,在勇士球星湯普森（Klay Thompson）出戰公鹿隊同時，弟弟T.湯普森（Trayce Thompson）也正代表英國隊，在經典賽對陣強敵美國隊，不僅如此，他還在首打席中揮出全壘打，被隊友「加冕為王」。T.湯普森目前為道奇隊效力，上季繳出13轟、長打率破五成的表現，也讓因爸爸出身，而有資格披上英國戰袍的他入選國家隊，並在首戰面對美國的比賽扛下第二棒任務。首個打席，面對紅雀老將韋恩萊特（ Adam Wainwright）的一計變化球，T.湯普森大棒一揮將球轟出中左外野，形成一支陽春砲。T.湯普森在回到休息室後受隊友加冕。 截自《The Sporting News》推特跑回休息室後，T.湯普森的隊友走向前，為他戴上皇冠、披上披風，將這名為球隊首開紀錄的英雄奉為「國王」。另外，根據記者蘭絲（Sarah Langs）T.湯普森為第十一位生涯首次踏上經典賽打擊區即開轟的球員。英國本屆一路從資格賽闖入正賽，目前仍和美國激戰中，尋求小組賽首勝。BASEBALL IS THE BEST https://t.co/fdNYUSHy8F ▪ 經典賽即時新聞 ▪ 最新比分與完整賽程 ▪ 預賽分組戰績表 ▪ 經典賽專欄分析 經典賽WBC風雲                    中華隊今天晉級不成，還在晚間接到另一個壞消息，由於義大利隊以7：1擊敗荷蘭隊，A組形成5隊都是2勝2敗的大亂鬥，中華隊在...                                      日本在世界棒球經典賽B組完全主宰戰場，今天不讓澳洲有喘息機會，大谷翔平首局就轟出致勝3分砲，一路領先到終場以7：1獲勝，...                                      台灣球隊在比賽後都有聚在投手丘圍成一圈向全場致謝的習慣，在這次經典賽也不例外。今天中午對決古巴的戰役，終場以1比7慘敗給...                                      日本今晚在世界棒球經典賽B組對決澳洲，爭取分組4連勝，大谷翔平擔任3棒指定打擊，1局上首次站進打擊區就轟出中右外野方向3...                                      這趟在風波之中展開的經典之旅，最終成為張育成與台灣球迷之間難忘的回憶，中華隊確定淘汰賽後，張育成紅了眼眶，他向球迷表達感...                                      中華隊今天以1：7輸給古巴隊，確定無緣晉級經典賽複賽，外界怪罪賽程安排「晚接午」不利中華隊，甚至影響球員調整，承辦單位悍...                  ,UDN
319,經典賽Live／中華遭封鎖吞12K 1：7輸古巴確定淘汰,2023-03-12 15:31:00,運動,,https://udn.com/news/story/10785/7025815,2023世界棒球經典賽中華隊與古巴之戰，中華隊曾峻岳（左）7局上場中繼，與捕手林岱安（右）搭配。記者余承翰／攝影2023世界棒球經典賽中華隊與古巴之戰，中華隊江少慶5局上傳中繼。 記者余承翰／攝影2023世界棒球經典賽中華隊與古巴之戰，中華隊王維中4局上場化解危機。 記者余承翰／攝影2023世界棒球經典賽中華隊與古巴之戰，中華隊陳冠偉2局上場中繼。 記者余承翰／攝影2023世界棒球經典賽中華隊與古巴之戰，中華隊江坤宇（左）2局下觸殺古巴隊盜壘跑者。 記者余承翰／攝影2023世界棒球經典賽中華隊與古巴之戰，中華隊林子偉3局下在全壘打牆前美技接殺。記者余承翰／攝影 余承翰【賽前報導】前兩場以這份打線名單擊敗義大利、荷蘭隊，中華隊今天中午迎戰古巴隊當然不更動，連三場「貼上複製」，唯一不同是先發投手交由陳仕朋把關，期待為中華隊帶來「生子後」好運。陳仕朋在對巴拿馬、義大利隊時都曾進入牛棚熱身待命，但未等到出賽時機，反而在最終關鍵戰役，扛起先發任務，也是個人繼2019年亞錦賽後再次擔任成棒國際賽先發，當年他面對南韓隊投出3.2局無失分好投。中華隊從對義大利隊微調名單後，接下來兩場11：7轟倒義大利隊、9：5擊敗荷蘭隊，團隊5轟暫居賽會第一，今天打線依舊不變，敲出兩轟的張育成續扛第四棒。2023世界棒球經典賽中華隊與古巴之戰，中華隊先發投手陳仕朋首局就掉四分。記者余承翰／攝影2023世界棒球經典賽中華隊與古巴之戰，中華隊球員賽前圍在場中互相打氣。 記者余承翰／攝影 ▪ 經典賽即時新聞 ▪ 最新比分與完整賽程 ▪ 預賽分組戰績表 ▪ 經典賽專欄分析 經典賽WBC中華隊                    中華隊今天晉級不成，還在晚間接到另一個壞消息，由於義大利隊以7：1擊敗荷蘭隊，A組形成5隊都是2勝2敗的大亂鬥，中華隊在...                                      日本在世界棒球經典賽B組完全主宰戰場，今天不讓澳洲有喘息機會，大谷翔平首局就轟出致勝3分砲，一路領先到終場以7：1獲勝，...                                      台灣球隊在比賽後都有聚在投手丘圍成一圈向全場致謝的習慣，在這次經典賽也不例外。今天中午對決古巴的戰役，終場以1比7慘敗給...                                      日本今晚在世界棒球經典賽B組對決澳洲，爭取分組4連勝，大谷翔平擔任3棒指定打擊，1局上首次站進打擊區就轟出中右外野方向3...                                      這趟在風波之中展開的經典之旅，最終成為張育成與台灣球迷之間難忘的回憶，中華隊確定淘汰賽後，張育成紅了眼眶，他向球迷表達感...                                      中華隊今天以1：7輸給古巴隊，確定無緣晉級經典賽複賽，外界怪罪賽程安排「晚接午」不利中華隊，甚至影響球員調整，承辦單位悍...                  ,UDN
320,經典賽／搶預賽全勝！日本派山本由伸先發澳洲,2023-03-12 11:42:00,運動,,https://udn.com/news/story/10785/7025821,日本隊在本屆世界棒球經典賽預賽至今未嘗敗績取得三連勝，今晚對戰澳洲隊將派連兩屆日本職棒「澤村賞」（澤村獎）強投山本由伸先發，希望能在預賽拿下全勝戰績。日本放送協會（NHK）報導，日本隊3月11日以10比2輕取捷克隊，拿下預賽三連勝佳績。澳洲目前預賽戰績為二連勝，與日本同樣至今未敗。今晚要先發對戰澳洲的山本由伸，是在日本職棒太平洋聯盟連兩年拿下先發投手4項頭銜，以及連兩年奪得「澤村賞」的強投。日本隊監督栗山英樹在3月11日晚間賽後表示，山本是經驗豐富的投手，「我相信他會在這場重要比賽中發揮出自己的實力」。日本隊今天如果打贏澳洲隊，將篤定以分組第一晉級複賽。 ▪ 經典賽即時新聞 ▪ 最新比分與完整賽程 ▪ 預賽分組戰績表 ▪ 經典賽專欄分析 經典賽WBC風雲                    中華隊今天晉級不成，還在晚間接到另一個壞消息，由於義大利隊以7：1擊敗荷蘭隊，A組形成5隊都是2勝2敗的大亂鬥，中華隊在...                                      日本在世界棒球經典賽B組完全主宰戰場，今天不讓澳洲有喘息機會，大谷翔平首局就轟出致勝3分砲，一路領先到終場以7：1獲勝，...                                      台灣球隊在比賽後都有聚在投手丘圍成一圈向全場致謝的習慣，在這次經典賽也不例外。今天中午對決古巴的戰役，終場以1比7慘敗給...                                      日本今晚在世界棒球經典賽B組對決澳洲，爭取分組4連勝，大谷翔平擔任3棒指定打擊，1局上首次站進打擊區就轟出中右外野方向3...                                      這趟在風波之中展開的經典之旅，最終成為張育成與台灣球迷之間難忘的回憶，中華隊確定淘汰賽後，張育成紅了眼眶，他向球迷表達感...                                      中華隊今天以1：7輸給古巴隊，確定無緣晉級經典賽複賽，外界怪罪賽程安排「晚接午」不利中華隊，甚至影響球員調整，承辦單位悍...                  ,UDN
321,經典賽／「國防部長」國際外交？ 捷克也學張育成敬禮,2023-03-12 11:49:00,運動,,https://udn.com/news/story/10785/7025867,捷克隊在昨日面對日本隊比賽表現精彩，曾在首局棒打佐佐木朗希，取得短暫領先。不僅如此，當捷克打者安打上壘時，對休息室比出的「敬禮」動作也同樣吸睛。台灣球迷對於「敬禮」肯定不陌生，雖然這個動作原本用來揶揄「二兵」張育成，但隨著他在小組賽砲火連連，並在回到休息室後向隊友、全場觀眾比出這個動作後，「敬禮」也成了全台精神指標，甚至在戰勝義大利隊後，有記者好奇詢問「敬禮」的意涵，使張育成啼笑皆非。不過，當場景從洲際棒球場轉到B組東京巨蛋，捷克日本戰中，當捷克上到壘包，跑者也將手舉起來，向休息室「敬禮」，畫面與張育成敲安、開轟時所比出的動作如出一轍，讓網友不禁推測，靈感正是來自這幾天的中華隊。賽前，捷克就因隊內成員來自各行各業而頗受關注，如今又多了「敬禮」的共同點，讓台灣球迷再度將眼光放在這支歐洲球隊上。チェコが得点した時のパフォーマンスが陽気すぎて推せる#WBC pic.twitter.com/zt7ZEd0tXo ▪ 經典賽即時新聞 ▪ 最新比分與完整賽程 ▪ 預賽分組戰績表 ▪ 經典賽專欄分析 經典賽WBC風雲張育成捷克日本                    中華隊今天晉級不成，還在晚間接到另一個壞消息，由於義大利隊以7：1擊敗荷蘭隊，A組形成5隊都是2勝2敗的大亂鬥，中華隊在...                                      日本在世界棒球經典賽B組完全主宰戰場，今天不讓澳洲有喘息機會，大谷翔平首局就轟出致勝3分砲，一路領先到終場以7：1獲勝，...                                      台灣球隊在比賽後都有聚在投手丘圍成一圈向全場致謝的習慣，在這次經典賽也不例外。今天中午對決古巴的戰役，終場以1比7慘敗給...                                      日本今晚在世界棒球經典賽B組對決澳洲，爭取分組4連勝，大谷翔平擔任3棒指定打擊，1局上首次站進打擊區就轟出中右外野方向3...                                      這趟在風波之中展開的經典之旅，最終成為張育成與台灣球迷之間難忘的回憶，中華隊確定淘汰賽後，張育成紅了眼眶，他向球迷表達感...                                      中華隊今天以1：7輸給古巴隊，確定無緣晉級經典賽複賽，外界怪罪賽程安排「晚接午」不利中華隊，甚至影響球員調整，承辦單位悍...                  ,UDN
322,經典賽／奪冠熱門多明尼加踢鐵板 首戰慘吞15K輸委內瑞拉,2023-03-12 11:42:00,運動,,https://udn.com/news/story/10785/7025873,經典賽奪冠呼聲頗高的多明尼加，今天在D組首戰踢到鐵板，以1：5不敵委內瑞拉，去年國聯塞揚獎得主阿坎塔拉（Sandy Alcantara）先發3.2局失3分吞敗。多明尼加1局上就展開攻勢，面對委內瑞拉先發投手培瑞茲（Martin Perez），前兩棒羅德里奎茲（Julio Rodriguez）安打、索托（Juan Soto）二壘打，攻下全場第1分。多明尼加推出馬林魚隊王牌投手阿坎塔拉上陣，2局下被桑坦德（Anthony Santander）轟出右外野陽春砲，遭追成1：1平手。委內瑞拉4局下攻勢再起，培瑞茲（Salvador Perez）二壘打、托瑞斯（Gleyber Torres）獲得保送、吉曼尼茲（Andres Gimenez）安打，接著培洛塔（David Peralta）關鍵安打攻下兩分打點，幫助球隊3：1超前，也打退阿坎塔拉。委內瑞拉打出氣勢，6局下2出局蘇亞雷斯（Eugenio Suarez）被保送，培洛塔揮出二壘打再下一城；8局下同樣2出局，桑坦德揮出三壘打，蘇亞雷斯追加安打攻下全隊第5分，多明尼加大勢已去。本屆經典賽開打前，多明尼加奪冠看好度排名第1，領先美國、日本，不料今天首場比賽出師不利；阿坎塔拉用64球完成先發任務，被揮出5支安打，包括1支全壘打，三振兩次、保送3次，失3分都是自責分。委內瑞拉全場出現9支安打，多明尼加只有6支，教士隊球星馬恰多（Manny Machado）扛起3棒重任，4個打數掛零、吞下兩次三振、獲1次保送，多明尼加終場4分之差落敗。委內瑞拉5名投手接力保住勝利，聯手飆出15K，每局都演出三振紀錄，第2任魯伊茲（Jose Ruiz）投0.2局無失分成為勝投。 ▪ 經典賽即時新聞 ▪ 最新比分與完整賽程 ▪ 預賽分組戰績表 ▪ 經典賽專欄分析 經典賽WBC風雲                    中華隊今天晉級不成，還在晚間接到另一個壞消息，由於義大利隊以7：1擊敗荷蘭隊，A組形成5隊都是2勝2敗的大亂鬥，中華隊在...                                      日本在世界棒球經典賽B組完全主宰戰場，今天不讓澳洲有喘息機會，大谷翔平首局就轟出致勝3分砲，一路領先到終場以7：1獲勝，...                                      台灣球隊在比賽後都有聚在投手丘圍成一圈向全場致謝的習慣，在這次經典賽也不例外。今天中午對決古巴的戰役，終場以1比7慘敗給...                                      日本今晚在世界棒球經典賽B組對決澳洲，爭取分組4連勝，大谷翔平擔任3棒指定打擊，1局上首次站進打擊區就轟出中右外野方向3...                                      這趟在風波之中展開的經典之旅，最終成為張育成與台灣球迷之間難忘的回憶，中華隊確定淘汰賽後，張育成紅了眼眶，他向球迷表達感...                                      中華隊今天以1：7輸給古巴隊，確定無緣晉級經典賽複賽，外界怪罪賽程安排「晚接午」不利中華隊，甚至影響球員調整，承辦單位悍...                  ,UDN
323,經典運彩／面對日職最強投手 看好黑馬澳洲仍有機會反咬一口,2023-03-12 12:00:00,運動,,https://udn.com/news/story/10785/7025907,【文／運彩貓堯舜魚湯】比賽時間: 3/12 18:00澳洲本屆表現令人驚奇，目前2戰全勝，甚至爆冷贏韓國；日本同樣沒輸過，戰績3勝0敗穩進八強。兩隊同天打爆對手，氣勢都正好，接下來將正面對決，令人期待。    本場賽事由日本先攻，澳洲後攻，目前僅日本公布先發投手，由當今日職最強投手山本由伸先發，去年在歐力士投出15勝5敗ERA1.68的鬼神成績。兩隊陣容相比，日本由大聯盟及日職球員組成，澳洲則是澳職搭配少數美職體系球員，日本戰力相比之下還是較完整。    雖然澳洲看起來比日本要弱，但本屆表現相當令人刮目相看，且日澳過去在國際賽交手，日本也不是沒被澳洲擊敗過，在日本讓分稍深的情形下，澳洲仍有咬盤的機會。運彩盤推薦：澳洲 +5.5 受讓國際盤推薦：澳洲 受讓  ▪ 經典賽即時新聞 ▪ 最新比分與完整賽程 ▪ 預賽分組戰績表 ▪ 經典賽專欄分析 經典賽WBC運彩                    中華隊今天晉級不成，還在晚間接到另一個壞消息，由於義大利隊以7：1擊敗荷蘭隊，A組形成5隊都是2勝2敗的大亂鬥，中華隊在...                                      日本在世界棒球經典賽B組完全主宰戰場，今天不讓澳洲有喘息機會，大谷翔平首局就轟出致勝3分砲，一路領先到終場以7：1獲勝，...                                      台灣球隊在比賽後都有聚在投手丘圍成一圈向全場致謝的習慣，在這次經典賽也不例外。今天中午對決古巴的戰役，終場以1比7慘敗給...                                      日本今晚在世界棒球經典賽B組對決澳洲，爭取分組4連勝，大谷翔平擔任3棒指定打擊，1局上首次站進打擊區就轟出中右外野方向3...                                      這趟在風波之中展開的經典之旅，最終成為張育成與台灣球迷之間難忘的回憶，中華隊確定淘汰賽後，張育成紅了眼眶，他向球迷表達感...                                      中華隊今天以1：7輸給古巴隊，確定無緣晉級經典賽複賽，外界怪罪賽程安排「晚接午」不利中華隊，甚至影響球員調整，承辦單位悍...                  ,UDN
324,影／台中雙胞胎警犬神預測贏荷蘭 古巴下場出爐,2023-03-12 12:11:00,運動,,https://udn.com/news/story/10785/7025940,台中市刑大警犬隊今年配合執行洲際棒球場的偵察爆裂物、違禁品的工作，9日警犬姊妹「保庇Bobby」、「水餃Tiny」執行完任務後，刑大利用台灣、荷蘭兩國的國旗，要警犬姊妹預測，兩犬都力挺中華隊，在中華民國國旗前坐下，沒想到昨天比賽出爐，也被兩犬神預測，今天對上古巴，警犬隊派出偵爆犬Audi，咬下古巴隊，象徵今天戰果。此次2023世界棒球經典賽A組預賽在台中洲際棒球場舉辦，台中市警局派出市刑大警犬隊9隻警犬，組成「防爆偵蒐小組」輔助執行場地的安檢工作，9日上午，在執行完開場的場檢後，台中市刑大警犬姊妹「保庇Bobby」、「水餃Tiny」，特別和台中市城市吉祥物石虎家族虎爸，一起在洲際棒球場提前為昨天的賽事結果預測。第一次預測，由水餃上場先發，水餃毫不猶豫直奔中華隊的陣營，第二次預測，派出保庇，Bobby一開始在荷蘭隊的陣營猶豫了一下，但是仍然選擇中華隊，捍衛主場替台灣加油。今天上午，警犬隊在作偵爆、防衛練習時，也出動偵爆犬Audi背著中華民國國旗，與手上帶有古巴國旗護套的領犬員，展開防衛訓練，Audi也猛咬護套，象徵今天中華隊對上古巴的最後戰果，就是「咬下」古巴。台中市刑大大隊長林明佐呼籲球迷，「治安我來，看球你來」，提醒球迷全力加油，享受比賽，不管勝敗，都保持風度。對於破壞台中市的不法或暴力犯罪情事，警方隨時準備，在場打擊犯罪。台中市警犬隊偵爆犬Audi今天背著中華民國國旗，與帶著古巴國旗的領犬員，展開防衛練習，也象徵咬下古巴。圖／台中市警犬隊提供 ▪ 經典賽即時新聞 ▪ 最新比分與完整賽程 ▪ 預賽分組戰績表 ▪ 經典賽專欄分析 經典賽WBC中華隊                    中華隊今天晉級不成，還在晚間接到另一個壞消息，由於義大利隊以7：1擊敗荷蘭隊，A組形成5隊都是2勝2敗的大亂鬥，中華隊在...                                      日本在世界棒球經典賽B組完全主宰戰場，今天不讓澳洲有喘息機會，大谷翔平首局就轟出致勝3分砲，一路領先到終場以7：1獲勝，...                                      台灣球隊在比賽後都有聚在投手丘圍成一圈向全場致謝的習慣，在這次經典賽也不例外。今天中午對決古巴的戰役，終場以1比7慘敗給...                                      日本今晚在世界棒球經典賽B組對決澳洲，爭取分組4連勝，大谷翔平擔任3棒指定打擊，1局上首次站進打擊區就轟出中右外野方向3...                                      這趟在風波之中展開的經典之旅，最終成為張育成與台灣球迷之間難忘的回憶，中華隊確定淘汰賽後，張育成紅了眼眶，他向球迷表達感...                                      中華隊今天以1：7輸給古巴隊，確定無緣晉級經典賽複賽，外界怪罪賽程安排「晚接午」不利中華隊，甚至影響球員調整，承辦單位悍...                  ,UDN
325,經典賽／韓國晉級機率渺茫 韓職名將：輸中國就待在日本,2023-03-12 12:28:00,運動,,https://udn.com/news/story/10785/7025944,原先被看好晉級八強的韓國隊，在本屆經典賽表現不佳，如今更瀕臨淘汰邊緣，使得前韓職名將梁埈赫不禁痛批：「輸中國就別回來了。」已連續兩屆無緣八強的韓國，本次賽事與日本、捷克、澳洲、中國等隊一同被分在B組，並被認為可以從中脫穎而出。然而，韓國在9日意外遭澳洲以8：7逆轉，又於10日率先取得領先之下，被日本以13：4痛宰，上演「東京慘案」。對於這種表現，曾在韓職奮鬥接近20年，敲出超過350轟的梁峻赫，在個人頻道重話抨擊韓國隊，「韓國棒球就只有這樣嗎？這是我個人目前為止，看過最糟糕的國家隊表現。」此外，梁峻赫也特別提到最後一天對上中國的比賽，「如果輸給中國的話，就不要回韓國也不要當國家代表了，留在日本打社會人隊就可以了。」並表示，「回國可以坐飛機的人已經決定好了，除了梁義智、朴健祐、李政厚、金廣鉉、元兌仁、朴世雄以外的人都得搭船回來。」連吞兩敗後，韓國晉級機會已十分渺茫，就連《首爾新聞》都表示，韓國只能在接下來取得全勝後，寄望捷克締造奇蹟，擊敗澳洲。 ▪ 經典賽即時新聞 ▪ 最新比分與完整賽程 ▪ 預賽分組戰績表 ▪ 經典賽專欄分析 經典賽WBC風雲                    中華隊今天晉級不成，還在晚間接到另一個壞消息，由於義大利隊以7：1擊敗荷蘭隊，A組形成5隊都是2勝2敗的大亂鬥，中華隊在...                                      日本在世界棒球經典賽B組完全主宰戰場，今天不讓澳洲有喘息機會，大谷翔平首局就轟出致勝3分砲，一路領先到終場以7：1獲勝，...                                      台灣球隊在比賽後都有聚在投手丘圍成一圈向全場致謝的習慣，在這次經典賽也不例外。今天中午對決古巴的戰役，終場以1比7慘敗給...                                      日本今晚在世界棒球經典賽B組對決澳洲，爭取分組4連勝，大谷翔平擔任3棒指定打擊，1局上首次站進打擊區就轟出中右外野方向3...                                      這趟在風波之中展開的經典之旅，最終成為張育成與台灣球迷之間難忘的回憶，中華隊確定淘汰賽後，張育成紅了眼眶，他向球迷表達感...                                      中華隊今天以1：7輸給古巴隊，確定無緣晉級經典賽複賽，外界怪罪賽程安排「晚接午」不利中華隊，甚至影響球員調整，承辦單位悍...                  ,UDN
326,經典賽／台日球員擺「圓陣」鞠躬文化 外國球迷讚令人尊敬,2023-03-12 13:35:00,運動,,https://udn.com/news/story/10785/7025971,中華隊與日本隊在本屆世界棒球經典賽預賽分屬不同組別，但賽後都有向觀眾鞠躬的文化。主辦單位在官方IG公開兩隊鞠躬影片後，吸引不少外國球迷留言稱讚「令人尊敬」。日媒The Answer報導，本屆世界棒球經典賽正如火如荼進行，其中日本隊與台灣隊的鞠躬方式受到關注。兩隊球員在賽後都會向觀眾席鞠躬，但方式有所不同，日本隊是讓球員排成一列，台灣隊則是讓球員在投手丘圍成圓圈。從經典賽主辦單位官方IG上公布的影片可以看到，日本隊球員在賽後排成一列，大谷翔平等人脫帽向觀眾席鞠躬，之後再轉身向另一邊觀眾席鞠躬。影片中的台灣隊球員則是在投手丘圍成一圈，脫帽後先朝外向觀眾席360度鞠躬，之後再轉身朝圓心鞠躬。主辦單位在IG公開的影片下方寫著「對主場觀眾的感謝」，不少外國球迷留言稱讚說「我喜歡這種文化」、「我尊敬日本隊和台灣隊」、「兩國都是很棒的文化」等。這種台日球員鞠躬方式不同，也在日本球迷間引發話題。有日本球迷留言說「台灣也很有禮貌」、「從賽後對觀眾的回禮就可以看出不同文化」、「在日本看不到的（鞠躬）方式」。 ▪ 經典賽即時新聞 ▪ 最新比分與完整賽程 ▪ 預賽分組戰績表 ▪ 經典賽專欄分析 經典賽WBC中華隊                    中華隊今天晉級不成，還在晚間接到另一個壞消息，由於義大利隊以7：1擊敗荷蘭隊，A組形成5隊都是2勝2敗的大亂鬥，中華隊在...                                      日本在世界棒球經典賽B組完全主宰戰場，今天不讓澳洲有喘息機會，大谷翔平首局就轟出致勝3分砲，一路領先到終場以7：1獲勝，...                                      台灣球隊在比賽後都有聚在投手丘圍成一圈向全場致謝的習慣，在這次經典賽也不例外。今天中午對決古巴的戰役，終場以1比7慘敗給...                                      日本今晚在世界棒球經典賽B組對決澳洲，爭取分組4連勝，大谷翔平擔任3棒指定打擊，1局上首次站進打擊區就轟出中右外野方向3...                                      這趟在風波之中展開的經典之旅，最終成為張育成與台灣球迷之間難忘的回憶，中華隊確定淘汰賽後，張育成紅了眼眶，他向球迷表達感...                                      中華隊今天以1：7輸給古巴隊，確定無緣晉級經典賽複賽，外界怪罪賽程安排「晚接午」不利中華隊，甚至影響球員調整，承辦單位悍...                  ,UDN
327,經典賽／陳仕朋1.1局退場 中華隊4場先發投手合計只投9局,2023-03-12 13:23:00,運動,,https://udn.com/news/story/10785/7026110,中華隊今天出戰古巴隊，爭取從唯一活路突圍挺進8強，先發投手陳仕朋僅投1.1局退場，中華隊4戰先發投手以胡智爲3局已是最長局數，陳仕朋1.1局最短，4人合計投9局、責失10分。陳仕朋此役首局就遇到大亂流，一出局後連續4棒上壘，迪斯派（Alfredo Despaigne）的2分打點二壘打為古巴先馳得點，阿魯巴耶納（Erisbel Arruebarrena）補上兩分砲。陳仕朋第二局續投，依然被敲安打連連，連續兩棒上壘，桑托斯（Roel Santos）的游擊方向滾地球送回1分，中華隊在此時換投。盤點4位在預賽為中華隊扛起先發的投手，胡智爲對義大利投3局失3分，已是中華隊最長先發局數；接著江少慶對義大利先發2局失2分，黃子鵬對荷蘭投2.2局失2分（責失1分），陳仕朋1.1局敲5安打、失5分（責失4分），4人合計9局責失10分。2023世界棒球經典賽中華隊與古巴之戰，中華隊先發投手陳仕朋（右）首局就掉四分。記者余承翰／攝影 ▪ 經典賽即時新聞 ▪ 最新比分與完整賽程 ▪ 預賽分組戰績表 ▪ 經典賽專欄分析 經典賽WBC中華隊                    中華隊今天晉級不成，還在晚間接到另一個壞消息，由於義大利隊以7：1擊敗荷蘭隊，A組形成5隊都是2勝2敗的大亂鬥，中華隊在...                                      日本在世界棒球經典賽B組完全主宰戰場，今天不讓澳洲有喘息機會，大谷翔平首局就轟出致勝3分砲，一路領先到終場以7：1獲勝，...                                      台灣球隊在比賽後都有聚在投手丘圍成一圈向全場致謝的習慣，在這次經典賽也不例外。今天中午對決古巴的戰役，終場以1比7慘敗給...                                      日本今晚在世界棒球經典賽B組對決澳洲，爭取分組4連勝，大谷翔平擔任3棒指定打擊，1局上首次站進打擊區就轟出中右外野方向3...                                      這趟在風波之中展開的經典之旅，最終成為張育成與台灣球迷之間難忘的回憶，中華隊確定淘汰賽後，張育成紅了眼眶，他向球迷表達感...                                      中華隊今天以1：7輸給古巴隊，確定無緣晉級經典賽複賽，外界怪罪賽程安排「晚接午」不利中華隊，甚至影響球員調整，承辦單位悍...                  ,UDN
328,經典賽／天使教頭透露大谷8強將先發 恐無緣對決隊友楚奧特,2023-03-12 13:53:00,運動,,https://udn.com/news/story/10785/7026114,天使隊總教練奈文（Phil Nevin），日前在MLB官網報導中，分享球隊輪值安排，也透露大谷翔平將在八強賽掛帥先發。大谷在小組賽前三場比賽投打兩端表現出色，協助日本隊接連擊敗中國、韓國、澳洲，提前晉級八強，更有機會以全勝之姿取得小組第一。原先，球迷期待日本能安排大谷為四強賽先發投手，屆時，他將有機會對上隊友楚奧特（Mike Trout）率領的美國隊。不過，奈文卻打破球迷美夢，「據我所知，他會在八強賽上場投球。」大谷八強賽先發的安排，或許是為他的MLB開季做準備。據奈文所述，他會在美國時間24號對上教士隊的熱身賽以先發身份登板，並於美國時間30號作客奧克蘭的開幕戰先發出戰，這勢必影響了他在經典賽能站上投手丘的日期。日本隊若順利以分組第一晉級八強，則將在台北時間週四，在東京巨蛋對上A組第二名。 ▪ 經典賽即時新聞 ▪ 最新比分與完整賽程 ▪ 預賽分組戰績表 ▪ 經典賽專欄分析 經典賽WBC風雲                    中華隊今天晉級不成，還在晚間接到另一個壞消息，由於義大利隊以7：1擊敗荷蘭隊，A組形成5隊都是2勝2敗的大亂鬥，中華隊在...                                      日本在世界棒球經典賽B組完全主宰戰場，今天不讓澳洲有喘息機會，大谷翔平首局就轟出致勝3分砲，一路領先到終場以7：1獲勝，...                                      台灣球隊在比賽後都有聚在投手丘圍成一圈向全場致謝的習慣，在這次經典賽也不例外。今天中午對決古巴的戰役，終場以1比7慘敗給...                                      日本今晚在世界棒球經典賽B組對決澳洲，爭取分組4連勝，大谷翔平擔任3棒指定打擊，1局上首次站進打擊區就轟出中右外野方向3...                                      這趟在風波之中展開的經典之旅，最終成為張育成與台灣球迷之間難忘的回憶，中華隊確定淘汰賽後，張育成紅了眼眶，他向球迷表達感...                                      中華隊今天以1：7輸給古巴隊，確定無緣晉級經典賽複賽，外界怪罪賽程安排「晚接午」不利中華隊，甚至影響球員調整，承辦單位悍...                  ,UDN
329,經典賽／台灣棒球啦啦隊超拚 MLB專文讚是一門藝術,2023-03-12 13:46:00,運動,,https://udn.com/news/story/10785/7026117,看世界棒球經典賽A組賽事應會注意到一旁吶喊的群眾。美國職棒MLB官網形容這是全球獨一無二景象：無論落後10分還是領先10分，第1局或最後1局，台中洲際棒球場內台灣應援團加油聲從沒停過。MLB官網點出，台灣球迷熱愛自家球隊、力挺自家球員當然是他們加油的原因，但場邊還有一個由12至14人組成的啦啦隊，持續帶領著球迷不間斷的替球隊打氣。他們唱著歌、踱著腳，給了球場滿滿的能量，有時一連4個小時都不喊累。應援團團長Travis告訴MLB，第一場對上巴拿馬的比賽，「我們落後10分的時候，我知道我們落後，但我不只是一個球迷，所以雖然心裡沮喪，我臉上一定要保持笑容，繼續帶著球迷為球員加油。」啦啦隊的Seulgi也說，就算比分落後，比賽只要還沒結束就要繼續替台灣隊加油，「甚至更加倍賣力的加油」。A組預賽台灣首戰對上巴拿馬吞敗，但10日以11比7擊敗義大利，扳回一城。MLB官網報導說，台灣隊似乎在啦啦隊和現場球迷的加油聲中愈打愈順手，對手則似乎難以招架。義大利隊總教練皮耶薩（Mike Piazza）在賽後表示：「進攻時候啦啦隊和球迷加油聲讓我非常驚訝。」他說：「在球場是完全不同的感受。」對Travis、Seulgi和整支啦啦隊來說，他們接下來繼續為台灣隊加油，幫忙培養球場內那種群情激昂、難以言喻的主場優勢。Travis說：「我們可以為比賽增加一點影響力。我們會替某個球員加油打出全壘打，當他真的擊出全壘打，感覺就像『哇賽，這是吸引力法則還是地心引力還是宇宙某種力量在發威』。召喚宇宙的力量，讓事情成真！」 ▪ 經典賽即時新聞 ▪ 最新比分與完整賽程 ▪ 預賽分組戰績表 ▪ 經典賽專欄分析 經典賽WBC中華隊                    中華隊今天晉級不成，還在晚間接到另一個壞消息，由於義大利隊以7：1擊敗荷蘭隊，A組形成5隊都是2勝2敗的大亂鬥，中華隊在...                                      日本在世界棒球經典賽B組完全主宰戰場，今天不讓澳洲有喘息機會，大谷翔平首局就轟出致勝3分砲，一路領先到終場以7：1獲勝，...                                      台灣球隊在比賽後都有聚在投手丘圍成一圈向全場致謝的習慣，在這次經典賽也不例外。今天中午對決古巴的戰役，終場以1比7慘敗給...                                      日本今晚在世界棒球經典賽B組對決澳洲，爭取分組4連勝，大谷翔平擔任3棒指定打擊，1局上首次站進打擊區就轟出中右外野方向3...                                      這趟在風波之中展開的經典之旅，最終成為張育成與台灣球迷之間難忘的回憶，中華隊確定淘汰賽後，張育成紅了眼眶，他向球迷表達感...                                      中華隊今天以1：7輸給古巴隊，確定無緣晉級經典賽複賽，外界怪罪賽程安排「晚接午」不利中華隊，甚至影響球員調整，承辦單位悍...                  ,UDN
330,經典賽／古巴頻搞小動作！被檢查「抹油」後…投手手抽筋退場,2023-03-12 13:38:00,運動,,https://udn.com/news/story/10785/7026139,世界棒球經典賽今天午場由中華隊對上古巴隊，古巴隊先發投手雷法（Elian Leyva）壓制了中華隊2.1局，但先是被檢查是否「抹油」，沒多久又因手抽筋，被球隊換下場。古巴隊今天對上中華隊「拐氣」手段不少，1局上雷法在1出局後連投2次四死球，此時古巴隊教練團突然上場與主審爭論，一段時間後，又換投手教練喊出暫停，經過時間休整，雷法也用連續2K化解危機。2局上雷法對中華隊投出三上三下，不過3局登板投球前，中華隊教練團質疑似乎有使用外部物質，雷法的白色球褲也確實有些污漬，主審上前檢查雷法的手套、球帽、球褲後，確認沒有問題，讓他續投。不過雷法在解決掉江坤宇後，面對鄭宗哲卻連投3次壞球，此時古巴教練再次喊暫停，防護員也跟著上場，反覆檢查雷法的手掌，隨後因為手抽筋，決定換投；結果接手的羅梅洛（Miguel Romero）連續兩次三振，中止中華隊攻勢。世界棒球經典賽，古巴隊先發投手雷法（Elian Leyva）被檢查「抹油」又因手抽筋退場。記者余承翰／攝影 ▪ 經典賽即時新聞 ▪ 最新比分與完整賽程 ▪ 預賽分組戰績表 ▪ 經典賽專欄分析 經典賽WBC中華隊                    中華隊今天晉級不成，還在晚間接到另一個壞消息，由於義大利隊以7：1擊敗荷蘭隊，A組形成5隊都是2勝2敗的大亂鬥，中華隊在...                                      日本在世界棒球經典賽B組完全主宰戰場，今天不讓澳洲有喘息機會，大谷翔平首局就轟出致勝3分砲，一路領先到終場以7：1獲勝，...                                      台灣球隊在比賽後都有聚在投手丘圍成一圈向全場致謝的習慣，在這次經典賽也不例外。今天中午對決古巴的戰役，終場以1比7慘敗給...                                      日本今晚在世界棒球經典賽B組對決澳洲，爭取分組4連勝，大谷翔平擔任3棒指定打擊，1局上首次站進打擊區就轟出中右外野方向3...                                      這趟在風波之中展開的經典之旅，最終成為張育成與台灣球迷之間難忘的回憶，中華隊確定淘汰賽後，張育成紅了眼眶，他向球迷表達感...                                      中華隊今天以1：7輸給古巴隊，確定無緣晉級經典賽複賽，外界怪罪賽程安排「晚接午」不利中華隊，甚至影響球員調整，承辦單位悍...                  ,UDN
331,經典賽／台灣球迷熱情應援太大聲 古巴教練團不滿抗議,2023-03-12 13:44:00,運動,,https://udn.com/news/story/10785/7026149,世界棒球經典賽今天中午在台中洲際棒球場舉行中華對決古巴的比賽，由於台式應援太大聲，古巴有些水土不服曾反應音量問題，不過由於沒有違反賽事規則，所以球迷仍舊照常為中華加油，熱情不減。世界棒球經典賽今天在台中洲際棒球場舉行中華對決古巴的比賽，球迷向張育成敬禮致意。記者黃仲裕／攝影世界棒球經典賽今天在台中洲際棒球場舉行中華對決古巴的比賽，古巴球迷到場熱情加油。記者黃仲裕／攝影世界棒球經典賽今天在台中洲際棒球場舉行中華對決古巴的比賽，球迷到場熱情加油。記者黃仲裕／攝影 ▪ 經典賽即時新聞 ▪ 最新比分與完整賽程 ▪ 預賽分組戰績表 ▪ 經典賽專欄分析 經典賽WBC中華隊                    中華隊今天晉級不成，還在晚間接到另一個壞消息，由於義大利隊以7：1擊敗荷蘭隊，A組形成5隊都是2勝2敗的大亂鬥，中華隊在...                                      日本在世界棒球經典賽B組完全主宰戰場，今天不讓澳洲有喘息機會，大谷翔平首局就轟出致勝3分砲，一路領先到終場以7：1獲勝，...                                      台灣球隊在比賽後都有聚在投手丘圍成一圈向全場致謝的習慣，在這次經典賽也不例外。今天中午對決古巴的戰役，終場以1比7慘敗給...                                      日本今晚在世界棒球經典賽B組對決澳洲，爭取分組4連勝，大谷翔平擔任3棒指定打擊，1局上首次站進打擊區就轟出中右外野方向3...                                      這趟在風波之中展開的經典之旅，最終成為張育成與台灣球迷之間難忘的回憶，中華隊確定淘汰賽後，張育成紅了眼眶，他向球迷表達感...                                      中華隊今天以1：7輸給古巴隊，確定無緣晉級經典賽複賽，外界怪罪賽程安排「晚接午」不利中華隊，甚至影響球員調整，承辦單位悍...                  ,UDN
332,經典賽／捷克奮戰日本吸引球迷關注 大谷翔平致敬,2023-03-12 13:56:00,運動,,https://udn.com/news/story/10785/7026151,捷克隊在本屆世界棒球經典賽可說相當特殊，球員及總教練幾乎都是業餘人士，但奮戰精神吸引日本球迷關注，連日本球星大谷翔平昨天賽後也在個人IG向捷克隊致敬。日本日刊體育、報知體育等報導，日本隊昨天晚間以10比2擊敗捷克隊，本屆經典賽預賽尚無敗績拿下三連勝，如果今天晚間再擊敗澳洲隊的話，將篤定以B組第一之姿晉級複賽。捷克隊總教練哈丁（Pavel Chadim）今天回顧昨天賽事時說，雖然以2比10敗給日本，但球賽透過實況轉播在捷克國內引發相當大迴響，「真的是很驚人的迴響，棒球成為捷克昨天最受關注的運動」。雖然捷克隊昨天打完夜賽，今天又要接著打日賽，但哈丁說，選手們一直到深夜都還在社群網站上查看各方反應。昨天結束與日本隊的賽事後，捷克隊所有球員走出休息室，朝日本隊的休息室方向鼓掌表示謝意與敬意。日本隊投打「二刀流」球星大谷翔平也在個人IG發布限時動態，內容是一張捷克球員們在休息室前方鼓掌的照片，上面寫著Respect及捷克國旗。哈丁說，捷克選手對大谷的這則限時動態訊息很感激，無法入眠。昨天敗給日本隊的捷克隊目前戰績1勝1敗。對於在逾4萬名觀眾進場觀戰的東京巨蛋打球，哈丁說，「能在滿場觀眾的球場打球，以及能出賽本屆經典賽，我內心只有感激」。哈丁說，對選手來說，沒有什麼比在坐滿觀眾的球場打球更值得高興的事。捷克隊在本屆經典賽可說相當特殊，幾乎所有選手都不是職業球員，本身都有其他工作，連哈丁本人也是神經科醫師。在日本社群網站上，「捷克選手」等跟捷克相關的關鍵字，都排進推特趨勢的前幾名，捷克隊選手奮戰精神受到日本球迷相當關注。哈丁說，棒球在日本具有重大意義，「球迷在觀眾席上仔細觀看比賽的溫暖視線及鼓勵是非常棒的事，連我們都感受到而努力打球」。他也稱讚說，「我相信（日本）棒球迷的水準及素質都是世界第一」。 ▪ 經典賽即時新聞 ▪ 最新比分與完整賽程 ▪ 預賽分組戰績表 ▪ 經典賽專欄分析 經典賽WBC風雲                    中華隊今天晉級不成，還在晚間接到另一個壞消息，由於義大利隊以7：1擊敗荷蘭隊，A組形成5隊都是2勝2敗的大亂鬥，中華隊在...                                      日本在世界棒球經典賽B組完全主宰戰場，今天不讓澳洲有喘息機會，大谷翔平首局就轟出致勝3分砲，一路領先到終場以7：1獲勝，...                                      台灣球隊在比賽後都有聚在投手丘圍成一圈向全場致謝的習慣，在這次經典賽也不例外。今天中午對決古巴的戰役，終場以1比7慘敗給...                                      日本今晚在世界棒球經典賽B組對決澳洲，爭取分組4連勝，大谷翔平擔任3棒指定打擊，1局上首次站進打擊區就轟出中右外野方向3...                                      這趟在風波之中展開的經典之旅，最終成為張育成與台灣球迷之間難忘的回憶，中華隊確定淘汰賽後，張育成紅了眼眶，他向球迷表達感...                                      中華隊今天以1：7輸給古巴隊，確定無緣晉級經典賽複賽，外界怪罪賽程安排「晚接午」不利中華隊，甚至影響球員調整，承辦單位悍...                  ,UDN
333,經典賽／金河成對捷克雙響砲 南韓奪首勝終止2連敗,2023-03-12 14:26:00,運動,,https://udn.com/news/story/10785/7026213,南韓隊在世界棒球經典賽B組沒有退路，今天對捷克隊開賽火力全開，首局就打了10人次狂攻5分，金河成單場雙響砲，終場以7：3獲勝，終止開賽2連敗，儘管爭取8強門票機會不大，不過還未完全絕望。南韓打線面對捷克先發投手艾爾柯利（Lukas Ercoli），開路先鋒朴健祐首局首打席二壘打，1局下就以5支安打、兩次保送攻下5分，前兩戰只有8支1的艾德曼（Tommy Edman）也貢獻兩分打點安打。效力教士隊的金河成2局下轟出左外野陽春砲，幫助南韓擴大成6：0領先。捷克第3到6局未再失分，打完前6局無法破蛋，直到7局上才開張，靠3支安打攻下兩分；不過金河成打擊手感不錯，7局下又轟出中右外野方向陽春砲，幫助南韓維持領先5分優勢。捷克前6局只有1安、吞下11次三振，7局上3安追回兩分，8局上再以兩支安打攻下1分，終場仍以4分之差落敗。南韓動用6名投手應戰，韓職樂天巨人隊27歲右投朴世雄先發4.2局，只被揮出1支安打、飆出8次三振，無失分奪勝，投手群聯手締造18次三振紀錄。經典賽B組賽事晚上繼續在東京巨蛋進行日本、澳洲之戰，南韓明天再戰中國大陸，另一戰是澳洲對捷克。從B組戰況看來，南韓前兩戰7：8不敵澳洲、4：13不敵日本，目前戰績只有1勝2敗，明天除了要打敗大陸，還要寄望澳洲輸給日本、捷克，才能比較相關數據，看看有沒有晉級8強的可能性。 ▪ 經典賽即時新聞 ▪ 最新比分與完整賽程 ▪ 預賽分組戰績表 ▪ 經典賽專欄分析 經典賽WBC風雲                    中華隊今天晉級不成，還在晚間接到另一個壞消息，由於義大利隊以7：1擊敗荷蘭隊，A組形成5隊都是2勝2敗的大亂鬥，中華隊在...                                      日本在世界棒球經典賽B組完全主宰戰場，今天不讓澳洲有喘息機會，大谷翔平首局就轟出致勝3分砲，一路領先到終場以7：1獲勝，...                                      台灣球隊在比賽後都有聚在投手丘圍成一圈向全場致謝的習慣，在這次經典賽也不例外。今天中午對決古巴的戰役，終場以1比7慘敗給...                                      日本今晚在世界棒球經典賽B組對決澳洲，爭取分組4連勝，大谷翔平擔任3棒指定打擊，1局上首次站進打擊區就轟出中右外野方向3...                                      這趟在風波之中展開的經典之旅，最終成為張育成與台灣球迷之間難忘的回憶，中華隊確定淘汰賽後，張育成紅了眼眶，他向球迷表達感...                                      中華隊今天以1：7輸給古巴隊，確定無緣晉級經典賽複賽，外界怪罪賽程安排「晚接午」不利中華隊，甚至影響球員調整，承辦單位悍...                  ,UDN
334,經典賽／中華隊30人全員出賽 無人「經典之旅」純觀光,2023-03-12 14:51:00,運動,,https://udn.com/news/story/10785/7026262,中華隊參戰本屆世界棒球經典賽，今天在晚場接午場的賽陷入苦戰，面對古巴隊陷入貧攻，7局下隨著林岱安上場蹲捕，30人名單全數上場，確定無人留下0出賽的「經典之旅」中華隊此次30人名單共帶14名投手、16名野手，今天陳仕朋先發登板後，14投全員出賽，野手則有兩人尚未出賽、開賽先在板凳上待命。5局上郭天信取代王柏融的棒次上場代打，續留場上守備，7局下林岱安接替吉力吉撈．鞏冠蹲捕，至此野手16人也完成全員出賽。 ▪ 經典賽即時新聞 ▪ 最新比分與完整賽程 ▪ 預賽分組戰績表 ▪ 經典賽專欄分析 經典賽WBC中華隊                    中華隊今天晉級不成，還在晚間接到另一個壞消息，由於義大利隊以7：1擊敗荷蘭隊，A組形成5隊都是2勝2敗的大亂鬥，中華隊在...                                      日本在世界棒球經典賽B組完全主宰戰場，今天不讓澳洲有喘息機會，大谷翔平首局就轟出致勝3分砲，一路領先到終場以7：1獲勝，...                                      台灣球隊在比賽後都有聚在投手丘圍成一圈向全場致謝的習慣，在這次經典賽也不例外。今天中午對決古巴的戰役，終場以1比7慘敗給...                                      日本今晚在世界棒球經典賽B組對決澳洲，爭取分組4連勝，大谷翔平擔任3棒指定打擊，1局上首次站進打擊區就轟出中右外野方向3...                                      這趟在風波之中展開的經典之旅，最終成為張育成與台灣球迷之間難忘的回憶，中華隊確定淘汰賽後，張育成紅了眼眶，他向球迷表達感...                                      中華隊今天以1：7輸給古巴隊，確定無緣晉級經典賽複賽，外界怪罪賽程安排「晚接午」不利中華隊，甚至影響球員調整，承辦單位悍...                  ,UDN
335,經典賽／流著鼻血連飆3K 曾峻岳浴血飆霸氣好投,2023-03-12 15:06:00,運動,,https://udn.com/news/story/10785/7026282,中華隊最稚齡投手曾峻岳浴血奮戰，今天在晚場接午場面對古巴的賽事中投到鼻血直流，仍完成1局無失分、連飆3K的霸氣好投。曾峻岳第7局、0：7時上場，先被連敲2支安打，比賽隨即暫停，防護員上丘，只見曾峻岳流著鼻血，他在止血後面對羅伯特（Luis Robert Jr.）飆出三振，飆出152公里火球，為此役至此所有登板投手最快球速。曾峻岳的鼻血危機並未解除，面對迪斯派（Alfredo Despaigne）再度因為鼻血漸漸流出而中斷，再次止血後，曾峻岳霸氣連飆2K，經歷首戰1個出局數都沒拿到的震撼教育後，曾峻岳今天再上投手丘繳出霸氣好投，流著鼻血完成1局無失分、3K。2023世界棒球經典賽中華隊與古巴之戰，中華隊曾峻岳（左）7局上場中繼，與捕手林岱安（右）搭配。記者余承翰／攝影2023世界棒球經典賽中華隊與古巴之戰，中華隊曾峻岳（右二）7局上場中繼時投到一半流鼻血。記者余承翰／攝影2023世界棒球經典賽中華隊與古巴之戰，中華隊曾峻岳（右二）7局上場中繼時投到一半流鼻血。記者余承翰／攝影 ▪ 經典賽即時新聞 ▪ 最新比分與完整賽程 ▪ 預賽分組戰績表 ▪ 經典賽專欄分析 經典賽WBC中華隊                    中華隊今天晉級不成，還在晚間接到另一個壞消息，由於義大利隊以7：1擊敗荷蘭隊，A組形成5隊都是2勝2敗的大亂鬥，中華隊在...                                      日本在世界棒球經典賽B組完全主宰戰場，今天不讓澳洲有喘息機會，大谷翔平首局就轟出致勝3分砲，一路領先到終場以7：1獲勝，...                                      台灣球隊在比賽後都有聚在投手丘圍成一圈向全場致謝的習慣，在這次經典賽也不例外。今天中午對決古巴的戰役，終場以1比7慘敗給...                                      日本今晚在世界棒球經典賽B組對決澳洲，爭取分組4連勝，大谷翔平擔任3棒指定打擊，1局上首次站進打擊區就轟出中右外野方向3...                                      這趟在風波之中展開的經典之旅，最終成為張育成與台灣球迷之間難忘的回憶，中華隊確定淘汰賽後，張育成紅了眼眶，他向球迷表達感...                                      中華隊今天以1：7輸給古巴隊，確定無緣晉級經典賽複賽，外界怪罪賽程安排「晚接午」不利中華隊，甚至影響球員調整，承辦單位悍...                  ,UDN
336,經典賽／委內瑞拉教頭靠直覺贏球？果真擊敗塞揚獎強投,2023-03-12 15:18:00,運動,,https://udn.com/news/story/10785/7026295,委內瑞拉今天在經典賽D組以5：1擊敗多明尼加，對戰首勝終於開張，也讓去年國聯塞揚獎得主阿坎塔拉（Sandy Alcantara）先發3.2局失3分吞敗，多明尼加總教練李納列斯（Rodney Linares）說：「他只差兩球就是完美內容。」多明尼加1局上攻下全場第1分，阿坎塔拉2局下面對委內瑞拉7棒桑坦德（Anthony Santander），一顆失投的159公里伸卡球被轟成右外野陽春砲，雙方1：1平手。委內瑞拉4局下再靠3支安打攻下兩分，取得3：1領先後，一路維持優勢到終場，9棒培洛塔（David Peralta）逮到阿坎塔拉148公里滑球，揮出右外野安打攻下兩分打點，成為致勝一擊，也讓這位馬林魚隊王牌投手投64球退場。多明尼加在經典賽首戰輸球，不符國人期待，李納列斯表示，阿坎塔拉就差這兩球，不然將是非常、非常好的無失分表現。桑坦德、培洛塔都非委內瑞拉先發打線的保障名單，但總教練羅培茲（Omar Lopez）看兩人賽前練打十分進入狀況，決定安排出場，也達到贏球效果。他說：「就是利用我的直覺，讓這些揮棒不錯的打者上陣。」培洛塔首次代表委內瑞拉參加經典賽，整場比賽一直很興奮，也覺得充滿動力，他說：「上場打擊時很難保持冷靜，但我們是職業球員，必須好好控制情緒，接下來比賽繼續加油。」 ▪ 經典賽即時新聞 ▪ 最新比分與完整賽程 ▪ 預賽分組戰績表 ▪ 經典賽專欄分析 經典賽WBC風雲                    中華隊今天晉級不成，還在晚間接到另一個壞消息，由於義大利隊以7：1擊敗荷蘭隊，A組形成5隊都是2勝2敗的大亂鬥，中華隊在...                                      日本在世界棒球經典賽B組完全主宰戰場，今天不讓澳洲有喘息機會，大谷翔平首局就轟出致勝3分砲，一路領先到終場以7：1獲勝，...                                      台灣球隊在比賽後都有聚在投手丘圍成一圈向全場致謝的習慣，在這次經典賽也不例外。今天中午對決古巴的戰役，終場以1比7慘敗給...                                      日本今晚在世界棒球經典賽B組對決澳洲，爭取分組4連勝，大谷翔平擔任3棒指定打擊，1局上首次站進打擊區就轟出中右外野方向3...                                      這趟在風波之中展開的經典之旅，最終成為張育成與台灣球迷之間難忘的回憶，中華隊確定淘汰賽後，張育成紅了眼眶，他向球迷表達感...                                      中華隊今天以1：7輸給古巴隊，確定無緣晉級經典賽複賽，外界怪罪賽程安排「晚接午」不利中華隊，甚至影響球員調整，承辦單位悍...                  ,UDN
337,經典賽／打線急凍遭古巴擊垮 中華隊搭不上東京專機,2023-03-12 15:32:00,運動,,https://udn.com/news/story/10785/7026317,晉級八強的美夢維持不到24小時就破功，中華隊昨晚擊敗荷蘭隊，今天中午贏球就可取得分組第一，然而打擊面對古巴隊完全熄火，以1：7輸球，在世界棒球經典賽的驚奇之旅畫下句點，錯過前往東京複賽的飛機。回顧中華隊這屆經典賽，首戰以5：12輸給巴拿馬隊，外界看好度直線下滑，沒想到接下來對上兵強馬壯的義大利、荷蘭隊，卻能接連以11：7、9：5扳倒強敵。2023世界棒球經典賽中華隊與古巴之戰，中華隊江坤宇（左）2局下觸殺古巴隊盜壘跑者。 記者余承翰／攝影然而前三戰打下25分、敲出5轟的強悍打線，卻在最後一天靜悄悄，面對古巴隊前8局僅敲出2支安打，還都是吉力吉撈・鞏冠貢獻，2萬人滿場的洲際棒球場也隨之陷入沉默。直到9局上面對中日終結者馬丁尼茲（Raidel Martinez），王威晨先用速度跑出中華隊第3安，張育成在1出局後補上二壘安打，敲回1分，連續四場都為中華隊貢獻打點，只可惜攻勢也到此為止。反倒是古巴隊打擊燒燙燙，猛敲13支安打，1局下就靠著3支長打從陳仕朋手中攻下4分，包括阿魯巴耶納（Erisbel Arruebarrena）的兩分砲。2023世界棒球經典賽中華隊與古巴之戰，中華隊先發投手陳仕朋（右）首局就掉四分。記者余承翰／攝影4局下陳仕朋又被敲兩安後再失1分，接手的陳冠偉也被來自大聯盟的孟卡達（Yoan Moncada）敲出陽春砲；4局下則換王維中被敲2安而掉分。陳仕朋先發1.1局被敲5支安打，丟掉5分（4分責失），接手的陳冠偉1.2局掉1分、王維中1局掉1分，不過接下來江少慶2局、曾峻岳1局皆無失分，曾峻岳更在流鼻血的狀態下，飆出3次三振，最快球速來到152公里。2023世界棒球經典賽中華隊與古巴之戰，古巴隊Yoan Moncada（右三）2局下敲出兩分砲。記者余承翰／攝影 ▪ 經典賽即時新聞 ▪ 最新比分與完整賽程 ▪ 預賽分組戰績表 ▪ 經典賽專欄分析 經典賽WBC中華隊                    中華隊今天晉級不成，還在晚間接到另一個壞消息，由於義大利隊以7：1擊敗荷蘭隊，A組形成5隊都是2勝2敗的大亂鬥，中華隊在...                                      日本在世界棒球經典賽B組完全主宰戰場，今天不讓澳洲有喘息機會，大谷翔平首局就轟出致勝3分砲，一路領先到終場以7：1獲勝，...                                      台灣球隊在比賽後都有聚在投手丘圍成一圈向全場致謝的習慣，在這次經典賽也不例外。今天中午對決古巴的戰役，終場以1比7慘敗給...                                      日本今晚在世界棒球經典賽B組對決澳洲，爭取分組4連勝，大谷翔平擔任3棒指定打擊，1局上首次站進打擊區就轟出中右外野方向3...                                      這趟在風波之中展開的經典之旅，最終成為張育成與台灣球迷之間難忘的回憶，中華隊確定淘汰賽後，張育成紅了眼眶，他向球迷表達感...                                      中華隊今天以1：7輸給古巴隊，確定無緣晉級經典賽複賽，外界怪罪賽程安排「晚接午」不利中華隊，甚至影響球員調整，承辦單位悍...                  ,UDN
338,圖輯／經典賽張育成攻下全場唯一 中華1比7惜敗古巴,2023-03-12 15:57:00,運動,,https://udn.com/news/story/10785/7026351,世界棒球經典賽今天在台中洲際棒球場舉行中華對決古巴的比賽，也是中華隊本屆賽事最後一場比賽，中華隊打線熄火，只靠著第四棒張育成在九局上半攻下全場唯一一分，終場中華就以1比7惜敗古巴。世界棒球經典賽今天在台中洲際棒球場舉行中華對決古巴的比賽，中華隊打線熄火，球迷眉頭深鎖。記者黃仲裕／攝影世界棒球經典賽今天在台中洲際棒球場舉行中華對決古巴的比賽，中華隊後援投手曾峻岳浴血奮戰。記者黃仲裕／攝影世界棒球經典賽今天在台中洲際棒球場舉行中華對決古巴的比賽，球迷向張育成致意。記者黃仲裕／攝影世界棒球經典賽今天在台中洲際棒球場舉行中華對決古巴的比賽，古巴獲勝後，球員與妻子開心擁吻。記者黃仲裕／攝影 ▪ 經典賽即時新聞 ▪ 最新比分與完整賽程 ▪ 預賽分組戰績表 ▪ 經典賽專欄分析 經典賽WBC中華隊                    中華隊今天晉級不成，還在晚間接到另一個壞消息，由於義大利隊以7：1擊敗荷蘭隊，A組形成5隊都是2勝2敗的大亂鬥，中華隊在...                                      日本在世界棒球經典賽B組完全主宰戰場，今天不讓澳洲有喘息機會，大谷翔平首局就轟出致勝3分砲，一路領先到終場以7：1獲勝，...                                      台灣球隊在比賽後都有聚在投手丘圍成一圈向全場致謝的習慣，在這次經典賽也不例外。今天中午對決古巴的戰役，終場以1比7慘敗給...                                      日本今晚在世界棒球經典賽B組對決澳洲，爭取分組4連勝，大谷翔平擔任3棒指定打擊，1局上首次站進打擊區就轟出中右外野方向3...                                      這趟在風波之中展開的經典之旅，最終成為張育成與台灣球迷之間難忘的回憶，中華隊確定淘汰賽後，張育成紅了眼眶，他向球迷表達感...                                      中華隊今天以1：7輸給古巴隊，確定無緣晉級經典賽複賽，外界怪罪賽程安排「晚接午」不利中華隊，甚至影響球員調整，承辦單位悍...                  ,UDN
339,經典賽／「晚接午」賽程球員出狀況 餅總：很煎熬,2023-03-12 16:16:00,運動,,https://udn.com/news/story/10785/7026373,隨著今天中午以1：7輸給古巴隊，中華隊在本屆世界棒球經典賽確定出局，經歷「晚接午」的賽程，總教練林岳平坦言確實有些影響，加上三連戰，選手身體也出現疲勞，「很煎熬的球賽。」中華隊前三場敲出40支安打，然而今天對古巴隊全場僅敲出4支安打，打擊火力有明顯落差，林岳平表示：「三連戰下來，選手身體會產生疲勞，對方投手也投得相當優異，跟先前碰到比較不一樣的類型，有較多變化球，導致打者揮空率變高。」今天也出現特殊調度，先發游擊的江坤宇在4局下被換到二壘，6局下退場休息，林岳平也坦言，是昨晚對荷蘭隊的觸身球有影響，「今天賽前他說狀況可以，第1打席打完，打擊上沒問題，但傳球有些無力，所以做調整，第二打席後比較不舒服，就讓他退場。」中華隊本屆賽程從8日對上巴拿馬隊開始，經過1天休息，10日起連打義大利、荷蘭、古巴，特別是最後兩場是晚場接午場，休息時間不到12小時，林岳平表示：「接了早場，很多選手身體出現狀況，很煎熬的球賽。」 ▪ 經典賽即時新聞 ▪ 最新比分與完整賽程 ▪ 預賽分組戰績表 ▪ 經典賽專欄分析 經典賽WBC中華隊                    中華隊今天晉級不成，還在晚間接到另一個壞消息，由於義大利隊以7：1擊敗荷蘭隊，A組形成5隊都是2勝2敗的大亂鬥，中華隊在...                                      日本在世界棒球經典賽B組完全主宰戰場，今天不讓澳洲有喘息機會，大谷翔平首局就轟出致勝3分砲，一路領先到終場以7：1獲勝，...                                      台灣球隊在比賽後都有聚在投手丘圍成一圈向全場致謝的習慣，在這次經典賽也不例外。今天中午對決古巴的戰役，終場以1比7慘敗給...                                      日本今晚在世界棒球經典賽B組對決澳洲，爭取分組4連勝，大谷翔平擔任3棒指定打擊，1局上首次站進打擊區就轟出中右外野方向3...                                      這趟在風波之中展開的經典之旅，最終成為張育成與台灣球迷之間難忘的回憶，中華隊確定淘汰賽後，張育成紅了眼眶，他向球迷表達感...                                      中華隊今天以1：7輸給古巴隊，確定無緣晉級經典賽複賽，外界怪罪賽程安排「晚接午」不利中華隊，甚至影響球員調整，承辦單位悍...                  ,UDN
340,經典賽／亞瑞納多成為美國贏球功臣 墨西哥抗美壓力超大,2023-03-12 16:18:00,運動,,https://udn.com/news/story/10785/7026375,世界棒球經典賽衛冕軍美國隊今天在C組首戰開紅盤，以6：2擊敗英國隊，紅雀隊看板球星亞瑞納多（Nolan Arenado）5打數3安打、攻下兩分打點，成為贏球功臣，美國總教練迪羅沙（ Mark DeRosa）說：「他在賽前的準備強度是我從未見過。」亞瑞納多1局下揮出全隊首安，3局下二壘打為美國打回第1分，追成1：1平手，6局下再添1分打點二壘打，三壘守備也出現多次美技，讓教練團和隊友印象深刻。天使隊球星楚奧特（Mike Trout）本季年薪超過3711萬美元，也是經典賽最高薪球員，亞瑞納多3500萬美元居次，首戰就展現強烈企圖心；美國媒體ESPN指出，他在2017年經典賽幫助美國封王後，迫切希望完成衛冕。美國41歲老將韋恩萊特（Adam Wainwright）先發4局，被揮出5支安打、失1分奪勝，盛讚全隊表現，當然包括紅雀隊友亞瑞納多，強調他是非常特別的球員。美國挑戰2連霸順利起步，迪羅沙形容「這是很棒的第一天」，至於墨西哥隊今天打到延長10局以4：5輸給哥倫比亞隊，明天對決美國壓力更大，挑戰8強出現變數。 ▪ 經典賽即時新聞 ▪ 最新比分與完整賽程 ▪ 預賽分組戰績表 ▪ 經典賽專欄分析 經典賽WBC風雲                    中華隊今天晉級不成，還在晚間接到另一個壞消息，由於義大利隊以7：1擊敗荷蘭隊，A組形成5隊都是2勝2敗的大亂鬥，中華隊在...                                      日本在世界棒球經典賽B組完全主宰戰場，今天不讓澳洲有喘息機會，大谷翔平首局就轟出致勝3分砲，一路領先到終場以7：1獲勝，...                                      台灣球隊在比賽後都有聚在投手丘圍成一圈向全場致謝的習慣，在這次經典賽也不例外。今天中午對決古巴的戰役，終場以1比7慘敗給...                                      日本今晚在世界棒球經典賽B組對決澳洲，爭取分組4連勝，大谷翔平擔任3棒指定打擊，1局上首次站進打擊區就轟出中右外野方向3...                                      這趟在風波之中展開的經典之旅，最終成為張育成與台灣球迷之間難忘的回憶，中華隊確定淘汰賽後，張育成紅了眼眶，他向球迷表達感...                                      中華隊今天以1：7輸給古巴隊，確定無緣晉級經典賽複賽，外界怪罪賽程安排「晚接午」不利中華隊，甚至影響球員調整，承辦單位悍...                  ,UDN
341,經典賽／中華隊輸古巴無緣晉級 恰恰給擁抱、張育成難過落淚,2023-03-12 16:20:00,運動,,https://udn.com/news/story/10785/7026377,2023世界棒球經典賽中華隊與古巴之戰，中華隊全場打線遭到封鎖，一直到9局上才再度靠著張育成的二壘安打，送回全場唯一的一分，但最終中華隊仍以1：7不敵古巴，無緣晉級八強複賽，張育成回到休息室後難過地流下淚來，教練與隊友們上前給予擁抱。2023世界棒球經典賽中華隊與古巴之戰，中華隊全場打線遭到封鎖，最終古巴以7：1擊敗中華隊，賽後古巴球員拿著國旗衝進場內慶祝。 記者余承翰／攝影2023世界棒球經典賽中華隊與古巴之戰，中華隊全場打線遭到封鎖，最終以1：7不敵古巴，無緣晉級八強複賽，賽後球員難掩失落。 記者余承翰／攝影2023世界棒球經典賽中華隊與古巴之戰，中華隊全場打線遭到封鎖，最終以1：7不敵古巴，無緣晉級八強複賽，賽後球員與教練團鞠躬感謝球迷支持。 記者余承翰／攝影2023世界棒球經典賽中華隊與古巴之戰，中華隊全場打線遭到封鎖，最終古巴以7：1擊敗中華隊，賽後古巴球員與中華隊球員握手致意。 記者余承翰／攝影2023世界棒球經典賽中華隊與古巴之戰，中華隊以1：7不敵古巴，無緣晉級八強複賽，張育成（中）賽後難過地落淚。 記者余承翰／攝影 ▪ 經典賽即時新聞 ▪ 最新比分與完整賽程 ▪ 預賽分組戰績表 ▪ 經典賽專欄分析 經典賽WBC中華隊                    中華隊今天晉級不成，還在晚間接到另一個壞消息，由於義大利隊以7：1擊敗荷蘭隊，A組形成5隊都是2勝2敗的大亂鬥，中華隊在...                                      日本在世界棒球經典賽B組完全主宰戰場，今天不讓澳洲有喘息機會，大谷翔平首局就轟出致勝3分砲，一路領先到終場以7：1獲勝，...                                      台灣球隊在比賽後都有聚在投手丘圍成一圈向全場致謝的習慣，在這次經典賽也不例外。今天中午對決古巴的戰役，終場以1比7慘敗給...                                      日本今晚在世界棒球經典賽B組對決澳洲，爭取分組4連勝，大谷翔平擔任3棒指定打擊，1局上首次站進打擊區就轟出中右外野方向3...                                      這趟在風波之中展開的經典之旅，最終成為張育成與台灣球迷之間難忘的回憶，中華隊確定淘汰賽後，張育成紅了眼眶，他向球迷表達感...                                      中華隊今天以1：7輸給古巴隊，確定無緣晉級經典賽複賽，外界怪罪賽程安排「晚接午」不利中華隊，甚至影響球員調整，承辦單位悍...                  ,UDN
342,經典賽／古巴投手狂摸褲 餅總質疑「抹油」沒抓到,2023-03-12 16:23:00,運動,,https://udn.com/news/story/10785/7026384,中華隊在世界棒球經典賽預賽最後一場對上古巴隊，古巴先發投手雷法（Elian Leyva）狀況一堆，先是抗議應援太吵，球褲上的黑色污漬又疑似「抹油」，最後更因手指不適提前退場。中華隊今天以1：7輸給古巴隊，2局結束接3局的空檔，中華隊總教練「大餅」林岳平質疑對方投手使用外部物質，林岳平賽後解釋：「看到他在投球時，有很多摸褲子、皮帶的動作，褲子上面也有黑色的物質，加上前兩局變化球犀利，想跟主審確認是否有外來物質。」主審上前檢查雷法的手套、球帽、球褲後，確認沒有問題，讓他續投，不過雷法在解決掉江坤宇後，面對鄭宗哲卻連投3次壞球，此時古巴教練再次喊暫停，防護員也跟著上場，反覆檢查雷法的手掌，隨後決定換投。古巴總教練強森（Armando Johnson）則解釋，對方確實有提出這樣質疑，「但是在檢查之後，沒查到任何禁用外部物質。」至於做出換投決定，他也說，是因為投手的手指不舒服，「不是這麼順暢，所以才讓他下場。」 ▪ 經典賽即時新聞 ▪ 最新比分與完整賽程 ▪ 預賽分組戰績表 ▪ 經典賽專欄分析 經典賽WBC中華隊                    中華隊今天晉級不成，還在晚間接到另一個壞消息，由於義大利隊以7：1擊敗荷蘭隊，A組形成5隊都是2勝2敗的大亂鬥，中華隊在...                                      日本在世界棒球經典賽B組完全主宰戰場，今天不讓澳洲有喘息機會，大谷翔平首局就轟出致勝3分砲，一路領先到終場以7：1獲勝，...                                      台灣球隊在比賽後都有聚在投手丘圍成一圈向全場致謝的習慣，在這次經典賽也不例外。今天中午對決古巴的戰役，終場以1比7慘敗給...                                      日本今晚在世界棒球經典賽B組對決澳洲，爭取分組4連勝，大谷翔平擔任3棒指定打擊，1局上首次站進打擊區就轟出中右外野方向3...                                      這趟在風波之中展開的經典之旅，最終成為張育成與台灣球迷之間難忘的回憶，中華隊確定淘汰賽後，張育成紅了眼眶，他向球迷表達感...                                      中華隊今天以1：7輸給古巴隊，確定無緣晉級經典賽複賽，外界怪罪賽程安排「晚接午」不利中華隊，甚至影響球員調整，承辦單位悍...                  ,UDN
343,經典賽／感謝球迷將我帶回中華隊！張育成賽後才知淘汰淚崩,2023-03-12 16:32:00,運動,,https://udn.com/news/story/10785/7026396,這趟在風波之中展開的經典之旅，最終成為張育成與台灣球迷之間難忘的回憶，中華隊確定淘汰賽後，張育成紅了眼眶，他向球迷表達感謝，「謝謝球迷的關注和push，讓我能夠回到這支球隊。」中華隊組軍以來，張育成聚焦最多話題，以列管身分婉拒投效國家隊，引起球迷砲轟，最終他回心轉意參戰，也稱職扛起中華隊四棒的角色，4場比賽以4成38打擊率敲出7安打、2轟、8分打點。今天與古巴隊的背水一戰，九局上雖面臨0：7的海量落後，張育成的二壘打掃回第一分，仍讓洲際棒球場為之沸騰，全場觀眾起立向他敬禮，在二壘上回禮的模樣英氣煥發。張育成得知淘汰賽後紅了眼眶。記者余承翰／攝影張育成坦言，一開始還沒意識到中華隊已經淘汰，「我那時還以為今晚義大利隊贏，我們還有機會，但林立跟我說我們失分太多了，沒機會…當下就…。」他的眼眶漸漸濕潤、難以言語。張育成表示，「最感動的是大家的凝聚、不放棄，這是我們最需要的。」他透露在美國打球時的孤單感，覺得沒人站在自己這邊，這次在經典賽感覺所有人都站在自己身後，他相信對自己的心理素質、季賽表現會有所幫助，「這次藉由WBC這麼大的壓力、這麼大的賽場，帶著所有兄弟的力量去美國，奮鬥這次球季。」回顧這次參賽經歷的風波，到最後成為球迷心中的英雄，全台見證一段在兩個月從「二兵」到「國防部長」的傳奇故事，張育成說：「很感謝球迷，從我拒絕這次徵召時他們的關注，讓我能夠回到這個球隊，真的感謝球迷的push，才有這次表現，謝謝球迷，我愛你們。」 ▪ 經典賽即時新聞 ▪ 最新比分與完整賽程 ▪ 預賽分組戰績表 ▪ 經典賽專欄分析 經典賽WBC中華隊                    中華隊今天晉級不成，還在晚間接到另一個壞消息，由於義大利隊以7：1擊敗荷蘭隊，A組形成5隊都是2勝2敗的大亂鬥，中華隊在...                                      日本在世界棒球經典賽B組完全主宰戰場，今天不讓澳洲有喘息機會，大谷翔平首局就轟出致勝3分砲，一路領先到終場以7：1獲勝，...                                      台灣球隊在比賽後都有聚在投手丘圍成一圈向全場致謝的習慣，在這次經典賽也不例外。今天中午對決古巴的戰役，終場以1比7慘敗給...                                      日本今晚在世界棒球經典賽B組對決澳洲，爭取分組4連勝，大谷翔平擔任3棒指定打擊，1局上首次站進打擊區就轟出中右外野方向3...                                      這趟在風波之中展開的經典之旅，最終成為張育成與台灣球迷之間難忘的回憶，中華隊確定淘汰賽後，張育成紅了眼眶，他向球迷表達感...                                      中華隊今天以1：7輸給古巴隊，確定無緣晉級經典賽複賽，外界怪罪賽程安排「晚接午」不利中華隊，甚至影響球員調整，承辦單位悍...                  ,UDN
344,經典賽／張育成軍階直升 餅總認證：目前台灣最好打者,2023-03-12 16:34:00,運動,,https://udn.com/news/story/10785/7026398,大聯盟紅襪隊好手張育成這次參加經典賽，連續四戰幫中華隊打下分數，2轟、7安、8打點、整體攻擊指數（OPS）1.438都是中華隊最佳，總教練「大餅」林岳平也認證：「他是目前台灣最好打者。」張育成被賦予中華隊第四棒的責任，在首戰對巴拿馬隊5打數2安打有1分打點，接下來對義大利隊轟出兩分砲、對荷蘭隊炸裂滿貫彈，今天對古巴隊更是在9局上敲回唯一打點，避免遭到完封。「確實，張育成應該說是目前台灣最好的打者。」林岳平表示：「證明他可以在大聯盟有一席之地，雖然一開始有點小風波，為了台灣、為了球隊，感謝他有這樣的成績。」張育成一開始因為婉拒參賽，加上兵役列管的敏感身分，讓他被冠上「逃兵」的稱號，但他以「敬禮」、「永遠忠誠」等方式翻玩酸民言論，在經典賽的好表現讓他的評價徹底由「黑翻紅」，綽號更從「二兵」變成「國防部長」，今天賽後落淚一幕更是讓球迷直呼不捨。 ▪ 經典賽即時新聞 ▪ 最新比分與完整賽程 ▪ 預賽分組戰績表 ▪ 經典賽專欄分析 經典賽WBC中華隊                    中華隊今天晉級不成，還在晚間接到另一個壞消息，由於義大利隊以7：1擊敗荷蘭隊，A組形成5隊都是2勝2敗的大亂鬥，中華隊在...                                      日本在世界棒球經典賽B組完全主宰戰場，今天不讓澳洲有喘息機會，大谷翔平首局就轟出致勝3分砲，一路領先到終場以7：1獲勝，...                                      台灣球隊在比賽後都有聚在投手丘圍成一圈向全場致謝的習慣，在這次經典賽也不例外。今天中午對決古巴的戰役，終場以1比7慘敗給...                                      日本今晚在世界棒球經典賽B組對決澳洲，爭取分組4連勝，大谷翔平擔任3棒指定打擊，1局上首次站進打擊區就轟出中右外野方向3...                                      這趟在風波之中展開的經典之旅，最終成為張育成與台灣球迷之間難忘的回憶，中華隊確定淘汰賽後，張育成紅了眼眶，他向球迷表達感...                                      中華隊今天以1：7輸給古巴隊，確定無緣晉級經典賽複賽，外界怪罪賽程安排「晚接午」不利中華隊，甚至影響球員調整，承辦單位悍...                  ,UDN
345,經典賽／中華隊火力「打臉」外界 餅總點出投手待加強,2023-03-12 16:46:00,運動,,https://udn.com/news/story/10785/7026427,中華隊在本屆經典賽的驚奇之旅在今天止步，未能搭上前往東京的晉級專機，總教練「大餅」林岳平仍肯定選手表現，特別是攻擊火力「打臉」外界預期，也點出「投手平均提升」將是未來面對國際賽的改進重點。中華隊賽前實力不被看好，首戰又輸給巴拿馬隊，外界一面倒的不看好，但接下來扳倒義大利、荷蘭隊，直到今天輸給古巴隊才確定無緣晉級，以預賽2勝2敗的戰績作收。2023世界棒球經典賽中華隊與古巴之戰，中華隊總教練林岳平。 記者余承翰／攝影回顧中華隊整體表現，林岳平表示：「我認為相當理想，也相當好，組訓的時候，外界質疑我們的攻擊能力，但這次是攻擊救了投手。」這四場打下來，中華隊團隊打擊率高達3成17，贏過同組的巴拿馬、義大利及荷蘭等隊，場均得分6.5；不過團隊防禦率7.20是A組最高，場均失分7.75，是打擊無法彌補的缺口。林岳平也表示，這四場比賽下來，投手環節最為深刻，「我們有好的投手，但整體還沒到那麼強大，未來無論在職業或是基層，投手都要再進步一點，如何去提升大多數投手的能力，在國際賽有主宰力。」對於沒能拿下晉級門票，林岳平也說當然會有遺憾，但組訓以來一個月，大家都珍惜彼此的相處，「投入在這四場比賽中，大家也看到我們的拚勁，往後會繼續加油，台灣隊也繼續加油。」 ▪ 經典賽即時新聞 ▪ 最新比分與完整賽程 ▪ 預賽分組戰績表 ▪ 經典賽專欄分析 經典賽WBC中華隊                    中華隊今天晉級不成，還在晚間接到另一個壞消息，由於義大利隊以7：1擊敗荷蘭隊，A組形成5隊都是2勝2敗的大亂鬥，中華隊在...                                      日本在世界棒球經典賽B組完全主宰戰場，今天不讓澳洲有喘息機會，大谷翔平首局就轟出致勝3分砲，一路領先到終場以7：1獲勝，...                                      台灣球隊在比賽後都有聚在投手丘圍成一圈向全場致謝的習慣，在這次經典賽也不例外。今天中午對決古巴的戰役，終場以1比7慘敗給...                                      日本今晚在世界棒球經典賽B組對決澳洲，爭取分組4連勝，大谷翔平擔任3棒指定打擊，1局上首次站進打擊區就轟出中右外野方向3...                                      這趟在風波之中展開的經典之旅，最終成為張育成與台灣球迷之間難忘的回憶，中華隊確定淘汰賽後，張育成紅了眼眶，他向球迷表達感...                                      中華隊今天以1：7輸給古巴隊，確定無緣晉級經典賽複賽，外界怪罪賽程安排「晚接午」不利中華隊，甚至影響球員調整，承辦單位悍...                  ,UDN
346,經典賽／哭到說不完的話語 陳禹勳：台灣棒球是有機會的,2023-03-12 16:53:00,運動,,https://udn.com/news/story/10785/7026433,中華隊在世界棒球經典賽止步分組賽，多位選手賽後都忍不住淚流，陳禹勳淚崩到無法完成訪問，仍努力說出「台灣棒球是有機會的」；陳傑憲打完美好的一仗，更清楚與其他國家差距，「回去後要好好努力，追上人家的腳步。」中華隊在2013年經典賽前進8強，場場感動人心的比賽，是陳禹勳決定跨入職棒的關鍵，今年自己一圓「經典夢」，這趟旅程無法走到最後，陳禹勳有遺憾。「這一次的中華隊，野手讓我們感覺台灣棒球是有希望的。」陳禹勳的語氣還沒完整，情緒逐漸湧上，陳禹勳久久不能言語，離開受訪區前努力擠出的話語是，「台灣棒球是有機會的。」陳傑憲過往有季初慢熱的毛病，這次參與在球季開打前舉辦的經典賽，連他自己也曾有過懷疑，能不能幫助中華隊，而他4戰以3成57打擊率敲出5安打，表現不俗。陳傑憲坦言，「我自己沒想到在這次經典賽可以表現好、可以幫助球隊，也沒想過這個團隊可以在這4場打下令人感動的比賽，那2勝對我們來說真的很不容易，對手真的很強大，資歷沒有對手顯赫，但韌性比他們好。」陳傑憲說這段經典之旅很美好，在斗六集訓期間是最開心的時候，上來台北、台中後，開始進入比賽氛圍，壓力也逐漸升溫，「壓力很大，穿上這件球衣真的很不容易，我們真的盡了最大努力，輸了就是輸了，沒有藉口，這就是我們和其他國家的差距，更知道回去後要好好努力，追上人家的腳步。」 ▪ 經典賽即時新聞 ▪ 最新比分與完整賽程 ▪ 預賽分組戰績表 ▪ 經典賽專欄分析 經典賽WBC中華隊                    中華隊今天晉級不成，還在晚間接到另一個壞消息，由於義大利隊以7：1擊敗荷蘭隊，A組形成5隊都是2勝2敗的大亂鬥，中華隊在...                                      日本在世界棒球經典賽B組完全主宰戰場，今天不讓澳洲有喘息機會，大谷翔平首局就轟出致勝3分砲，一路領先到終場以7：1獲勝，...                                      台灣球隊在比賽後都有聚在投手丘圍成一圈向全場致謝的習慣，在這次經典賽也不例外。今天中午對決古巴的戰役，終場以1比7慘敗給...                                      日本今晚在世界棒球經典賽B組對決澳洲，爭取分組4連勝，大谷翔平擔任3棒指定打擊，1局上首次站進打擊區就轟出中右外野方向3...                                      這趟在風波之中展開的經典之旅，最終成為張育成與台灣球迷之間難忘的回憶，中華隊確定淘汰賽後，張育成紅了眼眶，他向球迷表達感...                                      中華隊今天以1：7輸給古巴隊，確定無緣晉級經典賽複賽，外界怪罪賽程安排「晚接午」不利中華隊，甚至影響球員調整，承辦單位悍...                  ,UDN
347,經典賽／高度肯定這批中華隊 彭政閔：隨時需要他們,2023-03-12 17:08:00,運動,,https://udn.com/news/story/10785/7026452,2013年前進世界棒球經典賽的劇本，無緣在10年之後重演，作為13年經典班底的打擊教練彭政閔，高度肯定選手表現，「我相信這批選手以後都是國家隊主力，我們隨時都會需要他們。」中華隊的經典賽之旅在今天落幕，彭政閔表示，從組訓到現在，每個選手、教練都全心全意投入備戰和比賽，「雖然結果已經出來，我們都盡力了。」彭政閔指出，經典賽的強度高，以A組來看也是各隊都不缺大聯盟好手，而中華隊面對這些強敵，在與他們的對抗中打出精采的比賽，「在我的立場，我是高度肯定他們。」選手經歷經典賽洗禮之後，彭政閔期待他們的成長，「我相信這批選手以後都是國家隊主力，我們隨時都會需要他們，相信這次比賽之後，他們一定可以從中得到很多，知道自己需要改進的地方，我永遠相信、也期待他們。」中華隊陣中唯一的現役大聯盟選手張育成，更是完美扛起中華隊4棒的角色，4場比賽以4成38打擊率敲出7安打、2轟、8分打點，也曾在經典賽擔當過4棒的彭政閔，也很讚賞他的表現。彭政閔說：「以他的成績，表現不需要懷疑，打得非常好，他也是非常棒的職業選手，知道怎麼在關鍵時刻調節心情面對每次打席，大家都有看到他的成熟度非常好，非常期待他在大聯盟的表現。」 ▪ 經典賽即時新聞 ▪ 最新比分與完整賽程 ▪ 預賽分組戰績表 ▪ 經典賽專欄分析 經典賽WBC中華隊                    中華隊今天晉級不成，還在晚間接到另一個壞消息，由於義大利隊以7：1擊敗荷蘭隊，A組形成5隊都是2勝2敗的大亂鬥，中華隊在...                                      日本在世界棒球經典賽B組完全主宰戰場，今天不讓澳洲有喘息機會，大谷翔平首局就轟出致勝3分砲，一路領先到終場以7：1獲勝，...                                      台灣球隊在比賽後都有聚在投手丘圍成一圈向全場致謝的習慣，在這次經典賽也不例外。今天中午對決古巴的戰役，終場以1比7慘敗給...                                      日本今晚在世界棒球經典賽B組對決澳洲，爭取分組4連勝，大谷翔平擔任3棒指定打擊，1局上首次站進打擊區就轟出中右外野方向3...                                      這趟在風波之中展開的經典之旅，最終成為張育成與台灣球迷之間難忘的回憶，中華隊確定淘汰賽後，張育成紅了眼眶，他向球迷表達感...                                      中華隊今天以1：7輸給古巴隊，確定無緣晉級經典賽複賽，外界怪罪賽程安排「晚接午」不利中華隊，甚至影響球員調整，承辦單位悍...                  ,UDN
348,經典賽／這感覺不是鼻水…曾峻岳堅定續投 再戰國家隊有野心,2023-03-12 17:14:00,運動,,https://udn.com/news/story/10785/7026458,「這感覺不是鼻水…」，中華隊最稚齡投手曾峻岳浴血奮戰，今天在晚場接午場面對古巴隊的賽事中投到鼻血直流，仍完成1局無失分、連飆3K的霸氣好投。曾峻岳第7局、0：7時上場，先被連敲2支安打，比賽隨即暫停，防護員上丘，只見曾峻岳流著鼻血，他在止血後面對羅伯特（Luis Robert Jr.）飆出三振，飆出152公里火球；比賽隨後二度因他流鼻血中斷，但止血過後又是連飆三振，最終完成1局無失分、3K。曾峻岳透露，這是他第一次在球場上流鼻血，可能是因為壓力大，但自己很堅定想要繼續投，告訴教練，「我不要下來，我要丟完。」作為中華隊的最稚齡投手，曾峻岳首場經典賽登板其實有不小的震撼教育，面對巴拿馬隊之戰投4人次沒拿到出局數，這次無畏見血繳出一場好投。回想前一場登板，曾峻岳坦言有壓力、也是第一次面對這麼大的場面，「與隊上心理醫師、教練聊過後，算是有找到自己的調整方式。」前兩場作為觀眾，看學長在場上應對壓力，他說：「那是我需要學習的。」經歷人生中的第一次國際賽經驗，曾峻岳有野心，是否期待下次投中華隊？他回應：「希望每次都有。」 ▪ 經典賽即時新聞 ▪ 最新比分與完整賽程 ▪ 預賽分組戰績表 ▪ 經典賽專欄分析 經典賽WBC中華隊                    中華隊今天晉級不成，還在晚間接到另一個壞消息，由於義大利隊以7：1擊敗荷蘭隊，A組形成5隊都是2勝2敗的大亂鬥，中華隊在...                                      日本在世界棒球經典賽B組完全主宰戰場，今天不讓澳洲有喘息機會，大谷翔平首局就轟出致勝3分砲，一路領先到終場以7：1獲勝，...                                      台灣球隊在比賽後都有聚在投手丘圍成一圈向全場致謝的習慣，在這次經典賽也不例外。今天中午對決古巴的戰役，終場以1比7慘敗給...                                      日本今晚在世界棒球經典賽B組對決澳洲，爭取分組4連勝，大谷翔平擔任3棒指定打擊，1局上首次站進打擊區就轟出中右外野方向3...                                      這趟在風波之中展開的經典之旅，最終成為張育成與台灣球迷之間難忘的回憶，中華隊確定淘汰賽後，張育成紅了眼眶，他向球迷表達感...                                      中華隊今天以1：7輸給古巴隊，確定無緣晉級經典賽複賽，外界怪罪賽程安排「晚接午」不利中華隊，甚至影響球員調整，承辦單位悍...                  ,UDN
349,經典賽／晚接午賽程被罵爆 悍創曝「原賽程」：已盡力協調,2023-03-12 17:22:00,運動,,https://udn.com/news/story/10785/7026467,中華隊今天以1：7輸給古巴隊，確定無緣晉級經典賽複賽，外界怪罪賽程安排「晚接午」不利中華隊，甚至影響球員調整，承辦單位悍創運動行銷表示，當初已經盡力跟大聯盟協調，在可以更動的範圍內盡力爭取，願意承擔球迷的批評。中華隊這次賽程是8日對巴拿馬、10日對義大利、11日對荷蘭、12日對古巴，前三場都是晚上開打，最後一天移到午場，也代表最後兩場休息時間不到12小時，中華隊總教練林岳平也指出，對古巴之戰很多球員身體出狀況，打得很煎熬。悍創運動行銷總監高偉凱表示，悍創作為承辦單位，賽程是由主辦單位大聯盟安排，原本中華隊賽程甚至出現兩場午場，但最後協調結果，變成三場晚場再接午場。外界質疑為何日本隊可以連打四場晚場，中華隊卻不行？高偉凱指出，各個賽事舉辦地區，大聯盟的承辦人員都不相同，願意調整的空間也不同，無法一概而論。高偉凱表示，大聯盟作為主辦單位，勢必要顧及所有參賽隊伍的公平性，無法給予主場球隊完全有利位置，在賽程的選項、調整上，自然無法給出主場隊伍完美的賽程安排。 ▪ 經典賽即時新聞 ▪ 最新比分與完整賽程 ▪ 預賽分組戰績表 ▪ 經典賽專欄分析 經典賽WBC中華隊                    中華隊今天晉級不成，還在晚間接到另一個壞消息，由於義大利隊以7：1擊敗荷蘭隊，A組形成5隊都是2勝2敗的大亂鬥，中華隊在...                                      日本在世界棒球經典賽B組完全主宰戰場，今天不讓澳洲有喘息機會，大谷翔平首局就轟出致勝3分砲，一路領先到終場以7：1獲勝，...                                      台灣球隊在比賽後都有聚在投手丘圍成一圈向全場致謝的習慣，在這次經典賽也不例外。今天中午對決古巴的戰役，終場以1比7慘敗給...                                      日本今晚在世界棒球經典賽B組對決澳洲，爭取分組4連勝，大谷翔平擔任3棒指定打擊，1局上首次站進打擊區就轟出中右外野方向3...                                      這趟在風波之中展開的經典之旅，最終成為張育成與台灣球迷之間難忘的回憶，中華隊確定淘汰賽後，張育成紅了眼眶，他向球迷表達感...                                      中華隊今天以1：7輸給古巴隊，確定無緣晉級經典賽複賽，外界怪罪賽程安排「晚接午」不利中華隊，甚至影響球員調整，承辦單位悍...                  ,UDN
350,經典賽／李政厚坦言輸日本太傷心 要很久才能走出陰霾,2023-03-12 17:34:00,運動,,https://udn.com/news/story/10785/7026475,南韓隊今天在世界棒球經典賽對捷克隊之戰以7：3獲勝，保住晉級8強的一絲機會，但前天輸給日本隊的傷痕還未消退，明星外野手李政厚說：「 就算打贏捷克，現在也不是慶祝的時候。」南韓在B組前兩戰7：8不敵澳洲隊、4：13不敵日本，一共被對手攻下21分，目前戰績1勝2敗，面臨連續3屆經典賽無法闖進8強的危機。李政厚認為，恐怕要花很長一段時間，才能走出輸給日本的陰霾，他說：「不知棒球生涯何時結束，但這件事會一直在腦海中浮現，到現在還是感到相當震驚。」這位被經典賽官網喻為「未來大聯盟球星」的24歲好手，無法接受對日本慘敗，用「很生氣」形容自己的心情，一直在想：「這到底是怎麼一回事？」南韓前天面對大聯盟強投達比修有，一度以3：0領先，但牛棚一再出狀況，最後反以9分之多落敗，在B組陷入絕境；李政厚對日本之戰4打數2安打，也是全隊唯一2安打者，但他認為，南韓棒球人才和日本之間仍有一段差距，日本投手等級不同，自己在這場比賽學到很多東西。明天要先由捷克隊擊敗澳洲隊，接著南韓隊擊敗中國大陸隊，才有晉級8強的可能性，李政厚表示，不管捷克、澳洲之戰結果如何，對大陸之戰都會全力以赴，「只要身上國家隊球衣，就永遠不會放棄。」 ▪ 經典賽即時新聞 ▪ 最新比分與完整賽程 ▪ 預賽分組戰績表 ▪ 經典賽專欄分析 經典賽WBC風雲                    中華隊今天晉級不成，還在晚間接到另一個壞消息，由於義大利隊以7：1擊敗荷蘭隊，A組形成5隊都是2勝2敗的大亂鬥，中華隊在...                                      日本在世界棒球經典賽B組完全主宰戰場，今天不讓澳洲有喘息機會，大谷翔平首局就轟出致勝3分砲，一路領先到終場以7：1獲勝，...                                      台灣球隊在比賽後都有聚在投手丘圍成一圈向全場致謝的習慣，在這次經典賽也不例外。今天中午對決古巴的戰役，終場以1比7慘敗給...                                      日本今晚在世界棒球經典賽B組對決澳洲，爭取分組4連勝，大谷翔平擔任3棒指定打擊，1局上首次站進打擊區就轟出中右外野方向3...                                      這趟在風波之中展開的經典之旅，最終成為張育成與台灣球迷之間難忘的回憶，中華隊確定淘汰賽後，張育成紅了眼眶，他向球迷表達感...                                      中華隊今天以1：7輸給古巴隊，確定無緣晉級經典賽複賽，外界怪罪賽程安排「晚接午」不利中華隊，甚至影響球員調整，承辦單位悍...                  ,UDN
351,經典賽／回顧中華隊種種 陳傑憲哽咽：穿這件球衣很不容易,2023-03-12 18:09:00,運動,,https://udn.com/news/story/10785/7026478,世界棒球經典賽台灣隊確定無緣晉級，「四爺」陳傑憲也一路哭著退場，說了2次「穿上這件球衣真的很不容易」，回顧從集訓到正式賽種種，也對球迷喊話，「希望愛棒球的你們繼續為我們加油」。世界棒球經典賽台灣隊今天不敵古巴隊、確定無緣晉級，野手「四爺」陳傑憲此次攻守表現也很亮眼，賽後一路哭著退場。被問起情緒激動的原因，陳傑憲直言，「心情很複雜」，此次的團隊很強，每場比賽都是滿場的球迷為台灣隊加油，沒辦法帶著大家去東京、邁阿密，真的很可惜。比賽最後一個出局數出現後，陳傑憲腦海中閃過從1月底斗六集訓到此刻的種種，提到在集訓時壓力沒有這麼大，大家很努力準備，團隊相處很好，北上打熱身賽時開始感受到氛圍，再回到台中正式賽時壓力真的很大。陳傑憲講了2次「穿上這件球衣（國家隊）真的很不容易」，大家都盡了最大的努力，只是結果不如預期的好。他也對球迷喊話，「雖然輸球，希望愛棒球的你們繼續為我們加油，因為你們的加油就是我們的動力。」回顧經典賽4場比賽，陳傑憲表示，這個過程真的很美好，也沒有預期到可以在經典賽有好表現，尤其是對義大利和荷蘭隊那2勝，真的很不容易，因為對手很強大，台灣隊的資歷不漂亮，但韌性比其他國家好。「輸了就是輸了，沒有藉口，這就是我們跟其他國家的差距。」陳傑憲也希望透過這次比賽看到自己的不足，才能再加強、努力追上別人的腳步，也大聲對一起奮戰的隊友們說：「我愛你。」 ▪ 經典賽即時新聞 ▪ 最新比分與完整賽程 ▪ 預賽分組戰績表 ▪ 經典賽專欄分析 經典賽WBC中華隊                    中華隊今天晉級不成，還在晚間接到另一個壞消息，由於義大利隊以7：1擊敗荷蘭隊，A組形成5隊都是2勝2敗的大亂鬥，中華隊在...                                      日本在世界棒球經典賽B組完全主宰戰場，今天不讓澳洲有喘息機會，大谷翔平首局就轟出致勝3分砲，一路領先到終場以7：1獲勝，...                                      台灣球隊在比賽後都有聚在投手丘圍成一圈向全場致謝的習慣，在這次經典賽也不例外。今天中午對決古巴的戰役，終場以1比7慘敗給...                                      日本今晚在世界棒球經典賽B組對決澳洲，爭取分組4連勝，大谷翔平擔任3棒指定打擊，1局上首次站進打擊區就轟出中右外野方向3...                                      這趟在風波之中展開的經典之旅，最終成為張育成與台灣球迷之間難忘的回憶，中華隊確定淘汰賽後，張育成紅了眼眶，他向球迷表達感...                                      中華隊今天以1：7輸給古巴隊，確定無緣晉級經典賽複賽，外界怪罪賽程安排「晚接午」不利中華隊，甚至影響球員調整，承辦單位悍...                  ,UDN
352,經典賽／台灣輸球卻向全場致謝 大聯盟投手為風度鼓掌,2023-03-12 18:25:00,運動,,https://udn.com/news/story/10785/7026550,台灣球隊在比賽後都有聚在投手丘圍成一圈向全場致謝的習慣，在這次經典賽也不例外。今天中午對決古巴的戰役，終場以1比7慘敗給古巴，無緣複賽，賽後全體球員仍照慣例，在投手丘週圍圍成一圈向全場致謝。古巴隊有7年大聯盟資歷的投手伊萊斯（Roenis Elias）深受中華隊的風度感動，在一旁為中華隊的風度喝采。主辦單位在官方IG公開台灣鞠躬影片後，吸引不少外國球迷留言稱讚「令人尊敬」、「我喜歡這種文化」、「我尊敬台灣隊」、「很棒的文化」等。如今連大聯盟投手都在國際賽上親眼見證，因而深受感動，又再一次的讓國際看見台灣。 ▪ 經典賽即時新聞 ▪ 最新比分與完整賽程 ▪ 預賽分組戰績表 ▪ 經典賽專欄分析 經典賽WBC中華隊                    中華隊今天晉級不成，還在晚間接到另一個壞消息，由於義大利隊以7：1擊敗荷蘭隊，A組形成5隊都是2勝2敗的大亂鬥，中華隊在...                                      日本在世界棒球經典賽B組完全主宰戰場，今天不讓澳洲有喘息機會，大谷翔平首局就轟出致勝3分砲，一路領先到終場以7：1獲勝，...                                      台灣球隊在比賽後都有聚在投手丘圍成一圈向全場致謝的習慣，在這次經典賽也不例外。今天中午對決古巴的戰役，終場以1比7慘敗給...                                      日本今晚在世界棒球經典賽B組對決澳洲，爭取分組4連勝，大谷翔平擔任3棒指定打擊，1局上首次站進打擊區就轟出中右外野方向3...                                      這趟在風波之中展開的經典之旅，最終成為張育成與台灣球迷之間難忘的回憶，中華隊確定淘汰賽後，張育成紅了眼眶，他向球迷表達感...                                      中華隊今天以1：7輸給古巴隊，確定無緣晉級經典賽複賽，外界怪罪賽程安排「晚接午」不利中華隊，甚至影響球員調整，承辦單位悍...                  ,UDN
353,經典賽／大谷翔平首轟出爐了！對澳洲第一局3分砲震撼東京巨蛋,2023-03-12 18:36:00,運動,,https://udn.com/news/story/10785/7026565,日本今晚在世界棒球經典賽B組對決澳洲，爭取分組4連勝，大谷翔平擔任3棒指定打擊，1局上首次站進打擊區就轟出中右外野方向3分砲，幫助日本取得3：0領先，這是大谷在本屆經典賽首轟紀錄。日本打線面對澳洲先發投手薛瑞夫（Will Sherriff），首局就展開攻勢，開路先鋒努特巴爾（Lars Nootbaar）獲保送、近藤健介安打，接著大谷在1好球後，把70.7英里曲球轟上東京巨蛋中右外野看台，形成395英尺3分砲。大谷在B組前3戰合計10打數5安打，包括3支二壘打，攻下4分打點、跑回4分，還被保送5次，也吞下2次三振，今天首度開轟，讓現場球迷尖叫聲不斷。 ▪ 經典賽即時新聞 ▪ 最新比分與完整賽程 ▪ 預賽分組戰績表 ▪ 經典賽專欄分析 經典賽WBC中華隊WBC風雲                    中華隊今天晉級不成，還在晚間接到另一個壞消息，由於義大利隊以7：1擊敗荷蘭隊，A組形成5隊都是2勝2敗的大亂鬥，中華隊在...                                      日本在世界棒球經典賽B組完全主宰戰場，今天不讓澳洲有喘息機會，大谷翔平首局就轟出致勝3分砲，一路領先到終場以7：1獲勝，...                                      台灣球隊在比賽後都有聚在投手丘圍成一圈向全場致謝的習慣，在這次經典賽也不例外。今天中午對決古巴的戰役，終場以1比7慘敗給...                                      日本今晚在世界棒球經典賽B組對決澳洲，爭取分組4連勝，大谷翔平擔任3棒指定打擊，1局上首次站進打擊區就轟出中右外野方向3...                                      這趟在風波之中展開的經典之旅，最終成為張育成與台灣球迷之間難忘的回憶，中華隊確定淘汰賽後，張育成紅了眼眶，他向球迷表達感...                                      中華隊今天以1：7輸給古巴隊，確定無緣晉級經典賽複賽，外界怪罪賽程安排「晚接午」不利中華隊，甚至影響球員調整，承辦單位悍...                  ,UDN
354,經典賽／古巴2連敗開局 卻成A組第一支晉級球隊,2023-03-12 19:08:00,運動,,https://udn.com/news/story/10785/7026610,「紅色閃電」古巴在經典賽分組以二連敗啟航，卻成為A組第一支確定晉級球隊，若在8強賽強碰日本，總教練強森（Armando Johnson）表示古巴表現倒吃甘蔗，有信心擊敗日本。古巴今天以7：1擊敗中華隊後，分組2勝2敗，晚上荷蘭與義大利隊交手，若荷蘭贏球，則荷蘭第一、古巴第二攜手前進東京，若義大利贏球，則形成5隊都是2勝2敗，需比較失分率，而古巴失15分，已經確定至少可以排在分組前二，不管哪套劇本都能拿到晉級門票。若古巴以A組第二晉級，8強賽碰上日本機會濃厚，強森今天也被問到，是否認為古巴有足以打敗日本的能力，他對此回應，日本是支堅強且整合有素的球隊，「但我相信球是圓的，我們已經準備好面對任何對手，我們越打越好，我相信我們有能力擊敗日本。」 ▪ 經典賽即時新聞 ▪ 最新比分與完整賽程 ▪ 預賽分組戰績表 ▪ 經典賽專欄分析 經典賽WBC風雲                    中華隊今天晉級不成，還在晚間接到另一個壞消息，由於義大利隊以7：1擊敗荷蘭隊，A組形成5隊都是2勝2敗的大亂鬥，中華隊在...                                      日本在世界棒球經典賽B組完全主宰戰場，今天不讓澳洲有喘息機會，大谷翔平首局就轟出致勝3分砲，一路領先到終場以7：1獲勝，...                                      台灣球隊在比賽後都有聚在投手丘圍成一圈向全場致謝的習慣，在這次經典賽也不例外。今天中午對決古巴的戰役，終場以1比7慘敗給...                                      日本今晚在世界棒球經典賽B組對決澳洲，爭取分組4連勝，大谷翔平擔任3棒指定打擊，1局上首次站進打擊區就轟出中右外野方向3...                                      這趟在風波之中展開的經典之旅，最終成為張育成與台灣球迷之間難忘的回憶，中華隊確定淘汰賽後，張育成紅了眼眶，他向球迷表達感...                                      中華隊今天以1：7輸給古巴隊，確定無緣晉級經典賽複賽，外界怪罪賽程安排「晚接午」不利中華隊，甚至影響球員調整，承辦單位悍...                  ,UDN
355,經典賽／中古戰變仇人 古巴大叔改喊：Team Taiwan,2023-03-12 21:21:00,運動,,https://udn.com/news/story/10785/7026750,經典賽場邊焦點之一是本壘後方的「古巴大叔」艾維拉，每天比賽都不缺席在本壘後方帶動氣氛，但今天台灣、古巴比賽，艾維拉一度被倒喝采，只好拿出我方國旗跟球迷一起喊。世界棒球經典賽A組賽事有台灣、古巴、荷蘭、義大利和巴拿馬隊，場上競技是焦點，但本壘後方顯眼處的觀眾席，總是穿著古巴球衣、帶著小喇叭的「古巴大叔」艾維拉（Pablo Avila）也很吸睛。艾維拉加油動作十分誇大，喜歡跟台灣球迷互動，甚至會送觀眾球，觀眾會很配合的跟著他一起喊聲，觀眾們也很愛找他合照，他都來者不拒，圈粉不少台灣觀眾。今天中華隊中午與古巴隊交手，也跟往常一樣洲際棒球場湧入滿場2萬名觀眾，但這場比賽「古巴大叔」艾維拉卻感到十分孤單，古巴1局攻下4分、2局攻下2分，艾維拉開心大聲慶祝、吹小喇叭想要帶動氣氛，後方的觀眾卻鴉雀無聲，甚至有人對他倒喝采。美國職棒大聯盟官網記者蒙納根（Matt Monagan）也發現這件事情，在個人推特（Twitter）上寫下，過去一週台灣球迷很喜歡的「古巴大叔」，現在台灣球迷已經不喜歡他了。「古巴大叔」艾維拉之後拿出我方國旗對著觀眾席，大聲喊Team Taiwan、Team Taiwan，才又找回本壘後方最佳啦啦隊長的角色，讓球迷跟著他一起互動。2023世界棒球經典賽A組預賽12日在台中洲際棒球場由古巴交手台灣，本壘後方觀眾席一名吹氣笛的古巴忠實球迷「古巴大叔」阿維拉（Pablo Avila），也相當受到矚目。 中央社 ▪ 經典賽即時新聞 ▪ 最新比分與完整賽程 ▪ 預賽分組戰績表 ▪ 經典賽專欄分析 經典賽WBC風雲                    中華隊今天晉級不成，還在晚間接到另一個壞消息，由於義大利隊以7：1擊敗荷蘭隊，A組形成5隊都是2勝2敗的大亂鬥，中華隊在...                                      日本在世界棒球經典賽B組完全主宰戰場，今天不讓澳洲有喘息機會，大谷翔平首局就轟出致勝3分砲，一路領先到終場以7：1獲勝，...                                      台灣球隊在比賽後都有聚在投手丘圍成一圈向全場致謝的習慣，在這次經典賽也不例外。今天中午對決古巴的戰役，終場以1比7慘敗給...                                      日本今晚在世界棒球經典賽B組對決澳洲，爭取分組4連勝，大谷翔平擔任3棒指定打擊，1局上首次站進打擊區就轟出中右外野方向3...                                      這趟在風波之中展開的經典之旅，最終成為張育成與台灣球迷之間難忘的回憶，中華隊確定淘汰賽後，張育成紅了眼眶，他向球迷表達感...                                      中華隊今天以1：7輸給古巴隊，確定無緣晉級經典賽複賽，外界怪罪賽程安排「晚接午」不利中華隊，甚至影響球員調整，承辦單位悍...                  ,UDN
356,經典賽／大谷翔平3分砲壓軸 日本4連勝狂攻38分前進8強,2023-03-12 21:39:00,運動,,https://udn.com/news/story/10785/7026768,日本在世界棒球經典賽B組完全主宰戰場，今天不讓澳洲有喘息機會，大谷翔平首局就轟出致勝3分砲，一路領先到終場以7：1獲勝，成為本屆賽事首支4連勝球隊，以分組龍頭進入8強。日本打線面對澳洲先發投手薛瑞夫（Will Sherriff），開路先鋒努特巴爾（Lars Nootbaar）首局首打席保送，2棒近藤健介安打，接著大谷把70.7英里曲球轟上東京巨蛋中右外野看台，個人經典賽首轟出爐。2局上，日本攻勢再起，中野拓夢、努特巴爾、近藤接連安打攻下兩分，拉大到5分領先。澳洲投手群狀況不穩，4局上中村悠平安打後，連續3次保送奉送1分，5局上又出現兩次保送，中村二壘打攻下全隊第7分；澳洲前兩戰對南韓、中國大陸一共攻下20分，此役只有5支安打，打到9局下終於破蛋，戰績2勝1敗。日本先發投手山本由伸投4局，用60球完成任務，面對13人次只被揮出1支安打，飆出8次三振，無失分奪勝。日本投手群動用5人上陣，高橋奎二中繼兩局，大勢、湯淺京己投1局，3人合計只被3安、無失分；髙橋宏斗9局下登板，被澳洲指定打擊霍爾（Alex Hall）轟出中右外陽春砲，投手群全場送出13次三振。大谷今天2打數1安打，兩次四死球包括1次故意四壞，攻下4分打點，被三振1次；他打完B組4場比賽，合計12打數6安打，包括1支全壘打、3支二壘打，打擊率高達5成，攻下8分打點、跑回5分，還被保送7次，也吞下3次三振。日本在B組4場比賽依序以8：1勝中國大陸、13：4勝南韓、10：2勝捷克、7：1勝澳洲，合計打出38：8，將於16日繼續在東京巨蛋進行8強賽。 ▪ 經典賽即時新聞 ▪ 最新比分與完整賽程 ▪ 預賽分組戰績表 ▪ 經典賽專欄分析 經典賽WBC風雲                    中華隊今天晉級不成，還在晚間接到另一個壞消息，由於義大利隊以7：1擊敗荷蘭隊，A組形成5隊都是2勝2敗的大亂鬥，中華隊在...                                      日本在世界棒球經典賽B組完全主宰戰場，今天不讓澳洲有喘息機會，大谷翔平首局就轟出致勝3分砲，一路領先到終場以7：1獲勝，...                                      台灣球隊在比賽後都有聚在投手丘圍成一圈向全場致謝的習慣，在這次經典賽也不例外。今天中午對決古巴的戰役，終場以1比7慘敗給...                                      日本今晚在世界棒球經典賽B組對決澳洲，爭取分組4連勝，大谷翔平擔任3棒指定打擊，1局上首次站進打擊區就轟出中右外野方向3...                                      這趟在風波之中展開的經典之旅，最終成為張育成與台灣球迷之間難忘的回憶，中華隊確定淘汰賽後，張育成紅了眼眶，他向球迷表達感...                                      中華隊今天以1：7輸給古巴隊，確定無緣晉級經典賽複賽，外界怪罪賽程安排「晚接午」不利中華隊，甚至影響球員調整，承辦單位悍...                  ,UDN
357,經典賽／義大利打爆荷蘭晉級 中華隊下一屆恐淪落資格賽,2023-03-12 22:18:00,運動,,https://udn.com/news/story/10785/7026828,中華隊今天晉級不成，還在晚間接到另一個壞消息，由於義大利以7：1擊敗荷蘭隊，A組形成5隊都是2勝2敗的大亂鬥，中華隊在比較失分率後成為分組墊底，下一屆恐從資格賽打起；A組由古巴、義大利搭上前往東京的專機。中華隊今天在午場以1：7輸給古巴隊，完成分組全部賽程，中華隊確定無緣晉級，古巴收下A組第一張晉級門票，晚場由荷蘭、義大利交手，牽動另一張門票及誰要去打資格賽。荷蘭雖是先取方的一方，義大利Do.佛列契（Dominic Fletcher）4局下敲出二壘打開路，蘇利文（Brett Sullivan）補上安打，先幫義大利追平比分，義大利後續持續敲安、上壘，單局6支安打、串出6分大局，為自己開打晉級之路。荷蘭處於1：6落後，面對義大利難以突破，反倒在8局下被義大利「補刀」，Da.佛列契（David Fletcher）、弗里利克（Sal Frelick）安打串聯，再幫義大利攻下分數，取得7：1領先直至終場。A組最終5隊都是2勝2敗，必須比較失分率決定排名，大聯盟採計的方式為總失分除以總出局數，古巴、義大利經過計算後攜手晉級，中華隊失31分、出局數105，失分率0.295在A組墊底，經典賽下一屆賽制尚未定調，中華隊可能淪落資格賽出發。 ▪ 經典賽即時新聞 ▪ 最新比分與完整賽程 ▪ 預賽分組戰績表 ▪ 經典賽專欄分析 經典賽WBC中華隊WBC風雲                    中華隊今天晉級不成，還在晚間接到另一個壞消息，由於義大利隊以7：1擊敗荷蘭隊，A組形成5隊都是2勝2敗的大亂鬥，中華隊在...                                      日本在世界棒球經典賽B組完全主宰戰場，今天不讓澳洲有喘息機會，大谷翔平首局就轟出致勝3分砲，一路領先到終場以7：1獲勝，...                                      台灣球隊在比賽後都有聚在投手丘圍成一圈向全場致謝的習慣，在這次經典賽也不例外。今天中午對決古巴的戰役，終場以1比7慘敗給...                                      日本今晚在世界棒球經典賽B組對決澳洲，爭取分組4連勝，大谷翔平擔任3棒指定打擊，1局上首次站進打擊區就轟出中右外野方向3...                                      這趟在風波之中展開的經典之旅，最終成為張育成與台灣球迷之間難忘的回憶，中華隊確定淘汰賽後，張育成紅了眼眶，他向球迷表達感...                                      中華隊今天以1：7輸給古巴隊，確定無緣晉級經典賽複賽，外界怪罪賽程安排「晚接午」不利中華隊，甚至影響球員調整，承辦單位悍...                  ,UDN
358,經典賽／A組MVP獎落墊底球隊 張育成猛到無法不選他,2023-03-12 22:27:00,運動,,https://udn.com/news/story/10785/7026849,世界棒球經典賽A組賽程今天落幕，分組最有價值球員獎落墊底球隊，張育成以4成38打擊率敲出7安打、2轟、8分打點突圍。中華隊以2勝2敗完成分組賽程，依序以5：12輸給巴拿馬、11：7擊敗義大利、9：5擊敗荷蘭、1：7輸給古巴隊，該組最終形成5隊都是2勝2敗的大亂鬥，中華隊失分率0.295排名墊底，下一屆恐怕要打資格賽；古巴0.139、義大利0.157攜手前進東京，荷蘭、巴拿馬則為分組第3、第4。A組最後一戰結束後，大會公布最有價值球員，由張育成獲獎，不僅帳面打擊成績出色，且多支關鍵安打，包括對義大利之戰敲出追平兩分砲、對荷蘭之戰敲出超前滿貫砲，火力總是來得恰是時候。 ▪ 經典賽即時新聞 ▪ 最新比分與完整賽程 ▪ 預賽分組戰績表 ▪ 經典賽專欄分析 經典賽WBC中華隊WBC風雲                    中華隊今天晉級不成，還在晚間接到另一個壞消息，由於義大利隊以7：1擊敗荷蘭隊，A組形成5隊都是2勝2敗的大亂鬥，中華隊在...                                      日本在世界棒球經典賽B組完全主宰戰場，今天不讓澳洲有喘息機會，大谷翔平首局就轟出致勝3分砲，一路領先到終場以7：1獲勝，...                                      台灣球隊在比賽後都有聚在投手丘圍成一圈向全場致謝的習慣，在這次經典賽也不例外。今天中午對決古巴的戰役，終場以1比7慘敗給...                                      日本今晚在世界棒球經典賽B組對決澳洲，爭取分組4連勝，大谷翔平擔任3棒指定打擊，1局上首次站進打擊區就轟出中右外野方向3...                                      這趟在風波之中展開的經典之旅，最終成為張育成與台灣球迷之間難忘的回憶，中華隊確定淘汰賽後，張育成紅了眼眶，他向球迷表達感...                                      中華隊今天以1：7輸給古巴隊，確定無緣晉級經典賽複賽，外界怪罪賽程安排「晚接午」不利中華隊，甚至影響球員調整，承辦單位悍...                  ,UDN
359,經典賽／「地獄賽程」讓中華隊優勢盡失 荷蘭更像地主隊,2023-03-06 07:00:00,運動,,https://udn.com/news/story/122629/7010591,2023年第5屆WBC世界棒球經典賽後天開打，晚上7點中華隊首戰巴拿馬，休兵1天後，禮拜五對義大利，禮拜六對荷蘭，時間都是晚上7點，禮拜天中午12點對戰古巴，說真的，這樣的賽程安排實在對地主中華隊非常不利。這就讓人聯想到2015年第1屆世界棒球12強賽，當時也在台灣打，11月9日禮拜一晚上6點半中華隊首戰荷蘭，結果以4:7落敗，隔天休兵，11日禮拜三晚上6點半對義大利，中華隊以7:1贏球，隔天晚上6點半中華隊以8:9不敵加拿大，13日禮拜五為大會休兵日。重點來了，14日禮拜六晚上6點半中華隊以4:1扳倒強敵古巴，結果隔天是禮拜天，竟然打中午12點半的比賽，對手是波多黎各，而前一天波多黎各是打中午12點半的比賽，關鍵戰役等於地主中華隊休息時間還比對手還少。中華隊在2015年世界棒球12強賽中，已經吃過賽程安排上的悶虧，這次經典賽同樣難打。 聯合報系資料照片此役鏖戰12局中華隊以4:7落敗，和波多黎各戰績同為2勝3敗，比較對戰優質率(TQB)，波多黎各晉級八強複賽，中華隊慘遭淘汰。當時中華隊是否因休息時間不夠造成兵疲馬困，導致延長戰線氣力放盡飲恨？這一點很難說，但身為地主國，賽程安排應該要盡可能對我們有利，這點應該不用多說。中華隊最後兩天密集作戰，前一天還跟「紅色閃電」硬碰硬，選手體力難免流失，對古巴之戰陳禹勳、潘威倫、陳鴻文都登板，最終戰對波多黎各3人又上場投球，其中陳禹勳和陳鴻文5場都出賽，負擔相當重，總之，最後結果是中華隊輸球遭淘汰。預賽A組賽程表回到今年經典賽的賽程，中華隊首戰對手巴拿馬，被評估是A組預賽相對較弱的對手，不過巴拿馬很可能把陣中4名最好的投手巴雷亞(Jaime Barria)、勞倫斯(Justin Lawrence)、古耶拉(Javy Guerra)、巴爾多納多(Alberto Baldonado)全部推出來對我們，實際上，這一仗中華隊也不好打。中華隊打完巴拿馬隔天休兵，重點來了，禮拜五的對手義大利，對方打線由大聯盟球員搭配小聯盟3A好手組成，而且這一批小聯盟打者在3A都有不錯的成績。義大利所帶的17名投手，有12人是現役大聯盟或小聯盟2、3A投手，如果你對於這樣的投打陣容沒什麼概念，他們整體實力就好比是上屆經典賽「升級版以色列」，這屆義大利比上屆以色列更強，當時中華隊遭以色列15:7痛宰，顯見義大利絕非好惹的角色。中華隊打完義大利，隔天又要打荷蘭，荷蘭實力不用多說，雖然投手戰力稍弱，但先發打線幾乎都具備大聯盟資歷，他們在一起打了許多場國際賽，又是連兩屆經典賽四強班底，默契和凝聚力十足，戰力非常堅強，也被外媒看好能在A組脫穎而出闖進八強複賽。打完荷蘭，中華隊休息沒多久，禮拜天又要起個大早面對古巴，而且古巴在前一天休兵，根本就是「滿血回歸」對我們，等於是「疲勞的中華隊vs.睡飽的古巴隊」，你說沒差嗎？當然有差。古巴隊本來就很難打，而中華隊將在最不利的時間點去硬碰。為保險起見，最好前3戰都先贏起來。 中央社不用多說，古巴籍的中日龍守護神R.馬丁尼茲(Raidel Martinez)，和軟銀鷹終極者莫伊內洛(Livan Moinelo)，有贏球機會一定會登板，如果中華隊在比賽前半段落後或無法拉開比分，贏面將大大降低。忘了說一件事，這屆經典賽荷蘭前兩場都打中午12點的比賽，休息一天後再對中華隊，也就是說，中華隊和義大利激戰結束，隔天就要對戰充分休息的荷蘭，一如對上我們的古巴，如果只看賽程安排，會讓人誤以為這次地主是荷蘭。荷蘭隊有大聯盟超級球星波賈茲助陣，賽程上又不會太緊湊，想從A組中晉級是相當有利。 記者蘇志畬／攝影可不要小看休兵這一天，經典賽有投手用球數限制，相關規定為:單場比賽最多投65球(預賽)，單場比賽投滿50球需休息4天才能再出賽，單場比賽投滿30球需休息1天才能再出賽，單場比賽投滿30球需休息1天才能再出賽。如果巧妙安排，理論上，荷蘭和古巴都能用最好的幾名投手對中華隊，而中華隊最後3天要打密集賽程，投手如何調度安排，考驗教練團智慧，但我們只帶14投，深度又略顯不足，至於能否熬過「地獄賽程」，場上見真章。這屆經典賽B、C組的地主日本、美國，賽事一律打晚上，沒有一場是中午的比賽，更不可能出現「晚接午」的賽程，台灣投入大量人力、物力和財力，辛苦地辦A組預賽，賽程安排卻完全看不到主場優勢，真的是讓人無言以對。,UDN
360,經典賽／不只大谷、達比修 日本武士的B咖傳奇更勵志,2023-03-06 07:00:00,運動,,https://udn.com/news/story/122629/7010810,"隨著大谷翔平回到日本與WBC日本武士隊共同練球，世界棒球經典賽WBC在日本的氣氛也逐漸升高。大谷翔平雖然尚未正式上場比賽，不過4日與中日龍進行熱身賽，大谷翔平在賽前打擊練習時，頻頻揮擊飛越全壘打牆外，更有多次打到名古屋巨蛋最上層的第5層看台，讓現場觀眾嘖嘖稱奇，也吸引日本武士隊的明星國手們的目光，展現他是「明星中的明星」價值。這次日本隊集結了一大票明星，如果以選秀順位分布來看，最吸睛的大谷翔平（2013年日本火腿）、達比修有（2005年日本火腿）、佐佐木朗希（2020年羅德）幾位大咖，「沒有意外」都是選秀第一指名。另外投手群之中伊藤大海（2021年日本火腿），以及宮城大彌（2020年歐力士）、今永昇太（2015年橫濱DeNA）、松井裕樹（2014年樂天）等幾名左投，守護神栗林良栗（2021年廣島）、大勢（2021年巨人），以及年僅20歲的中日龍隊高橋宏斗（2021年中日）。另外強打者山田哲人（2011年養樂多）、岡本和真（2015年巨人）、村上宗隆（2018年養樂多）、吉田正尚（2016年歐力士）等人，都是日本職棒選秀第一指名入團，從一開始進職棒就是備受矚目的超級新星。不過也有幾名後段順位選手擠進這次WBC日本武士隊，甚至還有人是透過育成選秀入團，更加證明了「英雄不怕出身低」，不是人人一開始就是明星。來自歐力士的宇田川優希，去年對養樂多的日本一決賽中4度登板，靠著157公里速球以及大幅度落差的指叉球，5.2 局無失分還飆出10K，被評價為「影子MVP」。在重大比賽毫不畏懼讓他一炮而紅，並且獲得青睞入選日本武士隊。然而半年多之前他還是育成選手身分，直到7月底才升為正式選手，即使冠軍賽表現優異，但調完薪之後本季年薪也不過1700萬日圓，與陣中動輒好幾億，甚至已經高達40億之譜的達比修有、大谷翔平等其他日本武士隊選手相比，真的是相當懸殊。除了宇田川優希之外，捕手甲斐拓也、周東佑京、以及替補鈴木誠也入隊的牧原大成都是大家比較熟悉的育成出身選手，而他們同時都來自軟銀鷹隊，軟銀的「育成傳奇」有多大的成效，足以窺見。除了育成之外，另外也有幾名選秀後段班，進職棒之初只能算是B咖的選手，包括了中野拓夢（2020年阪神）、湯淺京己（2020年阪神）、戶鄉翔征（2019年巨人），他們都是選秀第六指名入團，這幾名選手入選也掀起了不小話題。湯淺京己去年迅速竄起，以 45 中繼點、防禦率1.09拿下央聯最優秀中繼，新球季將成為阪神新守護神第一人選。 擷圖自維基百科／Orixbaseballclub攝影戶鄉翔征從2020年起成為巨人隊的固定主力先發，去年拿下生涯新高的12勝，還奪下中央聯盟最多奪三振投手，年薪已經來到9,000萬日圓，「億圓男」已經近在咫尺。阪神虎隊的23歲投手湯淺京己則與宇田川優希有接近之處，去年之前他僅僅在一軍投過3場比賽，沒有引起太多關注，卻在去年迅速竄起，以 45 中繼點、防禦率1.09拿下央聯最優秀中繼殊榮，已經是目前日本職棒新世代中繼投手代表，WBC結束後回到母隊阪神甚至將扛下守護神重任。中野拓夢2019年曾代表日本社會人聯隊到台灣參加冬季聯盟，擊出大會最多的26支安打。2020年底他以第六指名加入阪神虎隊，第一年就贏得先發，並且以30次盜壘成功從隊友近本光司手中奪下盜壘王，一躍成為阪神固定內野主力。去年球季他擊出157支安打，高居央聯第三名，並首度獲選為最佳九人獎。這次不僅打敗一大票日本頂級內野手，入選日本武士隊，還被監督栗山英樹視為日本隊奪回WBC世界第一的關鍵人物，他的速度以及機動力已經成為招牌。身高僅171公分，身材並不起眼，選秀當時也沒有受到太多關愛眼神，中野拓夢如能在WBC這個世界的舞台活躍，勢必也會給許多打棒球的人帶來信心與勇氣！",UDN
361,經典賽／迎戰WBC 中華隊全方位戰力解密,2023-03-07 12:00:00,運動,,https://udn.com/news/story/122629/7012567,【撰文・鍾亞芳】統一7-ELEVEn獅總教練林岳平掌兵符，教練團成員也都是國際賽有輝煌戰果沙場老將，中生代好手王威晨擔任隊長，棒壇菁英齊聚一堂為國家隊榮譽而戰！林岳平首度擔任高層級國際賽總教練，從球員至教練時期並肩作戰老戰友高志綱為首席兼捕手教練，「暴力猿」教頭曾豪駒與彭政閔為打擊教練，有旅外資歷的許銘傑與王建民分別為投手與牛棚教練，內野教練為陳江和，「火哥」張建銘是外野守備兼跑壘教練，劉品辰擔任體能教練，教練團來自4支球團，過去在國際賽場都有精采表現，林岳平表示，教練團合作默契相當優異，「每個教練在各隊都是重要一職，包括其他球隊總教練  或幕後布局副領隊，多元角色可以帶領新一  代中華隊打出不同樣貌。」同時希望教練團將經驗傳承給新一代中華隊，期許這批選手在國際賽場重現過往輝煌光榮。球隊備戰步調在預期進度，不過集訓期在各隊春訓階段，林岳平擔憂選手備戰狀  態能否在比賽中完全發揮，或國際賽結束後，較以往提早開機的球員回到母隊調整狀況，「這次在台灣比賽，大家很期待中華隊有好成績，我也首次擔任重要職務，希望這支年輕中華隊能以活力展現短期賽事企圖，期許以地主氣勢面對各國強勁好手，用團結力量一一擊破。」王建民(左前)「特調」中華隊投手群。 聯合報系資料照去年中職防禦率與出賽數前幾名本土投手胡智爲、江少慶、王維中與黃子鵬等人都是中華隊一員，投出驚奇 11連勝的吳哲源未在30人名單，後因曾仁和傷退加入戰局，富邦悍將左投陳仕朋、國際賽經驗豐富的陳禹勳，另外還集結各隊守護神李振昌、呂彥青、陳冠偉與曾峻岳，同時還有旅外選手鄧愷威、宋家豪，投手陣容可謂一時之選。預賽對手巴拿馬、義大利、荷蘭由美洲、中南美選手組成，攻擊積極，屬「球來就打」類型，王建民指出，中華隊投手變化球、球速都不錯，若能前幾球解決打者比較有利，不少選手有旅外資歷，具對決美洲打者經驗，「多少有加分效果，我們優勢應該是台灣主場，感覺投手控制能力比較好一點。」集訓期間不少投手表示，王建民教練協助加強下半身肌力加強與運用，王建民指出，選手去年球季結束就休息，幫助他們調整，現階段狀態一定跟去年有落差，「幫助他們快點找回投球感覺，盡量用下盤帶動全身力量，身體連結會好一點，因為大部分投手就是丟球去找感覺，如果運用下半身，可以一直串聯起來到出手，球質就會好一點。」新人王陳冠偉上肩投球姿勢、出手點特殊，王建民說：「中南美可能打冠偉縱向指叉球會比較不好打，那顆縱向指叉球掉的幅度很大，那邊比較少這種投手，他不會怯場，盡量表現就好。」王建民也點名陳仕朋投球出手短，難以辨別出手點，也是一大利器。全文未完，更多內容，請參閱最新一期《職業棒球雜誌》(第492期),UDN
362,經典賽／彈力球惡夢悄悄襲來 中華隊熱身賽全勝卻無法樂觀,2023-03-07 07:00:00,運動,,https://udn.com/news/story/122629/7013147,2023第5屆經典賽A組預賽在台灣將於8日開打，兩天的官辦熱身賽也在昨日結束，各國隊伍在這兩場賽事中有勝有敗也有和局，只有中華隊兩戰全勝，中華隊從2月14日、16日兩度對上味全，17日對台鋼，19日對富邦，21日對統一的閉門練習賽，到25日對樂天、26日對中信及27日對味全，3場開放球迷進場的自辦熱身賽，最後是這兩天對中信及富邦的2場官辦熱身賽，在正式開賽前的熱身賽已拉出一波10連勝，就連日本隊在熱身賽都曾輸給中日過，中華隊的帳面戰績看起來十分強悍，但從細部數據來看，中華隊的部分投打其實都尚未調整到位。就從25日開始的自辦及官辦熱身賽來看，中華隊在3場自辦熱身賽打下15分，得分能力看起來不錯，但那3場比賽打擊有發揮的幾乎都是旅外球員，這點在上週的文章中已提到，這現象在這2場官辦熱身賽中有改善的跡象，包括上季全壘打同樣是聯盟最多的林立及吉力吉撈．鞏冠都有安打及打點貢獻，林立更有開轟紀錄，同樣在自辦熱身賽打擊手感冰冷的陳傑憲，也有單場雙安的表現，中職打者的打擊逐漸加溫，不過仍有幾位打擊不佳的球員在官辦熱身賽中沒有充足機會調整，如范國宸、林岱安及打、跑都有狀況發生的郭天信等。中華隊在這幾場自辦及官辦熱身賽雖然都是對上台灣國內的職棒球隊，但面對的投手卻都還不算是隊上的主力投手，首場對上樂天的是上季在一軍出賽12場，0勝3敗6.75防禦率的林子崴；第2場是中信的去年的第一指名鄭浩均；第3場是味全上季僅在一軍出賽1場，防禦率6.0的曹祐齊；首場官辦熱身賽對中信遇到上季出賽4場，防禦率5.17的魏碩成；最後1場則是富邦的江國豪；中華隊在這5場也僅在面對有旅美經驗的鄭浩均及可望進入本季富邦先發輪值的江國豪先發時較為苦手，其他幾名先發投手就發揮得還不錯，但這樣的對手強度是否足夠就是個問號了。鄧愷威在首場官辦熱身賽首度出賽，控球就發生很大的問題。 記者蘇志畬／攝影另外一個重點就是先發投手的安排，在張奕及曾仁和接連傷退的情形下，原本就被筆者認為可能是中華隊罩門的投手部分更加脆弱，尤其江少慶、鄧愷威在官辦熱身賽由於控球出問題、保送過多而導致用球數過多的狀況，可說是本屆中華隊投手的未爆彈(或者已經爆了)，而官辦熱身賽首場中華隊雖然打出3轟打下13分，對手中信在少了王威晨、江坤宇及許基宏的狀況也回擊了9分，整體投手群的表現只有胡智爲的表現較為穩定，在僅剩1天的時間下，球員狀況要調整回來十分困難，這也考驗著教練團在短時間調整投手定位的智慧。胡智爲是這幾場熱身賽中華隊表現最穩定的先發投手。 記者陳宛晶／攝影首場官辦熱身賽中華及中信兩隊共打出4支全壘打，也出現過未打中球心卻輕鬆越過外野手的深遠安打，下午進行的其他場比賽也有這種情形，賽後林立及陳子豪等球員都表示球應該比上季中職用球還要彈，如此一來被擊中就較易形成長程安打甚至於全壘打，因此除了投手控球問題之外，比賽用球可能是要面對的另一個大魔王，畢竟如果要比打擊上的互相傷害，中華隊打者的砲管遠不及強打如雲的其他各國隊伍，唯有投手撐住，中華隊才有獲勝的機會。,UDN
363,大聯盟4大新規則啟用  享受「舊版的美好」只剩經典賽,2023-03-08 07:00:00,運動,,https://udn.com/news/story/122629/7015587,"世界棒球經典賽（World Baseball Classic）A 組賽事將在三月八日於台中洲際棒球場率先開打，其他組的賽程，也將緊接著於日本東京、美國鳳凰城、邁阿密等三地展開。總共二十支國家隊，將經過分組預賽和兩輪單淘汰複賽，進行約三週的賽事，最後於三月二十一日在美國邁阿密，決定第五屆經典賽的冠軍獎盃和一百萬美元（約3,057萬台幣）冠軍獎金獎落誰家。而另外一頭，美國大聯盟的春訓熱身賽，也一如往常，在二月底開打，讓選手為四月開始的漫長球季做準備。以調整為主的春訓賽事，和高強度、一戰定生死的經典賽分頭同時進行，雖然有些突兀，但在過去四屆也都是如此，大部分球迷也習以為常了。然而，今年很不同的是，經典賽和大聯盟春訓熱身賽，用的是兩套相當不同的規則。甫與波士頓紅襪簽約，但還沒有跟母隊一起春訓的張育成，以及小聯盟體系的球員如鄧愷威、鄭宗哲，在經典賽結束後，可需要加快腳步適應全新版本的大聯盟棒球。但從另外一個角度來看，這次經典賽大概會是享受「舊版」大聯盟棒球的最後機會了。張育成在打完經典賽後，需要儘快適應新的規則。 聯合報系資料照片今年大聯盟球季將有許多對球賽影響重大的新規則，而在亞利桑那和佛羅里達進行的春訓賽事，則是第一次讓球迷「開箱」這些新規則和新規則可能造成的改變。對球隊來說，除了要適應新的規則，也可以試驗一些新的戰術或策略，畢竟，誰能最先洞悉新規則可能產生的「漏洞」或競爭優勢，誰就能在球季賽掌握先機。而春訓至今進行約兩週，只要稍微有在關注熱身賽的球迷，已可以感受到，今年的大聯盟，不管就觀賽體驗，還是球賽的內容，都會和往年非常不一樣，以下先簡單說明。一、投球限時（pitch timer）：壘上無人，投手必須在拿到球後十五秒內做出投球動作。壘上有人時，投手則必須在二十秒內做出投球動作。另外，打者也必須在秒數倒數到八秒之前，進入打擊區並做好準備打擊的姿勢。如果投手違例，記一顆壞球，而如果打者違例，記一顆好球。從春訓開始，球場邊就加裝計時器，投手要在倒數計時歸零完成前就出手。 美聯社二、限制投手牽制（退板）的次數：在壘上有人時，投手最多只能退板（無論是為了牽制跑者或是重新整理投球情緒）兩次。如果第三次退板牽制，必須成功牽制造成跑者出局，否則將自動變成投手犯規，壘上跑者得以前進一個壘。三、禁止防守佈陣：為因應近年盛行的防守佈陣造成安打不易、打擊率普遍低下，新的規則規定投捕之外的四名內野手必須在內野紅土上防守，且二壘壘包的左右兩側都必須有兩名防守者。禁止防守佈陣之後，許多打者可以增加不少被「大數據沒收」的安打，打擊率應該會好看很多。 美聯社四、壘包加大：壘包從原本的15平方英吋，加大到18平方英吋。以上四項規則上的變革，每一項對球賽造成的影響，都和1973年美國聯盟引進「指定打擊」制度造成的影響，不相上下，甚至有過之無不及。以投球限時來說，這個新規定從根本上改變了棒球的節奏。以往投手可以好整以暇、整理好情緒、按照自己喜歡的節奏投球，這在今年的球季賽不可能發生。對打者來說，每看完一球就走出打擊區，慢條斯理地整理打擊手套、慢慢思考下一球的打擊策略，再來面對投手的投球，也是行不通了。攻守兩方都必須面臨時間的壓力，在幾秒內準備就緒，比賽節奏也勢必會變得明快許多。去年，這幾項新規則已經在小聯盟的比賽中全面試行。根據《Baseball America》的統計，去年小聯盟使用投球限時規定的聯盟，比未使用新規定的大聯盟，比賽時間縮短了二十到三十分鐘。在高階1A的比賽，平均一場球只需要二小時34分鐘，相較之下，去年大聯盟一場球平均要三小時4分鐘。顯然，節奏過慢的棒球在這個時代已經不受歡迎，而投球限時確實可以有效縮短比賽時間，讓球賽更加緊湊好看。但這項規定也並非沒有瑕疵：試想，如果比賽進行中受到雨勢影響，投手和打者都需要多一點時間把球和球棒擦乾、準備就緒，違例的情況是否會常常發生？而如果是球賽後半段的關鍵時刻，投打對決中的懸疑感和鬥智，也需要「時間」這個重要要素來把觀眾的情緒帶出來。用投球限時一味追求縮短比賽時間，棒球最好看的時刻，反而可能一轉眼就結束了。而更糟的狀況，就是可能會發生讓投球限時決定一場比賽勝負的尷尬情況。球場上將有新的裝備裁判使用無線裝置來進行計時。 美聯社這樣的尷尬狀況，在春訓的熱身賽就發生了。在一場波士頓紅襪對亞特蘭大勇士的熱身賽，先攻的紅襪以六比三的比分進入九局下，但勇士一輪猛攻追成平手，兩出局後還進佔滿壘。九局下平手、滿壘、兩出局、球數已滿。雖然是無關緊要的春訓賽事，全場勇士球迷仍然坐不住了，持續用音量給紅襪投手施加壓力。這時，只看到主審朝著打擊的康利（Cal Conley）手臂一舉，判定他未在限定時間內準備好打擊，自動三振出局、勇士攻勢瓦解。比賽就以平手結束，留下滿場錯愕的球員和球迷。寫到這裡，只能說很慶幸像經典賽這樣高強度的短期賽事，沒有採用新的規則。想像一下這個情況：中華隊在最後一場預賽對上古巴隊，需取勝才能晉級。兩隊鏖戰到九局下，中華隊一分領先，但古巴在兩出局後攻佔滿壘，由終結者宋家豪對決在大聯盟有165轟紀錄的老將塞佩達斯（Yoenis Céspedes），球數投到兩好三壞。這樣血脈賁張、張力高到不能再高的場面，最後可能因為投手「慢了一秒鐘」投球，或打者「沒有進入打擊區看著投手」這樣的理由，決定這場比賽的勝負和晉級隊伍。這樣的結局，球迷和球員可以接受嗎？棒球作為一個歷史悠久的運動，在球迷年紀普遍偏高、年輕球迷關注度不高的情況下，在規則上進行革新是必然，有效減少比賽中的「垃圾時間」，也確實能讓比賽變好看。但是，如果你像知名美國作家多麗絲‧古德溫（Doris Kearns Goodwin）一樣，認為棒球的魅力所在，是在於它是所有運動中最為永恆不變、最不受時間限制（timeless）的一種。或者你也像我一樣，喜歡不疾不徐的慢版棒球，和藉由時間慢慢發酵才能仔細品味的懸疑感，那麼這一屆經典賽，會是享受「老派」大聯盟棒球的最後機會。 ▪ 經典賽即時新聞 ▪ 最新比分與完整賽程 ▪ 預賽分組戰績表 ▪ 經典賽專欄分析 MLB專欄MLB經典賽美國職棒                    明星週前還長時間穩定高居西區第二的灰熊，近期卻在當家球星莫蘭特(Ja Morant)沸沸揚揚的持槍事件影響中吞下三連敗。灰熊最新排名也被最近十場拿下七勝的國王給趁勢追平，後面還有只距離兩場勝差的太陽正                                      睽違六年的世界棒球經典賽終於開打。和過去幾屆相比，本屆各國更是精銳盡出，可說是星度最高的一屆，也讓賽事更加精采可期。至於哪隊最具冠軍相？美國、多明尼加、委內瑞拉及日本算是四大熱門，整體而言又以衛冕冠軍                                      勇士本季始終打不好客場的問題依舊沒有改善，連續輸給湖人和雷霆之後又是二連敗，不禁又讓人想起先前不可思議的客場15連敗。目前勇士雖然以34勝32敗排在西區第六，但領先第13名的爵士也只有3場勝差。在割喉                                      從這場比賽就可以看出來南美洲國家隊與台灣國內中職球隊的等級還是有差距，熱身賽的戰績也是僅供參考，面對攻擊、速度、防守都高出一個等級的國家隊，只要一個不小心，比賽結果就會是大比分落敗。胡智爲是中                                      世界棒球經典賽（World Baseball Classic）A 組賽事將在三月八日於台中洲際棒球場率先開打，其他組的賽程，也將緊接著於日本東京、美國鳳凰城、邁阿密等三地展開。總共二十支國家隊，將經過                                      隨著第五屆世界棒球經典賽即將開打，今年的棒球熱潮飆升，尤其中華隊在熱身賽保持不敗之身，更讓球迷對本屆大賽有所期待。另一個讓人關注的焦點，仍是每年休賽季最具話題的富邦悍將，他們對戰中職對手或中華隊只有1                  ",UDN
364,練出投手獎、防禦率不到1 高龍偉如何帶東體出投天,2023-03-08 07:00:00,運動,,https://udn.com/news/story/122629/7015697,「不管他們畢業後有沒有要繼續打球，我希望他們離開東體的時候是健康的…」─台東體中教練高龍偉。在高中木棒聯賽創下季軍隊史最佳成績，台東體中寫下新的一頁，不斷被總教練陳峰岳提到的，就是團隊不到1的防禦率是關鍵，他歸功於投手教練高龍偉，令人不得不佩服這位昔日統一獅強投的教球功力。台東體中在今年木棒聯賽的團隊防禦率0.84，在所有球隊中僅次於普門中學的0.60，甚至還優於冠軍隊穀保家商的1.25，總共91.2局也只比壽山高中的93.1局少，可以說是貨真價實，投手獎由獨拿4勝、防禦率僅0.24的陽崧儒帶走，難怪教頭直言，「只要贏2分，我就有信心贏球。」台東體中陽崧儒拿下投手獎。  學生棒球聯盟／提供「防禦率不到1耶！我還有什麼不滿意的？」高龍偉笑說，這次帶了8名投手，2人狀況不理想，1人則要身兼野手，能繳出這麼低的防禦率的確意外，「打7局比較好調配投手，盡量讓投手平均使用，不要只依賴幾名投手，大家都是王牌。」高龍偉坦言，台東體中算是中上球隊，投手素質有時無法像A級球隊這麼突出，不過他很注重投手健康，在上學期打地方盃賽時會輪流帶不同投手出來，以循環賽制的比賽來說，一名投手控制在10到12局，注意丟的數量，「投手有週期性，按照訓練規劃在走。」除了技術外，高龍偉也很重視投手的心理層面，曾出奇招來練他們的膽識，讓投手站在打擊區模擬打者，自己在投手丘用球棒擊球到打擊區讓投手體驗強度，「投手不敢投進好球帶，因為怕打到打者，我想讓他們知道，其實打者比你還要怕。」高龍偉(左)很重視投手的心理層面。  王偲潔／提供「球是圓的、棒子也是圓的」，高龍偉說到，打者打好也沒那麼容易，畢竟打擊率3成是高，代表10次還有7次會失敗，因此要投手不要怕，「控球準、穩定性最重要，用木棒一定要確實擊中才會飛得遠，不用怕被打。」「相信我的投手，帶出來就是最好的」，高龍偉提到，打出漂亮一戰，是這批選手3年來共同目標，未來不論是否繼續打球，都希望選手帶著健康身體從東體畢業。 ▪ 經典賽即時新聞 ▪ 最新比分與完整賽程 ▪ 預賽分組戰績表 ▪ 經典賽專欄分析 棒球專欄統一獅                    明星週前還長時間穩定高居西區第二的灰熊，近期卻在當家球星莫蘭特(Ja Morant)沸沸揚揚的持槍事件影響中吞下三連敗。灰熊最新排名也被最近十場拿下七勝的國王給趁勢追平，後面還有只距離兩場勝差的太陽正                                      睽違六年的世界棒球經典賽終於開打。和過去幾屆相比，本屆各國更是精銳盡出，可說是星度最高的一屆，也讓賽事更加精采可期。至於哪隊最具冠軍相？美國、多明尼加、委內瑞拉及日本算是四大熱門，整體而言又以衛冕冠軍                                      勇士本季始終打不好客場的問題依舊沒有改善，連續輸給湖人和雷霆之後又是二連敗，不禁又讓人想起先前不可思議的客場15連敗。目前勇士雖然以34勝32敗排在西區第六，但領先第13名的爵士也只有3場勝差。在割喉                                      從這場比賽就可以看出來南美洲國家隊與台灣國內中職球隊的等級還是有差距，熱身賽的戰績也是僅供參考，面對攻擊、速度、防守都高出一個等級的國家隊，只要一個不小心，比賽結果就會是大比分落敗。胡智爲是中                                      世界棒球經典賽（World Baseball Classic）A 組賽事將在三月八日於台中洲際棒球場率先開打，其他組的賽程，也將緊接著於日本東京、美國鳳凰城、邁阿密等三地展開。總共二十支國家隊，將經過                                      隨著第五屆世界棒球經典賽即將開打，今年的棒球熱潮飆升，尤其中華隊在熱身賽保持不敗之身，更讓球迷對本屆大賽有所期待。另一個讓人關注的焦點，仍是每年休賽季最具話題的富邦悍將，他們對戰中職對手或中華隊只有1                  ,UDN
365,中職／少了球星讓小將更競爭 富邦熱身賽展現成效,2023-03-08 07:00:00,運動,,https://udn.com/news/story/122629/7015880,隨著第五屆世界棒球經典賽即將開打，今年的棒球熱潮飆升，尤其中華隊在熱身賽保持不敗之身，更讓球迷對本屆大賽有所期待。另一個讓人關注的焦點，仍是每年休賽季最具話題的富邦悍將，他們對戰中職對手或中華隊只有1勝5敗，好幾場都被打爆，但對戰國外球隊卻是壓制力十足，以2:1、3:1及2:1連勝古巴及荷蘭隊。富邦悍將除自己隊內賽外，自2月已進行9場熱身賽，分別為17日3:11輸味全、19日0:7輸中華隊、21日3:5輸味全、23日6:1勝樂天、26日2:1勝古巴、27日3:1勝古巴、3月3日1:8輸味全、5日2:1勝荷蘭、6日2:7輸中華隊。從這9場賽事可以發現，富邦的得分並不多，除了對戰樂天得6分外，其餘最多僅得3分。跟他們去年的狀況相同，安打串聯不佳，得分效率低落，甚至碰到對方強一點的投手，就根本連球都難以碰到。原因是他們現在仍在調整，而且主將范國宸身在中華隊，扛下多年打擊要角的林益全已離隊，林哲瑄、蔣智賢則是剛傷癒復出，悍將仍是在嘗試找出更多可用之兵的階段。但從熱身賽中也發現悍將有不少的收穫，有可能成為今年球季的即戰力。其中最大的驚喜就是強打捕手張進德，他曾是第一、二屆世界棒球12強國手，2020年加入中職後半季就繳出9轟的成績，但去年打擊率大幅下滑近1成，所有成績都退步許多，讓他不但失去先發地位，更無緣入選經典賽國手。從他熱身賽看起來，他已找回迷失的火力，整體打擊動作更流暢，還對古巴隊開轟，今年調整不錯，無論蹲捕或指定打擊，他都有機會重回悍將先發打線。張進德(中)在去年失去先發位置，也無緣再度擔任國手。走過低潮後他更加努力，在熱身賽狀況非常好，又有競爭先發的機會了！ 聯合報系資料照片曾在2020年打出生涯年的李宗賢，經歷巔峰後，表現卻每況愈下，無論打擊及守備都問題百出。今年讓他回到生涯最初的三壘防區，雖然在此拿下金手套已是6年前的事，但他還是有如魚得水的表現，防守端得心應手，在壓力減少下，他的打擊也有回溫，逐漸回以往的自信。悍將整體打擊仍在調整中，所以得分仍有限，能拿下勝利主要就是靠投手的壓制。最大亮點同樣是沉寂已久的江國豪，當年選秀順位比徐若熙還前面，受到傷勢的影響，去年轉戰牛棚。今年他重回先發角色，首戰雖表現不佳，但後續對戰古巴及中華隊分別投3局及4局無失分，最快球速已經能來到147，表現比下隊友江少慶，將是富邦今年輪值重要的一員。富邦可以先發的本土投手非常多，但都無法長期穩定，江國豪近期調整得宜，將會是本季先發輪值熱門競爭者。 聯合報系資料照片悍將近兩年發生不少洋將問題，今年一樣提早做準備，早早就確定外援名單。其中他們網羅紅襪體系最高層級到小聯盟3A的肯特(Matthew Kent)，直接被賦予擔任對戰古巴及荷蘭的先發。他控球精準，很會製造滾地球，加上還會藉改變投球姿勢，擾亂打者攻擊節奏。只要不要被守備拖累，原則上肯特應該會是今年重要的先發投手之一。除了許多沉寂已久的球員有找回過往身手的跡象，另外也有很多年輕球員藉機展現身手。其中去年首輪選入的黃保羅初生之犢不畏虎，球速已飆至約150KM，讓古巴打者6上6下，有很好的壓制能力。打者方面，周佳樂、張冠廷對於攻擊都有不錯的表現，將會是外野的可用之兵。黃保羅去年在二軍總冠軍賽開箱，今年又有機會對戰古巴，比一般新人吸取更多經驗。他近期表現不俗，有望在一軍搶下一席之地。 圖／悍創運動行銷提供 悍將過去因為給資深球員太多上場時間，年輕球員機會有限，養成效果不佳。然而在球隊陣容大換血之後，球星也可能淪為板凳或戰力外，終於讓隊內年輕好手可以相互競爭，有競爭就會有進步。他們對戰國外勁旅就展現潛力，打出讓人跌破鏡的好表現。新的球季悍將依然有很多需要精進的地方，但相信今年的宇宙邦可以比過去更有活力，絕對會有不同的表現。 ▪ 經典賽即時新聞 ▪ 最新比分與完整賽程 ▪ 預賽分組戰績表 ▪ 經典賽專欄分析 棒球專欄中華職棒富邦悍將經典賽江國豪黃保羅張進德李宗賢                    明星週前還長時間穩定高居西區第二的灰熊，近期卻在當家球星莫蘭特(Ja Morant)沸沸揚揚的持槍事件影響中吞下三連敗。灰熊最新排名也被最近十場拿下七勝的國王給趁勢追平，後面還有只距離兩場勝差的太陽正                                      睽違六年的世界棒球經典賽終於開打。和過去幾屆相比，本屆各國更是精銳盡出，可說是星度最高的一屆，也讓賽事更加精采可期。至於哪隊最具冠軍相？美國、多明尼加、委內瑞拉及日本算是四大熱門，整體而言又以衛冕冠軍                                      勇士本季始終打不好客場的問題依舊沒有改善，連續輸給湖人和雷霆之後又是二連敗，不禁又讓人想起先前不可思議的客場15連敗。目前勇士雖然以34勝32敗排在西區第六，但領先第13名的爵士也只有3場勝差。在割喉                                      從這場比賽就可以看出來南美洲國家隊與台灣國內中職球隊的等級還是有差距，熱身賽的戰績也是僅供參考，面對攻擊、速度、防守都高出一個等級的國家隊，只要一個不小心，比賽結果就會是大比分落敗。胡智爲是中                                      世界棒球經典賽（World Baseball Classic）A 組賽事將在三月八日於台中洲際棒球場率先開打，其他組的賽程，也將緊接著於日本東京、美國鳳凰城、邁阿密等三地展開。總共二十支國家隊，將經過                                      隨著第五屆世界棒球經典賽即將開打，今年的棒球熱潮飆升，尤其中華隊在熱身賽保持不敗之身，更讓球迷對本屆大賽有所期待。另一個讓人關注的焦點，仍是每年休賽季最具話題的富邦悍將，他們對戰中職對手或中華隊只有1                  ,UDN
366,經典賽／鑽石打線與終結者海加持 美國最具冠軍相,2023-03-09 07:00:00,運動,,https://udn.com/news/story/122629/7017969,睽違六年的世界棒球經典賽終於開打。和過去幾屆相比，本屆各國更是精銳盡出，可說是星度最高的一屆，也讓賽事更加精采可期。至於哪隊最具冠軍相？美國、多明尼加、委內瑞拉及日本算是四大熱門，整體而言又以衛冕冠軍美國及多明尼加的陣容略勝一籌。本屆世界棒球經典賽共有20個國家參加，陣容最堅強的兩隊美國和多明尼加使出軍備競賽的模式，打線與投手群無疑也是這兩隊最猛，尤其打線都是全明星賽等級。美國打線當中就有三位是MVP得主，楚奧特(Mike Trout)、貝茲(Mookie Betts)及高史密特(Paul Goldschmidt)三人加總的MVP數就有5座。可怕的是，去年國聯全壘打王史瓦柏(Kyle Schwarber)、打點王阿隆索(Pete Alonso)和打擊王麥克尼爾(Jeff McNeil)都在陣中，全聯盟最好的兩位捕手瑞爾穆托(J.T. Realmuto)與史密斯(Will Smith)也在名單裡，外加近三年通算WAR值最高的游擊手透納(Trea Turner)與亞瑞納多(Nolan Arenado)這樣的一線球星也加入，而威特(Bobby Witt Jr.)、穆林斯(Cedric Mullins)與安德森(Tim Anderson)也是超級戰將，如此恐怖的陣容恐怕連明星賽都未必組得出來。楚奧特(左)與貝茲(右)都是選球精準、火力強大又有速度的超強打者，兩人加起來有14座銀棒獎，想讓他們同時熄火將是非常困難。 美聯社多明尼加的打線雖沒有MVP得主，但也有馬查多(Manny Machado)、索托(Juan Soto)、羅德里格茲(Julio Rodriguez)、迪佛斯(Rafael Devers)、赫南德茲(Teoscar Hernandez)與希曼尼茲(Eloy Jimenez)等超級強打領軍，整體打線僅次於美國隊。而美國這次最大的隱憂在於缺乏一位真正王牌等級的先發投手，尤其在克蕭(Clayton Kershaw)退賽後這樣的狀況更加明顯，這也是無論媒體或賭盤都較看好多明尼加的主因。不過其實美國先發投手中的林恩(Lance Lynn)、辛格(Brady Singer)、凱利(Merrill Kelly)及米克拉斯(Miles Mikolas)近年表現尚稱理想，雖然名氣不夠響亮但已算管用，且生涯195勝的老將韋恩萊特(Adam Wainwright)也在輪值裡，深度還算足夠。先發投手是美國隊陣中較不亮眼的一環，掛頭牌的林恩(左)與辛格(右)都不算大聯盟頂尖先發，但實力仍不容小覷。 美聯社美國隊先發投手的缺口得以用鐵牛棚來彌補，豪華程度堪稱本屆之最。普雷斯利(Ryan Pressly)和威廉斯(Devin Williams)都是全聯盟頂級的終結者，貝德納(David Bednar)、巴德(Daniel Bard)在大聯盟也是扮演終結者的角色，亞當斯(Jason Adam)則是頂級的佈局投手，一字排開組成了終結者海，讓人想起2013年奪冠的多明尼加。而今年多明尼加被外界看好的關鍵在於擁有阿坎塔拉(Sandy Alcantara)和哈維爾(Christian Javier)這兩位王牌投手在陣中，尤其前者還是去年的賽揚獎得主，另外還有去年回春的老將奎托(Johnny Cueto)。不過多明尼加這三位之外的先發就沒有這麼大的來頭了，而牛棚雖有巨人隊終結者多瓦爾(Camilo Doval)領軍，陣容也僅次於美國，但終究沒有美國隊來得完美。整體而言，美國在打線及牛棚上都勝過多明尼加，輪值則是小輸，加總起來還是最有機會在20隊當中脫穎而出。委內瑞拉這次也是來勢洶洶，過去他們雖眾星雲集，但除了2009年拿到第三名外，另外三屆都止步八強。本屆他們的打線僅次於美國與多明尼加，陣中以今年是最後一舞的準名人堂球星卡布雷拉(Miguel Cabrera)、MVP得主亞土維(Jose Altuve)與阿庫尼亞(Ronald Acuna Jr.)最大咖，另外還有強打捕手培瑞茲(Salvador Perez)、去年美聯打擊王亞萊茲(Luis Arraez)、托瑞斯(Gleyber Torres)、吉曼尼茲(Andres Gimenez)與蘇亞雷斯(Eugenio Suarez)等球星在陣中。而委內瑞拉的先發投手群則意外完整，恐怕可與日本並列本屆最佳輪值陣容。他們陣中雖沒有頂級王牌，但年輕的羅培茲(Pablo Lopez)、盧薩多(Jesus Luzardo)、賈西亞(Luis Garcia)、蘇亞雷斯(Ranger Suarez)，配上較資深的羅德里格茲(Eduardo Rodriguez)與培瑞茲(Martin Perez)至少都有大聯盟中前段輪值以上的水準，相當值得期待。亞土維(左)與阿庫尼亞(右)都是大聯盟的核彈級開路先鋒，守備能力也是一流，這讓委內瑞拉也有拚晉級的底氣。 美聯社日本隊的先發投手陣容足以與委內瑞拉匹敵，他們有達比修有、大谷翔平、山本由伸與佐佐木朗希這四大巨投，相當令球迷振奮。不過日本隊的打線相對之下較弱，雖然陣中有吉田正尚、村上宗隆、山田哲人與在紅雀隊的日美混血球員努特巴爾(Lars Nootbaar)，但鈴木誠也的退賽讓整體戰力削弱不少。墨西哥本屆的陣容也值得一提，古巴強打亞羅薩雷納(Randy Arozarena)這回是代表墨西哥出賽，去年35轟的特列斯(Rowdy Tellez)與紅襪球迷熟悉的瓦多戈(Alex Verdugo)也在陣中。他們的輪值陣容更是優異，在本屆有前四佳的水準，擁有王牌投手烏力亞斯(Julio Urias)及大聯盟球迷都不陌生的沃克(Taijuan Walker)、山多瓦(Patrick Sandoval)與厄奎迪(Jose Urquidy)，牛棚中也有紅雀隊的強力佈局投手加列戈斯(Giovanny Gallegos)坐鎮，實力不容小覷。在各分組戰力的部分，其實除了堪稱死亡之組的D組外，各組都頗為懸殊，都各有兩隊明顯會出線。中華隊所屬的A組整體戰力平均起來較弱，由羅伯特(Luis Robert)和孟卡達(Yoan Moncada)領軍的古巴，以及有波賈茲(Xander Bogaerts)和普洛法(Jurickson Profar)坐鎮的荷蘭明顯優於其他三隊，而古巴可能又比荷蘭強一些。B組如無意外將由日本與韓國分居一、二，韓國以現任大聯盟球員金河成與紅雀的韓美混血艾德曼(Tommy Edman)最受矚目。C組以前面提到的美國與墨西哥機會最高，D組雖然最有可能由強權多明尼加與委內瑞拉出線，但有林多(Francisco Lindor)、貝茲(Javier Baez)、貝瑞歐斯(Jose Berrios)、史卓曼(Marcus Stroman)及迪亞茲(Edwin Diaz)在陣中的上屆亞軍波多黎各仍有讓兩大強權翻船的可能，值得注意的是上屆披美國隊戰袍拿下MVP的史卓曼，這回是代表波多黎各出賽。儘管A、B兩組戰力明顯較弱，但出線的球隊卻也因此免於在八強賽與一票大聯盟球星在陣中的C、D兩組球隊廝殺，也算是他們的優勢。A、B兩組以日本與古巴最有機會晉級四強，C、D兩組則是美國與多明尼加呼聲最高，而美國與日本在四強碰頭正是球迷最期待出現的戲碼，因為相當有機會看到大谷翔平與楚奧特這兩位天使超級巨星的對決。古巴若在四強賽對上多明尼加則不會是他們的對手。若美國與多明尼加在決賽碰上，將會是最多頂級大聯盟球星的兩隊爭冠。至於生涯只出賽過三場季後賽的頭號球星楚奧特，會不會反而得以在世界棒球經典賽嘗到冠軍的滋味，也是球迷們拭目以待的。 ▪ 經典賽即時新聞 ▪ 最新比分與完整賽程 ▪ 預賽分組戰績表 ▪ 經典賽專欄分析 WBC專欄經典賽棒球專欄美國楚奧特貝茲韋恩萊特多明尼加日本                    明星週前還長時間穩定高居西區第二的灰熊，近期卻在當家球星莫蘭特(Ja Morant)沸沸揚揚的持槍事件影響中吞下三連敗。灰熊最新排名也被最近十場拿下七勝的國王給趁勢追平，後面還有只距離兩場勝差的太陽正                                      睽違六年的世界棒球經典賽終於開打。和過去幾屆相比，本屆各國更是精銳盡出，可說是星度最高的一屆，也讓賽事更加精采可期。至於哪隊最具冠軍相？美國、多明尼加、委內瑞拉及日本算是四大熱門，整體而言又以衛冕冠軍                                      勇士本季始終打不好客場的問題依舊沒有改善，連續輸給湖人和雷霆之後又是二連敗，不禁又讓人想起先前不可思議的客場15連敗。目前勇士雖然以34勝32敗排在西區第六，但領先第13名的爵士也只有3場勝差。在割喉                  ,UDN
367,經典賽／首場就慘遭震撼教育 中華隊年輕球員必須戰勝壓力,2023-03-08 23:14:00,運動,,https://udn.com/news/story/122629/7018258,從這場比賽就可以看出來中南美洲國家隊與台灣國內中職球隊的等級還是有差距，熱身賽的戰績也是僅供參考，面對攻擊、速度、防守都高出一個等級的國家隊，只要一個不小心，比賽結果就會是大比分落敗。胡智爲是中華隊這幾場熱身賽下來最穩定的先發投手，不過在今天的比賽從首局開始就出現控球不佳的現象，單局就用了20球左右，被打出去的球也十分強勁，雖然第2、3局用球數有減少，整體來說狀況就是不若熱身賽理想，中華隊明天休兵一天，比明天要打午場比賽的巴拿馬擁有更多投手運用上的優勢，但教練團更換投手的速度卻比先發投手同樣控球不穩的對手還要慢，直到胡智爲在第4局接連被打出安打失分後才換人，換上的是國際賽經驗較不足的陳冠偉，最終才由打過多次國家隊的李振昌結束這半局，巴拿馬已攻下5分，為時已晚，這邊換人的順序就有很大的討論空間。中華對巴拿馬之戰，先發投手胡智爲主投三局失3分退場，吞下這場比賽的敗投。 美聯社之後換上來的鄧愷威狀況仍然非常差，控球問題加上自己的失誤，使得他回國後從熱身賽到這場比賽連一名打者都解決不了，這場的表現已經可以確定他在剩餘的比賽只剩下敗處的角色了，同樣是進職棒後首次入選國家隊的曾峻岳，上來感覺十分緊張，控球也出現了很大的問題，陳冠偉、鄧愷威、曾峻岳這3名年輕投手很顯然是被國際賽壓力影響，而無法發揮出在季賽時的實力，這也是未來要學習的功課，希望他們不要被這場比賽的投球內容擊倒，後續的吳哲源、陳冠宇等也都不是很有效地壓制住巴拿馬的打者，這場比賽就用了8名投手，後面幾場面對更強的義大利、荷蘭及古巴打者，情勢堪慮。中華隊在經典賽首戰慘敗給巴拿馬，不過中華啦啦隊還是全場奮力加油，展現出永不放棄的韌性。 記者黃仲裕／攝影其實中華隊打者在這場比賽也有不少的攻勢，打出的安打跟巴拿馬差不多，吳念庭甚至還打出一支兩分全壘打，不過巴拿馬野手在比賽中的幾次精彩防守化解了中華隊不少的得分機會，這也是中華隊在未來面對戰力評估更強的3支球隊所要面對的高牆；野手部分，江坤宇無疑是這場比賽表現最驚豔的中華隊球員，他在前兩局用精彩的防守阻止了巴拿馬的多波攻勢，也是胡智爲還能夠投到第4局的最大關鍵，正式賽前各界還在討論如果要火力最大化，游擊該由江坤宇還是鄭宗哲防守，首場林岳平總教練決定仍由江坤宇先發，江坤宇在這場比賽不但防守依舊精彩，連在打擊上都有雙安的輸出，他的表現會為中華隊未來幾場在攻守兩端帶來很大的幫助，開轟的吳念庭，及有3壘安打的鄭宗哲則是另兩個打線中的亮點，張育成、林立也都有安打的紀錄，中華隊這幾名主力打者在攻擊方面延續熱身賽的表現，已經有著正常的發揮。巴拿馬全場攻勢不斷，而且在四、六都局把握機會灌出大局，在首戰輕鬆打敗中華隊。 記者黃仲裕／攝影相較於江坤宇，中信的隊友高宇杰在攻守兩方對中華隊就是負效益了，在這場比賽發生過捕逸、阻殺二壘傳偏及接外野回傳球漏接等狀況，打擊上也有雙殺打，接下來的比賽是不是還要讓他先發蹲捕，還是要讓吉力吉撈·鞏冠蹲捕增加火力，值得教練團思考，否則休息區的捕手就僅剩林岱安了，而另一名打擊手感冷冰冰的還有王柏融，下一場的外野先發也有必須換人的準備。中華隊本屆經典賽的首場比賽，又是在滿場2萬人觀眾的情形下，陣中好幾位首次入選國家隊的投手在這場比賽有著離譜的表現，還兩度差點被扣倒(call game，提前結束)，只希望在經歷過這場比賽的震撼教育後，中華隊能在休兵日好好沈澱，在未來3場比賽打出令國人感動的比賽。 ▪ 經典賽即時新聞 ▪ 最新比分與完整賽程 ▪ 預賽分組戰績表 ▪ 經典賽專欄分析 WBC專欄經典賽WBC中華隊巴拿馬胡智為張育成吳念庭鄭宗哲                    明星週前還長時間穩定高居西區第二的灰熊，近期卻在當家球星莫蘭特(Ja Morant)沸沸揚揚的持槍事件影響中吞下三連敗。灰熊最新排名也被最近十場拿下七勝的國王給趁勢追平，後面還有只距離兩場勝差的太陽正                                      睽違六年的世界棒球經典賽終於開打。和過去幾屆相比，本屆各國更是精銳盡出，可說是星度最高的一屆，也讓賽事更加精采可期。至於哪隊最具冠軍相？美國、多明尼加、委內瑞拉及日本算是四大熱門，整體而言又以衛冕冠軍                                      勇士本季始終打不好客場的問題依舊沒有改善，連續輸給湖人和雷霆之後又是二連敗，不禁又讓人想起先前不可思議的客場15連敗。目前勇士雖然以34勝32敗排在西區第六，但領先第13名的爵士也只有3場勝差。在割喉                                      從這場比賽就可以看出來南美洲國家隊與台灣國內中職球隊的等級還是有差距，熱身賽的戰績也是僅供參考，面對攻擊、速度、防守都高出一個等級的國家隊，只要一個不小心，比賽結果就會是大比分落敗。胡智爲是中                                      世界棒球經典賽（World Baseball Classic）A 組賽事將在三月八日於台中洲際棒球場率先開打，其他組的賽程，也將緊接著於日本東京、美國鳳凰城、邁阿密等三地展開。總共二十支國家隊，將經過                                      隨著第五屆世界棒球經典賽即將開打，今年的棒球熱潮飆升，尤其中華隊在熱身賽保持不敗之身，更讓球迷對本屆大賽有所期待。另一個讓人關注的焦點，仍是每年休賽季最具話題的富邦悍將，他們對戰中職對手或中華隊只有1                  ,UDN
368,勇士嚴重客場軟腳症 季後賽之路岌岌可危,2023-03-09 07:00:00,運動,,https://udn.com/news/story/122629/7018305,勇士本季始終打不好客場的問題依舊沒有改善，連續輸給湖人和雷霆之後又是二連敗，不禁又讓人想起先前不可思議的客場15連敗。目前勇士雖然以34勝32敗排在西區第六，但領先第13名的爵士也只有3場勝差。在割喉級的排位競爭之中，接下來勇士的客場軟腳症如果持續發作，他們是否會就此跌出季後賽名單？對此，許多人的第一反應是「怎麼可能？」但從三個與客場表現有關的數據來看，勇士確實沒有足夠的本錢認為自己一定能保住前八的席位。第一，勇士今年的客場勝率只有兩成出頭，排名第27名，只贏過活塞、馬刺和火箭這三大坦隊，而聯盟迄今只有這三隊還沒拿到20勝。從這個角度來看，勇士本季在客場的戰力評級完全就是一支爛隊，目前也只有這四隊的客場勝場數還維持在個位數。眼下西區只有灰熊和金塊這兩支球隊在客場勝率過半，但都還沒拿到20勝，相比東區有三支球隊已經在客場拿下20勝，更有五支球隊的客場勝率超過五成。如果不是西區今年在客場的整體表現完全比不上東區，勇士在客場一條蟲的狀況會讓他們的排名比現在更糟。尼克最近一場客場是在二度延長賽打敗塞爾蒂克，這讓他們與塞爾蒂克、公鹿的客場戰績都是20勝12敗，並列全聯盟第一。 美聯社第二，勇士在上季奪冠之前，曾有連兩年打不進季後賽，而這兩年他們的客場都打不好。就算排除2019-20年的墊底球季不談（那一年客場勝率全聯盟倒數第二），在2020-21年球季勇士的客場勝率也只排在第22名。那年勇士因為輸掉附加賽而無法搶進季後賽，頭一場就是在客場輸給湖人，之後才會被灰熊給淘汰。那一年勇士在例行賽尾聲雖然拉出一波主場六連勝，但他們最後的十場客場作戰只勉強拿下五成勝率。如果那年在客場能有更好的表現，勇士也許連附加賽都不用打，直接以第六種子重返季後賽。第三，勇士在結束客場三連戰之後，本季將只剩15場比賽，其中超過一半是客場作戰。先來一波客場五連戰，在那之後還要再打三次客場，例行賽更將是以客場二連戰收尾。而勇士將在客場對上的對手之中，只有一支是無緣季後賽的球隊。在季末除了會遇上目前西區前兩名的金塊和灰熊之外，收官戰還得面對力爭附加賽資格的拓荒者。這雖然還不是全聯盟最硬的客場賽程，但若是勇士持續在客場軟腳，甚至重演先前的誇張連敗紀錄，他們是有可能因此而打不進季後賽。勇士接下來還有9場客戰，如果勝率還是跟目前一樣不到3成，想搶到季後賽門票恐怕就非常困難了！ 美聯社至於本季勇士為何在客場打得特別差？這個問題，無論是總教練還是球員，在接受媒體訪問的時候都無法給出明確的答案。柯爾（Steve Kerr）只能半開玩笑地說是教練出了問題，格林（Draymond Green）更是雙手一攤說他沒辦法解釋，至於柯瑞（Stephen Curry）說球隊在客場太容易在第一節就失守而落後，其實也只是在描述問題，並沒有辦法點出是什麼原因讓他們在客場打不好防守。若是從防守來看，勇士本季確實缺少優秀的防守球員，像是上季的小裴頓（Gary Payton II）和小波特（Otto Porter Jr.），再加上湯普森（Klay Thompson）傷癒之後仍找不回過去的3D身手，以及其他新秀和新血補不上足夠的防守能量，所以才會讓勇士在客場守不住對手而屢屢吃癟。只是去年勇士奪冠，他們例行賽在客場的整體表現也並非頂尖。而柯瑞世代的勇士從2014-15球季首度拿下冠軍以來，只要是能夠打進決賽的球季，他們的客場勝率一直非常出色。只有在2017-18年球季曾輸給火箭，再來就是去年僅排在第11名（詳情見下表）。從這個角度來看，核心主力老化可能也是勇士近年客場表現下滑的原因之一。 許多人都期待勇士能夠衛冕，但今年他們的主客場表現的落差實在太大，先不論勇士在季後賽是否會因為沒有主場優勢而落入更不利的境地，光是看到這麼低的客場勝率，他們想要打進季後賽就已經不太容易。接下來只能期待勇士儘快找出今年客場打得特別差的原因，並且在剩餘的例行賽當中做出成功的調整，這樣才能避免在客場再度全面崩盤，也才能搶下季後賽門票，繼續挑戰衛冕之路。 ▪ 經典賽即時新聞 ▪ 最新比分與完整賽程 ▪ 預賽分組戰績表 ▪ 經典賽專欄分析 NBA專欄NBA勇士柯瑞格林湯普森小裴頓                    明星週前還長時間穩定高居西區第二的灰熊，近期卻在當家球星莫蘭特(Ja Morant)沸沸揚揚的持槍事件影響中吞下三連敗。灰熊最新排名也被最近十場拿下七勝的國王給趁勢追平，後面還有只距離兩場勝差的太陽正                                      睽違六年的世界棒球經典賽終於開打。和過去幾屆相比，本屆各國更是精銳盡出，可說是星度最高的一屆，也讓賽事更加精采可期。至於哪隊最具冠軍相？美國、多明尼加、委內瑞拉及日本算是四大熱門，整體而言又以衛冕冠軍                                      勇士本季始終打不好客場的問題依舊沒有改善，連續輸給湖人和雷霆之後又是二連敗，不禁又讓人想起先前不可思議的客場15連敗。目前勇士雖然以34勝32敗排在西區第六，但領先第13名的爵士也只有3場勝差。在割喉                  ,UDN
369,經典賽／吉田正尚5分打點擊垮南韓 日本其實還沒正常發揮,2023-03-10 22:29:00,運動,,https://udn.com/news/story/122629/7023434,南韓意外在首場比賽輸給澳洲，這場關鍵比賽派出微笑左投金廣鉉先發，金廣鉉在前兩局完全封鎖住日本打者，隊友也在3局上幫他打下3分，不過日本隊不愧是奪冠熱門，即使一度面臨與首戰對戰中國前幾局屢攻不下的相同狀況，但在3局下就攻回4分還以顏色，自此就沒有落後過，5、6、7局又打下分數，最終就以出人意料的大比分差結束這場比賽，日本在贏下這場日韓大戰後，由於剩下兩場要對上實力有些差距的捷克及澳洲，可說是已經有99.9%的機率能夠打進15日開始的8強賽了。日本雖然拿下2連勝，這場比賽打下來仍有幾個問題顯現出來，首先當然就是先發投手達比修有，身為陣中老大哥，且是唯一到宮崎參加日本隊集訓的大聯盟現役球員，達比修的狀況卻不盡理想，在熱身賽就控球不佳丟出觸身球，今天這場比賽投3局，控球依舊不穩，還被打出包括1支兩分砲在內的3支安打丟掉3分，幸好隊友幫他解套，這樣的投球內容或許會讓教練團視接下來兩場預賽先發投手的表現而改變他未來的角色，讓他從先發轉向牛棚在短局數內投出最佳的內容，畢竟日本陣中還有大谷翔平、山本由伸、佐佐木朗希，甚至今永昇太、伊藤大海等可先發的投手。日本隊先發投手達比修有主投3局被打3支安打，送出1次三振、沒有保送，失掉3分中有2分是自責分。 美聯社日本打者在前兩局被金廣鉉三振多達5次，加上首戰對中國前半段打下的分數並不多，讓人擔心日本的打擊，不過他們從選球做起，3局也選到兩個保送開啟攻勢，之後打者手感漸漸加溫，分數進帳自然就越來越容易，先發打線中幾乎人人都有貢獻，前3棒的努特巴爾（Lars Nootbaar）、近藤健介、大谷、岡本和真及替補上來的中野拓夢都有雙安，吉田正尚更是單場3安，還有5分打點，打者已經熱機完畢，也讓日本這場得了13分，但這樣的打線之中卻有落寞之人，那就是村上宗隆，這也是日本另一個在打擊得分上浮現出來的問題。南韓隊捕手梁義智在三局上半對日本隊投手達比修有轟出2分砲，幫助南韓取得2：0領先，他在首戰對澳洲隊的比賽也曾開轟。 美聯社村上在去年打出不可思議的成績，成為日職史上最年輕的打擊三冠王，這兩場比賽都被安排在第4棒中心打者，不過這場比賽4個打數沒有安打，僅有1支高飛犧牲打，打下1分打點，連同首戰對中國3打數無安打，兩場下來還總共被三振4次，本屆經典賽首安仍未出現，雖不至於被放在名單之外，但這樣的表現或許會讓栗山英樹監督在後面兩場比賽調動他的棒次，讓他有時間調整打擊狀況，日本在8強戰及美國還需要他的打擊。大谷翔平在五局下擊出一支二壘安打，他今天對南韓3個打數2支安打有1分打點，被三振1次，獲得保送2次。 美聯社至於在首戰意外輸給澳洲，這場比賽在後半段氣力放盡的南韓，已慘遭2連敗，更慘的是這場比賽又用了10名投手，首戰也用了7名投手，而且上來的牛棚投手表現都不算理想，還好已經對戰過這一組當中實力算是較強的2支球隊，接下來面對捷克及中國要輸的機會不大，但即使能全部贏下來，還是得看主要對手澳洲的勝敗及得失分紀錄，現在完全是陷入看人臉色的困境了。 ▪ 經典賽即時新聞 ▪ 最新比分與完整賽程 ▪ 預賽分組戰績表 ▪ 經典賽專欄分析 WBC專欄經典賽日本南韓達比修有吉田正尚大谷翔平                    經典賽首戰失利後，中華隊休兵一日調整，再次出賽時A組已陷入混戰，除了荷蘭獨走外，古巴、巴拿馬及義大利都是一勝，但前兩隊已吞下二敗。這場碰到義大利，則成為這次賽事是否還能續命的關鍵。打擊應該是這                                      南韓意外在首場比賽輸給澳洲，這場關鍵比賽派出微笑左投金廣鉉先發，金廣鉉在前兩局完全封鎖住日本打者，隊友也在3局上幫他打下3分，不過日本隊不愧是奪冠熱門，即使一度面臨與首戰對戰中國前幾局屢攻不下的相同狀                                      明星週前還長時間穩定高居西區第二的灰熊，近期卻在當家球星莫蘭特(Ja Morant)沸沸揚揚的持槍事件影響中吞下三連敗。灰熊最新排名也被最近十場拿下七勝的國王給趁勢追平，後面還有只距離兩場勝差的太陽正                                      睽違六年的世界棒球經典賽終於開打。和過去幾屆相比，本屆各國更是精銳盡出，可說是星度最高的一屆，也讓賽事更加精采可期。至於哪隊最具冠軍相？美國、多明尼加、委內瑞拉及日本算是四大熱門，整體而言又以衛冕冠軍                                      勇士本季始終打不好客場的問題依舊沒有改善，連續輸給湖人和雷霆之後又是二連敗，不禁又讓人想起先前不可思議的客場15連敗。目前勇士雖然以34勝32敗排在西區第六，但領先第13名的爵士也只有3場勝差。在割喉                                      從這場比賽就可以看出來中南美洲國家隊與台灣國內中職球隊的等級還是有差距，熱身賽的戰績也是僅供參考，面對攻擊、速度、防守都高出一個等級的國家隊，只要一個不小心，比賽結果就會是大比分落敗。胡智爲是                  ,UDN
370,經典賽／中華隊當成中職例行賽打 呂彥青貢獻不輸3轟,2023-03-10 23:27:00,運動,,https://udn.com/news/story/122629/7023446,經典賽首戰失利後，中華隊休兵一日調整，再次出賽時A組已陷入混戰，除了荷蘭獨走外，古巴、巴拿馬及義大利都是一勝，但前兩隊已吞下二敗。這場碰到義大利，則成為這次賽事是否還能續命的關鍵。打擊應該是這屆中華隊的優勢，上一場對戰巴拿馬雖敗北，但也拿了5分，而且在幾乎快被Call Game的情況，還能頂住壓力連續得分。義大利這場推出具有大聯盟資歷的卡斯提拉尼（Ryan Castellani），中華隊並不畏懼對手，首局就靠林子偉的全壘打先馳得點，第二局靠著觸身及安打再下一城。第三局更是靠著6支安打得到3分，只是可惜偷點及搶攻本壘都失敗，無法延續更多攻勢。不過還好比賽後半段，打線再度恢復熱度，義大利複製上一場的中華隊，牛棚換投呈現慢半拍的情況，而中華隊也有掌握機會。包含張育成、吉力吉撈．鞏冠的全壘打，以及成功的代打、不斷的安打攻勢、義大利的失誤等，4個半局就得到6分，成為決定比賽的關鍵。中華隊這場比賽出現3支全壘打，是陳金鋒時代結束後難得的場面，把經典賽當成一般例行賽一樣正常發揮就對了。 記者黃仲裕／攝影不過中華隊投手問題還是不少，先發江少慶這幾年在中職的問題，就是常常一局爆，這次首局雖守住，但第二局還是出現狀況，單局被打4支安打失去2分。這次教練團學到教訓，讓先發只投2局主動換投。第二任投手王維中雖然一上場就虎虎生風，但第四局卻出現控球失常的狀況，四壞保送、連續安打，這時候教練團卻沒有動作，讓義大利一口氣又逆轉戰局，再加上陳冠宇也有失分。這場賽事，派出三位中職狀元及榜眼，前五局竟然狂丟7分。用球數過多可說是中華隊的致命傷，由於有限制加上帶的投手不多，一定要嚴格控管。然而只要二出局，每位投手控球就突然變差，加上義大利打者非常黏，形成大量2好3壞，突顯中華隊投手少了速差及關鍵致勝球，無形中消耗大量能量。這場賽事又消耗6位投手，包含江少慶2局42球、王維中2局40球、陳冠宇0.2局28球、陳禹勳1局21球、呂彥青2局36球，宋家豪1.1局12球，除了宋家豪外都投得很辛苦，也增加後續兩戰調度上難度。中華隊投手問題不斷，所幸打擊全力發揮，整場比賽擊出3支全壘打，演出逆轉勝，保有晉級機會。 記者黃仲裕／攝影從這次經典賽，有太多中華隊值得改善學習的地方，其中義大利面對相對陌生的打者，投、捕手竟大多都能掌握打者攻擊習性，而且防守竟還大膽佈陣，甚至手中還有小抄，讓中華隊打者吃盡苦頭。由於中華打者分散美國職棒、獨立聯盟、日本職棒及中華職棒，還能這麼精準的掌握，他們對於情蒐所花的心力，絕對是未來參加國際賽值得努力的地方。另外需要反思的是江少慶、王維中、陳冠宇在過去旅外時期，無論季賽或國際賽都有一定的壓制力。他們並非在退化時返台，而是因為疫情期間，選擇在巔峰時期加入中職，但歷經幾年洗禮，卻是控球、球威、球速都與昔日有所落差。台灣在成棒之前都是世界頂尖，然而進入職棒後，反而被各國超越，這也是為什麼明明世界排名第二，國際賽卻都非常辛苦，中職對於球員的訓練、培養，恐怕是有很多要加強的地方。陳傑憲三局下半回壘得分，他今天3打數3安打還獲得1次保送，為中華隊跑回3分。 記者黃仲裕／攝影還好靠著打擊這次發揮正常，或許是熟悉的場地，熟悉的加油聲，他們把比賽當職棒例行賽打並沒有軟手。牛棚跌跌撞撞，但也力保不失分，讓中華隊贏下這場勝利。後續的荷蘭及古巴，雖然熱身賽都敗給富邦悍將，但他們已經調整好，並不是好惹的對手，仍不能掉以輕心，只要平常心中華隊仍是大有可為。 ▪ 經典賽即時新聞 ▪ 最新比分與完整賽程 ▪ 預賽分組戰績表 ▪ 經典賽專欄分析 WBC專欄經典賽中華隊義大利張育成林子偉陳傑憲吉力吉撈呂彥青                    經典賽首戰失利後，中華隊休兵一日調整，再次出賽時A組已陷入混戰，除了荷蘭獨走外，古巴、巴拿馬及義大利都是一勝，但前兩隊已吞下二敗。這場碰到義大利，則成為這次賽事是否還能續命的關鍵。打擊應該是這                                      南韓意外在首場比賽輸給澳洲，這場關鍵比賽派出微笑左投金廣鉉先發，金廣鉉在前兩局完全封鎖住日本打者，隊友也在3局上幫他打下3分，不過日本隊不愧是奪冠熱門，即使一度面臨與首戰對戰中國前幾局屢攻不下的相同狀                                      明星週前還長時間穩定高居西區第二的灰熊，近期卻在當家球星莫蘭特(Ja Morant)沸沸揚揚的持槍事件影響中吞下三連敗。灰熊最新排名也被最近十場拿下七勝的國王給趁勢追平，後面還有只距離兩場勝差的太陽正                                      睽違六年的世界棒球經典賽終於開打。和過去幾屆相比，本屆各國更是精銳盡出，可說是星度最高的一屆，也讓賽事更加精采可期。至於哪隊最具冠軍相？美國、多明尼加、委內瑞拉及日本算是四大熱門，整體而言又以衛冕冠軍                                      勇士本季始終打不好客場的問題依舊沒有改善，連續輸給湖人和雷霆之後又是二連敗，不禁又讓人想起先前不可思議的客場15連敗。目前勇士雖然以34勝32敗排在西區第六，但領先第13名的爵士也只有3場勝差。在割喉                                      從這場比賽就可以看出來中南美洲國家隊與台灣國內中職球隊的等級還是有差距，熱身賽的戰績也是僅供參考，面對攻擊、速度、防守都高出一個等級的國家隊，只要一個不小心，比賽結果就會是大比分落敗。胡智爲是                  ,UDN
371,經典賽／張育成連日砲轟直升五星 吳哲源接棒呂彥青再當奇兵,2023-03-11 22:47:00,運動,,https://udn.com/news/story/122629/7025089,報告班長，育成二兵以火力掩護隊友，成功攻破荷蘭投手陣，拿下關鍵戰役的勝利，替台灣保住一線晉級的生機。本屆經典賽前兩場比賽，中華隊雖然丟掉19分，但總共也得了多達16分，團隊打出4支全壘打則在A組中領先其他各隊，10日對上義大利的比賽，同樣是靠著打線在比賽後半段的發揮，後來居上贏得首勝，前兩場比賽的內容完全可以確定這次中華隊要贏球就是要以火力掩護投手，唯有從對手手上多得分，帶給投手安定感，得分多過失分，才有獲勝的機會，這場比賽就是典型的模式演繹。張育成就是執行這項勝利模式的主要程式碼，10日的比賽在6局下打出追平比數的2分砲，今天的比賽更是在2局下就打出超前的滿貫砲，從此讓荷蘭士氣一瀉千里，最終就以4分差贏下這場關鍵之戰，讓人不禁想到如果當初張育成堅持婉拒參賽，那台灣的戰況只會更艱辛，當然中職球員林立、陳傑憲兩人也不讓旅外隊友專美於前，其中陳傑憲揮別首場4打數無安打的惡夢，在這兩場比賽打擊復甦，兩場共打出5支安打，今天的比賽林立、陳傑憲分別有3安及雙安的表現，與張育成一起成為中華隊的攻擊發動機。中華隊先發投手黃子鵬主投2.2局被打2支安打，三振與保送各2次，失掉2分中有1分是非自責分。 記者余承翰／攝影先發投捕黃子鵬與吉力吉撈·鞏冠在前兩局的搭配默契不算太好，吉力吉撈甚至還發生了3次捕逸，由於有不少邊邊角角的球沒有受到主審青睞，加上自己的控球也有點狀況，雖然對手沒有攻下太多分數，黃子鵬在第3局用球數就已過多，教練團繼前一場後果斷換投，換上來的吳哲源表現沈穩，接替投球4.1局就丟出4次三振，荷蘭攻勢從此受阻，是今天獲勝的另一功臣，他也是繼隊友呂彥青後，連續2場經典賽拿下勝投的中信投手，兄弟連線守住台灣的兩場重要勝利。吳哲源中繼4.1局僅被打出1支安打，飆出4次三振、送出2次保送，沒有任何失分，強勢封鎖荷蘭隊的大聯盟級打線。 記者余承翰／攝影當然，休兵日對於首戰大挫敗的中華隊來說，現在看來是一個重大的轉捩點，首戰調度引起極大的討論後，第2場比賽教練團在陣容上的變動，及調度上的果斷，就都收到了不錯的效果，對於球員來說，在經過首戰大場面的洗禮，沈澱一天心情後，第2戰開始無論是投手或打者都開始享受在主場2萬名球迷歡呼下打球的感覺，也都發揮應有的實力。中華隊游擊手江坤宇（右）與二壘手鄭宗哲（左）在5局上合力完成雙殺守備。 記者余承翰／攝影台灣今天獲勝之後，戰績來到2勝1敗，明天中午將面對1勝2敗的古巴，如果獲勝就會帶著3勝1敗，分組第一的戰績前進東京；如果不幸落敗，那有可能形成A組5隊都是2勝2敗的情勢，這種狀況下就要比失分率，由於台灣首戰丟掉12分，情勢十分不利，不過台灣在今天的比賽只使用了5名投手，最後一戰包括江少慶、王維中等先發投手都還可以上場，投手戰力仍算充足，在這兩場共打出25支安打的打線也已發揮正常的攻擊能力，唯一要擔心的就是晚接午的體能狀況了。 ▪ 經典賽即時新聞 ▪ 最新比分與完整賽程 ▪ 預賽分組戰績表 ▪ 經典賽專欄分析 WBC專欄經典賽WBC中華隊荷蘭黃子鵬張育成吳哲源宋家豪                    報告班長，育成二兵以火力掩護隊友，成功攻破荷蘭投手陣，拿下關鍵戰役的勝利，替台灣保住一線晉級的生機。本屆經典賽前兩場比賽，中華隊雖然丟掉19分，但總共也得了多達16分，團隊打出4支全壘打則在A                                      經典賽首戰失利後，中華隊休兵一日調整，再次出賽時A組已陷入混戰，除了荷蘭獨走外，古巴、巴拿馬及義大利都是一勝，但前兩隊已吞下二敗。這場碰到義大利，則成為這次賽事是否還能續命的關鍵。打擊應該是這                                      南韓意外在首場比賽輸給澳洲，這場關鍵比賽派出微笑左投金廣鉉先發，金廣鉉在前兩局完全封鎖住日本打者，隊友也在3局上幫他打下3分，不過日本隊不愧是奪冠熱門，即使一度面臨與首戰對戰中國前幾局屢攻不下的相同狀                                      明星週前還長時間穩定高居西區第二的灰熊，近期卻在當家球星莫蘭特(Ja Morant)沸沸揚揚的持槍事件影響中吞下三連敗。灰熊最新排名也被最近十場拿下七勝的國王給趁勢追平，後面還有只距離兩場勝差的太陽正                                      睽違六年的世界棒球經典賽終於開打。和過去幾屆相比，本屆各國更是精銳盡出，可說是星度最高的一屆，也讓賽事更加精采可期。至於哪隊最具冠軍相？美國、多明尼加、委內瑞拉及日本算是四大熱門，整體而言又以衛冕冠軍                                      勇士本季始終打不好客場的問題依舊沒有改善，連續輸給湖人和雷霆之後又是二連敗，不禁又讓人想起先前不可思議的客場15連敗。目前勇士雖然以34勝32敗排在西區第六，但領先第13名的爵士也只有3場勝差。在割喉                  ,UDN
372,經典賽／創造多個感動經典時刻 球迷請為中華隊及自己喝采,2023-03-12 15:34:00,運動,,https://udn.com/news/story/122629/7025896,先要替中華隊的全體球員、教練團、行政後勤團隊人員鼓掌，從賽前被大多數國內外媒體不看好，首戰又大比分落敗後的困境突圍，第2、3戰都從落後的狀況中逆轉獲勝，即使今天比賽結果不是台灣球迷所希望的，中華隊在這屆經典賽仍打出了令人感動的內容，我們都還是要致上最大的敬意，謝謝中華隊的每一位成員。昨天的文章提到台灣這次要贏球的模式就是要以火力掩護投手，今天投手壓制不住古巴打者，前兩局就被打下6分，這情形其實也在賽前預想之中，畢竟古巴在對巴拿馬之戰已有多名打者打擊復甦，之後又有一天休兵日可休息，只是前兩場手感火燙的台灣打線在這場比賽難以突破對方投手封鎖，無法複製同樣的贏球模式，這與對方投手的能力當然有絕對關係，不過晚場接午場的賽程安排，導致球員休息不足一定也有影響，但這點可能就要去問大聯盟了；無論如何，台灣這次從義大利及荷蘭手上各拿1勝，總共拿到2勝，上次在經典賽2勝已是10年前的2013年，追平最佳成績，表現已經沒有100也有90分了。陳仕朋（中）對古巴之戰先發1.1局就掉5分而提早被換下場，他被打出5支安打中有1支全壘打、2支二壘安打。台灣本屆經典賽的賽程在今天正式結束，在為球員鼓掌之後還是有些可以討論改進的地方，首要當然就是教練團的調度，這次的教練團組成包括總教練林岳平、首席兼捕手教練高志綱、打擊教練曾豪駒及彭政閔、投手教練許銘傑，牛棚教練王建民，內野守備教練陳江和，外野守備教練張建銘等都是昔日的棒球名將，在首戰對巴拿馬的換投調度被大幅討論後，後兩場調度就比較果斷了，不過仍有遲疑之處，如今天的最終戰理應將所有的投手戰力壓上來，但前兩局先發投手已明顯無法壓制古巴打者卻仍不換投，落後差距拉大後士氣一瀉千里，換投為時已晚，但這組成員未來都還有擔任國際一級賽事教練團的機會，相信這一屆的經驗對他們很有幫助。林子偉3局下在全壘打牆前展現美技，將阿魯巴耶納深遠的飛球接殺出局。 余承翰／攝影相同的，這屆中華隊的球員也處於換血的階段，這次經典賽雖然無法晉級八強賽，但陣中平均年齡約在27歲的年輕球員，無論表現好壞，在這次大賽中都吸取了許多經驗，如首戰表現不佳的陳冠偉及曾峻岳，在今天這場比賽都有上場，投球內容也比前次理想，曾峻岳甚至還單局投出3次三振，這幾名年輕投手克服場上壓力，沒有被首場的內容打垮，對台灣在準備今年底的另一項大賽-世界12強棒球賽上會有很大的幫助。還有一項值得關注的就是台灣國內中職的實力必須要再提升，這次的賽事可以看出中職投手或打者的表現與旅外球員還是有些許落差，唯有中職的強度再增加，搭配旅外球員的回國助拳，台灣才有在國際賽場上打出符合世界排名的可能性。曾峻岳（左）7局上場中繼，與捕手林岱安（右）搭配，一開始就被打兩支安打，但他接下來連飆3次三振化解危機。 記者余承翰／攝影最後，在睽違10年的經典賽場上，球迷真的是中華隊的最大後盾，多位有不錯壓制力的外隊投手在面對台灣時的表現都不如賽前預期，相信他們多少都有被場邊2萬名球迷加油聲給震撼到，畢竟就連義大利總教練，見過多少大風大浪的皮亞薩（Mike Piazza）都直言被場邊球迷的喊聲驚嚇到，未見識過這種加油風格的球員就不用說了，台灣在這屆經典賽的賽事雖然落幕，球迷請為球員、教練團及自己大聲鼓掌。 ▪ 經典賽即時新聞 ▪ 最新比分與完整賽程 ▪ 預賽分組戰績表 ▪ 經典賽專欄分析 WBC專欄經典賽WBC中華隊古巴陳仕朋張育成曾峻岳吉力吉撈                    先要替中華隊的全體球員、教練團、行政後勤團隊人員鼓掌，從賽前被大多數國內外媒體不看好，首戰又大比分落敗後的困境突圍，第2、3戰都從落後的狀況中逆轉獲勝，即使今天比賽結果不是台灣球迷所希望的，中華隊在這                                      報告班長，育成二兵以火力掩護隊友，成功攻破荷蘭投手陣，拿下關鍵戰役的勝利，替台灣保住一線晉級的生機。本屆經典賽前兩場比賽，中華隊雖然丟掉19分，但總共也得了多達16分，團隊打出4支全壘打則在A                                      經典賽首戰失利後，中華隊休兵一日調整，再次出賽時A組已陷入混戰，除了荷蘭獨走外，古巴、巴拿馬及義大利都是一勝，但前兩隊已吞下二敗。這場碰到義大利，則成為這次賽事是否還能續命的關鍵。打擊應該是這                                      南韓意外在首場比賽輸給澳洲，這場關鍵比賽派出微笑左投金廣鉉先發，金廣鉉在前兩局完全封鎖住日本打者，隊友也在3局上幫他打下3分，不過日本隊不愧是奪冠熱門，即使一度面臨與首戰對戰中國前幾局屢攻不下的相同狀                                      明星週前還長時間穩定高居西區第二的灰熊，近期卻在當家球星莫蘭特(Ja Morant)沸沸揚揚的持槍事件影響中吞下三連敗。灰熊最新排名也被最近十場拿下七勝的國王給趁勢追平，後面還有只距離兩場勝差的太陽正                                      睽違六年的世界棒球經典賽終於開打。和過去幾屆相比，本屆各國更是精銳盡出，可說是星度最高的一屆，也讓賽事更加精采可期。至於哪隊最具冠軍相？美國、多明尼加、委內瑞拉及日本算是四大熱門，整體而言又以衛冕冠軍                  ,UDN
373,經典賽／中華隊11人來自台南！黃偉哲發「祭品」：必贏荷蘭,2023-03-11 16:02:00,運動,,https://udn.com/news/story/123423/7024918,WBC世界棒球經典賽，中華隊昨晚打敗義大利拿下首勝，今、明兩天將分別迎戰荷蘭隊及古巴隊，台南市長黃偉哲說，今晚非贏荷蘭不可，宣布中華隊贏球，就發送「成功、致勝應援」大禮包100份！發放方式在他的臉書公布。黃偉哲表示，現在全國瘋棒球，為台灣隊加油，事實上中華隊也表現得很好，如果今、明對戰贏球，就可以進入複賽，希望大家一起來加油。台南市立棒球場前廣場有現場轉播，今晚他也會到場與大家一起為中華隊加油。為聲援中華隊，台南文化局古蹟限定商品也推出「成功、致勝應援包」，祝願中華隊成功得分，逢打必勝。內容包含「成功洋芋片」、「成功啤酒」、「至聖點心麵」各1包，成功應援價110元。，包裝上「一定要成功！」、「一定要致勝！」的口號。黃偉哲曾在臉書分享中華隊中有許多來自台南隊的教練跟選手，祝福選手都能有最好的表現，為台灣隊、台南孩子加油！1、總教練▸林岳平70 統一獅總教練2、首席兼捕手教練▸高志綱 34 統一獅首席教練3、牛棚教練▸王建民 40 (崇學國小、建興國中)4、內野守備教練▸陳江和13 (公園國小、建興國中、南英商工)5、投手▸宋家豪 43(南英商工)6、投手▸黃子鵬 69(南英商工)7、投手▸胡智為 58(統一獅球員)8、補手▸林岱安 31(統一獅球員)9、外野手▸郭天信 2(歸南國小、歸仁國中、南英商工)10、外野手▸成晉 35(崇學國小、崇明國中)11、外野手▸陳傑憲 24 (統一獅球員)台南市長黃偉哲也宣布發「祭品」為台灣隊加油。記者吳淑玲／攝影 ▪ 經典賽即時新聞 ▪ 最新比分與完整賽程 ▪ 預賽分組戰績表 ▪ 經典賽專欄分析 經典賽WBC集氣                    世界棒球經典賽WBC中華隊今晚與荷蘭交手，最後以9比5奪下二連勝，中華民國運動彩券經銷商商業公會理事長何昱奇先前宣布，台...                                      WBC世界棒球經典賽中華隊今晚喜迎二連勝，新竹市政府今晚在火車站站前廣場舉辦直播派對吸引超過5千多人熱血觀賽，明天中午中...                                      今晚世界棒球經典賽中華隊與荷蘭之戰，中華隊以9：5擊敗荷蘭隊，嘉義市長黃敏惠在得知中華隊獲勝後，也在臉書舖文，對於中華隊...                                      2023世界經典棒球賽，今晚中華隊出戰荷蘭隊，彰化縣政府在縣府直播會場，免費發放上千份爌肉飯、肉圓及紅茶給加油民眾，現場...                                      2023年WBC世界棒球經典賽進入第4天，中華隊今晚迎戰荷蘭，南市府體育局在台南市立棒球場前廣場架起了250吋大型LED...                                      WBC世界棒球經典賽，中華隊昨晚以11比7力退義大利贏得首勝，今晚對戰荷蘭隊，民進黨立委莊競程今晚在台中市北區元保宮前綠...                  ,UDN
374,經典賽／彰化縣府送肉圓及爌肉飯 賽前2小時排200公尺,2023-03-11 17:59:00,運動,,https://udn.com/news/story/123423/7025045,世界經典棒球賽，中華隊昨打敗義大利隊，彰化縣政府結合業者贊助，在今晚中華隊出戰荷蘭隊的縣府廣場直播現場，將免費發放爌肉飯400份、肉圓600份及紅茶400杯，許多民眾聞訊而來，預定6點半發號碼牌，4點半就有人開始排隊，到5點半已排了100多公尺，約有200人排隊。中華隊昨晚大啖義大利披薩後，彰化縣長王惠美實踐承諾，中華隊今晚7點對上荷蘭的賽前，將在縣府廣場直播會場，免費發放彰化知名美食溪湖阿讚爌肉飯400份以及排隊名店阿璋肉圓200份，另阿璋肉圓老闆施明裕再加碼400份肉圓、85度C彰化和平店也跟進免費400杯紅茶，給到現場加油民眾，縣府另供應爆米花，期打「爆」荷蘭。果然，重賞之下，吸引廣大球迷，縣府原預定7點發放，6點半發號碼牌，但有民眾在下午4點半不到，就開始排隊，到5點半左右，從廣場沿著南郭路再轉到中山路，估計隊伍已達100多公尺，人數約200人，有的是全家前來，扶老攜幼，還有坐著輪椅的長輩，許多路人見狀，跟著加入排隊陣容，警方也派員前往維持秩序。彰化縣政府也預期會有大批民眾前來看球賽，同時大啖肉圓及爌肉飯，在縣府廣場擺放的椅子比昨天多了1倍，達到400張，但依排隊盛況，恐怕將不夠坐，會場也有專人預演，帶領大家為中華隊加油。2023世界經典棒球賽今晚中華隊出戰荷蘭隊，彰化縣府廣場直播現場，將免費發放1000份爌肉飯及肉圓，原預定六點半發號碼牌，結果到五點半已排了100多公尺，約有200人排隊。記者劉明岩／攝影2023世界經典棒球賽今晚中華隊出戰荷蘭隊，彰化縣府廣場直播現場，將免費發放1000份爌肉飯及肉圓，原預定六點半發號碼牌，結果到五點半已排了100多公尺，約有200人排隊。記者劉明岩／攝影2023世界經典棒球賽今晚中華隊出戰荷蘭隊，彰化縣府廣場直播現場，將免費發放1000份爌肉飯及肉圓，原預定六點半發號碼牌，結果到五點半已排了100多公尺，約有200人排隊。記者劉明岩／攝影 ▪ 經典賽即時新聞 ▪ 最新比分與完整賽程 ▪ 預賽分組戰績表 ▪ 經典賽專欄分析 經典賽WBC集氣中華隊                    WBC世界棒球經典賽中華隊今晚喜迎二連勝，新竹市政府今晚在火車站站前廣場舉辦直播派對吸引超過5千多人熱血觀賽，明天中午中...                                      今晚世界棒球經典賽中華隊與荷蘭之戰，中華隊以9：5擊敗荷蘭隊，嘉義市長黃敏惠在得知中華隊獲勝後，也在臉書舖文，對於中華隊...                                      2023世界經典棒球賽，今晚中華隊出戰荷蘭隊，彰化縣政府在縣府直播會場，免費發放上千份爌肉飯、肉圓及紅茶給加油民眾，現場...                                      2023年WBC世界棒球經典賽進入第4天，中華隊今晚迎戰荷蘭，南市府體育局在台南市立棒球場前廣場架起了250吋大型LED...                                      WBC世界棒球經典賽，中華隊昨晚以11比7力退義大利贏得首勝，今晚對戰荷蘭隊，民進黨立委莊競程今晚在台中市北區元保宮前綠...                                      世界經典棒球賽，中華隊昨打敗義大利隊，彰化縣政府結合業者贊助，在今晚中華隊出戰荷蘭隊的縣府廣場直播現場，將免費發放爌肉飯...                  ,UDN
375,經典賽／立委台中北區辦直播派對 啦啦隊、球評準備好了,2023-03-11 18:45:00,運動,,https://udn.com/news/story/123423/7025092,WBC世界棒球經典賽，中華隊昨晚以11比7力退義大利贏得首勝，今晚對戰荷蘭隊，民進黨立委莊競程今晚在台中市北區元保宮前綠園道架設300吋LED大螢幕，舉辦直播派對，現場不僅有啦啦隊帶動氣氛、邀球評許維智現場講解，還提供綠色加油棒，讓球迷臨場感十足，從下午3時開始就有20攤好吃好玩的創意市集，讓球迷度過一個歡樂的週末嘉年華。莊競程說，經典賽A組賽事在台中市北屯區的洲際棒球場盛大展開，許多球迷反映，門票早被一掃而空，他身為地主，向轉播單位洽詢公播權，今晚7時至10時，在北區元保宮前綠園道直播賽事，現場還準備500張小板凳，以及1000組綠色充氣加油棒給球迷，讓球迷一同觀戰、吶喊「加油，台灣」。莊競程帶著老婆與小孩，台中市議員陳俞融、曾朝榮、謝家宜與里長廖羽婷到場，用行動為台灣隊加油。還有熱情球迷帶來寫有「抗荷英雄鄭成功在此、台灣必勝」的鄭成功畫像到場助陣，盼中華隊能打敗荷蘭隊，獲得晉級得機會。莊競程說，相信熱愛棒球的球迷，會喜歡大家聚在一起一起看的感覺，比在家裡看的感覺還刺激許多，昨晚他跑完行程回到家，即刻打開電視，剛好看到台灣隊擊出全壘打，逆轉勝，相信這也是台灣的韌性，今晚台灣出戰荷蘭隊，相信可以乘勝追擊，再下一城。經典賽今晚中華隊對戰荷蘭隊，立委莊競程為此在北區元保宮前綠園道舉辦直播派對，並提供千組綠色充氣加油棒。圖／莊競程提供經典賽今晚中華隊對戰荷蘭隊，立委莊競程為此在北區元保宮前綠園道舉辦直播派對，邀球迷為中華隊加油。圖／莊競程提供經典賽今晚中華隊對戰荷蘭隊，立委莊競程為此在北區元保宮前綠園道舉辦直播派對，並提供千組綠色充氣加油棒。圖／莊競程提供 ▪ 經典賽即時新聞 ▪ 最新比分與完整賽程 ▪ 預賽分組戰績表 ▪ 經典賽專欄分析 經典賽WBC集氣中華隊啦啦隊                    WBC世界棒球經典賽中華隊今晚喜迎二連勝，新竹市政府今晚在火車站站前廣場舉辦直播派對吸引超過5千多人熱血觀賽，明天中午中...                                      今晚世界棒球經典賽中華隊與荷蘭之戰，中華隊以9：5擊敗荷蘭隊，嘉義市長黃敏惠在得知中華隊獲勝後，也在臉書舖文，對於中華隊...                                      2023世界經典棒球賽，今晚中華隊出戰荷蘭隊，彰化縣政府在縣府直播會場，免費發放上千份爌肉飯、肉圓及紅茶給加油民眾，現場...                                      2023年WBC世界棒球經典賽進入第4天，中華隊今晚迎戰荷蘭，南市府體育局在台南市立棒球場前廣場架起了250吋大型LED...                                      WBC世界棒球經典賽，中華隊昨晚以11比7力退義大利贏得首勝，今晚對戰荷蘭隊，民進黨立委莊競程今晚在台中市北區元保宮前綠...                                      世界經典棒球賽，中華隊昨打敗義大利隊，彰化縣政府結合業者贊助，在今晚中華隊出戰荷蘭隊的縣府廣場直播現場，將免費發放爌肉飯...                  ,UDN
376,經典賽／雞排催落去！中華隊與荷蘭對戰 議員：贏1分100份、10分1千份,2023-03-11 19:59:00,運動,,https://udn.com/news/story/123423/7025189,中華隊昨晚在棒球經典賽A組痛宰義大利，振奮全國人心，今晚7點要與荷蘭對戰，不少地方傳出送雞排，基隆市議員張秉鈞今天也發出祭品文，要請雞排，贏1分100份、10分1千份，以此類推。市議員張秉鈞今天下午在臉書貼文，今晚台灣對荷蘭，大家一起幫忙集氣，打贏了他請吃雞排，也歡迎加碼。贏1分請100份；贏2分請200份；贏10分請1千份；以此類推。張秉鈞希望延續昨晚的勝選的氣勢，今晚迎戰荷蘭取得勝利，衝啊，請大家為要前進東京的中華隊一起加油。貼文一出引發不少網友熱烈響應，稱讚議員霸氣要請雞排，留言要議員請1千份雞排，一起打下荷蘭，最少贏10分。中華隊打敗義大利，開轟的林子偉、張育成以及吉力吉撈．鞏冠表現優異。基隆很多民眾都在社群為中華隊加油，要大家多多吃雞排。 ▪ 經典賽即時新聞 ▪ 最新比分與完整賽程 ▪ 預賽分組戰績表 ▪ 經典賽專欄分析 經典賽WBC集氣中華隊張育成林子偉吉力吉撈                    今晚世界棒球經典賽中華隊與荷蘭之戰，中華隊以9：5擊敗荷蘭隊，嘉義市長黃敏惠在得知中華隊獲勝後，也在臉書舖文，對於中華隊...                                      2023世界經典棒球賽，今晚中華隊出戰荷蘭隊，彰化縣政府在縣府直播會場，免費發放上千份爌肉飯、肉圓及紅茶給加油民眾，現場...                                      2023年WBC世界棒球經典賽進入第4天，中華隊今晚迎戰荷蘭，南市府體育局在台南市立棒球場前廣場架起了250吋大型LED...                                      WBC世界棒球經典賽，中華隊昨晚以11比7力退義大利贏得首勝，今晚對戰荷蘭隊，民進黨立委莊競程今晚在台中市北區元保宮前綠...                                      世界經典棒球賽，中華隊昨打敗義大利隊，彰化縣政府結合業者贊助，在今晚中華隊出戰荷蘭隊的縣府廣場直播現場，將免費發放爌肉飯...                                      WBC世界棒球經典賽，中華隊昨晚打敗義大利拿下首勝，今、明兩天將分別迎戰荷蘭隊及古巴隊，台南市長黃偉哲說，今晚非贏荷蘭不...                  ,UDN
377,經典賽／藍營民代辦直播派對 球迷吃雞排為中華隊加油,2023-03-11 19:59:00,運動,,https://udn.com/news/story/123423/7025194,為了慶祝中華隊的精彩表現，新北市政府今晚在府中雙城平台舉辦直播派對，活動開始起前，國民黨民代發起「中華隊打敗義大利，加碼發送550份雞排」到場發放雞排給球迷，讓球迷一邊吃美食，一邊為晚間的中荷大戰加油。國民黨立委江啟臣、洪孟楷、羅明才、林德福、台北市議員徐弘庭、張斯綱、李明賢、柳采葳、新北市議員葉元之、桃園市議員凌濤以及國民黨發言人李明璇共同發起，每人贊助50份，550份雞排，在府中雙城平台舉辦的台荷大戰直播派對前發放給球迷。為了慶祝中華隊的精彩表現，國民黨民代立委江啟臣（右三）、洪孟楷（右二）發起「中華隊打敗義大利，加碼發送550份雞排」下午在新北府中捷運站出口發放雞排給球迷，讓球迷一邊吃美食，一邊為晚間的中荷大戰加油。記者林伯東／攝影為了慶祝中華隊的精彩表現，國民黨民代立委江啟臣（右三）、洪孟楷（右一）、羅明才（左二）、林德福（左三）、台北市議員徐弘庭（右四）、張斯綱（右二）、新北市議員葉元之（左四）、桃園市議員凌濤（左一）發起「中華隊打敗義大利，加碼發送550份雞排」下午在新北府中捷運站出口發放雞排給球迷，讓球迷一邊吃美食，一邊為晚間的中荷大戰加油。記者林伯東／攝影為了慶祝中華隊的精彩表現，國民黨民代立委江啟臣（左二）、洪孟楷（左一）、羅明才（右四）、林德福（右三）、台北市議員柳采葳（左三）、新北市議員葉元之（右一）、桃園市議員凌濤（右二）發起「中華隊打敗義大利，加碼發送550份雞排」下午在新北府中捷運站出口發放雞排給球迷，讓球迷一邊吃美食，一邊為晚間的中荷大戰加油。記者林伯東／攝影為了慶祝中華隊的精彩表現，國民黨民代立委江啟臣（左）、台北市議員徐弘庭（右）等民代發起「中華隊打敗義大利，加碼發送550份雞排」下午在新北府中捷運站出口發放雞排給球迷，讓球迷一邊吃美食，一邊為晚間的中荷大戰加油。記者林伯東／攝影為了慶祝中華隊的精彩表現，國民黨民代立委江啟臣（右）等民代發起「中華隊打敗義大利，加碼發送550份雞排」下午在新北府中捷運站出口發放雞排給球迷，讓球迷一邊吃美食，一邊為晚間的中荷大戰加油。記者林伯東／攝影 ▪ 經典賽即時新聞 ▪ 最新比分與完整賽程 ▪ 預賽分組戰績表 ▪ 經典賽專欄分析 經典賽WBC集氣中華隊                    WBC世界棒球經典賽中華隊今晚喜迎二連勝，新竹市政府今晚在火車站站前廣場舉辦直播派對吸引超過5千多人熱血觀賽，明天中午中...                                      今晚世界棒球經典賽中華隊與荷蘭之戰，中華隊以9：5擊敗荷蘭隊，嘉義市長黃敏惠在得知中華隊獲勝後，也在臉書舖文，對於中華隊...                                      2023世界經典棒球賽，今晚中華隊出戰荷蘭隊，彰化縣政府在縣府直播會場，免費發放上千份爌肉飯、肉圓及紅茶給加油民眾，現場...                                      2023年WBC世界棒球經典賽進入第4天，中華隊今晚迎戰荷蘭，南市府體育局在台南市立棒球場前廣場架起了250吋大型LED...                                      WBC世界棒球經典賽，中華隊昨晚以11比7力退義大利贏得首勝，今晚對戰荷蘭隊，民進黨立委莊競程今晚在台中市北區元保宮前綠...                                      世界經典棒球賽，中華隊昨打敗義大利隊，彰化縣政府結合業者贊助，在今晚中華隊出戰荷蘭隊的縣府廣場直播現場，將免費發放爌肉飯...                  ,UDN
378,經典賽／何欣純發「祭品」：顧喉「新鮮枇杷」300盒,2023-03-11 20:13:00,運動,,https://udn.com/news/story/123423/7025210,WBC世界棒球經典賽，中華隊昨晚打敗義大利拿下首勝，今晚迎戰荷蘭隊。立委何欣純稍早在臉書公布，「你喊聲，台灣贏」，阿純就送枇杷乎您顧喉嚨，「今晚戰勝荷蘭就送枇杷300盒、集氣相挺台灣隊」，並標注「新鮮枇杷300盒」。 ▪ 經典賽即時新聞 ▪ 最新比分與完整賽程 ▪ 預賽分組戰績表 ▪ 經典賽專欄分析 經典賽WBC集氣                    WBC世界棒球經典賽中華隊今晚喜迎二連勝，新竹市政府今晚在火車站站前廣場舉辦直播派對吸引超過5千多人熱血觀賽，明天中午中...                                      今晚世界棒球經典賽中華隊與荷蘭之戰，中華隊以9：5擊敗荷蘭隊，嘉義市長黃敏惠在得知中華隊獲勝後，也在臉書舖文，對於中華隊...                                      2023世界經典棒球賽，今晚中華隊出戰荷蘭隊，彰化縣政府在縣府直播會場，免費發放上千份爌肉飯、肉圓及紅茶給加油民眾，現場...                                      2023年WBC世界棒球經典賽進入第4天，中華隊今晚迎戰荷蘭，南市府體育局在台南市立棒球場前廣場架起了250吋大型LED...                                      WBC世界棒球經典賽，中華隊昨晚以11比7力退義大利贏得首勝，今晚對戰荷蘭隊，民進黨立委莊競程今晚在台中市北區元保宮前綠...                                      世界經典棒球賽，中華隊昨打敗義大利隊，彰化縣政府結合業者贊助，在今晚中華隊出戰荷蘭隊的縣府廣場直播現場，將免費發放爌肉飯...                  ,UDN
379,圖輯／經典賽準備荷蘭煎餅要「贏飽飽」 張育成擊出滿貫砲侯友宜也敬禮,2023-03-11 20:44:00,運動,,https://udn.com/news/story/123423/7025241,2023年世界棒球經典賽，中華隊今晚迎戰荷蘭隊，新北市長侯友宜晚上現身在新北市府中商圈舉辦的「台荷之戰」直播派對，侯友宜特別準備220份荷蘭煎餅，稱要大家一起「吃光光、贏飽飽」，為中華隊集氣。侯友宜也與民眾共襄盛舉席地而坐觀看比賽轉播，當中華隊在第2局由張育成擊出滿貫砲時，侯起身敬禮致意。2023年世界棒球經典賽，中華隊今晚迎戰荷蘭隊，新北市長侯友宜晚上現身在新北市府中商圈舉辦的「台荷之戰」直播派對，侯友宜特別準備220份荷蘭煎餅，稱要大家一起「吃光光、贏飽飽」，為中華隊集氣。記者林伯東／攝影2023年世界棒球經典賽，中華隊今晚迎戰荷蘭隊，新北市府中商圈舉辦的「台荷之戰」直播派對。中華隊在第2局由張育成擊出滿貫砲時全場一同歡呼。記者林伯東／攝影2023年世界棒球經典賽，中華隊今晚迎戰荷蘭隊，新北市長侯友宜（前中）晚上現身在新北市府中商圈舉辦的「台荷之戰」直播派對，與民眾共襄盛舉席地而坐觀看比賽轉播。記者林伯東／攝影2023年世界棒球經典賽，中華隊今晚迎戰荷蘭隊，新北市長侯友宜晚上現身在新北市府中商圈舉辦的「台荷之戰」直播派對，侯友宜特別準備220份荷蘭煎餅，稱要大家一起「吃光光、贏飽飽」，為中華隊集氣。圖為民眾吃著荷蘭煎餅。記者林伯東／攝影2023年世界棒球經典賽，中華隊今晚迎戰荷蘭隊，新北市府中商圈舉辦的「台荷之戰」直播派對。中華隊在第2局由張育成擊出滿貫砲時全場一同歡呼。記者林伯東／攝影2023年世界棒球經典賽，中華隊今晚迎戰荷蘭隊，新北市府中商圈舉辦的「台荷之戰」直播派對。中華隊在第2局由張育成擊出滿貫砲時全場一同歡呼。記者林伯東／攝影2023年世界棒球經典賽，中華隊今晚迎戰荷蘭隊，新北市長侯友宜（前中）晚上現身在新北市府中商圈舉辦的「台荷之戰」直播派對，與民眾共襄盛舉席地而坐觀看比賽轉播。記者林伯東／攝影2023年世界棒球經典賽，中華隊今晚迎戰荷蘭隊，新北市府中商圈舉辦的「台荷之戰」直播派對。中華隊在第2局由張育成擊出滿貫砲時全場一同歡呼。記者林伯東／攝影2023年世界棒球經典賽，中華隊今晚迎戰荷蘭隊，新北市府中商圈舉辦的「台荷之戰」直播派對，國民黨發言人李明璇出席觀看。記者林伯東／攝影 ▪ 經典賽即時新聞 ▪ 最新比分與完整賽程 ▪ 預賽分組戰績表 ▪ 經典賽專欄分析 經典賽WBC集氣                    WBC世界棒球經典賽中華隊今晚喜迎二連勝，新竹市政府今晚在火車站站前廣場舉辦直播派對吸引超過5千多人熱血觀賽，明天中午中...                                      今晚世界棒球經典賽中華隊與荷蘭之戰，中華隊以9：5擊敗荷蘭隊，嘉義市長黃敏惠在得知中華隊獲勝後，也在臉書舖文，對於中華隊...                                      2023世界經典棒球賽，今晚中華隊出戰荷蘭隊，彰化縣政府在縣府直播會場，免費發放上千份爌肉飯、肉圓及紅茶給加油民眾，現場...                                      2023年WBC世界棒球經典賽進入第4天，中華隊今晚迎戰荷蘭，南市府體育局在台南市立棒球場前廣場架起了250吋大型LED...                                      WBC世界棒球經典賽，中華隊昨晚以11比7力退義大利贏得首勝，今晚對戰荷蘭隊，民進黨立委莊競程今晚在台中市北區元保宮前綠...                                      世界經典棒球賽，中華隊昨打敗義大利隊，彰化縣政府結合業者贊助，在今晚中華隊出戰荷蘭隊的縣府廣場直播現場，將免費發放爌肉飯...                  ,UDN
380,經典賽／中華VS荷蘭熱血觀賽 侯友宜出奇招,2023-03-11 20:55:00,運動,,https://udn.com/news/story/123423/7025255,2023年WBC世界棒球經典賽A組預賽本月8日已在台中洲際棒球場展開，今晚新北市體育處於府中廣場辦理「中華隊 vs. 荷蘭隊」直播派對，新北市長侯友宜在觀眾席與球迷們一起為中華隊加油，侯友宜還帶來220片荷蘭煎餅送給觀賽民眾，要請大家將荷蘭煎餅「吃光光、贏飽飽」。侯友宜說，為了要贏荷蘭隊，自己特別買220片荷蘭煎餅給球迷，中午試吃感覺有夠好吃，要將荷蘭煎餅吃光光、贏飽飽，中華一定打敗荷蘭隊，這意義很重要。昨晚大家看到中華隊贏義大利隊，自己看到晚上半夜睡不著覺，睡著時還看到中華隊全壘打的狀況，看球很開心、也是凝聚力可爭取最大光榮，很開心能參與這一役，中華隊一定要贏才有機會到東京巨蛋晉級比賽。另外，為慶祝昨天中華隊大勝義大利隊，朱家軍葉元之、凌濤及立委羅明才等11人也在場放送550片雞排給民眾慶祝。觀賽現場搭配應援團、300吋LED螢幕、周邊的新北HUG市集，還有新北才有的棒球VR體驗，讓球迷感受現場比賽的熱血氛圍。新北市長侯友宜表示，睽違10年，「世界棒球經典賽」再度重返台灣，府中廣場今年2月啟用剛好搭上2023 WBC世界棒球經典賽及迎接白色情人節到來，特別規劃辦理棒球直播派對，讓大家實際感受這裡兼具運動休閒、藝術文創、假日市集的嶄新面貌。市長向現場所有堅定的中華隊球迷強調，今天能夠在這裡跟大家聚在一起為中華隊加油，感受特別不一樣，背後的大型LED螢幕、現場的應援團、周邊的新北HUG市集，還有新北才有的棒球VR體驗，再加上大家齊心助攻中華隊前往東京巨蛋的目標，這樣的氣氛完全不輸給臺中洲際棒球場。體育處補充，今天直播派對活動吸引大批球迷，下午5點就排隊等待索取限量「新北助攻 中華成功」加油棒及抽獎券、饗食天堂手工餅乾，不到1小時即全數發放完，現場不定時抽出WBC官方紀念品大禮包及饗食天堂餐券等大獎，並在周邊設有棒球VR體驗，只要戴上VR頭盔，彷彿置身於球場，與大聯盟等級投手展開對決。侯友宜說，為了要贏荷蘭隊，自己特別買220片荷蘭煎餅給球迷，要將荷蘭煎餅吃光光、贏飽飽。記者李定宇／攝影為慶祝昨天中華隊大勝義大利隊，朱家軍葉元之、凌濤及立委羅明才等11人也在場放送550片雞排給民眾慶祝。 ▪ 經典賽即時新聞 ▪ 最新比分與完整賽程 ▪ 預賽分組戰績表 ▪ 經典賽專欄分析 經典賽WBC集氣                    WBC世界棒球經典賽中華隊今晚喜迎二連勝，新竹市政府今晚在火車站站前廣場舉辦直播派對吸引超過5千多人熱血觀賽，明天中午中...                                      今晚世界棒球經典賽中華隊與荷蘭之戰，中華隊以9：5擊敗荷蘭隊，嘉義市長黃敏惠在得知中華隊獲勝後，也在臉書舖文，對於中華隊...                                      2023世界經典棒球賽，今晚中華隊出戰荷蘭隊，彰化縣政府在縣府直播會場，免費發放上千份爌肉飯、肉圓及紅茶給加油民眾，現場...                                      2023年WBC世界棒球經典賽進入第4天，中華隊今晚迎戰荷蘭，南市府體育局在台南市立棒球場前廣場架起了250吋大型LED...                                      WBC世界棒球經典賽，中華隊昨晚以11比7力退義大利贏得首勝，今晚對戰荷蘭隊，民進黨立委莊競程今晚在台中市北區元保宮前綠...                                      世界經典棒球賽，中華隊昨打敗義大利隊，彰化縣政府結合業者贊助，在今晚中華隊出戰荷蘭隊的縣府廣場直播現場，將免費發放爌肉飯...                  ,UDN
381,經典賽／搬出「成功」抗荷！台南市棒球場湧群眾為中華隊加油,2023-03-11 21:25:00,運動,,https://udn.com/news/story/123423/7025274,2023年WBC世界棒球經典賽進入第4天，中華隊今晚迎戰荷蘭，南市府體育局在台南市立棒球場前廣場架起了250吋大型LED螢幕，晚間湧入許多民眾觀看球賽轉播，並與現場啦啦隊一起為中華隊加油。台南市長黃偉哲也來到現場民眾一起高舉「台灣必勝 前進東京」等標語合影。轉播現場販售台南限定的「成功．致勝應援大禮包」。黃偉哲發「祭品」，如果比賽贏荷蘭，將會送出100份應援大禮包，為今晚的比賽集氣加油。台南市政府體育局表示，台南是熱愛棒球的城市，積極耕耘基層棒球運動，本屆中華隊有多名教練及選手都出身台南，包括王建民、總教練林岳平、首席教練高志綱、球員成晉、胡智為、林岱安、陳傑憲等，還有多位出身台南棒球名校南英商工，包括陳江和教練、郭天信、宋家豪、黃子鵬等選手。今晚南英商工棒球隊也組隊到現場共襄盛舉，為中華隊選手加油。中華隊下一場賽事為3月12日中午12時對戰古巴，同樣也將在台南市立棒球場的大型螢幕上轉播，歡迎市民朋友攜帶各自的加油道具，持續到場為台灣隊加油吶喊，讓台南人的熱情與能量傳遞給台灣隊，集氣取得8強門票，前進東京複賽。台南市長黃偉哲今晚與市民一起在棒球場為中華隊加油，還拿出鳳梨加持，一定要贏荷蘭。圖／台南市政府提供台南市長黃偉哲發「祭品」，今晚勝荷蘭，就發100份「成功、致勝」大禮包。圖／台南市政府提供南英商工棒球隊也組隊到棒球場為中華隊加油。圖／台南市政府提供台南市長黃偉哲今晚與市民一起在棒球場為中華隊加油，一定要贏荷蘭。圖／台南市政府提供 ▪ 經典賽即時新聞 ▪ 最新比分與完整賽程 ▪ 預賽分組戰績表 ▪ 經典賽專欄分析 經典賽WBC集氣中華隊黃偉哲                    2023世界經典棒球賽，今晚中華隊出戰荷蘭隊，彰化縣政府在縣府直播會場，免費發放上千份爌肉飯、肉圓及紅茶給加油民眾，現場...                                      2023年WBC世界棒球經典賽進入第4天，中華隊今晚迎戰荷蘭，南市府體育局在台南市立棒球場前廣場架起了250吋大型LED...                                      WBC世界棒球經典賽，中華隊昨晚以11比7力退義大利贏得首勝，今晚對戰荷蘭隊，民進黨立委莊競程今晚在台中市北區元保宮前綠...                                      世界經典棒球賽，中華隊昨打敗義大利隊，彰化縣政府結合業者贊助，在今晚中華隊出戰荷蘭隊的縣府廣場直播現場，將免費發放爌肉飯...                                      WBC世界棒球經典賽，中華隊昨晚打敗義大利拿下首勝，今、明兩天將分別迎戰荷蘭隊及古巴隊，台南市長黃偉哲說，今晚非贏荷蘭不...                                      WBC世界棒球經典賽開打，中華隊昨晚以11：7擊敗義大利隊。國民黨台北市青工總會長滿志剛今天兌現免費送1000顆雞蛋的祭...                  ,UDN
382,經典賽／超嗨！新竹站前廣場辦WBC直播派對 湧5千人吶喊同樂,2023-03-11 21:50:00,運動,,https://udn.com/news/story/123423/7025288,WBC世界棒球經典賽火熱開打，今晚中華隊對上荷蘭賽事全國矚目，新竹市政府今晚在新竹火車站站前廣場舉辦WBC直播派對，吸引超過5千人看球同樂，當球賽進入2局張育成轟出滿貫砲時，更是掀起滿場觀眾歡呼叫好，氣氛超嗨，不少新竹人也直呼「站前廣場好久沒有這樣的人潮跟盛況！」新竹市政府今晚也邀請味全龍啦啦隊「小龍女」及DJ、國小棒球隊到現場應援，新竹市長高虹安昨晚才赴台中洲際棒球場為中華隊加油，見證中華隊打贏義大利的精彩賽事，身為直播派對主辦單位，高今晚7點也到站前廣場跟現場球迷、民眾一起同樂。竹市府指出，世界棒球經典賽睽違10年後再次回台灣辦分組預賽，市府特別與愛爾達電視台合作，周末連2天舉辦棒球賽直播派對，站前廣場架設大螢幕將全程轉播。今天晚間7點台灣對戰荷蘭、明天中午12時台灣對戰古巴，賽事開打前半小時開放進場。新竹市政府今、明天將接連在新竹火車站站前廣場舉辦WBC直播派對，是大新竹地區唯一的官方舉辦直播派對，現場架設大螢幕，吸引不少球迷穿上球衣、帶著加油棒入場為中華隊加油，也有不少民眾路過感受到熱血氣氛，特別停下腳步欣賞經典賽事。竹市府指出，連續2天活動將在現場發放限量的早鳥禮及互動好禮，歡迎市民一同來為中華隊加油。WBC世界棒球經典賽火熱開打，今晚中華隊對上荷蘭賽事全國矚目，新竹市政府今晚在新竹火車站站前廣場舉辦WBC直播派對，吸引超過5千人看球同樂。圖／新竹市政府提供WBC世界棒球經典賽火熱開打，今晚中華隊對上荷蘭賽事全國矚目，新竹市政府今晚在新竹火車站站前廣場舉辦WBC直播派對，吸引超過5千人看球同樂。圖／新竹市政府提供新竹市政府今晚在新竹火車站站前廣場舉辦WBC直播派對，吸引超過5千人看球，市長高虹安也到場同樂，氣氛超嗨。圖／新竹市政府提供 ▪ 經典賽即時新聞 ▪ 最新比分與完整賽程 ▪ 預賽分組戰績表 ▪ 經典賽專欄分析 經典賽WBC集氣                    今晚世界棒球經典賽中華隊與荷蘭之戰，中華隊以9：5擊敗荷蘭隊，嘉義市長黃敏惠在得知中華隊獲勝後，也在臉書舖文，對於中華隊...                                      2023世界經典棒球賽，今晚中華隊出戰荷蘭隊，彰化縣政府在縣府直播會場，免費發放上千份爌肉飯、肉圓及紅茶給加油民眾，現場...                                      2023年WBC世界棒球經典賽進入第4天，中華隊今晚迎戰荷蘭，南市府體育局在台南市立棒球場前廣場架起了250吋大型LED...                                      WBC世界棒球經典賽，中華隊昨晚以11比7力退義大利贏得首勝，今晚對戰荷蘭隊，民進黨立委莊競程今晚在台中市北區元保宮前綠...                                      世界經典棒球賽，中華隊昨打敗義大利隊，彰化縣政府結合業者贊助，在今晚中華隊出戰荷蘭隊的縣府廣場直播現場，將免費發放爌肉飯...                                      WBC世界棒球經典賽，中華隊昨晚打敗義大利拿下首勝，今、明兩天將分別迎戰荷蘭隊及古巴隊，台南市長黃偉哲說，今晚非贏荷蘭不...                  ,UDN
383,經典賽／彰化縣府直播湧上千人 大啖爌肉飯及肉圓同歡,2023-03-11 21:52:00,運動,,https://udn.com/news/story/123423/7025290,2023世界經典棒球賽，今晚中華隊出戰荷蘭隊，彰化縣政府在縣府直播會場，免費發放上千份爌肉飯、肉圓及紅茶給加油民眾，現場湧來上千人，隊伍排了約400公尺，場面十分熱烈，後來，縣長王惠美宣布再加碼200顆肉圓。由於中華隊昨晚打敗義大利隊，彰化縣政府兌現承諾，結合業者贊助，在昨晚中華隊出戰荷蘭隊的縣府廣場直播現場，免費發放溪湖阿讚爌肉飯400份、彰化阿璋肉圓600份及紅茶400杯，許多民眾聞訊而來，有人5點不到就前往排隊，到7點準時領取時，已湧來上千人，隊伍排了約400公尺，蔚為奇觀。直播的會場擺了約400張椅子還不夠坐，為了炒熱及帶動氣氛，還請來啦啦隊熱舞，讓加油民眾如置身比賽現場，加上中華隊一路領先，讓大家情緒更加高昂，加油聲震耳欲聾。縣長王惠美除到場發放肉圓及爌肉飯外，看到因人數太多，很有人領不到，宣布加碼兩百顆肉圓。王縣長還表示，之前的承諾，只要中華隊每贏1分，將再加100碗爌肉飯，贏2分就加發放200碗；另外，中華隊贏球，對手0分的話，再加碼100碗的彰化肉圓。溪湖阿讚爌肉飯老闆陳明奎也到直播現場，他連同在溪湖鎮公所發放爌肉飯，共發送了800份，雖然花了三、四萬元，還是很值得，只要中華隊繼續贏，他就繼續送，當他看到中華隊一路領先時，就說他要趕回去滷爌肉了。阿璋肉圓老闆施明豐也說，他長期就熱愛棒球，很高興有機會在為中華隊加油時，也能行銷阿璋肉圓美食。在彰化縣政府廣場今晚的經典賽直播會場，縣府及贊助業者免費發放上千份爌肉飯、肉圓及紅茶給民眾，隊伍排了約400公尺。記者劉明岩／攝影在彰化縣政府廣場今晚的經典賽直播會場，也安排啦啦隊帶動氣氛，為中華隊加油。記者劉明岩／攝影在彰化縣政府廣場今晚的經典賽直播會場，湧來上千名民眾爌肉飯、肉圓及紅茶，隊伍排了約400公尺。記者劉明岩／攝影在彰化縣政府廣場今晚的經典賽直播會場，縣長王惠美親自發送超過千份的爌肉飯、肉圓及紅茶給民眾。記者劉明岩／攝影在彰化縣政府廣場今晚的經典賽直播會場，縣長王惠美親自發送超過千份的爌肉飯、肉圓及紅茶給民眾。記者劉明岩／攝影在彰化縣政府廣場今晚的經典賽直播會場，縣長王惠美到場為中華隊加油。記者劉明岩／攝影在彰化縣政府廣場今晚的經典賽直播會場，也安排啦啦隊帶動氣氛，為中華隊加油。記者劉明岩／攝影 ▪ 經典賽即時新聞 ▪ 最新比分與完整賽程 ▪ 預賽分組戰績表 ▪ 經典賽專欄分析 經典賽WBC集氣                    2023世界經典棒球賽，今晚中華隊出戰荷蘭隊，彰化縣政府在縣府直播會場，免費發放上千份爌肉飯、肉圓及紅茶給加油民眾，現場...                                      2023年WBC世界棒球經典賽進入第4天，中華隊今晚迎戰荷蘭，南市府體育局在台南市立棒球場前廣場架起了250吋大型LED...                                      WBC世界棒球經典賽，中華隊昨晚以11比7力退義大利贏得首勝，今晚對戰荷蘭隊，民進黨立委莊競程今晚在台中市北區元保宮前綠...                                      世界經典棒球賽，中華隊昨打敗義大利隊，彰化縣政府結合業者贊助，在今晚中華隊出戰荷蘭隊的縣府廣場直播現場，將免費發放爌肉飯...                                      WBC世界棒球經典賽，中華隊昨晚打敗義大利拿下首勝，今、明兩天將分別迎戰荷蘭隊及古巴隊，台南市長黃偉哲說，今晚非贏荷蘭不...                                      WBC世界棒球經典賽開打，中華隊昨晚以11：7擊敗義大利隊。國民黨台北市青工總會長滿志剛今天兌現免費送1000顆雞蛋的祭...                  ,UDN
384,經典賽／支持中華隊 彰縣府請吃肉圓、爌肉飯,2023-03-12 02:04:00,運動,,https://udn.com/news/story/123423/7025348,世界經典棒球賽，中華隊前晚打敗義大利隊，彰化縣政府結合業者贊助，昨晚縣府廣場直播中華戰荷蘭比賽，縣長王惠美（上圖右二）現場免費發放爌肉飯400份、肉圓600份及紅茶400杯。有人5點不到就來排隊，到7點準時領取時，已湧入上千人，隊伍排了400公尺，縣府後來再加碼200份肉圓。記者劉明岩／攝影記者劉明岩／攝影 ▪ 經典賽即時新聞 ▪ 最新比分與完整賽程 ▪ 預賽分組戰績表 ▪ 經典賽專欄分析 經典賽WBC集氣                    WBC世界棒球經典賽中華隊昨晚擊敗強敵荷蘭隊，今天中午迎戰古巴隊。民進黨台中市立委何欣純昨晚賽後再加碼，再勝古巴加碼到5...                                      全民關注中華隊在世界棒球經典賽的表現，有網友發現中華隊總處於尷尬的排名，更不解「到底為什麼會這樣？」，對此許多人指出原因在於「不夠強」，還有人認為「中庸的戰力，所以只有中庸成績，也算名實相符」。                                      世界棒球經典賽，今天中午中華隊以一比七敗給古巴隊，原本今天上午發祭品文，表示中華隊贏古巴將送500份雞排的台北市長蔣萬安...                                      中華隊今天在經典賽（WBC）預賽敗給古巴隊，無緣晉級下一輪。副總統賴清德在臉書上說，「謝謝台灣隊，我永遠以身為台灣的球迷...                                      2023世界棒球經典賽（WBC）自本月8日正式開打，分別在3個國家、4個球場進行，許多球迷都湧入台中洲際棒球場替中華隊加油，而場邊的啦啦隊也受到國際關注。對此，媒體人朱凱翔回憶起過去更有氣氛的應援神器「汽笛喇叭」。                                      經典賽中華隊今仍不敵古巴，以1比7落敗。行政院長陳建仁及副院長鄭文燦賽後皆透過臉書爲選手送暖打氣。陳建仁並表示，「不管最...                  ,UDN
385,經典賽／慶祝中華隊勝荷蘭 嘉市送百張職棒門票,2023-03-11 23:39:00,運動,,https://udn.com/news/story/123423/7025489,今晚世界棒球經典賽中華隊與荷蘭之戰，中華隊以9：5擊敗荷蘭隊，嘉義市長黃敏惠在得知中華隊獲勝後，也在臉書舖文，對於中華隊精采表現感動之餘，嘉義市要送出100張中華職棒門票，適用於4月27日-味全龍vs富邦悍將，在嘉義市立棒球場開打。只要在貼文按讚+分享，並留言「為中華隊集氣，一起前進東京！加油」就有抽獎機會。黃敏惠在臉書留言：贏了贏了！今晚中華隊贏荷蘭好精彩，好感動的時刻 嘉義市要送出 100張 #中華職棒門票，適用於4月27日-味全龍vs富邦悍將#嘉義市立棒球場 開打這天。即日起至3/31（五）止，於此篇貼文按讚+分享，並留言「為中華隊集氣，一起前進東京！加油」就有抽獎機會，我們將抽出100名。明天還有一場，對上古巴隊，全台集氣，前進東京GOGOGO！▲後續票券將於4/27（四）當天17:00 讓得獎者現場領取，屆時請於得獎者提前私訊留下姓名及身分證後五碼以利證明，將會現場核對身分。嘉義市長黃敏惠在臉書舖文，慶祝中華隊擊敗荷蘭隊嘉義市要送出100張中華職棒門票。圖／翻攝臉書 ▪ 經典賽即時新聞 ▪ 最新比分與完整賽程 ▪ 預賽分組戰績表 ▪ 經典賽專欄分析 經典賽WBC集氣                    今晚世界棒球經典賽中華隊與荷蘭之戰，中華隊以9：5擊敗荷蘭隊，嘉義市長黃敏惠在得知中華隊獲勝後，也在臉書舖文，對於中華隊...                                      2023世界經典棒球賽，今晚中華隊出戰荷蘭隊，彰化縣政府在縣府直播會場，免費發放上千份爌肉飯、肉圓及紅茶給加油民眾，現場...                                      2023年WBC世界棒球經典賽進入第4天，中華隊今晚迎戰荷蘭，南市府體育局在台南市立棒球場前廣場架起了250吋大型LED...                                      WBC世界棒球經典賽，中華隊昨晚以11比7力退義大利贏得首勝，今晚對戰荷蘭隊，民進黨立委莊競程今晚在台中市北區元保宮前綠...                                      世界經典棒球賽，中華隊昨打敗義大利隊，彰化縣政府結合業者贊助，在今晚中華隊出戰荷蘭隊的縣府廣場直播現場，將免費發放爌肉飯...                                      WBC世界棒球經典賽，中華隊昨晚打敗義大利拿下首勝，今、明兩天將分別迎戰荷蘭隊及古巴隊，台南市長黃偉哲說，今晚非贏荷蘭不...                  ,UDN
386,經典賽／中華隊戰勝荷蘭 運彩公會理事長將發500份雞排,2023-03-12 00:01:00,運動,,https://udn.com/news/story/123423/7025533,世界棒球經典賽WBC中華隊今晚與荷蘭交手，最後以9比5奪下二連勝，中華民國運動彩券經銷商商業公會理事長何昱奇先前宣布，台灣隊只要打贏荷蘭隊，公會就發送500份雞排，為台灣隊加油集氣，預定3月13日周一晚間7點發送。為中華隊加油，中華民國運動彩券經銷商商業公會理事長何昱奇發出祭品文，中華隊只要贏荷蘭隊，就送出500份雞排。世界棒球經典賽WBC中華隊10日擊敗義大利，11日擊退荷蘭，連奪兩場勝利。何昱奇表示，預定3月13日周一晚間7點發送雞排，發送地點在台中市南區南平路35之20號。 ▪ 經典賽即時新聞 ▪ 最新比分與完整賽程 ▪ 預賽分組戰績表 ▪ 經典賽專欄分析 經典賽WBC集氣                    全民關注中華隊在世界棒球經典賽的表現，有網友發現中華隊總處於尷尬的排名，更不解「到底為什麼會這樣？」，對此許多人指出原因在於「不夠強」，還有人認為「中庸的戰力，所以只有中庸成績，也算名實相符」。                                      世界棒球經典賽，今天中午中華隊以一比七敗給古巴隊，原本今天上午發祭品文，表示中華隊贏古巴將送500份雞排的台北市長蔣萬安...                                      中華隊今天在經典賽（WBC）預賽敗給古巴隊，無緣晉級下一輪。副總統賴清德在臉書上說，「謝謝台灣隊，我永遠以身為台灣的球迷...                                      2023世界棒球經典賽（WBC）自本月8日正式開打，分別在3個國家、4個球場進行，許多球迷都湧入台中洲際棒球場替中華隊加油，而場邊的啦啦隊也受到國際關注。對此，媒體人朱凱翔回憶起過去更有氣氛的應援神器「汽笛喇叭」。                                      經典賽中華隊今仍不敵古巴，以1比7落敗。行政院長陳建仁及副院長鄭文燦賽後皆透過臉書爲選手送暖打氣。陳建仁並表示，「不管最...                                      2023世界經典棒球賽，昨晚中華隊以9比5力克荷蘭，屏東縣萬丹鄉《幸福紅豆餅》老闆施建民很開心，免費發1000份紅豆餅慶...                  ,UDN
387,經典賽／中華勝荷蘭 基隆市議員送400份雞排助前進東京,2023-03-12 02:43:00,運動,,https://udn.com/news/story/123423/7025577,中華隊昨晚以9比5擊敗荷蘭，基隆市議員張秉鈞賽前表明，赢1分送100份，他最後依比賽結果宣布將捐出400份雞排免費發放，以繼續集氣，前進東京。張秉鈞說，台灣9：5荷蘭我們贏了，請大家密切關注他的粉絲專頁，會再公布時間地點，歡迎大家來領雞排。中華隊前晚在棒球經典賽A組勝義大利，振奮全國人心，昨晚7點與荷蘭對戰，不少地方傳出送雞排，基隆市議員張秉鈞昨也發出祭品文，要請雞排，贏1分100份、10分1000份，以此類推。貼文一出引發不少網友熱烈響應，稱讚議員霸氣要請雞排。 ▪ 經典賽即時新聞 ▪ 最新比分與完整賽程 ▪ 預賽分組戰績表 ▪ 經典賽專欄分析 經典賽WBC集氣                    WBC世界棒球經典賽中華隊昨晚擊敗強敵荷蘭隊，今天中午迎戰古巴隊。民進黨台中市立委何欣純昨晚賽後再加碼，再勝古巴加碼到5...                                      全民關注中華隊在世界棒球經典賽的表現，有網友發現中華隊總處於尷尬的排名，更不解「到底為什麼會這樣？」，對此許多人指出原因在於「不夠強」，還有人認為「中庸的戰力，所以只有中庸成績，也算名實相符」。                                      世界棒球經典賽，今天中午中華隊以一比七敗給古巴隊，原本今天上午發祭品文，表示中華隊贏古巴將送500份雞排的台北市長蔣萬安...                                      中華隊今天在經典賽（WBC）預賽敗給古巴隊，無緣晉級下一輪。副總統賴清德在臉書上說，「謝謝台灣隊，我永遠以身為台灣的球迷...                                      2023世界棒球經典賽（WBC）自本月8日正式開打，分別在3個國家、4個球場進行，許多球迷都湧入台中洲際棒球場替中華隊加油，而場邊的啦啦隊也受到國際關注。對此，媒體人朱凱翔回憶起過去更有氣氛的應援神器「汽笛喇叭」。                                      經典賽中華隊今仍不敵古巴，以1比7落敗。行政院長陳建仁及副院長鄭文燦賽後皆透過臉書爲選手送暖打氣。陳建仁並表示，「不管最...                  ,UDN
388,經典賽／中華隊贏荷蘭 今天兌現的祭品文一次查,2023-03-12 07:48:00,運動,,https://udn.com/news/story/123423/7025645,（11:50更新）時間：今天下午13:30開始排隊，現場發放號碼牌，下午14:00發放地點：國門廣場（基隆市仁愛區港西街6-2號）（7:45更新）中華隊在世界棒球經典賽，昨天再以9：5擒下荷蘭隊。聯合新聞網整理已知在今天將兌現的祭品文（依時間排序，不斷更新）。時間：今天上午10:00地點：芬園縣庄福德宮（彰化縣芬園鄉縣庄村彰南路二段464巷35號）時間：今天上午10:30開始排隊，發號碼牌，號碼牌發完後，11:00開始發雞排地點：竹北天后宮（新竹縣竹北市仁德街50號）時間：今天上午11:00發放號碼牌，11:30發放雞排、飲料地點：台中市府前廣場時間：今天上午11:00發放地點：新竹車站站前廣場時間：今天上午11:00開始排隊、11:30正式發放地點：台南市立棒球場前廣場（台南市南區健康路一段257號）時間：今天中午12:00地點：彰化縣政府廣場時間：今天下午13:00地點：台北市中信南港金融園區「2023 年經典賽直播派對」現場時間：入館就發，送完為止，營業時間為上午9:00至下午17:00地點：白蘭氏健康博物館（彰化縣鹿港鎮彰濱工業區鹿工路18號）時間：今天下午15:00地點：渴以茶全台門市2023世界棒球經典賽中華隊與荷蘭之戰，中華隊以9：5擊敗荷蘭隊。記者余承翰／攝影 ▪ 經典賽即時新聞 ▪ 最新比分與完整賽程 ▪ 預賽分組戰績表 ▪ 經典賽專欄分析 經典賽WBC集氣                    WBC世界棒球經典賽中華隊昨晚擊敗強敵荷蘭隊，今天中午迎戰古巴隊。民進黨台中市立委何欣純昨晚賽後再加碼，再勝古巴加碼到5...                                      全民關注中華隊在世界棒球經典賽的表現，有網友發現中華隊總處於尷尬的排名，更不解「到底為什麼會這樣？」，對此許多人指出原因在於「不夠強」，還有人認為「中庸的戰力，所以只有中庸成績，也算名實相符」。                                      世界棒球經典賽，今天中午中華隊以一比七敗給古巴隊，原本今天上午發祭品文，表示中華隊贏古巴將送500份雞排的台北市長蔣萬安...                                      中華隊今天在經典賽（WBC）預賽敗給古巴隊，無緣晉級下一輪。副總統賴清德在臉書上說，「謝謝台灣隊，我永遠以身為台灣的球迷...                                      2023世界棒球經典賽（WBC）自本月8日正式開打，分別在3個國家、4個球場進行，許多球迷都湧入台中洲際棒球場替中華隊加油，而場邊的啦啦隊也受到國際關注。對此，媒體人朱凱翔回憶起過去更有氣氛的應援神器「汽笛喇叭」。                                      經典賽中華隊今仍不敵古巴，以1比7落敗。行政院長陳建仁及副院長鄭文燦賽後皆透過臉書爲選手送暖打氣。陳建仁並表示，「不管最...                  ,UDN
389,經典賽／彰化再祭千份肉圓、爌肉飯 燒肉粽也上場,2023-03-12 08:18:00,運動,,https://udn.com/news/story/123423/7025651,2023世界經典棒球賽，昨晚在縣府廣場直播，縣府及縣內美食名店合計免費發送千份爌肉飯與肉圓給加油民眾，中華隊以9比5力克荷蘭後，縣長王惠美宣布，今天中午與古巴直播現場，將再發放600份爌肉飯外，另外，美食店家也再加碼贊助400份肉圓，400份紅茶。此外，彰化芬園縣庄福德宮上午10點也將在廟前免費發放500顆古早味肉粽。由於中華隊前晚打敗義大利隊，彰化縣政府兌現承諾，結合業者贊助，在昨晚中華隊出戰荷蘭隊的縣府廣場直播現場，免費發放溪湖阿讚爌肉飯400份、彰化阿璋肉圓200份，阿璋肉圓再加碼400份，85度C彰化和平店也贊助紅茶400杯，許多民眾聞訊而來，有人5點不到就前往排隊，到7點準時領取時，已湧來上千人，隊伍排了約400公尺，蔚為奇觀。在中華隊以9比5打敗荷蘭後，在直播現場觀戰的縣長王惠美表示，縣府原本的承諾不變，在今天中午對古巴之戰，縣府仍將提供600份的爌肉飯，將由在地店家溪湖阿讚爌肉飯提300份及彰化阿章爌肉飯300份，且在地肉圓排隊名店阿璋肉圓繼昨晚免費400份肉圓後，今天中午也再加碼400份肉圓，85度C彰化市和平店再加碼400份紅茶，一起為中華隊加油。此外，日前創下66棚布袋戲為福德正神祝壽的彰化縣芬園縣庄福德宮，也力挺中華隊，今天上午10點在縣庄福德宮發放500顆古早味肉粽，觀迎鄉親吃肉粽，為中華隊加持。彰化芬園縣庄福德宮今天上午10點，將在廟前免費發放500顆古早味肉粽，為中華隊加持。圖／取自芬園之光臉書在彰化縣政府廣場昨晚的經典賽直播會場，縣府及贊助業者免費發放上千份爌肉飯、肉圓及紅茶給民眾，隊伍排了約400公尺，今天中午將再發放千份。記者劉明岩／攝影在彰化縣政府廣場昨晚的經典賽直播會場，也安排啦啦隊帶動氣氛，為中華隊加油。記者劉明岩／攝影在彰化縣政府廣場昨晚的經典賽直播會場，湧來上千名民眾爌肉飯、肉圓及紅茶，隊伍排了約400公尺。記者劉明岩／攝影 ▪ 經典賽即時新聞 ▪ 最新比分與完整賽程 ▪ 預賽分組戰績表 ▪ 經典賽專欄分析 經典賽WBC集氣                    WBC世界棒球經典賽中華隊昨晚擊敗強敵荷蘭隊，今天中午迎戰古巴隊。民進黨台中市立委何欣純昨晚賽後再加碼，再勝古巴加碼到5...                                      全民關注中華隊在世界棒球經典賽的表現，有網友發現中華隊總處於尷尬的排名，更不解「到底為什麼會這樣？」，對此許多人指出原因在於「不夠強」，還有人認為「中庸的戰力，所以只有中庸成績，也算名實相符」。                                      世界棒球經典賽，今天中午中華隊以一比七敗給古巴隊，原本今天上午發祭品文，表示中華隊贏古巴將送500份雞排的台北市長蔣萬安...                                      中華隊今天在經典賽（WBC）預賽敗給古巴隊，無緣晉級下一輪。副總統賴清德在臉書上說，「謝謝台灣隊，我永遠以身為台灣的球迷...                                      2023世界棒球經典賽（WBC）自本月8日正式開打，分別在3個國家、4個球場進行，許多球迷都湧入台中洲際棒球場替中華隊加油，而場邊的啦啦隊也受到國際關注。對此，媒體人朱凱翔回憶起過去更有氣氛的應援神器「汽笛喇叭」。                                      經典賽中華隊今仍不敵古巴，以1比7落敗。行政院長陳建仁及副院長鄭文燦賽後皆透過臉書爲選手送暖打氣。陳建仁並表示，「不管最...                  ,UDN
390,經典賽／喝爆古巴咖啡！蔣萬安祭品文：贏古巴就發500份雞排,2023-03-12 09:23:00,運動,,https://udn.com/news/story/123423/7025685,中華隊在世界棒球經典賽，昨天再以9比5擒下荷蘭隊。台北市長蔣萬安今天上午公開行程受訪說，他已經準備好了祭品文，「今天中午我們贏了古巴，就會前進東京，我就會發五百份雞排」。媒體今天也問蔣萬安，今天一早有沒有先乾一下古巴咖啡？蔣萬安馬上說，「有，等一下找機會喝一下古巴咖啡，把它喝爆....」，「中華隊一定要贏古巴，一定前進東京，大家集氣加油。」蔣萬安說，他昨天行程當中也有看轉播，尤其張育成的滿貫砲，「我都要掉淚了」，還有對義大利那一場....，我單純看直播，昨天也有很多人吃荷包蛋。」蔣萬安今天一早出席國際自由車環台賽「台北市站」行程，對於今天中華隊將戰古巴，蔣萬安也跟進發祭品文，」「中午我們贏了古巴，就會前進東京，我就會發五百分雞排」。蔣萬安一早也在臉書提到，中華隊前進東京就差這1勝！今天中午12點對古巴這場比賽，「是我們晉級複賽的關鍵一役，必需贏下！」有空的朋友，一定要2023wbc世界棒球經典賽直播派對走走，繼續為中華隊集氣。蔣說，前天答應大家的「祭品文」來了！如果今天中華隊贏下古巴，順利前往東京，我就發放500份雞排慶祝！蔣也在文末標註「好想贏古巴」。 ▪ 經典賽即時新聞 ▪ 最新比分與完整賽程 ▪ 預賽分組戰績表 ▪ 經典賽專欄分析 經典賽WBC集氣                    WBC世界棒球經典賽中華隊昨晚擊敗強敵荷蘭隊，今天中午迎戰古巴隊。民進黨台中市立委何欣純昨晚賽後再加碼，再勝古巴加碼到5...                                      全民關注中華隊在世界棒球經典賽的表現，有網友發現中華隊總處於尷尬的排名，更不解「到底為什麼會這樣？」，對此許多人指出原因在於「不夠強」，還有人認為「中庸的戰力，所以只有中庸成績，也算名實相符」。                                      世界棒球經典賽，今天中午中華隊以一比七敗給古巴隊，原本今天上午發祭品文，表示中華隊贏古巴將送500份雞排的台北市長蔣萬安...                                      中華隊今天在經典賽（WBC）預賽敗給古巴隊，無緣晉級下一輪。副總統賴清德在臉書上說，「謝謝台灣隊，我永遠以身為台灣的球迷...                                      2023世界棒球經典賽（WBC）自本月8日正式開打，分別在3個國家、4個球場進行，許多球迷都湧入台中洲際棒球場替中華隊加油，而場邊的啦啦隊也受到國際關注。對此，媒體人朱凱翔回憶起過去更有氣氛的應援神器「汽笛喇叭」。                                      經典賽中華隊今仍不敵古巴，以1比7落敗。行政院長陳建仁及副院長鄭文燦賽後皆透過臉書爲選手送暖打氣。陳建仁並表示，「不管最...                  ,UDN
391,經典賽／江啟臣發「連勝文」 今午台中市府廣場發300份雞排、1000杯飲料,2023-03-12 09:48:00,運動,,https://udn.com/news/story/123423/7025699,WBC世界棒球經典賽A組預賽火熱進行中，中華隊力克義大利、荷蘭二連勝，今天中午對戰古巴，力拚晉級門票。立委江啟臣今天中午12點在中市府廣場發送300份雞排、1000杯飲料，號召群眾為中華隊加油！中華隊又贏了，江啟臣發「連勝文」加碼承諾，今天中午發雞排加飲料。11點開始發放號碼牌、11點半開始發放雞排、飲料。邀請豐原之光、全壘打王林仲秋、森林王子張泰山T.S.Chang粉絲團、台中成棒隊的教練團-總教練鄭達鴻、陽耀勳Yao-Hsun Yang教練、張正偉(張花花)教練一同發起雞排加碼送的活動，三位國手教練會到場。市議員吳瓊華、陳政顯、黃健豪、羅廷瑋、楊大鋐、李文傑、吳振嘉、立法委員擬參選人廖偉翔等也響應號召，提供1000杯手搖飲，用行動來當中華隊最堅實的應援團，送中華隊前進東京。經典賽昨晚荷蘭對中華，市府廣場大螢幕轉播，現場加油群眾沸騰滿點，人數破5000人，幾乎滿到台灣大道一側，比前天兩千人更多，現場歡呼聲響徹雲霄。群眾散場秩序良好，其中有不少是遠從台北等地來看球的外縣市民眾，雖然沒買到票在球場觀賽，也要來台中，在市府廣場前大螢幕前「身歷其境」，感受主場城市全程加油的威力！經典賽昨晚中華對荷蘭，台中市府廣場擠進5000人看現場轉播。圖／台中市新聞局提供立委江啟臣發「連勝文」，今天中午在市府廣場發雞排加碼飲料。圖／取自臉書 ▪ 經典賽即時新聞 ▪ 最新比分與完整賽程 ▪ 預賽分組戰績表 ▪ 經典賽專欄分析 經典賽WBC集氣                    WBC世界棒球經典賽中華隊昨晚擊敗強敵荷蘭隊，今天中午迎戰古巴隊。民進黨台中市立委何欣純昨晚賽後再加碼，再勝古巴加碼到5...                                      全民關注中華隊在世界棒球經典賽的表現，有網友發現中華隊總處於尷尬的排名，更不解「到底為什麼會這樣？」，對此許多人指出原因在於「不夠強」，還有人認為「中庸的戰力，所以只有中庸成績，也算名實相符」。                                      世界棒球經典賽，今天中午中華隊以一比七敗給古巴隊，原本今天上午發祭品文，表示中華隊贏古巴將送500份雞排的台北市長蔣萬安...                                      中華隊今天在經典賽（WBC）預賽敗給古巴隊，無緣晉級下一輪。副總統賴清德在臉書上說，「謝謝台灣隊，我永遠以身為台灣的球迷...                                      2023世界棒球經典賽（WBC）自本月8日正式開打，分別在3個國家、4個球場進行，許多球迷都湧入台中洲際棒球場替中華隊加油，而場邊的啦啦隊也受到國際關注。對此，媒體人朱凱翔回憶起過去更有氣氛的應援神器「汽笛喇叭」。                                      經典賽中華隊今仍不敵古巴，以1比7落敗。行政院長陳建仁及副院長鄭文燦賽後皆透過臉書爲選手送暖打氣。陳建仁並表示，「不管最...                  ,UDN
392,經典賽／中華抗荷成功 高雄直播派對陳其邁現身全場嗨翻,2023-03-12 11:54:00,運動,,https://udn.com/news/story/123423/7025727,高雄市政府運發局一連3天舉辦世界棒球經典賽直播派對，昨晚現場湧進800人，高雄市長陳其邁也現身與球迷一起集氣；台灣隊最後以9比5抗荷成功，全場嗨翻。昨晚台灣對上強敵荷蘭，許多球迷提早到苓雅運動中心中庭佔位，透過直播觀賽，祈求抗荷成功；陳其邁甫從日本訪問回國，昨晚也到現場和民眾一起當啦啦隊，為台灣隊加油。運發局發布新聞稿指出，當張育成擊出滿貫全壘打時，全場球迷起立向張育成敬禮，全場歡聲雷動，氣氛如置身比賽現場。運發局表示，昨晚高雄直播現場，除了陳其邁、運發局長侯尊堯外，還有許多棒球界好手聚集，包括台鋼雄鷹職棒領隊劉東洋、球員陳宇宏、顏清浤；普門中學棒球隊教練洪榮宏、石弘傑；三民高中棒球隊教練陳方正；高苑工商棒球隊教練胡睿呈等。隨著台灣隊持續領先，現場在啦啦隊帶動下，熱血沸騰、呼聲不斷，彷彿置身球場一樣，最後所有球迷也全體起立迎接台灣的第二勝；不少人與身邊親友、球迷擊掌，氣氛熱絡。經發局指出，延續昨晚高雄直播派對熱情，今天中午12點台灣與古巴之戰，苓雅運動中心持續直播預賽最後一場賽事，邀請市民朋友一起為台灣加油，一起集氣將台灣英雄成功推進日本。 ▪ 經典賽即時新聞 ▪ 最新比分與完整賽程 ▪ 預賽分組戰績表 ▪ 經典賽專欄分析 經典賽WBC集氣                    WBC世界棒球經典賽中華隊昨晚擊敗強敵荷蘭隊，今天中午迎戰古巴隊。民進黨台中市立委何欣純昨晚賽後再加碼，再勝古巴加碼到5...                                      全民關注中華隊在世界棒球經典賽的表現，有網友發現中華隊總處於尷尬的排名，更不解「到底為什麼會這樣？」，對此許多人指出原因在於「不夠強」，還有人認為「中庸的戰力，所以只有中庸成績，也算名實相符」。                                      世界棒球經典賽，今天中午中華隊以一比七敗給古巴隊，原本今天上午發祭品文，表示中華隊贏古巴將送500份雞排的台北市長蔣萬安...                                      中華隊今天在經典賽（WBC）預賽敗給古巴隊，無緣晉級下一輪。副總統賴清德在臉書上說，「謝謝台灣隊，我永遠以身為台灣的球迷...                                      2023世界棒球經典賽（WBC）自本月8日正式開打，分別在3個國家、4個球場進行，許多球迷都湧入台中洲際棒球場替中華隊加油，而場邊的啦啦隊也受到國際關注。對此，媒體人朱凱翔回憶起過去更有氣氛的應援神器「汽笛喇叭」。                                      經典賽中華隊今仍不敵古巴，以1比7落敗。行政院長陳建仁及副院長鄭文燦賽後皆透過臉書爲選手送暖打氣。陳建仁並表示，「不管最...                  ,UDN
393,經典賽／中華隊擊退荷蘭 台中這裡大放送 飲料店還買一送一,2023-03-12 10:54:00,運動,,https://udn.com/news/story/123423/7025782,等一下就可排隊，為慶祝中華隊昨晚擊退強敵荷蘭，台中的立委江啟臣今天在台中市府前廣場發送300份雞排，另有多位市議員合送1000杯飲料；春芳號潭子頭家店推出買一送一，今天早上11點開始，賣完為止。春芳號潭子頭家店業者今天在臉書分享好康說，為慶祝滿貫砲擊沉荷蘭，春芳號周日再一波滿一送一，今天上午11點到晚上6點，限時冬瓜檸檬跟冬瓜烏龍買一送一，賣完為止，春芳號潭子頭家店在潭子區頭張路一段125號，電話042338520。WBC世界棒球經典賽A組預賽火熱進行中，中華隊繼力克義大利後，昨晚再以9比5擊退強敵荷蘭，取得二連勝的佳績，今天對戰古巴。為實現祭品文加碼的承諾，並鼓勵中華隊再接再厲，立委江啟臣今天上午11點30分在台中市政府前廣場發送300份雞排，台中市議員吳瓊華、陳政顯、黃健豪、羅廷瑋、楊大鋐、吳振嘉、李文傑、立法委員擬參選人廖偉翔等人也響應號召，將提供1000杯飲料現場發送，用行動來當中華隊最堅實的後盾。 ▪ 經典賽即時新聞 ▪ 最新比分與完整賽程 ▪ 預賽分組戰績表 ▪ 經典賽專欄分析 經典賽WBC集氣                    WBC世界棒球經典賽中華隊昨晚擊敗強敵荷蘭隊，今天中午迎戰古巴隊。民進黨台中市立委何欣純昨晚賽後再加碼，再勝古巴加碼到5...                                      全民關注中華隊在世界棒球經典賽的表現，有網友發現中華隊總處於尷尬的排名，更不解「到底為什麼會這樣？」，對此許多人指出原因在於「不夠強」，還有人認為「中庸的戰力，所以只有中庸成績，也算名實相符」。                                      世界棒球經典賽，今天中午中華隊以一比七敗給古巴隊，原本今天上午發祭品文，表示中華隊贏古巴將送500份雞排的台北市長蔣萬安...                                      中華隊今天在經典賽（WBC）預賽敗給古巴隊，無緣晉級下一輪。副總統賴清德在臉書上說，「謝謝台灣隊，我永遠以身為台灣的球迷...                                      2023世界棒球經典賽（WBC）自本月8日正式開打，分別在3個國家、4個球場進行，許多球迷都湧入台中洲際棒球場替中華隊加油，而場邊的啦啦隊也受到國際關注。對此，媒體人朱凱翔回憶起過去更有氣氛的應援神器「汽笛喇叭」。                                      經典賽中華隊今仍不敵古巴，以1比7落敗。行政院長陳建仁及副院長鄭文燦賽後皆透過臉書爲選手送暖打氣。陳建仁並表示，「不管最...                  ,UDN
394,影／就等張育成轟全壘打贏古巴 族人：一定殺豬為他慶祝,2023-03-12 11:18:00,運動,,https://udn.com/news/story/123423/7025823,世界棒球經典賽中華隊昨晚以9比5擊敗荷蘭，最激勵人心就是轟出滿貫砲的張育成，張育成是台東縣東河鄉泰源人，前泰源村長、東河鄉代吳占勝開心表示，大家都在等他勝利返鄉殺豬慶祝，但最重要的是今天中午打贏古巴，繼續打全壘打帶領中華隊進決賽，「他是台灣之光」。中華目前戰績2勝1敗，能否晉級今天中午對決古巴是關鍵一役。張育成近日表現，已經讓親友、族人們開心不已，並傳出準備殺豬慶祝，對此吳占勝直言「要等他回來啦」，但現在最重要的是「用全壘打打敗古巴」，帶中華隊進入決賽。「他是台灣之光也是台東之光！」吳占勝說，張育成表現太棒了，大家都很關心他這幾天比賽，現在二連勝還不夠啦，要繼續三連勝啦，大家都在等今天中午對古巴，繼續幫中華隊、幫張育成加油，至於殺豬慶祝是一定要的啦，但現在還沒有啦，他將請代表會、鄉公所共同送一隻豬為張育成慶祝。中華隊今天中午12點迎戰古巴隊，距離晉級只剩下最後一步，唯一的方法就是擊敗古巴隊，如果輸球，就算進入「五隊大亂鬥」，比較失分率也確定出局。台東泰源族人都在等張育成勝利返鄉，並認為最重要的事，今天中午打贏古巴，繼續打全壘打帶領中華隊進決賽。圖／報系資料照片 ▪ 經典賽即時新聞 ▪ 最新比分與完整賽程 ▪ 預賽分組戰績表 ▪ 經典賽專欄分析 經典賽WBC集氣                    WBC世界棒球經典賽中華隊昨晚擊敗強敵荷蘭隊，今天中午迎戰古巴隊。民進黨台中市立委何欣純昨晚賽後再加碼，再勝古巴加碼到5...                                      全民關注中華隊在世界棒球經典賽的表現，有網友發現中華隊總處於尷尬的排名，更不解「到底為什麼會這樣？」，對此許多人指出原因在於「不夠強」，還有人認為「中庸的戰力，所以只有中庸成績，也算名實相符」。                                      世界棒球經典賽，今天中午中華隊以一比七敗給古巴隊，原本今天上午發祭品文，表示中華隊贏古巴將送500份雞排的台北市長蔣萬安...                                      中華隊今天在經典賽（WBC）預賽敗給古巴隊，無緣晉級下一輪。副總統賴清德在臉書上說，「謝謝台灣隊，我永遠以身為台灣的球迷...                                      2023世界棒球經典賽（WBC）自本月8日正式開打，分別在3個國家、4個球場進行，許多球迷都湧入台中洲際棒球場替中華隊加油，而場邊的啦啦隊也受到國際關注。對此，媒體人朱凱翔回憶起過去更有氣氛的應援神器「汽笛喇叭」。                                      經典賽中華隊今仍不敵古巴，以1比7落敗。行政院長陳建仁及副院長鄭文燦賽後皆透過臉書爲選手送暖打氣。陳建仁並表示，「不管最...                  ,UDN
395,經典賽／蔣萬安要喝爆古巴咖啡！林奕華不遑多讓 秀照豪吃古巴三明治,2023-03-12 11:20:00,運動,,https://udn.com/news/story/123423/7025828,世界棒球經典賽中華隊繼昨天以9比5擒下荷蘭隊，今天再戰古巴隊，台北市長蔣萬安今天上午公開行程受訪說，「等一下找機會喝一下古巴咖啡，把它喝爆....」，副市長林奕華今天也在臉書秀出豪吃古巴三明治的照片，並且貼文說「趕行程中！今天的早餐，就決定是古巴三明治了！」另外，議員柳采葳、徐弘庭、李明賢、張斯綱、立委洪孟凱先前為了幫中華隊集氣，加碼祭品文贏荷蘭送500杯珍奶，今天下午1點，議員和洪孟楷將在中信南港金融園區發珍奶，他們也感謝市長蔣萬安，響應祭品文集氣，今天中午如果贏古巴，市長再加碼500份雞排。 ▪ 經典賽即時新聞 ▪ 最新比分與完整賽程 ▪ 預賽分組戰績表 ▪ 經典賽專欄分析 經典賽WBC集氣蔣萬安林奕華柳采葳徐弘庭李明賢張斯綱                    WBC世界棒球經典賽中華隊昨晚擊敗強敵荷蘭隊，今天中午迎戰古巴隊。民進黨台中市立委何欣純昨晚賽後再加碼，再勝古巴加碼到5...                                      全民關注中華隊在世界棒球經典賽的表現，有網友發現中華隊總處於尷尬的排名，更不解「到底為什麼會這樣？」，對此許多人指出原因在於「不夠強」，還有人認為「中庸的戰力，所以只有中庸成績，也算名實相符」。                                      世界棒球經典賽，今天中午中華隊以一比七敗給古巴隊，原本今天上午發祭品文，表示中華隊贏古巴將送500份雞排的台北市長蔣萬安...                                      中華隊今天在經典賽（WBC）預賽敗給古巴隊，無緣晉級下一輪。副總統賴清德在臉書上說，「謝謝台灣隊，我永遠以身為台灣的球迷...                                      2023世界棒球經典賽（WBC）自本月8日正式開打，分別在3個國家、4個球場進行，許多球迷都湧入台中洲際棒球場替中華隊加油，而場邊的啦啦隊也受到國際關注。對此，媒體人朱凱翔回憶起過去更有氣氛的應援神器「汽笛喇叭」。                                      經典賽中華隊今仍不敵古巴，以1比7落敗。行政院長陳建仁及副院長鄭文燦賽後皆透過臉書爲選手送暖打氣。陳建仁並表示，「不管最...                  ,UDN
396,經典賽／中華隊2連勝黃偉哲祭品文兌現 再許第三勝,2023-03-12 11:23:00,運動,,https://udn.com/news/story/123423/7025831,2023年WBC世界棒球經典賽A組預賽中華隊昨晚擊敗荷蘭隊，取得二連勝，今天中午將出戰古巴，若再獲勝將晉級8強，台南市長黃偉哲在臉書推出祭品文，若再打贏古巴，加碼送100份古巴手工三明治，今天中午在市立棒球場的直播，將發放荷蘭之戰賽前的承諾，送100份文創商品。今天中午，中華隊出戰古巴，台南市體育局在統一獅台南主球場市立棒球場前盛大直播，黃偉哲說，之前戰荷蘭隊之前，他允諾中華隊若拿下二連勝，將準備100份台南的文創商品贈送，昨晚中華隊拿下二連勝，今天11時30分將在台南市立棒球場前發放「100份致勝大禮包」，包括「洋芋片、致勝點心跟啤酒」，，前一百名都能領取。黃偉哲在臉書說，歡迎球迷朋友來現場為台灣隊加油，一起關注最後一場賽事，集氣前進東京，發放時間時間：11點開始排隊、11點半發放，若台灣隊能打贏古巴，再加碼送100份古巴手工三明治。台南市體育局今天中午戶外直博中華隊出戰古巴隊，市長黃偉哲兌現第二勝送100份文創上品的承諾。記者鄭惠仁／攝影台南市體育局今天中午戶外直博中華隊出戰古巴隊，市長黃偉哲兌現第二勝送100份文創上品的承諾。記者鄭惠仁／攝影 ▪ 經典賽即時新聞 ▪ 最新比分與完整賽程 ▪ 預賽分組戰績表 ▪ 經典賽專欄分析 經典賽WBC集氣                    WBC世界棒球經典賽中華隊昨晚擊敗強敵荷蘭隊，今天中午迎戰古巴隊。民進黨台中市立委何欣純昨晚賽後再加碼，再勝古巴加碼到5...                                      全民關注中華隊在世界棒球經典賽的表現，有網友發現中華隊總處於尷尬的排名，更不解「到底為什麼會這樣？」，對此許多人指出原因在於「不夠強」，還有人認為「中庸的戰力，所以只有中庸成績，也算名實相符」。                                      世界棒球經典賽，今天中午中華隊以一比七敗給古巴隊，原本今天上午發祭品文，表示中華隊贏古巴將送500份雞排的台北市長蔣萬安...                                      中華隊今天在經典賽（WBC）預賽敗給古巴隊，無緣晉級下一輪。副總統賴清德在臉書上說，「謝謝台灣隊，我永遠以身為台灣的球迷...                                      2023世界棒球經典賽（WBC）自本月8日正式開打，分別在3個國家、4個球場進行，許多球迷都湧入台中洲際棒球場替中華隊加油，而場邊的啦啦隊也受到國際關注。對此，媒體人朱凱翔回憶起過去更有氣氛的應援神器「汽笛喇叭」。                                      經典賽中華隊今仍不敵古巴，以1比7落敗。行政院長陳建仁及副院長鄭文燦賽後皆透過臉書爲選手送暖打氣。陳建仁並表示，「不管最...                  ,UDN
397,經典賽／新竹縣今下午先發2百份勝荷雞排 打贏古巴要加碼！,2023-03-12 11:29:00,運動,,https://udn.com/news/story/123423/7025846,WBC世界棒球經典賽，昨天台灣隊擊敗荷蘭隊，舉國歡騰，立委林思銘今天早上在臉書上公布，今天下午將要於竹東戲曲公園發雞排200份，中午中華隊再戰古巴，將再加碼請吃200份贏古巴咕咕雞排。立委林為洲也在臉書上發文，贏了古巴，將在新豐鳳蓮宮請雞排200份，吃雞啃古。林思銘說，今天下午4點半開始排隊，發號碼牌，號碼牌全發完後，預計5點開始發雞排（限量200份），地點在竹東戲曲公園(竹東鎮仁愛路302號) ，一起為中華隊加油。林思銘說，中華隊今天中午12點再戰古巴，打贏古巴，將再加碼請吃200份贏古巴咕咕雞排。林為洲昨晚在臉書發文要發雞排，他在臉書上說，贏了古巴，將在新豐鳳蓮宮請雞排，吃雞啃古，預計下午4點於新竹縣新豐鄉建興路一段51巷58號發放，200份送完為止。 ▪ 經典賽即時新聞 ▪ 最新比分與完整賽程 ▪ 預賽分組戰績表 ▪ 經典賽專欄分析 經典賽WBC集氣                    WBC世界棒球經典賽中華隊昨晚擊敗強敵荷蘭隊，今天中午迎戰古巴隊。民進黨台中市立委何欣純昨晚賽後再加碼，再勝古巴加碼到5...                                      全民關注中華隊在世界棒球經典賽的表現，有網友發現中華隊總處於尷尬的排名，更不解「到底為什麼會這樣？」，對此許多人指出原因在於「不夠強」，還有人認為「中庸的戰力，所以只有中庸成績，也算名實相符」。                                      世界棒球經典賽，今天中午中華隊以一比七敗給古巴隊，原本今天上午發祭品文，表示中華隊贏古巴將送500份雞排的台北市長蔣萬安...                                      中華隊今天在經典賽（WBC）預賽敗給古巴隊，無緣晉級下一輪。副總統賴清德在臉書上說，「謝謝台灣隊，我永遠以身為台灣的球迷...                                      2023世界棒球經典賽（WBC）自本月8日正式開打，分別在3個國家、4個球場進行，許多球迷都湧入台中洲際棒球場替中華隊加油，而場邊的啦啦隊也受到國際關注。對此，媒體人朱凱翔回憶起過去更有氣氛的應援神器「汽笛喇叭」。                                      經典賽中華隊今仍不敵古巴，以1比7落敗。行政院長陳建仁及副院長鄭文燦賽後皆透過臉書爲選手送暖打氣。陳建仁並表示，「不管最...                  ,UDN
398,經典賽／祭品文加碼 何欣純：再贏古巴送500盒新鮮枇杷,2023-03-12 11:31:00,運動,,https://udn.com/news/story/123423/7025848,WBC世界棒球經典賽中華隊昨晚擊敗強敵荷蘭隊，今天中午迎戰古巴隊。民進黨台中市立委何欣純昨晚賽前發出，「你喊聲，台灣贏」贏荷蘭就送300盒新鮮枇杷，賽後再加碼「再勝古巴，台灣隊前進日本東京」加碼到新鮮送枇杷500盒，幫中華隊集氣，也幫太平區農民行銷枇杷。台灣隊昨晚出戰荷蘭，何欣純賽前發出祭品文，「你喊聲加油，今晚贏了，阿純就送枇杷乎您顧喉嚨！咱作伙幫台灣隊喊聲加油當最佳第十人」，宣布只要贏荷蘭隊，就送300盒新鮮枇杷。何欣純賽後再度發文加碼，「台灣隊贏了！9：5勝荷蘭，阿純繼續加碼，再勝古巴前進日本東京，新鮮枇杷到500盒，狂賀猛賀兼顧喉嚨」，何欣純今天強調，因現在是太平枇杷產季，幫台灣隊集氣，也協助農民行銷在地枇杷，希望所有球迷幫忙集氣，今天戰古巴再度拿下勝利。經典賽中華隊昨晚擊敗強敵荷蘭隊，立委何欣純在賽後加碼，「再勝古巴加碼到500盒「新鮮枇杷」。圖／何欣純提供 ▪ 經典賽即時新聞 ▪ 最新比分與完整賽程 ▪ 預賽分組戰績表 ▪ 經典賽專欄分析 經典賽WBC集氣                    WBC世界棒球經典賽中華隊昨晚擊敗強敵荷蘭隊，今天中午迎戰古巴隊。民進黨台中市立委何欣純昨晚賽後再加碼，再勝古巴加碼到5...                                      全民關注中華隊在世界棒球經典賽的表現，有網友發現中華隊總處於尷尬的排名，更不解「到底為什麼會這樣？」，對此許多人指出原因在於「不夠強」，還有人認為「中庸的戰力，所以只有中庸成績，也算名實相符」。                                      世界棒球經典賽，今天中午中華隊以一比七敗給古巴隊，原本今天上午發祭品文，表示中華隊贏古巴將送500份雞排的台北市長蔣萬安...                                      中華隊今天在經典賽（WBC）預賽敗給古巴隊，無緣晉級下一輪。副總統賴清德在臉書上說，「謝謝台灣隊，我永遠以身為台灣的球迷...                                      2023世界棒球經典賽（WBC）自本月8日正式開打，分別在3個國家、4個球場進行，許多球迷都湧入台中洲際棒球場替中華隊加油，而場邊的啦啦隊也受到國際關注。對此，媒體人朱凱翔回憶起過去更有氣氛的應援神器「汽笛喇叭」。                                      經典賽中華隊今仍不敵古巴，以1比7落敗。行政院長陳建仁及副院長鄭文燦賽後皆透過臉書爲選手送暖打氣。陳建仁並表示，「不管最...                  ,UDN
399,經典賽／贏荷蘭中巴大戰開打 基議員下午2點送400塊雞排,2023-03-12 11:54:00,運動,,https://udn.com/news/story/123423/7025900,世界棒球經典賽中華隊昨天以9:5擊敗荷蘭隊，基隆市議員張秉鈞今天兌現承諾，下午2點在國門廣發送400塊雞排，1點30分開始排隊。送雞排時間中華隊正在迎戰古巴隊，爭取晉級，挺進東京參加八強賽。張秉鈞在中荷大戰前表禦，只要中華隊赢荷蘭1分，他就會送出100塊雞排。中華隊最後贏了4分，所以他將免費送出400塊雞排。張秉鈞今天上午表示，發送雞排時間是下午2點，地點在國門廣場。工作人員過午就會到廣場準備，預計1點30分開始排隊，1點50分開始發號碼排，2點開始發送雞排。 ▪ 經典賽即時新聞 ▪ 最新比分與完整賽程 ▪ 預賽分組戰績表 ▪ 經典賽專欄分析 經典賽WBC集氣                    WBC世界棒球經典賽中華隊昨晚擊敗強敵荷蘭隊，今天中午迎戰古巴隊。民進黨台中市立委何欣純昨晚賽後再加碼，再勝古巴加碼到5...                                      全民關注中華隊在世界棒球經典賽的表現，有網友發現中華隊總處於尷尬的排名，更不解「到底為什麼會這樣？」，對此許多人指出原因在於「不夠強」，還有人認為「中庸的戰力，所以只有中庸成績，也算名實相符」。                                      世界棒球經典賽，今天中午中華隊以一比七敗給古巴隊，原本今天上午發祭品文，表示中華隊贏古巴將送500份雞排的台北市長蔣萬安...                                      中華隊今天在經典賽（WBC）預賽敗給古巴隊，無緣晉級下一輪。副總統賴清德在臉書上說，「謝謝台灣隊，我永遠以身為台灣的球迷...                                      2023世界棒球經典賽（WBC）自本月8日正式開打，分別在3個國家、4個球場進行，許多球迷都湧入台中洲際棒球場替中華隊加油，而場邊的啦啦隊也受到國際關注。對此，媒體人朱凱翔回憶起過去更有氣氛的應援神器「汽笛喇叭」。                                      經典賽中華隊今仍不敵古巴，以1比7落敗。行政院長陳建仁及副院長鄭文燦賽後皆透過臉書爲選手送暖打氣。陳建仁並表示，「不管最...                  ,UDN
400,經典賽／發祭品文贏古巴送500份 侯友宜大嗑熱壓古巴三明治,2023-03-12 12:40:00,運動,,https://udn.com/news/story/123423/7025985,中華棒球隊在經典賽第一場輸給巴拿馬後，連續擊敗強敵義大利、荷蘭，今日只要再勝古巴隊就能晉級複賽。新北市長侯友宜今日發出祭品文，表示只要中華隊贏古巴，就要發送500份「熱壓三明治」，慶祝中華隊前進東京。侯友宜剛在臉書貼文表示，「說到說到！行動助攻！祭品文來了！」今天午餐已經把一整份熱壓古巴三明治吃光光，現在只要中華隊贏了古巴，晉級八強前進東京，自己就要發放500份『熱壓』三明治慶祝。侯友宜希望跟全台民眾一起集氣，他說，「讓我們一起熱壓古巴，拿下壓到性勝利！！！中華隊加油！」 ▪ 經典賽即時新聞 ▪ 最新比分與完整賽程 ▪ 預賽分組戰績表 ▪ 經典賽專欄分析 經典賽WBC集氣                    WBC世界棒球經典賽中華隊昨晚擊敗強敵荷蘭隊，今天中午迎戰古巴隊。民進黨台中市立委何欣純昨晚賽後再加碼，再勝古巴加碼到5...                                      全民關注中華隊在世界棒球經典賽的表現，有網友發現中華隊總處於尷尬的排名，更不解「到底為什麼會這樣？」，對此許多人指出原因在於「不夠強」，還有人認為「中庸的戰力，所以只有中庸成績，也算名實相符」。                                      世界棒球經典賽，今天中午中華隊以一比七敗給古巴隊，原本今天上午發祭品文，表示中華隊贏古巴將送500份雞排的台北市長蔣萬安...                                      中華隊今天在經典賽（WBC）預賽敗給古巴隊，無緣晉級下一輪。副總統賴清德在臉書上說，「謝謝台灣隊，我永遠以身為台灣的球迷...                                      2023世界棒球經典賽（WBC）自本月8日正式開打，分別在3個國家、4個球場進行，許多球迷都湧入台中洲際棒球場替中華隊加油，而場邊的啦啦隊也受到國際關注。對此，媒體人朱凱翔回憶起過去更有氣氛的應援神器「汽笛喇叭」。                                      經典賽中華隊今仍不敵古巴，以1比7落敗。行政院長陳建仁及副院長鄭文燦賽後皆透過臉書爲選手送暖打氣。陳建仁並表示，「不管最...                  ,UDN
401,經典賽／中華隊勢如破竹戰古巴 高虹安發雞排：大力啃「古」,2023-03-12 12:49:00,運動,,https://udn.com/news/story/123423/7026006,世界棒球經典賽首輪A組預賽，中華隊比賽表現佳，連勝義大利與荷蘭隊，今天進入最後一天賽程，中華隊於中午出戰「紅色閃電」古巴隊，新竹市長高虹安中午在新竹火車站前廣場發送200份雞排，同時呼籲球迷們大口吃雞啃骨（古），希望中午就能贏得對古巴的勝利。高虹安說，昨晚在站前廣場的直播派對，湧入超過5000名球迷，台灣隊不負眾望打贏實力強勁的荷蘭，大家真的太開心了，因此在8局時她就許願，若中華隊贏荷蘭，就送200份雞排。至於為何發雞排，高虹安說，她原本也有考慮發貢丸米粉，但最後仍決定吃雞啃骨（古），讓球迷啃骨頭啃大力一點，因為要打敗古巴！而雞排店也是竹市在地店家，希望推展在地美食給大家認識，世界棒球經典賽今天進入最後一天賽程，中華隊於中午出戰「紅色閃電」古巴隊，新竹市長高虹安中午在新竹火車站前廣場發送200份雞排，同時呼籲球迷們大口吃雞啃骨（古）。記者王駿杰／攝影 ▪ 經典賽即時新聞 ▪ 最新比分與完整賽程 ▪ 預賽分組戰績表 ▪ 經典賽專欄分析 經典賽WBC集氣                    WBC世界棒球經典賽中華隊昨晚擊敗強敵荷蘭隊，今天中午迎戰古巴隊。民進黨台中市立委何欣純昨晚賽後再加碼，再勝古巴加碼到5...                                      全民關注中華隊在世界棒球經典賽的表現，有網友發現中華隊總處於尷尬的排名，更不解「到底為什麼會這樣？」，對此許多人指出原因在於「不夠強」，還有人認為「中庸的戰力，所以只有中庸成績，也算名實相符」。                                      世界棒球經典賽，今天中午中華隊以一比七敗給古巴隊，原本今天上午發祭品文，表示中華隊贏古巴將送500份雞排的台北市長蔣萬安...                                      中華隊今天在經典賽（WBC）預賽敗給古巴隊，無緣晉級下一輪。副總統賴清德在臉書上說，「謝謝台灣隊，我永遠以身為台灣的球迷...                                      2023世界棒球經典賽（WBC）自本月8日正式開打，分別在3個國家、4個球場進行，許多球迷都湧入台中洲際棒球場替中華隊加油，而場邊的啦啦隊也受到國際關注。對此，媒體人朱凱翔回憶起過去更有氣氛的應援神器「汽笛喇叭」。                                      經典賽中華隊今仍不敵古巴，以1比7落敗。行政院長陳建仁及副院長鄭文燦賽後皆透過臉書爲選手送暖打氣。陳建仁並表示，「不管最...                  ,UDN
402,經典賽／范雲轟古巴請吃200份雞排 傅崐萁也要對賭500杯珍奶,2023-03-12 12:55:00,運動,,https://udn.com/news/story/123423/7026031,世界棒球經典賽台灣隊接連擊敗義大利與荷蘭，今天中午對上古巴力拚前進東京巨蛋，民進黨立委范雲、國民黨立委傅崐萁接連發出祭品文，范雲表示為了「轟古巴、進東京」要請吃200份雞排；傅崐萁則說，如果今天中華隊贏下古巴，身為資深球迷的他就發放500杯珍奶慶祝。2023年世界棒球經典賽A組賽事在台中洲際棒球場登場，台灣隊在首戰不敵巴拿馬，接連2天卻連續擊敗義大利與荷蘭，保有晉級的機會，今天中午打古巴如果拿勝，就能以分組第一晉級8強複賽，正式前進東京巨蛋。范雲今天在臉書以「范雲Team TAIWAN，范雲挺台灣」為題發文表示，范雲的祭品文來了，「舉起你的左手，安打啦安打；舉起你的右手，全壘打全壘打」，請跟她一起氣「轟古巴、進東京」，如果台灣隊能夠挺進東京，自己就請吃200份雞排。傅崐萁也在臉書以「力挺中華隊，中華隊前進東京，背水一戰」為題發文指出，中華隊在今天中午將對上強敵古巴，「這場比賽一定要贏，我們才能夠晉級到複賽」。傅崐萁還說，身為資深球迷加上一日飲料店長，自己一定要獻上祭品文，如果今天中華隊贏下古巴，他就發放500杯珍奶慶祝，請大家一起為中華隊加油。 ▪ 經典賽即時新聞 ▪ 最新比分與完整賽程 ▪ 預賽分組戰績表 ▪ 經典賽專欄分析 經典賽WBC集氣                    WBC世界棒球經典賽中華隊昨晚擊敗強敵荷蘭隊，今天中午迎戰古巴隊。民進黨台中市立委何欣純昨晚賽後再加碼，再勝古巴加碼到5...                                      全民關注中華隊在世界棒球經典賽的表現，有網友發現中華隊總處於尷尬的排名，更不解「到底為什麼會這樣？」，對此許多人指出原因在於「不夠強」，還有人認為「中庸的戰力，所以只有中庸成績，也算名實相符」。                                      世界棒球經典賽，今天中午中華隊以一比七敗給古巴隊，原本今天上午發祭品文，表示中華隊贏古巴將送500份雞排的台北市長蔣萬安...                                      中華隊今天在經典賽（WBC）預賽敗給古巴隊，無緣晉級下一輪。副總統賴清德在臉書上說，「謝謝台灣隊，我永遠以身為台灣的球迷...                                      2023世界棒球經典賽（WBC）自本月8日正式開打，分別在3個國家、4個球場進行，許多球迷都湧入台中洲際棒球場替中華隊加油，而場邊的啦啦隊也受到國際關注。對此，媒體人朱凱翔回憶起過去更有氣氛的應援神器「汽笛喇叭」。                                      經典賽中華隊今仍不敵古巴，以1比7落敗。行政院長陳建仁及副院長鄭文燦賽後皆透過臉書爲選手送暖打氣。陳建仁並表示，「不管最...                  ,UDN
403,經典賽／若勝古巴隊 屏市長周佳琪、議員黃明賢送雞排,2023-03-12 12:58:00,運動,,https://udn.com/news/story/123423/7026033,中華棒球隊在經典賽第一場輸給巴拿馬後，連續擊敗強敵義大利、荷蘭，今只要再勝古巴隊就能晉級複賽。屏東市長國民黨籍周佳琪今在臉書發祭品文，經典賽打敗古巴隊，周佳琪請大家吃200份雞排。藍營縣議員黃明賢也在臉書響應，加碼100份，邀請大家一起為中華隊集氣。周佳琪在臉書發文說，希望中華隊延續力克義大利，痛擊荷蘭隊的士氣，全台中午集氣，打敗古巴隊，請大家吃雞排200份雞排。國民黨屏東縣議員黃明賢也在臉書發文響應，周佳琪的雞排祭品文，他再加碼100份雞排，與大家一起分享。國民黨屏東縣議員黃明賢今在臉書加碼響應屏東市長周佳琪，若勝古巴，加碼一百份雞排。圖／取自黃明賢臉書 ▪ 經典賽即時新聞 ▪ 最新比分與完整賽程 ▪ 預賽分組戰績表 ▪ 經典賽專欄分析 經典賽WBC集氣                    WBC世界棒球經典賽中華隊昨晚擊敗強敵荷蘭隊，今天中午迎戰古巴隊。民進黨台中市立委何欣純昨晚賽後再加碼，再勝古巴加碼到5...                                      全民關注中華隊在世界棒球經典賽的表現，有網友發現中華隊總處於尷尬的排名，更不解「到底為什麼會這樣？」，對此許多人指出原因在於「不夠強」，還有人認為「中庸的戰力，所以只有中庸成績，也算名實相符」。                                      世界棒球經典賽，今天中午中華隊以一比七敗給古巴隊，原本今天上午發祭品文，表示中華隊贏古巴將送500份雞排的台北市長蔣萬安...                                      中華隊今天在經典賽（WBC）預賽敗給古巴隊，無緣晉級下一輪。副總統賴清德在臉書上說，「謝謝台灣隊，我永遠以身為台灣的球迷...                                      2023世界棒球經典賽（WBC）自本月8日正式開打，分別在3個國家、4個球場進行，許多球迷都湧入台中洲際棒球場替中華隊加油，而場邊的啦啦隊也受到國際關注。對此，媒體人朱凱翔回憶起過去更有氣氛的應援神器「汽笛喇叭」。                                      經典賽中華隊今仍不敵古巴，以1比7落敗。行政院長陳建仁及副院長鄭文燦賽後皆透過臉書爲選手送暖打氣。陳建仁並表示，「不管最...                  ,UDN
404,經典賽／中市「連勝文」 中華隊贏越多雞排、飲料加不停,2023-03-12 12:58:00,運動,,https://udn.com/news/story/123423/7026038,台中天氣好好，中午12點球迷齊聚市府廣場看中華對與古巴大戰，不少是一家人推娃娃車進場，帶野餐墊席地而坐。場邊有立委江啟臣與市議員應援團，為中華隊贏義大利、荷蘭二連勝發雞排、飲料。市府廣場沒到11點就大排長龍，領號碼牌等雞排與飲料。不少球迷全家開心吃「博士雞排」及台中多家手搖飲，還有寵物小狗迫不及待，聞著主人手上的雞排，躍躍欲試。江啟臣與國民黨議員們說，中華隊如果贏古巴，雞排跟飲料加碼發！大喊「捍衛主場、前進東京」。12點開賽，螢幕上播放地主隊國旗歌，熱血球迷高舉國旗，展現地主隊的氣勢，希望贏古巴、前進東京。中華隊球迷一家人到市府看轉播，開心領雞排和飲料。記者陳秋雲/攝影熱血球迷舉起國旗，為中華隊加油！記者陳秋雲/攝影中華隊球迷帶愛犬領雞排，小狗拚命嗅美食，可愛模樣惹笑眾人。記者陳秋雲/攝影熱血球迷舉起國旗，為中華隊加油！記者陳秋雲/攝影台中市立委江啓臣（中）與多位議員左起楊大鋐、李文傑、國民黨副發言人廖偉翔、黃健豪、陳政顯、吳瓊華、羅廷瑋、吳振嘉為中華隊應援。記者陳秋雲/攝影台中市議員黃健豪（右）與國民黨副發言人廖偉翔協助發飲料。記者陳秋雲/攝影 ▪ 經典賽即時新聞 ▪ 最新比分與完整賽程 ▪ 預賽分組戰績表 ▪ 經典賽專欄分析 經典賽WBC集氣                    WBC世界棒球經典賽中華隊昨晚擊敗強敵荷蘭隊，今天中午迎戰古巴隊。民進黨台中市立委何欣純昨晚賽後再加碼，再勝古巴加碼到5...                                      全民關注中華隊在世界棒球經典賽的表現，有網友發現中華隊總處於尷尬的排名，更不解「到底為什麼會這樣？」，對此許多人指出原因在於「不夠強」，還有人認為「中庸的戰力，所以只有中庸成績，也算名實相符」。                                      世界棒球經典賽，今天中午中華隊以一比七敗給古巴隊，原本今天上午發祭品文，表示中華隊贏古巴將送500份雞排的台北市長蔣萬安...                                      中華隊今天在經典賽（WBC）預賽敗給古巴隊，無緣晉級下一輪。副總統賴清德在臉書上說，「謝謝台灣隊，我永遠以身為台灣的球迷...                                      2023世界棒球經典賽（WBC）自本月8日正式開打，分別在3個國家、4個球場進行，許多球迷都湧入台中洲際棒球場替中華隊加油，而場邊的啦啦隊也受到國際關注。對此，媒體人朱凱翔回憶起過去更有氣氛的應援神器「汽笛喇叭」。                                      經典賽中華隊今仍不敵古巴，以1比7落敗。行政院長陳建仁及副院長鄭文燦賽後皆透過臉書爲選手送暖打氣。陳建仁並表示，「不管最...                  ,UDN
405,影／戰古巴拚8強 蔡英文振臂高呼中華隊加油 陳建仁也盼前進東京,2023-03-12 13:13:00,運動,,https://udn.com/news/story/123423/7026078,2023年世界棒球經典賽，中華代表隊接連擊敗義大利與荷蘭隊，若擊敗古巴隊就能拿到8強門票。蔡英文總統、行政院長陳建仁今到南投參加植樹活動時談到棒球，蔡英文振臂高喊「中華隊加油」，陳建仁則盼能戰勝古巴，前進東京。中華代表隊在經典賽首戰雖敗給巴拿馬，但接連2天力克義大利及荷蘭，我國隊上第4棒的一壘手張育成更是連兩場開轟，蔡英文、陳建仁昨晚都在臉書發文，並搭上近期最熱門的「敬禮梗」向選手致敬，兩人今天也再為中華隊加油。蔡英文總統、陳建仁今到南投草屯鳥嘴潭參加「森活圈」植樹活動，陳建仁活動前受訪表示，昨天全程看完比賽，很希望今天能夠戰勝古巴，讓中華隊能夠前進東京，繼續爭取更好的佳績，所有國人同胞一起集氣，為選手加油，中華隊加油。蔡英文則是在活動結束，要離開前聽到媒體提問「要不要為中華隊加油」，她開心的舉起右手握拳振臂高呼「中華隊加油」，隨後在大批維安人員的簇擁下離去。 ▪ 經典賽即時新聞 ▪ 最新比分與完整賽程 ▪ 預賽分組戰績表 ▪ 經典賽專欄分析 經典賽WBC集氣                    WBC世界棒球經典賽中華隊昨晚擊敗強敵荷蘭隊，今天中午迎戰古巴隊。民進黨台中市立委何欣純昨晚賽後再加碼，再勝古巴加碼到5...                                      全民關注中華隊在世界棒球經典賽的表現，有網友發現中華隊總處於尷尬的排名，更不解「到底為什麼會這樣？」，對此許多人指出原因在於「不夠強」，還有人認為「中庸的戰力，所以只有中庸成績，也算名實相符」。                                      世界棒球經典賽，今天中午中華隊以一比七敗給古巴隊，原本今天上午發祭品文，表示中華隊贏古巴將送500份雞排的台北市長蔣萬安...                                      中華隊今天在經典賽（WBC）預賽敗給古巴隊，無緣晉級下一輪。副總統賴清德在臉書上說，「謝謝台灣隊，我永遠以身為台灣的球迷...                                      2023世界棒球經典賽（WBC）自本月8日正式開打，分別在3個國家、4個球場進行，許多球迷都湧入台中洲際棒球場替中華隊加油，而場邊的啦啦隊也受到國際關注。對此，媒體人朱凱翔回憶起過去更有氣氛的應援神器「汽笛喇叭」。                                      經典賽中華隊今仍不敵古巴，以1比7落敗。行政院長陳建仁及副院長鄭文燦賽後皆透過臉書爲選手送暖打氣。陳建仁並表示，「不管最...                  ,UDN
406,經典賽／好想贏古巴！ 祭品文待兌現 總整理一次查,2023-03-12 13:18:00,運動,,https://udn.com/news/story/123423/7026083,世界棒球經典賽中華隊今天中午出戰古巴隊，政治人物紛紛開出祭品文「支票」，為中華隊集氣，若贏古巴就請客，民眾期待兌現。聯合新聞網整理相關資訊，提供讀者查詢。●蔣萬安：500份雞排●侯友宜：500份熱壓三明治●黃偉哲：100份古巴手工三明治●林為洲：200份雞排時間：今天下午16:00地點：新豐鳳蓮宮（新竹縣新豐鄉建興路一段51巷58號）●林思銘：200份雞排時間：今天下午16:30開始排隊，發號碼牌，號碼牌全發完後，17:00開始發雞排。地點：竹東戲曲公園（新竹縣竹東鎮仁愛路302號）●范雲：200份雞排●傅崐萁：500杯珍奶●何欣純：枇杷（贏荷蘭300盒，贏古巴加碼到500盒）●彰化縣政府：600份爌肉飯（溪湖阿讚爌肉飯300份、彰化阿章爌肉飯300份）+400份肉圓（阿璋肉圓）+400杯紅茶（85度C彰化市和平店）●台南市議員蔡育輝：500份雞（豬）排地點：新營民治議會●屏東市長周佳琪：200份雞排●屏東縣議員黃明賢：100份雞排●高雄市議員黃捷：100份全家「林襄三明治 」●屏東縣萬丹鄉《幸福紅豆餅》：1000份紅豆餅地點：屏東縣萬丹鄉中興路二段533號以上資訊僅為預告訊息，中華隊若贏古巴，將進一步公布索取的時間、地點。2023世界棒球經典賽中華隊與古巴之戰。記者余承翰／攝影 ▪ 經典賽即時新聞 ▪ 最新比分與完整賽程 ▪ 預賽分組戰績表 ▪ 經典賽專欄分析 經典賽WBC集氣                    WBC世界棒球經典賽中華隊昨晚擊敗強敵荷蘭隊，今天中午迎戰古巴隊。民進黨台中市立委何欣純昨晚賽後再加碼，再勝古巴加碼到5...                                      全民關注中華隊在世界棒球經典賽的表現，有網友發現中華隊總處於尷尬的排名，更不解「到底為什麼會這樣？」，對此許多人指出原因在於「不夠強」，還有人認為「中庸的戰力，所以只有中庸成績，也算名實相符」。                                      世界棒球經典賽，今天中午中華隊以一比七敗給古巴隊，原本今天上午發祭品文，表示中華隊贏古巴將送500份雞排的台北市長蔣萬安...                                      中華隊今天在經典賽（WBC）預賽敗給古巴隊，無緣晉級下一輪。副總統賴清德在臉書上說，「謝謝台灣隊，我永遠以身為台灣的球迷...                                      2023世界棒球經典賽（WBC）自本月8日正式開打，分別在3個國家、4個球場進行，許多球迷都湧入台中洲際棒球場替中華隊加油，而場邊的啦啦隊也受到國際關注。對此，媒體人朱凱翔回憶起過去更有氣氛的應援神器「汽笛喇叭」。                                      經典賽中華隊今仍不敵古巴，以1比7落敗。行政院長陳建仁及副院長鄭文燦賽後皆透過臉書爲選手送暖打氣。陳建仁並表示，「不管最...                  ,UDN
407,經典賽／兌現祭品文 彰化縣府廣場湧千餘人 頂烈日領肉圓爌肉飯,2023-03-12 13:19:00,運動,,https://udn.com/news/story/123423/7026090,2023世界經典棒球賽，彰化縣政府廣場的直播現場，今天中午持續免費發放千份爌肉飯、肉圓給民眾，有人從早上8點就前往排隊，估計隊伍長達300公尺，人數約1500人，縣長王惠美也再度到場與民眾一起為中華加油，並強調如果中華隊再度贏球，縣府與業者仍會持續發放。在中華隊昨晚以9比5打敗荷蘭後，在直播現場觀戰的縣長王惠美表示，縣府原本的承諾不變，在今天中午對古巴之戰，縣府仍將提供600份的爌肉飯，由在地店家溪湖阿讚爌肉飯提300份及彰化阿章爌肉飯300份，且在地肉圓排隊名店阿璋肉圓繼昨晚免費400份肉圓後，今天中午也再加碼400份肉圓，85度C彰化市和平店再加碼400份紅茶，一起為中華隊加油。肉圓、爌肉飯及紅茶是從中午十二時準備發放，很多民眾一大早就趕往排隊，隊伍繞了縣府廣場一大圈，長度約300公尺，人數更約1500人，比起昨晚還要熱烈，由於今天天氣有點熱，很多民眾頂著太陽，有的則是撐著傘，顯得十分辛苦。在直播現場觀戰的縣長王惠美表示，縣府原本的承諾不變，只要今天打敗古巴，明天中午縣府仍將提供600份的爌肉飯，將由在地店家溪湖阿讚爌肉飯提供300份爌肉飯，彰化阿章爌肉飯也提供300份，阿璋肉圓也同意再加碼400份肉圓，85度C彰化市和平店再加碼400份紅茶，一起為中華隊加油。棒球經典賽中華對古巴，彰化縣府廣場今天中午直播現場發放爌肉飯、肉圓，縣長王惠美到場發放。記者劉明岩／攝影棒球經典賽中華對古巴，彰化縣府廣場今天中午直播現場發放爌肉飯、肉圓，縣長王惠美（中）與贊助業者一起為中華隊加油。記者劉明岩／攝影棒球經典賽中華對古巴，彰化縣府廣場今天中午直播現場發放爌肉飯、肉圓，很多民眾冒著大太陽排隊等著領取。記者劉明岩／攝影棒球經典賽中華對古巴，彰化縣府廣場今天中午直播現場發放爌肉飯、肉圓，很多民眾冒著大太陽排隊等著領取。記者劉明岩／攝影棒球經典賽中華對古巴，彰化縣府廣場今天中午直播現場，縣長王惠美到場與民眾一起為中華隊加油。記者劉明岩／攝影棒球經典賽中華對古巴，彰化縣府廣場今天中午直播現場發放爌肉飯、肉圓，很多民眾冒著大太陽排隊等著領取。記者劉明岩／攝影棒球經典賽中華對古巴，彰化縣府廣場今天中午直播現場發放爌肉飯、肉圓，縣長王惠美到場發放。記者劉明岩／攝影棒球經典賽中華對古巴，彰化縣府廣場今天中午直播現場發放爌肉飯、肉圓，很多民眾冒著大太陽排隊等著領取。記者劉明岩／攝影 ▪ 經典賽即時新聞 ▪ 最新比分與完整賽程 ▪ 預賽分組戰績表 ▪ 經典賽專欄分析 經典賽WBC集氣                    WBC世界棒球經典賽中華隊昨晚擊敗強敵荷蘭隊，今天中午迎戰古巴隊。民進黨台中市立委何欣純昨晚賽後再加碼，再勝古巴加碼到5...                                      全民關注中華隊在世界棒球經典賽的表現，有網友發現中華隊總處於尷尬的排名，更不解「到底為什麼會這樣？」，對此許多人指出原因在於「不夠強」，還有人認為「中庸的戰力，所以只有中庸成績，也算名實相符」。                                      世界棒球經典賽，今天中午中華隊以一比七敗給古巴隊，原本今天上午發祭品文，表示中華隊贏古巴將送500份雞排的台北市長蔣萬安...                                      中華隊今天在經典賽（WBC）預賽敗給古巴隊，無緣晉級下一輪。副總統賴清德在臉書上說，「謝謝台灣隊，我永遠以身為台灣的球迷...                                      2023世界棒球經典賽（WBC）自本月8日正式開打，分別在3個國家、4個球場進行，許多球迷都湧入台中洲際棒球場替中華隊加油，而場邊的啦啦隊也受到國際關注。對此，媒體人朱凱翔回憶起過去更有氣氛的應援神器「汽笛喇叭」。                                      經典賽中華隊今仍不敵古巴，以1比7落敗。行政院長陳建仁及副院長鄭文燦賽後皆透過臉書爲選手送暖打氣。陳建仁並表示，「不管最...                  ,UDN
408,經典賽／勝荷蘭...萬丹幸福紅豆餅老闆今狂送1千份 勝古巴再加碼,2023-03-12 13:41:00,運動,,https://udn.com/news/story/123423/7026141,2023世界經典棒球賽，昨晚中華隊以9比5力克荷蘭，屏東縣萬丹鄉《幸福紅豆餅》老闆施建民很開心，免費發1000份紅豆餅慶祝二連勝，若今天贏古巴隊，他說，將會再加碼1000份。「大家歡喜！爽啦！」幸福紅豆餅老闆施建民豪氣說，支持中華隊，昨贏荷蘭二連勝，決定發一千份紅豆餅給大家，今天若贏古巴隊將繼續加碼1000份，也能推廣萬丹紅豆。萬丹鄉《幸福紅豆餅》老闆施建民說，店內是由萬丹40個小農組成，經過井仔頭社區輔導，使用友善環境契作紅豆，品質好，價格也便宜，平常1顆賣10元，有3種口味，紅豆、奶油、豆奶。免費提供1千份共兩千顆紅豆餅，口味有紅豆、奶油，成本約1萬多元。今天下午1點過後，陸續有民眾獲悉後，紛紛到幸福紅豆餅來領免費紅豆餅，大家也一起喊著「中華隊加油！」來領的民眾說，「老闆很佛心！」紅豆餅熱騰騰剛出爐。也有民眾要到店內買紅豆餅，才知道有免費贈送，相當驚喜。幸福紅豆餅在屏東縣萬丹鄉中興路二段533號。根據農糧署資料，紅豆是高屏地區重要裡作經濟作物，每年約10月種植，採收期為12月至翌年2月，2019年全台種植面積約6300公頃，高屏地區占全台98%，其中以屏東萬丹地區1500公頃最多。屏東縣萬丹鄉幸福紅豆餅的員工們忙著製作紅豆餅要送給大家。記者劉星君／攝影屏東縣萬丹鄉幸福紅豆餅的員工們忙著製作紅豆餅要送給大家。記者劉星君／攝影屏東縣萬丹鄉幸福紅豆餅歡慶中華隊贏得球賽，今天下午1點後免費提供1千份紅豆餅給大家。記者劉星君／攝影老闆施建民（左一）發紅豆餅給民眾。記者劉星君／攝影ㄒ ▪ 經典賽即時新聞 ▪ 最新比分與完整賽程 ▪ 預賽分組戰績表 ▪ 經典賽專欄分析 經典賽WBC集氣                    WBC世界棒球經典賽中華隊昨晚擊敗強敵荷蘭隊，今天中午迎戰古巴隊。民進黨台中市立委何欣純昨晚賽後再加碼，再勝古巴加碼到5...                                      全民關注中華隊在世界棒球經典賽的表現，有網友發現中華隊總處於尷尬的排名，更不解「到底為什麼會這樣？」，對此許多人指出原因在於「不夠強」，還有人認為「中庸的戰力，所以只有中庸成績，也算名實相符」。                                      世界棒球經典賽，今天中午中華隊以一比七敗給古巴隊，原本今天上午發祭品文，表示中華隊贏古巴將送500份雞排的台北市長蔣萬安...                                      中華隊今天在經典賽（WBC）預賽敗給古巴隊，無緣晉級下一輪。副總統賴清德在臉書上說，「謝謝台灣隊，我永遠以身為台灣的球迷...                                      2023世界棒球經典賽（WBC）自本月8日正式開打，分別在3個國家、4個球場進行，許多球迷都湧入台中洲際棒球場替中華隊加油，而場邊的啦啦隊也受到國際關注。對此，媒體人朱凱翔回憶起過去更有氣氛的應援神器「汽笛喇叭」。                                      經典賽中華隊今仍不敵古巴，以1比7落敗。行政院長陳建仁及副院長鄭文燦賽後皆透過臉書爲選手送暖打氣。陳建仁並表示，「不管最...                  ,UDN
409,經典賽／比啦啦隊更經典！台式應援令外國人讚嘆 球迷憶「百元神器」,2023-03-12 16:17:00,運動,,https://udn.com/news/story/123423/7026343,2023世界棒球經典賽（WBC）自本月8日正式開打，分別在3個國家、4個球場進行，許多球迷都湧入台中洲際棒球場替中華隊加油，而場邊的啦啦隊也受到國際關注。對此，媒體人朱凱翔回憶起過去更有氣氛的應援神器「汽笛喇叭」。朱凱翔昨（11）日在臉書粉專「不演了新聞台」上發文，指出不少外國人對「台式應援」嘖嘖稱奇。然而，朱凱翔回憶起早年台灣棒球賽事的熱鬧氛圍，球迷可以攜帶汽笛喇叭進場應援，一罐售價只要100元，「一場噴光一罐的年代耶！」貼文底下吸引大量回應，不少網友紛紛表示，「他們一定沒看過當年江大帥打著赤膊，帶領象迷按汽笛喇叭的盛況」、「還有江大帥帶關刀進場喊『挫起來』」、「看電視轉播都能強烈感受現場熱情氛圍」、「早年中華職棒特色：汽笛喇叭、保特瓶、塑膠椅」、「我一直很納悶選舉場跟棒球場，誰先出現汽笛喇叭？」、「這才是經典啊」。還有網友提到，「真的，整場看完耳朵快受不了」、「看完球賽躺在床上，整晚都還有幻聽現象」、「看完一場球賽，耳朵都快聾了」、「看一場比賽出來都耳鳴」、「龍象大戰（味全龍和中信兄弟）必用，隔著螢幕看轉播都替現場球迷的耳朵感到擔心」、「連我這一日球迷都對汽笛喇叭有印象，一直『叭叭叭』實在是太深刻了」。 ▪ 經典賽即時新聞 ▪ 最新比分與完整賽程 ▪ 預賽分組戰績表 ▪ 經典賽專欄分析 經典賽WBC集氣WBC中華隊啦啦隊                    WBC世界棒球經典賽中華隊昨晚擊敗強敵荷蘭隊，今天中午迎戰古巴隊。民進黨台中市立委何欣純昨晚賽後再加碼，再勝古巴加碼到5...                                      全民關注中華隊在世界棒球經典賽的表現，有網友發現中華隊總處於尷尬的排名，更不解「到底為什麼會這樣？」，對此許多人指出原因在於「不夠強」，還有人認為「中庸的戰力，所以只有中庸成績，也算名實相符」。                                      世界棒球經典賽，今天中午中華隊以一比七敗給古巴隊，原本今天上午發祭品文，表示中華隊贏古巴將送500份雞排的台北市長蔣萬安...                                      中華隊今天在經典賽（WBC）預賽敗給古巴隊，無緣晉級下一輪。副總統賴清德在臉書上說，「謝謝台灣隊，我永遠以身為台灣的球迷...                                      2023世界棒球經典賽（WBC）自本月8日正式開打，分別在3個國家、4個球場進行，許多球迷都湧入台中洲際棒球場替中華隊加油，而場邊的啦啦隊也受到國際關注。對此，媒體人朱凱翔回憶起過去更有氣氛的應援神器「汽笛喇叭」。                                      經典賽中華隊今仍不敵古巴，以1比7落敗。行政院長陳建仁及副院長鄭文燦賽後皆透過臉書爲選手送暖打氣。陳建仁並表示，「不管最...                  ,UDN
410,經典賽／中華隊憾不敵古巴 陳建仁、鄭文燦：永遠是台灣的驕傲,2023-03-12 16:01:00,運動,,https://udn.com/news/story/123423/7026354,經典賽中華隊今仍不敵古巴，以1比7落敗。行政院長陳建仁及副院長鄭文燦賽後皆透過臉書爲選手送暖打氣。陳建仁並表示，「不管最後勝負為何，你們永遠都是台灣的驕傲，我們永遠都以台灣為榮！」陳建仁稍早透過臉書表示，謝謝所有代表台灣的選手，你們的拚戰精神，讓球迷再次燃起熱情，讓國人再次團結一心，不管最後勝負為何，你們永遠都是台灣的驕傲，我們永遠都以台灣為榮。鄭文燦也表示，無論如何，謝謝台灣英雄給了大家力量、希望，「讓世界看到我們是個堅韌不屈、永不放棄的國家！」 ▪ 經典賽即時新聞 ▪ 最新比分與完整賽程 ▪ 預賽分組戰績表 ▪ 經典賽專欄分析 經典賽WBC集氣                    WBC世界棒球經典賽中華隊昨晚擊敗強敵荷蘭隊，今天中午迎戰古巴隊。民進黨台中市立委何欣純昨晚賽後再加碼，再勝古巴加碼到5...                                      全民關注中華隊在世界棒球經典賽的表現，有網友發現中華隊總處於尷尬的排名，更不解「到底為什麼會這樣？」，對此許多人指出原因在於「不夠強」，還有人認為「中庸的戰力，所以只有中庸成績，也算名實相符」。                                      世界棒球經典賽，今天中午中華隊以一比七敗給古巴隊，原本今天上午發祭品文，表示中華隊贏古巴將送500份雞排的台北市長蔣萬安...                                      中華隊今天在經典賽（WBC）預賽敗給古巴隊，無緣晉級下一輪。副總統賴清德在臉書上說，「謝謝台灣隊，我永遠以身為台灣的球迷...                                      2023世界棒球經典賽（WBC）自本月8日正式開打，分別在3個國家、4個球場進行，許多球迷都湧入台中洲際棒球場替中華隊加油，而場邊的啦啦隊也受到國際關注。對此，媒體人朱凱翔回憶起過去更有氣氛的應援神器「汽笛喇叭」。                                      經典賽中華隊今仍不敵古巴，以1比7落敗。行政院長陳建仁及副院長鄭文燦賽後皆透過臉書爲選手送暖打氣。陳建仁並表示，「不管最...                  ,UDN
411,經典賽／為何中華隊總處尷尬排名？  網指關鍵：就是不夠強,2023-03-12 17:23:00,運動,,https://udn.com/news/story/123423/7026397,全民關注中華隊在世界棒球經典賽的表現，有網友發現中華隊總處於尷尬的排名，更不解「到底為什麼會這樣？」，對此許多人指出原因在於「不夠強」，還有人認為「中庸的戰力，所以只有中庸成績，也算名實相符」。有網友在PTT發文表示，中華隊歷屆以來總處於尷尬的排名，包括2013年台日大戰、2019年進入12強，連今年的荷蘭隊雖戰敗，地位卻比中華隊還穩，對此原PO不解「因為贏強隊的價值不如贏弱隊嗎？還是因為戰績若相同，會先比對戰成績後，再比較失分率跟防禦率，所以投手少失一點分比較重要的關係？」，更嘆「到底為什麼會這樣呢？」許多網友紛紛表示「不夠強」，「硬實力不夠」、「實力不夠啊，你看日本比了3場還有這煩惱嗎」、「不夠強，實力太不穩定」、「不夠強才會覺得尷尬阿，但又不是最爛」；還有人認為「第一場輸太難看」、「第一場調度正常，失分就不會這麼尷尬了」、「第一場亂派投手害的」。其他人留言，「就中庸的戰力，所以只有中庸的成績啊，也算名實相符了」、「中華隊在國際上評比確實就是骰子隊啊，強弱隊都能贏能輸」、「反觀中華隊連戰休不到12小時，可用投手也比較少」、「就迷一般的球隊，能贏前幾強的，卻輸給不該輸的」、「贏球不難，最難的是調度」、「就實力不上不下啊」。 ▪ 經典賽即時新聞 ▪ 最新比分與完整賽程 ▪ 預賽分組戰績表 ▪ 經典賽專欄分析 經典賽WBC集氣WBC中華隊                    WBC世界棒球經典賽中華隊昨晚擊敗強敵荷蘭隊，今天中午迎戰古巴隊。民進黨台中市立委何欣純昨晚賽後再加碼，再勝古巴加碼到5...                                      全民關注中華隊在世界棒球經典賽的表現，有網友發現中華隊總處於尷尬的排名，更不解「到底為什麼會這樣？」，對此許多人指出原因在於「不夠強」，還有人認為「中庸的戰力，所以只有中庸成績，也算名實相符」。                                      世界棒球經典賽，今天中午中華隊以一比七敗給古巴隊，原本今天上午發祭品文，表示中華隊贏古巴將送500份雞排的台北市長蔣萬安...                                      中華隊今天在經典賽（WBC）預賽敗給古巴隊，無緣晉級下一輪。副總統賴清德在臉書上說，「謝謝台灣隊，我永遠以身為台灣的球迷...                                      2023世界棒球經典賽（WBC）自本月8日正式開打，分別在3個國家、4個球場進行，許多球迷都湧入台中洲際棒球場替中華隊加油，而場邊的啦啦隊也受到國際關注。對此，媒體人朱凱翔回憶起過去更有氣氛的應援神器「汽笛喇叭」。                                      經典賽中華隊今仍不敵古巴，以1比7落敗。行政院長陳建仁及副院長鄭文燦賽後皆透過臉書爲選手送暖打氣。陳建仁並表示，「不管最...                  ,UDN
412,經典賽／中華隊無緣晉級 賴清德：以身為台灣的球迷為榮,2023-03-12 16:41:00,運動,,https://udn.com/news/story/123423/7026413,中華隊今天在經典賽（WBC）預賽敗給古巴隊，無緣晉級下一輪。副總統賴清德在臉書上說，「謝謝台灣隊，我永遠以身為台灣的球迷為榮。」賴清德說，非常可惜，今天只差最後一步，無論如何，要向台灣英雄們表達最大的鼓勵與感謝。台灣在分組預賽一開始並不被看好，但在對義大利及荷蘭的比賽中，展現堅強的韌性，發揮年輕、拚勁的特色，才有最後與古巴一拚晉級的機會。賴清德說，義大利及荷蘭隊中有許多大聯盟現役球員，台灣可以擊敗這兩支國家隊，已經是歷次國際賽相當難得的紀錄。尤其台灣的進攻相當出色，不只張育成、鄭宗哲等旅外戰將，本土球員例如林立、陳傑憲、江坤宇、吉力吉撈鞏冠的打擊發揮也相當優異，讓台灣在分組排名上，一直保有競爭力。賴清德說，本次經典賽最熱血的時刻，首推張育成對荷蘭擊出的滿貫全壘打，全台灣的球迷這一刻都沸騰了。相信這就是台灣棒球的魅力，經由一場場的經典戰役，建立共同的群體記憶。大家覺得這次最經典的畫面，又是哪一球呢？「美好的一仗已經打過，謝謝台灣英雄們，帶給我們一場場扣人心弦的經典戰役，這是今年春天最動人的回憶。我也預祝選手們，回到母隊後都能有精彩的表現。最後，邀請球迷朋友們，持續支持台灣棒球。不論是中華職棒或是旅外球員的動態，關心與鼓勵，永遠是對球員最大的支持。」 ▪ 經典賽即時新聞 ▪ 最新比分與完整賽程 ▪ 預賽分組戰績表 ▪ 經典賽專欄分析 經典賽WBC集氣                    WBC世界棒球經典賽中華隊昨晚擊敗強敵荷蘭隊，今天中午迎戰古巴隊。民進黨台中市立委何欣純昨晚賽後再加碼，再勝古巴加碼到5...                                      全民關注中華隊在世界棒球經典賽的表現，有網友發現中華隊總處於尷尬的排名，更不解「到底為什麼會這樣？」，對此許多人指出原因在於「不夠強」，還有人認為「中庸的戰力，所以只有中庸成績，也算名實相符」。                                      世界棒球經典賽，今天中午中華隊以一比七敗給古巴隊，原本今天上午發祭品文，表示中華隊贏古巴將送500份雞排的台北市長蔣萬安...                                      中華隊今天在經典賽（WBC）預賽敗給古巴隊，無緣晉級下一輪。副總統賴清德在臉書上說，「謝謝台灣隊，我永遠以身為台灣的球迷...                                      2023世界棒球經典賽（WBC）自本月8日正式開打，分別在3個國家、4個球場進行，許多球迷都湧入台中洲際棒球場替中華隊加油，而場邊的啦啦隊也受到國際關注。對此，媒體人朱凱翔回憶起過去更有氣氛的應援神器「汽笛喇叭」。                                      經典賽中華隊今仍不敵古巴，以1比7落敗。行政院長陳建仁及副院長鄭文燦賽後皆透過臉書爲選手送暖打氣。陳建仁並表示，「不管最...                  ,UDN
413,經典賽／差一步晉級 蔣萬安謝謝中華隊：永不放棄遠遠超越勝負,2023-03-12 17:08:00,運動,,https://udn.com/news/story/123423/7026451,世界棒球經典賽，今天中午中華隊以一比七敗給古巴隊，原本今天上午發祭品文，表示中華隊贏古巴將送500份雞排的台北市長蔣萬安，下午也在臉書「謝謝中華隊」，蔣說，儘管中華隊距離晉級複賽差了一步，大家不要灰心，保持熱愛國球的心。蔣萬安說，今天中華隊與古巴之戰，曾峻岳投了2人次突流鼻血，防護員簡單幫忙塞衛生紙後，止血續投；張育成在九局仍堅持不懈，敲出長打得分。中華隊在賽場上全力奮戰、永不放棄的精神，已經遠遠超越了勝負。蔣提到，「WBC經典賽將大家的心緊緊連在一起，記住棒球帶給我們的感動，我們一起加油。」 ▪ 經典賽即時新聞 ▪ 最新比分與完整賽程 ▪ 預賽分組戰績表 ▪ 經典賽專欄分析 經典賽WBC集氣                    WBC世界棒球經典賽中華隊昨晚擊敗強敵荷蘭隊，今天中午迎戰古巴隊。民進黨台中市立委何欣純昨晚賽後再加碼，再勝古巴加碼到5...                                      全民關注中華隊在世界棒球經典賽的表現，有網友發現中華隊總處於尷尬的排名，更不解「到底為什麼會這樣？」，對此許多人指出原因在於「不夠強」，還有人認為「中庸的戰力，所以只有中庸成績，也算名實相符」。                                      世界棒球經典賽，今天中午中華隊以一比七敗給古巴隊，原本今天上午發祭品文，表示中華隊贏古巴將送500份雞排的台北市長蔣萬安...                                      中華隊今天在經典賽（WBC）預賽敗給古巴隊，無緣晉級下一輪。副總統賴清德在臉書上說，「謝謝台灣隊，我永遠以身為台灣的球迷...                                      2023世界棒球經典賽（WBC）自本月8日正式開打，分別在3個國家、4個球場進行，許多球迷都湧入台中洲際棒球場替中華隊加油，而場邊的啦啦隊也受到國際關注。對此，媒體人朱凱翔回憶起過去更有氣氛的應援神器「汽笛喇叭」。                                      經典賽中華隊今仍不敵古巴，以1比7落敗。行政院長陳建仁及副院長鄭文燦賽後皆透過臉書爲選手送暖打氣。陳建仁並表示，「不管最...                  ,UDN
414,經典賽／祭品兌現 台中明發放500盒枇杷、500份雞排,2023-03-12 20:10:00,運動,,https://udn.com/news/story/123423/7026687,WBC世界棒球經典賽中華隊昨晚擊敗強敵荷蘭隊，今天中午迎戰古巴隊。民進黨台中市立委何欣純昨晚賽後再加碼，再勝古巴加碼到500盒，雖中華隊不敵古巴，何欣純仍感謝中華隊奮戰不懈，晚間宣布照送500盒，發送時間為明天上午11時在大里、太平服務處各250盒。另外，中華民國運動彩券經銷商商業公會理事長何昱奇宣布，台灣隊贏荷蘭隊，發送500份雞排，發放時間地點為明天13日下午5時至7時，地點在公會會址台中市南區南平路35-20號。台灣隊11日晚間出戰荷蘭，何欣純賽前發出祭品文，「你喊聲加油，今晚贏了，阿純就送枇杷乎您顧喉嚨！咱作伙幫台灣隊喊聲加油當最佳第十人」，宣布只要贏荷蘭隊，就送300盒新鮮枇杷。何欣純賽後再度發文加碼，「台灣隊贏了！9:5勝荷蘭，阿純繼續加碼，再勝古巴前進日本東京，新鮮枇杷到500盒，狂賀猛賀兼顧喉嚨」，何欣純今天強調，因現在是太平枇杷產季，幫台灣隊集氣，也協助農民行銷在地枇杷，希望所有球迷幫忙集氣，今天戰古巴再度拿下勝利。比賽結果雖中華隊不敵古巴，何欣純晚間發布「感謝台灣英雄、感恩農民辛勞」，何欣純承諾500盒不打折，送新鮮枇杷到貨通知，發送時間為明天上午11時在大里、太平服務處各250盒。地點在大里、太平各250盒，何欣純大里服務處位於大里區大里路62號、何欣純太平服務處位於太平區新平路二段142號。 ▪ 經典賽即時新聞 ▪ 最新比分與完整賽程 ▪ 預賽分組戰績表 ▪ 經典賽專欄分析 經典賽WBC集氣中華隊棒球                    WBC世界棒球經典賽中華隊昨晚擊敗強敵荷蘭隊，今天中午迎戰古巴隊。民進黨台中市立委何欣純昨晚賽後再加碼，再勝古巴加碼到5...                                      全民關注中華隊在世界棒球經典賽的表現，有網友發現中華隊總處於尷尬的排名，更不解「到底為什麼會這樣？」，對此許多人指出原因在於「不夠強」，還有人認為「中庸的戰力，所以只有中庸成績，也算名實相符」。                                      世界棒球經典賽，今天中午中華隊以一比七敗給古巴隊，原本今天上午發祭品文，表示中華隊贏古巴將送500份雞排的台北市長蔣萬安...                                      中華隊今天在經典賽（WBC）預賽敗給古巴隊，無緣晉級下一輪。副總統賴清德在臉書上說，「謝謝台灣隊，我永遠以身為台灣的球迷...                                      2023世界棒球經典賽（WBC）自本月8日正式開打，分別在3個國家、4個球場進行，許多球迷都湧入台中洲際棒球場替中華隊加油，而場邊的啦啦隊也受到國際關注。對此，媒體人朱凱翔回憶起過去更有氣氛的應援神器「汽笛喇叭」。                                      經典賽中華隊今仍不敵古巴，以1比7落敗。行政院長陳建仁及副院長鄭文燦賽後皆透過臉書爲選手送暖打氣。陳建仁並表示，「不管最...                  ,UDN
415,影／MLB名人堂球星李維拉現身大甲鎮瀾宮 球迷追星瘋狂,2023-03-08 14:07:00,運動,,https://udn.com/news/story/6999/7017386,2023年世界棒球經典賽A組預賽今晚在台中洲際棒球場開打，美國職棒名人堂球星、洋基隊退役傳奇守護神李維拉將擔任開幕戰開球嘉賓，他今天中午出現在大甲鎮瀾宮，眼尖球迷看到後瘋狂追星，現場一片騷動，還有球迷興奮差點跌倒。美國職棒名人堂球星、洋基隊退役傳奇守護神李維拉（Mariano Rivera），今天和王建民相見歡後行程滿檔，中午出現在大甲鎮瀾宮，他在門口下車，立刻被球迷發現追上，他先到廟內參觀，並參拜媽祖等神明。大甲鎮瀾宮副董事長鄭銘坤引導解說，很多民眾爭著想跟李維拉握手、拍照，他親切與民眾合影，還有國小的棒球隊員開心和偶像合照。美國職棒大聯盟（Major League Baseball，簡稱「MLB」）名人堂球星、紐約洋基守護神李維拉昨天在台北市南港區中國信託金融園區參加「李維拉名人分享會」，解密棒球場上戰功彪炳的傳奇生涯，中國信託商業銀行與中華民國棒球協會攜手，邀請各級棒球教練、選手及相關從業人員約250人與會。2023年世界棒球經典賽A組預賽今晚在中洲際棒球場開打，美國職棒名人堂球星、洋基隊退役傳奇守護神李維拉擔任開幕戰開球嘉賓，他今天中午到大甲鎮瀾宮，球迷瘋狂。圖／民眾提供2023年世界棒球經典賽A組預賽今晚在中洲際棒球場開打，美國職棒名人堂球星、洋基隊退役傳奇守護神李維拉擔任開幕戰開球嘉賓，他今天中午到大甲鎮瀾宮，球迷瘋狂。圖／民眾提供 ▪ 經典賽即時新聞 ▪ 最新比分與完整賽程 ▪ 預賽分組戰績表 ▪ 經典賽專欄分析 棒球李維拉                    世界棒球經典賽首戰輸球後，中華隊第二場將在明天迎戰義大利隊，兩隊先發投手也在今晚出爐，中華隊推出「慶寶」江少慶先發，對上...                                      中華隊昨天以5：12慘敗給巴拿馬隊，明晚7點要對上義大利隊，義國總教練皮亞薩（Mike Piazza）表示，不會因為一場...                                      世界棒球經典賽B組賽事今天開打，南韓、澳洲進行分組賽首戰，大聯盟官網點名韓職英雄隊24歲外野手李政厚，將是大聯盟下一位巨...                                      洋基隊長賈吉（Aaron Judge）在上季狂轟濫炸，敲出62發全壘打，也在季後和球隊簽下大約，很有可能成為「終身洋基人」。不過，根據美媒報導，洋基竟曾一度動念將他交易至勇士隊！據《ESPN》                                      去年例行賽破百勝，拿下國東冠軍的勇士隊，在分區賽意外以1勝3負敗給費城人出局，和同被外卡球隊淘汰的道奇隊堪稱上季最大冷門，對於如此結果，勇士火球新人史泰德（Spencer Strider）表示自己該負                                      作為MLB門面，大谷翔平不僅出現在現實比賽，棒球遊戲中也能看到其身影。昨日，就有日本網友在推特分享，棒球遊戲《MLB The Show 22》中，大谷開轟後的有趣互動，引起網友一片笑聲。文章中                  ,UDN
416,MLB／電玩中對達比修開轟還挑釁 日網友：令人嫌惡的大谷,2023-03-08 15:30:00,運動,,https://udn.com/news/story/6999/7017560,作為MLB門面，大谷翔平不僅出現在現實比賽，棒球遊戲中也能看到其身影。昨日，就有日本網友在推特分享，棒球遊戲《MLB The Show 22》中，大谷開轟後的有趣互動，引起網友一片笑聲。文章中，發文者以「我討厭這樣的大谷翔平」為題搭配影片，從影片中可以看到，大谷在揮棒後不僅原地目送球飛出大牆，更直接將球棒滾到被轟的前輩達比修有面前。之後，在經過二壘時，大谷作勢要將壘包拔起，失敗後又跑到三壘與跑壘教練擺出合照姿勢；回到本壘時，又在壘包前裝扮成「睡美人」，最後才回到休息室。由於過程太過誇張，因此網友皆猜出是透過額外模組製作而成，但逗趣內容也讓大家紛紛在下面留言，「這如果發生，會有大亂鬥吧！」、「如果是真的，那故意觸身球三次都不夠。」，更有人分享自己的模組，裡頭的大谷不僅在擊出全壘打後伏地挺身，甚至在回本壘時昏倒在地給隊友「人工呼吸」。真實世界的大谷目前正積極備戰經典賽，隨著A組荷蘭古巴戰開打，B組日本隊也將在明日迎來首戰，屆時將由大谷先發對上中國隊。こんな大谷翔平は嫌だ pic.twitter.com/f0ofshBC6W ▪ 經典賽即時新聞 ▪ 最新比分與完整賽程 ▪ 預賽分組戰績表 ▪ 經典賽專欄分析 日本大谷翔平                    世界棒球經典賽首戰輸球後，中華隊第二場將在明天迎戰義大利隊，兩隊先發投手也在今晚出爐，中華隊推出「慶寶」江少慶先發，對上...                                      中華隊昨天以5：12慘敗給巴拿馬隊，明晚7點要對上義大利隊，義國總教練皮亞薩（Mike Piazza）表示，不會因為一場...                                      世界棒球經典賽B組賽事今天開打，南韓、澳洲進行分組賽首戰，大聯盟官網點名韓職英雄隊24歲外野手李政厚，將是大聯盟下一位巨...                                      洋基隊長賈吉（Aaron Judge）在上季狂轟濫炸，敲出62發全壘打，也在季後和球隊簽下大約，很有可能成為「終身洋基人」。不過，根據美媒報導，洋基竟曾一度動念將他交易至勇士隊！據《ESPN》                                      去年例行賽破百勝，拿下國東冠軍的勇士隊，在分區賽意外以1勝3負敗給費城人出局，和同被外卡球隊淘汰的道奇隊堪稱上季最大冷門，對於如此結果，勇士火球新人史泰德（Spencer Strider）表示自己該負                                      作為MLB門面，大谷翔平不僅出現在現實比賽，棒球遊戲中也能看到其身影。昨日，就有日本網友在推特分享，棒球遊戲《MLB The Show 22》中，大谷開轟後的有趣互動，引起網友一片笑聲。文章中                  ,UDN
417,MLB／去年季後賽復出被打爆 勇士火球新人：我該負責,2023-03-08 17:20:00,運動,,https://udn.com/news/story/6999/7017900,去年例行賽破百勝，拿下國東冠軍的勇士隊，在分區賽意外以1勝3負敗給費城人出局，和同被外卡球隊淘汰的道奇隊堪稱上季最大冷門，對於如此結果，勇士火球新人史泰德（Spencer Strider）表示自己該負責。史泰德在2021年才迎來MLB初體驗，卻在上賽季大放異彩，投出11勝5敗、防禦率2.67的成績，絲毫看不出是一位23歲新人。不過，史泰德上季自9月18日起，便因腹斜肌傷勢高掛免戰牌，直到勇士在分區賽與費城人戰至1比1平時，球隊才將他推出來主投第三戰。雖然史泰德該場比賽前兩局上演六上六下，卻在之後投出兩個保送、被打出3支安打，以及一發三分砲，失5分吞下敗投，球隊最終也被淘汰。對於這樣的復出秀，史泰德在受《Fox Sports》採訪時自責地說道，「我要負起球隊潰敗的責任。」談到當天表現，史泰德解釋，「我必須隨著時間調整我的極限，我當時固執地認為，就算休息了一個月，還是可以投完五局。當時的情況，我應該要改變我在做的事情。對我來說這是一種缺乏準備的表現。」雖然季後賽表現不佳，但勇士球團仍相當看好史泰德未來，季後與他簽下6年7500萬美元的延長合約，將其納入球隊爭冠拼圖之一。 ▪ 經典賽即時新聞 ▪ 最新比分與完整賽程 ▪ 預賽分組戰績表 ▪ 經典賽專欄分析 新人                    世界棒球經典賽首戰輸球後，中華隊第二場將在明天迎戰義大利隊，兩隊先發投手也在今晚出爐，中華隊推出「慶寶」江少慶先發，對上...                                      中華隊昨天以5：12慘敗給巴拿馬隊，明晚7點要對上義大利隊，義國總教練皮亞薩（Mike Piazza）表示，不會因為一場...                                      世界棒球經典賽B組賽事今天開打，南韓、澳洲進行分組賽首戰，大聯盟官網點名韓職英雄隊24歲外野手李政厚，將是大聯盟下一位巨...                                      洋基隊長賈吉（Aaron Judge）在上季狂轟濫炸，敲出62發全壘打，也在季後和球隊簽下大約，很有可能成為「終身洋基人」。不過，根據美媒報導，洋基竟曾一度動念將他交易至勇士隊！據《ESPN》                                      去年例行賽破百勝，拿下國東冠軍的勇士隊，在分區賽意外以1勝3負敗給費城人出局，和同被外卡球隊淘汰的道奇隊堪稱上季最大冷門，對於如此結果，勇士火球新人史泰德（Spencer Strider）表示自己該負                                      作為MLB門面，大谷翔平不僅出現在現實比賽，棒球遊戲中也能看到其身影。昨日，就有日本網友在推特分享，棒球遊戲《MLB The Show 22》中，大谷開轟後的有趣互動，引起網友一片笑聲。文章中                  ,UDN
418,MLB／賈吉差點離隊！美媒曝洋基與勇士沒完成的世紀交易,2023-03-08 18:00:00,運動,,https://udn.com/news/story/6999/7018041,"洋基隊長賈吉（Aaron Judge）在上季狂轟濫炸，敲出62發全壘打，也在季後和球隊簽下大約，很有可能成為「終身洋基人」。不過，根據美媒報導，洋基竟曾一度動念將他交易至勇士隊！據《ESPN》記者帕森（Jeff Passan）爆料，洋基曾在「法官」還是新秀時，研擬一筆將他、塞佛里諾（Luis Severino）、桑契斯（Gary Sanchez）、邦威（Manny Banuelos）、克拉金（Ian Clarkin）送往亞特蘭大，換來海瓦德（Jason Heyward）、西蒙斯（Andrelton Simmons）、厄普頓（B.J. Upton）、強森（Chris Johnson）、卡本特（David Carpenter）的交易案。《ClutchPoint》報導中提到，若從事後來看，這筆交易對洋基並無好處，海瓦德、西蒙斯等人已淡出聯盟，而即便將拿下MVP的賈吉抽離包裹，塞佛里諾曾在2017年球季於美聯賽揚獎排名第三，桑契斯也一度是聯盟打擊最好的捕手，他們對紐約帶來相當大幫助。不過，雖然勇士沒能完成「搶劫式交易」，球隊戰績卻仍維持頂尖，不僅連續五季在國東登頂，更在2021賽季拿下世界冠軍；而洋基則仍在努力尋求2009年後的第一座冠軍。I’m old and got it backward. The deal actually would’ve sent Aaron Judge, Luis Severino, Gary Sanchez, Manny Bañuelos and Ian Clarkin to Atlanta for Jason Heyward, Andrelton Simmons, B.J. Upton, Chris Johnson and David Carpenter. Safe to say Yankees are happy they didn’t say yes. ▪ 經典賽即時新聞 ▪ 最新比分與完整賽程 ▪ 預賽分組戰績表 ▪ 經典賽專欄分析 MLB洋基賈吉勇士                    世界棒球經典賽首戰輸球後，中華隊第二場將在明天迎戰義大利隊，兩隊先發投手也在今晚出爐，中華隊推出「慶寶」江少慶先發，對上...                                      中華隊昨天以5：12慘敗給巴拿馬隊，明晚7點要對上義大利隊，義國總教練皮亞薩（Mike Piazza）表示，不會因為一場...                                      世界棒球經典賽B組賽事今天開打，南韓、澳洲進行分組賽首戰，大聯盟官網點名韓職英雄隊24歲外野手李政厚，將是大聯盟下一位巨...                                      洋基隊長賈吉（Aaron Judge）在上季狂轟濫炸，敲出62發全壘打，也在季後和球隊簽下大約，很有可能成為「終身洋基人」。不過，根據美媒報導，洋基竟曾一度動念將他交易至勇士隊！據《ESPN》                                      去年例行賽破百勝，拿下國東冠軍的勇士隊，在分區賽意外以1勝3負敗給費城人出局，和同被外卡球隊淘汰的道奇隊堪稱上季最大冷門，對於如此結果，勇士火球新人史泰德（Spencer Strider）表示自己該負                                      作為MLB門面，大谷翔平不僅出現在現實比賽，棒球遊戲中也能看到其身影。昨日，就有日本網友在推特分享，棒球遊戲《MLB The Show 22》中，大谷開轟後的有趣互動，引起網友一片笑聲。文章中                  ",UDN
419,棒球／曹錦輝是台灣天份最高的投手？郭泓志認證：比我還強,2023-03-10 14:09:00,運動,,https://udn.com/news/story/7001/7022616,中華隊在經典賽首戰慘敗巴拿馬，投手群崩盤讓巴拿馬打線狂攻12分，因此球迷開始討論中華隊過往出現過的強投，除了王建民再度被點名外，曹錦輝也被提及，郭泓志更曾稱讚他是「台灣天份最高的投手」。一名網友在PTT發文詢問「曹錦輝到底有多扯？」內文貼出一部影片，內容為郭泓志個人YT頻道6個月前上傳的「10萬訂閱 QA！」問答影片。有一題是「郭泓志和曹錦輝誰比較強？」郭泓志毫不猶豫回答：「曹錦輝比較強，他是天才型的。」郭泓志指出，「其實很多投手的動作跟技術，都是參考他的。他應該算是台灣有史以來，投球天份算最好的。」如此高的評價也獲得網友認同，「賣麵還可以回大聯盟」、「投140跟喝水一樣的男人」、「他的故事漫畫都不敢畫」。不過也有人感嘆他的棒球路不順遂，、「可惜手被操壞了」、「很有天份但不自愛」、「雨刷可以選上議員，但球員被追殺到死」。曹錦輝16歲就入選IBA中華青棒代表隊，1999年獲得洛磯隊220萬美元簽約金，至今仍是台灣球員紀錄，顯見他的天賦受球探肯定。他也在2003年站上大聯盟舞台，成為第一位在大聯盟拿過勝投且擊出過安打的台灣球員。不過曹錦輝後續受傷病困擾無法站穩大聯盟，2009年返台打中職涉入黑象事件，被中職永久除名。他2015年一度重返大聯盟出賽，2017年正式宣布退休。 ▪ 經典賽即時新聞 ▪ 最新比分與完整賽程 ▪ 預賽分組戰績表 ▪ 經典賽專欄分析                     WBC世界棒球經典賽開打，中華隊昨晚以11：7擊敗義大利隊。國民黨台北市青工總會長滿志剛今天兌現免費送1000顆雞蛋的祭...                                      巴拿馬今天在世界棒球經典賽以2：0擊敗義大利隊，讓晚上7點中華隊與荷蘭隊之戰正式變成背水一戰，若中華隊輸球，就會確定在A...                                      WBC世界棒球經典賽昨晚中華隊以11比7力退義大利贏得首勝，立委江啟臣與發起人群，實現祭品文承諾，今天下午5點50分將在...                                      日職西武獅隊總經理渡邊久信來台看經典賽，也關心曾效力西武隊的投手郭俊麟近況，並透露投手張奕已經進入牛棚練投階段，但還不確...                                      中華隊昨晚在WBC世界棒球經典賽勝過義大利，立委林為洲兌現賽前祭品，承諾在竹北保安宮廟前發200份雞排，林為洲還加碼10...                                      世界棒球經典賽昨晚中華隊擊敗義大利隊，國民黨青工會總會長滿志剛今天兌現祭品文承諾，也邀北市議員徐巧芯一起發1000顆雞蛋...                  ,UDN
420,棒球／渡邊久信關心郭俊麟近況  透露張奕已牛棚練投,2023-03-11 14:32:00,運動,,https://udn.com/news/story/7001/7024704,日職西武獅隊總經理渡邊久信來台看經典賽，也關心曾效力西武隊的投手郭俊麟近況，並透露投手張奕已經進入牛棚練投階段，但還不確定能不能趕上日職開季。日職埼玉西武獅隊總經理渡邊久信來台看世界棒球經典賽，有與過去的前隊友、現任富邦悍將隊顧問郭泰源吃飯敘舊，昨天也有到悍將隊訓練基地稻江棒球場，並關心過去曾效力西武隊的投手郭俊麟近況。渡邊久信今天接受媒體聯訪表示，知道郭俊麟2020年曾動過手術，按照過往的經驗來看，動完手肘韌帶置換（Tommy John）手術後的第2年，狀態都會比較好，雖然郭俊麟現在已經不屬於西武隊，但還是希望他可以加油、展現真正的實力。另一名台灣投手張奕去年底被作為自由球員補償、改效力西武獅隊，原本也有被選入世界棒球經典賽台灣隊大名單中，但後來因為肩膀緊繃，經過精密檢查後，確認為肩膀發炎、確定退出國家隊。被問起張奕的近況，渡邊久信表示，張奕已經進入牛棚練投階段，但目前還沒有辦法斷定能不能在球季開打時就進入比賽狀況。但渡邊久信提到，球團把張奕交易到西武隊，就是對他有相當的期待，很希望他可以盡快調整好，成為球隊需要的戰力。 ▪ 經典賽即時新聞 ▪ 最新比分與完整賽程 ▪ 預賽分組戰績表 ▪ 經典賽專欄分析 張奕郭俊麟                    日職西武獅隊總經理渡邊久信來台看經典賽，也關心曾效力西武隊的投手郭俊麟近況，並透露投手張奕已經進入牛棚練投階段，但還不確...                                      中華隊在經典賽首戰慘敗巴拿馬，投手群崩盤讓巴拿馬打線狂攻12分，因此球迷開始討論中華隊過往出現過的強投，除了王建民再度被點名外，曹錦輝也被提及，郭泓志更曾稱讚他是「台灣天份最高的投手」。一名網                                      【撰文／石毓琪】中職生涯第十個球季，統一7-ELEVEn獅唐肇廷從復健開始，34歲在棒球員已屬高齡，又面臨運動員大傷阿基里斯腱斷裂，咬牙挺過辛苦走來每一步，耗時8個月重返一軍賽場，不僅締造醫學奇蹟                                      【撰文／石毓琪 攝影／郭穎如】富邦悍將范國宸今年114場出賽寫個人新高，以亮眼打擊成績站穩一軍同時，靠著一次次美技和讓隊友安心接球守備，生涯第6季首度囊括最佳九人一壘和金手套獎項，奠定球迷心中「超                  ,UDN
421,棒球／國際A級！ 屏東建新棒球場,2023-03-12 02:05:00,運動,,https://udn.com/news/story/7001/7025323,屏東縣立棒球場使用逾40年，因設施老舊，很難舉辦職棒賽事，縣府規畫在高鐵六塊厝特定區、斥資24.1億元，興建可容1.5萬人國際A級棒球場，預計月底招標，工期3年，完工後委外經營，引進職棒賽事，現有球場則保留做棒隊訓練基地。屏縣府規畫興建現代化國際棒球場多時，受疫情、工資及原物料上漲影響，3次發包都流標，行政院前院長蘇貞昌後加碼補助，興建經費從22億餘元提高到24.1億元，觀眾容納數也從1萬增至1.5萬人，但部分球迷憂心球場位郊區、距高市澄清湖球場不遠，未來性受限。縣府體育發展中心表示，新球場完工後將採OT方式委外經營，屏東氣候溫和、少雨，適合球隊訓練和比賽，日、韓等國職棒隊常在冬季到屏東移訓，新球場更符合比賽需求，可吸引職棒和國際大型球賽。新球場完工後，除鐵路、公路可達，未來高鐵通車後，交通將更便利。舊球場將保留，做屏東紅尾成棒隊訓練和比賽基地，無改做他用計畫。「老球場有滿滿回憶！」黃姓老球迷說，現有縣立棒球場中華職棒元年就啟用，曾是中職最難挑戰的全壘打牆，因設施老舊，連座位都沒有，須自帶墊子，最後一場職棒賽已是6年前往事，很期待新球場完工，能更舒適的看球。國民黨屏東縣議員黃明賢說，新球場需24億，經費龐大，希望能完善規畫設置，新竹棒球場是前車之鑑，莫步入後塵。 ▪ 經典賽即時新聞 ▪ 最新比分與完整賽程 ▪ 預賽分組戰績表 ▪ 經典賽專欄分析 屏東縣高鐵疫情                    屏東縣立棒球場使用逾40年，因設施老舊，很難舉辦職棒賽事，縣府規畫在高鐵六塊厝特定區、斥資24.1億元，興建可容1.5萬...                                      日職西武獅隊總經理渡邊久信來台看經典賽，也關心曾效力西武隊的投手郭俊麟近況，並透露投手張奕已經進入牛棚練投階段，但還不確...                                      屏東縣立棒球場使用超過40年，因球場設施老舊，職棒賽事難在屏東開打，為重振屏東棒球榮耀，縣府規畫在高鐵六塊厝特定區，斥資...                                      中華隊在經典賽首戰慘敗巴拿馬，投手群崩盤讓巴拿馬打線狂攻12分，因此球迷開始討論中華隊過往出現過的強投，除了王建民再度被點名外，曹錦輝也被提及，郭泓志更曾稱讚他是「台灣天份最高的投手」。一名網                                      【撰文／石毓琪】中職生涯第十個球季，統一7-ELEVEn獅唐肇廷從復健開始，34歲在棒球員已屬高齡，又面臨運動員大傷阿基里斯腱斷裂，咬牙挺過辛苦走來每一步，耗時8個月重返一軍賽場，不僅締造醫學奇蹟                                      【撰文／石毓琪 攝影／郭穎如】富邦悍將范國宸今年114場出賽寫個人新高，以亮眼打擊成績站穩一軍同時，靠著一次次美技和讓隊友安心接球守備，生涯第6季首度囊括最佳九人一壘和金手套獎項，奠定球迷心中「超                  ,UDN
422,宋家豪也不能投了 中華隊剩9投戰「回血」完畢的古巴,2023-03-12 00:00:00,運動,,https://udn.com/news/story/7001/7025529,中華隊在經典賽首戰滑鐵盧後步步走回正軌，2勝在手，握有自力前進8強複賽的機會，隱憂是今天陳冠宇、宋家豪的登板之後，對古巴之戰又少了兩名投手可用，總教練林岳平賽後也解釋投手調度思維，狀況來了，「勢必要推出宋家豪」。中華隊在第8局派上李振昌把關8：2的領先，然因控球未獲主審青睞，面對3人次僅抓下1個出局數，出現兩次保送，陳冠宇接手也未能「拆彈」，再把終結者宋家豪也逼上投手丘。林岳平表示，當時領先6分，要度過8局，「振昌昨天沒有出賽，今天希望他在右打的部分最少要拿到一個、最好三個出局數，冠宇也在後面準備了，本來期待兩個可以把比賽結束，但沒辦法狀況來了，勢必要推出宋家豪。」經典賽設有投手用球限制，隔場限制的部分有兩道門檻，超過30球要休1天，超過50球要休4天。中華隊明天將有胡智爲、黃子鵬、吳哲源、陳冠宇、宋家豪無法出賽，剩下9投應戰。古巴同樣帶14位投手，在分組賽已曾先發出賽的羅德里奎茲（Yariel Rodríguez）、伊萊斯（Roenis Elias），都用滿單場限制的65球才退場，預賽已經無法再上；前役雖有兩位投手用超過30球，但今天賽程休兵一天，不論是用超過30球或連兩天出賽，都將在明天「回血」，出賽不受影響，古巴合計12名投手可用。 ▪ 經典賽即時新聞 ▪ 最新比分與完整賽程 ▪ 預賽分組戰績表 ▪ 經典賽專欄分析 宋家豪陳冠宇中華隊                    世界棒球經典賽WBC中華隊今晚與荷蘭交手，最後以9比5奪下二連勝，中華民國運動彩券經銷商商業公會理事長何昱奇先前宣布，台...                                      中華隊在經典賽首戰滑鐵盧後步步走回正軌，2勝在手，握有自力前進8強複賽的機會，隱憂是今天陳冠宇、宋家豪的登板之後，對古巴...                                      日職西武獅隊總經理渡邊久信來台看經典賽，也關心曾效力西武隊的投手郭俊麟近況，並透露投手張奕已經進入牛棚練投階段，但還不確...                                      中華隊在經典賽首戰慘敗巴拿馬，投手群崩盤讓巴拿馬打線狂攻12分，因此球迷開始討論中華隊過往出現過的強投，除了王建民再度被點名外，曹錦輝也被提及，郭泓志更曾稱讚他是「台灣天份最高的投手」。一名網                                      【撰文／石毓琪】中職生涯第十個球季，統一7-ELEVEn獅唐肇廷從復健開始，34歲在棒球員已屬高齡，又面臨運動員大傷阿基里斯腱斷裂，咬牙挺過辛苦走來每一步，耗時8個月重返一軍賽場，不僅締造醫學奇蹟                                      【撰文／石毓琪 攝影／郭穎如】富邦悍將范國宸今年114場出賽寫個人新高，以亮眼打擊成績站穩一軍同時，靠著一次次美技和讓隊友安心接球守備，生涯第6季首度囊括最佳九人一壘和金手套獎項，奠定球迷心中「超                  ,UDN
423,NBA／弟弟經典賽首打席轟全壘打 湯普森讚：太棒了,2023-03-12 16:28:00,運動,,https://udn.com/news/story/7002/7026381,NBA球星湯普森（Klay Thompson）的弟弟T.湯普森（Trayce Thompson），本屆經典賽因父親出身英屬地巴哈馬，決定披上英國隊戰袍出征。在首戰面對豪華陣容的美國隊之前，T.湯普森更是表示非常期待對決。GREAT BRITAIN SOLO HOMER!Trayce Thompson gives his squad an early lead over USA!?: FOX and the FOX Sports App pic.twitter.com/KYwvPpIyUq儘管英國最終是以2比6敗給美國，但T.湯普森在首打席就轟出全壘打，還被隊友戴上皇冠並披上披風，直接加冕為「國王」。根據記者蘭絲（Sarah Langs）的消息，T.湯普森還成為經典賽史上第11位生涯首次打擊即開轟的球員。在弟弟和美國隊交手的同時，湯普森也協助勇士在延長賽力退強敵公鹿，湯普森這場比賽命中4記三分球得到22分。Klay … splash ? pic.twitter.com/sTWj4OP9em賽後湯普森自然也被問到弟弟轟出全壘打的事情，他表示自己是在中場休息時看了他打出全壘打的畫面。「這真是太棒了。能看到他參加世界棒球經典賽感覺真的很特別。我知道他能夠在道奇打出一個出色的賽季。」湯普森說。Great Britain brings out the HR crown ??? pic.twitter.com/zQgQ0eU1O5湯普森之後還在自己的IG限時動態放上弟弟轟出全壘打的影片。 ▪ 經典賽即時新聞 ▪ 最新比分與完整賽程 ▪ 預賽分組戰績表 ▪ 經典賽專欄分析                     勇士回到主場面對聯盟龍頭公鹿，柯瑞（Stephen Curry）在第四節剩下18秒時砍進追平三分球，且在哈勒戴（Jrue Holiday）執行最後一擊時，還賞了他一記重要阻攻，迫使比賽進入延長。                                      在勇士戰績搖搖欲墜的時刻，柯瑞（Stephen Curry）如同他在上季總冠軍所辦驗的救世主角色，再次挺身拯救全隊！柯瑞在第四節後段和延長賽期間外線連發，隻手狂轟20分，帶領勇士克服一度落後8                                      NBA球星湯普森（Klay Thompson）的弟弟T.湯普森（Trayce Thompson），本屆經典賽因父親出身英屬地巴哈馬，決定披上英國隊戰袍出征。在首戰面對豪華陣容的美國隊之前，T.湯普森更                                      國王與太陽上演「太平洋龍頭之爭」，雙方在第四節剩下3分39秒時還戰成平手，但國王在沙波尼斯（Domantas Sabonis）帶動下殺出一波13比4的猛烈攻勢，一口氣擊潰對手。最終以128比119拿下                                      在客場慘澹吞下3連敗的勇士，雖然在人手短缺的困境下看似搖搖欲墜，但只要他們回到無堅不摧的大通中心（Chase Center），彷彿能量充沛又變身8年4冠的強勢衛冕軍模樣。勇士和公鹿上演前後任總                                      泰托姆（Jayson Tatum）和布朗（Jaylen Brown）在作客亞特蘭大的前三節合拿43分，幫助塞爾蒂克取得兩位數領先優勢；儘管老鷹末節豪取36分試圖反擊，不過泰托姆獨拿11分，搭配全隊超過                  ,UDN
424,女足／新理事長王麟祥送機勉勵 U20出征亞洲盃資格賽,2023-03-06 09:56:00,運動,,https://udn.com/news/story/7005/7011503,中華U20女足代表隊今早搭機前往泰國，參加女足亞洲盃U20資格賽，上周新上任的中華足協理事長王麟祥親自到桃園國際機場送機，並向全隊教練球員們加油勉勵。王麟祥2月底上任，除接機迎接中華女足隊歸國，今天再度到機場，並為他上任後首支出國參加國際賽的國家隊送機，親自表達對各級代表隊關心。中華U20女足隊這次和泰國、塔吉克同組，爭取分組第一的第二輪資格；會內賽主辦國烏茲別克也加入分組比賽，但戰果不列入計算。中華隊首戰將在8日對上塔吉克，10日對烏茲別克，12日壓軸戰碰地主泰國。中華隊由資深的醒吾中學女足隊教練謝志君擔任總教練，全隊26名球員分別是門將：王若萍（中山工商）、劉穎嘉（花蓮體中）、邱依秀（醒吾中學）後衛：張天凌（輔仁大學）、張恩典（醒吾中學）、普馨慧（醒吾中學）、蕭雅瑄（醒吾中學）、劉嘉韻（花蓮體中）、蔣羽瑄（醒吾中學）、李君梅（花蓮體中）、張芸瑄（醒吾中學）中場：李翊瑄（惠文高中）、林靜萱（花蓮體中）、施怡靜（醒吾中學）、廖旭禎（醒吾中學）、陳靖文（國立體大）、周緁霓（台灣師大）前鋒：賴聿祺（惠文高中）、林怡岑（醒吾中學）、李翊汶（新北高中）、何家瑄（醒吾中學）、楊小娟（醒吾中學）、劉于喬（花蓮體中）、黃湘怡（台灣體大）、林恩慈（惠文高中）、簡暄穎（惠文高中）中華U20女足代表隊今早搭機前往泰國參加女足亞洲盃U20資格賽。圖／中華足球協會提供中華U20女足代表隊今早搭機前往泰國參加女足亞洲盃U20資格賽。圖／中華足球協會提供,UDN
425,HBL／陽明拚首冠 張聿嵐缺陣留遺憾,2023-03-07 03:24:00,運動,,https://udn.com/news/story/8688/7013288,111學年HBL甲級決賽周六在台北小巨蛋點燃戰火，但陽明高中挑戰隊史首冠卻傳利空消息，複賽只差2助攻就能完成「大四喜」的當家後衛張聿嵐因左膝傷勢未癒，確定缺席高中生涯最後兩戰；教頭李台英坦言遺憾，但選手生涯仍長，尤其張聿嵐有旅外計畫，仍以愛將健康擺第一。張聿嵐帶著國中聯賽MVP進入陽明，高一奪MVP，去年兩度披中華隊戰袍都率隊搶下晉級世界賽資格，和衛冕軍淡水商工當家中鋒蕭豫玟都是今年女甲級指標球員，無奈複賽傷到的左膝積水，無法再和隊友並肩作戰。「當下比較難過，後來有調整回來，重新振作起來。」張聿嵐說，當啦啦隊支持隊友也很開心。陽明周六4強賽遭遇北一女中，挑戰4連霸的淡水商工和重返4強的南山高中爭另張冠軍戰門票，北一女教練駱燕萍提到，仍以張聿嵐會上場的方向準備，「這也是對對手的尊重。」男甲級4強分別由衛冕軍光復高中對決能仁家商，以及松山高中和南山高中上演的「雙山對決」。,UDN
