system_id,word,ner
1,四,CARDINAL
1,中華隊,GPE
1,兩萬,CARDINAL
1,黃牛掃,PERSON
2,今天,DATE
2,今天,DATE
2,台灣,GPE
2,憲哥,PERSON
2,丁元凱,PERSON
2,五月天,DATE
2,中華隊,ORG
2,台灣,GPE
2,丁丁,PERSON
3,今天,DATE
4,東森,ORG
4,張祐寧,PERSON
4,林襄,PERSON
4,林襄,PERSON
4,台,GPE
4,日,GPE
4,兩,CARDINAL
4,近日,DATE
4,林襄,PERSON
4,中華,GPE
4,林襄,PERSON
4,世界棒球經典賽,EVENT
4,這幾天,DATE
4,中華隊,ORG
4,中林襄,PERSON
4,張宛如,PERSON
4,林襄,PERSON
4,昨日,DATE
4,台灣隊,ORG
4,萬,CARDINAL
4,三小時,TIME
5,南港,GPE
5,中華巴拿馬,GPE
5,南港,GPE
6,陳秋雲,PERSON
6,李維拉,PERSON
6,台中,GPE
6,今天,DATE
6,台中,GPE
6,美國,GPE
6,李維拉拉,PERSON
6,台中,GPE
6,盧秀燕,PERSON
6,李維拉,PERSON
6,美國,GPE
6,台中市政府,ORG
6,台中,GPE
6,盧秀燕,PERSON
6,李維拉,PERSON
6,台灣,GPE
6,台中,GPE
6,東勢,GPE
6,外埔,GPE
6,李維拉,PERSON
6,盧秀燕,PERSON
6,台中,GPE
6,李維拉,PERSON
6,李,PERSON
7,悍創,ORG
7,中華隊,ORG
7,中華隊,GPE
7,中華隊,ORG
8,中華隊,ORG
8,東京,GPE
8,王建民,PERSON
8,日本,GPE
8,日本,NORP
8,王建民,PERSON
8,九,CARDINAL
8,日本,GPE
8,美國,GPE
9,今晚,TIME
9,巴拿馬,GPE
9,中華隊,GPE
9,早上,TIME
9,巴拿馬,GPE
9,晚上,TIME
10,米納桑空巴哇,PERSON
10,王,PERSON
10,王日,PERSON
10,三,CARDINAL
10,林北,PERSON
11,第二,ORDINAL
11,中華隊,ORG
11,巴拿馬,GPE
11,中華隊,ORG
11,十分以上,CARDINAL
11,中華隊,ORG
11,今晚,TIME
13,阿肥,PERSON
13,世界棒球經典賽,EVENT
14,今天,DATE
14,古巴,GPE
14,荷蘭,GPE
15,三個月,DATE
15,華視,ORG
15,王識賢,PERSON
15,世棒經典賽,EVENT
15,東森三檔局,ORG
15,中華隊,GPE
16,聯合報,WORK_OF_ART
16,游振昇,PERSON
16,李維拉,PERSON
16,大甲,GPE
16,瀾宮,GPE
16,世界棒球經典賽組,EVENT
16,今晚,TIME
16,台中洲際棒球場,FAC
16,美國,GPE
16,洋基隊,ORG
16,李維拉,PERSON
16,今天,DATE
16,中午,TIME
16,大甲鎮瀾宮,FAC
16,美國職棒名人堂,ORG
16,洋基隊,ORG
16,李維拉,PERSON
16,今天,DATE
16,王建民,PERSON
16,中午,TIME
16,大甲鎮瀾宮,FAC
16,媽祖,GPE
16,大甲鎮瀾宮,ORG
16,鄭銘坤,PERSON
16,李維拉,PERSON
16,美國職棒大聯盟,ORG
16,紐約洋基,GPE
16,李,PERSON
16,維拉,PERSON
16,昨天,DATE
16,台北市南港區,GPE
16,中國信託金融園區,FAC
16,李維拉,PERSON
16,中國信託商業銀行,ORG
16,中華民國棒球協會,ORG
17,高雄,GPE
17,億,CARDINAL
17,晚上,TIME
17,中華隊,ORG
17,巴拿馬,GPE
17,中華,GPE
17,今晚,TIME
18,荷蘭路,FAC
18,古巴,GPE
18,古巴,GPE
18,荷蘭,GPE
18,古巴,GPE
18,中華隊,ORG
18,中華隊,ORG
19,世界棒球經典賽,EVENT
19,兩,CARDINAL
19,大聯盟,ORG
19,經典賽,EVENT
19,世足賽,EVENT
20,下午,TIME
20,星巴克,ORG
20,洲際,LOC
21,晚上,TIME
21,中華隊,ORG
21,巴拿馬,GPE
21,第二,ORDINAL
21,里維拉,PERSON
21,大樹哥,PERSON
21,建仔,PERSON
21,牛棚,ORG
21,巴拿馬,GPE
22,小魯周,PERSON
22,台灣隊,ORG
22,大聯盟,ORG
22,四,CARDINAL
22,鞏冠,PERSON
22,三,CARDINAL
22,老王,PERSON
22,台灣,NORP
22,台灣,GPE
22,去年,DATE
22,台灣,NORP
22,梅西,PERSON
22,去年,DATE
22,世足,ORG
22,台灣隊,ORG
23,經典賽,EVENT
23,巴拿馬,GPE
23,中華隊,ORG
23,王柏融,PERSON
23,吳政紘,PERSON
23,台中,GPE
23,中華隊,ORG
23,鄭宗哲,PERSON
23,二,CARDINAL
23,林子偉,PERSON
23,七棒,ORG
23,江坤宇,PERSON
23,高宇杰,PERSON
23,陳傑憲,PERSON
23,胡智為,PERSON
24,阿肥,ORG
24,中華隊,ORG
24,巴拿馬,GPE
24,中華隊,ORG
25,聯合報,WORK_OF_ART
25,蘇志畬,PERSON
25,荷蘭,GPE
25,安川普,PERSON
25,阿魯巴,PERSON
25,荷蘭隊,ORG
25,今天,DATE
25,世界棒球經典賽,EVENT
25,古巴隊,ORG
25,第場,ORDINAL
25,川普,PERSON
25,阿魯巴群島,LOC
25,荷蘭,GPE
25,古巴,GPE
25,荷蘭,GPE
25,帕拉修斯,PERSON
25,川普,PERSON
25,二,CARDINAL
25,三,CARDINAL
25,荷蘭隊,GPE
25,荷蘭隊,ORG
25,穆倫斯,PERSON
25,川普,PERSON
25,荷屬,GPE
25,阿魯巴群島,LOC
25,川普,PERSON
25,凌晨點,TIME
25,荷蘭,GPE
25,川普,PERSON
25,荷蘭,GPE
25,布洛克,PERSON
25,第局,ORG
25,穆倫斯,PERSON
25,今天,DATE
25,古巴隊,ORG
25,強森,PERSON
25,明天,DATE
25,三,CARDINAL
25,迪斯派,PERSON
25,今天,DATE
25,強森,PERSON
25,川威武,PERSON
26,阿球,PERSON
26,晚上七點,TIME
26,中華隊,ORG
26,第戰,EVENT
26,巴拿馬,GPE
26,中華隊,ORG
26,中華隊,ORG
26,賀姆賀,PERSON
28,朱祖儀,PERSON
28,年月,DATE
28,日,GPE
28,中華隊,ORG
28,經典賽,EVENT
28,千,CARDINAL
28,世界棒球經典賽,EVENT
28,今晚,TIME
28,中華隊,ORG
28,巴拿馬,GPE
28,胡,PERSON
28,中華隊,ORG
28,東京巨蛋,FAC
28,中華隊,ORG
28,上個月,DATE
28,中華隊,ORG
28,東京,GPE
28,經典賽,EVENT
28,吳念庭,PERSON
28,中華隊,ORG
28,東京,GPE
28,千,CARDINAL
28,洪孟楷,PERSON
28,國民黨,ORG
28,洪孟楷,PERSON
28,日發文,PERSON
28,中華隊,ORG
28,東京,GPE
28,洪孟楷,PERSON
28,中華隊,ORG
28,洪孟楷,PERSON
28,風堂,ORG
28,台灣,NORP
28,經典賽,EVENT
28,拉麵店風堂,ORG
28,當日,DATE
28,風堂中山店,ORG
28,隔天,DATE
28,台風堂,ORG
28,中華隊,ORG
28,東京,GPE
28,中華隊,ORG
28,台,GPE
28,二,CARDINAL
28,三,CARDINAL
28,西米,GPE
28,四,CARDINAL
29,張育成,PERSON
29,三棒,GPE
29,四棒,GPE
29,張育成,PERSON
30,台灣,GPE
30,巴,GPE
30,台灣,GPE
31,世界棒球經典賽組小組,ORG
31,今天,DATE
31,荷蘭,GPE
31,古巴,GPE
31,第二,ORDINAL
31,巴拿馬,GPE
31,台灣,GPE
31,台灣,GPE
31,台灣,GPE
31,台灣,GPE
32,電影台,ORG
32,十年,DATE
33,星期五,DATE
33,二,CARDINAL
33,中華隊,ORG
33,日本,GPE
33,大谷,PERSON
34,台灣隊,ORG
34,中華隊,ORG
34,巴拿馬,GPE
34,經典賽,EVENT
34,中華隊,ORG
34,近幾年,DATE
34,中華隊,ORG
34,三立,PERSON
34,台灣隊,ORG
35,王建民,PERSON
35,王建民,PERSON
35,中華隊,GPE
35,今天,DATE
36,小魯弟,PERSON
36,新竹,GPE
36,台中,GPE
36,新竹,GPE
36,新竹,GPE
37,台灣,GPE
37,拉基,PERSON
37,美國人,NORP
37,美國,GPE
38,中華隊,ORG
38,今天,DATE
38,中華隊,ORG
38,巴拿馬瑟瑟,PERSON
39,東奧,ORG
39,台灣隊,ORG
39,中華隊,ORG
40,巴拿馬,GPE
40,中華隊,ORG
41,三立新聞網,ORG
41,蕭保祥,PERSON
41,台灣隊,GPE
41,李維拉,PERSON
41,王建民,PERSON
41,世界棒球經典賽,EVENT
41,晚間,TIME
41,台中洲際球場,FAC
41,台灣隊,ORG
41,巴拿馬,GPE
41,賴清德,PERSON
41,中華棒協,ORG
41,辜仲諒,PERSON
41,台中,GPE
41,盧秀燕,PERSON
41,賴清德,PERSON
41,王建民,PERSON
41,李維拉,PERSON
41,蔡英文,PERSON
41,台灣隊,ORG
41,台灣,GPE
41,台灣,GPE
41,王建民,PERSON
41,李維拉,PERSON
41,李維拉,PERSON
41,台灣,GPE
41,王建民,PERSON
41,十幾年,DATE
42,日本人,NORP
42,中華隊,ORG
42,王建民,PERSON
42,日本島國,GPE
42,大谷,GPE
42,王建民,PERSON
44,本魯,PERSON
45,新竹棒球場,FAC
45,大聯盟,ORG
45,新竹棒球場,FAC
46,經典賽,EVENT
46,四,CARDINAL
46,兩,CARDINAL
46,台灣,GPE
46,中華,GPE
46,中華隊,ORG
46,中華隊,ORG
46,兩,CARDINAL
47,中華隊,ORG
48,經典賽,EVENT
48,中華隊,ORG
49,中華隊,ORG
50,八點半,TIME
50,中華隊,ORG
52,安安阿,PERSON
52,韓國,GPE
52,台灣,GPE
53,經典賽,EVENT
53,中華隊,GPE
53,林岳平,PERSON
53,陳致遠,PERSON
53,百萬,CARDINAL
54,中華隊,GPE
55,台北,GPE
55,日本隊,GPE
57,中華隊,ORG
57,中華隊,ORG
57,巴拿馬,GPE
58,台灣,GPE
58,日本,GPE
58,中華隊,GPE
58,大谷翔平,PERSON
59,中華隊,ORG
60,經典賽,EVENT
60,日本隊,GPE
60,經典賽,EVENT
60,台灣,GPE
60,中華隊,ORG
61,今天,DATE
61,巴拿馬,GPE
61,中華,GPE
62,前幾個月,DATE
62,世足,ORG
62,世足,EVENT
63,中華隊,GPE
63,四,CARDINAL
64,王真魚,PERSON
64,明開,PERSON
64,彭政閔,PERSON
64,台灣,GPE
64,世界棒球經典賽,EVENT
64,明天,DATE
64,台灣,GPE
64,中華隊,ORG
64,彭政閔,PERSON
64,中華隊,ORG
64,中華隊,GPE
64,台灣,GPE
64,經典賽,EVENT
64,明天,DATE
64,五天,DATE
64,中華隊,GPE
64,日本,GPE
64,東京,GPE
64,明天,DATE
64,巴拿馬,GPE
64,巴拿馬,GPE
64,昨天,DATE
64,梅西亞,PERSON
64,中華隊,GPE
64,彭政閔,PERSON
64,彭政閔,PERSON
64,世界棒球經典賽,EVENT
64,從月日,DATE
64,今天,DATE
64,明天,DATE
64,月日,DATE
64,彭政閔,PERSON
64,東京,GPE
64,邁阿密,GPE
64,中華隊,ORG
64,台灣,GPE
64,台灣,GPE
65,第四,ORDINAL
65,中華隊,ORG
65,中華隊,GPE
65,第四,ORDINAL
65,隔天,DATE
66,中華隊,ORG
66,今天,DATE
66,巴拿馬,GPE
66,巴拿馬,GPE
67,巴拿馬,GPE
67,張育成,PERSON
67,經典賽,EVENT
68,大聯盟,ORG
68,大聯盟,ORG
68,台灣,GPE
68,王曹,PERSON
69,公館,FAC
69,今年,DATE
69,中華隊,ORG
69,巴拿馬,GPE
69,中華隊,ORG
69,中華隊,GPE
69,今日,DATE
70,中華隊,ORG
71,台灣隊,ORG
71,台灣隊,ORG
71,台灣隊,ORG
71,國家隊,ORG
71,第二,ORDINAL
71,二,CARDINAL
71,台灣隊,ORG
72,中華隊,GPE
72,九,CARDINAL
73,卡達,GPE
73,世足,ORG
73,卡達,GPE
73,中華隊,ORG
73,巴拿馬,GPE
73,卡達,GPE
73,中華隊,GPE
74,李振昌,PERSON
74,李振昌,PERSON
74,日本,GPE
74,曹錦輝,PERSON
74,快年,DATE
75,中華隊,ORG
75,中國隊,ORG
75,今年,DATE
75,中華隊,ORG
75,中國隊,ORG
76,王建民,PERSON
76,今天,DATE
76,中華隊,ORG
76,當年,DATE
76,日本,GPE
76,明星隊,ORG
76,王建民,PERSON
77,三,CARDINAL
77,高宇杰,PERSON
77,今天,DATE
78,萬年,DATE
78,中華隊,ORG
79,中華隊,ORG
79,第二,ORDINAL
79,巴拿馬,GPE
80,喬丹,PERSON
80,九,CARDINAL
80,兩,CARDINAL
80,中華隊,ORG
81,世界盃,EVENT
81,張誌家,PERSON
81,南韓,GPE
81,日本,GPE
81,中華隊,ORG
81,日棒,GPE
81,王建民,PERSON
81,日本,GPE
81,南韓,GPE
81,今年,DATE
82,陳建志,PERSON
82,李維拉,PERSON
82,洋基,ORG
82,李維拉,PERSON
82,昨天,DATE
82,台中,GPE
82,台中,GPE
82,盧秀燕,PERSON
82,陳建志,PERSON
82,陳建志,PERSON
82,台中,GPE
82,今天,DATE
82,台中,GPE
82,美國,GPE
82,洋基隊,ORG
82,李維拉,PERSON
82,昨天,DATE
82,台中,GPE
82,第位,ORDINAL
82,美國,GPE
82,職棒大聯盟,ORG
82,台中,GPE
82,世界棒球經典賽,EVENT
82,台中,GPE
82,盧秀燕,PERSON
82,盧秀燕,PERSON
82,台灣隊,ORG
82,王建民,PERSON
82,美職洋基隊,ORG
82,李維拉,PERSON
82,李維拉,PERSON
82,榮譽市,GPE
82,台中,GPE
82,李維拉,PERSON
82,李維拉,PERSON
82,李維拉,PERSON
82,水源地文教基金會,ORG
82,葉晉玉,PERSON
82,今天,DATE
82,太平頭,LOC
82,多年,DATE
82,李維拉,PERSON
83,中華隊,ORG
83,義大利,GPE
83,三,CARDINAL
83,日,GPE
83,韓,GPE
83,美,GPE
83,台灣,GPE
83,義大利,GPE
83,台藍,PERSON
83,美國,GPE
83,法國,GPE
83,賽爾維亞,GPE
84,中華隊,ORG
85,中華隊,ORG
85,中華隊,ORG
85,巴拿馬,GPE
85,中華,GPE
85,巴,NORP
85,中華隊,GPE
85,三,CARDINAL
85,三,CARDINAL
85,先仔,PERSON
85,中文字,LANGUAGE
85,中文字,LANGUAGE
85,中文字,LANGUAGE
86,巴拿馬,GPE
86,巴拿馬,GPE
86,巴拿馬,GPE
87,中華隊,GPE
88,兩,CARDINAL
88,王建民,PERSON
88,曹錦輝,PERSON
88,郭泓志,PERSON
88,陳金鋒,PERSON
88,最近年,DATE
88,中華隊,ORG
88,中華隊,ORG
89,中華隊,GPE
89,中華隊,ORG
89,中華隊,ORG
89,巴拿馬,GPE
91,林襄,PERSON
91,陳金城,PERSON
91,巴拿馬,GPE
91,陳金城,PERSON
91,林襄,PERSON
91,林襄,PERSON
92,第分,ORDINAL
92,小玉,PERSON
93,中華隊,ORG
93,明天,DATE
93,明天,DATE
95,中華隊,ORG
95,臺灣,GPE
95,陳金鋒,PERSON
95,第幾,ORDINAL
96,安安,PERSON
96,豬哥嘌,PERSON
96,鍾,PERSON
96,兩,CARDINAL
96,中華隊,GPE
97,蔡英文,PERSON
97,洲際棒球場,FAC
97,台灣隊,ORG
97,民視新聞網,ORG
97,游明哲,PERSON
97,今日,DATE
97,台中洲,GPE
97,台灣隊,GPE
97,巴拿馬,GPE
97,民進黨,ORG
97,賴清德,PERSON
97,台中,GPE
97,盧秀燕,PERSON
97,台灣隊,ORG
97,蔡英文,PERSON
97,晚間,TIME
97,台灣隊,ORG
97,經典賽,EVENT
97,晚間,TIME
97,台中洲際棒球場,FAC
97,台灣隊,GPE
97,巴拿馬,GPE
97,晚間,TIME
97,賴清德,PERSON
97,李維拉,PERSON
97,彭政閔,PERSON
97,王建民,PERSON
97,蔡英文,PERSON
97,晚間,TIME
97,台灣隊,ORG
97,十年,DATE
97,世界棒球經典賽,EVENT
97,今年,DATE
97,台灣,GPE
97,台灣,GPE
97,台灣隊,ORG
97,今晚,TIME
97,台灣,GPE
97,巴拿馬,GPE
97,台灣隊,ORG
97,台灣,GPE
97,台灣,GPE
97,東京,GPE
97,邁阿密,GPE
98,中華隊,ORG
99,中華隊,ORG
100,三,CARDINAL
100,王柏融,PERSON
100,中華民國,GPE
100,老王,PERSON
100,中華隊,ORG
100,八卦板,PERSON
100,三,CARDINAL
100,五,CARDINAL
101,中華隊,ORG
101,中華隊,ORG
101,千,CARDINAL
102,好幾年,DATE
102,中華隊,ORG
102,台灣,GPE
102,前幾年,DATE
102,今天,DATE
102,小玉,PERSON
102,小玉,PERSON
103,四年前,DATE
103,台灣職棒聯盟,ORG
103,四,CARDINAL
103,當年,DATE
103,三,CARDINAL
103,中華隊,ORG
103,兩,CARDINAL
103,當年,DATE
104,三,CARDINAL
104,今天,DATE
105,王曹郭,PERSON
105,兩,CARDINAL
106,中華隊,ORG
106,以色列,GPE
106,荷蘭,GPE
106,韓國,GPE
106,兩,CARDINAL
106,中華隊,GPE
107,阿肥,ORG
107,今天,DATE
107,愛爾達,ORG
108,中華隊,ORG
108,今年,DATE
108,富邦,ORG
109,中華隊,ORG
110,今天,DATE
110,巴拿馬,GPE
110,巴拿馬,GPE
110,愛爾達,ORG
111,今天,DATE
111,中華隊,ORG
111,巴拿馬,GPE
111,五,CARDINAL
111,四,CARDINAL
112,中華隊,GPE
112,中華隊,ORG
112,中華隊,ORG
113,經典賽,EVENT
114,中華隊,ORG
114,台灣,GPE
114,日,GPE
114,第六,ORDINAL
114,巴拿馬,GPE
114,日,GPE
115,中華隊,ORG
115,三,CARDINAL
116,三分,TIME
116,七,CARDINAL
116,中華隊,ORG
116,明天,DATE
117,張二兵,PERSON
118,中華隊,GPE
118,台中港,FAC
119,荷蘭古巴,GPE
119,巴拿馬,GPE
119,中華,GPE
119,大谷翔平,PERSON
120,巴拿馬,GPE
120,中華隊,ORG
120,巴拿馬,GPE
120,中華隊,ORG
120,當年,DATE
120,彭政閔,PERSON
120,林智勝,PERSON
120,陳金鋒,PERSON
120,陳鏞基,PERSON
121,阿根廷,GPE
121,第二,ORDINAL
121,世足賽,EVENT
121,沙烏地阿拉伯,GPE
121,梅西,PERSON
121,中華隊,ORG
121,甘蔗路,FAC
121,邁阿密,GPE
122,巴拿馬,GPE
122,中華隊,GPE
122,巴拿馬,GPE
122,荷蘭義大利古巴,GPE
123,中華隊,ORG
123,台灣,GPE
123,今天,DATE
124,第六,ORDINAL
124,第十二,ORDINAL
124,中華隊,ORG
124,三,CARDINAL
124,中文字,LANGUAGE
124,中文字,LANGUAGE
124,中文字,LANGUAGE
125,中華隊,ORG
125,巴拿馬,GPE
125,六,CARDINAL
125,前幾天,DATE
125,大谷,PERSON
125,日職,GPE
125,兩,CARDINAL
125,日本隊,ORG
126,今天,DATE
126,中華隊,ORG
127,第二,ORDINAL
127,中華隊,ORG
127,李維拉,PERSON
127,王建民,PERSON
128,今天,DATE
128,巴拿馬,GPE
128,里維拉,PERSON
128,台灣,GPE
128,王建民,PERSON
129,張育成,PERSON
129,情勒,PERSON
130,日本,GPE
130,美國,GPE
130,林襄,GPE
131,巴拿馬,GPE
131,艾連,PERSON
131,胡智為,PERSON
131,中華隊,GPE
132,中華隊,ORG
132,台灣,GPE
132,中華隊,ORG
132,台灣,NORP
132,第二,ORDINAL
133,吳政紘,PERSON
133,中華隊,ORG
133,巴拿馬,GPE
133,世界棒球經典賽,EVENT
133,今日,DATE
133,中午,TIME
133,兩,CARDINAL
133,荷蘭,GPE
133,古巴,GPE
133,中華隊,ORG
133,經典賽,EVENT
133,今晚,TIME
133,巴拿馬,GPE
133,日,GPE
133,義大利,GPE
133,日,GPE
133,荷蘭,GPE
133,日中午,TIME
133,古巴隊,GPE
133,中華隊,ORG
133,中華隊,ORG
133,荷蘭隊,GPE
133,今晚,TIME
133,巴拿馬,GPE
133,古巴,GPE
133,義大利,GPE
133,中華隊,GPE
133,中華隊,ORG
133,東京,GPE
133,八,CARDINAL
133,美國,GPE
133,日本,GPE
133,中華隊,ORG
133,大聯盟,ORG
133,張育成,PERSON
133,林子偉,PERSON
133,日職,NORP
133,王柏融,PERSON
133,吳念庭,PERSON
133,宋家豪,PERSON
133,荷蘭,GPE
133,古巴義大利,GPE
133,巴拿馬,GPE
133,中華隊,ORG
133,巴拿馬,GPE
133,古巴隊,ORG
133,大聯盟,ORG
133,義大利,GPE
133,義大利,GPE
133,荷蘭隊,GPE
133,今年,DATE
133,教士隊,ORG
133,年億美元,MONEY
133,台灣,GPE
133,荷蘭隊,GPE
133,經典賽,EVENT
133,古巴荷蘭,GPE
133,巴拿馬,GPE
133,台灣,GPE
133,愛爾達,ORG
133,台東森電視台,ORG
133,巴拿馬,GPE
135,今天,DATE
135,歐巴馬,PERSON
135,中華隊,ORG
135,今天,DATE
135,健仔,PERSON
135,中華隊,ORG
135,李維拉,PERSON
135,台灣,GPE
135,中華隊,ORG
135,李維拉,PERSON
135,中華隊,ORG
135,李維拉,PERSON
135,王建民,PERSON
135,李維拉,PERSON
136,今年,DATE
136,世界棒球經典賽,EVENT
136,台灣,GPE
136,台灣,GPE
136,中華隊,ORG
136,大聯盟,ORG
137,中華隊,ORG
137,巴拿馬,GPE
137,中華隊,ORG
138,六,CARDINAL
138,七,CARDINAL
139,今天,DATE
139,中華隊,ORG
139,英文台,LANGUAGE
139,今天,DATE
140,中華隊,ORG
140,四,CARDINAL
141,台灣,GPE
141,中華隊,ORG
141,第二,ORDINAL
141,兩,CARDINAL
141,中華隊,ORG
142,台灣,GPE
142,甲子園聯隊,ORG
142,平鎮穀保,ORG
142,中華隊,GPE
142,國際賽,EVENT
143,中華隊,ORG
144,第天,DATE
144,中華隊,GPE
144,普普,PERSON
144,八,CARDINAL
145,三,CARDINAL
145,中華隊,ORG
146,中華隊,ORG
146,巴拿馬,GPE
146,中華隊,ORG
147,中華隊,ORG
147,美國,GPE
148,智,PERSON
149,巴拿馬,GPE
149,中華隊,ORG
150,中華隊,ORG
150,古巴隊,ORG
150,古巴,GPE
150,今天,DATE
151,四,CARDINAL
151,四,CARDINAL
151,張育成,PERSON
151,齁齁齁齁齁齁齁齁齁齁齁,LOC
152,兩萬,CARDINAL
152,崇德路,FAC
152,明天,DATE
152,六,CARDINAL
152,七,CARDINAL
152,中華隊,ORG
153,今天,DATE
153,中華隊,GPE
154,巴拿馬,GPE
154,中華隊,ORG
154,中華,GPE
154,中華隊,ORG
155,中華隊,ORG
155,巴拿馬,GPE
155,阿落後,PERSON
156,今天,DATE
156,晚上,TIME
156,十點,TIME
156,中華隊,ORG
157,中華隊,GPE
157,今天,DATE
157,日本,NORP
157,日本,GPE
158,富邦,ORG
158,邦邦,PERSON
158,中職,ORG
158,巴拿馬,GPE
159,中華隊,ORG
159,巴拿馬,GPE
159,今天,DATE
160,中華隊,ORG
160,北京奧運,EVENT
160,經典賽,EVENT
160,世大運,EVENT
160,臺北世大運,EVENT
160,智傑,PERSON
160,臺北,GPE
161,中華隊,GPE
161,巴拿馬,GPE
161,三,CARDINAL
161,中文字,LANGUAGE
161,中文字,LANGUAGE
161,中文字,LANGUAGE
162,洨哥哥洨,PERSON
162,晚上,TIME
162,今天,DATE
162,中華民國,GPE
162,中華隊,ORG
162,中國台北隊,ORG
162,中國人,NORP
162,中國人,NORP
162,洨魯,PERSON
163,世界棒球經典賽的資格賽,EVENT
163,八成,CARDINAL
163,台灣,GPE
163,新竹棒球場,FAC
163,億,CARDINAL
164,第二,ORDINAL
164,經典賽,EVENT
164,日,GPE
164,韓,GPE
164,日本七局,ORG
164,韓國,GPE
164,兩天,DATE
164,韓國,GPE
164,日本,GPE
164,美國,GPE
164,韓國,GPE
164,日本,GPE
164,日本,GPE
164,今天,DATE
164,中華隊,ORG
164,三,CARDINAL
165,中華隊,ORG
165,今天,DATE
166,新竹球場,FAC
166,中華隊,ORG
167,日棒,GPE
167,第場,ORDINAL
167,台灣隊,ORG
167,巴拿馬,GPE
167,台灣棒球隊,ORG
167,台灣隊,ORG
168,張幾千,PERSON
169,巴拿馬,GPE
169,中華隊,ORG
169,中華隊,ORG
169,國際賽,EVENT
169,今天,DATE
170,台灣,GPE
170,日,GPE
170,日職,NORP
171,日本隊,ORG
171,中華隊,ORG
171,日本隊,GPE
171,台灣,GPE
171,台灣,GPE
171,日本隊,GPE
171,八,CARDINAL
172,四,CARDINAL
172,中華台北,GPE
172,四,CARDINAL
172,今天,DATE
172,巴拿馬,GPE
172,今天,DATE
172,中華台北,GPE
172,這個禮拜,DATE
174,明天,DATE
174,阿共,ORG
174,日本,GPE
174,王大谷,PERSON
174,中華隊,GPE
174,台灣,GPE
174,阿共,ORG
174,明天,DATE
174,阿共,ORG
175,中華隊,ORG
175,巴拿馬,GPE
175,明天,DATE
176,中華隊,ORG
177,中華隊,ORG
177,中華隊,ORG
177,中華隊,ORG
177,兩,CARDINAL
177,台灣,GPE
177,東南亞,LOC
178,前幾天,DATE
178,經典賽,EVENT
178,第天,DATE
178,明天,DATE
179,瑞斗,PERSON
179,中華隊,ORG
179,貴桑桑,PERSON
180,松阪大輔,PERSON
180,中華隊,ORG
180,三,CARDINAL
181,巴拿馬,GPE
181,二,CARDINAL
182,台灣,GPE
182,中華隊,ORG
183,育誠,PERSON
183,中華隊,ORG
183,育誠,PERSON
184,小時,TIME
184,今天,DATE
184,巴拿馬,GPE
184,後天,DATE
184,義大利,GPE
185,巴拿馬,GPE
185,五,CARDINAL
185,中華隊,ORG
186,中華隊,ORG
187,陳立勳,PERSON
187,中華隊,ORG
187,中華隊,ORG
187,今天,DATE
187,台中洲際球場,FAC
187,巴拿馬,GPE
187,中華隊,ORG
187,中華隊,ORG
187,中華隊,GPE
187,中華隊,ORG
187,南韓,GPE
187,第二,ORDINAL
187,日本隊,ORG
187,中國,GPE
187,大陸,GPE
187,第二,ORDINAL
187,中華隊,ORG
187,南韓,GPE
187,中國大陸,GPE
187,中華隊,ORG
187,第三,ORDINAL
187,王建民先發局,ORG
187,澳洲,GPE
187,澳洲,GPE
187,中華隊,ORG
187,以色列,GPE
187,荷蘭,GPE
187,南韓,GPE
187,中華隊,ORG
187,巴,GPE
187,中華隊,ORG
187,巴拿馬,GPE
187,大聯盟,ORG
187,梅西亞,PERSON
188,今天,DATE
188,巴拿馬,GPE
188,今天,DATE
188,中華隊,ORG
188,圍巴,GPE
189,安安,PERSON
189,巴西,GPE
189,德國,GPE
189,今天,DATE
189,中華隊,ORG
189,運河國,GPE
190,今天,DATE
190,中華隊,ORG
190,巴拿馬,GPE
190,中華隊,ORG
190,明天,DATE
190,中華隊,ORG
191,日本,GPE
192,今天,DATE
192,巴拿馬,GPE
192,中華隊,ORG
192,吳念庭,PERSON
193,第二,ORDINAL
193,第三,ORDINAL
193,第四,ORDINAL
193,二十幾年,DATE
193,中華隊,ORG
193,十萬,CARDINAL
194,中華隊,ORG
195,今天,DATE
195,中華隊,ORG
195,明天,DATE
196,台灣,GPE
196,三,CARDINAL
197,中華民國,GPE
197,中華民國,GPE
197,國際賽,EVENT
198,林岳平,PERSON
198,丘哥丘昌榮,PERSON
198,林威助,PERSON
198,隔年,DATE
198,林威助,PERSON
198,四,CARDINAL
198,去年,DATE
198,四,CARDINAL
199,安安安安安,PERSON
199,中華隊,ORG
199,幾秒,TIME
200,華視,ORG
200,黃傲天,PERSON
200,陳建達,PERSON
200,世界棒球經典賽,EVENT
200,中華隊,ORG
200,月日至日,DATE
200,萬,CARDINAL
200,中華隊,ORG
200,這幾天,DATE
200,萬,CARDINAL
200,零元,MONEY
200,月日,DATE
200,日,GPE
200,萬,CARDINAL
200,萬,CARDINAL
200,中華隊,ORG
200,家電供應商,ORG
200,李建輝,PERSON
200,中華隊,ORG
200,日,GPE
200,中華隊,ORG
200,中華隊,ORG
200,兩,CARDINAL
200,萬,CARDINAL
200,鄭,PERSON
200,台灣,GPE
200,中華隊,ORG
200,中華隊,ORG
200,月日至日,DATE
200,林瓊芬,PERSON
200,台灣隊,ORG
200,推生啤酒,ORG
200,中華隊,ORG
200,中華隊,ORG
201,台灣隊,ORG
201,中華隊,ORG
201,台灣隊,ORG
201,台灣隊,ORG
201,台灣隊,GPE
201,台灣隊,NORP
202,台灣人,NORP
202,中華隊,ORG
202,中華隊,ORG
202,韓國,GPE
202,中國,GPE
202,紐西蘭菲律賓,GPE
202,中職,ORG
202,年到年,DATE
202,新莊,GPE
202,台灣,GPE
202,台灣,GPE
203,山王,PERSON
203,湘北,LOC
203,湘北,LOC
203,山王,PERSON
203,經典賽,EVENT
203,巴拿馬,GPE
203,湘北,LOC
203,中華山王,PERSON
203,中華隊,ORG
203,山王,PERSON
203,湘北隊,ORG
204,台灣,GPE
205,台灣隊,ORG
205,今天,DATE
205,中華隊,GPE
205,台灣隊,ORG
205,明天,DATE
205,日本,GPE
205,台灣隊,ORG
206,安安,PERSON
206,賀阿,PERSON
206,本肥,PERSON
206,臺灣,GPE
206,今天,DATE
207,林彥臣,PERSON
207,史丹佛大學醫學院,ORG
207,史丹佛大學,ORG
207,阿克瑞爾,PERSON
207,斯皮格爾,PERSON
207,斯皮格爾,PERSON
207,中華隊,ORG
208,第八,ORDINAL
208,兩,CARDINAL
208,中華隊,ORG
209,第三,ORDINAL
209,台灣,GPE
209,台灣,GPE
209,中華隊,GPE
209,巴拿馬,GPE
210,阿巴西,PERSON
210,前幾天,DATE
210,台灣,GPE
210,中華隊,ORG
210,阿巴西,PERSON
211,經典賽,EVENT
211,中華隊,ORG
211,巴拿馬,GPE
212,民視,ORG
212,台灣,GPE
212,巴拿馬,GPE
212,許銘傑,PERSON
212,吳峻光,PERSON
212,第五,ORDINAL
212,世界棒球經典賽,EVENT
212,明日,DATE
212,台灣隊,ORG
212,首日,DATE
212,台灣隊,ORG
212,巴拿馬,GPE
212,許銘傑,PERSON
212,巴,GPE
212,百分之百,PERCENT
212,台灣隊,ORG
212,台灣隊,ORG
212,許銘傑,PERSON
212,巴拿馬役,GPE
212,三立新聞網,ORG
212,台灣隊,ORG
212,灣隊,ORG
212,巴拿馬,GPE
212,許銘傑,PERSON
212,百分之百,PERCENT
212,兩,CARDINAL
212,台灣隊,ORG
212,兩,CARDINAL
212,三,CARDINAL
212,三,CARDINAL
212,三,CARDINAL
212,台灣,GPE
212,經典賽組,ORG
212,巴拿馬,GPE
212,荷蘭古巴義大利,GPE
212,大聯盟,ORG
212,許銘傑,PERSON
212,大聯盟,ORG
212,大聯盟,ORG
213,洲際棒球場,FAC
213,萬,CARDINAL
213,世界棒球經典賽,EVENT
213,中華隊,GPE
213,中華隊,ORG
213,東京,GPE
214,陳金鋒,PERSON
214,世界盃,EVENT
214,天母球場,FAC
214,日本,GPE
214,中華隊,ORG
214,巴拿馬,GPE
214,陳金鋒,PERSON
215,中華隊,ORG
216,中時,ORG
216,崔慈悌,PERSON
216,世界棒球經典賽,EVENT
216,蔡英文,PERSON
216,台灣,GPE
216,總統府,FAC
216,蔡英文,PERSON
216,今日,DATE
216,晚間,TIME
216,世界棒球經典賽,EVENT
216,臺中區,LOC
216,台灣隊,ORG
216,台灣,GPE
216,台灣,GPE
216,世界棒球經典賽,EVENT
216,美國職棒大聯盟,ORG
216,世界棒壘球總會,ORG
216,月日至日,DATE
216,台中洲際棒球場,FAC
216,雲林斗六,GPE
216,古巴荷蘭義大利巴拿馬,GPE
216,蔡英文,PERSON
216,世界棒球經典賽,EVENT
216,今年,DATE
216,台灣,GPE
216,台灣,GPE
216,台灣隊,ORG
216,台灣隊,ORG
216,台灣,GPE
216,臺灣,GPE
216,東京,GPE
216,阿密,PERSON
217,中華隊,ORG
218,鄧,PERSON
218,王,PERSON
218,中華隊,ORG
219,亂七八糟,CARDINAL
219,中華隊,ORG
219,五,CARDINAL
220,中華隊,ORG
220,台灣,GPE
220,上次年,DATE
220,菲律賓紐西蘭泰國,GPE
220,中國,GPE
220,菲律賓,GPE
220,泰國,GPE
220,中華隊,GPE
221,中華隊,ORG
223,去年,DATE
223,世界棒球經典賽,EVENT
223,嘉義縣,GPE
223,中華,NORP
224,中華隊,ORG
224,晚上,TIME
224,中午,TIME
224,三,CARDINAL
224,大聯盟,ORG
224,中華隊,GPE
224,中華隊,ORG
225,今晚,TIME
225,巴拿馬,GPE
225,中華隊,ORG
225,古巴隊,ORG
225,東亞,LOC
225,古巴隊,ORG
226,中華隊,ORG
227,中華隊,ORG
227,今天,DATE
227,曹錦輝,PERSON
227,曹錦輝,PERSON
228,三立,PERSON
228,陳慈鈴,PERSON
228,世界棒球經典賽,EVENT
228,今晚,TIME
228,台灣,GPE
228,鴻海集團,ORG
228,郭台銘,PERSON
228,台,GPE
228,中洲際棒球場,FAC
228,中興國中,ORG
228,文昌國小,ORG
228,兩萬,CARDINAL
228,中華隊,ORG
228,郭台銘,PERSON
228,今晚,TIME
228,中華隊,ORG
228,曾馨瑩,PERSON
228,兩,CARDINAL
228,郭台銘,PERSON
228,國家隊,ORG
228,郭台銘,PERSON
228,南投縣棒球場,FAC
228,郭台銘,PERSON
228,民國年,DATE
228,去年,DATE
228,郭台銘,PERSON
228,郭台銘,PERSON
228,郭台銘,PERSON
228,今天,DATE
228,巴拿馬,GPE
229,巴拿馬,GPE
229,中華,GPE
229,巴拿馬,GPE
229,中華隊,ORG
229,巴拿馬隊,GPE
230,今天,DATE
230,中華隊,ORG
230,大聯盟,ORG
230,中華,GPE
230,今天,DATE
231,第二,ORDINAL
231,中華隊,ORG
231,巴拿馬球,PERSON
231,中華隊,GPE
231,中華隊,ORG
232,阿,GPE
232,今天,DATE
232,小玉,PERSON
232,子偉,PERSON
232,巴拿馬,GPE
232,中華隊,ORG
233,中華,NORP
233,張誌家,PERSON
233,王建民,PERSON
233,陳金鋒,PERSON
233,中華隊,ORG
234,中華隊,GPE
234,張誌家,PERSON
234,當年,DATE
234,三,CARDINAL
234,日職,GPE
234,張誌家,PERSON
235,趙蔡州,PERSON
235,高宇杰,PERSON
235,第五,ORDINAL
235,世界棒球經典賽組預賽,EVENT
235,中華隊,ORG
235,台中洲,GPE
235,巴拿馬,GPE
235,其中局,ORG
235,江坤宇,PERSON
235,高宇杰,PERSON
235,高宇杰,PERSON
235,二局,ORG
235,下半,DATE
235,江坤宇,PERSON
235,高宇杰,PERSON
235,巴拿馬,GPE
235,陳傑憲,PERSON
235,中華隊,ORG
235,二局,ORG
236,中華隊,ORG
236,今天,DATE
237,經典賽,EVENT
237,中華隊,GPE
237,三,CARDINAL
237,巴拿馬,GPE
237,三,CARDINAL
237,義大利,GPE
237,中華隊,ORG
237,中華,GPE
237,台灣,GPE
238,韓國,GPE
238,中華,GPE
238,六年,DATE
238,台灣,GPE
238,台灣,GPE
238,這幾年,DATE
239,中華隊,ORG
239,中華隊,ORG
240,常威,PERSON
240,十三,CARDINAL
240,比賽度,PERSON
240,中華隊,ORG
241,東森,ORG
241,王真魚,PERSON
241,台中,GPE
241,中華隊,ORG
241,巴拿馬,GPE
241,林岳平,PERSON
241,王真魚,PERSON
241,台中,GPE
241,中華隊,ORG
241,今晚,TIME
241,巴拿馬,GPE
241,林岳平,PERSON
241,江坤宇,PERSON
241,鄭宗哲,PERSON
241,先發局,ORG
241,陳冠偉,PERSON
241,中繼局,ORG
241,李振昌,PERSON
241,曾峻岳,PERSON
241,吳哲源,PERSON
241,陳冠宇,PERSON
241,宋家豪,PERSON
241,林岳平,PERSON
241,鄧愷威,PERSON
241,林岳平,PERSON
241,巴拿馬,GPE
242,年月日,DATE
242,台東,GPE
242,紅葉少棒隊,ORG
242,日本,GPE
242,歌山少棒隊,ORG
242,台灣,GPE
242,中華隊,GPE
243,當年,DATE
243,紅葉少棒,EVENT
243,中華隊,ORG
243,今天,DATE
243,中華隊,ORG
244,今天,DATE
244,中華隊,GPE
244,台灣隊,ORG
244,台灣隊,ORG
244,中華隊,ORG
244,中華隊,ORG
244,台灣隊,ORG
244,中華隊,ORG
245,今天,DATE
245,巴拿馬,GPE
245,中華隊,ORG
245,宏哩工,PERSON
246,三立新聞網,ORG
246,劉彥池,PERSON
246,台灣,GPE
246,巴拿馬,GPE
246,台灣,GPE
246,巴拿馬,GPE
246,日,GPE
246,台灣,GPE
246,巴拿馬,GPE
246,中華職棒支啦啦隊,ORG
246,去年,DATE
246,中職,ORG
246,台中,GPE
246,洲際棒球場,FAC
246,陳子豪,PERSON
246,中信,ORG
246,妮可,PERSON
246,林襄孟潔,PERSON
246,味全龍,ORG
246,琪琪,PERSON
246,心璇小映,PERSON
246,賴可,PERSON
246,富邦悍將啦啦隊,ORG
246,丹丹秀秀,PERSON
246,統獅啦啦隊,ORG
246,艾璐瑟七,PERSON
246,今日前,DATE
246,三立新聞網,ORG
246,過年期間,DATE
246,台灣隊,GPE
246,樂天,ORG
246,經典賽,EVENT
246,第次,ORDINAL
246,秀秀子,PERSON
246,台灣人,NORP
246,丹丹,PERSON
246,第次,ORDINAL
246,經典賽,EVENT
246,第次,ORDINAL
246,台灣隊,ORG
246,林襄,PERSON
246,日,GPE
246,洲際棒球場,FAC
246,艾璐,PERSON
246,台灣,GPE
246,巴拿馬,GPE
246,胡智為,PERSON
246,艾璐,PERSON
246,經典賽,EVENT
247,台北大巨蛋,FAC
247,新竹棒球場,FAC
247,台灣,GPE
248,中華隊,ORG
248,宇宙邦,PERSON
248,今天,DATE
248,中華隊,ORG
248,中華隊,ORG
248,第局,ORG
248,中華隊,ORG
249,詹宜庭,PERSON
249,台北,GPE
249,經典賽,EVENT
249,洲際球場,FAC
249,林佳龍,PERSON
249,千萬,CARDINAL
249,世界棒球,EVENT
249,台灣,GPE
249,巴拿馬,GPE
249,台中洲際棒球場,FAC
249,總統府,ORG
249,林佳龍,PERSON
249,台中,GPE
249,胡志強,PERSON
249,台中市,GPE
249,長後,PERSON
249,中信兄弟球隊,ORG
249,洲際棒球場,FAC
249,千萬,CARDINAL
249,台,GPE
249,林佳龍,PERSON
249,台灣,GPE
249,台灣人,NORP
249,台灣,GPE
249,台中洲際棒球場,FAC
249,林佳龍,PERSON
249,胡志強,PERSON
249,台中,GPE
249,中信兄弟球隊,ORG
249,洲際棒球場,FAC
249,台,GPE
249,林佳龍,PERSON
249,洲際棒球場,FAC
249,中央,ORG
249,台中,GPE
249,盧秀燕,PERSON
249,中信兄弟球團,ORG
249,台灣,NORP
249,林佳龍,PERSON
249,去年,DATE
249,宜蘭,GPE
249,三星國小棒球隊,ORG
249,林佳龍,PERSON
249,光合基金會,ORG
249,棒球隊,ORG
249,近幾年,DATE
249,美國大聯盟,ORG
250,中華隊,ORG
250,今年,DATE
250,今天,DATE
250,八成,CARDINAL
251,今天,DATE
251,中華隊,ORG
251,張誌家,PERSON
251,日本,GPE
251,台,GPE
251,張誌家,PERSON
251,中華隊,ORG
251,今天,DATE
251,中華隊,ORG
252,黃仲裕,PERSON
252,中華,GPE
252,巴拿馬,GPE
252,中華,GPE
252,巴拿馬,GPE
252,攝影中心,ORG
252,黃仲裕,PERSON
252,台中,GPE
252,世界棒球經典賽,EVENT
252,今天,DATE
252,台中洲際棒球場,FAC
252,六局,ORG
252,黃仲裕,PERSON
252,六,CARDINAL
252,今天,DATE
252,台中洲際棒球場,FAC
252,中華,GPE
252,巴拿馬,GPE
252,巴拿馬,GPE
252,中華隊,ORG
252,六,CARDINAL
252,八,CARDINAL
252,四個小時,TIME
252,洲際棒球場,FAC
253,中華隊,ORG
253,日本,GPE
253,今天,DATE
254,今天,DATE
254,中華隊,ORG
254,中華隊,GPE
255,韓國,GPE
255,台灣,GPE
255,韓國,GPE
255,日本,GPE
255,中華,GPE
255,韓國,GPE
256,中華隊,ORG
256,巴拿馬,GPE
256,第二,ORDINAL
256,林襄,PERSON
256,中華隊,ORG
256,昨天,DATE
256,中職,ORG
256,巴拿馬,GPE
257,安安,PERSON
257,建仔洋基號,PERSON
257,今年歲,DATE
257,袁,PERSON
257,中華隊,ORG
258,釀酒人釀酒人,NORP
258,落磯,GPE
258,中華代表隊,ORG
258,張育成,PERSON
258,紅襪,ORG
258,吳念庭,PERSON
258,西武,PERSON
258,國際賽,EVENT
258,潘威倫,PERSON
258,林恩宇,PERSON
259,中華隊,ORG
259,堆年前,DATE
259,中華隊,ORG
259,中華隊,ORG
260,台灣,GPE
260,巴拿馬,GPE
260,阿根廷,GPE
260,阿拉伯,NORP
260,台灣,GPE
261,巴拿馬,GPE
261,中華隊,ORG
261,阿肥,PERSON
261,巴拿馬,GPE
261,中華隊,ORG
262,中華隊,ORG
262,巴拿馬,GPE
263,中職,ORG
263,陽岱鋼,PERSON
263,林哲瑄,PERSON
263,張進德,PERSON
263,陳鏞基,PERSON
263,李振昌,PERSON
263,陳冠宇,PERSON
263,本魯,PERSON
263,本魯,PERSON
264,中華隊,ORG
265,台灣人,NORP
265,新竹棒球場,FAC
265,中華隊,ORG
265,巴拿馬,GPE
266,大聯盟,ORG
266,大聯盟,ORG
266,中華隊,GPE
266,王建民,PERSON
267,王建民,PERSON
267,郭泓志,PERSON
267,經典賽,EVENT
267,台灣,GPE
268,兩,CARDINAL
268,中華隊,ORG
268,中華隊,ORG
268,三,CARDINAL
268,三,CARDINAL
269,巴拿馬荷蘭,GPE
269,義大利古巴,GPE
269,中國,GPE
269,日本,GPE
269,三,CARDINAL
270,中華隊,ORG
270,巴拿馬,GPE
270,陳之漢,PERSON
270,中華隊,ORG
270,巴拿馬,GPE
271,台灣,GPE
272,王真魚,PERSON
272,台中,GPE
272,巴拿馬,GPE
272,台灣,GPE
272,洲際變圖書館,FAC
272,巴拿馬,GPE
272,台灣,NORP
272,今晚,TIME
272,洲際變圖書館,FAC
272,歐堤茲,PERSON
272,台灣,GPE
272,梅西亞,PERSON
272,中華隊,ORG
272,今晚,TIME
272,萬,CARDINAL
272,梅西亞,PERSON
272,歐提茲,PERSON
272,台灣,GPE
272,中華隊,ORG
272,台灣,NORP
272,梅西亞,PERSON
272,台灣,NORP
272,第九,ORDINAL
273,姆斯,PERSON
273,中華隊,GPE
274,當年,DATE
274,委內瑞拉,GPE
274,波多黎各,GPE
274,韓國,GPE
274,澳洲,GPE
274,委內瑞拉,GPE
274,波多黎各,GPE
274,韓國,GPE
274,旅美,GPE
274,中職,ORG
274,韓,PERSON
274,旅日,GPE
274,張奕,PERSON
275,台灣,GPE
275,世界板球冠軍賽,EVENT
275,台灣,GPE
275,國家隊,ORG
275,台灣人,NORP
276,寵子,PERSON
276,鬼島隊會,ORG
276,今天,DATE
276,中國,GPE
276,韓國,GPE
276,九,CARDINAL
276,中華隊,ORG
277,宣布井,PERSON
277,橫濱體育館,FAC
278,日棒,PERSON
278,張育成,PERSON
278,大聯盟,ORG
278,台灣人,NORP
279,中華台北,GPE
279,台灣隊,GPE
279,台灣,NORP
279,中華隊,ORG
279,中華隊,GPE
280,中華隊,ORG
280,明天,DATE
280,義大利,GPE
280,巴拿馬,GPE
280,義大利,GPE
280,昨天,DATE
280,中華隊,ORG
280,明天,DATE
280,義大利,GPE
281,昨天,DATE
281,今年,DATE
281,南韓,GPE
282,中時,ORG
282,張群東,PERSON
282,中時,ORG
282,鄭任南,PERSON
282,中華隊,ORG
282,第名,ORDINAL
282,今日,DATE
282,中華隊,ORG
282,巴拿馬,GPE
282,巴拿馬,GPE
282,中華隊,GPE
282,中華隊,GPE
282,中華隊,GPE
282,中華隊,ORG
282,中信,ORG
282,樂天桃猿,ORG
282,林襄籃,PERSON
282,孟潔,PERSON
282,富邦,ORG
282,丹丹秀秀子慈妹,PERSON
282,味全龍,ORG
282,心璇琪琪,PERSON
282,賴可,PERSON
282,統獅,ORG
282,艾璐瑟七,PERSON
283,昨天,DATE
283,中華隊,ORG
284,中華隊,ORG
284,昨天,DATE
284,台灣,GPE
284,中華隊,ORG
284,國際賽,EVENT
284,台灣,NORP
284,卡農時期,DATE
285,中華隊,ORG
286,中華隊,ORG
286,陳偉殷,PERSON
286,王建民,PERSON
286,張奕,PERSON
286,中華隊,GPE
287,中華隊,ORG
287,台灣,GPE
287,台灣人,NORP
287,中華隊,ORG
288,中華隊,ORG
288,日本隊,ORG
288,林襄,PERSON
288,中華隊,GPE
288,第天,DATE
288,中華隊,ORG
288,昨天,DATE
288,中華隊,GPE
288,林襄,PERSON
289,中華隊,ORG
289,巴拿馬,GPE
289,洲際慘案,EVENT
289,聯合報,ORG
289,陳宛晶,PERSON
289,世界棒球經典賽,EVENT
289,第天,DATE
289,中華隊,GPE
289,巴拿,GPE
289,兩,CARDINAL
289,中華隊,ORG
289,巴拿馬,GPE
289,經典賽,EVENT
289,第勝,ORDINAL
289,隔年,DATE
289,台灣,GPE
289,今天,DATE
289,中華隊,ORG
289,萬,CARDINAL
289,第局,ORG
289,二,CARDINAL
289,卡斯提歐,PERSON
289,巴拿馬,GPE
289,陳冠偉,PERSON
289,李振昌,PERSON
289,三,CARDINAL
289,巴拿馬,GPE
289,中華隊,ORG
289,張育成,PERSON
289,鄧愷威,PERSON
289,中華隊,ORG
289,鄧愷威,PERSON
289,曾峻岳,PERSON
289,中華隊,ORG
289,第局,ORG
289,張育成,PERSON
289,鄭宗哲,PERSON
289,吳念庭,PERSON
289,兩,CARDINAL
289,中華隊,ORG
289,鄭宗哲,PERSON
289,中華隊,ORG
289,吳念庭,PERSON
289,鄭宗哲,PERSON
289,張育成江,PERSON
289,坤宇,PERSON
289,雙安,PERSON
289,巴拿馬,GPE
289,兩,CARDINAL
289,中華隊,ORG
289,經典賽,EVENT
290,昨天,DATE
290,中華隊,ORG
290,中華隊,ORG
290,三,CARDINAL
290,中文字,LANGUAGE
290,中文字,LANGUAGE
290,中文字,LANGUAGE
291,安安,PERSON
291,第二,ORDINAL
291,日本,GPE
291,日本,GPE
291,茂野吾郎,PERSON
292,打卡完,PERSON
292,中華隊,ORG
292,中華隊,ORG
292,中華隊,GPE
293,昨天,DATE
293,王建民,PERSON
293,巴拿馬,GPE
293,中華隊,ORG
294,昨天,DATE
294,新竹棒球場,FAC
294,巴拿馬,GPE
294,今天,DATE
295,十幾二十年前,DATE
295,美國古巴日本,GPE
295,中華隊,GPE
295,中美大戰,EVENT
295,韓國,GPE
295,中,GPE
295,中華隊,ORG
295,中華台北隊,ORG
295,台灣隊,ORG
295,中華隊,ORG
295,中日大戰,EVENT
295,台日大戰,EVENT
295,台巴大戰,EVENT
295,中華隊,ORG
295,美國古巴,GPE
295,中華,GPE
295,日本,GPE
295,第三,ORDINAL
295,台灣隊,ORG
296,國際賽,ORG
296,中華隊,ORG
296,百萬以上,CARDINAL
297,國足,ORG
297,台灣,GPE
297,中華隊,ORG
297,中華隊,ORG
297,國足,ORG
298,中華隊,ORG
298,經典賽,EVENT
299,這幾天,DATE
299,中華隊,ORG
299,中華隊,ORG
299,國家隊,ORG
299,魚隊電量不足隊水庫,FAC
299,明仁隊,ORG
300,中華隊,ORG
300,中華隊,ORG
300,中華隊,ORG
300,中華隊,ORG
300,中華隊,ORG
300,中華隊,ORG
301,中華隊,ORG
301,巴拿馬,GPE
301,張育成,PERSON
301,馮茵,PERSON
301,中華隊,ORG
301,昨日,DATE
301,巴拿馬,GPE
301,張育成,PERSON
301,第棒，局,ORG
301,中華隊,ORG
301,吳念庭,PERSON
301,王柏融,PERSON
301,張育成,PERSON
301,中華隊,ORG
301,巴拿馬,GPE
302,彭政閔,PERSON
302,昨天,DATE
302,中華隊,ORG
302,經典賽,EVENT
302,中華隊,GPE
303,昨天,DATE
303,巴拿馬,GPE
303,中華隊,GPE
303,中華隊,GPE
303,中華隊,ORG
304,昨天,DATE
304,愛爾達電視台,ORG
304,中華,GPE
304,台灣,GPE
304,愛爾達,ORG
304,奧會,ORG
304,三立民視,ORG
304,台灣隊,ORG
304,張立群,PERSON
304,台灣隊,ORG
304,中天,ORG
304,中華隊,ORG
304,東森,ORG
304,中華台北,GPE
304,民進黨,ORG
304,兩,CARDINAL
304,香港,GPE
305,聯合報,WORK_OF_ART
305,蘇志畬,PERSON
305,台式,GPE
305,巴拿馬,GPE
305,中華隊,ORG
305,今晚,TIME
305,台中洲際棒球場,FAC
305,巴拿馬隊,GPE
305,世界棒球經典賽,EVENT
305,萬,CARDINAL
305,台灣,GPE
305,巴拿馬,GPE
305,歐提茲,PERSON
305,歐提茲,PERSON
305,中華隊,GPE
305,洲際球場,FAC
305,萬,CARDINAL
305,台灣,NORP
305,巴拿馬,GPE
305,歐提茲,PERSON
305,巴拿馬,GPE
305,兩,CARDINAL
305,歐提茲,PERSON
305,第二,ORDINAL
305,巴拿馬隊,GPE
305,明天,DATE
305,中午,TIME
305,今天,DATE
305,古巴,GPE
305,荷蘭隊,ORG
305,今天,DATE
305,午夜,TIME
305,中午,TIME
305,中華隊,GPE
306,中華隊,ORG
306,兩,CARDINAL
306,中華隊,ORG
307,中華隊,ORG
307,賴冠文,PERSON
307,台中,GPE
307,中華隊,ORG
307,今日,DATE
307,經典賽,EVENT
307,巴拿馬,GPE
307,萬,CARDINAL
307,台灣,GPE
307,中華隊,ORG
307,中華隊,ORG
307,中華隊,ORG
307,中職球團,ORG
307,中信,ORG
307,林襄孟潔,PERSON
307,味全龍,ORG
307,賴可琪琪,PERSON
307,統獅艾璐瑟七,PERSON
307,富邦,ORG
307,慈妹,PERSON
307,中華隊,ORG
307,中華隊,ORG
307,林子偉,PERSON
307,吳念庭,PERSON
308,昨天,DATE
308,中華隊,ORG
308,中華隊,ORG
309,新竹大棒球場,FAC
309,昨天,DATE
309,巴拿馬,GPE
309,巴拿馬,GPE
309,中華隊,ORG
309,台中,GPE
310,台灣,GPE
310,昨天,DATE
311,昨天,DATE
311,中華隊,ORG
311,巴拿馬,GPE
311,今天,DATE
311,明天,DATE
311,連戰,PERSON
311,中華隊,ORG
311,今天,DATE
312,台灣隊,ORG
312,台灣,GPE
312,中華隊,ORG
313,中華隊,ORG
313,昨天,DATE
314,昨天,DATE
314,中華隊,ORG
314,巴拿馬,GPE
314,中華隊,ORG
314,中華民國,GPE
314,台灣,GPE
314,台灣隊,ORG
314,瓊斯盃,EVENT
314,中華隊,ORG
314,台灣隊,ORG
314,經典賽,EVENT
314,瓊斯盃,EVENT
314,中華隊,ORG
314,台灣隊,GPE
315,昨天,DATE
315,中華隊,ORG
315,巴拿馬,GPE
315,中華隊,ORG
315,中華隊,ORG
315,第二,ORDINAL
315,巴拿馬,GPE
315,中華隊,ORG
315,林,PERSON
315,台灣,GPE
315,中華隊,ORG
316,今日,DATE
316,簡名杉,PERSON
316,台中,GPE
316,經典賽,EVENT
316,台灣,GPE
316,巴拿馬,GPE
316,巴拿馬,GPE
316,中華隊,ORG
316,巴,GPE
316,馬隊,ORG
316,台灣,GPE
316,巴拿馬隊,GPE
316,巴拿馬,GPE
316,經典賽,EVENT
316,今天,DATE
316,午夜點,TIME
316,明天,DATE
316,巴拿馬,GPE
317,五,CARDINAL
317,今早二確,TIME
317,昨天,DATE
317,中華隊,ORG
317,巴拿馬,GPE
317,中華隊,ORG
318,中華隊,ORG
318,台灣,NORP
318,中華隊,ORG
318,臺灣人,NORP
319,中華隊,ORG
319,台男,PERSON
319,曹錦輝,PERSON
319,中華職棒,ORG
319,兄弟象,PERSON
319,曹錦輝,PERSON
319,雅典奧運,EVENT
319,台灣,GPE
319,中職,ORG
319,澳洲,GPE
319,曹錦輝,PERSON
319,澳洲,GPE
319,阿德雷德,GPE
319,鯊魚隊,ORG
319,曹錦輝,PERSON
319,美國,GPE
319,職棒大聯盟,ORG
319,中職,ORG
319,譙別,PERSON
319,陳偉殷,PERSON
319,曹錦輝,PERSON
319,台灣,GPE
319,陳偉殷,PERSON
319,經典賽,EVENT
319,台灣,NORP
320,王大樹,PERSON
320,中華隊,ORG
320,三,CARDINAL
321,台灣隊,ORG
321,賴清德,PERSON
321,陳金鋒,PERSON
321,李鴻典,PERSON
321,台北,GPE
321,世界棒球經典賽,EVENT
321,昨晚,TIME
321,台灣,GPE
321,巴拿馬,GPE
321,台灣隊,GPE
321,吳念庭,PERSON
321,經典賽,EVENT
321,台灣,GPE
321,賴清德,PERSON
321,今天,DATE
321,世界棒球經典賽,EVENT
321,台中,GPE
321,洲際棒球場,FAC
321,台,GPE
321,灣隊,ORG
321,巴拿馬,GPE
321,萬,CARDINAL
321,洲際棒球場,FAC
321,賴清德,PERSON
321,美國職棒大聯盟,ORG
321,李維拉,PERSON
321,賴清德,PERSON
321,台灣隊,ORG
321,賴清德,PERSON
321,今天,DATE
321,台灣,GPE
321,陳金鋒,PERSON
321,今天,DATE
321,三立,PERSON
322,巴塞隆納奧運,EVENT
322,幾年,DATE
322,中華隊,ORG
322,中華隊,GPE
322,日本,GPE
322,台灣,GPE
322,中華隊,ORG
323,台灣少棒國際賽,EVENT
323,台灣,GPE
323,台灣,GPE
323,台灣,GPE
323,中華隊國際賽,EVENT
323,亞錦賽經典賽,EVENT
323,台灣,GPE
323,台灣,GPE
323,台灣,GPE
323,中國菲律賓,GPE
323,泰國,GPE
324,張嘉哲,PERSON
324,中華隊,ORG
324,巴拿馬,GPE
324,維基,PERSON
324,第五,ORDINAL
324,世界棒球經典賽組,EVENT
324,昨日,DATE
324,中華隊,ORG
324,巴,GPE
324,林岳平,PERSON
324,江坤宇,PERSON
324,鄭宗哲,PERSON
324,塔哈達,PERSON
324,二,ORDINAL
324,卡斯提歐,PERSON
324,第分,ORDINAL
324,陳冠偉,PERSON
324,鄧愷威,PERSON
324,林岳平,PERSON
324,林岳平,PERSON
324,經典賽,EVENT
324,巴拿馬,GPE
324,林岳平,PERSON
324,鄧愷威,PERSON
324,二,CARDINAL
324,高宇杰,PERSON
324,維基百科,PERSON
324,台灣,GPE
324,世界棒球經典賽,EVENT
325,今天,DATE
325,中國,GPE
325,日本,GPE
325,日本,GPE
325,日本,GPE
325,今天,DATE
325,日本,GPE
326,昨天,DATE
326,中華隊,ORG
326,巴拿馬,GPE
326,里維拉,PERSON
326,台灣,GPE
326,王建民,PERSON
327,第二,ORDINAL
327,中國,GPE
327,台北省隊,ORG
327,中華,NORP
328,中華隊,ORG
328,中國隊,ORG
329,中華隊,ORG
329,三,CARDINAL
329,昨天,DATE
330,中華隊,ORG
331,昨天,DATE
331,世界棒球經典賽,EVENT
331,建仔,PERSON
331,中華隊,ORG
331,昨天,DATE
332,三立,ORG
332,劉彥池,PERSON
332,吳宣萱,PERSON
332,林襄,PERSON
332,台灣,GPE
332,台灣隊,ORG
332,日,GPE
332,巴拿馬,GPE
332,今年,DATE
332,台灣隊,ORG
332,去年,DATE
332,中職明星賽,EVENT
332,兩,CARDINAL
332,林襄,PERSON
332,中華,GPE
332,第戰,EVENT
332,台灣,GPE
332,巴拿馬,GPE
332,萬,CARDINAL
332,台灣隊,GPE
332,日本,NORP
332,經典賽,EVENT
332,林襄,PERSON
332,國際賽,EVENT
332,中華,NORP
332,中職明星賽,EVENT
332,林襄,PERSON
332,台灣隊,ORG
332,中職,ORG
332,林襄,PERSON
332,高宇杰,PERSON
332,三,CARDINAL
332,世界棒球經典賽,EVENT
332,林襄右,PERSON
332,台灣隊,ORG
332,劉彥池,PERSON
333,昨天,DATE
333,胡智為,PERSON
333,中華隊,ORG
333,投手,ORG
333,許銘傑,PERSON
333,胡智為,PERSON
333,胡,PERSON
333,胡,PERSON
333,四天,DATE
333,胡,PERSON
333,第三,ORDINAL
333,胡,PERSON
334,中華民國,GPE
334,中華民國,GPE
334,連座巨蛋,FAC
334,中華民國,GPE
334,第二,ORDINAL
335,高雄,GPE
335,今年,DATE
335,億,CARDINAL
335,台灣,GPE
336,今天,DATE
336,今天,DATE
336,今天,DATE
336,馬的,PERSON
337,昨天,DATE
337,中華隊,ORG
337,今天,DATE
337,荷蘭,GPE
337,兩,CARDINAL
338,東京,GPE
338,韓國隊,ORG
338,第場,ORDINAL
338,韓國,GPE
338,澳洲,GPE
338,韓國,GPE
338,台灣,GPE
338,韓式,NORP
339,洲際棒球場,FAC
339,今天,DATE
339,洲際棒球場,FAC
339,中華隊,GPE
340,韓國,GPE
340,澳洲,GPE
340,韓,GPE
340,韓國,GPE
341,韓國,GPE
341,澳洲,GPE
341,澳洲,GPE
341,昨晚,TIME
341,中華隊,ORG
341,中華隊,GPE
342,台灣隊,ORG
342,四,CARDINAL
342,中共,ORG
343,台籃,GPE
343,戴維斯,PERSON
343,中華隊,ORG
343,中國隊,ORG
343,台灣,GPE
343,今年,DATE
344,中華隊,ORG
344,巴拿馬,GPE
345,日本,GPE
345,威剛,PERSON
345,日本中國,GPE
346,七,CARDINAL
346,三,CARDINAL
346,兩,CARDINAL
346,小玉,PERSON
346,三,CARDINAL
346,中華隊,ORG
347,今天,DATE
347,韓國,GPE
347,澳洲,GPE
347,昨天,DATE
347,晚上,TIME
347,台灣,GPE
347,韓國人,NORP
347,台灣,GPE
347,中國,GPE
348,日本,GPE
348,中國,GPE
348,台北,GPE
348,中華台北,GPE
348,台灣,GPE
348,日本,GPE
348,台灣,GPE
349,世界棒球經典賽,EVENT
349,中國,GPE
349,今晚,TIME
349,日本,GPE
349,台灣,GPE
350,韓國,GPE
350,大陸,GPE
350,今天,DATE
350,韓國,GPE
350,大陸,GPE
350,昨天,DATE
350,中華隊,ORG
351,日本隊,ORG
351,昨天,DATE
351,巴拿馬,GPE
351,中華隊,ORG
351,日本隊,ORG
351,中華隊,ORG
351,中華隊,ORG
351,日本隊,GPE
352,日本人,NORP
352,台灣,GPE
352,日本人,NORP
352,日本,GPE
352,日本,GPE
353,台灣,GPE
353,兩,CARDINAL
353,北歐,LOC
353,台灣,NORP
354,中華隊,GPE
354,星巴克,ORG
355,日本,GPE
355,中華隊,ORG
356,中國,GPE
356,日本,GPE
356,日本,GPE
356,日本,GPE
356,大谷,PERSON
356,大谷,PERSON
356,中華隊,ORG
356,五,CARDINAL
356,中國,GPE
357,中國,GPE
357,大谷翔平,PERSON
357,日本,GPE
357,中國,GPE
357,日本隊,ORG
357,巴拿馬,GPE
357,中國,GPE
357,台北隊,ORG
357,中國隊,ORG
357,省隊,ORG
358,大谷,PERSON
358,中國,GPE
358,中華隊,ORG
358,中華隊,ORG
358,中國,GPE
359,義大利,GPE
359,中華隊,ORG
359,皮亞薩,PERSON
359,陳立勳,PERSON
359,台中,GPE
359,晚間,TIME
359,台中洲際球場,FAC
359,義大利,GPE
359,古巴,GPE
359,明天,DATE
359,義大利,GPE
359,中華隊,GPE
359,大利,ORG
359,皮亞薩,PERSON
359,明天,DATE
359,中華隊,ORG
359,皮亞薩,PERSON
359,中華隊,ORG
359,經典賽,EVENT
359,中華隊,ORG
359,美國,GPE
359,今天,DATE
359,義大利,GPE
359,哈維,PERSON
359,古巴,GPE
359,皮亞薩,PERSON
359,哈維,PERSON
359,義大利人,NORP
359,義大利,GPE
359,義大利,GPE
359,古巴,GPE
359,大聯盟,ORG
359,昨天,DATE
359,義大利教練團,ORG
359,台灣,GPE
359,徐志維,PERSON
359,皮亞薩,PERSON
359,徐志維,PERSON
359,中華隊,ORG
359,義大利人,NORP
359,美國,GPE
359,昨天,DATE
360,中國隊,ORG
360,日本隊,ORG
360,蘿莉,PERSON
360,大谷翔平,PERSON
360,中華隊,ORG
361,台灣,GPE
361,明天,DATE
361,義大利,GPE
361,義大利,GPE
361,世界盃,EVENT
361,明天,DATE
361,義大利,GPE
362,中華隊,ORG
362,六,CARDINAL
362,大谷,PERSON
362,中華隊,ORG
362,中華隊,ORG
362,中國隊,ORG
363,大谷,PERSON
363,中華台北,GPE
363,中國,GPE
363,中華隊,ORG
364,台灣,GPE
364,經典賽,EVENT
364,三,CARDINAL
364,昨天,DATE
364,台灣,GPE
364,第二,ORDINAL
364,台灣,GPE
365,池宗玲,PERSON
365,林襄,PERSON
365,林襄,PERSON
365,今日,DATE
365,筠熹,PERSON
365,阿布舞,PERSON
365,林襄,PERSON
365,日前,DATE
365,日,GPE
365,晚間,TIME
365,中華隊,ORG
365,巴拿馬,GPE
365,林襄,PERSON
365,約公斤,QUANTITY
365,林襄,PERSON
365,林襄,PERSON
365,近日,DATE
365,王淨林襄,PERSON
365,林襄,PERSON
365,筠熹,PERSON
365,林襄,PERSON
365,韓國人,NORP
365,林襄,PERSON
365,林襄,PERSON
365,林襄,PERSON
365,郭書瑤,PERSON
365,早上六點,TIME
365,賈永婕,PERSON
366,三十公分,QUANTITY
366,魯熊熊,PERSON
366,中共,ORG
366,台灣,GPE
366,林襄,PERSON
366,昨天,DATE
366,中華隊,ORG
366,林襄,PERSON
366,中華隊,ORG
366,民視,ORG
366,台灣隊,ORG
366,三,CARDINAL
366,三立新聞自由時報,WORK_OF_ART
366,三,CARDINAL
366,民視,ORG
366,民視自由時報,WORK_OF_ART
366,台獨,GPE
367,中國,GPE
367,中國,GPE
367,中國,GPE
367,中國,GPE
367,中國,GPE
367,中國人,NORP
368,昨天,DATE
368,巴拿馬,GPE
369,日,GPE
369,日,GPE
369,中華隊,ORG
370,中國隊,ORG
370,中國中華台北隊,ORG
370,三,CARDINAL
370,中國隊,ORG
370,中國,GPE
370,中華台北隊,ORG
370,中國,GPE
370,阿蒙,PERSON
370,大谷,PERSON
370,兩,CARDINAL
370,中國隊,ORG
370,中國中華台北隊,ORG
371,昨天,DATE
371,巴拿馬,GPE
371,中華隊,ORG
372,東京,GPE
372,中國,GPE
372,日本,GPE
372,日本,GPE
372,梁培,PERSON
372,去年,DATE
372,日本中央聯盟,ORG
372,王,PERSON
372,中國,GPE
372,中國,GPE
373,多年前,DATE
373,中國棒球隊,ORG
373,今年,DATE
373,中國棒球隊,ORG
373,日本隊,ORG
373,中國隊,ORG
374,大谷,PERSON
374,日本隊,ORG
374,中國隊,ORG
374,第二,ORDINAL
374,中華隊,GPE
375,兩,CARDINAL
375,兩,CARDINAL
376,英國捷克菲律賓,PERSON
376,巴拿馬,GPE
376,中華隊,ORG
376,中華隊,ORG
377,中國隊,ORG
377,中華隊,ORG
377,日本,GPE
377,中國,GPE
378,中華隊,GPE
378,昨天,DATE
378,巴拿馬,GPE
378,昨晚,TIME
378,中華隊,GPE
378,今天,DATE
378,荷蘭,GPE
378,中華隊,ORG
378,第二,ORDINAL
378,明天晚上,TIME
378,台灣,GPE
378,第二,ORDINAL
378,中華隊,ORG
378,中華隊,ORG
378,中華隊,ORG
379,明朝,DATE
379,薩爾滸戰役,EVENT
379,萬曆三大征三戰,EVENT
379,戚繼光,PERSON
379,李如松,PERSON
379,明朝,DATE
379,明朝,DATE
379,昨天,DATE
380,中華隊,GPE
380,麥當勞,ORG
380,麥當勞,ORG
380,麥當勞,ORG
380,中華隊,ORG
380,幾歲,DATE
381,三立,PERSON
381,蔣季容,PERSON
381,台灣,GPE
381,大聯盟,ORG
381,台灣隊,ORG
381,巴拿馬,GPE
381,劉彥池,PERSON
381,台灣隊,ORG
381,巴拿馬,GPE
381,台灣,NORP
381,美國大聯盟,ORG
381,台灣隊,ORG
381,昨日,DATE
381,經典賽,EVENT
381,大聯盟,ORG
381,莫納根,PERSON
381,洲際球場,FAC
381,第局,ORG
381,台灣,GPE
381,台灣,GPE
381,台灣隊,ORG
381,巴拿馬,GPE
381,巴拿馬隊,GPE
381,巴拿馬隊,ORG
381,歐提茲,PERSON
381,巴拿馬,GPE
381,台灣,GPE
381,台灣,GPE
381,台灣隊,ORG
381,巴拿馬,GPE
381,台灣隊局,ORG
381,劉彥池,PERSON
382,中國,GPE
382,大谷翔平,PERSON
382,日本,GPE
382,中華,GPE
382,台灣隊,ORG
382,阿里,PERSON
382,巴拿馬,GPE
382,七,CARDINAL
382,中國,GPE
382,中國,GPE
383,北京,GPE
383,奧運,EVENT
383,中華隊,ORG
383,中國隊,ORG
383,中華隊,ORG
383,四,CARDINAL
383,奧運,EVENT
383,中華隊,ORG
383,中國隊,ORG
384,三立,ORG
384,黃韻璇,PERSON
384,中國隊,ORG
384,日本,GPE
384,世界棒球經典賽,EVENT
384,東京巨蛋,FAC
384,今日,DATE
384,日本隊,GPE
384,二,CARDINAL
384,中國隊,ORG
384,兩,CARDINAL
384,中國,GPE
384,日本,GPE
384,日本,GPE
384,中國,GPE
384,第棒,ORDINAL
384,梁培,PERSON
384,日本,GPE
384,日本隊,ORG
384,中國,GPE
384,大谷翔平,PERSON
384,兩,CARDINAL
384,中國,GPE
384,中國隊,ORG
384,王翔,PERSON
384,日本,GPE
384,第分,ORDINAL
384,岡本,GPE
384,藤健介,PERSON
384,王翔,PERSON
384,二,CARDINAL
384,王翔,PERSON
384,日本隊,GPE
384,第二,ORDINAL
384,大谷翔平,PERSON
384,日本,GPE
384,中國隊,ORG
384,王唯,PERSON
384,三,CARDINAL
384,日本隊,ORG
384,田壯亮,PERSON
384,滿壘殘，局,ORG
384,中國,GPE
384,日本,GPE
384,中國隊,ORG
384,楊晉,PERSON
384,日,GPE
384,大谷翔平,PERSON
384,大谷,PERSON
384,兩,CARDINAL
384,中國,GPE
384,王翔,PERSON
384,第次,ORDINAL
384,四,CARDINAL
384,第二,ORDINAL
384,第三,ORDINAL
384,中國隊,ORG
384,王唯,PERSON
384,日本隊,ORG
384,中國隊,ORG
384,第棒,ORDINAL
384,梁培,PERSON
384,日本隊,ORG
384,中國隊,ORG
384,中國隊,ORG
384,三立,ORG
385,三立,PERSON
385,林偉帆,PERSON
385,哈孝遠,PERSON
385,高雄,GPE
385,海神日,PERSON
385,台啤,GPE
385,台啤,ORG
385,第三,ORDINAL
385,台啤,ORG
385,英熊,PERSON
385,球隊,ORG
385,哈孝遠,PERSON
385,哈孝遠,PERSON
385,哈孝遠,PERSON
385,台啤,ORG
385,昨日,DATE
385,高雄海神,LOC
385,半,CARDINAL
385,第節,ORDINAL
385,台啤,ORG
385,哈孝遠,PERSON
385,哈孝遠,PERSON
385,孝遠,PERSON
385,哈孝遠,PERSON
385,兩,CARDINAL
385,哈孝遠,PERSON
385,今天,DATE
385,經典賽,EVENT
385,倆,CARDINAL
386,日,GPE
386,安安阿,PERSON
386,齋橋哥,PERSON
386,心齋橋哥,GPE
386,今天,DATE
386,中國,GPE
386,日本,GPE
386,大谷,PERSON
386,中國,NORP
386,日本,NORP
386,中國,GPE
387,張宏業,PERSON
387,台北,GPE
387,太陽聯盟,ORG
387,曾莞婷,PERSON
387,楊謹華,PERSON
387,太陽聯盟,ORG
387,富陽會,ORG
387,昨晚,TIME
387,台北,GPE
387,花園酒店,FAC
387,七,CARDINAL
387,七,CARDINAL
387,莞婷,PERSON
387,楊謹華,PERSON
387,富陽,GPE
387,元元,PERSON
387,太陽聯盟,ORG
387,黃俊傑,PERSON
387,麥克,PERSON
387,王嘉村,PERSON
387,天道盟,ORG
387,瑤山牛,PERSON
387,富龍,ORG
387,陽盛英,GPE
387,雄聚集團,ORG
387,北市,GPE
387,台北市警察局長,ORG
387,張榮興,PERSON
387,夏天,DATE
387,台中科技大學,ORG
387,曾莞婷,PERSON
387,兩,CARDINAL
387,四,CARDINAL
387,中國,NORP
387,上海法拉利車展,EVENT
387,馬王,PERSON
387,兩,CARDINAL
387,夏天,DATE
387,昨晚,TIME
387,嘉南藥理大學,ORG
387,楊謹華,PERSON
387,高雄,GPE
387,昨天,DATE
387,俊傑,PERSON
387,法文系,LANGUAGE
387,昨晚,TIME
387,晚宴,TIME
387,張宏業,PERSON
387,楊謹華,PERSON
387,胡經周,PERSON
387,太陽聯盟,ORG
387,黃俊傑,PERSON
387,富陽,PERSON
387,宏業,ORG
387,妮妮,PERSON
387,太陽聯盟,ORG
387,胡經周,PERSON
387,夏天,DATE
387,曾莞婷,PERSON
387,胡經周,PERSON
387,夏天,DATE
387,胡經周,PERSON
387,張宏業,PERSON
387,婷婷,PERSON
387,婷婷,PERSON
388,義大利,GPE
388,古巴,GPE
388,義大利,GPE
388,中華隊,ORG
388,明天,DATE
388,義大利,GPE
388,義大利,GPE
389,日本,GPE
389,今天,DATE
389,中華隊,ORG
389,昨天,DATE
390,中國隊,ORG
390,昨天,DATE
390,中華隊,GPE
390,兩岸,GPE
390,十年,DATE
390,中華隊,ORG
390,第二,ORDINAL
391,韓國隊,ORG
391,澳洲隊,ORG
391,日本隊,ORG
391,今天,DATE
391,中國隊,ORG
391,七,CARDINAL
391,韓國隊,ORG
392,中國,GPE
392,國際賽,EVENT
392,今天,DATE
392,日本,GPE
392,第局,ORG
392,中華隊,ORG
392,巴塞隆納奧運,EVENT
392,日本派,GPE
392,杜哈亞運,EVENT
392,日,GPE
392,韓,GPE
392,中國,GPE
392,中華隊,ORG
393,澳洲,GPE
393,韓國,GPE
393,古巴義大利,GPE
393,荷蘭巴拿馬,GPE
393,九,CARDINAL
393,古巴義大利,GPE
393,義大利,GPE
393,古巴,GPE
393,古巴,GPE
393,中華隊,ORG
394,日本,GPE
394,日本,GPE
394,中國,GPE
394,中國,GPE
394,日本,GPE
394,日本,NORP
394,中國,NORP
394,中國棒球隊,ORG
395,三立,ORG
395,黃韻璇,PERSON
395,台灣隊,ORG
395,日本人,NORP
395,王建民,PERSON
395,台中洲際棒球場,FAC
395,台灣,GPE
395,巴拿馬,GPE
395,台灣人,NORP
395,日本,NORP
395,台灣,GPE
395,三級棒,GPE
395,日媒,ORG
395,台灣隊,GPE
395,日本,NORP
395,日本,GPE
395,台灣隊,ORG
395,當年,DATE
395,王建民,PERSON
395,陽岱鋼,PERSON
395,台灣,GPE
395,三,CARDINAL
395,台灣,GPE
395,日本,NORP
395,台灣,GPE
395,三,CARDINAL
395,台灣,GPE
395,昨日,DATE
395,晚間,TIME
395,台灣隊,ORG
395,胡智為,PERSON
395,巴拿馬,GPE
395,第局,ORG
395,四,CARDINAL
395,巴拿馬,GPE
395,第分,ORDINAL
395,陳冠偉,PERSON
395,台灣隊,ORG
395,張育成,PERSON
395,台灣,GPE
395,鄧愷威,PERSON
395,曾峻岳,PERSON
395,吳哲源,PERSON
395,台灣隊,ORG
395,台灣隊,ORG
395,第分,ORDINAL
395,台灣隊,ORG
395,巴拿馬,GPE
395,台灣隊,ORG
395,第局,ORG
395,鄭宗哲,PERSON
395,三,CARDINAL
395,台灣,GPE
395,第分,ORDINAL
396,台灣,GPE
396,巴拿馬,GPE
396,昨天,DATE
396,巴拿馬,GPE
396,中華隊,ORG
396,巴拿馬,GPE
397,巴拿馬,GPE
397,十二,CARDINAL
397,中華隊,ORG
397,日本隊,ORG
397,八,CARDINAL
397,中國隊,ORG
397,七分,TIME
397,臺灣人,NORP
397,巴拿馬,GPE
397,日本隊,ORG
397,中華隊,ORG
397,中國隊,ORG
398,義大利,GPE
398,古巴,GPE
398,古巴,GPE
398,明天,DATE
398,義大利,GPE
398,台灣,GPE
398,中華隊,ORG
398,明天,DATE
398,中華隊,ORG
398,義大利,GPE
398,日本,GPE
398,韓國,GPE
399,義大利,GPE
399,古巴比,PERSON
399,中華隊,ORG
399,明天,DATE
399,四海,GPE
400,義大利,GPE
400,古巴,GPE
400,義大利,GPE
400,中華隊,ORG
400,義大利,GPE
400,中華隊,ORG
401,黃宣尹,PERSON
401,經典賽,EVENT
401,林佳龍,PERSON
401,台中洲際球場,FAC
401,三星少棒,EVENT
401,世界棒球,EVENT
401,台灣隊,GPE
401,巴拿馬隊,GPE
401,日,GPE
401,總統府,ORG
401,林佳龍,PERSON
401,台中,GPE
401,經典賽,EVENT
401,洲際球場,FAC
401,台,GPE
401,盧秀燕,PERSON
401,去年,DATE
401,宜蘭,GPE
401,三星國小棒球隊,ORG
401,台灣,GPE
401,林佳龍,PERSON
401,台灣,GPE
401,台灣人,NORP
401,台灣,GPE
401,林佳龍,PERSON
401,經典賽,EVENT
401,台中洲際棒球場,FAC
401,台中,GPE
401,胡志強,PERSON
401,台中,GPE
401,中信兄弟隊,ORG
401,林佳龍,PERSON
401,台中市,GPE
401,台,GPE
401,台灣,GPE
401,林佳龍,PERSON
401,洲際棒球場,FAC
401,當年,DATE
401,台中市,GPE
401,盧秀燕,PERSON
401,中信兄弟球團,ORG
401,台灣,NORP
401,林佳龍,PERSON
401,去年,DATE
401,宜蘭,GPE
401,三星國小棒球隊,ORG
401,林佳龍,PERSON
401,光合基金會,ORG
401,棒球隊,ORG
401,美國大聯盟,ORG
402,安安阿,PERSON
402,齋橋哥,PERSON
402,去年,DATE
402,兩年,DATE
403,中華隊,ORG
403,江少慶,PERSON
403,義大利,GPE
403,賴冠文,PERSON
403,台中,GPE
403,中華隊,ORG
403,昨天,DATE
403,巴拿馬,GPE
403,今日,DATE
403,明天,DATE
403,義大利,GPE
403,江少慶,PERSON
403,中華隊,ORG
403,經典賽,EVENT
403,江少慶,PERSON
403,月日,DATE
403,統獅先發局,ORG
403,月日,DATE
403,中信,ORG
403,江少慶,PERSON
403,卡斯提拉尼年洛磯隊,ORG
403,第二,ORDINAL
403,明星隊,ORG
403,年月日,DATE
403,大聯盟,ORG
403,運動家隊,ORG
403,去年,DATE
403,累積場共局,ORG
403,三,CARDINAL
403,中華隊,ORG
403,巴拿馬,GPE
403,連戰,PERSON
403,義大利荷蘭古巴,GPE
403,日晚上,TIME
403,中午,TIME
403,古巴,GPE
403,義大利,GPE
403,中華隊,ORG
403,林岳平,PERSON
403,巴拿馬,GPE
403,夏威夷,GPE
404,日本人,NORP
404,日本人,NORP
404,村上柏融,PERSON
405,巴拿馬,GPE
405,中華隊,ORG
406,今天,DATE
406,明天,DATE
406,中華隊,GPE
406,越南,GPE
406,中華隊,GPE
406,台中工業區,LOC
407,中國,GPE
407,中國,GPE
407,奧運,EVENT
407,中國,GPE
407,中華隊,ORG
408,世界棒球錦標賽,EVENT
409,日本隊,ORG
409,中國隊,ORG
409,日本隊,ORG
409,今年,DATE
409,日本,GPE
409,日本隊,ORG
409,台灣,GPE
409,日本,GPE
409,中國台北隊,ORG
409,兩岸,LOC
409,台灣省隊,ORG
409,國家隊,ORG
410,中華隊,ORG
410,巴拿馬,GPE
410,夏威夷,GPE
410,中華隊,ORG
411,南韓,GPE
411,日本,GPE
411,義大利,GPE
411,臺灣,GPE
411,昨天,DATE
411,巴拿馬,NORP
411,中華隊,ORG
411,明天,DATE
411,義大利,GPE
411,中華隊,GPE
411,南韓,GPE
413,許敏溶,PERSON
413,中華隊,ORG
413,巴拿馬,GPE
413,許敏溶,PERSON
413,台北,GPE
413,昨天,DATE
413,中華隊,ORG
413,巴拿馬,GPE
413,第七,ORDINAL
413,今日,DATE
413,教育部大專校院,ORG
413,台體大,ORG
413,張哲維,PERSON
413,張哲維,PERSON
413,巴拿馬,GPE
413,大聯盟,ORG
413,中華隊,GPE
413,中華隊,ORG
413,巴拿馬,GPE
413,昨晚,TIME
413,教育部,ORG
413,年月日,DATE
413,教育部,ORG
413,今天,DATE
413,下午,TIME
413,國家圖書館,FAC
413,台灣體育運動大學休閒運動學系,ORG
413,張哲維,PERSON
413,張哲維,PERSON
413,張哲維,PERSON
413,今年,DATE
413,第五年,DATE
413,張哲維,PERSON
413,昨晚,TIME
413,中華隊,ORG
413,經典賽,EVENT
413,巴拿馬,GPE
413,第七,ORDINAL
413,張哲維,PERSON
413,兩,CARDINAL
413,中華隊,ORG
413,巴拿馬,GPE
413,巴拿馬,GPE
413,大聯盟,ORG
413,中華隊,GPE
413,中華隊,GPE
413,巴拿馬,GPE
413,昨晚,TIME
414,三,CARDINAL
415,台灣,GPE
415,今天,DATE
415,晚上,TIME
415,台灣,GPE
415,台灣,GPE
415,義大利,NORP
415,台灣,GPE
415,今天,DATE
415,巴拿馬,GPE
415,前天晚上,TIME
416,曹錦輝,PERSON
416,郭泓志,PERSON
416,台灣,GPE
416,葉國吏,PERSON
416,世界經典賽,EVENT
416,中華隊,GPE
416,巴拿馬,GPE
416,中華隊,GPE
416,旅美,GPE
416,王建民,PERSON
416,曹錦輝,PERSON
416,郭泓志,PERSON
416,台灣,GPE
416,曹錦輝,PERSON
416,旅美,GPE
416,郭泓志,PERSON
416,郭泓志,PERSON
416,曹錦輝,PERSON
416,郭泓志,PERSON
416,曹錦輝,PERSON
416,經典賽,EVENT
416,大聯盟,ORG
416,五年,DATE
416,曹,PERSON
416,錦輝,PERSON
416,曹錦輝,PERSON
416,中華青棒代表隊,ORG
416,旅美,GPE
416,大聯,ORG
416,第位,ORDINAL
416,大聯盟,ORG
416,台灣,GPE
417,中華隊,ORG
417,兩,CARDINAL
417,大聯盟,ORG
417,宋家豪,PERSON
417,吾郎,PERSON
418,今晚,TIME
418,中華隊,ORG
418,哥慶,PERSON
418,義大利,GPE
418,義大利,GPE
418,今晚,TIME
419,中華隊,ORG
419,第場,ORDINAL
419,五,CARDINAL
419,王建民,PERSON
420,這幾個月,DATE
420,中華隊,ORG
420,台灣,GPE
421,義大利,GPE
421,台灣,GPE
421,台灣,GPE
421,中華隊,ORG
421,第場,ORDINAL
422,蔡昕霈,PERSON
422,大谷翔,PERSON
422,世界棒球經典賽,EVENT
422,日本,GPE
422,中國隊,ORG
422,東京巨蛋球場,FAC
422,大谷,PERSON
422,日本日,DATE
422,東京,GPE
422,中國,GPE
422,大谷翔平,PERSON
422,第棒,ORG
422,中國,GPE
422,楊晉,PERSON
422,三,CARDINAL
422,英里公里,QUANTITY
422,大谷翔平,PERSON
422,兩,CARDINAL
422,大谷翔平年,PERSON
422,美國,GPE
422,大聯盟,ORG
422,洛杉磯,GPE
422,東京,GPE
422,萬多,CARDINAL
422,前幾個鐘頭,TIME
422,日本,NORP
422,法新社,ORG
422,大谷翔平,PERSON
422,大谷翔平,PERSON
422,白水,PERSON
422,約美元,MONEY
422,日本隊,ORG
422,洛杉磯,GPE
422,美聯社,ORG
422,大谷翔平,PERSON
422,日本人,NORP
422,大谷翔平,PERSON
422,日裔,NORP
422,美籍,NORP
422,努特巴爾,PERSON
422,大谷翔平,PERSON
422,努特巴爾,PERSON
422,日本,GPE
422,國亞利桑那州,GPE
422,美國佛羅里達州,GPE
422,日本,GPE
422,韓國,GPE
422,澳洲,GPE
422,中國捷克,GPE
422,大谷翔平,PERSON
422,日,GPE
422,日本,GPE
422,韓國役,GPE
423,自由時報,WORK_OF_ART
423,易慧慈,PERSON
423,台灣,GPE
423,林襄,PERSON
423,襄信,PERSON
423,世界棒球經典賽,EVENT
423,前天,DATE
423,台灣,GPE
423,巴拿馬,GPE
423,今晚,TIME
423,義大利,GPE
423,江少慶,PERSON
423,昨晚,TIME
423,林襄,PERSON
423,台灣,NORP
423,襄信,PERSON
423,前晚,TIME
423,台灣,GPE
423,昨晚,TIME
423,義大利,GPE
423,古巴,GPE
423,今晚,TIME
423,台灣,GPE
423,義大利,GPE
423,陳怡叡,PERSON
423,昨晚,TIME
423,台灣隊,ORG
423,明天,DATE
423,義大利,GPE
423,台灣隊,ORG
423,林襄,PERSON
423,巴拿馬,GPE
423,胡智為,PERSON
423,艾璐,PERSON
423,襄信,PERSON
423,陳怡叡,PERSON
423,林襄,PERSON
423,台灣,GPE
423,林襄,PERSON
423,陳怡叡,PERSON
423,艾璐,PERSON
424,張釔泠,PERSON
424,日式,GPE
424,王建民,PERSON
424,玖壹壹,PERSON
424,台灣隊,ORG
424,王建民,PERSON
424,四,ORDINAL
424,張釔泠,PERSON
424,台北,GPE
424,玖壹壹,PERSON
424,世界棒球經典賽,EVENT
424,春風,PERSON
424,日式,NORP
424,台灣隊,ORG
424,王建民,PERSON
424,今年,DATE
424,三,CARDINAL
424,玖壹壹,PERSON
424,台灣,GPE
424,玖壹壹,PERSON
424,春風,PERSON
424,台灣隊,ORG
424,大樹哥,PERSON
425,日,GPE
425,韓,GPE
425,日,GPE
425,韓,GPE
425,日,GPE
425,韓,GPE
425,日本,GPE
425,韓國,GPE
425,日,GPE
425,韓,GPE
425,日本,NORP
425,韓,GPE
425,日,GPE
425,韓,GPE
425,ァン,GPE
425,日本,GPE
425,金廣鉉,ORG
425,日本,GPE
425,韓國,GPE
425,今晚六點,TIME
426,東森,ORG
426,李欣容,PERSON
426,台北,GPE
426,林襄,PERSON
426,今日,DATE
426,樂天,ORG
426,筠熹,PERSON
426,阿布舞,PERSON
426,日前,DATE
426,石垣島,LOC
426,林襄,PERSON
426,筠熹,PERSON
426,林襄,PERSON
426,今林襄,PERSON
426,石垣島,LOC
426,晚上,TIME
426,公斤,QUANTITY
426,公斤,QUANTITY
426,筠熹,PERSON
426,世界棒球經典賽,EVENT
426,昨日,DATE
426,中華隊,GPE
426,第戰,EVENT
426,巴拿馬,GPE
426,林襄,PERSON
426,林襄,PERSON
426,林襄,PERSON
426,林襄,PERSON
427,台北南港中信金融園區,LOC
427,桃園桃園,GPE
427,下午,TIME
427,台中台中市,GPE
427,彰化縣,GPE
427,圓環,LOC
427,雲林斗六膨鼠森林公園,FAC
427,高雄苓雅運動中心,FAC
427,花蓮,GPE
428,阿肥,PERSON
428,中國隊,ORG
428,日本,GPE
428,大谷,PERSON
428,阿肥,PERSON
428,奧運,EVENT
428,鬼島灣灣棒球隊,ORG
428,中國,GPE
428,中國隊,ORG
428,中國,GPE
428,鬼島棒球隊,ORG
428,半,CARDINAL
428,中國隊,ORG
429,阿肥,PERSON
429,中華隊,ORG
429,大聯盟,ORG
429,義大利,GPE
429,荷蘭,GPE
430,今天,DATE
430,二,CARDINAL
430,中華隊,ORG
430,自由時報娛樂頻道,ORG
431,台灣人,NORP
431,台灣,GPE
431,中華台北,GPE
431,萬,CARDINAL
431,巴拿馬,GPE
431,菲律賓,GPE
431,中華棒球隊,ORG
431,中華棒球隊,ORG
432,中華隊,ORG
432,中華隊,ORG
432,中華隊,ORG
432,中華隊,ORG
432,中華隊,GPE
433,中華,GPE
433,巴拿馬,GPE
433,洲際慘案,EVENT
433,隔天,DATE
433,韓國,GPE
433,澳洲,GPE
433,白虎,PERSON
433,中國隊,ORG
433,七,CARDINAL
433,日本,GPE
433,中國,GPE
433,大陸隊,GPE
433,大陸,NORP
433,中國,GPE
433,捷克,GPE
434,韓國,GPE
434,澳洲,GPE
434,姜白虎離壘包,PERSON
434,年月,DATE
434,澳大利亞,GPE
434,韓國,GPE
434,韓國隊,ORG
434,姜白虎,PERSON
434,澳洲,GPE
434,新唐人,ORG
434,年月,DATE
434,世界棒球,EVENT
434,韓國隊,ORG
434,澳洲,GPE
434,韓國隊,ORG
434,姜白虎,PERSON
434,韓媒,GPE
434,日本,GPE
434,韓國,GPE
434,澳洲,GPE
434,中國捷克,GPE
434,兩,CARDINAL
434,韓,GPE
434,澳,GPE
434,韓國,GPE
434,日本,GPE
434,年月日,DATE
434,日本,GPE
434,東京,GPE
434,澳大利亞,GPE
434,韓國,GPE
434,韓國,NORP
434,第八,ORDINAL
434,法新社,ORG
434,澳洲隊,GPE
434,今天,DATE
434,東京,GPE
434,肯納利局,ORG
434,格倫汀寧柏金斯局,ORG
434,韓國,GPE
434,年月日,DATE
434,澳洲隊,ORG
434,肯納利局,ORG
434,澳洲,GPE
434,經典賽,EVENT
434,今天,DATE
434,韓國,GPE
434,大谷翔,PERSON
434,平達,PERSON
434,日本,GPE
434,澳洲局,ORG
434,韓國局,ORG
434,梁義智,PERSON
434,兩,CARDINAL
434,澳洲,GPE
434,澳洲,GPE
434,韓國局,ORG
434,姜白虎,PERSON
434,澳洲,GPE
434,二,CARDINAL
434,第時,ORDINAL
434,韓國局,ORG
434,澳洲,GPE
434,日,GPE
434,中國,GPE
434,韓國,GPE
434,日,GPE
434,日本,GPE
434,年月日,DATE
434,日本,GPE
434,東京,GPE
434,澳大利亞,GPE
434,韓國,GPE
434,澳大利亞,GPE
434,格倫汀寧,PERSON
434,第三,ORDINAL
434,年月日,DATE
434,日本,GPE
434,東京,GPE
434,世界棒球經典賽組比賽,EVENT
434,澳大利亞,GPE
434,柏金斯,PERSON
434,第八,ORDINAL
434,中央社,ORG
434,夏明義,PERSON
435,台積電,ORG
435,萬七萬八,CARDINAL
435,中華隊,ORG
435,書豪,PERSON
435,書豪,PERSON
436,當年,DATE
436,台籃,ORG
436,中華隊,ORG
437,洲際慘案,EVENT
437,義大利,GPE
437,許稚佳,PERSON
437,中華台北隊,ORG
437,巴拿馬,GPE
437,今日晚上,TIME
437,義大利,GPE
437,黃偉祺,PERSON
437,義大利,GPE
437,義大利,GPE
437,中華台北,GPE
437,義大利,GPE
437,中華,GPE
437,台北,GPE
437,華台北,GPE
437,黃偉祺,PERSON
437,義大利,GPE
437,華台北,GPE
437,巴拿馬,GPE
437,今日,DATE
437,義大利,GPE
437,中華台北隊,ORG
437,義大利隊,ORG
437,巴拿馬古巴,GPE
437,黃偉祺,PERSON
437,義大利,GPE
437,大分,LOC
437,中華台北,GPE
437,黃,PERSON
437,幾百元,MONEY
437,華台北,PERSON
437,萬元,MONEY
437,義大利,GPE
438,中華隊,ORG
439,巴拿馬,GPE
439,中華隊,ORG
439,晚上,TIME
440,姆咪姆咪,PERSON
440,前天,DATE
440,巴拿馬,GPE
440,中華隊,GPE
440,台灣,GPE
440,台灣,GPE
440,旅美,GPE
440,旅日,GPE
440,億,CARDINAL
440,大谷,PERSON
440,億台幣,MONEY
440,美國,GPE
440,日本,GPE
440,洲際球場,FAC
440,中華隊,ORG
441,古巴隊,ORG
441,巴拿馬,GPE
441,七,CARDINAL
441,中華隊,ORG
441,中國,GPE
441,捷克,GPE
441,今年,DATE
442,邱晟軒,PERSON
442,中華隊,ORG
442,今晚,TIME
442,世界棒球經典賽,EVENT
442,日,GPE
442,台灣,GPE
442,巴拿馬,GPE
442,今日晚間,TIME
442,義大利,GPE
442,國民黨青工會,ORG
442,滿志剛,PERSON
442,中華隊,ORG
442,義大利,GPE
442,今天,DATE
442,中華隊,ORG
442,中華隊,ORG
442,滿志剛,PERSON
442,巴拿,GPE
442,今晚七點,TIME
442,中華隊,ORG
442,昨天,DATE
442,古巴,GPE
442,義大利,GPE
442,中華隊,ORG
442,滿志剛,PERSON
442,中華隊,ORG
442,今天,DATE
442,義大利,GPE
442,滿志剛,PERSON
442,中華,GPE
443,世界棒球經典賽,EVENT
443,捷克隊,GPE
443,東京,GPE
443,中國隊,ORG
443,中國,GPE
443,捷克,GPE
443,七,CARDINAL
443,捷克,GPE
443,第九,ORDINAL
443,捷克,GPE
443,三,CARDINAL
443,中國,GPE
444,古巴,GPE
444,巴拿馬,GPE
444,台灣,GPE
444,四,CARDINAL
444,中華隊,ORG
445,今天,DATE
445,晚上,TIME
445,義大利,GPE
445,中華隊,ORG
445,今天,DATE
445,義大利,GPE
445,明天,DATE
446,中時新聞網,ORG
446,李弘斌,PERSON
446,捷克,GPE
446,大陸,GPE
446,黑馬捷克,PERSON
446,兩,CARDINAL
446,中國大陸,GPE
446,穆奇克,PERSON
446,陸,GPE
446,韓,GPE
446,朱權,PERSON
446,捷克,GPE
446,捷克,GPE
446,英國,GPE
446,西班牙,GPE
446,德國,GPE
446,法國,GPE
446,南非,GPE
446,第之,ORDINAL
446,今天,DATE
446,兩,CARDINAL
446,四,CARDINAL
446,大陸,GPE
446,趙富陽,PERSON
446,鄭超群,PERSON
446,捷克,GPE
446,門希克,GPE
446,鄭超群,PERSON
446,捷克,GPE
446,大陸,GPE
446,大陸,GPE
446,張寶樹,PERSON
446,二,CARDINAL
446,捷克,GPE
446,柯瓦拉,PERSON
446,寇永康,PERSON
446,四,CARDINAL
446,柯瓦拉,PERSON
446,羅錦駿,PERSON
446,梁培楊晉,PERSON
446,大陸隊,ORG
446,下城,GPE
446,捷克,GPE
446,四,CARDINAL
446,門希克,PERSON
446,大陸隊,ORG
446,朱權,PERSON
446,宮海成,GPE
446,穆奇克,PERSON
446,捷克,GPE
447,昨天,DATE
447,中華隊,ORG
447,中華隊,ORG
447,彭政閔,PERSON
447,三天前,DATE
447,台灣,GPE
448,義大利,GPE
448,中華隊,ORG
448,年前,DATE
448,中華隊,ORG
448,義大利,GPE
448,今天,DATE
449,今年,DATE
449,亞運,EVENT
449,亞運,EVENT
449,奧運,EVENT
449,亞運,EVENT
449,中國,GPE
449,日本,GPE
449,台灣,GPE
449,亞運,EVENT
449,亞運,EVENT
449,奧運,EVENT
450,老巴,PERSON
450,古巴,GPE
450,巴拿馬,GPE
450,前天,DATE
450,古巴,GPE
450,中華隊,ORG
451,阿武,PERSON
451,今天,DATE
451,晚上,TIME
451,臺灣,GPE
451,義大利,GPE
451,三,CARDINAL
451,美樂,GPE
451,坡里,GPE
451,必勝客,ORG
451,美樂,ORG
451,坡里,GPE
451,坡里,GPE
451,必勝客,ORG
451,舊金山,GPE
451,坡里,GPE
451,阿武,PERSON
451,成大,ORG
451,阿武,PERSON
452,義大利,GPE
452,義大利,GPE
452,華僑,NORP
452,台灣,GPE
452,張育成,PERSON
452,歐洲,LOC
452,中職,ORG
452,台灣人,NORP
453,高雄,GPE
453,今晚,TIME
453,中義大戰,EVENT
453,億,CARDINAL
453,中華隊,ORG
453,中華隊,ORG
453,義大利,GPE
453,星期五,DATE
454,今天,DATE
454,台灣,GPE
454,第二,ORDINAL
454,世界棒球經典賽,EVENT
454,二,CARDINAL
454,義大利,GPE
455,今天,DATE
455,晚上七點,TIME
455,中華台北隊,ORG
455,第二,ORDINAL
455,波里,GPE
455,中華台北,GPE
455,八點,TIME
455,八點,TIME
455,三,CARDINAL
455,中文字,LANGUAGE
455,中文字,LANGUAGE
455,中文字,LANGUAGE
456,中華隊,ORG
456,今天,DATE
456,晚上,TIME
456,義大利,GPE
456,巴拿馬,GPE
456,中華隊,ORG
456,義大利,GPE
457,阿肥,PERSON
457,義大利,GPE
457,義大利,GPE
457,中華隊,ORG
458,台男,PERSON
458,王建民,PERSON
458,郭泓志,PERSON
458,曹景輝,PERSON
458,張誌家,PERSON
458,張雨生,PERSON
459,日本,GPE
459,韓國,GPE
459,中華隊,ORG
459,義大利,GPE
459,中華隊,GPE
459,第個,ORDINAL
460,王柏融,PERSON
460,去年,DATE
460,中華隊,ORG
460,第場,ORDINAL
460,巴拿馬,GPE
460,王柏融,PERSON
460,今天,DATE
460,第二,ORDINAL
460,王柏融,PERSON
460,陳晨威,PERSON
461,蘇志畬,PERSON
461,中華隊,ORG
461,義大利,GPE
461,年前,DATE
461,台中,GPE
461,中華隊,ORG
461,今晚,TIME
461,義大利隊,GPE
461,中華隊,ORG
461,中華隊,ORG
461,日,GPE
461,巴拿馬隊,GPE
461,今晚,TIME
461,義大利隊,GPE
461,昨晚,TIME
461,古巴隊,GPE
461,三,CARDINAL
461,經典賽,EVENT
461,經典賽,EVENT
461,國際賽,EVENT
461,中華隊,ORG
461,中華隊,ORG
461,台中洲際棒球場,FAC
461,義大利隊,GPE
461,義大利隊,ORG
461,國際賽,EVENT
461,中華隊,ORG
461,中華隊,ORG
461,義大利隊,ORG
461,四,CARDINAL
461,經典賽,EVENT
461,今年,DATE
461,去年,DATE
461,大聯盟,ORG
461,美國,GPE
462,安安,PERSON
462,巴拿馬,GPE
462,今晚,TIME
462,中華隊,ORG
462,義大利,GPE
462,今晚,TIME
462,台灣,GPE
462,義大利,GPE
462,兩,CARDINAL
462,三,CARDINAL
462,晚上,TIME
464,日,GPE
464,中華隊,ORG
464,台灣隊,ORG
464,義大利,GPE
464,日韓大戰,EVENT
465,中華隊,ORG
465,義大利,GPE
466,台灣,GPE
466,台北巨蛋,FAC
466,國際賽,EVENT
466,中華隊,GPE
466,日本,GPE
466,歐洲,LOC
466,台灣,GPE
467,今天,DATE
467,中華隊,ORG
467,台灣,NORP
468,中華隊,ORG
468,義大利隊,GPE
468,義大利隊,ORG
468,夏威夷,GPE
469,中華隊,ORG
469,義大利洲際棒球場,FAC
469,林子偉,PERSON
469,義大利,GPE
469,林子偉,PERSON
470,第局,ORG
470,中華隊,ORG
471,中華隊,ORG
471,國際賽,EVENT
471,台灣人,NORP
471,中華隊國際賽,EVENT
472,日韓大戰,EVENT
472,中華隊,ORG
472,台電,ORG
473,今晚,TIME
473,台義大戰,EVENT
473,三立,ORG
473,游舒婷,PERSON
473,世界棒球,EVENT
473,今日,DATE
473,晚上點,TIME
473,台灣,GPE
473,義大利,GPE
473,巴拿馬,GPE
473,台灣隊,ORG
473,今日,DATE
473,台灣,GPE
473,義大利,GPE
473,台灣隊,GPE
473,台灣,GPE
473,義大利,GPE
473,義大利,GPE
473,世界盃,EVENT
473,義大利,GPE
473,世界盃,EVENT
473,義大利,GPE
473,世界盃,EVENT
473,義大利,GPE
473,世界盃,EVENT
473,義大利,GPE
473,世界盃,EVENT
473,義大利,GPE
473,奧運,EVENT
473,灣義大利,GPE
473,世界盃,EVENT
473,義大利,GPE
473,世界盃,EVENT
473,義大利,GPE
473,世界盃,EVENT
473,義大利,GPE
473,奧運,EVENT
473,灣義大利,GPE
473,世界盃,EVENT
473,義大利,GPE
473,世界盃,EVENT
473,義大利,GPE
473,台灣義大利,GPE
473,台灣,GPE
473,義大利,GPE
473,台灣,GPE
473,義大利,GPE
473,歐洲,LOC
473,國家隊,ORG
473,經典賽,EVENT
473,台灣隊,ORG
473,第次,ORDINAL
473,義大利,GPE
473,義大利,GPE
473,大聯盟,ORG
473,今晚,TIME
473,台灣,GPE
473,義大利,GPE
473,江少慶,PERSON
473,卡斯特拉尼,GPE
473,中職出賽場,ORG
473,日,GPE
473,義大利,GPE
473,卡斯特拉尼,GPE
473,去年,DATE
473,大聯盟,ORG
473,義大利,GPE
474,三,CARDINAL
474,五,CARDINAL
474,今天,DATE
474,中華隊,ORG
474,三,CARDINAL
475,媽勒,PERSON
475,第二,ORDINAL
475,中華隊,GPE
476,兩,CARDINAL
476,敬禮哥,PERSON
476,今晚,TIME
477,中華隊,ORG
477,二,CARDINAL
477,中華隊,ORG
477,二,CARDINAL
477,王柏融,PERSON
477,中華,GPE
478,經典賽,EVENT
478,義大利,GPE
478,中華隊,ORG
479,兩,CARDINAL
479,中華隊,GPE
480,中華隊,ORG
482,中華隊,ORG
482,義大利,GPE
483,中華隊,ORG
484,台灣,GPE
485,華隊,ORG
485,中華隊,ORG
486,經典賽,EVENT
486,巴拿馬,GPE
486,台灣,GPE
486,台,GPE
486,今天,DATE
486,台義大戰,EVENT
486,義大利,GPE
486,中華隊,ORG
486,中華隊,ORG
486,中華隊,GPE
487,兩,CARDINAL
488,賴冠文,PERSON
488,義大利,GPE
488,中華隊,GPE
488,中華隊,ORG
488,今日,DATE
488,林子偉,PERSON
488,鄭宗哲,PERSON
488,義大利,GPE
488,中華隊,GPE
488,江少慶,PERSON
488,第三,ORDINAL
488,帕斯昆汀,PERSON
488,王柏融,PERSON
488,林子偉,PERSON
488,中華隊,ORG
488,佛萊契爾,GPE
488,沙利文,PERSON
488,羅培茲,PERSON
488,三,CARDINAL
488,義大利,GPE
488,三,CARDINAL
488,義大利,GPE
488,陳傑憲,PERSON
488,鄭宗哲,PERSON
488,二,CARDINAL
488,王維中,PERSON
488,義大利,GPE
488,比亞吉尼,PERSON
488,張育成,PERSON
488,吳念庭,PERSON
488,陳傑憲,PERSON
488,王柏,PERSON
488,中華隊,ORG
488,義大利,GPE
488,中華隊,ORG
488,比亞吉尼,PERSON
488,義大利,GPE
488,伍茲,PERSON
488,江坤宇,PERSON
488,三,CARDINAL
488,中華隊,GPE
488,第分,ORDINAL
488,佛萊契爾,GPE
488,沙利文,PERSON
488,羅培茲,PERSON
488,馬斯特羅波尼,PERSON
488,佛里力克中,PERSON
488,江少慶先發局,ORG
488,三,CARDINAL
488,王維中,PERSON
488,義大,ORG
488,卡斯提拉尼投局,PERSON
489,阿,PERSON
489,幾分鐘,TIME
490,中華隊,ORG
490,義大利人,NORP
490,夏威夷,GPE
491,中華隊,GPE
492,今天,DATE
492,前天,DATE
492,今天,DATE
492,分鐘,TIME
492,中華隊,ORG
493,中華隊,ORG
494,第場,ORDINAL
494,巴拿馬,GPE
494,義大利,GPE
494,中華隊,ORG
494,義大利,GPE
494,三戰,EVENT
494,午接晚,TIME
495,第九,ORDINAL
495,中華,NORP
496,四,CARDINAL
496,中華隊,ORG
496,今天,DATE
496,中華隊,ORG
497,洲際慘案,EVENT
497,呂彥青,PERSON
497,中華隊,ORG
497,三,CARDINAL
498,旅日,GPE
498,王柏融,PERSON
498,大聯盟,ORG
498,張育誠,PERSON
498,國家隊,ORG
499,中華隊,ORG
499,日本,NORP
499,大葛格虐菜,PRODUCT
500,第二,ORDINAL
500,王建民,PERSON
500,郭泓志,PERSON
500,潘威倫,PERSON
501,中華隊,ORG
501,義大利,GPE
501,林哲瑄,PERSON
501,林哲瑄,PERSON
502,亞洲,LOC
502,三,CARDINAL
502,台灣,GPE
502,十幾二十,CARDINAL
502,十年,DATE
502,中華隊,ORG
503,國家隊,ORG
503,韓國,GPE
503,台灣,GPE
503,明後天,DATE
504,國際賽,EVENT
504,經典賽奧運資格賽,EVENT
504,今天,DATE
504,中華隊,ORG
504,義大利隊,ORG
505,中華隊,ORG
505,五,CARDINAL
506,世界棒球經典賽,EVENT
506,中華隊,ORG
506,義大利,GPE
506,張育成,PERSON
506,兩,CARDINAL
507,第二,ORDINAL
507,中華隊,ORG
508,張育成,PERSON
508,兩,CARDINAL
509,六,CARDINAL
509,中華隊,ORG
509,八局,ORG
511,張育成,PERSON
511,臺灣,GPE
511,臺灣,GPE
511,陳金鋒,PERSON
511,國際賽,EVENT
511,兩,CARDINAL
511,張育成,PERSON
511,陳金鋒,PERSON
512,十,CARDINAL
512,台灣,GPE
512,台灣,GPE
512,中華隊,ORG
513,中華隊,ORG
513,中華隊,ORG
514,今天,DATE
514,兩,CARDINAL
514,旅美,GPE
514,大聯盟,ORG
514,林子偉,PERSON
514,張育成,PERSON
514,旅日,GPE
514,台灣,GPE
514,王柏融,PERSON
515,張育成,PERSON
516,義大利隊,GPE
516,台灣,GPE
516,義大利,GPE
516,中華隊,ORG
516,坡里,GPE
517,前天,DATE
517,中華隊,ORG
517,今天,DATE
517,中華隊,ORG
517,前天,DATE
517,中華隊,ORG
517,義大利,GPE
518,兩,CARDINAL
519,陳宛晶,PERSON
519,張育成,PERSON
519,兩,CARDINAL
519,張育成,PERSON
519,兩,CARDINAL
519,聯合報,ORG
519,陳宛晶,PERSON
519,台中,GPE
519,大聯盟,ORG
519,中華隊,ORG
519,今天,DATE
519,張育成,PERSON
519,第局,ORG
519,兩,CARDINAL
519,振士,PERSON
519,萬,CARDINAL
519,中華隊,ORG
519,今天,DATE
519,世界棒球經典賽分組賽,EVENT
519,義大利隊,GPE
519,半,CARDINAL
519,兩,CARDINAL
519,洲際棒球場,FAC
519,中華隊,ORG
519,第局,ORG
519,呂彥青,PERSON
519,陳禹勳,PERSON
519,兩,CARDINAL
519,佛列契,PERSON
519,兩,CARDINAL
519,張育成,PERSON
519,張育成,PERSON
519,兩,CARDINAL
519,中華隊,ORG
520,科科,ORG
520,中華隊,ORG
520,科科,ORG
521,張育成,PERSON
521,台灣,GPE
521,第人,ORDINAL
521,日本,GPE
521,日本,GPE
522,中華隊,ORG
522,中華隊,ORG
523,小玉,PERSON
523,今天,DATE
523,中華隊,ORG
524,中華隊,ORG
524,七,CARDINAL
524,夏威夷比薩,GPE
524,義大利麵,PRODUCT
525,中華隊國際賽,EVENT
525,中華隊,ORG
525,中華隊,ORG
525,第八,ORDINAL
526,中華隊,ORG
526,三,CARDINAL
526,中華隊,ORG
527,第八,ORDINAL
527,中華隊,ORG
527,第八,ORDINAL
528,義大利,GPE
528,巴拿馬,GPE
528,義大利,GPE
528,中華隊,ORG
528,巴拿馬,GPE
529,七,CARDINAL
529,中華隊,ORG
529,中華隊,ORG
529,第七,ORDINAL
529,第七,ORDINAL
529,中華隊,ORG
529,八九局,ORG
530,中華隊,ORG
530,義大利,GPE
530,萬塊,MONEY
530,義大利,GPE
531,中華隊局,ORG
531,李維拉,PERSON
531,九,CARDINAL
531,中華隊局,ORG
531,中華隊,ORG
531,義大利局,ORG
532,今天,DATE
532,義大利,GPE
533,中華隊,ORG
533,今天,DATE
533,義大利,GPE
533,今天,DATE
533,中華隊,ORG
534,經典賽,EVENT
534,八,CARDINAL
534,中華隊,ORG
534,明天,DATE
535,中華隊,ORG
536,三,CARDINAL
536,中華隊,ORG
537,義大利,GPE
537,中華隊,ORG
537,中華隊,ORG
538,中華隊,ORG
538,義大利,GPE
539,中華隊,ORG
540,中華隊,ORG
540,呂寶,PERSON
541,今天,DATE
541,中華隊,ORG
542,第八,ORDINAL
542,今天,DATE
542,中華隊,ORG
542,今天,DATE
542,義大利,GPE
542,中華,NORP
543,中華隊,ORG
543,意大利人,NORP
543,四,CARDINAL
544,中華隊,ORG
545,八,CARDINAL
545,中華隊,ORG
545,九局,ORG
545,義大利,GPE
545,中華隊,ORG
545,義大利隊,ORG
545,中華隊,ORG
545,中華隊,ORG
545,台灣,GPE
545,中華隊,ORG
545,夏威夷,GPE
545,中華隊,ORG
545,義大利,GPE
545,中華隊,ORG
545,中華隊,ORG
545,日,GPE
545,今天,DATE
545,襄,PERSON
545,中和隊,ORG
545,中華隊,GPE
545,維大利,PERSON
545,中華隊,ORG
546,大聯盟,ORG
547,臺灣隊,ORG
547,中華隊,GPE
547,中華隊,ORG
547,臺灣隊,ORG
547,中華民國,GPE
547,台灣隊,ORG
548,昨天,DATE
548,七,CARDINAL
548,四分,TIME
548,昨天,DATE
548,中華,GPE
548,今天,DATE
548,義大利,GPE
548,雙巴,GPE
549,今天,DATE
549,中華隊,ORG
550,今天,DATE
550,中華隊,ORG
550,中華隊,ORG
550,韓國隊,ORG
550,今天,DATE
550,襄襄,PERSON
551,中華隊,ORG
551,義大利,GPE
551,老二,ORDINAL
551,義大利,NORP
552,前兩天,DATE
552,第場,ORDINAL
552,今天,DATE
552,三,CARDINAL
552,日本,GPE
552,美國,GPE
553,中華,GPE
553,肥料隊,ORG
554,中華隊,ORG
554,義大利,GPE
554,中華隊,ORG
554,必勝客,ORG
554,義大利,GPE
554,中文字,LANGUAGE
554,中文字,LANGUAGE
554,中文字,LANGUAGE
556,王柏融,PERSON
556,明天,DATE
557,中華義大利,GPE
557,今天,DATE
558,中華隊,ORG
558,義大利,GPE
558,明天,DATE
559,義大利,NORP
559,中華,GPE
559,義大利,GPE
559,中華隊,ORG
559,義大利,GPE
559,中華隊,ORG
559,義大利,GPE
560,中華隊,ORG
560,義大利隊,GPE
560,中華隊,ORG
561,中華隊,ORG
562,中華隊,ORG
562,今天,DATE
562,義大利隊,GPE
562,十年,DATE
563,國民黨,ORG
564,中華隊,ORG
564,第二,ORDINAL
564,台灣,GPE
565,今天,DATE
565,五,CARDINAL
565,中華隊,ORG
565,明早,TIME
566,義大利,GPE
566,中華隊,ORG
566,中華隊,ORG
567,晚上,TIME
567,中華隊,ORG
568,張育成,PERSON
568,兩,CARDINAL
569,今天,DATE
569,中華隊,ORG
569,義大利,GPE
570,昨天,DATE
570,義大利,GPE
570,義大利,GPE
571,廖婕妤,PERSON
571,日,GPE
571,世界棒球經典賽,EVENT
571,日,GPE
571,求職網,ORG
571,今年,DATE
571,日,GPE
571,次花費元,MONEY
571,求職網,ORG
571,楊宗斌,PERSON
571,楊宗斌,PERSON
571,楊宗斌,PERSON
572,三立,ORG
572,蕭保祥,PERSON
572,台中北屯,GPE
572,世界棒球經典賽,EVENT
572,台灣隊,ORG
572,張育成,PERSON
572,晚間,TIME
572,范國宸,PERSON
572,吉力吉撈鞏冠局,ORG
572,陳禹勳,PERSON
572,呂彥青,PERSON
572,宋家豪,PERSON
572,義大利,GPE
572,台灣,GPE
572,日,GPE
572,晚間,TIME
572,荷蘭,GPE
572,林子偉,PERSON
572,連續局,ORG
572,義大利隊局,ORG
572,台灣隊局,ORG
572,義大利,GPE
572,義大利,GPE
572,張育成局,ORG
572,中外,GPE
572,范國宸,PERSON
572,台灣隊,GPE
572,張育成,PERSON
572,吳念庭,PERSON
572,勝局,ORG
572,台灣隊,ORG
572,義大利,GPE
572,荷蘭隊,GPE
572,日,GPE
572,荷蘭,GPE
573,中華隊,ORG
573,必勝客,ORG
573,義大利,GPE
573,台灣,GPE
573,義大利,GPE
574,中華隊,ORG
574,今天,DATE
574,義大利隊,GPE
574,中華隊,ORG
574,下禮拜,DATE
574,中華隊,ORG
574,今天,DATE
575,中華隊,ORG
576,今天,DATE
576,中華隊,ORG
576,中華隊,ORG
576,明天,DATE
577,今天,DATE
577,義大利,GPE
577,前天,DATE
577,巴拿馬,GPE
577,巴拿馬,GPE
577,義大利,GPE
577,巴拿馬,GPE
577,義大利,GPE
577,中華隊,ORG
578,古巴,GPE
578,第二,ORDINAL
578,義大利,GPE
578,巴拿馬,GPE
578,兩,CARDINAL
578,中華,GPE
578,日本,GPE
578,中華,GPE
578,大谷,PERSON
578,大谷,PERSON
579,昨天,DATE
579,今天,DATE
579,中華隊,ORG
579,高宇杰,PERSON
579,昨天,DATE
579,兩,CARDINAL
579,三,CARDINAL
579,四,CARDINAL
579,今天,DATE
579,中華隊,ORG
579,高宇杰,PERSON
580,陳金鋒,PERSON
580,張育成,PERSON
580,今天,DATE
581,韓國,GPE
581,日本,GPE
581,台灣義大利,GPE
581,今天,DATE
581,韓國,GPE
581,四分,TIME
581,日本,GPE
581,今天,DATE
581,中華隊,ORG
581,今天,DATE
581,中華隊,ORG
581,韓國,GPE
582,陳金鋒,PERSON
582,林智勝,PERSON
582,彭政閔,PERSON
582,潘威倫,PERSON
582,潘武雄,PERSON
582,中華隊,ORG
582,退光光,PERSON
582,大聯盟,ORG
582,義大利隊,GPE
582,中華隊場,ORG
582,中華隊,ORG
583,隔天,DATE
583,中華隊,ORG
583,明天,DATE
584,中華隊,ORG
584,義大利,GPE
584,張育成,PERSON
584,兩,CARDINAL
584,三,CARDINAL
584,三,CARDINAL
584,萬,CARDINAL
584,今天,DATE
584,中華隊,ORG
584,推贏球爽,PERSON
584,中華隊,ORG
585,張育成,PERSON
586,今天,DATE
587,韓國隊,ORG
587,中國隊,ORG
588,中華隊,ORG
588,阿，,PERSON
588,聖約翰科大,ORG
588,大四,CARDINAL
588,亞太,LOC
588,第銀行,ORG
588,商標法,LAW
588,日,GPE
588,日,GPE
588,卡費萬,PERSON
588,聖約翰科大,ORG
588,台北市勞工局,ORG
588,中華隊,ORG
588,筆戰戰,EVENT
588,萬年,DATE
588,巴,GPE
589,兩,CARDINAL
589,中華隊,ORG
589,中華隊,GPE
589,王健民,PERSON
589,郭泓志,PERSON
589,曹錦輝,PERSON
590,中華隊,ORG
590,中華隊,ORG
590,中華隊,ORG
590,第二,ORDINAL
590,王建民,PERSON
591,賴冠文,PERSON
591,台中,GPE
591,中華隊,ORG
591,義大利,GPE
591,中華隊,ORG
591,今日,DATE
591,義大利,GPE
591,林子偉,PERSON
591,張育成,PERSON
591,吉力吉,PERSON
591,鞏冠,PERSON
591,中華隊,ORG
591,呂彥青,PERSON
591,中繼局,ORG
591,義大利,GPE
591,宋家豪,PERSON
591,中華隊,ORG
591,中華隊,ORG
591,江少慶先發局,ORG
591,三,CARDINAL
591,王維中,PERSON
591,投局,ORG
591,陳冠宇,PERSON
591,陳禹勳,PERSON
591,呂彥青,PERSON
591,義大利隊,ORG
591,三,CARDINAL
591,宋家豪,PERSON
591,中華隊,ORG
591,陳傑憲,PERSON
591,張育成,PERSON
591,張育成,PERSON
591,林子偉,PERSON
591,江少慶,PERSON
591,第三,ORDINAL
591,帕斯昆汀,PERSON
591,王柏融,PERSON
591,二,CARDINAL
591,林子偉,PERSON
591,中華隊,ORG
591,佛萊契爾沙利文,PERSON
591,羅培茲,PERSON
591,三,CARDINAL
591,義大利,GPE
591,陳傑憲,PERSON
591,鄭宗哲,PERSON
591,王維中,PERSON
591,義大利,GPE
591,張育成,PERSON
591,吳念庭,PERSON
591,陳傑憲,PERSON
591,王柏融,PERSON
591,中華隊,ORG
591,比亞吉尼,PERSON
591,義大利,GPE
591,伍茲,PERSON
591,江坤宇,PERSON
591,三,CARDINAL
591,中華隊,GPE
591,第分,ORDINAL
591,佛萊契爾,GPE
591,沙利文,PERSON
591,羅培茲,PERSON
591,馬斯特羅波尼,PERSON
591,佛里力克中,PERSON
591,陳冠宇,PERSON
591,陳禹勳,PERSON
591,羅培茲,PERSON
591,義大利,GPE
591,張育成,PERSON
591,陳傑憲,PERSON
591,江坤宇,PERSON
591,范國宸,PERSON
591,呂彥青局,ORG
591,宋家豪,PERSON
591,張育成,PERSON
591,吳念庭,PERSON
591,義大利,GPE
591,卡斯提拉尼投局,PERSON
591,義大利,GPE
592,中華隊,GPE
592,義大利,GPE
592,義大利,GPE
592,明天,DATE
592,義大利,GPE
592,坡里,GPE
592,美樂,GPE
592,古拉爵,PERSON
592,三,CARDINAL
592,義大利,GPE
593,年月日,DATE
593,王真魚,PERSON
593,台中,GPE
593,台灣,GPE
593,義大利,GPE
593,義大利,GPE
593,今晚,TIME
593,中華隊,GPE
593,皮亞薩,PERSON
593,中華隊,ORG
593,今晚,TIME
593,林子偉,PERSON
593,張育成,PERSON
593,吉力吉,PERSON
593,鞏冠,PERSON
593,台灣,GPE
593,皮亞薩,PERSON
593,中華隊,ORG
593,義大利,GPE
593,皮亞薩,PERSON
593,今晚,TIME
593,台灣,NORP
593,台灣,GPE
593,昨日,DATE
593,皮亞薩,PERSON
593,義大利,GPE
593,幾,CARDINAL
593,皮亞薩坦,PERSON
593,台灣,GPE
594,洲際棒球場,FAC
595,王建民,PERSON
595,日本,GPE
595,今天,DATE
595,中華隊,ORG
596,聯合新聞網,ORG
596,呂彥青,PERSON
596,聯合報,ORG
596,陳宛晶,PERSON
596,中華隊,ORG
596,今天,DATE
596,洲際棒球場,FAC
596,呂彥青,PERSON
596,張育成,PERSON
596,第局,ORG
596,兩,CARDINAL
596,第局,ORG
596,兩,CARDINAL
596,中華隊,ORG
596,義大利隊,ORG
596,世界棒球經典賽,EVENT
596,呂彥青,PERSON
596,第人,ORDINAL
596,經典賽,EVENT
596,中華隊,GPE
596,中華隊,ORG
596,江少慶,PERSON
596,王維中,PERSON
596,陳冠宇,PERSON
596,陳禹勳,PERSON
596,呂彥青,PERSON
596,宋,PERSON
596,呂彥青,PERSON
596,中華隊,ORG
596,第局,ORG
596,張育成,PERSON
596,兩,CARDINAL
596,第局,ORG
596,兩,CARDINAL
596,中華隊,ORG
596,呂彥青,PERSON
596,中華隊,ORG
596,潘威倫,PERSON
596,王建民,PERSON
596,潘威倫,PERSON
596,呂彥青,PERSON
596,經典賽,EVENT
596,中華隊,ORG
596,呂寶,PERSON
596,今天,DATE
596,經典賽,EVENT
596,呂寶,PERSON
597,東森,ORG
597,陳依旻,PERSON
597,台北,GPE
597,萬,CARDINAL
597,中華隊,ORG
597,陳依旻,PERSON
597,台北,GPE
597,中華隊,ORG
597,巴拿馬,GPE
597,中華隊,GPE
597,前天,DATE
597,中華民國運動彩券經銷商商業同業公會,ORG
597,何昱奇,PERSON
597,新聞雲,PERSON
597,中華隊,ORG
597,中華隊,ORG
597,中華隊,ORG
597,義大利,GPE
597,台灣隊,ORG
597,張育成,PERSON
597,中華隊,ORG
597,近萬,CARDINAL
598,丁世傑,PERSON
598,中時,ORG
598,鄭任南,PERSON
598,中華隊,ORG
598,義大利,GPE
598,滿志剛,PERSON
598,台北市議會,ORG
598,吳志剛,PERSON
598,台北市青年工作委員會,ORG
598,滿志剛,PERSON
598,中華,GPE
598,今天,DATE
598,義大利,GPE
598,中華隊,ORG
598,義大利,GPE
598,滿志剛,PERSON
598,明天,DATE
598,下午,TIME
598,明天,DATE
598,上午九點,TIME
598,中華隊,ORG
598,巴拿馬,GPE
598,日晚七點,TIME
598,中華隊,ORG
598,古巴,GPE
598,義大利,GPE
598,滿志,PERSON
598,中華,GPE
598,滿志剛,PERSON
598,中華隊,ORG
598,今天,DATE
598,義大利,GPE
598,中華隊,ORG
598,義大利,GPE
598,滿志,PERSON
598,明天,DATE
598,下午,TIME
598,明天,DATE
598,上午九點,TIME
599,張良瑜,PERSON
599,洲際棒球場,FAC
599,千萬,CARDINAL
599,台中洲際棒球場,FAC
599,張良瑜,PERSON
599,世界棒球經典賽,EVENT
599,五天,DATE
599,今天,DATE
599,洲際棒球場,FAC
599,中華棒協,ORG
599,王裕盛,PERSON
599,台中,GPE
599,洲際棒球場,FAC
599,洲際棒球場,FAC
599,張良瑜,PERSON
599,中華棒協,ORG
599,王裕盛,PERSON
599,百慕達,GPE
599,這天,DATE
599,四顆,CARDINAL
599,張良瑜,PERSON
599,今天,DATE
599,洲際棒球場,FAC
599,兩萬美金,MONEY
599,李政瀚,PERSON
599,四,CARDINAL
599,美國,GPE
599,鳳凰城邁阿密,GPE
599,日本,GPE
599,東京,GPE
599,台灣台中,GPE
599,台灣,GPE
599,台灣,GPE
599,台中,GPE
599,洲際棒球場室,PRODUCT
599,張良瑜,PERSON
599,台中洲際棒球場,FAC
599,中信,ORG
599,今天,DATE
599,三天,DATE
599,今天,DATE
599,這幾天,DATE
599,兩千萬,CARDINAL
600,鄭成功,PERSON
600,劉國軒,PERSON
600,平埔族,NORP
600,高山族,NORP
600,中華隊,ORG
600,荷蘭,GPE
600,鄭成功,PERSON
601,中華隊,ORG
601,今晚,TIME
601,義大利隊,GPE
601,必勝客,ORG
602,新竹球場,FAC
602,中,GPE
602,陽,PERSON
603,經典賽,EVENT
603,張育成,PERSON
603,聯合報,ORG
603,陳宛晶,PERSON
603,台中,GPE
603,中華隊,ORG
603,今天,DATE
603,義大利隊,GPE
603,世界棒球經典賽,EVENT
603,張育成,PERSON
603,兩,CARDINAL
603,林岳平,PERSON
603,張育成,PERSON
603,中華隊,ORG
603,今天,DATE
603,兩,CARDINAL
603,洲際棒球場,FAC
603,洲際圖書館,ORG
603,第局,ORG
603,呂彥,PERSON
603,青登板球,ORG
603,張育成,PERSON
603,兩,CARDINAL
603,張育成,PERSON
603,兩,CARDINAL
603,二,CARDINAL
603,林岳平,PERSON
603,張育成,PERSON
603,中華隊,ORG
603,張育成,PERSON
603,萬,CARDINAL
604,義大利,GPE
604,中華隊,ORG
604,中華隊,ORG
604,義大利,GPE
605,中時新聞網,ORG
605,中時新聞網,ORG
605,謝雅柔,PERSON
605,中華隊,ORG
605,義大利,GPE
605,徐巧芯,PERSON
605,郭吉銓,PERSON
605,國民黨,ORG
605,台北市,GPE
605,徐巧芯,PERSON
605,中時,ORG
605,世界棒球,EVENT
605,台中洲際球場,FAC
605,巴拿馬,GPE
605,中華隊,ORG
605,今晚,TIME
605,義大利,GPE
605,江少慶,PERSON
605,中華隊,ORG
605,國民黨,ORG
605,滿志剛,PERSON
605,中華隊,ORG
605,今天,DATE
605,義大利,GPE
605,國民黨,ORG
605,台北市,GPE
605,徐巧芯,PERSON
605,滿志剛,PERSON
605,今日,DATE
605,巴拿馬,GPE
605,中華隊,ORG
605,今晚,TIME
605,昨天,DATE
605,古巴,GPE
605,義大利,GPE
605,中華隊,ORG
605,中華隊,ORG
605,今天,DATE
605,義大利,GPE
605,滿志剛,PERSON
605,中華,GPE
605,徐巧芯,PERSON
605,台灣,GPE
605,國民黨,ORG
605,江啟臣,PERSON
605,洪孟楷,PERSON
605,林德福,PERSON
605,羅明才,PERSON
605,台北市,GPE
605,徐弘庭,PERSON
605,國民黨,ORG
605,李明璇,PERSON
605,台北市,GPE
605,李明賢,PERSON
605,台北市,GPE
605,張斯綱,PERSON
605,桃園,GPE
605,凌濤,PERSON
605,新北市,GPE
605,葉元之,PERSON
605,台北市,GPE
605,柳采葳,PERSON
605,中華隊,ORG
605,今晚,TIME
605,義大利,GPE
605,中華隊,ORG
605,義大利,GPE
606,國際賽,EVENT
607,中華隊,ORG
607,中國,GPE
608,今晚,TIME
608,兩,CARDINAL
608,兩,CARDINAL
608,中華隊,ORG
608,中華隊,GPE
608,兩,CARDINAL
609,中華隊,ORG
609,荷蘭,GPE
609,古巴,GPE
609,古巴,GPE
609,荷蘭,GPE
610,中華隊,GPE
611,林育綾,PERSON
611,中華隊,ORG
611,義大利,GPE
611,美式,NORP
611,年月日,DATE
611,中華隊,ORG
611,世界棒球經典賽,EVENT
611,義大利,GPE
611,萊爾富,ORG
611,林育綾,PERSON
611,中華隊,ORG
611,義大利,GPE
611,萊爾富,ORG
611,今日,DATE
611,百事可樂,PRODUCT
611,月日,DATE
611,萊爾富,ORG
611,中華隊,ORG
611,百事可樂,ORG
611,月日,DATE
611,▲慶,GPE
611,中華隊,ORG
611,義大利,GPE
611,美式,NORP
611,美式,NORP
611,美式,NORP
611,美式,NORP
612,中華隊,ORG
612,今天,DATE
613,林子偉,PERSON
613,布農族人,NORP
613,張育成,PERSON
613,阿美族人,NORP
613,紅襪,GPE
613,排灣族人,NORP
613,旅美,GPE
613,明天,DATE
614,台灣隊,NORP
614,中華民國,GPE
614,中華隊,ORG
614,中華隊,ORG
615,今天,DATE
615,中華隊,ORG
615,本魯,PERSON
615,明天,DATE
615,義大利麵,PRODUCT
616,林襄,PERSON
616,中華隊,ORG
617,昨天晚上,TIME
617,二兵,ORG
617,張智成,PERSON
617,凌晨三點鐘,TIME
617,中華台北,GPE
617,台灣隊,ORG
617,荷蘭,GPE
617,台灣,GPE
617,中華,GPE
617,三,CARDINAL
617,荷蘭,GPE
618,早上,TIME
618,超商,ORG
618,中華隊,ORG
618,阿薩姆,LOC
619,昨天,DATE
619,中華隊,ORG
619,義大利,GPE
619,中華隊,ORG
619,中華隊,ORG
619,日本,GPE
619,台灣,GPE
620,世界棒球經典賽,EVENT
620,巴拿馬,GPE
620,義大利,GPE
620,台灣人,NORP
620,台灣,GPE
620,第幾,ORDINAL
621,台灣隊,ORG
621,十年,DATE
621,義大利,GPE
621,張柏源,PERSON
621,台灣隊,ORG
621,今天,DATE
621,義大利隊,ORG
621,林子偉,PERSON
621,張育成,PERSON
621,台灣隊,ORG
621,經典賽,EVENT
621,年月,DATE
621,荷蘭隊,GPE
621,台灣,GPE
621,台灣隊,ORG
621,世界棒球經典賽,EVENT
621,巴拿馬隊,GPE
621,今天,DATE
621,近萬,CARDINAL
621,義大利隊,GPE
621,義大利,GPE
621,大聯盟,ORG
621,美國,GPE
621,二,CARDINAL
621,台灣隊局,ORG
621,林子偉,PERSON
621,台灣,GPE
621,義大利隊局,ORG
621,佛萊徹蘇利文,PERSON
621,迪盧齊奧,PERSON
621,三,CARDINAL
621,台灣隊局,ORG
621,陳傑憲,PERSON
621,二,CARDINAL
621,鄭宗哲,PERSON
621,台灣隊局,ORG
621,張育成,PERSON
621,二,CARDINAL
621,吳念庭,PERSON
621,陳傑憲,PERSON
621,王柏融,PERSON
621,江坤宇,PERSON
621,三,CARDINAL
621,義大利隊,GPE
621,陳傑憲,PERSON
621,台灣隊,GPE
621,第分,ORDINAL
621,義大利隊局,ORG
621,四,CARDINAL
621,羅培茲,PERSON
621,台灣隊,ORG
621,張育成,PERSON
621,陳傑憲,PERSON
621,四,CARDINAL
621,江坤宇,PERSON
621,范國宸,PERSON
621,台灣隊,ORG
621,張育成,PERSON
621,吳念庭,PERSON
621,力吉,PERSON
621,台灣隊,ORG
621,台灣隊,ORG
621,十年,DATE
621,義大利,GPE
622,必勝客,ORG
622,義大利人,NORP
622,中華隊,GPE
622,必勝客,ORG
623,新聞網,ORG
623,萬,CARDINAL
623,王芊歷,PERSON
623,胡瑞麒,PERSON
623,中華隊,ORG
623,昨日,DATE
623,義大利,GPE
623,中華隊,ORG
623,林襄,PERSON
623,胡瑞麒,PERSON
623,洲際棒球場,FAC
623,中華隊,GPE
623,巴拿馬,GPE
623,中華隊,ORG
623,巴拿馬,GPE
623,林襄,PERSON
623,中華隊,ORG
623,中華,GPE
623,昨日,DATE
623,義大利,GPE
623,玖壹壹,PERSON
623,胡瑞麒,PERSON
623,張育成,PERSON
623,二,CARDINAL
623,約萬,CARDINAL
623,台灣,GPE
623,義大利,GPE
623,皮亞薩,PERSON
623,中華隊,ORG
623,胡瑞麒,PERSON
623,林襄孟潔,PERSON
623,琪琪心璇,PERSON
623,艾璐瑟七,PERSON
624,第次,ORDINAL
624,中華隊,ORG
625,昨天,DATE
625,中華台北隊,ORG
625,中國,GPE
625,中國國家隊,ORG
626,昨天,DATE
626,義大利,GPE
626,今天,DATE
626,荷蘭,GPE
626,中華隊,ORG
627,昨天,DATE
627,義大利,GPE
627,中華隊,ORG
628,今日,DATE
628,吳政紘,PERSON
628,義大利,GPE
628,中華隊,ORG
628,昨晚,TIME
628,義大利隊,ORG
628,經典賽,EVENT
628,義大利隊,ORG
628,美國,GPE
628,堂球星,PERSON
628,義大利,GPE
628,中華隊,ORG
628,中華隊,ORG
628,明天,DATE
628,巴拿馬,GPE
628,第二,ORDINAL
628,今天,DATE
628,年初,DATE
629,東京,GPE
629,日本,GPE
629,昨天,DATE
629,中華,GPE
629,義大利,GPE
629,中華隊,ORG
630,台灣,GPE
630,台灣,NORP
630,三,CARDINAL
630,中華隊,ORG
630,台灣,GPE
630,兩,CARDINAL
630,中華隊,ORG
630,中華隊,ORG
631,日,GPE
631,美國大聯盟,ORG
631,美國隊,ORG
631,大聯盟,ORG
631,古巴隊,ORG
631,大聯盟,ORG
631,日本隊,ORG
631,日本,GPE
631,中華隊,ORG
631,高橋,GPE
631,伸誠島,LOC
631,福留孝介,PERSON
631,鈴木郎,PERSON
631,中華隊,ORG
631,陳金鋒,PERSON
631,張泰山,PERSON
631,謝佳賢,PERSON
632,李密,PERSON
632,陳水扁,PERSON
632,中華隊,ORG
632,昨日,DATE
632,中華隊,ORG
632,義大利,GPE
632,陳水扁,PERSON
632,陳水扁,PERSON
632,新勇哥,PERSON
632,中華隊,ORG
632,昨日,DATE
632,中華隊,ORG
632,中華隊,ORG
632,第二,ORDINAL
632,義大利,GPE
632,經典賽,EVENT
632,陳水,PERSON
632,早晨,TIME
632,中華隊,GPE
632,台灣,GPE
632,兩,CARDINAL
632,兩,ORDINAL
632,張圖,PERSON
632,台灣,GPE
632,台灣,GPE
632,阿扁,PERSON
632,台灣,GPE
632,百年,DATE
632,陳水扁,PERSON
632,台灣,GPE
632,台灣,GPE
632,陳水扁,PERSON
632,陳水扁,PERSON
632,扁維拉李維拉,PERSON
632,扁維拉,PERSON
632,扁維拉,PERSON
632,馬英九,PERSON
632,八年,DATE
632,洋基隊,ORG
632,台灣人,NORP
632,扁維拉,PERSON
633,林襄,PERSON
633,台灣,NORP
633,金庸,PERSON
633,王語嫣,PERSON
633,昨天,DATE
633,中華隊,ORG
633,林襄,PERSON
634,日本,GPE
634,中華隊,ORG
634,哇靠,PERSON
634,日本,GPE
634,台灣,GPE
634,日本,GPE
634,台灣,GPE
635,中華隊國際賽,EVENT
635,韓國,GPE
635,義大利,GPE
635,今天晚上,TIME
635,古巴,GPE
636,聯合報,WORK_OF_ART
636,林佳彣,PERSON
636,楊德宜,PERSON
636,中華隊,ORG
636,義大利,GPE
636,今晚,TIME
636,中華隊,ORG
636,世界棒球經典賽,EVENT
636,義大利隊,ORG
636,國民黨,ORG
636,洪孟楷,PERSON
636,義大利,GPE
636,今晚,TIME
636,新北市,GPE
636,中捷運站,FAC
636,今天,DATE
636,傍晚時分,TIME
636,洪孟楷,PERSON
636,中華隊,ORG
636,荷蘭,GPE
636,東京,GPE
636,周六,DATE
636,府中捷運站,FAC
636,新北,GPE
636,江啟臣,PERSON
636,洪孟楷,PERSON
636,徐弘庭,PERSON
636,台北市,GPE
636,張斯綱,PERSON
636,李明賢阿賢,PERSON
636,羅明,PERSON
636,葉元之,PERSON
636,板橋,GPE
636,林德福,PERSON
636,李明璇,PERSON
636,黃揚明,PERSON
636,洪孟楷,PERSON
636,滿志剛,PERSON
636,雞蛋顆彰化縣,GPE
636,林為洲,PERSON
636,中華隊,ORG
636,林為洲,PERSON
636,今天,DATE
636,午時,TIME
636,新社,GPE
636,保安宮,GPE
636,台北市青工總會長,ORG
636,滿志剛,PERSON
636,今天,DATE
636,上午,TIME
636,今天,DATE
636,下午,TIME
636,中午,TIME
636,下午,TIME
636,台北市,GPE
636,義區,GPE
636,永春捷運站,FAC
637,台大,ORG
637,晚上,TIME
637,台灣,GPE
637,中華隊,ORG
638,自由時報,WORK_OF_ART
638,易慧慈,PERSON
638,台義大戰,EVENT
638,易慧慈,PERSON
638,台灣隊,GPE
638,昨晚,TIME
638,義大利,GPE
638,林子偉,PERSON
638,張育成,PERSON
638,吉力吉撈,ORG
638,義大利,GPE
638,台灣,GPE
638,蔡阿嘎,PERSON
638,義大利,GPE
638,台灣隊,GPE
638,義大利,GPE
638,蔡阿嘎,PERSON
638,襄蔡,PERSON
638,義大利,GPE
638,台義大戰,EVENT
638,蔡阿嘎,PERSON
638,襄蔡,PERSON
638,義大利,GPE
638,義大利,GPE
638,襄蔡,PERSON
638,蔡阿嘎,PERSON
638,襄蔡,PERSON
638,義大利,GPE
638,蔡阿嘎,PERSON
638,襄蔡,PERSON
638,義大利,GPE
638,嘎哥,PERSON
638,荷蘭,GPE
638,襄蔡,PERSON
638,襄蔡,PERSON
638,阿嘎,PERSON
638,襄蔡,PERSON
638,今天,DATE
638,明天,DATE
639,魯,PERSON
639,昨天,DATE
639,義大利人,NORP
640,中華隊,GPE
640,蔡阿嘎,PERSON
640,日本,GPE
640,志村健,PERSON
641,荷蘭,GPE
641,台灣,GPE
641,義大利,GPE
641,古巴,GPE
641,巴拿馬,GPE
641,台荷台古荷義,GPE
641,兩,CARDINAL
641,兩,CARDINAL
641,義大利,GPE
641,巴拿馬,GPE
641,荷蘭,GPE
641,台灣,GPE
641,台灣,GPE
641,古巴,GPE
641,荷蘭,GPE
641,義大利,GPE
641,古巴,GPE
641,台贏義,PERSON
641,荷台,GPE
641,台灣,GPE
641,巴拿馬,GPE
641,義大利,GPE
641,夏威夷,GPE
642,三十公分,QUANTITY
642,魯熊熊,PERSON
642,世界棒球經典賽,EVENT
642,今天,DATE
642,晚上,TIME
642,中華隊,ORG
642,荷蘭隊,GPE
642,美國,NORP
642,大聯盟,ORG
642,荷蘭隊,ORG
642,昨天,DATE
642,義大利,GPE
642,荷蘭,GPE
642,荷蘭,GPE
642,荷蘭,GPE
642,荷蘭,GPE
642,今天,DATE
642,晚上,TIME
642,中華隊,ORG
642,荷蘭隊,GPE
643,東京,GPE
643,美國,GPE
643,日本隊,GPE
643,義大利,GPE
643,荷蘭,GPE
644,當天,DATE
644,經典賽,EVENT
644,呂彥青,PERSON
644,黃泓哲,PERSON
644,年月,DATE
644,日,GPE
644,世界棒球經典賽,EVENT
644,中華隊,ORG
644,今晚,TIME
644,義大利,GPE
644,呂彥青,PERSON
644,義大利隊,ORG
644,經典賽,EVENT
644,今天,DATE
644,呂彥青,PERSON
644,三,CARDINAL
644,中華隊,ORG
644,當天,DATE
644,呂彥青,PERSON
644,今天,DATE
644,中午,TIME
644,呂寶,PERSON
644,朝陽,PERSON
645,八卦板,ORG
645,八卦,CARDINAL
645,台灣,GPE
645,台灣,GPE
645,昨天,DATE
645,中華隊,ORG
646,中國捷克,GPE
646,兩,CARDINAL
646,三,CARDINAL
646,三,CARDINAL
646,二,CARDINAL
646,中華隊,ORG
646,兩,CARDINAL
646,昨天,DATE
646,日本,GPE
646,南韓,GPE
647,中時,ORG
647,盧品青,PERSON
647,中華隊,ORG
647,中華隊,ORG
647,日暌,GPE
647,經典賽,EVENT
647,林子偉,PERSON
647,台中洲際球場,FAC
647,兩萬,CARDINAL
647,中華隊,GPE
647,大聯盟,ORG
647,中華隊,GPE
647,中華隊,ORG
647,刻安,PERSON
647,中華隊局,ORG
647,美國大聯盟,ORG
647,佛萊徹,PERSON
647,范,PERSON
647,國宸,PERSON
647,中華隊,ORG
647,三,CARDINAL
647,義大利,GPE
647,美,GPE
647,讚第局,ORG
647,三,CARDINAL
647,美國,NORP
647,台灣,GPE
647,美國,NORP
647,亞特蘭大勇士隊,ORG
647,美國,GPE
647,義大利,GPE
647,皮亞薩,PERSON
647,兄弟象,PERSON
647,台灣,GPE
648,去年,DATE
648,去年,DATE
648,林智堅,PERSON
648,去年,DATE
648,昨天,DATE
648,中華隊,ORG
648,中華隊,ORG
648,中國隊,ORG
648,昨天,DATE
648,台灣,GPE
648,中華,NORP
648,台灣,GPE
649,巴拿馬,GPE
649,三,CARDINAL
649,昨天,DATE
649,日本,NORP
649,中華,GPE
649,兩,CARDINAL
649,中華隊,GPE
650,中時新聞網,ORG
650,于川,PERSON
650,賀中華隊,ORG
650,中時新聞網,ORG
650,于川,PERSON
650,中華隊,ORG
650,義大利,GPE
650,中華隊,ORG
650,荷蘭,GPE
650,台北市議會,ORG
650,吳志剛,PERSON
650,台北市青年工作委員會,ORG
650,滿志剛,PERSON
650,中華,GPE
650,義大利,GPE
650,中華隊,ORG
650,義大利,GPE
650,滿志剛,PERSON
650,滿志剛,PERSON
650,早上,TIME
650,今天,DATE
650,下午,TIME
650,千,CARDINAL
650,六,CARDINAL
650,台北市,GPE
650,信義區忠孝東路五段巷,LOC
650,永春捷運站,FAC
650,滿志剛,PERSON
650,台北市,GPE
650,徐巧芯,PERSON
650,前晚,TIME
650,美國,GPE
650,滿志剛,PERSON
650,中華,NORP
650,今晚點,TIME
650,荷蘭,GPE
650,台中,GPE
650,中華隊,ORG
650,昨天,DATE
650,盧,PERSON
651,東京,GPE
651,韓國隊,ORG
651,兩,CARDINAL
651,澳洲,GPE
651,日本,GPE
651,日本,GPE
651,澳洲,GPE
651,韓國,GPE
651,中國,GPE
651,韓國,GPE
651,日,GPE
651,澳,GPE
651,兩,CARDINAL
651,韓國,GPE
651,日,GPE
651,澳,GPE
651,韓國,GPE
651,澳洲,GPE
651,中國,GPE
652,中,GPE
652,中國,GPE
652,七,CARDINAL
653,中國隊,ORG
653,兩,CARDINAL
653,第個,ORDINAL
653,三敗,ORG
653,中國隊,ORG
654,前天,DATE
654,日本,GPE
654,半天,DATE
654,三,CARDINAL
654,中國,GPE
654,中國,GPE
654,日本,GPE
654,三,CARDINAL
654,今天,DATE
655,阿北,PERSON
655,阿北,PERSON
655,柯粉,PERSON
655,阿北,PERSON
655,阿北,PERSON
655,賴,PERSON
655,盧秀燕,PERSON
655,阿北抄智,PERSON
655,蔡其昌,PERSON
655,這兩天,DATE
655,中國,GPE
655,中華隊,ORG
655,台灣隊,ORG
655,中國隊,ORG
655,今天,DATE
655,三,CARDINAL
655,八卦仔,PERSON
656,中華民國憲法,LAW
656,台灣,GPE
656,昨天,DATE
656,中華隊,ORG
656,兩,CARDINAL
656,台灣,GPE
656,中國,GPE
656,台獨,GPE
656,大陸人,NORP
656,中國大陸,GPE
656,台灣,GPE
656,中國,NORP
656,中國,GPE
656,以,GPE
656,武,GPE
656,今天,DATE
657,日,GPE
657,台,GPE
657,今天,DATE
657,日本,GPE
657,捷克,GPE
657,兩,CARDINAL
657,台灣,GPE
657,佐佐木朗希,PERSON
657,今天,DATE
657,日本隊,ORG
658,中華隊,ORG
658,這幾年,DATE
658,台灣隊,ORG
658,中華隊,ORG
658,台灣隊,ORG
658,台灣國,GPE
658,中華隊,ORG
658,中華隊,ORG
658,台灣隊,ORG
659,台灣隊,ORG
659,美國人,NORP
659,美國隊,GPE
659,中國人,NORP
659,中國隊,ORG
659,日本人,NORP
659,日本隊,GPE
659,中華隊,ORG
659,三,CARDINAL
659,中華人,NORP
659,台灣人,NORP
659,中華隊,GPE
659,台北,GPE
660,台灣,GPE
660,台獨,GPE
660,台灣隊,ORG
660,中華民國,GPE
660,兩,CARDINAL
660,中國,GPE
660,中華隊,ORG
660,九二,EVENT
660,中華民國,GPE
660,中國,GPE
660,中國隊,ORG
661,今日,DATE
661,潘毅,PERSON
661,台灣,GPE
661,千,CARDINAL
661,中華隊,ORG
661,晚間,TIME
661,義大利,GPE
661,第場,ORDINAL
661,昨日,DATE
661,滿志剛,PERSON
661,中華隊,ORG
661,中華,NORP
661,國民黨青工會,ORG
661,滿志剛,PERSON
661,前晚,TIME
661,美國,GPE
661,義大利,GPE
661,滿志,PERSON
661,六,CARDINAL
661,台北市,GPE
661,信義區忠孝東路五段巷,LOC
661,永春捷運站,FAC
662,四,CARDINAL
662,中華民國,GPE
662,美國,GPE
662,美洲,LOC
663,巴拿馬,GPE
663,義大利,GPE
663,中華隊,ORG
663,第天,DATE
663,今天,DATE
663,荷蘭人,NORP
663,台灣,GPE
663,今天,DATE
663,洲際棒球場,FAC
663,荷蘭,GPE
664,中國,GPE
664,台北,GPE
664,中國,GPE
664,台北,GPE
664,台灣隊,ORG
664,中華隊,ORG
664,中華民國,GPE
664,台灣,GPE
665,台灣,GPE
665,台灣,GPE
665,中信兄弟啦啦隊,ORG
665,貴貴,PERSON
665,妮可,PERSON
665,林襄,PERSON
665,孟潔,PERSON
665,心璇,PERSON
665,賴可,PERSON
665,琪琪,PERSON
665,艾璐,PERSON
665,瑟七,PERSON
665,斐棋,PERSON
665,丹丹,PERSON
665,秀秀子,PERSON
666,荷蘭,GPE
666,日本,GPE
666,晚上,TIME
666,日本,GPE
667,今日,DATE
667,吳政紘,PERSON
667,台中,GPE
667,渡邊久信,PERSON
667,台灣,GPE
667,台,GPE
667,台灣,GPE
667,吳政紘,PERSON
667,日本,GPE
667,西武獅隊,ORG
667,渡邊久信,PERSON
667,台,GPE
667,西武獅隊,ORG
667,台灣,GPE
667,郭俊麟,PERSON
667,富邦,PERSON
667,郭泰源,PERSON
667,吳念庭,PERSON
667,渡邊久信,PERSON
667,吳念庭,PERSON
667,渡邊,PERSON
667,吳念庭,PERSON
667,中華隊,ORG
667,渡邊,PERSON
667,吳念庭,PERSON
667,中華隊,ORG
667,中華隊,ORG
667,台,GPE
668,三立,PERSON
668,陳慈鈴,PERSON
668,經典賽,EVENT
668,荷蘭隊,GPE
668,台灣,GPE
668,台灣,GPE
668,昨日,DATE
668,世界棒球經典賽,EVENT
668,義大利,GPE
668,台灣,GPE
668,今晚,TIME
668,荷蘭,GPE
668,昨天,DATE
668,荷蘭隊,GPE
668,今天,DATE
668,今日,DATE
668,昨天,DATE
668,荷蘭隊,ORG
668,今天,DATE
668,台灣隊,ORG
668,台灣,GPE
668,晚上,TIME
668,台灣,GPE
669,今天,DATE
669,荷蘭,GPE
669,中華,GPE
669,今年,DATE
669,荷蘭,GPE
669,今天,DATE
670,中華隊,ORG
670,巴拿馬,GPE
670,古巴,GPE
670,巴拿馬,GPE
670,中華隊,ORG
670,義大利,GPE
670,義大利,GPE
670,日本,GPE
670,韓國,GPE
670,澳州,GPE
670,大陸,GPE
671,中華隊,ORG
672,今天,DATE
672,國家隊,ORG
672,中華隊,ORG
672,台灣隊,ORG
672,中華台北隊,ORG
672,國家隊,ORG
672,中華隊,ORG
672,台灣隊,ORG
672,台灣,GPE
672,中華民國,GPE
672,中華隊,ORG
672,台灣,GPE
672,台灣隊,ORG
672,中華隊,ORG
672,台灣,GPE
672,台灣,GPE
672,中華隊,GPE
672,台灣,GPE
672,七,CARDINAL
672,中華隊,GPE
672,中華隊,ORG
672,中華台北,GPE
672,泰國,GPE
672,台灣,GPE
672,中華民國,GPE
672,美利堅,GPE
672,美國,GPE
672,荷蘭波多黎各,GPE
672,荷蘭,GPE
672,波多黎各,GPE
672,韓國,GPE
672,前天,DATE
672,中華隊,ORG
672,台灣隊,ORG
673,高雄,GPE
673,中華,GPE
673,台灣,GPE
673,亞洲,LOC
673,國家隊,ORG
673,東京,GPE
673,日本,GPE
674,蔣時期,DATE
674,台灣隊,ORG
674,台灣,GPE
674,蔣氣,PERSON
674,中華隊,ORG
674,中華台北,GPE
674,台灣隊,ORG
674,台灣,GPE
674,新疆新疆,GPE
674,東土,GPE
674,耳其斯坦,GPE
674,台灣,GPE
674,曉改,PERSON
674,中華隊,GPE
674,國家隊,ORG
674,中華台北隊,ORG
674,台灣隊,ORG
674,台灣,GPE
675,潘忻妤,PERSON
675,年月,DATE
675,基隆,GPE
675,億柯文哲,PERSON
675,林右昌,PERSON
675,基隆,GPE
675,柯文哲,PERSON
675,昨天,DATE
675,林右昌,PERSON
675,基隆,GPE
675,楊約翰,PERSON
675,基隆,GPE
675,年多內,DATE
675,民眾黨,ORG
675,昨天,DATE
675,日,GPE
675,昨天,DATE
675,林右昌,PERSON
675,基隆,NORP
675,柯文哲,PERSON
675,蔡英文,PERSON
675,基隆火車站,FAC
675,八堵,GPE
675,基隆捷運,FAC
675,基隆,GPE
675,基隆市,GPE
675,柯文哲,PERSON
675,台北捷運局,ORG
675,交通部,ORG
675,四,CARDINAL
675,基隆,GPE
675,台北段,FAC
675,南港車站,FAC
675,台北,GPE
675,台灣隊,ORG
675,威,GPE
675,柯文哲,PERSON
675,基隆,GPE
675,內政部長,ORG
675,林右昌,PERSON
675,林,PERSON
675,基隆,NORP
675,柯文哲,PERSON
675,基隆,GPE
675,八堵,GPE
676,荷蘭,GPE
676,台灣,GPE
676,台灣人,NORP
676,荷蘭,GPE
676,今天,DATE
676,荷蘭,GPE
676,荷蘭,GPE
676,中華隊,ORG
677,中華隊,ORG
677,中華民國隊,ORG
677,中華台北隊,ORG
677,中華民國,GPE
677,中華台北,GPE
677,大陸,GPE
677,共產黨,ORG
677,聯合國,ORG
677,中國,NORP
677,中華民國,GPE
677,中國,GPE
677,中華隊,ORG
677,中華台北,ORG
677,中華隊,ORG
677,台北隊,ORG
677,中國,NORP
677,大陸,GPE
677,中國隊,ORG
678,晚上,TIME
678,中華隊,ORG
678,荷蘭,GPE
678,荷蘭,GPE
678,中華隊,ORG
678,今晚,TIME
678,中華隊,ORG
679,荷蘭,GPE
679,中華隊,ORG
679,中華隊,ORG
679,台灣,NORP
680,韓國,GPE
680,中國,GPE
680,今天,DATE
680,晚上,TIME
680,中華隊,ORG
680,亞洲球隊,ORG
680,日本,GPE
680,八,CARDINAL
680,歐,NORP
680,美,NORP
681,中國隊,ORG
681,中國隊,ORG
681,中華隊,ORG
681,中國隊,ORG
682,奧運,EVENT
682,台灣,GPE
682,中華隊奧委會,ORG
682,奧委會,ORG
682,中華隊,ORG
682,中華台北隊,ORG
682,中華代表隊,ORG
682,中華民國代表隊,ORG
682,台灣隊,ORG
683,今日,DATE
683,潘毅,PERSON
683,台灣,GPE
683,千,CARDINAL
683,中華隊,ORG
683,晚間,TIME
683,義大利,GPE
683,第場,ORDINAL
683,昨日,DATE
683,滿志剛,PERSON
683,中華隊,ORG
683,中華,NORP
683,國民黨青工會,ORG
683,滿志剛,PERSON
683,前晚,TIME
683,美國,GPE
683,義大利,GPE
683,國民黨青工會,ORG
683,滿志剛,PERSON
683,滿志,PERSON
683,六,CARDINAL
683,台北市,GPE
683,信義區忠孝東路五段巷,LOC
683,永春捷運站,FAC
684,中華,GPE
684,台灣,GPE
684,英文,LANGUAGE
684,中華,GPE
684,中國,NORP
684,中文,LANGUAGE
684,新加坡,GPE
684,中華,NORP
684,台灣隊,ORG
685,中華台北,GPE
685,中華民國,GPE
685,萬,CARDINAL
685,中華台北,LOC
685,中華民國,GPE
685,台灣,GPE
685,台灣,GPE
686,昨晚,TIME
686,中華隊,ORG
686,義大利隊,ORG
686,中華隊,ORG
686,中華隊,ORG
686,中華,GPE
686,去年底,DATE
686,今晚,TIME
686,荷蘭,GPE
686,中華隊,ORG
687,昨天,DATE
687,三,CARDINAL
687,中華隊,ORG
687,今天晚上,TIME
688,台灣隊,ORG
688,年前,DATE
688,中華隊,GPE
688,台灣隊,ORG
688,台灣隊,ORG
688,三,CARDINAL
688,澎湖隊,ORG
688,馬祖隊,ORG
688,王建民,PERSON
688,台灣隊,ORG
688,中華隊,ORG
689,中國台北中華民國,GPE
689,台灣隊,ORG
689,中華隊,ORG
689,這幾年,DATE
690,台中洲際棒球場,FAC
690,中華隊,ORG
690,兩萬,CARDINAL
691,九,CARDINAL
691,今天,DATE
691,中華隊,ORG
691,日本,GPE
692,三立,PERSON
692,陳怡潔,PERSON
692,徐巧芯,PERSON
692,世界棒球經典賽,EVENT
692,台灣隊,GPE
692,昨晚,TIME
692,義大利,GPE
692,國民黨,ORG
692,滿志剛,PERSON
692,今日下午,TIME
692,滿志剛,PERSON
692,今天,DATE
692,台北市,GPE
692,徐巧芯,PERSON
692,台灣隊,ORG
692,滿志剛,PERSON
692,今天,DATE
692,下午,TIME
692,昨天,DATE
692,台灣,NORP
692,台灣隊,GPE
692,昨天,DATE
692,台北市,GPE
692,徐巧芯,PERSON
692,中華隊,ORG
692,中華隊,ORG
693,中華台北,LOC
693,中華隊,ORG
693,台灣隊,ORG
693,中國隊,ORG
694,荷蘭,GPE
694,中華民國,GPE
694,中華奧委會,ORG
695,晚上,TIME
695,昨天,DATE
695,洲際,ORG
695,台灣,GPE
695,中國,GPE
695,台北,GPE
695,中華隊,ORG
695,三,CARDINAL
695,中文字,LANGUAGE
695,中文字,LANGUAGE
695,中文字,LANGUAGE
696,中華隊,ORG
696,台灣,GPE
696,楊惟甯,PERSON
696,中華隊,ORG
696,胡瑞麒,PERSON
696,世界棒球經典賽,EVENT
696,昨日,DATE
696,中華隊,ORG
696,德國,GPE
696,中華隊,ORG
696,台灣,GPE
696,中華隊,ORG
696,義大利,GPE
696,胡瑞麒,PERSON
696,德國,NORP
696,每日鏡報,WORK_OF_ART
696,迪克曼,PERSON
696,推特發文,PERSON
696,昨晚,TIME
696,中華隊,GPE
696,台灣,GPE
696,台灣隊,ORG
696,中華台北,GPE
696,義大利隊,ORG
696,中華隊,ORG
696,克曼,GPE
696,德國,NORP
696,每日鏡報,WORK_OF_ART
696,迪克曼,PERSON
696,中華隊,ORG
696,荷蘭,GPE
696,二,CARDINAL
696,零,CARDINAL
696,巴拿馬,GPE
696,二,CARDINAL
696,二,CARDINAL
696,巴拿馬,GPE
696,今日晚,TIME
696,中華隊,GPE
696,荷蘭,GPE
696,荷蘭,GPE
696,東京,GPE
696,台灣隊,ORG
697,安安,PERSON
697,荷蘭,GPE
697,中華隊,ORG
698,中華隊,ORG
699,中華隊,ORG
699,荷蘭隊,GPE
699,非洲裔,NORP
700,兩,CARDINAL
700,昨夜,TIME
700,中華隊,ORG
701,中華隊,ORG
702,昨天,DATE
702,三,CARDINAL
702,昨天,DATE
703,日本隊,ORG
703,中華隊,ORG
703,中華隊,ORG
703,昨天,DATE
703,日本隊,ORG
703,中華隊,ORG
704,中華隊,GPE
704,兩,CARDINAL
704,兩,CARDINAL
705,荷蘭隊,GPE
705,中華隊,ORG
706,中華隊,ORG
707,荷蘭,GPE
707,中華隊,ORG
708,今天,DATE
708,明年的今天,DATE
709,大台灣隊,ORG
709,今天,DATE
709,二局,ORG
709,蒿吐魯斯,PERSON
709,張育成,PERSON
709,張育成,PERSON
710,張育成,PERSON
710,台灣隊,ORG
710,今天,DATE
711,中華台北,GPE
711,義大利,GPE
711,荷蘭,GPE
712,張育成,PERSON
712,張育成,PERSON
713,台灣,GPE
713,張育成,PERSON
713,紅襪,ORG
714,張育成,PERSON
714,三,CARDINAL
715,國防部長,ORG
715,陳金鋒,PERSON
715,昨天,DATE
715,臺灣,GPE
715,張育成,PERSON
715,陳金鋒,PERSON
716,兩,CARDINAL
716,張育成,PERSON
716,台灣,GPE
716,鋒神,PERSON
717,張育成,PERSON
717,張育成,PERSON
717,台灣,GPE
718,台灣第四棒,ORG
718,陳金鋒,PERSON
718,國防部長,ORG
718,張育成,PERSON
718,兩,CARDINAL
718,試問部長,ORG
719,張育成,PERSON
719,台獨,GPE
719,兩天,DATE
719,張育成,PERSON
720,中華隊,GPE
721,昨天,DATE
721,國防部長,ORG
722,昨天,DATE
722,義大利,GPE
722,今天,DATE
722,荷蘭,GPE
722,張育成,PERSON
722,張育成,PERSON
723,中華隊,ORG
723,荷蘭,GPE
723,中華,GPE
723,美國隊,ORG
723,中華,GPE
724,張育成,PERSON
724,兩天,DATE
724,張育成,PERSON
724,亞洲,LOC
724,三,CARDINAL
725,三十幾年,DATE
726,荷蘭,GPE
726,今晚,TIME
726,東京,GPE
727,大聯盟,ORG
727,國際賽,EVENT
727,大聯盟,ORG
727,大谷,PERSON
727,大聯盟,ORG
728,台灣,GPE
728,亞洲,LOC
728,台,GPE
728,張育成,PERSON
728,台灣人,NORP
728,台灣,GPE
729,昨天,DATE
729,義大利,GPE
729,中華隊,ORG
729,張育成局,ORG
729,今天,DATE
729,荷蘭,GPE
729,中華隊,ORG
729,張育成局,ORG
729,旅美,GPE
729,台,GPE
730,昨天,DATE
730,義大利,GPE
730,鄭成功,PERSON
730,荷蘭人,NORP
730,荷蘭,GPE
731,陳金鋒,PERSON
732,張育成,PERSON
732,經典賽,EVENT
732,張育成,PERSON
732,中華隊,ORG
732,張育成,PERSON
732,國防部長,ORG
732,中華隊,ORG
732,台灣,NORP
733,悟空,PERSON
733,張育成,PERSON
734,巴拿馬,GPE
734,荷蘭戰,GPE
734,中華隊,ORG
734,今年,DATE
735,中華隊,ORG
735,中華隊,ORG
735,中華隊,ORG
736,鄭成功,PERSON
736,張育成,PERSON
737,昨天,DATE
737,二兵,ORG
737,驚天,PERSON
737,今天,DATE
737,荷蘭,GPE
737,昨天,DATE
737,中華隊,ORG
738,日本,GPE
738,大谷,PERSON
738,二,CARDINAL
738,三,CARDINAL
738,大谷,PERSON
738,日本,GPE
738,捷克,GPE
738,分鐘,TIME
738,中華隊,GPE
738,日本隊,ORG
738,日本隊,ORG
738,中華隊,ORG
738,日本隊,ORG
739,鋒哥,PERSON
739,國際賽,EVENT
739,亞洲棒球錦標賽,EVENT
739,義大利世界盃,EVENT
739,年曼谷亞洲運動會,EVENT
739,南韓,GPE
739,朴贊浩,PERSON
739,臺北世界盃,EVENT
739,年札幌亞洲棒球錦標賽,EVENT
739,世界棒球經典賽,EVENT
739,月日,DATE
739,許文雄,PERSON
739,杜哈亞運,EVENT
739,亞運,EVENT
739,金牌,WORK_OF_ART
739,台灣,GPE
739,亞洲棒球錦標賽,EVENT
739,北京奧運,EVENT
739,日職,GPE
739,陳金鋒,PERSON
740,中華隊,ORG
740,荷蘭隊,GPE
740,上局,ORG
740,荷蘭隊,ORG
742,日,GPE
742,十秒,TIME
743,巴拿馬,GPE
743,當天,DATE
744,台灣隊,ORG
744,荷蘭,GPE
744,萬挺台,CARDINAL
744,翁嘉妤,PERSON
744,鍾至瑋,PERSON
744,新北,GPE
744,翁嘉妤,PERSON
744,鍾至瑋,PERSON
744,新北,GPE
744,世界棒球經典賽,EVENT
744,台灣隊,GPE
744,義大利,GPE
744,萬運彩,PERSON
744,台灣,GPE
744,台灣隊,GPE
744,倆,CARDINAL
744,今晚,TIME
744,台灣,GPE
744,荷蘭,GPE
744,台灣,GPE
744,台灣隊,ORG
744,萬元,MONEY
744,台灣隊,ORG
744,萬元,MONEY
744,台灣隊,ORG
744,荷蘭,GPE
744,台灣,GPE
744,何昱奇,PERSON
744,今天,DATE
744,中華隊,ORG
744,台灣隊,GPE
744,中華隊,GPE
744,荷蘭,GPE
744,台灣隊,ORG
744,荷蘭,GPE
744,台灣隊,ORG
744,中華隊,ORG
744,台灣隊,ORG
744,台灣隊,ORG
745,中華隊,ORG
745,中華隊,ORG
745,美國職棒明星隊,ORG
746,這兩天,DATE
746,中華隊,GPE
747,今天,DATE
747,中華隊,ORG
747,荷蘭,GPE
747,晚上,TIME
748,世界杯,EVENT
748,阿根廷,GPE
748,沙烏地,GPE
749,韓國,GPE
749,韓國,GPE
749,韓國,GPE
750,昨晚,TIME
750,日本,GPE
750,日本,GPE
750,日本,GPE
750,台灣,GPE
750,中華隊,ORG
750,日本,GPE
750,日本,NORP
750,日本,GPE
750,日本,GPE
750,台灣,GPE
751,日本,GPE
751,捷克,GPE
751,日本,GPE
751,日本,GPE
751,中華隊,ORG
751,台灣,GPE
751,梅花旗,ORG
751,台灣,GPE
752,這兩天,DATE
752,中華隊,GPE
752,這兩天,DATE
752,中華隊,ORG
752,中華隊,ORG
753,梅西狂踢球,PERSON
753,張育成,PERSON
753,荷蘭,GPE
753,荷蘭,GPE
753,阿根廷,GPE
754,第二,ORDINAL
754,第三,ORDINAL
755,中華隊,ORG
755,昨天,DATE
755,今天,DATE
755,巴拿馬,GPE
755,日本,GPE
755,韓國隊,ORG
755,這兩天,DATE
755,中華隊,GPE
755,台灣,GPE
755,中華隊,ORG
756,中華台北,GPE
757,吳念庭,PERSON
757,教練團,ORG
758,中華隊,ORG
758,紅毛鬼,PERSON
758,開漳,PERSON
758,鄭成功,PERSON
759,日本朝日電視台,ORG
759,捷克,GPE
759,日本,GPE
759,荷蘭隊,ORG
759,台灣,GPE
759,日本,GPE
759,台灣,GPE
759,台灣,GPE
759,這兩天,DATE
760,中華隊,ORG
760,荷蘭,GPE
760,吳哲源,PERSON
760,四,CARDINAL
761,中華隊,ORG
761,王柏融,PERSON
761,中華隊,GPE
761,王柏融,PERSON
761,中華隊,ORG
761,柏融,PERSON
761,二,CARDINAL
761,三,CARDINAL
762,第天,DATE
762,中華隊,GPE
762,這兩天,DATE
762,中華隊,ORG
762,荷蘭,GPE
762,義大利,GPE
762,兩,CARDINAL
763,中華隊,ORG
763,中華隊,ORG
763,第場,ORDINAL
763,東京,GPE
764,中華女足,ORG
764,泰國,GPE
764,亞洲盃會,EVENT
764,鍾東穎,PERSON
764,中華女足,ORG
764,第戰,EVENT
764,今天,DATE
764,烏茲別克,GPE
764,楊小娟,PERSON
764,中華隊,ORG
764,泰國,GPE
764,烏茲別克,GPE
764,中華隊,GPE
764,前役日,DATE
764,塔吉克,GPE
764,何家瑄,PERSON
764,二,CARDINAL
764,李翊汶,PERSON
764,第分鐘,TIME
764,楊小娟,PERSON
764,兩,CARDINAL
764,華隊,ORG
764,烏茲別克,GPE
764,中華隊,GPE
764,第分鐘,TIME
764,中,GPE
764,華隊,ORG
764,半,CARDINAL
764,李翊汶,PERSON
764,中華隊,ORG
764,第分鐘,TIME
764,李翊汶,PERSON
764,中門,GPE
764,林靜萱,PERSON
764,中華,GPE
764,烏茲別克,GPE
764,謝志君,PERSON
764,烏茲別克,GPE
764,烏茲別克,GPE
764,中華隊,ORG
764,楊小娟,PERSON
764,半,CARDINAL
764,泰國,GPE
764,半,CARDINAL
764,李翊汶,PERSON
764,泰國,GPE
764,烏茲別克,GPE
764,烏茲,PERSON
764,別克,ORG
764,今天,DATE
764,半,CARDINAL
764,烏茲別克,GPE
765,昨天,DATE
765,今天,DATE
765,中華隊,ORG
765,三,CARDINAL
765,中文字,LANGUAGE
765,中文字,LANGUAGE
765,中文字,LANGUAGE
766,今年,DATE
766,今年,DATE
766,今年,DATE
766,阿斯,PERSON
766,今年,DATE
767,荷蘭,GPE
767,明天,DATE
767,中華隊,ORG
767,古巴,GPE
767,古巴,GPE
767,中華隊,GPE
768,日本,GPE
768,世界盃,EVENT
768,中華隊,ORG
768,中華隊,ORG
769,台灣人,NORP
769,中華隊,ORG
769,中國,GPE
769,前幾年,DATE
770,韓國,GPE
770,日本,GPE
770,台灣,GPE
770,昨天,DATE
770,英文,LANGUAGE
770,台灣隊,ORG
771,中華千,CARDINAL
771,巴國,GPE
771,第二,ORDINAL
771,義大利,GPE
771,中華隊,ORG
771,第三,ORDINAL
771,今天,DATE
771,河南,GPE
771,明天,DATE
771,種花隊,ORG
771,伍仟,PERSON
772,李振昌,PERSON
772,第二,ORDINAL
772,呂彥青,PERSON
772,義大利,GPE
772,中華隊,ORG
772,明天,DATE
772,吳哲源,PERSON
773,昨天,DATE
773,義大利,GPE
773,呂寶,PERSON
773,今天,DATE
773,荷蘭,GPE
773,吳哲源,PERSON
773,經典賽,EVENT
774,中華隊,ORG
774,荷蘭,GPE
774,兩,CARDINAL
775,荷蘭隊,ORG
775,中華隊,GPE
775,七,CARDINAL
776,韓國,GPE
776,中華隊,ORG
776,巴拿馬,GPE
776,中華隊,GPE
777,荷蘭,GPE
777,明天,DATE
777,中午,TIME
778,這兩天,DATE
778,中華隊,ORG
778,巴拿馬,GPE
779,昨天,DATE
779,今天,DATE
779,國防部長,ORG
779,今天,DATE
779,吉力吉,PERSON
779,教練團,ORG
779,王建民,PERSON
779,彭政閔,PERSON
779,今年,DATE
780,三立,PERSON
780,台灣,GPE
780,荷蘭,GPE
780,陳慈鈴,PERSON
780,世界棒球經典賽,EVENT
780,今晚,TIME
780,荷蘭隊,GPE
780,吳泓逸,PERSON
780,今日,DATE
780,晚間,TIME
780,四,CARDINAL
780,中華隊,ORG
780,荷蘭,GPE
780,台荷大戰,EVENT
780,時分,TIME
780,四,CARDINAL
780,中華隊,ORG
780,荷蘭,GPE
780,巴拿馬,GPE
780,兩天,DATE
780,義大利,GPE
780,荷蘭,GPE
780,中華隊,ORG
780,台灣,GPE
780,台灣,GPE
780,荷,GPE
780,荷蘭,GPE
780,今晚,TIME
780,中華隊,ORG
780,台灣,GPE
780,荷蘭,GPE
781,中華隊,ORG
781,比賽局,ORG
781,第局,ORG
782,三,CARDINAL
782,第五,ORDINAL
782,中華隊,ORG
782,荷蘭,GPE
782,吳哲源,PERSON
783,義大利,GPE
783,台灣隊,ORG
783,藍詩孟,PERSON
783,吳泓逸,PERSON
783,台語,LANGUAGE
783,去年,DATE
783,台灣隊,ORG
783,台灣,GPE
783,昨日,DATE
783,義大利,GPE
783,台灣隊,ORG
783,鳳梨日,PERSON
783,台灣,GPE
783,晚間,TIME
783,巴拿馬,GPE
783,台,GPE
783,台灣隊,GPE
783,昨晚,TIME
783,中華隊,ORG
783,台灣,GPE
783,義大利,GPE
783,今天,DATE
783,台灣隊,ORG
783,義大利,GPE
783,大聯盟,ORG
783,前天,DATE
783,巴拿馬,GPE
783,義大,ORG
783,台灣,GPE
783,昨日,DATE
783,台灣隊,ORG
783,義大利,GPE
783,今晚,TIME
783,中華隊,ORG
783,歐印,PERSON
783,義大利,GPE
783,中華隊,GPE
783,台灣隊,NORP
783,明天,DATE
783,世足,EVENT
783,中華隊,ORG
783,明天,DATE
783,荷蘭,GPE
784,半夜兩點,TIME
784,明天中午,TIME
784,八九點,TIME
784,今天,DATE
784,中華隊,GPE
784,明天,DATE
784,中華隊,ORG
784,晚上,TIME
784,隔天中午,TIME
784,隔天中午,TIME
785,上局,ORG
785,中華隊,ORG
785,三,CARDINAL
785,三,CARDINAL
785,荷蘭,GPE
786,大聯盟,ORG
786,中華隊,ORG
787,聯合報,WORK_OF_ART
787,林佳彣,PERSON
787,民進黨,ORG
787,世界棒球經典賽,EVENT
787,昨晚,TIME
787,中華隊,GPE
787,義大利隊,ORG
787,國民黨,ORG
787,台北市青工總會長,ORG
787,滿志剛,PERSON
787,今天,DATE
787,民進黨,ORG
787,陳吉仲,PERSON
787,吳,PERSON
787,吳,PERSON
787,中華隊,ORG
787,中華隊,ORG
787,國民黨,ORG
787,陳吉仲,PERSON
787,涂,PERSON
787,昨天,DATE
787,幾元,MONEY
787,今天,DATE
787,林,PERSON
787,國民黨,ORG
788,中華隊,ORG
788,王柏融,PERSON
788,二,CARDINAL
788,三,CARDINAL
788,兩,CARDINAL
789,阿根廷,GPE
789,中華隊,ORG
789,阿根廷,GPE
790,中華隊,ORG
790,台灣,GPE
790,三,CARDINAL
790,中文字,LANGUAGE
790,中文字,LANGUAGE
790,中文字,LANGUAGE
791,荷蘭,GPE
792,美國,GPE
792,荷蘭,GPE
792,九,CARDINAL
792,中華隊,ORG
793,中華隊,ORG
795,安安,PERSON
795,今天,DATE
795,第局,ORG
795,中華隊,ORG
795,今天,DATE
795,中華隊,ORG
795,荷蘭,GPE
796,兩年,DATE
796,日本,GPE
796,中華隊,ORG
796,中華隊,ORG
797,明天,DATE
797,中華隊,ORG
797,中華隊,ORG
797,今天,DATE
798,山王堂本,PERSON
798,湘北,LOC
798,荷蘭,GPE
799,魯,PERSON
800,明天,DATE
800,古巴,GPE
800,荷蘭,GPE
800,古巴巴拿馬,PERSON
800,中華,GPE
800,義大利,GPE
801,荷蘭,GPE
801,明天,DATE
801,富邦,ORG
801,古巴隊,ORG
802,林襄,PERSON
802,林襄,PERSON
802,中華隊,ORG
803,巴拿馬,GPE
803,義大利荷蘭明星軍團,ORG
803,中華隊,GPE
804,兩,CARDINAL
804,明天,DATE
804,古巴,GPE
804,中華隊,ORG
805,晚上,TIME
805,昨天,DATE
805,義大利,GPE
805,今天,DATE
805,荷蘭,GPE
805,中華隊,ORG
805,明天,DATE
805,古巴,GPE
806,台灣,GPE
806,荷蘭隊,GPE
806,張育成,PERSON
806,台灣,GPE
806,荷蘭隊,GPE
806,八,CARDINAL
807,東京,GPE
807,中華隊,ORG
807,今晚,TIME
807,明天,DATE
807,古巴,GPE
807,古巴隊,ORG
807,寶雅台中三井,ORG
807,明天,DATE
807,早上,TIME
808,中華荷蘭,GPE
808,五,CARDINAL
808,張育成,PERSON
809,中華,GPE
809,荷蘭,GPE
809,中華隊,ORG
809,荷蘭,GPE
809,中華隊,ORG
809,荷蘭,GPE
809,中華民國,GPE
809,台灣,GPE
810,張育城,PERSON
810,宋家豪,PERSON
810,中華隊,ORG
810,明天,DATE
811,第三,ORDINAL
811,張育成,PERSON
811,八局,ORG
811,八,CARDINAL
811,中華隊,ORG
811,荷蘭,GPE
811,中華隊,ORG
811,明天,DATE
811,古巴,GPE
812,鄧愷威,PERSON
812,明天,DATE
812,中華隊,ORG
812,東京,GPE
812,古巴隊,ORG
812,梅沙樣,PERSON
813,今天,DATE
813,經典賽,EVENT
813,中華隊,ORG
814,四分,TIME
814,家豪,PERSON
814,小哲源,PERSON
815,楊舒帆,PERSON
815,抗荷,GPE
815,中華隊,GPE
815,抗荷,GPE
815,中華隊,GPE
815,年月日,DATE
815,楊舒帆,PERSON
815,台中,GPE
815,中華隊,GPE
815,荷蘭,GPE
815,洲際棒球場,FAC
815,抗荷,GPE
815,第勝,ORG
815,中華隊,ORG
815,洲際棒球場,FAC
815,荷蘭隊,GPE
815,王躍,PERSON
815,潘威倫,PERSON
815,中繼局,ORG
815,中華隊,ORG
815,荷蘭年,PERSON
815,張志豪,PERSON
815,振奮士,PERSON
815,陳鴻文,PERSON
815,中華,GPE
815,荷蘭,GPE
815,荷蘭,GPE
815,中華隊,ORG
815,黃子鵬,PERSON
815,吳哲源,PERSON
815,李振昌,PERSON
815,陳冠宇,PERSON
815,宋家豪,PERSON
815,張育成,PERSON
815,兩天,DATE
816,今天,DATE
816,荷蘭,GPE
816,張育成,PERSON
816,阿成,PERSON
816,沈荷蘭,PERSON
816,吳哲源局,ORG
816,荷蘭,GPE
817,明天,DATE
817,中華隊,ORG
817,晚上,TIME
817,後天,DATE
818,張育成,PERSON
818,今天,DATE
818,張育成,PERSON
819,中華隊,ORG
819,歐,NORP
819,美,NORP
819,明天,DATE
819,古巴,GPE
819,東京,GPE
819,東京,GPE
820,中華隊,ORG
820,兩,CARDINAL
820,中華隊,ORG
820,明天,DATE
820,明天,DATE
820,明天,DATE
820,明天,DATE
820,古巴隊,GPE
820,古巴,GPE
821,中華隊,ORG
821,陳金鋒,PERSON
821,三,CARDINAL
822,張育成,PERSON
822,國防部長,ORG
822,兩天,DATE
822,張育成,PERSON
823,今天,DATE
823,義大利,GPE
823,巴拿馬,GPE
823,台灣,GPE
823,荷蘭,GPE
823,荷蘭,GPE
823,四,CARDINAL
824,日,GPE
824,東京,GPE
824,哲源,PERSON
824,王建民,PERSON
825,安安,PERSON
825,昨天,DATE
825,張育成,PERSON
825,國防部長,ORG
825,今天,DATE
825,國防部長,ORG
825,三軍,ORG
825,明天,DATE
825,三,CARDINAL
826,阿成,PERSON
826,張育成,PERSON
826,東森新聞,ORG
826,鍾淳渝,PERSON
826,中華隊,ORG
826,昨晚,TIME
826,義大利,GPE
826,世界棒球經典賽,EVENT
826,中華隊,ORG
826,義大利,GPE
826,四,CARDINAL
826,兩,CARDINAL
826,義大利,GPE
826,六,CARDINAL
826,第四,ORDINAL
826,張育成,PERSON
826,兩,CARDINAL
826,中華隊,ORG
826,大聯盟,ORG
826,大聯盟,ORG
826,摩納根,PERSON
826,義大利,GPE
826,四,CARDINAL
826,五,CARDINAL
826,中華隊,ORG
826,中華隊,ORG
826,第六,ORDINAL
826,中華隊,ORG
826,張育成,PERSON
826,張育成,PERSON
826,台灣代表隊,ORG
826,張育成,PERSON
826,昨晚,TIME
826,今晚,TIME
826,荷蘭,GPE
826,張育成,PERSON
827,張育成,PERSON
828,安安,PERSON
828,今天,DATE
828,台灣,GPE
829,阿根廷,GPE
829,弱隊,GPE
829,梅西,PERSON
829,八,CARDINAL
829,四,CARDINAL
829,中華隊,ORG
829,三,CARDINAL
829,張育成,PERSON
829,台灣,GPE
829,梅西,PERSON
830,中華隊,ORG
830,半局,ORG
830,中華隊,ORG
830,中華隊,ORG
830,中華隊,ORG
831,中華隊,ORG
831,二,CARDINAL
831,明天,DATE
831,中華隊,ORG
831,古巴,GPE
831,禮拜,DATE
832,中文版,LANGUAGE
833,今天早上,TIME
833,第三,ORDINAL
833,明天,DATE
834,明天,DATE
834,古巴,GPE
834,中華隊,ORG
834,義大利,GPE
834,荷蘭,GPE
834,中華,GPE
834,八,CARDINAL
835,中國隊,ORG
835,中華隊,ORG
835,義大利荷蘭,GPE
835,中華隊,ORG
836,中華隊,ORG
836,台灣隊,ORG
836,福爾摩沙隊,ORG
836,中華台北隊,ORG
836,今天,DATE
836,荷蘭,GPE
836,駟馬難,PERSON
836,來年,DATE
836,玉皇大帝,PERSON
836,阿拉,PERSON
837,明天,DATE
837,古巴,GPE
837,東京,GPE
837,澳洲,GPE
837,澳洲,GPE
837,日本,GPE
837,中華隊,ORG
837,四,CARDINAL
838,中華隊,GPE
838,台灣,GPE
838,中華隊,ORG
838,明早,TIME
839,去年,DATE
839,張育成,PERSON
839,紅襪,ORG
839,大聯盟,ORG
839,大聯盟,ORG
840,最近兩天,DATE
840,中華隊,ORG
841,中華隊,ORG
841,荷蘭,GPE
841,陳建仁,PERSON
841,陳家祥,PERSON
841,台北,GPE
841,世界棒球經典賽,EVENT
841,台灣,GPE
841,中華隊,ORG
841,晚間,TIME
841,荷蘭,GPE
841,第勝,ORDINAL
841,行政院長,ORG
841,陳建仁,PERSON
841,晚間,TIME
841,張育成,PERSON
841,台灣,GPE
842,聯合新聞網,ORG
842,廖炳棋,PERSON
842,國際自由車環台賽,EVENT
842,▲年,DATE
842,台灣,GPE
842,警政署,ORG
842,廖炳棋,PERSON
842,國際自由車環台公路大賽,EVENT
842,從月日,DATE
842,今年,DATE
842,亞洲,LOC
842,台灣,GPE
842,國家隊,ORG
842,警政署,ORG
842,今年,DATE
842,台北市,GPE
842,台北市,GPE
842,台北市,GPE
842,仁愛路,LOC
842,桃園市,GPE
842,桃園市復興區,GPE
842,角板山公園,FAC
842,全程公里,QUANTITY
842,台三線站,FAC
842,新竹縣竹北市,GPE
842,光明六路,LOC
842,台中市,GPE
842,石岡旅客服務中心,FAC
842,全程公里,QUANTITY
842,南投縣,GPE
842,南投縣政府,GPE
842,日月潭,LOC
842,全程公里,QUANTITY
842,五第站,FAC
842,佛光山佛陀紀念館,FAC
842,高雄國家體育場,FAC
842,全程公里,QUANTITY
842,警政署,ORG
842,▲年,DATE
842,台灣,GPE
842,警政署,ORG
842,廖炳棋,PERSON
842,▲年,DATE
842,台灣,GPE
842,警政署,ORG
842,廖炳棋,PERSON
842,中華隊,ORG
842,張誌盛,PERSON
842,劉恩杰,PERSON
842,盧紹軒,PERSON
842,馮俊凱,PERSON
842,杜志豪,PERSON
842,阿凱,PERSON
843,聯合報,WORK_OF_ART
843,蘇志畬,PERSON
843,荷蘭,GPE
843,世界棒球經典賽,EVENT
843,今天,DATE
843,荷蘭隊,GPE
843,兩天,DATE
843,兩,CARDINAL
843,穆倫斯,PERSON
843,荷蘭隊,ORG
843,今天,DATE
843,中午,TIME
843,古巴隊,GPE
843,巴拿馬,GPE
843,中華隊,ORG
843,義大利隊,ORG
843,中華隊,GPE
843,穆倫斯,PERSON
843,兩,CARDINAL
843,兩,CARDINAL
843,最後兩天,DATE
843,荷蘭隊,ORG
843,穆倫斯,PERSON
843,前兩天,DATE
843,穆倫斯,PERSON
843,巴拿馬義大利,GPE
843,大聯盟,ORG
843,古巴,GPE
843,大聯盟,ORG
843,中華隊,ORG
843,荷蘭隊,ORG
843,西蒙斯葛瑞格里歐斯,PERSON
843,波賈茲,PERSON
843,穆倫斯,PERSON
843,三,CARDINAL
843,葛瑞格里歐斯守壘,PERSON
843,荷蘭,GPE
843,今天,DATE
843,明天,DATE
844,三十公分,QUANTITY
844,魯熊熊,PERSON
844,今天,DATE
844,晚上,TIME
844,中華隊,ORG
844,荷蘭隊,GPE
844,九,CARDINAL
844,五,CARDINAL
844,荷蘭,GPE
844,中華隊,GPE
844,昨天,DATE
844,義大利,GPE
844,古巴,GPE
844,台灣,GPE
844,古巴,GPE
844,古巴,GPE
844,卡斯楚,PERSON
844,美洲,LOC
844,古巴,GPE
844,古巴,GPE
844,明天,DATE
844,中華隊,ORG
844,古巴隊,GPE
844,明天,DATE
845,中華隊國際賽,EVENT
845,三,CARDINAL
845,今天,DATE
845,明天,DATE
845,巴拿馬,GPE
845,跟風仔,GPE
845,中華隊,ORG
845,明天,DATE
845,古巴,GPE
846,中華隊,GPE
846,中華隊,ORG
847,東森,ORG
847,楊舒帆,PERSON
847,台中,GPE
847,中職,ORG
847,經典賽,EVENT
847,中職,ORG
847,國際賽,EVENT
847,楊舒帆,PERSON
847,台中,GPE
847,中華隊,GPE
847,荷蘭,GPE
847,中職,ORG
847,去年,DATE
847,二,CARDINAL
847,成都,GPE
847,聯盟,ORG
847,中職,ORG
847,中職,ORG
847,陳傑憲,PERSON
847,江坤宇,PERSON
847,中華隊,ORG
847,中職,ORG
847,子偉育成,PERSON
847,今天,DATE
847,第二,ORDINAL
847,明天,DATE
847,教練團,ORG
848,巴費,PERSON
848,古巴,GPE
848,古巴,GPE
849,提拉,PERSON
849,今天,DATE
849,中華隊,ORG
849,中華隊,ORG
849,湘北,LOC
849,豐玉,PERSON
849,明天,DATE
849,古巴,GPE
850,半日,DATE
850,中華隊,ORG
850,古巴,GPE
850,八,CARDINAL
850,古巴,GPE
850,古巴隊,GPE
850,古巴,GPE
851,中時,ORG
851,陳淑娥,PERSON
851,中華隊,ORG
851,荷蘭,GPE
851,江啟臣,PERSON
851,世界棒球經典賽,EVENT
851,中華隊,ORG
851,昨晚,TIME
851,義大利,GPE
851,中華隊,ORG
851,今晚,TIME
851,荷蘭,GPE
851,江啟臣,PERSON
851,中華隊,ORG
851,晚上,TIME
851,荷蘭,GPE
851,明天,DATE
851,中午,TIME
851,台中,GPE
851,昨晚,TIME
851,中華隊,ORG
851,義大利,GPE
851,江啟臣,PERSON
851,今晚,TIME
851,新北,GPE
851,今晚,TIME
851,中華隊,ORG
851,荷蘭,GPE
851,江啟臣,PERSON
851,今晚,TIME
851,中華隊,ORG
851,荷蘭,GPE
851,明天中午,TIME
851,台中市府前廣場,FAC
851,王林仲秋,PERSON
851,張泰山,PERSON
851,台中市成棒隊,ORG
851,鄭達鴻,PERSON
851,陽耀勳,PERSON
851,張正,PERSON
851,中華,NORP
851,江啟臣,PERSON
851,中華隊,ORG
851,明天,DATE
852,巴拿馬,GPE
852,兩,CARDINAL
852,巴拿馬,GPE
852,中華隊,ORG
852,第第二,ORDINAL
853,三立,PERSON
853,盧素梅,PERSON
853,台灣隊,ORG
853,第二,ORDINAL
853,蔡英文,PERSON
853,台灣,GPE
853,盧素梅,PERSON
853,台北,GPE
853,世界棒球經典賽,EVENT
853,中華隊,ORG
853,昨日,DATE
853,義大利,GPE
853,今日晚間,TIME
853,荷蘭,GPE
853,台,GPE
853,蔡英文,PERSON
853,台灣隊,ORG
853,第二,ORDINAL
853,蔡英文,PERSON
853,今晚,TIME
853,世界棒球經典賽,EVENT
853,台灣人,NORP
853,台灣,GPE
853,蔡英文,PERSON
853,台灣,GPE
853,張育成,PERSON
853,林,PERSON
853,陳傑憲,PERSON
853,吳哲源,PERSON
853,台灣,GPE
853,蔡英文,PERSON
853,台灣人,NORP
854,晚上,TIME
854,義大利,GPE
854,中午,TIME
854,巴拿馬,GPE
854,古巴,GPE
854,今天,DATE
854,中華隊,ORG
854,尼蘭,GPE
854,今天,DATE
854,周六整天,DATE
854,台,GPE
854,晚上,TIME
854,中華隊,ORG
854,冰淇淋,PRODUCT
855,前幾天,DATE
855,四,CARDINAL
855,半,CARDINAL
855,恩恩,PERSON
855,四,CARDINAL
855,四分,TIME
855,國防部長,ORG
855,四,CARDINAL
855,四分,TIME
855,二,CARDINAL
856,華視,ORG
856,柯芷筠,PERSON
856,日本,GPE
856,中國,GPE
856,澳洲,GPE
856,世界棒球經典賽組,ORG
856,中國隊,ORG
856,澳洲隊,GPE
856,澳洲,GPE
856,中國隊,ORG
856,澳洲,GPE
856,二,CARDINAL
856,中國在局,ORG
856,第分,ORDINAL
856,羅錦駿,PERSON
856,中國,GPE
856,澳洲,GPE
856,經典賽,EVENT
856,澳洲隊,ORG
856,二,CARDINAL
856,三,CARDINAL
856,四,CARDINAL
856,澳洲局,ORG
856,中國,GPE
856,經典賽,EVENT
856,中國,GPE
857,台灣隊,ORG
857,荷蘭,GPE
857,第二,ORDINAL
857,賴清德,PERSON
857,東京,GPE
857,三立,PERSON
857,世界棒球經典賽,EVENT
857,中華隊,ORG
857,昨日,DATE
857,義大利,GPE
857,今日晚間,TIME
857,荷蘭,GPE
857,台,GPE
857,中華隊,ORG
857,明天,DATE
857,古巴隊,ORG
857,賴清德,PERSON
857,明天,DATE
857,東京,GPE
857,中華隊,ORG
857,今晚,TIME
857,荷蘭隊,GPE
857,中華隊,ORG
857,二,CARDINAL
857,平比分,PERSON
857,張育成,PERSON
857,張育成,PERSON
857,貫砲,PERSON
857,中華隊,ORG
857,荷蘭,GPE
857,賴清德,PERSON
857,張育成,PERSON
857,台灣,GPE
857,東京,GPE
857,台灣,GPE
858,台灣隊,ORG
858,中華隊,ORG
858,台灣隊,ORG
859,安安,PERSON
859,新竹棒球場,FAC
859,新竹棒球場,FAC
859,億元,MONEY
859,新竹,GPE
860,安安,PERSON
860,今天,DATE
860,昨天,DATE
860,昨天,DATE
860,義大利,GPE
860,今天,DATE
860,荷蘭,GPE
860,爽度,PERSON
861,中華隊,ORG
861,兩,CARDINAL
861,古巴,GPE
861,古巴,GPE
861,荷蘭,GPE
861,古巴,GPE
861,義大利,GPE
861,巴拿馬,GPE
861,中華,GPE
861,古巴,GPE
861,中華,GPE
861,義大利,GPE
861,荷蘭,GPE
861,五,CARDINAL
861,巴拿馬,GPE
861,中華,GPE
861,中華,GPE
861,古巴,GPE
861,中華,GPE
861,古巴,GPE
861,四,CARDINAL
861,中華,GPE
861,四,CARDINAL
861,中華,GPE
861,荷蘭,GPE
861,義大利,GPE
861,荷蘭,GPE
861,三,CARDINAL
861,中華古巴巴拿馬,GPE
861,三,CARDINAL
861,中華,GPE
861,巴拿馬,GPE
861,巴贏巴拿馬,GPE
861,古巴,GPE
861,荷蘭,GPE
861,中華,GPE
861,阿扁,PERSON
862,台灣,GPE
862,美國,GPE
862,中華隊,ORG
862,美國,GPE
862,五天,DATE
862,四夜,TIME
863,中華隊,GPE
864,明天,DATE
864,今年,DATE
864,中華隊,ORG
864,古巴,GPE
864,晚接午,TIME
864,明天,DATE
864,今年,DATE
865,晚上,TIME
865,兩,CARDINAL
865,尼加拉瓜波多黎各,GPE
865,第五,ORDINAL
866,明天,DATE
866,中華隊,ORG
866,古巴,GPE
867,中華隊,ORG
867,荷蘭,GPE
867,張育成,PERSON
867,張育成,PERSON
867,荷蘭,GPE
868,中華隊,ORG
868,當日,DATE
868,八,CARDINAL
868,三,CARDINAL
868,張誌家,PERSON
868,張誌家,PERSON
869,今日,DATE
869,詹鎰睿,PERSON
869,中華隊,ORG
869,荷蘭,GPE
869,鳳梨護國,PRODUCT
869,吳泓逸,PERSON
869,世界棒球經典賽,EVENT
869,兩,CARDINAL
869,今日晚,TIME
869,中華隊,ORG
869,荷蘭,GPE
869,四,CARDINAL
869,四,CARDINAL
869,中華隊,ORG
869,荷蘭,GPE
869,第戰,EVENT
869,巴拿馬,GPE
869,兩天,DATE
869,義大利,GPE
869,荷蘭,GPE
869,中華隊,ORG
869,今晚,TIME
869,中華,GPE
869,萬,CARDINAL
869,明天,DATE
869,中華隊,ORG
869,中華隊,ORG
869,荷蘭,GPE
869,明天,DATE
869,中午,TIME
869,古巴,GPE
869,阿平,PERSON
870,阿平,PERSON
870,兩,CARDINAL
870,大聯盟,ORG
870,第三,ORDINAL
870,世界棒球經典賽,EVENT
870,澳洲,GPE
870,日本,GPE
870,大聯盟,ORG
870,王建民,PERSON
871,中荷戰,ORG
871,三,CARDINAL
871,斯斯,PERSON
871,斯斯,PERSON
871,東森電視,ORG
872,第二,ORDINAL
872,國防部長,ORG
872,第三,ORDINAL
872,五,CARDINAL
872,張育成,PERSON
872,阿成,PERSON
873,古巴,GPE
873,台灣,GPE
874,林彥臣,PERSON
874,蔡英文,PERSON
874,台灣隊,ORG
874,第二,ORDINAL
874,台灣,GPE
874,蔡英文,PERSON
874,台灣隊,ORG
874,第二,ORDINAL
874,台灣,GPE
874,蔡英文,PERSON
874,今晚,TIME
874,世界棒球經典賽,EVENT
874,台灣人,NORP
874,台灣,GPE
874,蔡英文,PERSON
874,台灣,GPE
874,張育成,PERSON
874,林,PERSON
874,陳傑憲,PERSON
874,吳哲源,PERSON
874,台灣,GPE
874,蔡英文,PERSON
874,台灣人,NORP
875,中華隊,ORG
875,中華隊,ORG
876,阿平,PERSON
876,中華隊,GPE
876,兩,CARDINAL
876,今天,DATE
877,中華隊,GPE
877,今天,DATE
878,王芊歷,PERSON
878,義大利,GPE
878,蔡阿嘎,PERSON
878,襄蔡,PERSON
878,世界棒球經典賽,EVENT
878,中華隊,ORG
878,昨日,DATE
878,義大利,GPE
878,今日,DATE
878,晚間,TIME
878,荷蘭,GPE
878,百萬,CARDINAL
878,蔡阿嘎,PERSON
878,襄蔡,PERSON
878,義大利荷蘭,GPE
878,古巴,GPE
878,蔡阿嘎,PERSON
878,台灣,GPE
878,百萬,CARDINAL
878,中華,GPE
878,多年,DATE
878,經典賽,EVENT
878,林襄,PERSON
878,蔡阿嘎,PERSON
878,義大利,GPE
878,荷蘭隊,GPE
878,古巴隊,GPE
878,中華隊,ORG
878,義大利隊,GPE
878,蔡阿嘎,PERSON
878,嘎哥,PERSON
878,今天,DATE
878,襄蔡,PERSON
878,今日,DATE
878,中華隊,ORG
878,襄蔡髮,PERSON
879,經典賽,EVENT
879,白沙屯媽祖,GPE
879,老外主審會,ORG
879,台灣,GPE
880,六,CARDINAL
880,古巴,GPE
881,昨天,DATE
881,晚上,TIME
881,中華隊,ORG
881,今天,DATE
881,中午,TIME
881,古巴,GPE
881,古巴隊,ORG
882,世界棒球經典賽,EVENT
882,臺灣,GPE
882,林襄,PERSON
882,日本,GPE
882,台灣,GPE
882,中華隊,ORG
882,日本,GPE
882,東京,GPE
883,中華隊,ORG
883,古巴,GPE
883,古巴,GPE
883,日本,GPE
883,韓國,GPE
883,中華隊,GPE
883,古巴,GPE
884,中華隊,ORG
884,中華隊,ORG
885,今天,DATE
885,年月,DATE
885,日,GPE
885,中華隊,ORG
885,古巴隊,GPE
885,二,CARDINAL
885,中華隊,ORG
885,中華隊,ORG
885,今天,DATE
885,五十,CARDINAL
885,今天,DATE
885,中華隊,ORG
885,古巴隊,GPE
886,張柏源,PERSON
886,蔡英文,PERSON
886,台灣,GPE
886,台灣隊,GPE
886,義大利隊,GPE
886,荷蘭隊,GPE
886,第勝,ORDINAL
886,蔡英文,PERSON
886,台灣人,NORP
886,台灣,GPE
886,台灣人,NORP
886,世界棒球經典賽,EVENT
886,台灣隊,GPE
886,晚上,TIME
886,荷蘭,GPE
886,旅美,GPE
886,張育成局,ORG
886,連戰,PERSON
886,台灣,NORP
886,吳哲源,PERSON
886,日,GPE
886,古巴,GPE
886,東京,GPE
886,蔡英文,PERSON
886,台灣隊,ORG
886,第二,ORDINAL
886,台灣人,NORP
886,台灣,GPE
886,台灣,GPE
886,張育,PERSON
886,陳傑憲,PERSON
886,吳哲源,PERSON
886,台灣,GPE
886,台灣人,NORP
886,賴清德,PERSON
886,張育成,PERSON
886,台灣,GPE
886,東京,GPE
886,台灣,GPE
886,行政院長,ORG
886,陳建仁,PERSON
886,這幾天,DATE
886,台灣,GPE
887,自由時報,WORK_OF_ART
887,林岳甫,PERSON
887,台北,GPE
887,中午,TIME
887,台灣,GPE
887,台灣,GPE
887,台灣隊,ORG
887,世界棒球經典賽,EVENT
887,兩,CARDINAL
887,今天,DATE
887,中午,TIME
887,台中洲際棒球場,FAC
887,古巴,GPE
887,台灣,GPE
887,台灣隊,ORG
887,古巴,GPE
887,台灣隊,ORG
887,週五,DATE
887,義大利,GPE
887,三,CARDINAL
887,義大利,GPE
887,昨晚,TIME
887,國防部長,ORG
887,張育成,PERSON
887,荷蘭,GPE
887,台灣隊,ORG
887,今天,DATE
887,古巴,GPE
887,日本,GPE
887,東京,GPE
887,台灣,GPE
887,今天,DATE
887,中職富邦,ORG
887,陳仕朋,PERSON
887,古巴,GPE
887,今年,DATE
887,樂天,ORG
887,桃猿隊,ORG
887,台灣,GPE
887,台灣,GPE
887,台灣,GPE
887,古巴,GPE
887,台灣,NORP
887,古巴,GPE
887,台灣,GPE
887,巴拿馬,GPE
887,台灣,GPE
887,台灣隊,ORG
887,廖耀東,PERSON
888,中華隊,ORG
888,二二八公園,FAC
889,中華隊,GPE
889,魯叔,PERSON
889,台灣隊,ORG
890,華視,ORG
890,陳奕寧,PERSON
890,羅大偉,PERSON
890,張智鈞,PERSON
890,林襄,PERSON
890,日本,GPE
890,世界棒球經典賽,EVENT
890,中華隊,ORG
890,昨日,DATE
890,義大利,GPE
890,日本,GPE
890,美國,GPE
890,日本,GPE
890,台灣,GPE
890,林襄,PERSON
890,美,GPE
890,日本,GPE
890,日媒,NORP
890,台灣,GPE
890,台灣,GPE
890,日本,GPE
890,日本,NORP
890,中華隊,GPE
890,日本,NORP
890,台灣,GPE
890,美國福斯新聞台,ORG
890,富邦,ORG
890,張,PERSON
890,富邦啦啦隊,ORG
890,秀秀子,PERSON
890,中信,ORG
891,台灣人,NORP
891,中華隊,ORG
891,昨天,DATE
891,中華隊,ORG
892,林襄,PERSON
892,林襄,GPE
892,林襄,PERSON
893,八局,ORG
893,三,CARDINAL
893,三天,DATE
893,昨天,DATE
893,昨天,DATE
893,張育成,PERSON
894,中華隊,ORG
894,昨晚,TIME
894,荷蘭隊,GPE
894,昨晚,TIME
894,三四點,TIME
894,星期天,DATE
894,下午兩三點,TIME
895,高雄,GPE
895,昨天,DATE
895,中華隊,ORG
895,下午,TIME
895,中華,GPE
895,台灣,GPE
895,高雄,GPE
895,陳傑憲,PERSON
895,東京路,LOC
895,邁阿密,GPE
895,台灣,GPE
895,日本,GPE
895,邁阿密,GPE
895,兩天,DATE
895,中華,GPE
895,邁阿密,GPE
896,中華隊,ORG
896,今天,DATE
896,新竹,GPE
896,中午,TIME
896,新竹,GPE
897,王建民,PERSON
897,中華隊,ORG
898,台灣,GPE
898,荷蘭,NORP
898,中央社,ORG
898,中央社,ORG
898,林克倫,PERSON
898,台北,GPE
898,台灣隊,GPE
898,荷蘭隊,GPE
898,蔡英文,PERSON
898,台灣人,NORP
898,台灣,GPE
898,台灣人,NORP
898,世界棒球經典賽台灣隊,ORG
898,昨天,DATE
898,晚上,TIME
898,荷蘭,GPE
898,張育成,PERSON
898,連戰,PERSON
898,吳哲源,PERSON
898,日,GPE
898,古巴,GPE
898,東京,GPE
898,蔡,PERSON
898,昨晚,TIME
898,台灣隊,ORG
898,第勝,ORDINAL
898,晚上,TIME
898,世界棒球經典賽,EVENT
898,台灣人,NORP
898,台灣,GPE
898,台灣,GPE
898,張育成,PERSON
898,陳傑憲,PERSON
898,吳哲源,PERSON
898,台灣,GPE
898,台灣人,NORP
898,賴清德,PERSON
898,張育成,PERSON
898,台灣,GPE
898,明天,DATE
898,東京,GPE
898,台灣,GPE
898,行政院長,ORG
898,陳建仁,PERSON
898,這幾天,DATE
898,台灣,GPE
898,中央日報,WORK_OF_ART
898,中時,ORG
898,中天,ORG
898,中視,ORG
899,昨天,DATE
899,中華隊,ORG
899,明年,DATE
899,中華隊,ORG
899,今天,DATE
899,中華隊,ORG
899,昨天,DATE
900,這幾天,DATE
900,中華隊,ORG
900,中華隊,ORG
900,王建民,PERSON
900,陳金鋒,PERSON
900,中華隊,ORG
901,臺灣,GPE
901,幾百萬,CARDINAL
901,大聯盟,ORG
901,億蓋,CARDINAL
901,新竹棒球場,FAC
902,經典賽,EVENT
902,台灣隊,GPE
902,中華隊,ORG
902,台灣隊,ORG
902,第二,ORDINAL
902,第四,ORDINAL
903,台灣,NORP
903,今天,DATE
903,中華隊,GPE
904,中華隊,ORG
904,古巴隊,GPE
904,今天,DATE
904,古巴,GPE
905,自由時報,WORK_OF_ART
905,蔡思培,PERSON
905,台北,GPE
905,經典賽,EVENT
905,古巴,GPE
905,東京,GPE
905,蔣萬安,PERSON
905,蔡思培,PERSON
905,台北,GPE
905,經典賽,EVENT
905,台灣隊,GPE
905,荷蘭隊,GPE
905,今天,DATE
905,中午,TIME
905,古巴隊,GPE
905,蔣萬安,PERSON
905,今天,DATE
905,台灣隊,ORG
905,東京,GPE
905,今天,DATE
905,中午點,TIME
905,古巴,GPE
905,蔣,PERSON
905,台灣隊,ORG
905,蔣萬安,PERSON
905,今天,DATE
905,古巴,GPE
905,東京,GPE
905,蔣,PERSON
905,古巴,GPE
905,蔣萬安,PERSON
905,上午,TIME
905,國際自由車環台賽,EVENT
905,古巴,GPE
905,台灣隊,ORG
905,古巴,GPE
905,東京,GPE
905,蔣萬安,PERSON
905,昨天,DATE
905,張育成,PERSON
905,中華隊,GPE
905,義大利,GPE
905,蔣萬安,PERSON
905,昨天,DATE
906,張育成,PERSON
906,國防部長,ORG
906,黃韻文,PERSON
906,中華隊,ORG
906,世界棒球經典賽,EVENT
906,昨晚,TIME
906,荷蘭,GPE
906,台,GPE
906,台灣,NORP
906,中華隊,ORG
906,國防部長,ORG
906,張育成,PERSON
906,國防部軍聞社,ORG
906,國防部長,ORG
906,中華隊,ORG
906,義大利,GPE
906,張育成,PERSON
906,昨晚,TIME
906,荷蘭,GPE
906,張育成,PERSON
906,張育成,PERSON
906,張育成,PERSON
906,國防部長,ORG
906,張育成,PERSON
906,亞錦賽,EVENT
906,育署,ORG
906,來年,DATE
906,去年底,DATE
906,張育成,PERSON
906,中華隊,ORG
906,張育成,PERSON
906,張育成,PERSON
906,遠忠誠,PERSON
906,兩天,DATE
906,台,GPE
906,國防部,ORG
906,昨日,DATE
906,荷蘭,GPE
906,張育成,PERSON
906,中華隊,ORG
906,荷蘭,GPE
906,張育成,PERSON
906,張育成,PERSON
906,中華隊,ORG
906,國防部長,ORG
906,今天,DATE
906,明天,DATE
906,國防部長,ORG
906,國防部長,ORG
906,國防部長,ORG
906,昨天,DATE
906,三軍,ORG
906,軍聞社,ORG
906,國防部軍聞社,ORG
906,國防部長,ORG
906,國防部軍聞社,ORG
906,國防部長,ORG
907,第二,ORDINAL
907,中華隊,ORG
907,古巴,GPE
907,聯合報,ORG
907,陳宛晶,PERSON
907,台中,GPE
907,中華隊,ORG
907,經典賽,EVENT
907,兩,CARDINAL
907,八,CARDINAL
907,古巴隊,GPE
907,第,GPE
907,東京,GPE
907,義大利隊,GPE
907,荷蘭隊,GPE
907,巴拿馬隊,GPE
907,二,CARDINAL
907,二,CARDINAL
907,歐提茲,PERSON
907,巴拿馬,GPE
907,八,CARDINAL
907,今天,DATE
907,歐提茲,PERSON
907,明天,DATE
907,今天,DATE
907,中午十二點,TIME
907,中華隊,ORG
907,古巴,GPE
907,晚間七點,TIME
907,荷蘭,GPE
907,義大利,GPE
907,中華隊,ORG
907,三,CARDINAL
907,第晉,ORDINAL
907,八,CARDINAL
907,第二,ORDINAL
907,中華隊,ORG
907,古巴,GPE
907,義大利,GPE
907,荷蘭,GPE
907,五,CARDINAL
907,巴拿馬,GPE
907,中華,GPE
907,十二,CARDINAL
907,四,CARDINAL
907,中華隊,GPE
907,兩,CARDINAL
907,第二,ORDINAL
907,中華隊,ORG
907,古巴,GPE
908,陳立勳,PERSON
908,台中,GPE
908,中華隊,ORG
908,荷蘭,GPE
908,兩,CARDINAL
908,晚間,TIME
908,中華隊,ORG
908,荷蘭,GPE
908,兩,CARDINAL
908,今天,DATE
908,中華隊,ORG
908,明天,DATE
908,中華隊,ORG
908,中午,TIME
908,古巴,GPE
908,明天,DATE
908,荷蘭,GPE
908,義大利,GPE
908,義大利,GPE
908,中華隊,ORG
908,第,ORDINAL
908,日本,GPE
908,京巨蛋,PERSON
908,明天,DATE
908,中華隊,ORG
908,古巴,GPE
908,中華隊,ORG
908,義大利,GPE
908,荷蘭,GPE
908,屆時隊,ORG
908,中華隊,ORG
908,巴,GPE
908,中華隊,ORG
909,中華隊,ORG
909,今天中午,TIME
909,三,CARDINAL
909,邁阿密,GPE
909,美墨,GPE
909,中南美,LOC
910,中午,TIME
910,三,CARDINAL
910,德國人,NORP
910,以色列,GPE
910,二戰,EVENT
910,三,CARDINAL
910,納粹旗,PERSON
911,中華隊,ORG
911,二,CARDINAL
911,義大利荷蘭,GPE
911,古巴,GPE
911,古巴,GPE
911,中華隊,ORG
911,十年,DATE
911,八,CARDINAL
911,東京,GPE
912,世界棒球經典賽,EVENT
912,臺灣古巴,GPE
912,臺灣,GPE
912,臺灣,GPE
912,三,CARDINAL
912,古巴,GPE
912,中華隊,ORG
912,今天,DATE
912,馬別國,PERSON
912,今天,DATE
912,三,CARDINAL
912,古巴,GPE
912,第個,ORDINAL
912,第二,ORDINAL
912,第個,ORDINAL
912,兩,CARDINAL
912,今天,DATE
912,第二,ORDINAL
912,臺灣古巴,GPE
912,張育成,PERSON
913,阿肥,PERSON
913,阿肥人,NORP
913,日,GPE
913,古巴,GPE
913,台灣,GPE
913,奧會,ORG
914,第場,ORDINAL
914,荷蘭,GPE
914,古巴,GPE
914,四,CARDINAL
915,日本,GPE
915,澳洲,GPE
915,四,CARDINAL
915,美國,GPE
915,中華隊,ORG
915,中華隊,ORG
916,自由時報,WORK_OF_ART
916,張聰秋,PERSON
916,台灣隊,ORG
916,荷蘭,GPE
916,彰縣府,ORG
916,張聰秋,PERSON
916,彰化,GPE
916,世界棒球經典賽,EVENT
916,昨晚,TIME
916,台灣隊,ORG
916,荷蘭,GPE
916,荷蘭,GPE
916,第場,ORDINAL
916,彰化縣政府,ORG
916,今天中午,TIME
916,爌肉飯,PRODUCT
916,上午,TIME
916,台灣,GPE
916,今天,DATE
916,中午,TIME
916,台灣,GPE
916,古巴,GPE
916,台灣隊,ORG
916,彰化市,GPE
916,台灣隊,ORG
916,台灣隊,ORG
916,東京,GPE
916,台灣隊,ORG
916,古巴,GPE
916,台灣隊,ORG
916,彰化縣,GPE
916,今天,DATE
916,中午,TIME
916,張聰秋,PERSON
916,彰化市,GPE
916,台灣,GPE
916,張聰秋,PERSON
916,彰化縣,GPE
916,政府,ORG
916,今天,DATE
916,中午,TIME
916,台灣,GPE
916,古巴,GPE
916,張聰秋,PERSON
916,彰化縣,GPE
916,張聰秋,PERSON
916,彰化縣,GPE
916,今天,DATE
916,中午,TIME
916,台灣,GPE
916,東京,GPE
916,張聰秋,PERSON
916,古巴,GPE
917,本魯,PERSON
917,昨天,DATE
917,中華隊,ORG
917,荷蘭,GPE
917,中華隊,ORG
917,中華隊,ORG
917,林襄外,PERSON
917,林襄,PERSON
917,中華隊,ORG
918,幾天後,DATE
918,東京,GPE
918,中華隊,ORG
918,東京巨蛋,FAC
919,兩,CARDINAL
919,兩,CARDINAL
919,中華隊,GPE
919,中華隊,GPE
919,東京,GPE
919,昨天,DATE
919,今天,DATE
919,中華隊,ORG
920,經典賽,EVENT
920,中華隊,ORG
920,兩,CARDINAL
920,今天,DATE
921,中華隊,ORG
921,古巴隊,GPE
922,前幾天,DATE
922,中華隊,ORG
922,中華隊,ORG
922,兩天,DATE
922,中華隊,ORG
923,中華隊,ORG
924,台灣,GPE
924,今天,DATE
924,古巴,GPE
924,自由時報,WORK_OF_ART
924,陳鳳麗,PERSON
924,南投,GPE
924,世界棒球經典賽,EVENT
924,台灣隊,GPE
924,中午,TIME
924,古巴隊,GPE
924,蔡英文,PERSON
924,行政院,ORG
924,陳建仁,PERSON
924,今天,DATE
924,南投縣草屯鎮,GPE
924,台灣隊,GPE
924,兩,CARDINAL
924,十,CARDINAL
924,中午,TIME
924,台灣,GPE
924,巴之戰,EVENT
924,蔡,PERSON
924,陳建仁,PERSON
924,日本,GPE
924,東京,GPE
924,八,CARDINAL
924,蔡英文,PERSON
924,行政院長,ORG
924,陳建仁,PERSON
924,今天,DATE
924,鳥嘴潭植樹活動,EVENT
924,兩,CARDINAL
924,昨晚,TIME
924,台灣,GPE
924,荷蘭隊,GPE
924,陳建仁,PERSON
924,今天,DATE
924,昨晚,TIME
924,台灣,GPE
924,荷蘭,GPE
924,中午,TIME
924,台灣,GPE
924,古巴隊,GPE
924,八,CARDINAL
924,蔡英文,PERSON
924,中華隊,ORG
924,中華隊,ORG
925,古巴,GPE
925,中華隊,ORG
925,中華隊,ORG
925,八,CARDINAL
925,兩,CARDINAL
925,經典賽,EVENT
926,中華隊,ORG
926,今年,DATE
926,三戰,EVENT
927,中華隊,ORG
927,台灣,GPE
927,兩,CARDINAL
927,十年,DATE
927,古巴,GPE
928,古巴,GPE
928,兩,CARDINAL
928,第局,ORG
928,中華隊,ORG
929,當年,DATE
929,古巴,GPE
930,中華隊,ORG
930,次年,DATE
930,古巴,GPE
930,中華隊,ORG
930,陽明,ORG
930,台大,ORG
930,古巴,GPE
930,古巴,GPE
930,古巴,GPE
930,古巴,GPE
930,古巴,GPE
930,古巴,GPE
930,古巴,GPE
930,古巴,GPE
930,古巴,GPE
930,古巴,GPE
930,古巴,GPE
930,古巴,GPE
930,古巴,GPE
930,古巴,GPE
930,古巴,GPE
930,古巴,GPE
930,古巴,GPE
930,古巴,GPE
930,古巴,GPE
930,古巴,GPE
930,古巴,GPE
930,古巴,GPE
930,古巴,GPE
930,古巴,GPE
930,古巴,GPE
930,古巴,GPE
930,古巴,GPE
930,古巴,GPE
930,古巴,GPE
930,古巴,GPE
930,古巴,GPE
930,古巴,GPE
930,古巴,GPE
930,古巴,GPE
930,古巴,GPE
930,古巴,GPE
930,古巴,GPE
930,古巴,GPE
930,古巴,GPE
930,古巴,GPE
930,古巴,GPE
930,古巴,GPE
930,古巴,GPE
930,古巴,GPE
930,古巴,GPE
930,古巴,GPE
930,古巴,GPE
930,古巴,GPE
930,古巴,GPE
930,古巴,GPE
930,古巴,GPE
930,古巴,GPE
930,古巴,GPE
930,古巴,GPE
930,古巴,GPE
930,古巴,GPE
930,古巴,GPE
930,古巴,GPE
930,古巴,GPE
930,古巴,GPE
930,古巴,GPE
930,古巴,GPE
930,古巴,GPE
930,古巴,GPE
930,古巴,GPE
930,古巴,GPE
930,古巴,GPE
930,古巴,GPE
930,古巴,GPE
930,古巴,GPE
930,古巴,GPE
930,古巴,GPE
930,古巴,GPE
930,古巴,GPE
930,古巴,GPE
930,古巴,GPE
930,古巴,GPE
930,古巴,GPE
930,古巴,GPE
930,古巴,GPE
930,古巴,GPE
930,古巴,GPE
930,古巴,GPE
930,古巴,GPE
930,古巴,GPE
930,古巴,GPE
930,古巴,GPE
930,古巴,GPE
930,古巴,GPE
930,古巴,GPE
930,古巴,GPE
930,古巴,GPE
930,古巴,GPE
930,古巴,GPE
930,古巴,GPE
930,古巴,GPE
930,台灣,GPE
930,古巴,GPE
930,古巴,GPE
930,古巴,GPE
930,古巴,GPE
930,古巴,GPE
930,古巴,GPE
930,古巴,GPE
930,古巴,GPE
930,古巴,GPE
930,古巴,GPE
930,古巴,GPE
930,古巴,GPE
930,古巴,GPE
930,古巴,GPE
930,古巴,GPE
930,古巴,GPE
930,古巴,GPE
930,古巴,GPE
930,古巴,GPE
930,古巴,GPE
930,古巴,GPE
930,古巴,GPE
930,古巴,GPE
930,古巴,GPE
930,古巴,GPE
930,古巴,GPE
930,古巴,GPE
930,古巴,GPE
930,古巴,GPE
930,古巴,GPE
930,古巴,GPE
930,古巴,GPE
930,古巴,GPE
930,古巴,GPE
930,古巴,GPE
930,古巴,GPE
930,古巴,GPE
930,古巴,GPE
930,古巴,GPE
930,古巴,GPE
930,古巴,GPE
930,古巴,GPE
930,古巴,GPE
930,古巴,GPE
930,古巴,GPE
930,古巴,GPE
930,古巴,GPE
930,古巴,GPE
930,古巴,GPE
930,古巴,GPE
930,古巴,GPE
930,古巴,GPE
930,古巴,GPE
930,古巴,GPE
930,古巴,GPE
930,古巴,GPE
930,古巴,GPE
930,古巴,GPE
930,古巴,GPE
930,古巴,GPE
930,古巴,GPE
930,古巴,GPE
930,古巴,GPE
930,古巴,GPE
930,古巴,GPE
930,古巴,GPE
930,古巴,GPE
930,古巴,GPE
930,古巴,GPE
930,古巴,GPE
930,古巴,GPE
930,古巴,GPE
930,古巴,GPE
930,古巴,GPE
930,古巴,GPE
930,古巴,GPE
930,古巴,GPE
930,古巴,GPE
930,古巴,GPE
930,古巴,GPE
930,古巴,GPE
930,古巴,GPE
930,古巴,GPE
930,古巴,GPE
930,古巴,GPE
931,大分,LOC
931,中華隊,ORG
932,老古熱身賽,EVENT
932,中職球隊,ORG
932,今天,DATE
932,中華隊,ORG
932,古巴,GPE
933,前日,DATE
933,中華隊,ORG
933,日本,GPE
933,小時,TIME
933,隔天,DATE
933,東京慘案,EVENT
933,古巴,GPE
933,古巴,GPE
934,中華隊,ORG
934,中華隊,ORG
934,三,CARDINAL
935,古巴,GPE
935,今年,DATE
935,中華隊,ORG
935,今年,DATE
935,今年,DATE
935,中華隊,ORG
935,中華隊,ORG
935,日,GPE
935,霸拖,PERSON
936,昨天,DATE
936,荷蘭,GPE
936,今天,DATE
936,江坤宇,PERSON
937,昨天,DATE
937,凌晨接中午,TIME
937,古巴,GPE
938,中華隊,ORG
938,日本,GPE
939,阿肥,PERSON
939,今天,DATE
939,張運彩,PERSON
940,中華隊,ORG
940,古巴,GPE
940,洲際盃,EVENT
940,台中,GPE
940,古巴,GPE
940,洲際盃,EVENT
940,義大利隊,GPE
940,日本,GPE
940,韓國,GPE
940,古巴,GPE
940,當年,DATE
940,洲際盃,EVENT
940,古巴,GPE
941,昨天,DATE
941,荷蘭隊,GPE
941,中華隊,ORG
941,古巴,GPE
941,第場,ORDINAL
941,台灣,GPE
941,台灣,GPE
942,古巴,NORP
942,中華隊,ORG
942,龍貓,PERSON
943,古巴,PERSON
943,傅崐萁,PERSON
943,聯合報,ORG
943,林銘翰,PERSON
943,台北,GPE
943,台灣隊,GPE
943,義大利,GPE
943,荷蘭,GPE
943,今天,DATE
943,中午,TIME
943,古巴,GPE
943,東京巨蛋,FAC
943,進黨,ORG
943,范雲,PERSON
943,國民黨,ORG
943,傅崐萁,PERSON
943,范雲,PERSON
943,古巴進,GPE
943,東京,GPE
943,傅崐萁,PERSON
943,今天,DATE
943,中華隊,GPE
943,古巴,GPE
943,台中洲際棒球場,FAC
943,台灣隊,ORG
943,巴拿馬,GPE
943,義大利,GPE
943,荷蘭,GPE
943,今天,DATE
943,中午,TIME
943,古巴,GPE
943,東京巨蛋,FAC
943,范雲,PERSON
943,今天,DATE
943,范雲,PERSON
943,范雲挺,PERSON
943,台灣,GPE
943,范雲,PERSON
943,巴,PERSON
943,東京,GPE
943,台灣隊,ORG
943,東京,GPE
943,傅崐萁,PERSON
943,中華隊,ORG
943,中華隊,ORG
943,東京,GPE
943,中華隊,ORG
943,今天,DATE
943,中午,TIME
943,古巴,GPE
943,傅崐萁,PERSON
943,日,GPE
943,今天,DATE
943,中華隊,ORG
943,古巴,GPE
943,中華隊,ORG
944,大魯閣,ORG
944,兩,CARDINAL
944,今天,DATE
944,張育成,PERSON
945,經典賽,EVENT
945,中華隊,ORG
945,巴拿馬,GPE
945,荷,GPE
945,二,CARDINAL
945,今天,DATE
945,古巴,GPE
945,第局,ORG
945,中華隊,ORG
946,中華,GPE
946,國家隊,ORG
946,巴,GPE
947,中華隊,ORG
947,籌莫展,PERSON
947,吳念庭,PERSON
947,古巴,GPE
948,中華隊,ORG
948,今天,DATE
948,中午,TIME
949,義大利,GPE
949,荷蘭,GPE
949,中華隊,ORG
950,自由時報,WORK_OF_ART
950,中華隊,ORG
950,三,CARDINAL
951,中華隊,ORG
951,幾年,DATE
951,中華隊,ORG
952,局古巴,GPE
952,二,CARDINAL
952,古巴,GPE
952,小丑群,PERSON
953,台灣隊,ORG
953,兩,CARDINAL
953,今天,DATE
953,台灣隊,GPE
953,台灣,NORP
953,日本,GPE
953,美國,GPE
954,年月日,DATE
954,唐詠絮,PERSON
954,唐詠絮,PERSON
954,劉人,PERSON
954,彰化,GPE
954,彰化縣府,GPE
954,中華隊,ORG
954,日,GPE
954,彰化縣,GPE
954,政府廣場,FAC
954,彰化縣,GPE
954,昨日,DATE
954,中華隊,ORG
954,義大利,GPE
954,彰化縣府,GPE
954,今天,DATE
954,中午,TIME
954,彰化縣,GPE
954,彰化市和平店,ORG
954,彰化,GPE
954,唐詠絮,PERSON
955,兩,CARDINAL
955,八卦板,ORG
955,華人,NORP
956,三,CARDINAL
956,中文字,LANGUAGE
956,中文字,LANGUAGE
956,中文字,LANGUAGE
957,第場,ORDINAL
957,巴拿馬,GPE
957,第二,ORDINAL
957,義大利,GPE
957,第三,ORDINAL
957,荷蘭,GPE
957,古巴,GPE
957,中華隊,ORG
958,台灣,GPE
958,中華隊,ORG
958,昨天,DATE
959,八卦板,ORG
959,中國隊,ORG
959,前兩天,DATE
959,今天,DATE
959,中國隊,ORG
959,中華隊,ORG
960,中華隊,GPE
961,今天,DATE
961,世界棒球經典賽,EVENT
961,台灣,GPE
962,台中,GPE
962,中華隊教練團,ORG
963,中華隊,ORG
964,蔡英文,PERSON
964,台灣,GPE
964,張柏源,PERSON
964,台灣隊,GPE
964,義大利隊,GPE
964,荷蘭隊,GPE
964,第勝,ORDINAL
964,蔡英文,PERSON
964,台灣人,NORP
964,台灣,GPE
964,台灣人,NORP
964,世界棒球經典賽,EVENT
964,台灣隊,GPE
964,晚上,TIME
964,荷蘭,GPE
964,旅美,GPE
964,張育成局,ORG
964,連戰,PERSON
964,台灣,NORP
964,吳哲源,PERSON
964,日,GPE
964,古巴,GPE
964,東京,GPE
964,蔡英文,PERSON
964,台灣隊,ORG
964,第二,ORDINAL
964,台灣人,NORP
964,台灣,GPE
964,台灣,GPE
964,張育,PERSON
964,陳傑憲,PERSON
964,吳哲源,PERSON
964,台灣,GPE
964,台灣人,NORP
964,賴清德,PERSON
964,張育成,PERSON
964,台灣,GPE
964,東京,GPE
964,台灣,GPE
964,行政院長,ORG
964,陳建仁,PERSON
964,這幾天,DATE
964,台灣,GPE
965,中華隊,ORG
965,亞洲,LOC
965,四,CARDINAL
965,加勒比海,LOC
965,第幾,ORDINAL
965,多明尼加,GPE
966,中華隊,ORG
966,古巴隊,ORG
966,兩,CARDINAL
967,台大,ORG
967,古巴,GPE
967,中華隊,ORG
968,中華隊,ORG
969,中華隊,ORG
969,六,CARDINAL
970,第局,ORG
970,中華隊,ORG
970,台灣人,NORP
971,義大利,GPE
971,中華,GPE
971,昨晚,TIME
971,荷蘭,GPE
972,湘北隊,ORG
972,中華隊,ORG
972,中華隊,ORG
973,台灣人,NORP
973,中華隊,GPE
974,中華隊,ORG
974,林志傑,PERSON
974,田壘,PERSON
974,兩,CARDINAL
974,三,CARDINAL
975,台籃,GPE
975,古巴隊,ORG
975,中華隊,ORG
976,中華隊,GPE
976,今天,DATE
976,昨天,DATE
976,中午,TIME
976,中華隊,GPE
977,安安,PERSON
977,中華隊,GPE
978,三,CARDINAL
978,中華隊,ORG
978,五,CARDINAL
978,東京,GPE
979,十年前,DATE
979,古巴,GPE
979,日本,GPE
979,七,CARDINAL
979,中華隊,GPE
979,十年後的今天,DATE
979,臺灣,GPE
979,二,CARDINAL
979,古巴,GPE
979,中華隊,ORG
979,十年前,DATE
979,中華隊,ORG
980,中華隊,ORG
980,台灣,GPE
981,中華隊,ORG
981,安西,PERSON
981,中華隊,ORG
981,中華隊,ORG
982,中華隊,ORG
982,世界棒球經典賽,EVENT
982,昨天,DATE
982,荷蘭隊,GPE
982,台北市長,ORG
982,蔣萬安,PERSON
982,今天,DATE
982,上午,TIME
982,今天,DATE
982,蔣萬安,PERSON
982,今天,DATE
982,古巴,GPE
982,蔣萬安,PERSON
982,古巴,GPE
982,中華隊,ORG
982,古巴,GPE
982,東京,GPE
982,蔣萬安,PERSON
982,昨天,DATE
982,張育成,PERSON
982,義大利,GPE
982,昨天,DATE
982,蔣萬安,PERSON
982,今天,DATE
982,台北市站,FAC
982,今天,DATE
982,中華隊,ORG
982,戰古巴,PERSON
982,蔣,PERSON
982,萬安,PERSON
982,中午,TIME
982,古巴,GPE
982,東京,GPE
982,五百,CARDINAL
982,蔣萬安,PERSON
982,中華隊,ORG
982,東京,GPE
982,今天,DATE
982,中午點,TIME
982,古巴,GPE
982,中華隊,ORG
982,蔣,PERSON
982,前天,DATE
982,今天,DATE
982,中華隊,ORG
982,古巴,GPE
982,東京,GPE
982,蔣,PERSON
982,古巴,GPE
982,聯合報,ORG
982,林麗玉,PERSON
983,前幾天,DATE
983,中華隊,ORG
983,兩,CARDINAL
983,早上,TIME
983,中華隊,ORG
983,古巴,GPE
984,經典賽,EVENT
984,中華隊,ORG
985,十年,DATE
985,當年,DATE
985,古巴,GPE
985,十年後的今天,DATE
985,中華隊,ORG
985,今天,DATE
986,中華隊,ORG
986,巴拿馬,GPE
986,義荷,GPE
986,古巴,GPE
986,三,CARDINAL
986,中華隊,GPE
987,古巴,GPE
987,中華隊,ORG
987,巴拿馬,GPE
988,這兩天,DATE
988,中華隊,ORG
988,四年後,DATE
989,中華隊,ORG
989,中華隊,ORG
989,兩天,DATE
989,今天,DATE
990,台灣,GPE
990,中華隊,ORG
990,台灣隊,ORG
990,中華隊,ORG
990,台灣隊,ORG
990,中華隊,GPE
990,台灣隊,ORG
990,台灣,GPE
991,中華隊,ORG
991,阿,GPE
991,阿,GPE
992,科科,ORG
993,經典賽,EVENT
993,台灣,GPE
993,古巴教練團,ORG
993,聯合報攝影中心,ORG
993,黃仲裕,PERSON
993,台中,GPE
993,經典賽,EVENT
993,世界棒球經典賽,EVENT
993,今天,DATE
993,台中洲際棒球場,FAC
993,中華,GPE
993,古巴,GPE
993,黃仲裕,PERSON
993,世界棒球經典賽,EVENT
993,今天,DATE
993,中午,TIME
993,洲際棒球場,FAC
993,中華,GPE
993,古巴,GPE
993,古巴,GPE
993,世界棒球經典賽,EVENT
993,今天,DATE
993,台中洲際棒球場,FAC
993,中華,GPE
993,古巴,GPE
993,張育成,PERSON
993,黃仲裕,PERSON
993,世界棒球經典賽,EVENT
994,中華隊,ORG
994,今日,DATE
994,五,CARDINAL
995,古巴隊,GPE
995,今天,DATE
995,古巴隊,GPE
995,台灣隊,ORG
995,中華隊,GPE
995,日本,GPE
995,日本,GPE
995,台灣,GPE
995,古巴,GPE
995,三,CARDINAL
995,中文字,LANGUAGE
995,中文字,LANGUAGE
995,中文字,LANGUAGE
996,古巴,GPE
996,蔡英文,PERSON
996,中華隊,ORG
996,陳建仁,PERSON
996,東京,GPE
996,世界棒球經典賽,EVENT
996,中華代表隊,ORG
996,義大利,GPE
996,荷蘭隊,GPE
996,古巴隊,GPE
996,蔡英文,PERSON
996,行政院長,ORG
996,陳建仁,PERSON
996,南投,GPE
996,蔡英文,PERSON
996,中華隊,ORG
996,陳建仁,PERSON
996,古巴,GPE
996,東京,GPE
996,中華代表隊,ORG
996,經典賽,EVENT
996,巴拿馬,GPE
996,天力克義大利,GPE
996,荷蘭,GPE
996,第棒,ORDINAL
996,張育成,PERSON
996,兩,CARDINAL
996,蔡英文,PERSON
996,陳建仁,PERSON
996,昨晚,TIME
996,敬禮梗,PERSON
996,兩,CARDINAL
996,今天,DATE
996,中華隊,ORG
996,蔡英文,PERSON
996,陳建仁,PERSON
996,南投草屯,GPE
996,鳥嘴潭,LOC
996,森活圈植樹活動,EVENT
996,陳建仁,PERSON
996,昨天,DATE
996,古巴,GPE
996,中華隊,GPE
996,東京,GPE
996,中華隊,ORG
996,蔡英文,PERSON
996,中華隊,ORG
996,中華隊,ORG
996,聯合報,ORG
996,賴香珊,PERSON
997,日本,GPE
997,日本,GPE
997,日本,GPE
997,台灣人,NORP
997,中華隊,ORG
997,第二天,DATE
997,台灣,GPE
997,中華隊,GPE
997,台灣,GPE
997,今天,DATE
997,週日,DATE
997,台灣人,NORP
997,台灣,GPE
998,皮心瑀,PERSON
998,侯友宜,PERSON
998,古巴,GPE
998,中華隊,ORG
998,皮心瑀,PERSON
998,新北,GPE
998,世界棒球經典賽,EVENT
998,台中,GPE
998,洲際棒球場,FAC
998,中華隊,ORG
998,古巴隊,GPE
998,新北,GPE
998,侯友宜,PERSON
998,今天,DATE
998,古巴,GPE
998,中華隊,ORG
998,古巴,GPE
998,八,CARDINAL
998,東京,GPE
998,侯友宜,PERSON
998,中華隊,ORG
998,古巴,GPE
998,八,CARDINAL
998,東京,GPE
998,古巴,GPE
998,中華隊,ORG
998,荷蘭,GPE
998,中華隊,GPE
998,巴拿馬,GPE
998,義大利,GPE
998,古巴,GPE
998,義大利,GPE
998,古巴,GPE
998,中華隊,ORG
998,日,GPE
998,古巴,GPE
998,義大利,GPE
998,荷蘭,GPE
999,中華隊,ORG
1000,古巴隊,GPE
1000,洲際棒球場,FAC
1000,中華隊,GPE
1001,中午點,TIME
1001,中華隊,ORG
1002,前天,DATE
1002,義大利,GPE
1002,中華隊,ORG
1002,台南年,PERSON
1002,中華隊,ORG
1002,古巴,GPE
1002,中華隊,ORG
1002,中華隊,ORG
1002,古巴,GPE
1003,中華隊,ORG
1003,百萬,CARDINAL
1003,台中,GPE
1004,吳政紘,PERSON
1004,台中,GPE
1004,經典賽,EVENT
1004,東京,GPE
1004,日,GPE
1004,中華隊,ORG
1004,古巴,GPE
1004,世界棒球經典賽,EVENT
1004,中華隊,ORG
1004,今天,DATE
1004,中午,TIME
1004,洲際棒球場,FAC
1004,古巴,GPE
1004,中華,GPE
1004,陳仕朋,PERSON
1004,古巴隊,GPE
1004,中華隊,ORG
1004,第二,ORDINAL
1004,東京,GPE
1004,中華隊,ORG
1004,日本隊,ORG
1004,日本,NORP
1004,日本,GPE
1004,日本,GPE
1004,讀賣新聞,ORG
1004,宮地語,PERSON
1004,兩,CARDINAL
1004,中華隊,GPE
1004,古巴,GPE
1004,中華隊,GPE
1004,古巴隊,GPE
1004,中華隊,ORG
1004,東京,GPE
1005,中華隊,ORG
1005,兩,CARDINAL
1005,本魯,PERSON
1005,中華隊,ORG
1005,四,CARDINAL
1006,巴拿馬,GPE
1006,四,CARDINAL
1006,義大利,GPE
1006,荷蘭,GPE
1006,大聯盟,ORG
1006,今天,DATE
1006,中華隊,ORG
1006,張育成,PERSON
1006,四年後,DATE
1006,大聯盟,ORG
1007,中華隊,ORG
1008,第天,DATE
1008,兩天,DATE
1008,中華隊,ORG
1008,中華隊,ORG
1008,兩,CARDINAL
1009,馬的,PERSON
1010,荷蘭,GPE
1010,四,CARDINAL
1010,台灣人,NORP
1010,台灣,GPE
1010,古巴,GPE
1010,幾天,DATE
1010,中華隊,ORG
1010,前兩天,DATE
1010,兩,CARDINAL
1010,台灣人,NORP
1011,今天,DATE
1011,中華隊,ORG
1011,六局,ORG
1011,兩,CARDINAL
1011,古巴,GPE
1011,荷蘭,GPE
1011,兩,CARDINAL
1011,義大利,GPE
1011,三,CARDINAL
1011,今天,DATE
1011,中華隊,ORG
1012,中央社,ORG
1012,蕭博陽,PERSON
1012,經典賽,EVENT
1012,東京,GPE
1012,蔡,PERSON
1012,陳建仁,PERSON
1012,台灣隊,ORG
1012,中央社,ORG
1012,蕭博陽,PERSON
1012,南投縣,GPE
1012,台灣隊,ORG
1012,今天,DATE
1012,古巴隊,GPE
1012,東京,GPE
1012,蔡英文,PERSON
1012,今天,DATE
1012,中華隊,ORG
1012,行政院長,ORG
1012,建仁,PERSON
1012,今天,DATE
1012,古巴,GPE
1012,台灣隊,ORG
1012,東京,GPE
1012,台灣隊,ORG
1012,昨天,DATE
1012,晚間,TIME
1012,美職大聯盟,ORG
1012,荷蘭隊,ORG
1012,，局,ORG
1012,張育成,PERSON
1012,荷蘭隊,GPE
1012,第勝,ORDINAL
1012,今天,DATE
1012,古巴隊,GPE
1012,張育成,PERSON
1012,行政院長,ORG
1012,陳建仁,PERSON
1012,昨天,DATE
1012,晚間,TIME
1012,這幾天,DATE
1012,台灣,GPE
1012,行政院,ORG
1012,農業委員會,ORG
1012,林務局,ORG
1012,今天,DATE
1012,南投縣,GPE
1012,草屯鎮,GPE
1012,鳥嘴潭人工湖,LOC
1012,森活圈植樹節,EVENT
1012,蔡,PERSON
1012,陳建仁農委會,ORG
1012,陳吉仲,PERSON
1012,蔡,PERSON
1012,中華隊,GPE
1012,蔡,PERSON
1012,中華隊,ORG
1012,陳建仁,PERSON
1012,昨晚,TIME
1012,中華隊,ORG
1012,今天,DATE
1012,古巴,GPE
1012,中華隊,GPE
1012,東京,GPE
1012,中華隊,ORG
1012,中華隊,GPE
1012,陳仁華,PERSON
1013,晚上,TIME
1013,義大利,GPE
1013,荷蘭,GPE
1013,兩,CARDINAL
1013,中華隊,ORG
1013,台北巨蛋,FAC
1013,第二,ORDINAL
1014,下個四年,DATE
1014,中華隊,ORG
1015,中華隊,ORG
1015,今天,DATE
1015,古巴,GPE
1015,義大利,GPE
1015,中華隊,GPE
1016,兩個晚上,TIME
1016,日本,GPE
1016,中華隊,GPE
1016,中午,TIME
1017,台灣隊第局,ORG
1017,古巴隊,ORG
1017,兩,CARDINAL
1017,今天,DATE
1017,台灣隊,ORG
1017,古巴隊,GPE
1018,七,CARDINAL
1018,古巴,GPE
1018,兩,CARDINAL
1018,中華隊,ORG
1018,中華隊,ORG
1019,日本,GPE
1020,古巴,GPE
1021,高雄駁二,LOC
1021,中華隊,GPE
1022,呂晏慈,PERSON
1022,中午,TIME
1022,古巴,PERSON
1022,陳建仁,PERSON
1022,東京,GPE
1022,呂晏慈,PERSON
1022,台北,GPE
1022,台灣隊,ORG
1022,兩天,DATE
1022,世界棒球經典賽,EVENT
1022,旅美,GPE
1022,張育成,PERSON
1022,政院長,ORG
1022,陳建仁,PERSON
1022,陳建仁,PERSON
1022,上午,TIME
1022,今天中午,TIME
1022,中華,GPE
1022,古巴,GPE
1022,東京,GPE
1022,陳建仁,PERSON
1022,今天,DATE
1022,上午,TIME
1022,南投,GPE
1022,森活圈,PERSON
1022,陳建仁,PERSON
1022,昨天,DATE
1022,晚間,TIME
1022,台灣,GPE
1022,昨天,DATE
1022,陳建仁,PERSON
1022,中華隊,ORG
1022,今天,DATE
1022,古巴,GPE
1022,中華隊,GPE
1022,東京,GPE
1022,中華隊,ORG
1022,中華隊,ORG
1023,楊舒帆,PERSON
1023,台中,GPE
1023,古巴,GPE
1023,大聯盟,ORG
1023,台灣,PERSON
1023,經典賽,EVENT
1023,古巴,GPE
1023,古巴,GPE
1023,中華,GPE
1023,巴,GPE
1023,大聯盟,ORG
1023,古巴,GPE
1023,台灣,GPE
1023,年前,DATE
1023,墨,GPE
1023,西哥,GPE
1023,中華台北梅花旗,ORG
1023,這個禮拜,DATE
1023,台灣,NORP
1023,中華,GPE
1023,古巴,GPE
1023,中華隊,ORG
1023,中華隊,GPE
1023,大聯盟,ORG
1023,摩納根,PERSON
1023,整個禮拜,DATE
1023,台灣,NORP
1023,古巴,GPE
1023,中華隊,GPE
1024,汗,PERSON
1024,中華隊,ORG
1025,古巴隊,ORG
1025,第局,ORG
1025,教練團,ORG
1025,巴,GPE
1025,中華隊,ORG
1026,今天,DATE
1027,中華隊,ORG
1027,荷,GPE
1027,二,CARDINAL
1027,四,CARDINAL
1027,黃韻文,PERSON
1027,荷,GPE
1027,中華隊,ORG
1027,周六晚間,TIME
1027,荷蘭,GPE
1027,二,CARDINAL
1027,美式,NORP
1027,四,CARDINAL
1027,今日中午,TIME
1027,中華,GPE
1027,古巴,GPE
1027,東京,GPE
1027,中華,GPE
1027,周日月日,DATE
1027,美式,NORP
1027,美式,NORP
1027,四季,DATE
1027,春青茶,PRODUCT
1027,凌晨點,TIME
1027,美式,NORP
1027,萬,CARDINAL
1027,萬,CARDINAL
1027,中華隊,ORG
1027,荷蘭,GPE
1027,即日起至月日,DATE
1027,今天,DATE
1027,中午,TIME
1027,中華隊,ORG
1027,萊爾富,ORG
1027,件元,MONEY
1027,圖萊爾富,PERSON
1027,即日起至月日,DATE
1027,阿華田阿華田摩卡拿鐵單杯,PRODUCT
1027,美式,NORP
1028,中華隊,ORG
1028,阿,GPE
1028,兩,CARDINAL
1028,五,CARDINAL
1029,昨天,DATE
1029,今天,DATE
1030,古巴,GPE
1030,中華隊,GPE
1030,古巴,GPE
1030,兩萬,CARDINAL
1030,台灣人,NORP
1030,三,CARDINAL
1030,中文字,LANGUAGE
1030,中文字,LANGUAGE
1030,中文字,LANGUAGE
1031,台視新聞網,ORG
1031,陳耿閔,PERSON
1031,經典賽,EVENT
1031,吳念庭,PERSON
1031,最後天,DATE
1031,台灣,GPE
1031,昨晚,TIME
1031,荷蘭,GPE
1031,今天,DATE
1031,中午,TIME
1031,古巴,GPE
1031,吳念庭,PERSON
1031,吳念庭,PERSON
1031,東京,GPE
1031,吳念庭,PERSON
1031,林子偉,PERSON
1031,張育成,PERSON
1031,英文,LANGUAGE
1032,巴拿馬,GPE
1032,二,CARDINAL
1032,三,CARDINAL
1032,義大利,GPE
1032,荷蘭,GPE
1032,中華隊,ORG
1032,古巴,GPE
1032,義大利荷蘭,GPE
1032,中華隊,GPE
1033,雷,PERSON
1033,中華,NORP
1034,台灣,GPE
1034,中華隊,ORG
1034,台灣,NORP
1035,高雄,GPE
1035,億,CARDINAL
1035,三,TIME
1035,三下沒分鐘,TIME
1036,百分百定,PERCENT
1036,三,CARDINAL
1036,台灣隊,GPE
1036,中華隊,ORG
1037,今天,DATE
1037,古巴,GPE
1037,台灣,GPE
1037,義大利,GPE
1037,荷蘭,GPE
1037,古巴,GPE
1037,古巴,GPE
1037,今天,DATE
1037,中華隊,ORG
1037,白天,TIME
1037,黑夜,TIME
1037,古巴,GPE
1038,中華隊,ORG
1038,九,CARDINAL
1038,古巴,GPE
1038,中華隊,ORG
1038,十年,DATE
1039,韓國,GPE
1039,澳洲,GPE
1039,日本,GPE
1039,台灣,GPE
1039,二,CARDINAL
1039,二,CARDINAL
1039,巴拿馬,GPE
1039,古巴,GPE
1039,台灣主場,FAC
1039,韓國,GPE
1039,台灣,GPE
1040,中華隊,ORG
1041,中華隊,ORG
1041,今天,DATE
1042,中華,GPE
1042,荷蘭,GPE
1042,義大利,GPE
1042,中華隊,ORG
1043,中華隊,ORG
1043,四戰,EVENT
1043,台灣,GPE
1044,第九,ORDINAL
1044,中華隊,GPE
1044,今天,DATE
1045,中華隊,ORG
1046,中華隊,ORG
1046,巴拿馬,GPE
1046,巴美洲,GPE
1046,義大利,GPE
1046,荷蘭,GPE
1047,中華古巴,GPE
1047,九,CARDINAL
1047,國防部長,ORG
1048,日本,GPE
1048,美國,GPE
1048,中華隊,ORG
1049,台灣,GPE
1049,中華隊,ORG
1049,中華隊,GPE
1050,昨天,DATE
1050,台灣,GPE
1050,古巴人,NORP
1051,黃仲裕,PERSON
1051,經典賽,EVENT
1051,台灣,GPE
1051,古巴教練團,ORG
1051,世界棒球經典賽,EVENT
1051,今天,DATE
1051,中午,TIME
1051,洲際棒球場,FAC
1051,中華,GPE
1051,古巴,GPE
1051,古巴,GPE
1051,中華,GPE
1051,兩,CARDINAL
1051,台灣,GPE
1051,萬,CARDINAL
1052,中華隊,ORG
1052,第二,ORDINAL
1052,經典賽,EVENT
1052,七,CARDINAL
1052,四,CARDINAL
1052,三,CARDINAL
1052,五,CARDINAL
1052,五,CARDINAL
1052,五,CARDINAL
1052,中國,GPE
1052,法國,GPE
1052,巴拿馬古巴,GPE
1052,中華隊,ORG
1053,張育成,PERSON
1053,古巴,GPE
1053,年月日,DATE
1053,張育成,PERSON
1053,李毓康,PERSON
1053,楊舒帆,PERSON
1053,中華隊,GPE
1053,古巴,GPE
1053,張育成,PERSON
1053,古巴局,ORG
1053,中華隊,ORG
1053,經典賽,EVENT
1053,古巴,GPE
1053,中華隊,GPE
1053,日本,GPE
1053,隔天,DATE
1053,古巴,GPE
1053,比提前局,ORG
1053,中華隊,ORG
1053,澳洲,GPE
1053,荷蘭,GPE
1053,韓國,GPE
1053,第二,ORDINAL
1053,日本,GPE
1053,東京巨蛋,FAC
1053,日本隊,ORG
1053,第局,ORG
1053,隔天,DATE
1053,德斯潘耶,PERSON
1053,今年,DATE
1053,中華隊,ORG
1053,古巴,GPE
1053,連局,ORG
1053,馬丁尼茲í,PERSON
1053,台灣,GPE
1053,王威晨,PERSON
1053,三,CARDINAL
1053,張育成,PERSON
1053,中華隊,ORG
1054,中華隊,ORG
1054,大聯盟,ORG
1054,明星隊,ORG
1054,美國,GPE
1054,日本,GPE
1055,巴拿馬,GPE
1055,義大利,GPE
1055,荷蘭,GPE
1055,今天,DATE
1055,古巴,GPE
1055,阿肥,PERSON
1055,張育成,PERSON
1056,中華隊,ORG
1056,古巴,GPE
1056,中華隊,ORG
1056,晚上,TIME
1057,中華隊,ORG
1057,明天,DATE
1057,星期,DATE
1059,中華隊,ORG
1059,明天,DATE
1059,中國,GPE
1060,台灣,GPE
1060,第二,ORDINAL
1060,今年,DATE
1060,今天,DATE
1060,台灣,GPE
1060,中華隊,ORG
1061,中華隊,ORG
1061,第天,DATE
1061,今天,DATE
1061,古巴,GPE
1061,經典賽,EVENT
1062,古巴,GPE
1062,中華隊,GPE
1062,古巴,GPE
1062,三,CARDINAL
1062,中文字,LANGUAGE
1062,中文字,LANGUAGE
1062,中文字,LANGUAGE
1063,台灣隊,ORG
1063,中華隊,ORG
1063,中國台北隊,ORG
1063,台灣隊,ORG
1064,昨天,DATE
1064,張什,PERSON
1064,四,CARDINAL
1064,中華隊,ORG
1065,中華隊,GPE
1065,中華隊,ORG
1065,巴拿馬,GPE
1065,巴拿馬,GPE
1065,第二,ORDINAL
1065,第三,ORDINAL
1065,第四,ORDINAL
1065,古巴,GPE
1065,中華隊,ORG
1065,四,CARDINAL
1066,中華隊,ORG
1066,日,GPE
1067,昨天,DATE
1067,第次,ORDINAL
1067,古巴,GPE
1067,中華隊,GPE
1068,台灣的比賽,EVENT
1068,張育成,PERSON
1068,義大利場,FAC
1068,荷蘭場,FAC
1068,古巴場,PERSON
1068,張打,PERSON
1068,張育成,PERSON
1068,台灣,GPE
1069,昨晚,TIME
1069,中華隊,ORG
1069,荷蘭,GPE
1069,林書豪,PERSON
1069,三,CARDINAL
1069,昨晚,TIME
1070,中華隊,ORG
1071,今天,DATE
1071,晚上,TIME
1071,義大利,GPE
1071,荷蘭,GPE
1071,中華隊,GPE
1072,今日,DATE
1072,張志浩,PERSON
1072,張育成,PERSON
1072,中華,GPE
1072,古巴,GPE
1072,台,GPE
1072,今天,DATE
1072,中華隊,ORG
1072,中美洲,LOC
1072,古巴隊,GPE
1072,華隊,ORG
1072,陳仕朋,PERSON
1072,古巴局,ORG
1072,兩,CARDINAL
1072,古巴,GPE
1072,中華隊,ORG
1072,張育成,PERSON
1072,台灣,NORP
1072,國防部長,ORG
1072,張育成,PERSON
1072,台,GPE
1073,悍創,ORG
1074,安安,PERSON
1074,張育成,PERSON
1074,大聯盟,ORG
1075,阿肥,PERSON
1076,經典賽,EVENT
1076,東京,GPE
1076,中華隊,ORG
1076,古巴,GPE
1076,今日,DATE
1076,吳政紘,PERSON
1076,中華隊,ORG
1076,陳仕朋,PERSON
1076,中華隊,ORG
1076,東京巨蛋,FAC
1076,年前,DATE
1076,中華隊,ORG
1076,美,GPE
1076,中華隊,ORG
1076,年前,DATE
1076,澳洲,GPE
1076,韓國,GPE
1076,東京巨蛋,FAC
1076,日本,GPE
1076,日本,GPE
1076,中華隊,GPE
1076,中華隊,ORG
1076,巴拿馬,GPE
1076,義大利,GPE
1076,昨天,DATE
1076,荷蘭,GPE
1076,中華隊,GPE
1076,中華隊,ORG
1076,陳仕朋,PERSON
1076,地球,LOC
1076,江坤宇,PERSON
1076,日職,GPE
1076,中華隊,ORG
1076,古巴隊,GPE
1076,三,CARDINAL
1076,陳仕朋,PERSON
1076,陳冠偉,PERSON
1076,中華隊,ORG
1076,巴新,GPE
1076,中華隊,ORG
1076,王維中,PERSON
1076,二,CARDINAL
1076,古巴隊,ORG
1076,大聯盟,ORG
1076,中華隊,ORG
1076,古巴,GPE
1076,雷法嫕,PERSON
1076,三,CARDINAL
1076,中華隊局,ORG
1076,中日隊,ORG
1076,中華隊,ORG
1076,王威晨,PERSON
1076,張育成,PERSON
1076,二,CARDINAL
1077,中華隊,ORG
1077,本魯,PERSON
1078,四,CARDINAL
1078,兩,CARDINAL
1078,中華隊,ORG
1078,明天,DATE
1079,陳凱力,PERSON
1079,中華隊,ORG
1079,二,CARDINAL
1079,中華隊,ORG
1079,昨日,DATE
1079,荷蘭,GPE
1079,中華隊,ORG
1079,二,CARDINAL
1079,今日上午,TIME
1079,高虹安,GPE
1079,分鐘,TIME
1079,古巴,GPE
1079,東京,GPE
1079,八,CARDINAL
1079,高虹安,PERSON
1079,昨晚,TIME
1079,今日,DATE
1079,中華隊,ORG
1079,古巴,GPE
1079,中華隊,ORG
1079,昨晚,TIME
1079,二,CARDINAL
1079,上午,TIME
1079,中華隊,ORG
1079,中華隊,ORG
1079,古巴隊,GPE
1079,東京,GPE
1079,今日上午,TIME
1079,逾公尺,QUANTITY
1079,桃園,GPE
1079,梁,PERSON
1079,昨晚,TIME
1079,新竹市,GPE
1079,今天,DATE
1079,新竹人,NORP
1079,新竹市,GPE
1079,中華隊,ORG
1079,東京,GPE
1079,高虹安,GPE
1079,中華隊,ORG
1080,今天,DATE
1080,古巴隊,ORG
1080,中華隊,ORG
1081,中華隊,ORG
1081,卡洛爾,PERSON
1081,億美元,MONEY
1081,中時新聞網,ORG
1081,盧品青,PERSON
1081,美,GPE
1081,柯賓卡洛爾,PERSON
1081,新台幣億,MONEY
1081,第年,DATE
1081,億美元新台幣億,MONEY
1081,今年歲,DATE
1081,卡洛爾,PERSON
1081,大聯盟,ORG
1081,去年,DATE
1081,月底,DATE
1081,大聯盟,ORG
1081,上季,DATE
1081,卡洛爾,PERSON
1081,國聯,ORG
1081,大聯盟,ORG
1081,百日,DATE
1081,卡洛爾,PERSON
1081,萬美元,MONEY
1081,卡洛爾,PERSON
1081,萬美元,MONEY
1081,那幾年,DATE
1081,卡洛爾,PERSON
1081,台灣,GPE
1081,美國西雅圖,GPE
1081,台灣人,NORP
1081,西雅圖,GPE
1081,鈴木朗,PERSON
1081,克魯茲,PERSON
1081,卡洛爾,PERSON
1081,中華隊,ORG
1081,經典賽,EVENT
1081,中華隊,GPE
1082,中華隊,ORG
1082,十多,CARDINAL
1082,阿肥,PERSON
1082,中華隊,ORG
1083,四,CARDINAL
1083,中華隊,GPE
1083,兩,CARDINAL
1083,日,GPE
1083,韓,GPE
1083,台灣,GPE
1084,經典賽,EVENT
1084,台灣,NORP
1084,漢人,NORP
1084,阿美族,NORP
1084,張育成,PERSON
1084,日本人,NORP
1084,大谷翔,ORG
1084,吉田正尚,PERSON
1084,佐佐木朗希山,PERSON
1084,伸近藤健介村,PERSON
1084,宗隆,PERSON
1084,日本人,NORP
1085,中華隊,ORG
1085,悍創,PERSON
1085,大聯盟,ORG
1085,大聯盟,ORG
1085,大聯盟,ORG
1085,中華民國,GPE
1085,四,CARDINAL
1085,中華隊,ORG
1085,台中,GPE
1085,晚上,TIME
1085,個小時,TIME
1085,第二,ORDINAL
1085,日本隊,ORG
1085,四,CARDINAL
1085,大聯盟,ORG
1085,上禮拜,DATE
1085,悍創,PERSON
1085,悍創,PERSON
1085,中華隊,ORG
1085,林岳平,PERSON
1085,今天,DATE
1085,今天,DATE
1085,悍創,ORG
1085,台灣,GPE
1085,悍創,PERSON
1085,去年月,DATE
1085,今天,DATE
1085,中華隊,ORG
1085,日本隊,ORG
1085,東京,GPE
1085,四,CARDINAL
1085,晚上,TIME
1085,前兩天,DATE
1086,中華隊,GPE
1086,日,GPE
1087,兩,CARDINAL
1087,廣州,GPE
1087,大陸,GPE
1088,義大利,GPE
1088,荷蘭,GPE
1088,古巴,GPE
1088,古巴,GPE
1088,古巴,GPE
1088,今天,DATE
1088,古巴,GPE
1088,中華隊,ORG
1089,中華隊,ORG
1089,古巴,GPE
1089,今天,DATE
1089,中華隊,ORG
1090,今天,DATE
1090,古巴,GPE
1090,九,CARDINAL
1090,中華隊,ORG
1090,古巴,GPE
1091,三立,ORG
1091,陳慈鈴,PERSON
1091,台灣,GPE
1091,古巴,GPE
1091,吳泓逸,PERSON
1091,昨晚,TIME
1091,荷蘭,GPE
1091,台灣隊,ORG
1091,荷蘭,GPE
1091,今日,DATE
1091,中華隊,ORG
1091,古巴,GPE
1091,今日,DATE
1091,台灣,GPE
1091,巴拿馬,GPE
1091,第二戰,EVENT
1091,義大利,GPE
1091,台灣隊,ORG
1091,義大利,GPE
1091,第三,ORDINAL
1091,荷蘭,GPE
1091,台灣隊,ORG
1091,荷蘭,GPE
1091,今天,DATE
1091,中華隊,ORG
1091,古巴,GPE
1091,第局,ORG
1091,台史,PERSON
1091,張育成,PERSON
1091,台灣隊,ORG
1091,台灣,GPE
1091,古巴,GPE
1091,東京,GPE
1091,台灣隊,ORG
1091,今日,DATE
1091,上午,TIME
1091,台灣隊,ORG
1091,台灣隊,GPE
1091,古巴,GPE
1091,台灣,GPE
1091,三天,DATE
1091,古巴,GPE
1092,新竹,GPE
1092,大秘寶,PERSON
1092,古巴,GPE
1093,江采蓁,PERSON
1093,中華隊,ORG
1093,古巴,GPE
1093,陳建仁,PERSON
1093,中華隊,ORG
1093,中午,TIME
1093,古巴,GPE
1093,張育成,PERSON
1093,二,CARDINAL
1093,古巴,GPE
1093,張育成,PERSON
1093,行政院長,ORG
1093,陳建仁,PERSON
1093,中華隊,ORG
1093,古巴,GPE
1093,張育成,PERSON
1093,二,CARDINAL
1093,從年,DATE
1093,古巴局,ORG
1093,中華隊,ORG
1093,中華隊,ORG
1093,經典賽,EVENT
1093,古巴,GPE
1093,中華隊,GPE
1093,日本,GPE
1093,隔天,DATE
1093,古巴,GPE
1093,比提前局,ORG
1093,中華隊,GPE
1093,陳建仁,PERSON
1093,台灣,GPE
1093,中華台北,GPE
1094,下月份,DATE
1094,張育成,PERSON
1094,張育成,PERSON
1095,今天,DATE
1095,昨天,DATE
1095,張育成,PERSON
1095,宋家豪,PERSON
1095,中華隊,ORG
1095,台灣,GPE
1096,華視新聞網,ORG
1096,林琬瑜,PERSON
1096,陳藝緯,PERSON
1096,國防部長,ORG
1096,張育成,PERSON
1096,捷克,GPE
1096,中華隊,ORG
1096,張育成,PERSON
1096,國防部長,ORG
1096,日捷克,PERSON
1096,日本,GPE
1096,克隊,ORG
1096,中華隊,ORG
1096,台灣,GPE
1096,國防部長,ORG
1096,張育成,PERSON
1096,中華隊,ORG
1096,洲際球場,FAC
1096,日捷克,PERSON
1096,日本,GPE
1096,捷克隊,ORG
1096,亞洲,NORP
1096,中華隊,GPE
1096,大聯盟,ORG
1096,台灣,GPE
1097,中華隊,ORG
1097,中午,TIME
1097,古巴,GPE
1098,台灣,GPE
1099,中華隊,ORG
1099,今天,DATE
1100,世界盃巧固球錦標賽,EVENT
1100,中華,GPE
1100,台北,GPE
1100,中華,GPE
1100,台北,GPE
1100,中華,GPE
1100,台北,GPE
1100,中華,GPE
1100,台北,GPE
1100,中華,GPE
1100,台北,GPE
1100,中華,GPE
1100,台北,GPE
1100,中華隊,GPE
1101,三,CARDINAL
1101,中文字,LANGUAGE
1101,中文字,LANGUAGE
1101,中文字,LANGUAGE
1101,台北市,GPE
1101,中華隊,GPE
1102,中華隊,ORG
1102,王建民,PERSON
1102,王建民,PERSON
1102,六成,CARDINAL
1102,老王,PERSON
1102,王建民,PERSON
1102,王建民,PERSON
1102,王建民,PERSON
1102,國際賽,EVENT
1102,洋基,ORG
1102,日本,GPE
1102,中村紀洋,PERSON
1102,大谷翔平,PERSON
1102,台灣,GPE
1102,林智勝,PERSON
1102,張育成,PERSON
1102,王建民,PERSON
1102,王祖賢,PERSON
1102,王祖賢,PERSON
1102,台灣,GPE
1102,鄭家純歐陽娜娜,PERSON
1102,馮滴,PERSON
1102,林襄,PERSON
1102,黑嘉嘉,PERSON
1102,王祖賢,PERSON
1102,王建民,PERSON
1103,王真魚,PERSON
1103,台中,GPE
1103,中華隊,ORG
1103,經典賽,EVENT
1103,中華隊,GPE
1103,古巴,GPE
1103,中華隊,ORG
1103,林岳平,PERSON
1103,悍創,ORG
1103,謝文,PERSON
1103,中華隊,ORG
1103,昨天,DATE
1103,晚上,TIME
1103,荷蘭,GPE
1103,今天,DATE
1103,中午,TIME
1103,古巴,GPE
1103,林岳平,PERSON
1103,悍創,PERSON
1103,台灣,GPE
1103,中華,NORP
1103,臺灣,GPE
1103,主辦國,ORG
1103,年前,DATE
1103,古巴,GPE
1103,悍創,PERSON
1103,悍創,PERSON
1103,去年月,DATE
1103,大聯盟,ORG
1104,這幾天,DATE
1104,日,GPE
1104,中華隊,ORG
1105,三立,ORG
1105,劉彥池,PERSON
1105,台中,GPE
1105,台灣隊,GPE
1105,古巴,GPE
1105,東京,GPE
1105,劉彥池,PERSON
1105,台灣隊,ORG
1105,古巴,GPE
1105,東京,GPE
1105,萬,CARDINAL
1105,張育成,PERSON
1105,荷蘭,GPE
1105,日,GPE
1105,古巴,GPE
1105,東京,GPE
1105,三立新聞網,ORG
1105,台灣隊,ORG
1105,丹丹,PERSON
1105,劉彥池,PERSON
1105,台灣隊,ORG
1105,台灣,GPE
1105,劉彥池,PERSON
1106,中華隊,ORG
1106,東京,GPE
1106,蔡英文,PERSON
1106,方炳超,PERSON
1106,今日,DATE
1106,中午,TIME
1106,中華隊,ORG
1106,古巴,GPE
1106,中華隊,ORG
1106,八,CARDINAL
1106,蔡英文,PERSON
1106,下午,TIME
1106,台灣,GPE
1106,台灣,NORP
1106,台灣隊,ORG
1106,蔡英文,PERSON
1106,台灣,GPE
1106,世界棒球經典賽,EVENT
1106,台灣,NORP
1106,台灣隊,ORG
1106,台灣隊,ORG
1106,蔡英文,PERSON
1106,台灣,NORP
1106,台灣隊,ORG
1106,台灣,GPE
1107,中華隊,ORG
1107,日本,GPE
1107,美國,GPE
1107,中美洲,LOC
1108,中華隊,ORG
1108,中華隊,ORG
1108,中華隊,ORG
1109,大谷,PERSON
1109,日本,GPE
1110,洋基,ORG
1110,賈吉,PERSON
1110,賈吉,PERSON
1110,中華隊,ORG
1110,古巴,GPE
1110,台灣,GPE
1110,大聯盟,ORG
1110,賈吉,PERSON
1111,台北,GPE
1111,巴拿馬,GPE
1111,中華隊,ORG
1111,中華台北,GPE
1111,義大利,GPE
1111,中華隊,ORG
1111,台北,GPE
1111,荷蘭,GPE
1111,中華隊,ORG
1111,台北,GPE
1111,古巴,GPE
1111,中華隊,ORG
1112,中華隊,ORG
1112,八,CARDINAL
1112,日本隊,GPE
1112,肥魯,PERSON
1112,日本,GPE
1112,日本隊,ORG
1113,中華隊,ORG
1113,兩,CARDINAL
1113,中華,NORP
1113,荷蘭,GPE
1113,古巴,GPE
1113,中華隊,ORG
1114,經典賽,EVENT
1114,晚接午,TIME
1114,聯合報,ORG
1114,蘇志畬,PERSON
1114,台中,GPE
1114,中華隊,ORG
1114,今天,DATE
1114,古巴隊,ORG
1114,經典賽,EVENT
1114,中華隊,ORG
1114,大聯盟,ORG
1114,中華隊,ORG
1114,日,GPE
1114,巴拿馬日,GPE
1114,義大利日,PERSON
1114,荷蘭日,EVENT
1114,古巴,GPE
1114,三,CARDINAL
1114,晚上,TIME
1114,兩,CARDINAL
1114,小時,TIME
1114,中華隊,ORG
1114,林岳平,PERSON
1114,古巴,GPE
1114,悍創,ORG
1114,高偉凱,PERSON
1114,大聯盟,ORG
1114,中華隊,ORG
1114,兩,CARDINAL
1114,三,CARDINAL
1114,日本隊,GPE
1114,四,CARDINAL
1114,中華隊,GPE
1114,高偉凱,PERSON
1114,大聯盟,ORG
1114,高偉凱,PERSON
1114,大聯盟,ORG
1115,義大利荷蘭,GPE
1115,吳哲源,PERSON
1115,古巴,GPE
1115,這幾天,DATE
1115,台灣,GPE
1115,台灣,NORP
1115,台灣,GPE
1116,黃仲裕,PERSON
1116,台中,GPE
1116,經典賽,EVENT
1116,台灣,GPE
1116,大聯盟,ORG
1116,世界棒球經典賽,EVENT
1116,今天,DATE
1116,台中洲際棒球場,FAC
1116,中華,GPE
1116,古巴,GPE
1116,中華隊,GPE
1116,古巴,GPE
1116,大聯盟,ORG
1116,伊萊斯,PERSON
1116,二,CARDINAL
1116,中華隊,ORG
1116,黃仲裕,PERSON
1116,經典賽,EVENT
1116,今天,DATE
1116,中午,TIME
1116,古巴,GPE
1116,古巴,GPE
1116,古巴隊,ORG
1116,伊萊斯,PERSON
1116,中華隊,ORG
1116,中華隊,GPE
1116,台灣,GPE
1116,台灣隊,ORG
1116,大聯盟,ORG
1116,國際賽,EVENT
1116,台灣,GPE
1116,台灣,GPE
1117,經典賽,EVENT
1117,古巴,GPE
1117,台灣人,NORP
1117,台積電,ORG
1117,美國,GPE
1117,台灣,GPE
1117,中華隊,ORG
1117,台灣,GPE
1118,古巴隊,ORG
1118,中華隊,ORG
1118,吳泓逸,PERSON
1118,鼠署,ORG
1118,世界棒球經典賽,EVENT
1118,今日,DATE
1118,中華隊,ORG
1118,古巴隊,ORG
1118,中華隊,ORG
1118,中,GPE
1118,華隊,ORG
1118,經典賽,EVENT
1118,巴拿馬,GPE
1118,中華隊,ORG
1118,第戰,EVENT
1118,義大利,GPE
1118,中華隊,ORG
1118,義大利,GPE
1118,荷蘭,GPE
1118,中華隊,ORG
1118,荷蘭,GPE
1118,今日,DATE
1118,中華隊,ORG
1118,戰古巴,PERSON
1118,中華隊,ORG
1118,古巴隊,GPE
1118,中華,GPE
1118,古巴,GPE
1118,鼠署,ORG
1118,今天,DATE
1118,古巴,GPE
1119,台灣,GPE
1119,台灣,GPE
1119,日,GPE
1119,悍創,ORG
1119,台灣,GPE
1119,日本,NORP
1119,悍創,PERSON
1120,台灣隊,ORG
1120,四,CARDINAL
1121,中華隊,GPE
1121,日本隊,ORG
1121,美國隊,ORG
1121,日本,GPE
1121,美式,NORP
1122,日本,GPE
1122,澳洲,GPE
1122,五,CARDINAL
1122,二,CARDINAL
1122,日本,GPE
1122,澳洲,GPE
1122,日本,GPE
1123,中華隊,ORG
1123,第場,ORDINAL
1123,古巴,GPE
1125,國防部長,ORG
1125,張育成,PERSON
1125,捷克,GPE
1125,年月日,DATE
1125,台中市,GPE
1125,林琬瑜,PERSON
1125,陳藝緯,PERSON
1125,華視,ORG
1125,中華隊,ORG
1125,張育成,PERSON
1125,國防部長,ORG
1125,日捷克,PERSON
1125,日本,GPE
1125,捷克隊,GPE
1125,中華隊,ORG
1125,台灣,GPE
1125,國防部長,ORG
1125,張育成,PERSON
1125,中華隊,ORG
1125,洲際球場,FAC
1125,日捷克,PERSON
1125,日本,GPE
1125,克隊,ORG
1125,亞洲,LOC
1125,中華隊,GPE
1126,高機,ORG
1126,中華隊,ORG
1127,台南,GPE
1127,張育成,PERSON
1127,台灣,GPE
1127,兩,CARDINAL
1127,二號,DATE
1127,三號,DATE
1127,美巴,PERSON
1127,荷蘭戰,EVENT
1127,中華隊,GPE
1127,隔天,DATE
1127,台灣,GPE
1128,台灣,GPE
1129,四,CARDINAL
1129,黃捷,PERSON
1129,李正皓,PERSON
1129,洪慈庸,PERSON
1129,中華隊,ORG
1130,今天,DATE
1130,中華台北隊,ORG
1130,古巴,GPE
1130,八,CARDINAL
1130,中華隊,GPE
1130,荷蘭,GPE
1130,兩天,DATE
1130,兩,CARDINAL
1131,四,CARDINAL
1131,二,CARDINAL
1131,東京,GPE
1132,今天,DATE
1132,中華隊,ORG
1132,古巴隊,GPE
1132,今年,DATE
1133,年月日,DATE
1133,孟育民,PERSON
1133,台北,GPE
1133,中華隊,ORG
1133,東京,GPE
1133,林襄,PERSON
1133,台灣,GPE
1133,古巴,GPE
1133,中華隊,ORG
1133,東京,GPE
1133,林襄,PERSON
1133,這幾天,DATE
1133,謝,PERSON
1133,這幾天,DATE
1133,台灣,GPE
1133,中華隊,GPE
1133,林襄,PERSON
1133,這幾天,DATE
1133,中華,GPE
1133,台灣,GPE
1133,中華隊,ORG
1133,古巴,GPE
1133,林襄,PERSON
1133,古巴,GPE
1134,蔡淑媛,PERSON
1134,台中,GPE
1134,台中,GPE
1134,莊秉潔,PERSON
1134,台灣,GPE
1134,莊秉潔,PERSON
1134,台中市,GPE
1134,台灣,GPE
1134,台中洲際棒球場,FAC
1134,莊秉潔,PERSON
1134,台中市,GPE
1134,台灣,GPE
1134,中市,GPE
1134,盧秀燕,PERSON
1134,經濟部,ORG
1134,台中港,FAC
1134,沙鹿捷運站,FAC
1134,中市環保局長,ORG
1134,陳宏益,PERSON
1134,中市府,ORG
1134,台電,ORG
1134,中火部,ORG
1134,台電,ORG
1134,台電,ORG
1134,中央,ORG
1134,莊秉潔,PERSON
1134,過去幾天,DATE
1134,中火中龍,FAC
1134,台中港,FAC
1134,雲林,GPE
1134,雲林,GPE
1134,六輕,FAC
1134,雲林科技工業區,FAC
1134,第個,ORDINAL
1134,台中市,GPE
1134,莊秉潔,PERSON
1134,台中市,GPE
1134,台中港,LOC
1134,捷運,FAC
1134,沙鹿捷運站,FAC
1134,中龍鋼鐵正隆永豐餘,ORG
1134,陳宏益,PERSON
1134,中市,GPE
1134,正隆紙廠,ORG
1134,中市,GPE
1134,台中港空品維護區,FAC
1134,前年月,DATE
1134,今年月日,DATE
1134,中市,GPE
1134,中央,ORG
1134,台中,GPE
1134,捷運藍線,FAC
1135,義大利,GPE
1135,今天,DATE
1135,晚上,TIME
1135,荷蘭,GPE
1135,五,CARDINAL
1135,古巴,GPE
1135,義大利,GPE
1135,第二,ORDINAL
1135,兩,CARDINAL
1135,四,CARDINAL
1135,荷蘭,GPE
1135,中華隊,GPE
1135,中華隊,ORG
1135,五,CARDINAL
1135,古巴,GPE
1135,巴拿馬,GPE
1135,台灣,GPE
1135,荷蘭義大利,GPE
1135,義大利,GPE
1135,古巴荷蘭,PERSON
1135,台灣巴拿馬,GPE
1135,荷蘭,GPE
1135,古巴巴拿馬,PERSON
1135,台灣義大利,GPE
1135,巴拿馬,GPE
1135,台灣義大利,GPE
1135,荷蘭古巴,GPE
1135,台灣,GPE
1135,義大利荷蘭,GPE
1135,巴拿馬古巴,GPE
1135,經典賽,EVENT
1135,義大利,GPE
1135,第二,ORDINAL
1135,八,CARDINAL
1135,日本隊,GPE
1135,第二,ORDINAL
1135,澳洲隊,GPE
1135,八,CARDINAL
1135,澳洲,GPE
1135,古巴,GPE
1135,古巴義大利,GPE
1135,台灣,GPE
1135,義大利,GPE
1135,古巴,GPE
1136,張育成,PERSON
1136,新聞雲,ORG
1136,王真魚,PERSON
1136,台中,GPE
1136,今天,DATE
1136,義大利古巴,GPE
1136,中華隊,GPE
1136,張育成,PERSON
1136,張育成,PERSON
1136,中華隊,ORG
1136,中華隊,GPE
1136,巴拿馬,GPE
1136,張育成,PERSON
1136,中華隊,ORG
1136,義大利,GPE
1136,張育成,PERSON
1136,伍茲,PERSON
1136,英里,QUANTITY
1136,兩,CARDINAL
1136,中華隊,ORG
1136,日,GPE
1136,荷蘭隊,ORG
1136,張育成,PERSON
1136,今天,DATE
1136,巴,GPE
1136,中華隊,ORG
1136,義大利荷蘭,GPE
1136,兩,CARDINAL
1136,古巴巴拿馬,PERSON
1136,義大利,GPE
1136,古巴,GPE
1136,今天,DATE
1136,義大利古巴,GPE
1136,台灣,GPE
1137,安安,PERSON
1137,年後,DATE
1137,年後,DATE
1137,兩,CARDINAL
1138,王真魚,PERSON
1138,台中,GPE
1138,義大利古巴,GPE
1138,台灣,GPE
1138,義大利,GPE
1138,哈維,PERSON
1138,先發局,ORG
1138,義大利,GPE
1138,荷蘭,GPE
1138,中華隊,ORG
1138,哈維,PERSON
1138,今天,DATE
1138,荷蘭,GPE
1138,川普,PERSON
1138,義大利局,ORG
1138,荷蘭,GPE
1138,博森博克,PERSON
1138,柏格茲,PERSON
1138,義大利,GPE
1138,拉索薩,PERSON
1138,路拉宮,FAC
1138,義大利,GPE
1138,佛里力克,GPE
1138,義大利,GPE
1138,古巴,GPE
1138,下午,TIME
1138,中華隊,GPE
1138,義大利古巴,GPE
1138,中華隊,ORG
1139,中華隊,ORG
1139,臺灣,GPE
1139,今天,DATE
1139,古巴,GPE
1139,東京,GPE
1139,臺灣,GPE
1139,臺灣,GPE
1140,世界棒球經典賽,EVENT
1140,台灣,GPE
1140,中國,GPE
1140,中國,GPE
1140,日本,GPE
1140,日貨,NORP
1141,國防部長,ORG
1141,當年,DATE
1141,台灣,NORP
1142,聯合報,WORK_OF_ART
1142,陳宛晶,PERSON
1142,今天,DATE
1142,張育成,PERSON
1142,中華隊,ORG
1142,巴拿馬,GPE
1142,義大利,GPE
1142,荷,GPE
1142,古巴隊,ORG
1142,中華隊,ORG
1142,古巴義大利,GPE
1142,東京,GPE
1142,荷蘭巴拿馬,GPE
1142,第第,ORDINAL
1142,張育成,PERSON
1142,義大利,GPE
1142,兩,CARDINAL
1142,荷蘭,GPE
1143,呂晏慈,PERSON
1143,台灣,GPE
1143,游錫堃,PERSON
1143,世界棒球經典賽,EVENT
1143,中華隊,GPE
1143,中午,TIME
1143,古巴隊,GPE
1143,立法院長,ORG
1143,游錫堃,PERSON
1143,台灣,GPE
1143,這幾天,DATE
1143,台灣,GPE
1143,台灣,GPE
1143,游錫堃,PERSON
1143,今天,DATE
1143,立法院,ORG
1143,旅美,GPE
1143,張育成,PERSON
1143,中華隊,ORG
1143,今日,DATE
1143,中華隊,ORG
1143,台灣,GPE
1143,世界棒球經典賽,EVENT
1143,台灣隊,GPE
1143,台灣隊,ORG
1143,這幾天,DATE
1143,游錫堃,PERSON
1143,台灣,GPE
1143,台灣隊,ORG
1143,台灣,GPE
1144,這幾天,DATE
1144,台灣,GPE
1144,台,GPE
1144,國家隊,ORG
1144,邦龍鋼,PERSON
1144,八,CARDINAL
1144,澳洲,GPE
1144,邁阿密,GPE
1144,大谷,PERSON
1144,日本,GPE
1144,台灣代表隊,ORG
1144,阿成,PERSON
1144,三,CARDINAL
1144,小哲源,PERSON
1144,呂寶,PERSON
1144,海盜王,PERSON
1144,四,ORDINAL
1144,阿坤,PERSON
1145,中華隊,ORG
1145,晚接午,TIME
1145,悍創,PERSON
1145,兩,CARDINAL
1145,柯振中,PERSON
1145,中華隊,ORG
1145,晚接午,TIME
1145,黃暐瀚,PERSON
1145,悍創,ORG
1145,高偉凱,PERSON
1145,高偉凱,PERSON
1145,黃暐瀚,PERSON
1145,台灣,GPE
1145,黃暐瀚,PERSON
1145,中華隊,ORG
1145,晚上,TIME
1145,高偉凱,PERSON
1145,第原,ORDINAL
1145,第二,ORDINAL
1145,台灣,GPE
1145,黃暐瀚,PERSON
1145,晚間,TIME
1145,中午,TIME
1145,古巴,GPE
1145,禮拜六晚上點,TIME
1145,第二天中午點,TIME
1145,古巴,GPE
1145,古巴,GPE
1145,中華隊,ORG
1145,晚間,TIME
1145,中午,TIME
1145,黃暐瀚,PERSON
1145,高偉凱,PERSON
1145,大聯盟,ORG
1145,台灣,GPE
1145,黃暐瀚,PERSON
1145,中華隊,ORG
1145,巴拿馬義大利,GPE
1145,古巴,GPE
1145,荷蘭,GPE
1145,荷蘭,GPE
1145,高偉凱,PERSON
1145,台灣,NORP
1145,中華,GPE
1145,國聯,ORG
1145,黃暐瀚,PERSON
