system_id,word,pos
1,不,D
1,是,SHI
1,啊,T
1,你,Nh
1,要不要,D
1,先,D
1,看下,VC
1,售,VD
1,票,Na
1,狀況,Na
1,啊,T
1,最,Dfa
1,貴,VH
1,的,DE
1,張內野,Nb
1,最,Dfa
1,便宜,VH
1,的,DE
1,連,Nb
1,外野,Nc
1,都,D
1,賣,VD
1,結果,Dk
1,四,Neu
1,場,Nf
1,中華隊,Na
1,的,DE
1,賽事,Na
1,都,D
1,幾乎,Da
1,售完,VD
1,了,Di
1,可以,D
1,容納,VJ
1,兩萬,Neu
1,人,Na
1,的,DE
1,洲際,Nc
1,這樣,VH
1,還,D
1,算,VG
1,過氣,VH
1,嗎,T
1,沒,VJ
1,熱度,Na
1,黃牛掃,Nb
1,幹嘛,VA
2,是,SHI
2,就,D
2,在,P
2,今天,Nd
2,眾所矚目,VH
2,的,DE
2,地區,Nc
2,分組賽,Na
2,就,D
2,在,P
2,今天,Nd
2,/,FW
2,號,Na
2,即將,D
2,登場,VA
2,我們,Nh
2,台灣,Nc
2,新聞界,Nc
2,的,DE
2,憲哥,Nb
2,兼,VG
2,熱鬧,VH
2,又,D
2,熱血,Na
2,主播,Na
2,丁元凱,Nb
2,預告,VE
2,將,D
2,會,D
2,組成,VG
2,轉播,VC
2,五月,Nd
2,天,Na
2,在,P
2,這,Nep
2,次,Nf
2,賽事,Na
2,中,Ng
2,服務,VC
2,廣大,VH
2,的,DE
2,球迷,Na
2,與,Caa
2,鄉民,Na
2,起,VC
2,幫,P
2,中華隊,Na
2,加油,VB
2,加油,VB
2,///,FW
2,曾,D
2,獲得,VJ
2,老闆,Na
2,賞識,VJ
2,的,DE
2,熱血,Na
2,主播,Na
2,讓,VL
2,小弟,Na
2,不經,VH
2,也,D
2,拭目以待,VA
2,///,FW
2,有,V_2
2,沒,D
2,有,V_2
2,台灣,Nc
2,超,VJ
2,熱血,Na
2,丁丁,Nb
2,主播,Na
2,即將,D
2,為,VG
2,活躍,VH
2,於,P
2,這,Nep
2,次,Nf
2,賽事,Na
2,的,DE
2,瓜,Na
2,啊,T
2,///,FW
2,///,FW
3,剛好,VH
3,想到,VE
3,今天,Nd
3,經典賽,Na
3,開打,VH
3,想當然,D
3,而,Cbb
3,經典賽,Na
3,例行,A
3,的,DE
3,鍋貼,Na
3,想必,D
3,又,D
3,要,D
3,上演,VAC
3,看來,D
3,免不了,D
3,要,D
3,準備,VF
3,抓,VC
3,戰犯,Na
3,了,T
3,等等,Cab
3,來,D
3,看,VE
3,如何,D
4,備註,VE
4,請,VF
4,放,VC
4,最後,Nd
4,面違,VC
4,者,Na
4,新聞,Na
4,文章,Na
4,刪除,VC
4,媒體,Na
4,來源,Na
4,東森,Nc
4,新聞,Na
4,記者,Na
4,署名,VC
4,責任,Na
4,編輯,Na
4,張祐寧,Nb
4,完整,VH
4,新聞,Na
4,標題,Na
4,經典賽,Na
4,林襄,Nb
4,高清,A
4,特寫,Na
4,照,P
4,曝光網,Na
4,緊盯,VC
4,部位,Na
4,超美,Nb
4,完整,VH
4,新聞,Na
4,內文,Na
4,被,P
4,網友,Na
4,封為,VG
4,流量,Na
4,密碼,Na
4,的,DE
4,林襄,Nb
4,，,COMMACATEGORY
4,任職,VG
4,於,P
4,中職,Na
4,樂天桃猿,Nb
4,啦啦隊,Na
4,成員,Na
4,，,COMMACATEGORY
4,擁有,VJ
4,天使,Na
4,臉蛋,Na
4,魔鬼,Na
4,身材,Na
4,，,COMMACATEGORY
4,成為,VG
4,新代,A
4,女神,Na
4,，,COMMACATEGORY
4,在,P
4,台,Nc
4,日,Nc
4,兩,Neu
4,地,Na
4,有,V_2
4,票,Na
4,死忠,VH
4,粉絲,Na
4,近日,Nd
4,林襄,Nb
4,曬出,VJ
4,身穿,VJ
4,中華,Nc
4,啦啦隊,Na
4,應,D
4,援服,VC
4,的,DE
4,高清,A
4,美照,Na
4,以及,Caa
4,熱舞,Na
4,影片,Na
4,，,COMMACATEGORY
4,好,VH
4,身材,Na
4,讓,VL
4,粉絲,Na
4,大飽眼福,VH
4,之外,Ng
4,，,COMMACATEGORY
4,身體,Na
4,部位,Na
4,也,D
4,讓,VL
4,大家,Nh
4,歪樓,VA
4,狂讚,VE
4,林襄,Nb
4,被,P
4,選進,VC
4,年,Nf
4,世界,Nc
4,棒球,Na
4,經典賽,Na
4,擔任,VG
4,經典,Na
4,女孩,Na
4,，,COMMACATEGORY
4,這,Nep
4,幾,Neu
4,天,Nf
4,也,D
4,常常,D
4,身穿,VJ
4,隊服,Na
4,現身,VA
4,，,COMMACATEGORY
4,近日,Nd
4,她,Nh
4,在,P
4,分享,VJ
4,系列,Na
4,高清,Na
4,特寫照,Na
4,，,COMMACATEGORY
4,只,Da
4,見,VE
4,中華隊,Na
4,服裝,Na
4,整體,Na
4,以,P
4,國旗,Na
4,配色,VA
4,為主,VI
4,，,COMMACATEGORY
4,照片,Na
4,中,Ng
4,林襄,Nb
4,不斷,D
4,對著,P
4,鏡頭,Na
4,互動,VA
4,，,COMMACATEGORY
4,下,Ncd
4,對著,P
4,前方,Ncd
4,比,VC
4,，,COMMACATEGORY
4,下,Ncd
4,比出,VC
4,手指,Na
4,愛心,Na
4,，,COMMACATEGORY
4,張宛如,Nb
4,芭比,Nb
4,的,DE
4,精緻,VH
4,臉龐,Na
4,，,COMMACATEGORY
4,加上,Cbb
4,親民,VH
4,無距離感,VH
4,的,DE
4,模樣,Na
4,，,COMMACATEGORY
4,下子,Na
4,就,D
4,吸引,VJ
4,萬,Neu
4,人,Na
4,狂讚,VC
4,值得,VH
4,注意,VK
4,的,DE
4,是,SHI
4,，,COMMACATEGORY
4,有,V_2
4,幾,Neu
4,張,Nf
4,照片,Na
4,舉起,VC
4,手,Na
4,來,D
4,比出,VC
4,，,COMMACATEGORY
4,因為,Cbb
4,無,VJ
4,袖,Na
4,的,DE
4,關係,Na
4,，,COMMACATEGORY
4,意外,VK
4,讓,VL
4,無,VJ
4,毛,Na
4,部位,Na
4,曝光,VH
4,，,COMMACATEGORY
4,就,D
4,有,V_2
4,網友,Na
4,大讚,VC
4,腋,Na
4,下,Ncd
4,超美,VH
4,，,COMMACATEGORY
4,其他,Neqa
4,網友,Na
4,看,VC
4,了,Di
4,紛紛,D
4,笑翻,VC
4,而,Cbb
4,林襄,Nb
4,昨日,Nd
4,也,D
4,上,VCL
4,傳段,Na
4,替,P
4,台灣隊,Na
4,應援,VC
4,的,DE
4,影片,Na
4,，,COMMACATEGORY
4,短短,VH
4,天,Na
4,的,DE
4,時間,Na
4,，,COMMACATEGORY
4,就,D
4,有,V_2
4,萬,Neu
4,人,Na
4,按讚,VA
4,，,COMMACATEGORY
4,網友,Na
4,看,VC
4,了,Di
4,不禁,VL
4,留言,VA
4,誇讚,VC
4,，,COMMACATEGORY
4,長髮,Na
4,飄逸,VH
4,短短,VH
4,個,Di
4,影片,Na
4,我,Nh
4,打算,VF
4,看,VC
4,三,Neu
4,小時,Na
4,髮質,Na
4,好好,VH
4,天使,Na
4,般,Ng
4,的,DE
4,笑容,Na
4,女神,Na
4,超正,Na
4,真的,D
4,好,Dfa
4,想,VE
4,去,VCL
4,現場,Nc
4,看,VC
4,妳,Nh
4,完整,VH
4,新聞,Na
4,連結,VC
4,或,Caa
4,短,VH
4,網址,Na
4,不可,D
4,用,VC
4,等,Cab
4,轉載,VC
4,媒體,Na
4,///,FW
4,備註,VE
5,如,P
5,題,Na
5,，,COMMACATEGORY
5,抬頭,VA
5,晚餐,Na
5,肥肥,VH
5,朋友,Na
5,說,VE
5,他,Nh
5,跟,P
5,人,Na
5,約好,VE
5,要,D
5,去,VCL
5,南港,Nc
5,看,VC
5,大,VH
5,螢幕,Na
5,中華,Nc
5,巴拿馬,Nc
5,轉播,VC
5,，,COMMACATEGORY
5,只是,Cbb
5,還,D
5,沒想好,VE
5,該,D
5,吃,VC
5,什麼,Nep
5,配,VC
5,球賽,Na
5,，,COMMACATEGORY
5,我,Nh
5,也,D
5,不,D
5,是,SHI
5,很,Dfa
5,清楚,VH
5,南港,Nc
5,有,V_2
5,什麼,Nep
5,吃,VC
5,的,DE
5,大家,Nh
5,有,V_2
5,推薦,VC
5,吃,VC
5,什麼,Nep
5,嗎,T
5,有,V_2
5,沒,D
5,有,V_2
5,八卦,Na
6,媒體,Na
6,來源,Na
6,聯合,VC
6,記者,Na
6,署名,VC
6,陳秋雲,Nb
6,完整,VH
6,新聞,Na
6,標題,Na
6,李維拉,Nb
6,獲頒,VJ
6,台中,Nc
6,榮譽,Na
6,市民,Na
6,第,Neu
6,次,Nf
6,喝,VC
6,珍奶,Na
6,端,VC
6,杯,Nf
6,差點,D
6,鬥雞眼,Na
6,完整,VH
6,新聞,Na
6,內文,Na
6,世界,Nc
6,棒球,Na
6,經典,Na
6,賽組,Na
6,預賽,Na
6,今天,Nd
6,在,P
6,台中,Nc
6,開打,VH
6,，,COMMACATEGORY
6,美國,Nc
6,職棒,Na
6,名人堂,Nc
6,球星,Na
6,李維拉拉,Nb
6,開球,VA
6,，,COMMACATEGORY
6,台中,Nc
6,市長,Na
6,盧秀燕,Nb
6,昨,Nd
6,宴請,VC
6,並,Cbb
6,頒發,VD
6,榮譽,Na
6,市民,Na
6,證書,Na
6,，,COMMACATEGORY
6,表達,VC
6,禮遇,VC
6,與,Caa
6,歡迎,VJ
6,李維拉,Nb
6,是,SHI
6,第,Neu
6,位,Nf
6,全票,Na
6,通過,VC
6,入選,VJ
6,美國,Nc
6,職棒,Na
6,大聯盟,Na
6,名人堂,Nc
6,的,DE
6,球星,Na
6,，,COMMACATEGORY
6,台中市,Nc
6,政府,Na
6,特別,VH
6,頒發,VD
6,榮譽,Na
6,市民,Na
6,證書,Na
6,及,Caa
6,獎章,Na
6,台中,Nc
6,市長,Na
6,盧秀燕,Nb
6,熱情,VH
6,迎接,VC
6,李維拉,Nb
6,到來,VA
6,，,COMMACATEGORY
6,準備,VF
6,充滿,VJ
6,台灣味,Na
6,的,DE
6,棒球,Na
6,九,Neu
6,宮格,Na
6,水果,Na
6,禮盒,Na
6,，,COMMACATEGORY
6,介紹樣,Na
6,台中,Nc
6,等,Cab
6,地,Nc
6,盛產,VC
6,的,DE
6,水果,Na
6,，,COMMACATEGORY
6,包括,VK
6,東勢,Nc
6,茂谷柑太平,Nb
6,枇杷,Na
6,外埔,Nc
6,火龍果新社,Nc
6,葡萄,Na
6,等,Cab
6,李維拉,Nb
6,品嘗,VC
6,後,Ng
6,表示,VE
6,，,COMMACATEGORY
6,很,Dfa
6,高興,VK
6,有,V_2
6,機會次,Na
6,吃到,VC
6,這麼多,Neqa
6,美味,VH
6,的,DE
6,水果,Na
6,，,COMMACATEGORY
6,過去,Nd
6,沒,D
6,吃,VC
6,過,Di
6,批,VC
6,杷,Na
6,與,Caa
6,釋迦,Nb
6,，,COMMACATEGORY
6,感覺,VK
6,口味,Na
6,獨特,VH
6,新奇,VH
6,，,COMMACATEGORY
6,最,Dfa
6,喜歡,VK
6,的,DE
6,是,SHI
6,火龍果,Na
6,盧秀燕,Nb
6,介紹,VE
6,台中,Nc
6,是,SHI
6,珍珠,Na
6,奶茶,Na
6,的,DE
6,發源地,Nc
6,，,COMMACATEGORY
6,李維拉,Nb
6,首次,D
6,品嘗,VC
6,，,COMMACATEGORY
6,好奇,VH
6,舉杯,VA
6,端詳,VC
6,另,Cbb
6,致贈,VD
6,湖心亭,Nc
6,漆藝,Na
6,餅盒,Na
6,台中,Nc
6,太平,VH
6,藍染,VC
6,領帶,Na
6,及,Caa
6,絲巾,Na
6,，,COMMACATEGORY
6,獨特,VH
6,風格,Na
6,的,DE
6,客家,Na
6,手工,Na
6,藍染,VC
6,作品,Na
6,完整,VH
6,新聞,Na
6,連結,VC
6,或,Caa
6,短,VH
6,網址,Na
6,不可,D
6,用,VC
6,等,Cab
6,轉載,VC
6,媒體,Na
6,//////,FW
6,備,VC
6,註,Na
6,讚,VC
6,啦,T
6,，,COMMACATEGORY
6,李家,Nb
6,之,DE
6,光,Na
7,不然,Cbb
7,悍創,Nb
7,幹嘛,D
7,排假日,Nd
7,連賽,Na
7,老闆,Na
7,，,COMMACATEGORY
7,這,Nep
7,次,Nf
7,中華隊,Na
7,有,V_2
7,地主,Na
7,優勢,Na
7,，,COMMACATEGORY
7,我們,Nh
7,排隔,VC
7,天休,Na
7,，,COMMACATEGORY
7,讓,VL
7,中華隊,Na
7,養精蓄銳,VA
7,，,COMMACATEGORY
7,用,P
7,最,Dfa
7,好,VH
7,的,DE
7,狀態,Na
7,去,D
7,面對,VC
7,比賽,Na
7,嗯,I
7,，,COMMACATEGORY
7,那,Nep
7,中華隊,Na
7,會,D
7,贏,VD
7,嗎,T
7,好,VH
7,的,DE
7,老闆,Na
7,，,COMMACATEGORY
7,就,P
7,排假日,Nd
7,晚午場,Nc
8,辦到,VE
8,現在,Nd
8,中華隊,Na
8,只,Da
8,停留,VA
8,在,P
8,東京,Nc
8,我,Nh
8,記得,VK
8,有,V_2
8,屆,Nf
8,王建民,Nb
8,血洗,VC
8,日本,Nc
8,讓,VL
8,日本,Nc
8,掛,VC
8,蛋,Na
8,如果,Cbb
8,再,D
8,讓,VL
8,王建民,Nb
8,投滿,VC
8,九,Neu
8,局,Nf
8,日本,Nc
8,大概,D
8,會,D
8,輸,VD
8,了,Di
8,這,Nep
8,屆,Nf
8,會不會,D
8,是,SHI
8,最,Dfa
8,接近,VH
8,去,VCL
8,美國,Nc
8,的,DE
8,屆,VJ
9,今晚,Nd
9,巴拿馬,Nc
9,我們,Nh
9,中華隊,Na
9,同事,Na
9,早上,Nd
9,叫,VF
9,我,Nh
9,歐印,Nb
9,巴拿馬,Nc
9,除了,P
9,身,Na
9,上,Ncd
9,的,DE
9,現金,Na
9,我,Nh
9,還,D
9,打算,VF
9,拿,VC
9,信用卡,Na
9,預借,VD
9,現金,Na
9,你們,Nh
9,各位,Nh
9,晚上,Nd
9,鍋貼,Na
9,吃,VC
9,好吃,VH
9,滿,Dfa
10,米納桑,Nb
10,空巴哇,I
10,我,Nh
10,破壞,VC
10,王,Nb
10,啦,T
10,破壞,VC
10,王日,Nb
10,球迷,Na
10,在,P
10,看,VC
10,轉播,VC
10,那,Nep
10,個,Nf
10,背景,Na
10,音,Na
10,過,VCL
10,個人,Nh
10,就,D
10,在,P
10,那邊,Ncd
10,叭叭,D
10,叭叭,D
10,叭叭叭,D
10,洗勒叭,Na
10,三,Neu
10,小,VH
10,你,Nh
10,在,P
10,叭,D
10,看看,Di
10,林北,Nb
10,等等,Cab
10,就,D
10,去,VCL
10,吧,T
10,你,Nh
10,的,DE
10,汽笛,Na
10,折斷,VC
10,耖,Na
11,世界,Nc
11,第二,Neu
11,歷史,Na
11,最,Dfa
11,強,VH
11,中華隊,Na
11,派出,VC
11,強投豪,Nb
11,打,VC
11,反觀,VC
11,對面,Ncd
11,笑死,VHC
11,巴拿馬,Nc
11,是,SHI
11,什麼,Nep
11,棒球,Na
11,鳥國,Nc
11,啦,T
11,中華隊,Na
11,隨便,VH
11,都,D
11,能,D
11,虐,VC
11,十,Neu
11,分,Nf
11,以上,Ng
11,我,Nh
11,想不,Dk
11,到,P
11,中華隊,Na
11,今晚,Nd
11,要,D
11,怎麼,D
11,輸,VD
12,魯題,Na
12,小弟,Na
12,再,D
12,看,VC
12,開幕戰,Na
12,洲際,Nc
12,球場,Nc
12,本壘,Na
12,後方,Ncd
12,都,D
12,是,SHI
12,統,VHC
12,的,DE
12,廣告,Na
12,，,COMMACATEGORY
12,這,Nep
12,效益,Na
12,也,D
12,太,Dfa
12,高,VH
12,了,T
12,吧,T
12,是,SHI
12,不,D
12,是,SHI
12,統麵,Na
12,賺爛,VC
12,了,Di
13,阿肥,Nb
13,要,D
13,看,VC
13,世界,Nc
13,棒球,Na
13,經典賽,Na
13,啦,T
13,大,VH
13,冰奶,Na
13,已經,D
13,準備好,VC
13,了,Di
13,感覺,VK
13,還,D
13,要,D
13,吃,VC
13,點,Nf
13,什麼,Nep
13,有,V_2
13,推薦,VC
13,的,DE
13,嗎,T
14,///,FW
14,棒球賽,Na
14,今天,Nd
14,古巴,Nc
14,對,P
14,荷蘭,Nc
14,現場,Nc
14,怎麼,D
14,堆,VC
14,國中生,Na
14,穿,VC
14,校服,Na
14,來,D
14,看,VC
14,也,D
14,不,D
14,是,SHI
14,棒球隊,Na
14,的,DE
14,感覺,VK
14,像是,SHI
14,校,Nc
14,外,Ncd
14,教學,VA
14,湊,VC
14,人數,Na
14,有,V_2
14,沒,D
14,有,V_2
14,卦,Na
15,三,Neu
15,個,Nf
15,月,Na
15,前世,Na
15,足看,VC
15,華視,Nc
15,娛樂城,Nc
15,廣告,Na
15,買好,VC
15,買滿,VC
15,王識賢,Nb
15,瘋狂,VH
15,預測,VE
15,勝負,Na
15,現在,Nd
15,世棒,Na
15,經典賽,Na
15,剛,D
15,注意,VK
15,了,Di
15,東森,Nc
15,三,Neu
15,檔局,Nc
15,間,Ncd
15,廣告,Na
15,竟然,D
15,都,D
15,沒有,VJ
15,任何,Neqa
15,娛樂城,Nc
15,出來,VA
15,是,SHI
15,政府,Na
15,下令,VE
15,博奕,Na
15,園區,Nc
15,不能,D
15,開,VC
15,預測,Na
15,嗎,T
15,還是,D
15,等,P
15,晚場,Na
15,中華隊,Na
15,比賽,Na
15,就,D
15,會,D
15,冒出來,VA
15,有迷,Na
15,有,V_2
15,娛樂城,Nc
15,的,DE
15,會員,Na
15,可以,D
15,講,VE
15,下,Ng
16,媒體,Na
16,來源,Na
16,聯合報,Nb
16,記者,Na
16,署名,VC
16,游振昇,Nb
16,完整,VH
16,新聞,Na
16,標題,Na
16,名人堂,Nc
16,球星,Na
16,李維拉,Nb
16,現身,VA
16,大甲,Nc
16,鎮瀾宮,Nc
16,球迷,Na
16,追星,VA
16,瘋狂,VH
16,完整,VH
16,新聞,Na
16,內文,Na
16,年,Nf
16,世界,Nc
16,棒球,Na
16,經典,Na
16,賽組,Na
16,預賽,Na
16,今晚,Nd
16,在,P
16,台中,Nc
16,洲際,Nc
16,棒球場,Nc
16,開打,VH
16,，,COMMACATEGORY
16,美國,Nc
16,職棒,Na
16,名人堂,Nc
16,球星,Na
16,洋基隊,Nb
16,退役,VH
16,傳奇,Na
16,守護神,Na
16,李維拉,Nb
16,將,D
16,擔任,VG
16,開幕戰,Na
16,開球,VA
16,嘉賓,Na
16,，,COMMACATEGORY
16,他,Nh
16,今天,Nd
16,中午,Nd
16,出現,VH
16,在,P
16,大甲,Nc
16,鎮瀾宮,Nc
16,，,COMMACATEGORY
16,眼尖,VH
16,球迷,Na
16,看,VC
16,到,VCL
16,後,Ng
16,瘋狂,VH
16,追星,VA
16,，,COMMACATEGORY
16,現場片,Na
16,騷動,VA
16,，,COMMACATEGORY
16,還,D
16,有,V_2
16,球迷,Na
16,興奮,VH
16,差點,D
16,跌倒,VA
16,美國,Nc
16,職棒,Na
16,名人堂,Nc
16,球星,Na
16,洋基隊,Nb
16,退役,VH
16,傳奇,Na
16,守護神,Na
16,李維拉,Nb
16,，,COMMACATEGORY
16,今天,Nd
16,和,P
16,王建民,Nb
16,相,D
16,見,VE
16,歡,VH
16,後,Ng
16,行程,Na
16,滿檔,VH
16,，,COMMACATEGORY
16,中午,Nd
16,出現,VH
16,在,P
16,大甲,Nc
16,鎮瀾宮,Nc
16,，,COMMACATEGORY
16,他,Nh
16,在,P
16,門口,Nc
16,下車,VA
16,，,COMMACATEGORY
16,立刻,D
16,被,P
16,球迷,Na
16,發現,VE
16,追上,VC
16,，,COMMACATEGORY
16,他,Nh
16,先,D
16,到,VCL
16,廟,Na
16,內,Ncd
16,參觀,VC
16,，,COMMACATEGORY
16,並,Cbb
16,參拜,VC
16,媽祖,Nb
16,等,Cab
16,神明,Na
16,大甲,Nc
16,鎮瀾宮,Nc
16,副董事長,Na
16,鄭銘坤,Nb
16,引導,VC
16,解說,VC
16,，,COMMACATEGORY
16,很多,Neqa
16,民眾,Na
16,爭,VC
16,著,Di
16,想,VE
16,跟,P
16,李維拉,Nb
16,握手,VA
16,拍照,VB
16,，,COMMACATEGORY
16,他,Nh
16,親切,VH
16,與,Caa
16,民眾,Na
16,合影,VA
16,，,COMMACATEGORY
16,還,D
16,有,V_2
16,國小,Nc
16,的,DE
16,棒球,Na
16,隊員,Na
16,開心,VH
16,和,Caa
16,偶像,Na
16,合照,VA
16,美國,Nc
16,職棒,Na
16,大聯盟,Na
16,，,COMMACATEGORY
16,簡稱,VG
16,名人堂,Nc
16,球星,Na
16,紐約,Nc
16,洋基,Nb
16,守護神,Na
16,李,Nb
16,維拉,Nb
16,昨天,Nd
16,在,P
16,台北市,Nc
16,南港區,Nc
16,中國,Nc
16,信託,A
16,金融,Na
16,園區,Nc
16,參加,VC
16,李維拉,Nb
16,名人,Na
16,分享會,Na
16,，,COMMACATEGORY
16,解密,VB
16,棒球場,Nc
16,上,Ncd
16,戰功,Na
16,彪炳,VH
16,的,DE
16,傳奇,Na
16,生涯,Na
16,，,COMMACATEGORY
16,中國,Nc
16,信託,A
16,商業,Na
16,銀行,Nc
16,與,Caa
16,中華民國,Nc
16,棒球,Na
16,協會,Nc
16,攜手,D
16,，,COMMACATEGORY
16,邀請,VC
16,各,Nes
16,級,Na
16,棒球,Na
16,教練,Na
16,選手,Na
16,及,Caa
16,相關,VH
16,從業,VB
16,人員,Na
16,約,VC
16,人,Na
16,與會,VA
16,完整,VH
16,新聞,Na
16,連結,VC
16,或,Caa
16,短,VH
16,網址,Na
16,不可,D
16,用,VC
16,等,Cab
16,轉載,VC
16,媒體,Na
16,//////,FW
16,備註,VE
17,小魯,Nb
17,高雄,Nc
17,處,Nc
17,辣,VH
17,全球,Nc
17,億,Neu
17,人口,Na
17,期待,VK
17,的,DE
17,正式,VH
17,開打,VH
17,晚上,Nd
17,中華隊,Na
17,要,D
17,強,VH
17,碰,VC
17,巴拿馬,Nc
17,運彩,VA
17,賠率,Na
17,中華,Nc
17,不,D
17,讓,VL
17,分,VC
17,等於,VG
17,下,Nes
17,間,Nf
17,房,Na
17,會,D
17,變,VH
17,間,Ng
17,拿去,VC
17,弄,VC
17,個,Di
17,娛樂室,Nc
17,或者,Caa
17,儲藏室,Nc
17,都,D
17,划算,VH
17,吧,T
17,如果,Cbb
17,坪,Nf
17,去,D
17,算,VE
17,也,D
17,有,V_2
17,坪,Nf
17,耶,T
17,有沒有,D
17,今晚,Nd
17,根本,D
17,讓,VL
17,人,Na
17,翻身,VA
17,的,DE
17,晚,VH
17,運,VC
17,彩光,Na
17,賠,VD
17,這,Nep
17,爛賠率,Na
17,也,D
17,會,D
17,賠到,VD
17,破產,VH
17,吧,T
17,有,V_2
17,沒,D
17,有,V_2
17,八卦,Na
18,經典賽,Na
18,第,Neu
18,場,Nf
18,荷蘭路,Nc
18,壓,VC
18,著,Di
18,古巴,Nc
18,打,VC
18,，,COMMACATEGORY
18,古巴,Nc
18,只有,D
18,支,VC
18,安打,Na
18,最後,Nd
18,荷蘭,Nc
18,擊敗,VC
18,古巴,Nc
18,晚場,Na
18,中華隊,Na
18,，,COMMACATEGORY
18,大家,Nh
18,幫,P
18,中華隊,Na
18,集氣,VA
18,加油,VB
19,世界,Nc
19,棒球,Na
19,經典賽,Na
19,，,COMMACATEGORY
19,怎麼,D
19,感覺,VK
19,沒有,VJ
19,世足,Nb
19,熱鬧,VH
19,，,COMMACATEGORY
19,相比,VB
19,之下,Ng
19,，,COMMACATEGORY
19,棒球,Na
19,有點,Dfa
19,像,VG
19,是,SHI
19,個,Nf
19,小,VH
19,圈圈,Na
19,在,P
19,那邊,Ncd
19,自,P
19,，,COMMACATEGORY
19,究竟,D
19,兩,Neu
19,大,VH
19,賽事,Na
19,差距,Na
19,有,V_2
19,多,Dfa
19,大,VH
19,呢,T
19,而且,Cbb
19,大聯盟,Na
19,感覺,VK
19,對,P
19,經典賽,Na
19,有,V_2
19,沒,D
19,很,Dfa
19,重視,VJ
19,，,COMMACATEGORY
19,很多,Neqa
19,明星,Na
19,球員,Na
19,不,D
19,打,VC
19,，,COMMACATEGORY
19,不,D
19,像,VG
19,世足賽,Nb
19,各,Nes
19,大,VH
19,球星,Na
19,爭相,D
19,參加,VC
19,，,COMMACATEGORY
19,感覺,VK
19,為,P
19,國家,Na
19,拿到,VC
19,大力,D
19,神杯,Na
19,無上,A
19,光榮,VH
19,啊,T
19,，,COMMACATEGORY
19,覺得,VK
19,有點,Dfa
19,空虛,VH
19,啊,T
20,各位,Nh
20,八卦,Na
20,肥宅,VH
20,瘦宅,Nc
20,下午,Nd
20,好,VH
20,現在,Nd
20,人,Na
20,在,P
20,星巴克,Nb
20,等,VC
20,著,Di
20,進,VCL
20,洲際,Nc
20,看,VC
20,是,SHI
20,不,D
20,是,SHI
20,很,Dfa
20,潮,VH
20,啊,T
20,啊,T
20,啊,T
20,///,FW
21,晚上,Nd
21,中華隊,Na
21,首,Nes
21,戰,Na
21,要,D
21,對上,VC
21,巴拿馬,Nc
21,我們,Nh
21,是,SHI
21,世界,Nc
21,排名,VG
21,第二,Neu
21,陣,Na
21,中,Ncd
21,還,D
21,有,V_2
21,宇宙,Na
21,無敵,VH
21,柏融,Nb
21,大王,Na
21,加上,Cbb
21,史,Na
21,上,Ng
21,最,Dfa
21,強,VH
21,的,DE
21,守護神,Na
21,里維拉,Nb
21,的,DE
21,前,Nes
21,隊友,Na
21,大樹哥,Na
21,的,DE
21,建仔,Nb
21,坐鎮,VCL
21,牛棚,Na
21,教練,Na
21,最,Dfa
21,重要,VH
21,的,DE
21,是,SHI
21,，,COMMACATEGORY
21,板上,Nc
21,鄉民,Na
21,都,D
21,跟,P
21,巴拿馬,Nc
21,總統,Na
21,有,V_2
21,些,Nf
21,交情,Na
21,這樣,VH
21,的,DE
21,組合,Na
21,應該,D
21,超穩,VH
21,的,T
21,吧,T
22,小魯周,Nb
22,遭,P
22,同事,Na
22,朋友圈,Na
22,完全,D
22,沒,VJ
22,人,Na
22,在,P
22,關心,VK
22,很多,Neqa
22,人,Na
22,聽到,VE
22,我,Nh
22,講,VE
22,才,Da
22,知道,VK
22,有,V_2
22,這,Nep
22,個,Nf
22,比賽,Na
22,然後,D
22,有,V_2
22,妹子,Na
22,問,VE
22,我,Nh
22,台灣隊,Na
22,有,V_2
22,誰,Nh
22,我,Nh
22,說,VE
22,那,Nep
22,個,Nf
22,二兵,Na
22,超強,VH
22,小可愛,Na
22,守備,VA
22,大聯盟,Na
22,等級,Na
22,二世,Na
22,大賽型,Na
22,人,Na
22,來,D
22,瘋,VH
22,打擊,VC
22,四冠王,Na
22,林立,VH
22,攻擊型,Na
22,捕手,Na
22,鞏冠,Nb
22,也,D
22,值得,VH
22,期待,VK
22,結果,Dk
22,對方,Nh
22,臉,Na
22,黑人,Na
22,問號,Na
22,覺得,VK
22,我,Nh
22,到底,D
22,在,P
22,供,VF
22,三,Neu
22,小,VH
22,都,D
22,年,Na
22,了,Di
22,大部份,Neqa
22,球迷,Na
22,還是,D
22,只,Da
22,知道,VK
22,鋒哥,Na
22,老王,Nb
22,欸,I
22,我,Nh
22,說,VE
22,台灣,Nc
22,國球,Na
22,不,D
22,是,SHI
22,棒球,Na
22,嗎,T
22,而且,Cbb
22,台灣,Nc
22,還是,Caa
22,主辦國,Nc
22,耶,T
22,對比,VB
22,去年,Nd
22,台灣,Nc
22,全民,Na
22,瘋,VH
22,世足,Nb
22,的,DE
22,盛況,Na
22,臉書,Na
22,堆,VC
22,妹子,Na
22,在,P
22,轉發,VD
22,梅西,Nb
22,照片,Na
22,好多,Neqa
22,人,Na
22,都,D
22,哭,VA
22,了,Di
22,我,Nh
22,還,D
22,以為,VE
22,去年,Nd
22,世足,Nb
22,冠軍,Na
22,是,SHI
22,台灣隊,Na
22,勒,VC
23,來源,Na
23,////,FW
23,經典賽,Na
23,首,D
23,戰,VC
23,巴拿馬,Nc
23,中華隊,Na
23,先發,VA
23,打線,VA
23,出爐,VH
23,王柏融,Nb
23,扛棒,VA
23,記者,Na
23,吳政紘,Nb
23,台中,Nc
23,報導,VE
23,中華隊,Na
23,先發,VA
23,打線,VA
23,棒,VH
23,鄭宗哲,Nb
23,二壘,Na
23,二棒,Na
23,林立,VH
23,三棒,Na
23,林子偉,Nb
23,右外野,Nc
23,七棒,Na
23,江坤宇,Nb
23,游擊,Na
23,八棒,Na
23,高宇杰,Nb
23,捕手,Na
23,九棒,Na
23,陳傑憲,Nb
23,中外野,Nc
23,先發,VA
23,投手,Na
23,胡智為,Nb
24,如,P
24,題,Na
24,啦,T
24,阿肥,Nb
24,晚點,Na
24,會,D
24,看,VC
24,球賽,Na
24,啦,T
24,，,COMMACATEGORY
24,想,VE
24,說,VE
24,如果,Cbb
24,中華隊,Na
24,輸球定,Na
24,會,D
24,很,Dfa
24,難過,VK
24,，,COMMACATEGORY
24,那,Dk
24,如果,Cbb
24,等等,Cab
24,先,D
24,去,D
24,買,VC
24,運彩,Na
24,買,VC
24,巴拿馬,Nc
24,贏,VD
24,球,Na
24,，,COMMACATEGORY
24,這樣,VH
24,不,D
24,就,P
24,輸贏,Na
24,都,D
24,快樂,VH
24,了,T
24,嗎,T
24,有,V_2
24,沒,D
24,有,V_2
24,中華隊,Na
24,輸贏,Na
24,都,D
24,快樂,VH
24,的,DE
24,卦,Na
24,啊,T
25,備註,VE
25,請,VF
25,放,VC
25,最後,Nd
25,面違,VC
25,者,Na
25,新聞,Na
25,文章,Na
25,刪除,VC
25,媒體,Na
25,來源,Na
25,聯合報,Nb
25,記者,Na
25,署名,VC
25,蘇志畬,Nb
25,完整,VH
25,新聞,Na
25,標題,Na
25,荷蘭,Nc
25,首,Nes
25,勝,VH
25,敲,VC
25,關鍵,Na
25,安川普,Nb
25,感謝,VK
25,阿魯巴,Nb
25,家人,Na
25,應援,VC
25,完整,VH
25,新聞,Na
25,內文,Na
25,荷蘭隊,Na
25,今天,Nd
25,在,P
25,世界,Nc
25,棒球,Na
25,經典賽,Na
25,以,P
25,擊敗,VC
25,古巴隊,Na
25,，,COMMACATEGORY
25,第,Neu
25,場,Nf
25,比賽,Na
25,就,D
25,旗開得勝,VH
25,，,COMMACATEGORY
25,捕手,Na
25,川普,Nb
25,敲出,VC
25,擴大,VC
25,領先,VJ
25,的,DE
25,關鍵,Na
25,安打,Na
25,，,COMMACATEGORY
25,他,Nh
25,感謝,VK
25,在,P
25,阿魯巴群島,Nc
25,的,DE
25,家人,Na
25,熬夜,VA
25,為,P
25,自己,Nh
25,加油,VB
25,荷蘭,Nc
25,與,Caa
25,古巴,Nc
25,前局,Nc
25,以,P
25,戰平,VH
25,，,COMMACATEGORY
25,局下,Nc
25,荷蘭,Nc
25,先,D
25,靠,VJ
25,著,Di
25,帕拉修斯,Nb
25,的,DE
25,安打,Na
25,敲,VC
25,回,VCL
25,超前,VJ
25,分,Na
25,，,COMMACATEGORY
25,接著,D
25,川普,Nb
25,在,P
25,出局,VH
25,二三壘,Na
25,有,V_2
25,人,Na
25,時,Ng
25,再,D
25,敲出,VC
25,安打,Na
25,，,COMMACATEGORY
25,帶有,VJ
25,分打點,Na
25,，,COMMACATEGORY
25,荷蘭隊,Na
25,就此,D
25,領先,VJ
25,到,P
25,最後,Nd
25,荷蘭隊,Na
25,總教練,Na
25,穆倫斯,Nb
25,表示,VE
25,，,COMMACATEGORY
25,能夠,D
25,贏下,VJ
25,第,Neu
25,場,Nf
25,比賽,Na
25,很,Dfa
25,重要,VH
25,，,COMMACATEGORY
25,球隊,Na
25,吞下,VC
25,定心丸,Na
25,，,COMMACATEGORY
25,中間,Ncd
25,遇到,VC
25,幾,Neu
25,次,Nf
25,狀況,Na
25,，,COMMACATEGORY
25,也,D
25,有,V_2
25,非常,Dfa
25,好,VH
25,的,DE
25,守備,VA
25,化險為夷,VH
25,，,COMMACATEGORY
25,幾,Neu
25,位,Nf
25,球員,Na
25,都,D
25,有,V_2
25,敲出,VC
25,安打,Na
25,，,COMMACATEGORY
25,其中,Nep
25,川普,Nb
25,那,Nep
25,支,Nf
25,安打,Na
25,很,Dfa
25,關鍵,VH
25,，,COMMACATEGORY
25,才,Da
25,能夠,D
25,拿下,VC
25,這,Nep
25,重要,VH
25,勝,VH
25,來自,VJ
25,荷屬,A
25,阿魯巴群島,Nc
25,的,DE
25,川普,Nb
25,則,D
25,說,VE
25,，,COMMACATEGORY
25,當地,Nc
25,時間,Na
25,是,SHI
25,凌晨點,Na
25,，,COMMACATEGORY
25,但,Cbb
25,全,Neqa
25,家人,Na
25,都,D
25,起為,VG
25,我,Nh
25,加油,VB
25,，,COMMACATEGORY
25,很,Dfa
25,高興,VK
25,有,V_2
25,這,Nep
25,個,Nf
25,機會,Na
25,代表,VC
25,荷蘭,Nc
25,參賽,VA
25,川普,Nb
25,也,D
25,說,VE
25,自己,Nh
25,選,VC
25,球,Na
25,不,D
25,算,VG
25,很,Dfa
25,好,VH
25,，,COMMACATEGORY
25,擊中,VC
25,球,Na
25,帶,VC
25,點,Nf
25,幸運,VH
25,成分,Na
25,，,COMMACATEGORY
25,這,Nep
25,支,Nf
25,安打,Na
25,很,Dfa
25,重要,VH
25,，,COMMACATEGORY
25,但,Cbb
25,前面,Ncd
25,的,DE
25,打者,Na
25,也,D
25,都,D
25,很,Dfa
25,重要,VH
25,，,COMMACATEGORY
25,才,Da
25,能夠,D
25,適時,D
25,得分,VH
25,荷蘭,Nc
25,先發,VA
25,投手,Na
25,布洛克,Nb
25,雖然,Cbb
25,第,Neu
25,局,Nf
25,就,D
25,投出,VC
25,次,Nf
25,四壞,VC
25,，,COMMACATEGORY
25,但,Cbb
25,最終,D
25,投完,VC
25,局,Nc
25,只,Da
25,掉分,VC
25,，,COMMACATEGORY
25,穆倫斯,Nb
25,表示,VE
25,，,COMMACATEGORY
25,對,P
25,他,Nh
25,有,V_2
25,足夠,VH
25,信任,VJ
25,，,COMMACATEGORY
25,因為,Cbb
25,用,P
25,球數,Na
25,偏,VJ
25,多所以,VH
25,比較,Dfa
25,早,D
25,退場,VA
25,，,COMMACATEGORY
25,之前,Nd
25,他,Nh
25,的,DE
25,手臂,Na
25,有些,Dfa
25,傷,VH
25,，,COMMACATEGORY
25,今天,Nd
25,對,P
25,他,Nh
25,對,P
25,我們,Nh
25,都,D
25,很,Dfa
25,重要,VH
25,，,COMMACATEGORY
25,能夠,D
25,展現,VC
25,能耐,Na
25,，,COMMACATEGORY
25,沒,D
25,想,VE
25,過,Di
25,換人,VA
25,古巴隊,Na
25,總教練,Na
25,強森,Nb
25,則,D
25,是,SHI
25,，,COMMACATEGORY
25,比賽,Na
25,過程,Na
25,很,Dfa
25,拉鋸,VA
25,，,COMMACATEGORY
25,雖然,Cbb
25,輸掉,VJ
25,比賽,Na
25,，,COMMACATEGORY
25,但,Cbb
25,不,D
25,到,P
25,警訊,VA
25,，,COMMACATEGORY
25,只,Da
25,是,SHI
25,打擊,Na
25,需要,VK
25,做,VC
25,些,Nf
25,調整,VC
25,，,COMMACATEGORY
25,比賽,Na
25,才,Da
25,剛,D
25,開始,VH
25,，,COMMACATEGORY
25,明天,Nd
25,是,SHI
25,新,VH
25,的,DE
25,天,Na
25,有,V_2
25,新,VH
25,的,DE
25,比賽,Na
25,，,COMMACATEGORY
25,切,VC
25,還,D
25,沒,D
25,結束,VHC
25,，,COMMACATEGORY
25,剩下,VJ
25,三,Neu
25,場,Nf
25,比賽,Na
25,，,COMMACATEGORY
25,每,Nes
25,場,Nf
25,都,D
25,很,Dfa
25,重要,VH
25,迪斯派,Na
25,賽,Na
25,前,Ng
25,練習,VC
25,因,Cbb
25,身體,Na
25,不適,VH
25,，,COMMACATEGORY
25,今天,Nd
25,未,D
25,能,D
25,出賽,VA
25,，,COMMACATEGORY
25,強森,Nb
25,表示,VE
25,，,COMMACATEGORY
25,在,P
25,得知,VK
25,相關,VH
25,訊息,Na
25,後,Ng
25,，,COMMACATEGORY
25,也,D
25,經過,VCL
25,醫生,Na
25,評估,VE
25,，,COMMACATEGORY
25,不,D
25,勉強,VF
25,選手,Na
25,出賽,VA
25,完整,VH
25,新聞,Na
25,連結,VC
25,或,Caa
25,短,VH
25,網址,Na
25,不可,D
25,用,VC
25,等,Cab
25,轉載,VC
25,媒體,Na
25,//////,FW
25,備註,VE
25,我,Nh
25,川威武,Nb
26,小弟,Na
26,阿球,Nb
26,啦,T
26,如,P
26,題,Na
26,等等,Cab
26,晚上,Nd
26,七點,Nd
26,中華隊,Na
26,第,Neu
26,戰,Na
26,打,VC
26,巴拿馬,Nc
26,啦,T
26,等等,Cab
26,不,D
26,知道,VK
26,該,D
26,吃,VC
26,什麼,Nep
26,配,VC
26,比賽,Na
26,能,D
26,請,VF
26,各位,Nh
26,大大,VH
26,給,VD
26,點,Nf
26,建議,Na
26,嗎,T
26,喔,I
26,對了,I
26,如果,Cbb
26,中華隊,Na
26,第,Neu
26,輪,Nf
26,全,Neqa
26,勝,VH
26,以下,Ng
26,每,D
26,推發,VC
26,發到,VCL
26,樓,Nc
26,大家,Nh
26,幫,P
26,中華隊,Na
26,加油,VB
26,賀姆賀,Nb
27,正,D
27,在,VCL
27,台中,Nc
27,洲際,Nc
27,啦,T
27,幹,I
27,，,COMMACATEGORY
27,現場,Nc
27,妹,Na
27,好多,Neqa
27,喔,T
27,堆穿,VC
27,超辣,VH
27,的,DE
27,妹,Na
27,走來走去,VA
27,現場,Nc
27,也,D
27,很多,Neqa
27,整,Neqa
27,團,Nf
27,的,DE
27,學生,Na
27,來,D
27,看,VC
27,球,Na
27,他們,Nh
27,看到,VE
27,這些,Neqa
27,妹,Na
27,，,COMMACATEGORY
27,穿,VC
27,這樣,VH
27,，,COMMACATEGORY
27,可以,VH
27,嗎,T
27,總之,Dk
27,等等,Cab
27,就,D
27,要,D
27,開打,VH
27,了,T
27,現場,Nc
27,有,V_2
27,鄉民,Na
27,要,D
27,相認,VA
27,的,T
27,嗎,T
28,新聞,Na
28,雲,VE
28,記者,Na
28,朱祖儀,Nb
28,綜合,A
28,報導,VE
28,年,Na
28,月,Na
28,日,Na
28,中華隊,Na
28,贏,VD
28,球,Na
28,就,D
28,吃,VC
28,雞排,Na
28,經典賽,Na
28,祭品,Na
28,文懶人包,Na
28,來,VA
28,了,Di
28,他,Nh
28,發,VD
28,千,Neu
28,份,Nf
28,最多,VH
28,世界,Nc
28,棒球,Na
28,經典賽,Na
28,今晚,Nd
28,時,Ng
28,中華隊,Na
28,迎戰,VC
28,巴拿馬,Nc
28,，,COMMACATEGORY
28,派出,VC
28,胡,Nb
28,大哥,Na
28,胡智爲,Nb
28,掛,VC
28,帥,VH
28,先發,VA
28,，,COMMACATEGORY
28,各界,Na
28,都,D
28,相當,Dfa
28,關注,VJ
28,，,COMMACATEGORY
28,期望,VK
28,能,D
28,幫忙,VC
28,集氣,VA
28,讓,VL
28,中華隊,Na
28,前進,VA
28,東京,Nc
28,巨蛋,Nc
28,，,COMMACATEGORY
28,也,D
28,有,V_2
28,公眾,A
28,人物,Na
28,及,Caa
28,店家,Na
28,發出,VC
28,祭品文,Na
28,，,COMMACATEGORY
28,表示,VE
28,只要,Cbb
28,中華隊,Na
28,勝利,VH
28,或是,Caa
28,晉級,VJ
28,，,COMMACATEGORY
28,就,D
28,發,VD
28,雞排,Na
28,或是,Caa
28,其他,Neqa
28,餐點,Na
28,，,COMMACATEGORY
28,截稿,VH
28,前,Ng
28,已,D
28,有,V_2
28,篇祭,Na
28,品文,Na
28,小,VH
28,商人,Na
28,網紅,Na
28,小,VH
28,商人,Na
28,在,P
28,上,Nes
28,個,Nf
28,月,Na
28,就,D
28,發出,VC
28,祭品文,Na
28,，,COMMACATEGORY
28,表示,VE
28,只要,Cbb
28,中華隊,Na
28,晉級,VJ
28,到,P
28,東京,Nc
28,，,COMMACATEGORY
28,就,D
28,願意,VK
28,發份,VD
28,雞,Na
28,排,VC
28,，,COMMACATEGORY
28,尻,Na
28,對方,Nh
28,支,VC
28,全壘打,Na
28,加碼份,Na
28,另外,Cbb
28,，,COMMACATEGORY
28,關心,VK
28,棒球,Na
28,的,DE
28,他,Nh
28,也,D
28,在,P
28,臉書,Na
28,發出,VC
28,多,Neqa
28,篇,Nf
28,文章,Na
28,，,COMMACATEGORY
28,笑,VA
28,說,VE
28,看,VC
28,新聞,Na
28,說,VE
28,經典賽,Na
28,球員,Na
28,的,DE
28,簽名球,Na
28,，,COMMACATEGORY
28,吳念庭,Nb
28,的,DE
28,已經,D
28,賣完,VC
28,了,Di
28,，,COMMACATEGORY
28,我,Nh
28,建議,VE
28,試試,VF
28,啦啦隊,Na
28,的,DE
28,簽名照,Na
28,，,COMMACATEGORY
28,不要,D
28,說,VE
28,賣完,VC
28,，,COMMACATEGORY
28,現在,Nd
28,是,SHI
28,講,VE
28,翻桌率,Na
28,翻,VC
28,多,Dfa
28,快,VH
28,了,T
28,///,FW
28,▲,A
28,小,VH
28,商人,Na
28,喊話,VA
28,中華隊,Na
28,晉級,VJ
28,到,P
28,東京,Nc
28,，,COMMACATEGORY
28,就,D
28,要,D
28,發,VD
28,千,Neu
28,份,Nf
28,雞排,Na
28,圖,Na
28,翻攝,VC
28,自小,D
28,商人,Na
28,臉書,Na
28,洪孟楷,Nb
28,國民黨,Nb
28,立委,Na
28,洪孟楷,Nb
28,也,D
28,在,P
28,日發文,Nb
28,表示,VE
28,，,COMMACATEGORY
28,只要,Cbb
28,中華隊,Na
28,在,P
28,每,Nes
28,贏場,Nc
28,，,COMMACATEGORY
28,就,D
28,會,D
28,發,VD
28,份,Nf
28,雞排,Na
28,，,COMMACATEGORY
28,晉級,VJ
28,複賽,Na
28,到,VCL
28,東京,Nc
28,再,D
28,加碼份,VA
28,，,COMMACATEGORY
28,如果,Cbb
28,路,Na
28,過,VCL
28,關斬將,Na
28,，,COMMACATEGORY
28,最多,Da
28,會,D
28,發到,VC
28,份,Nf
28,雞排,Na
28,，,COMMACATEGORY
28,讓,VL
28,我們,Nh
28,看,VC
28,好,VH
28,球,Na
28,大聲,VH
28,應援,VC
28,守護,VC
28,主場,Na
28,期待,VK
28,吃,VC
28,美味,VH
28,雞,Na
28,排,VC
28,///,FW
28,▲,Na
28,洪孟楷,Nb
28,說,VE
28,，,COMMACATEGORY
28,中華隊,Na
28,贏場,Nc
28,發份,VD
28,雞排,Na
28,圖,Na
28,翻攝,VC
28,自,P
28,洪孟楷,Nb
28,臉書,Na
28,風堂,Nc
28,為,P
28,鼓勵,VF
28,台灣,Nc
28,球迷,Na
28,參與,VC
28,經典賽,Na
28,，,COMMACATEGORY
28,拉麵店,Nc
28,風堂,Nc
28,也,D
28,推出,VC
28,活動,Na
28,，,COMMACATEGORY
28,指出,VE
28,從,P
28,月日,Nd
28,起,Ng
28,，,COMMACATEGORY
28,每,Nes
28,場,Nf
28,中華隊賽,Na
28,事,Na
28,開打,VH
28,前,Ng
28,，,COMMACATEGORY
28,臉書,Na
28,粉專,Na
28,和,Caa
28,都,D
28,會,D
28,發出,VC
28,祭品,Na
28,文限,Na
28,時,Ng
28,動態,Na
28,，,COMMACATEGORY
28,只要,Cbb
28,當日,Nd
28,比賽,Na
28,結果,Na
28,有,V_2
28,達到,VJ
28,祭品文,Na
28,條件,Na
28,，,COMMACATEGORY
28,除了,P
28,風堂,Nc
28,中山店,Nc
28,及,Caa
28,美食街,Nc
28,店舖,Na
28,之外,Ng
28,，,COMMACATEGORY
28,隔天,Nd
28,到,P
28,全,Neqa
28,台,Nc
28,風堂,Nc
28,店鋪,Na
28,都,D
28,可,D
28,不,D
28,限,VJ
28,金額,Na
28,消費,Na
28,，,COMMACATEGORY
28,憑,P
28,限時,D
28,動態,Na
28,截圖,Na
28,換,VC
28,相,D
28,對應,VC
28,贈品,Na
28,另外,Cbb
28,，,COMMACATEGORY
28,只要,Cbb
28,中華隊,Na
28,成功,VH
28,打進,VC
28,東京,Nc
28,複賽,Na
28,，,COMMACATEGORY
28,月,Na
28,曾,D
28,填寫,VC
28,過,Di
28,門票,Na
28,抽獎,VA
28,活動,Na
28,者,Na
28,，,COMMACATEGORY
28,以及,Caa
28,月,Na
28,曾,D
28,到,VCL
28,店,Nc
28,消費,Na
28,填,VC
28,問卷,Na
28,者,Na
28,，,COMMACATEGORY
28,都,D
28,可以,D
28,抽,VC
28,拉麵,Na
28,護照,Na
28,，,COMMACATEGORY
28,只要,Cbb
28,抽中,VC
28,就,D
28,可,D
28,享年,VJ
28,免費,VH
28,吃,VC
28,多,Neqa
28,碗,Na
28,拉麵,Na
28,，,COMMACATEGORY
28,月,Na
28,日,Na
28,將,D
28,抽出,VC
28,中獎,VH
28,幸運兒,Na
28,///,FW
28,▲風堂,Nc
28,也,D
28,推出,VC
28,祭品,Na
28,活動,Na
28,圖,Na
28,翻攝,VC
28,自,P
28,風堂,Nc
28,臉書,Na
28,連鎖,A
28,飲料店,Nc
28,也,D
28,推出,VC
28,活動,Na
28,，,COMMACATEGORY
28,只要,Cbb
28,中華隊,Na
28,每,Nes
28,贏場,Nc
28,，,COMMACATEGORY
28,全,Neqa
28,台,Nc
28,門市,Nc
28,都,D
28,將,D
28,送,VD
28,杯,Na
28,免費,VH
28,飲,VC
28,料,VE
28,，,COMMACATEGORY
28,勝,VH
28,送,VD
28,青龍茶王,Na
28,，,COMMACATEGORY
28,二,Neu
28,勝,VH
28,送,VD
28,荔枝,Na
28,金萱烏,Na
28,，,COMMACATEGORY
28,三,Neu
28,勝,VH
28,送,VD
28,加料,VB
28,奶茶,Na
28,，,COMMACATEGORY
28,珍珠,Na
28,蒟蒻,Na
28,椰果,Na
28,粉粿,Na
28,西米露仙草,Na
28,種料,Na
28,擇,VC
28,，,COMMACATEGORY
28,四,Neu
28,勝,VH
28,送,VD
28,甘蔗,Na
28,四,Neu
28,季,Nd
28,春,Nd
28,備註,VE
28,要,VC
28,雞排,Na
28,不要,D
28,鍋貼,Na
28,~,FW
28,雞排,Na
28,不切,D
28,小辣,Na
28,~,FW
28,////,FW
29,我,Nh
29,先,D
29,來,VA
29,個,Di
29,簡單,VH
29,的,DE
29,張育成,Nb
29,應該,D
29,在,P
29,三棒,Na
29,大王,Na
29,在,P
29,四棒,Na
29,其他,Neqa
29,照舊,VH
29,這樣,VH
29,才,Da
29,可以,D
29,發揮,VJ
29,打擊,Na
29,最大化,VHC
29,吧,T
29,張育成,Nb
29,又,D
29,不,D
29,算,VG
29,大棒,Na
29,應該,D
29,不,D
29,需要,VK
29,排,VC
29,在,P
29,四棒,Na
29,鄉民,Na
29,覺得,VK
29,咧,T
30,台灣,Nc
30,黑社會,Na
30,聚餐,VA
30,都,D
30,可以,VH
30,了,T
30,世界級,Na
30,的,DE
30,沒道理,VH
30,辦,VE
30,不,D
30,到,VC
30,巴,Nc
30,入場,VA
30,也,D
30,安排,VE
30,個,Di
30,旗袍妹,Na
30,夾道歡迎,VC
30,保證,VE
30,各,Nes
30,國,Nc
30,代表隊,Na
30,爽死,VH
30,台灣,Nc
30,黑道,Nc
30,可以,D
30,從政,VA
30,組頭,Na
30,可以,D
30,買,VC
30,球隊,Na
30,幫派,Na
30,辦,VC
30,個,Di
30,應該,D
30,也,D
30,是,SHI
30,很,Dfa
30,合理,VH
30,再,D
30,弄,VC
30,個,Di
30,官方,Na
30,球版,Na
30,給,VD
30,他們,Nh
30,獨家,A
30,經營,VC
30,下去,Di
30,到時,D
30,錢,Na
30,像,VG
30,下雨,VA
30,樣,Ng
30,的,DE
30,來,VA
30,保證,VE
30,屆比,D
30,屆辦,VC
30,的,DE
30,更,D
30,豪華,VH
30,盛大,VH
30,各位,Nh
30,鍵盤,Na
30,球評,Na
30,同意,VK
30,嗎,T
31,世界,Nc
31,棒球,Na
31,經典,Na
31,賽組,Nv
31,小組,Na
31,循環賽,Na
31,今天,Nd
31,正式,VH
31,開打,VH
31,第,Neu
31,場,Nf
31,比賽,Na
31,祖國,Nc
31,荷蘭,Nc
31,以,P
31,擊敗,VC
31,紅色,Na
31,閃電,Na
31,古巴,Nc
31,第二,Neu
31,場,Nf
31,比賽,Na
31,巴拿馬,Nc
31,台灣,Nc
31,台灣,Nc
31,運彩,Na
31,看好,VJ
31,台灣,Nc
31,獲勝,VH
31,不,D
31,讓,VL
31,分,VC
31,的,DE
31,賠率,Na
31,只有,D
31,魯叔,Nb
31,買,VC
31,台灣,Nc
31,贏,VD
31,分賠率,Na
31,大家,Nh
31,買運彩,VA
31,了,T
31,嗎,T
32,小魯妹,Na
32,邊,D
32,看,VC
32,電視,Na
32,邊,Ncd
32,等,VC
32,開打,VH
32,看到,VE
32,電影台,Nc
32,在,P
32,播,VC
32,以前,Ng
32,愛,VL
32,看,VC
32,的,DE
32,當兵,VA
32,系列,Na
32,這,Nep
32,個,Nf
32,畫質,Na
32,也,D
32,太,Dfa
32,好,VH
32,了,T
32,吧,T
32,跟,P
32,以前,Nd
32,完全,D
32,不樣,VH
32,///,FW
32,///,FW
32,第四台,Na
32,數位化,VHC
32,快,D
32,十,Neu
32,年,Nf
32,了,T
32,是,SHI
32,不,D
32,是,SHI
32,終於,D
32,有,V_2
32,進步,VH
32,的,DE
32,感覺,Na
32,了,T
32,有,V_2
32,沒,D
32,有,V_2
32,八卦,Na
32,然後,D
32,廣告,Na
32,好像,D
32,變更,VC
32,多,VH
32,了,Di
32,每,Nes
32,次,Nf
32,都,D
32,以為,VE
32,要,D
32,進,VC
32,正片,Na
32,了,T
32,又,D
32,給,VD
32,我,Nh
32,繼續,VF
32,播,VC
32,廣告,Na
33,星期五,Nd
33,二,Neu
33,場,Nf
33,都,D
33,剛好,Da
33,想要,VE
33,幫,P
33,中華隊,Na
33,加油,VB
33,但,Cbb
33,日本,Nc
33,又,D
33,有,V_2
33,大谷,Nb
33,又,D
33,是,SHI
33,世仇,Na
33,感覺,VK
33,定,VC
33,很,Dfa
33,精彩,VH
33,大家,Nh
33,要,D
33,選,VC
33,那,Nep
33,場,Nf
33,看,VC
33,呀,T
33,卦,Na
34,偷改隊,Na
34,名成,VG
34,台灣隊,Na
34,剛剛,D
34,在,P
34,看,VC
34,中華隊,Na
34,巴拿馬,Nc
34,的,DE
34,經典賽,Na
34,裡面,Ncd
34,轉播,VC
34,主播,Na
34,，,COMMACATEGORY
34,現場,Nc
34,觀眾,Na
34,，,COMMACATEGORY
34,啦啦隊,Na
34,都,D
34,是,SHI
34,喊,VE
34,中華隊,Na
34,也,D
34,喊,VE
34,很多,Neqa
34,年,Nf
34,了,T
34,怎麼,D
34,近,Da
34,幾,Neu
34,年,Nf
34,，,COMMACATEGORY
34,小弟,Na
34,發現,VE
34,三立,Nb
34,自由,Na
34,好像,D
34,會,D
34,偷改,VC
34,隊名,Na
34,可能,D
34,採訪,VC
34,球員,Na
34,，,COMMACATEGORY
34,教練,Na
34,，,COMMACATEGORY
34,主播,Na
34,的,DE
34,時候,Na
34,採訪,VC
34,對象,Na
34,講到,VE
34,中華隊,Na
34,然後,D
34,三立,Nb
34,自由,VH
34,的,DE
34,新聞稿,Na
34,就,D
34,自動,VH
34,變換成,VG
34,台灣隊,Na
34,這,Nep
34,是,SHI
34,什麼,Nep
34,意思,Na
34,有沒有,D
34,偷改,VC
34,隊名,Na
34,的,DE
34,八卦,Na
35,現在,Nd
35,王建民,Nb
35,上,VCL
35,了,Di
35,啦,T
35,不過,Cbb
35,為什麼,D
35,是,SHI
35,在,P
35,捕手,Na
35,那,Nep
35,個,Nf
35,位置,Na
35,難道,D
35,王建民,Nb
35,轉捕手,VA
35,了,T
35,嗎,T
35,不過,Cbb
35,有,V_2
35,上,Ncd
35,中華隊,Na
35,應該,D
35,就,D
35,有,V_2
35,靈氣,Na
35,加成,VA
35,今天,Nd
35,很,Dfa
35,穩,VH
35,了,T
35,吧,T
36,小魯弟,Nb
36,身旁,Nc
36,很多,Neqa
36,棒球迷,Na
36,想,VE
36,問,VE
36,下,Nes
36,新竹,Nc
36,狂熱,VH
36,棒球迷,Na
36,現在,Nd
36,看到,VE
36,在,P
36,台中,Nc
36,舉辦,VC
36,心理,Na
36,在,P
36,想,VE
36,什麼,Nep
36,有,V_2
36,掛,VC
36,嗎,T
36,新竹,Nc
36,市長,Na
36,太,Dfa
36,爛,VH
36,不,D
36,積極,VH
36,爭取,VC
36,辦,VC
36,在,P
36,新竹,Nc
37,所謂,VK
37,台血,Na
37,，,COMMACATEGORY
37,至少,Da
37,是,SHI
37,台灣,Nc
37,土生土長,VH
37,的,DE
37,孩子,Na
37,，,COMMACATEGORY
37,為了,P
37,些,Nf
37,夢想,Na
37,跟,P
37,理念,Na
37,，,COMMACATEGORY
37,出鍋,VA
37,築,VC
37,夢,Na
37,然而,Cbb
37,很,Dfa
37,殘念,VH
37,的,DE
37,是,SHI
37,，,COMMACATEGORY
37,某些,Neqa
37,人,Na
37,領,VC
37,了,Di
37,藍本,Na
37,跟,Caa
37,接受,VC
37,資本主義,Na
37,就,D
37,變,VG
37,得,DE
37,臭不拉基,VH
37,的,DE
37,藍本,Na
37,跟,P
37,資本主義,Na
37,有,V_2
37,啥,Nep
37,錯,Na
37,當然,D
37,沒,VJ
37,錯,Na
37,，,COMMACATEGORY
37,臭酸掉,VH
37,的,DE
37,是,SHI
37,人,Na
37,，,COMMACATEGORY
37,不,D
37,是,SHI
37,有形物,Na
37,或,Caa
37,無形,VH
37,概念,Na
37,台血,Na
37,美國人,Na
37,，,COMMACATEGORY
37,會,D
37,支持,VC
37,還,D
37,是,SHI
37,美國,Nc
37,呢,T
38,如,P
38,題,Na
38,運彩,Na
38,也,D
38,覺得,VK
38,中華隊,Na
38,勝率,Na
38,高,VH
38,，,COMMACATEGORY
38,是,SHI
38,不,D
38,是,SHI
38,看來,D
38,穩,VH
38,了,T
38,今天,Nd
38,中華隊,Na
38,投打,Na
38,是,SHI
38,不,D
38,是,SHI
38,都,D
38,令,VL
38,人,Na
38,舒服,VH
38,巴拿馬瑟瑟,Nb
38,發抖,VA
38,掛,VC
39,黨媒,Na
39,也,D
39,只,Da
39,能,D
39,這樣,VH
39,精神,Na
39,勝利,VH
39,法,Na
39,而已,T
39,還,D
39,記得,VK
39,東奧,Nc
39,時,Ng
39,直,D
39,要,D
39,全面,D
39,執政,VA
39,的,DE
39,黨,Na
39,用,P
39,台灣隊,Na
39,的,DE
39,名義,Na
39,去,D
39,參加,VC
39,結果,Dk
39,咧,T
39,還不是樣,D
39,用,P
39,中華隊,Na
39,///,FW
40,///_,FW
40,///,FW
40,地球軍,Na
40,巴拿馬,Nc
40,之,DE
40,戰,Na
40,首次,D
40,登場,VA
40,的,DE
40,機動,A
40,戰士,Na
40,攻擊,VC
40,刃,Na
40,配色,VA
40,怎麼,D
40,跟,P
40,中華隊,Na
40,樣,Ng
40,攻擊,VC
40,刃第,Na
40,批次,Na
40,還,D
40,因為,Cbb
40,趕著,D
40,大量,Neqa
40,生產,VC
40,連,Cbb
40,防護,Na
40,都,D
40,沒,D
40,裝,VF
40,有沒有,D
40,相關,VH
40,八卦,Na
40,這,Nep
40,會,D
40,是,SHI
40,巧合,VH
40,嗎,T
41,備註,VE
41,請,VF
41,放,VC
41,最後,Nd
41,面違,VC
41,者,Na
41,新聞,Na
41,文章,Na
41,刪除,VC
41,媒體,Na
41,來源,Na
41,三立,Nb
41,新聞網,Na
41,記者,Na
41,署名,VC
41,蕭保祥,Nb
41,完整,VH
41,新聞,Na
41,標題,Na
41,經典賽,Na
41,台灣隊,Na
41,出戰,VC
41,李維拉,Nb
41,開球,VA
41,王建民,Nb
41,蹲捕,VC
41,完整,VH
41,新聞,Na
41,內文,Na
41,年,Nf
41,世界,Nc
41,棒球,Na
41,經典賽,Na
41,組,Nc
41,日,Nc
41,晚間,Nd
41,在,P
41,台中,Nc
41,洲際,Nc
41,球場,Nc
41,進行,VC
41,台灣隊,Na
41,與,Caa
41,巴拿馬,Nc
41,比賽,Na
41,，,COMMACATEGORY
41,副總統,Na
41,賴清德,Nb
41,中華,Nc
41,棒協,Nc
41,理事長,Na
41,辜仲諒,Nb
41,台中,Nc
41,市長,Na
41,盧秀燕,Nb
41,等,Cab
41,人,Na
41,出席,VC
41,，,COMMACATEGORY
41,與,P
41,賴清德,Nb
41,擔任,VG
41,開球,VA
41,來,T
41,賓,Na
41,，,COMMACATEGORY
41,王建民,Nb
41,擔任,VG
41,接,VC
41,球,Na
41,捕手,Na
41,接住,VC
41,李維拉,Nb
41,的,DE
41,球,Na
41,總統,Na
41,蔡英文,Nb
41,用,P
41,影片,Na
41,方式,Na
41,給予,VD
41,祝福,Na
41,，,COMMACATEGORY
41,期待,VK
41,台灣隊,Na
41,捍衛,VC
41,台灣,Nc
41,主場,Na
41,，,COMMACATEGORY
41,，,COMMACATEGORY
41,挺,VC
41,台灣,Nc
41,完整,VH
41,新聞,Na
41,連結,VC
41,或,Caa
41,短,VH
41,網址,Na
41,不可,D
41,用,VC
41,等,Cab
41,轉載,VC
41,媒體,Na
41,////,FW
41,備註,VE
41,感覺,VK
41,王建民,Nb
41,開球,VA
41,完想,VE
41,跟,P
41,李維拉,Nb
41,交流,VH
41,，,COMMACATEGORY
41,可是,Cbb
41,直,D
41,在,P
41,拍照,VB
41,不,D
41,知道,VK
41,李維拉,Nb
41,會不會,D
41,覺得,VK
41,自己,Nh
41,難得,VH
41,來,VA
41,台灣,Nc
41,，,COMMACATEGORY
41,還要,Dfa
41,直,D
41,拍照,VB
41,沒,VJ
41,意義,Na
41,，,COMMACATEGORY
41,他,Nh
41,應該,D
41,也,D
41,想,VE
41,和,P
41,王建民,Nb
41,聊天,VA
41,，,COMMACATEGORY
41,畢竟,D
41,十幾,Neu
41,年,Nf
41,沒,D
41,見面,VA
41,了,Di
42,日本人,Na
42,看到,VE
42,中華隊,Na
42,先發,VA
42,名單,Na
42,投手,Na
42,名字,Na
42,不,D
42,是,SHI
42,王建民,Nb
42,應該,D
42,整,Neqa
42,個,Nf
42,日本,Nc
42,島國,Na
42,包含,VJ
42,大谷,Nc
42,本人,Nh
42,都,D
42,鬆,VHC
42,口氣,Na
42,吧,T
42,當年,Nd
42,整,Neqa
42,隊,Nf
42,被,P
42,王建民,Nb
42,震撼,VJ
42,教育,Na
42,那,Nep
42,顆,Nf
42,卡特球,Na
42,應該,D
42,光,Da
42,想到,VE
42,就,D
42,不寒而慄,VH
42,吧,T
42,有,V_2
42,卦,Na
43,ㄧ壘,Nb
43,有,V_2
43,人,Na
43,短打,VA
43,打成,VG
43,雙殺,VC
43,前面局,Nc
43,二壘,Na
43,有,V_2
43,人,Na
43,不,D
43,短打,VA
43,打,VC
43,個,Di
43,鳥界,Nc
43,外,Ncd
43,高飛,VA
43,這麼多,Neqa
43,年,Nf
43,了,Di
43,基本功,Na
43,還是,D
43,不行,VH
43,每,Nes
43,次,Nf
43,看,VC
43,都,D
43,很,Dfa
43,抖,VAC
43,欸,I
43,能不能,D
43,穩點,VH
43,啊,T
44,本,Nes
44,魯,Nc
44,剛剛,D
44,看,VC
44,的,DE
44,比賽,Na
44,，,COMMACATEGORY
44,發現,VE
44,啦啦隊,Na
44,的,DE
44,衣服,Na
44,是,SHI
44,藍色,Na
44,加,VC
44,白色,Na
44,，,COMMACATEGORY
44,為,P
44,啥,Nep
44,不,D
44,是,SHI
44,綠色,Na
44,嗎,T
44,綠色,Na
44,不,D
44,是,SHI
44,主流,Na
44,的,DE
44,顏色,Na
44,嗎,T
44,怎麼,VH
44,啦啦隊,Na
44,會,D
44,選,VC
44,藍色,Na
44,和,Caa
44,白色,Na
44,呢,T
45,經典,Na
45,上,Ncd
45,開打,VH
45,",",COMMACATEGORY
45,本該,D
45,不,D
45,缺席,VH
45,的,DE
45,新竹,Nc
45,棒球場,Nc
45,",",COMMACATEGORY
45,結果,Dk
45,因為,Cbb
45,球場,Nc
45,亂蓋,VC
45,",",COMMACATEGORY
45,導致,VL
45,無法,D
45,符合,VJ
45,大聯盟,Na
45,標準,Na
45,",",COMMACATEGORY
45,棒球場,Nc
45,還,D
45,長,VH
45,香菇,Na
45,",",COMMACATEGORY
45,世界,Nc
45,奇觀,Na
45,",",COMMACATEGORY
45,結果,Dk
45,公務員,Na
45,怎麼,D
45,都,D
45,還,D
45,沒,D
45,被,P
45,抓去,VC
45,關,VC
45,",",COMMACATEGORY
45,瀆職,VH
45,是,SHI
45,重罪,Na
45,",",COMMACATEGORY
45,至少,Da
45,抓起來,VB
45,關,VC
45,個,Nf
45,年,Na
45,再,D
45,說,VE
45,吧,T
45,",",COMMACATEGORY
45,億,Neu
45,打水,VA
45,飄,VA
45,",",COMMACATEGORY
45,這些,Neqa
45,人,Na
45,真,D
45,過份,Dfa
45,新竹,Nc
45,棒球場,Nc
45,亂蓋,VC
45,",",COMMACATEGORY
45,公務員,Na
45,都,D
45,沒,VJ
45,事,Na
45,嗎,T
46,剛剛,D
46,打開,VC
46,想,VE
46,看,VC
46,經典賽,Na
46,直播,VC
46,發現,VE
46,有,V_2
46,四,Neu
46,種,Nf
46,視角,Na
46,///,FW
46,主視角,Na
46,就是,Cbb
46,很,Dfa
46,般,Ng
46,的,DE
46,視角,Na
46,投打,Na
46,對決,VA
46,就,D
46,不,D
46,多,D
46,說,VE
46,了,Di
46,但是,Cbb
46,有,V_2
46,另外,Da
46,兩,Neu
46,個,Nf
46,視角,Na
46,分別,D
46,是,SHI
46,台灣,Nc
46,加油,VB
46,跟,P
46,中華,Nc
46,好棒,VH
46,中華隊,Na
46,防守,VC
46,時,Ng
46,///,FW
46,中華隊,Na
46,進攻,VCL
46,時,Ng
46,///,FW
46,感覺,Na
46,底下,Ncd
46,兩,Neu
46,個,Nf
46,視角,Na
46,都,D
46,看,VE
46,不,D
46,到,VE
46,球,Na
46,或,Caa
46,球員,Na
46,是,SHI
46,真的,D
46,懂,VK
46,還是,Caa
46,假,VH
46,的,DE
46,懂,VK
46,有沒有,D
46,掛,VC
47,熱身賽,Na
47,打中職土投,VA
47,中華隊,Na
47,每,Nes
47,個,Nf
47,都,D
47,安打,Na
47,全壘打,Na
47,分數,Na
47,直,D
47,刷,VC
47,正賽,Na
47,人家,Nh
47,跟,P
47,你,Nh
47,玩,VC
47,真的,D
47,樣,Na
47,打,VB
47,不,D
47,出來,VC
47,是,SHI
47,不,D
47,是,SHI
47,以後,Nd
47,不要,D
47,吹,VC
47,的,DE
47,太早,D
47,熱身賽,Na
47,看看,VE
47,就,D
47,可以,VH
47,了,T
47,有,V_2
47,沒,D
47,有,V_2
47,八卦,Na
48,經典賽,Na
48,中華隊,Na
48,爆滿,VH
48,看,VC
48,棒球,Na
48,前面,Ncd
48,的,DE
48,站起來,VA
48,如何,D
48,處置,VC
48,有,V_2
48,沒,D
48,有,V_2
48,卦,Na
49,如,P
49,題,Na
49,啦,T
49,中華隊,Na
49,是,SHI
49,沒,VJ
49,投手,Na
49,了,T
49,嗎,T
49,控球,VA
49,飄成,VG
49,這樣,VH
49,不,D
49,換,VC
49,人,Na
49,是,SHI
49,不,D
49,是,SHI
49,沒,VJ
49,投手,Na
49,要,D
49,省,VH
49,點,Dfb
49,用,VC
49,掛,VC
50,如,P
50,題,Na
50,，,COMMACATEGORY
50,就,D
50,是,SHI
50,阿,T
50,肥宅,Na
50,我,Nh
50,八點半,Nd
50,還,D
50,沒,D
50,吃,VC
50,晚餐,Na
50,想,VE
50,邊,D
50,吃,VC
50,晚餐,Na
50,邊,D
50,看,VC
50,中華隊,Na
50,各位,Nh
50,有,V_2
50,什麼,Nep
50,推薦,VC
50,的,T
50,嗎,T
50,有,V_2
50,卦,Na
51,剛剛,D
51,啊,I
51,看,VC
51,看,VC
51,著,Di
51,看,VC
51,著,Di
51,，,COMMACATEGORY
51,又,D
51,想到,VE
51,之前,Ng
51,鄉民,Na
51,的,DE
51,文章,Na
51,本來,D
51,不,D
51,在意,VK
51,的,DE
51,結果,Na
51,看,VC
51,了,Di
51,看,VC
51,發現,VE
51,這,Nep
51,次,Nf
51,居然,D
51,不,D
51,是,SHI
51,反,D
51,指標,Na
51,了,Di
51,怎麼辦,VH
52,正在,D
52,的,DE
52,各位,Nh
52,安安阿,Nb
52,~~,FW
52,我,Nh
52,就,D
52,那,Nep
52,個,Nf
52,心齋橋哥,Na
52,啦,T
52,不得不,D
52,說,VE
52,啦,T
52,，,COMMACATEGORY
52,韓國,Nc
52,在,P
52,推廣,VC
52,以及,Caa
52,製作,VC
52,自己,Nh
52,的,DE
52,演藝,A
52,文化,Na
52,真的,D
52,是,SHI
52,強,VH
52,從,P
52,以前,Nd
52,的,DE
52,到,P
52,紅遍,VJ
52,全球,Nc
52,的,T
52,，,COMMACATEGORY
52,現在,Nd
52,還給,VD
52,你,Nh
52,出,VC
52,個,Di
52,各,Nes
52,大,VH
52,平台,Na
52,整,Neqa
52,天,Nf
52,都,D
52,在,VCL
52,那邊,Ncd
52,，,COMMACATEGORY
52,全,Neqa
52,世界,Nc
52,的,DE
52,人,Na
52,爭相,D
52,模仿,VC
52,這樣,VH
52,你,Nh
52,不得不,D
52,佩服,VJ
52,他們,Nh
52,的,DE
52,行銷,Na
52,功力,Na
52,最近,Nd
52,台灣,Nc
52,比較,Dfa
52,少,VH
52,新,VH
52,的,DE
52,團體,Na
52,出現,VH
52,了,T
52,，,COMMACATEGORY
52,我們,Nh
52,就,D
52,趁,P
52,全球,Nc
52,面對,VC
52,同樣,VH
52,的,DE
52,問題,Na
52,組團,VA
52,看起來,D
52,有,V_2
52,那,Nep
52,種,Nf
52,"""",FW
52,新,VH
52,"""",FW
52,的,DE
52,意思,Na
52,大家,Nh
52,覺得,VK
52,組,VC
52,這,Nep
52,團,Nf
52,有沒有,D
52,噴,VC
52,瓜,Na
53,大家,Nh
53,豪,VH
53,經典賽,Na
53,中華隊,Na
53,的,DE
53,總,A
53,欸,I
53,啦,T
53,林岳平,Nb
53,生涯,Na
53,代表作,Na
53,是,SHI
53,對決,VA
53,爪爪,Na
53,最後,Nd
53,振臂,D
53,叫囂,VE
53,氣,Na
53,得,DE
53,我們,Nh
53,金,Nb
53,戰士,Na
53,陳致遠,Nb
53,可能,D
53,因為,Cbb
53,聽,VK
53,不,D
53,懂,VK
53,洋將,Na
53,垃圾話,Na
53,度,VCL
53,衝回去,VA
53,想,VE
53,拿,VC
53,翻譯機,Na
53,我們,Nh
53,的,DE
53,餅,Na
53,總,D
53,離場,VA
53,前,Ng
53,還,D
53,順便,D
53,比,P
53,割喉,VA
53,氣,VK
53,得,DE
53,百萬,Neu
53,爪迷,Na
53,全體,Na
53,動員,VAC
53,圍,VC
53,巴士,Na
53,看過,VC
53,爪迷圍,Nc
53,巴士,Na
53,的,DE
53,都,D
53,幾,Neu
53,歲,Nf
53,了,T
53,還是,D
53,當年,Nd
53,也,D
53,有,V_2
53,參與,VC
53,可,D
53,現身說法,VA
53,///,FW
53,_,FW
53,有沒,D
53,有,V_2
53,餅總,Na
53,的,DE
53,八卦,Na
54,運動,Na
54,常常,D
54,有,V_2
54,氣,Na
54,的,DE
54,問題,Na
54,很多,Neqa
54,選手,Na
54,會,D
54,傷停,VC
54,上廁所,VA
54,拐氣,VA
54,中華隊,Na
54,現在,Nd
54,去,D
54,拐,VC
54,還,D
54,來,D
54,的及,VH
54,嗎,T
54,真的,D
54,是,SHI
54,客家,Na
54,換,VC
54,投手,Na
54,_,FW
54,定,D
54,要,D
54,用,P
54,好用,VH
54,滿,Dfa
55,中華,Nc
55,台北,Nc
55,目前,Nd
55,輸分,VH
55,了,Di
55,但,Cbb
55,不要,D
55,太,Dfa
55,傷心,VH
55,賽,Na
55,前,Ng
55,就,D
55,知道,VK
55,這,Nep
55,投手,Na
55,名單,Na
55,真的,D
55,沒有,VJ
55,個,Nf
55,可以,D
55,期待,VK
55,的,DE
55,嘻,VA
55,嘻,VA
55,這,Nep
55,屆,Nf
55,看,VC
55,日本隊,Na
55,的,DE
55,比賽,Na
55,實在,D
55,齁,VH
55,投手,Na
55,都,D
55,又,Caa
55,帥,VH
55,又,Caa
55,強大家,Na
55,放寬心,VA
55,啦,T
56,慘案,Na
56,話說,Dk
56,投手,Na
56,教練,Na
56,可以,D
56,熱身完,VA
56,自己,Nh
56,投,VC
56,嗎,T
56,應該,D
56,沒,VJ
56,這,Nep
56,限制,Na
56,拔,VC
56,有,V_2
56,沒,D
56,有,V_2
56,八卦,Na
57,這,Nep
57,屆,Nf
57,中華隊,Na
57,最,Dfa
57,強,VH
57,的,DE
57,陣容,Na
57,被,P
57,外媒,Na
57,稱為,VG
57,史,Na
57,上,Ng
57,最,Dfa
57,強,VH
57,林襄,Nb
57,峮峮,FW
57,帶隊,VA
57,現在,Nd
57,中華隊,Na
57,陷入,VCL
57,劣勢,Na
57,要,D
57,上場,VA
57,比賽,VA
57,壓制,VC
57,巴拿馬,Nc
57,打線,VA
57,了,Di
57,沒有,VJ
58,比,VC
58,了,Di
58,看,VE
58,不,D
58,看,VC
58,的,DE
58,到,VCL
58,台灣,Nc
58,對上,VC
58,日本,Nc
58,啊,T
58,感覺,VK
58,涼,VH
58,了,T
58,大家,Nh
58,覺得,VK
58,看,VE
58,得,DE
58,到,VE
58,中華隊,Na
58,遇,VK
58,的,DE
58,到,VCL
58,大谷,Nb
58,翔平,Nb
58,嗎,T
59,如,P
59,題,Na
59,中華隊,Na
59,在,P
59,熱身賽,Na
59,以,P
59,全,Neqa
59,勝,VH
59,之,DE
59,姿,Na
59,進入,VCL
59,到,P
59,正式,VH
59,的,DE
59,比賽,Na
59,結果,Dk
59,才,Da
59,第,Neu
59,場,Nf
59,而已,T
59,就,D
59,露出,VC
59,原型,Na
59,打者,Na
59,打擊,Na
59,不,D
59,連貫,VC
59,投手,Na
59,控球,VA
59,不,D
59,穩,VH
59,是,SHI
59,不,D
59,是,SHI
59,在,P
59,熱身賽,Na
59,過,VCL
59,太,Dfa
59,爽,VH
59,到,VCL
59,了,Di
59,正式,VH
59,比賽,Na
59,直接,VH
59,烙賽,Na
60,這,Nep
60,次,Nf
60,經典賽,Na
60,本人,Nh
60,支持,VC
60,的,DE
60,是,SHI
60,日本隊,Na
60,結果,Dk
60,身旁,Nc
60,朋友,Na
60,知道,VK
60,就,D
60,酸,VH
60,說,VE
60,不,D
60,愛國,VH
60,的,DE
60,行為,Na
60,我,Nh
60,搞,VK
60,不,D
60,懂,VK
60,欸,I
60,就算,Cbb
60,經典賽,Na
60,辦,VC
60,在,P
60,台灣,Nc
60,也,D
60,不,D
60,定定,VH
60,要,D
60,支持,VC
60,自己,Nh
60,國家,Na
60,吧,T
60,為什麼,D
60,不,D
60,支持,VC
60,中華隊,Na
60,就,D
60,是,SHI
60,不,D
60,愛,VL
60,國,Nc
61,努提,VE
61,~,FW
61,終於,D
61,開打,VH
61,了,T
61,~,FW
61,運彩,VA
61,今天,Nd
61,開盤,VA
61,我,Nh
61,就,D
61,趕快,D
61,去,D
61,買,VC
61,買,VC
61,了,Di
61,巴拿馬,Nc
61,~,FW
61,結果,Dk
61,被,P
61,旁邊,Ncd
61,的,DE
61,人,Na
61,罵,VC
61,不,D
61,愛,VL
61,國,Nc
61,我,Nh
61,好,Dfa
61,傷心,VH
61,喔,T
61,~~,FW
61,早,D
61,知,VK
61,買,VC
61,中華,Nc
61,了,T
61,~,FW
61,還可以,D
61,被,P
61,人家,Nh
61,誇讚,VC
61,愛國,VH
61,人士,Na
61,大家,Nh
61,覺得,VK
61,呢,T
61,~,FW
61,我,Nh
61,是,SHI
61,不,D
61,是,SHI
61,不,D
61,愛國,VH
62,如,P
62,題,Na
62,前,Nes
62,幾,Neu
62,個,Nf
62,月,Na
62,看完,VC
62,世足,Nb
62,到,P
62,現在,Nd
62,還是,D
62,覺得,VK
62,很,Dfa
62,感動,VHC
62,也,D
62,熱血,Na
62,各,Nes
62,個,Nf
62,都,D
62,有,V_2
62,機會,Na
62,還,D
62,能,D
62,看到,VE
62,老將,Na
62,最後,Nd
62,舞,Na
62,反觀,VC
62,過程,Na
62,不,D
62,是,SHI
62,無聊,VH
62,就,D
62,是,SHI
62,被,P
62,虐,VC
62,這,Nep
62,就,D
62,是,SHI
62,世足,Nb
62,這麼,D
62,受,P
62,歡迎,VJ
62,的,DE
62,原因,Na
62,嗎,T
63,朋友,Na
63,發問,VA
63,現在,Nd
63,中華隊,Na
63,那,Nep
63,群,Nf
63,雜,VH
63,魚,Na
63,是,SHI
63,誰,Nh
63,這,Nep
63,四,Neu
63,個,Nf
63,以前,Nd
63,平常,Nd
63,沒,D
63,在,P
63,看,VC
63,棒球,Na
63,的,DE
63,都,D
63,認識,VJ
63,現在,Nd
63,場,Nc
63,上,Ncd
63,那,Nep
63,群,Nf
63,雜,VH
63,魚,Na
63,到底,D
63,誰,Nh
63,啊,T
64,媒體,Na
64,來源,Na
64,記者,Na
64,署名,VC
64,記者,Na
64,王真魚,Nb
64,綜合,A
64,報導,VE
64,完整,VH
64,新聞,Na
64,標題,Na
64,經典賽,Na
64,明開打,Nb
64,彭政閔,Nb
64,信心,Na
64,喊話,VA
64,讓,VL
64,世界,Nc
64,看見,VE
64,台灣,Nc
64,完整,VH
64,新聞,Na
64,內文,Na
64,世界,Nc
64,棒球,Na
64,經典賽,Na
64,明天,Nd
64,點燃,VC
64,戰火,Na
64,，,COMMACATEGORY
64,在,P
64,台灣,Nc
64,舉行,VC
64,的,DE
64,組,Na
64,賽事,Na
64,率先,D
64,開打,VH
64,中華隊,Na
64,晚間點,Na
64,對,P
64,戰巴拿馬,Nb
64,，,COMMACATEGORY
64,打擊,Na
64,教練,Na
64,彭政閔,Nb
64,透過,P
64,粉絲團,Na
64,為,P
64,中華隊,Na
64,球員,Na
64,信心,Na
64,喊話,VA
64,，,COMMACATEGORY
64,現在,Nd
64,開始,VL
64,大家,Nh
64,能夠,D
64,目標,Na
64,致,Cbb
64,團結,VHC
64,力量,Na
64,捍衛,VC
64,主場,Na
64,，,COMMACATEGORY
64,讓,VL
64,世界,Nc
64,看見,VE
64,中華隊,Na
64,，,COMMACATEGORY
64,讓,VL
64,世界,Nc
64,看見,VE
64,台灣,Nc
64,，,COMMACATEGORY
64,加油,VB
64,經典賽,Na
64,明天,Nd
64,開始,Ng
64,將,D
64,連,VJ
64,五,Neu
64,天,Nf
64,舉行場,Nc
64,賽事,Na
64,，,COMMACATEGORY
64,中華隊,Na
64,必須,D
64,在,P
64,組,Nc
64,取得,VC
64,前,Nes
64,名,Nf
64,，,COMMACATEGORY
64,才,Da
64,能,D
64,打進,VC
64,前,Ng
64,強,VH
64,前進,VA
64,日本,Nc
64,東京,Nc
64,明天,Nd
64,首,Nes
64,戰,Na
64,將,D
64,交手,VA
64,巴拿馬,Nc
64,巴拿馬,Nc
64,已,D
64,在,P
64,昨天,Nd
64,揭曉,VE
64,先發,VA
64,投手,Na
64,，,COMMACATEGORY
64,由,P
64,梅西亞,Nb
64,打頭陣,VA
64,對戰,VA
64,中華隊,Na
64,彭政閔,Nb
64,透過,P
64,彭政閔,Nb
64,後援會,Na
64,粉絲團,Na
64,送給,VD
64,大家,Nh
64,段話,VA
64,，,COMMACATEGORY
64,很,Dfa
64,快,VH
64,的,DE
64,世界,Nc
64,棒球,Na
64,經典賽,Na
64,即將,D
64,開始,VL
64,，,COMMACATEGORY
64,從,P
64,月,Na
64,日,Nd
64,開訓,VH
64,到,P
64,今天,Nd
64,已經,D
64,天,Nc
64,，,COMMACATEGORY
64,終於,D
64,在,P
64,明天,Nd
64,月日,Nd
64,即將,D
64,開打,VH
64,整,Neqa
64,個,Nf
64,團隊,Na
64,的,DE
64,付出,Nv
64,與,Caa
64,努力,Nv
64,，,COMMACATEGORY
64,到,P
64,現在,Nd
64,歷歷在目點滴,VH
64,在,P
64,心,Na
64,不管,Cbb
64,看好,VJ
64,或,Caa
64,不,D
64,看好,VJ
64,，,COMMACATEGORY
64,批評,VC
64,或,Caa
64,支持,VC
64,，,COMMACATEGORY
64,彭政閔,Nb
64,說,VE
64,，,COMMACATEGORY
64,都,D
64,希望,VK
64,從,P
64,現在,Nd
64,開始,VL
64,大家,Nh
64,能夠,D
64,目標,Na
64,致理,Nc
64,念,VC
64,相同,VH
64,把,P
64,心,Na
64,繫,VC
64,著,Di
64,起,Di
64,團結,VHC
64,力量,Na
64,捍衛,VC
64,主場,Na
64,邁向,VCL
64,東京,Nc
64,前進,VA
64,邁阿密,Nc
64,，,COMMACATEGORY
64,爭取,VC
64,最,Dfa
64,高,VH
64,的,DE
64,榮耀,Na
64,，,COMMACATEGORY
64,讓,VL
64,世界,Nc
64,看見,VE
64,中華隊,Na
64,，,COMMACATEGORY
64,讓,VL
64,世界,Nc
64,看見,VE
64,台灣,Nc
64,，,COMMACATEGORY
64,加油,VB
64,完整,VH
64,新聞,Na
64,連結,VC
64,或,Caa
64,短,VH
64,網址,Na
64,不可,D
64,用,VC
64,等,Cab
64,轉載,VC
64,媒體,Na
64,////,FW
64,備註,VE
64,各位,Nh
64,有,D
64,看到,VE
64,台灣,Nc
64,了,T
64,嗎,T
65,///,FW
65,講錯,VC
65,了,Di
65,啦,T
65,是,SHI
65,比,P
65,開幕戰,Na
65,才,Da
65,第四,Neu
65,局,Nf
65,就,D
65,這樣,VH
65,出師不利,VH
65,唉,I
65,地獄,Nc
65,豬首秀,Nb
65,都,D
65,表現,VC
65,得,DE
65,比,P
65,中華隊,Na
65,好,VH
65,加油,VB
65,中華隊,Na
65,嗚嗚嗚,D
65,還,D
65,能,D
65,起舞,VA
65,嗎,T
65,然後,D
65,第四,Neu
65,局,Nf
65,還,D
65,沒,D
65,結束,VHC
65,就,D
65,點,VC
65,了,Di
65,哩,Nh
65,現場,Nc
65,的,DE
65,人,Na
65,隔天,Nd
65,免,D
65,上班,VA
65,太,Dfa
65,神,VH
65,了,T
65,吧,T
66,這,Nep
66,個,Nf
66,中華隊,Na
66,捕手,Na
66,今天,Nd
66,隱形,VH
66,失誤,Na
66,不少,VH
66,哀,VH
66,多,D
66,掉,VH
66,好幾,Neu
66,分,Nf
66,如果,Cbb
66,巴拿馬,Nc
66,總統,Na
66,有,D
66,看,VC
66,比賽,Na
66,應該,D
66,頒發,VD
66,榮譽,Na
66,市民,Na
66,給,VD
66,他,Nh
66,我,Nh
66,都,D
66,想好,VE
66,賀,VC
66,詞,Na
66,了,T
66,"""",FW
66,功,Na
66,在,P
66,巴拿馬,Nc
66,你,Nh
66,是,SHI
66,我,Nh
66,兄弟,Na
66,"""",FW
67,目前,Nd
67,比賽,Na
67,看下來,VA
67,這,Nep
67,次,Nf
67,的,DE
67,巴拿馬,Nc
67,口味,Na
67,鍋貼,Na
67,是,SHI
67,可以,D
67,準備,VF
67,開吃,VC
67,了,Di
67,看到,VE
67,這,Nep
67,種,Nf
67,比數,Na
67,那,Nep
67,二兵,Na
67,張育成,Nb
67,會不會,D
67,後悔,VL
67,回來,VA
67,打,VC
67,這,Nep
67,次,Nf
67,的,DE
67,經典賽,Na
68,大聯盟,Na
68,選手,Na
68,可以,D
68,參賽,VA
68,每,Nes
68,個,Nf
68,國家,Na
68,都,D
68,好幾,Neu
68,個,Nf
68,大聯盟,Na
68,好手,Na
68,台灣,Nc
68,野手,Na
68,也,D
68,有,V_2
68,但是,Cbb
68,投手,Na
68,沒有,VJ
68,王曹,Nb
68,那,Nep
68,種,Nf
68,等級,Na
68,打,VC
68,不,D
68,贏,VD
68,也,D
68,是,SHI
68,預料,VE
68,中,Ng
68,的,T
68,吧,T
68,你,Nh
68,各位,Nh
68,只要,Cbb
68,想,VE
68,著,Di
68,我們,Nh
68,啦啦隊,Na
68,慘,VH
68,電,Na
68,對手,Na
68,就,D
68,可以,D
68,釋懷,VH
68,了,T
68,所以,Cbb
68,我,Nh
68,決定,VE
68,專心,VH
68,看,VC
68,啦啦隊,Na
68,我,Nh
68,是,SHI
68,不,D
68,是,SHI
68,很,Dfa
68,聰明,VH
68,有,V_2
68,掛,VC
68,嗎,T
69,嘿嘿,D
69,各,Nes
69,路,Nf
69,城志,Nb
69,晚安,VH
69,喵,D
69,是,SHI
69,小,VH
69,弟妹,Na
69,我,Nh
69,啦,T
69,公館,Nc
69,小,VH
69,喵喵,D
69,是,SHI
69,也,D
69,今年,Nd
69,處男,Na
69,小,VH
69,公貓,Na
69,那,Nep
69,個,Nf
69,我,Nh
69,發現,VE
69,我,Nh
69,怎麼,VH
69,才,Da
69,剛,D
69,回到,VCL
69,家,Nc
69,而已,T
69,中華隊,Na
69,怎麼,D
69,馬上,D
69,就,D
69,分,VC
69,落後,VJ
69,巴拿馬,Nc
69,啊,T
69,◢▆▅▄▃,FW
69,崩╰,Nb
69,〒,FW
69,皿〒╯,Na
69,潰▃▄▅▆◣,Na
69,小喵喵,D
69,我,Nh
69,雖然,Cbb
69,還,D
69,是,SHI
69,個,Nf
69,小,VH
69,處男,Na
69,但,Cbb
69,如果,Cbb
69,我,Nh
69,以後,Nd
69,結婚,VA
69,生,VC
69,子,Na
69,應該,D
69,要,D
69,讓,VL
69,我,Nh
69,兒子,Na
69,先,D
69,學,VC
69,哪,Nep
69,種,Nf
69,投球,VA
69,球種,Na
69,才,Da
69,能,D
69,振興,VC
69,中華隊,Na
69,的,DE
69,實力,Na
69,呀,T
69,各,Nes
69,位,Nf
69,肥宅,Na
69,們,Na
69,有,V_2
69,哪些,Neqa
69,好,VH
69,的,DE
69,建議,Na
69,好,Dfa
69,希望,VK
69,中華隊,Na
69,可以,D
69,路,Na
69,贏,VD
69,下去,Di
69,啊,T
69,喵嗚,D
69,嗚嗚,D
69,今日,Nd
69,/,FW
69,第,Neu
69,篇,Nf
69,問卦,Na
69,☺☺☺,FW
69,附,VC
69,個,Di
69,圖,Na
69,///,FW
70,話說,Dk
70,每,Nes
70,次,Nf
70,體育,Na
70,賽事,Na
70,來,D
70,說,VE
70,只要,Cbb
70,練習賽,Na
70,或,Caa
70,熱身賽,Na
70,中華隊,Na
70,定,VC
70,成績,Na
70,光宗耀祖,VH
70,但,Cbb
70,每,Nes
70,次,Nf
70,到,P
70,正式,VH
70,比賽,Na
70,馬上,D
70,被,P
70,打回,VCL
70,原形,Na
70,不,D
70,是,SHI
70,技不如,VJ
70,人,Na
70,而是,Cbb
70,心理,Na
70,素質,Na
70,奇,Dfa
70,差,VH
70,無比,VH
70,或是,Caa
70,會,D
70,犯下,VC
70,些,Nf
70,低級,VH
70,的,DE
70,錯誤,Na
70,不,D
70,戰,VA
70,即,D
70,敗,VH
70,心理,Na
70,素質,Na
70,差,VH
70,要,D
70,怎麼,D
70,克服,VJ
70,啊,T
71,雖然,Cbb
71,我們,Nh
71,台灣隊,Na
71,在,P
71,熱身賽,Na
71,拿下,VC
71,全,Neqa
71,勝,VH
71,可是,Cbb
71,熱身賽,Na
71,顧名思義,Dk
71,就,D
71,只是,D
71,在,P
71,熱身,VA
71,調整,VC
71,的,DE
71,比賽,Na
71,台灣隊,Na
71,拿下,VC
71,熱身賽,Na
71,全,Neqa
71,勝,VH
71,聽起來,D
71,好像,D
71,很,Dfa
71,屌,FW
71,但,Cbb
71,會不會,D
71,只有,D
71,我們,Nh
71,台灣隊,Na
71,在,P
71,認真,VH
71,打,VC
71,其他,Neqa
71,外國,Nc
71,的,DE
71,國家隊,Na
71,根本,D
71,只是,D
71,在,P
71,休閒,VA
71,打,VC
71,甚至,D
71,只是,D
71,在,P
71,做,VC
71,打擊,Na
71,訓練,Na
71,課程,Na
71,例如,P
71,第,Neu
71,個,Nf
71,打席,Na
71,的,DE
71,任務,Na
71,是,SHI
71,打出,VC
71,右,Ncd
71,外野,Nc
71,飛球,Na
71,出局,VH
71,第二,Neu
71,個,Nf
71,打席,Na
71,要,D
71,打出,VC
71,二壘,Na
71,方向,Na
71,滾地球,Na
71,看似,VG
71,好像,D
71,出局,VH
71,了,Di
71,很,Dfa
71,廢,VC
71,，,COMMACATEGORY
71,其實,D
71,他們,Nh
71,可以,D
71,隨意,VH
71,的,DE
71,控制,VC
71,打擊,Na
71,的,DE
71,方向,Na
71,我們,Nh
71,只,Da
71,看到,VE
71,台灣隊,Na
71,熱身賽,Na
71,全,Neqa
71,勝,VH
71,，,COMMACATEGORY
71,但,Cbb
71,我們,Nh
71,是,SHI
71,不,D
71,是,SHI
71,把,P
71,事情,Na
71,看,VC
71,得,DE
71,太,Dfa
71,單純,VH
71,了,T
72,年日,Nd
72,棒球迷,Na
72,在,P
72,現場,Nc
72,看,VC
72,，,COMMACATEGORY
72,了,T
72,請問,VE
72,中華隊,Na
72,只要,Cbb
72,出,VC
72,越位,Nv
72,大,VH
72,招,Nf
72,就,D
72,能,D
72,逆轉,VA
72,勝,VH
72,，,COMMACATEGORY
72,是,SHI
72,嗎,T
72,如果,Cbb
72,平局,Na
72,是,SHI
72,不,D
72,是,SHI
72,要,D
72,九宮格,Na
72,大賽,Na
72,有,V_2
72,這,Nep
72,方面,Na
72,的,DE
72,卦,Na
72,嗎,T
73,卡達,Nc
73,是,SHI
73,上,Nes
73,屆,Nf
73,世足,Nb
73,主辦,Nv
73,國,Nc
73,也,D
73,因為,Cbb
73,這樣,VH
73,才,Da
73,有,V_2
73,機會,Na
73,在,P
73,國際,Nc
73,舞台,Na
73,上,Ncd
73,跟流,VC
73,各,Nes
73,國,Nc
73,豪強,Na
73,比賽,Na
73,經典賽,Na
73,主辦國,Nc
73,在,P
73,我們,Nh
73,這,Nep
73,雖然,Cbb
73,世界,Nc
73,積分,Na
73,排名,VG
73,很,Dfa
73,前面,Ncd
73,但是,Cbb
73,國際賽,Na
73,輸,VD
73,多,Dfa
73,勝,VH
73,少,VH
73,卡達,Nc
73,分組賽,Na
73,可以,D
73,說,VE
73,是,SHI
73,陪,VC
73,公子,Na
73,練,VC
73,劍,Na
73,球門,Na
73,被,P
73,踢,VC
73,爆,VH
73,中華隊,Na
73,經典賽,Na
73,對上,VC
73,分組,VB
73,最,Dfa
73,弱,VH
73,的,DE
73,巴拿馬,Nc
73,也,D
73,是,SHI
73,被,P
73,吊起來,VA
73,毆打,VC
73,暴揍,VC
73,這樣,VH
73,卡達,Nc
73,比較,Dfa
73,慘,VH
73,還,D
73,是,SHI
73,中華隊,Na
73,啊,T
74,只,Da
74,掉分,VH
74,時,Ng
74,不,D
74,換,VC
74,李振昌,Nb
74,現在,Nd
74,爆,VH
74,了,Di
74,分,Nf
74,才,Da
74,在,P
74,李振昌,Nb
74,年,Na
74,那,Nep
74,次,Nf
74,對,P
74,日本,Nc
74,也,D
74,是,SHI
74,爆到,VC
74,無以,D
74,復加,VC
74,了,Di
74,才,Da
74,派,VF
74,曹錦輝,Nb
74,有沒有,D
74,快年,Nd
74,過去,VA
74,了,Di
74,傳統,Na
74,都,D
74,維持,VJ
74,地,DE
74,很,Dfa
74,好,VH
74,的,DE
74,八卦,Na
75,看到,VE
75,現在,Nd
75,我,Nh
75,已經,D
75,放棄,VC
75,中華隊,Na
75,奪冠,VA
75,的,DE
75,念頭,Na
75,了,T
75,不過,Cbb
75,起碼,Da
75,要,D
75,打贏,VC
75,中國隊,Na
75,吧,T
75,今年,Nd
75,中華隊,Na
75,打,VC
75,的,DE
75,贏,VD
75,中國隊,Na
75,嗎,T
76,王建民,Nb
76,看到,VE
76,今天,Nd
76,的,DE
76,中華隊,Na
76,被,P
76,打爆,VC
76,想到,VE
76,當年,Nd
76,經典賽,Na
76,對付,VC
76,日本,Nc
76,明星隊,Nb
76,，,COMMACATEGORY
76,投,VC
76,了,Di
76,局,Nc
76,沒,D
76,失分,VH
76,有,V_2
76,沒,D
76,有,V_2
76,王建民,Nb
76,看到,VE
76,現在,Nd
76,情形,Na
76,在,P
76,想,VE
76,啥,Nep
77,先,D
77,抓,VC
77,戰犯,Na
77,啦,T
77,小玉,Nb
77,，,COMMACATEGORY
77,滿壘滾,VH
77,地,DE
77,二兵,Na
77,，,COMMACATEGORY
77,三振,VC
77,高宇杰,Nb
77,，,COMMACATEGORY
77,直,D
77,漏球,VA
77,，,COMMACATEGORY
77,短打,VA
77,不,D
77,跑,VA
77,拳,Na
77,誰,Nh
77,才,Da
77,是,SHI
77,今天,Nd
77,戰犯,Na
77,啦,T
78,萬,Neu
78,年,Nf
78,不變,VH
78,的,DE
78,球衣,Na
78,看,VC
78,了,Di
78,就,D
78,無言,VH
78,萬,Neu
78,年,Nf
78,必,D
78,吃,VC
78,的,DE
78,鍋貼,Na
78,，,COMMACATEGORY
78,不,D
78,吃,VC
78,就,D
78,不,D
78,是,SHI
78,熟悉,VJ
78,的,DE
78,每,Nes
78,次,Nf
78,都,D
78,唱,VC
78,什麼,Nep
78,再,D
78,出發,VA
78,我,Nh
78,看,VE
78,這,Nep
78,次,Nf
78,也,D
78,可以,D
78,唱,VC
78,燒肉粽,Na
78,吧,T
78,以前,Nd
78,某,Nes
78,次,Nf
78,國際賽,Na
78,，,COMMACATEGORY
78,我們,Nh
78,中華隊,Na
78,不,D
78,是,SHI
78,也,D
78,唱,VC
78,過,Di
78,嗎,T
78,呵呵,D
78,，,COMMACATEGORY
78,不,D
78,意外,VK
79,如,P
79,題,Na
79,啦,T
79,如果,Cbb
79,用,P
79,熱身賽,Na
79,戰績,Na
79,來,D
79,看,VC
79,中華隊,Na
79,應該,D
79,很,Dfa
79,穩,VH
79,其他,Neqa
79,隊,Na
79,只有,D
79,競爭,Na
79,分組,VB
79,第二,Neu
79,的,DE
79,份,Na
79,結果,Na
79,目前,Nd
79,正賽,Na
79,被,P
79,預測為,VG
79,組,Nc
79,最,Dfa
79,弱,VH
79,的,DE
79,巴拿馬,Nc
79,打,VC
79,了,Di
79,個,Nf
79,攻守,VA
79,俱崩,VH
79,因為,Cbb
79,熱身,VA
79,過,VCL
79,了,Di
79,頭,Na
80,棒球,Na
80,之,DE
80,神,Na
80,喬丹,Nb
80,曾經,D
80,說,VE
80,過,Di
80,比賽,Na
80,從,P
80,九,Neu
80,局,Nf
80,下,Nes
80,半,Neqa
80,兩,Nf
80,出局,VH
80,後,Ng
80,才,Da
80,正式,VH
80,開始,VL
80,所以,Cbb
80,你,Nh
80,各位,Nh
80,先,D
80,別,D
80,急,VH
80,中華隊,Na
80,九下,Nd
80,準備,VF
80,認真,VH
80,追分,VC
81,年,Na
81,世界盃,Nb
81,張誌家,Nb
81,本來,D
81,只,Da
81,是,SHI
81,個,Nf
81,中繼,Na
81,後來,Nd
81,發現,VE
81,他,Nh
81,投,VC
81,的,DE
81,比,P
81,先發,VA
81,好,VH
81,轉,VC
81,先發,VA
81,後,Ng
81,對,P
81,南韓,Nc
81,完投,VC
81,失分,VH
81,對,P
81,日本,Nc
81,完投,VC
81,完封,VH
81,拿下,VC
81,季軍,Na
81,進,VCL
81,中華隊,Na
81,前,Ng
81,還是,D
81,業餘,A
81,的,DE
81,身為,VG
81,日棒,Na
81,球迷,Na
81,除了,P
81,王建民,Nb
81,就,D
81,只,Da
81,記得,VK
81,他,Nh
81,了,T
81,當年,Nd
81,贏,VD
81,日本,Nc
81,南韓,Nc
81,真的,D
81,爽,VH
81,今年,Nd
81,我們,Nh
81,有,V_2
81,什麼,Nep
81,有名,VH
81,的,DE
81,投手,Na
81,嗎,T
82,備註,VE
82,請,VF
82,放,VC
82,最後,Nd
82,面違,VC
82,者,Na
82,新聞,Na
82,文章,Na
82,刪除,VC
82,媒體,Na
82,來源,Na
82,自由,VH
82,記者,Na
82,署名,VC
82,陳建志,Nb
82,完整,VH
82,新聞,Na
82,標題,Na
82,經典賽,Na
82,李維拉,Nb
82,獲贈,VC
82,台中,Nc
82,太平,VH
82,藍染,VC
82,領帶,Na
82,當地,Nc
82,鄉親,Na
82,與有榮焉,VH
82,完整,VH
82,新聞,Na
82,內文,Na
82,///,FW
82,前,Nes
82,洋基,Nb
82,守護神,Na
82,李維拉,Nb
82,左,Ncd
82,昨天,Nd
82,到,VCL
82,台中,Nc
82,，,COMMACATEGORY
82,台中,Nc
82,市長,Na
82,盧秀燕,Nb
82,右,Ncd
82,致贈,VD
82,太平,VH
82,的,DE
82,客家,Na
82,藍染,VC
82,領帶,Na
82,給,VD
82,他,Nh
82,，,COMMACATEGORY
82,讓,VL
82,當地,Nc
82,居民,Na
82,與有榮焉,VH
82,記者,Na
82,陳建志,Nb
82,翻攝,VC
82,記者,Na
82,陳建志,Nb
82,台中,Nc
82,報導,VE
82,年,Nf
82,世界,Nc
82,棒球,Na
82,經典賽組,Nc
82,預賽,Na
82,今天,Nd
82,在,P
82,台中,Nc
82,開打,VH
82,，,COMMACATEGORY
82,美國,Nc
82,職棒,Na
82,名,VG
82,人堂,Nc
82,球星,Na
82,洋基隊,Nb
82,傳奇,Na
82,守護神,Na
82,李維拉,Nb
82,應邀,VF
82,擔任,VG
82,開幕戰,Na
82,開球,VA
82,嘉賓,Na
82,，,COMMACATEGORY
82,昨天,Nd
82,與,P
82,夫人,Na
82,抵達,VCL
82,台中,Nc
82,，,COMMACATEGORY
82,為,P
82,表彰史,Na
82,上,Ncd
82,第,Neu
82,位,Nf
82,全票,Na
82,通過,VC
82,入選,VJ
82,美國,Nc
82,職棒,Na
82,大聯盟,Na
82,名人堂,Nc
82,球星,Na
82,對,P
82,台中,Nc
82,舉辦,VC
82,世界,Nc
82,棒球,Na
82,經典賽,Na
82,的,DE
82,貢獻,Na
82,，,COMMACATEGORY
82,台中,Nc
82,市長,Na
82,盧秀燕,Nb
82,特別,VH
82,頒發,VD
82,榮譽,Na
82,市民,Na
82,證書,Na
82,及,Caa
82,獎章,Na
82,，,COMMACATEGORY
82,還,D
82,致贈,VD
82,在,P
82,地台,Na
82,中,Ncd
82,太平,VH
82,的,DE
82,客家,Na
82,藍染領帶,Na
82,絲巾,Na
82,，,COMMACATEGORY
82,讓,VL
82,當地,Nc
82,民眾,Na
82,與有榮焉,VH
82,盧秀燕,Nb
82,表示,VE
82,，,COMMACATEGORY
82,經典賽,Na
82,台灣隊,Na
82,牛棚,Na
82,教練,Na
82,王建民,Nb
82,過去,Nd
82,效力,VB
82,美職,Na
82,洋基隊,Nb
82,時期,Na
82,，,COMMACATEGORY
82,李維拉,Nb
82,擔任,VG
82,救援,VC
82,投,VC
82,手,Na
82,，,COMMACATEGORY
82,以,P
82,精準,VH
82,犀利,VH
82,的,DE
82,卡特球,Na
82,為,VG
82,球隊,Na
82,守,VC
82,下場,Na
82,又,D
82,場,Nc
82,的,DE
82,勝利,VH
82,，,COMMACATEGORY
82,成為,VG
82,最,Dfa
82,知名,VH
82,的,DE
82,棒球,Na
82,守護神,Na
82,，,COMMACATEGORY
82,身為,VG
82,主辦,VC
82,城市,Na
82,市長,Na
82,及,Caa
82,球迷,Na
82,，,COMMACATEGORY
82,很,Dfa
82,高興,VK
82,代表,VC
82,市府,Nc
82,及,Caa
82,全體,Na
82,市民,Na
82,歡迎,VJ
82,李維拉,Nb
82,等,Cab
82,來賓,Na
82,來訪,VA
82,，,COMMACATEGORY
82,並,Cbb
82,頒發,VD
82,榮譽市,Nc
82,民證書,Na
82,及,Caa
82,獎章,Na
82,現場,Nc
82,除,P
82,準備,VC
82,枇杷,Na
82,火龍,Na
82,果茂谷,Na
82,柑葡萄,Na
82,等,Cab
82,台中,Nc
82,在,P
82,地,Na
82,的,DE
82,水果,Na
82,讓,VL
82,李維拉,Nb
82,品嚐,VC
82,，,COMMACATEGORY
82,更,Dfa
82,挑選,VC
82,太平,VH
82,藍,VH
82,染領帶,Na
82,及,Caa
82,絲巾,Na
82,，,COMMACATEGORY
82,送給,VD
82,李維拉,Nb
82,和,Caa
82,他,Nh
82,的,DE
82,家人,Na
82,，,COMMACATEGORY
82,獨特,VH
82,風格,Na
82,的,DE
82,客家,Na
82,手工,Na
82,藍染,Na
82,讓,VL
82,李維拉,Nb
82,驚豔,VH
82,不已,Dfb
82,水源地,Na
82,文教,Na
82,基金會,Nc
82,董事長,Na
82,葉晉玉,Nb
82,今天,Nd
82,表示,VE
82,，,COMMACATEGORY
82,大,VH
82,地震,Na
82,後,Ng
82,，,COMMACATEGORY
82,帶領,VF
82,太平頭,Nc
82,汴坑,Nc
82,客家,Na
82,居民,Na
82,種植,VC
82,藍染,VC
82,原料,Na
82,植栽,VC
82,，,COMMACATEGORY
82,並,Cbb
82,推動,VC
82,藍染,VC
82,工藝,Na
82,，,COMMACATEGORY
82,經過,VCL
82,多,Neqa
82,年,Nf
82,的,DE
82,耕耘,VA
82,，,COMMACATEGORY
82,近年,Nd
82,接連,D
82,獲獎,VH
82,，,COMMACATEGORY
82,讓,VL
82,此,Nep
82,項,Nf
82,客家,Na
82,工藝,Na
82,在,P
82,國內外,Nc
82,場合,Na
82,發光,VH
82,特別,VH
82,介紹,VE
82,這,Nep
82,次,Nf
82,送給,VD
82,李維拉,Nb
82,的,DE
82,領帶,Na
82,，,COMMACATEGORY
82,是,SHI
82,以,P
82,縫染,VC
82,的,DE
82,方式,Na
82,製作,VC
82,而,Cbb
82,成,VG
82,，,COMMACATEGORY
82,白,VH
82,藍,VH
82,相間,VH
82,的,DE
82,圖案,Na
82,相當,Dfa
82,活潑,VH
82,，,COMMACATEGORY
82,非常,Dfa
82,適合,VH
82,他,Nh
82,，,COMMACATEGORY
82,很,Dfa
82,高興,VK
82,能,D
82,將,P
82,居民,Na
82,手工,Na
82,製作,VC
82,的,DE
82,工藝品,Na
82,送給,VD
82,國際,Nc
82,棒球界,Nc
82,知名,VH
82,的,DE
82,傳奇,Na
82,球星,Na
82,完整,VH
82,新聞,Na
82,連結,VC
82,或,Caa
82,短,VH
82,網址,Na
82,不可,D
82,用,VC
82,等,Cab
82,轉載,VC
82,媒體,Na
82,/////,FW
82,備註,VE
83,跟,P
83,棒球版,Na
83,的,DE
83,堆迷,Na
83,迷戰,Na
83,真的,D
83,很,Dfa
83,好玩,VH
83,就,D
83,跟,P
83,他們,Nh
83,說,VE
83,中華隊,Na
83,還,D
83,有,V_2
83,到名,VH
83,的,DE
83,連,Cbb
83,義大利,Nc
83,都,D
83,比不過,VC
83,他們,Nh
83,還是,D
83,顧左右而言他,VA
83,明明,D
83,每,Nes
83,次,Nf
83,都,D
83,這麼,Dfa
83,爛,VH
83,結果,Dk
83,還是,D
83,照,P
83,三,Neu
83,餐,Nf
83,討論,VE
83,日,Nc
83,韓,Nc
83,美,Nc
83,好像,D
83,台灣,Nc
83,跟,P
83,他們,Nh
83,是,SHI
83,同,Nes
83,個,Nf
83,層級,Na
83,樣,Na
83,但,Cbb
83,明明,D
83,就,D
83,不,D
83,是,SHI
83,連,Cbb
83,什麼,Nep
83,義大利,Nc
83,這,Nep
83,種,Nf
83,國家,Na
83,都,D
83,輸,VD
83,歷屆,Nd
83,哪,Nep
83,屆,Nf
83,打,VC
83,得,DE
83,好,VH
83,戰績,Na
83,都,D
83,是,SHI
83,敬陪末座,VH
83,講到,VE
83,現在,Nd
83,也,D
83,只,Da
83,有,V_2
83,年,Nf
83,那,Nep
83,場,Nf
83,淚目,Na
83,之,DE
83,戰,Na
83,可以,D
83,拿出來,VB
83,這,Nep
83,就,D
83,好像,D
83,我,Nh
83,挺,Dfa
83,台藍,VH
83,直,D
83,在,P
83,討論,VE
83,美國,Nc
83,法國,Nc
83,西班牙,Nc
83,賽爾維亞,Nb
83,誰,Nh
83,比較,Dfa
83,好,VH
83,贏樣,VH
84,如,P
84,題,Na
84,不管,Cbb
84,中華隊,Na
84,贏,VD
84,球,Na
84,還是,D
84,輸到,VD
84,脫褲,Na
84,啦啦隊,Na
84,只要,Cbb
84,配合,VC
84,下,Ng
84,當下,D
84,的,DE
84,氣氛,Na
84,跟著,Cbb
84,嗨,I
84,或是,Caa
84,裝,VF
84,個,Nf
84,哭哭臉,Na
84,永遠,D
84,可以,D
84,是,SHI
84,最,Dfa
84,大,VH
84,贏家,Na
84,啊,T
84,只要,Cbb
84,看,VJ
84,得,DE
84,懂,VJ
84,比分,Na
84,，,COMMACATEGORY
84,感覺,VK
84,路,Na
84,順遂,VH
84,欸,I
84,有,V_2
84,沒有,VJ
84,啦啦隊,Na
84,才,Da
84,是,SHI
84,整,Neqa
84,場,Nf
84,最,Dfa
84,大,VH
84,贏家,Na
84,的,DE
84,掛,VC
85,如,P
85,題,Na
85,是,SHI
85,這樣子,VH
85,的,DE
85,看,VC
85,中華隊,Na
85,熱身賽,Na
85,得分,VH
85,效率,Na
85,這麼,D
85,高,VH
85,我,Nh
85,就,D
85,無,VJ
85,腦壓,Na
85,大分,Nc
85,，,COMMACATEGORY
85,相信,VK
85,中華隊,Na
85,會,D
85,暴打,VC
85,巴拿馬,Nc
85,，,COMMACATEGORY
85,可,D
85,四,Neu
85,目前,Nd
85,看下來,VC
85,中華,Nc
85,隊,Na
85,要,D
85,拿,VC
85,分,Nf
85,都,D
85,難,VH
85,，,COMMACATEGORY
85,是,SHI
85,不,D
85,是,SHI
85,只,Da
85,能,D
85,期待,VK
85,巴,Nb
85,拿,VC
85,馬,Na
85,打爆,VC
85,中華隊,Na
85,了,T
85,※,FW
85,八卦,Na
85,板務,Na
85,請到,VC
85,檢舉板,Na
85,實名,Na
85,詢問,VE
85,※,FW
85,張貼,VC
85,問卦,Na
85,請,VF
85,注意,VK
85,，,COMMACATEGORY
85,充實,VHC
85,文章,Na
85,內容,Na
85,是否,D
85,有,V_2
85,專板,Na
85,，,COMMACATEGORY
85,本,Nes
85,板,Na
85,※,FW
85,天,Na
85,只,Da
85,能,D
85,張貼,VC
85,"""",COLONCATEGORY
85,三,Neu
85,則,Nf
85,"""",FW
85,問,VE
85,卦,Na
85,，,COMMACATEGORY
85,自刪,VC
85,及,Caa
85,被,P
85,刪,VC
85,也,D
85,算,VG
85,三,Neu
85,篇,Nf
85,之,DE
85,※,FW
85,超貼,VC
85,者,Na
85,將,D
85,被,P
85,水桶,Na
85,，,COMMACATEGORY
85,請,VF
85,注意,VK
85,※,FW
85,本,Nes
85,看板,Na
85,嚴格,VH
85,禁止,VE
85,政治,Na
85,問卦,Na
85,，,COMMACATEGORY
85,發文問卦,VA
85,前,Ng
85,請,VF
85,先仔,Na
85,※,FW
85,未滿,VJ
85,繁體,Na
85,中文字,Na
85,水桶,Na
85,個,DE
85,月,Na
85,※,FW
85,未滿,VJ
85,繁體,Na
85,中文字,Na
85,水桶,Na
85,個,DE
85,月,Na
85,※,FW
85,未滿,VJ
85,繁體,Na
85,中文字,Na
85,水桶,Na
85,個,Nf
85,月,Na
85,，,COMMACATEGORY
85,嚴重,VH
85,者,Na
85,以,P
85,鬧板論,Na
85,，,COMMACATEGORY
85,請,VF
85,注意,VK
85,※,FW
85,↑,FW
85,看完,VC
85,提醒,VE
85,請,VF
85,刪除,VC
86,剛剛,D
86,啊,I
86,看到,VE
86,巴拿馬,Nc
86,的,DE
86,表現,Na
86,已經,D
86,被,P
86,巴拿馬,Nc
86,國家,Na
86,隊圈,Na
86,粉,VH
86,了,Di
86,看到,VE
86,後面,Ncd
86,也,D
86,不自覺,VK
86,幫,P
86,巴拿馬,Nc
86,加油,VB
86,了,Di
86,大家,Nh
86,怎麼,D
86,看,VC
87,安安,Nb
87,，,COMMACATEGORY
87,我,Nh
87,老魯,Nb
87,啦,T
87,，,COMMACATEGORY
87,又,Caa
87,老,VH
87,又,Caa
87,魯,VH
87,老魯,Nb
87,看,VC
87,世界,Nc
87,棒賽,Na
87,也,D
87,有餘,VH
87,每,Nes
87,次,Nf
87,中華隊,Na
87,的,DE
87,走勢,Na
87,就,D
87,是,SHI
87,開始,VL
87,好像,D
87,勢均力敵,VH
87,，,COMMACATEGORY
87,中間,Ncd
87,突然,D
87,被,P
87,打爆,VC
87,，,COMMACATEGORY
87,醒過來,VH
87,下,Ng
87,，,COMMACATEGORY
87,偶爾,D
87,幾,Neu
87,局,Nf
87,攻佔,VC
87,得,DE
87,點,VC
87,圈,Na
87,，,COMMACATEGORY
87,然後,D
87,分作,VG
87,收,VC
87,就,D
87,這樣,Dfa
87,慢慢,VH
87,的,DE
87,打到,VC
87,最後,Nd
87,，,COMMACATEGORY
87,輸球,VH
88,球類,Na
88,運動,Na
88,本來,D
88,就,D
88,是,SHI
88,靠,P
88,兩,Neu
88,個,Nf
88,天才,Na
88,在,D
88,撐,VC
88,王建民,Nb
88,曹錦輝,Nb
88,郭泓志,Nb
88,陳金鋒,Nb
88,等,Cab
88,最近,Nd
88,年,Nf
88,個,Nf
88,人才,Na
88,都,D
88,沒有,VJ
88,星,Na
88,中華隊,Na
88,沒,VJ
88,明星,Na
88,就,D
88,是,SHI
88,併,VC
88,被,P
88,宰爽,VH
88,的,DE
88,有,V_2
88,沒,D
88,有,V_2
88,中華隊,Na
88,這,Nep
88,次,Nf
88,會,D
88,連敗,VH
88,的,DE
88,八卦,Na
88,明知道,VK
88,會,D
88,被,P
88,電,Na
88,還,D
88,去,D
88,舉辦,VC
88,嫌,VK
88,錢,Na
88,太多,VH
89,剛剛,D
89,看,VC
89,新聞,Na
89,採訪,VC
89,個路人,Na
89,有,V_2
89,個,Nf
89,都,D
89,支持,VC
89,中華隊,Na
89,但是,Cbb
89,中華隊,Na
89,的,DE
89,實力,Na
89,大家,Nh
89,心照不宣,VH
89,會不會,D
89,跟,P
89,何金銀,Nb
89,的,DE
89,朋友,Na
89,們樣,VH
89,雖然,Cbb
89,精神,Na
89,上,Ncd
89,支持,VC
89,但是,Cbb
89,身體,Na
89,還是,D
89,都,D
89,買,VC
89,大,VH
89,師兄,Na
89,贏,VD
89,大家,Nh
89,嘴巴,Na
89,挺,Dfa
89,中華隊,Na
89,會不會,D
89,手,Na
89,上,Ncd
89,的,DE
89,票券,Na
89,都,D
89,是,SHI
89,全,Neqa
89,押,VC
89,巴拿馬,Nc
90,只要,Cbb
90,打,VC
90,國際賽,Na
90,就,D
90,是,SHI
90,感覺,VK
90,怕怕,VH
90,的,DE
90,投球,VA
90,也,D
90,怕,VK
90,打擊,Na
90,也,D
90,想,VE
90,很多,Neqa
90,又,D
90,不,D
90,積極,VH
90,真的,D
90,是,SHI
90,民族性,Na
90,嗎,T
90,我,Nh
90,就,D
90,怕,VK
90,被,P
90,罵,VC
91,林襄,Nb
91,呀,T
91,賭魔,Na
91,陳金城,Nb
91,跟,Caa
91,巴拿馬,Nc
91,總統,Na
91,有,V_2
91,些,Nf
91,交情,Na
91,陳金城,Nb
91,又,D
91,時,Ng
91,不時,D
91,的,DE
91,抽,VC
91,雪茄,Na
91,///,FW
91,看到,VE
91,抽菸,VA
91,就,D
91,想到,VE
91,林襄,Nb
91,所以,Cbb
91,戰犯,Na
91,是,SHI
91,林襄,Nb
91,得,VJ
91,證,VE
92,如,P
92,題,Na
92,本,Nes
92,屆,Nf
92,第,Neu
92,分,Nf
92,但,Cbb
92,還,D
92,落後,VJ
92,分,VC
92,請,VF
92,繼續,VF
92,加油,VB
92,雖然,Cbb
92,我,Nh
92,覺得,VK
92,可能,D
92,要,VC
92,了,Di
92,看來,D
92,大餅,Na
92,跟,P
92,小玉,Nb
92,要,D
92,扛,VC
92,了,Di
93,狂賀,VE
93,宇宙,Na
93,最,Dfa
93,強,VH
93,中華隊,Na
93,分,VD
93,了,Di
93,該,D
93,怎麼,D
93,慶祝,VE
93,爽死,VH
93,等等,Cab
93,打電話,VB
93,跟,P
93,老闆,Na
93,說,VE
93,明天,Nd
93,請假,VA
93,明天,Nd
93,請,VF
93,天假,Na
93,去,D
93,黑,VH
93,皮,Na
93,大家,Nh
93,有,V_2
93,什麼,Nep
93,建議,Na
93,的,DE
93,地方,Na
93,可以,D
93,瘋狂,VH
93,慶祝,VE
93,嗎,T
94,不,D
94,是,SHI
94,啊,T
94,狀況,Na
94,看起來,D
94,就,D
94,不,D
94,好,VH
94,上去,VA
94,還是,D
94,球,Na
94,來,D
94,就,D
94,打,VC
94,然後,D
94,史密達,Nb
94,是,SHI
94,趕下班,Nc
94,回家,VA
94,睡覺,VA
94,是,SHI
94,不,D
94,是,SHI
95,各位,Nh
95,熱愛,VL
95,棒球,Na
95,沒有,VJ
95,棒球,Na
95,就,D
95,會,D
95,吃,VC
95,不,D
95,下,VC
95,飯,Na
95,睡,VA
95,不,D
95,著覺,VK
95,的,DE
95,觀眾,Na
95,捧,VC
95,油,Na
95,大家,Nh
95,好,VH
95,搭給,VD
95,厚胎,Na
95,嘎厚,VH
95,中華隊,Na
95,漸入佳境,VH
95,大家,Nh
95,來,D
95,猜猜,VE
95,看揪,VC
95,竟,D
95,臺灣,Nc
95,巨砲,Na
95,陳金鋒,Nb
95,鋒哥,Nb
95,要,D
95,藏到,VCL
95,第幾,Neu
95,局,Nf
95,才,Da
95,會,D
95,上場,VA
95,代打,VB
95,逆轉,VA
95,勝,VH
96,安安,Nb
96,各位,Nh
96,豬哥嘌,Na
96,你們,Nh
96,在,D
96,看,VC
96,精點,VC
96,女孩,Na
96,吧,T
96,想,VE
96,問,VE
96,顆顆,Neqa
96,鍾,Nb
96,每,Nes
96,次,Nf
96,都,D
96,說,VE
96,穩有,VJ
96,兩,Neu
96,種,Nf
96,請問,VE
96,中華隊,Na
96,現在,Nd
96,局勢,Na
96,哪,Nep
96,種,Nf
97,蔡英文,Nb
97,現身,VA
97,洲際,Nc
97,棒球場,Nc
97,棒接,VC
97,棒力,Na
97,挺,VC
97,台灣隊,Na
97,民視,Nc
97,新聞網,Na
97,游明哲,Nb
97,世界,Nc
97,棒球,Na
97,經典賽組,Nc
97,預賽,Na
97,今日,Nd
97,在,P
97,台中,Nc
97,洲際,Nc
97,棒球場,Nc
97,點燃,VC
97,戰火,Na
97,，,COMMACATEGORY
97,台灣隊,Na
97,在,P
97,晚,VH
97,間時,Nd
97,迎戰,VC
97,巴拿馬,Nc
97,，,COMMACATEGORY
97,副總統,Na
97,兼,VG
97,民進黨,Nb
97,主席,Na
97,賴清德,Nb
97,台中,Nc
97,市長,Na
97,盧秀燕,Nb
97,等,Cab
97,人,Na
97,，,COMMACATEGORY
97,都,D
97,到場,VA
97,替,P
97,台灣隊,Na
97,加油,VB
97,，,COMMACATEGORY
97,總統,Na
97,蔡英文,Nb
97,晚間,Nd
97,也,D
97,現身力挺,VH
97,台灣隊,Na
97,經典賽,Na
97,，,COMMACATEGORY
97,組,VC
97,預賽,Na
97,晚間,Nd
97,在,P
97,台中,Nc
97,洲際,Nc
97,棒球場,Nc
97,登場,VA
97,，,COMMACATEGORY
97,台灣隊,Na
97,對上,VC
97,巴拿馬,Nc
97,，,COMMACATEGORY
97,晚間,Nd
97,開球,VA
97,的,DE
97,部分,Neqa
97,除,P
97,了,Di
97,副總統,Na
97,賴清德,Nb
97,名人堂,Nc
97,球星,Na
97,李維拉,Nb
97,投球,VA
97,外,Ng
97,，,COMMACATEGORY
97,恰恰,D
97,彭政閔,Nb
97,台灣,Nc
97,之,DE
97,光,Na
97,王建民,Nb
97,擔任,VG
97,捕手,Na
97,蔡英文,Nb
97,晚間,Nd
97,也,D
97,現身為,VG
97,台灣隊,Na
97,加油,VB
97,，,COMMACATEGORY
97,她,Nh
97,透過,P
97,影片,Na
97,說到,VE
97,，,COMMACATEGORY
97,睽違,VH
97,十,Neu
97,年,Nf
97,，,COMMACATEGORY
97,世界,Nc
97,棒球,Na
97,經典賽,Na
97,的,DE
97,分組賽,Na
97,，,COMMACATEGORY
97,今年,Nd
97,再度,D
97,回到,VCL
97,台灣,Nc
97,舉辦,VC
97,，,COMMACATEGORY
97,大家,Nh
97,定,VC
97,都,D
97,非常,Dfa
97,興奮,VH
97,棒球,Na
97,精神,Na
97,，,COMMACATEGORY
97,跟,P
97,我們,Nh
97,台灣,Nc
97,精神,Na
97,樣,Na
97,，,COMMACATEGORY
97,面對,VC
97,挑戰,Na
97,，,COMMACATEGORY
97,我們,Nh
97,都,D
97,會,D
97,用盡,VC
97,全,Neqa
97,力,Na
97,，,COMMACATEGORY
97,棒接棒,Na
97,，,COMMACATEGORY
97,球,Na
97,接,VC
97,球,Na
97,，,COMMACATEGORY
97,團結,VHC
97,拚,VC
97,到,P
97,最後,Nd
97,我們,Nh
97,起,VC
97,和,Caa
97,台灣隊,Na
97,奮戰,VA
97,到,P
97,最後,Nd
97,刻,VC
97,今晚,Nd
97,，,COMMACATEGORY
97,台灣,Nc
97,對上,VC
97,巴拿馬,Nc
97,，,COMMACATEGORY
97,我們,Nh
97,起,VJ
97,祝福,VC
97,台灣隊,Na
97,，,COMMACATEGORY
97,成功,VH
97,捍衛,VC
97,台灣,Nc
97,主,A
97,場,Nc
97,挺,VC
97,台灣,Nc
97,挺進,VA
97,東京,Nc
97,前進,VA
97,邁阿密,Nc
97,/////,FW
98,中華隊,Na
98,也,D
98,太,Dfa
98,慘,VH
98,了,T
98,吧,T
98,，,COMMACATEGORY
98,才,Da
98,第,Neu
98,場,Nf
98,诶,FW
98,是,SHI
98,不,D
98,是,SHI
98,他們,Nh
98,沒有,D
98,用,P
98,訓練,Na
98,的,DE
98,關係,Na
98,阿,T
98,，,COMMACATEGORY
98,如果,Cbb
98,用,P
98,訓練,Na
98,就,D
98,能,D
98,抓到,VC
98,手感,Na
98,吧,T
98,怎麼,D
98,防守,VC
98,，,COMMACATEGORY
98,怎麼,D
98,打擊,VC
98,現在,Nd
98,也,D
98,不,D
98,貴,VH
98,阿,T
98,，,COMMACATEGORY
98,用,P
98,訓練,Na
98,加上,VC
98,實戰,Na
98,很,Dfa
98,難,VH
98,輸,VD
98,吧,T
98,訓練,Na
98,也,D
98,很,Dfa
98,簡單,VH
98,，,COMMACATEGORY
98,直接,VH
98,把,P
98,前,Nes
98,名,A
98,選手,Na
98,資料,Na
98,輸入進去,VC
98,訓練,VC
98,這樣,VH
98,怎麼,D
98,輸,VD
99,每,Nes
99,次,Nf
99,在,P
99,國內,Nc
99,吹噓,VE
99,結果,Na
99,都,D
99,打,VC
99,那麼,D
99,爛,VH
99,吸引,VJ
99,堆瞎,VH
99,妹,Na
99,腦迷,Na
99,吹捧,VC
99,死忠迷,Na
99,是,SHI
99,不,D
99,是,SHI
99,都,D
99,以為,VE
99,中華隊,Na
99,是,SHI
99,世界,Nc
99,最,Dfa
99,強,VH
100,是否,D
100,有,V_2
100,專板,Na
100,本板,Na
100,並非,D
100,萬能,VH
100,問板,VA
100,三,Neu
100,則,Nf
100,他媽的,I
100,王柏融,Nb
100,碰到,VC
100,得,DE
100,點,Nf
100,圈,Na
100,就,D
100,打成,VG
100,這樣,VH
100,我們,Nh
100,中華民國,Nc
100,投注,VC
100,那麼多,Neqa
100,資源,Na
100,在,P
100,你,Nh
100,身,Na
100,上,Ncd
100,怎麼,D
100,不,D
100,去,D
100,死死,VH
100,啦,T
100,隔壁,Nc
100,老王,Nb
100,很,Dfa
100,愛國,VH
100,，,COMMACATEGORY
100,把,P
100,他,Nh
100,的,DE
100,身家,Na
100,都,D
100,押,VC
100,在,P
100,中華隊,Na
100,了,T
100,結果,Dk
100,打出,VC
100,這,Nep
100,種,Nf
100,成績,Na
100,我,Nh
100,只是,D
100,替,P
100,他,Nh
100,討,VD
100,公道,Na
100,的,DE
100,大家,Nh
100,八卦板,Na
100,就,D
100,是,SHI
100,要,D
100,這樣,VH
100,用,VC
100,的,DE
100,請,VF
100,注意,VK
100,天,Na
100,只,Da
100,能,D
100,發,VD
100,三,Neu
100,篇,Nf
100,問卦帖,Na
100,天,Nc
100,最多,Da
100,發,VD
100,五,Neu
100,則,Nf
100,帖子,Na
101,罵,VC
101,的,DE
101,才,Da
101,差分,Na
101,中華隊,Na
101,逆轉,VA
101,吧,T
101,才,Da
101,差分,Na
101,中華隊,Na
101,給,P
101,你,Nh
101,逆轉,VA
101,啊,T
101,每,D
101,推,VC
101,Ｐ,FW
101,發,VD
101,個,Di
101,罵,VC
101,的,DE
101,給,VD
101,我,Nh
101,逆轉,VA
101,啊,T
101,大家,Nh
101,快,D
101,來,D
101,集氣,VA
101,啊,T
101,用力,VH
101,推,VC
101,大力,D
101,推,VC
101,後面,Ncd
101,團結點,Na
101,先,D
101,不要,D
101,發文,VC
101,了,Di
101,通通,D
101,給,VD
101,我,Nh
101,來,D
101,這,Nep
101,篇,Nf
101,每,D
101,推,VC
101,Ｐ,FW
101,發,VD
101,千,Neu
101,個,Nf
101,啦,T
101,大家,Nh
101,快,D
101,來,D
101,集氣,VA
101,啊,T
102,即使,Cbb
102,鋒哥,Nb
102,退休,VH
102,好幾,Neu
102,年,Nf
102,了,T
102,，,COMMACATEGORY
102,但,Cbb
102,只要,Cbb
102,看,VC
102,中華隊,Na
102,的,DE
102,比賽,Na
102,還是,D
102,會,D
102,很,Dfa
102,懷念,VJ
102,這,Nep
102,位,Nf
102,永遠,VH
102,的,DE
102,台灣,Nc
102,巨砲,Na
102,想到,VE
102,前,Nes
102,幾,Neu
102,年,Nf
102,中,Ng
102,職刷,VC
102,彈力,Na
102,球刷,VC
102,爽爽,VH
102,的,DE
102,時候,Na
102,，,COMMACATEGORY
102,迷迷,Na
102,們,Na
102,還,D
102,吹捧,VC
102,小玉,Nb
102,比,P
102,鋒哥,Nb
102,強,VH
102,很多,Neqa
102,結果,Dk
102,今天,Nd
102,截至,P
102,現在,Nd
102,，,COMMACATEGORY
102,斷,VHC
102,在,P
102,小玉,Nb
102,攻勢,Na
102,上,Ncd
102,的,DE
102,殘壘,Na
102,已經,D
102,好幾,Neu
102,次,Nf
102,了,T
102,所以,Cbb
102,小玉,Nb
102,是,SHI
102,不,D
102,是,SHI
102,連,Cbb
102,鋒哥,Nb
102,的,DE
102,車尾燈,Na
102,都,D
102,看,VE
102,不,D
102,到,VE
102,有,V_2
102,沒,D
102,有,V_2
102,鋒哥,Nb
102,安定感,Na
102,很,Dfa
102,難,VH
102,讓,VL
102,人,Na
102,超越,VC
102,的,DE
102,八卦,Na
103,約,Da
103,四,Neu
103,年,Nf
103,前,Ng
103,我們,Nh
103,出,VC
103,了,Di
103,個,Nf
103,屠殺,VC
103,台灣,Nc
103,職棒,Na
103,聯盟,Na
103,的,DE
103,四,Neu
103,割,VC
103,男,Na
103,火力,Na
103,之,DE
103,強,Nv
103,當年,Nd
103,還,D
103,被,P
103,球迷,Na
103,質疑,VE
103,用,P
103,球,Na
103,太,Dfa
103,彈,VC
103,然後,D
103,年,Na
103,他,Nh
103,說,VE
103,為何,D
103,不,D
103,願,VK
103,承認,VE
103,打者,Na
103,進步,VH
103,時光,Na
103,飛逝,VA
103,剛剛,D
103,他,Nh
103,急躁,VH
103,出棒,VA
103,直接,VH
103,三,Neu
103,遊,VCL
103,前,Ng
103,鳥,Na
103,飛,VA
103,自殺,VA
103,中華隊,Na
103,兩,Neu
103,個,Nf
103,壘包,Na
103,子彈,Na
103,泡湯,VH
103,我們,Nh
103,再,D
103,來,D
103,回味,VJ
103,下,Nes
103,///,FW
103,///,FW
103,///,FW
103,請問,VE
103,有,V_2
103,當年,Nd
103,承認,VE
103,打者,Na
103,進步,VH
103,很,Dfa
103,難,VH
103,的,DE
103,八卦,Na
103,嗎,T
104,投手,Na
104,上來,VA
104,練球,VA
104,，,COMMACATEGORY
104,直,D
104,送,VD
104,壞球,Na
104,總教練,Na
104,很,Dfa
104,有,V_2
104,耐心,Na
104,，,COMMACATEGORY
104,給,VD
104,他,Nh
104,三,Neu
104,個,Nf
104,打席,Na
104,調整,VC
104,也,D
104,給,P
104,打擊,VC
104,好幾,Neu
104,次,Nf
104,的,DE
104,機會,Na
104,捕手球,Na
104,都,D
104,接,VC
104,不,D
104,到,VC
104,可以,D
104,繼續,VF
104,蹲,VA
104,，,COMMACATEGORY
104,繼續,VF
104,打,VC
104,板凳,Na
104,攻擊性,Na
104,捕手,Na
104,不,D
104,敢,VL
104,用,VC
104,這,Nep
104,個,Nf
104,調度,VC
104,，,COMMACATEGORY
104,今天,Nd
104,應該,D
104,是,SHI
104,熱身賽,Na
104,而已,T
104,吧,T
105,短期,Nd
105,賽事,Na
105,就,D
105,是,SHI
105,比,P
105,誰,Nh
105,投手,Na
105,強,VH
105,沒有,VJ
105,王曹郭,Nb
105,等級,Na
105,的,DE
105,是,SHI
105,不,D
105,是,SHI
105,就,D
105,無法,D
105,壓制,VC
105,等級,Na
105,以上,Ng
105,的,DE
105,打者,Na
105,投手,Na
105,也,D
105,不,D
105,是,SHI
105,說,VE
105,投,VC
105,不,D
105,好,VC
105,對方,Nh
105,就,D
105,是,SHI
105,能,D
105,來,D
105,發,VC
105,大,VH
105,的,DE
105,雖然,Cbb
105,野手,Na
105,排開來,VC
105,不錯,VH
105,明顯,VH
105,斷層,Na
105,那,Nep
105,兩,Neu
105,位,Nf
105,就,D
105,不,D
105,說,VE
105,了,Di
105,這樣,VH
105,局爆,VH
105,大,VH
105,比,P
105,分,VC
105,任隊,Nb
105,都,D
105,追,VC
105,不,D
105,回來,VA
105,吧,T
105,有,V_2
105,投手,Na
105,不,D
105,夠,VH
105,大物,Na
105,的,DE
105,掛,VC
105,嗎,T
106,上,Nes
106,次,Nf
106,經典賽,Na
106,中華隊,Na
106,被,P
106,以色列,Nc
106,輸,VD
106,荷蘭,Nc
106,輸,VD
106,韓國,Nc
106,打,VC
106,得,DE
106,非常,Dfa
106,慘烈,VH
106,，,COMMACATEGORY
106,但,Cbb
106,感覺,VK
106,當時,Nd
106,至少,Da
106,兩,Neu
106,場,Nf
106,可以,D
106,打到,VC
106,後面,Ncd
106,經典賽,Na
106,中華隊,Na
106,有,V_2
106,比,P
106,這,Nep
106,次,Nf
106,強,VH
106,嗎,T
107,阿肥,Nb
107,家,Nc
107,平常,Nd
107,訂,VC
107,的,DE
107,電視,Na
107,頻道,Na
107,版權,Na
107,問題,Na
107,，,COMMACATEGORY
107,看,VE
107,不,D
107,到,VE
107,轉播,VC
107,啦,T
107,，,COMMACATEGORY
107,索性,D
107,今天,Nd
107,訂,VC
107,了,Di
107,運動館,Nc
107,，,COMMACATEGORY
107,想,VE
107,看,VC
107,愛爾達,Nb
107,的,DE
107,轉播,VC
107,，,COMMACATEGORY
107,家人,Na
107,也,D
107,都,D
107,很,Dfa
107,期待,VK
107,今天,Nd
107,的,DE
107,賽事,Na
107,看到,VE
107,現在,Nd
107,，,COMMACATEGORY
107,各,Nes
107,種,Nf
107,守備,Nv
107,美技,Na
107,，,COMMACATEGORY
107,都,D
107,快,D
107,變成,VG
107,巴粉,Na
107,了,T
107,有沒有,D
107,剛,D
107,訂,VC
107,運動館,Nc
107,的,DE
107,人,Na
107,在,P
107,想,VE
107,什麼,Nep
107,的,DE
107,卦,Na
108,沒有,VJ
108,次,Nf
108,看,VC
108,中華隊,Na
108,打成,VG
108,這樣,VH
108,的,DE
108,要,VC
108,什麼,Nep
108,沒,VJ
108,什麼,Nep
108,狂,Na
108,出包,VH
108,打,VC
108,得,DE
108,有夠,Dfa
108,像,VG
108,系隊,Na
108,不,D
108,知道,VK
108,今年,Nd
108,季前賽,Na
108,王者,Na
108,富邦,Nb
108,整,VC
108,隊,Nf
108,帶去,VC
108,打,VC
108,打,VC
108,得,DE
108,會,D
108,怎麼樣,VH
109,幹幹,VA
109,幹,VC
109,是,SHI
109,不,D
109,是,SHI
109,要,D
109,請,VF
109,大,VH
109,檸檬,Na
109,幫忙,VC
109,檢查,VE
109,下,Ng
109,中華隊,Na
109,的,DE
109,手套,Na
109,幹,I
109,接,VC
109,個,Di
109,球,Na
109,都,D
109,會,D
109,滾出來,VA
109,都,D
109,漏,VH
109,幾,Neu
109,球,Na
109,了,T
109,這,Nep
109,破,VHC
109,的,DE
109,洞,Na
109,大,VH
109,的,DE
109,很,Dfa
109,吧,T
109,用,P
109,這,Nep
109,種,Nf
109,爛,VH
109,裝備,Na
109,比賽,Na
109,公平,VH
109,嗎,T
109,幹,I
109,卦,Na
110,餓死,VHC
110,抬頭,VA
110,今天,Nd
110,賽事,Na
110,，,COMMACATEGORY
110,聽說,VE
110,現場,Nc
110,我們,Nh
110,主場,Na
110,打打,VC
110,巴拿馬,Nc
110,的,DE
110,比賽,Na
110,，,COMMACATEGORY
110,好區,Nc
110,門票,Na
110,還,D
110,有,V_2
110,到,VCL
110,的,DE
110,但,Cbb
110,看,VC
110,現場,Nc
110,比賽,Na
110,是,SHI
110,吃,VC
110,氣氛,Na
110,臨場,Nd
110,而且,Cbb
110,你,Nh
110,所在,Na
110,的,DE
110,位置,Na
110,，,COMMACATEGORY
110,這,Nep
110,個,Nf
110,視角,Na
110,就是,Cbb
110,得,D
110,固定,VH
110,看完,VC
110,全,Neqa
110,場,Nf
110,如果,Cbb
110,比賽,Na
110,過程,Na
110,很,Dfa
110,慘,VH
110,甚至,D
110,結果,Na
110,不如,VJ
110,預期,Na
110,太多,VH
110,不,D
110,就,D
110,有,V_2
110,種,Nf
110,票錢,Na
110,放,VC
110,水流,Na
110,的,DE
110,嘔血感,Na
110,嗎,T
110,當然,D
110,還是,D
110,希望,VK
110,最後,Nd
110,我們,Nh
110,",",COMMACATEGORY
110,能夠,D
110,贏,VD
110,巴拿馬,Nc
110,啦,T
110,但,Cbb
110,萬,D
110,不幸,Na
110,輸掉,VJ
110,，,COMMACATEGORY
110,這樣,VH
110,會不會,D
110,其實,D
110,把,P
110,省下來,VI
110,開,VC
110,個,Di
110,看,VC
110,連結,VC
110,或是,Caa
110,看,VC
110,愛爾達,Nb
110,，,COMMACATEGORY
110,除了,P
110,觀賽,VA
110,多,Neqa
110,視角,Na
110,不要,D
110,去,VCL
110,現場,Nc
110,買氣,Na
110,受,VJ
110,還,D
110,比較,Dfa
110,開心,VH
110,也,D
110,不,D
110,算,VG
110,銅板價,Na
110,至少,Da
110,可以,D
110,買,VC
110,些,Nf
110,好,VH
110,料,Na
110,邊,D
110,吃,VC
110,邊,D
110,看,VC
110,吧,T
110,是,SHI
110,說,VE
110,",",COMMACATEGORY
110,有,V_2
110,多出來,VH
110,的,DE
110,各,Nes
110,位,Nf
110,八卦,Na
110,宵夜系,Na
110,專家,Na
110,，,COMMACATEGORY
110,通常,D
110,會,D
110,買,VC
110,什麼,Nep
110,好料,Na
110,來,D
110,吃,VC
110,呢,T
110,有,V_2
110,沒有,VJ
110,特別,VH
110,好,VH
110,料,Na
110,的,DE
110,八卦,Na
110,，,COMMACATEGORY
110,分享,VJ
110,下,Ng
110,，,COMMACATEGORY
110,感恩,VI
111,蛤,Na
111,什麼,Nep
111,聽說,VE
111,今天,Nd
111,中華隊,Na
111,在,P
111,上課,VA
111,教師,Na
111,叫,VG
111,什麼,Nep
111,巴拿馬,Nc
111,的,DE
111,上,VC
111,了,Di
111,五,Neu
111,節,Nf
111,課,Na
111,就,D
111,被,P
111,噹,D
111,到,P
111,爆,VH
111,剩下,VJ
111,的,DE
111,四,Neu
111,節,Nf
111,課,Na
111,怎麼辦,VH
112,看到,VE
112,中華隊,Na
112,這,Nep
112,種,Nf
112,表現,Na
112,真的,D
112,會,D
112,吐,VC
112,血,Na
112,如果,Cbb
112,鄉民,Na
112,組團,VA
112,下去,Di
112,代表,VC
112,中華隊,Na
112,會不會,D
112,打,VC
112,的,DE
112,還,D
112,比,P
112,中華隊,Na
112,好,VH
112,有,V_2
112,沒,D
112,有,V_2
112,八卦,Na
112,呢,T
113,經典賽,Na
113,各,Nes
113,國,Nc
113,都,D
113,是,SHI
113,最,Dfa
113,強,VH
113,的,DE
113,出來,VA
113,應該,D
113,被,P
113,的,DE
113,機率,Na
113,不,D
113,高,VH
113,吧,T
113,有,V_2
113,發生,VJ
113,過,Di
113,嗎,T
113,還是,D
113,就,D
113,快要,D
113,發生,VJ
113,了,Di
113,回答,VE
113,的,DE
113,出來,VA
113,嗎,T
114,中華隊,Na
114,對得起,VJ
114,現場,Nc
114,名,Na
114,台灣線上,Nb
114,收看,VC
114,的,DE
114,粉絲,Na
114,嗎,T
114,日,Nc
114,你,Nh
114,馬,Na
114,退錢,VB
114,老實,VH
114,講,VE
114,才,Da
114,打到,VC
114,第六,Neu
114,局,Nf
114,而且,Cbb
114,還是,D
114,打,VC
114,巴拿馬,Nc
114,，,COMMACATEGORY
114,結果,Dk
114,打到,VC
114,真的,D
114,有點,Dfa
114,難過,VK
114,欸,I
114,日,Nc
114,你,Nh
114,馬,Na
114,退錢,VB
115,看看,VE
115,賽,Na
115,前,Ng
115,賠率,Na
115,，,COMMACATEGORY
115,中華隊,Na
115,小贏,VD
115,應該,D
115,有,V_2
115,不少,Neqa
115,日,Nf
115,球迷,Na
115,小,VH
115,買點,Na
115,支持,VC
115,現在,Nd
115,都,D
115,在,P
115,想,VE
115,什麼,Nep
115,呢,T
115,三,Neu
115,個,Nf
115,字,Na
115,，,COMMACATEGORY
115,超級,Dfa
115,可悲,VH
116,再,D
116,來,VA
116,個,Nf
116,三分,Neqa
116,七,Neu
116,局,Nf
116,打完,VC
116,就,D
116,可以,D
116,早點,D
116,回去,VA
116,休息,VA
116,準備,VF
116,下場,VA
116,了,Di
116,可是,Cbb
116,問題,Na
116,是,SHI
116,中華隊,Na
116,你,Nh
116,明天,Nd
116,沒,D
116,比賽,VA
116,啊,T
116,早點,D
116,回去,VA
116,休息,VA
116,沒用,VH
116,啊,T
117,張,Nb
117,二兵,Na
117,被,P
117,全,Neqa
117,台,Nc
117,球迷,Na
117,攻擊到,VC
117,爆,VH
117,，,COMMACATEGORY
117,不,D
117,打,VC
117,就,D
117,回來,VA
117,當兵,VA
117,看來,D
117,張,Nb
117,的,DE
117,決定,Na
117,應該,D
117,是,SHI
117,對,VH
117,的,T
117,吧,T
117,，,COMMACATEGORY
117,浪費,VC
117,春訓,Na
117,時間,Na
117,回來,VA
117,打,VC
117,這,Nep
117,種,Nf
117,鳥,Na
117,比賽,Na
117,以下,Ncd
117,開放,VC
117,道歉,VB
118,中華隊,Na
118,直接,VH
118,打包,VA
118,游回來,VA
118,吧,T
118,從,P
118,台中港,Nc
118,開始,VL
118,游,VA
118,游回,VCL
118,各,Nes
118,隊,Nf
118,主場,Na
118,不要,D
118,打,VC
118,了,Di
118,浪費,VC
118,大家,Nh
118,時間,Na
119,比賽,Na
119,情蒐,Na
119,是,SHI
119,很,Dfa
119,重要,VH
119,的,T
119,目前,Nd
119,打,VC
119,了,Di
119,場,Nf
119,分別,D
119,是,SHI
119,荷蘭,Nc
119,古巴,Nc
119,巴拿馬,Nc
119,中華,Nc
119,相信,VK
119,大谷翔平,Nb
119,都,D
119,看,VC
119,在,P
119,眼,Na
119,裡,Ncd
119,那,Dk
119,他,Nh
119,現在,Nd
119,在,D
119,想,VE
119,啥,Nep
119,可憐,VHC
119,吶,T
120,對,P
120,巴拿馬,Nc
120,球員,Na
120,沒,VJ
120,什麼,Nep
120,研究,VE
120,反倒,Cbb
120,是,SHI
120,中華隊,Na
120,球員,Na
120,能,D
120,上場,VA
120,的,DE
120,在,P
120,中職,Na
120,都,D
120,算,VG
120,線,Na
120,球星,Na
120,吧,T
120,怎麼,D
120,會,D
120,打成,VG
120,這樣,VH
120,這,Nep
120,次,Nf
120,被,P
120,打成,VG
120,這樣,VH
120,是,SHI
120,巴拿馬,Nc
120,太,Dfa
120,強,VH
120,還是,Caa
120,中華隊,Na
120,太,Dfa
120,爛,VH
120,唉,I
120,當年,Nd
120,能,D
120,打,VC
120,的,DE
120,彭政閔,Nb
120,林智勝,Nb
120,陳金鋒,Nb
120,陳鏞基,Nb
120,我,Nh
120,好,Dfa
120,想,VE
120,你們,Nh
121,人家,Nh
121,阿根廷,Nc
121,也,D
121,是,SHI
121,世界,Nc
121,排名,VG
121,第二,Neu
121,啊,T
121,世足賽,Nb
121,開踢,VH
121,前,Ng
121,也,D
121,是,SHI
121,連,Cbb
121,不,D
121,敗,VH
121,啊,T
121,結果,Dk
121,第,Neu
121,場,Nf
121,就,D
121,輸給,VD
121,沙烏地阿拉伯,Nc
121,後來,Nd
121,精神,Na
121,領袖,Na
121,梅西,Nb
121,卻,D
121,帶領,VF
121,球隊,Na
121,氣氛,Na
121,路,Na
121,連勝,VH
121,到,P
121,奪冠,VA
121,相信,VK
121,中華隊,Na
121,倒,D
121,吃,VC
121,甘蔗路,Na
121,挺進,VA
121,邁阿密,Nc
121,奪下,VC
121,世界,Nc
121,冠軍,Na
122,巴拿馬,Nc
122,目前,Nd
122,打,VC
122,得,DE
122,中華隊,Na
122,滿,Neqa
122,地,Na
122,找,VC
122,牙,Na
122,會不會,D
122,其實,D
122,巴拿馬,Nc
122,是,SHI
122,組,Nc
122,最,Dfa
122,強,VH
122,的,DE
122,比,P
122,荷蘭,Nc
122,義大利,Nc
122,古巴,Nc
122,都,D
122,強,VH
123,中華隊,Na
123,的,DE
123,球員,Na
123,們,Na
123,你們,Nh
123,代表,VK
123,台灣,Nc
123,比賽,Na
123,儘管,Cbb
123,成績,Na
123,不,D
123,如意,VH
123,但,Cbb
123,你們,Nh
123,已經,D
123,很,Dfa
123,棒,VH
123,了,T
123,今天,Nd
123,看到,VE
123,你們,Nh
123,盡力,VH
123,的,DE
123,樣子,Na
123,我們,Nh
123,已經,D
123,很,Dfa
123,滿意,VK
123,了,T
123,別,D
123,管,VE
123,那些,Neqa
123,只,Da
123,想,VE
123,看贏,VC
123,球,Na
123,的,DE
123,球迷,Na
124,第六,Neu
124,局,Nf
124,還,D
124,沒,D
124,打完,VC
124,已經,D
124,被,P
124,第十二,Neu
124,名,Nf
124,的,DE
124,了,T
124,想,VE
124,問,VE
124,是,SHI
124,發生,VJ
124,了,Di
124,什麼,Nep
124,事,Na
124,嗎,T
124,中華隊,Na
124,還,D
124,在,D
124,讓,VL
124,等等,Cab
124,應該,D
124,要,D
124,大,VH
124,逆轉,VA
124,了,T
124,吧,T
124,是否,D
124,有,V_2
124,專板,Na
124,本板,Na
124,並非,D
124,萬能,VH
124,問板,VA
124,三,Neu
124,則,Nf
124,本,Nes
124,看板,Na
124,嚴格,VH
124,禁止,VE
124,政治,Na
124,問卦,Na
124,未滿,VJ
124,繁體,Na
124,中文字,Na
124,水桶,Na
124,個,DE
124,月,Na
124,未滿,VJ
124,繁體,Na
124,中文字,Na
124,水桶,Na
124,個,DE
124,月,Na
124,未滿,VJ
124,繁體,Na
124,中文字,Na
124,水桶,Na
124,個,Nf
124,月,Na
124,，,COMMACATEGORY
124,嚴重,VH
124,者,Na
124,以,P
124,鬧板論,Na
125,目前,Nd
125,中華隊,Na
125,打,VC
125,巴拿馬,Nc
125,，,COMMACATEGORY
125,六,Neu
125,局,Nf
125,失,VJ
125,了,Di
125,分,Nf
125,想到,VE
125,前,Nes
125,幾,Neu
125,天,Nf
125,大谷,Nb
125,熱身賽,Na
125,，,COMMACATEGORY
125,面對,VC
125,日職,Na
125,轟出,VC
125,兩,Neu
125,支,Nf
125,全壘打,Na
125,想,VE
125,問,VE
125,如果,Cbb
125,和,P
125,日本隊,Na
125,打,VC
125,，,COMMACATEGORY
125,會,D
125,被,P
125,得,VJ
125,幾,Neu
125,分,Nf
125,///,FW
126,本來,D
126,今天,Nd
126,開打,VH
126,前,Ng
126,還,D
126,在,P
126,想要,VE
126,不要,D
126,訂閱,VC
126,下去,Di
126,支持,VC
126,下,Ng
126,的,DE
126,看完,VC
126,中華隊,Na
126,的,DE
126,表現,Na
126,看,VC
126,就,D
126,夠,VH
126,了,T
126,不用,D
126,什麼,Nep
126,高畫質,Na
126,跟,Caa
126,順暢,VH
126,連,Cbb
126,都,D
126,不配,D
126,我,Nh
126,花,VC
126,還,D
126,沒,D
126,訂閱,VC
126,的,DE
126,免費仔,Na
126,們,Na
126,是,SHI
126,不,D
126,是,SHI
126,覺得,VK
126,好險,VH
127,世界,Nc
127,排名,VG
127,第二,Neu
127,的,DE
127,中華隊,Na
127,，,COMMACATEGORY
127,目前,Nd
127,，,COMMACATEGORY
127,這,Nep
127,局,Nf
127,個人,Nh
127,都,D
127,沒,D
127,解決,VC
127,，,COMMACATEGORY
127,李維拉,Nb
127,看到,VE
127,這,Nep
127,場,Nf
127,比賽,Na
127,會,D
127,跟,P
127,王建民,Nb
127,說,VE
127,什麼,Nep
127,有,V_2
127,沒,D
127,有,V_2
127,卦,Na
128,今天,Nd
128,中華隊,Na
128,第,Neu
128,戰,Na
128,對,P
128,巴拿馬,Nc
128,開球,VA
128,嘉賓,Na
128,是,SHI
128,終結,VC
128,者,Na
128,里維拉,Nb
128,和,P
128,台灣,Nc
128,之,DE
128,光,Na
128,王建民,Nb
128,照理,D
128,來,D
128,說,VE
128,打擊者,Na
128,要,D
128,故意,VL
128,揮棒,VA
128,落空,VH
128,但,Cbb
128,如果,Cbb
128,打擊者,Na
128,突然,D
128,牙,Na
128,起來,VA
128,夯,VH
128,了,Di
128,支特大號,Nb
128,把,P
128,球,Na
128,扛出,VC
128,全壘打,Na
128,牆,Na
128,會,D
128,怎麼樣,VH
128,嗎,T
128,可以,D
128,跟,P
128,啦啦隊,Na
128,瘋狂,VH
128,做菜,VA
128,嗎,T
128,卦,Na
129,如,P
129,題,Na
129,張育成,Nb
129,當初,Nd
129,不,D
129,想,VE
129,回來,VA
129,是,SHI
129,不,D
129,是,SHI
129,先知,Na
129,加入,VC
129,這,Nep
129,種,Nf
129,鳥隊,Nb
129,根本,D
129,浪費,VC
129,時間,Na
129,啊,T
129,結果,Dk
129,被,P
129,情勒,Nb
129,不得不,D
129,回來,VA
129,可憐,VHC
129,的,DE
129,二兵,Na
130,是,SHI
130,啞巴,Na
130,嗎,T
130,投手,Na
130,投壞球,Na
130,就,D
130,幫,P
130,他,Nh
130,加油,VB
130,啊,T
130,不然,Cbb
130,你們,Nh
130,去,VCL
130,現場,Nc
130,看,VC
130,球,Na
130,幹嘛,VA
130,這,Nep
130,場,Nf
130,完全,D
130,敗,VH
130,在,P
130,球迷,Na
130,連,Cbb
130,鼓勵,VF
130,都,D
130,不會,D
130,球迷,Na
130,素質,Na
130,代,D
130,不如,VJ
130,代,Na
130,球員,Na
130,辛苦,VHC
130,了,T
130,您們,Nh
130,已經,D
130,是,SHI
130,心,Na
130,中,Ng
130,的,DE
130,冠軍,Na
130,大王,Na
130,已經,D
130,帶,VC
130,我們,Nh
130,去,VCL
130,日本,Nc
130,育成,VC
130,已經,D
130,帶,VC
130,我們,Nh
130,去,VCL
130,美國,Nc
130,冠軍,Na
130,也,D
130,娶,VC
130,不,D
130,到,VC
130,林襄,Nb
131,前面,Ncd
131,看,VC
131,老胡,Nb
131,投起來,D
131,想,VE
131,說,VE
131,巴拿馬,Nc
131,也,D
131,還好,VH
131,吧,T
131,沒,VJ
131,力,Na
131,之後,Ng
131,後面,Ncd
131,沒,VJ
131,個,Nf
131,壓,VC
131,得,DE
131,住,VC
131,有,V_2
131,哪,Nep
131,位,Nf
131,還,D
131,看,VC
131,得,DE
131,下去,Di
131,很,Dfa
131,像,VG
131,又,D
131,保送,VC
131,了,Di
131,我,Nh
131,怎麼說,VH
131,又,D
131,呢,T
131,奇怪,VK
131,我,Nh
131,是,SHI
131,艾連,Nb
131,嗎,T
131,有,V_2
131,胡智為,Nb
131,蠻,Dfa
131,強,VH
131,的,DE
131,掛,VC
131,嗎,T
131,我,Nh
131,現在,Nd
131,宣布,VE
131,中華隊,Na
131,沒,D
131,被,P
131,倒,D
131,算,VG
131,贏,VD
132,謝謝,VJ
132,中華隊,Na
132,成人組,Na
132,讓,VL
132,我們,Nh
132,有,V_2
132,機會,Na
132,看,VC
132,下,Nes
132,屆,Nf
132,資格賽,Na
132,讓,VL
132,台灣,Nc
132,同志,Na
132,有,V_2
132,更多,Neqa
132,國家,Na
132,比賽,Na
132,可以,D
132,看,VC
132,也,D
132,謝謝,VJ
132,中華隊,Na
132,小朋友,Na
132,你們,Nh
132,的,DE
132,奮戰,VA
132,精神,Na
132,讓,VL
132,台灣,Nc
132,世界,Nc
132,排名,VG
132,第二,Neu
132,讓,VL
132,全,Neqa
132,世界,Nc
132,都,D
132,知道,VK
132,有,V_2
132,個,Nf
132,棒球,Na
132,強權,Na
132,小島國,Nc
132,的,DE
132,存在,VA
132,有,V_2
132,小朋友,Na
132,養成,VC
132,跟,P
132,成年,VH
132,培育,VC
132,差距,Na
132,的,DE
132,八卦,Na
132,嗎,T
133,媒體,Na
133,來源,Na
133,記者,Na
133,署名,VC
133,吳政紘,Nb
133,完整,VH
133,新聞,Na
133,標題,Na
133,經典,Na
133,賽組,Na
133,戰力,Na
133,評比,VC
133,中華隊,Na
133,僅,Da
133,為,P
133,今,Nd
133,戰,Na
133,巴拿馬,Nc
133,絕對,D
133,不能,D
133,輸,VD
133,完整,VH
133,新聞,Na
133,內文,Na
133,世界,Nc
133,棒球,Na
133,經典賽,Na
133,今日,Nd
133,中午,Nd
133,正式,VH
133,開打,VH
133,，,COMMACATEGORY
133,由,P
133,組,Nc
133,兩,Neu
133,強,VH
133,荷蘭,Nc
133,大戰,Na
133,古巴,Nc
133,揭開,VC
133,序幕,Na
133,，,COMMACATEGORY
133,同樣,Dfa
133,分,VC
133,在,P
133,組,Nc
133,的,DE
133,中華隊,Na
133,，,COMMACATEGORY
133,這,Nep
133,屆,Nf
133,經典賽,Na
133,賽事,Na
133,身為,VG
133,地主國,Na
133,，,COMMACATEGORY
133,從,P
133,今晚,Nd
133,出戰,VC
133,巴拿馬,Nc
133,開始,Ng
133,，,COMMACATEGORY
133,日,Nc
133,休兵天,Nd
133,，,COMMACATEGORY
133,日,Nc
133,迎戰,VC
133,義大利,Nc
133,，,COMMACATEGORY
133,日,Nc
133,晚場,Na
133,大戰,VC
133,荷蘭,Nc
133,，,COMMACATEGORY
133,緊接著,D
133,日,Na
133,中午,Nd
133,則,D
133,和,P
133,傳統,VH
133,強權,Na
133,古巴隊,Na
133,交手,VA
133,雖然,Cbb
133,這,Nep
133,屆,Nf
133,中華隊,Na
133,號召,VF
133,國內外,Nc
133,球星,Na
133,組隊,VA
133,，,COMMACATEGORY
133,以,P
133,純,VH
133,本土,Nc
133,陣容,Na
133,上場,VA
133,，,COMMACATEGORY
133,但,Cbb
133,外媒,Na
133,分析,VC
133,中華隊,Na
133,戰力,Na
133,評比為,VG
133,，,COMMACATEGORY
133,和,P
133,荷蘭隊,Na
133,評價,Na
133,相同,VH
133,，,COMMACATEGORY
133,而,Cbb
133,今晚,Nd
133,首,Nes
133,戰,Na
133,巴拿馬,Nc
133,評比,VC
133,則,D
133,是,SHI
133,，,COMMACATEGORY
133,組,Nc
133,中,Ncd
133,評價,Na
133,最,Dfa
133,高,VH
133,則,D
133,是,SHI
133,古巴,Nc
133,和,Caa
133,義大利,Nc
133,的,DE
133,不過,Cbb
133,外媒,Na
133,評比,VC
133,參考,VC
133,就,D
133,好,VH
133,，,COMMACATEGORY
133,棒球,Na
133,比賽,Na
133,可,D
133,不,D
133,是,SHI
133,比,P
133,明星,Na
133,多少,Neqa
133,就,D
133,行,VH
133,，,COMMACATEGORY
133,團隊,Na
133,戰力,Na
133,臨場,Nd
133,發揮,VJ
133,還,D
133,有,V_2
133,球迷,Na
133,加持,VB
133,的,DE
133,地主,Na
133,優勢,Na
133,，,COMMACATEGORY
133,這,Nep
133,屆,Nf
133,中華隊,Na
133,整合好,VC
133,團隊,Na
133,凝聚力,Na
133,高,VH
133,，,COMMACATEGORY
133,從,P
133,熱身賽,Na
133,全,Neqa
133,勝,VH
133,就,D
133,能,D
133,看,VC
133,出,VJ
133,端倪,Na
133,，,COMMACATEGORY
133,而且,Cbb
133,強大,VH
133,的,DE
133,球迷,Na
133,也,D
133,是,SHI
133,中華隊,Na
133,最,Dfa
133,大,VH
133,的,DE
133,隱形,VH
133,優勢,Na
133,，,COMMACATEGORY
133,比賽,Na
133,打,VC
133,過,Di
133,才,Da
133,知道,VK
133,，,COMMACATEGORY
133,前進,VA
133,東京,Nc
133,八,Neu
133,強賽,Na
133,直,D
133,衝,VA
133,美國,Nc
133,決賽,Na
133,不,D
133,是,SHI
133,夢,Na
133,根據,P
133,日本,Nc
133,媒體,Na
133,分析,VC
133,各,Nes
133,組,Nf
133,實力,Na
133,，,COMMACATEGORY
133,中華隊,Na
133,雖然,Cbb
133,由,P
133,大聯盟,Na
133,好手,Na
133,張育成,Nb
133,林子偉,Nb
133,等,Cab
133,領軍,VA
133,，,COMMACATEGORY
133,還,D
133,有,V_2
133,日職,Na
133,好手,Na
133,王柏融,Nb
133,吳念庭,Nb
133,宋家豪,Nb
133,等,Cab
133,聯手,VH
133,出擊,VA
133,，,COMMACATEGORY
133,但,Cbb
133,戰力,Na
133,評比,VC
133,被,P
133,評為,VG
133,，,COMMACATEGORY
133,荷蘭,Nc
133,也,D
133,被,P
133,評為,VG
133,，,COMMACATEGORY
133,只有,Cbb
133,古巴,Nc
133,義大利,Nc
133,被,P
133,評為,VG
133,，,COMMACATEGORY
133,而,Cbb
133,巴拿馬,Nc
133,則,D
133,是,SHI
133,，,COMMACATEGORY
133,這樣,VH
133,看來,D
133,，,COMMACATEGORY
133,中華隊,Na
133,對,VC
133,巴拿馬,Nc
133,，,COMMACATEGORY
133,更,Dfa
133,不可以,D
133,輸,VD
133,分析,VC
133,內容,Na
133,認為,VE
133,古巴隊,Na
133,實力,Na
133,堅強,VH
133,，,COMMACATEGORY
133,尤其,D
133,有,V_2
133,大聯盟,Na
133,好手,Na
133,等,Cab
133,金,Na
133,手套,Na
133,等級,Na
133,球星,Na
133,坐鎮,VCL
133,，,COMMACATEGORY
133,晉級,VJ
133,機會,Na
133,大增,VH
133,義大利,Nc
133,則,D
133,是,SHI
133,有,V_2
133,不少,Neqa
133,好手,Na
133,退出,VCL
133,後,Ng
133,，,COMMACATEGORY
133,還是,D
133,組成,VG
133,強大,VH
133,的,DE
133,陣容,Na
133,，,COMMACATEGORY
133,的,DE
133,打擊,Na
133,實力,Na
133,依舊,D
133,不容,D
133,小覷,VJ
133,，,COMMACATEGORY
133,被,P
133,看好,VJ
133,是,SHI
133,巧打,VC
133,好手,Na
133,，,COMMACATEGORY
133,都,D
133,是,SHI
133,長打,Na
133,好手,Na
133,，,COMMACATEGORY
133,但,Cbb
133,義大利,Nc
133,的,DE
133,投手,Na
133,陣容,Na
133,較為,Dfa
133,薄弱,VH
133,荷蘭隊,Na
133,大家,Nh
133,並,D
133,不,D
133,陌生,VI
133,，,COMMACATEGORY
133,是,SHI
133,今年,Nd
133,跟,P
133,教士隊,Nb
133,簽下,VC
133,年億,Neu
133,美元,Nf
133,的,DE
133,超級,A
133,游擊手,Na
133,，,COMMACATEGORY
133,其他,Neqa
133,如,P
133,等,Cab
133,都,D
133,是,SHI
133,台灣,Nc
133,球迷,Na
133,不,D
133,陌生,VI
133,的,DE
133,舊面孔,Na
133,，,COMMACATEGORY
133,但,Cbb
133,荷蘭隊,Na
133,是否,D
133,可以,D
133,完整,VH
133,串連,VC
133,戰力,Na
133,，,COMMACATEGORY
133,也,D
133,要,D
133,看,VC
133,投手,Na
133,群,Na
133,的,DE
133,狀況,Na
133,經典賽,Na
133,預賽,Na
133,轉播,VC
133,時間表,Na
133,古巴荷蘭,Nb
133,巴拿馬,Nc
133,台灣,Nc
133,轉播,VC
133,平台,Na
133,愛爾達,Nb
133,體育台,Nc
133,愛爾達,Nb
133,體育台,Nc
133,愛爾達,Nb
133,體育,Na
133,台東森,Nb
133,電視台,Nc
133,轉播,VC
133,完整,VH
133,新聞,Na
133,連結,VC
133,或,Caa
133,短,VH
133,網址,Na
133,不可,D
133,用,VC
133,等,Cab
133,轉載,VC
133,媒體,Na
133,////,FW
133,備註,VE
133,巴拿馬,Nc
133,是,SHI
134,沒,D
134,看過,VC
134,這,Nep
134,種,Nf
134,比賽,Na
134,真的,D
134,有夠,Dfa
134,爛,VH
134,還好,D
134,有,V_2
134,真,D
134,香,VH
134,的,DE
134,啦啦隊,Na
134,所以,Cbb
134,這,Nep
134,屆,Nf
134,最,Dfa
134,強,VH
134,的,DE
134,是,SHI
134,啦啦隊,Na
134,是,SHI
134,吧,T
135,如,P
135,題,Na
135,啦,T
135,今天,Nd
135,對上,VC
135,歐巴馬,Nb
135,本來,D
135,滿心,D
135,期待,VK
135,的,DE
135,打開,VC
135,電視,Na
135,結果,Dk
135,卻,D
135,是,SHI
135,強制,D
135,把,P
135,晚餐,Na
135,變成,VG
135,鍋貼,Na
135,讓,VL
135,人,Na
135,不禁,VL
135,擔心,VK
135,是,SHI
135,不,D
135,是,SHI
135,沒,VJ
135,多久,Nd
135,中華隊,Na
135,會,D
135,直接,VH
135,出局,VH
135,今天,Nd
135,很多,Neqa
135,人,Na
135,都,D
135,表現,VC
135,不佳,VH
135,但是,Cbb
135,電視機,Na
135,前,Ncd
135,的,DE
135,各,Nes
135,位,Nf
135,女士,Na
135,先生,Na
135,這邊,Ncd
135,有,V_2
135,件,Nf
135,事,Na
135,要,D
135,請,VF
135,你們,Nh
135,列入,VJ
135,考量,VE
135,之前,Nd
135,健仔,Na
135,常常,D
135,輸球,VH
135,中華隊,Na
135,這,Nep
135,次,Nf
135,也,D
135,不幸,D
135,輸球,VH
135,這,Nep
135,有,V_2
135,道理,Na
135,嗎,T
135,沒有,VJ
135,這,Nep
135,根本點,Na
135,道理,Na
135,也,D
135,沒有,VJ
135,各,Nes
135,位,Nf
135,女士,Na
135,先生,Na
135,你們,Nh
135,定,D
135,要,D
135,仔細,VH
135,想想,VE
135,李維拉,Nb
135,選,VC
135,在,P
135,這,Nep
135,個,Nf
135,時間,Na
135,拜訪,VC
135,台灣,Nc
135,剛好,VH
135,中華隊,Na
135,就,D
135,輸球,VH
135,李維拉,Nb
135,跟,P
135,中華隊,Na
135,也,D
135,沒有,VJ
135,任何,Neqa
135,關係,Na
135,這,Nep
135,有,V_2
135,道理,Na
135,嗎,T
135,沒有,VJ
135,李維拉,Nb
135,跟,P
135,王建民,Nb
135,根本,D
135,就,D
135,不,D
135,是,SHI
135,兄弟,Na
135,因為,Cbb
135,這,Nep
135,根本,D
135,就,D
135,不,D
135,合理,VH
135,所以,Cbb
135,這切,VH
135,是,SHI
135,不,D
135,是,SHI
135,其實,D
135,就,D
135,是,SHI
135,李維拉,Nb
135,的,DE
135,問題,Na
135,有,V_2
135,相關,VH
135,八卦,Na
135,嗎,T
136,我,Nh
136,記得,VK
136,今年,Nd
136,賽,Na
136,前,Ng
136,的,DE
136,時候,Na
136,世界,Nc
136,棒球,Na
136,經典賽,Na
136,的,DE
136,宣傳,VC
136,海報,Na
136,沒有,D
136,放,VC
136,台灣,Nc
136,的,DE
136,球員,Na
136,被,P
136,台灣,Nc
136,這裡,Ncd
136,抗議,VE
136,現在,Nd
136,看起來,D
136,中華隊,Na
136,的確,D
136,是,SHI
136,很,Dfa
136,爛,VH
136,啊,T
136,有,V_2
136,沒,D
136,有,V_2
136,大聯盟,Na
136,官方,Na
136,很,Dfa
136,準,VH
136,的,DE
136,八卦,Na
137,我,Nh
137,日,Nc
137,球迷,Na
137,啦,T
137,中華隊,Na
137,好像,D
137,快,D
137,被,P
137,了,Di
137,想,VE
137,問,VE
137,巴拿馬,Nc
137,這,Nep
137,支,Nf
137,球隊,Na
137,大概,D
137,什麼,Nep
137,等級,Na
137,啊,T
137,有,V_2
137,到,P
137,小,VH
137,聯盟,Na
137,嗎,T
137,求解,VB
137,怎麼,D
137,感覺,VK
137,把,P
137,中華隊,Na
137,打到,VC
137,變,VG
137,智障,VH
138,///,FW
138,現在,Nd
138,六,Neu
138,局,Nf
138,上,Nes
138,所以,Cbb
138,適用,VJ
138,七,Neu
138,局,Nf
138,以前,Ng
138,分差,Na
138,達分,VH
138,規則,Na
138,然後,D
138,人家,Nh
138,現在,Nd
138,無,VJ
138,人,Na
138,出局,VH
138,滿壘,VH
138,有,V_2
138,沒,D
138,有,V_2
138,地主國,Na
138,快,D
138,被,P
138,摳,VC
138,的,DE
138,八卦,Na
139,如,P
139,題,Na
139,今天,Nd
139,中華隊,Na
139,投手,Na
139,被,P
139,打爆,VC
139,而且,Cbb
139,我們,Nh
139,很,Dfa
139,有,V_2
139,自信,Na
139,只,Da
139,帶,VC
139,了,Di
139,位,Nf
139,投手,Na
139,還,D
139,被,P
139,英文台,Nc
139,主播,Na
139,酸說,VE
139,今天,Nd
139,會不會,D
139,投手,Na
139,全,Neqa
139,上,VCL
139,是,SHI
139,不,D
139,是,SHI
139,應該,D
139,派,VF
139,個,Di
139,野手,Na
139,上來,VA
139,投,VC
139,就,D
139,好,VH
139,了,T
140,如,P
140,題,Na
140,中華隊,Na
140,眼見,VE
140,快要,D
140,落後,VJ
140,十分,Dfa
140,了,T
140,目前,Nd
140,剩下,VJ
140,四,Neu
140,個,Nf
140,半,Neqa
140,局,Nc
140,可以,D
140,進攻,VCL
140,大家,Nh
140,覺得,VK
140,這,Nep
140,種,Nf
140,國際賽事,Na
140,有,V_2
140,機會,Na
140,追,VC
140,得,DE
140,回來,VA
140,嗎,T
141,大家,Nh
141,好,VH
141,我,Nh
141,台灣,Nc
141,中華隊,Na
141,世界,Nc
141,第二,Neu
141,棒球,Na
141,強國,Na
141,好像,D
141,再,D
141,兩,Neu
141,分,Nf
141,就,D
141,可以,D
141,扣倒,VC
141,了,Di
141,被,P
141,比賽完,VC
141,肚子,Na
141,會,D
141,很,Dfa
141,餓,VH
141,大家,Nh
141,推薦,VC
141,中華隊,Na
141,吃,VC
141,什麼,Nep
141,宵夜,Na
141,呢,T
141,有,V_2
141,卦,Na
141,嗎,T
142,如,Cbb
142,題,VC
142,台灣,Nc
142,木棒組,Nc
142,的,DE
142,青棒,Na
142,豪強,Na
142,有,V_2
142,打敗,VC
142,過,Di
142,甲子園,Nc
142,聯隊,Na
142,的,DE
142,實績,Na
142,平鎮,Nc
142,穀保,Nb
142,等,Cab
142,強權,Na
142,還,D
142,被,P
142,棒球板,Na
142,分析,VC
142,有,V_2
142,甲子園,Nc
142,爭霸,VA
142,的,DE
142,實力,Na
142,既然,Cbb
142,現在,Nd
142,高中生,Na
142,選秀,Na
142,是,SHI
142,顯學,Na
142,為什麼,D
142,這麼,Dfa
142,強,VH
142,的,DE
142,高中生,Na
142,不能,D
142,加強,VC
142,中華隊,Na
142,的,DE
142,競爭力,Na
142,呢,T
142,為什麼,D
142,打,VC
142,國際賽,Na
142,還是,D
142,打,VC
142,的,DE
142,這麼,Dfa
142,難看,VH
142,咧,T
143,歹彎郎,Nb
143,的,DE
143,節儉,VH
143,性格,Na
143,這,Nep
143,次,Nf
143,的,DE
143,票外野,Nc
143,也,D
143,要,VE
143,阿,T
143,但,Cbb
143,被,P
143,電成,VG
143,這樣,VH
143,以,P
143,來,D
143,說,VE
143,人,Na
143,至少,Da
143,會,D
143,走,VA
143,半,Neqa
143,以上,Ng
143,歹彎郎,Na
143,都,D
143,沒,D
143,離開,VC
143,是,SHI
143,因為,Cbb
143,什麼,Nep
143,票價,Na
143,相信,VK
143,奇蹟,Na
143,想,VE
143,繼續,VF
143,幫,P
143,中華隊,Na
143,加油,VB
143,給,VD
143,力量,Na
143,不,D
143,離,VC
143,不,D
143,棄,VC
143,是,SHI
143,哪,Nep
143,個,Nf
143,啊,T
143,嗚嗚,D
143,嗚,I
144,我,Nh
144,是,SHI
144,說,VE
144,國際賽,Na
144,拉嘻嘻,Na
144,每,Nes
144,次,Nf
144,到,VCL
144,後面,Ncd
144,幾,Neu
144,天,Nf
144,都,D
144,有,V_2
144,勤奮,VH
144,的,DE
144,鄉民,Na
144,在,P
144,那,Ncd
144,幫忙,VC
144,計算,VC
144,晉級,VJ
144,機率,Na
144,如何,D
144,晉級,VJ
144,抓放,VC
144,等等,Cab
144,第,Neu
144,天,Nf
144,看到,VE
144,這,Nep
144,場,Nf
144,也,D
144,不錯,VH
144,吧,T
144,現實,Na
144,就,D
144,是,SHI
144,這,Nep
144,屆,Nf
144,中華隊,Na
144,投手,Na
144,就,D
144,是,SHI
144,發球機,Na
144,每,Nes
144,個,Nf
144,能,D
144,期待,VK
144,的,DE
144,打者,Na
144,普普,Nb
144,晉級,VJ
144,八,Neu
144,強,Na
144,機會,Na
144,就,D
144,是,SHI
144,大家,Nh
144,放鬆,VHC
144,看,VC
144,球,Na
144,就,D
144,好,VH
145,如,P
145,題,Na
145,個,Nf
145,出局,VH
145,數,Na
145,都,D
145,沒,D
145,抓到,VC
145,的,DE
145,局,Nc
145,上,Ncd
145,半,Neqa
145,用,VC
145,了,Di
145,三,Neu
145,顆,Nf
145,投手,Na
145,中華隊,Na
145,的,DE
145,失分,Na
145,來到,VCL
145,了,Di
145,位數,Na
145,希望,VK
145,能夠,D
145,繼續,VF
145,加油,VB
146,中華隊,Na
146,目前,Nd
146,被,P
146,血洗,VC
146,中,Ng
146,，,COMMACATEGORY
146,賽前,Nd
146,巴拿馬,Nc
146,可是,D
146,世界級,Na
146,的,DE
146,超強隊,Na
146,中華隊,Na
146,開始,VL
146,落後,VJ
146,正常,VH
146,，,COMMACATEGORY
146,最後,Nd
146,定,D
146,能夠,D
146,逆轉,VA
146,勝,VH
146,，,COMMACATEGORY
146,就,D
146,好像,D
146,湘北,Nc
146,山王,Na
146,戰樣,Na
146,對,VH
146,吧,T
147,如,P
147,題,Na
147,啦,T
147,中華隊,Na
147,的,DE
147,實力,Na
147,放到,VC
147,美國,Nc
147,棒球,Na
147,體系,Na
147,來,D
147,比較,VC
147,的話,Cba
147,水準,Na
147,大概,D
147,落在,VCL
147,哪,Nep
147,邊,Ncd
147,有的,Neqa
147,說,VE
147,~,FW
147,太,Dfa
147,低估,VJ
147,了,Di
147,吧,T
147,感覺,VK
147,如果,Cbb
147,實力,Na
147,全部,Neqa
147,發揮,VJ
147,大概,D
147,~,FW
147,之間,Ng
147,有,V_2
147,沒,D
147,有,V_2
147,卦,Na
148,幹,I
148,我,Nh
148,道歉,VB
148,我,Nh
148,跟,P
148,智,Na
148,為,P
148,大哥,Na
148,道歉,VB
148,你,Nh
148,真的,D
148,很,Dfa
148,猛,VH
148,了,T
148,真的,D
148,猛,VH
148,我,Nh
148,錯怪,VJ
148,你,Nh
148,了,T
148,看看,VC
148,後面,Ncd
148,這,Nep
148,群,Nf
149,看來,D
149,差距,Na
149,已經,D
149,很,Dfa
149,明顯,VH
149,了,T
149,正,D
149,所謂,VK
149,凡事,Na
149,太,Dfa
149,盡,VH
149,緣份,Na
149,早,D
149,盡,VJ
149,贏,VD
149,球,Na
149,讓,VL
149,分,VC
149,日後,Nd
149,好,VH
149,相見,VA
149,巴拿馬,Nc
149,也,D
149,懂,VK
149,東方,Ncd
149,這,Nep
149,種,Nf
149,體貼,VJ
149,的,DE
149,文化,Na
149,呢,T
149,畢竟,D
149,也,D
149,是,SHI
149,在,P
149,別人,Nh
149,家,Nc
149,作客,VA
149,謝謝,VJ
149,你們,Nh
149,大勝,VJ
149,中華隊,Na
150,查,VE
150,自,Nh
150,年,Na
150,中華隊,Na
150,對上,VC
150,古巴隊,Na
150,，,COMMACATEGORY
150,被,P
150,古巴,Nc
150,以,P
150,比,P
150,提早,VL
150,在,P
150,局,Nc
150,結束,VHC
150,比賽,Na
150,今天,Nd
150,很,Dfa
150,大,VH
150,機會,Na
150,可以,D
150,破紀,VA
150,錄,VC
150,了,Di
150,沒,VJ
150,錯,Na
150,吧,T
150,那,Nep
150,幾,Neu
150,位,Nf
150,投手,Na
150,也,D
150,可以,D
150,列入,VJ
150,史冊,Na
150,了,T
150,睽違,VH
150,年,Na
150,再,D
150,創,VC
150,佳績,Na
151,有,V_2
151,可能,Na
151,被,P
151,連,Nb
151,四,Neu
151,拉,VC
151,四,Neu
151,嗎,T
151,我,Nh
151,看,VE
151,這樣子,VH
151,張育成,Nb
151,真的,D
151,不要,D
151,回來,VA
151,比較,Dfa
151,好,VH
151,我,Nh
151,真的,D
151,看,VC
151,不,D
151,下去,Di
151,了,Di
151,齁齁,VH
151,齁齁,I
151,齁齁,I
151,齁齁,I
151,齁齁,VH
151,齁,FW
152,因為,Cbb
152,知道,VK
152,兩萬,Neu
152,人,Na
152,散場,VH
152,很,Dfa
152,不,D
152,容易,VH
152,外面,Ncd
152,崇德路,Nc
152,又,D
152,在,D
152,施工,VA
152,加上,Cbb
152,明天,Nd
152,又,D
152,要,D
152,上班,VA
152,上課,VA
152,所以,Cbb
152,讓,VL
152,進場,VA
152,的,DE
152,人,Na
152,分流,VH
152,離場,VA
152,六,Neu
152,局,Nf
152,走,VA
152,點,Nf
152,七,Neu
152,局,Nf
152,走,VA
152,點,Nf
152,這樣,VH
152,外面,Ncd
152,就,D
152,不會,D
152,塞車,VH
152,啦,T
152,有,V_2
152,沒,D
152,有,V_2
152,中華隊,Na
152,很,Dfa
152,貼心,VH
152,的,DE
152,八卦,Na
153,聽說,VE
153,面板,Na
153,報價,Na
153,即將,D
153,要,D
153,調漲,VC
153,今天,Nd
153,棒球賽,Na
153,中華隊,Na
153,被,P
153,殺,VC
153,的,DE
153,稀巴爛,VH
153,預期,VE
153,會,D
153,有,V_2
153,大量,Neqa
153,電視,Na
153,被,P
153,砸爛,VC
153,所以,Cbb
153,要,D
153,買,VC
153,哪,Nep
153,家,Nc
153,的,DE
153,股票,Na
153,會,D
153,比較,Dfa
153,好,VH
154,大家,Nh
154,晚安,VH
154,大家,Nh
154,好,VH
154,近期,Nd
154,即將,D
154,開打,VH
154,，,COMMACATEGORY
154,剛剛,D
154,打開,VC
154,電視,Na
154,看到,VE
154,巴拿馬,Nc
154,對上,VC
154,中華隊,Na
154,比數,Na
154,是,SHI
154,巴拿馬,Nc
154,中華,Nc
154,，,COMMACATEGORY
154,這,Nep
154,場,Nf
154,應該,D
154,是,SHI
154,熱身賽,Na
154,吧,T
154,請問,VE
154,中華隊,Na
154,正式,VH
154,比賽,Na
154,是,SHI
154,哪,Nep
154,天,Nf
154,開打,VH
155,如,P
155,題,Na
155,，,COMMACATEGORY
155,就,D
155,是,SHI
155,阿,T
155,現在,Nd
155,中華隊,Na
155,在,P
155,大戰,VC
155,巴拿馬,Nc
155,阿落後,Nb
155,各位,Nh
155,教練,Na
155,們,Na
155,，,COMMACATEGORY
155,是,SHI
155,你,Nh
155,的,DE
155,話,Na
155,要,D
155,怎麼,D
155,逆轉,VA
155,比賽,Na
155,有,V_2
155,卦,Na
156,今天,Nd
156,早,D
156,就,D
156,跟,P
156,女友,Na
156,預告,VE
156,說,VE
156,晚上,Nd
156,要,D
156,看,VC
156,棒球,Na
156,轉播,VC
156,剛剛,D
156,傳訊息,Na
156,來,D
156,說,VE
156,想,VE
156,我,Nh
156,了,T
156,問,VE
156,我,Nh
156,會,D
156,看到,VE
156,幾,Neu
156,點,Nf
156,我,Nh
156,回說,VE
156,至少,Da
156,十點,Nd
156,後,Ng
156,上,Nes
156,個,Nf
156,半,Neqa
156,局,Nf
156,看,VC
156,中華隊,Na
156,攻下,VC
156,分,VC
156,想,VE
156,說,VE
156,還,D
156,有,V_2
156,戲,Na
156,原本,D
156,要,D
156,跟,P
156,女友,Na
156,說,VE
156,可能,D
156,會,D
156,看到,VE
156,點,Nf
156,結果,Dk
156,現在,Nd
156,要,D
156,被,P
156,提前,VB
156,結束,VHC
156,比賽,Na
156,了,Di
156,是,SHI
156,不,D
156,是,SHI
156,幸好,D
156,沒,D
156,說,VE
156,有,V_2
156,沒,D
156,有,V_2
156,八卦,Na
157,現在,Nd
157,中華隊,Na
157,臉,Na
157,要,D
157,被,VJ
157,的,DE
157,感覺,Na
157,如果,Cbb
157,今天,Nd
157,是,SHI
157,日本,Nc
157,武士,Na
157,被,P
157,提早,VL
157,結束,VHC
157,比賽,Na
157,日本,Nc
157,國內,Nc
157,會,D
157,怎麼,D
157,吵,VC
157,呢,T
158,之前,Nd
158,富邦,Nb
158,邦邦,Nb
158,雖然,Cbb
158,是,SHI
158,中職,Na
158,墊底,VH
158,的,DE
158,球隊,Na
158,但,Cbb
158,熱身,VA
158,好像,D
158,表現,VC
158,不錯,VH
158,可以,D
158,打敗,VC
158,強敵,Na
158,巴拿馬,Nc
158,嗎,T
159,如,P
159,題,Na
159,問,VE
159,中華隊,Na
159,打,VC
159,巴拿馬,Nc
159,比數,Na
159,慘不忍睹,VH
159,甚至,D
159,出現,VH
159,堆,Nf
159,人,Na
159,說,VE
159,他,Nh
159,上去,VA
159,打,VC
159,都,D
159,比較,Dfa
159,強,VH
159,不禁,VL
159,讓,VL
159,我,Nh
159,好奇,VH
159,如果,Cbb
159,你,Nh
159,是,SHI
159,今天,Nd
159,的,DE
159,總教練,Na
159,能,D
159,用,P
159,什麼,Nep
159,戰術,Na
159,扭轉,VC
159,頹勢,Na
160,如,P
160,題,Na
160,，,COMMACATEGORY
160,為,P
160,喚醒,VC
160,大家,Nh
160,的,DE
160,記憶,Na
160,，,COMMACATEGORY
160,列出,VC
160,幾,Neu
160,場,Nf
160,中華隊,Na
160,的,DE
160,光榮,VH
160,時刻,Na
160,，,COMMACATEGORY
160,開放,VC
160,大家,Nh
160,補充,VC
160,北京,Nc
160,奧運,Nb
160,屁屁,Na
160,接,VC
160,球,Na
160,///,FW
160,經典賽,Na
160,誰,Nh
160,在,P
160,壘,Na
160,///,FW
160,臺北,Nc
160,世大運,Nb
160,太陽,Na
160,棠,Na
160,臺北,Nc
160,世大運,Nb
160,微笑,VA
160,智傑,Nb
160,臺北,Nc
160,世大運,Nb
160,雷弟,Nb
160,///,FW
160,世界,Nc
160,棒球,Na
160,強賽,Na
160,怠慢,VJ
160,跑壘,VA
160,///,FW
161,開始,VL
161,中華隊,Na
161,前面,Ncd
161,滿壘,VH
161,大局,Na
161,沒有,VJ
161,得分,VH
161,現在,Nd
161,被,P
161,打,VC
161,十分,Dfa
161,是,SHI
161,不,D
161,是,SHI
161,放,VC
161,水,Na
161,給,VD
161,巴拿馬,Nc
161,總統,Na
161,等等,Cab
161,要,D
161,打,VC
161,十分,Dfa
161,還,D
161,在,P
161,藏,VC
161,是否,D
161,有,V_2
161,專板,Na
161,本板,Na
161,並非,D
161,萬能,VH
161,問板,VA
161,三,Neu
161,則,Nf
161,本,Nes
161,看板,Na
161,嚴格,VH
161,禁止,VE
161,政治,Na
161,問卦,Na
161,未滿,VJ
161,繁體,Na
161,中文字,Na
161,水桶,Na
161,個,DE
161,月,Na
161,未滿,VJ
161,繁體,Na
161,中文字,Na
161,水桶,Na
161,個,DE
161,月,Na
161,未滿,VJ
161,繁體,Na
161,中文字,Na
161,水桶,Na
161,個,Nf
161,月,Na
161,，,COMMACATEGORY
161,嚴重,VH
161,者,Na
161,以,P
161,鬧板論,Na
162,各位,Nh
162,洨,Nb
162,哥哥洨,Nb
162,姊姊,Na
162,，,COMMACATEGORY
162,打給,VD
162,晚上,Nd
162,好,VH
162,，,COMMACATEGORY
162,今天,Nd
162,應該,D
162,算,VG
162,中華民國,Nc
162,國球,Na
162,國恥日,Nd
162,，,COMMACATEGORY
162,那,Nep
162,中華隊,Na
162,可以,D
162,趁,P
162,這,Nep
162,個,Nf
162,機會,Na
162,改名,VG
162,叫,VG
162,中國,Nc
162,台北隊,Na
162,，,COMMACATEGORY
162,把,P
162,這,Nep
162,恥辱,Na
162,丟給,VD
162,，,COMMACATEGORY
162,反正,D
162,中國人,Na
162,本來,D
162,東亞病夫,Na
162,，,COMMACATEGORY
162,讓,VL
162,中國人,Na
162,去,D
162,招黑,VA
162,，,COMMACATEGORY
162,洨魯,Nb
162,這,Nep
162,個,Nf
162,建議,Na
162,很,Dfa
162,聰明,VH
162,干,D
162,無,VJ
162,八卦,Na
163,如,P
163,題,Na
163,下,Nes
163,屆,Nf
163,世界,Nc
163,棒球,Na
163,經典賽,Na
163,的,DE
163,資格賽,Na
163,八成,D
163,會,D
163,是,SHI
163,在,P
163,台灣,Nc
163,打,VC
163,有,V_2
163,機會,Na
163,在,P
163,新竹,Nc
163,棒球場,Nc
163,開打,VH
163,嗎,T
163,讓,VL
163,大家,Nh
163,起來,VA
163,看看,VC
163,花,VC
163,了,Di
163,億,Neu
163,的,DE
163,球場,Nc
164,年,Na
164,第二,Neu
164,屆,Nf
164,經典賽,Na
164,，,COMMACATEGORY
164,日,Nc
164,韓,Nc
164,首,Nes
164,場,Nf
164,交手,VA
164,日本,Nc
164,七,Neu
164,局,Nf
164,提前,VB
164,結束,VHC
164,比賽,Na
164,，,COMMACATEGORY
164,韓國,Nc
164,結果,Dk
164,兩,Neu
164,天,Nf
164,後,Ng
164,，,COMMACATEGORY
164,韓國,Nc
164,完封,VH
164,日本,Nc
164,接著,D
164,到,VCL
164,美國,Nc
164,後,Ng
164,，,COMMACATEGORY
164,韓國,Nc
164,又,D
164,贏,VD
164,日本,Nc
164,雖然,Cbb
164,日本,Nc
164,最後,Nd
164,拿到,VC
164,冠軍,Na
164,，,COMMACATEGORY
164,但是,Cbb
164,球,Na
164,是,SHI
164,圓,VH
164,的,T
164,，,COMMACATEGORY
164,沒有,VJ
164,什麼,Nep
164,不可能,D
164,今天,Nd
164,就場,Nc
164,比賽,VA
164,，,COMMACATEGORY
164,大家,Nh
164,覺得,VK
164,中華隊,Na
164,接下來,D
164,三,Neu
164,連勝,VH
164,晉級,VJ
164,的,DE
164,機會,Na
164,大,VH
164,嗎,T
165,大家,Nh
165,好,VH
165,我,Nh
165,是,SHI
165,廢宅,Na
165,中華隊,Na
165,投打,Na
165,崩成,VG
165,狗,Na
165,，,COMMACATEGORY
165,連,Cbb
165,雖,Cbb
165,敗,VH
165,猶榮,Na
165,都,D
165,喊,VE
165,不,D
165,出,VE
165,口,Na
165,了,T
165,感覺,VK
165,教練團,Na
165,調度,VC
165,有,V_2
165,很,Dfa
165,大,VH
165,的,DE
165,問題,Na
165,如果,Cbb
165,今天,Nd
165,換成,VG
165,來,D
165,調度,VC
165,會,D
165,有,V_2
165,什麼,Nep
165,表現,Na
165,呢,T
165,有,V_2
165,沒,D
165,有,V_2
165,八卦,Na
166,最近,Nd
166,鬧,VC
166,的,DE
166,沸沸揚揚,VH
166,的,DE
166,新竹,Nc
166,球場,Nc
166,弊案,Na
166,會不會,D
166,讓,VL
166,我們,Nh
166,中華隊,Na
166,有心魔,Na
166,要是,Cbb
166,撲下去,VA
166,或是,Caa
166,跑,VA
166,太,Dfa
166,賣力,VH
166,會,D
166,受傷,VH
166,所以,Cbb
166,才,Da
166,綁手綁腳,VH
166,讓,VL
166,對手,Na
166,有機,A
166,可,D
166,趁,P
166,有,V_2
166,八卦,Na
166,嗎,T
167,如,P
167,題,Na
167,沒,D
167,在,P
167,關心,VK
167,棒球,Na
167,很,Dfa
167,久,VH
167,了,T
167,想,VE
167,說,VE
167,當,VG
167,個,Nf
167,日棒,Na
167,球迷,Na
167,結果,Dk
167,第,Neu
167,場,Nf
167,就,D
167,看到,VE
167,台灣隊,Na
167,被,P
167,巴拿馬,Nc
167,屌虐,Na
167,怎麼,D
167,會,D
167,這樣,VH
167,是,SHI
167,因為,Cbb
167,疫情,Na
167,啦啦隊,Na
167,還是,D
167,不能,D
167,說,VE
167,的,DE
167,秘密,Na
167,讓,VL
167,台灣,Nc
167,棒球隊,Na
167,又,D
167,軟手,VH
167,了,Di
167,台灣隊,Na
167,怎麼,D
167,會,D
167,爛成,VG
167,這樣,VH
167,的,DE
167,有,V_2
167,沒,D
167,有,V_2
167,八卦,Na
168,高鐵站,Nc
168,塞車,VH
168,了,T
168,吧,T
168,等等,Cab
168,堆,Nf
168,人,Na
168,在,P
168,門口,Nc
168,排隊,VA
168,快,D
168,去,D
168,搭,VC
168,帳篷,Na
168,不然,Cbb
168,票,Na
168,難,VH
168,求,VC
168,張幾千,Nb
168,而已,T
168,但,Cbb
168,我,Nh
168,還是,D
168,看,VC
168,就,D
168,好,VH
169,現在,Nd
169,巴拿馬,Nc
169,對,P
169,中華隊,Na
169,想,VE
169,請問,VE
169,中華隊,Na
169,打,VC
169,國際賽,Na
169,有史以來,D
169,輸,VD
169,最多,VH
169,分,Nf
169,是,SHI
169,哪,Nep
169,場,Nf
169,輸,VD
169,幾,Neu
169,分,Nf
169,呢,T
169,今天,Nd
169,有,V_2
169,機會,Na
169,刷新,VC
169,記錄,Na
169,嗎,T
169,謝謝,VJ
170,如,P
170,題,Na
170,台灣,Nc
170,的,DE
170,至寶,Na
170,日,Nc
170,職育成,VG
170,洋將,Na
170,大王,Na
170,這,Nep
170,場,Nf
170,也,D
170,有,V_2
170,出賽,VA
170,那,Nep
170,日職,Na
170,火腿,Na
170,怎麼,D
170,看,VC
170,大王,Na
170,有,V_2
170,沒,D
170,有,V_2
170,卦,Na
170,卦,Na
171,看,VC
171,日本隊,Na
171,精銳,Na
171,盡出,VA
171,，,COMMACATEGORY
171,如果,Cbb
171,中華隊,Na
171,能,D
171,有,V_2
171,機會,Na
171,贏戰,VA
171,日本隊,Na
171,的話,Cba
171,，,COMMACATEGORY
171,只要,Cbb
171,來,VA
171,個,Nf
171,逆轟高飛,VA
171,，,COMMACATEGORY
171,就,D
171,能,D
171,把,P
171,台灣,Nc
171,的,DE
171,棒球,Na
171,帶到,VC
171,世界,Nc
171,了,T
171,吧,T
171,這,Nep
171,是,SHI
171,個,Nf
171,跟,P
171,世界,Nc
171,宣揚,VC
171,台灣,Nc
171,的,DE
171,大好,VH
171,機會,Na
171,如果,Cbb
171,我們,Nh
171,對上,VC
171,日本隊,Na
171,的話,Cba
171,，,COMMACATEGORY
171,勝率,Na
171,有,V_2
171,幾成,Neqa
171,呢,T
171,有,V_2
171,沒有,VJ
171,八,Neu
171,掛,Nf
172,聽說,VE
172,最近,Nd
172,在,P
172,打,VC
172,剛,D
172,去,D
172,查,VE
172,了,Di
172,下,VC
172,什麼,Nep
172,是,SHI
172,結果,Dk
172,才,Da
172,發現,VE
172,打,VC
172,四,Neu
172,屆,Nf
172,中華,Nc
172,台北,Nc
172,四,Neu
172,屆,Nf
172,都,D
172,有,V_2
172,參加,VC
172,共,Da
172,打,VC
172,了,Di
172,場,Nf
172,比賽,Na
172,戰績,Na
172,是,SHI
172,贏,VD
172,輸,VD
172,然後,D
172,再,D
172,打開,VC
172,今天,Nd
172,的,DE
172,電視,Na
172,哇,I
172,才局,Nc
172,下,Ncd
172,就,D
172,被,P
172,巴拿馬,Nc
172,過,VCL
172,了,Di
172,今天,Nd
172,中華,Nc
172,台北,Nc
172,的,DE
172,戰績,Na
172,會,D
172,變成,VG
172,贏輸,Na
172,吧,T
172,那,Dk
172,過,VCL
172,了,Di
172,這,Nep
172,個,Nf
172,禮拜,Na
172,呢,T
173,現在,Nd
173,鍋貼店,Nc
173,都,D
173,關,VC
173,了,Di
173,想,VE
173,說,VE
173,去,D
173,小買,VH
173,結果,Dk
173,前面,Ncd
173,堆,VC
173,人,Na
173,拿,VC
173,微波鍋,Na
173,貼,VC
173,在,P
173,結帳,VA
173,個,Nf
173,都,D
173,不,D
173,剩,VJ
173,能不能,D
173,留,VC
173,點,Nf
173,給,VD
173,我,Nh
173,話說,Dk
173,我,Nh
173,還,D
173,為了,P
173,訂,VC
173,了,Di
173,現在,Nd
173,退,VA
173,還,D
173,來得及,VH
173,嗎,T
174,我,Nh
174,日,Nc
174,球迷,Na
174,啦,T
174,明天,Nd
174,阿共,Nb
174,打,VC
174,日本,Nc
174,要,D
174,面對,VC
174,處男王,Na
174,大谷,Nc
174,不出意料,VA
174,也,D
174,是,SHI
174,被,P
174,虐爛,VC
174,現在,Nd
174,中華隊,Na
174,差不多,D
174,也,D
174,算,VG
174,被,P
174,虐爛,VC
174,不過,Cbb
174,窩悶,VH
174,台灣,Nc
174,有,V_2
174,個,Nf
174,好,VH
174,習慣,Na
174,再,D
174,爛,VH
174,只要,Cbb
174,比,P
174,阿共,Nb
174,好,VH
174,就,D
174,好,VH
174,明天,Nd
174,阿共,Nb
174,要,D
174,輸,VD
174,幾,Neu
174,分,Nf
174,我們,Nh
174,算,VG
174,贏,VD
174,卦,Na
175,花,VC
175,了,Di
175,多元,VH
175,買,VC
175,票,Na
175,進場,VA
175,看到,VE
175,中華隊,Na
175,被,P
175,巴拿馬,Nc
175,慘電,Na
175,現場,Nc
175,球迷,Na
175,在,P
175,想,VE
175,什麼,Nep
175,呢,T
175,早,D
175,知道,VK
175,去,D
175,吃,VC
175,最,Dfa
175,頂,Ncd
175,的,DE
175,還,D
175,比較,Dfa
175,爽,VH
175,沒,D
175,差,VH
175,，,COMMACATEGORY
175,本來,D
175,就,D
175,是,SHI
175,去,D
175,看,VC
175,啦啦隊,Na
175,而已,T
175,早點,Na
175,啦,T
175,，,COMMACATEGORY
175,明天,Nd
175,還,D
175,要,D
175,上班,VA
175,有,V_2
175,沒,D
175,有,V_2
175,現場,Nc
175,球迷,Na
175,在,P
175,想,VE
175,什麼,Nep
175,的,DE
175,八卦,Na
176,現在,Nd
176,摳,VH
176,豆,Na
176,導幫,VC
176,中華隊,Na
176,拍,VC
176,紀錄片,Na
176,喜歡,VK
176,自導,VA
176,自演,VA
176,的,DE
176,豆,Na
176,導,VC
176,自己,Nh
176,下場,VA
176,去,D
176,打,VC
176,應該,D
176,也,D
176,會,D
176,被,P
176,摳豆,VA
176,吧,T
177,為,P
177,了,Di
177,當,VG
177,個,Nf
177,隨,P
177,和好,VH
177,相處,VA
177,的,DE
177,人,Na
177,每當,P
177,國際賽,Na
177,我,Nh
177,都,D
177,會,D
177,裝做,VF
177,我,Nh
177,也,D
177,是,SHI
177,支持,VC
177,中華隊,Na
177,愛國,VH
177,的,DE
177,球迷,Na
177,跟,P
177,著,Di
177,朋友,Na
177,同學,Na
177,起為,VG
177,中華隊,Na
177,加油,VB
177,然後,D
177,看,VC
177,著,Di
177,那些,Neqa
177,棒球,Na
177,是,SHI
177,國球,Na
177,的,DE
177,自嗨,VH
177,廣告,Na
177,中華隊,Na
177,加油,VB
177,好棒棒,Na
177,好棒棒,Na
177,我們,Nh
177,定贏,VA
177,但,Cbb
177,其實,D
177,我,Nh
177,心,Na
177,裡,Ng
177,都,D
177,會,D
177,想,VE
177,就算,Cbb
177,贏,VD
177,就,D
177,是,SHI
177,贏,VD
177,個,Di
177,弱隊,Na
177,最多,Da
177,贏,VD
177,個,Di
177,兩,Neu
177,場,Nf
177,然後,D
177,在,P
177,那邊,Ncd
177,自,P
177,嗨,I
177,罷了,T
177,有,V_2
177,人,Na
177,跟,P
177,我,Nh
177,樣,Na
177,嗎,T
177,內行人,Na
177,都,D
177,知道,VK
177,台灣,Nc
177,的,DE
177,體育,Na
177,國際賽,Na
177,就,D
177,是,SHI
177,廢,VC
177,不單,Da
177,是,SHI
177,技術,Na
177,層面,Na
177,民族性,Na
177,本來,D
177,就,D
177,是,SHI
177,懦弱,VH
177,東南亞,Nc
177,病夫,Na
177,不,D
177,改掉,VC
177,就,D
177,永遠,D
177,不可能,D
177,拿,VC
177,冠軍,Na
178,如,P
178,題,Na
178,前,Nes
178,幾,Neu
178,天,Nf
178,忘記,VK
178,研究,VE
178,股票,Na
178,想到,VE
178,經典賽,Na
178,才,Da
178,剛,D
178,開始,VL
178,第,Neu
178,天,Nf
178,還,D
178,有,V_2
178,沒,D
178,有,V_2
178,概念股,Na
178,來得及,D
178,買進,VC
178,希望,VK
178,明天,Nd
178,買進,VC
178,還,D
178,來得及,VH
179,你,Nh
179,好,VH
179,我,Nh
179,瑞斗,Na
179,中華隊,Na
179,等等,Cab
179,很,Dfa
179,高,VH
179,機率,Na
179,被,P
179,聽說,VE
179,這,Nep
179,屆,Nf
179,門票,Na
179,貴,VH
179,桑桑,Nb
179,平均,VH
179,多元,VH
179,如果,Cbb
179,結果,Na
179,只,Da
179,能,D
179,看局,VA
179,會,D
179,退補,VC
179,差價,Na
179,嗎,T
179,恩,Na
180,是,SHI
180,指,VG
180,投球,VA
180,有,V_2
180,球威,Na
180,的,DE
180,這,Nep
180,種,Nf
180,喔,I
180,上場,VA
180,就,D
180,被,P
180,對方,Nh
180,像,P
180,松阪大輔,Nb
180,這,Nep
180,種,Nf
180,等級,Na
180,就算,Cbb
180,是,SHI
180,中華隊,Na
180,選手,Na
180,被,P
180,三振,VC
180,也,D
180,是,SHI
180,覺得,VK
180,與有榮焉,VH
180,畢竟,D
180,不同,VH
180,世界,Nc
180,的,DE
180,等級,Na
181,賽,Na
181,前,Ng
181,知道,VK
181,巴拿馬,Nc
181,本來,D
181,就,D
181,強,VH
181,，,COMMACATEGORY
181,所以,Cbb
181,派,VF
181,二,Neu
181,線,Na
181,選手,Na
181,出來,VA
181,打,VC
181,消耗戰,Na
181,，,COMMACATEGORY
181,其實,D
181,也,D
181,合理,VH
181,吧,T
181,所以,Cbb
181,把,P
181,吉力吉撈,Nb
181,藏,VC
181,起來,Di
181,，,COMMACATEGORY
181,派,VF
181,大王,Na
181,練球,VA
181,，,COMMACATEGORY
181,其實,D
181,是,SHI
181,教練團,Na
181,的,DE
181,策略,Na
181,吧,T
181,那,Dk
181,大家,Nh
181,在,D
181,大怒,VH
181,灌,VC
181,什麼,Nep
182,台灣,Nc
182,作為,VG
182,地主國,Na
182,，,COMMACATEGORY
182,理應,D
182,盡,VJ
182,地主,Na
182,之,DE
182,誼,Na
182,傳統,VH
182,美德,Na
182,溫良恭,Nb
182,儉讓,VH
182,，,COMMACATEGORY
182,我們,Nh
182,先,D
182,讓,VL
182,場,Nc
182,，,COMMACATEGORY
182,放鬆,VHC
182,下組,Na
182,隊伍,Na
182,緊張,VH
182,的,DE
182,氣氛,Na
182,，,COMMACATEGORY
182,但,Cbb
182,也,D
182,代表,VK
182,之後,Ng
182,的,DE
182,比,P
182,賽,VJ
182,我們,Nh
182,要,D
182,認真,VH
182,打,VC
182,了,Di
182,中華隊,Na
182,認真,VH
182,起來,Di
182,的話,Cba
182,，,COMMACATEGORY
182,其他,Neqa
182,隊伍,Na
182,會,D
182,瑟瑟,D
182,發抖,VA
182,嗎,T
182,下場,Na
182,開始,Ng
182,不,D
182,藏,VC
182,了,Di
182,認真,VH
182,打爆,VC
182,冠軍,Na
182,狠起來,D
182,自己,Nh
182,都,D
182,怕,VK
182,狼,Na
182,若,Cbb
182,回頭,D
182,不,D
182,是,SHI
182,報恩,VA
182,就,D
182,是,SHI
182,報仇,VA
183,欸,I
183,欸,I
183,當初,Nd
183,我們,Nh
183,家育誠,Nb
183,不,D
183,想,VE
183,打,VC
183,大家,Nh
183,直,D
183,該,D
183,該,D
183,叫,VE
183,還,D
183,叫,VF
183,他,Nh
183,不,D
183,打,VC
183,就,D
183,給,VD
183,我,Nh
183,乖乖,VH
183,當兵,VA
183,事實,Na
183,上,Ng
183,最,Dfa
183,清楚,VK
183,中華隊,Na
183,現況,Na
183,的,DE
183,就,D
183,是,SHI
183,育誠,Nb
183,知道,VK
183,這,Nep
183,隊,Nf
183,跟,P
183,屎樣,Na
183,根本,D
183,陪打,VC
183,的,DE
183,以,P
183,結果論,Na
183,來,D
183,看,VE
183,他,Nh
183,不,D
183,打,VC
183,完全,D
183,沒,VJ
183,問題,Na
183,吧,T
183,這,Nep
183,屎隊,Na
183,也,D
183,不可能,D
183,贏,VD
183,自己,Nh
183,打,VC
183,得,DE
183,不,D
183,好,VH
183,還,D
183,會,D
183,掉價,VH
184,我們,Nh
184,不,D
184,到,P
184,小時,Na
184,就,D
184,打包,VA
184,回家,VA
184,了,Di
184,今天,Nd
184,就算,Cbb
184,打輸,VC
184,巴拿馬,Nc
184,下戰,Na
184,是,SHI
184,後天,Nd
184,打,VC
184,義大利,Nc
184,畢竟,D
184,是,SHI
184,自己,Nh
184,家,Nc
184,定,D
184,讓,VL
184,我們,Nh
184,玩,VC
184,超過,VJ
184,天,Nc
184,官方,Na
184,還是,D
184,很,Dfa
184,甘心,VK
184,吧,T
185,是,SHI
185,界外,Nc
185,耶,T
185,有,V_2
185,沒,D
185,有,V_2
185,巴拿馬,Nc
185,五,Neu
185,連敗,VH
185,局,Nc
185,沒,D
185,得分,VH
185,中華隊,Na
185,這,Nep
185,次,Nf
185,是,SHI
185,不,D
185,是,SHI
185,穩,VH
185,了,T
185,有,V_2
185,沒,D
185,有,V_2
185,八卦,Na
186,反觀,VC
186,現在,Nd
186,中華隊,Na
186,落後,VJ
186,不,D
186,到,P
186,分,VC
186,現在,Nd
186,放棄,VC
186,的話,Cba
186,比賽,Na
186,就,D
186,結束,VHC
186,了,T
186,只有,Cbb
186,我,Nh
186,覺得,VK
186,還,D
186,有,V_2
186,機會,Na
186,嗎,T
186,現在,Nd
186,反打,VC
186,才,Da
186,正,D
186,要,D
186,開始,VL
187,媒體,Na
187,來源,Na
187,新聞,Na
187,雲,VE
187,記者,Na
187,署名,VC
187,陳立勳,Nb
187,完整,VH
187,新聞,Na
187,標題,Na
187,中華隊,Na
187,首,Nes
187,戰,Na
187,太,Dfa
187,重要,VH
187,贏,VD
187,球,Na
187,晉級,VJ
187,強,VH
187,機會,Na
187,大,VH
187,完整,VH
187,新聞,Na
187,內文,Na
187,年,Nf
187,經典賽,Na
187,中華隊,Na
187,今天,Nd
187,將,D
187,在,P
187,台中,Nc
187,洲際,Nc
187,球場,Nc
187,首,D
187,戰,VC
187,巴拿馬,Nc
187,，,COMMACATEGORY
187,中華隊,Na
187,派出,VC
187,胡智爲,Nb
187,掛帥,VH
187,先發,VA
187,，,COMMACATEGORY
187,總,D
187,計,VG
187,前,Nes
187,屆,Nf
187,中華隊,Na
187,首,Nes
187,戰,Na
187,如果,Cbb
187,輸球,VH
187,，,COMMACATEGORY
187,全部,Neqa
187,都,D
187,無法,D
187,晉級,VJ
187,強,VH
187,攤開,VC
187,過去,Nd
187,經典賽,Na
187,中華隊,Na
187,屆,VJ
187,歷史,Na
187,，,COMMACATEGORY
187,中華隊,Na
187,年,Nf
187,第,Neu
187,屆,Nf
187,首,Nes
187,場,Nf
187,比,P
187,輸給,VD
187,南韓,Nc
187,，,COMMACATEGORY
187,第二,Neu
187,場,Nf
187,比,P
187,被,P
187,日本隊,Na
187,提前局,Nc
187,扣倒,VC
187,，,COMMACATEGORY
187,只有,D
187,贏,VD
187,中國,Nc
187,大陸,Nc
187,，,COMMACATEGORY
187,分組,VB
187,勝,VH
187,敗,VH
187,遭到,VJ
187,淘汰,VC
187,，,COMMACATEGORY
187,第二,Neu
187,屆,Nf
187,年,Nf
187,中華隊,Na
187,首,Nes
187,戰,Na
187,比,P
187,輸,VD
187,南韓,Nc
187,，,COMMACATEGORY
187,後面,Ncd
187,比,P
187,輸給,VD
187,中國,Nc
187,大陸,Nc
187,，,COMMACATEGORY
187,不幸,D
187,遭到,VJ
187,淘汰,VC
187,中華隊,Na
187,只,Da
187,在,P
187,年,Na
187,第三,Neu
187,屆,Nf
187,打進,VC
187,強,VH
187,，,COMMACATEGORY
187,當時,Nd
187,首,Nes
187,戰,Na
187,靠,VJ
187,著,Di
187,王建民,Nb
187,先發局,Nc
187,，,COMMACATEGORY
187,無,VJ
187,失分力壓,Na
187,澳洲,Nc
187,，,COMMACATEGORY
187,終場,Na
187,比,P
187,擊敗,VC
187,澳洲,Nc
187,，,COMMACATEGORY
187,分組,VB
187,戰績,Na
187,勝,VH
187,敗進到,VCL
187,強,VH
187,第,Neu
187,屆,Nf
187,年,Nf
187,中華隊,Na
187,首,Nes
187,戰,Na
187,以,P
187,比,P
187,輸給,VD
187,以色列,Nc
187,，,COMMACATEGORY
187,後面,Ncd
187,又,D
187,輸給,VD
187,荷蘭,Nc
187,和,Caa
187,南韓,Nc
187,，,COMMACATEGORY
187,預賽戰,Na
187,全,Neqa
187,敗,VH
187,本,Nes
187,屆,Nf
187,中華隊,Na
187,擔任,VG
187,預賽,Na
187,地主,Na
187,之,Nh
187,，,COMMACATEGORY
187,擁有,VJ
187,洲際,Nc
187,棒球場,Nc
187,主場,Na
187,優勢,Na
187,，,COMMACATEGORY
187,首,Nes
187,戰,Na
187,對上,VC
187,從,P
187,資格賽,Na
187,打上來,VA
187,的,DE
187,巴,Nc
187,拿,VC
187,馬,Na
187,，,COMMACATEGORY
187,中華隊,Na
187,推出,VC
187,胡智爲,Nb
187,先發,VA
187,，,COMMACATEGORY
187,巴拿馬,Nc
187,則,D
187,是,SHI
187,有,V_2
187,大聯盟,Na
187,資歷,Na
187,的,DE
187,右投,Na
187,梅西亞,Nb
187,完整,VH
187,新聞,Na
187,連結,VC
187,或,Caa
187,短,VH
187,網址,Na
187,不可,D
187,用,VC
187,等,Cab
187,轉載,VC
187,媒體,Na
187,////,FW
187,備註,VE
188,如,P
188,題,Na
188,今天,Nd
188,被,P
188,巴拿馬,Nc
188,扣倒,VC
188,打,VC
188,得,DE
188,慘兮兮,VH
188,以前,Nd
188,聽說,VE
188,有的,Neqa
188,球迷,Na
188,會,D
188,圍,VC
188,巴士,Na
188,那,Dk
188,今天,Nd
188,等,VC
188,下,Nes
188,中華隊,Na
188,出來,VA
188,會,D
188,被,P
188,圍巴,VC
188,嗎,T
189,安安,Nb
189,各位,Nh
189,種花隊,Na
189,的,DE
189,米迷,Na
189,大家,Nh
189,都,D
189,知道,VK
189,巴西,Nc
189,主場,Na
189,被,P
189,德國,Nc
189,過,VCL
189,現在,Nd
189,比賽,Na
189,只要,Cbb
189,有,V_2
189,隊伍,Na
189,擊殺數,Na
189,的,DE
189,時候,Na
189,聊天室,Nc
189,都,D
189,會,D
189,刷排,VC
189,但,Cbb
189,就,D
189,在,P
189,今天,Nd
189,中華隊,Na
189,準備,VF
189,被,P
189,不,D
189,是,SHI
189,棒球,Na
189,強國,Na
189,的,DE
189,運河國,Nc
189,扣倒,VC
189,同樣,Dfa
189,也,D
189,都,D
189,是,SHI
189,在,P
189,主場,Na
189,那,Dk
189,請問,VE
189,還是,D
189,比較,Dfa
189,慘,VH
189,有,V_2
189,掛,VC
190,今天,Nd
190,中華隊,Na
190,被,P
190,巴拿馬,Nc
190,血洗,VC
190,小,VH
190,的,DE
190,棒球迷,Na
190,感到,VK
190,十分,Dfa
190,哀傷,VH
190,希望,VK
190,幫,P
190,中華隊,Na
190,化,VG
190,悲憤,VH
190,為,VG
190,力量,Na
190,明天,Nd
190,應該,D
190,吃,VC
190,幾,Neu
190,顆,Nf
190,鍋貼,Na
190,才,Da
190,能,D
190,致敬,VB
190,顆,Nf
190,鍋貼,Na
190,中華隊,Na
190,掉,VH
190,了,Di
190,分,VC
190,顆,Nf
190,致敬,VB
190,顆,Nf
190,希望,VK
190,那,Nep
190,個,Nf
190,局,Nc
190,的,DE
190,別,D
190,再,D
190,上場,VA
190,大家,Nh
190,覺得,VK
190,呢,T
191,如,P
191,題,Na
191,",",COMMACATEGORY
191,如果,Cbb
191,把,P
191,日本,Nc
191,塞到,VC
191,組,Nc
191,",",COMMACATEGORY
191,我們,Nh
191,在,P
191,組,Nc
191,，,COMMACATEGORY
191,還,D
191,能夠,D
191,自爽,VH
191,，,COMMACATEGORY
191,畢竟,D
191,能,D
191,贏,VD
191,的,DE
191,隊伍,Na
191,都,D
191,在,VCL
191,那,Ncd
191,了,T
191,",",COMMACATEGORY
191,我們,Nh
191,天,Na
191,花板,Na
191,可能,D
191,就,D
191,強,VH
191,贏,VD
191,韓職,Na
191,全,Neqa
191,明星,Na
191,那,Nep
191,次,Nf
191,吧,T
192,補下,VC
192,字數,Na
192,今天,Nd
192,對,P
192,到,VCL
192,巴拿馬,Nc
192,個,Nf
192,凌遲,VC
192,打,VC
192,了,Di
192,好,Dfa
192,久,VH
192,的,DE
192,比賽,Na
192,終於,D
192,等到,VC
192,中華隊,Na
192,炸裂,VC
192,囉,T
192,吳念庭,Nb
192,炸裂,VC
193,首,Nes
193,場,Nf
193,對上,VC
193,認為,VE
193,可以,D
193,取勝,VI
193,的,DE
193,對手,Na
193,結果,Na
193,落敗,VH
193,球迷,Na
193,震驚,VHC
193,不已,Dfb
193,第二,Neu
193,場,Nf
193,對上,VC
193,較,Dfa
193,弱,VH
193,對手,Na
193,輕鬆,VH
193,取勝,VI
193,第三,Neu
193,場,Nf
193,對上,VC
193,較,Dfa
193,強,VH
193,對手,Na
193,再度,D
193,落敗,VH
193,陷入,VCL
193,無路,Na
193,可,D
193,退,VA
193,的,DE
193,局面,Na
193,偏偏,D
193,最後,Nd
193,對上,VC
193,的,DE
193,對手,Na
193,最,Dfa
193,強,VH
193,第四,Neu
193,場,Nf
193,將士,Na
193,用,P
193,命,Na
193,場面,Na
193,肅殺,VH
193,球迷,Na
193,頭,Na
193,上,Ncd
193,綁,VC
193,必勝頭,Na
193,帶,VC
193,開始,VL
193,落後,VJ
193,然後,D
193,追平,VC
193,球迷,Na
193,激動,VH
193,不已,Dfb
193,但是,Cbb
193,局,Nc
193,後,Ng
193,再次,D
193,落後,VJ
193,幾,Neu
193,分,Nf
193,直到,P
193,局,Nc
193,攻勢,Na
193,再,D
193,起,VC
193,追,VC
193,了,Di
193,兩,Neu
193,分,Nf
193,但是,Cbb
193,最後,Nd
193,反攻,VC
193,機會,Na
193,失手,VH
193,分飲恨,Na
193,留下,VC
193,殘壘,Na
193,球迷,Na
193,惋惜,VK
193,不已,Dfb
193,不過,Cbb
193,選手,Na
193,們,Na
193,都,D
193,盡力,VH
193,了,T
193,媒體,Na
193,開始,VL
193,雖,Cbb
193,敗,VH
193,遊龍,Na
193,我,Nh
193,看,VC
193,了,Di
193,二十幾,Neu
193,年,Nf
193,的,DE
193,中華隊,Na
193,大多,Neqa
193,不,D
193,脫,VC
193,這,Nep
193,個,Nf
193,劇本,Na
193,接下來,D
193,幾,Neu
193,場,Nf
193,按照,P
193,這,Nep
193,個,Nf
193,節奏,Na
193,下,Ng
193,注,VC
193,十萬,Neu
193,串,Nf
193,關,Na
193,能,D
193,賺,VC
193,多少,Neqa
193,錢,Na
194,中華隊,Na
194,要,D
194,吹起,VC
194,反攻,VC
194,的,DE
194,號角,Na
194,逆轉,VA
194,是,SHI
194,不,D
194,是,SHI
194,就,D
194,戰封,VC
194,神,Na
194,了,T
194,有,V_2
194,沒,D
194,有,V_2
194,氣,Na
194,來,VA
194,了,Di
194,的,DE
194,八卦,Na
195,如,P
195,題,Na
195,我,Nh
195,今天,Nd
195,跟,P
195,女兒,Na
195,說,VE
195,中華隊,Na
195,很,Dfa
195,厲害,VH
195,然後,D
195,現在,Nd
195,已經,D
195,在,P
195,睡覺,VA
195,的,DE
195,女兒,Na
195,明天,Nd
195,問,VE
195,我,Nh
195,我,Nh
195,要,D
195,怎麼,D
195,回答,VE
195,她,Nh
196,如,P
196,題,Na
196,，,COMMACATEGORY
196,台灣,Nc
196,打,VC
196,得,DE
196,跟,P
196,系隊,Na
196,沒,D
196,兩樣,VH
196,，,COMMACATEGORY
196,讓,VL
196,莊家爽,Nb
196,賺波,VA
196,，,COMMACATEGORY
196,有,V_2
196,機會,Na
196,開,VC
196,個,Di
196,三,Neu
196,倍,Na
196,吧,T
196,這樣,VH
196,台彩,Nb
196,又,D
196,再,D
196,賺,VC
196,波愛,Na
196,國單,Na
196,，,COMMACATEGORY
196,大家,Nh
196,來,D
196,猜猜,VE
196,賠率,Na
196,吧,T
197,中華民國,Nc
197,的,DE
197,爛事,Na
197,大,VH
197,堆,Nf
197,但是,Cbb
197,只要,Cbb
197,檢討,VE
197,，,COMMACATEGORY
197,官僚,Na
197,教授,Na
197,就,D
197,會,D
197,反彈,VA
197,，,COMMACATEGORY
197,嗆,VH
197,，,COMMACATEGORY
197,說,VE
197,他們,Nh
197,做,VC
197,得,DE
197,不,D
197,好,VH
197,不,D
197,公平,VH
197,然後,D
197,無能,VH
197,的,DE
197,政客,Na
197,就,D
197,不,D
197,敢,VL
197,檢討,VE
197,了,Di
197,更,D
197,不可能,D
197,改革,VC
197,棒球爛,Na
197,早,D
197,就,D
197,知道,VK
197,了,T
197,但是,Cbb
197,要,D
197,檢討,VE
197,就,D
197,嗆,VH
197,不,D
197,公平,VH
197,最後,Nd
197,就,D
197,是,SHI
197,不了了之,VH
197,，,COMMACATEGORY
197,永遠,D
197,不可能,D
197,改革,VC
197,只要,Cbb
197,遇到,VC
197,國際賽,Na
197,，,COMMACATEGORY
197,中華民國,Nc
197,的,DE
197,爛,VH
197,就,D
197,現形,VH
197,但是,Cbb
197,國際賽,Na
197,打完,VC
197,繼續,VF
197,關,VC
197,在,P
197,軟爛,VH
197,的,DE
197,中職,Na
197,舒適圈,Nc
197,自我,Nh
197,感覺,VK
197,良好,VH
197,反正,D
197,就,D
197,跟,P
197,上班,VA
197,打混,VH
197,的,DE
197,員工,Na
197,樣,Na
197,，,COMMACATEGORY
197,混下班,Nc
197,也,D
197,有錢,VH
197,領,VC
197,保證,VE
197,打完,VC
197,就,D
197,陷入,VCL
197,默哀,VA
197,幾,Neu
197,天,Nf
197,又,D
197,繼續,VF
197,擺爛,VA
197,的,DE
197,無限,VH
197,迴圈,Na
197,這,Nep
197,個,Nf
197,迴圈,Na
197,我們,Nh
197,已經,D
197,經歷,VJ
197,太多,VH
197,，,COMMACATEGORY
197,已經,D
197,累,VHC
197,了,T
198,如,P
198,題,Na
198,這,Nep
198,次,Nf
198,的,DE
198,總教練,Na
198,餅,Na
198,總,D
198,林岳平,Nb
198,是,SHI
198,年,Nf
198,實現,VC
198,奇蹟,Na
198,大,VH
198,逆轉,VA
198,的,DE
198,冠軍,Na
198,教練,Na
198,但,Cbb
198,那,Nep
198,次,Nf
198,對手,Na
198,兄弟,Na
198,的,DE
198,總教練,Na
198,是,SHI
198,丘哥,Nb
198,丘昌榮,Nb
198,不,D
198,是,SHI
198,林威助,Nb
198,隔年,Nd
198,兄弟,Na
198,換,VC
198,林威助,Nb
198,上來,VA
198,以後,Ng
198,總冠軍,Na
198,樣,Na
198,打統,VC
198,結,VC
198,果餅,Na
198,總直接,Na
198,被,P
198,直落,VJ
198,四,Neu
198,橫,Na
198,掃,VC
198,甚至,D
198,去年,Nd
198,總冠軍,Na
198,又,D
198,是,SHI
198,四,Neu
198,連勝,VH
198,直接,VH
198,橫掃,VCL
198,樂天,VH
198,如果,Cbb
198,現在,Nd
198,總教練,Na
198,換上,VC
198,短期賽,Na
198,不,D
198,敗,VH
198,的,DE
198,威助,Nb
198,還,D
198,有,V_2
198,希望,Na
198,嗎,T
198,有,V_2
198,沒,D
198,有,V_2
198,卦,Na
199,安安安安安,Nb
199,剛剛,D
199,中華隊,Na
199,點,VC
199,了,Di
199,個,Nf
199,短打,Nv
199,上,Ng
199,到,P
199,壘,Na
199,導播,Na
199,有,V_2
199,短暫,VH
199,的,DE
199,切到,VC
199,壘,Na
199,幾,Neu
199,秒,Nf
199,那,Nep
199,個,Nf
199,跑者,Na
199,後面,Ncd
199,的,DE
199,壘審,VC
199,眼睛,Na
199,瞪,VC
199,超大,A
199,的,DE
199,不,D
199,知道,VK
199,在,P
199,看,VC
199,什麼,Nep
199,東西,Na
199,畫面,Na
199,太,Dfa
199,快,VH
199,我,Nh
199,根本,D
199,來不及,D
199,拍照,VB
199,有,V_2
199,版友,Na
199,能,D
199,知道,VK
199,他,Nh
199,在,P
199,看,VC
199,什麼,Nep
199,嗎,T
199,有,V_2
199,沒,D
199,有,V_2
199,卦,Na
200,媒體,Na
200,來源,Na
200,華視,Nc
200,新聞,Na
200,記者,Na
200,署名,VC
200,黃傲天,Nb
200,陳建達,Nb
200,完整,VH
200,新聞,Na
200,標題,Na
200,手,Na
200,搖飲,VC
200,免費,VH
200,家電,Na
200,全,Neqa
200,額,Na
200,退,VA
200,店家,Na
200,搶搭,VC
200,經典賽,Na
200,商機,Na
200,完整,VH
200,新聞,Na
200,內文,Na
200,世界,Nc
200,棒球,Na
200,經典賽,Na
200,即將,D
200,開打,VH
200,，,COMMACATEGORY
200,為了,P
200,幫,P
200,自家,Nc
200,選手,Na
200,加油,VB
200,打氣,VB
200,，,COMMACATEGORY
200,有,V_2
200,業者,Na
200,推出,VC
200,超狂,VH
200,優惠,VJ
200,，,COMMACATEGORY
200,只要,Cbb
200,中華隊,Na
200,奪冠,VA
200,，,COMMACATEGORY
200,月,Na
200,日,Nd
200,至,Caa
200,日,Nc
200,購買,VC
200,的,DE
200,電視,Na
200,和,Caa
200,冰箱,Na
200,，,COMMACATEGORY
200,通通,D
200,全,Neqa
200,額,Na
200,退費,VA
200,還,D
200,有,V_2
200,連鎖,A
200,茶飲,Na
200,打算,VF
200,免費,VH
200,送,VD
200,萬,Neu
200,杯,Nf
200,飲料,Na
200,，,COMMACATEGORY
200,在,P
200,官方,Na
200,粉專,Na
200,留言,Na
200,起,Ng
200,為,P
200,中華隊,Na
200,加油,VB
200,就,D
200,能,D
200,拿到,VC
200,手,Na
200,搖飲,VC
200,而,Cbb
200,多,Neqa
200,家,Nf
200,餐,Na
200,酒館,Nc
200,也,D
200,祭出,VC
200,優惠,VJ
200,，,COMMACATEGORY
200,搶攻,VCL
200,經典賽,Na
200,商機,Na
200,記者,Na
200,說,VE
200,這些,Neqa
200,電視,Na
200,，,COMMACATEGORY
200,如果,Cbb
200,在,P
200,這,Nep
200,幾,Neu
200,天,Nf
200,下單,VA
200,，,COMMACATEGORY
200,至少,Da
200,花,VC
200,到,P
200,萬,Neu
200,，,COMMACATEGORY
200,但,Cbb
200,只要,Cbb
200,，,COMMACATEGORY
200,讓,VL
200,你,Nh
200,用,P
200,零,Neu
200,元,Nf
200,抱回家,VB
200,真的,D
200,沒,D
200,聽錯,VJ
200,，,COMMACATEGORY
200,月日,Nd
200,到,VCL
200,日,Nc
200,買,VC
200,的,DE
200,家電,Na
200,，,COMMACATEGORY
200,不論,Cbb
200,是,SHI
200,萬,Neu
200,的,DE
200,吋,Nf
200,電視,Na
200,，,COMMACATEGORY
200,還是,D
200,萬,Neu
200,的,DE
200,冰箱,Na
200,，,COMMACATEGORY
200,只要,Cbb
200,中華隊,Na
200,贏,VD
200,了,Di
200,，,COMMACATEGORY
200,通通,D
200,不,D
200,用,VC
200,錢,Na
200,家電,Na
200,供應商,Na
200,總經理,Na
200,李建輝,Nb
200,說,VE
200,人家,Nh
200,都,D
200,會,D
200,用,P
200,折價,VJ
200,打折,VA
200,，,COMMACATEGORY
200,那,Nep
200,個,Nf
200,沒有,VJ
200,意思,Na
200,啊,T
200,，,COMMACATEGORY
200,你,Nh
200,如果說,Cbb
200,在,P
200,開打,VH
200,以後,Ng
200,，,COMMACATEGORY
200,人家,Nh
200,就,D
200,會,D
200,說,VE
200,你,Nh
200,放,VC
200,馬,Na
200,後,Ng
200,炮,Na
200,，,COMMACATEGORY
200,那,Dk
200,要,D
200,嘛,T
200,就,D
200,乾脆,VH
200,我們,Nh
200,在,P
200,開打,VH
200,前,Ng
200,，,COMMACATEGORY
200,就,D
200,是,SHI
200,要,D
200,全力,D
200,地,DE
200,支持,VC
200,中華隊,Na
200,連鎖手,Na
200,搖飲,VA
200,品牌,Na
200,也,D
200,想,VE
200,當,VG
200,中華隊,Na
200,應援團,Na
200,，,COMMACATEGORY
200,月,Na
200,日,Nd
200,到,VCL
200,日,Nc
200,中華隊,Na
200,賽事,Na
200,期間,Na
200,，,COMMACATEGORY
200,每,Nes
200,間,Nf
200,門市,Nc
200,每,Nes
200,天都,Na
200,會,D
200,免費,VH
200,送出,VD
200,杯,Na
200,飲料,Na
200,，,COMMACATEGORY
200,只要,Cbb
200,在,P
200,店家,Na
200,臉書,Na
200,粉專,Na
200,貼文,Na
200,下,Ng
200,留言,Na
200,起,Ng
200,為,P
200,中華隊,Na
200,加油,VB
200,並,Cbb
200,標記,VC
200,兩,Neu
200,位,Nf
200,朋友,Na
200,到,VCL
200,現場,Nc
200,出示,VC
200,畫面,Na
200,後,Ng
200,，,COMMACATEGORY
200,就,D
200,能,D
200,拿到,VC
200,免費,VH
200,飲料,Na
200,，,COMMACATEGORY
200,預計,VE
200,將,D
200,送出,VD
200,萬,Neu
200,杯,Nf
200,民眾,Na
200,鄭,Nb
200,先生,Na
200,說,VE
200,我,Nh
200,是,SHI
200,基本,Na
200,上,Ng
200,都,D
200,會,D
200,來,D
200,消費,VA
200,啦,T
200,，,COMMACATEGORY
200,台灣,Nc
200,加油,VB
200,中華隊,Na
200,加油,VB
200,現在,Nd
200,看準,VE
200,商機,Na
200,的,DE
200,還,D
200,有,V_2
200,餐酒館,Nc
200,，,COMMACATEGORY
200,只要,Cbb
200,中華隊,Na
200,在,P
200,月,Na
200,日,Nd
200,至,Caa
200,日,Nc
200,的,DE
200,比賽,Na
200,中,Ng
200,獲勝,VH
200,，,COMMACATEGORY
200,金色,Na
200,三麥,Na
200,就,D
200,會,D
200,招待,VC
200,現場,Nc
200,客人杯,Na
200,免費,VH
200,的,DE
200,精釀,VC
200,啤酒,Na
200,，,COMMACATEGORY
200,金色,Na
200,三麥,Na
200,誠品,Nb
200,信義,Na
200,店長,Na
200,林瓊芬,Nb
200,說,VE
200,就,D
200,是,SHI
200,希望,VK
200,所有,Neqa
200,的,DE
200,球迷,Na
200,，,COMMACATEGORY
200,都,D
200,可以,D
200,到,P
200,我們,Nh
200,餐廳,Nc
200,，,COMMACATEGORY
200,來,D
200,幫,P
200,台灣隊,Na
200,加油,VB
200,，,COMMACATEGORY
200,然後,D
200,得到,VJ
200,第,Neu
200,名,Nf
200,這樣子,VH
200,冠軍,Na
200,其他,Neqa
200,餐酒館,Nc
200,也,D
200,各自,Nh
200,祭出,VC
200,優惠,VJ
200,，,COMMACATEGORY
200,有的,Neqa
200,推生,VA
200,啤酒,Na
200,買,VC
200,大送,VD
200,小,VH
200,，,COMMACATEGORY
200,有的,Neqa
200,是,SHI
200,打卡,VA
200,生啤,Na
200,買送,VC
200,，,COMMACATEGORY
200,中華隊,Na
200,獲勝,VH
200,再,D
200,加碼,VA
200,全,Neqa
200,場,Nf
200,折,VC
200,，,COMMACATEGORY
200,有的,Neqa
200,餐酒館,Nc
200,也,D
200,推,VC
200,啤酒,Na
200,買送,VC
200,，,COMMACATEGORY
200,家電,Na
200,茶,Na
200,飲餐,Na
200,酒館,Nc
200,業者,Na
200,各,Nes
200,出奇,VH
200,招,VC
200,搶客,VA
200,，,COMMACATEGORY
200,也,D
200,希望,VK
200,中華隊,Na
200,能,D
200,再,D
200,創,VC
200,佳績,Na
200,完整,VH
200,新聞,Na
200,連結,VC
200,或,Caa
200,短,VH
200,網址,Na
200,不可,D
200,用,VC
200,等,Cab
200,轉載,VC
200,媒體,Na
200,//////,FW
200,備註,VE
201,剛剛,D
201,在,P
201,看,VC
201,棒球,Na
201,世界賽,Na
201,發現,VE
201,字幕,Na
201,都,D
201,是,SHI
201,打,VC
201,台灣隊,Na
201,啊,I
201,不,D
201,是,SHI
201,中華隊,Na
201,嗎,T
201,怎麼,D
201,這,Nep
201,屆,Nf
201,變成,VG
201,台灣隊,Na
201,體育,Na
201,新聞,Na
201,的,DE
201,字幕,Na
201,也,D
201,都,D
201,說,VE
201,台灣隊,Na
201,台灣隊,Na
201,但,Cbb
201,我,Nh
201,怎麼,D
201,覺得,VK
201,台灣隊,Na
201,聽起來,D
201,就,D
201,很,Dfa
201,弱,VH
201,的,DE
201,感覺,Na
201,比,P
201,賓賓,Nb
201,還遜,Nb
201,的,DE
201,感覺,Na
201,該,D
201,不會,D
201,只有,Cbb
201,我,Nh
201,覺得,VK
201,吧,T
202,其實,D
202,全,Neqa
202,敗,VH
202,好像,D
202,沒,D
202,差,VH
202,就,D
202,是,SHI
202,退回去,VA
202,打,VC
202,會外賽,Na
202,台灣人,Na
202,就是,Cbb
202,喜歡,VK
202,看,VC
202,中華隊,Na
202,棒球,Na
202,連,Cbb
202,少棒,Na
202,的,DE
202,票房,Na
202,也,D
202,不,D
202,差,VH
202,假設,VE
202,這,Nep
202,次,Nf
202,全,Neqa
202,敗退,VA
202,回去,VA
202,打,VC
202,資格賽,Na
202,只要,Cbb
202,是,SHI
202,中華隊,Na
202,打球,VA
202,就,D
202,是,SHI
202,票房,Na
202,保證,Na
202,像,P
202,年,Nf
202,就,D
202,是,SHI
202,很,Dfa
202,慘,VH
202,的,DE
202,那,Nep
202,年,Nf
202,輸,VD
202,韓國,Nc
202,又,D
202,輸,VD
202,中國,Nc
202,下,Nes
202,屆,Nf
202,年,Na
202,從,P
202,資格賽,Na
202,打起,VC
202,那,Nep
202,時候,Na
202,打,VC
202,紐西蘭,Nc
202,菲律賓,Nc
202,泰國,Nc
202,同,Nes
202,組,Nc
202,但,Cbb
202,沒,D
202,對到,VC
202,票房,Na
202,好像,D
202,也,D
202,不,D
202,差,VH
202,差不多,VH
202,~,FW
202,上下,Ncd
202,要,D
202,知道,VK
202,那,Nep
202,時候,Na
202,中職,Na
202,的,DE
202,票房,Na
202,還,D
202,沒,D
202,回來,VA
202,年,Na
202,到,P
202,年,Na
202,平均,VH
202,票房,Na
202,大概,D
202,左右,Ng
202,能,D
202,讓,VL
202,那,Nep
202,時候,Na
202,的,DE
202,新莊,Nc
202,塞,VC
202,這麼多,Neqa
202,人,Na
202,這,Nep
202,就,D
202,是,SHI
202,台灣,Nc
202,的,DE
202,看,VC
202,棒球,Na
202,文化,Na
202,吧,T
202,應該,D
202,說,VE
202,如果,Cbb
202,全,Neqa
202,敗,VH
202,了,T
202,反而,Cbb
202,要,D
202,擔心,VK
202,資格賽,Na
202,沒,D
202,在,P
202,台灣,Nc
202,比,VC
202,呢,T
202,發,VC
202,大,VH
202,財,Na
202,上,Nes
202,屆,Nf
202,全,Neqa
202,敗不過,VJ
202,這,Nep
202,屆,Nf
202,隊伍,Na
202,擴編,VC
202,就,D
202,沒,D
202,打,VC
202,資格賽,Na
202,了,Di
202,可惜,VH
202,不能,D
202,發財,VH
203,如,Cbb
203,提,VE
203,大家,Nh
203,都,D
203,知道,VK
203,灌籃,VA
203,高手,Na
203,王者,Na
203,山王,Nb
203,挑戰,VC
203,者,Na
203,湘北,Nc
203,最後,Nd
203,湘北,Nc
203,爆氣,Na
203,贏,VD
203,了,Di
203,山王,Nb
203,但,Cbb
203,後面,Ncd
203,體力,Na
203,不,D
203,支,VC
203,敗,VH
203,北,Ncd
203,看,VC
203,今天,Nd
203,的,DE
203,經典賽,Na
203,看起來,D
203,巴拿馬,Nc
203,就,D
203,像是,SHI
203,氣力,Na
203,放盡,VC
203,的,DE
203,湘北,Nc
203,勉強,VF
203,贏,VD
203,了,Di
203,中華山王,Nb
203,而,Cbb
203,中華隊,Na
203,是,SHI
203,王者,Na
203,山王,Nb
203,意外,VK
203,輸給,VD
203,湘北隊,Nb
203,我,Nh
203,這樣,VH
203,說,VE
203,對,VH
203,嗎,T
203,有,V_2
203,沒,D
203,有,V_2
203,八卦,Na
203,啊,T
204,其實,D
204,每,Nes
204,屆,Nf
204,都,D
204,打,VC
204,很,Dfa
204,爛,VH
204,打到,VC
204,現在,Nd
204,總戰績,Na
204,只有,D
204,勝,VH
204,唯,Da
204,進強,VH
204,的,DE
204,那,Nep
204,次,Nf
204,就,D
204,佔,VJ
204,了,Di
204,勝,VH
204,其他,Neqa
204,屆,Nf
204,都,D
204,是,SHI
204,全,Neqa
204,敗,VH
204,或者,Caa
204,只,Da
204,拿,VC
204,勝,VH
204,這,Nep
204,屆,Nf
204,繼續,VF
204,全,Neqa
204,敗,VH
204,也,D
204,不,D
204,意外,VK
204,以前,Nd
204,就,D
204,老是,D
204,輸到,VD
204,脫褲,Na
204,台灣,Nc
204,的,DE
204,國球,Na
204,到,P
204,現在,Nd
204,還是,D
204,棒球,Na
204,只,Da
204,能,D
204,接受,VC
204,現實,Na
204,了,T
204,吧,T
204,我們,Nh
204,就,D
204,是,SHI
204,喜歡,VK
204,比較,Dfa
204,爛,VH
204,的,DE
204,運動,Na
204,的,DE
204,國家,Na
205,這,Nep
205,幾,Neu
205,先,VH
205,新聞,Na
205,直說,VE
205,台灣隊,Na
205,多,Dfa
205,強,VH
205,",",COMMACATEGORY
205,直,D
205,打爆,VC
205,對手,Na
205,怎麼,D
205,今天,Nd
205,大家,Nh
205,都,D
205,在,P
205,討論,VE
205,中華隊,Na
205,說,VE
205,甚麼,Nep
205,鍋貼,Na
205,甚麼,Nep
205,的,DE
205,是,SHI
205,賽程,Na
205,臨時,Nd
205,更改,VC
205,嗎,T
205,還是,D
205,台灣隊,Na
205,明天,Nd
205,對,P
205,日本,Nc
205,台灣隊,Na
205,到,VCL
205,哪,Ncd
205,去,T
205,了,Di
206,安安,Nb
206,大,VH
206,給,P
206,賀阿,Nb
206,是,SHI
206,降,VC
206,的,T
206,啦,T
206,本,D
206,肥,VHC
206,想,VE
206,問問,VE
206,說,VE
206,阿,T
206,棒球,Na
206,直,D
206,是,SHI
206,臺灣,Nc
206,比較,Dfa
206,可以,D
206,拿出來,VB
206,說,VE
206,的,DE
206,運動,Na
206,項目,Na
206,啦,T
206,但,Cbb
206,今天,Nd
206,比賽,Na
206,感覺,Na
206,有點,Dfa
206,不,D
206,太,Dfa
206,流暢,VH
206,啦,T
206,那,Nep
206,為了,P
206,讓,VL
206,棒球,Na
206,的,DE
206,榮光,Na
206,再次,D
206,發光,VH
206,發熱,VH
206,大家,Nh
206,覺得,VK
206,後,Ng
206,會,D
206,灑,VC
206,多少,Neqa
206,錢,Na
206,救,VC
206,棒球,Na
206,呢,T
206,畢竟,D
206,灑,VC
206,越,D
206,多,VH
206,應該,D
206,越,D
206,有,V_2
206,誠意,Na
206,對,VH
206,不,D
206,對,P
206,'_',FW
207,唉,I
207,研究,VE
207,證實,VE
207,嘆氣,VA
207,最,Dfa
207,能,D
207,紓解,VJ
207,焦慮,VH
207,快速,VH
207,自我,Nh
207,安撫,VJ
207,情緒,Na
207,林彥臣,Nb
207,唉聲嘆氣,VA
207,長期,Na
207,以來,Ng
207,直,D
207,被,P
207,視為,VG
207,憂鬱,VH
207,沮喪,VH
207,甚至,D
207,絕望,VH
207,的,DE
207,象徵,Na
207,，,COMMACATEGORY
207,每當,P
207,有,V_2
207,人,Na
207,嘆息,VA
207,的,DE
207,時候,Na
207,總會,D
207,問,VE
207,怎麼,VH
207,了,T
207,但,Cbb
207,史丹佛,Nb
207,大學,Nc
207,醫學院,Nc
207,的,DE
207,研究,Na
207,證明,Na
207,顯示,VK
207,，,COMMACATEGORY
207,與其,Cbb
207,將,P
207,嘆息,VA
207,視為,VG
207,悲傷,VH
207,或,Caa
207,惱怒,VI
207,，,COMMACATEGORY
207,不如,Cbb
207,將,P
207,它,Nh
207,視為,VG
207,緩解,VJ
207,壓力,Na
207,的,DE
207,種,Na
207,功能,Na
207,根據,P
207,報導,VE
207,，,COMMACATEGORY
207,史丹佛,Nb
207,大學,Nc
207,的,DE
207,研究,VE
207,團隊,Na
207,指出,VE
207,，,COMMACATEGORY
207,將,P
207,人,Na
207,分成,VG
207,組,Nc
207,，,COMMACATEGORY
207,分別,D
207,進行,VC
207,冥想,VA
207,盒式,Na
207,呼吸,VC
207,，,COMMACATEGORY
207,又,D
207,稱,VG
207,呼吸法,Na
207,，,COMMACATEGORY
207,吸氣秒,Na
207,屏息秒,Na
207,呼氣,VA
207,秒慢,VH
207,吸急,VH
207,吐氣,VA
207,快,D
207,吸慢吐氣,VA
207,，,COMMACATEGORY
207,類似,VG
207,嘆氣,VA
207,，,COMMACATEGORY
207,每,Nes
207,天,Nf
207,進行,VC
207,分,VC
207,鐘,Na
207,，,COMMACATEGORY
207,維持,VJ
207,天,Nc
207,然後,D
207,，,COMMACATEGORY
207,研究,VE
207,小組,Na
207,評估,VE
207,了,Di
207,每,Nes
207,次,Nf
207,呼吸,VC
207,或,Caa
207,冥想,VA
207,後,Ng
207,的,DE
207,情緒,Na
207,焦慮,VH
207,程度,Na
207,和,Caa
207,睡眠,Na
207,行為,Na
207,，,COMMACATEGORY
207,以及,Caa
207,呼吸,VC
207,和,Caa
207,心率,Na
207,變異性,Na
207,研究,VE
207,發現,VE
207,，,COMMACATEGORY
207,所有,Neqa
207,形式,Na
207,的,DE
207,呼吸,Nv
207,和,Caa
207,冥想,VA
207,都,D
207,會,D
207,明顯,VH
207,並,Cbb
207,改善,VC
207,焦慮,VH
207,情緒,Na
207,然而,Cbb
207,，,COMMACATEGORY
207,研究,VE
207,發現,VE
207,，,COMMACATEGORY
207,嘆息組,Na
207,的,DE
207,效果,Na
207,甚至,D
207,優於,VJ
207,冥想組,Nc
207,壓力,Na
207,管理,VC
207,專家,Na
207,阿克瑞爾,Nb
207,博士,Na
207,說,VE
207,，,COMMACATEGORY
207,這,Nep
207,項,Nf
207,研究,VE
207,很,Dfa
207,有趣,VH
207,，,COMMACATEGORY
207,雖然,Cbb
207,規模,Na
207,很,Dfa
207,小,VH
207,，,COMMACATEGORY
207,但,Cbb
207,任何,Neqa
207,形式,Na
207,的,DE
207,呼吸,VC
207,調節,VC
207,，,COMMACATEGORY
207,都,D
207,可以,D
207,將,P
207,你,Nh
207,的,DE
207,注意力,Na
207,轉移到,VC
207,任何,Neqa
207,形式,Na
207,的,DE
207,呼吸,VC
207,工作,Na
207,上,Ncd
207,，,COMMACATEGORY
207,都,D
207,會,D
207,啟動,VC
207,意,Na
207,識,VJ
207,過程,Na
207,，,COMMACATEGORY
207,從而,Cbb
207,促進,VK
207,正念,Na
207,及,Caa
207,其,Nep
207,益處,Na
207,參與,VC
207,研究,VE
207,的,DE
207,斯皮格爾,Nb
207,博士,Na
207,說,VE
207,，,COMMACATEGORY
207,有,V_2
207,意識,Na
207,地,DE
207,緩慢,VH
207,深,VH
207,吸,VC
207,口,Nf
207,氣,Na
207,，,COMMACATEGORY
207,屏住,VC
207,呼,VE
207,吸,VC
207,，,COMMACATEGORY
207,然後,D
207,慢慢,VH
207,呼出,VC
207,，,COMMACATEGORY
207,可以,D
207,活化,VHC
207,副交感,Na
207,神經,Na
207,系統,Na
207,，,COMMACATEGORY
207,該,Nes
207,系統,Na
207,負責,VL
207,控制,VC
207,身體,Na
207,的,DE
207,休息,VA
207,和,Caa
207,消化,VC
207,方式,Na
207,，,COMMACATEGORY
207,心率,Na
207,減慢,VJ
207,，,COMMACATEGORY
207,血壓,Na
207,下降,VA
207,，,COMMACATEGORY
207,消化,VC
207,得到,VJ
207,改善,VC
207,，,COMMACATEGORY
207,頭腦,Na
207,開始,VL
207,放鬆,VHC
207,斯皮格爾,Nb
207,博士,Na
207,補充,VC
207,說,VE
207,，,COMMACATEGORY
207,相較,VB
207,之下,Ng
207,，,COMMACATEGORY
207,當,P
207,你,Nh
207,害怕,VK
207,或,Caa
207,處於,VJ
207,危險,VH
207,之中,Ng
207,時,Ng
207,，,COMMACATEGORY
207,你,Nh
207,可能,D
207,會,D
207,吸,VC
207,口,Nf
207,氣,Na
207,，,COMMACATEGORY
207,這,Nep
207,會,D
207,觸發,VJ
207,交感,A
207,神經,Na
207,系統,Na
207,，,COMMACATEGORY
207,負責,VL
207,讓,VL
207,我們,Nh
207,做好,VC
207,戰鬥,VA
207,或,Caa
207,逃跑,VA
207,的,DE
207,準備,VC
207,，,COMMACATEGORY
207,當,P
207,你,Nh
207,做,VC
207,這,Nep
207,種,Nf
207,周期性,Na
207,的,DE
207,嘆息,Na
207,時,Ng
207,，,COMMACATEGORY
207,透,VJ
207,過,VCL
207,放慢,VC
207,你,Nh
207,的,DE
207,心率,Na
207,，,COMMACATEGORY
207,你,Nh
207,會,D
207,立即,D
207,以,P
207,種,VC
207,相當,Dfa
207,快速,VH
207,的,DE
207,方式,Na
207,安撫,VJ
207,自己,Nh
207,/////,FW
207,原來,D
207,看,VC
207,中華隊,Na
207,比賽,Na
207,，,COMMACATEGORY
207,嘆氣,VA
207,是,SHI
207,有效,VH
207,紓壓,A
207,的,DE
207,方法,Na
208,乳蹄,Na
208,你,Nh
208,各,Nes
208,位,Nf
208,酸言酸語,Na
208,真是,D
208,讓,VL
208,我,Nh
208,看,VC
208,不,D
208,下去,Di
208,不過,Da
208,是,SHI
208,第八,Neu
208,局,Nf
208,落後,VJ
208,分,VC
208,而已,T
208,來,VA
208,兩,Neu
208,發,Nf
208,滿貫,VH
208,就,D
208,追平,VC
208,了,Di
208,好,VH
208,嗎,T
208,比賽,Na
208,結束,VHC
208,前,Ng
208,都,D
208,有,V_2
208,機會,Na
208,我,Nh
208,愛,VL
208,中華隊,Na
208,♥,FW
208,♥,FW
208,認同,VJ
208,就,D
208,推,VC
208,☺☺,FW
209,真的,D
209,跌破,VC
209,球評,Na
209,跟,P
209,專家,Na
209,的,DE
209,眼鏡,Na
209,這,Nep
209,場,Nf
209,竟然,D
209,大爆冷門,VH
209,個名,Nf
209,不見經傳,VH
209,的,DE
209,棒球,Na
209,弱國,Na
209,對上,VC
209,世界,Nc
209,第三,Neu
209,的,DE
209,棒球,Na
209,強權,Na
209,台灣,Nc
209,台灣,Nc
209,大意,VH
209,輸,VD
209,了,Di
209,應該,D
209,是,SHI
209,最近,Nd
209,天氣,Na
209,太,Dfa
209,冷,VH
209,中華隊,Na
209,不,D
209,習慣,VL
209,剛好,Da
209,讓,VL
209,巴拿馬,Nc
209,這,Nep
209,種,Nf
209,習慣,Na
209,高緯度,Na
209,氣候,Na
209,的,DE
209,國家,Na
209,賺到,VC
209,有,V_2
209,沒,D
209,有,V_2
209,天氣,Na
209,也,D
209,是,SHI
209,運氣,Na
209,的,DE
209,種,Na
209,的,DE
209,八卦,Na
210,令,VL
210,魔獸,Na
210,也,D
210,追蹤,VC
210,的,DE
210,辣,VH
210,個,Di
210,男人,Na
210,阿巴西,Nb
210,前,Nes
210,幾,Neu
210,天,Nf
210,獲得,VJ
210,代表,VC
210,台灣,Nc
210,資格,Na
210,了,T
210,現在,Nd
210,如果,Cbb
210,急,VH
210,阿巴西,Nb
210,加入,VC
210,中華隊,Na
210,直接,VH
210,代打,VB
210,小玉,Nb
210,我,Nh
210,相信,VK
210,結果,Na
210,也,D
210,不會,D
210,比較,Dfa
210,差,VH
210,現在,Nd
210,阿巴西,Nb
210,來得及,VH
210,嗎,T
211,如,P
211,題,Na
211,啦,T
211,現在,Nd
211,經典賽,Na
211,中華隊,Na
211,落後,VJ
211,巴拿馬,Nc
211,這,Nep
211,時候,Na
211,派出,VC
211,咱們,Nh
211,書,Na
211,豪哥,Na
211,投,VC
211,個個,Neqa
211,分球,VA
211,是,SHI
211,不,D
211,是,SHI
211,就,D
211,贏,VD
211,了,Di
212,民視,Nc
212,新聞,Na
212,經典賽,Na
212,台灣,Nc
212,對,P
212,巴拿馬,Nc
212,要,D
212,贏,VD
212,許銘傑,Nb
212,最,Dfa
212,好,VH
212,的,DE
212,投手,Na
212,都,D
212,壓,VC
212,在,P
212,這,Nep
212,場,Nf
212,體育,Na
212,中心,Nc
212,吳峻光,Nb
212,報導,VE
212,第五,Neu
212,屆,Nf
212,世界,Nc
212,棒球,Na
212,經典賽,Na
212,明日,Nd
212,即將,D
212,開打,VH
212,，,COMMACATEGORY
212,此,Nep
212,前,Nes
212,台灣隊,Na
212,已,D
212,取得,VC
212,熱身賽,Na
212,連勝,VH
212,，,COMMACATEGORY
212,戰績,Na
212,非常,Dfa
212,強悍,VH
212,，,COMMACATEGORY
212,而,Cbb
212,正賽,Na
212,首日,Nd
212,台灣隊,Na
212,將,D
212,在,P
212,組,Nc
212,對上,VC
212,巴拿馬,Nc
212,，,COMMACATEGORY
212,提到,VE
212,投手,Na
212,要,D
212,如何,D
212,安排,VE
212,，,COMMACATEGORY
212,投手,Na
212,教練,Na
212,許銘傑,Nb
212,表示,VE
212,，,COMMACATEGORY
212,與,P
212,巴,Nc
212,拿,VC
212,馬,Na
212,的,DE
212,交手,VA
212,是,SHI
212,最,Dfa
212,重要,VH
212,的,DE
212,役,Na
212,，,COMMACATEGORY
212,更,Dfa
212,強調,VE
212,百分之百,Neqa
212,定,D
212,要,D
212,贏,VD
212,，,COMMACATEGORY
212,會,D
212,把,P
212,最,Dfa
212,好,VH
212,的,DE
212,投手,Na
212,都,D
212,放,VC
212,在,P
212,這,Nep
212,場,Nc
212,雖然,Cbb
212,目前,Nd
212,最終,A
212,答案,Na
212,尚未,D
212,揭曉,VE
212,，,COMMACATEGORY
212,但,Cbb
212,網友,Na
212,認為,VE
212,，,COMMACATEGORY
212,台灣隊,Na
212,應,D
212,會,D
212,派出,VC
212,胡智爲,Nb
212,，,COMMACATEGORY
212,或,Caa
212,江少慶,Nb
212,先發,VA
212,台灣隊,Na
212,投手,Na
212,教練,Na
212,許銘傑,Nb
212,昨,Nd
212,在,P
212,熱身賽,Na
212,前提及,Nb
212,與,Caa
212,巴拿馬役,Nb
212,的,DE
212,陣容,Na
212,，,COMMACATEGORY
212,據,P
212,三立,Nb
212,新聞網,Na
212,報導,VE
212,，,COMMACATEGORY
212,他,Nh
212,當時,Nd
212,表示,VE
212,，,COMMACATEGORY
212,直到,P
212,最近,Nd
212,都,D
212,還,D
212,在,D
212,測試,VC
212,先發,VA
212,投手,Na
212,，,COMMACATEGORY
212,也,D
212,包括,VK
212,中繼,Na
212,投手,Na
212,要,D
212,如何,D
212,安排,VE
212,，,COMMACATEGORY
212,待,P
212,打完,VC
212,與,Caa
212,富邦,Nb
212,悍將,Na
212,的,DE
212,官辦,VH
212,熱身賽,Na
212,後,Ng
212,，,COMMACATEGORY
212,會,D
212,再,D
212,做,VC
212,正式,VH
212,的,DE
212,沙盤,Na
212,推演,Nv
212,，,COMMACATEGORY
212,該,Nes
212,場,Nf
212,比賽,Na
212,台灣隊,Na
212,最終,D
212,以,P
212,獲勝,VH
212,外界,Ncd
212,看來,D
212,，,COMMACATEGORY
212,台,Nc
212,灣隊,Na
212,面對,VC
212,巴拿馬,Nc
212,有,V_2
212,不能,D
212,輸,VD
212,的,DE
212,壓力,Na
212,，,COMMACATEGORY
212,許銘傑,Nb
212,也,D
212,認同,VJ
212,表示,VE
212,，,COMMACATEGORY
212,要,D
212,百分之百,Neqa
212,定贏下來,VB
212,，,COMMACATEGORY
212,所以,Cbb
212,會,D
212,把,P
212,最好,VH
212,的,DE
212,投手,Na
212,都,D
212,壓,VC
212,在,P
212,這,Nep
212,場,Nf
212,，,COMMACATEGORY
212,他,Nh
212,認為,VE
212,前,Nes
212,兩,Neu
212,場,Nf
212,若,Cbb
212,沒,D
212,順利,VH
212,拿下,VC
212,，,COMMACATEGORY
212,後面,Ncd
212,的,DE
212,比賽,Na
212,只,Da
212,會,D
212,越來越,Dfa
212,難,VH
212,打,VC
212,而,Cbb
212,台灣隊,Na
212,目前,Nd
212,狀況,Na
212,最,Dfa
212,好,VH
212,的,DE
212,投手,Na
212,之,DE
212,是,SHI
212,胡智爲,Nb
212,，,COMMACATEGORY
212,他,Nh
212,在,P
212,先前,Nd
212,的,DE
212,官辦,VH
212,熱身賽,Na
212,曾,D
212,用,VC
212,球投局,Nc
212,，,COMMACATEGORY
212,飆出,VC
212,兩,Neu
212,次,Nf
212,三振,VC
212,，,COMMACATEGORY
212,演出,VC
212,三,Neu
212,上,Ncd
212,三,Neu
212,下,Nf
212,，,COMMACATEGORY
212,他,Nh
212,也,D
212,直言,VE
212,自己,Nh
212,整體,Na
212,調整,VC
212,感覺,Na
212,是,SHI
212,還,D
212,不錯,VH
212,台灣,Nc
212,在,P
212,本,Nes
212,屆,Nf
212,經典賽組,Nc
212,將,D
212,面對,VC
212,巴拿馬,Nc
212,荷蘭,Nc
212,古巴,Nc
212,義大利,Nc
212,，隊,Na
212,陣,Na
212,中,Ncd
212,都,D
212,有,V_2
212,大聯盟,Na
212,等級,Na
212,打者,Na
212,，,COMMACATEGORY
212,但,Cbb
212,許銘傑,Nb
212,仍,D
212,展現,VC
212,十足,VH
212,信心,Na
212,，,COMMACATEGORY
212,棒球,Na
212,就,D
212,是,SHI
212,結果論,Na
212,的,DE
212,東西,Na
212,，,COMMACATEGORY
212,大聯盟,Na
212,打者,Na
212,也,D
212,有,V_2
212,打,VC
212,不,D
212,好,VC
212,的,DE
212,時候,Na
212,，,COMMACATEGORY
212,不覺,VK
212,得,D
212,我們,Nh
212,會,D
212,輸給,VD
212,任何,Neqa
212,人,Na
212,，,COMMACATEGORY
212,球,Na
212,是,SHI
212,圓,VH
212,的,DE
212,，場,Nc
212,上,Ncd
212,的,DE
212,事,Na
212,沒,VJ
212,人,Na
212,可以,D
212,控制,VC
212,他,Nh
212,還,D
212,強調,VE
212,，,COMMACATEGORY
212,都,D
212,會,D
212,要,VE
212,選手,Na
212,在,P
212,場,Nc
212,上,Ncd
212,強勢點,Na
212,，,COMMACATEGORY
212,積極,VH
212,攻擊,VC
212,好球帶,Nc
212,，,COMMACATEGORY
212,對手,Na
212,不定,VH
212,打,VC
212,得,DE
212,到,VC
212,，,COMMACATEGORY
212,大聯盟,Na
212,選手,Na
212,在,P
212,這,Nep
212,種,Nf
212,短期,Nd
212,比賽,Na
212,，,COMMACATEGORY
212,不見得,D
212,比,P
212,較,Dfa
212,吃香,VH
212,，,COMMACATEGORY
212,狀況,Na
212,好,VH
212,才,Da
212,是,SHI
212,第,Neu
212,考量,VE
212,//////,FW
213,剛剛,D
213,看到,VE
213,上,Ncd
213,有,V_2
213,推薦,VC
213,直播,VC
213,我,Nh
213,就,D
213,點進去,VC
213,看,VC
213,，,COMMACATEGORY
213,靠,VJ
213,杯,Na
213,萬,Neu
213,人诶,Na
213,看看,VE
213,洲際,Nc
213,棒球場,Nc
213,現在,Nd
213,有沒有,D
213,萬,Neu
213,人,Na
213,都,D
213,不,D
213,知道,VK
213,，,COMMACATEGORY
213,大家,Nh
213,都,D
213,跑,VA
213,了,Di
213,人數,Na
213,竟然,D
213,超越,VC
213,世界,Nc
213,棒球,Na
213,經典賽,Na
213,的,DE
213,中華隊,Na
213,太,Dfa
213,誇張,VHC
213,了,T
213,吧,T
213,大家,Nh
213,至少,Da
213,看到,VE
213,最後,Nd
213,吧,T
213,，,COMMACATEGORY
213,中華隊,Na
213,只,Da
213,輸,VD
213,第,Neu
213,場,Nf
213,，,COMMACATEGORY
213,後面,Ncd
213,還是,D
213,有,V_2
213,機會,Na
213,前進,VA
213,東京,Nc
214,辣,VH
214,個,Di
214,男人,Na
214,永遠,VH
214,的,DE
214,號,Na
214,陳金鋒,Nb
214,鋒哥,Nb
214,世界盃,Nb
214,在,P
214,天母,Nc
214,球場,Nc
214,雙響砲,Na
214,打敗,VC
214,日本,Nc
214,也,D
214,砲轟,VC
214,過達,Na
214,比,P
214,修有,VJ
214,帶領,VF
214,中華,Nc
214,隊度,Na
214,領先,VJ
214,現在,Nd
214,才,Da
214,落後,VJ
214,巴拿馬,Nc
214,分,VC
214,而已,T
214,支,VC
214,滿貫砲,Na
214,就,D
214,追平,VC
214,了,Di
214,等等,Cab
214,陳金鋒,Nb
214,會,D
214,上場,VA
214,代打,VB
214,嗎,T
215,剛剛,D
215,度,VCL
215,要,D
215,被,P
215,扣倒,VC
215,的,DE
215,中華隊,Na
215,在,P
215,局,Nc
215,上,Ncd
215,以,P
215,分差,Na
215,結束,VHC
215,後,Ng
215,正式,VH
215,宣告,VE
215,本,Nes
215,場,Nf
215,比賽,Na
215,不會,D
215,被,P
215,扣倒,VC
215,了,Di
215,可以,D
215,對,P
215,進場,VA
215,的,DE
215,球迷,Na
215,有,V_2
215,交代,VE
215,了,Di
215,狂賀,VE
216,媒體,Na
216,來源,Na
216,中時,Nb
216,記者,Na
216,署名,VC
216,崔慈悌,Nb
216,完整,VH
216,新聞,Na
216,標題,Na
216,世界,Nc
216,棒球,Na
216,經典賽,Na
216,開幕,VH
216,蔡英文,Nb
216,成功,VH
216,捍衛,VC
216,台灣,Nc
216,主場,Na
216,完整,VH
216,新聞,Na
216,內文,Na
216,///,FW
216,翻攝,VC
216,自,P
216,總統府,Nc
216,錄影,VA
216,畫面,Na
216,蔡英文,Nb
216,總統,Na
216,今日,Nd
216,晚間,Nd
216,以,P
216,錄影,VA
216,方式,Na
216,為,VG
216,年,Nf
216,第,Neu
216,屆,Nf
216,世界,Nc
216,棒球,Na
216,經典賽,Na
216,臺中區,Nc
216,預賽,Na
216,開幕,VH
216,致詞,VA
216,，,COMMACATEGORY
216,她,Nh
216,期勉,VK
216,並,Cbb
216,祝福,VC
216,台灣隊,Na
216,能,D
216,成功,VH
216,捍衛,VC
216,台灣,Nc
216,主場,Na
216,，,COMMACATEGORY
216,用盡,VC
216,全力,D
216,團結,VHC
216,奮戰,VA
216,到,P
216,最後,Nd
216,刻,VC
216,，,COMMACATEGORY
216,挺,VC
216,台灣,Nc
216,世界,Nc
216,棒球,Na
216,經典賽,Na
216,是,SHI
216,由,P
216,美國,Nc
216,職棒,Na
216,大聯盟,Na
216,與,Caa
216,世界,Nc
216,棒壘球,Na
216,總會,Nc
216,共同,A
216,策劃,VF
216,的,DE
216,國際,Nc
216,棒球,Na
216,大賽,Na
216,，,COMMACATEGORY
216,年組,Na
216,預賽,Na
216,於,P
216,月,Na
216,日,Nd
216,至日,Nd
216,在,P
216,台中,Nc
216,洲際,Nc
216,棒球場,Nc
216,及,Caa
216,雲林,Nc
216,斗六,Nc
216,棒球場,Nc
216,舉行,VC
216,，,COMMACATEGORY
216,計有,VJ
216,古巴荷蘭,Nb
216,義大利,Nc
216,巴拿馬,Nc
216,及,Caa
216,我國,Nc
216,共隊,Nb
216,參加,VC
216,蔡英文,Nb
216,致詞,VA
216,表示,VE
216,，,COMMACATEGORY
216,睽違,VH
216,年,Na
216,，,COMMACATEGORY
216,世界,Nc
216,棒球,Na
216,經典賽,Na
216,的,DE
216,分組賽,Na
216,，,COMMACATEGORY
216,今年,Nd
216,再度,D
216,回到,VCL
216,台灣,Nc
216,舉辦,VC
216,她,Nh
216,相信,VK
216,，,COMMACATEGORY
216,大家,Nh
216,定,VC
216,都,D
216,十分,Dfa
216,的,DE
216,興奮,VH
216,棒球,Na
216,精神,Na
216,，,COMMACATEGORY
216,跟,P
216,我們,Nh
216,台灣,Nc
216,精神,Na
216,樣,Na
216,，,COMMACATEGORY
216,面對,VC
216,挑戰,Na
216,，,COMMACATEGORY
216,我們,Nh
216,都,D
216,會,D
216,用,VC
216,盡,VJ
216,全,Neqa
216,力,Na
216,，,COMMACATEGORY
216,棒接棒,Na
216,，,COMMACATEGORY
216,球,Na
216,接,VC
216,球,Na
216,，,COMMACATEGORY
216,團結,VHC
216,拚,VC
216,到,P
216,最後,Nd
216,她,Nh
216,呼籲,VE
216,大家,Nh
216,，,COMMACATEGORY
216,起,VJ
216,和,P
216,台灣隊,Na
216,奮戰,VA
216,到,P
216,最後,Nd
216,刻,VC
216,並,Cbb
216,向,P
216,各位,Nh
216,球迷,Na
216,們,Na
216,喊話,VA
216,你,Nh
216,準備好,VC
216,了,Di
216,嗎,T
216,她,Nh
216,祝福,VC
216,我們,Nh
216,的,DE
216,台灣隊,Na
216,，,COMMACATEGORY
216,成功,VH
216,捍衛,VC
216,台灣,Nc
216,主場,Na
216,挺,VC
216,臺灣,Nc
216,挺進,VA
216,東京,Nc
216,前進,VA
216,邁,VC
216,阿密,Nb
216,完整,VH
216,新聞,Na
216,連結,VC
216,或,Caa
216,短,VH
216,網址,Na
216,不可,D
216,用,VC
216,等,Cab
216,轉載,VC
216,媒體,Na
216,////,FW
216,備註,VE
217,乳題,Na
217,賽事,Na
217,如火如荼,VH
217,的,DE
217,進行,VC
217,中,Ng
217,該,D
217,趕快,D
217,請,VF
217,個,Di
217,賽事,Na
217,代言人,Na
217,上場,VA
217,加油,VB
217,引領,VC
217,啦啦,T
217,起,Ng
217,為,P
217,中華隊,Na
217,加油,VB
217,小弟,Na
217,不才,VH
217,，,COMMACATEGORY
217,唯想到,VE
217,的,DE
217,適合,VH
217,人選,Na
217,///,FW
217,找,VC
217,他,Nh
217,來,D
217,代言,VA
217,應該,D
217,就,D
217,穩,VH
217,了,T
217,吧,T
218,投手,Na
218,有,V_2
218,鄧,Nb
218,打者,Na
218,有,V_2
218,王,Nb
218,捕手,Na
218,有,V_2
218,高,VH
218,這,Nep
218,種,Nf
218,陣容,Na
218,要,D
218,怎樣,D
218,才,Da
218,有,V_2
218,贏,VD
218,的,DE
218,機會,Na
218,格,Na
218,都,D
218,不到,VJ
218,老天爺,Na
218,對,P
218,中華隊,Na
218,太,Dfa
218,嚴苛,VH
218,了,T
219,沒道理,VH
219,呀,T
219,投手,Na
219,自家,Nc
219,熱身,VA
219,的,DE
219,時候,Na
219,都,D
219,好好,VH
219,的,DE
219,怎麼,D
219,正式,VH
219,開打炸,VA
219,的,DE
219,亂七八糟,VH
219,只有,Cbb
219,種,VC
219,可能,D
219,是,SHI
219,偷偷,D
219,把,P
219,球,Na
219,換成,VG
219,彈力球,Na
219,了,T
219,吧,T
219,連,Cbb
219,中華隊,Na
219,都,D
219,能,D
219,尻,VC
219,五,Neu
219,分,VD
219,了,T
220,中華隊,Na
220,在,P
220,這,Nep
220,組,Nf
220,應該,D
220,不,D
220,意外,VK
220,我們,Nh
220,應該,D
220,是,SHI
220,墊底,VH
220,墊底,VH
220,的,DE
220,好處,Na
220,是,SHI
220,可以,D
220,打,VC
220,資格賽,Na
220,撈錢,VA
220,而且,Cbb
220,沒,D
220,意外,VK
220,應該,D
220,是,SHI
220,台灣,Nc
220,會,D
220,爭取,VC
220,主辦,VC
220,上,Nes
220,次,Nf
220,年,Na
220,我們,Nh
220,跟,P
220,菲律賓,Nc
220,紐西蘭,Nc
220,泰國,Nc
220,等,Cab
220,國,Nc
220,打,VC
220,這,Nep
220,次,Nf
220,資格賽,Na
220,對手,Na
220,應該,D
220,也,D
220,差不多,VH
220,除了,P
220,假如,Cbb
220,中國,Nc
220,墊底,VH
220,也,D
220,要,D
220,打,VC
220,會,D
220,比較,Dfa
220,棘手,VH
220,外,Ng
220,菲律賓,Nc
220,泰國,Nc
220,巴基斯坦,Nc
220,等,Cab
220,中華隊,Na
220,還是,D
220,能,D
220,輕鬆,VH
220,獲勝,VH
220,吧,T
221,我們,Nh
221,剛,D
221,聊天,VA
221,看到,VE
221,第,Neu
221,場,Nf
221,我,Nh
221,覺得,VK
221,中華隊,Na
221,這,Nep
221,場,Nf
221,失手,VH
221,就,D
221,代表,VK
221,球,Na
221,是,SHI
221,圓,VH
221,的,DE
221,所以,Cbb
221,後續,A
221,幾,Neu
221,場,Nf
221,應該,D
221,還是,D
221,大有可為,VH
221,蠻,Dfa
221,有,V_2
221,機會,Na
221,晉級,VJ
221,結果,Dk
221,他,Nh
221,就,D
221,說,VE
221,就,D
221,是,SHI
221,因為,Cbb
221,球,Na
221,是,SHI
221,圓,VH
221,的,DE
221,所以,Cbb
221,晉級,VJ
221,機率,Na
221,是,SHI
221,請問,VE
221,我,Nh
221,要,D
221,怎,D
221,反駁,VC
221,他,Nh
221,急,D
221,在,P
221,線,Na
221,等,Cab
222,當初,Nd
222,公布,VE
222,宣傳照,Na
222,的,DE
222,時候,Na
222,大家,Nh
222,都,D
222,氣,VK
222,的,DE
222,說,VE
222,要,D
222,用,P
222,棒子,Na
222,教訓,VC
222,下,Ng
222,主辦,VC
222,單位,Na
222,還,D
222,出來,VA
222,道歉,VB
222,現在,Nd
222,到底,D
222,是,SHI
222,誰,Nh
222,被,P
222,教訓,VC
222,了,Di
222,現場,Nc
222,球迷,Na
222,辛苦,VHC
222,了,T
222,回家,VA
222,請,VF
222,注意,VK
222,安全,VH
222,哦,T
223,雨刷,Na
223,是,SHI
223,改革,VC
223,中職,Na
223,的,DE
223,重要,VH
223,人物,Na
223,之,DE
223,去年,Nd
223,高票,Na
223,當選,VG
223,後,Ng
223,就,D
223,再,D
223,也,D
223,沒有,D
223,在,P
223,看到,VE
223,他,Nh
223,的,DE
223,消息,Na
223,連,Cbb
223,什麼,Nep
223,清水溝,Na
223,發送,VD
223,便道,Na
223,給,VD
223,孤獨,VH
223,老人,Na
223,的,DE
223,新聞,Na
223,都,D
223,沒有,VJ
223,現在,Nd
223,是,SHI
223,世界,Nc
223,棒球,Na
223,經典賽,Na
223,，,COMMACATEGORY
223,這,Nep
223,位,Nf
223,嘉義縣,Nc
223,地方,Na
223,議員,Na
223,怎麼,D
223,沒有,D
223,號召,VF
223,鄉民,Na
223,出來,VA
223,支持,VC
223,中華,Nc
223,職棒,Na
223,呢,T
223,有,V_2
223,沒,D
223,有,V_2
223,雨刷,Na
223,的,DE
223,八卦,Na
224,中華隊,Na
224,打完,VC
224,這,Nep
224,場,Nf
224,之後,Nd
224,根本,D
224,沒,VJ
224,時間,Na
224,休息,VA
224,晚上,Nd
224,打完,VC
224,接著,D
224,中午,Nd
224,打,VC
224,搞,VC
224,的,DE
224,接下來,D
224,要,D
224,連,D
224,贏,VD
224,三,Neu
224,場,Nf
224,要,D
224,晉級,VJ
224,比,P
224,登天,VA
224,還,Dfa
224,難,VH
224,是,SHI
224,不,D
224,是,SHI
224,該,D
224,檢討,VC
224,大聯盟,Na
224,不當,VH
224,安排,VE
224,而,Cbb
224,不,D
224,是,SHI
224,責怪,VC
224,中華隊,Na
224,大家,Nh
224,給,VD
224,中華隊,Na
224,點,VC
224,牡蠣,Na
224,好不,Dfa
224,好,VH
225,魯題,Na
225,~~,FW
225,今晚,Nd
225,鬼島,Nc
225,的,DE
225,棒球隊,Na
225,的,DE
225,對上,VC
225,結果,Dk
225,被,P
225,巴拿馬,Nc
225,拿到,VC
225,了,Di
225,分,Nf
225,~~,FW
225,只是,Cbb
225,尚未,D
225,被,P
225,扣倒,VC
225,///,FW
225,然後,D
225,底下,Ncd
225,有,V_2
225,個,Nf
225,中華隊,Na
225,的,DE
225,慘案,Na
225,樣,Na
225,是,SHI
225,，,COMMACATEGORY
225,連,Cbb
225,分,Nf
225,都,D
225,沒,D
225,拿到,VC
225,///,FW
225,挖靠,VC
225,，,COMMACATEGORY
225,這,Nep
225,古巴隊,Na
225,是,SHI
225,打,VC
225,了,Di
225,針,Na
225,還,D
225,嗑,VC
225,了,Di
225,藥,Na
225,完全,D
225,不可憐,VH
225,下,VCL
225,東亞,Nc
225,小島,Na
225,耶,T
225,，,COMMACATEGORY
225,都,D
225,不,D
225,放,VC
225,水,Na
225,這,Nep
225,種,Nf
225,無情,VH
225,的,DE
225,羞辱,VC
225,，,COMMACATEGORY
225,還是,D
225,在,P
225,當年,Nd
225,的,DE
225,古巴隊,Na
225,選手,Na
225,是,SHI
225,有,V_2
225,多,Dfa
225,強,VH
225,啊,T
226,才,Da
226,差分,Na
226,而已,T
226,個分球,Na
226,就,D
226,逆轉,VA
226,了,Di
226,還,D
226,有,V_2
226,機會,Na
226,阿講,VE
226,的,DE
226,好像,D
226,沒,VJ
226,機會,Na
226,了樣,VH
226,你,Nh
226,不,D
226,知道,VK
226,我們,Nh
226,中華隊,Na
226,每,Nes
226,天,Nf
226,練習,VC
226,多,Dfa
226,辛苦,VHC
226,掌聲,Na
226,不,D
226,給,VD
226,就,D
226,算了,VH
226,還,D
226,在,P
226,那邊,Ncd
226,酸,VH
226,氣氣,Na
226,氣氣,Na
226,氣氣,Na
226,氣氣,Na
226,氣鼠,Na
226,人,Na
226,了,T
227,看,VC
227,中華隊,Na
227,今天,Nd
227,這麼,D
227,慘,VH
227,投手,Na
227,幾乎,Da
227,沒有,D
227,可,D
227,用,VC
227,之,DE
227,兵,Na
227,怎麼,D
227,不,D
227,找,VC
227,曹錦輝,Nb
227,來,D
227,助陣,VA
227,曹錦輝,Nb
227,當年,Nd
227,賣,VD
227,麵,Na
227,那麼,D
227,久,VH
227,還,D
227,能,D
227,回,VCL
227,可以,D
227,說,VE
227,是,SHI
227,棒球界,Nc
227,奇蹟,Na
227,以,P
227,他,Nh
227,的,DE
227,實力,Na
227,到,P
227,現在,Nd
227,還是,D
227,能,D
227,打,VC
227,吧,T
228,媒體,Na
228,來源,Na
228,三立,Nb
228,記者,Na
228,署名,VC
228,陳慈鈴,Nb
228,完整,VH
228,新聞,Na
228,標題,Na
228,完整,VH
228,新聞,Na
228,內文,Na
228,年,Na
228,的,DE
228,世界,Nc
228,棒球,Na
228,經典賽,Na
228,今晚,Nd
228,正式,VH
228,開打,VH
228,，,COMMACATEGORY
228,台灣,Nc
228,所,D
228,舉行,VC
228,的,DE
228,組,Na
228,賽事,Na
228,領先,VJ
228,全球,Nc
228,開打,VH
228,，,COMMACATEGORY
228,讓,VL
228,不少,Neqa
228,棒球迷,Na
228,都,D
228,感到,VK
228,熱血,Na
228,沸騰,VH
228,，,COMMACATEGORY
228,注意,VK
228,賽事,Na
228,的,DE
228,發展,VC
228,對,P
228,此,Nep
228,，,COMMACATEGORY
228,鴻海,Nb
228,集團,Na
228,創辦人,Na
228,郭台銘,Nb
228,也,D
228,現身,VA
228,台,Nc
228,中洲際,Nc
228,棒球場,Nc
228,，,COMMACATEGORY
228,和,P
228,中興,VH
228,國中,Nc
228,與,Caa
228,文昌,Nb
228,國小,Nc
228,的,DE
228,孩子,Na
228,們,Na
228,，,COMMACATEGORY
228,以及,Caa
228,全,Neqa
228,場,Nf
228,兩萬,Neu
228,名,Nf
228,球迷,Na
228,，,COMMACATEGORY
228,起,Ng
228,成為,VG
228,中華隊,Na
228,最,Dfa
228,強力,VH
228,的,DE
228,應援,VC
228,郭台銘,Nb
228,今晚,Nd
228,在,P
228,臉書,Na
228,表示,VE
228,，,COMMACATEGORY
228,這,Nep
228,次,Nf
228,中華隊,Na
228,在,VCL
228,的,DE
228,首,Nes
228,戰,Na
228,，,COMMACATEGORY
228,他,Nh
228,與,P
228,太太,Na
228,曾馨瑩,Nb
228,特別,VH
228,邀請,VC
228,了,Di
228,兩,Neu
228,間,Nf
228,學校,Nc
228,的,DE
228,棒球隊,Na
228,學生,Na
228,，,COMMACATEGORY
228,起來,VA
228,觀戰,VA
228,，,COMMACATEGORY
228,因為,Cbb
228,他們,Nh
228,夫妻,Na
228,之間,Ng
228,都,D
228,曾,D
228,有,V_2
228,過關於,P
228,棒球,Na
228,的,DE
228,小,VH
228,故事,Na
228,郭台銘,Nb
228,提到,VE
228,，,COMMACATEGORY
228,有年,VH
228,他,Nh
228,陪,VC
228,太太,Na
228,在,P
228,南投,Nc
228,娘家,Nc
228,附近,Nc
228,的,DE
228,棒球場,Nc
228,散步,VA
228,，,COMMACATEGORY
228,看見,VE
228,她,Nh
228,母校,Nc
228,中興,VH
228,國中棒,Na
228,球隊,Na
228,的,DE
228,學弟,Na
228,們,Na
228,，,COMMACATEGORY
228,正在,D
228,揮棒,VA
228,練球,VA
228,，,COMMACATEGORY
228,而,Cbb
228,球場,Nc
228,上,Ncd
228,的,DE
228,每,Nes
228,位,Nf
228,小,VH
228,球員,Na
228,雖然,Cbb
228,滿,Neqa
228,身,Na
228,熱,VHC
228,汗,Na
228,，,COMMACATEGORY
228,眼神,Na
228,卻,D
228,無比,VH
228,專注,VH
228,這,Nep
228,讓,VL
228,他們,Nh
228,心,Na
228,中,Ng
228,有,V_2
228,感觸,Na
228,原來,D
228,這,Nep
228,就,D
228,是,SHI
228,每,Nes
228,位,Nf
228,職棒,Na
228,選手,Na
228,的,DE
228,誕生,VA
228,之,DE
228,路,Na
228,啊,T
228,總有天,Nd
228,，,COMMACATEGORY
228,會,D
228,換上,VC
228,他們,Nh
228,，,COMMACATEGORY
228,站上,VCL
228,職棒,Na
228,球場,Nc
228,，,COMMACATEGORY
228,甚至,D
228,代表,VC
228,國家隊,Na
228,出戰,VC
228,郭台銘,Nb
228,透露,VE
228,，,COMMACATEGORY
228,後來,Nd
228,發現,VE
228,旁,Ncd
228,的,DE
228,球員,Na
228,宿舍,Nc
228,，,COMMACATEGORY
228,竟然,D
228,是,SHI
228,由,P
228,鐵皮屋,Na
228,搭建,VC
228,而,Cbb
228,成,VG
228,時,Ng
228,，,COMMACATEGORY
228,便,D
228,開始,VL
228,思考,VE
228,我,Nh
228,能,D
228,為,P
228,這些,Neqa
228,孩子,Na
228,做,VC
228,些,Nf
228,什麼,Nep
228,吧,T
228,後來,Nd
228,經過,VCL
228,多,Neqa
228,次,Nf
228,聯繫,VC
228,，,COMMACATEGORY
228,最終,D
228,以,P
228,教育,Na
228,基金會,Nc
228,的,DE
228,名義,Na
228,捐贈,VD
228,，,COMMACATEGORY
228,在,P
228,年,Na
228,完成,VC
228,興建,VC
228,南投縣,Nc
228,棒球場,Nc
228,，,COMMACATEGORY
228,讓,VL
228,孩子,Na
228,們,Na
228,有,V_2
228,更,Dfa
228,好,VH
228,的,DE
228,訓練,Na
228,場地,Na
228,及,Caa
228,住宿,VA
228,設施,Na
228,郭台銘,Nb
228,分享,VJ
228,，,COMMACATEGORY
228,從,P
228,民國年,Nd
228,開始,Ng
228,，,COMMACATEGORY
228,我們,Nh
228,能,D
228,做,VC
228,的,DE
228,就,D
228,盡量,D
228,做,VC
228,包括,VK
228,開始,VL
228,陸續,D
228,提供,VD
228,棒球場,Nc
228,維護,VC
228,經費,Na
228,球員,Na
228,們,Na
228,的,DE
228,獎學金,Na
228,和,Caa
228,交通費,Na
228,而,Cbb
228,這些,Neqa
228,球隊,Na
228,的,DE
228,孩子,Na
228,們,Na
228,，,COMMACATEGORY
228,也,D
228,信守,VJ
228,了,Di
228,贏,VD
228,球,Na
228,的,DE
228,承諾,Na
228,，,COMMACATEGORY
228,非常,Dfa
228,努力,VH
228,在,P
228,去年,Nd
228,各,Nes
228,項,Nf
228,聯賽,Na
228,和,Caa
228,錦標賽,Na
228,中,Ng
228,，,COMMACATEGORY
228,共,Da
228,拿下,VC
228,了,Di
228,次第,D
228,名,Na
228,，,COMMACATEGORY
228,讓,VL
228,郭台銘,Nb
228,由衷,D
228,的,DE
228,說道,VE
228,，,COMMACATEGORY
228,我,Nh
228,真的,D
228,為,P
228,你們,Nh
228,感到,VK
228,驕傲,VH
228,面對,VC
228,偏鄉,VH
228,學生,Na
228,資源,Na
228,少,VH
228,，,COMMACATEGORY
228,卻,D
228,有,V_2
228,無數,Neqa
228,璀璨,VH
228,的,DE
228,原石,Na
228,藏,VC
228,著,Di
228,，,COMMACATEGORY
228,郭台銘,Nb
228,直言,VE
228,我們,Nh
228,要,D
228,做,VC
228,的,DE
228,，,COMMACATEGORY
228,就,D
228,是,SHI
228,讓,VL
228,他們,Nh
228,放出,VC
228,光芒,Na
228,，,COMMACATEGORY
228,能,D
228,有,V_2
228,機會,Na
228,被,P
228,看見,VE
228,郭台銘,Nb
228,也,D
228,強調,VE
228,，,COMMACATEGORY
228,今天,Nd
228,與,P
228,孩子,Na
228,們,Na
228,坐,VA
228,在,P
228,觀眾席,Nc
228,上,Ncd
228,，,COMMACATEGORY
228,起,VJ
228,看,VC
228,著,Di
228,國,Nc
228,內,Ncd
228,最,Dfa
228,頂尖,VH
228,的,DE
228,運動員,Na
228,披上,VC
228,國家,Na
228,戰袍,Na
228,，,COMMACATEGORY
228,出賽,VA
228,巴拿馬,Nc
228,，,COMMACATEGORY
228,是,SHI
228,因為,Cbb
228,他,Nh
228,知道,VK
228,有,V_2
228,天,Nf
228,，,COMMACATEGORY
228,會,D
228,換,VC
228,他們,Nh
228,站,VA
228,在,P
228,那裡,Ncd
228,，,COMMACATEGORY
228,讓,VL
228,世界,Nc
228,都,D
228,看見,VE
228,完整,VH
228,新聞,Na
228,連結,VC
228,或,Caa
228,短,VH
228,網址,Na
228,不可,D
228,用,VC
228,等,Cab
228,轉載,VC
228,媒體,Na
228,///,FW
229,巴拿馬,Nc
229,總統,Na
229,跟,P
229,我,Nh
229,也,D
229,有點,Dfa
229,交情,Na
229,經典賽,Na
229,中華,Nc
229,對上,VC
229,巴拿馬,Nc
229,中華隊,Na
229,比,P
229,輸,VD
229,了,Di
229,巴拿馬隊,Nb
229,勝利,VH
229,了,T
230,今天,Nd
230,好像,D
230,許多,Neqa
230,人,Na
230,，,COMMACATEGORY
230,都,D
230,在,D
230,看,VC
230,中華隊,Na
230,棒賽,Na
230,其實,D
230,這,Nep
230,結果,Na
230,也,D
230,不,D
230,是,SHI
230,太,Dfa
230,意外,VK
230,，,COMMACATEGORY
230,畢竟,D
230,我們,Nh
230,就,D
230,沒,VJ
230,大聯盟,Na
230,選手,Na
230,所以,Cbb
230,打贏,VC
230,打輸,VH
230,都,D
230,是,SHI
230,正常,VH
230,，,COMMACATEGORY
230,但,Cbb
230,本,Nes
230,箱箱,Na
230,對,P
230,中華,Nc
230,的,DE
230,棒賽,Na
230,沒,VJ
230,什麼,Nep
230,興趣,Na
230,反而,Cbb
230,是,SHI
230,有,V_2
230,件,Nf
230,事,Na
230,，,COMMACATEGORY
230,讓,VL
230,箱箱,Na
230,今天,Nd
230,心情,Na
230,還可以,D
230,有,V_2
230,沒,D
230,有,V_2
230,心情,Na
230,還可以,VH
230,，,COMMACATEGORY
230,就,D
230,想,VE
230,發錢,VA
230,的,DE
230,卦,Na
230,每,Nes
230,十,Neu
230,推發到,VC
230,爆,VH
230,給位,Na
230,猜到,VE
230,箱箱,Na
230,的,DE
230,心情,Na
230,，,COMMACATEGORY
230,給,VD
230,///,FW
231,世界,Nc
231,棒球,Na
231,經典賽,Na
231,預賽,Na
231,世界,Nc
231,排名,VG
231,第二,Neu
231,的,DE
231,中華隊,Na
231,安打,Na
231,數,Na
231,小,VH
231,輸,VD
231,世界第,Nb
231,的,DE
231,巴拿馬球,Na
231,很,Dfa
231,可惜,VH
231,但,Cbb
231,也,D
231,不用,D
231,太,Dfa
231,擔心,VK
231,中華隊,Na
231,代表,VC
231,中華隊,Na
231,安打,Na
231,能力,Na
231,還是,D
231,不錯,VH
231,的,DE
231,接下來,D
231,比賽,VA
231,相信,VK
231,能,D
231,漸入佳境,VH
231,的,DE
232,很,Dfa
232,明顯,VH
232,就,D
232,是,SHI
232,打擊,Na
232,不,D
232,連貫,VC
232,阿,T
232,今天,Nd
232,小玉,Nb
232,明顯,VH
232,是,SHI
232,大,VH
232,斷層,Na
232,打點圈,Na
232,打擊,Na
232,都,D
232,完全,D
232,自殺,VA
232,出局,VH
232,連,Cbb
232,個,Nf
232,推進,VAC
232,效果,Na
232,也,D
232,沒有,VJ
232,捕手,Na
232,觸點,Na
232,也,D
232,能,D
232,點成,VG
232,那樣,VH
232,然後,D
232,又,D
232,多,Neqa
232,次,Nf
232,漏球,VA
232,導致,VL
232,失分,Na
232,增加,VHC
232,子偉,Nb
232,好像,D
232,也,D
232,沒,VJ
232,什麼,Nep
232,發揮,VJ
232,關鍵,Na
232,時刻,Na
232,人家,Nh
232,巴拿馬,Nc
232,安打,Na
232,就,D
232,是,SHI
232,出,VC
232,的,DE
232,來,VA
232,輸,VD
232,得,DE
232,沒,VJ
232,話,Na
232,說,VE
232,，,COMMACATEGORY
232,對方,Nh
232,守備,VA
232,和,Caa
232,打擊,VC
232,連貫,VC
232,都,D
232,好,VH
232,中華隊,Na
232,連,Cbb
232,投手,Na
232,調度,VC
232,也,D
232,是,SHI
232,大有,VJ
232,問題,Na
233,以前,Nd
233,中華,Nc
233,的,DE
233,指標,Na
233,人物,Na
233,真的,D
233,很多,VH
233,張誌家,Nb
233,王建民,Nb
233,陳金鋒,Nb
233,大,VH
233,師兄,Na
233,那,Nep
233,時候,Na
233,看,VC
233,起,Di
233,真的,D
233,很,Dfa
233,過癮,VH
233,但,Cbb
233,很,Dfa
233,久,VH
233,沒,D
233,看,VC
233,棒球,Na
233,了,T
233,現在,Nd
233,中華隊,Na
233,的,DE
233,靈魂人物,Na
233,是,SHI
233,誰,Nh
233,求,VC
233,卦,Na
234,///,FW
234,剛,D
234,看,VC
234,棒球,Na
234,經典賽,Na
234,支持,VC
234,中華隊,Na
234,歌曲,Na
234,循環,Na
234,突然,D
234,出現,VH
234,這,Nep
234,首,Nf
234,看,VC
234,發現,VE
234,不得了,VH
234,這,Nep
234,不,D
234,是,SHI
234,張誌家,Nb
234,唱,VC
234,的,T
234,嗎,T
234,讓,VL
234,我,Nh
234,想起,VE
234,他,Nh
234,當年,Nd
234,連局,Nb
234,三振,VC
234,日職,Na
234,打者,Na
234,的,DE
234,風采,Na
234,張誌家,Nb
234,唱歌,VA
234,是,SHI
234,不,D
234,是,SHI
234,很,Dfa
234,好聽,VH
235,媒體,Na
235,來源,Na
235,記者,Na
235,署名,VC
235,趙蔡州,Nb
235,完整,VH
235,新聞,Na
235,標題,Na
235,高宇杰,Nb
235,維基,Nb
235,百科,Na
235,慘,VH
235,被,P
235,改,VC
235,奶油,Na
235,王子,Na
235,短打,VA
235,失敗,VH
235,被,P
235,雙殺,VC
235,完整,VH
235,新聞,Na
235,內文,Na
235,第五,Neu
235,屆,Nf
235,世界,Nc
235,棒球,Na
235,經典賽組,Nc
235,預賽,Na
235,日,Na
235,開打,VH
235,，,COMMACATEGORY
235,中華隊,Na
235,日,Nd
235,在,P
235,台中,Nc
235,洲際,Nc
235,棒球場,Nc
235,對戰,VA
235,巴拿馬,Nc
235,，,COMMACATEGORY
235,最,Dfa
235,終,D
235,以,P
235,比,P
235,慘敗,VH
235,，,COMMACATEGORY
235,其中局,Nc
235,下,Nes
235,半,Neqa
235,雖然,Cbb
235,江坤宇,Nb
235,安打,Na
235,上壘,VA
235,，,COMMACATEGORY
235,但,Cbb
235,隨後,Nd
235,的,DE
235,高宇杰,Nb
235,短打,VA
235,失利,VH
235,且,Cbb
235,造成,VK
235,雙殺,VC
235,，,COMMACATEGORY
235,沒想到,D
235,有,V_2
235,球迷,Na
235,憤,VH
235,而,Cbb
235,惡,VK
235,搞,VC
235,高宇杰,Nb
235,的,DE
235,維基,Nb
235,百科,Na
235,，,COMMACATEGORY
235,改成,VG
235,奶油,Na
235,王子,Na
235,奶油,Na
235,手戰犯,Na
235,等,Cab
235,回顧,VE
235,比賽,Na
235,二,Neu
235,局,Nf
235,下,Nes
235,半,Neqa
235,，,COMMACATEGORY
235,江坤宇,Nb
235,率先,D
235,敲出,VC
235,支,Nf
235,安打,Na
235,上壘,VA
235,，,COMMACATEGORY
235,不料,D
235,後續,A
235,上場,VA
235,的,DE
235,高宇杰,Nb
235,短打,VA
235,失利,VH
235,，,COMMACATEGORY
235,並,Cbb
235,造成,VK
235,巴拿馬,Nc
235,拿下,VC
235,雙殺,VC
235,，,COMMACATEGORY
235,最後,Nd
235,由,P
235,陳傑憲,Nb
235,打出,VC
235,滾地球,Na
235,出局,VH
235,，,COMMACATEGORY
235,結束,VHC
235,中華隊,Na
235,在,P
235,二,Neu
235,局,Nf
235,下,Nes
235,的,DE
235,攻勢,Na
235,/////,FW
235,/////,FW
235,完整,VH
235,新聞,Na
235,連結,VC
235,或,Caa
235,短,VH
235,網址,Na
235,不可,D
235,用,VC
235,等,Cab
235,轉載,VC
235,媒體,Na
235,////,FW
235,備註,VE
236,先,D
236,別,D
236,管,VE
236,中華隊,Na
236,投手,Na
236,跟,P
236,教練,Na
236,問題,Na
236,了,T
236,流理台,Na
236,水管,Na
236,阻塞,VHC
236,了,Di
236,天疏通劑,Na
236,越,D
236,用,VC
236,越,D
236,塞,VC
236,今天,Nd
236,找,VC
236,專業,VH
236,疏通,VC
236,來,D
236,處理,VC
236,原來,D
236,塞,VC
236,在,P
236,地板,Na
236,內,Ncd
236,的,DE
236,水管,Na
236,但,Cbb
236,處理完,VC
236,後,Ng
236,髒水,Na
236,滿,Neqa
236,地,Na
236,雖然,Cbb
236,師傅,Na
236,有,V_2
236,擦,VC
236,但,Cbb
236,還是,D
236,覺得,VK
236,滿,Dfa
236,噁,VH
236,還,D
236,有,V_2
236,那,Nep
236,疏通,VC
236,管線,Na
236,的,DE
236,機器,Na
236,不,D
236,知,VK
236,有,V_2
236,沒,D
236,拿去,VC
236,通過,VC
236,別人,Nh
236,的,DE
236,馬桶屎,Na
236,都,D
236,有,V_2
236,碰到,VC
236,地板,Na
236,大家,Nh
236,會,D
236,跟,P
236,我樣,Nh
236,覺得,VK
236,很,Dfa
236,噁,VH
236,嗎,T
236,會,D
236,如何,D
236,處理,VC
236,做,VC
236,這,Nep
236,行,Na
236,的,DE
236,真的,D
236,很,Dfa
236,辛苦,VHC
237,最近,Nd
237,經典賽,Na
237,開打,VH
237,了,T
237,中華隊,Na
237,還是,D
237,如,P
237,往常,Nd
237,的,DE
237,雷,Na
237,前,Nes
237,兩三,Neu
237,個,Nf
237,投手,Na
237,這,Nep
237,次,Nf
237,沒有,D
237,放火,VA
237,就是,Cbb
237,換,VC
237,捕手,Na
237,在,P
237,那,Nep
237,瘋狂,VH
237,漏球,VA
237,然後,D
237,牛棚,Na
237,就,D
237,開始,VL
237,像,P
237,往年,Nd
237,樣,Ng
237,上去,VA
237,當,VG
237,餵球,Nv
237,投手,Na
237,運彩,VA
237,開,VC
237,巴拿馬,Nc
237,贏開,VC
237,了,Di
237,快,D
237,三,Neu
237,倍,Na
237,的,DE
237,賠率,Na
237,就算,Cbb
237,下場,Na
237,義大利,Nc
237,只,Da
237,開,VC
237,倍樣,Na
237,很,Dfa
237,穩,VH
237,有,V_2
237,沒,D
237,有,V_2
237,投資,VC
237,經典賽,Na
237,中華隊,Na
237,對,P
237,家,Nc
237,比,P
237,買,VC
237,股票,Na
237,好,VH
237,賺,VC
237,的,DE
237,八卦,Na
237,謝謝,VJ
237,這些,Neqa
237,中華,Nc
237,健兒,Na
237,守護,VC
237,台灣,Nc
237,的,DE
237,經濟,Na
238,如,P
238,題,Na
238,上,Nes
238,次,Nf
238,在,P
238,韓國,Nc
238,的,DE
238,巨蛋,Nc
238,打,VC
238,中華,Nc
238,被,P
238,打到,VC
238,快,D
238,哭出來,VA
238,過,VCL
238,了,Di
238,六,Neu
238,年,Nf
238,了,T
238,台灣,Nc
238,總,D
238,該,D
238,要,D
238,有,V_2
238,顆,Nf
238,巨蛋,Nc
238,了,T
238,結果,Dk
238,還是,D
238,缺,VJ
238,蛋,Na
238,哭,VA
238,ㄚ,FW
238,台灣,Nc
238,這,Nep
238,幾,Neu
238,年,Nf
238,根本,D
238,沒,D
238,進步,VH
238,嘛,T
238,對,P
238,ㄚ,FW
238,"""""""""""/",FW
239,小時候,Nd
239,家人,Na
239,看,VC
239,棒球,Na
239,就,D
239,知道,VK
239,中華隊,Na
239,很,Dfa
239,容易,VH
239,開搞,VC
239,局,Nc
239,後,Ng
239,開始,VL
239,是,SHI
239,的,DE
239,縮寫,Na
239,對,P
239,中華隊,Na
239,開搞,VC
239,感到,VK
239,壓力,Na
239,大,VH
239,失調,VH
239,的話,Cba
239,可以,D
239,叫,VE
239,嗎,T
240,完全,D
240,沒辦法,VI
240,叫,VG
240,鍋貼,Na
240,，,COMMACATEGORY
240,那,Nep
240,是,SHI
240,指,VG
240,差點,D
240,這,Nep
240,比較,Dfa
240,像,VG
240,常威,Nb
240,血洗,VC
240,戚家,Nc
240,十三,Neu
240,口,Nf
240,的,DE
240,滅門,VB
240,慘案,Na
240,比賽度,Na
240,不,D
240,知道,VK
240,特地,D
240,去,VCL
240,現場,Nc
240,然後,D
240,看到,VE
240,中華隊,Na
240,被,P
240,血,Na
240,洗,VC
240,當下,Nd
240,的,DE
240,心情,Na
240,是,SHI
241,備註,VE
241,請,VF
241,放,VC
241,最後,Nd
241,面違,VC
241,者,Na
241,新聞,Na
241,文章,Na
241,刪除,VC
241,媒體,Na
241,來源,Na
241,東森,Nc
241,新聞,Na
241,雲,VE
241,記者,Na
241,署名,VC
241,記者,Na
241,王真魚,Nb
241,台中,Nc
241,報導,VE
241,完整,VH
241,新聞,Na
241,標題,Na
241,中華隊,Na
241,慘敗,VH
241,巴拿馬,Nc
241,林岳平,Nb
241,認,VC
241,投手,Na
241,最,Dfa
241,大,VH
241,敗筆,Na
241,完整,VH
241,新聞,Na
241,內文,Na
241,/////,FW
241,記者,Na
241,王真魚,Nb
241,台中,Nc
241,報導,VE
241,經典賽,Na
241,中華隊,Na
241,今晚,Nd
241,首,Nes
241,戰,Na
241,比,P
241,慘敗,VH
241,巴拿馬,Nc
241,總教練,Na
241,林岳平,Nb
241,坦言,VE
241,，,COMMACATEGORY
241,此,Nep
241,戰,Na
241,最,Dfa
241,大,VH
241,敗數,Na
241,是,SHI
241,投手,Na
241,保送,VC
241,過多,VH
241,，,COMMACATEGORY
241,保送,VC
241,堆疊,VAC
241,造成,VK
241,大量,Neqa
241,失分,Na
241,但,Cbb
241,胡智爲,Nb
241,前局,Nc
241,都,D
241,有,V_2
241,被,P
241,打者,Na
241,上壘,VA
241,，,COMMACATEGORY
241,多虧,D
241,江坤宇,Nb
241,救,VC
241,了,Di
241,球,Na
241,，,COMMACATEGORY
241,再,D
241,與,P
241,鄭宗哲,Nb
241,聯手,VH
241,策動,VF
241,雙殺,VC
241,，,COMMACATEGORY
241,沒有,D
241,失分,VH
241,，,COMMACATEGORY
241,不過,Cbb
241,局續,Na
241,投人,Na
241,都,D
241,未,D
241,解決,VC
241,退場,VA
241,此,Nep
241,役,Na
241,先發局,Nc
241,被,P
241,敲,VC
241,安用,VC
241,球,Na
241,，,COMMACATEGORY
241,有,V_2
241,次,Nf
241,保送,VC
241,，,COMMACATEGORY
241,失掉,VJ
241,分責,Na
241,失,VJ
241,陳冠偉,Nb
241,接手,VC
241,中繼局,Nc
241,被,P
241,敲安,VC
241,失掉,VJ
241,分,Nf
241,，,COMMACATEGORY
241,李振昌,Nb
241,後援局,Nc
241,投出,VC
241,，,COMMACATEGORY
241,沒,D
241,丟分,VH
241,接手,VC
241,的,DE
241,曾峻岳,Nb
241,同樣,VH
241,個人,Nh
241,都,D
241,沒,D
241,解決,VC
241,，,COMMACATEGORY
241,被,P
241,敲安,VC
241,，,COMMACATEGORY
241,也,D
241,有,V_2
241,次,Nf
241,四壞,VC
241,球,Na
241,保送,VC
241,，,COMMACATEGORY
241,失掉,VJ
241,分,VC
241,吳哲源,Nb
241,後援局,Nc
241,失分,VH
241,，,COMMACATEGORY
241,陳冠宇,Nb
241,宋家豪,Nb
241,各,Nes
241,投局,VA
241,沒,D
241,丟分,VH
241,林岳平,Nb
241,坦言,VE
241,，,COMMACATEGORY
241,保送,VC
241,堆壘,VA
241,，,COMMACATEGORY
241,形成,VG
241,大量,Neqa
241,失分,Na
241,，,COMMACATEGORY
241,開賽,VH
241,有,V_2
241,很,Dfa
241,大,VH
241,的,DE
241,危,VH
241,機,Na
241,，,COMMACATEGORY
241,失分,VH
241,後,Ng
241,的,DE
241,投球,VA
241,控球,VA
241,沒有,D
241,回穩,VH
241,，,COMMACATEGORY
241,是,SHI
241,最,Dfa
241,大,VH
241,失敗,VH
241,因素,Na
241,他,Nh
241,指出,VE
241,，,COMMACATEGORY
241,特別,VH
241,是,SHI
241,鄧愷威,Nb
241,曾峻岳,Nb
241,任,VG
241,投手,Na
241,個,Nf
241,人次,Na
241,都,D
241,沒,D
241,解決,VC
241,，,COMMACATEGORY
241,單局,Na
241,換,VC
241,投手,Na
241,，,COMMACATEGORY
241,打數,Na
241,都,D
241,無,VJ
241,法,Na
241,取得,VC
241,出局,VH
241,數,Na
241,的,DE
241,狀況,Na
241,下,Ng
241,，,COMMACATEGORY
241,也,D
241,確實,D
241,是,SHI
241,造成,VK
241,我們,Nh
241,消耗,VC
241,了,Di
241,投手,Na
241,的,DE
241,原因,Na
241,林岳平,Nb
241,直言,VE
241,，,COMMACATEGORY
241,開賽,VH
241,前,Ng
241,就,D
241,知道,VK
241,巴拿馬,Nc
241,打擊,Na
241,狀況,Na
241,相當,Dfa
241,穩定,VHC
241,，,COMMACATEGORY
241,有定,A
241,火力,Na
241,，,COMMACATEGORY
241,以及,Caa
241,那,Nep
241,局,Nf
241,沒有,D
241,及時,D
241,擋下,VC
241,攻勢,Na
241,完整,VH
241,新聞,Na
241,連結,VC
241,或,Caa
241,短,VH
241,網址,Na
241,不可,D
241,用,VC
241,等,Cab
241,轉載,VC
241,媒體,Na
241,////,FW
241,備註,VE
242,年,Na
242,月,Na
242,日,Na
242,台東,Nc
242,的,DE
242,紅葉,Na
242,少棒隊,Na
242,，,COMMACATEGORY
242,擊敗,VC
242,了,Di
242,來自,VJ
242,日本,Nc
242,的,DE
242,世界,Nc
242,冠軍,Na
242,和,Caa
242,歌山,Nc
242,少棒隊,Na
242,棒球,Na
242,是,SHI
242,台灣,Nc
242,國球,Na
242,經典賽,Na
242,中華隊,Na
242,怎麼,D
242,輸,VD
242,了,Di
243,我,Nh
243,想,VE
243,弱弱,VH
243,問,VE
243,下,Ncd
243,如果,Cbb
243,當年,Nd
243,的,DE
243,紅葉,Na
243,少棒,Na
243,跟,P
243,現在,Nd
243,的,DE
243,中華隊,Na
243,比賽,Na
243,誰,Nh
243,會,D
243,贏,VD
243,大概,D
243,能,D
243,贏,VD
243,幾,Neu
243,分,Nf
243,呢,T
243,今天,Nd
243,看完,VC
243,中華隊,Na
243,我,Nh
243,腦,Na
243,內,Ncd
243,開始,VL
243,出現,VH
243,這,Nep
243,個,Nf
243,問題,Na
243,了,T
244,我,Nh
244,看到,VE
244,有,V_2
244,些,Nf
244,特定,A
244,朋友,Na
244,的,DE
244,人,Na
244,在,P
244,今天,Nd
244,中華隊,Na
244,比賽,VA
244,前,Ng
244,都,D
244,會文,VA
244,台灣隊,Na
244,加油,VB
244,台灣隊,Na
244,必,D
244,勝,VH
244,比賽,Na
244,結果,Na
244,出來,VA
244,以後,Ng
244,個個,Neqa
244,都,D
244,在,P
244,中華隊,Na
244,輸球,VH
244,了,Di
244,中華隊,Na
244,輸,VD
244,了,Di
244,有沒有,D
244,贏,VD
244,球,Na
244,台灣隊,Na
244,輸球,VH
244,中華隊,Na
244,的,DE
244,八卦,Na
244,阿,T
245,看完,VC
245,今天,Nd
245,對,P
245,巴拿馬,Nc
245,的,DE
245,比賽,Na
245,大家,Nh
245,都,D
245,知道,VK
245,鍋貼隊,Na
245,的,DE
245,實力,Na
245,了,T
245,吧,T
245,通常,D
245,要,VE
245,海水,Na
245,退,VA
245,了,Di
245,才,Da
245,會,D
245,知道,VK
245,誰,Nh
245,沒,D
245,穿,VC
245,褲子,Na
245,現在,Nd
245,海水,Na
245,都,D
245,還,D
245,沒,D
245,退,VA
245,就,D
245,直接,VH
245,知道,VK
245,誰,Nh
245,沒,D
245,穿,VC
245,褲子,Na
245,了,T
245,這,Nep
245,暗示,Na
245,很,Dfa
245,明顯,VH
245,了,T
245,吧,T
245,所以,Cbb
245,接下來,D
245,的,DE
245,運彩,Na
245,是,SHI
245,不,D
245,是,SHI
245,直接,VH
245,壓身家,Na
245,直接,VH
245,賭,VE
245,中華隊,Na
245,輸,VD
245,無論,Cbb
245,賠率,Na
245,如何,D
245,感覺,VK
245,穩,VH
245,賺,VC
245,不,D
245,賠,VD
245,財富,Na
245,自由,Na
245,就,D
245,靠,P
245,這,Nep
245,波,Nf
245,了,T
245,來歷,Na
245,宏哩工,Na
245,跨賣,VD
245,ㄟ,FW
246,媒體,Na
246,來源,Na
246,三立,Nb
246,新聞網,Na
246,記者,Na
246,署名,VC
246,記者,Na
246,劉彥池,Nb
246,完整,VH
246,新聞,Na
246,標題,Na
246,經典賽,Na
246,台灣戰,Na
246,巴拿馬,Nc
246,位,VCL
246,經典,Na
246,女孩,Na
246,全,Neqa
246,到,P
246,峮峮,FW
246,林襄,Nb
246,首度,D
246,合體,VA
246,完整,VH
246,新聞,Na
246,內文,Na
246,經典賽,Na
246,台灣戰,Na
246,巴拿馬,Nc
246,位,VCL
246,經典,Na
246,女孩,Na
246,全,Neqa
246,到,P
246,峮峮,FW
246,林襄,Nb
246,首度,D
246,合體,VA
246,世界,Nc
246,棒球,Na
246,經典賽組,Nc
246,預賽,Na
246,日,Na
246,登場,VA
246,，,COMMACATEGORY
246,晚間點,Na
246,台灣,Nc
246,將,D
246,對上,VC
246,巴拿馬,Nc
246,，,COMMACATEGORY
246,由,P
246,中華,Nc
246,職棒,Na
246,支啦啦隊,Nb
246,組成,VG
246,的,DE
246,經典,Na
246,女孩,Na
246,將,P
246,全,Neqa
246,員,Nf
246,到齊,VH
246,這,Nep
246,也,D
246,是,SHI
246,去年,Nd
246,中職,Na
246,明星賽,Na
246,後,Ng
246,，,COMMACATEGORY
246,各,Nes
246,隊,Nf
246,啦啦隊,Na
246,女神,Na
246,再次,D
246,齊聚,VA
246,在,P
246,台中,Nc
246,洲際,Nc
246,棒球場,Nc
246,，,COMMACATEGORY
246,位,Nf
246,女孩,Na
246,的,DE
246,目標,Na
246,就,D
246,是,SHI
246,和,P
246,球迷,Na
246,起,Ng
246,當場,D
246,上,VCL
246,台灣,Nc
246,健兒,Na
246,的,DE
246,最,Dfa
246,強,VH
246,後盾,Na
246,林襄,Nb
246,峮峮,FW
246,將,D
246,再度,D
246,同,Nes
246,台,Nc
246,，,COMMACATEGORY
246,雖然,Cbb
246,無緣,VH
246,起跳,VA
246,陳子豪,Nb
246,的,DE
246,炸裂,VC
246,應援曲,Na
246,，,COMMACATEGORY
246,但,Cbb
246,從,P
246,內野,Nc
246,排到,VC
246,外野,Nc
246,帶領,VF
246,球迷,Na
246,應援,VC
246,是,SHI
246,史,Na
246,上,Ng
246,首見,VE
246,位,VCL
246,經典,Na
246,女孩,Na
246,以,P
246,中信,Nb
246,兄弟,Na
246,啦啦隊,Na
246,峮峮,FW
246,貴貴,Na
246,短今,Nb
246,和,Caa
246,妮可,Nb
246,人,Na
246,最多,VH
246,樂天,VH
246,女孩,Na
246,派出,VC
246,籃籃,Na
246,以及,Caa
246,林襄,Nb
246,孟潔,Nb
246,味全龍,Nb
246,啦啦隊,Na
246,小龍女,Nb
246,是,SHI
246,隊長,Na
246,琪琪,Nb
246,帶領,VF
246,心璇,Nb
246,小映,Nb
246,和,Caa
246,賴可,Nb
246,富邦,Nb
246,悍將,Na
246,啦啦隊,Na
246,是,SHI
246,丹丹,Nb
246,秀秀子,Nb
246,慈妹,Na
246,和,Caa
246,奶昔,Na
246,統獅,Nb
246,啦啦隊,Na
246,有,V_2
246,艾璐,Nb
246,瑟七,Nb
246,和,Caa
246,成員,Na
246,短今,Nb
246,日前,Nd
246,接受,VC
246,三立,Nb
246,新聞網,Na
246,採訪,VC
246,時,Ng
246,表示,VE
246,，,COMMACATEGORY
246,因為,Cbb
246,經典,Na
246,女孩,Na
246,戰袍,Na
246,是,SHI
246,兩,Neu
246,截式,Na
246,，,COMMACATEGORY
246,她,Nh
246,過年,VA
246,期間,Na
246,非常,Dfa
246,節制,VJ
246,，,COMMACATEGORY
246,在,P
246,台灣隊,Na
246,公布人,Na
246,正選,A
246,名單,Na
246,記者會,Na
246,前,Ng
246,，,COMMACATEGORY
246,服裝師,Na
246,來,D
246,做,VC
246,衣服,Na
246,尺寸,Na
246,最後,Nd
246,確認,VE
246,，,COMMACATEGORY
246,短今,Nd
246,自豪,VH
246,地,DE
246,表示,VE
246,裙子,Na
246,變鬆,VHC
246,了,T
246,服裝師,Na
246,還,D
246,不忘,VK
246,叮嚀,VE
246,她,Nh
246,你,Nh
246,最近,Nd
246,變,VG
246,瘦,VH
246,了,T
246,裙子,Na
246,記得,VK
246,去,D
246,找,VC
246,裁縫,Na
246,老師,Na
246,改更,VC
246,合身點,Na
246,短今,Nd
246,把,P
246,裙子,Na
246,改小,VC
246,，,COMMACATEGORY
246,樂天,VH
246,女孩,Na
246,籃籃,Na
246,因為,Cbb
246,最近,Nd
246,出國,VA
246,伙食,Na
246,太,Dfa
246,好,VH
246,，,COMMACATEGORY
246,穿上,VC
246,經典賽,Na
246,戰袍,Na
246,整個,Neqa
246,肉,Na
246,擠出來,VB
246,炸裂,VC
246,，,COMMACATEGORY
246,她,Nh
246,只好,D
246,去,D
246,把,P
246,制服,Na
246,再,D
246,改大,VA
246,點,Dfb
246,，,COMMACATEGORY
246,籃籃,Na
246,強調,VE
246,不,D
246,是,SHI
246,減肥,VA
246,是,SHI
246,把,P
246,衣服,Na
246,改大,VC
246,因為,Cbb
246,視覺,Na
246,上,Ncd
246,看起來,D
246,都,D
246,是,SHI
246,樣,Na
246,的,T
246,，,COMMACATEGORY
246,除非,Cbb
246,站上,VCL
246,體重,Na
246,計,VG
246,丹丹,Nb
246,秀秀子,Nb
246,慈妹,Na
246,和,Caa
246,奶昔,Na
246,都,D
246,是,SHI
246,第,Neu
246,次,Nf
246,跳,VA
246,國際賽,Na
246,，,COMMACATEGORY
246,被,P
246,選進,VC
246,經典,Na
246,女孩,Na
246,陣容人,Na
246,異口同聲,D
246,說,VE
246,很,Dfa
246,榮幸,VH
246,，,COMMACATEGORY
246,秀秀子,Nb
246,受,P
246,訪,VC
246,時,Ng
246,說,VE
246,會,D
246,跳好,VC
246,應援,VC
246,國際,Nc
246,賽事,Na
246,不,D
246,想,VE
246,丟,VC
246,台灣人,Na
246,的,DE
246,臉,Na
246,丹丹,Nb
246,過年,VA
246,期間,Na
246,和,Caa
246,爸爸,Na
246,起,Ng
246,練,VC
246,習,VC
246,其他,Neqa
246,球隊,Na
246,球員,Na
246,的,DE
246,應援曲,Na
246,，,COMMACATEGORY
246,奶昔,Na
246,是,SHI
246,第,Neu
246,次,Nf
246,面對,VC
246,大,VH
246,場面,Na
246,，,COMMACATEGORY
246,很,Dfa
246,感謝,VK
246,位,Nf
246,學姐,Na
246,的,DE
246,經驗,Na
246,分享,VJ
246,讓,VL
246,她,Nh
246,克服,VJ
246,緊張,VH
246,慈妹,Na
246,月日,Nd
246,剛,D
246,過生日,VB
246,，,COMMACATEGORY
246,經典賽,Na
246,是,SHI
246,她,Nh
246,生日,Na
246,後,Ng
246,第,Neu
246,次,Nf
246,亮相,VA
246,，,COMMACATEGORY
246,希望,VK
246,能,D
246,帶給,VD
246,台灣隊,Na
246,好運,Na
246,林襄,Nb
246,在,P
246,官,Na
246,辦,VC
246,熱身賽,Na
246,首度,D
246,亮相,VA
246,，,COMMACATEGORY
246,峮峮,FW
246,原本,D
246,自辦,VC
246,熱身賽,Na
246,會,D
246,亮相,VA
246,，,COMMACATEGORY
246,但,Cbb
246,因為,Cbb
246,身體,Na
246,不適,VH
246,缺席,VH
246,，,COMMACATEGORY
246,日,Nc
246,的,DE
246,正式,VH
246,比賽,Na
246,是,SHI
246,她,Nh
246,第,Neu
246,次,Nf
246,以,P
246,經典,Na
246,女孩,Na
246,身份,Na
246,站上,VCL
246,洲際,Nc
246,棒球場,Nc
246,帶領,VF
246,滿,Neqa
246,場,Nf
246,球迷,Na
246,應援,VC
246,的,DE
246,艾璐,Nb
246,應該,D
246,是,SHI
246,位,Nf
246,女孩,Na
246,中,Ng
246,最,Dfa
246,緊張,VH
246,的,T
246,，,COMMACATEGORY
246,因為,Cbb
246,她,Nh
246,的,DE
246,老公,Na
246,是,SHI
246,台灣,Nc
246,對,P
246,巴拿馬,Nc
246,的,DE
246,先發,VA
246,投手,Na
246,胡智為,Nb
246,，,COMMACATEGORY
246,艾璐,Nb
246,月日,Na
246,剛,D
246,過生日,VB
246,，,COMMACATEGORY
246,老公,Na
246,因為,Cbb
246,參加,VC
246,經典賽,Na
246,沒有,VJ
246,辦法,Na
246,幫,P
246,她,Nh
246,慶生,VB
246,完整,VH
246,新聞,Na
246,連結,VC
246,或,Caa
246,短,VH
246,網址,Na
246,不可,D
246,用,VC
246,等,Cab
246,轉載,VC
246,媒體,Na
246,///,FW
247,台北,Nc
247,大,VH
247,巨蛋,Nc
247,被,P
247,政治,Na
247,鬥爭,VC
247,到,P
247,現在,Nd
247,還,D
247,沒辦法,VI
247,啟用,VC
247,新竹,Nc
247,棒球場,Nc
247,被,P
247,政治,Na
247,惡鬥,Na
247,到,P
247,現在,Nd
247,還,D
247,不能,D
247,恢復,VHC
247,使用,VC
247,台灣,Nc
247,就,D
247,是,SHI
247,輸,VD
247,在,P
247,政治,Na
247,惡鬥,Na
247,讓,VL
247,優秀,VH
247,選手,Na
247,沒有,VJ
247,好,VH
247,的,DE
247,場地,Na
247,可以,D
247,練習,VC
247,才,Da
247,輸成,VG
247,這樣,VH
247,吧,T
247,政治,Na
247,人物,Na
247,該,D
247,負責,VL
247,吧,T
247,有,V_2
247,沒,D
247,有,V_2
247,八卦,Na
248,中華隊,Na
248,連,Cbb
248,季,Nd
248,前,Ng
248,宇宙邦,Nb
248,都,D
248,擋不住,VC
248,取得,VC
248,熱身賽,Na
248,全,Neqa
248,勝,VH
248,的,DE
248,戰績,Na
248,結果,Dk
248,今天,Nd
248,這,Nep
248,慘案,Na
248,差點,D
248,被,P
248,摳倒,VC
248,所以,Cbb
248,是,SHI
248,中華隊,Na
248,還,D
248,在,P
248,藏,VC
248,還是,D
248,職業隊,Na
248,給,VD
248,中華隊,Na
248,面子,Na
248,我,Nh
248,認識,VJ
248,的,DE
248,是,SHI
248,前局,Nc
248,領先,VJ
248,第,Neu
248,局,Nf
248,開始,VL
248,熱,VHC
248,鍋,Na
248,貼,VC
248,這,Nep
248,次,Nf
248,還,D
248,沒,VJ
248,局,Nc
248,就,D
248,準備,VC
248,巴士,Na
248,熱車,Na
248,了,Di
248,不,D
248,是,SHI
248,我,Nh
248,認識,VJ
248,的,DE
248,中華隊,Na
249,備註,VE
249,請,VF
249,放,VC
249,最後,Nd
249,面違,VC
249,者,Na
249,新聞,Na
249,文章,Na
249,刪除,VC
249,媒體,Na
249,來源,Na
249,記者,Na
249,署名,VC
249,記者,Na
249,詹宜庭,Nb
249,台北,Nc
249,報導,VE
249,完整,VH
249,新聞,Na
249,標題,Na
249,經典賽,Na
249,在,P
249,洲際,Nc
249,球場,Nc
249,開打,VH
249,林佳龍,Nb
249,任內,Na
249,投,VC
249,千萬,Neu
249,預算,Na
249,更新,VC
249,週邊,Nc
249,設施,Na
249,完整,VH
249,新聞,Na
249,內文,Na
249,世界,Nc
249,棒球,Na
249,經典,Na
249,賽日,Nd
249,正式,VH
249,開幕,VH
249,，,COMMACATEGORY
249,台灣,Nc
249,首,Nes
249,戰,Na
249,對上,VC
249,巴拿馬,Nc
249,作為,VG
249,主場地,Na
249,的,DE
249,台中,Nc
249,洲際,Nc
249,棒球場,Nc
249,，,COMMACATEGORY
249,總統府,Nc
249,秘書長,Na
249,林佳龍,Nb
249,表示,VE
249,，,COMMACATEGORY
249,除了,P
249,要,D
249,感謝,VK
249,前,Nes
249,台中,Nc
249,市長,Na
249,胡志強,Nb
249,的,DE
249,建設,Na
249,基礎,Na
249,，,COMMACATEGORY
249,他,Nh
249,上任,VH
249,台中市,Nc
249,長後,Nb
249,也,D
249,媒合,VH
249,職棒,Na
249,中信,Nb
249,兄弟,Na
249,球隊,Na
249,認養,VC
249,洲際,Nc
249,棒球場,Nc
249,為,VG
249,主場,Na
249,，,COMMACATEGORY
249,也,D
249,投入,VC
249,千萬,Neu
249,預算,Na
249,更新,VC
249,球場,Nc
249,及,Caa
249,週,Nf
249,邊,Ncd
249,設施,Na
249,改善,VC
249,，,COMMACATEGORY
249,包括,VK
249,設置,VC
249,全,Neqa
249,台,Nc
249,最,Dfa
249,大,VH
249,全,Neqa
249,屏,Nc
249,螢幕,Na
249,計分板,Na
249,排水,VA
249,系統,Na
249,紅土,Na
249,草皮,Na
249,整修,VC
249,維護,VC
249,等,Cab
249,，,COMMACATEGORY
249,希望,VK
249,能夠,D
249,為,P
249,中職,Na
249,球隊,Na
249,與,Caa
249,球迷,Na
249,帶來,VC
249,更,Dfa
249,好,VH
249,的,DE
249,設施,Na
249,與,Caa
249,服務,VC
249,林佳龍,Nb
249,指出,VE
249,，,COMMACATEGORY
249,棒球,Na
249,是,SHI
249,台灣,Nc
249,國球,Na
249,，,COMMACATEGORY
249,從,P
249,年代,Nd
249,以來,Ng
249,凝聚,VC
249,台灣人,Na
249,的,DE
249,集體,A
249,記憶,Na
249,，,COMMACATEGORY
249,也,D
249,讓,VL
249,台灣,Nc
249,在,P
249,世界,Nc
249,舞台,Na
249,被,P
249,看見,VE
249,不論,Cbb
249,是,SHI
249,過去,Nd
249,守,VC
249,著,Di
249,收音機,Na
249,老,VH
249,球迷,Na
249,，,COMMACATEGORY
249,或是,Caa
249,現在,Nd
249,透過,P
249,網路,Na
249,轉播,VC
249,看,VC
249,球賽,Na
249,的,DE
249,新,VH
249,粉絲,Na
249,，,COMMACATEGORY
249,特,D
249,別,D
249,是,SHI
249,在,P
249,國際,Nc
249,賽事,Na
249,上,Ng
249,，,COMMACATEGORY
249,總是,D
249,能夠,D
249,讓,VL
249,全,Neqa
249,國,Nc
249,球迷,Na
249,熱血,Na
249,沸騰,VH
249,對於,P
249,台中,Nc
249,洲際,Nc
249,棒球場,Nc
249,，,COMMACATEGORY
249,林佳龍,Nb
249,說,VE
249,，,COMMACATEGORY
249,除了,P
249,要,D
249,感謝,VK
249,胡志強,Nb
249,的,DE
249,建設,Na
249,基礎,Na
249,，,COMMACATEGORY
249,他,Nh
249,上任,VH
249,台中,Nc
249,市長,Na
249,後,Ng
249,也,D
249,媒合,VH
249,職棒,Na
249,中信,Nb
249,兄弟,Na
249,球隊,Na
249,認養,VC
249,洲際,Nc
249,棒球場,Nc
249,為,VG
249,主場,Na
249,，,COMMACATEGORY
249,而,Cbb
249,中央,Nc
249,也,D
249,投入,VC
249,千萬,Neu
249,預算,Na
249,更新,VC
249,球場,Nc
249,及,Caa
249,週,Nf
249,邊,Ncd
249,設施,Na
249,改善,VC
249,，,COMMACATEGORY
249,包括,VK
249,設置,VC
249,全,Neqa
249,台,Nc
249,最,Dfa
249,大,VH
249,全,Neqa
249,屏,Nc
249,螢幕,Na
249,計分板,Na
249,排水,VA
249,系統,Na
249,紅土,Na
249,草皮,Na
249,整修,VC
249,維護,VC
249,等,Cab
249,，,COMMACATEGORY
249,希望,VK
249,能夠,D
249,為,P
249,中職,Na
249,球隊,Na
249,與,Caa
249,球迷,Na
249,帶來,VC
249,更,Dfa
249,好,VH
249,的,DE
249,設施,Na
249,與,Caa
249,服務,VC
249,林佳龍,Nb
249,補充,VC
249,，,COMMACATEGORY
249,洲際,Nc
249,棒球場,Nc
249,周邊,Nc
249,的,DE
249,迷你蛋,Na
249,，,COMMACATEGORY
249,中央,Nc
249,也,D
249,克服,VJ
249,過去,Nd
249,面臨,VK
249,工程,Na
249,延遲,VHC
249,以及,Caa
249,解約,VA
249,的,DE
249,困,VCL
249,境,Na
249,，,COMMACATEGORY
249,將,P
249,迷你蛋,Na
249,完工,VB
249,後,Ng
249,轉型為,VG
249,多功能,VH
249,運動,Na
249,中心,Nc
249,，,COMMACATEGORY
249,整合為,VG
249,棒球,Na
249,文創,Na
249,園區,Nc
249,來,D
249,服務,VC
249,更多,Neqa
249,球迷,Na
249,在,P
249,國際,Nc
249,賽事,Na
249,部分,Neqa
249,，,COMMACATEGORY
249,他,Nh
249,很,Dfa
249,感謝,VK
249,台中,Nc
249,市長,Na
249,盧秀燕,Nb
249,對,P
249,球場,Nc
249,的,DE
249,維護,VC
249,與,Caa
249,更新,VC
249,，,COMMACATEGORY
249,也,D
249,感謝,VK
249,中信,Nb
249,兄弟,Na
249,球團,Na
249,的,DE
249,合力,D
249,支持,VC
249,，,COMMACATEGORY
249,很,Dfa
249,高興,VK
249,能夠,D
249,看到,VE
249,台灣,Nc
249,職棒,Na
249,持續,VL
249,打出,VC
249,亮眼,VH
249,成績,Na
249,與,Caa
249,精彩,VH
249,比賽,Na
249,，,COMMACATEGORY
249,重,VH
249,燃,VC
249,球迷,Na
249,的,DE
249,信心,Na
249,的,DE
249,熱,VHC
249,情,Na
249,另,Cbb
249,在,P
249,基礎,Na
249,球員,Na
249,訓練,Na
249,上,Ng
249,，,COMMACATEGORY
249,林佳龍,Nb
249,回憶起,VC
249,去年,Nd
249,到訪,VCL
249,宜蘭,Nc
249,三星,Nb
249,國小,Nc
249,棒球隊,Na
249,，,COMMACATEGORY
249,並,Cbb
249,盼望,VK
249,這,Nep
249,個,Nf
249,孕育,VC
249,出,VJ
249,許多,Neqa
249,職棒,Na
249,球星,Na
249,的,DE
249,基地,Nc
249,，,COMMACATEGORY
249,能,D
249,有,V_2
249,更,D
249,好,VH
249,的,DE
249,訓練,Na
249,環境,Na
249,林佳龍,Nb
249,說,VE
249,，,COMMACATEGORY
249,球員,Na
249,們,Na
249,從小,D
249,過,VCL
249,著,Di
249,與,P
249,般,Ng
249,學童,Na
249,不,D
249,童,Nb
249,的,DE
249,訓練,Na
249,生活,Na
249,，,COMMACATEGORY
249,他,Nh
249,也,D
249,透過,P
249,光合,Na
249,基金會,Nc
249,資助,VC
249,棒球隊,Na
249,近,Da
249,幾,Neu
249,年,Nf
249,的,DE
249,寒暑假,Nd
249,集訓,VC
249,伙食費,Na
249,，,COMMACATEGORY
249,並,Cbb
249,讓,VL
249,小球,Na
249,員,Na
249,到,VCL
249,美國,Nc
249,大聯盟,Na
249,受訓,VA
249,，,COMMACATEGORY
249,有,V_2
249,機會,Na
249,透過,P
249,棒球,Na
249,探索,VE
249,世界,Nc
249,，,COMMACATEGORY
249,找到,VC
249,自己,Nh
249,的,DE
249,發光,VH
249,方式,Na
249,完整,VH
249,新聞,Na
249,連結,VC
249,或,Caa
249,短,VH
249,網址,Na
249,不可,D
249,用,VC
249,等,Cab
249,轉載,VC
249,媒體,Na
249,/////,FW
249,備註,VE
250,是,SHI
250,中華隊,Na
250,最,Dfa
250,強,VH
250,的,DE
250,屆,VJ
250,無誤,VH
250,但是,Cbb
250,今年,Nd
250,會不會,D
250,是,SHI
250,最,Dfa
250,弱,VH
250,的,DE
250,屆,VJ
250,今天,Nd
250,打完,VC
250,這,Nep
250,場,Nf
250,球,Na
250,後,Ng
250,八成,D
250,可以,D
250,關,VC
250,電視,Na
250,了,T
250,接下來,D
250,看,VC
250,各,Nes
250,國,Nc
250,大聯盟,Na
250,球星,Na
250,表演,VC
250,就,D
250,好,VH
250,了,T
251,看到,VE
251,今天,Nd
251,中華隊,Na
251,打,VC
251,這樣子,VH
251,想起,VE
251,以前,Nd
251,的,DE
251,張誌家,Nb
251,開始,VH
251,真的,D
251,算,VG
251,很,Dfa
251,厲害,VH
251,啊,T
251,後來,Nd
251,還,D
251,去,VCL
251,日本,Nc
251,打,VC
251,雖然,Cbb
251,最後,Nd
251,包袱,Na
251,款款,D
251,回,VCL
251,台,Nc
251,但,Cbb
251,好歹,D
251,也,D
251,是,SHI
251,過去,Nd
251,的,DE
251,明星,Na
251,投手,Na
251,怎麼,D
251,沒有,D
251,想到,VE
251,要,D
251,號召,VF
251,張誌家,Nb
251,加入,VC
251,中華隊,Na
251,如果,Cbb
251,今天,Nd
251,他,Nh
251,下場,VA
251,投,VC
251,中華隊,Na
251,是,SHI
251,不,D
251,是,SHI
251,就,D
251,不會,D
251,輸,VD
251,得,DE
251,這麼,Dfa
251,難看,VH
252,備註,VE
252,請,VF
252,放,VC
252,最後,Nd
252,面違,VC
252,者,Na
252,新聞,Na
252,文章,Na
252,刪除,VC
252,媒體,Na
252,來源,Na
252,聯合,VC
252,記者,Na
252,署名,VC
252,黃仲裕,Nb
252,完整,VH
252,新聞,Na
252,標題,Na
252,圖輯,Na
252,經典賽,Na
252,中華,Nc
252,對,P
252,巴拿馬,Nc
252,節奏,Na
252,緩慢,VH
252,球迷場,Nc
252,邊,Ncd
252,油畫,Na
252,已,D
252,快,D
252,完成,VC
252,完整,VH
252,新聞,Na
252,內文,Na
252,規,Na
252,圖輯,Na
252,經典賽,Na
252,中華,Nc
252,對,P
252,巴拿馬,Nc
252,節奏,Na
252,緩慢,VH
252,球迷場,Nc
252,邊,Ncd
252,油畫,Na
252,已,D
252,快,D
252,完成,VC
252,攝影,Na
252,中心,Nc
252,記者,Na
252,黃仲裕,Nb
252,台中,Nc
252,即時,VH
252,報導,VE
252,///,FW
252,世界,Nc
252,棒球,Na
252,經典賽,Na
252,今天,Nd
252,在,P
252,台中,Nc
252,洲際,Nc
252,棒球場,Nc
252,舉行,VC
252,開幕戰,Na
252,，,COMMACATEGORY
252,六,Neu
252,局,Nf
252,不,D
252,到,VCL
252,已,D
252,換,VC
252,了,Di
252,名,A
252,投手,Na
252,，,COMMACATEGORY
252,有,V_2
252,球迷,Na
252,在,P
252,場面,Na
252,繪製,VC
252,油畫,Na
252,，,COMMACATEGORY
252,比賽,Na
252,進行到,VE
252,半,Neqa
252,，,COMMACATEGORY
252,油畫,Na
252,已,D
252,快,D
252,完成,VC
252,記者,Na
252,黃仲裕,Nb
252,攝影,Na
252,世界,Nc
252,棒球,Na
252,經典,Na
252,賽場,Nc
252,邊,Ncd
252,出現,VH
252,奇景,Na
252,，,COMMACATEGORY
252,有,V_2
252,球迷,Na
252,在場,VA
252,邊邊,Nc
252,欣賞,VJ
252,比賽,Na
252,，,COMMACATEGORY
252,邊,D
252,畫,VC
252,球場,Nc
252,油畫,Na
252,，,COMMACATEGORY
252,比賽,Na
252,進行到,VE
252,六,Neu
252,局,Nc
252,結束,VHC
252,，,COMMACATEGORY
252,油畫,Na
252,已,D
252,快,D
252,完成,VC
252,今天,Nd
252,在,P
252,台中,Nc
252,洲際,Nc
252,棒球場,Nc
252,舉行,VC
252,開幕戰,Na
252,，,COMMACATEGORY
252,由,P
252,中華,Nc
252,出戰,VC
252,巴拿馬,Nc
252,，,COMMACATEGORY
252,巴拿馬,Nc
252,局,Nc
252,攻下,VC
252,分,Na
252,，,COMMACATEGORY
252,中華隊,Na
252,六,Neu
252,局,Nf
252,還,D
252,沒,D
252,結束,VHC
252,就,D
252,已經,D
252,使用,VC
252,了,Di
252,名,A
252,投手,Na
252,比賽,Na
252,進行到,VE
252,八,Neu
252,局,Nf
252,上,Nes
252,半,Neqa
252,，,COMMACATEGORY
252,已經,D
252,打,VC
252,了,Di
252,快,D
252,四,Neu
252,個,Nf
252,小時,Na
252,，,COMMACATEGORY
252,節奏,Na
252,相當,Dfa
252,緩慢,VH
252,球迷,Na
252,帶,VC
252,著,Di
252,畫具,Na
252,到,VCL
252,場,Nc
252,邊,Ncd
252,作畫,VA
252,，,COMMACATEGORY
252,將,P
252,洲際,Nc
252,棒球場,Nc
252,的,DE
252,景色,Na
252,畫下來,VB
252,，,COMMACATEGORY
252,比賽,Na
252,還,D
252,沒,D
252,結束,VHC
252,，,COMMACATEGORY
252,作品,Na
252,已,D
252,快,D
252,完成,VC
252,，,COMMACATEGORY
252,令,VL
252,人,Na
252,嘖嘖稱奇,VA
252,完整,VH
252,新聞,Na
252,連結,VC
252,或,Caa
252,短,VH
252,網址,Na
252,不可,D
252,用,VC
252,等,Cab
252,轉載,VC
252,媒體,Na
252,//////,FW
252,備註,VE
252,請,VF
253,每,Nes
253,代,Na
253,的,DE
253,中華隊,Na
253,都,D
253,會,D
253,有,V_2
253,個,Nf
253,王牌,Na
253,投手,Na
253,對上,VC
253,日本,Nc
253,定,D
253,要,D
253,贏,VD
253,時,Ng
253,就,D
253,會,D
253,負責,VL
253,先發,VA
253,負責,VL
253,傳承號,Na
253,球衣,Na
253,現在,Nd
253,號,VG
253,球衣,Na
253,是,SHI
253,誰,Nh
253,在,P
253,穿,VC
253,今天,Nd
253,有,D
253,上場,VA
253,嗎,T
254,原本,D
254,中職,Na
254,應該,D
254,沒,VJ
254,甚麼,Nep
254,人,Na
254,看,VC
254,了,Di
254,結果,Dk
254,今天,Nd
254,中華隊,Na
254,用計,VA
254,輸,VD
254,了,Di
254,球,Na
254,但,Cbb
254,成功,VH
254,引發,VC
254,八卦版,Na
254,的,DE
254,討論,VE
254,中華隊,Na
254,引發,VC
254,討論度,Na
254,讓,VL
254,更多,Neqa
254,人,Na
254,看,VC
254,球,Na
254,是,SHI
254,不,D
254,是,SHI
254,雖,Cbb
254,敗,VH
254,猶,VG
254,龍,Na
254,輸,VD
254,了,Di
254,面子,Na
254,，,COMMACATEGORY
254,贏,VD
254,了,Di
254,裡子,Na
254,有,V_2
254,沒,D
254,有,V_2
254,八卦,Na
255,如,P
255,題,Na
255,韓國,Nc
255,跟,P
255,台灣,Nc
255,的,DE
255,職棒,Na
255,發展,VC
255,歷史,Na
255,時間,Na
255,幾乎,Da
255,相同,VH
255,但是,Cbb
255,韓國,Nc
255,現在,Nd
255,可以,D
255,跟,P
255,日本,Nc
255,打,VC
255,的,DE
255,有來,VH
255,有,V_2
255,回,Nf
255,甚至,D
255,還,D
255,曾經,D
255,打進,VC
255,冠軍賽,Na
255,反觀,VC
255,中華,Nc
255,隊天到晚,D
255,都,D
255,在,P
255,吃鍋,VA
255,貼,VC
255,為什麼,D
255,職棒,Na
255,程度,Na
255,會,D
255,落後,VJ
255,韓國,Nc
255,那麼多,Neqa
255,呢,T
256,如果,Cbb
256,熱身賽,Na
256,跟,P
256,打,VC
256,小孩,Na
256,樣,Na
256,的,DE
256,中華隊,Na
256,結果,Dk
256,第,Neu
256,場,Nf
256,比賽,Na
256,對上,VC
256,巴拿馬,Nc
256,差點,D
256,被,P
256,扣倒,VC
256,啊,I
256,不,D
256,是,SHI
256,號稱,VG
256,世界,Nc
256,第二,Neu
256,啊,I
256,不,D
256,是,SHI
256,說,VE
256,要,D
256,把,P
256,藍球場,Nc
256,田徑場,Nc
256,拆掉,VC
256,全民,Na
256,打棒球,VA
256,啊,I
256,不,D
256,是,SHI
256,很,Dfa
256,會,D
256,每,Nes
256,天,Nf
256,都,D
256,輕輕鬆鬆報,VH
256,林襄,Nb
256,我,Nh
256,還,D
256,以為,VE
256,中華隊,Na
256,已經,D
256,準備,VC
256,冠軍,Na
256,決賽,Na
256,要,D
256,對決,VA
256,大谷,Nc
256,了,T
256,咧,T
256,看,VC
256,昨天,Nd
256,的,DE
256,比賽,Na
256,是,SHI
256,不,D
256,是,SHI
256,叫,VF
256,中職,Na
256,啦啦隊,Na
256,上場,VA
256,打,VC
256,就,D
256,好,VH
256,起碼,Da
256,可以,D
256,讓,VL
256,巴拿馬,Nc
256,軟腳,VH
256,有,V_2
256,沒,D
256,有,V_2
256,八卦,Na
257,安安,Nb
257,我們,Nh
257,建仔,Nb
257,洋基號,Nb
257,今年,Nd
257,歲,Nf
257,了,T
257,還,D
257,有,V_2
257,印象,Na
257,的,DE
257,球路,Na
257,伸卡,Na
257,曲球,Na
257,變速,VA
257,伸卡,Na
257,年齡,Na
257,大,VH
257,了,Di
257,球速,Na
257,比較,Dfa
257,沒,D
257,差,VH
257,反正,D
257,球,Na
257,下降,VA
257,很,Dfa
257,快,VH
257,就,D
257,好,VH
257,變速,VA
257,不,D
257,知,VK
257,會不會,D
257,影響,VC
257,比較,Dfa
257,記得,VK
257,袁,Nb
257,博士,Na
257,講,VE
257,新,VH
257,殼,Na
257,跟,Caa
257,圈,Na
257,假,VH
257,但,Cbb
257,搭配,VC
257,中華隊,Na
257,內野,Nc
257,守備,VA
257,應該,D
257,是,SHI
257,可以,D
257,穩穩,VH
257,吃掉,VC
257,前面局,Nc
257,吧,T
257,打線,VA
257,我,Nh
257,就,D
257,沒,D
257,研究,VE
257,了,Di
257,但,Cbb
257,我們,Nh
257,的,DE
257,打線,VA
257,不如,VJ
257,鑽石,Na
257,打線,VA
257,啦,T
258,巴拿馬,Nc
258,代表隊,Na
258,有,V_2
258,位,Nf
258,以上,Ng
258,球員,Na
258,投手,Na
258,釀酒人,Na
258,釀酒人,Na
258,國民,Na
258,天使,Na
258,落磯,Na
258,內野手,Na
258,甙,FW
258,大都會,Nc
258,鏎紅,VH
258,人,Na
258,光芒,Na
258,中華,Nc
258,代表隊,Na
258,位,Na
258,以上,Ncd
258,球員,Na
258,張育成,Nb
258,紅襪,Nb
258,吳念庭,Nb
258,西武,Nb
258,宋家豪,Nb
258,樂天,VH
258,中職,Na
258,投手,Na
258,勉強,VF
258,能,D
258,在,P
258,國際賽,Na
258,當,VG
258,先發,VA
258,潘威倫,Nb
258,陽建福,Nb
258,林恩宇,Nb
258,旅,VCL
258,外,Ncd
258,回歸,VCL
258,投手,Na
258,還,D
258,比不上,VJ
258,過去,Nd
258,中職,Na
258,強投,Na
259,中華隊,Na
259,輸球,VH
259,看到,VE
259,堆,Nf
259,鄉民,Na
259,酸,VH
259,說,VE
259,本,Nes
259,屆,Nf
259,沒有,VJ
259,獨當面,Na
259,的,DE
259,球星,Na
259,只,Da
259,會,D
259,講,VE
259,堆,Nf
259,年,Nf
259,前,Ng
259,的,DE
259,球星,Na
259,反而,Cbb
259,不,D
259,檢討,VE
259,自己,Nh
259,太,Dfa
259,久,VH
259,沒,D
259,看,VC
259,球,Na
259,是,SHI
259,不,D
259,是,SHI
259,間接,D
259,證明,VE
259,鄉民,Na
259,都,D
259,老,VH
259,了,T
259,呢,T
259,我,Nh
259,挺,VC
259,中華隊,Na
259,中華隊,Na
259,加油,VB
259,///,FW
260,第,Neu
260,場,Nf
260,先,D
260,爆冷,VH
260,輸掉,VJ
260,台灣,Nc
260,輸給,VD
260,巴拿馬,Nc
260,就,D
260,像,P
260,阿根廷,Nc
260,輸給,VD
260,阿拉伯,Nc
260,然後,D
260,後面,Ncd
260,每,Nes
260,場,Nf
260,都,D
260,贏,VD
260,最後,Nd
260,台灣,Nc
260,會,D
260,拿到,VC
260,這,Nep
260,屆,Nf
260,的,DE
260,冠軍,Na
261,我,Nh
261,肥肥,VH
261,拉,VC
261,對,P
261,丫,Na
261,巴拿馬,Nc
261,教練,Na
261,太,Dfa
261,酸,VH
261,了,T
261,吧,T
261,什麼,Nep
261,叫,VG
261,原,D
261,以為,VE
261,中華隊,Na
261,會,D
261,投,VC
261,更,Dfa
261,好,VH
261,不,D
261,是,SHI
261,根本,D
261,沒,D
261,好過,VH
261,嗎,T
261,何必,D
261,這樣,VH
261,贏,VD
261,球,Na
261,又,D
261,污辱,VC
261,人,Na
261,阿肥,Nb
261,是,SHI
261,覺得,VK
261,巴拿馬,Nc
261,的,DE
261,教練,Na
261,可以,D
261,挺起,VC
261,胸膛,Na
261,然後,D
261,堂堂正正,VH
261,的,DE
261,說,VE
261,中華隊,Na
261,廢到,VC
261,笑,VA
262,如,P
262,題,Na
262,啦,T
262,平常,Nd
262,最,Dfa
262,喜歡,VK
262,打棒球,VA
262,後,Ncd
262,車廂,Na
262,都,D
262,放,VC
262,好幾,Neu
262,支,Nf
262,如果,Cbb
262,中華隊,Na
262,教練,Na
262,指派,VF
262,上場,VA
262,要,D
262,幾,Neu
262,隻,Nf
262,可以,D
262,打贏,VC
262,巴拿馬,Nc
262,有,V_2
262,人,Na
262,知道,VK
262,嗎,T
263,以前,Nd
263,也,D
263,沒,D
263,看,VC
263,中職,Na
263,國際賽,Na
263,還是,D
263,有,V_2
263,大,VH
263,師兄,Na
263,陽岱鋼,Nb
263,林哲瑄,Nb
263,張進德,Nb
263,鄉長,Na
263,陳鏞基,Nb
263,些,Nf
263,比較,Dfa
263,有名,VH
263,的,DE
263,明星,Na
263,這,Nep
263,屆,Nf
263,只有,Cbb
263,李振昌,Nb
263,跟,P
263,陳冠宇,Nb
263,本,Nes
263,魯,Nc
263,認識,VJ
263,明明,D
263,本,Nes
263,魯,Nc
263,以前,Nd
263,現在,Nd
263,都,D
263,沒關注,VJ
263,中職,Na
263,星度,Na
263,怎麼,D
263,差,VH
263,這麼多,Neqa
264,以後,Nd
264,就,D
264,是,SHI
264,的,DE
264,時代,Na
264,啦,T
264,棒球,Na
264,這,Nep
264,項,Nf
264,運動,Na
264,估計,VE
264,也,D
264,會,D
264,被,P
264,取代,VC
264,那,Dk
264,會,D
264,怎麼,D
264,代表,VK
264,各,Nes
264,國,Nc
264,去,D
264,比賽,VA
264,啊,T
264,比賽,Na
264,還是,D
264,有,D
264,贏,VD
264,有,V_2
264,輸,VD
264,吧,T
264,實際面,Na
264,到底,D
264,怎麼,D
264,進行,VC
264,呢,T
264,會,D
264,怎麼,D
264,代表,VC
264,中華隊,Na
264,嘻嘻,D
265,比賽,Na
265,的,DE
265,關係,Na
265,啊,T
265,身為,VG
265,個,Nf
265,堂堂正正,VH
265,的,DE
265,台灣人,Na
265,在,P
265,最,Dfa
265,有,V_2
265,價值,Na
265,的,DE
265,球場,Nc
265,比賽,Na
265,定,D
265,是,SHI
265,特懂,VK
265,的,T
265,吧,T
265,說不定,D
265,在,P
265,新竹,Nc
265,棒球場,Nc
265,我們,Nh
265,中華隊,Na
265,就,D
265,可以,D
265,扣倒,VC
265,巴拿馬,Nc
265,惹,VC
265,各位,Nh
265,認同,VJ
265,嗎,T
265,太,Dfa
265,可惜,VH
265,惹,VC
266,真的,D
266,是,SHI
266,千篇律,Na
266,人家,Nh
266,大聯盟,Na
266,打者,Na
266,面對,VC
266,大聯盟,Na
266,投手,Na
266,還是,D
266,積極,VH
266,想,VE
266,轟,VC
266,全壘打,Na
266,廢物,Na
266,中華隊,Na
266,呢,T
266,永遠,D
266,都,D
266,是,SHI
266,堆,Nf
266,廢物,Na
266,大便,Na
266,打者,Na
266,在,P
266,那邊,Ncd
266,小球,Na
266,混分,VC
266,場,Nc
266,了不起,VH
266,分,VC
266,要,D
266,贏,VD
266,只,Da
266,能,D
266,是,SHI
266,情勒,Nb
266,操爆,VC
266,王建民,Nb
266,等及,VJ
266,的,DE
266,旅,Na
266,外,Ncd
266,壓,VC
266,對手,Na
266,分數,Na
266,只要,Cbb
266,投手,Na
266,銜接,VJ
266,稍微,D
266,不,D
266,順,VH
266,被,P
266,幹,VC
266,到,P
266,分,VC
266,以上,Ng
266,那,Nep
266,群,Nf
266,大便,Na
266,打者,Na
266,只,Da
266,會,D
266,放推,VC
266,等,Cab
266,死,VH
266,我,Nh
266,阿罵,Nb
266,都,D
266,能,D
266,當,VG
266,總教練,Na
266,策略,Na
266,我,Nh
266,呸,I
267,歲,Nf
267,世代,Na
267,的,DE
267,王建民,Nb
267,小曹,Nb
267,郭泓志,Nb
267,斷腿,VH
267,光榮,VH
267,世代,Na
267,後,Ng
267,歲上下,VC
267,的,DE
267,這,Nep
267,次,Nf
267,經典賽,Na
267,已經,D
267,斷定,VE
267,是,SHI
267,失落,VH
267,的,DE
267,世代,Na
267,聽說,VE
267,棒球,Na
267,養成,VC
267,要,D
267,年,Na
267,台灣,Nc
267,的,DE
267,未來,Nd
267,歲上下,Nd
267,有,V_2
267,有,V_2
267,潛力,Na
267,的,DE
267,棒球,Na
267,好手,Na
267,嗎,T
268,大家,Nh
268,好,VH
268,，,COMMACATEGORY
268,小弟,Na
268,剛,D
268,吃,VC
268,兩,Neu
268,包,Nf
268,孔雀,Na
268,捲心餅,Na
268,，,COMMACATEGORY
268,剛,D
268,看完,VC
268,中華隊,Na
268,比賽,Na
268,，,COMMACATEGORY
268,小弟,Na
268,運彩,VA
268,新手,Na
268,，,COMMACATEGORY
268,如果,Cbb
268,壓,VC
268,中華隊,Na
268,後面,Ncd
268,三,Neu
268,場,Nf
268,全,Neqa
268,輸,VD
268,，,COMMACATEGORY
268,過,VCL
268,三,Neu
268,關,Nf
268,，,COMMACATEGORY
268,這,Nep
268,次,Nf
268,可以,D
268,賺,VC
268,多少,Neqa
268,，,COMMACATEGORY
268,多少,Neqa
269,/,FW
269,的,DE
269,運彩,Na
269,如何,D
269,下注贏,VC
269,的,DE
269,機率,Na
269,比較,Dfa
269,高,VH
269,Ａ組,Na
269,巴拿馬,Nc
269,荷蘭,Nc
269,義大利,Nc
269,古巴,Nc
269,Ｂ組,Na
269,中國,Nc
269,日本,Nc
269,想,VE
269,針對,P
269,這,Nep
269,三,Neu
269,場,Nf
269,來,D
269,下注,VA
270,餓死,VHC
270,抬頭,VA
270,中華隊,Na
270,在,P
270,對上,VC
270,巴拿馬,Nc
270,的,DE
270,比賽,Na
270,結果,Dk
270,以,P
270,慘敗,VH
270,收場,VH
270,所以,Cbb
270,我,Nh
270,就,D
270,在,D
270,想,VE
270,如果,Cbb
270,讓,VL
270,館長,Na
270,陳之漢,Nb
270,來,D
270,當,VG
270,中華隊,Na
270,的,DE
270,教練,Na
270,他,Nh
270,會,D
270,使出,VC
270,怎麼樣,VH
270,的,DE
270,戰術,Na
270,來,D
270,打敗,VC
270,巴拿馬,Nc
270,呢,T
270,有沒有,D
270,掛,VC
271,應該,D
271,是,SHI
271,輸,VD
271,了,Di
271,吧,T
271,我,Nh
271,懶得,VL
271,爬,VA
271,文,Na
271,也,D
271,不,D
271,想,VE
271,看,VC
271,能不能,D
271,直接,VH
271,告訴,VE
271,我,Nh
271,輸,VD
271,了,Di
271,對,VH
271,吧,T
271,那,Dk
271,那麼多,Neqa
271,人,Na
271,看,VC
271,棒球,Na
271,幹嘛,D
271,賭博,Nv
271,還是,D
271,真心,VH
271,覺得,VK
271,台灣,Nc
271,會,D
271,贏,VD
272,備註,VE
272,請,VF
272,放,VC
272,最後,Nd
272,面違,VC
272,者,Na
272,新聞,Na
272,文章,Na
272,刪除,VC
272,媒體,Na
272,來源,Na
272,新聞,Na
272,雲,VE
272,記者,Na
272,署名,VC
272,記者,Na
272,王真魚,Nb
272,台中,Nc
272,報導,VE
272,完整,VH
272,新聞,Na
272,標題,Na
272,巴拿馬,Nc
272,佩服,VJ
272,台灣,Nc
272,應援,VC
272,讓,VL
272,洲際,Nc
272,變,VG
272,圖書館,Nc
272,得分,VH
272,就,D
272,安靜,VH
272,完整,VH
272,新聞,Na
272,內文,Na
272,經典賽,Na
272,巴拿馬,Nc
272,無懼,VH
272,地主,Na
272,台灣,Nc
272,球迷,Na
272,大聲,VH
272,應援,VC
272,，,COMMACATEGORY
272,今晚,Nd
272,讓,VL
272,洲際,Nc
272,變,VG
272,圖書館,Nc
272,，,COMMACATEGORY
272,終場,Na
272,比,P
272,大勝,VJ
272,歐堤茲,Nb
272,直言,VE
272,，,COMMACATEGORY
272,完全,D
272,感受到,VK
272,台灣,Nc
272,球迷,Na
272,的,DE
272,熱情,Na
272,，,COMMACATEGORY
272,想要,VE
272,不,D
272,受,P
272,觀眾,Na
272,影響,VC
272,，,COMMACATEGORY
272,就,D
272,想,VE
272,辦法,Na
272,得分,VH
272,此,Nep
272,役,Na
272,先發,VA
272,投手,Na
272,梅西亞,Nb
272,賽,Na
272,後,Ng
272,比,VC
272,了,Di
272,個,Nf
272,讚,VC
272,，,COMMACATEGORY
272,真的,D
272,要,D
272,給,VD
272,這些,Neqa
272,球迷,Na
272,致,VL
272,上,Ncd
272,最,Dfa
272,高,VH
272,敬意,Na
272,，,COMMACATEGORY
272,讓,VL
272,我,Nh
272,印象,Na
272,非常,Dfa
272,深刻,VH
272,中華隊,Na
272,今晚,Nd
272,首,Nes
272,戰,Na
272,湧進,VCL
272,萬,Neu
272,名,Nf
272,球迷,Na
272,進場,VA
272,應,D
272,援,VC
272,梅西亞,Nb
272,直,D
272,呼,VE
272,，,COMMACATEGORY
272,真的,D
272,是,SHI
272,從頭到尾,D
272,加油聲,Na
272,不斷,VH
272,，,COMMACATEGORY
272,球,Na
272,迷,VL
272,不停,VA
272,地,DE
272,鼓譟,VH
272,，,COMMACATEGORY
272,場館,Nc
272,爆滿,VH
272,，,COMMACATEGORY
272,但,Cbb
272,我們,Nh
272,不能,D
272,因為,Cbb
272,他們,Nh
272,而,Cbb
272,分心,VH
272,，,COMMACATEGORY
272,還是,D
272,想,VE
272,辦法,Na
272,專注,VH
272,捕手,Na
272,和,Caa
272,打者,Na
272,的,DE
272,對決,VA
272,，,COMMACATEGORY
272,球球,Na
272,投,VC
272,歐提茲,Nb
272,也,D
272,說,VE
272,，,COMMACATEGORY
272,台灣,Nc
272,是,SHI
272,很,Dfa
272,強勁,VH
272,的,DE
272,隊伍,Na
272,，,COMMACATEGORY
272,兩,Neu
272,邊,Ncd
272,實力,Na
272,平均,VH
272,，,COMMACATEGORY
272,對方,Nh
272,很,Dfa
272,難,VH
272,擊敗,VC
272,加上,Cbb
272,中華隊,Na
272,有,V_2
272,地主,Na
272,優勢,Na
272,，,COMMACATEGORY
272,真的,D
272,要,D
272,在,P
272,得分,VH
272,之後,Ng
272,，,COMMACATEGORY
272,觀眾,Na
272,就,D
272,會,D
272,安靜下來,VH
272,他,Nh
272,認為,VE
272,，,COMMACATEGORY
272,搶,VD
272,分,Nf
272,才,Da
272,能,D
272,對抗,VC
272,地主,Na
272,球迷,Na
272,的,DE
272,熱情,Na
272,應,D
272,援,VC
272,雖然,Cbb
272,比數,Na
272,在,P
272,後,Nes
272,半,Neqa
272,段,Nf
272,已經,D
272,拉開,VC
272,，,COMMACATEGORY
272,但,Cbb
272,台灣,Nc
272,球迷,Na
272,仍,D
272,不,D
272,放棄,VC
272,持續,VL
272,為,P
272,自家,Nc
272,選手,Na
272,加油,VB
272,，,COMMACATEGORY
272,讓,VL
272,梅西亞,Nb
272,直言,VE
272,，,COMMACATEGORY
272,真的,D
272,非常,Dfa
272,驚訝,VK
272,，,COMMACATEGORY
272,完全,D
272,感受到,VK
272,他們,Nh
272,對,P
272,支持,VC
272,球隊,Na
272,的,DE
272,全心全意,D
272,，,COMMACATEGORY
272,我,Nh
272,向,P
272,台灣,Nc
272,球迷,Na
272,致上,VD
272,敬意,Na
272,，,COMMACATEGORY
272,應援,VC
272,真的,D
272,有夠,Dfa
272,大聲,VH
272,，,COMMACATEGORY
272,從,P
272,第,Neu
272,局,Nf
272,到,P
272,最後,Nd
272,第九,Neu
272,局,Nf
272,，,COMMACATEGORY
272,完全,D
272,沒有,D
272,停止,VF
272,，,COMMACATEGORY
272,印象,Na
272,非常,Dfa
272,深刻,VH
272,完整,VH
272,新聞,Na
272,連結,VC
272,或,Caa
272,短,VH
272,網址,Na
272,不可,D
272,用,VC
272,等,Cab
272,轉載,VC
272,媒體,Na
272,////,FW
272,_,FW
272,備註,VE
273,想,VE
273,當年,Nd
273,宇宙,Na
273,勇勝勇,Nb
273,全票,Na
273,勇,VH
273,也,D
273,不過,Da
273,拿,VC
273,了,Di
273,個,Nf
273,大賽,Na
273,總亞軍,Na
273,真正,A
273,的,DE
273,大賽,Na
273,冠軍,Na
273,還是,D
273,被,P
273,亞軍,Na
273,蒐集,VC
273,魔人,Na
273,姆斯,Nb
273,拿走,VC
273,了,Di
273,球,Na
273,是,SHI
273,圓,VH
273,的,DE
273,話,Na
273,不能,D
273,說,VE
273,死,VH
273,什麼,Nep
273,都,D
273,有,V_2
273,可能,Na
273,排名,Na
273,真的,D
273,只是,D
273,參考,VC
273,對,VH
273,吧,T
273,中華隊,Na
273,還是,D
273,很,Dfa
273,有,V_2
273,機會,Na
273,奪冠,VA
273,的,DE
273,對,VH
273,吧,T
274,如,P
274,題,Na
274,啦,T
274,",",COMMACATEGORY
274,我們,Nh
274,當年,Nd
274,強預賽,Na
274,贏,VD
274,委內瑞拉,Nc
274,和,Caa
274,波多黎各,Nc
274,複賽,Na
274,贏,VD
274,韓國,Nc
274,澳洲,Nc
274,",",COMMACATEGORY
274,委內瑞拉,Nc
274,和,Caa
274,波多黎各,Nc
274,只,Da
274,是,SHI
274,小,VH
274,聯盟,Na
274,找,VC
274,跑龍套,VA
274,的,T
274,",",COMMACATEGORY
274,根本,D
274,無法,D
274,跟,P
274,比,P
274,而,Cbb
274,韓國,Nc
274,近年,Nd
274,來,Ng
274,棒球,Na
274,跟,Caa
274,比,P
274,確實,D
274,有,V_2
274,退步,VH
274,少,VH
274,了,Di
274,很多,Neqa
274,旅美,Nv
274,球員,Na
274,，,COMMACATEGORY
274,幾乎,Da
274,只,Da
274,剩,VJ
274,金河,Na
274,成,VG
274,了,Di
274,我們,Nh
274,中職,Na
274,的,DE
274,天花板,Na
274,目前,Nd
274,就是,Cbb
274,贏,VD
274,韓,Nc
274,職軍,Na
274,那,Nep
274,次,Nf
274,，,COMMACATEGORY
274,而且,Cbb
274,那,Nep
274,次,Nf
274,勝投,Na
274,還是,D
274,旅日,VA
274,的,DE
274,張奕,Nb
274,這,Nep
274,次,Nf
274,堆,Nf
274,跟,P
274,大咖,Na
274,的,DE
274,跟,P
274,別,D
274,提,VE
274,還,D
274,有,V_2
274,等級,Na
274,的,T
274,",",COMMACATEGORY
274,會,D
274,有,V_2
274,這樣,VH
274,的,DE
274,結果,Na
274,其實,D
274,正常,VH
274,吧,T
275,如,P
275,題,Na
275,板球,Na
275,的,DE
275,得分,Na
275,不用,D
275,安打,Na
275,串聯,VC
275,永遠,D
275,壘,Na
275,上,Ncd
275,無,VJ
275,人,Na
275,個人,Nh
275,打,VC
275,安打,Na
275,就,D
275,有,D
275,分,VD
275,了,Di
275,打遠點,Na
275,還,D
275,能,D
275,多,D
275,跑,VA
275,幾,Neu
275,分,Nf
275,每,Nes
275,場,Nf
275,比賽,Na
275,每,Nes
275,個,Nf
275,人,Na
275,的,DE
275,打數,Na
275,跟,P
275,棒球,Na
275,比起來,D
275,多,VH
275,到,P
275,誇張,VHC
275,搞砸次,VA
275,還,D
275,有,V_2
275,下,Nes
275,次,Nf
275,很,Dfa
275,難,VH
275,不得分,VH
275,投手,Na
275,直,D
275,挨打,VB
275,沒,D
275,三振,VC
275,也,D
275,沒關係,VH
275,反正,D
275,大家,Nh
275,都,D
275,守,VC
275,不,D
275,住,VC
275,互,D
275,爆,VH
275,完全,D
275,是,SHI
275,台灣,Nc
275,選手,Na
275,軟手,VH
275,小,VH
275,心臟,Na
275,的,DE
275,福音,Na
275,好,VH
275,捕手,Na
275,養,VB
275,不,D
275,出來,VC
275,也,D
275,沒關係,VH
275,板球,Na
275,也,D
275,不,D
275,需要,VK
275,捕手,Na
275,世界,Nc
275,板球,Na
275,冠軍賽,Na
275,觀看,VC
275,人數,Na
275,甚至,D
275,比,P
275,還,D
275,多,VH
275,好幾,Neu
275,倍,Na
275,以,P
275,台灣,Nc
275,棒球,Na
275,職業,Na
275,選手,Na
275,的,DE
275,投球,VA
275,臂力,Na
275,和,Caa
275,擊球,Nv
275,技巧,Na
275,找,VC
275,個,Nf
275,有,V_2
275,腦,Na
275,有,V_2
275,比賽,Na
275,經驗,Na
275,的,DE
275,板球洋,Na
275,教練,Na
275,國家隊,Na
275,轉行,VA
275,打板球,VA
275,輾壓,VC
275,各,Nes
275,國,Nc
275,應該,D
275,不,D
275,難,VH
275,吧,T
275,反正,D
275,國球,Na
275,就,D
275,是,SHI
275,要,D
275,贏,VD
275,球,Na
275,刷刷,VC
275,國民,Na
275,自尊心,Na
275,而已,T
275,改練,VC
275,比較,Dfa
275,符合,VJ
275,台灣人,Na
275,心理,Na
275,素質,Na
275,的,DE
275,運動,Na
275,不,D
275,是,SHI
275,比較,Dfa
275,好,VH
275,ㄇ,FW
275,有,V_2
275,沒,D
275,有,V_2
275,卦,Na
276,幹,VC
276,你,Nh
276,娘,Na
276,寵子,Na
276,不孝,VH
276,聽,VE
276,過,Di
276,沒有,VJ
276,鬼島隊,Na
276,會,D
276,走到,VCL
276,今天,Nd
276,就,D
276,是,SHI
276,你們,Nh
276,這些,Neqa
276,他媽的,I
276,東西,Na
276,造成,VG
276,拉,VC
276,只,Da
276,會,D
276,指責,VC
276,別人,Nh
276,酸民,Na
276,什麼,Nep
276,時候,Na
276,才,Da
276,要,D
276,面對,VC
276,自己,Nh
276,爛,VH
276,寵,VC
276,這些,Neqa
276,廢物,Na
276,寵,VC
276,到,P
276,輸,VD
276,中國,Nc
276,再,D
276,寵,VC
276,到,P
276,只,Da
276,能,D
276,哭喊,VE
276,好,Dfa
276,想,VE
276,贏,VD
276,韓國,Nc
276,再,D
276,寵,VC
276,到,P
276,現在,Nd
276,連,D
276,打完,VC
276,九,Neu
276,局,Nf
276,都,D
276,問號,Na
276,幹,VC
276,真的,D
276,有夠,Dfa
276,撿角,VA
276,這麼,D
276,經不起,VJ
276,罵,VC
276,回家,VA
276,找,VC
276,媽媽,Na
276,喝,VC
276,奶,Na
276,拉,VC
276,人家,Nh
276,打,VC
276,撞球,VA
276,那,Nep
276,個,Nf
276,還,D
276,有,V_2
276,能力,Na
276,跑到,VCL
276,別,Nes
276,國,Nc
276,參賽,VA
276,你,Nh
276,媽的,I
276,廢物,Na
276,中華隊,Na
276,懦夫,Na
276,打線,VA
276,幹,VC
276,看,VC
276,哪,Nep
276,國,Nc
276,要,D
276,收,VC
276,我,Nh
276,呸,I
277,井上尚弥,Nb
277,陣營,Na
277,在,P
277,週,Nf
277,召開,VC
277,記者會,Na
277,，,COMMACATEGORY
277,宣布井,Nc
277,上,Ncd
277,與,Caa
277,現任,A
277,超,A
277,雛量級,Na
277,冠軍,Na
277,將,D
277,於,P
277,/,FW
277,在,P
277,橫濱,Nc
277,體育館,Nc
277,進行,VC
277,比賽,Na
277,///,FW
277,我,Nh
277,個人,Nh
277,是,SHI
277,比較,Dfa
277,想,VE
277,看到,VE
277,井,Na
277,上,Ncd
277,去,VCL
277,美國,Nc
277,主場,Na
277,打,VC
277,啦^^,FW
278,如,P
278,題,Na
278,小弟,Na
278,日棒,Nb
278,球迷,Na
278,啦,T
278,知道,VK
278,有,V_2
278,位,Nf
278,叫,VG
278,張育成,Nb
278,的,DE
278,大聯盟,Na
278,等級,Na
278,的,DE
278,選手,Na
278,直,D
278,也,D
278,有,D
278,看到,VE
278,有,V_2
278,網友,Na
278,有,V_2
278,留言,Na
278,育成,VC
278,洋將,Na
278,他,Nh
278,應該,D
278,是,SHI
278,台灣人,Na
278,吧,T
278,還是,D
278,要,D
278,當成,VG
278,洋將,Na
278,來,D
278,看,VC
278,呢,T
278,_,FW
279,就算,Cbb
279,迫於,VJ
279,國際,Nc
279,現實,Na
279,要,D
279,用,P
279,中華,Nc
279,台北,Nc
279,但,Cbb
279,自己,Nh
279,國內,Nc
279,可以,D
279,叫,VG
279,台灣隊,Na
279,啊,T
279,用,P
279,沒有,VJ
279,台灣,Nc
279,價值,Na
279,的,DE
279,中華隊,Na
279,嚴重,VH
279,打擊,VC
279,民心,Na
279,士氣,Na
279,都,D
279,是,SHI
279,因為,Cbb
279,叫,VF
279,中華隊,Na
279,才,Da
279,輸,VD
279,的,T
279,吧,T
280,本,Nes
280,肥日,Nd
280,球迷,Na
280,啦,T
280,剛剛,D
280,看,VC
280,了,Di
280,下,Nes
280,賽程,Na
280,中華隊,Na
280,明天,Nd
280,的,DE
280,對手,Na
280,是,SHI
280,義大利,Nc
280,巴拿馬,Nc
280,跟,Caa
280,義大利,Nc
280,，,COMMACATEGORY
280,哪,Nep
280,隊,Nf
280,棒球,Na
280,比較,Dfa
280,強,VH
280,雖然,Cbb
280,昨天,Nd
280,中華隊,Na
280,不,D
280,小心,VK
280,陰溝,Na
280,裡,Ncd
280,翻船,VH
280,但,Cbb
280,明天,Nd
280,對上,VC
280,義大利,Nc
280,定,D
280,能,D
280,奪得,VC
280,開門紅,VA
280,吧,T
280,有,V_2
280,沒,D
280,有,V_2
280,卦,Na
281,我,Nh
281,知道,VK
281,昨天,Nd
281,又,D
281,衰敗,VH
281,油龍,Na
281,了,T
281,啦,T
281,什麼,Nep
281,七,Neu
281,連敗,VH
281,都,D
281,不,D
281,是,SHI
281,重點,Na
281,了,T
281,我們,Nh
281,球迷,Na
281,總,D
281,不能,D
281,只,Da
281,看,VC
281,著,Di
281,照後鏡,Na
281,開車,VA
281,吧,T
281,要是,Cbb
281,現在,Nd
281,開始,VL
281,直贏,VA
281,直,D
281,贏,VD
281,就,D
281,像,P
281,買進,VC
281,股票,Na
281,樣,Na
281,直,D
281,噴,VC
281,直,D
281,噴,VC
281,就,D
281,是,SHI
281,直,D
281,噴,VC
281,應該,D
281,還是,D
281,有,V_2
281,機會,Na
281,拿,VC
281,冠軍,Na
281,吧,T
281,應該,D
281,今年,Nd
281,不會,D
281,喊,VE
281,，,COMMACATEGORY
281,好,Dfa
281,想,VE
281,贏,VD
281,南韓,Nc
281,吧,T
281,嘻嘻,D
282,備註,VE
282,請,VF
282,放,VC
282,最後,Nd
282,面違,VC
282,者,Na
282,新聞,Na
282,文章,Na
282,刪除,VC
282,媒體,Na
282,來源,Na
282,中時,Nb
282,記者,Na
282,署名,VC
282,張群東,Nb
282,中時,Nb
282,鄭任南,Nb
282,完整,VH
282,新聞,Na
282,標題,Na
282,中華隊,Na
282,啦啦隊,Na
282,經典,Na
282,女孩,Na
282,全,Neqa
282,員,Nf
282,到齊,VH
282,首賽,Na
282,應援,VC
282,氣勢,Na
282,第,Neu
282,名,Nf
282,完整,VH
282,新聞,Na
282,內文,Na
282,今日,Nd
282,晚間點,Na
282,中華隊,Na
282,對上,VC
282,巴拿馬,Nc
282,，,COMMACATEGORY
282,雖然,Cbb
282,截至,P
282,目前,Nd
282,比賽,Na
282,來到,VCL
282,局,Nc
282,下,Nes
282,半,Neqa
282,，,COMMACATEGORY
282,巴拿馬,Nc
282,以,P
282,的,DE
282,比數,Na
282,領先,VJ
282,中華隊,Na
282,但,Cbb
282,場,Nc
282,邊,Ncd
282,應援團,Na
282,仍,D
282,持續,VL
282,帶來,VC
282,加油,VB
282,舞蹈,Na
282,，,COMMACATEGORY
282,帶領,VF
282,觀眾,Na
282,同,D
282,為,P
282,球員,Na
282,們,Na
282,吶喊,VA
282,，,COMMACATEGORY
282,讓,VL
282,在,P
282,場,Nc
282,上,Ncd
282,奮戰,VA
282,的,DE
282,中華隊,Na
282,球員,Na
282,們,Na
282,感受到,VK
282,不會,D
282,敗北,VH
282,的,DE
282,浩大,VH
282,聲勢,Na
282,只,Da
282,見,VE
282,比賽,Na
282,進行,VC
282,的,DE
282,過程,Na
282,中,Ng
282,，,COMMACATEGORY
282,經典,Na
282,女孩,Na
282,站,VA
282,在,P
282,顯眼,VH
282,的,DE
282,位置,Na
282,，,COMMACATEGORY
282,穿著,VC
282,經典,Na
282,的,DE
282,紅,VH
282,藍,VH
282,白,VH
282,戰袍,Na
282,，,COMMACATEGORY
282,起,VC
282,攜手,D
282,為,P
282,中華隊,Na
282,加油,VB
282,，,COMMACATEGORY
282,又,Caa
282,唱,VC
282,又,Caa
282,跳,VA
282,的,DE
282,模樣,Na
282,成為,VG
282,場,Nc
282,上,Ncd
282,的,DE
282,大,VH
282,嬌點,Na
282,，,COMMACATEGORY
282,雖然,Cbb
282,目前,Nd
282,戰況,Na
282,膠著,VH
282,，,COMMACATEGORY
282,但,Cbb
282,也,D
282,讓,VL
282,觀眾,Na
282,們,Na
282,感受到,VK
282,經典,Na
282,女孩,Na
282,們,Na
282,在,P
282,場,Nc
282,上,Ncd
282,帶來,VC
282,足以,VL
282,奪冠,VA
282,的,DE
282,吶喊聲,Na
282,，,COMMACATEGORY
282,震撼,VJ
282,整,Neqa
282,個,Nf
282,比賽,Na
282,場地,Na
282,此,Nep
282,次,Nf
282,經典賽,Na
282,中華隊,Na
282,啦啦隊,Na
282,女孩,Na
282,總共,Da
282,人,Na
282,，,COMMACATEGORY
282,分別,D
282,由,P
282,中信,Nb
282,兄弟,Na
282,成員,Na
282,短今,Nb
282,峮峮,FW
282,貴貴,Nb
282,和,Caa
282,妮可,Nb
282,樂天,VH
282,桃猿,Nb
282,樂天,VH
282,女孩,Na
282,成員,Na
282,林襄,Nb
282,籃籃,Na
282,孟潔,Nb
282,和,Caa
282,富邦,Nb
282,悍將,Na
282,成員,Na
282,丹丹,Nb
282,秀秀子,Nb
282,慈妹,Na
282,和,Caa
282,奶昔,Na
282,味全龍,Nb
282,小龍,Nb
282,女,Na
282,成員,Na
282,心璇,Nb
282,琪琪,Nb
282,小映,Nb
282,和,Caa
282,賴可,Nb
282,統獅,Nb
282,成員,Na
282,艾璐,Nb
282,瑟七,Nb
282,和,Caa
282,所,D
282,組成,VG
282,，,COMMACATEGORY
282,準備,VF
282,以,P
282,應,D
282,援聲,VA
282,帶給,VD
282,各,Nes
282,國,Nc
282,強烈,VH
282,的,DE
282,震撼,VJ
282,完整,VH
282,新聞,Na
282,連結,VC
282,或,Caa
282,短,VH
282,網址,Na
282,不可,D
282,用,VC
282,等,Cab
282,轉載,VC
282,媒體,Na
282,/////,FW
282,備註,VE
283,剛好,VH
283,想到,VE
283,昨天,Nd
283,中華隊,Na
283,輸球,VH
283,但是,Cbb
283,說,VE
283,實在,VH
283,他們,Nh
283,也,D
283,只是,D
283,因為,Cbb
283,想,VE
283,為,P
283,國家,Na
283,打球,VA
283,個,Nf
283,義務,Na
283,而已,T
283,也,D
283,沒,D
283,必要,VH
283,被,P
283,罵,VC
283,多點,Neqa
283,關心,VK
283,少點,Neqa
283,責罵,VC
283,好,VH
283,嗎,T
283,如何,D
284,坦白,VH
284,說,VE
284,中華隊,Na
284,昨天,Nd
284,這,Nep
284,種,Nf
284,表現,Na
284,不,D
284,意外,VK
284,啊,T
284,台灣,Nc
284,棒球,Na
284,早,D
284,就,D
284,不行,VH
284,了,T
284,為什麼,D
284,堆,Nf
284,人,Na
284,發文,VC
284,中華隊,Na
284,怎麼,VH
284,了,T
284,這,Nep
284,不,D
284,是,SHI
284,國際賽,Na
284,正常,VH
284,表現,VC
284,嗎,T
284,對,P
284,台灣,Nc
284,棒球,Na
284,還,D
284,有,V_2
284,期待,VK
284,的,DE
284,是,SHI
284,活,VH
284,在,P
284,卡農,Nb
284,時期,Na
284,嗎,T
285,如,P
285,題,Na
285,好奇,VH
285,找下,VC
285,原因,Na
285,中華隊,Na
285,攻下,VC
285,分,Na
285,，,COMMACATEGORY
285,是,SHI
285,因為,Cbb
285,最近,Nd
285,缺,VJ
285,蛋,Na
285,嗎,T
285,如果,Cbb
285,不,D
285,缺,VJ
285,蛋,Na
285,是,SHI
285,不,D
285,是,SHI
285,就,D
285,拿分,VH
285,了,T
285,選,VC
285,我,Nh
285,正,D
285,解,VC
285,///,FW
285,///,FW
286,過去,Nd
286,幾,Neu
286,次,Nf
286,中華隊,Na
286,能,D
286,穩穩,VH
286,打敗,VC
286,分組,VB
286,較,Dfa
286,弱,VH
286,的,DE
286,隊,Na
286,大都,D
286,是,SHI
286,因為,Cbb
286,有,V_2
286,很多,Neqa
286,旅,Na
286,外,Ncd
286,大投,VC
286,在,P
286,陣,Na
286,中,Ncd
286,穩盤,Na
286,像是,SHI
286,陳偉殷,Nb
286,王建民,Nb
286,張奕,Nb
286,這,Nep
286,次,Nf
286,我們,Nh
286,沒,VJ
286,了,Di
286,這,Nep
286,種,Nf
286,等級,Na
286,的,DE
286,先發,VA
286,投手,Na
286,加上,Cbb
286,幾,Neu
286,位,Nf
286,缺乏,VJ
286,國際,Nc
286,大,VH
286,場面,Na
286,的,DE
286,中職,Na
286,中繼,Na
286,實力,Na
286,在,P
286,哪,Ncd
286,不,D
286,說,VE
286,，,COMMACATEGORY
286,連,Cbb
286,心理,Na
286,素質,Na
286,都,D
286,不,D
286,夠,Dfa
286,成熟,VH
286,說穿,VC
286,了,Di
286,就是,Cbb
286,投手,Na
286,缺乏,VJ
286,前,Nes
286,幾,Neu
286,屆,Nf
286,那樣,VH
286,的,DE
286,宰制力,Na
286,少,VH
286,了,Di
286,股,Nf
286,穩定,VHC
286,軍心,Na
286,的,DE
286,力量,Na
286,顯露出,VJ
286,缺乏,VJ
286,大,VH
286,投手,Na
286,下,Ng
286,，,COMMACATEGORY
286,中華隊,Na
286,現出,VC
286,該,D
286,有,V_2
286,的,DE
286,原形,Na
286,而已,T
286,吧,T
287,自從,P
287,中華隊,Na
287,出現,VH
287,打,VC
287,假球,Na
287,事件,Na
287,我,Nh
287,對,P
287,台灣,Nc
287,職棒,Na
287,就,D
287,完全,D
287,沒,VJ
287,興趣,Na
287,了,T
287,台灣人,Na
287,甚麼,Nep
287,都,D
287,要,D
287,作,VC
287,假,VH
287,這樣,VH
287,的,DE
287,打球,VA
287,風氣,Na
287,訓練出來,VB
287,的,DE
287,球隊,Na
287,丟到,VC
287,國際,Nc
287,上,Ncd
287,會,D
287,被,P
287,按,VC
287,在,P
287,地,Na
287,上,Ncd
287,磨擦,VC
287,不,D
287,是,SHI
287,很,Dfa
287,合理,VH
287,嗎,T
287,為啥,D
287,大家,Nh
287,會,D
287,意外,VK
287,中華隊,Na
287,會,D
287,輸,VD
287,啊,T
288,連,Cbb
288,我,Nh
288,不,D
288,看,VC
288,棒球,Na
288,都,D
288,知道,VK
288,，,COMMACATEGORY
288,中華隊,Na
288,很,Dfa
288,爛,VH
288,了,T
288,我,Nh
288,看,VC
288,新聞,Na
288,都,D
288,在,D
288,報,VC
288,日本隊,Na
288,的,DE
288,成員,Na
288,，,COMMACATEGORY
288,報,VC
288,棒球,Na
288,只,Da
288,報,VC
288,林襄,Nb
288,跟,Caa
288,啦啦隊,Na
288,而已,T
288,賽,Na
288,前,Ng
288,，,COMMACATEGORY
288,中華隊,Na
288,爛到,VH
288,沒,VJ
288,新聞,Na
288,要,D
288,報,VC
288,了,Di
288,，,COMMACATEGORY
288,你,Nh
288,第,Neu
288,天,Nf
288,知道,VK
288,中華隊,Na
288,爛,VH
288,嗎,T
288,還好,D
288,我,Nh
288,昨天,Nd
288,把,P
288,時間,Na
288,省下來,VI
288,去,D
288,看,VC
288,其他,Neqa
288,垃圾,Na
288,影片,Na
288,，,COMMACATEGORY
288,也,D
288,不,D
288,看,VC
288,經典賽,Na
288,的,DE
288,中華隊,Na
288,好了,T
288,啦,T
288,，,COMMACATEGORY
288,看,VC
288,啦啦隊,Na
288,就,D
288,好,VH
288,了,T
288,，,COMMACATEGORY
288,林襄,Nb
288,新聞,Na
288,播,VC
288,多點,Neqa
288,就,D
288,行,VH
288,了,T
289,經典賽,Na
289,中華隊,Na
289,被,P
289,巴拿馬,Nc
289,電爆,VC
289,萬,Neu
289,人,Na
289,見證,VE
289,洲際,Nc
289,慘案,Na
289,聯合報,Nb
289,記者,Na
289,陳宛晶,Nb
289,世界,Nc
289,棒球,Na
289,經典賽,Na
289,開打,VH
289,第,Neu
289,天,Nf
289,，,COMMACATEGORY
289,中華隊,Na
289,就,D
289,經歷,VJ
289,人間,Nc
289,煉獄,Nc
289,般,Ng
289,的,DE
289,戰,Na
289,，,COMMACATEGORY
289,投手,Na
289,調度,VC
289,連環,A
289,崩盤,VH
289,，,COMMACATEGORY
289,遭,P
289,巴拿,Nb
289,馬隊,Na
289,暴打,VC
289,兩,Neu
289,個,Nf
289,分,VC
289,以上,Ng
289,的,DE
289,大局,Na
289,，,COMMACATEGORY
289,中華隊,Na
289,以,P
289,慘敗,VH
289,，,COMMACATEGORY
289,巴拿馬,Nc
289,豪氣,Na
289,拿下,VC
289,隊史,Na
289,在,P
289,經典賽,Na
289,的,DE
289,第,Neu
289,勝,VH
289,經典賽,Na
289,相,D
289,隔年,Nd
289,舉辦,VC
289,，,COMMACATEGORY
289,台灣,Nc
289,更,D
289,是,SHI
289,等,VC
289,了,Di
289,年,Na
289,再,D
289,當,VG
289,地主,Na
289,，,COMMACATEGORY
289,今天,Nd
289,中華隊,Na
289,的,DE
289,首,Nes
289,場,Nf
289,賽事,Na
289,吸引,VJ
289,滿,Neqa
289,場,Nf
289,萬,Neu
289,人,Na
289,相,D
289,挺,VH
289,，,COMMACATEGORY
289,卻,D
289,目睹,VE
289,慘劇,Na
289,上演,VAC
289,先發,VA
289,投手,Na
289,胡智爲,Nb
289,從,P
289,開始,VH
289,就,D
289,暴露,VHC
289,控球,VA
289,不,D
289,穩,VH
289,壞球,Na
289,偏,D
289,多,VH
289,，,COMMACATEGORY
289,每,Nes
289,局,Nf
289,皆,D
289,被,P
289,敲安,VC
289,，,COMMACATEGORY
289,前局,Na
289,還,D
289,能力,Na
289,保,VC
289,不失,VJ
289,，,COMMACATEGORY
289,第,Neu
289,局,Nf
289,被,P
289,敲,VC
289,二壘打,Na
289,開局,VH
289,，,COMMACATEGORY
289,再,D
289,保送,VC
289,下棒,Na
289,，,COMMACATEGORY
289,卡斯提歐,Nb
289,補上,VC
289,安打,Na
289,，,COMMACATEGORY
289,巴拿馬,Nc
289,先,D
289,馳得點,Na
289,，,COMMACATEGORY
289,也,D
289,是,SHI
289,這,Nep
289,棒,Na
289,打退,VC
289,了,Di
289,胡智爲,Nb
289,陳冠偉,Nb
289,接手,VC
289,仍,D
289,被,P
289,連續,D
289,敲安,VC
289,，,COMMACATEGORY
289,無法,D
289,凍結,VC
289,壘,Na
289,上,Ncd
289,跑者,Na
289,，,COMMACATEGORY
289,最終,D
289,還,D
289,是,SHI
289,李振昌,Nb
289,出馬,VA
289,飆出,VC
289,關鍵,Na
289,三振,VC
289,止血,VH
289,，,COMMACATEGORY
289,巴拿馬,Nc
289,單局,Na
289,已,D
289,打輪,VA
289,敲出,VC
289,安打,Na
289,，,COMMACATEGORY
289,灌回,VC
289,分,VC
289,大局,Na
289,更,Dfa
289,慘烈,VH
289,的,DE
289,劇本,Na
289,接續,VJ
289,上演,VAC
289,，,COMMACATEGORY
289,中華隊,Na
289,第,Neu
289,局,Nf
289,才,Da
289,剛,D
289,靠,P
289,張育成,Nb
289,的,DE
289,適時,D
289,安打,Na
289,追,VC
289,回分,Na
289,，,COMMACATEGORY
289,鄧愷威,Nb
289,第,Neu
289,局,Nf
289,登板,VA
289,，,COMMACATEGORY
289,上來,VA
289,就,D
289,是,SHI
289,連,Cbb
289,顆,Nf
289,壞球,Na
289,，,COMMACATEGORY
289,第,Neu
289,球,Na
289,終於,D
289,是,SHI
289,好球,Na
289,，,COMMACATEGORY
289,但,Cbb
289,面對,VC
289,短打,VA
289,卻,D
289,發生,VJ
289,失誤,Na
289,，,COMMACATEGORY
289,連,Cbb
289,傳壘,Na
289,都,D
289,是,SHI
289,壞球,Na
289,中華隊,Na
289,共用,VC
289,任,VL
289,投手,Na
289,人,Na
289,失分,VH
289,，,COMMACATEGORY
289,胡智爲,Nb
289,先發局,Nc
289,失分,VH
289,，,COMMACATEGORY
289,鄧愷威,Nb
289,曾峻岳,Nb
289,更,Dfa
289,是,SHI
289,未,D
289,解決,VC
289,任何,Neqa
289,打者,Na
289,，,COMMACATEGORY
289,留下,VC
289,局,Nc
289,出賽,VA
289,紀錄,Na
289,中華隊,Na
289,在,P
289,第,Neu
289,局,Nf
289,張育成,Nb
289,第,Neu
289,局,Nf
289,鄭宗哲,Nb
289,都,D
289,在,P
289,得,VJ
289,點圈,Na
289,打擊,Na
289,敲出,VC
289,安打,Na
289,，,COMMACATEGORY
289,各,Nes
289,斬獲分,Na
289,打點,Na
289,，局,Nc
289,瀕臨,VJ
289,遭,P
289,提前,VB
289,結束,VHC
289,之,DE
289,際,Nd
289,，,COMMACATEGORY
289,吳念庭,Nb
289,掃出,VC
289,兩,Neu
289,分,Nf
289,砲,Na
289,，,COMMACATEGORY
289,讓,VL
289,中華隊,Na
289,得以,D
289,延長,VC
289,戰線,Na
289,，局,Nc
289,則,D
289,在,P
289,鄭宗哲,Nb
289,的,DE
289,三壘,Na
289,打開,VC
289,路,Na
289,下,Ncd
289,再,D
289,添,VC
289,分數,Na
289,中華隊,Na
289,敲出,VC
289,支,Nf
289,安打,Na
289,其實,D
289,火力,Na
289,不,D
289,俗,VH
289,，,COMMACATEGORY
289,吳念庭,Nb
289,鄭宗哲,Nb
289,都,D
289,有,V_2
289,安打,Na
289,最,Dfa
289,亮眼,VH
289,，,COMMACATEGORY
289,林立,VH
289,張育成,Nb
289,江,Nb
289,坤宇,Nb
289,也,D
289,有,V_2
289,雙安,Nb
289,巴拿馬,Nc
289,過去,Nd
289,兩,Neu
289,度,Nf
289,參與,VC
289,經典賽,Na
289,，,COMMACATEGORY
289,累積,VC
289,勝,VH
289,敗,VH
289,，,COMMACATEGORY
289,場,Nc
289,比賽,Na
289,總得失,Na
289,分比,Na
289,為比,VH
289,，,COMMACATEGORY
289,戰績,Na
289,相當,Dfa
289,慘烈,VH
289,，,COMMACATEGORY
289,今,Nd
289,天,Nc
289,從,P
289,中華隊,Na
289,手,Na
289,中,Ncd
289,拿到,VC
289,史,Na
289,上,Ng
289,在,P
289,經典賽,Na
289,的,DE
289,第,Neu
289,勝,VH
289,，,COMMACATEGORY
289,單,A
289,場,Nf
289,攻下,VC
289,分,VC
289,，,COMMACATEGORY
289,超越,VC
289,過去,Nd
289,隊史,Na
289,累積,VC
289,總和,Na
289,//////,FW
289,驚,VK
289,不,D
289,驚,VK
289,喜意,Na
289,不,D
289,意外,VK
290,昨天,Nd
290,中華隊,Na
290,輸,VD
290,的,DE
290,很,Dfa
290,慘,VH
290,，,COMMACATEGORY
290,真的,D
290,傷心,VH
290,但,Cbb
290,堆酸民,Na
290,們,Na
290,，,COMMACATEGORY
290,就,D
290,當成,VG
290,鍵盤,Na
290,算命師,Na
290,鍵盤,Na
290,教練,Na
290,說,VE
290,應該,D
290,要,D
290,怎麼樣,VH
290,，,COMMACATEGORY
290,才,Da
290,會,D
290,怎麼樣,VH
290,都,D
290,讓,VL
290,你們,Nh
290,講,VE
290,就,D
290,好,VH
290,了,T
290,實際,VH
290,日常,A
290,生活,Na
290,工作,Na
290,中,Ng
290,，,COMMACATEGORY
290,你們,Nh
290,是,SHI
290,不,D
290,是,SHI
290,常,D
290,遇到,VC
290,這,Nep
290,種,Nf
290,人,Na
290,講,VE
290,都,D
290,很,Dfa
290,厲害,VH
290,，,COMMACATEGORY
290,實際,VH
290,叫,VF
290,他,Nh
290,做,VC
290,都,D
290,塌糊塗,VH
290,最後,Nd
290,我,Nh
290,想說,VE
290,中華隊,Na
290,加油,VB
290,，,COMMACATEGORY
290,我們,Nh
290,會,D
290,努力,VH
290,吶喊,VA
290,為,P
290,你們,Nh
290,打氣,VB
290,是否,D
290,有,V_2
290,專板,Na
290,本板,Na
290,並非,D
290,萬能,VH
290,問板,VA
290,三,Neu
290,則,Nf
290,本,Nes
290,看板,Na
290,嚴格,VH
290,禁止,VE
290,政治,Na
290,問卦,Na
290,未滿,VJ
290,繁體,Na
290,中文字,Na
290,水桶,Na
290,個,DE
290,月,Na
290,未滿,VJ
290,繁體,Na
290,中文字,Na
290,水桶,Na
290,個,DE
290,月,Na
290,未滿,VJ
290,繁體,Na
290,中文字,Na
290,水桶,Na
290,個,Nf
290,月,Na
290,，,COMMACATEGORY
290,嚴重,VH
290,者,Na
290,以,P
290,鬧板論,Na
291,安安如題,VH
291,我國,Nc
291,棒球,Na
291,世界,Nc
291,第二,Neu
291,僅,Da
291,輸,VD
291,日本,Nc
291,畢竟,D
291,日本,Nc
291,有,V_2
291,茂野吾郎,Nb
291,等,Cab
291,堆,Nf
291,高手,Na
291,有,V_2
291,打,VC
291,過,Di
291,遊戲,Na
291,或者,Caa
291,比賽,Na
291,就,D
291,知道,VK
291,有時候,D
291,太,Dfa
291,強,VH
291,對手,Na
291,就,D
291,不,D
291,想,VE
291,玩,VC
291,了,Di
291,直接,VH
291,放推,VC
291,太,Dfa
291,強,VH
291,反而,Cbb
291,是,SHI
291,種,Nf
291,困擾,Na
291,避免,VE
291,太,Dfa
291,強,VH
291,有時候,D
291,適度,A
291,藏點,VC
291,讓,VL
291,對手,Na
291,覺得,VK
291,能,D
291,打,VC
291,反而,Cbb
291,比較,Dfa
291,好,VH
291,而且,Cbb
291,只,Da
291,是,SHI
291,小組賽,Na
291,第,Neu
291,場,Nf
291,而已,T
291,後面,Ncd
291,就,D
291,全,Neqa
291,勝,VH
291,了,Di
291,藏下,VC
291,而已,T
291,在,P
291,那,Nep
291,叫,VG
291,什麼,Nep
291,有,V_2
291,卦,Na
291,嗎,T
292,最近,Nd
292,棒球,Na
292,經典賽,Na
292,儼然,D
292,成為,VG
292,熱門,VH
292,話題,Na
292,，,COMMACATEGORY
292,大街小巷,Nc
292,無不,D
292,熱烈,VH
292,討論,VE
292,，,COMMACATEGORY
292,公司,Nc
292,不外乎,VK
292,也,D
292,是,SHI
292,如此,VH
292,稍早,Nd
292,女,Na
292,同事,Na
292,打卡完,VC
292,到,P
292,自己,Nh
292,座位,Na
292,後,Ng
292,，,COMMACATEGORY
292,憤怒,VH
292,的,DE
292,情緒,Na
292,洩洪,VJ
292,般,Ng
292,的,DE
292,隨即,D
292,用力,VH
292,拍打,VC
292,桌子,Na
292,並,Cbb
292,怒斥,VC
292,中華隊,Na
292,就,D
292,是,SHI
292,爛,VH
292,，,COMMACATEGORY
292,還,D
292,要,VE
292,老娘,Nh
292,浪費,VC
292,錢,Na
292,補助,VD
292,中華隊,Na
292,這,Nep
292,種,Nf
292,爛,VH
292,隊,Na
292,，,COMMACATEGORY
292,小弟,Na
292,被,P
292,女,Na
292,同事,Na
292,的,DE
292,舉措,Na
292,震攝住,VC
292,了,Di
292,，,COMMACATEGORY
292,不,D
292,敢,VL
292,輕舉妄動,VA
292,，,COMMACATEGORY
292,請問,VE
292,女,Na
292,同事,Na
292,說,VE
292,的,DE
292,是,SHI
292,真,VH
292,的,T
292,嗎,T
292,中華隊,Na
292,真的,D
292,有,V_2
292,那麼,D
292,差,VH
292,嗎,T
293,昨天,Nd
293,局,Nc
293,被,P
293,血,Na
293,洗,VC
293,分,VC
293,王建民,Nb
293,如果,Cbb
293,還,D
293,現役,A
293,投滿局,Nc
293,血洗,VC
293,巴拿馬,Nc
293,讓,VL
293,他們,Nh
293,掛,VC
293,蛋,Na
293,中華隊,Na
293,是,SHI
293,不,D
293,是,SHI
293,就,D
293,贏,VD
293,了,Di
294,看得出來,VK
294,小智,Nb
294,當初,Nd
294,親自,D
294,監工,VA
294,的,DE
294,用心良苦,VH
294,如果,Cbb
294,昨天,Nd
294,是,SHI
294,在,P
294,沒,D
294,被,P
294,發現,VE
294,的,DE
294,新竹,Nc
294,棒球場,Nc
294,打,VC
294,照,P
294,巴拿馬,Nc
294,那,Nep
294,種,Nf
294,打法,Na
294,今天,Nd
294,應該,D
294,湊,VC
294,不,D
294,滿,Neqa
294,隊,Na
294,上場,VA
294,了,Di
294,真是,D
294,可惜,VH
295,我,Nh
295,先,D
295,承認,VE
295,這,Nep
295,是,SHI
295,篇,Nf
295,回,VCL
295,廢文,Na
295,的,DE
295,廢文,Na
295,但是,Cbb
295,實際,VH
295,情況,Na
295,剛好,Da
295,是,SHI
295,跟,P
295,你,Nh
295,說,VE
295,的,DE
295,相反,VH
295,十幾二十,Neu
295,年,Nf
295,前,Ng
295,開始,VL
295,再,D
295,往,P
295,前,Ncd
295,就,D
295,不,D
295,知道,VK
295,了,Di
295,還,D
295,沒,D
295,開始,VL
295,看,VC
295,球,Na
295,我們,Nh
295,棒球,Na
295,還,D
295,在,P
295,那邊,Ncd
295,跟,P
295,美國,Nc
295,古巴,Nc
295,日本,Nc
295,比,VC
295,的,DE
295,時代,Na
295,無論,Cbb
295,是,SHI
295,媒體,Na
295,還是,Caa
295,球迷,Na
295,都,D
295,稱,VG
295,我們,Nh
295,自家,Nc
295,的,DE
295,球隊,Na
295,中華隊,Na
295,那,Nep
295,時候,Na
295,都,D
295,是,SHI
295,中美,Nc
295,大戰,Na
295,中,Nc
295,日,Nc
295,大戰,Na
295,的,DE
295,標題,Na
295,後來,Nd
295,韓國,Nc
295,崛起,VH
295,了,Di
295,還,D
295,有,V_2
295,中,Nc
295,韓,Nc
295,大戰,Na
295,接著,D
295,從,P
295,什麼,Nep
295,時候,Na
295,開始,VL
295,老實說,Dk
295,沒,VJ
295,印象,Na
295,了,T
295,說,VE
295,中華隊,Na
295,就,D
295,變成,VG
295,指,VG
295,中華,Nc
295,台北隊,Na
295,贏,VD
295,球,Na
295,台灣隊,Na
295,輸球,VH
295,中華隊,Na
295,比賽,Na
295,也,D
295,從,P
295,中,Nc
295,日,Nc
295,大戰,Na
295,變,VG
295,台,Nc
295,日,Nc
295,大戰,Na
295,現在,Nd
295,已經,D
295,是,SHI
295,連,Cbb
295,叫,VG
295,台巴,Nc
295,大戰,Na
295,都,D
295,是,SHI
295,硬,D
295,湊,VC
295,了,Di
295,輸成,VG
295,這樣,VH
295,哪,Nep
295,好意思,VH
295,叫,VL
295,大戰,Na
295,要,D
295,講,VE
295,人,Na
295,真的,D
295,當然,D
295,能,D
295,分析,VC
295,堆,VC
295,棒球,Na
295,變爛,VH
295,的,DE
295,理由,Na
295,啦,T
295,不過,Cbb
295,純粹,A
295,嘴砲,Na
295,的,DE
295,話,Na
295,以前,Nd
295,叫,VF
295,中華隊,Na
295,的,DE
295,時候,Na
295,還是,D
295,美國,Nc
295,古巴,Nc
295,爭第,Nc
295,中華,Nc
295,日本,Nc
295,爭,VC
295,第三,Neu
295,的,DE
295,場面,Na
295,現在,Nd
295,叫,VG
295,台灣隊,Na
295,的,DE
295,時代,Na
295,是,SHI
295,連,Cbb
295,鍋貼,Na
295,都,D
295,不,D
295,下鍋,VB
295,了,Di
295,怎麼,D
295,叫,VE
295,比較,Dfa
295,強,VH
295,比,P
295,下,Ng
295,就,D
295,知道,VK
296,國際賽,Na
296,中華隊,Na
296,總教練,Na
296,是,SHI
296,不,D
296,是,SHI
296,最,Dfa
296,恐怖,VH
296,的,DE
296,位置,Na
296,要,D
296,承載,VC
296,百萬,Neu
296,以上,Ng
296,球迷,Na
296,的,DE
296,希望,Na
296,贏,VD
296,了,Di
296,應該,D
296,輸,VD
296,了,Di
296,你,Nh
296,悲哀,VH
296,這,Nep
296,個,Nf
296,位置,Na
296,到底,D
296,有,V_2
296,多,Dfa
296,恐怖,VH
296,有,V_2
296,比,P
296,開司,Na
296,走,VA
296,鋼索,Na
296,恐怖,VH
296,嗎,T
296,嘻嘻,D
297,是,SHI
297,這樣,VH
297,啦,T
297,對岸,Nc
297,的,DE
297,國足,Na
297,拿,VC
297,了,Di
297,大量,Neqa
297,資源,Na
297,承受,VC
297,對岸,Nc
297,國民,Na
297,的,DE
297,期待,VK
297,結果,Dk
297,比,P
297,國際賽,Na
297,都,D
297,是,SHI
297,贏,VD
297,少,Neqa
297,輸,VD
297,多,VH
297,台灣,Nc
297,的,DE
297,中華隊,Na
297,拿,VC
297,了,Di
297,大量,Neqa
297,資源,Na
297,球星,Na
297,也,D
297,是,SHI
297,時,Na
297,之,DE
297,選,VC
297,結果,Dk
297,打完,VC
297,差點,D
297,被,P
297,屠殺,VC
297,熱身賽,Na
297,超強,VH
297,全,Neqa
297,勝,VH
297,正式,VH
297,比賽,Na
297,超軟,Na
297,是,SHI
297,不,D
297,是,SHI
297,我們,Nh
297,的,DE
297,中華隊,Na
297,勝,VH
297,敗,VH
297,的,DE
297,戰績,Na
297,與,P
297,對岸,Nc
297,國足,Na
297,是,SHI
297,惺惺相惜,VA
297,兩岸,Nc
297,家親,Na
297,的,DE
297,表現,Na
298,剛好,VH
298,想到,VE
298,這,Nep
298,次,Nf
298,中華隊,Na
298,調度,VC
298,經典,Na
298,短,VH
298,失敗,VH
298,經典,Na
298,然後,D
298,偷,VD
298,局數,Na
298,經典,Na
298,然後,D
298,才,Da
298,是,SHI
298,比,P
298,分輸到,VC
298,經典,Na
298,原來,D
298,這,Nep
298,才,Da
298,是,SHI
298,經典賽,Na
298,的,DE
298,意義,Na
298,吧,T
298,如何,D
299,我,Nh
299,想,VE
299,這,Nep
299,幾,Neu
299,天,Nf
299,的,DE
299,新聞,Na
299,及,Caa
299,網路,Na
299,應該,D
299,都,D
299,是,SHI
299,中華隊,Na
299,慘敗,VH
299,的,DE
299,討論,VE
299,那,Dk
299,要,D
299,感謝,VK
299,中華隊,Na
299,大力,D
299,救援,VC
299,的,DE
299,成員,Na
299,名單,Na
299,有,V_2
299,雞蛋,Na
299,國家隊,Na
299,班班,Neqa
299,吃,VC
299,魚隊,Nb
299,電量,Na
299,不足隊,Na
299,水庫,Na
299,見,VE
299,底隊,Nb
299,詐騙,VD
299,擄人隊,Na
299,愛河,Nc
299,浮屍隊,Na
299,，,COMMACATEGORY
299,還,D
299,有,V_2
299,最近,Nd
299,比較,Dfa
299,紅,VH
299,的,DE
299,春酒,Na
299,明仁隊,Nb
299,其他,Neqa
299,族,Na
299,繁,VH
299,不及,VJ
299,備載,VC
299,的,DE
299,請見,VC
299,諒,VE
299,各位,Nh
299,如,Cbb
299,有,V_2
299,要,D
299,表達,VC
299,感謝,VK
299,之,DE
299,意,Na
299,可以,D
299,留言,VA
299,，,COMMACATEGORY
299,國家,Na
299,會,D
299,感謝,VK
299,您,Nh
299,的,DE
299,付出,VC
300,我,Nh
300,是,SHI
300,覺得,VK
300,中華隊,Na
300,沒有,VJ
300,義務,Na
300,要,D
300,被,P
300,我們,Nh
300,這樣子,VH
300,嘴,Na
300,人家,Nh
300,打,VC
300,比賽,Na
300,是,SHI
300,花,VC
300,自己,Nh
300,的,DE
300,時間,Na
300,跟,Caa
300,精力,Na
300,，,COMMACATEGORY
300,甚至,D
300,還,D
300,會,D
300,影響到,VJ
300,自己,Nh
300,職業,Na
300,生涯,Na
300,的,DE
300,發展,VC
300,讓,VL
300,我們,Nh
300,用,P
300,鼓勵,VF
300,取代,VC
300,謾罵,VA
300,，,COMMACATEGORY
300,用,P
300,加油,VB
300,與,Caa
300,支持,VC
300,來,D
300,撐住,VC
300,中華隊,Na
300,好,VH
300,嗎,T
300,我們,Nh
300,這,Nep
300,群,Nf
300,熱愛,VL
300,棒球,Na
300,的,DE
300,朋友,Na
300,們,Na
300,，,COMMACATEGORY
300,都,D
300,是,SHI
300,很,Dfa
300,感謝,VK
300,中華隊,Na
300,的,DE
300,///,FW
300,///,FW
300,中華隊,Na
300,，,COMMACATEGORY
300,加油,VB
300,中華隊,Na
300,，,COMMACATEGORY
300,加油,VB
300,中華隊,Na
300,，,COMMACATEGORY
300,加油,VB
301,運動,Na
301,雲,Na
301,年,Na
301,月,Na
301,日,Na
301,中華隊,Na
301,首,Nes
301,戰,Na
301,遭,P
301,巴拿馬,Nc
301,震撼,VJ
301,教育,Na
301,張育成,Nb
301,下場,VA
301,贏回來,VC
301,實習,VA
301,記者,Na
301,馮茵,Nb
301,綜合,A
301,報導,VE
301,中華隊,Na
301,首,Nes
301,戰,Na
301,出師不利,VH
301,，,COMMACATEGORY
301,昨日,Nd
301,對上,VC
301,巴拿馬,Nc
301,以,P
301,比,P
301,吞敗,VC
301,張育成,Nb
301,此,Nep
301,役,Na
301,扛下,VC
301,第棒,DM
301,，局,Nc
301,適時,D
301,擊讓,VC
301,中華隊,Na
301,首度,D
301,得分,VH
301,，,COMMACATEGORY
301,隨後,Nd
301,吳念庭,Nb
301,也,D
301,敲安,VC
301,，,COMMACATEGORY
301,可惜,VH
301,王柏融,Nb
301,擊出,VC
301,飛球,Na
301,遭,P
301,接殺,VC
301,，,COMMACATEGORY
301,結束,VHC
301,這,Nep
301,半,Neqa
301,局,Nf
301,張育成,Nb
301,此,Nep
301,戰,Na
301,成績,Na
301,總計支,Na
301,貢獻,Na
301,打點,Na
301,打擊率,Na
301,而,Cbb
301,中華隊,Na
301,昨,Nd
301,共,Da
301,敲出,VC
301,支,Nf
301,安打,Na
301,，,COMMACATEGORY
301,無奈,Dk
301,打線,VA
301,無法,D
301,有效,VH
301,串連,VC
301,，,COMMACATEGORY
301,殘壘,Na
301,過多,VH
301,，,COMMACATEGORY
301,終場,Na
301,慘遭,P
301,巴拿馬,Nc
301,血洗,VC
301,但,Cbb
301,///,FW
302,近日,Nd
302,在,P
302,看,VC
302,新聞,Na
302,看到,VE
302,彭政閔,Nb
302,說,VE
302,經典,Na
302,由,P
302,你們,Nh
302,去,D
302,創造,VC
302,沒想到,D
302,真的,D
302,昨天,Nd
302,中華隊,Na
302,真的,D
302,創造,VC
302,經典,Na
302,惹,VC
302,讓,VL
302,對手,Na
302,得到,VJ
302,經典賽,Na
302,最,Dfa
302,高分,Na
302,分,VC
302,新,VH
302,中華隊,Na
302,是否,D
302,真的,D
302,創造,VC
302,前輩,Na
302,們,Na
302,都,D
302,創造不了,VC
302,的,DE
302,經典,Na
302,呢,T
303,昨天,Nd
303,調度,VC
303,調度,VC
303,好,VH
303,我們,Nh
303,至少,Da
303,可以,D
303,少,D
303,失分,VH
303,打擊,Na
303,沒有,VJ
303,某,Nes
303,幾,Neu
303,個,Nf
303,斷棒,Na
303,投手,Na
303,扣掉,VC
303,幾,Neu
303,個,Nf
303,調度,VC
303,問題,Na
303,幾乎,Da
303,可以,D
303,說,VE
303,是,SHI
303,贏,VD
303,了,Di
303,巴拿馬,Nc
303,中華隊,Na
303,還可以,D
303,贏,VD
303,中華隊,Na
303,還,D
303,沒有,D
303,輸,VD
303,吧,T
303,中華隊,Na
303,還,D
303,有,V_2
303,機會,Na
303,對,VH
303,吧,T
303,對,VH
303,吧,T
303,對,VH
303,吧,T
304,昨天,Nd
304,看到,VE
304,愛爾達,Nb
304,電視台,Nc
304,轉播,VC
304,時,Ng
304,比賽,Na
304,中,Ng
304,的,DE
304,比,P
304,分隊,Na
304,名寫,VC
304,標題,Na
304,寫,VC
304,中華,Nc
304,圖卡,Na
304,卻,D
304,是,SHI
304,台灣,Nc
304,其實,D
304,愛爾達,Nb
304,因為,Cbb
304,拿到,VC
304,授權,VE
304,必須,D
304,遵循,VJ
304,奧會,Nc
304,模式,Na
304,所以,Cbb
304,放,VC
304,才,Da
304,是,SHI
304,正式,VH
304,名稱,Na
304,然後,D
304,看到,VE
304,各,Nes
304,家,Nf
304,媒體,Na
304,像是,SHI
304,三立,Nb
304,民視,Nc
304,寫,VC
304,台灣隊,Na
304,張立群,Nb
304,主播,Na
304,寫,VC
304,台灣隊,Na
304,中天,Nb
304,寫,VC
304,中華隊,Na
304,東森,Nc
304,寫,VC
304,中華,Nc
304,台北,Nc
304,寫,VC
304,國家,Na
304,同意,VK
304,用,P
304,什麼,Nep
304,名稱,Na
304,出賽,VA
304,比賽,VA
304,媒體,Na
304,隊名,Na
304,就,D
304,用,P
304,什麼,Nep
304,表示,VE
304,國名,Na
304,民進黨,Nb
304,都,D
304,沒,D
304,膽改,VC
304,把,P
304,國家,Na
304,成功,VH
304,分裂成,VG
304,兩,Neu
304,個,Nf
304,名稱,Na
304,綠媒,Na
304,真的,D
304,可憐,VHC
304,只有,Cbb
304,你們,Nh
304,不樣,VH
304,難道,D
304,網路,Na
304,後面,Ncd
304,寫,VC
304,就,D
304,是,SHI
304,代表,VC
304,國家,Na
304,嗎,T
304,香港,Nc
304,是,SHI
304,國家,Na
304,別,D
304,透露,VE
304,你,Nh
304,的,DE
304,智慧,Na
304,了,T
305,媒體,Na
305,來源,Na
305,聯合報,Nb
305,記者,Na
305,署名,VC
305,蘇志畬,Nb
305,完整,VH
305,新聞,Na
305,標題,Na
305,對抗,VC
305,台式,A
305,應援,VC
305,巴拿馬,Nc
305,教頭,Na
305,得分,Na
305,就,D
305,會,D
305,安靜,VH
305,完整,VH
305,新聞,Na
305,內文,Na
305,中華隊,Na
305,今晚,Nd
305,在,P
305,台中,Nc
305,洲際,Nc
305,棒球場,Nc
305,慘敗,VH
305,，,COMMACATEGORY
305,讓,VL
305,巴拿馬隊,Nb
305,以,P
305,帶走,VC
305,隊史,Na
305,在,P
305,世界,Nc
305,棒球,Na
305,經典賽,Na
305,首,Nes
305,勝,VH
305,，,COMMACATEGORY
305,如何,D
305,對抗,VC
305,萬,Neu
305,名,Nf
305,台灣,Nc
305,球迷,Na
305,的,DE
305,熱情,Na
305,應援,VC
305,巴拿馬,Nc
305,總教練,Na
305,歐提茲,Nb
305,給出,VC
305,解答,Na
305,努力,VH
305,得分,VH
305,這,Nep
305,是,SHI
305,場,Nf
305,很,Dfa
305,棒,VH
305,的,DE
305,比賽,Na
305,歐提茲,Nb
305,賽,Na
305,後,Ng
305,表示,VE
305,，,COMMACATEGORY
305,面對,VC
305,中華隊,Na
305,前,Nes
305,段,Nf
305,沒有,VJ
305,太多,Neqa
305,機會,Na
305,，,COMMACATEGORY
305,直到,P
305,第,Neu
305,局,Nf
305,把握,VC
305,契機,Na
305,才,Da
305,開啟,VC
305,得分,VH
305,攻勢,Na
305,，,COMMACATEGORY
305,球隊,Na
305,有,V_2
305,很,Dfa
305,好,VH
305,的,DE
305,打者,Na
305,，,COMMACATEGORY
305,只,Da
305,需要,VK
305,點,Nf
305,運氣,Na
305,，,COMMACATEGORY
305,我們,Nh
305,本來,D
305,打擊,Na
305,陣容,Na
305,就,D
305,很,Dfa
305,堅強,VH
305,在,P
305,洲際,Nc
305,球場,Nc
305,萬,Neu
305,名,Nf
305,台灣,Nc
305,球迷,Na
305,大聲,VH
305,應援,VC
305,下,Ng
305,，,COMMACATEGORY
305,巴拿馬,Nc
305,扛住,VC
305,客場,Na
305,氣氛,Na
305,奪勝,VH
305,，,COMMACATEGORY
305,外國,Nc
305,媒體,Na
305,好奇,VH
305,如何,D
305,能夠,D
305,不,D
305,受,P
305,影響,VC
305,歐提茲,Nb
305,解答,VC
305,得分,VH
305,之後,Ng
305,，,COMMACATEGORY
305,觀眾,Na
305,就,D
305,會,D
305,安靜下來,VH
305,，,COMMACATEGORY
305,必須,D
305,努力,VH
305,搶,VD
305,分,Nf
305,，,COMMACATEGORY
305,對抗,VC
305,熱,VHC
305,情,Na
305,的,DE
305,應援,VC
305,巴拿馬,Nc
305,過去,Nd
305,兩,Neu
305,度,Nf
305,參賽,VA
305,累積,VC
305,勝,VH
305,敗,VH
305,，,COMMACATEGORY
305,合計,VG
305,拿下,VC
305,分,Nf
305,，,COMMACATEGORY
305,這,Nep
305,屆,Nf
305,首,Nes
305,戰,Na
305,就,D
305,攻下,VC
305,分,VC
305,，,COMMACATEGORY
305,還,D
305,拿下,VC
305,隊史,Na
305,首,D
305,勝,VH
305,，,COMMACATEGORY
305,但,Cbb
305,歐提茲,Nb
305,賽,Na
305,後,Ng
305,表情,Na
305,還是,D
305,很,Dfa
305,嚴肅,VH
305,，,COMMACATEGORY
305,他,Nh
305,表示,VE
305,對,P
305,這,Nep
305,場,Nf
305,勝利,Nv
305,當然,D
305,很,Dfa
305,高興,VK
305,，,COMMACATEGORY
305,但,Cbb
305,我們,Nh
305,還,D
305,沒有,VJ
305,成就,Na
305,什麼,Nep
305,，,COMMACATEGORY
305,如果,Cbb
305,晉級,VJ
305,第二,Neu
305,輪,Nf
305,，,COMMACATEGORY
305,我,Nh
305,會,D
305,露出,VC
305,些,Nf
305,笑容,Na
305,這,Nep
305,場,Nf
305,比賽,Na
305,打到,VC
305,點,Nf
305,多,VH
305,才,Da
305,結束,VHC
305,，,COMMACATEGORY
305,巴拿馬隊,Nb
305,明天,Nd
305,中午,Nd
305,又,D
305,要,D
305,對上,VC
305,今天,Nd
305,才,Da
305,擊敗,VC
305,古巴,Nc
305,的,DE
305,荷蘭隊,Na
305,，,COMMACATEGORY
305,歐提,Nb
305,茲,Nd
305,表示,VE
305,確實,D
305,是,SHI
305,比較,Dfa
305,艱難,VH
305,，,COMMACATEGORY
305,今天,Nd
305,打到,VC
305,午夜,Nd
305,才,Da
305,能,D
305,離開,VC
305,，,COMMACATEGORY
305,又,D
305,要,D
305,面對,VC
305,中午,Nd
305,賽事,Na
305,，,COMMACATEGORY
305,我們,Nh
305,會,D
305,竭盡所,VA
305,能,D
305,完整,VH
305,新聞,Na
305,連結,VC
305,或,Caa
305,短,VH
305,網址,Na
305,不可,D
305,用,VC
305,等,Cab
305,轉載,VC
305,媒體,Na
305,//////,FW
305,備註,VE
305,洲際,Nc
305,~,FW
305,原來,D
305,我們,Nh
305,送給,VD
305,了,Di
305,巴拿馬隊史,Na
305,首,D
305,勝,VH
305,中華隊,Na
305,真是,D
305,暖心,Na
305,送,VD
305,幸福,VH
306,小弟日,Nd
306,球迷,Na
306,啦,T
306,最近,Nd
306,歹丸,Na
306,最,Dfa
306,熱門,VH
306,的,DE
306,話題,Na
306,不外乎,VK
306,就,D
306,是,SHI
306,缺,VJ
306,蛋,Na
306,跟,Caa
306,中華隊,Na
306,啦,T
306,小弟,Na
306,不禁,VL
306,思考,VE
306,兩,Neu
306,者,Na
306,是,SHI
306,不,D
306,是,SHI
306,有,V_2
306,什麼,Nep
306,量子,Na
306,糾纏,VC
306,之類,Cab
306,的,DE
306,會不會,D
306,是,SHI
306,因為,Cbb
306,咱們,Nh
306,的,DE
306,中華隊,Na
306,沒辦法,VI
306,簡單,VH
306,攝取到,VC
306,蛋白質,Na
306,才,Da
306,導致,VL
306,輸球,VH
306,的,DE
306,乾五八卦,Na
307,新聞雲,Na
307,運動,Na
307,雲,Na
307,年,Na
307,月,Na
307,日,Na
307,好,Dfa
307,香,VH
307,中華隊,Na
307,啦啦隊,Na
307,女孩,Na
307,全,Neqa
307,員,Nf
307,到齊,VH
307,滿,Neqa
307,場,Nf
307,萬,Neu
307,球迷,Na
307,應援,VC
307,嗨,I
307,翻,VC
307,////,FW
307,記者,Na
307,賴冠文,Nb
307,台中,Nc
307,報導,VE
307,中華隊,Na
307,今日,Nd
307,經典賽,Na
307,首,Nes
307,戰,Na
307,打,VC
307,巴拿馬,Nc
307,，,COMMACATEGORY
307,現場,Nc
307,萬,Neu
307,名,Nf
307,球迷,Na
307,滿,Neqa
307,場,Nf
307,，,COMMACATEGORY
307,展現,VC
307,滿滿,VH
307,台灣,Nc
307,主場,Na
307,氣勢,Na
307,，,COMMACATEGORY
307,中華隊,Na
307,夢幻,Na
307,啦啦隊,Na
307,女孩,Na
307,登場,VA
307,，,COMMACATEGORY
307,帶領,VF
307,球迷,Na
307,替,P
307,中華隊,Na
307,加油,VB
307,經典賽,Na
307,中華隊,Na
307,啦啦隊,Na
307,女孩,Na
307,總共,Da
307,人,Na
307,，,COMMACATEGORY
307,找來,VC
307,中職,Na
307,球團,Na
307,人氣,Na
307,女孩,Na
307,包括,VK
307,中信,Nb
307,兄弟,Na
307,峮峮,FW
307,貴貴,Na
307,短今,Nd
307,妮可,Nb
307,，,COMMACATEGORY
307,樂天桃猿,Na
307,林襄,Nb
307,孟潔,Nb
307,籃籃,Na
307,味全龍,Nb
307,小龍,Nb
307,女,Na
307,心璇,Nb
307,小映,VC
307,賴可,Nb
307,琪琪,Nb
307,，,COMMACATEGORY
307,統獅,Nb
307,艾璐,Nb
307,瑟七,Nb
307,，,COMMACATEGORY
307,富邦,Nb
307,悍將,Na
307,丹丹,Nb
307,秀秀子,Nb
307,奶昔,Na
307,慈妹,Na
307,中華隊,Na
307,啦啦隊,Na
307,女孩,Na
307,帶動,VC
307,球迷,Na
307,應援,VC
307,，,COMMACATEGORY
307,首,Nes
307,局,Nf
307,中華隊,Na
307,有,V_2
307,滿壘,VH
307,機會,Na
307,，,COMMACATEGORY
307,林立,VH
307,敲安,VC
307,上壘,VA
307,，,COMMACATEGORY
307,林子偉,Nb
307,保送,VC
307,吳念庭,Nb
307,保送,VC
307,形成,VG
307,滿壘,VH
307,，,COMMACATEGORY
307,現場,Nc
307,球迷,Na
307,應援,VC
307,聲勢,Na
307,浩大,VH
307,，,COMMACATEGORY
307,可惜,VH
307,最後,Nd
307,無功而返,VA
307,/////,FW
307,/////,FW
307,/////,FW
307,/////,FW
307,/////,FW
307,/////,FW
308,昨天,Nd
308,很,Dfa
308,期待,VK
308,的,DE
308,要,D
308,幫,P
308,中華隊,Na
308,加油,VB
308,看到,VE
308,半直,Nd
308,在,P
308,失分,Na
308,似乎,D
308,又,D
308,回到,VCL
308,以前,Nd
308,那,Nep
308,種,Nf
308,失落,VH
308,的,DE
308,感覺,Na
308,志在,VF
308,參加,VC
308,我們,Nh
308,好,Dfa
308,想,VE
308,贏,VD
308,輸球,VH
308,比,P
308,輸,VD
308,錢,Na
308,還,Dfa
308,難過,VK
308,難道,D
308,只,Da
308,能,D
308,含淚,VH
308,的,DE
308,喊,VE
308,中華隊,Na
308,加油,VB
309,如果,Cbb
309,咱們,Nh
309,新竹,Nc
309,大,VH
309,棒球場,Nc
309,沒,D
309,被,P
309,停用,VH
309,昨天,Nd
309,巴拿馬,Nc
309,的,DE
309,守備,VA
309,應該,D
309,很,Dfa
309,難,VH
309,美技,Na
309,連,D
309,發,VC
309,巴拿馬,Nc
309,早,D
309,就,D
309,為,P
309,了,Di
309,接,VC
309,球,Na
309,傷,VHC
309,了,Di
309,票,Na
309,球員,Na
309,了,T
309,吧,T
309,中華隊,Na
309,怎麼,D
309,可能,D
309,還,D
309,輸,VD
309,呢,T
309,現在,Nd
309,造成,VK
309,不得不,D
309,在,P
309,台中,Nc
309,比賽,VA
309,輸球,VH
309,好像,D
309,也,D
309,是,SHI
309,註定,VK
309,的,DE
309,不,D
309,是,SHI
309,嗎,T
310,雖然,Cbb
310,很,Dfa
310,無情,VH
310,不過,Cbb
310,台灣,Nc
310,的,DE
310,棒球,Na
310,最,Dfa
310,大,VH
310,賣點,Na
310,就,D
310,是,SHI
310,啦啦隊,Na
310,昨天,Nd
310,經典賽,Na
310,被,P
310,血洗,VC
310,，,COMMACATEGORY
310,感覺,Na
310,也,D
310,比較,Dfa
310,沒,D
310,那麼,D
310,痛,VH
310,反正,D
310,棒球,Na
310,實力,Na
310,不如,VJ
310,人,Na
310,，,COMMACATEGORY
310,也,D
310,沒,VJ
310,什麼,Nep
310,好說,VH
310,的,DE
310,不如,Cbb
310,看看,VC
310,啦啦隊,Na
310,還,D
310,比較,Dfa
310,爽,VH
310,這,Nep
310,次,Nf
310,的,DE
310,陣容,Na
310,可以,D
310,說,VE
310,是,SHI
310,各,Nes
310,隊,Nf
310,明星級,Na
310,啦啦隊,Na
310,大集合,VAC
310,重點,Na
310,放,VC
310,在,P
310,啦啦隊,Na
310,絲襪,Na
310,美,VH
310,腿,Na
310,跳舞,VA
310,就,D
310,好,VH
310,就算,Cbb
310,輸球,VH
310,，,COMMACATEGORY
310,心情,Na
310,也,D
310,不會,D
310,那麼,D
310,糟,VH
310,了,T
311,如,P
311,題,Na
311,昨天,Nd
311,中華隊,Na
311,被,P
311,巴拿馬,Nc
311,血洗,VC
311,今天,Nd
311,沒有,VJ
311,比賽,Na
311,明天,Nd
311,開始,Ng
311,要,D
311,三,Neu
311,連戰,Nb
311,那麼,Dk
311,中華隊,Na
311,今天,Nd
311,在,D
311,幹嘛,VA
311,有,V_2
311,卦,Na
311,嗎,T
312,看,VC
312,很多,Neqa
312,屎,Na
312,忠,VI
312,賽,Na
312,前,Ng
312,台灣隊,Na
312,加油,VB
312,定贏,VA
312,台灣,Nc
312,之,DE
312,光,Na
312,陣容,Na
312,堅強,VH
312,賽,VJ
312,後,Ng
312,中華隊,Na
312,就,D
312,是,SHI
312,爛,VH
312,不,D
312,意外,VK
312,這些,Neqa
312,人,Na
312,是,SHI
312,不,D
312,是,SHI
312,精神,Na
312,分裂,VHC
313,以前,Nd
313,中華隊,Na
313,捕手,Na
313,不,D
313,都,D
313,是,SHI
313,場,Nc
313,上,Ncd
313,總教練,Na
313,縱使,Cbb
313,打擊,Na
313,難以,D
313,期待,VK
313,偶爾,D
313,發揮,VJ
313,次,Nes
313,也,D
313,讓,VL
313,人,Na
313,津津樂道,VB
313,而且,Cbb
313,在,P
313,防守端,Nc
313,做,VC
313,得,DE
313,很,Dfa
313,不錯,VH
313,接,VC
313,球,Na
313,擋,VC
313,跑,VA
313,者,Na
313,衝,VA
313,本壘,Na
313,都,D
313,令,VL
313,人,Na
313,安心,VH
313,怎麼,D
313,昨天,Nd
313,捕手,Na
313,連,Cbb
313,基本功,Na
313,都,D
313,有,V_2
313,沒,D
313,有,V_2
313,八卦,Na
314,是,SHI
314,這樣,VH
314,的,T
314,啦,T
314,昨天,Nd
314,中華隊,Na
314,被,P
314,巴拿馬,Nc
314,血洗,VC
314,還,D
314,差點,D
314,被,P
314,差點,D
314,創下,VC
314,有史以來,D
314,最,Dfa
314,羞恥,VH
314,的,DE
314,開幕賽,Na
314,中華隊,Na
314,輸,VD
314,了,Di
314,但,Cbb
314,中華民國,Nc
314,不,D
314,等於,VG
314,台灣,Nc
314,所以,Cbb
314,台灣隊,Na
314,還,D
314,沒,D
314,輸對,VC
314,吧,T
314,是,SHI
314,不,D
314,是,SHI
314,下,Nes
314,次,Nf
314,應該,D
314,要,D
314,比照,P
314,瓊斯盃,Nb
314,我們,Nh
314,可以,D
314,報隊,VA
314,中華隊,Na
314,然後,D
314,再,D
314,報隊,VA
314,台灣隊,Na
314,這樣,VH
314,才,Da
314,比較,Dfa
314,合情合理,VH
314,吧,T
314,有,V_2
314,沒,D
314,有,V_2
314,經典賽,Na
314,不,D
314,比照,P
314,瓊斯盃,Nb
314,報,VC
314,兩,Neu
314,隊,Nf
314,這樣,VH
314,中華隊,Na
314,輸,VD
314,了,Di
314,還,D
314,有,V_2
314,台灣隊,Na
314,可以,D
314,期待,VK
314,這樣,VH
314,不,D
314,是,SHI
314,很,Dfa
314,好,VH
314,嗎,T
315,昨天,Nd
315,中華隊,Na
315,對上,VC
315,巴拿馬,Nc
315,原本,D
315,大家,Nh
315,跪求,VE
315,中華隊,Na
315,輕虐,VH
315,結果,Dk
315,反,D
315,被,P
315,屌虐,VC
315,後來,Nd
315,仔細,VH
315,想想,VE
315,這,Nep
315,怎麼,D
315,可能,D
315,中華隊,Na
315,好歹,D
315,也,D
315,是,SHI
315,世界,Nc
315,第二,Neu
315,而,Cbb
315,巴拿馬,Nc
315,則,D
315,是,SHI
315,倒數,VA
315,的,DE
315,兩,Neu
315,隊,Nf
315,根本,D
315,不,D
315,是,SHI
315,同,Nes
315,個,Nf
315,層級,Na
315,的,DE
315,球隊,Na
315,這,Nep
315,種,Nf
315,結果,Na
315,實在,D
315,太過,Dfa
315,離奇,VH
315,唯,Da
315,種,VC
315,可能,D
315,是,SHI
315,中華隊,Na
315,是,SHI
315,故意,VL
315,的,DE
315,輸球,VH
315,的,DE
315,林總,Nb
315,早,D
315,拿到,VC
315,劇本,Na
315,了,T
315,或是,Caa
315,有,V_2
315,高人,Na
315,在,P
315,背後,Nc
315,指點,VE
315,目的,Na
315,是,SHI
315,可能,D
315,是,SHI
315,要,D
315,測試,VC
315,某,Nes
315,種,Nf
315,實驗,Na
315,或是,Caa
315,要,D
315,向,P
315,台灣,Nc
315,甚至,D
315,全,Neqa
315,世界,Nc
315,表達,VC
315,某,Nes
315,件,Nf
315,事,Na
315,這樣,VH
315,想,VE
315,讓,VL
315,我,Nh
315,感到,VK
315,不寒而慄,VH
315,中華隊,Na
315,早已,D
315,遠遠,Dfa
315,超過,VJ
315,我們,Nh
315,的,DE
315,格局,Na
316,媒體,Na
316,來源,Na
316,今日,Nd
316,新聞,Na
316,記者,Na
316,署名,VC
316,記者,Na
316,簡名杉,Nb
316,/,FW
316,台中,Nc
316,報導,VE
316,完整,VH
316,新聞,Na
316,標題,Na
316,經典賽,Na
316,怎麼,D
316,克服,VJ
316,台灣,Nc
316,應援,VC
316,巴拿馬,Nc
316,教頭,Na
316,得分,Na
316,就,D
316,安靜,VH
316,了,T
316,完整,VH
316,新聞,Na
316,內文,Na
316,巴拿馬,Nc
316,在,P
316,本,Nes
316,屆,Nf
316,經典賽,Na
316,首,Nes
316,戰,Na
316,，,COMMACATEGORY
316,以,P
316,比,P
316,打敗,VC
316,地主,Na
316,中華隊,Na
316,，,COMMACATEGORY
316,拿下,VC
316,隊史,Na
316,經典賽,Na
316,會內賽,Na
316,首,Nes
316,勝,VH
316,，,COMMACATEGORY
316,賽後,Nd
316,巴,Nb
316,拿,VC
316,馬隊,Na
316,總教練,Na
316,被,P
316,問到,VE
316,如何,D
316,克服,VJ
316,台灣,Nc
316,特色,Na
316,的,DE
316,應援,VC
316,教練,Na
316,指出,VE
316,當,VG
316,得分,VH
316,後,Ng
316,觀眾,Na
316,就,D
316,會,D
316,比較,Dfa
316,安靜,VH
316,，,COMMACATEGORY
316,所以,Cbb
316,球隊,Na
316,要,D
316,努力,VH
316,搶,VD
316,分,Nf
316,，,COMMACATEGORY
316,才,Da
316,能,D
316,讓,VL
316,應援,VC
316,安靜下來,VH
316,教練,Na
316,談到,VE
316,該,Nes
316,場,Nf
316,比賽,Na
316,，,COMMACATEGORY
316,坦言,VE
316,這,Nep
316,是,SHI
316,很,Dfa
316,棒,VH
316,的,DE
316,球賽,Na
316,，,COMMACATEGORY
316,巴拿馬隊,Nb
316,開始,VL
316,並,D
316,沒有,VJ
316,太多,Neqa
316,機會,Na
316,，,COMMACATEGORY
316,但,Cbb
316,是,SHI
316,到,VCL
316,了,Di
316,比賽,Na
316,中段,Na
316,獲得,VJ
316,些,Nf
316,契機,Na
316,，,COMMACATEGORY
316,才,Da
316,讓,VL
316,球隊,Na
316,順利,VH
316,得,VJ
316,了,Di
316,幾,Neu
316,分,Nf
316,，,COMMACATEGORY
316,並,Cbb
316,直言,VE
316,球隊,Na
316,的,DE
316,打擊,Na
316,陣容,Na
316,本來,D
316,就,D
316,很,Dfa
316,堅,VH
316,強,VH
316,，,COMMACATEGORY
316,只是,Cbb
316,需要,VK
316,有,V_2
316,空間,Na
316,發揮,VJ
316,本,Nes
316,場,Nf
316,比賽,Na
316,奪下,VC
316,巴拿馬,Nc
316,隊史,Na
316,在,P
316,經典賽,Na
316,的,DE
316,首,Nes
316,勝,VH
316,，,COMMACATEGORY
316,教練,Na
316,臉,Na
316,上,Ng
316,卻,D
316,仍,D
316,沒,VJ
316,絲毫,Neqa
316,的,DE
316,喜悅感,Na
316,，,COMMACATEGORY
316,他,Nh
316,認為,VE
316,這,Nep
316,就,D
316,是,SHI
316,棒球,Na
316,，,COMMACATEGORY
316,雖然,Cbb
316,為,P
316,此,Nep
316,感到,VK
316,高興,VK
316,，,COMMACATEGORY
316,但,Cbb
316,目前,Nd
316,球隊,Na
316,還,D
316,沒有,D
316,成就,VC
316,任何,Neqa
316,事,Na
316,，,COMMACATEGORY
316,如果,Cbb
316,想要,VE
316,晉級,VJ
316,到,P
316,複賽,Na
316,還,D
316,需要,VK
316,努力,VH
316,，,COMMACATEGORY
316,等到,P
316,確定,VK
316,晉級,VJ
316,之後,Ng
316,，,COMMACATEGORY
316,他,Nh
316,就,D
316,會,D
316,露出,VC
316,他,Nh
316,的,DE
316,笑容,Na
316,今天,Nd
316,的,DE
316,比賽,Na
316,打到,VC
316,快,D
316,接近,VC
316,午夜點,Na
316,才,Da
316,結束,VHC
316,，,COMMACATEGORY
316,明天,Nd
316,巴拿馬,Nc
316,又,D
316,要,D
316,迎接,VC
316,午場,Na
316,的,DE
316,比賽,Na
316,，,COMMACATEGORY
316,教練,Na
316,坦言,VE
316,這,Nep
316,對,P
316,球隊,Na
316,來,D
316,說,VE
316,很,Dfa
316,艱難,VH
316,，,COMMACATEGORY
316,但,Cbb
316,球,Na
316,是,SHI
316,圓,VH
316,的,T
316,，,COMMACATEGORY
316,勝負,Na
316,還是,D
316,要,D
316,等到,P
316,打,VC
316,了,Di
316,之後,Ng
316,才,Da
316,會,D
316,知道,VK
316,完整,VH
316,新聞,Na
316,連結,VC
316,////,FW
316,備註,VE
316,該,Nes
316,派,Nf
316,字馬,Na
316,應援團,Na
316,了,T
317,我,Nh
317,成,VG
317,五,Neu
317,啦,T
317,今早,Nd
317,二確,VH
317,，,COMMACATEGORY
317,想,VE
317,說,VE
317,閒來,D
317,無,VJ
317,事,Na
317,發,VC
317,個,Nf
317,文,Na
317,昨天,Nd
317,中華隊,Na
317,以,P
317,分,VC
317,之,DE
317,差,Na
317,惜敗,VC
317,巴拿馬,Nc
317,，,COMMACATEGORY
317,真是,D
317,雖,Cbb
317,敗,VH
317,猶榮,VH
317,，,COMMACATEGORY
317,努力,VH
317,不,D
317,被,P
317,扣倒,VC
317,的,DE
317,精神,Na
317,值得,VH
317,牡蠣,Na
317,當初,Nd
317,宣傳照,Na
317,沒,D
317,放,VC
317,中華隊,Na
317,，,COMMACATEGORY
317,堆,Nf
317,人氣,Na
317,噗噗,D
317,，,COMMACATEGORY
317,底下,Ncd
317,留言,Na
317,直接,VH
317,灌爆,VC
317,那些,Neqa
317,人,Na
317,現在,Nd
317,在,P
317,想,VE
317,什麼,Nep
317,呢,T
317,有沒有,D
317,掛,VC
318,原文,Na
318,先,D
318,說,VE
318,結論,Na
318,啦啦隊,Na
318,才,Da
318,是,SHI
318,中華隊,Na
318,本體,Na
318,經典,Na
318,女孩,Na
318,///,FW
318,///,FW
318,///,FW
318,///,FW
318,///,FW
318,///_,FW
318,///,FW
318,///,FW
318,就,D
318,餓死,VHC
318,抬頭,VA
318,啊,T
318,有,V_2
318,著,Di
318,經典,Na
318,女孩,Na
318,當,VG
318,強烈,VH
318,的,DE
318,後盾,Na
318,並且,Cbb
318,還,D
318,有,V_2
318,台灣,Nc
318,球迷,Na
318,在,P
318,線上,Nc
318,跟場,Nc
318,上,Ncd
318,用,P
318,意志力,Na
318,鼓勵,VF
318,不過,Cbb
318,中華隊,Na
318,就,D
318,是,SHI
318,年,Na
318,走來,VA
318,始終如,VH
318,從來,D
318,沒有,D
318,讓,VL
318,臺灣人,Na
318,失望,VH
318,過,Di
318,慢慢,VH
318,的,DE
318,變,VH
318,的,DE
318,跟,P
318,台鐵,Nc
318,樣,Ng
318,賣,VD
318,便當,Na
318,才,Da
318,是,SHI
318,本體,Na
318,對,VH
318,吧,T
319,如,P
319,題誠心,Na
319,幹譙,VA
319,中華隊,Na
319,目前,Nd
319,也,D
319,不過,Da
319,就,D
319,輸,VD
319,了,Di
319,場,Nf
319,好像,D
319,天崩地裂,VH
319,似的,Ng
319,酸民,Na
319,大舉,D
319,湧出,VA
319,開啟,VC
319,狂酸,VH
319,模式,Na
319,台男,Na
319,真的,D
319,可笑,VH
319,不,D
319,像,VG
319,個,Di
319,男人,Na
319,是,SHI
319,男人,Na
319,就,D
319,不要,D
319,直,D
319,在,P
319,那邊,Ncd
319,哭,VA
319,而且,Cbb
319,說,VE
319,到底,VH
319,酸民,Na
319,到底,D
319,做,VC
319,了,Di
319,什麼,Nep
319,為,P
319,國家,Na
319,棒球,Na
319,做,VC
319,了,Di
319,什麼,Nep
319,我,Nh
319,告訴,VE
319,你,Nh
319,早,D
319,在,P
319,年,Na
319,爆出,VJ
319,雨刷,Na
319,事件,Na
319,的,DE
319,時候,Na
319,我,Nh
319,就,D
319,曾,D
319,苦言相勸,VE
319,板,Na
319,上,Ncd
319,酸民,Na
319,不要,D
319,把,P
319,曹錦輝,Nb
319,逼上,VF
319,絕路,Na
319,我,Nh
319,甚至,D
319,還,D
319,到,VCL
319,中華,Nc
319,職棒,Na
319,討論,VE
319,群組,Na
319,兄弟象,Nb
319,球迷,Na
319,留言板,Na
319,苦口婆心,VH
319,直,D
319,勸說,VF
319,曹錦輝,Nb
319,過去,Nd
319,對,P
319,國家,Na
319,多,D
319,有,V_2
319,貢獻,Na
319,雅典,Nc
319,奧運,Nb
319,帶,VC
319,著,Di
319,隱患,Na
319,上場,VA
319,飆球,VA
319,速,VH
319,到,VCL
319,媽,Na
319,投,VC
319,到,P
319,手,Na
319,廢掉,VC
319,關節唇,Na
319,壞掉,VH
319,影響到,VJ
319,後來,Nd
319,的,DE
319,職業,Na
319,生涯,Na
319,才,Da
319,不得不,D
319,回,VCL
319,台灣,Nc
319,混,VC
319,口,Nf
319,飯,Na
319,吃,VC
319,對,P
319,這樣,VH
319,的,DE
319,人,Na
319,這樣,VH
319,的,DE
319,情況,Na
319,不宜,VL
319,用,P
319,嚴酷,VH
319,道德,Na
319,標準,Na
319,來,D
319,審判,VC
319,他,Nh
319,而且,Cbb
319,司法,Na
319,已經,D
319,不,D
319,起訴,VC
319,處分,VC
319,了,Di
319,何苦,D
319,逼上,VF
319,絕路,Na
319,很,Dfa
319,好,VH
319,沒,VJ
319,人,Na
319,聽,VE
319,更,D
319,過分,VH
319,的,DE
319,是,SHI
319,中職,Na
319,發函,VC
319,去,VCL
319,澳洲,Nc
319,讓,VL
319,曹錦輝,Nb
319,失去,VJ
319,工作,VA
319,澳洲,Nc
319,阿德雷德,Nc
319,鯊魚隊,Nb
319,之後,Nd
319,傳出,VC
319,曹錦輝,Nb
319,東山再起,VA
319,再次,D
319,拚上,VC
319,美國,Nc
319,職棒,Na
319,大聯盟,Na
319,的,DE
319,消息,Na
319,然後,D
319,中職,Na
319,又,D
319,打算,VF
319,發函,VC
319,給,P
319,追殺,VC
319,到,P
319,死,VH
319,我,Nh
319,就,D
319,在,P
319,中職,Na
319,官網,Na
319,留言,Na
319,板幹譙別,Na
319,太,Dfa
319,過份,VH
319,了,Di
319,給,P
319,人,Na
319,留,VC
319,條,Nf
319,活路,Na
319,行,VA
319,不行,VH
319,不要,D
319,趕盡殺絕,VB
319,還好,D
319,沒有,D
319,理會,VC
319,中職,Na
319,不過,Cbb
319,這,Nep
319,件,Nf
319,事,Na
319,帶來,VC
319,的,DE
319,後續,A
319,效應,Na
319,就,D
319,是,SHI
319,像,P
319,陳偉殷,Nb
319,這樣,VH
319,的,DE
319,大,VH
319,咖,Na
319,投手,Na
319,不,D
319,願意,VK
319,回國,VA
319,效力,VB
319,了,Di
319,為什麼,D
319,人家,Nh
319,看,VC
319,的,DE
319,到,VE
319,曹錦輝,Nb
319,的,DE
319,下場,Na
319,為,P
319,國,Nc
319,拼命,VH
319,為,P
319,國,Nc
319,拚,VC
319,到手,VH
319,受傷,VH
319,為,P
319,國,Nc
319,爭取,VC
319,榮譽,Na
319,最後,Nd
319,得到,VJ
319,什麼,Nep
319,得到,VJ
319,個,Di
319,不名譽,VH
319,退伍,VH
319,而且,Cbb
319,球團,Na
319,打算,VF
319,將,P
319,此,Nep
319,不,D
319,名譽,Na
319,延伸到,VC
319,球場,Nc
319,以外,Ng
319,追殺,VC
319,終身,Na
319,台灣,Nc
319,最,Dfa
319,需要,VK
319,陳偉殷,Nb
319,的,DE
319,那,Nep
319,幾,Neu
319,年,Nf
319,他,Nh
319,都,D
319,不,D
319,願意,VK
319,接受,VC
319,徵召,VC
319,回來,VA
319,打,VC
319,經典賽,Na
319,然後,D
319,就,D
319,看到,VE
319,票酸,Na
319,民,Na
319,在,P
319,那邊,Ncd
319,酸抱,VC
319,小孩,Na
319,嬰仔,Na
319,連,Cbb
319,國家,Na
319,的,DE
319,恩情,Na
319,都,D
319,勸,VF
319,不,D
319,動,VAC
319,了,Di
319,所以,Cbb
319,我,Nh
319,說,VE
319,台灣,Nc
319,棒球,Na
319,為什麼,D
319,會,D
319,爛,VH
319,酸民,Na
319,都,D
319,貢獻,VC
319,了,Di
319,份,Nf
319,心力,Na
319,好,VH
319,了,Di
319,我,Nh
319,說完,VC
319,了,Di
319,有沒有,D
319,才,Da
319,輸場,Nc
319,就,D
319,如,P
319,喪,VJ
319,考妣,Na
319,其實,D
319,你我,Na
319,都,D
319,推,VC
319,了,Di
319,把,Nf
319,的,DE
319,八卦,Na
320,棒球,Na
320,打,VC
320,的,DE
320,這麼,Dfa
320,差,VH
320,但是,Cbb
320,體格,Na
320,看起來,D
320,還是,D
320,相當,Dfa
320,好,VH
320,還是,D
320,由,P
320,王大樹,Nb
320,帶隊,VA
320,中華隊,Na
320,選手,Na
320,全體,Na
320,改拍,VC
320,三級片,Na
320,各位,Nh
320,覺得,VK
320,如何,D
320,有,V_2
320,內幕,Na
321,經典賽,Na
321,台灣隊,Na
321,吞,VC
321,首,Nf
321,敗,VH
321,賴清德,Nb
321,引,VC
321,陳金鋒,Nb
321,名言,Na
321,喊,VE
321,有,V_2
321,信心,Na
321,，,COMMACATEGORY
321,關關,Neqa
321,難過,VK
321,關關,Neqa
321,過,VCL
321,//,FW
321,記者,Na
321,李鴻典,Nb
321,台北,Nc
321,報導,VE
321,世界,Nc
321,棒球,Na
321,經典賽,Na
321,昨晚,Nd
321,台灣,Nc
321,首,Nes
321,戰,Na
321,巴拿馬,Nc
321,，,COMMACATEGORY
321,台灣隊,Na
321,雖然,Cbb
321,路,Na
321,落,VA
321,後,Ng
321,但,Cbb
321,展現,VC
321,韌性,Na
321,，,COMMACATEGORY
321,吳念庭,Nb
321,在,P
321,局,Nc
321,下,Ncd
321,敲出,VC
321,分砲,VA
321,，,COMMACATEGORY
321,也,D
321,是,SHI
321,這,Nep
321,屆,Nf
321,經典賽,Na
321,首轟,Na
321,，,COMMACATEGORY
321,然而,Cbb
321,，,COMMACATEGORY
321,投手,Na
321,群,Na
321,失分,Na
321,過多,VH
321,，,COMMACATEGORY
321,在,P
321,追分,Nc
321,不及,VJ
321,情況,Na
321,下,Ng
321,，,COMMACATEGORY
321,最終,D
321,以,P
321,比,P
321,吞敗,VC
321,不少,Neqa
321,球迷,Na
321,大,VH
321,感,VK
321,失望,VH
321,，,COMMACATEGORY
321,長期,Na
321,支持,VC
321,台灣,Nc
321,棒球,Na
321,發展,VC
321,的,DE
321,副總統,Na
321,賴清德,Nb
321,今天,Nd
321,喊話,VA
321,，,COMMACATEGORY
321,睽違,VH
321,年,Na
321,，年,Nd
321,世界,Nc
321,棒球,Na
321,經典賽,Na
321,回到,VCL
321,台中,Nc
321,舉辦,VC
321,，,COMMACATEGORY
321,組,VC
321,預賽,Na
321,在,P
321,洲際,Nc
321,棒球場,Nc
321,開打,VH
321,，,COMMACATEGORY
321,晚場,Na
321,由,P
321,台,Nc
321,灣隊,Na
321,迎戰,VC
321,巴拿馬,Nc
321,，,COMMACATEGORY
321,萬,Neu
321,名,Nf
321,觀眾,Na
321,塞爆,VC
321,洲際,Nc
321,棒球場,Nc
321,，,COMMACATEGORY
321,賴清德,Nb
321,跟,P
321,美國,Nc
321,職棒,Na
321,大聯盟,Na
321,傳奇,VH
321,球星,Na
321,李維拉,Nb
321,擔任,VG
321,開球,Nv
321,嘉賓,Na
321,，,COMMACATEGORY
321,開完,VC
321,球,Na
321,後,Ng
321,，,COMMACATEGORY
321,熱愛,VL
321,棒球,Na
321,的,DE
321,賴清德,Nb
321,也,D
321,化身,VC
321,球迷,Na
321,，,COMMACATEGORY
321,在,P
321,觀眾席,Nc
321,上,Ncd
321,替,P
321,台灣隊,Na
321,加油,VB
321,賴清德,Nb
321,今天,Nd
321,發文,VC
321,寫道,VE
321,，,COMMACATEGORY
321,就,D
321,像,P
321,台灣,Nc
321,巨砲,Na
321,陳金鋒,Nb
321,說,VE
321,過,Di
321,再,D
321,好,VH
321,再,D
321,不,D
321,好,VH
321,，,COMMACATEGORY
321,那,Nep
321,都,D
321,已經,D
321,過去,VA
321,了,T
321,今天,Nd
321,好好,VH
321,休息天,VA
321,，,COMMACATEGORY
321,調整,VC
321,腳步,Na
321,，,COMMACATEGORY
321,未來,Nd
321,場場,Neqa
321,都,D
321,是,SHI
321,硬仗,Na
321,，,COMMACATEGORY
321,但,Cbb
321,我們,Nh
321,有,V_2
321,信心,Na
321,，,COMMACATEGORY
321,關關,Neqa
321,難過,VK
321,關關,Neqa
321,過,VCL
321,繼續,VF
321,為,P
321,球員,Na
321,們,Na
321,加油,VB
321,，,COMMACATEGORY
321,全力以赴,VH
321,，,COMMACATEGORY
321,永,D
321,不,D
321,放棄,VC
321,三立,Nb
321,///,FW
321,_,FW
322,我,Nh
322,從,P
322,巴塞隆納,Nc
322,奧運,Nb
322,開始,VL
322,看,VC
322,了,Di
322,幾,Neu
322,年,Nf
322,的,DE
322,中華隊,Na
322,發現,VE
322,中華隊,Na
322,有,V_2
322,個,Nf
322,心魔,Na
322,直,D
322,無法,D
322,克服,VJ
322,就,D
322,是,SHI
322,自信心,Na
322,不足,VH
322,重要,VH
322,比賽,Na
322,容易,VH
322,軟手,Na
322,重要,VH
322,時刻,Na
322,完全,D
322,沒有,VJ
322,氣魄,Na
322,跟,Caa
322,霸氣,Na
322,不,D
322,像,P
322,日本,Nc
322,選手,Na
322,永遠,D
322,信心,Na
322,滿滿,VH
322,氣魄,Na
322,十足,VH
322,可能,D
322,跟,P
322,台灣,Nc
322,從小,D
322,的,DE
322,威權,Na
322,教育,Na
322,跟,P
322,訓練,Na
322,有關,VJ
322,如果,Cbb
322,我,Nh
322,是,SHI
322,教練,Na
322,就,D
322,讓,VL
322,選手,Na
322,上場,VA
322,前,Ng
322,喝,VC
322,點,Nf
322,維士比,Nb
322,原住民,Na
322,選手,Na
322,就,D
322,喝,VC
322,點,Nf
322,小米酒,Na
322,壯膽,VB
322,兼,VG
322,放鬆,VHC
322,解開,VC
322,無形,VH
322,的,DE
322,枷鎖,Na
322,讓,VL
322,選手,Na
322,獲得,VJ
322,解放,VC
322,中華隊,Na
322,為什麼,D
322,不,D
322,這麼,D
322,做,VC
323,常,D
323,聽到,VE
323,台灣,Nc
323,少棒,Na
323,國際賽,Na
323,壓倒性,Na
323,的,DE
323,擊敗,VC
323,世界,Nc
323,強權,Na
323,國小,Nc
323,國中,Nc
323,讓,VL
323,世界,Nc
323,看到,VE
323,台灣,Nc
323,出國,VA
323,比賽,VA
323,合影,VA
323,民眾,Na
323,大喊,VE
323,台灣,Nc
323,常,D
323,聽到,VE
323,台灣,Nc
323,中華隊,Na
323,國際賽,Na
323,爆冷門,VH
323,的,DE
323,被,P
323,世界,Nc
323,後段,Ncd
323,擊敗,VC
323,亞錦賽,Na
323,經典賽,Na
323,強,VH
323,讓,VL
323,世界,Nc
323,看到,VE
323,台灣,Nc
323,出國,VA
323,比賽,VA
323,被,P
323,罵,VC
323,民眾,Na
323,大喊,VE
323,台灣,Nc
323,好爛,VH
323,如果,Cbb
323,不,D
323,看,VC
323,歲,Nf
323,以下,Ng
323,的,DE
323,戰績,Na
323,台灣,Nc
323,棒球,Na
323,是,SHI
323,不,D
323,是,SHI
323,真的,D
323,很,Dfa
323,弱,VH
323,可能,D
323,只,Da
323,比,P
323,中國,Nc
323,菲律賓,Nc
323,泰國,Nc
323,強點點,Na
324,張嘉哲,Nb
324,中華隊,Na
324,遭,P
324,巴拿馬,Nc
324,血洗,VC
324,教練,Na
324,球員,Na
324,維基,Nb
324,履歷,Na
324,全,Neqa
324,遭殃,VH
324,第五,Neu
324,屆,Nf
324,世界,Nc
324,棒球,Na
324,經典賽組,Nc
324,預賽,Na
324,昨日,Nd
324,正式,VH
324,開打,VH
324,，,COMMACATEGORY
324,中華隊,Na
324,以,P
324,大比,Na
324,分差,Na
324,遭到,VJ
324,巴,Nc
324,拿,VC
324,馬血洗,Na
324,，,COMMACATEGORY
324,讓,VL
324,許多,Neqa
324,球迷,Na
324,感到,VK
324,相當,Dfa
324,氣憤,VH
324,，,COMMACATEGORY
324,其中,Nep
324,包括,VK
324,不,D
324,懂,VK
324,總教練,Na
324,林岳平,Nb
324,的,DE
324,錯誤,VH
324,調度,VC
324,，,COMMACATEGORY
324,也,D
324,針,Na
324,對,P
324,球員,Na
324,的,DE
324,失誤,Na
324,操作,VC
324,不能,D
324,理解,VK
324,，,COMMACATEGORY
324,憤,VH
324,而,Cbb
324,上網,VA
324,將,P
324,其,Nep
324,維基,Nb
324,百科,Na
324,資料,Na
324,進行,VC
324,更換,VC
324,，,COMMACATEGORY
324,引起,VC
324,討論,VE
324,回顧,VE
324,本,Nes
324,場,Nf
324,賽事,Na
324,，,COMMACATEGORY
324,先發,VA
324,投手,Na
324,胡智爲,Nb
324,前局,Nc
324,都,D
324,有,V_2
324,被,P
324,打者,Na
324,上壘,VA
324,，,COMMACATEGORY
324,多虧,D
324,江坤宇,Nb
324,救,VC
324,了,Di
324,球,Na
324,，,COMMACATEGORY
324,再,D
324,與,P
324,鄭宗哲,Nb
324,聯手,VH
324,策動,VF
324,雙殺,VC
324,，,COMMACATEGORY
324,沒有,D
324,失分,VH
324,，,COMMACATEGORY
324,不過,Cbb
324,局,Nc
324,開始,VL
324,遇上,VC
324,亂流,Na
324,，,COMMACATEGORY
324,先,D
324,被,P
324,塔哈達,Nb
324,敲出,VC
324,二,Neu
324,壘,Na
324,安打,Na
324,，,COMMACATEGORY
324,接著,D
324,又,D
324,投出,VC
324,保送,VC
324,，,COMMACATEGORY
324,無,VJ
324,人,Na
324,出局,VH
324,被,P
324,攻佔,VC
324,得,DE
324,點圈,Na
324,，,COMMACATEGORY
324,再,D
324,被,P
324,卡斯提歐,Nb
324,敲,VC
324,出,VJ
324,安打,Na
324,，,COMMACATEGORY
324,丟掉,VC
324,第,Neu
324,分,Nf
324,後,Ng
324,退場,VA
324,休息,VA
324,，,COMMACATEGORY
324,接棒,VB
324,的,DE
324,陳冠偉,Nb
324,也,D
324,被,P
324,連,D
324,敲安,VC
324,，,COMMACATEGORY
324,丟掉,VC
324,的,DE
324,分有,VJ
324,分記,Na
324,在,P
324,胡智爲,Nb
324,帳,Na
324,上,Ncd
324,最後,Nd
324,到,VCL
324,了,Di
324,局,Nc
324,上,Ncd
324,鄧愷威,Nb
324,登板,VA
324,投球,VA
324,，,COMMACATEGORY
324,結果,Dk
324,第,Neu
324,球,Na
324,就,D
324,砸,VC
324,在,P
324,打者,Na
324,身,Na
324,上,Ncd
324,形成,VG
324,觸身球,Na
324,保送,VC
324,，,COMMACATEGORY
324,隨後,Nd
324,連,Cbb
324,投,VC
324,顆,Nf
324,壞球,Na
324,保送,VC
324,，,COMMACATEGORY
324,接著,D
324,對手,Na
324,短打,VA
324,又,D
324,傳壘,VA
324,失誤,VA
324,，,COMMACATEGORY
324,形成,VG
324,無,VJ
324,人,Na
324,出局,VH
324,滿壘,VH
324,，,COMMACATEGORY
324,人次,Na
324,都,D
324,沒,D
324,解決,VC
324,就,D
324,退場,VA
324,，,COMMACATEGORY
324,讓,VL
324,球迷,Na
324,相當,Dfa
324,傻眼,VH
324,然而,Cbb
324,賽,Na
324,後,Ng
324,總教練,Na
324,林岳平,Nb
324,也,D
324,坦承,VE
324,此,Nep
324,戰,Na
324,最,Dfa
324,大,VH
324,敗數,Na
324,是,SHI
324,投手,Na
324,保送,VC
324,過多,VH
324,，,COMMACATEGORY
324,保送,VC
324,堆疊,VAC
324,造成,VK
324,大量,Neqa
324,失分,Na
324,讓,VL
324,球迷,Na
324,相當,Dfa
324,憤怒,VH
324,，,COMMACATEGORY
324,直接,VH
324,更改,VC
324,林岳平,Nb
324,維基,Nb
324,百科,Na
324,寫下,VC
324,經典賽,Na
324,首,Nes
324,戰,Na
324,對,P
324,巴拿馬,Nc
324,調度,VC
324,失誤,Na
324,，,COMMACATEGORY
324,導,VC
324,致,VL
324,投手,Na
324,大量,Neqa
324,失分,VH
324,，,COMMACATEGORY
324,連串,VHC
324,錯誤,VH
324,調度,VC
324,，,COMMACATEGORY
324,被,P
324,球迷,Na
324,噴為,VG
324,餅瓜,Na
324,而,Cbb
324,除了,P
324,林岳平,Nb
324,之外,Ng
324,，,COMMACATEGORY
324,包括,VK
324,投球,VA
324,就,D
324,送,VD
324,對方,Nh
324,滿壘,VH
324,的,DE
324,鄧愷威,Nb
324,也,D
324,遭,P
324,改,VC
324,資料,Na
324,，,COMMACATEGORY
324,寫下,VC
324,而,Cbb
324,二,Neu
324,局,Nf
324,下,Nes
324,半,Neqa
324,短打,VA
324,失利,VH
324,造成,VK
324,隊伍,Na
324,被,P
324,雙殺,VC
324,，,COMMACATEGORY
324,加上,Cbb
324,漏接,VC
324,外野,Nc
324,回傳球,Na
324,的,DE
324,高宇杰,Nb
324,也,D
324,難逃,VJ
324,球迷,Na
324,怒火,Na
324,，,COMMACATEGORY
324,維基,Nb
324,百科,Na
324,也,D
324,遭,P
324,改,VC
324,在,P
324,台灣,Nc
324,舉,VC
324,辦,VC
324,的,DE
324,世界,Nc
324,棒球,Na
324,經典賽,Na
324,中,Ng
324,，,COMMACATEGORY
324,因為,Cbb
324,連續,D
324,漏,VH
324,兩,Neu
324,顆,Nf
324,外野,Nc
324,回傳球,Na
324,，,COMMACATEGORY
324,因此,Cbb
324,被,P
324,冠上,VG
324,奶油,Na
324,王子,Na
324,的,DE
324,綽號,Na
324,顯見,Dk
324,球迷,Na
324,的,DE
324,不滿,VK
324,////,FW
325,剛剛,D
325,看,VC
325,了,Di
325,下,Nes
325,今天,Nd
325,的,DE
325,國際,Nc
325,盤,Na
325,哇,I
325,晚上,Nd
325,中國,Nc
325,對,P
325,日本,Nc
325,的,DE
325,比賽,Na
325,日本,Nc
325,讓,VL
325,分,VC
325,如果,Cbb
325,是,SHI
325,不,D
325,讓,VL
325,分賠率,Na
325,這,Nep
325,就,D
325,等於,VG
325,押,VC
325,萬能,VH
325,賺,VC
325,萬,Neu
325,我,Nh
325,就,D
325,問,VE
325,日本,Nc
325,怎麼,D
325,輸,VD
325,今天,Nd
325,日本,Nc
325,會,D
325,贏,VD
325,幾,Neu
325,分,Nf
325,///,FW
326,昨天,Nd
326,中華隊,Na
326,第,Neu
326,戰,Na
326,對,P
326,巴拿馬,Nc
326,開球,VA
326,嘉賓,Na
326,是,SHI
326,終結,VC
326,者,Na
326,里維拉,Nb
326,和,P
326,台灣,Nc
326,之,DE
326,光,Na
326,王建民,Nb
326,照理,D
326,來,D
326,說,VE
326,打擊者,Na
326,要,D
326,故意,VL
326,揮棒,VA
326,落空,VH
326,但,Cbb
326,如果,Cbb
326,打擊者,Na
326,突然,D
326,牙,Na
326,起來,VA
326,夯,VH
326,了,Di
326,支特大號,Nb
326,把,P
326,球,Na
326,扛出,VC
326,全壘打,Na
326,牆,Na
326,會,D
326,怎麼樣,VH
326,嗎,T
326,可以,D
326,跟,P
326,啦啦隊,Na
326,瘋狂,VH
326,做菜,VA
326,嗎,T
326,卦,Na
327,咱們,Nh
327,偉大,VH
327,的,DE
327,習主席,Na
327,看到,VE
327,號稱,VG
327,世界,Nc
327,第二,Neu
327,的,DE
327,棒球,Na
327,小島,Na
327,中國,Nc
327,台北,Nc
327,省隊,Na
327,竟然,D
327,被,P
327,個,Nf
327,弱隊,Na
327,鳥國,Nc
327,血洗,VC
327,痛宰,VC
327,丟,VC
327,了,Di
327,祖國,Nc
327,的,DE
327,面子,Na
327,丟,VC
327,了,Di
327,身為,VG
327,中華,Nc
327,兒女,Na
327,的,DE
327,榮耀,Na
327,習,Nb
327,主席,Na
327,會,D
327,怎麼,D
327,看,VC
327,呢,T
328,中華隊,Na
328,這,Nep
328,狀態,Na
328,看起來,D
328,連,VJ
328,天,Nc
328,生死,Na
328,對頭,VH
328,中國隊,Na
328,都,D
328,可能,D
328,打爆分,VA
328,以上,Ncd
328,提前,VB
328,結束,VHC
328,比賽,Na
328,真的,D
328,發生,VJ
328,的話,Cba
328,只,Da
328,能,D
328,用,P
328,國恥,Na
328,來,D
328,形容,VE
328,吧,T
329,或者,Caa
329,限制,Na
329,人數,Na
329,名額,Na
329,因為,Cbb
329,新,VH
329,的,DE
329,中華隊,Na
329,比較,Dfa
329,多,VH
329,都,D
329,是,SHI
329,年輕,VH
329,選手,Na
329,年輕人,Na
329,遇到,VC
329,大,VH
329,場面,Na
329,本來,D
329,就,D
329,容易,VH
329,緊張,VH
329,了,T
329,遇到,VC
329,滿山滿谷,VH
329,的,DE
329,觀眾,Na
329,還,D
329,有,V_2
329,各,Nes
329,種,Nf
329,歡呼,VE
329,加油聲,Na
329,啦啦隊,Na
329,個,Nf
329,失投,VH
329,或,Caa
329,被,P
329,三振,VC
329,就,D
329,會,D
329,全,Neqa
329,場,Nf
329,安靜,VH
329,反差,Na
329,的,DE
329,壓力,Na
329,讓,VL
329,人,Na
329,越,D
329,表現,VC
329,越,D
329,容易,VH
329,出錯,VH
329,是,SHI
329,不,D
329,是,SHI
329,如果,Cbb
329,昨天,Nd
329,沒有,VJ
329,觀眾,Na
329,入場,VA
329,加油,VB
329,或是,Caa
329,不要,D
329,太多,Neqa
329,人,Na
329,太,Dfa
329,吵,VH
329,大家,Nh
329,壓力,Na
329,沒,D
329,那麼,D
329,大,VH
329,情況,Na
329,下,Ng
329,就,D
329,可以,D
329,像,VG
329,熱身賽,Na
329,那樣,VH
329,大獲,VJ
329,全,Neqa
329,勝,VH
330,///,FW
330,只要,Cbb
330,中華隊,Na
330,贏,VD
330,球,Na
330,就,D
330,免費,VH
330,送,VD
330,酒,Na
330,，,COMMACATEGORY
330,店,Nc
330,內,Ncd
330,杯,Na
330,啤酒,Na
330,要元,Na
330,，,COMMACATEGORY
330,贏,VD
330,球,Na
330,就,D
330,免費,VH
330,送,VD
330,，,COMMACATEGORY
330,這樣,VH
330,成本,Na
330,是,SHI
330,不,D
330,是,SHI
330,很,Dfa
330,高,VH
330,啊,I
330,金色,Na
330,三麥,Na
330,這,Nep
330,次,Nf
330,行銷,Na
330,預算,Na
330,這麼多,VH
330,，,COMMACATEGORY
330,是,SHI
330,下,Ncd
330,重本,Na
330,了,T
330,有,V_2
330,八卦,Na
330,嗎,T
331,聽說,VE
331,昨天,Nd
331,是,SHI
331,世界,Nc
331,棒球,Na
331,經典賽,Na
331,建仔,Nb
331,應該,D
331,是,SHI
331,中華隊,Na
331,中,Ng
331,最,Dfa
331,重要,VH
331,的,DE
331,投手,Na
331,吧,T
331,昨天,Nd
331,投,VC
331,的,DE
331,還,VD
331,嗎,T
331,接下來,D
331,是,SHI
331,不,D
331,是,SHI
331,要,D
331,進場,VA
331,支持,VC
331,下,Ng
332,媒體,Na
332,來源,Na
332,三立,Nb
332,新聞,Na
332,記者,Na
332,署名,VC
332,劉彥池,Nb
332,吳宣萱,Nb
332,完整,VH
332,新聞,Na
332,標題,Na
332,太,Dfa
332,襄,VH
332,了,T
332,首,Nes
332,次,Nf
332,國際賽,Na
332,應援,VC
332,林襄,Nb
332,會,D
332,用力,VH
332,地,DE
332,為,P
332,台灣,Nc
332,英雄,Na
332,加油,VB
332,完整,VH
332,新聞,Na
332,內文,Na
332,第,Neu
332,屆,Nf
332,世界,Nc
332,棒球,Na
332,經典賽,Na
332,台灣隊,Na
332,日,Na
332,首,Nes
332,戰,Na
332,對上,VC
332,巴拿馬,Nc
332,今年,Nd
332,經典賽,Na
332,動員,VAC
332,了,Di
332,支中職,Nb
332,球團,Na
332,，,COMMACATEGORY
332,選進,VC
332,位,Na
332,最,Dfa
332,紅,VH
332,的,DE
332,啦啦隊,Na
332,成員,Na
332,組成,VG
332,經典,Na
332,女孩,Na
332,登場,VA
332,為,P
332,台灣隊,Na
332,應援,VC
332,，,COMMACATEGORY
332,繼,P
332,去年,Nd
332,中職,Na
332,明星賽,Na
332,後,Ng
332,啦啦隊,Na
332,兩,Neu
332,大,VH
332,女神,Na
332,林襄,Nb
332,和,Caa
332,峮峮,FW
332,再度,D
332,合體,VA
332,其中,Nep
332,林襄,Nb
332,接受,VC
332,媒體,Na
332,聯訪,VC
332,時,Ng
332,，,COMMACATEGORY
332,對於,P
332,首次,D
332,在,P
332,國際賽,Na
332,應援,VC
332,，,COMMACATEGORY
332,她,Nh
332,興,VC
332,奮,VH
332,地,DE
332,表示,VE
332,很,Dfa
332,榮幸,VH
332,，,COMMACATEGORY
332,會,D
332,很,Dfa
332,用力,VH
332,地,DE
332,在,P
332,場,Nc
332,邊,Ncd
332,為,P
332,中華,Nc
332,英雄,Na
332,加油,VB
332,組,VC
332,預賽,Na
332,的,DE
332,第,Neu
332,戰,Na
332,台灣,Nc
332,和,Caa
332,巴拿馬,Nc
332,交手,VA
332,，,COMMACATEGORY
332,不但,Cbb
332,有,V_2
332,萬,Neu
332,名,Nf
332,主場,Na
332,球迷,Na
332,替,P
332,台灣隊,Na
332,加油,VB
332,，,COMMACATEGORY
332,名,Na
332,經,P
332,典女,Nb
332,孩,Na
332,也,D
332,全數,Neqa
332,出動,VAC
332,應援,VC
332,，,COMMACATEGORY
332,日本,Nc
332,媒體,Na
332,還,D
332,封,VG
332,經典,Na
332,女孩,Na
332,是,SHI
332,本,Nes
332,屆,Nf
332,經典賽,Na
332,最,Dfa
332,強,VH
332,啦啦隊,Na
332,其中,Nep
332,啦,T
332,啦隊,Na
332,女神,Na
332,林襄,Nb
332,接受,VC
332,訪問,VC
332,時,Ng
332,被,P
332,問到,VE
332,，,COMMACATEGORY
332,第,Neu
332,次,Nf
332,參與,VC
332,國際賽,Na
332,，,COMMACATEGORY
332,她,Nh
332,說道,VE
332,覺得,VK
332,很,Dfa
332,榮幸,VH
332,，,COMMACATEGORY
332,也,D
332,覺得,VK
332,很,Dfa
332,熱血,Na
332,，,COMMACATEGORY
332,希望,VK
332,大家,Nh
332,今天,Nd
332,會,D
332,有,V_2
332,好,VH
332,的,DE
332,表現,Na
332,，,COMMACATEGORY
332,那,Dk
332,我們,Nh
332,也,D
332,會,D
332,很,Dfa
332,用力,VH
332,地,DE
332,在,P
332,場,Nc
332,邊,Ncd
332,為,P
332,中華,Nc
332,英雄,Na
332,加油,VB
332,繼,P
332,去,VCL
332,年,Na
332,中職,Na
332,明星賽,Na
332,後,Ng
332,，,COMMACATEGORY
332,林襄,Nb
332,和,Caa
332,峮峮,Nb
332,再度,D
332,合體,VA
332,，,COMMACATEGORY
332,林襄,Nb
332,提到,VE
332,自己,Nh
332,非常,Dfa
332,期待,VK
332,和,Caa
332,峮峮,FW
332,同,D
332,應援,VC
332,此,Nep
332,次,Nf
332,台灣隊,Na
332,英雄,Na
332,有,V_2
332,來自,VJ
332,旅,VCL
332,外,Ncd
332,和,Caa
332,中職,Na
332,各,Nes
332,隊,Nf
332,，,COMMACATEGORY
332,對於,P
332,球員,Na
332,的,DE
332,應援曲,Na
332,，,COMMACATEGORY
332,林襄,Nb
332,提到,VE
332,最,Dfa
332,花,VC
332,心力,Na
332,的,DE
332,是,SHI
332,捕手,Na
332,高宇杰,Nb
332,的,DE
332,應援曲,Na
332,，,COMMACATEGORY
332,她,Nh
332,表示,VE
332,，,COMMACATEGORY
332,左線,Na
332,預備,VF
332,那,Nep
332,首,Nf
332,，,COMMACATEGORY
332,因為,Cbb
332,在,P
332,壘,Na
332,跟,Caa
332,在,P
332,三壘,Na
332,的,DE
332,方向,Na
332,比較,Dfa
332,不樣,VH
332,，,COMMACATEGORY
332,所,D
332,以,P
332,稍微,D
332,記,VK
332,了,Di
332,下,Nf
332,，,COMMACATEGORY
332,不過,Cbb
332,我們,Nh
332,團練,VC
332,的,DE
332,時候,Na
332,，,COMMACATEGORY
332,有,V_2
332,告訴,VE
332,我們,Nh
332,記,VK
332,這,Nep
332,首,Nf
332,的,DE
332,技巧,Na
332,，,COMMACATEGORY
332,就,D
332,是,SHI
332,外野,Nc
332,先,D
332,出拳,VA
332,就,D
332,不,D
332,會,D
332,錯,VH
332,///////,FW
332,▲,FW
332,世界,Nc
332,棒球,Na
332,經典賽,Na
332,，,COMMACATEGORY
332,啦啦隊,Na
332,女神,Na
332,林襄,Nb
332,右,Ncd
332,為,P
332,台灣隊,Na
332,應援,VC
332,加油,VB
332,圖,Na
332,記者,Na
332,劉彥池,Nb
332,攝影,VA
332,完整,VH
332,新聞,Na
332,連結,VC
332,或,Caa
332,短,VH
332,網址,Na
332,////,FW
332,備註,VE
332,請,VF
333,昨天,Nd
333,胡智為,Nb
333,那,Nep
333,個,Nf
333,中華隊,Na
333,的,DE
333,先發,VA
333,投手,Na
333,啦,T
333,那,Nep
333,個,Nf
333,投手,Na
333,教練,Na
333,叫,VG
333,許銘傑,Nb
333,啦,T
333,他,Nh
333,在,P
333,胡智為,Nb
333,投球,VA
333,的,DE
333,時候,Na
333,喊,VE
333,了,Di
333,個,Nf
333,暫停,VHC
333,對話,Na
333,是,SHI
333,不,D
333,是,SHI
333,像,P
333,以下,Ncd
333,那樣,VH
333,為,P
333,了,Di
333,方便,VH
333,起見,Cba
333,以下,Ncd
333,用,P
333,胡,Nb
333,跟,Caa
333,許,Nb
333,來,D
333,簡稱,VG
333,許好,VC
333,了,Di
333,現在,Nd
333,剛好,Da
333,球,Na
333,下去,VA
333,休息,VA
333,休天,VA
333,還,D
333,能,D
333,上,VCL
333,胡,Nb
333,教練,Na
333,可是,D
333,球,Na
333,是,SHI
333,休,VC
333,四,Neu
333,天,Nf
333,餒,VH
333,許,Nb
333,真的,D
333,假,VH
333,的,DE
333,我,Nh
333,以為,VE
333,規則,Na
333,說,VE
333,球,Na
333,以上,Ng
333,休,VC
333,四,Neu
333,天,Nf
333,是,SHI
333,不,D
333,包含,VJ
333,球,Na
333,ㄟ,FW
333,那,Nep
333,現在,Nd
333,怎麼辦,VH
333,胡,Nb
333,不然,Cbb
333,我,Nh
333,繼續,VF
333,投好,VC
333,了,Di
333,許好不然,D
333,你,Nh
333,多,D
333,投點,VA
333,不然,Cbb
333,你,Nh
333,後面,Ncd
333,也,D
333,不能,D
333,上,VCL
333,了,Di
333,就,D
333,這樣,VH
333,雖然,Cbb
333,穩穩,VH
333,地,DE
333,過,VCL
333,了,Di
333,第三,Neu
333,局,Nf
333,但,Cbb
333,因為,Cbb
333,後面,Ncd
333,胡,Nb
333,不能,D
333,上,VCL
333,了,Di
333,所以,Cbb
333,教練,Na
333,決定,VE
333,偷完,VC
333,個,Nf
333,小小,VH
333,的,DE
333,失誤,Na
333,導致,VL
333,後面,Ncd
333,兵敗如山,VH
333,倒,D
333,有,V_2
333,沒有,VJ
333,他們,Nh
333,當時,Nd
333,對話,Na
333,情形,Na
333,的,DE
333,八卦,Na
334,中華民國,Nc
334,靠,P
334,小朋友,Na
334,刷,VC
334,成績,Na
334,，,COMMACATEGORY
334,卻,D
334,沒有,D
334,改,VC
334,相應,VH
334,的,DE
334,資源,Na
334,，,COMMACATEGORY
334,只,Da
334,會,D
334,土法,Na
334,煉鋼,VA
334,到,P
334,現在,Nd
334,連,Cbb
334,個,Nf
334,像樣,VH
334,的,DE
334,球場,Nc
334,都,D
334,沒有,VJ
334,年,Na
334,的,DE
334,職棒,Na
334,冠軍賽,Na
334,下,Ng
334,大雨,Na
334,就,D
334,爭取,VC
334,巨蛋,Nc
334,到,P
334,現在,Nd
334,，,COMMACATEGORY
334,結果,Dk
334,居然,D
334,年,Na
334,了,T
334,還,D
334,連,VJ
334,的,DE
334,蛋,Na
334,都,D
334,孵,VB
334,不,D
334,出來,VA
334,中華民國,Nc
334,完全,D
334,沒有,VJ
334,能力,Na
334,沒有,VJ
334,效率,Na
334,腐敗,VH
334,至,P
334,極,Dfa
334,年,Na
334,過去,VA
334,了,Di
334,連座,Nb
334,巨蛋,Nc
334,都,D
334,蓋,VB
334,不,D
334,出來,VC
334,有,V_2
334,沒,D
334,有,V_2
334,中華民國,Nc
334,只,Da
334,會,D
334,靠,P
334,小朋友,Na
334,土法,Na
334,煉鋼刷,Na
334,數據,Na
334,，,COMMACATEGORY
334,假裝,VF
334,自己,Nh
334,世界,Nc
334,第二,Neu
334,，,COMMACATEGORY
334,卻,D
334,被,P
334,打趴,VC
334,年,Na
334,連,Cbb
334,巨蛋,Nc
334,都,D
334,蓋,VB
334,不,D
334,出來,VA
334,，,COMMACATEGORY
334,卻,D
334,沒有,VJ
334,人,Na
334,負責,VL
334,的,DE
334,八卦,Na
335,小魯,Nb
335,高雄,Nc
335,處,Nc
335,辣,VH
335,今年,Nd
335,太,Dfa
335,火熱,VH
335,全球,Nc
335,億,Neu
335,人口,Na
335,都,D
335,在,D
335,關注,VJ
335,整,Neqa
335,個,Nf
335,公司,Nc
335,也,D
335,有,V_2
335,個人,Nh
335,在,P
335,討論,VE
335,我,Nh
335,在,P
335,旁邊,Ncd
335,聽到,VE
335,個,Di
335,說,VE
335,台灣,Nc
335,打者,Na
335,蠻,Dfa
335,強,VH
335,的,DE
335,只,Da
335,能,D
335,怪,VK
335,投手,Na
335,不,D
335,給,VD
335,力,Na
335,我,Nh
335,就,D
335,很,Dfa
335,好奇,VH
335,這,Nep
335,比賽,Na
335,不,D
335,是,SHI
335,打者,Na
335,才,Da
335,能,D
335,得分,VH
335,嗎,T
335,那,Nep
335,打者,Na
335,很,Dfa
335,強,VH
335,就,D
335,只要,Cbb
335,比,P
335,對面,Ncd
335,多,D
335,打分,VA
335,不,D
335,就,D
335,贏,VD
335,了,Di
335,這樣,VH
335,還,D
335,能,D
335,只,Da
335,怪,VK
335,投手,Na
335,有沒有,D
335,同事,Na
335,說,VE
335,問題,Na
335,出,VC
335,在,P
335,投手,Na
335,身,Na
335,上,Ncd
335,是,SHI
335,不,D
335,懂,VK
335,棒球,Na
335,的,DE
335,卦,Na
335,呀,T
336,年前,Nd
336,的,DE
336,今天,Nd
336,我,Nh
336,在,P
336,棒球版,Na
336,發,VC
336,了,Di
336,篇文,Na
336,直接,VH
336,被,P
336,桶年,Na
336,到,P
336,今天,Nd
336,剛好,Da
336,過半,VH
336,還,D
336,剩,VJ
336,年,Na
336,大家,Nh
336,覺得,VK
336,今天,Nd
336,怎麼,D
336,慶祝,VE
336,好,VH
336,題外,Nc
336,幹下,VC
336,馬的,I
336,這,Nep
336,次,Nf
336,期間,Na
336,我,Nh
336,去,D
336,看,VC
336,了,Di
336,下,Nf
336,棒球版,Na
336,條款,Na
336,也,D
336,只有,D
336,雙倍,Na
336,處罰,VC
336,而已,T
336,最,Dfa
336,久,VH
336,也,D
336,是,SHI
336,桶,Na
336,幾,Neu
336,個,Nf
336,月,Na
336,年前,Nd
336,真的,D
336,是,SHI
336,機掰版,Na
336,皇歲桶,Na
336,到,P
336,歲出,Na
336,關,VC
337,昨天,Nd
337,把,P
337,中華隊,Na
337,打,VC
337,得,DE
337,不要,D
337,不,D
337,要,VC
337,的,DE
337,打,VC
337,了,Di
337,幾,Neu
337,分,Nf
337,差點,Na
337,今天,Nd
337,遇到,VC
337,祖國,Nc
337,爺爺,Na
337,變,VG
337,三腳貓,Na
337,了,T
337,荷蘭,Nc
337,爺爺,Na
337,目前,Nd
337,尻,VC
337,了,Di
337,兩,Neu
337,發,Nf
337,全壘打,Na
337,幫,P
337,我們,Nh
337,出口,VC
337,氣,Na
337,了,Di
337,嘻嘻,D
338,在,P
338,東京,Nc
338,進行,VC
338,的,DE
338,韓國隊,Na
338,第,Neu
338,場,Nf
338,比賽,Na
338,，,COMMACATEGORY
338,有,V_2
338,球員,Na
338,助陣,VA
338,的,DE
338,韓國,Nc
338,以,P
338,分輸給,VD
338,澳洲,Nc
338,///,FW
338,再見,VB
338,盜壘,VA
338,觸殺,VC
338,韓國,Nc
338,那邊,Ncd
338,鄉民,Na
338,會,D
338,暴動,VA
338,嗎,T
338,有,V_2
338,比,P
338,年強,Na
338,輸,VD
338,台灣,Nc
338,還,D
338,震驚,VHC
338,嗎,T
338,韓式,Na
338,鍋貼,Na
338,好吃,VH
338,嗎,T
338,有,V_2
338,沒,D
338,有,V_2
338,八卦,Na
339,在,P
339,洲際,Nc
339,棒球場,Nc
339,看到,VE
339,很多,Neqa
339,小學生,Na
339,小學生,Na
339,說,VE
339,今天,Nd
339,搭,VC
339,公車,Na
339,到,VCL
339,洲際,Nc
339,棒球場,Nc
339,戶外,Nc
339,教學,VA
339,但是,Cbb
339,都,D
339,說好,VE
339,無聊,VH
339,喔,T
339,好,Dfa
339,想,VE
339,回去,VA
339,上課,VA
339,喔,T
339,有,V_2
339,沒,D
339,有,V_2
339,大撒錢卦,Na
339,沒有,VJ
339,中華隊,Na
339,比賽,Na
339,就,D
339,沒有,VJ
339,啦啦隊,Na
339,///,FW
340,欸,I
340,欸,I
340,窩肥,VH
340,ㄦ喇,FW
340,剛剛,D
340,看,VC
340,比賽,Na
340,大家,Nh
340,看好,VJ
340,的,DE
340,韓國,Nc
340,居然,D
340,輸給,VD
340,澳洲,Nc
340,聽,VE
340,老輩,Na
340,的,DE
340,人,Na
340,好像,D
340,運動,VA
340,上,Ng
340,都,D
340,仇,VJ
340,韓,Nb
340,看到,VE
340,韓國,Nc
340,輸,VD
340,大家,Nh
340,都,D
340,在,P
340,想,VE
340,什麼,Nep
340,啊,T
340,呱呱,D
341,韓國,Nc
341,剛剛,D
341,輸給,VD
341,了,Di
341,澳洲,Nc
341,最終,A
341,比數,Na
341,澳洲,Nc
341,比,P
341,昨晚,Nd
341,的,DE
341,中華隊,Na
341,更,Dfa
341,令,VL
341,人,Na
341,跌破,VC
341,眼鏡,Na
341,我們,Nh
341,已經,D
341,不,D
341,孤單,VH
341,了,T
341,所以,Cbb
341,中華隊,Na
341,算,VG
341,不,D
341,算,VG
341,解套,VA
341,了,Di
342,如,P
342,題,Na
342,大家,Nh
342,覺得,VK
342,哪,Nep
342,個,Nf
342,會,D
342,先,D
342,提早,VL
342,到來,VA
342,呢,T
342,是,SHI
342,咱們,Nh
342,台灣隊,Na
342,會,D
342,先,D
342,殺進,VC
342,的,DE
342,四,Neu
342,強,Na
342,賽,Na
342,還是,D
342,先,D
342,被,P
342,中共,Nb
342,給,VD
342,武統,Na
342,了,T
342,哪,Nep
342,個,Nf
342,會,D
342,先,D
342,到,VCL
342,ㄚ,FW
342,大家,Nh
342,覺得,VK
342,呢,T
342,對,P
342,ㄚ,FW
343,台籃,Na
343,爛,VH
343,歸,VJ
343,爛,VH
343,至少,Da
343,知道,VK
343,自己,Nh
343,的,DE
343,禁區,Nc
343,天份,Na
343,不足,VH
343,歸化,VJ
343,新,VH
343,台灣人,Na
343,戴維斯,Nb
343,中華隊,Na
343,當年,Nd
343,立竿見影,VH
343,幹掉,VC
343,中國隊,Na
343,台灣,Nc
343,棒球,Na
343,當然,D
343,國際,Nc
343,實力,Na
343,不,D
343,是,SHI
343,台籃,Na
343,可以,D
343,碰,VC
343,瓷,Na
343,的,DE
343,但是,Cbb
343,不,D
343,是,SHI
343,也,D
343,因此,Cbb
343,有,V_2
343,了,Di
343,包袱,Na
343,在,P
343,球員,Na
343,徵召,VC
343,上,Ng
343,堅持,VK
343,全,Neqa
343,本土,Nc
343,像,P
343,今年,Nd
343,經典賽,Na
343,投手,Na
343,陣容,Na
343,明顯,VH
343,沒有,VJ
343,野手,Na
343,好,VH
343,為什麼,D
343,打死,VC
343,不肯,D
343,歸化,VJ
343,幾,Neu
343,個,Nf
343,洋投,Na
343,來,D
343,為,P
343,陣容,Na
343,補強,VC
344,中華隊,Na
344,這,Nep
344,次,Nf
344,的,DE
344,表現,Na
344,，,COMMACATEGORY
344,居然,D
344,被,P
344,從,P
344,資格賽,Na
344,打起,VC
344,的,DE
344,巴拿馬,Nc
344,慘遭,P
344,血洗,VC
344,基本,A
344,的,DE
344,功夫,Na
344,都,D
344,沒,D
344,做好,VC
344,直,D
344,投,VC
344,保送,VC
344,捕手,Na
344,也,D
344,漏接,VC
344,看,VE
344,不,D
344,出來,VE
344,為什麼,D
344,有,V_2
344,參加,VC
344,的,DE
344,資格,Na
344,欸,I
344,我,Nh
344,看,VE
344,下,Nes
344,屆,Nf
344,應該,D
344,就,D
344,是,SHI
344,從,P
344,資格賽,Na
344,打,VC
344,吧,T
344,不要,D
344,降低,VHC
344,比賽,Na
344,水平,Na
344,了,T
345,開,VC
345,個,Di
345,日本,Nc
345,不,D
345,讓,VL
345,分,VC
345,，,COMMACATEGORY
345,賠率,Na
345,也好,T
345,啊,T
345,天,Na
345,定存,Na
345,利率,Na
345,哪裡,Ncd
345,找,VC
345,有沒有,D
345,威剛,Nb
345,不,D
345,敢,VL
345,開,VC
345,日本,Nc
345,中國,Nc
345,賭盤,Na
345,的,DE
345,八卦,Na
346,就是,Cbb
346,跟,P
346,在,P
346,看,VC
346,喜劇,Na
346,樣,Na
346,可以,D
346,讓,VL
346,你,Nh
346,好好,VH
346,的,DE
346,開懷,D
346,大笑,VA
346,而且,Cbb
346,什麼,Nep
346,莫名其妙,VH
346,料想不到,VE
346,的,DE
346,劇本,Na
346,都,D
346,會,D
346,發生,VJ
346,什麼,Nep
346,七,Neu
346,球,Na
346,塞滿,VCL
346,壘包,Na
346,什麼,Nep
346,來,D
346,敗處,Nc
346,要,D
346,被,P
346,摳倒,VC
346,還,D
346,絕處,Nc
346,逢生,VC
346,全,Neqa
346,場,Nf
346,啦啦隊,Na
346,自,P
346,嗨,I
346,球迷,Na
346,死命,D
346,地,DE
346,跳,VA
346,不,D
346,知道,VK
346,在,P
346,跳,VA
346,三,Neu
346,小,VH
346,落後,VJ
346,大截,Na
346,打,VC
346,個,Di
346,兩,Neu
346,分,Nf
346,砲,Na
346,還,D
346,那麼,D
346,嗨,I
346,看到,VE
346,小玉,Nb
346,打擊,VC
346,球棒,Na
346,晃,VC
346,呀,T
346,晃,VC
346,"""",FW
346,阿,T
346,鳥,Na
346,飛,VA
346,"""""",FW
346,阿,T
346,鳥,Na
346,滾,VA
346,"""",FW
346,真的,D
346,不,D
346,知道,VK
346,他,Nh
346,在,D
346,晃,VC
346,三,Neu
346,小朋友,Na
346,有沒有,D
346,看,VC
346,中華隊,Na
346,其實,D
346,挺,Dfa
346,有趣,VH
346,的,DE
346,八卦,Na
346,真的,D
346,有夠,Dfa
346,適合,VH
346,群,Nf
346,朋友,Na
346,喝,VC
346,啤酒,Na
346,配,VC
346,滷味,Na
346,配鍋,VA
346,貼話家常,VA
346,邊,D
346,笑,VA
347,是,SHI
347,這樣,VH
347,的,DE
347,今天,Nd
347,韓國,Nc
347,輸給,VD
347,澳洲,Nc
347,後,Ng
347,板,Na
347,上,Ncd
347,或是,Caa
347,臉書,Na
347,留言紛紛,VH
347,叫好,VH
347,只要,Cbb
347,看到,VE
347,自已,Nh
347,認為,VE
347,的,DE
347,世仇,Na
347,輸球,VH
347,彷彿,D
347,昨天,Nd
347,晚上,Nd
347,大敗,VH
347,的,DE
347,陰霾,Na
347,平復,VHC
347,不少,Neqa
347,覺得,VK
347,台灣,Nc
347,棒球,Na
347,其實,D
347,沒有,D
347,那麼,D
347,差,VH
347,那麼,Dk
347,把,P
347,立場,Na
347,顛倒,VC
347,韓國人,Na
347,看到,VE
347,台灣,Nc
347,輸球,VH
347,特別,VH
347,是,SHI
347,之前,Nd
347,敗給,VJ
347,中國,Nc
347,心情,Na
347,是,SHI
347,不,D
347,是,SHI
347,也,D
347,很,Dfa
347,爽快,VH
347,啊,T
348,日本,Nc
348,轉播,VC
348,字卡,Na
348,跑出,VCL
348,這,Nep
348,個,Nf
348,///,FW
348,不,D
348,是,SHI
348,寫,VC
348,中國,Nc
348,台北,Nc
348,或,Caa
348,中華,Nc
348,台北,Nc
348,欸,I
348,台灣,Nc
348,轉播,VC
348,有,V_2
348,人,Na
348,有,D
348,注意到,VK
348,怎麼,D
348,寫,VC
348,嗎,T
348,有,V_2
348,沒有,VJ
348,日本,Nc
348,比,P
348,台灣,Nc
348,還,Dfa
348,愛,VL
348,呆丸,VH
348,的,DE
348,卦,Na
349,世界,Nc
349,棒球,Na
349,經典賽,Na
349,最,Dfa
349,受,VJ
349,矚目,VB
349,的,DE
349,場球賽,Na
349,即將,D
349,開打,VH
349,中國,Nc
349,今晚,Nd
349,若,Cbb
349,打爆,VC
349,日本,Nc
349,台灣,Nc
349,地區,Nc
349,這,Nep
349,個,Nf
349,區,Nc
349,的,DE
349,球迷,Na
349,會,D
349,怎麼,D
349,想,VE
349,有,V_2
349,卦,Na
349,嗎,T
350,棒球迷,Na
350,的,DE
350,世仇,Na
350,韓國,Nc
350,南部人,Na
350,的,DE
350,仇人,Na
350,大陸,Nc
350,今天,Nd
350,雙喜臨門,VH
350,韓國,Nc
350,輸,VD
350,大陸,Nc
350,輸,VD
350,已,D
350,達成,VC
350,本,Nes
350,屆,Nf
350,首要,Na
350,目標,Na
350,昨天,Nd
350,中華隊,Na
350,雖,Cbb
350,敗,VH
350,猶榮,VH
350,的,DE
350,遺憾,Nv
350,已,D
350,煙消雲散,VH
350,棒球迷,Na
350,現在,Nd
350,定,VC
350,很,Dfa
350,嗨,I
350,對,VH
350,吧,T
351,日本隊,Na
351,滿壘,VH
351,無,VJ
351,人,Na
351,出局,VH
351,只,Da
351,得,D
351,分,VD
351,昨天,Nd
351,巴拿馬,Nc
351,滿壘,VH
351,隨便,VH
351,都,D
351,得分,VH
351,才,Da
351,讓,VL
351,中華隊,Na
351,吃鍋,VA
351,貼,VC
351,日本隊,Na
351,看起來,D
351,得分,VH
351,能力,Na
351,比,P
351,中華隊,Na
351,還,Dfa
351,差,VH
351,這樣,VH
351,中華隊,Na
351,打,VC
351,得,DE
351,贏,VD
351,日本隊,Na
351,嗎,T
352,日本人,Na
352,滿,Neqa
352,場,Nf
352,戴,VC
352,口罩,Na
352,///,FW
352,請問,VE
352,八卦版,Na
352,都,D
352,說,VE
352,只,Da
352,剩,VJ
352,台灣,Nc
352,在,P
352,戴,VC
352,口罩,Na
352,為啥,D
352,連,Cbb
352,日本人,Na
352,也,D
352,在,P
352,戴,VC
352,日本,Nc
352,還,D
352,沒,D
352,解除,VC
352,限制,Na
352,嗎,T
352,如果,Cbb
352,八卦,Na
352,鄉民,Na
352,生活,VA
352,在,P
352,日本,Nc
352,會不會,D
352,上來,VA
352,幹幹,VA
352,叫,VE
352,還,D
352,要,D
352,戴,VC
352,口罩,Na
353,如,P
353,題,Na
353,鄉民,Na
353,致,VD
353,認為,VE
353,會,D
353,贏,VD
353,的,DE
353,才,Da
353,是,SHI
353,國球,Na
353,那,Dk
353,台灣,Nc
353,拿,VC
353,了,Di
353,屆,Nf
353,冠軍,Na
353,兩,Neu
353,屆,Nf
353,冠軍,Na
353,北歐,Nc
353,烘焙,VC
353,冠軍,Na
353,這樣子,Dk
353,台灣,Nc
353,的,DE
353,國民,Na
353,飲料,Na
353,其實,D
353,不,D
353,是,SHI
353,手搖,A
353,而是,Cbb
353,咖啡,Na
353,嗎,T
353,有,V_2
353,沒,D
353,有,V_2
353,八卦,Na
354,只是,Cbb
354,看,VC
354,個,Di
354,球賽,Na
354,，,COMMACATEGORY
354,又,D
354,沒有,VJ
354,中華隊,Na
354,還,D
354,堅持,VK
354,要,D
354,買,VC
354,星巴克,Nb
354,咖啡,Na
354,的,DE
354,人,Na
354,在,P
354,叫,VE
354,什麼,Nep
354,明明,D
354,買,VC
354,小七,Nb
354,拿,VC
354,鐵值,Na
354,高,VH
354,，,COMMACATEGORY
354,又,D
354,方便,VH
354,如,P
354,題,Na
354,星巴克拿,Nb
354,鐵,Na
354,真的,D
354,屌打,D
354,統超,VC
354,拿,VC
354,鐵,Na
354,嗎,T
355,反正,D
355,是,SHI
355,祖國,Nc
355,又,D
355,有,V_2
355,大谷祥,Na
355,平具,VJ
355,實力,Na
355,以及,Caa
355,話題性,Na
355,的,DE
355,球星,Na
355,是,SHI
355,不,D
355,是,SHI
355,根本,D
355,應該,D
355,支持,VC
355,日本,Nc
355,啊,T
355,還,D
355,在,P
355,甚麼,Nep
355,中華隊,Na
355,大家,Nh
355,覺得,VK
355,呢,T
356,中國,Nc
356,歲,Nf
356,投手,Na
356,先,D
356,是,SHI
356,對,P
356,日本,Nc
356,連,Cbb
356,發,VD
356,滿壘,VH
356,居然,D
356,只,Da
356,掉分,VC
356,還,D
356,在,P
356,本壘,Na
356,殺,VC
356,日本,Nc
356,跑者,Na
356,接下來,D
356,投手,Na
356,牽制,VC
356,日本,Nc
356,壘跑,VA
356,者,Na
356,出局,VH
356,然後,D
356,再度,D
356,滿壘,VH
356,時,Ng
356,對上,VC
356,大谷,Nb
356,結果,Dk
356,換投,VC
356,拆彈,Na
356,成功,VH
356,解決,VC
356,大谷,Nb
356,失分,VH
356,這,Nep
356,劇情,Na
356,換成,VG
356,中華隊,Na
356,起碼,Da
356,掉,VH
356,五,Neu
356,分,Nf
356,以上,Neqb
356,了,T
356,吧,T
356,中國,Nc
356,太,Dfa
356,猛,VH
356,了,T
356,欸,I
357,剛剛,D
357,中國,Nc
357,投手,Na
357,，,COMMACATEGORY
357,滿壘,VH
357,解決,VC
357,大谷翔,Nb
357,平,VH
357,打到,VC
357,現在,Nd
357,才,Da
357,讓,VL
357,日本,Nc
357,得分,VH
357,中國,Nc
357,是,SHI
357,對上,VC
357,目前,Nd
357,最,Dfa
357,強,VH
357,的,DE
357,隊伍,Na
357,日本隊,Na
357,，,COMMACATEGORY
357,可,D
357,不,D
357,是,SHI
357,巴拿馬,Nc
357,這,Nep
357,種,Nf
357,小咖隊,Na
357,中國,Nc
357,投手,Na
357,等級,Na
357,防守,VC
357,都,D
357,做,VC
357,得,DE
357,蠻,Dfa
357,不錯,VH
357,的,DE
357,真的,D
357,非,VG
357,昔日,Nd
357,吳下阿蒙,Na
357,了,T
357,下,Nes
357,次,Nf
357,中國,Nc
357,台北隊,Na
357,遇到,VC
357,祖國,Nc
357,中國隊,Na
357,，,COMMACATEGORY
357,還,D
357,有,V_2
357,信心,Na
357,能,D
357,贏,VD
357,嗎,T
357,畢竟,D
357,只,Da
357,是,SHI
357,省隊,Na
357,而已,T
357,卦卦,Na
358,大谷,Nb
358,就,D
358,不用說,Dk
358,的,DE
358,球質,Na
358,，,COMMACATEGORY
358,沒,D
358,得,D
358,打,VC
358,投手,Na
358,以為,VE
358,會,D
358,被,P
358,波帶走,VC
358,結果,Dk
358,直,D
358,保送,VC
358,也,D
358,只,Da
358,得分,VH
358,塞到,VC
358,滿壘,VH
358,不,D
358,是,SHI
358,被,P
358,牽制,VC
358,就,D
358,是,SHI
358,大谷鳥,Na
358,滾,VA
358,結束,VHC
358,中國,Nc
358,投手,Na
358,雖然,Cbb
358,抖抖,VA
358,但,Cbb
358,看起來,D
358,都,D
358,能,D
358,安然,D
358,下庄,VA
358,怎麼,VH
358,中華隊,Na
358,就,D
358,被,P
358,直接,VH
358,大局,Na
358,怎麼,D
358,感覺,VK
358,投手,Na
358,比,P
358,中華隊,Na
358,還,Dfa
358,穩,VH
358,有,V_2
358,中國,Nc
358,已經,D
358,算,VG
358,贏,VD
358,的,DE
358,掛,VC
358,嗎,T
359,義大利,Nc
359,明戰,Na
359,中華隊,Na
359,皮亞薩,Nb
359,不能,D
359,低估,VJ
359,對手,Na
359,記者,Na
359,陳立勳,Nb
359,台中,Nc
359,報導,VE
359,年,Na
359,經典,Na
359,賽日,Nd
359,晚間,Nd
359,在,P
359,台中,Nc
359,洲際,Nc
359,球場,Nc
359,由,P
359,義大利,Nc
359,交手,VA
359,古巴,Nc
359,，,COMMACATEGORY
359,明天,Nd
359,義大利,Nc
359,將,D
359,對上,VC
359,中華隊,Na
359,，,COMMACATEGORY
359,義,Na
359,大利,Nb
359,總教練,Na
359,皮亞薩,Nb
359,表示,VE
359,，,COMMACATEGORY
359,不能,D
359,低估,VJ
359,對手,Na
359,明天,Nd
359,將,D
359,碰上,VC
359,中華隊,Na
359,，,COMMACATEGORY
359,皮亞薩,Nb
359,表示,VE
359,，,COMMACATEGORY
359,我們,Nh
359,預期,VE
359,中華隊,Na
359,會,D
359,在,P
359,主場,Na
359,很,Dfa
359,難,VH
359,應付,VC
359,，,COMMACATEGORY
359,每,Nes
359,支,Nf
359,球隊,Na
359,都,D
359,可能,D
359,遇到,VC
359,挑戰,Na
359,，,COMMACATEGORY
359,這,Nep
359,就,D
359,是,SHI
359,棒球,Na
359,，,COMMACATEGORY
359,不能,D
359,低估,VJ
359,對手,Na
359,，,COMMACATEGORY
359,全力以赴,VH
359,應,D
359,對,P
359,每,Nes
359,場,Nf
359,比賽,Na
359,，,COMMACATEGORY
359,每,Nes
359,支,Nf
359,球隊,Na
359,為,P
359,了,Di
359,榮譽,Na
359,而,Cbb
359,戰,VA
359,，,COMMACATEGORY
359,尤其,D
359,經典賽,Na
359,，,COMMACATEGORY
359,中華隊,Na
359,是,SHI
359,基本功,Na
359,非常,Dfa
359,好,VH
359,的,DE
359,球隊,Na
359,，,COMMACATEGORY
359,或許,D
359,力道,Na
359,與,Caa
359,身材,Na
359,不,D
359,像,P
359,美國,Nc
359,那麼,D
359,優異,VH
359,，,COMMACATEGORY
359,但,Cbb
359,紀,Nb
359,律,Na
359,與,Caa
359,基本功,Na
359,，,COMMACATEGORY
359,甚至於,D
359,控球,VA
359,也,D
359,很,Dfa
359,好,VH
359,，,COMMACATEGORY
359,都,D
359,不,D
359,是,SHI
359,那麼,D
359,容易,VH
359,對付,VC
359,，,COMMACATEGORY
359,不能,D
359,視為,VG
359,理所當然,VH
359,，,COMMACATEGORY
359,我,Nh
359,告訴,VE
359,球員,Na
359,預賽,Na
359,就,D
359,是,SHI
359,場,Nf
359,比賽,Na
359,，,COMMACATEGORY
359,每,Nes
359,場,Nf
359,能夠,D
359,輕忽,VJ
359,，,COMMACATEGORY
359,不能,D
359,因為,Cbb
359,結果,Na
359,影響,VC
359,，,COMMACATEGORY
359,要,D
359,拿到,VC
359,勝利,VH
359,爭取,VC
359,晉級,VJ
359,今天,Nd
359,義大利,Nc
359,派出,VC
359,哈維,Nb
359,先發,VA
359,迎戰,VC
359,古巴,Nc
359,，,COMMACATEGORY
359,皮亞薩,Nb
359,表示,VE
359,，,COMMACATEGORY
359,哈維,Nb
359,是,SHI
359,很,Dfa
359,有,V_2
359,經驗,Na
359,的,DE
359,投手,Na
359,，,COMMACATEGORY
359,在,P
359,世界,Nc
359,大賽,Na
359,出賽,VA
359,過,Di
359,，,COMMACATEGORY
359,也,D
359,非常,Dfa
359,努力,VH
359,融入,VC
359,這,Nep
359,支,Nf
359,球隊,Na
359,，,COMMACATEGORY
359,雖然,Cbb
359,名字,Na
359,聽起來,D
359,不,D
359,像,VG
359,義大利人,Na
359,，,COMMACATEGORY
359,但,Cbb
359,他,Nh
359,的,DE
359,母親,Na
359,來自,VJ
359,義大利,Nc
359,，,COMMACATEGORY
359,蠻,Dfa
359,驚訝,VK
359,他,Nh
359,是,SHI
359,義大利,Nc
359,血統,Na
359,，,COMMACATEGORY
359,大家,Nh
359,都,D
359,非常,Dfa
359,興奮,VH
359,與,Caa
359,期待,VK
359,，,COMMACATEGORY
359,希望,VK
359,他,Nh
359,有,V_2
359,好,VH
359,表現,Na
359,，,COMMACATEGORY
359,古巴,Nc
359,裡面,Ncd
359,有,V_2
359,球員,Na
359,有,V_2
359,大聯盟,Na
359,經驗,Na
359,，,COMMACATEGORY
359,知道,VK
359,怎麼,D
359,打球,VA
359,，,COMMACATEGORY
359,打擊,Na
359,比較,Dfa
359,積極,VH
359,，,COMMACATEGORY
359,牛棚,Na
359,也,D
359,有,V_2
359,很,Dfa
359,好,VH
359,的,DE
359,投手,Na
359,，,COMMACATEGORY
359,有,V_2
359,很,Dfa
359,強,VH
359,的,DE
359,棒球,Na
359,傳統,Na
359,，,COMMACATEGORY
359,是,SHI
359,不能,D
359,低估,VJ
359,的,DE
359,球隊,Na
359,，,COMMACATEGORY
359,昨天,Nd
359,輸球,VH
359,了,Di
359,更,D
359,是,SHI
359,背水戰,Na
359,，,COMMACATEGORY
359,我們,Nh
359,也,D
359,做好,VC
359,功課,Na
359,，,COMMACATEGORY
359,球,Na
359,員,Na
359,對,P
359,他們,Nh
359,也,D
359,有,V_2
359,瞭解,VK
359,，,COMMACATEGORY
359,不會,D
359,低估,VJ
359,他們,Nh
359,，,COMMACATEGORY
359,蠻,Dfa
359,欣賞,VJ
359,他們,Nh
359,的,DE
359,球風,Na
359,這,Nep
359,次,Nf
359,義大利,Nc
359,教練團,Na
359,有,V_2
359,來自,VJ
359,台灣,Nc
359,的,DE
359,徐志維,Nb
359,，,COMMACATEGORY
359,皮亞薩,Nb
359,表示,VE
359,，,COMMACATEGORY
359,徐志維,Nb
359,對於,P
359,中華隊,Na
359,有,V_2
359,認識,VJ
359,，,COMMACATEGORY
359,我,Nh
359,已,D
359,經,P
359,把,P
359,他,Nh
359,當成,VG
359,義大利人,Na
359,看待,VC
359,，,COMMACATEGORY
359,對,P
359,我們,Nh
359,有,V_2
359,很,Dfa
359,大,VH
359,的,DE
359,幫助,VC
359,，,COMMACATEGORY
359,已經,D
359,做出,VC
359,很多,Neqa
359,貢獻,Na
359,，,COMMACATEGORY
359,希望,VK
359,可以,D
359,把,P
359,他,Nh
359,帶去,VC
359,美國,Nc
359,，,COMMACATEGORY
359,球隊,Na
359,昨天,Nd
359,比賽,Na
359,輪空,VH
359,，,COMMACATEGORY
359,我們,Nh
359,希望,VK
359,賽程,Na
359,對,P
359,我們,Nh
359,是,SHI
359,有,V_2
359,好處,Na
359,的,T
359,，,COMMACATEGORY
359,但,Cbb
359,賽程,Na
359,必須,D
359,要,D
359,去,D
359,面對,VC
359,，,COMMACATEGORY
359,不能,D
359,改變,VC
359,的,T
359,，,COMMACATEGORY
359,有,V_2
359,時間,Na
359,觀察,VE
359,其他,Neqa
359,球隊,Na
359,，,COMMACATEGORY
359,在,P
359,場,Nc
359,上,Ncd
359,能不能,D
359,執行,VC
359,策略,Na
359,，,COMMACATEGORY
359,不能,D
359,只,Da
359,靠,VJ
359,球探,Na
359,報告,VE
359,，,COMMACATEGORY
359,需要,VK
359,有,V_2
359,好,VH
359,的,DE
359,執行,VC
359,，,COMMACATEGORY
359,希望,VK
359,發揮,VJ
359,團隊,Na
359,強項,Na
359,////,FW
360,剛剛,D
360,中國隊,Na
360,在,P
360,滿壘,VH
360,兩,Neu
360,出局,VH
360,的,DE
360,情況,Na
360,下,Ng
360,日本隊,Na
360,派出,VC
360,了,Di
360,蘿莉,Nb
360,控,VC
360,大谷翔,Nb
360,平,VH
360,原本,D
360,想來,D
360,個,Di
360,滿貫砲,Na
360,但,Cbb
360,事,Na
360,與,Caa
360,願,Na
360,違,VJ
360,如果,Cbb
360,這,Nep
360,情形,Na
360,給,VD
360,中華隊,Na
360,來,D
360,投球,VA
360,會,D
360,失,VJ
360,幾,Neu
360,分,Nf
360,呢,T
361,略,D
361,不能,D
361,低估,VJ
361,對手,Na
361,台灣,Nc
361,都,D
361,是,SHI
361,精銳,Na
361,盡出,VA
361,~,FW
361,明天,Nd
361,義大利,Nc
361,定,D
361,是,SHI
361,場,Nf
361,硬戰,Na
361,義大利,Nc
361,這,Nep
361,個,Nf
361,連,Cbb
361,世界盃,Nb
361,都,D
361,踢,VC
361,不,D
361,進,VC
361,的,DE
361,國家,Na
361,明天,Nd
361,我們,Nh
361,定,D
361,要,D
361,踢爆,VC
361,義大利,Nc
362,如果,Cbb
362,是,SHI
362,中華隊,Na
362,連續,VH
362,六,Neu
362,保送,VC
362,有,V_2
362,可能,D
362,可以,D
362,幹掉,VC
362,大谷,Nb
362,嗎,T
362,目前,Nd
362,打到,VC
362,現在,Nd
362,才,Da
362,要是,Cbb
362,中華隊,Na
362,怎麼,D
362,可能,D
362,扛,VC
362,得,DE
362,住,VC
362,現在,Nd
362,的,DE
362,中華隊,Na
362,是,SHI
362,不,D
362,是,SHI
362,打,VC
362,不,D
362,贏,VD
362,中國隊,Na
362,了,T
363,對,P
363,大谷,Nb
363,都,D
363,跟,P
363,的,DE
363,到,VCL
363,更,Dfa
363,別,D
363,說,VE
363,還,D
363,打出,VC
363,支,Nf
363,安打,Na
363,反觀,VC
363,中華,Nc
363,台北,Nc
363,聽說,VE
363,是,SHI
363,國球,Na
363,應該,D
363,連,D
363,碰,VC
363,都,D
363,碰,VC
363,不,D
363,到,VC
363,吧,T
363,中國,Nc
363,是,SHI
363,不,D
363,是,SHI
363,都,D
363,比,P
363,中華隊,Na
363,強,VH
363,了,T
364,台灣,Nc
364,在,P
364,經典賽,Na
364,自,P
364,參加,VC
364,以來,Ng
364,勝,VH
364,難,VH
364,求,VC
364,前前後後,D
364,，,COMMACATEGORY
364,只,Da
364,贏,VD
364,過,Di
364,三,Neu
364,場,Nf
364,昨天,Nd
364,會,D
364,有,V_2
364,這,Nep
364,成績,Na
364,也,D
364,不,D
364,算,VG
364,太,Dfa
364,意外,VK
364,吧,T
364,比較,Dfa
364,讓,VL
364,外國人,Na
364,意外,VK
364,的,DE
364,是,SHI
364,台灣,Nc
364,棒球,Na
364,綜合,A
364,排名,VG
364,世界,Nc
364,第二,Neu
364,但,Cbb
364,實戰,Na
364,成績,Na
364,，,COMMACATEGORY
364,慘不忍睹,VH
364,這,Nep
364,讓,VL
364,人,Na
364,對不上來,VA
364,好了,T
364,，,COMMACATEGORY
364,不,D
364,說,VE
364,了,Di
364,再說,Dk
364,下去,Di
364,就,D
364,太,Dfa
364,殘忍,VH
364,了,T
364,你,Nh
364,各位,Nh
364,，,COMMACATEGORY
364,台灣,Nc
364,的,DE
364,棒球,Na
364,還,D
364,有,V_2
364,救,VC
364,嗎,T
365,媒體,Na
365,來源,Na
365,中,Ng
365,時,Ng
365,記者,Na
365,署名,VC
365,池宗玲,Nb
365,完整,VH
365,新聞,Na
365,標題,Na
365,林襄,Nb
365,爆,VH
365,哭認,VE
365,心情,Na
365,敏感,VH
365,坦言,VE
365,過,Di
365,瘦曝,VC
365,體重,Na
365,數字,Na
365,完整,VH
365,新聞,Na
365,內文,Na
365,啦啦隊,Na
365,女神,Na
365,林襄,Nb
365,今日,Nd
365,與,P
365,隊友,Na
365,筠熹,Nb
365,曲曲,Nb
365,阿布舞,Nb
365,出席,VC
365,眼科,Nc
365,活動,Na
365,，,COMMACATEGORY
365,林襄,Nb
365,日前,Nd
365,在,P
365,限動,VHC
365,分,VC
365,享,VJ
365,，,COMMACATEGORY
365,被,P
365,媒體,Na
365,問到,VE
365,近期,Nd
365,壓力,Na
365,是否,D
365,太,Dfa
365,大,VH
365,她,Nh
365,表示,VE
365,就算,Cbb
365,有,V_2
365,壓力,Na
365,，,COMMACATEGORY
365,也,D
365,會,D
365,珍惜,VJ
365,每,Nes
365,份,Nf
365,工作,Na
365,談到,VE
365,日,Nc
365,晚間,Nd
365,中華隊,Na
365,敗給,VJ
365,巴拿馬,Nc
365,的,DE
365,賽事,Na
365,，,COMMACATEGORY
365,會,D
365,失落,VH
365,嗎,T
365,林襄,Nb
365,表示,VE
365,啦啦隊,Na
365,都,D
365,很,Dfa
365,正向,VH
365,，,COMMACATEGORY
365,會,D
365,繼續,VF
365,做好,VC
365,啦啦隊,Na
365,該,D
365,做,VC
365,的,DE
365,應援,VC
365,她,Nh
365,月,Na
365,錄製,VC
365,外景,Na
365,時,Ng
365,，,COMMACATEGORY
365,身體,Na
365,不適,VH
365,後,Ng
365,緊急,VH
365,就醫,VA
365,，,COMMACATEGORY
365,今,Nd
365,被,P
365,問起,VE
365,身體,Na
365,狀況,Na
365,，,COMMACATEGORY
365,她,Nh
365,坦言,VE
365,過,Dfa
365,瘦,VH
365,，,COMMACATEGORY
365,目前,Nd
365,體重,Na
365,大,VH
365,約,Da
365,公斤,Nf
365,，,COMMACATEGORY
365,想,VE
365,再,D
365,吃,VC
365,胖點,Na
365,其他,Neqa
365,啦啦隊,Na
365,女孩,Na
365,擔憂,VK
365,的,DE
365,說,VE
365,怕,VK
365,林襄,Nb
365,沒有,VJ
365,公斤,Nf
365,，,COMMACATEGORY
365,區區,Da
365,則,D
365,說,VE
365,可能,D
365,都,D
365,胖,VH
365,在,P
365,該,Nes
365,胖,VH
365,的,DE
365,地方,Na
365,，,COMMACATEGORY
365,害,VC
365,得,DE
365,林襄,Nb
365,害羞,VH
365,不已,Dfb
365,近日,Nd
365,網友,Na
365,們,Na
365,討論,VE
365,王淨,Nb
365,林襄,Nb
365,誰,Nh
365,是,SHI
365,真,VH
365,女神,Na
365,對,P
365,此,Nep
365,，,COMMACATEGORY
365,林襄,Nb
365,謙虛,VH
365,表示,VE
365,人,Na
365,屬於,VG
365,不同,VH
365,路線,Na
365,，,COMMACATEGORY
365,不,D
365,覺得,VK
365,自己,Nh
365,贏,VD
365,，,COMMACATEGORY
365,我,Nh
365,跟,P
365,她,Nh
365,不,D
365,熟,VH
365,，,COMMACATEGORY
365,沒有,VJ
365,辦法,Na
365,做出,VC
365,評論,Na
365,筠熹,Nb
365,說,VE
365,人,Na
365,都,D
365,是,SHI
365,女神,Na
365,，,COMMACATEGORY
365,林襄,Nb
365,是,SHI
365,啦啦隊,Na
365,代表,Na
365,，,COMMACATEGORY
365,我,Nh
365,朋友,Na
365,的,DE
365,男友,Na
365,是,SHI
365,韓國人,Na
365,，,COMMACATEGORY
365,他,Nh
365,也,D
365,知道,VK
365,林襄,Nb
365,，,COMMACATEGORY
365,還,D
365,說,VE
365,提到,VE
365,啦啦隊,Na
365,就,D
365,會,D
365,想到,VE
365,林襄,Nb
365,，,COMMACATEGORY
365,林襄,Nb
365,說,VE
365,是,SHI
365,先,D
365,看到,VE
365,郭書瑤,Nb
365,拍,VC
365,，,COMMACATEGORY
365,覺,VK
365,得,D
365,很,Dfa
365,漂亮,VH
365,所以,Cbb
365,跟,P
365,著,Di
365,拍,VC
365,，,COMMACATEGORY
365,我們,Nh
365,大概,D
365,早上,Nd
365,六點,Nd
365,就,D
365,起床,VA
365,化妝,VB
365,，,COMMACATEGORY
365,也,D
365,是,SHI
365,怕,VK
365,被,P
365,旁邊,Ncd
365,的,DE
365,人,Na
365,關注,VJ
365,她,Nh
365,這,Nep
365,趟,Nf
365,旅程,Na
365,不僅,Cbb
365,吃飯,VA
365,時,Ng
365,巧遇,VC
365,賈永婕,Nb
365,，,COMMACATEGORY
365,還,D
365,在,P
365,逛,VC
365,被,P
365,粉絲,Na
365,認出,VJ
365,，,COMMACATEGORY
365,大喊,VE
365,她,Nh
365,的,DE
365,名字,Na
365,完整,VH
365,新聞,Na
365,連結,VC
365,或,Caa
365,短,VH
365,網址,Na
365,不可,D
365,用,VC
365,等,Cab
365,轉載,VC
365,媒體,Na
365,////,FW
365,備註,VE
365,可惡,VH
365,想,VE
365,把,P
365,她,Nh
365,餵胖,VC
366,各位,Nh
366,奶,Na
366,三十,Neu
366,公分,Nf
366,帥哥,Na
366,美女,Na
366,大家,Nh
366,晚安,VH
366,大家,Nh
366,豪ㄛ,VH
366,就,D
366,是,SHI
366,阿小,Nb
366,魯熊熊,Nb
366,觀察到,VE
366,個,Di
366,好奇,VH
366,的,DE
366,問題,Na
366,想,VE
366,問問,VE
366,大家,Nh
366,，,COMMACATEGORY
366,小魯,Nb
366,剛剛,D
366,在,D
366,看,VC
366,新聞,Na
366,，,COMMACATEGORY
366,為了,P
366,避免,VE
366,被,P
366,貼上,VC
366,中共,Nb
366,同路人,Na
366,的,DE
366,標籤,Na
366,，,COMMACATEGORY
366,特別,VH
366,選愛,VC
366,台灣,Nc
366,的,DE
366,民視,Nc
366,新聞,Na
366,☺,FW
366,剛剛好,Da
366,在,P
366,播報,VC
366,記者,Na
366,採訪,VC
366,林襄,Nb
366,，,COMMACATEGORY
366,大概,D
366,的,DE
366,意思,Na
366,是,SHI
366,昨天,Nd
366,輸球,VH
366,不要,D
366,氣餒,VH
366,，,COMMACATEGORY
366,繼續,VF
366,為,P
366,中華隊,Na
366,健兒,Na
366,加油,VB
366,，,COMMACATEGORY
366,結果,Dk
366,林襄,Nb
366,講,VE
366,的,DE
366,是,SHI
366,為,P
366,中華隊,Na
366,加油,VB
366,，,COMMACATEGORY
366,民視,Nc
366,的,DE
366,字幕,Na
366,特地,D
366,打成,VG
366,台灣隊,Na
366,加油,VB
366,，,COMMACATEGORY
366,真的,D
366,是,SHI
366,很,Dfa
366,努力,VH
366,捏,VC
366,，,COMMACATEGORY
366,看到,VE
366,這,Nep
366,種,Nf
366,狀況,Na
366,真,D
366,是,SHI
366,哭笑不得,VH
366,，,COMMACATEGORY
366,只,Da
366,會,D
366,鍵盤,Na
366,改字,VG
366,台獨,Na
366,，,COMMACATEGORY
366,其他,Neqa
366,謀,VC
366,三,Neu
366,小,VH
366,簍,Nf
366,用,VC
366,查,VE
366,了,Di
366,下,Nes
366,版,Na
366,上,Ncd
366,，,COMMACATEGORY
366,原來,D
366,三立,Nb
366,新聞,Na
366,自由時報,Nb
366,也,D
366,是,SHI
366,這樣,VH
366,改字台,VA
366,獨,D
366,自,P
366,嗨,I
366,，,COMMACATEGORY
366,不愧,D
366,是,SHI
366,三民自,Na
366,，,COMMACATEGORY
366,小魯,Nb
366,就,D
366,好奇,VH
366,了,T
366,，,COMMACATEGORY
366,三立,Nb
366,新聞,Na
366,民視,Nc
366,自由時報,Nb
366,是,SHI
366,不,D
366,是,SHI
366,只,Da
366,會,D
366,鍵盤,Na
366,台獨,Na
366,，,COMMACATEGORY
366,跟覺,VK
366,青樣☺,VH
366,有,V_2
366,沒有,VJ
366,三立,Nb
366,新聞,Na
366,民視,Nc
366,自由時報,Nb
366,只,Da
366,會,D
366,窩,VA
366,著,Di
366,改名,VG
366,鍵盤,Na
366,台獨,Na
366,的,DE
366,八卦,Na
366,啊☺☺☺,I
367,是,SHI
367,說,VE
367,棒球,Na
367,在,P
367,中國,Nc
367,是,SHI
367,超冷門,Na
367,的,DE
367,運動,Na
367,但,Cbb
367,好像,D
367,有,V_2
367,在,P
367,中國,Nc
367,培養,VC
367,人才,Na
367,應該,D
367,是,SHI
367,想要,VE
367,開拓,VC
367,中國,Nc
367,的,DE
367,棒球,Na
367,市場,Nc
367,不過,Cbb
367,中國,Nc
367,般,Ng
367,人,Na
367,跟,P
367,中國,Nc
367,政府,Na
367,似乎,D
367,沒,VJ
367,啥,Nep
367,興趣,Na
367,我,Nh
367,猜,VE
367,搞,VE
367,不,D
367,好,VH
367,就是,Cbb
367,因為,Cbb
367,中國,Nc
367,政府,Na
367,不,D
367,重視,VJ
367,反而,Cbb
367,有,V_2
367,不錯,VH
367,的,DE
367,發展,VC
367,套,VC
367,句,Nf
367,中國人,Na
367,的,DE
367,說法,Na
367,不管,Cbb
367,就,D
367,亂,VH
367,，,COMMACATEGORY
367,管,VE
367,就,D
367,完蛋,VH
367,_,FW
368,別的,Neqa
368,先,D
368,不,D
368,說,VE
368,目前,Nd
368,淪陷區,Nc
368,被,P
368,滿壘次,Na
368,沒,D
368,失分,VH
368,失分,Na
368,都,D
368,是,SHI
368,被,P
368,打,VC
368,安打,Na
368,先,D
368,看看,VE
368,昨天,Nd
368,我們,Nh
368,差點,D
368,被,P
368,巴拿馬,Nc
368,摳荳,VC
368,那,Nep
368,場,Nf
368,滿壘,VH
368,都,D
368,不,D
368,知道,VK
368,丟,VC
368,了,Di
368,幾,Neu
368,分,Nf
368,可憐,VHC
368,吶,T
369,還,D
369,記得,VK
369,之前,Ng
369,都,D
369,會,D
369,有,V_2
369,日,Nc
369,球迷,Na
369,出來,VA
369,批判,VC
369,為什麼,D
369,這,Nep
369,次,Nf
369,沒有,VJ
369,日,Nc
369,球迷,Na
369,啊,T
369,還是,D
369,中華隊,Na
369,爛到,VH
369,不,D
369,知道,VK
369,要,D
369,從,P
369,哪,Nep
369,邊,Ncd
369,吐槽,VB
369,了,Di
370,目前,Nd
370,的,DE
370,中國隊,Na
370,的確,D
370,比,P
370,現在,Nd
370,的,DE
370,中國,Nc
370,中華,Nc
370,台北隊,Na
370,強,VH
370,ㄟ,FW
370,光,Da
370,看,VC
370,前,Nes
370,三,Neu
370,局,Nf
370,表現,VC
370,只,Da
370,失分,VH
370,就,D
370,可以,D
370,看出,VE
370,中國隊,Na
370,投手,Na
370,群,Na
370,比,P
370,中國,Nc
370,中華,Nc
370,台北隊,Na
370,強,VH
370,果然,D
370,中國,Nc
370,已,D
370,非,VG
370,昔日,Nd
370,吳下,VC
370,阿蒙,Nb
370,若,Cbb
370,不,D
370,是,SHI
370,大谷,Nb
370,兩,Neu
370,分,Nf
370,打點,Na
370,安打,Na
370,可能,D
370,整,Neqa
370,場,Nf
370,筆下來,VA
370,會,D
370,是,SHI
370,結論,Na
370,就,D
370,是,SHI
370,目前,Nd
370,中國隊,Na
370,中國,Nc
370,中華,Nc
370,台北隊,Na
371,昨天,Nd
371,巴拿馬,Nc
371,打球,VA
371,的,DE
371,時候,Na
371,很,Dfa
371,安靜,VH
371,可是,Cbb
371,中華隊,Na
371,進攻,VCL
371,的,DE
371,時候,Na
371,超熱鬧,VH
371,的,DE
371,會,D
371,喊,VE
371,球員,Na
371,的,DE
371,名字,Na
371,現場,Nc
371,的,DE
371,聲音,Na
371,啦啦隊,Na
371,女孩,Na
371,的,DE
371,腿,Na
371,雖然,Cbb
371,球技,Na
371,不如,VJ
371,人,Na
371,但是,Cbb
371,現場,Nc
371,應援,VC
371,超讚,VH
371,的,T
371,吧,T
372,世界,Nc
372,棒球,Na
372,經典,Na
372,賽組,Na
372,預賽,Na
372,在,P
372,東京,Nc
372,舉辦,VC
372,中國,Nc
372,日本,Nc
372,中國,Nc
372,投手,Na
372,群,Na
372,到局,Nc
372,只,Da
372,讓,VL
372,日本,Nc
372,得分,Na
372,不,D
372,說,VE
372,梁培,Nb
372,還,D
372,從,P
372,去年,Nd
372,日本,Nc
372,中央,Nc
372,聯盟,Na
372,三振,VC
372,王,Nb
372,的,DE
372,手,Na
372,中,Ncd
372,敲出,VC
372,全壘打,Na
372,幫助,VC
372,中國,Nc
372,破蛋,VA
372,有,V_2
372,沒,D
372,有,V_2
372,中國,Nc
372,的,DE
372,棒球,Na
372,讓,VL
372,人,Na
372,感到,VK
372,意外,Na
372,的,DE
372,卦,Na
373,如,P
373,題,Na
373,，,COMMACATEGORY
373,就,D
373,是,SHI
373,阿,T
373,記得,VK
373,多,Neqa
373,年,Nf
373,前,Ng
373,我們,Nh
373,遇到,VC
373,中國,Nc
373,棒球隊,Na
373,幾乎,Da
373,都,D
373,是,SHI
373,練兵,VA
373,但,Cbb
373,今年,Nd
373,的,DE
373,中國,Nc
373,棒球隊,Na
373,好像,D
373,很,Dfa
373,猛,VH
373,還可以,D
373,打,VC
373,日本隊,Na
373,全壘打,Na
373,如果,Cbb
373,我們,Nh
373,打,VC
373,中國隊,Na
373,是,SHI
373,開,VC
373,嗎,T
373,有,V_2
373,卦,Na
374,對上,VC
374,先發,VA
374,大谷,Nb
374,的,DE
374,日本隊,Na
374,還,D
374,能,D
374,有來有,VJ
374,往,P
374,這,Nep
374,屆,Nf
374,的,DE
374,中國隊,Na
374,肯定,VK
374,是,SHI
374,打,VC
374,了,Di
374,針,Na
374,或,Caa
374,吃,VC
374,了,Di
374,藥,Na
374,覺得,VK
374,比,P
374,世界,Nc
374,第二,Neu
374,的,DE
374,中華隊,Na
374,還,Dfa
374,強,VH
374,不,D
374,知道,VK
374,各,Nes
374,位,Nf
374,怎麼,D
374,看,VC
375,如果說,Cbb
375,是,SHI
375,的話,Cba
375,就,D
375,是,SHI
375,開,VC
375,阿,T
375,兩,Neu
375,隊,Nf
375,對戰,VA
375,勝敗,Na
375,平手,VH
375,隊隊史,Na
375,三,Neu
375,勝隊,Na
375,兩,Neu
375,勝,VH
375,看起來,D
375,實力,Na
375,就,D
375,差不多,VH
376,經典賽,Na
376,分組,Nv
376,每,Nes
376,組,Nf
376,都,D
376,有,V_2
376,個,Nf
376,看起來,D
376,就,D
376,是,SHI
376,給,VD
376,其他,Neqa
376,國家,Na
376,刷爽用,A
376,的,DE
376,像是,SHI
376,英國,Nc
376,捷克菲律賓,Nb
376,這,Nep
376,種,Nf
376,組,Nc
376,本來,D
376,以為,VE
376,比較,Dfa
376,弱,VH
376,的,DE
376,是,SHI
376,巴拿馬,Nc
376,結果,Dk
376,中華隊,Na
376,差點,D
376,被,P
376,扣倒,VC
376,是,SHI
376,不,D
376,是,SHI
376,中華隊,Na
376,才,Da
376,是,SHI
376,組,Nc
376,的,DE
376,靶子隊,Na
376,有,V_2
376,沒,D
376,有,V_2
376,八卦,Na
377,這,Nep
377,次,Nf
377,的,DE
377,中國隊,Na
377,怎麼,D
377,有,V_2
377,種,Nf
377,以前,Nd
377,中華隊,Na
377,的,DE
377,既視感,Na
377,真的,D
377,是,SHI
377,這,Nep
377,屆,Nf
377,大,VH
377,黑馬,Na
377,我,Nh
377,看,VE
377,日本,Nc
377,不,D
377,勒,VC
377,緊褲帶,Na
377,真,D
377,得,D
377,會,D
377,翻船,VH
377,ㄟ,FW
377,不要,D
377,不,D
377,信,VK
377,邪,VH
377,早,D
377,知道,VK
377,壓,VC
377,中國,Nc
377,贏,VD
378,看,VC
378,賽程,Na
378,安排,VE
378,，,COMMACATEGORY
378,中華隊,Na
378,其實,D
378,還,D
378,蠻,Dfa
378,吃香,VH
378,例如,P
378,昨天,Nd
378,對手,Na
378,巴拿馬,Nc
378,，,COMMACATEGORY
378,昨晚,Nd
378,剛,D
378,打完,VC
378,中華隊,Na
378,，,COMMACATEGORY
378,今天,Nd
378,早上,Nd
378,就,D
378,要,D
378,跟,P
378,荷蘭,Nc
378,打,VC
378,，,COMMACATEGORY
378,而,Cbb
378,中華隊,Na
378,第二,Neu
378,場,Nf
378,比賽,Na
378,是,SHI
378,明天,Nd
378,晚上,Nd
378,打,VC
378,，,COMMACATEGORY
378,台灣,Nc
378,棒球,Na
378,目前,Nd
378,世界,Nc
378,排名,VG
378,第二,Neu
378,強,VH
378,，,COMMACATEGORY
378,加上,Cbb
378,有,V_2
378,地主,Na
378,優勢,Na
378,，,COMMACATEGORY
378,場,Nc
378,邊,Ncd
378,觀眾面,Na
378,倒,D
378,幫,P
378,中華隊,Na
378,加油,VB
378,中華隊,Na
378,這,Nep
378,次,Nf
378,經典賽,Na
378,預賽,Na
378,晉級,VJ
378,也,D
378,很,Dfa
378,合理,VH
378,吧,T
378,為什麼,D
378,中華隊,Na
378,棒球,Na
378,經典賽,Na
378,才,Da
378,輸場,Nc
378,就,D
378,被,P
378,那麼多,Neqa
378,人,Na
378,看扁,VJ
378,認為,VE
378,無法,D
378,晉級,VJ
379,如,P
379,題,Na
379,明朝,Nd
379,在,P
379,薩爾滸,Nc
379,戰役,Na
379,之前,Ng
379,直,D
379,把,P
379,自己,Nh
379,吹,VC
379,了,Di
379,多,Dfa
379,強,VH
379,多,Dfa
379,猛,VH
379,，,COMMACATEGORY
379,萬曆,Nd
379,三,Neu
379,大,VH
379,征,VC
379,三,Neu
379,戰,Na
379,全,Neqa
379,勝,VH
379,雖然,Cbb
379,戚繼光,Nb
379,退休,VH
379,，,COMMACATEGORY
379,李如松,Nb
379,戰死,VH
379,，,COMMACATEGORY
379,但,Cbb
379,我,Nh
379,明朝,Nd
379,猛將,Na
379,如雲,VH
379,，,COMMACATEGORY
379,用,VC
379,的,DE
379,就,D
379,可以,D
379,爆,VH
379,野豬皮,Na
379,，,COMMACATEGORY
379,結果,Dk
379,萬,Neu
379,被,P
379,像,P
379,殺,VC
379,雞樣,Na
379,宰,VC
379,了,Di
379,，,COMMACATEGORY
379,從此,D
379,明朝,Nd
379,軍隊,Na
379,蹶不振,VH
379,昨天,Nd
379,種花隊,Nb
379,雖然,Cbb
379,沒,D
379,被,P
379,扣豆,VA
379,，,COMMACATEGORY
379,保留,VC
379,部分,Neqa
379,臉面,Na
379,，,COMMACATEGORY
379,但是,Cbb
379,會不會,D
379,以後,Nd
379,跟,P
379,明軍,Na
379,樣,Ng
379,只,Da
379,能,D
379,種花,VA
379,以下,Ncd
379,開放,VC
379,留言,Na
379,你,Nh
379,行,VC
379,你,Nh
379,上,VCL
379,啊,T
380,以前,Nd
380,中華隊,Na
380,有,V_2
380,世界級,Na
380,的,DE
380,比賽,Na
380,時,Ng
380,麥當勞,Nc
380,都,D
380,會,D
380,轉播,VC
380,而且,Cbb
380,是,SHI
380,用,P
380,大投,VC
380,影幕,Na
380,男女,Na
380,老少,Na
380,起來,VA
380,麥當勞,Nc
380,看,VC
380,起,VJ
380,尖叫,VE
380,歡呼,VE
380,起罵,VC
380,髒話,Na
380,去,VCL
380,麥當勞,Nc
380,看,VC
380,過,Di
380,中華隊,Na
380,打棒球,VA
380,的,DE
380,都,D
380,幾,Neu
380,歲,Nf
380,了,T
381,備註,VE
381,請,VF
381,放,VC
381,最後,Nd
381,面違,VC
381,者,Na
381,新聞,Na
381,文章,Na
381,刪除,VC
381,媒體,Na
381,來源,Na
381,三立,Nb
381,記者,Na
381,署名,VC
381,蔣季容,Nb
381,完整,VH
381,新聞,Na
381,標題,Na
381,台灣,Nc
381,比,P
381,落後,VJ
381,球迷,Na
381,仍,D
381,熱情,VH
381,應援,VC
381,大聯盟,Na
381,記者,Na
381,目睹,VE
381,驚呼,VE
381,不,D
381,敢,VL
381,相信,VK
381,完整,VH
381,新聞,Na
381,內文,Na
381,///,FW
381,台灣隊,Na
381,以,P
381,比,P
381,慘敗,VH
381,巴拿馬,Nc
381,，,COMMACATEGORY
381,拿下,VC
381,首,Nes
381,敗,VH
381,圖,Na
381,記者,Na
381,劉彥池,Nb
381,攝影,VA
381,世界,Nc
381,棒球,Na
381,經典,Na
381,賽組,Na
381,預賽日,Na
381,開打,VH
381,，,COMMACATEGORY
381,台灣隊,Na
381,以,P
381,比,P
381,慘敗,VH
381,巴拿馬,Nc
381,儘管,Cbb
381,直,D
381,處於,VJ
381,落後,VJ
381,狀態,Na
381,，,COMMACATEGORY
381,但,Cbb
381,台灣,Nc
381,球迷,Na
381,及,Caa
381,啦啦隊,Na
381,仍,D
381,相當,Dfa
381,熱情,VH
381,應援,VC
381,，,COMMACATEGORY
381,讓,VL
381,旁,Ncd
381,的,DE
381,美國,Nc
381,大聯盟,Na
381,記者,Na
381,驚呼,VE
381,不,D
381,敢,VL
381,相信,VK
381,台灣隊,Na
381,昨日,Nd
381,比,P
381,輸球,VH
381,，,COMMACATEGORY
381,吞下,VC
381,經典賽,Na
381,首,D
381,敗,VH
381,，,COMMACATEGORY
381,大聯盟,Na
381,記者,Na
381,莫納根,Nb
381,也,D
381,到,VCL
381,洲際,Nc
381,球場,Nc
381,觀戰,VA
381,，,COMMACATEGORY
381,當時,Nd
381,已,D
381,是,SHI
381,第,Neu
381,局,Nf
381,，,COMMACATEGORY
381,台灣,Nc
381,仍,D
381,處於,VJ
381,落後,VJ
381,狀態,Na
381,，,COMMACATEGORY
381,他,Nh
381,直,D
381,呼,VE
381,球迷,Na
381,們,Na
381,仍然,D
381,站,VA
381,著,Di
381,歡呼,VE
381,跳舞,VA
381,唱歌,VA
381,，,COMMACATEGORY
381,真是,D
381,難以置信,VI
381,▲,Na
381,台灣,Nc
381,球迷,Na
381,熱情,VH
381,應援,VC
381,回顧,VE
381,賽事,Na
381,，,COMMACATEGORY
381,台灣隊,Na
381,的,DE
381,安打,Na
381,數,Na
381,和,Caa
381,巴拿馬,Nc
381,的,DE
381,安打,Na
381,數,Na
381,接近,VH
381,，,COMMACATEGORY
381,我國,Nc
381,也,D
381,有,V_2
381,主辦,VC
381,城市,Na
381,的,DE
381,優勢,Na
381,，,COMMACATEGORY
381,場,Nc
381,上,Ncd
381,可以,D
381,聽到,VE
381,滿滿,VH
381,的,DE
381,加油聲,Na
381,，,COMMACATEGORY
381,但,Cbb
381,巴拿馬隊,Nb
381,卻,D
381,能,D
381,克服,VJ
381,壓力,Na
381,拿下,VC
381,勝利,VH
381,對,P
381,此,Nep
381,，,COMMACATEGORY
381,巴拿馬隊,Nb
381,教練,Na
381,總教練,Na
381,歐提茲,Nb
381,表示,VE
381,，,COMMACATEGORY
381,當,P
381,巴拿馬,Nc
381,得分,VH
381,後,Ng
381,，,COMMACATEGORY
381,場,Nc
381,上,Ncd
381,台灣,Nc
381,觀眾,Na
381,就,D
381,會,D
381,安靜下來,VH
381,，,COMMACATEGORY
381,這時,Nd
381,他們,Nh
381,會,D
381,努力,VH
381,搶,VD
381,分,Nf
381,，,COMMACATEGORY
381,來,D
381,對抗,VC
381,台灣,Nc
381,的,DE
381,熱情,Na
381,應援,VC
381,儘管,Cbb
381,部分,Neqa
381,球迷,Na
381,相當,Dfa
381,熱情,VH
381,，,COMMACATEGORY
381,但,Cbb
381,前局,Nc
381,打完,VC
381,台灣隊,Na
381,以,P
381,分差,Na
381,比,P
381,落後,VJ
381,，,COMMACATEGORY
381,巨大,VH
381,差距,Na
381,讓,VL
381,部分,Neqa
381,球迷,Na
381,提前,VB
381,離場,VA
381,反觀,VC
381,現場,Nc
381,支持,VC
381,巴拿馬,Nc
381,的,DE
381,球迷,Na
381,則,D
381,是,SHI
381,臉,Na
381,上,Ncd
381,滿滿,VH
381,笑容,Na
381,///,FW
381,台灣隊局,Nc
381,上,Ncd
381,單局,Na
381,失分,VH
381,，,COMMACATEGORY
381,部分,Neqa
381,觀眾,Na
381,提前,VB
381,離席,VA
381,圖,Na
381,記者,Na
381,劉彥池,Nb
381,攝影,VA
381,完整,VH
381,新聞,Na
381,連結,VC
381,或,Caa
381,短,VH
381,網址,Na
381,不可,D
381,用,VC
381,等,Cab
381,轉載,VC
381,媒體,Na
381,///,FW
381,備註,VE
382,的,DE
382,預賽,Na
382,開打,VH
382,了,T
382,各,Nes
382,國,Nc
382,的,DE
382,球員,Na
382,們,Na
382,打,VC
382,的,DE
382,如火如荼,VH
382,有的,Neqa
382,表現,VC
382,亮眼,VH
382,讓,VL
382,人,Na
382,跌破,VC
382,眼鏡,Na
382,像,P
382,是,SHI
382,被,P
382,我們,Nh
382,看不起,VJ
382,的,DE
382,中國,Nc
382,，,COMMACATEGORY
382,連續,D
382,請,VF
382,大谷翔平,Nb
382,吃,VC
382,了,Di
382,也,D
382,只,Da
382,輸,VD
382,日本,Nc
382,三,Neu
382,分,Nf
382,而已,T
382,反觀,VC
382,中華,Nc
382,台灣隊,Na
382,，,COMMACATEGORY
382,對,P
382,上,Nes
382,個,Nf
382,阿里,Nb
382,不,D
382,打,VC
382,的,DE
382,巴拿馬,Nc
382,就,D
382,被,P
382,打出,VC
382,高達,VJ
382,七,Neu
382,分,Nf
382,的,DE
382,比,P
382,分差,Na
382,如果,Cbb
382,這,Nep
382,屆,Nf
382,我們,Nh
382,跟,P
382,中國,Nc
382,是,SHI
382,分到,VC
382,同,Nes
382,組,Nc
382,以,P
382,現在,Nd
382,這,Nep
382,代,Na
382,球員,Na
382,的,DE
382,水準,Na
382,和,Caa
382,陣容,Na
382,還,D
382,打,VC
382,的,DE
382,贏,VD
382,中國,Nc
382,嗎,T
382,還是,D
382,說,VE
382,會,D
382,在,P
382,球場,Nc
382,上,Ncd
382,被,P
382,碾壓,VC
382,呢,T
382,有,V_2
382,沒,D
382,有,V_2
382,專業,VH
382,球迷,Na
382,可以,D
382,分享,VJ
382,下,Nes
382,啊,T
383,北京,Nc
383,奧運,Nb
383,棒球,Na
383,中華隊,Na
383,成軍,VA
383,時,Ng
383,媒體,Na
383,誇口,VE
383,多少,Neqa
383,強投,Na
383,多少,Neqa
383,大砲,Na
383,打者,Na
383,士氣,Na
383,高昂,VH
383,球迷,Na
383,個個,Neqa
383,信心,Na
383,滿,Dfa
383,滿,Dfa
383,結果,Dk
383,遇到,VC
383,沒有,VJ
383,棒球,Na
383,文化,Na
383,倉促,VH
383,成軍,VA
383,的,DE
383,中國隊,Na
383,中華隊,Na
383,慘遭,P
383,滑鐵,Nc
383,盧苦,Nb
383,吞,VC
383,敗績,Na
383,後來,Nd
383,還,D
383,被,P
383,淘汰,VC
383,連,Cbb
383,四,Neu
383,強,Na
383,都,D
383,進,VA
383,不,D
383,去,D
383,更,Dfa
383,不用說,Dk
383,拿下,VC
383,獎牌,Na
383,想,VE
383,問,VE
383,下,Ng
383,奧運,Nb
383,時,Ng
383,棒球,Na
383,擁有,VJ
383,強投,Na
383,大砲,Na
383,的,DE
383,中華隊,Na
383,是,SHI
383,怎麼,D
383,輸,VD
383,中國隊,Na
383,的,DE
383,求解,VB
383,///,FW
384,三立,Nb
384,//,FW
384,黃韻璇,Nb
384,報導,VE
384,不,D
384,敢,VL
384,相信,VK
384,中國隊,Na
384,轟出,VC
384,陽春,VH
384,全壘打,Na
384,日本,Nc
384,掉分,VC
384,全,Neqa
384,場,Nf
384,安靜,VH
384,世界,Nc
384,棒球,Na
384,經典賽,Na
384,，,COMMACATEGORY
384,組,Nc
384,的,DE
384,賽事,Na
384,在,P
384,東京,Nc
384,巨蛋,Nc
384,登場,VA
384,，,COMMACATEGORY
384,今日,Nd
384,晚場,Na
384,地主,Na
384,日本隊,Na
384,推出,VC
384,投打,Na
384,二刀流,Na
384,球星,Na
384,大谷翔平,Nb
384,掛帥,VH
384,先發,VA
384,，,COMMACATEGORY
384,面對,VC
384,中國隊,Na
384,，,COMMACATEGORY
384,原本,D
384,外界,Ncd
384,預期,VE
384,兩,Neu
384,隊,Nf
384,實力,Na
384,差距,Na
384,大,VH
384,，,COMMACATEGORY
384,沒想到,D
384,局,Nc
384,結束,VHC
384,時,Ng
384,，,COMMACATEGORY
384,中國,Nc
384,僅,Da
384,落後,VJ
384,日本,Nc
384,隨後,Nd
384,日本,Nc
384,拉開,VC
384,差距,Na
384,，,COMMACATEGORY
384,比數,Na
384,來到,VCL
384,，,COMMACATEGORY
384,沒想到,D
384,局,Nc
384,上,Ncd
384,中國,Nc
384,隊,Na
384,第棒,DM
384,梁培,Nb
384,從,P
384,日本,Nc
384,手,Na
384,中,Ncd
384,打出,VC
384,陽春,VH
384,全壘打,Na
384,，,COMMACATEGORY
384,比數,Na
384,來到,VCL
384,◆,FW
384,觀看,VC
384,影片,Na
384,連結,VC
384,///,FW
384,日本隊,Na
384,首,Nes
384,戰,Na
384,碰上,VC
384,中國,Nc
384,，,COMMACATEGORY
384,推出,VC
384,大谷翔平,Nb
384,先發,VA
384,，,COMMACATEGORY
384,他,Nh
384,前,Nes
384,兩,Neu
384,局,Nf
384,漂亮,VH
384,讓,VL
384,中國,Nc
384,打者,Na
384,上下,Ncd
384,，,COMMACATEGORY
384,不過,Cbb
384,中國隊,Na
384,先發,VA
384,王翔,Nb
384,，,COMMACATEGORY
384,雖然,Cbb
384,首,Nes
384,局,Nf
384,單局,Na
384,就,D
384,出現,VH
384,連次,D
384,保送,VC
384,，,COMMACATEGORY
384,日本,Nc
384,擠回,VCL
384,第,Neu
384,分,Nf
384,，,COMMACATEGORY
384,然而,Cbb
384,出局,VH
384,滿壘,VH
384,時,Ng
384,，,COMMACATEGORY
384,岡本和,Nb
384,真,D
384,敲出,VC
384,右外野,Nc
384,飛球,Na
384,遭,P
384,接殺,VC
384,，,COMMACATEGORY
384,近藤健介,Nb
384,往,P
384,本壘跑,Na
384,時,Ng
384,也,D
384,被,P
384,封殺,VC
384,出局,VH
384,，,COMMACATEGORY
384,形成,VG
384,另類,VH
384,雙殺,VC
384,局下,Nc
384,王翔,Nb
384,續,D
384,投,VC
384,，,COMMACATEGORY
384,出局,VH
384,後,Ng
384,源田壯亮,Nb
384,敲出,VC
384,二壘,Na
384,間,Ncd
384,穿越,VCL
384,安打,Na
384,，,COMMACATEGORY
384,不過,Cbb
384,他,Nh
384,上壘,VA
384,後,Ng
384,卻,D
384,因為,Cbb
384,離壘,VA
384,過,Dfa
384,遠,VH
384,，,COMMACATEGORY
384,直接,VH
384,遭到,VJ
384,王翔,Nb
384,牽制,VC
384,出局,VH
384,，,COMMACATEGORY
384,之後,Nd
384,日本隊,Na
384,雖然,Cbb
384,又,D
384,連續,D
384,獲得,VJ
384,次,Nes
384,保送,VC
384,第二,Neu
384,度,Nf
384,攻佔,VC
384,滿壘,VH
384,，,COMMACATEGORY
384,但,Cbb
384,最後,Nd
384,大谷翔平,Nb
384,僅,Da
384,敲出,VC
384,滾地球,Na
384,出局,VH
384,，,COMMACATEGORY
384,日本,Nc
384,留下,VC
384,滿壘,VH
384,殘壘,Na
384,局下,Nc
384,中國隊,Na
384,投手,Na
384,王唯,Nb
384,三振,VC
384,村上宗隆,Nb
384,，,COMMACATEGORY
384,雖然,Cbb
384,日本隊,Na
384,接連,D
384,有,V_2
384,球員,Na
384,上壘,VA
384,，,COMMACATEGORY
384,不過,Cbb
384,源田壯亮,Nb
384,擊出,VC
384,滾地球,Na
384,，,COMMACATEGORY
384,再度,D
384,留下,VC
384,滿壘殘,VH
384,，局,Nc
384,結束,VHC
384,中國,Nc
384,落後,VJ
384,日本,Nc
384,，,COMMACATEGORY
384,局,Nc
384,上,Ncd
384,半,Neqa
384,中國隊,Na
384,球員,Na
384,楊晉,Nb
384,，,COMMACATEGORY
384,更,D
384,從,P
384,日,Nc
384,本,Nes
384,王牌,Na
384,大谷翔平,Nb
384,手,Na
384,中,Ncd
384,擊出,VC
384,壘,Na
384,安打,Na
384,而,Cbb
384,打者,Na
384,大谷,Nb
384,前,Nes
384,兩,Neu
384,打席,Na
384,面對,VC
384,中國,Nc
384,小將,Na
384,王翔,Nb
384,，,COMMACATEGORY
384,第,Neu
384,次,Nf
384,選到,VC
384,四壞,VC
384,球,Na
384,保送,VC
384,，,COMMACATEGORY
384,第二,Neu
384,次,Nf
384,上來,VA
384,敲出,VC
384,滾地球,Na
384,出局,VH
384,，,COMMACATEGORY
384,第三,Neu
384,次,Nf
384,面對,VC
384,中國隊,Na
384,中繼,Na
384,王唯,Nb
384,，,COMMACATEGORY
384,在,P
384,三壘,Na
384,有,V_2
384,人,Na
384,的,DE
384,情況,Na
384,下,Ng
384,敲出,VC
384,左外野,Nc
384,深遠,VH
384,飛球,Na
384,，,COMMACATEGORY
384,棒,VH
384,送回位,Na
384,隊友,Na
384,，,COMMACATEGORY
384,日本隊,Na
384,前局,Nc
384,打完,VC
384,取得,VC
384,領先,VJ
384,沒想到,D
384,局,Nc
384,上,Ncd
384,，,COMMACATEGORY
384,中國隊,Na
384,第棒,DM
384,梁培,Nb
384,從,P
384,日本隊,Na
384,手,Na
384,中,Ncd
384,轟出,VC
384,陽春,VH
384,全壘打,Na
384,，,COMMACATEGORY
384,也,D
384,讓,VL
384,中國隊,Na
384,在,P
384,這,Nep
384,場,Nf
384,比賽,Na
384,破蛋,VA
384,，,COMMACATEGORY
384,比數,Na
384,來到,VCL
384,，,COMMACATEGORY
384,中國隊,Na
384,轟出,VC
384,全壘打,Na
384,也,D
384,讓,VL
384,東京,Nc
384,巨蛋,Nc
384,瞬間,Nd
384,安靜,VH
384,完整,VH
384,新聞,Na
384,連結,VC
384,或,Caa
384,短,VH
384,網址,Na
384,///,FW
384,備註,VE
384,不,D
384,敢,VL
384,相信,VK
384,三立,Nb
384,會,D
384,這樣,VH
384,標題,Na
385,媒體,Na
385,來源,Na
385,三立,Nb
385,記者,Na
385,署名,VC
385,林偉帆,Nb
385,完整,VH
385,新聞,Na
385,標題,Na
385,哈孝遠,Nb
385,與,Caa
385,洋將,Na
385,爆口角,VA
385,嗆到,VH
385,激動,VH
385,處,Nc
385,嘴,Na
385,對,P
385,嘴,Na
385,激,VH
385,吻,VC
385,超,Dfa
385,猙獰,VH
385,表情網,Na
385,傻眼,VH
385,完整,VH
385,新聞,Na
385,內文,Na
385,高雄,Nc
385,全家,Na
385,海神日,Nb
385,在,P
385,主場,Na
385,迎戰,VC
385,台啤,Na
385,英熊,Nb
385,，,COMMACATEGORY
385,最終,A
385,台啤,Na
385,吞敗,VH
385,值得,VH
385,注意,VK
385,的,DE
385,是,SHI
385,，,COMMACATEGORY
385,第三,Neu
385,節,Nf
385,時,Ng
385,台啤,Na
385,英熊,Nb
385,自家,Nc
385,卻,D
385,爆發,VJ
385,內鬨,Na
385,衝突,Na
385,，,COMMACATEGORY
385,球隊,Na
385,總經理,Na
385,哈孝遠,Nb
385,與,Caa
385,洋將,Na
385,大勝,VJ
385,在,P
385,場,Nc
385,邊,Ncd
385,起,Ng
385,激烈,VH
385,口角,VA
385,，,COMMACATEGORY
385,人,Na
385,隨後,Nd
385,進,VCL
385,休息室,Nc
385,解決,VC
385,不料,D
385,有,V_2
385,現場,Nc
385,球迷,Na
385,拍攝到,VC
385,，,COMMACATEGORY
385,哈孝遠,Nb
385,和,Caa
385,大勝,VJ
385,衝突,Na
385,瞬間,Nd
385,嘴,Na
385,對,P
385,嘴,Na
385,撞,VC
385,在,P
385,起,VC
385,，,COMMACATEGORY
385,看似,VG
385,哈孝遠,Nb
385,與,Caa
385,大勝,VJ
385,激吻,VH
385,，,COMMACATEGORY
385,臉部,Nc
385,猙獰,VH
385,模樣,Na
385,讓,VL
385,網友,Na
385,看,VC
385,傻眼,VH
385,台啤,Na
385,英熊,Nb
385,昨日,Nd
385,以,P
385,敗給,VJ
385,高雄,Nc
385,海神,Na
385,，,COMMACATEGORY
385,雙方,Nh
385,上,Nes
385,半,Neqa
385,場,Nf
385,比賽,Na
385,陷入,VCL
385,膠著,VH
385,，,COMMACATEGORY
385,來到,VCL
385,第,Neu
385,節,Nf
385,時,Ng
385,，,COMMACATEGORY
385,台啤,Na
385,洋,A
385,將,D
385,大勝,VJ
385,疑似,VG
385,不甘,VK
385,被,P
385,換,VC
385,下場,Na
385,，,COMMACATEGORY
385,直接,VH
385,與,P
385,台啤,Na
385,總經理,Na
385,哈孝遠,Nb
385,爆發,VJ
385,激烈,VH
385,衝突,Na
385,，,COMMACATEGORY
385,引發,VC
385,陣,Na
385,騷動,VA
385,，,COMMACATEGORY
385,過程,Na
385,還,D
385,被,P
385,轉播,VC
385,單位,Na
385,拍下來,VC
385,，,COMMACATEGORY
385,人,Na
385,隨後,Nd
385,進,VCL
385,休息室,Nc
385,解決,VC
385,，,COMMACATEGORY
385,結果,Dk
385,該,Nes
385,場,Nf
385,比賽,Na
385,大勝,VJ
385,就,D
385,遭,P
385,冷凍,VC
385,沒繼,VC
385,續,D
385,上場,VA
385,沒想到,D
385,如今,Nd
385,網路,Na
385,上,Ng
385,也,D
385,流傳,VK
385,張,Nb
385,現場,Nc
385,球迷,Na
385,拍攝,VC
385,的,DE
385,照片,Na
385,，,COMMACATEGORY
385,畫面,Na
385,中,Ng
385,，,COMMACATEGORY
385,只,Da
385,見,VE
385,哈孝遠,Nb
385,和,Caa
385,大勝,VJ
385,在,P
385,爆發,VJ
385,激烈,VH
385,口角,VA
385,的,DE
385,過程,Na
385,瞬間,Nd
385,，,COMMACATEGORY
385,嘴巴,Na
385,對,P
385,嘴巴,Na
385,已經,D
385,撞,VC
385,在,P
385,起,VC
385,，,COMMACATEGORY
385,從,P
385,觀眾席,Nc
385,視角,Na
385,看過去,VA
385,，,COMMACATEGORY
385,就,D
385,好像,D
385,哈,D
385,孝遠,Nb
385,與,Caa
385,大勝,VJ
385,在,P
385,板凳,Na
385,席區,Nc
385,激,VH
385,吻,VC
385,，,COMMACATEGORY
385,並,Cbb
385,露出,VC
385,臉部,Nc
385,猙獰,VH
385,的,DE
385,表情,Na
385,，,COMMACATEGORY
385,超糗幕,Na
385,引發,VC
385,網友,Na
385,激烈,VH
385,熱議,Na
385,關於,P
385,與,P
385,洋將,Na
385,的,DE
385,衝突,Na
385,，,COMMACATEGORY
385,哈孝遠,Nb
385,賽,Na
385,後,Ng
385,沒有,D
385,進行,VC
385,過多,Neqa
385,解釋,Na
385,，,COMMACATEGORY
385,僅,Da
385,透露,VE
385,就算,Cbb
385,是,SHI
385,兄弟,Na
385,間,Ng
385,也,D
385,會,D
385,有,V_2
385,爭執,Na
385,，,COMMACATEGORY
385,但,Cbb
385,經過,VCL
385,來往,VA
385,溝通,VC
385,後,Ng
385,兩,Neu
385,人,Na
385,已經,D
385,沒有,VJ
385,疙瘩,Na
385,，,COMMACATEGORY
385,哈孝遠,Nb
385,也,D
385,開玩笑,VB
385,表示,VE
385,因為,Cbb
385,今天,Nd
385,球迷,Na
385,都,D
385,在,P
385,關注,VJ
385,經典賽,Na
385,，,COMMACATEGORY
385,我們,Nh
385,這樣,VH
385,是,SHI
385,希望,VK
385,讓,VL
385,大家,Nh
385,多,D
385,關注,VJ
385,的,DE
385,比賽,Na
385,完整,VH
385,新聞,Na
385,連結,VC
385,或,Caa
385,短,VH
385,網址,Na
385,不可,D
385,用,VC
385,等,Cab
385,轉載,VC
385,媒體,Na
385,///,FW
385,備註,VE
385,我倆,Nh
385,惺惺相惜,VA
385,",",COMMACATEGORY
385,情不自禁,VH
386,正在,D
386,的,DE
386,大家,Nh
386,還,D
386,有,V_2
386,日,Nc
386,球迷,Na
386,們,Na
386,安安阿,Nb
386,~~,FW
386,啊,I
386,我,Nh
386,就,D
386,心齋橋哥,VH
386,啦,T
386,身為,VG
386,心齋,Na
386,橋哥,Na
386,呢,T
386,，,COMMACATEGORY
386,怎麼,D
386,可能,D
386,錯過,VJ
386,今天,Nd
386,的,DE
386,比賽,Na
386,話說,Dk
386,剛剛,D
386,中國,Nc
386,投手,Na
386,不,D
386,知道,VK
386,是,SHI
386,白目,Na
386,還是,Caa
386,不,D
386,懂得,VK
386,節目,Na
386,效果,Na
386,在,P
386,日本,Nc
386,滿壘,VH
386,的,DE
386,時候,Na
386,，,COMMACATEGORY
386,就,D
386,是,SHI
386,要,D
386,假裝,VF
386,手,Na
386,滑掉,VC
386,讓,VL
386,大谷,Nb
386,來,VA
386,顆,Nf
386,滿貫砲,Na
386,這樣子,Dk
386,不僅,Cbb
386,中國,Nc
386,球迷,Na
386,會,D
386,叫好,VH
386,，,COMMACATEGORY
386,日本,Nc
386,球迷,Na
386,也,D
386,會,D
386,謝謝,VJ
386,中國,Nc
386,帶來,VC
386,這麼,D
386,精采,VH
386,的,DE
386,比賽,Na
386,，,COMMACATEGORY
386,嘻嘻,D
386,是,SHI
386,不,D
386,是,SHI
386,像,P
386,我,Nh
386,這樣,VH
386,講,VE
386,比較,Dfa
386,有,V_2
386,節目,Na
386,效果,Na
386,瓜,Na
387,媒體,Na
387,來源,Na
387,記者,Na
387,署名,VC
387,記者,Na
387,張宏業,Nb
387,台北,Nc
387,即時,D
387,報導,VE
387,完整,VH
387,新聞,Na
387,標題,Na
387,太陽,Na
387,聯盟,Na
387,重裝,VC
387,春酒辣,Nb
387,模神,Na
387,似,VG
387,曾莞婷,Nb
387,楊謹華,Nb
387,氣質,Na
387,脫俗,VH
387,睛艷,VH
387,全,Neqa
387,場,Nf
387,完整,VH
387,新聞,Na
387,內文,Na
387,本,Nes
387,省,Nc
387,掛,VC
387,最,Dfa
387,大,VH
387,組織,Na
387,太陽,Na
387,聯盟,Na
387,旗下,Nc
387,富陽會,Nc
387,，,COMMACATEGORY
387,昨晚,Nd
387,在,P
387,台北,Nc
387,花園,Nc
387,酒店,Nc
387,舉辦,VC
387,春酒,Na
387,，,COMMACATEGORY
387,富陽會,Nc
387,別出心裁,VH
387,，,COMMACATEGORY
387,聘請,VF
387,車模,Na
387,展場,Nc
387,模特兒,Na
387,及,Caa
387,空姐,Na
387,擔任,VG
387,迎賓,VA
387,七,Neu
387,仙女,Na
387,，,COMMACATEGORY
387,七,Neu
387,名,Nf
387,辣模,Na
387,華麗,VH
387,登場,VA
387,，,COMMACATEGORY
387,拉開,VC
387,晚宴,Na
387,序幕,Na
387,，,COMMACATEGORY
387,這,Nep
387,七,Neu
387,人,Na
387,平均,VH
387,身高,Na
387,超過,VJ
387,，,COMMACATEGORY
387,個個,Neqa
387,面容,Na
387,姣好,VH
387,，,COMMACATEGORY
387,其中,Nep
387,不,D
387,乏,VJ
387,明星,Na
387,臉,Na
387,正,VH
387,妹,Na
387,，,COMMACATEGORY
387,有,V_2
387,人,Na
387,神韻,Na
387,酷似,VG
387,女星,Na
387,曾,D
387,莞婷,Nb
387,，,COMMACATEGORY
387,也,D
387,有,V_2
387,人,Na
387,笑起來,D
387,像,VG
387,楊謹華,Nb
387,，,COMMACATEGORY
387,讓,VL
387,晚會,Na
387,變,VH
387,得,DE
387,星光,Na
387,熠熠,VH
387,，,COMMACATEGORY
387,瞬間,Nd
387,柔和,VH
387,了,Di
387,陽剛,VH
387,之,DE
387,氣,Na
387,晚宴,Na
387,主人,Na
387,是,SHI
387,富陽,Nc
387,會長,Na
387,元元,Nb
387,，,COMMACATEGORY
387,太陽,Na
387,聯盟,Na
387,盟主,Na
387,黃俊傑,Nb
387,副盟主,Na
387,麥克,Nb
387,總顧問,Na
387,王嘉村,Nb
387,天道,Na
387,盟,Na
387,長老,Na
387,瑤,Nb
387,山牛,Na
387,都,D
387,是,SHI
387,主桌座,Na
387,上賓,Na
387,，,COMMACATEGORY
387,大型,Na
387,舞台,Na
387,上,Ncd
387,秀出,VC
387,富龍,Nb
387,盤據,VH
387,締,Na
387,聯盟,Na
387,陽盛英,Nb
387,雄聚,Nb
387,集團,Na
387,藏頭詩,Na
387,，,COMMACATEGORY
387,寓意,Na
387,太陽,Na
387,兄弟,Na
387,團結心,Na
387,北市,Nc
387,警方,Na
387,不,D
387,敢,VL
387,大意,VH
387,，,COMMACATEGORY
387,出動,VAC
387,大,VH
387,批,Nf
387,特勤,A
387,人員,Na
387,持,VC
387,自,Nh
387,動步槍,Na
387,戒備,VA
387,，,COMMACATEGORY
387,連,Cbb
387,台北市,Nc
387,警察局長,Na
387,張榮興,Nb
387,都,D
387,到場,VA
387,坐鎮,VCL
387,身高,Na
387,的,DE
387,夏天,Nd
387,畢業,VH
387,於,P
387,台中,Nc
387,科技,Na
387,大學,Nc
387,，,COMMACATEGORY
387,外貌,Na
387,酷似,VG
387,電影,Na
387,角頭,Na
387,女,Na
387,主角,Na
387,曾莞婷,Nb
387,，,COMMACATEGORY
387,她,Nh
387,展演,VC
387,經驗,Na
387,豐富,VHC
387,，,COMMACATEGORY
387,曾,D
387,選,VC
387,過,Di
387,兩岸,Nc
387,四,Neu
387,地,Na
387,中國,Nc
387,小姐,Na
387,，,COMMACATEGORY
387,當,VG
387,過,Di
387,上海,Nc
387,法拉利,Na
387,車展,Na
387,車模,Na
387,，,COMMACATEGORY
387,當時,Nd
387,她,Nh
387,還,D
387,下場,VA
387,體驗,VC
387,最,Dfa
387,強,VH
387,馬王,Nb
387,的,DE
387,加速,VC
387,力道,Na
387,，,COMMACATEGORY
387,這,Nep
387,輛,Nf
387,車,Na
387,馬力,Na
387,有,V_2
387,馬力,Na
387,，,COMMACATEGORY
387,瞬間,Nd
387,時速,Na
387,就,D
387,能,D
387,達到,VJ
387,，,COMMACATEGORY
387,因此,Cbb
387,下場,Na
387,還,D
387,前,Ng
387,必須,D
387,簽下,VC
387,生死狀,Na
387,，,COMMACATEGORY
387,她,Nh
387,下場,VA
387,繞,VA
387,個,Di
387,兩,Neu
387,圈,Nf
387,後,Ng
387,，,COMMACATEGORY
387,心臟,Na
387,差點,D
387,停掉,VC
387,，,COMMACATEGORY
387,令,VL
387,她,Nh
387,印象,Na
387,深刻,VH
387,夏天,Nd
387,笑說,VE
387,，,COMMACATEGORY
387,她,Nh
387,的,DE
387,興趣,Na
387,是,SHI
387,打,VC
387,高爾夫,Na
387,，,COMMACATEGORY
387,開球,VA
387,有,V_2
387,碼,Na
387,的,DE
387,實力,Na
387,，,COMMACATEGORY
387,昨晚,Nd
387,她,Nh
387,原,D
387,以為,VE
387,只是,D
387,單純,VH
387,晚宴,Na
387,接待,VC
387,，,COMMACATEGORY
387,沒想到,D
387,現場,Nc
387,有,V_2
387,這麼多,Neqa
387,大哥,Na
387,，,COMMACATEGORY
387,還,D
387,有,V_2
387,重裝,Na
387,警察,Na
387,拿,VC
387,長槍,Na
387,戒備,VA
387,，,COMMACATEGORY
387,刺激,VC
387,程度,Na
387,不,D
387,輸,VD
387,體驗,VC
387,，,COMMACATEGORY
387,感覺,VK
387,相當,Dfa
387,特別,VH
387,，,COMMACATEGORY
387,她,Nh
387,自嘲,VE
387,幸好,D
387,斟,VC
387,酒,Na
387,時,Ng
387,都,D
387,有,V_2
387,注意到,VK
387,禮儀,Na
387,，,COMMACATEGORY
387,否則,Cbb
387,得罪,VC
387,大哥,Na
387,可,D
387,吃不消,VJ
387,身高,Na
387,的,DE
387,小潔,Nb
387,畢業,VH
387,於,P
387,嘉南,Nc
387,藥理,Na
387,大學,Nc
387,，,COMMACATEGORY
387,微笑,VA
387,神韻,Na
387,頗,Dfa
387,似,VG
387,女,Na
387,藝人,Na
387,楊謹華,Nb
387,，,COMMACATEGORY
387,家,Nc
387,住,VCL
387,高雄,Nc
387,的,DE
387,她,Nh
387,，,COMMACATEGORY
387,原本,D
387,在,P
387,當地,Nc
387,間,Ncd
387,醫美,VB
387,診所,Nc
387,上班,VA
387,，,COMMACATEGORY
387,最近,Nd
387,因緣際會,VH
387,接觸,VC
387,接待,VC
387,工作,Na
387,，,COMMACATEGORY
387,昨天,Nd
387,是,SHI
387,她,Nh
387,首度,D
387,參加,VC
387,黑幫,Na
387,大型,Na
387,聚會,Na
387,，,COMMACATEGORY
387,早,D
387,就,D
387,起床,VA
387,搭,VC
387,高鐵,Na
387,北上,VA
387,排練,VC
387,她,Nh
387,笑說,VE
387,，,COMMACATEGORY
387,從,D
387,沒,D
387,遇,VK
387,過出,VCL
387,電梯,Na
387,就,D
387,被,P
387,警察,Na
387,攔檢,VC
387,看,VC
387,身分證,Na
387,，,COMMACATEGORY
387,感覺,VK
387,好,Dfa
387,尷尬,VH
387,，,COMMACATEGORY
387,還,D
387,有,V_2
387,群,Nf
387,小弟,Na
387,看到,VE
387,俊傑,Nb
387,就,D
387,立刻,D
387,高喊,VE
387,大哥,Na
387,好,VH
387,，,COMMACATEGORY
387,彷彿,D
387,在,D
387,拍,VC
387,電影,Na
387,樣,Na
387,，,COMMACATEGORY
387,讓,VL
387,她,Nh
387,不時,D
387,戰戰兢兢,VH
387,，,COMMACATEGORY
387,但,Cbb
387,這,Nep
387,種,Nf
387,刺激,VH
387,的,DE
387,體驗,VC
387,，,COMMACATEGORY
387,很,Dfa
387,像是,SHI
387,高空彈跳,Na
387,，,COMMACATEGORY
387,算是,VG
387,相當,Dfa
387,難得,VH
387,的,DE
387,經驗,Na
387,至於,P
387,則,D
387,是,SHI
387,賽道,Na
387,熟面孔,Na
387,，,COMMACATEGORY
387,她,Nh
387,曾,D
387,任,VG
387,空服員,Na
387,，,COMMACATEGORY
387,也,D
387,當,VG
387,過,Di
387,重機,Na
387,與,Caa
387,超跑車模,Na
387,，,COMMACATEGORY
387,表演,VC
387,過,Di
387,內衣,Na
387,走秀,VA
387,，,COMMACATEGORY
387,畢業,VH
387,於,P
387,文化,Na
387,大學,Nc
387,法文系,Nc
387,的,DE
387,她,Nh
387,，,COMMACATEGORY
387,昨晚,Nd
387,同樣,Dfa
387,是,SHI
387,黑幫,Na
387,初,D
387,體驗,VC
387,，,COMMACATEGORY
387,整,Neqa
387,場,Nf
387,接待,VC
387,工作,Na
387,最,Dfa
387,擔心,VK
387,的,DE
387,事,Na
387,，,COMMACATEGORY
387,不,D
387,是,SHI
387,恐懼,VK
387,大哥,Na
387,，,COMMACATEGORY
387,而是,Cbb
387,覺得,VK
387,晚宴,Na
387,禮服,Na
387,太,Dfa
387,長,VH
387,，,COMMACATEGORY
387,很,Dfa
387,害怕,VK
387,會,D
387,踩到,VC
387,跌跤,VA
387,，,COMMACATEGORY
387,走路,VA
387,格外,Dfa
387,謹慎,VH
387,///,FW
387,車模,Na
387,曾,D
387,是,SHI
387,空服員,Na
387,記者,Na
387,張宏業,Nb
387,攝影,VA
387,///,FW
387,模特兒,Na
387,小潔,Nb
387,微笑,VA
387,神韻,Na
387,頗,Dfa
387,似,VG
387,女,Na
387,藝人,Na
387,楊謹華,Nb
387,記者,Na
387,胡經周,Nb
387,攝影,VA
387,///,FW
387,太陽,Na
387,聯盟,Na
387,盟主,Na
387,黃俊傑,Nb
387,中,Ng
387,參加,VC
387,富陽會,Nc
387,春酒,Na
387,，,COMMACATEGORY
387,辣,VH
387,妹女,Na
387,接待,VC
387,右,Ncd
387,小心翼翼,VH
387,斟,VC
387,酒,Na
387,記者,Na
387,張,Nb
387,宏業,Nb
387,攝影,Na
387,///,FW
387,模特兒,Na
387,妮妮,Nb
387,是,SHI
387,太陽,Na
387,聯盟,Na
387,迎,VC
387,賓,Na
387,七,Neu
387,仙女,Na
387,之,DE
387,記者,Na
387,胡經周,Nb
387,攝影,VA
387,///,FW
387,車模,Na
387,夏天,Nd
387,外貌,Na
387,酷似,VG
387,女,Na
387,藝人,Na
387,曾莞婷,Nb
387,記者,Na
387,胡經周,Nb
387,攝影,VA
387,///,FW
387,生活,Na
387,照,P
387,圖,Na
387,/,FW
387,提供,VD
387,///,FW
387,夏天,Nd
387,生活,Na
387,照,P
387,圖,Na
387,/,FW
387,夏天,Nd
387,提供,VD
387,///,FW
387,小潔,Nb
387,生活,Na
387,照,P
387,圖,Na
387,/,FW
387,小潔,Nb
387,提供,VD
387,///,FW
387,迎,VC
387,賓,Na
387,七,Neu
387,仙女,Na
387,記者,Na
387,胡經周,Nb
387,攝影,VA
387,///,FW
387,迎,VC
387,賓,Na
387,七,Neu
387,仙女,Na
387,記者,Na
387,張宏業,Nb
387,攝影,VA
387,///,FW
387,婷婷,Nb
387,生活,Na
387,照,P
387,圖,Na
387,/,FW
387,翻攝,VC
387,婷婷,Nb
387,完整,VH
387,新聞,Na
387,連結,VC
387,或,Caa
387,短,VH
387,網址,Na
387,不可,D
387,用,VC
387,等,Cab
387,轉載,VC
387,媒體,Na
387,//////,FW
387,_,FW
387,備註,VE
387,好,VH
387,正,VH
387,ㄛ,FW
387,這麼多,Neqa
387,正妹,Na
387,好,Dfa
387,爽,VH
387,ㄛ,FW
387,不,D
387,知道,VK
387,有沒有,D
387,參加,VC
387,的,DE
387,旗袍妹,Na
387,當場,D
387,變黑,VH
387,幫,P
387,夫人,Na
387,的,DE
388,剛剛,D
388,看,VC
388,義大利,Nc
388,對,P
388,古巴,Nc
388,義大利,Nc
388,也,D
388,才,Da
388,得分,VH
388,以,P
388,中華隊,Na
388,完整,VH
388,的,DE
388,陣容,Na
388,明天,Nd
388,對上,VC
388,義大利,Nc
388,是,SHI
388,不,D
388,是,SHI
388,穩,VH
388,能,D
388,打滿,VC
388,局,Nc
388,不會,D
388,被,P
388,義大利,Nc
388,了,T
389,日本,Nc
389,跟,P
389,支,VC
389,那,Nep
389,今天,Nd
389,打成,VG
389,樣,Na
389,是,SHI
389,大,VH
389,比數,Na
389,差距,Na
389,的,DE
389,比賽,Na
389,跟,P
389,中華隊,Na
389,昨天,Nd
389,的,DE
389,比賽,Na
389,哪,Nep
389,個,Nf
389,讓,VL
389,人,Na
389,覺得,VK
389,比較,Dfa
389,慘,VH
390,中國隊,Na
390,跟,Caa
390,昨天,Nd
390,中華隊,Na
390,樣,Na
390,，,COMMACATEGORY
390,差點,D
390,被,P
390,現在論,Na
390,棒球,Na
390,程度,Na
390,，,COMMACATEGORY
390,是,SHI
390,不,D
390,是,SHI
390,兩岸,Nc
390,家親,Na
390,了,T
390,是,SHI
390,不,D
390,是,SHI
390,再,D
390,過,VCL
390,十,Neu
390,年,Nf
390,中華隊,Na
390,還是,D
390,打,VC
390,不,D
390,進,VC
390,第二,Neu
390,輪,Nf
391,如,P
391,題,Na
391,，,COMMACATEGORY
391,抬頭,VA
391,韓國隊,Na
391,稍早,Nd
391,輸給,VD
391,般,Ng
391,認為,VE
391,實力,Na
391,較,Dfa
391,沒,D
391,那麼,D
391,強,VH
391,的,DE
391,澳洲隊,Na
391,未來,Nd
391,的,DE
391,對手,Na
391,，,COMMACATEGORY
391,日本隊,Na
391,在,P
391,今天,Nd
391,比賽,Na
391,末段,Nc
391,打開來,VC
391,了,Di
391,，,COMMACATEGORY
391,而,Cbb
391,另,Nes
391,個,Nf
391,接下來,D
391,對手,Na
391,中國隊,Na
391,也,D
391,用,P
391,前,Nes
391,七,Neu
391,局,Nf
391,好,VH
391,表現,VC
391,練出,VC
391,了,Di
391,信心,Na
391,，,COMMACATEGORY
391,韓國隊,Na
391,看完,VC
391,這,Nep
391,場,Nf
391,比賽,Na
391,在,P
391,想,VE
391,什麼,Nep
391,有,V_2
391,沒,D
391,有,V_2
391,八卦,Na
392,以前,Nd
392,中國,Nc
392,參加,VC
392,國際賽,Na
392,都,D
392,是,SHI
392,被,P
392,今天,Nd
392,對,P
392,日本,Nc
392,撐到,VC
392,第,Neu
392,局,Nf
392,才,Da
392,被,P
392,拉開,VC
392,比數,Na
392,反觀,VC
392,中華隊,Na
392,從,P
392,巴塞隆納,Nc
392,奧運,Nb
392,拿到,VC
392,銀牌,Na
392,之後,Ng
392,只有,Cbb
392,日本派,Na
392,業餘,A
392,球員,Na
392,的,DE
392,杜哈,Nc
392,亞運,Nb
392,拿,VC
392,過,Di
392,金牌,Na
392,近年,Nd
392,國際賽,Na
392,幾乎,Da
392,被,P
392,日,Nc
392,韓,Nc
392,壓,VC
392,著,Di
392,打,VC
392,偶爾,D
392,還,D
392,會,D
392,輸給,VD
392,中國,Nc
392,世界,Nc
392,各,Nes
392,國,Nc
392,的,DE
392,棒球,Na
392,都,D
392,在,D
392,進步,VH
392,只有,Cbb
392,中華隊,Na
392,越來越,Dfa
392,弱,VH
392,嗎,T
393,澳洲,Nc
393,韓國,Nc
393,古巴,Nc
393,義大利,Nc
393,荷蘭,Nc
393,巴拿馬,Nc
393,每,Nes
393,場,Nf
393,都,D
393,很,Dfa
393,膠著,VH
393,不,D
393,到,P
393,最後,Nd
393,刻,D
393,不,D
393,知道,VK
393,誰,Nh
393,贏,VD
393,九下,VC
393,古巴,Nc
393,義大利,Nc
393,義大利,Nc
393,堆,VC
393,等級,Na
393,的,DE
393,打者,Na
393,還是,D
393,被,P
393,古巴,Nc
393,鎖住,VC
393,了,Di
393,如果,Cbb
393,古巴,Nc
393,來,VA
393,個,Nf
393,再見,VB
393,安,VH
393,那,Nep
393,中華隊,Na
393,只,Da
393,求,VC
393,不,D
393,墊底,VH
393,就,D
393,及格,VH
393,了,T
393,有,V_2
393,比賽,Na
393,都,D
393,刺激,VH
393,的,DE
393,掛,VC
393,嗎,T
394,日本,Nc
394,直播,VC
394,時,Ng
394,",",COMMACATEGORY
394,會,D
394,跑出,VCL
394,棒球,Na
394,球員,Na
394,的,DE
394,基本,A
394,資料,Na
394,和,Caa
394,介紹,VE
394,字幕,Na
394,",",COMMACATEGORY
394,看到,VE
394,日本,Nc
394,投手,Na
394,才歲,Nb
394,",",COMMACATEGORY
394,中國,Nc
394,的,DE
394,棒球,Na
394,球員,Na
394,",",COMMACATEGORY
394,竟然,D
394,有,V_2
394,歲,Nf
394,",",COMMACATEGORY
394,更,Dfa
394,誇張,VHC
394,的,DE
394,是,SHI
394,",",COMMACATEGORY
394,還,D
394,有,V_2
394,歲,Nf
394,啊,I
394,中國,Nc
394,到底,D
394,是,SHI
394,什麼,Nep
394,情況,Na
394,讓,VL
394,幾乎,Da
394,可以,D
394,當成,VG
394,日本,Nc
394,投手,Na
394,爸爸,Na
394,歲數,Na
394,的,DE
394,人,Na
394,",",COMMACATEGORY
394,出戰,VC
394,雖然,Cbb
394,很,Dfa
394,顯然,D
394,",",COMMACATEGORY
394,日本,Nc
394,投手,Na
394,根本,D
394,不,D
394,吃,VC
394,這,Nep
394,套,Nf
394,",",COMMACATEGORY
394,豪,Dfa
394,不,D
394,猶豫,VK
394,",",COMMACATEGORY
394,對著,P
394,已,D
394,是,SHI
394,爸爸,Na
394,那,Nep
394,輩,Na
394,的,DE
394,中國,Nc
394,球員,Na
394,投球,VA
394,",",COMMACATEGORY
394,球場,Nc
394,就,D
394,是,SHI
394,戰場,Na
394,但是,Cbb
394,看,VC
394,了,Di
394,著實,D
394,覺得,VK
394,於,P
394,心,Na
394,不忍,VK
394,有,V_2
394,沒,D
394,有,V_2
394,中國,Nc
394,棒球隊,Na
394,是,SHI
394,在,P
394,想,VE
394,什麼,Nep
394,是,SHI
394,在,P
394,用,VC
394,什麼,Nep
394,奇策,Na
394,",",COMMACATEGORY
394,派,VF
394,這,Nep
394,等,Na
394,年紀,Na
394,的,DE
394,人,Na
394,出賽,VA
394,所以,Cbb
394,八卦,Na
394,是,SHI
395,媒體,Na
395,來源,Na
395,三立,Nb
395,新聞,Na
395,記者,Na
395,署名,VC
395,黃韻璇,Nb
395,完整,VH
395,新聞,Na
395,標題,Na
395,台灣隊,Na
395,慘輸,VH
395,日本人,Na
395,也,D
395,震驚,VHC
395,日球,Na
395,評憶,VE
395,王建民,Nb
395,時期,Na
395,嘆,VE
395,實力,Na
395,下降,VA
395,了,Di
395,完整,VH
395,新聞,Na
395,內文,Na
395,世界,Nc
395,棒球,Na
395,經典,Na
395,賽組,Nc
395,賽事,Na
395,，,COMMACATEGORY
395,日,Nd
395,在,P
395,台中,Nc
395,洲際,Nc
395,棒球場,Nc
395,開打,VH
395,，,COMMACATEGORY
395,台灣,Nc
395,對上,VC
395,巴拿馬,Nc
395,，,COMMACATEGORY
395,首,Nes
395,戰,Na
395,就,D
395,以,P
395,比,VC
395,慘敗,VH
395,，,COMMACATEGORY
395,這樣,VH
395,的,DE
395,結果,Na
395,不只,Da
395,令,VL
395,許多,Neqa
395,台灣人,Na
395,驚訝,VK
395,，,COMMACATEGORY
395,就,D
395,連,Cbb
395,日本,Nc
395,球評,Na
395,也,D
395,驚訝,VK
395,直言,VE
395,，,COMMACATEGORY
395,台灣,Nc
395,在,P
395,三級棒,Na
395,球,Na
395,實力,Na
395,強勁,VH
395,，,COMMACATEGORY
395,反觀級,Na
395,賽事,Na
395,相對,VH
395,低迷,VH
395,據,P
395,日媒,Na
395,報導,VE
395,，,COMMACATEGORY
395,台灣隊,Na
395,這,Nep
395,場,Nf
395,比賽,Na
395,也,D
395,吸引,VJ
395,許多,Neqa
395,日本,Nc
395,球迷,Na
395,討論,VE
395,，,COMMACATEGORY
395,其中,Nep
395,日本,Nc
395,資深,VH
395,球評,Na
395,ゴ,FW
395,ジ,FW
395,キ,FW
395,也,D
395,直言,VE
395,，,COMMACATEGORY
395,台灣隊,Na
395,相較,VB
395,於,P
395,當年,Nd
395,王建民,Nb
395,陽岱鋼,Nb
395,的,DE
395,時期,Na
395,實力,Na
395,下降,VA
395,了,Di
395,球評,Na
395,認為,VE
395,，,COMMACATEGORY
395,直,D
395,以來,Ng
395,台灣,Nc
395,在,P
395,三,Neu
395,級,Na
395,棒球,Na
395,賽事,Na
395,中,Ng
395,，,COMMACATEGORY
395,都,D
395,展現,VC
395,強勁,VH
395,的,DE
395,實力,Na
395,，,COMMACATEGORY
395,然而,Cbb
395,反觀,VC
395,台灣,Nc
395,參加級,Na
395,賽事,Na
395,，,COMMACATEGORY
395,表現,VC
395,都,D
395,相對,VH
395,低迷,VH
395,，,COMMACATEGORY
395,其他,Neqa
395,日本,Nc
395,網友,Na
395,也,D
395,分析,VC
395,認為,VE
395,，,COMMACATEGORY
395,台灣,Nc
395,職棒,Na
395,中,Ng
395,太過,Dfa
395,依賴,VK
395,洋將,Na
395,投球,VA
395,，,COMMACATEGORY
395,無論,Cbb
395,是,SHI
395,勝,VH
395,場數,Na
395,三振,VC
395,數,Na
395,等,Cab
395,紀錄,Na
395,，,COMMACATEGORY
395,排名,VG
395,前,Nes
395,段,Nf
395,的,DE
395,多,D
395,是,SHI
395,外籍,A
395,投手,Na
395,，,COMMACATEGORY
395,也,D
395,讓,VL
395,投球,VA
395,能力,Na
395,成為,VG
395,台灣,Nc
395,棒球,Na
395,最,Dfa
395,大,VH
395,弱點,Na
395,昨日,Nd
395,晚間,Nd
395,的,DE
395,這,Nep
395,場,Nf
395,賽事,Na
395,中,Ng
395,，,COMMACATEGORY
395,台灣隊,Na
395,先發,VA
395,胡智為,Nb
395,前局,Nc
395,都,D
395,壓制住,VC
395,巴拿馬,Nc
395,的,DE
395,打線,VA
395,，,COMMACATEGORY
395,但,Cbb
395,第,Neu
395,局,Nf
395,卻,D
395,碰上,VC
395,危機,Na
395,，,COMMACATEGORY
395,先,D
395,被,P
395,敲出,VC
395,壘,Na
395,安打,Na
395,後,Ng
395,，,COMMACATEGORY
395,緊接著,D
395,又,D
395,四壞,VC
395,球,Na
395,保送,VC
395,對手,Na
395,球員,Na
395,，,COMMACATEGORY
395,隨後,Nd
395,被,P
395,打,VC
395,了,Di
395,二壘,Na
395,間,Ncd
395,穿越,VCL
395,安,VH
395,打,VC
395,後,Ng
395,，,COMMACATEGORY
395,讓,VL
395,巴拿馬,Nc
395,拿下,VC
395,了,Di
395,第,Neu
395,分,Nf
395,，,COMMACATEGORY
395,而,Cbb
395,陳冠偉,Nb
395,接替,VC
395,後,Ng
395,又,D
395,被,P
395,敲出,VC
395,了,Di
395,支,Nf
395,安打,Na
395,，局,Nc
395,結束,VHC
395,，,COMMACATEGORY
395,台灣隊,Na
395,落,VA
395,後分,Na
395,，,COMMACATEGORY
395,直到,P
395,了,Di
395,局下,Nc
395,，,COMMACATEGORY
395,才,Da
395,靠,P
395,張育成,Nb
395,敲出,VC
395,適時,D
395,安打,Na
395,，,COMMACATEGORY
395,幫助,VC
395,台灣,Nc
395,破蛋,VA
395,，,COMMACATEGORY
395,追回,VC
395,分,VC
395,不過,Cbb
395,在,P
395,之後,Nd
395,鄧愷威,Nb
395,上場,VA
395,後,Ng
395,控球,VA
395,失常,VH
395,，,COMMACATEGORY
395,也,D
395,讓,VL
395,接替,VC
395,上場,VA
395,的,DE
395,曾峻岳,Nb
395,吳哲源,Nb
395,壓力,Na
395,倍增,VJ
395,，,COMMACATEGORY
395,等,Cab
395,到局,Nc
395,上,Ncd
395,結束,VHC
395,，,COMMACATEGORY
395,台灣隊,Na
395,這時,Nd
395,已經,D
395,落後,VJ
395,多達,VJ
395,分,VC
395,而,Cbb
395,在,P
395,局下,Nc
395,時,Ng
395,，,COMMACATEGORY
395,台灣隊,Na
395,也,D
395,拿下,VC
395,了,Di
395,第,Neu
395,分,Nf
395,，,COMMACATEGORY
395,在,P
395,局,Nc
395,下,Ncd
395,台灣隊,Na
395,抓準,VC
395,巴拿馬,Nc
395,換,VC
395,投,VC
395,不,D
395,穩,VH
395,，,COMMACATEGORY
395,又,D
395,追,VC
395,了,Di
395,分,Nf
395,，,COMMACATEGORY
395,這時,Nd
395,比數,Na
395,來到,VCL
395,了,Di
395,，,COMMACATEGORY
395,接著,D
395,台灣隊,Na
395,在,P
395,第,Neu
395,局,Nf
395,再,D
395,度,Na
395,展開,VC
395,攻勢,Na
395,，,COMMACATEGORY
395,鄭宗哲,Nb
395,敲出,VC
395,深遠,VH
395,安打,Na
395,口氣,Na
395,衝上,VC
395,三壘,Na
395,，,COMMACATEGORY
395,林立,VH
395,滾,VA
395,地球,Na
395,遭,P
395,刺殺,VC
395,，,COMMACATEGORY
395,但,Cbb
395,也,D
395,送回,VC
395,台灣,Nc
395,隊,Na
395,第,Neu
395,分,Nf
395,，,COMMACATEGORY
395,但,Cbb
395,終場,Na
395,就,D
395,以,P
395,輸球,VH
395,，,COMMACATEGORY
395,吞下,VC
395,預賽,Na
395,首,D
395,敗,VH
395,完整,VH
395,新聞,Na
395,連結,VC
395,或,Caa
395,短,VH
395,網址,Na
395,不可,D
395,用,VC
395,等,Cab
395,轉載,VC
395,媒體,Na
395,///,FW
395,_,FW
395,備註,VE
396,賽,Na
396,前,Ng
396,評估,VE
396,台灣,Nc
396,最,Dfa
396,有,V_2
396,可能,D
396,贏,VD
396,的,DE
396,是,SHI
396,巴拿馬,Nc
396,結果,Dk
396,昨天,Nd
396,差點,D
396,被,P
396,巴拿馬,Nc
396,摳,VH
396,豆,Na
396,大家,Nh
396,直,D
396,罵,VC
396,中華隊,Na
396,真,D
396,爛,VH
396,啊,I
396,是,SHI
396,不能,D
396,承認,VE
396,巴拿馬,Nc
396,進步,VH
396,嗎,T
396,承認,VE
396,很,Dfa
396,難,VH
396,嗎,T
396,卦,Na
397,巴拿馬,Nc
397,拿走,VC
397,了,Di
397,十二,Neu
397,分,Nf
397,贏,VD
397,了,Di
397,中華隊,Na
397,七,Neu
397,分,Nf
397,日本隊,Na
397,拿走,VC
397,了,Di
397,八,Neu
397,分,Nf
397,贏,VD
397,了,Di
397,中國隊,Na
397,七,Neu
397,分,Nf
397,同樣,Dfa
397,都,D
397,是,SHI
397,輸,VD
397,七,Neu
397,分,Nf
397,為啥,D
397,讓,VL
397,臺灣人,Na
397,覺得,VK
397,巴拿馬,Nc
397,比,P
397,日本隊,Na
397,強,VH
397,的,DE
397,感覺,Na
397,是,SHI
397,錯覺,Na
397,還是,Caa
397,中華隊,Na
397,不如,VJ
397,中國隊,Na
398,經典賽,Na
398,義大利,Nc
398,本,Nes
398,屆,Nf
398,首次,D
398,登場,VA
398,，,COMMACATEGORY
398,擊敗,VC
398,古巴,Nc
398,古巴,Nc
398,二,Neu
398,連敗,VH
398,，,COMMACATEGORY
398,已經,D
398,在,P
398,淘汰,VC
398,邊緣,Nc
398,明天,Nd
398,義大利,Nc
398,要,D
398,對上,VC
398,台灣,Nc
398,，,COMMACATEGORY
398,希望,VK
398,中華隊,Na
398,加油,VB
398,大家,Nh
398,怎麼,D
398,看,VC
398,明天,Nd
398,中華隊,Na
398,跟,Caa
398,義大利,Nc
398,的,DE
398,勝負,Na
398,還,D
398,有,V_2
398,日本,Nc
398,大戰,Na
398,韓國,Nc
399,義大利,Nc
399,贏,VD
399,古巴比,Nb
399,中華隊,Na
399,明天,Nd
399,會,D
399,輸,VD
399,幾,Neu
399,分,Nf
399,有,V_2
399,沒,D
399,有,V_2
399,卦,Na
399,義大利麵,Na
399,對決,VA
399,四海,Nc
399,遊龍,VA
400,看完,VC
400,義大利,Nc
400,跟,P
400,古巴,Nc
400,發現,VE
400,義大利,Nc
400,打者,Na
400,棒子,Na
400,都,D
400,很,Dfa
400,黏,VH
400,打擊,Na
400,技巧,Na
400,也,D
400,很,Dfa
400,好,VH
400,不會,D
400,硬拉,D
400,打,VC
400,不愧,D
400,是,SHI
400,滿滿,VH
400,等級,Na
400,以上,Ng
400,的,DE
400,打者,Na
400,投手,Na
400,也,D
400,很,Dfa
400,有,V_2
400,宰制力,Na
400,中華隊,Na
400,打擊,Na
400,有,V_2
400,拚,VC
400,但,Cbb
400,投手,Na
400,就,D
400,不,D
400,多,D
400,說,VE
400,了,Di
400,對,P
400,義大利,Nc
400,不要,D
400,想,VE
400,太多,VH
400,，,COMMACATEGORY
400,快樂,VH
400,野球,Na
400,中華隊,Na
400,輸,VD
400,幾,Neu
400,分,Nf
400,各位,Nh
400,覺得,VK
400,算,VG
400,及格,VH
400,有,V_2
400,掛,VC
400,嗎,T
401,媒體,Na
401,來源,Na
401,記者,Na
401,署名,VC
401,黃宣尹,Nb
401,完整,VH
401,新聞,Na
401,標題,Na
401,經典賽,Na
401,熱戰,Na
401,林佳龍,Nb
401,談,VE
401,台中,Nc
401,洲際,Nc
401,球場,Nc
401,變化,Na
401,憶,VK
401,拜訪,VC
401,三星,Nb
401,少棒,Na
401,完整,VH
401,新聞,Na
401,內文,Na
401,年,Na
401,第,Neu
401,屆,Nf
401,世界,Nc
401,棒球,Na
401,經典,Na
401,賽日,Nd
401,開打,VH
401,，,COMMACATEGORY
401,台灣隊,Na
401,首,Nes
401,戰,Na
401,敗給,VJ
401,巴拿馬隊,Nb
401,，,COMMACATEGORY
401,將,D
401,於,P
401,日,Nd
401,再,D
401,出戰,VC
401,義,Na
401,大利,Na
401,，,COMMACATEGORY
401,爭奪,VC
401,首,Nes
401,勝,VH
401,總統府,Nc
401,秘書長,Na
401,林佳龍,Nb
401,談到,VE
401,棒球,Na
401,表示,VE
401,，,COMMACATEGORY
401,自己,Nh
401,過去,Nd
401,擔任,VG
401,台中,Nc
401,市長,Na
401,時,Ng
401,，,COMMACATEGORY
401,投入,VC
401,萬,Neu
401,預算,Na
401,更新,VC
401,此,Nep
401,次,Nf
401,經典賽,Na
401,的,DE
401,主場,Na
401,洲際,Nc
401,球場,Nc
401,，,COMMACATEGORY
401,也,D
401,整合,VC
401,周邊,Nc
401,為,VG
401,棒球,Na
401,文創,Na
401,園區,Nc
401,，,COMMACATEGORY
401,如今,Nd
401,感謝,VK
401,現任,A
401,台,Nc
401,中市長,Na
401,盧秀燕,Nb
401,支持,VC
401,他,Nh
401,也,D
401,細數,VC
401,，,COMMACATEGORY
401,自己,Nh
401,去年,Nd
401,也,D
401,曾,D
401,到訪,VCL
401,宜蘭,Nc
401,拜會,VC
401,三星,Nb
401,國小,Nc
401,棒球隊,Na
401,，,COMMACATEGORY
401,資助,VC
401,小,VH
401,球員,Na
401,出國,VA
401,受訓,VA
401,，,COMMACATEGORY
401,期盼,VK
401,未來,Nd
401,持續,VL
401,看到,VE
401,台灣,Nc
401,棒球,Na
401,有,V_2
401,好,VH
401,的,DE
401,發展,VC
401,林佳龍,Nb
401,表示,VE
401,，,COMMACATEGORY
401,棒球,Na
401,是,SHI
401,台灣,Nc
401,國球,Na
401,，,COMMACATEGORY
401,從,P
401,年代,Nd
401,以來,Ng
401,凝聚,VC
401,台灣人,Na
401,的,DE
401,集體,A
401,記憶,Na
401,，,COMMACATEGORY
401,也,D
401,讓,VL
401,台灣,Nc
401,在,P
401,世界,Nc
401,舞台,Na
401,被,P
401,看見,VE
401,不論,Cbb
401,是,SHI
401,過去,Nd
401,守,VC
401,著,Di
401,收音機,Na
401,老,VH
401,球迷,Na
401,，,COMMACATEGORY
401,或是,Caa
401,現在,Nd
401,透過,P
401,網路,Na
401,轉播,VC
401,看,VC
401,球賽,Na
401,的,DE
401,新,VH
401,粉絲,Na
401,，,COMMACATEGORY
401,特,D
401,別,D
401,是,SHI
401,在,P
401,國際,Nc
401,賽事,Na
401,上,Ng
401,，,COMMACATEGORY
401,總是,D
401,能夠,D
401,讓,VL
401,全,Neqa
401,國,Nc
401,球迷,Na
401,熱血,Na
401,沸騰,VH
401,林佳龍,Nb
401,說,VE
401,，,COMMACATEGORY
401,此,Nep
401,次,Nf
401,經典賽,Na
401,的,DE
401,主場,Na
401,是,SHI
401,台中,Nc
401,洲際,Nc
401,棒球場,Nc
401,，,COMMACATEGORY
401,要,D
401,感謝,VK
401,前,Nes
401,台中,Nc
401,市長,Na
401,胡志強,Nb
401,的,DE
401,建設,Na
401,基礎,Na
401,，,COMMACATEGORY
401,自己,Nh
401,上任,VH
401,台中,Nc
401,市長,Na
401,後,Ng
401,，,COMMACATEGORY
401,也,D
401,媒合,VH
401,了,Di
401,職棒,Na
401,中信,Nb
401,兄弟隊,Nb
401,認養,VC
401,為,VG
401,主場,Na
401,當時,Nd
401,，,COMMACATEGORY
401,林佳龍,Nb
401,率領,VF
401,台中市,Nc
401,政府,Na
401,投入,VC
401,萬,Neu
401,預算,Na
401,更新,VC
401,球場,Nc
401,及,Caa
401,週邊,Nc
401,設施,Na
401,改善,VC
401,，,COMMACATEGORY
401,包括,VK
401,設置,VC
401,全,Neqa
401,台,Nc
401,最,Dfa
401,大全屏,Nc
401,螢幕,Na
401,計分板,Na
401,排水,Nv
401,系統,Na
401,紅土,Na
401,草皮,Na
401,整修,VC
401,維護,Nv
401,等,Cab
401,，,COMMACATEGORY
401,希望,VK
401,能夠,D
401,為,P
401,台灣,Nc
401,中職,Na
401,球隊,Na
401,與,Caa
401,球,Na
401,迷,VL
401,帶來,VC
401,更,Dfa
401,好,VH
401,的,DE
401,設施,Na
401,與,Caa
401,服務,VC
401,林佳龍,Nb
401,進步,VH
401,說,VE
401,，,COMMACATEGORY
401,洲際,Nc
401,棒球場,Nc
401,周邊,Nc
401,的,DE
401,迷你蛋,Na
401,，,COMMACATEGORY
401,當年,Nd
401,台中市,Nc
401,政府,Na
401,克服,VJ
401,過去,Nd
401,面臨,VK
401,工程,Na
401,延遲,VHC
401,以及,Caa
401,解約,VA
401,的,DE
401,困境,Na
401,，,COMMACATEGORY
401,將,P
401,迷你蛋,Na
401,完工,VB
401,後,Ng
401,轉型為,VG
401,多功能,VH
401,運動,Na
401,中心,Nc
401,，,COMMACATEGORY
401,整合為,VG
401,棒球,Na
401,文創,Na
401,園區,Nc
401,來,D
401,服,VC
401,務,D
401,更多,Neqa
401,球迷,Na
401,在,P
401,國際,Nc
401,賽事,Na
401,上,Ng
401,，,COMMACATEGORY
401,球場,Nc
401,的,DE
401,維護,VC
401,與,Caa
401,更新,VC
401,也,D
401,感謝,VK
401,盧秀燕,Nb
401,與,Caa
401,中信,Nb
401,兄弟,Na
401,球團,Na
401,的,DE
401,合力,D
401,支持,VC
401,，,COMMACATEGORY
401,很,Dfa
401,高興,VK
401,能夠,D
401,看到,VE
401,台灣,Nc
401,職棒,Na
401,持續,VL
401,打出,VC
401,亮眼,VH
401,成績,Na
401,與,Caa
401,精彩,VH
401,比賽,Na
401,，,COMMACATEGORY
401,重,VH
401,燃,VC
401,球迷,Na
401,的,DE
401,信心,Na
401,的,DE
401,熱情,Na
401,林佳龍,Nb
401,也,D
401,提到,VE
401,，,COMMACATEGORY
401,在,P
401,基礎,Na
401,球員,Na
401,訓練,Na
401,上,Ng
401,，,COMMACATEGORY
401,自己,Nh
401,去年,Nd
401,也,D
401,曾,D
401,到訪,VCL
401,宜蘭,Nc
401,拜會,VC
401,三星,Nb
401,國小,Nc
401,棒球隊,Na
401,，,COMMACATEGORY
401,希望,VK
401,這,Nep
401,個,Nf
401,孕育出,VC
401,許多,Neqa
401,職棒,Na
401,球星,Na
401,的,DE
401,基地,Nc
401,，,COMMACATEGORY
401,能,D
401,有,V_2
401,更,D
401,好,VH
401,的,DE
401,訓練,Na
401,環境,Na
401,林佳龍,Nb
401,說,VE
401,，,COMMACATEGORY
401,球員,Na
401,們,Na
401,從小,D
401,過,VCL
401,著,Di
401,與,P
401,般,Ng
401,學童,Na
401,不童,VH
401,的,DE
401,訓練,Na
401,生活,Na
401,，,COMMACATEGORY
401,他,Nh
401,也,D
401,透過,P
401,創立,VC
401,的,DE
401,光合,Na
401,基金會,Nc
401,資助,VC
401,棒球隊,Na
401,這,Nep
401,幾,Neu
401,年,Nf
401,寒暑假,Nd
401,集訓,VC
401,伙食費,Na
401,，,COMMACATEGORY
401,也,D
401,讓,VL
401,小,VH
401,球員,Na
401,到,VCL
401,美國,Nc
401,大聯盟,Na
401,受訓,VA
401,，,COMMACATEGORY
401,有,V_2
401,機會,Na
401,透過,P
401,棒球,Na
401,探索,VE
401,世界,Nc
401,，,COMMACATEGORY
401,找到,VC
401,自己,Nh
401,的,DE
401,發光,VH
401,方式,Na
401,完整,VH
401,新聞,Na
401,連結,VC
401,或,Caa
401,短,VH
401,網址,Na
401,不可,D
401,用,VC
401,等,Cab
401,轉載,VC
401,媒體,Na
401,////,FW
401,備註,VE
401,請,VF
402,看完,VC
402,準備,VF
402,睡睡,VA
402,的,DE
402,各位,Nh
402,安安阿,Nb
402,~~,FW
402,我,Nh
402,就,D
402,心齋橋哥,VH
402,啦,T
402,去年,Nd
402,是,SHI
402,有,D
402,看到,VE
402,所謂,VK
402,的,DE
402,也,D
402,要,D
402,改成,VG
402,充電,VA
402,了,Di
402,終於,D
402,阿,T
402,，,COMMACATEGORY
402,不然,Cbb
402,每,Nes
402,次,Nf
402,線,Na
402,都,D
402,跟,P
402,別人,Nh
402,不樣,D
402,實在,D
402,是,SHI
402,很,Dfa
402,不,D
402,爽,VH
402,啦,T
402,問題,Na
402,來,VA
402,了,Di
402,，,COMMACATEGORY
402,無論,Cbb
402,是,SHI
402,哪,Nep
402,種,Nf
402,充電頭,Na
402,，,COMMACATEGORY
402,我,Nh
402,發現,VE
402,用,VC
402,了,Di
402,兩,Neu
402,年,Nf
402,後來,Nd
402,都,D
402,越來越,Dfa
402,鬆,VHC
402,，,COMMACATEGORY
402,要,VE
402,某,Nes
402,個,Nf
402,角度,Na
402,才,Da
402,有,V_2
402,辦法,Na
402,充電,VA
402,這樣,VH
402,欸,I
402,欸,I
402,這樣,VH
402,也,D
402,太,Dfa
402,不,D
402,環保,Na
402,了,T
402,吧,T
402,我,Nh
402,想,VE
402,利用,VC
402,神通,Na
402,廣大,VH
402,鄉民,Na
402,們,Na
402,的,DE
402,集思廣益,Nv
402,，,COMMACATEGORY
402,該,D
402,怎麼,D
402,解決,VC
402,越,D
402,插,VC
402,越,D
402,鬆,VHC
402,的,DE
402,問題,Na
402,瓜,Na
403,////,FW
403,中華隊,Na
403,派,VF
403,江少慶,Nb
403,先發,VA
403,打,VC
403,義大利,Nc
403,全力,D
403,拚,VC
403,本,Nes
403,屆,Nf
403,首,Nes
403,勝,VH
403,記者,Na
403,賴冠文,Nb
403,台中,Nc
403,報導,VE
403,中華隊,Na
403,昨天,Nd
403,比,P
403,遭,P
403,巴拿馬,Nc
403,擊潰,VC
403,，,COMMACATEGORY
403,今日,Nd
403,公布,VE
403,明天,Nd
403,對戰,VA
403,義大利,Nc
403,先發,VA
403,投手,Na
403,，,COMMACATEGORY
403,由,P
403,江少慶,Nb
403,先發,VA
403,上陣,VA
403,，,COMMACATEGORY
403,力拚,VC
403,中華隊,Na
403,本,Nes
403,屆,Nf
403,經典賽,Na
403,首,D
403,勝,VH
403,，,COMMACATEGORY
403,江少慶,Nb
403,在,P
403,月,Na
403,日,Na
403,對,VC
403,統獅,Nb
403,先發局,Nc
403,，,COMMACATEGORY
403,使用,VC
403,球,Na
403,，,COMMACATEGORY
403,被,P
403,敲,VC
403,安打,Na
403,，,COMMACATEGORY
403,失分,VH
403,，,COMMACATEGORY
403,月,Na
403,日,Na
403,對,P
403,中信,Nb
403,兄弟,Na
403,投局,Nc
403,失分,VH
403,退場,VA
403,不過,Cbb
403,江少慶,Nb
403,前,Nes
403,次,Nf
403,先發,VA
403,是,SHI
403,在,P
403,日官,Na
403,辦,VC
403,熱身賽,Na
403,對,P
403,兄弟,Na
403,先發,VA
403,，,COMMACATEGORY
403,僅,Da
403,投局用,A
403,球,Na
403,，,COMMACATEGORY
403,被,P
403,敲,VC
403,安打,Na
403,都,D
403,是,SHI
403,長打,Na
403,，,COMMACATEGORY
403,失分,Na
403,責失,VH
403,卡斯提拉尼年,Nb
403,洛磯隊,Nb
403,第二,Neu
403,輪,Nf
403,選秀,Na
403,指名,D
403,，,COMMACATEGORY
403,在,P
403,高階,A
403,被,P
403,指名為,VG
403,明星隊,Nb
403,成員,Na
403,，,COMMACATEGORY
403,年,Na
403,月,Na
403,日,Na
403,在,P
403,大聯盟,Na
403,初,D
403,登板,VA
403,年,Na
403,與,Caa
403,運動家隊,Nb
403,簽約,VA
403,，,COMMACATEGORY
403,去年,Nd
403,在,P
403,為主,VI
403,，,COMMACATEGORY
403,累積場,Nc
403,共局,VA
403,，,COMMACATEGORY
403,勝,VH
403,敗,VH
403,防禦率,Na
403,，,COMMACATEGORY
403,次,Nes
403,三振,VC
403,個,Di
403,保送,VC
403,在,P
403,大聯盟,Na
403,累積場,Nc
403,出賽,VA
403,共局,VA
403,，,COMMACATEGORY
403,無,D
403,失分,VH
403,中華隊,Na
403,首,Nes
403,戰,Na
403,敗給,VJ
403,巴拿馬,Nc
403,，,COMMACATEGORY
403,接下來,D
403,連戰,Nb
403,依序,D
403,對上,VC
403,義大利,Nc
403,荷蘭,Nc
403,古巴,Nc
403,，,COMMACATEGORY
403,每,Nes
403,場,Nf
403,都,D
403,很,Dfa
403,關鍵,VH
403,，,COMMACATEGORY
403,尤其,D
403,日,Na
403,晚上,Nd
403,打,VC
403,荷蘭日,Nb
403,中午,Nd
403,打,VC
403,古巴,Nc
403,，,COMMACATEGORY
403,晚,VH
403,接早,VH
403,的,DE
403,賽程,Na
403,考驗,VC
403,球員,Na
403,體力,Na
403,談起,VE
403,對,P
403,義大利,Nc
403,是否,D
403,是,SHI
403,背水戰,Na
403,，,COMMACATEGORY
403,中華隊,Na
403,總教練,Na
403,林岳平,Nb
403,表示,VE
403,這,Nep
403,戰,Na
403,都,D
403,是,SHI
403,背水戰,Na
403,，,COMMACATEGORY
403,沒有,D
403,說,VE
403,輸掉,VJ
403,第,Neu
403,場,Nf
403,之後,Ng
403,，,COMMACATEGORY
403,才,Da
403,是,SHI
403,背水戰,Na
403,，,COMMACATEGORY
403,首,Nes
403,戰,Na
403,對,VC
403,巴拿馬,Nc
403,賽前,Nd
403,，,COMMACATEGORY
403,就,D
403,知道,VK
403,會,D
403,是,SHI
403,場,Nf
403,很,Dfa
403,艱難,VH
403,的,DE
403,賽事,Na
403,心得,Na
403,附註,VE
403,現場,Nc
403,可以,D
403,送,VD
403,夏威夷,Nc
403,披薩,Na
403,跟,P
403,肉圓,Na
403,披薩進去,VB
403,嗎,T
404,剛剛,D
404,看完,VC
404,，,COMMACATEGORY
404,滑下,VA
404,推,VC
404,特,D
404,突然,D
404,發現,VE
404,個,Di
404,熟悉,VJ
404,的,DE
404,畫面,Na
404,///,FW
404,這,Nep
404,日本人,Na
404,推友,Na
404,是,SHI
404,也,D
404,在,D
404,用,VC
404,是,SHI
404,不,D
404,是,SHI
404,然後,D
404,意外,VK
404,的,DE
404,日本人,Na
404,很,Dfa
404,喜歡,VK
404,村上,Nb
404,柏融,Nb
404,這,Nep
404,個,Nf
404,梗,Na
404,就,D
404,是了,VH
405,被,P
405,巴拿馬,Nc
405,打爆,VC
405,後,Ng
405,我,Nh
405,更加,Dfa
405,篤定,VH
405,我,Nh
405,的,DE
405,下半身,Na
405,要,D
405,靠,P
405,中華隊,Na
405,了,T
405,雖然,Cbb
405,賠率,Na
405,還,D
405,沒,D
405,開出來,VC
405,但,Cbb
405,我,Nh
405,賭,VE
405,輸分,Na
405,以上,Ncd
405,少,D
405,說,VE
405,也,D
405,有,V_2
405,倍,Na
405,以上,Ng
405,的,DE
405,賠率,Na
405,吧,T
405,萬,Neu
405,這,Nep
405,點,Nf
405,錢,Na
405,夠,VH
405,過,VCL
405,下,Nes
405,半生,Na
405,吧,T
405,各位,Nh
405,鄉民,Na
405,說,VE
405,是,SHI
405,不,D
405,是,SHI
406,不,D
406,囉囉,D
406,如,P
406,下,Ncd
406,圖,Na
406,小弟,Na
406,剛,D
406,下,VA
406,大夜班,Na
406,去,VCL
406,附近,Nc
406,麵攤,Nc
406,吃,VC
406,麵,Na
406,加,VC
406,了,Di
406,滷蛋,Na
406,，,COMMACATEGORY
406,今天,Nd
406,爆幹,Na
406,累,VHC
406,還好,D
406,明天,Nd
406,休假,VA
406,可以,D
406,看,VC
406,中華隊,Na
406,連,Cbb
406,產線,Na
406,越南,Nc
406,移工,Na
406,也,D
406,支持,VC
406,中華隊,Na
406,真是,D
406,不,D
406,簡單,VH
406,，,COMMACATEGORY
406,離題,VH
406,了,Di
406,下面,Ncd
406,這,Nep
406,碗,Nf
406,榨菜,Na
406,肉絲,Na
406,加,VC
406,麵,Na
406,筷子,Na
406,已經,D
406,更換,VC
406,多少,Neqa
406,錢,Na
406,你,Nh
406,買,VC
406,，,COMMACATEGORY
406,台中,Nc
406,工業區,Nc
406,///,FW
407,原本,D
407,以,P
407,爲,FW
407,中國,Nc
407,會,D
407,被,P
407,血,Na
407,洗,VC
407,結果,Dk
407,中國,Nc
407,面對,VC
407,奧運,Nb
407,金牌,Na
407,只,Da
407,被,P
407,拿分,VH
407,而已,T
407,我國,Nc
407,打運,VC
407,河仔,Na
407,就,D
407,被,P
407,打分,VA
407,原本,D
407,以為,VE
407,會,D
407,有,V_2
407,中國,Nc
407,幫忙,VC
407,墊,VC
407,現在,Nd
407,看來,D
407,這,Nep
407,支,Nf
407,中華隊,Na
407,是,SHI
407,參賽國,Na
407,裡,Ncd
407,最,Dfa
407,爛,VH
407,的,T
407,嗎,T
408,剛剛,D
408,世界,Nc
408,棒球,Na
408,錦標賽,Na
408,祖國,Nc
408,大勝,VJ
408,大,VH
408,比分,Na
408,屌虐,VC
408,對方,Nh
408,虐,VC
408,的,DE
408,對方,Nh
408,不,D
408,要,VC
408,不,D
408,要,VC
408,的,DE
408,該,D
408,如何,D
408,慶祝,VE
408,祖國,Nc
408,棒球,Na
408,大勝,VJ
408,有,V_2
408,沒,D
408,有,V_2
408,這,Nep
408,方面,Na
408,的,DE
408,八卦,Na
409,剛,D
409,看完,VC
409,祖國隊,Na
409,日本隊,Na
409,打,VC
409,中國隊,Na
409,防守,VC
409,跟,P
409,投手,Na
409,，,COMMACATEGORY
409,明顯,VH
409,比,P
409,我們,Nh
409,高,VH
409,好幾,Neu
409,個,Nf
409,檔次,Na
409,，,COMMACATEGORY
409,別,D
409,忘,VK
409,了,Di
409,他們,Nh
409,是,SHI
409,跟,P
409,日本隊,Na
409,打,VC
409,今年,Nd
409,日本,Nc
409,應該,D
409,是,SHI
409,這,Nep
409,次,Nf
409,最,Dfa
409,強,VH
409,的,DE
409,隊伍,Na
409,而且,Cbb
409,它們,Nh
409,不,D
409,怕,VK
409,日本隊,Na
409,，,COMMACATEGORY
409,敢於,VL
409,對決,VA
409,不,D
409,像,P
409,台灣,Nc
409,看到,VE
409,日本,Nc
409,，,COMMACATEGORY
409,好像,D
409,被,P
409,殖民,VA
409,者,Na
409,看到,VE
409,主子,Na
409,樣,Na
409,，,COMMACATEGORY
409,不,D
409,知道,VK
409,在,D
409,怕,VK
409,什麼,Nep
409,攻擊,VC
409,的話,Cba
409,是,SHI
409,大概,D
409,是,SHI
409,中國,Nc
409,台北隊,Na
409,強,VH
409,如果,Cbb
409,兩岸,Nc
409,台灣,Nc
409,省隊,Na
409,對岸,Nc
409,國家隊,Na
409,，,COMMACATEGORY
409,應該,D
409,可以,D
409,互補,VH
409,個,Nf
409,強,VH
409,的,DE
409,攻擊,Nv
409,個,Di
409,強於,VJ
409,防守,VC
409,兩岸,Nc
409,組成隊,Na
409,來,D
409,打,VC
409,是,SHI
409,不,D
409,是,SHI
409,可以,D
409,組成,VG
409,最,Dfa
409,厲害,VH
409,隊伍,Na
409,，,COMMACATEGORY
409,來,D
409,衝擊,VC
409,總冠軍,Na
409,卦卦,Na
410,如,P
410,題,Na
410,誰,Nh
410,會,D
410,贏,VD
410,啊,T
410,不,D
410,太,Dfa
410,清楚,VK
410,誰,Nh
410,強,VH
410,誰,Nh
410,弱,VH
410,但,Cbb
410,中華隊,Na
410,被,P
410,巴拿馬,Nc
410,打爆,VC
410,那,Nep
410,場,Nf
410,到,VCL
410,是,SHI
410,有,V_2
410,追,VC
410,晚餐,Na
410,吃,VC
410,夏威夷,Nc
410,披薩,Na
410,可以,D
410,助威,VB
410,中華隊,Na
410,嗎,T
410,有,V_2
410,沒,D
410,有,V_2
410,這,Nep
410,方面,Na
410,的,DE
410,八卦,Na
411,/,FW
411,南韓,Nc
411,日本,Nc
411,義大利,Nc
411,臺灣,Nc
411,看到,VE
411,昨天,Nd
411,被,P
411,巴拿馬,Nc
411,虐,VC
411,菜,Na
411,實在,D
411,不,D
411,忍心,VK
411,再,D
411,看,VC
411,中華隊,Na
411,的,DE
411,比賽,Na
411,明天,Nd
411,是,SHI
411,該,D
411,轉,VC
411,支持,VC
411,義大利,Nc
411,打爆,VC
411,中華隊,Na
411,還是,D
411,去,D
411,看,VC
411,祖國,Nc
411,日本力,Na
411,抗,VJ
411,南韓,Nc
413,媒體,Na
413,來源,Na
413,記者,Na
413,署名,VC
413,許敏溶,Nb
413,完整,VH
413,新聞,Na
413,標題,Na
413,提前,VB
413,算出,VE
413,中華隊,Na
413,大敗,VH
413,台體,Nc
413,大,VH
413,績優,VH
413,教師,Na
413,分析,VC
413,投手,Na
413,戰力,Na
413,遠,Dfa
413,不如,VJ
413,巴拿馬,Nc
413,完整,VH
413,新聞,Na
413,內文,Na
413,記者,Na
413,許敏溶,Nb
413,台北,Nc
413,報導,VE
413,年,Nf
413,棒球,Na
413,經典賽,Na
413,昨天,Nd
413,中華隊,Na
413,首,Nes
413,戰,Na
413,比,P
413,不敵,VJ
413,巴拿馬,Nc
413,，,COMMACATEGORY
413,甚至,D
413,差點,D
413,在,P
413,第七,Neu
413,局,Nf
413,被,P
413,提前,VB
413,結束,VHC
413,比,P
413,賽,VJ
413,，,COMMACATEGORY
413,今日,Nd
413,剛,D
413,獲得,VJ
413,教育部,Nc
413,大專校院,Nc
413,教學,VA
413,實踐,VC
413,研究,VE
413,計畫,Na
413,教師,Na
413,的,DE
413,台體大,Nc
413,副教授,Na
413,張哲維,Nb
413,表示,VE
413,，,COMMACATEGORY
413,在,P
413,開設,VC
413,的,DE
413,運彩,Na
413,分析師,Na
413,精彩,VH
413,你,Nh
413,的,DE
413,人生,Na
413,課程,Na
413,中,Ng
413,，,COMMACATEGORY
413,大家,Nh
413,就算出,VE
413,這,Nep
413,場,Nf
413,比賽,Na
413,是,SHI
413,場,Nf
413,輸分,Na
413,在,D
413,分,VD
413,左右,Ncd
413,的,DE
413,比賽,Na
413,，,COMMACATEGORY
413,張哲維,Nb
413,分析,VC
413,，,COMMACATEGORY
413,巴拿馬,Nc
413,有,V_2
413,大聯盟,Na
413,等級,Na
413,投手,Na
413,，,COMMACATEGORY
413,反觀,VC
413,中華隊,Na
413,投手,Na
413,並,D
413,沒有,VJ
413,，,COMMACATEGORY
413,中華隊,Na
413,投,VC
413,手,Na
413,戰力,Na
413,不如,VJ
413,巴拿馬,Nc
413,，,COMMACATEGORY
413,對,P
413,昨晚,Nd
413,結果,Na
413,並,D
413,不,D
413,感到,VK
413,意外,Na
413,教育部,Nc
413,自,P
413,年,Na
413,開始,VL
413,推動,VC
413,大專校院,Nc
413,教學,VA
413,實踐,VC
413,研究,Nv
413,計畫,Na
413,，,COMMACATEGORY
413,首度,D
413,針對,P
413,個別,A
413,教師,Na
413,進行,VC
413,教學,VA
413,實,D
413,踐,VC
413,研究,Nv
413,經費,Na
413,補助,VD
413,，,COMMACATEGORY
413,將,P
413,高教,Na
413,創新,VC
413,落實,VHC
413,於,P
413,大學,Nc
413,課室,Nc
413,年度,Na
413,計畫,Na
413,於,P
413,年,Na
413,月,Na
413,日,Nd
413,執行,VC
413,完畢,VH
413,，,COMMACATEGORY
413,教育部,Nc
413,從,P
413,件,Nf
413,計畫,Na
413,中,Ng
413,評選,VG
413,出件,VA
413,績優,VH
413,計畫,Na
413,，,COMMACATEGORY
413,今天,Nd
413,下午,Nd
413,在,P
413,國家,Na
413,圖書館,Nc
413,舉辦,VC
413,年度,Na
413,頒獎,Nv
413,典,Na
413,禮,Na
413,目前,Nd
413,為,P
413,台灣,Nc
413,體育,Na
413,運動,Na
413,大學,Nc
413,休閒,Nv
413,運動,Na
413,學系,Na
413,副教授,Na
413,張哲維,Nb
413,，,COMMACATEGORY
413,就,D
413,以,P
413,運彩,VA
413,分析師,Na
413,精彩,VH
413,你,Nh
413,的,DE
413,人生,Na
413,研究,Nv
413,計畫,Na
413,，,COMMACATEGORY
413,獲得,VJ
413,商業,Na
413,及,Caa
413,管理,VC
413,的,DE
413,教學,Nv
413,實踐,Nv
413,研究,Nv
413,計畫,Na
413,教師,Na
413,，,COMMACATEGORY
413,而且,Cbb
413,有別於,VJ
413,傳統,VH
413,課程,Na
413,在,P
413,般,Ng
413,教室,Nc
413,與,Caa
413,電腦,Na
413,教室,Nc
413,上課,VA
413,，,COMMACATEGORY
413,張哲維,Nb
413,這,Nep
413,堂,Nf
413,課,Na
413,還,D
413,在,P
413,體育場館,Nc
413,上課,VA
413,，,COMMACATEGORY
413,有時,D
413,修,VC
413,課,Na
413,學生,Na
413,還是,D
413,現場,Nc
413,比賽,Na
413,的,DE
413,裁判,Na
413,之,DE
413,，,COMMACATEGORY
413,透過,P
413,建置,VC
413,行動,Na
413,情境,Na
413,教學,VA
413,場域,Nc
413,，,COMMACATEGORY
413,讓,VL
413,學生,Na
413,更,Dfa
413,能,D
413,有,V_2
413,親臨,VCL
413,現場,Nc
413,的,DE
413,感受,Na
413,張哲維,Nb
413,說,VE
413,，,COMMACATEGORY
413,這,Nep
413,門,Nf
413,課,Na
413,今年,Nd
413,邁入,VCL
413,第五,Neu
413,年,Nf
413,，,COMMACATEGORY
413,現在,Nd
413,很,Dfa
413,受,VJ
413,學生,Na
413,歡迎,VJ
413,，,COMMACATEGORY
413,僅有,VJ
413,個,Nf
413,名額,Na
413,，,COMMACATEGORY
413,但,Cbb
413,深受,P
413,學生,Na
413,歡迎,VJ
413,，,COMMACATEGORY
413,經常,D
413,開放,VC
413,選修,VC
413,就,D
413,被,P
413,秒殺,VC
413,，,COMMACATEGORY
413,後來,Nd
413,加修,VC
413,後,Ng
413,學生,Na
413,都,D
413,達到,VJ
413,多,Neqa
413,人,Na
413,，,COMMACATEGORY
413,會,D
413,這麼,D
413,受,P
413,歡迎,VJ
413,，,COMMACATEGORY
413,和,Caa
413,建置,VC
413,行動,Na
413,情,Na
413,境,Na
413,教學,VA
413,場域,Nc
413,有關,VJ
413,，,COMMACATEGORY
413,另方面,Cbb
413,，,COMMACATEGORY
413,則,D
413,是,SHI
413,學生,Na
413,透過,P
413,修,VC
413,課,Na
413,後,Ng
413,，,COMMACATEGORY
413,可以,D
413,去,D
413,考,VC
413,運動,Na
413,彩券,Na
413,分析師,Na
413,，,COMMACATEGORY
413,目前,Nd
413,運彩,Na
413,分析師,Na
413,的,DE
413,錄取率,Na
413,約成,VG
413,，,COMMACATEGORY
413,但,Cbb
413,上,VCL
413,過,Di
413,他,Nh
413,課,Na
413,的,DE
413,學生,Na
413,，,COMMACATEGORY
413,除了,P
413,因故,D
413,無法,D
413,到場,VA
413,考試,VA
413,，,COMMACATEGORY
413,只要,Cbb
413,是,SHI
413,張哲維,Nb
413,帶去,VC
413,考試,Na
413,，,COMMACATEGORY
413,都,D
413,考上,VC
413,運彩,VA
413,分析師,Na
413,，,COMMACATEGORY
413,錄取率,Na
413,達到,VJ
413,，,COMMACATEGORY
413,累計,VJ
413,已,D
413,有,V_2
413,人,Na
413,考上,VC
413,而,Cbb
413,昨晚,Nd
413,中華隊,Na
413,在,P
413,經典賽,Na
413,首,Nes
413,戰,Na
413,就,D
413,以,P
413,比不敵,VC
413,巴拿馬,Nc
413,，,COMMACATEGORY
413,甚至,D
413,差點,D
413,在,P
413,第七,Neu
413,局,Nf
413,被,P
413,提前,VB
413,結束,VHC
413,比賽,Na
413,，,COMMACATEGORY
413,張哲維,Nb
413,表示,VE
413,，,COMMACATEGORY
413,在,P
413,課程,Na
413,中,Ng
413,，,COMMACATEGORY
413,同學,Na
413,們,Na
413,根據,P
413,兩,Neu
413,隊,Nf
413,實力,Na
413,技術,Na
413,戰術,Na
413,及,Caa
413,經驗,Na
413,，,COMMACATEGORY
413,就算出,VE
413,是,SHI
413,場,Nf
413,十,Neu
413,幾,Neu
413,比,P
413,幾,Neu
413,的,DE
413,大,VH
413,失分,VH
413,比賽,Na
413,，,COMMACATEGORY
413,也,D
413,就,D
413,是,SHI
413,中華隊,Na
413,會,D
413,輸給,VD
413,巴拿馬,Nc
413,分,VC
413,左右,Ng
413,，,COMMACATEGORY
413,原因,Na
413,其實,D
413,也,D
413,很,Dfa
413,簡單,VH
413,，,COMMACATEGORY
413,最,Dfa
413,關,VJ
413,鍵為,VG
413,投手,Na
413,戰力,Na
413,，,COMMACATEGORY
413,巴拿馬,Nc
413,有,V_2
413,大聯盟,Na
413,等級,Na
413,投手,Na
413,，,COMMACATEGORY
413,反觀,VC
413,中華隊,Na
413,投手,Na
413,並,D
413,沒有,VJ
413,，,COMMACATEGORY
413,中華隊,Na
413,投手,Na
413,戰力,Na
413,不如,VJ
413,巴拿馬,Nc
413,，,COMMACATEGORY
413,所以,Cbb
413,對,P
413,昨晚,Nd
413,結果,Na
413,並,D
413,不,D
413,感到,VK
413,意外,Na
413,完整,VH
413,新聞,Na
413,連結,VC
413,或,Caa
413,短,VH
413,網址,Na
413,///,FW
413,備註,VE
414,我,Nh
414,買,VC
414,了,Di
414,我們,Nh
414,可以,D
414,三,Neu
414,分,Nf
414,以上,Ng
414,過關,VA
414,大家,Nh
414,覺得,VK
414,勒,VC
414,是,SHI
414,不,D
414,是,SHI
414,要,D
414,發財,VH
414,了,T
414,小賭,VE
414,怡情,VH
414,大賭,VE
414,興家立業,VA
414,有沒有,D
414,靠,P
414,棒球,Na
414,致富,VH
414,的,DE
414,八卦,Na
415,台灣,Nc
415,今天,Nd
415,晚上,Nd
415,的,DE
415,比賽,Na
415,雖然,Cbb
415,台灣,Nc
415,運彩,Na
415,還,D
415,沒,D
415,開,VC
415,國際盤,Na
415,已經,D
415,開,VC
415,了,Di
415,喔,T
415,其他,Neqa
415,場,Nf
415,開,VC
415,的,DE
415,還,D
415,算,VG
415,合理,VH
415,可是,Cbb
415,台灣,Nc
415,這,Nep
415,場,Nf
415,是,SHI
415,怎樣,VH
415,義大利,Nc
415,賠率,Na
415,比較,Dfa
415,低,VH
415,台灣,Nc
415,今天,Nd
415,還,D
415,會,D
415,輸,VD
415,嗎,T
415,///,FW
415,我,Nh
415,原本,D
415,也,D
415,以為,VE
415,巴拿馬,Nc
415,只,Da
415,有,V_2
415,運河,Na
415,強,VH
415,而已,T
415,直到,P
415,前天,Nd
415,晚上,Nd
416,新聞雲,Nb
416,生活,Na
416,年,Na
416,月,Na
416,日,Na
416,曹錦輝,Nb
416,到底,D
416,有,V_2
416,多,D
416,扯,VC
416,郭泓志,Nb
416,他,Nh
416,比,P
416,我,Nh
416,強,VH
416,台灣,Nc
416,天份,Na
416,最好,D
416,///,FW
416,///,FW
416,記者,Na
416,葉國吏,Nb
416,綜合,A
416,報導,VE
416,世界,Nc
416,經典賽,Na
416,開打,VH
416,，,COMMACATEGORY
416,中華隊,Na
416,首,Nes
416,戰,Na
416,慘敗,VH
416,，,COMMACATEGORY
416,投手,Na
416,群,Na
416,無法,D
416,壓制,VC
416,巴拿馬,Nc
416,打線狂,VA
416,輸分,Na
416,，,COMMACATEGORY
416,讓,VL
416,不少,Neqa
416,球迷,Na
416,開,VC
416,始,D
416,討論,VE
416,中華隊,Na
416,過去,Nd
416,強投,Na
416,，,COMMACATEGORY
416,最,Dfa
416,常,D
416,被,P
416,點名,VA
416,除了,P
416,旅美,VA
416,投手,Na
416,王建民,Nb
416,外,Ng
416,，,COMMACATEGORY
416,這,Nep
416,次,Nf
416,曹錦輝,Nb
416,也,D
416,批踢踢,VC
416,鄉民,Na
416,提,VE
416,及,Caa
416,，,COMMACATEGORY
416,甚至,D
416,還,D
416,被,P
416,不死鳥,Na
416,郭泓志,Nb
416,評為,VG
416,台灣,Nc
416,天份,Na
416,最,Dfa
416,高,VH
416,的,DE
416,投手,Na
416,批踢,VC
416,踢篇,VA
416,文章,Na
416,曹錦輝,Nb
416,到底,D
416,有,V_2
416,多,D
416,扯,VC
416,，,COMMACATEGORY
416,內文,Na
416,貼出部,Nc
416,影片,Na
416,，,COMMACATEGORY
416,內容,Na
416,為,VG
416,曾,D
416,為,VG
416,旅美,Nv
416,投手,Na
416,的,DE
416,不,D
416,死,VH
416,鳥,Na
416,郭泓志,Nb
416,影影片,Na
416,內容,Na
416,問到,VE
416,郭泓志瀚,Nb
416,曹錦輝,Nb
416,誰,Nh
416,比較,Dfa
416,強,VH
416,對,P
416,此,Nep
416,郭泓志,Nb
416,還,D
416,不,D
416,猶豫,VK
416,的,DE
416,直接,VH
416,說,VE
416,曹錦輝,Nb
416,比較,Dfa
416,強,VH
416,，,COMMACATEGORY
416,甚至,D
416,還,D
416,說,VE
416,他,Nh
416,天才型,Na
416,這,Nep
416,部,Nf
416,影片,Na
416,也,D
416,隨著,P
416,經典賽,Na
416,開打,VH
416,再度,D
416,引起,VC
416,討論,VE
416,，,COMMACATEGORY
416,對,P
416,此,Nep
416,評價,Na
416,有,V_2
416,鄉民,Na
416,認為,VE
416,他,Nh
416,說,VE
416,的,DE
416,沒,VJ
416,錯,Na
416,阿,T
416,開,VC
416,拉麵店,Nc
416,都,D
416,可以,D
416,拼回,VC
416,大聯盟,Na
416,扯爆,VC
416,可以,D
416,休息,VA
416,五,Neu
416,年,Nf
416,回,VCL
416,的,DE
416,有,V_2
416,多少,Neqa
416,人,Na
416,不過,Cbb
416,也,D
416,有,V_2
416,人,Na
416,替,P
416,曹,Nb
416,錦輝,Nb
416,感到,VK
416,惋惜,VK
416,都,D
416,天份型,Na
416,的,T
416,",",COMMACATEGORY
416,但,Cbb
416,就,D
416,不,D
416,自愛,VH
416,他,Nh
416,的,DE
416,人生,Na
416,就,D
416,很,Dfa
416,像,VG
416,漫畫,Na
416,回顧,VE
416,曹錦輝,Nb
416,的,DE
416,過往,Na
416,，,COMMACATEGORY
416,歲,Nf
416,他,Nh
416,就,D
416,入選,VJ
416,中華,Nc
416,青棒,Na
416,代表隊,Na
416,，,COMMACATEGORY
416,旅美,VA
416,後,Ng
416,也,D
416,成功,VH
416,在,P
416,年站,Nc
416,上,Ncd
416,大聯,Nb
416,盟,Na
416,舞台,Na
416,，,COMMACATEGORY
416,同時,Nd
416,他,Nh
416,也,D
416,是,SHI
416,第,Neu
416,位,Nf
416,在,P
416,大聯盟,Na
416,獲得,VJ
416,勝投,Na
416,擊出,VC
416,安打,Na
416,的,DE
416,台灣,Nc
416,球員,Na
416,///,FW
417,看到,VE
417,中華隊,Na
417,投手,Na
417,被,P
417,當,VG
417,小朋友,Na
417,砲轟,VC
417,就,D
417,覺得,VK
417,很,Dfa
417,口連,VH
417,以前,Nd
417,至少,Da
417,都,D
417,有,V_2
417,兩,Neu
417,個,Nf
417,大聯盟,Na
417,等級,Na
417,投手,Na
417,這,Nep
417,次,Nes
417,完全,D
417,沒有,D
417,只有,D
417,個,Nf
417,宋家豪,Nb
417,日職,Na
417,終結,VC
417,者,Na
417,唉,I
417,下,Nes
417,個,Nf
417,吾郎,Nb
417,在,P
417,哪裡,Ncd
417,可憐,VHC
417,喔,T
418,今晚,Nd
418,中華隊,Na
418,當家,VA
418,哥慶,Nb
418,對戰,VA
418,義大利,Nc
418,請問,VE
418,應該,D
418,吃,VC
418,什麼,Nep
418,食物,Na
418,才,Da
418,能,D
418,代表,VK
418,義大利,Nc
418,依照,P
418,物極必反,VH
418,的,DE
418,定律,Na
418,今晚,Nd
418,應該,D
418,要,D
418,爆氣,VH
418,了,T
418,吧,T
419,這,Nep
419,屆,Nf
419,中華隊,Na
419,第,Neu
419,場,Nf
419,打擊,Na
419,已經,D
419,很,Dfa
419,給力,VH
419,得,DE
419,五,Neu
419,分,Nf
419,了,T
419,所以,Cbb
419,很,Dfa
419,明顯,VH
419,是,SHI
419,沒有,VJ
419,可以,D
419,壓制力,Na
419,的,DE
419,投手,Na
419,能不能,D
419,叫,VF
419,王建民,Nb
419,自己,Nh
419,下來,VA
419,投,VC
420,欸,I
420,欸,I
420,窩肥,VH
420,ㄦ喇,FW
420,本,Nes
420,肥,VHC
420,ㄦ,FW
420,這,Nep
420,幾,Neu
420,個,Nf
420,月,Na
420,來,Ng
420,辛辛苦苦,VH
420,絞盡腦汁,VA
420,發,VD
420,優文,Na
420,就,D
420,是,SHI
420,為了,P
420,賺取,VC
420,微薄,VH
420,的,DE
420,幣,Na
420,如今,Nd
420,把,P
420,身家,Na
420,都,D
420,拿去,VC
420,下,Ng
420,中華隊,Na
420,贏,VD
420,球,Na
420,導致,VL
420,現在,Nd
420,身,Na
420,無,VJ
420,分文,Na
420,這,Nep
420,種,Nf
420,表現,Na
420,也,D
420,算是,VG
420,愛,VL
420,台灣,Nc
420,的,DE
420,種,Na
420,呱呱,D
421,///,FW
421,不,D
421,讓,VL
421,分,VC
421,義大利,Nc
421,勝賠率,Na
421,台灣,Nc
421,勝賠率,Na
421,台灣,Nc
421,運彩,Na
421,沒有,D
421,很,Dfa
421,看衰,VJ
421,中華隊,Na
421,的,DE
421,樣子,Na
421,第,Neu
421,場,Nf
421,打成,VG
421,這樣,VH
421,賠率,Na
421,居然,D
421,還,D
421,有,V_2
421,有,V_2
421,卦,Na
422,大谷翔,Nb
422,平闊,VH
422,別,Nes
422,年,Nf
422,重登,VCL
422,日本,Nc
422,球場,Nc
422,獲,VJ
422,熱烈,VH
422,歡迎隊,Na
422,友讚,Na
422,特別,VH
422,的,DE
422,天才,Na
422,新聞網,Na
422,/,FW
422,責任,Na
422,編輯,Na
422,蔡昕霈,Nb
422,報導,VE
422,////,FW
422,大谷翔,Nb
422,平日,Nd
422,在,P
422,世界,Nc
422,棒球,Na
422,經典賽,Na
422,首,Nes
422,戰,Na
422,率,VF
422,日本,Nc
422,比,P
422,擊敗,VC
422,中國隊,Na
422,，,COMMACATEGORY
422,他,Nh
422,在,P
422,東京,Nc
422,巨蛋,Nc
422,球場,Nc
422,獲,VJ
422,得,VJ
422,英雄式,A
422,的,DE
422,歡迎,VJ
422,，,COMMACATEGORY
422,有,V_2
422,球迷,Na
422,說,VE
422,大谷,Nc
422,是,SHI
422,創造,VC
422,歷史,Na
422,的,DE
422,偉大,VH
422,球員,Na
422,，,COMMACATEGORY
422,所有,Neqa
422,小孩,Na
422,都,D
422,想,VE
422,跟,P
422,大,VH
422,谷樣,Na
422,日本日,Nd
422,在,P
422,東京,Nc
422,對上,VC
422,中國,Nc
422,，,COMMACATEGORY
422,大谷翔平,Nb
422,擔任,VG
422,先發,VA
422,投手,Na
422,兼,VG
422,第棒,Na
422,指定,VE
422,打擊,Na
422,，,COMMACATEGORY
422,展現,VC
422,二刀流,Na
422,丰采,Na
422,，,COMMACATEGORY
422,主,Na
422,投前局,Nc
422,都,D
422,讓,VL
422,中國,Nc
422,上下,Ncd
422,，,COMMACATEGORY
422,直到,P
422,局,Nc
422,上,Ncd
422,才,Da
422,被,P
422,楊晉,Nb
422,擊出,VC
422,支壘,Na
422,安打,Na
422,總計,Da
422,他,Nh
422,投,VC
422,局球,Na
422,，,COMMACATEGORY
422,當,P
422,中,Ncd
422,有,V_2
422,顆,Nf
422,好球,Na
422,，,COMMACATEGORY
422,送出,VD
422,次,Nf
422,三振,VC
422,，,COMMACATEGORY
422,時速,Na
422,英里,Nf
422,公里,Nf
422,速球,Na
422,連,D
422,發,VD
422,打擊,Na
422,方面,Na
422,，,COMMACATEGORY
422,大谷翔,Nb
422,平,VH
422,打數,Na
422,安打,Na
422,，,COMMACATEGORY
422,獲得,VJ
422,兩,Neu
422,次,Nf
422,保送,VC
422,，,COMMACATEGORY
422,貢獻,Na
422,分打點,Na
422,，,COMMACATEGORY
422,堪稱,VG
422,投打,Na
422,兼備,VJ
422,大谷翔平年,Nb
422,因,Cbb
422,傷,Na
422,放棄,VC
422,出賽,VA
422,，,COMMACATEGORY
422,這,Nep
422,次,Nf
422,是,SHI
422,他,Nh
422,首度,D
422,參加,VC
422,經典賽,Na
422,，,COMMACATEGORY
422,也,D
422,是,SHI
422,他,Nh
422,自,P
422,年前,Nd
422,加入,VC
422,美國,Nc
422,職棒,Na
422,大聯盟,Na
422,洛杉磯,Nc
422,天使,Na
422,後,Ng
422,，,COMMACATEGORY
422,首次,D
422,在,P
422,東京,Nc
422,出賽,VA
422,，,COMMACATEGORY
422,他,Nh
422,也,D
422,沒,D
422,讓,VL
422,現場,Nc
422,萬多,Neu
422,名,Nf
422,球迷,Na
422,失望,VH
422,比賽,Na
422,開始,VL
422,前,Nes
422,幾,Neu
422,個,Nf
422,鐘頭,Na
422,，,COMMACATEGORY
422,現場,Nc
422,群眾,Na
422,愈來愈,Dfa
422,興奮,VH
422,，,COMMACATEGORY
422,球迷,Na
422,排隊,VA
422,購買,VC
422,寫,VC
422,著,Di
422,日本,Nc
422,球員,Na
422,名字,Na
422,的,DE
422,球衣,Na
422,歲,Nf
422,辦公室,Nc
422,職員宮,Nc
422,下,Ncd
422,，,COMMACATEGORY
422,譯音,Na
422,告訴,VE
422,法新社,Nc
422,，,COMMACATEGORY
422,大谷翔平,Nb
422,是,SHI
422,她,Nh
422,的,DE
422,最愛,Na
422,她,Nh
422,說,VE
422,大谷翔平,Nb
422,真的,D
422,很,Dfa
422,受,VJ
422,歡迎,VJ
422,，,COMMACATEGORY
422,每,Nes
422,個,Nf
422,人,Na
422,都,D
422,敬佩,VJ
422,他,Nh
422,他,Nh
422,是,SHI
422,創造,VC
422,歷史,Na
422,的,DE
422,偉大,VH
422,球員,Na
422,，,COMMACATEGORY
422,他,Nh
422,個性,Na
422,很,Dfa
422,好,VH
422,，,COMMACATEGORY
422,而,Cbb
422,且,Cbb
422,很,Dfa
422,可愛,VH
422,歲棒,Na
422,球迷,Na
422,白水,Nb
422,，,COMMACATEGORY
422,譯音,Na
422,花,VC
422,了,Di
422,約,Da
422,美元,Na
422,約,Da
422,新台幣元,Na
422,入場,VA
422,，,COMMACATEGORY
422,他,Nh
422,頭,Na
422,戴,VC
422,日本隊,Na
422,球帽,Na
422,，,COMMACATEGORY
422,身穿,VJ
422,洛杉磯,Nc
422,天使,Na
422,的,DE
422,球衣,Na
422,，,COMMACATEGORY
422,邊,D
422,用,P
422,翻譯,VC
422,應用,Na
422,程式,Na
422,告訴,VE
422,美聯社,Nc
422,他,Nh
422,大谷翔平,Nb
422,是,SHI
422,傳奇,Na
422,球員,Na
422,，,COMMACATEGORY
422,但,Cbb
422,他,Nh
422,不,D
422,只,Da
422,是,SHI
422,個,Nf
422,好,VH
422,球員,Na
422,他,Nh
422,的,DE
422,抱負,Na
422,他,Nh
422,的,DE
422,成就,Na
422,，,COMMACATEGORY
422,對,P
422,所有,Neqa
422,日本人,Na
422,都,D
422,有,V_2
422,正面,Na
422,影響,Na
422,所有,Neqa
422,小孩,Na
422,都,D
422,想,VE
422,跟,P
422,大,VH
422,谷樣,Na
422,大谷翔平,Nb
422,的,DE
422,隊友,Na
422,也,D
422,對,P
422,他,Nh
422,的,DE
422,表現,Na
422,印象深刻,VH
422,日裔,Na
422,美籍,Na
422,效力,VB
422,聖路易,Nc
422,紅雀,Nb
422,的,DE
422,努特巴爾,Nb
422,說,VE
422,，,COMMACATEGORY
422,大谷翔平,Nb
422,猶如,VG
422,電子,Na
422,遊戲,Na
422,般,Ng
422,的,DE
422,存在,VA
422,，,COMMACATEGORY
422,每,Nes
422,次,Nf
422,我,Nh
422,看,VC
422,他,Nh
422,上場,VA
422,，,COMMACATEGORY
422,都,D
422,得,D
422,掐,VC
422,自己,Nh
422,下,Ng
422,，,COMMACATEGORY
422,以,Cbb
422,確認,VE
422,所,D
422,見,VE
422,屬實,VH
422,努特巴爾,Nb
422,說,VE
422,，,COMMACATEGORY
422,那,Dk
422,跟,P
422,我,Nh
422,看,VC
422,過,Di
422,的,DE
422,都,D
422,不樣,VH
422,，,COMMACATEGORY
422,他,Nh
422,是,SHI
422,個,Nf
422,特別,VH
422,的,DE
422,天才,Na
422,本,Nes
422,屆,Nf
422,經典賽,Na
422,參賽,VA
422,的,DE
422,個,Nf
422,國家,Na
422,隊伍,Na
422,分成,VG
422,共組,VC
422,，,COMMACATEGORY
422,分別,D
422,在,P
422,台灣,Nc
422,台中,Nc
422,日本,Nc
422,東京,Nc
422,美,Nc
422,國亞利桑那州,Nc
422,美國,Nc
422,佛羅里達州,Nc
422,爭取,VC
422,晉級,VJ
422,機會,Na
422,日本,Nc
422,韓國,Nc
422,澳洲,Nc
422,中國,Nc
422,捷克,Nc
422,同屬組,Nc
422,據,P
422,大谷翔平,Nb
422,透露,VE
422,，,COMMACATEGORY
422,日,Nc
422,日本,Nc
422,對戰,VA
422,韓國役,Na
422,的,DE
422,先,D
422,發,VH
422,是,SHI
422,達,VJ
422,比,P
422,修,VC
422,有,V_2
422,備註,VE
423,媒體,Na
423,來源,Na
423,自由時報,Nb
423,記者,Na
423,署名,VC
423,易慧慈,Nb
423,完整,VH
423,新聞,Na
423,標題,Na
423,背水戰,Na
423,台灣,Nc
423,最,Dfa
423,強,VH
423,後盾,Na
423,現身,VA
423,林襄,Nb
423,帶頭,VA
423,嬌,VH
423,喊,VE
423,襄信,VK
423,你們,Nh
423,完整,VH
423,新聞,Na
423,內文,Na
423,年,Na
423,世界,Nc
423,棒球,Na
423,經典賽,Na
423,前天,Nd
423,日,Nd
423,台灣,Nc
423,第,Neu
423,戰,Na
423,對上,VC
423,巴拿馬,Nc
423,，,COMMACATEGORY
423,以,P
423,慘敗,VH
423,，,COMMACATEGORY
423,輸掉,VJ
423,戰後,Nd
423,，,COMMACATEGORY
423,今晚,Nd
423,出戰,VC
423,義大利,Nc
423,，,COMMACATEGORY
423,將,D
423,是,SHI
423,背水戰,Na
423,，,COMMACATEGORY
423,由,P
423,江少慶,Nb
423,先發,VA
423,經典,Na
423,女孩,Na
423,啦啦隊,Na
423,正妹,Na
423,們,Na
423,，,COMMACATEGORY
423,昨晚,Nd
423,在,P
423,集結,VAC
423,喊話,VA
423,，,COMMACATEGORY
423,林襄,Nb
423,對,P
423,台灣,Nc
423,球員,Na
423,大喊,VE
423,襄信,Nb
423,你們,Nh
423,前晚,Nd
423,台灣,Nc
423,投手,Na
423,群,Na
423,崩盤,VH
423,，,COMMACATEGORY
423,被,P
423,巴拿馬,Nc
423,屠殺,VC
423,創下,VC
423,史詩級,Na
423,洲際,Nc
423,慘案,Na
423,，,COMMACATEGORY
423,昨晚,Nd
423,義大利,Nc
423,突破,VC
423,僵局,Na
423,以,P
423,比,P
423,擊敗,VC
423,古巴,Nc
423,，,COMMACATEGORY
423,對於,P
423,今晚,Nd
423,台灣,Nc
423,對,P
423,義大利,Nc
423,，,COMMACATEGORY
423,大家,Nh
423,無法,D
423,樂觀,VH
423,以,P
423,對,VC
423,，,COMMACATEGORY
423,視為,VG
423,背水戰,Na
423,樂天,VH
423,女孩,Na
423,陳怡叡,Nb
423,昨晚,Nd
423,在,P
423,曬出,VJ
423,超正,A
423,經典賽,Na
423,應,D
423,援照,VC
423,，,COMMACATEGORY
423,番,Nf
423,感性,VH
423,寫下,VC
423,台灣隊,Na
423,的,DE
423,國手,Na
423,們,Na
423,我,Nh
423,相信,VK
423,你們,Nh
423,喔,T
423,直直,VH
423,相信,VK
423,，,COMMACATEGORY
423,她,Nh
423,說,VE
423,不管,Cbb
423,遇到,VC
423,怎樣,VH
423,的,DE
423,難關,Na
423,，,COMMACATEGORY
423,我們,Nh
423,都,D
423,會,D
423,直,D
423,在,P
423,身後,Nc
423,當,VG
423,你們,Nh
423,最,Dfa
423,強,VH
423,最,Dfa
423,堅定,VHC
423,的,DE
423,後盾,Na
423,明天,Nd
423,對戰,VA
423,義大利,Nc
423,，,COMMACATEGORY
423,大家,Nh
423,起,VC
423,幫,P
423,台灣隊,Na
423,加油,VB
423,林襄,Nb
423,也,D
423,來,D
423,留言,VA
423,集氣,VA
423,襄信,VK
423,你們,Nh
423,，,COMMACATEGORY
423,對,P
423,巴拿馬,Nc
423,先發,VA
423,投手,Na
423,胡智為,Nb
423,的,DE
423,老婆,Na
423,艾璐,Nb
423,，,COMMACATEGORY
423,也,D
423,是,SHI
423,經典,Na
423,女孩,Na
423,成員,Na
423,，,COMMACATEGORY
423,留言,Na
423,襄信,VK
423,網友,Na
423,們,Na
423,把,P
423,陳怡叡,Nb
423,和,Caa
423,林襄,Nb
423,名字,Na
423,合,VB
423,在,P
423,起說,VE
423,怡起,Nb
423,襄信,Nb
423,峮峮,FW
423,和,P
423,妳,Nh
423,真是,D
423,夢幻,Na
423,聯動會,Na
423,直,D
423,守,VC
423,在,P
423,電視,Na
423,前,Ncd
423,的,DE
423,我,Nh
423,只,Da
423,相信,VK
423,啦啦隊,Na
423,打回來,VB
423,台灣,Nc
423,加油,VB
423,//////////,FW
423,//////////,FW
423,//////////,FW
423,林襄,Nb
423,翻攝,VC
423,//////////,FW
423,//////////,FW
423,陳怡叡,Nb
423,翻攝,VC
423,//////////,FW
423,艾璐,Nb
423,翻攝,VC
423,完整,VH
423,新聞,Na
423,連結,VC
423,或,Caa
423,短,VH
423,網址,Na
423,/////,FW
423,備註,VE
423,請,VF
424,媒體,Na
424,來源,Na
424,自由,VH
424,記者,Na
424,署名,VC
424,張釔泠,Nb
424,完整,VH
424,新聞,Na
424,標題,Na
424,玖壹壹,Nb
424,日式,A
424,搖滾,Na
424,經典賽,Na
424,開心,VH
424,同,Nes
424,框,Na
424,王建民,Nb
424,完整,VH
424,新聞,Na
424,內文,Na
424,玖壹壹,Nb
424,和,Caa
424,台灣隊,Na
424,球員,Na
424,起入鏡,VA
424,，,COMMACATEGORY
424,開心,VH
424,同,Nes
424,框,Na
424,王建民,Nb
424,後,Ng
424,排,Nf
424,右,Ncd
424,四,Neu
424,混血兒,Na
424,娛樂,Na
424,提供,VD
424,記者,Na
424,張釔泠,Nb
424,台北,Nc
424,報導,VE
424,玖壹壹,Nb
424,受,P
424,世界,Nc
424,棒球,Na
424,經典賽,Na
424,邀約,VC
424,，,COMMACATEGORY
424,創作,VC
424,主題曲,Na
424,世界,Nc
424,都,D
424,看見,VE
424,，,COMMACATEGORY
424,春風,Na
424,表示,VE
424,非常,Dfa
424,榮幸,VH
424,，,COMMACATEGORY
424,以前,Nd
424,只,Da
424,能,D
424,在,P
424,旁邊,Ncd
424,加油,VB
424,，,COMMACATEGORY
424,這,Nep
424,次,Nf
424,創作,Na
424,嘗試,VF
424,了,Di
424,日式,A
424,搖滾,Na
424,曲風,Na
424,帶有,VJ
424,動漫感,Na
424,的,DE
424,編,VC
424,曲,Na
424,元素,Na
424,，,COMMACATEGORY
424,讓,VL
424,音樂,Na
424,更,Dfa
424,多元,VH
424,世界,Nc
424,都,D
424,看見,VE
424,集結,VAC
424,台灣隊,Na
424,的,DE
424,球員,Na
424,和,Caa
424,啦啦隊,Na
424,起,Ng
424,參與,VC
424,拍攝,VC
424,，,COMMACATEGORY
424,畫面,Na
424,很,Dfa
424,壯觀,VH
424,，,COMMACATEGORY
424,春風,Na
424,也,D
424,開心,VH
424,分,VC
424,享,VJ
424,，,COMMACATEGORY
424,平時,Nd
424,只,Da
424,能,D
424,在,P
424,電視,Na
424,上,Ncd
424,看到,VE
424,王建民,Nb
424,，,COMMACATEGORY
424,沒想到,D
424,會,D
424,出現,VH
424,在,P
424,裡,Ncd
424,提到,VE
424,瘋,VH
424,運動,Na
424,的,DE
424,程度,Na
424,，,COMMACATEGORY
424,洋蔥,Na
424,是,SHI
424,人,Na
424,當中,Ng
424,最,Dfa
424,熱愛,VL
424,挑戰,VC
424,極限,Na
424,的,T
424,，,COMMACATEGORY
424,今年,Nd
424,也,D
424,規劃,VC
424,要,D
424,去,D
424,比,P
424,鐵人,Na
424,三,Neu
424,項,Nf
424,，,COMMACATEGORY
424,洋蔥,Na
424,說,VE
424,如果,Cbb
424,參加,VC
424,棒球,Na
424,，,COMMACATEGORY
424,除了,P
424,投手,Na
424,之外,Ng
424,，,COMMACATEGORY
424,其他,Neqa
424,位置,Na
424,都,D
424,能,D
424,嘗試,VF
424,，,COMMACATEGORY
424,因為,Cbb
424,準度,Na
424,跟,P
424,力度,Na
424,掌握度,Na
424,不,D
424,高,VH
424,玖壹壹,Nb
424,說,VE
424,棒球,Na
424,是,SHI
424,台灣,Nc
424,的,DE
424,全民,Na
424,運動,Na
424,，,COMMACATEGORY
424,代表,VK
424,的,DE
424,精神,Na
424,是,SHI
424,全力,D
424,拚戰,VA
424,永,D
424,不,D
424,放棄,VC
424,，,COMMACATEGORY
424,粉絲,Na
424,中,Ng
424,也,D
424,有,V_2
424,很,Dfa
424,多,VH
424,棒球迷,Na
424,，,COMMACATEGORY
424,新歌,Na
424,世界,Nc
424,都,D
424,看見,VE
424,熱血,Na
424,指數,Na
424,爆表,VH
424,，,COMMACATEGORY
424,是否,D
424,也,D
424,是,SHI
424,玖壹壹,Nb
424,的,DE
424,人生觀,Na
424,洋蔥,Na
424,說,VE
424,碰,VC
424,到,P
424,挫折,Na
424,絕對,D
424,是,SHI
424,廢,VC
424,個,Di
424,幾,Neu
424,天,Nf
424,，,COMMACATEGORY
424,出去,VA
424,玩,VC
424,或是,Caa
424,運動,Na
424,讓,VL
424,自己,Nh
424,好好,D
424,沉澱,VH
424,下,Ng
424,，,COMMACATEGORY
424,然後,D
424,再,D
424,繼續,VF
424,創作,VC
424,春風,Na
424,則,D
424,說,VE
424,自己,Nh
424,復原期,Na
424,很,Dfa
424,長,VH
424,，,COMMACATEGORY
424,需要,VK
424,年,Nf
424,的,DE
424,時間,Na
424,振作,VHC
424,調整,VC
424,完整,VH
424,新聞,Na
424,連結,VC
424,或,Caa
424,短,VH
424,網址,Na
424,不可,D
424,用,VC
424,等,Cab
424,轉載,VC
424,媒體,Na
424,/////,FW
424,備註,VE
424,支持,VC
424,台灣隊,Na
424,，,COMMACATEGORY
424,支持,VC
424,玖壹壹,Nb
424,，,COMMACATEGORY
424,支持,VC
424,大樹哥,Na
425,",",COMMACATEGORY
425,日,Nc
425,韓,Nc
425,之,DE
425,戰,Na
425,直播,VC
425,連結,VC
425,日,Nc
425,韓,Nc
425,戦,FW
425,も,PARENTHESISCATEGORY
425,見,VE
425,て,PARENTHESISCATEGORY
425,る,Neu
425,よ,FW
425,チ,FW
425,ャ,FW
425,イ,FW
425,ニ,FW
425,ー,FW
425,ズ,FW
425,・,PARENTHESISCATEGORY
425,タ,FW
425,イ,FW
425,ペ,FW
425,イ,FW
425,イ,FW
425,タ,FW
425,リ,FW
425,ア,FW
425,視,P
425,聴,Na
425,配信,VH
425,台湾,Na
425,野球,Na
425,好,VH
425,き,FW
425,の,PARENTHESISCATEGORY
425,応援,Na
425,配信,VA
425,////,FW
425,激,VC
425,ア,FW
425,ツ,FW
425,日,Nc
425,韓,Nc
425,戦,FW
425,を,FW
425,実況,Na
425,し,FW
425,て,PARENTHESISCATEGORY
425,み,FW
425,る,FW
425,/,FW
425,大谷翔平侍,Nb
425,ジ,FW
425,ャ,FW
425,パ,FW
425,ン,FW
425,////,FW
425,棒球,Na
425,♡,FW
425,配信,VH
425,日本,Nc
425,韓國,Nc
425,♪,FW
425,////,FW
425,日,Nc
425,韓,Nc
425,之,DE
425,戰,Na
425,第,Neu
425,戦,FW
425,日本,Nc
425,韓国,Nb
425,今夜,Nd
425,時,Ng
425,系列,Na
425,生,VC
425,中継,Nb
425,///,FW
425,侍,VC
425,ジ,FW
425,ャ,FW
425,パ,FW
425,ン,FW
425,永遠,D
425,の,PARENTHESISCATEGORY
425,ラ,FW
425,イ,FW
425,バ,FW
425,ル,FW
425,韓国,Nb
425,と,PARENTHESISCATEGORY
425,の,PARENTHESISCATEGORY
425,日,Nc
425,韓,Nc
425,戦,PARENTHESISCATEGORY
425,に,FW
425,挑,VC
425,む,Nb
425,///,FW
425,日,Nc
425,韓,Nc
425,戦,FW
425,先,D
425,発,FW
425,キ,FW
425,ム,FW
425,・,PARENTHESISCATEGORY
425,グ,FW
425,ァ,FW
425,ン,FW
425,ヒ,FW
425,ョ,FW
425,ン,FW
425,の,PARENTHESISCATEGORY
425,年,Na
425,登板,VA
425,ま,FW
425,と,PARENTHESISCATEGORY
425,め,FW
425,日本,Nc
425,キ,FW
425,ラ,FW
425,ー,FW
425,金廣鉉,Nb
425,・,PARENTHESISCATEGORY
425,韓国,Nb
425,代表,Na
425,///,FW
425,就,D
425,餓死,VHC
425,抬頭,VA
425,世仇,Na
425,日本,Nc
425,跟,Caa
425,韓國,Nc
425,即將,D
425,再,D
425,今晚,Nd
425,六點,Nd
425,再度,D
425,對決,VA
425,到底,D
425,誰,Nh
425,會,D
425,贏,VD
425,卦,Na
426,備註,VE
426,請,VF
426,放,VC
426,最後,Nd
426,面違,VC
426,者,Na
426,新聞,Na
426,文章,Na
426,刪除,VC
426,媒體,Na
426,來源,Na
426,東森,Nc
426,記者,Na
426,署名,VC
426,記者,Na
426,李欣容,Nb
426,台北,Nc
426,報導,VE
426,完整,VH
426,新聞,Na
426,標題,Na
426,林襄,Nb
426,今日,Nd
426,和,P
426,樂天,VH
426,女孩,Na
426,筠熹,Nb
426,阿布,Nb
426,舞曲曲,Na
426,出席,VC
426,眼科,Nc
426,活動,Na
426,，,COMMACATEGORY
426,問起,VE
426,日前,Nd
426,在,P
426,石垣島,Nc
426,爆哭事,VA
426,，,COMMACATEGORY
426,林襄,Nb
426,坦言,VE
426,當時,Nd
426,喝,VC
426,了,Di
426,點,Nf
426,小,VH
426,酒,Na
426,，,COMMACATEGORY
426,情緒,Na
426,有點,Dfa
426,敏感,VH
426,，,COMMACATEGORY
426,但,Cbb
426,現在,Nd
426,心情,Na
426,都,D
426,恢復,VHC
426,了,T
426,，,COMMACATEGORY
426,只,Da
426,擔心,VK
426,自己,Nh
426,在,P
426,鏡頭,Na
426,前,Ncd
426,看起來,D
426,太,Dfa
426,瘦,VH
426,，,COMMACATEGORY
426,明顯,VH
426,看出,VE
426,她,Nh
426,連,Cbb
426,啦啦隊,Na
426,的,DE
426,裙子,Na
426,都,D
426,變,VG
426,得,DE
426,很,Dfa
426,鬆,VHC
426,，,COMMACATEGORY
426,她,Nh
426,也,D
426,透露,VE
426,現在,Nd
426,體重,Na
426,，,COMMACATEGORY
426,讓,VL
426,筠熹,Nb
426,聽,VE
426,了,Di
426,都,D
426,說,VE
426,，,COMMACATEGORY
426,不,D
426,想,VE
426,站,VA
426,妳,Nh
426,旁邊,Ncd
426,林襄,Nb
426,日前,Nd
426,在,P
426,鏡頭,Na
426,前,Ncd
426,爆哭,VA
426,，,COMMACATEGORY
426,鬆口,VA
426,說出,VE
426,爆紅年,Nd
426,多,Neqb
426,來,Ng
426,的,DE
426,內心,Na
426,壓力,Na
426,，,COMMACATEGORY
426,今,Nd
426,林襄,Nb
426,回憶,VK
426,當時,Nd
426,，,COMMACATEGORY
426,石垣島,Nc
426,沙塵,Na
426,很多,VH
426,，,COMMACATEGORY
426,晚上,Nd
426,又,D
426,喝,VC
426,了,Di
426,點,Nf
426,酒,Na
426,，,COMMACATEGORY
426,心情,Na
426,比較,Dfa
426,敏感,VH
426,，,COMMACATEGORY
426,又,D
426,有,V_2
426,複雜,VH
426,的,DE
426,情緒,Na
426,，,COMMACATEGORY
426,但,Cbb
426,我,Nh
426,現在,Nd
426,算是,VG
426,滿,Dfa
426,享受,VJ
426,的,T
426,，,COMMACATEGORY
426,很,Dfa
426,珍惜,VJ
426,每,Nes
426,份,Nf
426,工作,Na
426,，,COMMACATEGORY
426,是,SHI
426,有點點,Dfa
426,壓力,Na
426,啦,T
426,但,Cbb
426,現在,Nd
426,好,VH
426,點,Dfb
426,了,T
426,，,COMMACATEGORY
426,只,Da
426,覺得,VK
426,有點,Dfa
426,看起來,D
426,過,Dfa
426,瘦,VH
426,透露,VE
426,現在,Nd
426,只,Da
426,有,V_2
426,公斤,Nf
426,，,COMMACATEGORY
426,甚,Dfa
426,至,P
426,團員,Na
426,還,D
426,覺得,VK
426,她,Nh
426,根本,D
426,不,D
426,到,P
426,公斤,Nf
426,，,COMMACATEGORY
426,連,Cbb
426,已經,D
426,很,Dfa
426,瘦,VH
426,的,DE
426,筠熹,Nb
426,都,D
426,不,D
426,敢,VL
426,至於,P
426,世界,Nc
426,棒球,Na
426,經典賽,Na
426,昨日,Nd
426,晚,Nd
426,中華隊,Na
426,第,Neu
426,戰,Na
426,對上,VC
426,巴拿馬,Nc
426,，,COMMACATEGORY
426,最終,D
426,以,P
426,落敗,VH
426,，,COMMACATEGORY
426,林襄,Nb
426,坦言,VE
426,啦啦隊,Na
426,就是,Cbb
426,做好,VC
426,應援,VC
426,角色,Na
426,，,COMMACATEGORY
426,對於,P
426,比賽,Na
426,結果,Na
426,，,COMMACATEGORY
426,有,V_2
426,球迷,Na
426,氣喊,VE
426,，,COMMACATEGORY
426,乾脆,VH
426,叫,VF
426,林襄,Nb
426,上去,VA
426,投算,VC
426,了,Di
426,揶揄,VC
426,最,Dfa
426,大,VH
426,敗筆,Na
426,是,SHI
426,林襄,Nb
426,沒有,D
426,在,P
426,本壘板,Na
426,後面,Ncd
426,跳舞,VA
426,，,COMMACATEGORY
426,林襄,Nb
426,聽聞,VE
426,大笑,VA
426,，,COMMACATEGORY
426,什麼,Nep
426,意思,Na
426,那,Nep
426,要,D
426,看,VC
426,本壘板,Na
426,後面,Ncd
426,有沒有,D
426,借,VD
426,舞台,Na
426,呀,T
426,完整,VH
426,新聞,Na
426,內文,Na
426,///,FW
426,完整,VH
426,新聞,Na
426,連結,VC
426,或,Caa
426,短,VH
426,網址,Na
426,不可,D
426,用,VC
426,等,Cab
426,轉載,VC
426,媒體,Na
426,備註,VE
427,台北,Nc
427,南港,Nc
427,中信,Nb
427,金融,Na
427,園區,Nc
427,///,FW
427,桃園,Nc
427,環球,A
427,///,FW
427,桃園,Nc
427,桃園,Nc
427,市府,Nc
427,前,Nes
427,廣場,Nc
427,下午,Nd
427,新增,VJ
427,///,FW
427,台中,Nc
427,台中市政府,Nc
427,前,Ncd
427,廣場,Nc
427,///,FW
427,彰化縣,Nc
427,政府,Na
427,前,Ncd
427,廣場,Nc
427,///,FW
427,雲林,Nc
427,虎尾鎮,Nc
427,圓環,Nc
427,///,FW
427,雲林,Nc
427,斗六,Nc
427,膨鼠,Nb
427,森林,Na
427,公園,Nc
427,///,FW
427,高雄,Nc
427,苓雅,Nc
427,運動中心,Nc
427,///,FW
427,花蓮,Nc
427,遠東,Nc
427,百貨,Na
427,///,FW
427,還,D
427,有,V_2
427,哪裡,Ncd
427,漏掉,VH
427,嗎,T
427,晚餐,Na
427,是,SHI
427,鍋貼,Na
427,還是,Caa
427,披薩,Na
427,有,V_2
427,沒,D
427,有,V_2
427,八卦,Na
428,魯題,Na
428,~~,FW
428,阿肥,Nb
428,看,VE
428,，,COMMACATEGORY
428,中國隊,Na
428,被,P
428,日本,Nc
428,痛宰,VC
428,啦,T
428,這,Nep
428,不,D
428,意外,VK
428,就,D
428,是,SHI
428,~~,FW
428,畢竟,D
428,連,Cbb
428,大谷,Nb
428,都,D
428,上場,VA
428,了,Di
428,然後,D
428,阿肥,Nb
428,想到,VE
428,有,V_2
428,屆,Nf
428,奧運,Nb
428,齁,FW
428,鬼島,Nc
428,灣灣,Nb
428,棒球隊,Na
428,竟然,D
428,是,SHI
428,被,P
428,中國,Nc
428,反,D
428,超,VJ
428,而且,Cbb
428,還是,D
428,中國隊,Na
428,唯贏,VH
428,的,DE
428,場,Nc
428,///,FW
428,///,FW
428,///,FW
428,是,SHI
428,說,VE
428,那時,Nd
428,都局,Nc
428,下,Nes
428,半,Neqa
428,場,Nf
428,了,T
428,的,DE
428,場合,Na
428,，,COMMACATEGORY
428,怎麼,D
428,看,VC
428,中國,Nc
428,應該,D
428,都,D
428,不用,D
428,玩,VC
428,了,Di
428,結果,Dk
428,就,D
428,在,P
428,這,Nep
428,下,Nes
428,半,Neqa
428,場,Nf
428,拿,VC
428,了,Di
428,分,VC
428,打臉,VC
428,了,Di
428,鬼島,Nc
428,棒球隊,Na
428,那時,Nd
428,下,Nes
428,半,Neqa
428,場,Nf
428,都,D
428,剩,VJ
428,不,D
428,到,VJ
428,分,VC
428,了,Di
428,捏,VC
428,正常,VH
428,應該,D
428,是,SHI
428,都,D
428,感覺,VK
428,無望,VH
428,，,COMMACATEGORY
428,士氣,Na
428,全,Neqa
428,失,VJ
428,了,Di
428,吧,T
428,結果,Dk
428,中國隊,Na
428,還,D
428,表演出,VC
428,逆轉,VA
428,勝,VH
428,他們,Nh
428,到底,D
428,是,SHI
428,怎麼,D
428,穩住,VC
428,情緒,Na
428,的,T
428,啊,T
429,阿肥,Nb
429,每,Nes
429,次,Nf
429,看,VC
429,都,D
429,是,SHI
429,在,P
429,電視,Na
429,看,VC
429,轉播,VC
429,，,COMMACATEGORY
429,這,Nep
429,次,Nf
429,沒有,VJ
429,中華隊,Na
429,的,DE
429,場次,Na
429,，,COMMACATEGORY
429,內野,Nc
429,只要,Cbb
429,元,Nf
429,，,COMMACATEGORY
429,又,D
429,可以,D
429,看到,VE
429,大聯盟,Na
429,身手,Na
429,，,COMMACATEGORY
429,譬如,P
429,義大利,Nc
429,對上,VC
429,荷蘭,Nc
429,，,COMMACATEGORY
429,這,Nep
429,場,Nc
429,內,Ncd
429,野元,Na
429,是,SHI
429,不,D
429,是,SHI
429,值,Na
429,最,Dfa
429,高,VH
430,今天,Nd
430,開,VC
430,臉書,Na
430,看,VC
430,了,Di
430,下,Nes
430,有,V_2
430,二,Neu
430,則,Nf
430,報,VC
430,中華隊,Na
430,啦啦隊,Na
430,的,DE
430,報導,Na
430,底下,Ncd
430,推文,Na
430,堆酸,Na
430,啦啦隊,Na
430,的,DE
430,分享,VJ
430,雲,VE
430,///,FW
430,自由時報,Nb
430,娛樂,Na
430,頻道,Na
430,///,FW
430,不,D
430,是,SHI
430,堆色,Na
430,胚豬哥,Na
430,超,Dfa
430,愛,VL
430,看,VC
430,的,T
430,嗎,T
430,現在,Nd
430,怎麼,VH
430,風向,Na
430,變,VH
430,了,T
430,有,V_2
430,沒,D
430,有,V_2
430,啦啦隊,Na
430,變戰犯,Na
430,的,DE
430,八卦,Na
431,只要,Cbb
431,台灣人,Na
431,才,Da
431,能,D
431,搞好,VC
431,台灣,Nc
431,棒球,Na
431,留給,VD
431,中華,Nc
431,台北,Nc
431,的,DE
431,時間,Na
431,不,D
431,多,VH
431,了,T
431,萬,Neu
431,人,Na
431,，,COMMACATEGORY
431,找,VC
431,不,D
431,到,VC
431,個,Di
431,會,D
431,守備,VA
431,的,DE
431,巴拿馬,Nc
431,輸完,VC
431,輸,VD
431,菲律賓,Nc
431,接下來,D
431,沒,D
431,得,D
431,輸,VD
431,了,Di
431,臉,Na
431,都,D
431,不,D
431,要,VC
431,了,Di
431,年,Na
431,太,Dfa
431,不,D
431,正常,VH
431,了,T
431,，,COMMACATEGORY
431,切,VC
431,都,D
431,不,D
431,正常,VH
431,，,COMMACATEGORY
431,但,Cbb
431,關鍵,Na
431,時刻,Na
431,，,COMMACATEGORY
431,中華,Nc
431,棒球隊,Na
431,挺身而出,VA
431,用,P
431,實際,VH
431,的,DE
431,輸球,VH
431,行動,Na
431,向,P
431,世界,Nc
431,證明,VE
431,中華,Nc
431,棒球隊,Na
431,還是,D
431,正常,VH
431,的,DE
432,不過,Cbb
432,我,Nh
432,還是,D
432,要,D
432,說,VE
432,，,COMMACATEGORY
432,大家,Nh
432,請,VF
432,支持,VC
432,中華隊,Na
432,疼惜,VJ
432,中華隊,Na
432,不要,D
432,每,Nes
432,次,Nf
432,國際賽,Na
432,都,D
432,在,D
432,謾罵,VA
432,球員,Na
432,，,COMMACATEGORY
432,球員,Na
432,沒有,D
432,欠,VD
432,我們,Nh
432,什麼,Nep
432,我,Nh
432,愛,VL
432,中華隊,Na
432,中華隊,Na
432,加油,VB
432,酸民,Na
432,退散,VH
432,///,FW
432,用,P
432,行動,Na
432,支持,VC
432,中華隊,Na
433,中華,Nc
433,對,P
433,巴拿馬,Nc
433,差點,D
433,被,P
433,，,COMMACATEGORY
433,締造,VC
433,洲際,Nc
433,慘案,Na
433,結果,Dk
433,隔天,Nd
433,韓國,Nc
433,以,P
433,分,VC
433,之,DE
433,差,Na
433,輸給,VD
433,澳洲,Nc
433,，,COMMACATEGORY
433,棒球迷,Na
433,先,D
433,是,SHI
433,紛紛,D
433,表示,VE
433,舒服,VH
433,及,Caa
433,感謝,VK
433,白虎,Nb
433,而後,D
433,又,D
433,傳來,VC
433,中國隊,Na
433,以,P
433,七,Neu
433,分,Nf
433,之,DE
433,差,Na
433,輸給,VD
433,日本,Nc
433,的,DE
433,捷報,Na
433,，,COMMACATEGORY
433,讓,VL
433,眾多,VH
433,球迷,Na
433,彷彿,D
433,吃,VC
433,了,Di
433,定心丸,Na
433,，,COMMACATEGORY
433,紛紛,D
433,檢討,VE
433,中國,Nc
433,隊,Na
433,的,DE
433,內容,Na
433,後來,Nd
433,有,D
433,看到,VE
433,媒體,Na
433,報導,VE
433,大陸隊,Na
433,，,COMMACATEGORY
433,球迷,Na
433,群起,D
433,激動,VH
433,怒噓,VE
433,什麼,Nep
433,大陸,Nc
433,企鵝,Na
433,也,D
433,打棒球,VA
433,把,P
433,輸球,VH
433,的,DE
433,不滿,Nv
433,全部,Neqa
433,宣洩出來,VB
433,這,Nep
433,場,Nf
433,中國,Nc
433,輸,VD
433,捷克,Nc
433,的,DE
433,話,Na
433,，,COMMACATEGORY
433,又,D
433,有,V_2
433,更多,Neqa
433,題材,Na
433,可以,D
433,講,VE
433,了,Di
433,，,COMMACATEGORY
433,嘻嘻,D
434,經典賽,Na
434,韓國,Nc
434,比,P
434,輸,VD
434,澳洲,Nc
434,姜白虎,Nb
434,離壘包,Na
434,被,P
434,觸殺,VC
434,挨批,VB
434,///////,FW
434,在,P
434,年,Na
434,月,Na
434,日,Na
434,澳大利亞,Nc
434,與,Caa
434,韓國,Nc
434,的,DE
434,世界,Nc
434,棒球,Na
434,經典,Na
434,賽組,Nc
434,比賽,Na
434,中,Ng
434,，,COMMACATEGORY
434,韓國隊,Na
434,姜白虎,Nb
434,前,Nes
434,左,Ncd
434,代,VC
434,打,VC
434,建功,VA
434,卻,D
434,離壘,VA
434,慶祝,VE
434,，,COMMACATEGORY
434,被,P
434,澳洲,Nc
434,野手,Na
434,從,P
434,後,Ncd
434,觸殺,VC
434,/,FW
434,新唐人,Na
434,年,Na
434,月,Na
434,日訊,Na
434,世界,Nc
434,棒球,Na
434,經典,Na
434,賽組,Nv
434,賽程,Na
434,開打,VH
434,，,COMMACATEGORY
434,韓國隊,Na
434,遭,P
434,澳洲,Nc
434,發分,VC
434,全壘打,Na
434,重擊,VC
434,，,COMMACATEGORY
434,終場,Na
434,比,P
434,爆,VH
434,冷,VH
434,輸球,VH
434,韓國隊,Na
434,姜白虎,Nb
434,代打,VB
434,建功,VA
434,卻,D
434,離壘,VA
434,做,VC
434,慶祝,VE
434,動作,Na
434,被,P
434,觸殺,VC
434,，,COMMACATEGORY
434,韓媒,Na
434,以,P
434,荒唐,VH
434,痛批,VC
434,組,VC
434,參賽,VA
434,隊伍,Na
434,包含,VJ
434,日本,Nc
434,韓國,Nc
434,澳洲,Nc
434,中國,Nc
434,捷克,Nc
434,，,COMMACATEGORY
434,取,VC
434,前,Nes
434,兩,Neu
434,名,Nf
434,晉級,VJ
434,，,COMMACATEGORY
434,韓,Nc
434,澳,Nc
434,之,DE
434,戰,Na
434,彼此,Nh
434,都,D
434,視為,VG
434,最,Dfa
434,關鍵,VH
434,之,DE
434,戰,Na
434,，,COMMACATEGORY
434,韓國,Nc
434,輸球,VH
434,後,Ng
434,遇上,VC
434,日本,Nc
434,有,V_2
434,輸不得,VH
434,壓力,Na
434,，,COMMACATEGORY
434,晉級,VJ
434,之,DE
434,路,Na
434,堪慮,VH
434,///////,FW
434,年,Na
434,月,Na
434,日,Na
434,，,COMMACATEGORY
434,在,P
434,日本,Nc
434,東京,Nc
434,，,COMMACATEGORY
434,世界,Nc
434,棒球,Na
434,經典賽組,Nc
434,澳大利亞,Nc
434,和,Caa
434,韓國,Nc
434,的,DE
434,比賽,Na
434,中,Ng
434,，,COMMACATEGORY
434,韓國,Nc
434,球迷,Na
434,在,P
434,第八,Neu
434,局,Nf
434,中,Ng
434,歡呼,VE
434,/,FW
434,法新社,Nc
434,報導,VE
434,，,COMMACATEGORY
434,澳洲隊,Na
434,今天,Nd
434,在,P
434,東京,Nc
434,巨蛋,Nc
434,火力,Na
434,凶猛,VH
434,，,COMMACATEGORY
434,肯納利局,Nc
434,上,Ncd
434,陽春砲,Na
434,格倫汀寧柏金斯,Nb
434,局,Nc
434,上,Ncd
434,與,Caa
434,局,Nc
434,上,Ncd
434,各,Nes
434,敲支,VC
434,分,VC
434,砲,Na
434,，,COMMACATEGORY
434,打爆,VC
434,韓國,Nc
434,牛棚,Na
434,///////,FW
434,年,Na
434,月,Na
434,日,Na
434,，,COMMACATEGORY
434,澳洲隊,Na
434,肯納利局,Nc
434,上,Ncd
434,陽春砲,Na
434,建功,VA
434,/,FW
434,/,FW
434,",",COMMACATEGORY
434,澳洲,Nc
434,過去,Nd
434,次,Nes
434,參加,VC
434,經典賽,Na
434,從,D
434,沒,D
434,打進,VC
434,過,Di
434,第,Neu
434,輪,Nf
434,，,COMMACATEGORY
434,今天,Nd
434,打敗,VC
434,韓國,Nc
434,晉級,VJ
434,後勢,Na
434,看漲,VH
434,陣,Na
434,中,Ncd
434,擁有,VJ
434,大谷翔,Nb
434,平達,Nb
434,比,P
434,修有,VJ
434,及,Caa
434,日職,Na
434,頂尖,VH
434,球星,Na
434,的,DE
434,日本,Nc
434,被,P
434,視為,VG
434,組龍頭,Na
434,大,VH
434,熱門,VH
434,澳洲局,Nc
434,與,Caa
434,局,Nc
434,上,Ncd
434,各,D
434,得分,VH
434,，,COMMACATEGORY
434,韓國局,Nc
434,下,Ncd
434,靠,P
434,捕手,Na
434,梁義智,Nb
434,分砲,VA
434,反超,VC
434,，,COMMACATEGORY
434,局,Nc
434,下,Ncd
434,再,D
434,添分,VA
434,，,COMMACATEGORY
434,但,Cbb
434,兩,Neu
434,局,Nc
434,連,Cbb
434,遭,P
434,澳洲,Nc
434,分,VC
434,砲,Na
434,重擊,VC
434,，,COMMACATEGORY
434,雖然,Cbb
434,局,Nc
434,下,Ncd
434,追回分,Na
434,，,COMMACATEGORY
434,仍,D
434,回天乏術,VH
434,/,FW
434,",",COMMACATEGORY
434,局,Nc
434,上,Ncd
434,被,P
434,澳洲,Nc
434,比,P
434,超前,VJ
434,後,Ng
434,，,COMMACATEGORY
434,韓國局,Nc
434,下,Ncd
434,開始,Ng
434,就,D
434,由,P
434,代打,VB
434,姜白虎,Nb
434,掃出,VC
434,左外野,Nc
434,深遠,VH
434,長打,Na
434,，,COMMACATEGORY
434,氣勢,Na
434,大,VH
434,好,VH
434,，,COMMACATEGORY
434,不料,D
434,他,Nh
434,衝上,VC
434,二壘,Na
434,後,Ng
434,向,P
434,休息室,Nc
434,隊友,Na
434,比,P
434,振奮,VHC
434,手勢,Na
434,時,Ng
434,不,D
434,小心,VK
434,腳,Na
434,離壘,VA
434,，,COMMACATEGORY
434,被,P
434,澳洲,Nc
434,野手,Na
434,冷不防,D
434,從,P
434,後,Ncd
434,觸殺,VC
434,，,COMMACATEGORY
434,雖然,Cbb
434,二壘,Na
434,審第,VH
434,時間,Na
434,判,VF
434,，,COMMACATEGORY
434,但,Cbb
434,經,P
434,電視,Na
434,輔助,VC
434,判決,VE
434,改判,VF
434,出局,VH
434,，,COMMACATEGORY
434,韓國局,Nc
434,下,Ncd
434,分,VC
434,未,D
434,得,VJ
434,點擊,VC
434,觀看,VC
434,相關,VH
434,視頻,Na
434,澳洲,Nc
434,下戰,Na
434,將,D
434,於,P
434,日,Nc
434,對,P
434,中國,Nc
434,，,COMMACATEGORY
434,韓國,Nc
434,將,D
434,於,P
434,日,Nc
434,對,P
434,日本,Nc
434,///////,FW
434,年,Na
434,月,Na
434,日,Na
434,，,COMMACATEGORY
434,在,P
434,日本,Nc
434,東京,Nc
434,，,COMMACATEGORY
434,世界,Nc
434,棒球,Na
434,經典賽組,Nc
434,澳大利亞,Nc
434,和,Caa
434,韓國,Nc
434,的,DE
434,比賽,Na
434,中,Ng
434,，,COMMACATEGORY
434,澳大利亞,Nc
434,的,DE
434,格倫汀寧,Nb
434,在,P
434,第三,Neu
434,場,Nf
434,比賽,Na
434,中,Ng
434,擊球,VA
434,/,FW
434,///////,FW
434,年,Na
434,月,Na
434,日,Na
434,，,COMMACATEGORY
434,在,P
434,日本,Nc
434,東京,Nc
434,的,DE
434,世界,Nc
434,棒球,Na
434,經典賽組,Nc
434,比賽,Na
434,中,Ng
434,，,COMMACATEGORY
434,澳大利亞,Nc
434,的,DE
434,柏金斯,Nb
434,在,P
434,第八,Neu
434,局,Nf
434,擊,VC
434,出,VJ
434,三壘,Na
434,安打,Na
434,/,FW
434,轉,VC
434,自,P
434,中央社,Nc
434,/,FW
434,責任,Na
434,編輯,Na
434,夏明義,Nb
434,///////,FW
435,房子,Na
435,買不起,VJ
435,台積電,Nb
435,在,P
435,萬七萬八,Neu
435,存股,Na
435,~,FW
435,好不容易,D
435,經典賽,Na
435,買運,VC
435,彩幫,VC
435,中華隊,Na
435,加油,VB
435,~,FW
435,輸,VD
435,的,DE
435,蹋糊塗,Na
435,想,VE
435,說,VE
435,看,VC
435,個,Di
435,書豪,Nb
435,對決,VA
435,魔獸,Na
435,~,FW
435,書豪,Nb
435,又,D
435,發燒,VH
435,無法,D
435,上場,VA
435,//////,FW
435,還,D
435,被,P
435,酸精緻,Na
435,窮,VH
435,~,FW
435,怎麼,D
435,這麼,D
435,衰,VH
436,先,D
436,說,VE
436,我,Nh
436,也,D
436,是,SHI
436,棒球迷,Na
436,啦,T
436,當年,Nd
436,台籃,Na
436,各,Nes
436,種,Nf
436,輸球,VH
436,被,P
436,虐爛,VC
436,我,Nh
436,也,D
436,是,SHI
436,跟,P
436,大家,Nh
436,進來,VA
436,嘲笑,VC
436,但是,Cbb
436,現在,Nd
436,該,Nes
436,中華,Nc
436,棒球,Na
436,各,Nes
436,種,Nf
436,失誤,Na
436,搞笑,VA
436,被,P
436,血洗,VC
436,輸給,VD
436,弱隊,Na
436,後,Ng
436,棒球版,Na
436,那些,Neqa
436,人,Na
436,不,D
436,檢討,VE
436,中職,Na
436,中華隊,Na
436,就,D
436,算,VH
436,了,T
436,還,D
436,整,Neqa
436,天,Nf
436,拉,VC
436,其他,Neqa
436,運動,Na
436,救援,VC
436,到底,D
436,是,SHI
436,多,Dfa
436,死忠,VH
436,啊,T
437,洲際,Nc
437,慘案,Na
437,嚇到,VJ
437,彩迷,Na
437,愛國心,Na
437,擺,VC
437,邊,Ncd
437,買氣,Na
437,逆轉,VA
437,狂押,VC
437,義大利,Nc
437,////,FW
437,記者,Na
437,許稚佳,Nb
437,報導,VE
437,發佈,VE
437,時間,Na
437,//,FW
437,最後,Nd
437,更新,VC
437,時間,Na
437,//,FW
437,棒球,Na
437,經典賽,Na
437,開打,VH
437,，,COMMACATEGORY
437,首,Nes
437,戰,Na
437,中華,Nc
437,台北隊,Na
437,敗給,VJ
437,巴拿馬,Nc
437,，,COMMACATEGORY
437,而,Cbb
437,今日,Nd
437,晚上,Nd
437,時,Ng
437,對上,VC
437,義大利,Nc
437,，,COMMACATEGORY
437,根,Na
437,據,P
437,公布,VE
437,最,Dfa
437,新,VH
437,賠率,Na
437,，,COMMACATEGORY
437,最,Dfa
437,高,VH
437,達倍,Na
437,，,COMMACATEGORY
437,飛來,VA
437,發彩券行,Nc
437,黃偉祺,Nb
437,指出,VE
437,，,COMMACATEGORY
437,今日,Nd
437,看好,VJ
437,義大利,Nc
437,贏,VD
437,的,DE
437,彩迷,Na
437,變,VG
437,多,VH
437,，,COMMACATEGORY
437,比例,Na
437,高達,VJ
437,，,COMMACATEGORY
437,主要,D
437,是,SHI
437,認為,VE
437,義大利,Nc
437,選手,Na
437,實力,Na
437,平均,VH
437,，,COMMACATEGORY
437,加上,Cbb
437,首,Nes
437,場,Nf
437,比賽,Na
437,中華,Nc
437,台北,Nc
437,輸,VD
437,太,Dfa
437,慘,VH
437,，,COMMACATEGORY
437,讓,VL
437,不少,Neqa
437,人,Na
437,變心,VH
437,運彩,Na
437,公布,VE
437,最,Dfa
437,新,VH
437,賠率,Na
437,，,COMMACATEGORY
437,義大利,Nc
437,贏賠率,Na
437,中華,Nc
437,台北,Nc
437,賠率,Na
437,，,COMMACATEGORY
437,而,Cbb
437,賠率,Na
437,最,Dfa
437,高,VH
437,的,DE
437,為,VG
437,勝,VH
437,分差,Na
437,中,Ng
437,華台北,Nc
437,主勝,VH
437,分賠率,Na
437,達倍,VH
437,，,COMMACATEGORY
437,而,Cbb
437,黃偉祺,Nb
437,坦言,VE
437,，,COMMACATEGORY
437,今日,Nd
437,真的,D
437,投注,VC
437,義大利,Nc
437,的,DE
437,比較,Dfa
437,多,VH
437,，,COMMACATEGORY
437,首,Nes
437,戰,Na
437,中,Ng
437,華台北,Nc
437,對,P
437,巴拿馬,Nc
437,買氣,Na
437,是,SHI
437,，,COMMACATEGORY
437,但,Cbb
437,受到,VJ
437,首,Nes
437,戰,Na
437,影響,VC
437,，,COMMACATEGORY
437,今日,Nd
437,買氣,Na
437,整,Neqa
437,個,Nf
437,逆轉,VA
437,，,COMMACATEGORY
437,有,V_2
437,高達,VJ
437,成,VH
437,彩迷,Na
437,都,D
437,看,VC
437,好,VH
437,義大利,Nc
437,贏,VD
437,加上,Cbb
437,彩迷,Na
437,也,D
437,認為,VE
437,，,COMMACATEGORY
437,目前,Nd
437,中華,Nc
437,台北隊,Na
437,投手,Na
437,較,Dfa
437,弱,VH
437,打擊,Na
437,雖,Cbb
437,好,VH
437,，,COMMACATEGORY
437,但,Cbb
437,義大利隊,Na
437,有,V_2
437,許多,Neqa
437,現役,A
437,球星,Na
437,，,COMMACATEGORY
437,到,P
437,棒,Na
437,實力,Na
437,平均,VH
437,，,COMMACATEGORY
437,也,D
437,勝過,VJ
437,巴拿馬,Nc
437,古巴,Nc
437,球員,Na
437,黃偉祺,Nb
437,說,VE
437,，,COMMACATEGORY
437,現在,Nd
437,以,P
437,買,VC
437,義大利,Nc
437,不,D
437,讓,VL
437,分,VC
437,的,DE
437,彩迷,Na
437,最,Dfa
437,多,VH
437,，,COMMACATEGORY
437,其次,Cbb
437,也,D
437,有,V_2
437,不少,Neqa
437,人,Na
437,買,VC
437,大分,Nc
437,，,COMMACATEGORY
437,也,D
437,就,D
437,是,SHI
437,比賽,Na
437,總分,Na
437,超過,VJ
437,而,Cbb
437,目前,Nd
437,賠率,Na
437,最,Dfa
437,高倍,A
437,的,DE
437,是,SHI
437,投注,VC
437,中華,Nc
437,台北,Nc
437,贏分,Na
437,，,COMMACATEGORY
437,黃,Nb
437,指出,VE
437,，,COMMACATEGORY
437,也,D
437,有,V_2
437,不少,Neqa
437,大學生,Na
437,會,D
437,花,VC
437,幾百,Neu
437,元,Nf
437,買,VC
437,中,Ng
437,華台北,Nc
437,贏分,VA
437,分分,Neqa
437,，,COMMACATEGORY
437,想,VE
437,拼下,VC
437,手氣,Na
437,也,D
437,有,V_2
437,上班族,Na
437,直接,VH
437,花,VC
437,萬,Neu
437,元,Nf
437,買,VC
437,義大利,Nc
437,不,D
437,讓,VL
437,分,VC
437,，,COMMACATEGORY
437,如義,Nb
437,大利,Na
437,贏,VD
437,就,D
437,可,D
437,抱回,VC
437,元,Nf
437,提醒,VE
437,您,Nh
437,未,D
437,成年人,Na
437,不得,D
437,購買,VC
437,或,Caa
437,兌領,VC
437,彩券,Na
437,，,COMMACATEGORY
437,購買,VC
437,彩券,Na
437,應該,D
437,量力而為,VH
437,，,COMMACATEGORY
437,勿,D
437,因,Cbb
437,過度,Dfa
437,投注,VC
437,而,Cbb
437,影響,VC
437,正常,VH
437,生活,Na
437,備註,VE
437,點面子,VA
437,都,D
437,不,D
437,給,VD
438,這樣子,Dk
438,很,Dfa
438,正常,VH
438,吧,T
438,開始,VL
438,大家,Nh
438,不,D
438,知道,VK
438,中華隊,Na
438,的,DE
438,實力,Na
438,經過,VCL
438,上,Nes
438,次,Nf
438,的,DE
438,慘案,Na
438,之後,Ng
438,現在,Nd
438,都,D
438,很,Dfa
438,清楚,VH
438,了,T
438,反正,D
438,結果,Dk
438,都樣,Na
438,會,D
438,輸,VD
438,拿,VC
438,點,Nf
438,錢,Na
438,回來,VA
438,總是,D
438,好,VH
438,的,DE
439,我,Nh
439,又,D
439,來,D
439,發,VD
439,廢文,Na
439,了,T
439,啦,T
439,，,COMMACATEGORY
439,目前,Nd
439,正在,D
439,看,VC
439,吉拿棒戰,Nb
439,啦,T
439,，,COMMACATEGORY
439,巴拿馬,Nc
439,整,Neqa
439,個,Nf
439,氣勢,Na
439,很,Dfa
439,強,VH
439,耶,T
439,，,COMMACATEGORY
439,有,V_2
439,沒,D
439,有,V_2
439,人,Na
439,快,D
439,出來,VA
439,幫,P
439,中華隊,Na
439,解套,VA
439,，,COMMACATEGORY
439,給,VD
439,他們,Nh
439,個,Nf
439,信心,Na
439,，,COMMACATEGORY
439,讓,VL
439,晚上,Nd
439,不要,D
439,輸,VD
439,太,Dfa
439,慘,VH
439,說錯,VC
439,應該,D
439,是,SHI
439,獲勝,VH
440,姆咪姆咪,I
440,如,P
440,題,Na
440,啦,T
440,前天,Nd
440,被,P
440,巴拿馬,Nc
440,虐,VC
440,菜,Na
440,之後,Ng
440,我,Nh
440,直,D
440,在,P
440,思考,VE
440,中華隊,Na
440,走錯,VA
440,了,Di
440,哪,Nep
440,步,Nf
440,不,D
440,是,SHI
440,說,VE
440,棒球,Na
440,是,SHI
440,國球,Na
440,怎麼,D
440,輸,VD
440,這麼,D
440,慘,VH
440,小弟,Na
440,思考,VE
440,後,Ng
440,猛然,D
440,驚醒,VHC
440,原來,A
440,台灣,Nc
440,棒球,Na
440,實力,Na
440,直,D
440,沒有,D
440,發揮,VJ
440,台灣,Nc
440,近年,Nd
440,來,Ng
440,棒球,Na
440,最,Dfa
440,猛,VH
440,的,DE
440,是,SHI
440,什麼,Nep
440,不,D
440,是,SHI
440,旅美,VA
440,旅日,Nv
440,球員,Na
440,也,D
440,不,D
440,是,SHI
440,本土,Nc
440,強棒,Na
440,是,SHI
440,億,Neu
440,球場,Nc
440,啊,T
440,你,Nh
440,想想,VE
440,大谷,Nb
440,年薪,Na
440,也,D
440,才,Da
440,萬美,Nb
440,換算,VC
440,億,Neu
440,台幣,Na
440,摸,VC
440,不,D
440,到,VCL
440,球場,Nc
440,車尾燈,Na
440,再來,Cbb
440,是,SHI
440,老外,Na
440,有,V_2
440,打,VC
440,過,Di
440,有,V_2
440,電線,Na
440,磚頭,Na
440,香菇,Na
440,的,DE
440,球場,Nc
440,嗎,T
440,顯然,D
440,是,SHI
440,沒有,VJ
440,這,Nep
440,種,Nf
440,情況,Na
440,本土,Nc
440,球員,Na
440,可以,D
440,藉著,P
440,主場,Na
440,優勢,Na
440,搖搖,VA
440,領先,VJ
440,對手,Na
440,說不定,D
440,美國,Nc
440,日本,Nc
440,來,D
440,都,D
440,得,D
440,摔進,VC
440,水坑,Na
440,滑倒,VA
440,結果,Dk
440,令,VL
440,人,Na
440,失望,VH
440,的,DE
440,是,SHI
440,億,Neu
440,改建,VC
440,的,DE
440,不用,D
440,偏偏,D
440,用,P
440,萬重,DM
440,鋪,VC
440,草皮,Na
440,的,DE
440,洲際,Nc
440,球場,Nc
440,我,Nh
440,只,Da
440,能,D
440,說,VE
440,中華隊,Na
440,失策,VH
440,啊,T
440,教練團,Na
440,要,D
440,背,VC
440,大鍋,Na
441,如,P
441,題,Na
441,古巴隊,Na
441,目前,Nd
441,看起來,D
441,要,D
441,爆,VH
441,了,T
441,如果,Cbb
441,輸,VD
441,巴拿馬,Nc
441,七,Neu
441,分,Nf
441,以上,Ng
441,中華隊,Na
441,可以,D
441,解套,VA
441,了,Di
441,嗎,T
441,而且,Cbb
441,連,Cbb
441,中國,Nc
441,都,D
441,暫時,D
441,領先,VJ
441,捷克,Nc
441,分,VD
441,了,Di
441,今年,Nd
441,是,SHI
441,不,D
441,是,SHI
441,上演,VAC
441,大,VH
441,驚奇,VK
441,有,V_2
441,沒,D
441,有,V_2
441,八卦,Na
442,備註,VE
442,請,VF
442,放,VC
442,最後,Nd
442,面違,VC
442,者,Na
442,新聞,Na
442,文章,Na
442,刪除,VC
442,媒體,Na
442,來源,Na
442,新聞,Na
442,雲,VE
442,記者,Na
442,署名,VC
442,記者,Na
442,邱晟軒,Nb
442,綜合,A
442,報導,VE
442,完整,VH
442,新聞,Na
442,標題,Na
442,這,Nep
442,個,Nf
442,狂,VH
442,中華隊,Na
442,今晚,Nd
442,贏,VD
442,球,Na
442,他,Nh
442,要,D
442,發,VD
442,顆,Nf
442,雞蛋,Na
442,完整,VH
442,新聞,Na
442,內文,Na
442,世界,Nc
442,棒球,Na
442,經典賽,Na
442,開打,VH
442,，,COMMACATEGORY
442,日,Nc
442,台灣,Nc
442,對上,VC
442,巴拿馬,Nc
442,以,P
442,慘敗,VH
442,後,Ng
442,，,COMMACATEGORY
442,今日,Nd
442,晚間,Nd
442,點,Na
442,將,D
442,迎戰,VC
442,義大利,Nc
442,，,COMMACATEGORY
442,對,P
442,此,Nep
442,，,COMMACATEGORY
442,國民黨,Nb
442,青工會,Nc
442,總會長,Na
442,滿志剛,Nb
442,在,P
442,臉書,Na
442,發布祭,Na
442,品文,Na
442,，,COMMACATEGORY
442,表示,VE
442,只要,Cbb
442,今,Nd
442,晚,VH
442,中華隊,Na
442,順利,VH
442,打敗,VC
442,義大利,Nc
442,，,COMMACATEGORY
442,將,D
442,發出,VC
442,顆,Nf
442,雞蛋,Na
442,就,D
442,是,SHI
442,今天,Nd
442,，,COMMACATEGORY
442,中華隊,Na
442,要,D
442,開胡,VA
442,了,Di
442,為,P
442,替,P
442,中華隊,Na
442,集氣,VA
442,，,COMMACATEGORY
442,滿志剛,Nb
442,在,P
442,臉書,Na
442,發文,VC
442,表示,VE
442,，,COMMACATEGORY
442,即使,Cbb
442,首,Nes
442,場,Nf
442,對,P
442,巴拿,Nb
442,馬的,I
442,結果,Na
442,不如,VJ
442,預期,Na
442,，,COMMACATEGORY
442,今晚,Nd
442,七點,Nd
442,，,COMMACATEGORY
442,中華隊,Na
442,背水戰,Nb
442,，,COMMACATEGORY
442,迎戰,VC
442,昨天,Nd
442,延長賽,Na
442,險勝,VH
442,古巴,Nc
442,的,DE
442,義大利,Nc
442,，,COMMACATEGORY
442,關,VJ
442,關難過,VC
442,還,D
442,需,D
442,關關,Neqa
442,過,Di
442,，,COMMACATEGORY
442,全民,Na
442,當,VG
442,後盾,Na
442,，,COMMACATEGORY
442,起為,VG
442,中華隊,Na
442,加油,VB
442,滿志,Nb
442,剛,D
442,決定,VE
442,發出,VC
442,祭品文,Na
442,，,COMMACATEGORY
442,表示,VE
442,只,Da
442,要,D
442,中華隊,Na
442,今天,Nd
442,打敗,VC
442,義大利,Nc
442,，,COMMACATEGORY
442,我,Nh
442,就,D
442,發出,VC
442,顆,Nf
442,雞蛋,Na
442,滿志,Nb
442,剛,D
442,直言,VE
442,，,COMMACATEGORY
442,沒有,VJ
442,人,Na
442,想,VE
442,輸,VD
442,，,COMMACATEGORY
442,多,Neqa
442,年,Nf
442,的,DE
442,努力,Nv
442,就,D
442,是,SHI
442,為,P
442,了,Di
442,在,P
442,國人,Na
442,面前,Nc
442,展現,VC
442,風采,Na
442,，,COMMACATEGORY
442,球迷,Na
442,能,D
442,做,VC
442,的,DE
442,就,D
442,是,SHI
442,支持,VC
442,再,D
442,支持,VC
442,應援,VC
442,再,D
442,應援,VC
442,，,COMMACATEGORY
442,場,Nc
442,外,Ncd
442,努力,VH
442,加油,VB
442,我們,Nh
442,來,VA
442,，,COMMACATEGORY
442,球場,Nc
442,上,Ncd
442,的,DE
442,事,Na
442,，,COMMACATEGORY
442,就,D
442,拜託,VC
442,中華,Nc
442,英雄,Na
442,了,T
442,完整,VH
442,新聞,Na
442,連結,VC
442,或,Caa
442,短,VH
442,網址,Na
442,不可,D
442,用,VC
442,等,Cab
442,轉載,VC
442,媒體,Na
442,/////,FW
442,_,FW
442,備註,VE
443,世界,Nc
443,棒球,Na
443,經典賽,Na
443,捷克隊,Na
443,剛剛,D
443,在,P
443,東京,Nc
443,以,P
443,擊敗,VC
443,中國隊,Na
443,整,Neqa
443,場,Nf
443,比賽,Na
443,前,Nes
443,段,Nf
443,中國,Nc
443,先,D
443,落後,VJ
443,捷克,Nc
443,在,P
443,七,Neu
443,局,Nf
443,逆轉,VA
443,捷克,Nc
443,最終,D
443,在,P
443,第九,Neu
443,局,Nf
443,上,Nes
443,半,Neqa
443,遭,P
443,捷克,Nc
443,三,Neu
443,分,Nf
443,砲,Na
443,逆轉,VA
443,以,P
443,敗下陣來,VH
443,整體,Na
443,比賽,Na
443,內容,Na
443,精彩,VH
443,，,COMMACATEGORY
443,也,D
443,算是,VG
443,雖,Cbb
443,敗,VH
443,猶,D
443,榮,VH
443,了,T
443,不,D
443,知道,VK
443,中國,Nc
443,那邊,Ncd
443,有沒有,D
443,鍋貼,Na
443,可以,D
443,吃,VC
443,還是,D
443,只,Da
443,能,D
443,吃,VC
443,肉夾饃,Na
443,啊,T
444,剛剛,D
444,看,VC
444,了,Di
444,古巴,Nc
444,對,P
444,巴拿馬,Nc
444,我,Nh
444,去,D
444,下注,VA
444,台灣,Nc
444,四,Neu
444,連敗,VH
444,這樣,VH
444,算,VG
444,不,D
444,算,VG
444,叛徒,Na
444,啊,T
444,贏,VD
444,錢,Na
444,的,DE
444,機率,Na
444,高,VH
444,嗎,T
444,我,Nh
444,是,SHI
444,不,D
444,是,SHI
444,太,Dfa
444,看不起,VJ
444,中華隊,Na
444,了,T
445,辱題,Na
445,棒球,Na
445,啦,T
445,今天,Nd
445,晚上,Nd
445,義大利,Nc
445,對,P
445,中華隊,Na
445,根據,P
445,前,Nes
445,幾,Neu
445,場,Nf
445,評估,VE
445,今天,Nd
445,我,Nh
445,歐印,Nb
445,全身家,Na
445,當,P
445,義大利,Nc
445,是,SHI
445,不,D
445,是,SHI
445,明天,Nd
445,就,D
445,能,D
445,財富,Na
445,自由,VH
445,了,T
446,媒體,Na
446,來源,Na
446,中時,Nb
446,新聞網,Na
446,記者,Na
446,署名,VC
446,李弘斌,Nb
446,完整,VH
446,新聞,Na
446,標題,Na
446,捷克,Nc
446,上,Ncd
446,分,VC
446,炮,Na
446,逆轉,VA
446,氣走,VC
446,大陸,Nc
446,奪,VC
446,隊史,Na
446,首,D
446,勝,VH
446,完整,VH
446,新聞,Na
446,內文,Na
446,從,P
446,資格賽,Na
446,出線,VH
446,的,DE
446,黑馬捷克,Nb
446,，,COMMACATEGORY
446,今,Nd
446,於,P
446,世界,Nc
446,棒球,Na
446,經典賽,Na
446,會內賽,Na
446,首次,D
446,亮相,VA
446,，,COMMACATEGORY
446,就,D
446,展現,VC
446,火力,Na
446,敲出,VC
446,兩,Neu
446,轟,VC
446,，,COMMACATEGORY
446,特別,VH
446,是,SHI
446,在,P
446,局下,Nc
446,被,P
446,中國,Nc
446,大陸,Nc
446,攻,VC
446,得分,VH
446,，,COMMACATEGORY
446,以,P
446,比,P
446,落後,VJ
446,的,DE
446,情況,Na
446,下,Ng
446,，,COMMACATEGORY
446,穆奇克,Nb
446,局,Nc
446,上,Ncd
446,硬是,D
446,從,P
446,陸,Na
446,韓,Nc
446,雙重,A
446,國籍,Na
446,右投,Na
446,朱權,Nb
446,手,Na
446,中,Ncd
446,轟出,VC
446,逆轉,VA
446,分炮,VA
446,，,COMMACATEGORY
446,讓,VL
446,捷克,Nc
446,該,Nes
446,局,Nc
446,灌進分,VA
446,，,COMMACATEGORY
446,以,Cbb
446,比,P
446,贏得,VJ
446,隊史,Na
446,會內賽,Na
446,首,Nes
446,勝,VH
446,捷克,Nc
446,在,P
446,資格賽,Na
446,與,Caa
446,英國,Nc
446,聯合,Nv
446,王國,Na
446,西班牙,Nc
446,德國,Nc
446,法國,Nc
446,南非,Nc
446,同,Nes
446,組,Nf
446,，,COMMACATEGORY
446,最終,D
446,以,P
446,勝,VH
446,敗組,Na
446,第,Neu
446,之,DE
446,姿,Na
446,首次,D
446,躋身,VC
446,會內賽,Na
446,今天,Nd
446,進行,VC
446,歷史性,Na
446,首,Nes
446,戰,Na
446,，,COMMACATEGORY
446,局,Nc
446,上,Ncd
446,就,D
446,連,D
446,敲,VC
446,兩,Neu
446,安,Na
446,，,COMMACATEGORY
446,並,Cbb
446,靠,P
446,次,Nes
446,四壞,VC
446,保送,VC
446,與,Caa
446,大陸,Nc
446,守備,VA
446,失誤,Na
446,，,COMMACATEGORY
446,讓,VL
446,先發,VA
446,投手,Na
446,趙富陽,Nb
446,僅,Da
446,投局,VA
446,就,D
446,失掉,VJ
446,分,Nf
446,，,COMMACATEGORY
446,下台,VA
446,鞠躬,VB
446,由,P
446,鄭超群,Nb
446,入替,VA
446,局,Nc
446,上,Ncd
446,，,COMMACATEGORY
446,捷克,Nc
446,開路,Nv
446,先鋒,Na
446,門希克,Nb
446,逮中,VC
446,鄭超群,Nb
446,的,DE
446,哩,T
446,偏,VJ
446,高速球,Na
446,，,COMMACATEGORY
446,大棒,Na
446,掃出,VC
446,左,Ncd
446,外,Ncd
446,野牆,Na
446,外,Ng
446,，,COMMACATEGORY
446,轟出,VC
446,捷克,Nc
446,隊史,Na
446,會內賽,Na
446,首,D
446,轟,VC
446,，,COMMACATEGORY
446,局,Nc
446,結束,VHC
446,以,P
446,比,P
446,領先,VJ
446,大陸,Nc
446,局下,Nc
446,大陸,Nc
446,展開,VC
446,反攻,VC
446,，,COMMACATEGORY
446,球員,Na
446,兼,VG
446,教練,Na
446,張寶樹,Nb
446,率先,D
446,擊出,VC
446,二壘打,Na
446,，,COMMACATEGORY
446,並,Cbb
446,靠,P
446,捷克,Nc
446,第,Neu
446,任,Nf
446,投手,Na
446,柯瓦拉,Nb
446,的,DE
446,暴投,VC
446,與,Caa
446,高飛,VA
446,犧牲打追,VA
446,回分,VD
446,出局,VH
446,後,Ng
446,寇永康,Nb
446,獲,VJ
446,四壞,VC
446,保送,VC
446,，,COMMACATEGORY
446,柯瓦拉,Nb
446,牽制,VC
446,暴傳,VA
446,壘,Na
446,，,COMMACATEGORY
446,羅錦駿,Nb
446,梁培楊,Nb
446,晉,Nd
446,跟進,VA
446,敲安,VC
446,，,COMMACATEGORY
446,大陸隊,Na
446,再,D
446,下城,Nc
446,反,D
446,以,P
446,分,VC
446,領先,VJ
446,局,Nc
446,上,Ncd
446,捷克,Nc
446,最後,Nd
446,反攻,VC
446,，,COMMACATEGORY
446,出局,VH
446,後,Ng
446,獲,VJ
446,四壞,VC
446,保送,VC
446,上壘,VA
446,，,COMMACATEGORY
446,門希克,Nb
446,敲安,VC
446,，,COMMACATEGORY
446,大陸隊,Na
446,以,P
446,朱權,Nb
446,入替,VA
446,宮海成,Nb
446,，,COMMACATEGORY
446,顆,Nf
446,失投,VH
446,變速球,Na
446,卻,D
446,被,P
446,穆奇克,Nb
446,逮個正著,VB
446,，,COMMACATEGORY
446,棒分,Na
446,逆轉,VA
446,，,COMMACATEGORY
446,捷克,Nc
446,隨後,Nd
446,還,D
446,以,P
446,連續,A
446,安打,Na
446,多,D
446,添分,VB
446,，,COMMACATEGORY
446,牢牢,VH
446,收,VC
446,下,Nes
446,首,Nf
446,勝,VH
446,完整,VH
446,新聞,Na
446,連結,VC
446,或,Caa
446,短,VH
446,網址,Na
446,不可,D
446,用,VC
446,等,Cab
446,轉載,VC
446,媒體,Na
446,////,FW
446,備註,VE
447,小弟,Na
447,群組,Na
447,有,V_2
447,公司,Nc
447,同事,Na
447,群組,Na
447,前,Nes
447,公司,Nc
447,同事,Na
447,群組,Na
447,國中,Nc
447,同學,Na
447,群組,Na
447,大學,Nc
447,同學,Na
447,群組,Na
447,鄉民,Na
447,群組,Na
447,從,P
447,昨天,Nd
447,開始,Ng
447,只要,Cbb
447,有,V_2
447,聊到,VE
447,運彩,Na
447,要,D
447,怎麼,D
447,壓,VC
447,怎樣,VH
447,倍率,Na
447,比較,Dfa
447,高,VH
447,任何,Neqa
447,玩法,Na
447,都,D
447,是,SHI
447,壓,VC
447,中華隊,Na
447,輸,VD
447,的,DE
447,結果,Na
447,大家,Nh
447,都,D
447,這麼,D
447,不,D
447,看好,VJ
447,中華隊,Na
447,嗎,T
447,有,V_2
447,沒,D
447,有,V_2
447,八卦,Na
447,恰恰,D
447,彭政閔,Nb
447,三,Neu
447,天,Nf
447,前,Ng
447,開打,VH
447,才,Da
447,喊話,VA
447,要,D
447,讓,VL
447,世界,Nc
447,看見,VE
447,台灣,Nc
447,耶,T
448,義大利,Nc
448,上,Nes
448,次,Nf
448,贏,VD
448,中華隊,Na
448,是,SHI
448,年前,Nd
448,啦,T
448,而且,Cbb
448,中華隊,Na
448,贏,VD
448,多,Neqa
448,敗,VH
448,少,VH
448,義大利,Nc
448,根本,D
448,被,P
448,當,VG
448,龜,Na
448,兒子,Na
448,打,VC
448,今天,Nd
448,穩,VH
448,了,T
448,吧,T
448,簽名檔,Na
448,要,D
448,完結,VH
448,了,T
449,如,P
449,題,Na
449,剛剛,D
449,聽,VE
449,提到,VE
449,這,Nep
449,次,Nf
449,棒球,Na
449,比賽,Na
449,然後,D
449,有,V_2
449,說,VE
449,今年,Nd
449,除了,P
449,很多,Neqa
449,選手,Na
449,都,D
449,在,P
449,準備,VC
449,亞運,Nb
449,亞運,Nb
449,對,P
449,選手,Na
449,來,D
449,說,VE
449,只僅次於,VJ
449,奧運,Nb
449,蠻,Dfa
449,好奇,VH
449,的,DE
449,亞運,Nb
449,不,D
449,就,D
449,是,SHI
449,中國,Nc
449,日本,Nc
449,自,P
449,嗨,I
449,比賽,Na
449,ㄇ,FW
449,可能,VH
449,名氣,Na
449,都,D
449,沒,D
449,大,VH
449,甚至,Cbb
449,台灣,Nc
449,都,D
449,辦過,VC
449,亞運,Nb
449,亞運,Nb
449,的,DE
449,層級,Na
449,只,Da
449,輸,VD
449,奧運,Nb
449,八卦,Na
450,老巴,Nb
450,打贏,VC
450,我們,Nh
450,說,VE
450,得分,VH
450,就,D
450,安靜,VH
450,了,T
450,現在,Nd
450,慘遭,P
450,古巴,Nc
450,天罰,Na
450,搞不好,D
450,有,V_2
450,機會,Na
450,扣倒,VC
450,我們,Nh
450,可以,D
450,開笑,VC
450,巴拿馬,Nc
450,了,T
450,吧,T
450,知道,VK
450,我們,Nh
450,前天,Nd
450,的,DE
450,心情,Na
450,了,T
450,嗎,T
450,只是,Cbb
450,笑,VA
450,著,Di
450,笑,VA
450,著,Di
450,就,D
450,哭,VA
450,了,Di
450,因為,Cbb
450,古巴,Nc
450,醒,VA
450,了,Di
450,中華隊,Na
450,就,D
450,抖,VAC
450,了,Di
450,有,V_2
450,邊,D
450,笑,VA
450,邊,D
450,哭,VA
450,的,DE
450,掛,VC
450,嗎,T
451,各位,Nh
451,阿武,Nb
451,大家,Nh
451,好,VH
451,，,COMMACATEGORY
451,打給,VD
451,賀,VC
451,，,COMMACATEGORY
451,胎,Na
451,嘎厚,VH
451,今天,Nd
451,晚上,Nd
451,臺灣,Nc
451,打,VC
451,義大利,Nc
451,啦,T
451,，,COMMACATEGORY
451,就,D
451,突然,D
451,想,VE
451,吃,VC
451,披薩,Na
451,現在,Nd
451,三,Neu
451,間,Nf
451,連鎖店,Nc
451,必,D
451,勝,VH
451,客,Na
451,達,VJ
451,美樂,Nb
451,拿,VC
451,坡里,Nc
451,都,D
451,有,V_2
451,促銷,VC
451,優惠,VJ
451,活動,Na
451,必勝客,Nb
451,跟,Caa
451,達,VJ
451,美樂,Nb
451,的,DE
451,價位,Na
451,都,D
451,是,SHI
451,，,COMMACATEGORY
451,拿,VC
451,坡里,Nc
451,是,SHI
451,，,COMMACATEGORY
451,差元,VH
451,啦,T
451,不過,Cbb
451,拿,VC
451,坡里,Nc
451,是,SHI
451,不,D
451,限,VJ
451,口味,Na
451,和,Caa
451,吋,Nf
451,必勝客,Nb
451,跟,Caa
451,達,VJ
451,美樂,Nb
451,是,SHI
451,限定,VK
451,口味,Na
451,跟,Caa
451,吋,Nf
451,必勝,VH
451,客皮,Na
451,最,Dfa
451,油,VH
451,，,COMMACATEGORY
451,換成,VG
451,舊金山,Nc
451,還是,D
451,很,Dfa
451,油,VH
451,，,COMMACATEGORY
451,調味,VA
451,比較,Dfa
451,重,VH
451,，,COMMACATEGORY
451,鹹香,VH
451,有勁,VH
451,達,VJ
451,美樂,Nb
451,的,DE
451,皮,Na
451,則,D
451,是,SHI
451,甜甜,VH
451,的,T
451,，,COMMACATEGORY
451,還,D
451,有,V_2
451,粉粉,VH
451,的,DE
451,顆粒,Na
451,，,COMMACATEGORY
451,不過,Cbb
451,手拍,VC
451,餅皮,Na
451,口感,Na
451,滿,Dfa
451,不錯,VH
451,拿,VC
451,坡里,Nc
451,就,D
451,很,Dfa
451,中庸,VH
451,，,COMMACATEGORY
451,不過,Cbb
451,比較,Dfa
451,大,VH
451,，,COMMACATEGORY
451,吃起來,D
451,飽,VH
451,很多,Neqa
451,，,COMMACATEGORY
451,披薩盒,Na
451,乾淨,VH
451,不,D
451,油,Na
451,好,VH
451,處理,VC
451,各位,Nh
451,阿武,Nb
451,推薦,VC
451,個,Di
451,口味,Na
451,給,VD
451,成大,Nc
451,阿武,Nb
451,好不,VH
451,，,COMMACATEGORY
451,在,P
451,線,Na
451,等,Cab
452,代表,VK
452,義大利,Nc
452,出來,VA
452,的,DE
452,球員,Na
452,堆,VC
452,根本,D
452,沒,D
452,住,VCL
452,過,Di
452,義大利,Nc
452,，,COMMACATEGORY
452,就,D
452,只是,D
452,沾上,VJ
452,點,Nf
452,邊,Ncd
452,就,D
452,可以,D
452,找來,VC
452,，,COMMACATEGORY
452,都,D
452,放寬,VC
452,限制,Na
452,這麼,Dfa
452,大,VH
452,，,COMMACATEGORY
452,只要,Cbb
452,家族,Na
452,有,V_2
452,人,Na
452,沾上,VJ
452,華僑,Na
452,的,DE
452,血統,Na
452,就,D
452,能,D
452,代表,VK
452,台灣,Nc
452,，,COMMACATEGORY
452,找,VC
452,堆,Nf
452,的,DE
452,來,D
452,幫忙,VC
452,也,D
452,好過,VH
452,求,VC
452,個,Di
452,二兵,Na
452,張育成,Nb
452,，,COMMACATEGORY
452,人家,Nh
452,歐洲,Nc
452,爛球隊,Na
452,都,D
452,找好,VC
452,找滿,VC
452,，,COMMACATEGORY
452,就,D
452,只有,Cbb
452,中職,Na
452,定,D
452,要,VE
452,台灣人,Na
453,小魯,Nb
453,高雄,Nc
453,處,Nc
453,辣,VH
453,是,SHI
453,這樣,VH
453,的,DE
453,今晚,Nd
453,中義,Na
453,大戰,Na
453,全球,Nc
453,億,Neu
453,人,Na
453,都,D
453,很,Dfa
453,期待,VK
453,當然,D
453,女,Na
453,同事,Na
453,也樣,D
453,想要,VE
453,幫,P
453,中華隊,Na
453,加油,VB
453,我,Nh
453,就,D
453,想說,VE
453,外面,Ncd
453,能,D
453,喝,VC
453,酒,Na
453,看,VC
453,比賽,Na
453,的,DE
453,店,Nc
453,都,D
453,已經,D
453,爆滿,VH
453,了,T
453,不如,Cbb
453,找,VC
453,她,Nh
453,來,D
453,我,Nh
453,家,Nc
453,開,VC
453,冷氣,Na
453,準備,VC
453,幾,Neu
453,隻,Nf
453,酒,Na
453,和,Caa
453,下酒菜,Na
453,然後,D
453,在,P
453,中華隊,Na
453,屌虐,VC
453,義大利,Nc
453,後,Ng
453,放,VC
453,個,Di
453,催情,VB
453,音樂,Na
453,讓,VL
453,我們,Nh
453,起度,VA
453,過,VCL
453,個,Di
453,快樂,VH
453,星期五,Nd
453,迎接,VC
453,週末,Nd
453,來臨,VA
453,是,SHI
453,不,D
453,是,SHI
453,聽起來,D
453,就,D
453,很,Dfa
453,棒,VH
453,現在,Nd
453,就,D
453,只,Da
453,差,VH
453,音樂,Na
453,和,Caa
453,邀約,VC
453,還,D
453,沒,D
453,做,VC
453,而已,T
453,想,VE
453,問問,VE
453,大家,Nh
453,有,V_2
453,推薦,VC
453,的,DE
453,音樂,Na
453,嗎,T
453,有,V_2
453,沒,D
453,有,V_2
453,八卦,Na
454,今天,Nd
454,是,SHI
454,台灣,Nc
454,本,Nes
454,屆,Nf
454,第二,Neu
454,場,Nf
454,世界,Nc
454,棒球,Na
454,經典賽,Na
454,也,D
454,是,SHI
454,開始,VL
454,大家,Nh
454,認為,VE
454,有,V_2
454,機會,Na
454,拿,VC
454,勝,VH
454,的,DE
454,二,Neu
454,場,Nf
454,之,DE
454,如果,Cbb
454,派叔,Nb
454,當,VG
454,投手,Na
454,他,Nh
454,繞,VA
454,的,DE
454,過,Di
454,義大利,Nc
454,打者,Na
454,的,DE
454,打擊,Na
454,嗎,T
455,慟,VH
455,今天,Nd
455,晚上,Nd
455,七點,Nd
455,經典賽,Na
455,中華,Nc
455,台北隊,Na
455,第二,Neu
455,場,Nf
455,拿,VC
455,波里,Nc
455,剛好,Da
455,有,V_2
455,特價,Na
455,該,D
455,買,VC
455,幫,P
455,中華,Nc
455,台北,Nc
455,助陣,VA
455,嗎,T
455,還是,Caa
455,八點,Nd
455,後,Ng
455,去,D
455,買,VC
455,珍食,Na
455,打折,VA
455,義大利麵,Na
455,呢,T
455,八點,Nd
455,後,Ng
455,還,D
455,在,D
455,苦戰,VA
455,吧,T
455,對,VH
455,吧,T
455,是否,D
455,有,V_2
455,專板,Na
455,本板,Na
455,並非,D
455,萬能,VH
455,問板,VA
455,三,Neu
455,則,Nf
455,本,Nes
455,看板,Na
455,嚴格,VH
455,禁止,VE
455,政治,Na
455,問卦,Na
455,未滿,VJ
455,繁體,Na
455,中文字,Na
455,水桶,Na
455,個,DE
455,月,Na
455,未滿,VJ
455,繁體,Na
455,中文字,Na
455,水桶,Na
455,個,DE
455,月,Na
455,未滿,VJ
455,繁體,Na
455,中文字,Na
455,水桶,Na
455,個,Nf
455,月,Na
455,，,COMMACATEGORY
455,嚴重,VH
455,者,Na
455,以,P
455,鬧板論,Na
456,中華隊,Na
456,今天,Nd
456,晚上,Nd
456,要,D
456,打,VC
456,義大利,Nc
456,經過,VCL
456,上場,VA
456,被,P
456,巴拿馬,Nc
456,差點,D
456,扣倒,VC
456,大家,Nh
456,還,D
456,對,P
456,中華隊,Na
456,贏,VD
456,球,Na
456,有,V_2
456,信心,Na
456,嗎,T
456,我,Nh
456,是,SHI
456,已經,D
456,想好,VE
456,要,D
456,幫,P
456,義大利,Nc
456,加油,VB
456,了,Di
456,大家,Nh
456,會,D
456,幫,P
456,哪,Nep
456,隊,Nf
456,加油,VB
456,有,V_2
456,沒,D
456,有,V_2
456,八卦,Na
457,阿肥,Nb
457,我,Nh
457,剛才,Nd
457,想到,VE
457,如果,Cbb
457,在,P
457,義大利,Nc
457,球員,Na
457,面前,Nc
457,吃,VC
457,肉圓,Na
457,披薩,Na
457,這,Nep
457,招,Nf
457,不,D
457,知,VK
457,可否,D
457,讓,VL
457,義大利,Nc
457,球員,Na
457,分心,VH
457,然後,D
457,中華隊,Na
457,趁機,D
457,贏,VD
457,球,Na
457,肉圓,Na
457,披薩,Na
457,這麼,Dfa
457,香,VH
457,誰,Nh
457,看到,VE
457,披薩,Na
457,和,Caa
457,聞到,VC
457,味道,Na
457,很,Dfa
457,難,VH
457,不,D
457,分心,VH
457,吧,T
457,各位,Nh
457,鄉民,Na
457,覺得,VK
457,此,Nep
457,招,Nf
457,如何,VH
457,呢,T
458,是,SHI
458,不,D
458,是,SHI
458,因為,Cbb
458,台男,Na
458,沒,D
458,當兵,VA
458,，,COMMACATEGORY
458,心理,Na
458,素質,Na
458,太,Dfa
458,差,VH
458,，,COMMACATEGORY
458,然後,D
458,啦啦隊,Na
458,又,D
458,看,VC
458,得,DE
458,太多,VH
458,的,DE
458,關係,Na
458,啊,T
458,太,Dfa
458,慘,VH
458,了,T
458,，,COMMACATEGORY
458,現在,Nd
458,只,Da
458,能,D
458,剩下,VJ
458,緬懷,VJ
458,王建民,Nb
458,郭泓志,Nb
458,曹景輝,Nb
458,了,T
458,順便,D
458,問,VE
458,下,Ng
458,那,Nep
458,個,Nf
458,張誌家,Nb
458,現在,Nd
458,在,D
458,幹嘛,VA
458,我,Nh
458,學會,VC
458,飛翔,VA
458,/,FW
458,張雨生,Nb
458,///,FW
458,彩虹,Na
458,/,FW
458,動力,Na
458,火車,Na
458,///,FW
459,當然,D
459,是,SHI
459,看,VC
459,台義,Na
459,之,DE
459,戰,Na
459,阿,T
459,日本,Nc
459,小贏,VD
459,韓國,Nc
459,中華隊,Na
459,可能,D
459,前,Nes
459,三,Neu
459,局,Nf
459,就,D
459,爆,VH
459,了,T
459,就,D
459,可以,D
459,去,VCL
459,棒球版,Na
459,看,VC
459,崩潰,VH
459,推文,Na
459,不,D
459,是,SHI
459,很,Dfa
459,有趣,VH
459,嗎,T
459,好,VH
459,了,T
459,猜到,VE
459,義大利,Nc
459,分數,Na
459,的,DE
459,猜到,VE
459,中華隊,Na
459,分數,Na
459,的,DE
459,這樣,VH
459,可以,VH
459,了,T
459,吧,T
459,都,D
459,只,Da
459,取,VC
459,第,Neu
459,個,Nf
460,王柏融,Nb
460,是,SHI
460,中華隊,Na
460,教練團,Na
460,救命,VA
460,恩人,Na
460,嗎,T
460,去年,Nd
460,日職,Na
460,打擊,Na
460,超打,VC
460,的,DE
460,爛,VH
460,然後,D
460,入選,VJ
460,中華隊,Na
460,第,Neu
460,場,Nf
460,對,P
460,巴拿馬,Nc
460,整,Neqa
460,場,Nf
460,個,Nf
460,殘壘敗,Na
460,在,P
460,王柏融,Nb
460,守備,VA
460,又,D
460,慢慢,VH
460,撿,VC
460,球,Na
460,今天,Nd
460,第二,Neu
460,場,Nf
460,王柏融,Nb
460,又,D
460,先發,VA
460,重點,Na
460,也,D
460,不,D
460,是,SHI
460,沒有,D
460,替補,VC
460,帶,VC
460,全,Neqa
460,最多,VH
460,的,DE
460,個,Nf
460,外野,Nc
460,少,D
460,帶,VC
460,幾,Neu
460,個,Nf
460,投手,Na
460,還,D
460,有,V_2
460,熱身賽,Na
460,打超好,VC
460,的,DE
460,貓男,Na
460,陳晨威,Nb
460,他,Nh
460,是,SHI
460,救,VC
460,過,Di
460,教練團,Na
460,全,Neqa
460,家,Nc
460,嗎,T
460,還是,D
460,上,Ncd
460,輩子,Na
460,救,VC
460,過,Di
460,教練團,Na
460,全,Neqa
460,家,Nc
460,大家,Nh
460,怎麼,D
460,看,VC
461,媒體,Na
461,來源,Na
461,聯合,VC
461,記者,Na
461,署名,VC
461,蘇志畬,Nb
461,完整,VH
461,新聞,Na
461,標題,Na
461,中華隊,Na
461,歷年,Nd
461,對,P
461,義大利,Nc
461,勝敗,Na
461,上,Nes
461,次,Nf
461,輸,VD
461,是,SHI
461,年前,Nd
461,完整,VH
461,新聞,Na
461,內文,Na
461,世界,Nc
461,棒球,Na
461,經典,Na
461,賽組,Na
461,預賽,Na
461,在,P
461,台中,Nc
461,舉行,VC
461,，,COMMACATEGORY
461,中華隊,Na
461,今晚,Nd
461,要,D
461,對上,VC
461,義大利隊,Na
461,力求,VE
461,止敗,VA
461,，,COMMACATEGORY
461,這,Nep
461,是,SHI
461,兩,Neu
461,隊,Nf
461,首,Nes
461,次,Nes
461,在,P
461,經典賽,Na
461,交手,VA
461,，,COMMACATEGORY
461,過去,Nd
461,國際,Nc
461,賽事,Na
461,中華隊,Na
461,有,V_2
461,著,Di
461,勝,VH
461,敗,VH
461,的,DE
461,優勢,Na
461,中華隊,Na
461,日,Na
461,首,Nes
461,戰,Na
461,以,P
461,輸給,VD
461,巴拿馬隊,Nb
461,，,COMMACATEGORY
461,今晚,Nd
461,要,D
461,力求,VE
461,止敗,VA
461,，,COMMACATEGORY
461,義大利隊,Na
461,昨晚,Nd
461,以,P
461,在,P
461,延長賽,Na
461,局,Nc
461,擊敗,VC
461,古巴隊,Na
461,，,COMMACATEGORY
461,連續,VH
461,三,Neu
461,屆,Nf
461,都,D
461,在,P
461,經典賽,Na
461,首,Nes
461,戰,Na
461,下,Ng
461,勝利,VH
461,，,COMMACATEGORY
461,隊史,Na
461,在,P
461,經典賽,Na
461,首,Nes
461,戰,Na
461,成績,Na
461,是,SHI
461,勝,VH
461,敗,VH
461,國際賽,Na
461,交手,VA
461,戰績,Na
461,，,COMMACATEGORY
461,中華隊,Na
461,佔據,VC
461,優勢,Na
461,，,COMMACATEGORY
461,最近,Nd
461,次,Nes
461,是,SHI
461,在,P
461,世界,Nc
461,強,VH
461,棒球賽,Na
461,，,COMMACATEGORY
461,由,P
461,中華隊,Na
461,以,P
461,在,P
461,台中,Nc
461,洲際,Nc
461,棒球場,Nc
461,擊敗,VC
461,義大利隊,Na
461,義大利隊,Na
461,上,Nes
461,次,Nf
461,在,P
461,國際賽,Na
461,擊敗,VC
461,中華隊,Na
461,要,D
461,追溯到,VC
461,年洲際,Nc
461,盃,Na
461,的,DE
461,銅牌戰,Na
461,，,COMMACATEGORY
461,中華隊,Na
461,以,P
461,落敗,VH
461,義大利隊,Na
461,過去,Nd
461,四,Neu
461,次,Nf
461,參加,VC
461,經典賽,Na
461,，,COMMACATEGORY
461,拿下,VC
461,勝,VH
461,敗,VH
461,，年,Nd
461,更,Dfa
461,曾,D
461,打進,VC
461,複賽,Na
461,，,COMMACATEGORY
461,今年,Nd
461,陣容,Na
461,來勢洶洶,VH
461,，,COMMACATEGORY
461,有名,VH
461,球員,Na
461,去年,Nd
461,曾,D
461,在,P
461,大聯盟,Na
461,出賽,VA
461,，,COMMACATEGORY
461,人,Na
461,都,D
461,是,SHI
461,美國,Nc
461,職棒,Na
461,球員,Na
461,完整,VH
461,新聞,Na
461,連結,VC
461,或,Caa
461,短,VH
461,網址,Na
461,不可,D
461,用,VC
461,等,Cab
461,轉載,VC
461,媒體,Na
461,//////,FW
461,備註,VE
461,旗子,Na
461,先,D
461,立,VA
461,起來,Di
462,大家,Nh
462,安安,Nb
462,乳題,Na
462,巴拿馬,Nc
462,沒,D
462,贏下來,VB
462,基本,Na
462,上,Ng
462,可以,D
462,確定,VK
462,很,Dfa
462,難,VH
462,出線,VH
462,了,T
462,除非,Cbb
462,今晚,Nd
462,中華隊,Na
462,爆氣,Na
462,打贏,VC
462,義大利,Nc
462,士氣,Na
462,大振,VHC
462,尚,D
462,有線,A
462,生機,Na
462,如果,Cbb
462,今晚,Nd
462,輸,VD
462,了,Di
462,是,SHI
462,不,D
462,是,SHI
462,就,D
462,可以,D
462,否,T
462,放,VC
462,了,Di
462,來,D
462,猜下,VE
462,正確,VH
462,比數,Na
462,台灣,Nc
462,分數,Na
462,在,P
462,前,Ncd
462,，,COMMACATEGORY
462,義大利,Nc
462,在,P
462,後,Ncd
462,例,Na
462,取,VC
462,第,Neu
462,位,Nf
462,稅,Na
462,前,Ng
462,單猜隊,Na
462,分數,Na
462,例,Na
462,台義,Na
462,只,Da
462,猜,VE
462,隊,Na
462,喔,T
462,，,COMMACATEGORY
462,不要,D
462,兩,Neu
462,隊,Nf
462,都,D
462,猜,VE
462,因,Cbb
462,這,Nep
462,比較,Dfa
462,簡單,VH
462,，,COMMACATEGORY
462,各,D
462,取,VC
462,前,Nes
462,名,Nf
462,發,VD
462,稅,Na
462,前,Ng
462,所以,Cbb
462,總共,Da
462,有,V_2
462,三,Neu
462,個,Nf
462,猜分,VE
462,遊戲,Na
462,請,VF
462,擇,VC
462,猜,VE
462,就,D
462,好,VH
462,以免,Cbb
462,訊息,Na
462,過,Dfa
462,多,VH
462,勿,D
462,重覆,VC
462,猜,VE
462,，,COMMACATEGORY
462,我,Nh
462,會,D
462,看,VC
462,留言,Na
462,重覆,VC
462,會,D
462,篩掉,VC
462,到,P
462,晚上,Nd
462,點,Na
462,截止,VH
463,棒球,Na
463,經典賽,Na
463,主題曲,Na
463,唱,VC
463,的,DE
463,世界,Nc
463,都,D
463,看見,VE
463,但是,Cbb
463,怎麼,D
463,沒有,VJ
463,春風,Na
463,的,DE
463,聲音,Na
463,有,V_2
463,沒,D
463,有,V_2
463,卦,Na
464,各位,Nh
464,晚安,VH
464,日,Nc
464,球迷,Na
464,如,P
464,我,Nh
464,在,P
464,中華隊,Na
464,台灣隊,Na
464,表現,VC
464,不如,VJ
464,理想,VH
464,等下,D
464,對,P
464,義大利,Nc
464,怕,VK
464,被,P
464,虐,VC
464,只好,D
464,看,VC
464,日,Nc
464,韓,Nc
464,大戰,Na
464,要,D
464,支持,VC
464,誰,Nh
464,呢,T
465,中華隊,Na
465,義大利,Nc
465,等等,Cab
465,準備,VF
465,開戰,VB
465,為什麼,D
465,開打,VH
465,前,Ng
465,經典,Na
465,女孩,Na
465,要,D
465,先,D
465,上場,VA
465,去,D
465,跳,VA
465,個,Nf
465,舞,Na
465,主菜,Na
465,是,SHI
465,棒球賽,Na
465,還是,Caa
465,經典,Na
465,女孩,Na
465,啦啦隊,Na
465,有,V_2
465,沒,D
465,有,V_2
465,台灣,Nc
465,棒球,Na
465,的,DE
465,拉拉隊,Na
465,越來越,Dfa
465,搶戲,VH
465,的,DE
465,卦,Na
466,台灣,Nc
466,根本,D
466,不,D
466,適合,VH
466,辦,VC
466,國際,Nc
466,棒球,Na
466,比賽,Na
466,台北,Nc
466,巨蛋,Nc
466,不能,D
466,打棒球,VA
466,辦,VC
466,國際賽,Na
466,讓,VL
466,國人,Na
466,想到,VE
466,那,Nep
466,顆,Nf
466,垃圾,Na
466,心情,Na
466,不,D
466,好,VH
466,中華隊,Na
466,只,Da
466,能,D
466,電,VC
466,小朋友,Na
466,遇到,VC
466,成人組,Na
466,就,D
466,被,P
466,完,VH
466,爆,VH
466,輸球,VH
466,又,D
466,讓,VL
466,國人,Na
466,心情,Na
466,不,D
466,好,VH
466,去,VCL
466,國外,Nc
466,比賽,VA
466,例如,P
466,去,VCL
466,日本,Nc
466,去,VCL
466,歐洲,Nc
466,都,D
466,可以,D
466,怒刷卡,Na
466,觀光,VA
466,現在,Nd
466,地主,Na
466,被,P
466,羞辱,VC
466,心情,Na
466,不,D
466,好,VH
466,台灣,Nc
466,政府,Na
466,應該,D
466,要,D
466,顧及,VE
466,國人,Na
466,感受,Na
466,這,Nep
466,種,Nf
466,羞辱,VC
466,國人,Na
466,的,DE
466,比賽,Na
466,最好,D
466,是,SHI
466,永久,Nd
466,停辦,VC
466,不然,Cbb
466,改辦,VC
466,國際,Nc
466,啦啦隊,Na
466,比賽,Na
466,還,D
466,比較,Dfa
466,有,V_2
466,價值,Na
466,以上,Ncd
466,~~,FW
467,如果,Cbb
467,今天,Nd
467,中華隊,Na
467,再,D
467,輸,VD
467,應該,D
467,沒,VJ
467,什麼,Nep
467,好說,VH
467,了,T
467,吧,T
467,就是,Cbb
467,台灣,Nc
467,棒球,Na
467,已經,D
467,不行,VH
467,了,T
467,別,D
467,再,D
467,那裏,Ncd
467,自嗨,VC
467,了,Di
467,活,VH
467,在,P
467,過去,Nd
467,了,Di
468,現在,Nd
468,中華隊,Na
468,正在,D
468,對戰,VA
468,義大利隊,Na
468,如果,Cbb
468,賽,Na
468,前,Ng
468,招待,VC
468,義大利隊,Na
468,的,DE
468,選手,Na
468,們,Na
468,吃,VC
468,夏威夷,Nc
468,披薩,Na
468,會,D
468,對,P
468,比賽,Na
468,有,V_2
468,什麼,Nep
468,影響,Na
468,嗎,T
468,有,V_2
468,沒,D
468,有,V_2
468,八卦,Na
469,中華隊,Na
469,對上,VC
469,義大利,Nc
469,洲際,Nc
469,棒球場,Nc
469,林子偉,Nb
469,用,P
469,全壘打,Na
469,送給,VD
469,義大利,Nc
469,有,V_2
469,林子偉,Nb
469,全壘打,Na
469,的,DE
469,八卦,Na
469,嗎,T
470,欸,I
470,不,D
470,科學,VH
470,我們,Nh
470,主委,Na
470,第,Neu
470,局,Nf
470,就,D
470,得分,VH
470,還,D
470,全壘打,Na
470,這樣,Dfa
470,開局,VH
470,的,DE
470,中華隊,Na
470,我,Nh
470,不,D
470,習慣,VL
470,本來,D
470,都,D
470,已經,D
470,拿出,VC
470,鍋貼,Na
470,要,D
470,解凍,VHC
470,下鍋,VB
470,現在,Nd
470,是,SHI
470,不,D
470,是,SHI
470,要,D
470,拿回,VC
470,冷凍庫,Na
470,重,VH
470,冰,VHC
470,了,T
471,自古以來,D
471,中華隊,Na
471,的,DE
471,國際賽,Na
471,只要,Cbb
471,拿,VC
471,分,Nf
471,就,D
471,會,D
471,開始,VL
471,鬆懈,VC
471,想,VE
471,說,VE
471,能,D
471,贏,VD
471,就,D
471,好,VH
471,國外,Nc
471,的,DE
471,強,VH
471,隊,Na
471,都,D
471,是,SHI
471,往,P
471,對手,Na
471,的,DE
471,死,VH
471,裡,Ng
471,打殺,VC
471,紅眼,Na
471,就,D
471,是,SHI
471,要,D
471,殺爆,VC
471,對手,Na
471,這,Nep
471,是,SHI
471,不,D
471,是,SHI
471,台灣人,Na
471,的,DE
471,民族,Na
471,特性,Na
471,不要,D
471,太,Dfa
471,殘忍,VH
471,能,D
471,贏,VD
471,就,D
471,好,VH
471,給,VD
471,對手,Na
471,個,Nf
471,台階,Na
471,下,Ncd
471,這,Nep
471,肯定,VK
471,是,SHI
471,中華隊,Na
471,國際賽,Na
471,永遠,D
471,打,VC
471,不,D
471,出,VC
471,好,VH
471,成績,Na
471,的,DE
471,主因,Na
471,吧,T
471,都,D
471,沒,VJ
471,人,Na
471,發現,VE
471,嗎,T
472,我,Nh
472,和,Caa
472,老婆,Na
472,在,P
472,床,Na
472,上,Ncd
472,看,VC
472,棒球,Na
472,當然,D
472,是,SHI
472,看,VC
472,日,Nc
472,韓,Nc
472,大戰,Na
472,幫,P
472,我,Nh
472,老婆,Na
472,國家,Na
472,加油,VB
472,你,Nh
472,問,VE
472,我,Nh
472,為什麼,D
472,不,D
472,看,VC
472,中華隊,Na
472,因為,Cbb
472,我,Nh
472,家,Nc
472,只有,Cbb
472,台電,Nc
472,視,P
472,我,Nh
472,很,Dfa
472,愛,VL
472,我,Nh
472,老婆,Na
472,所以,Cbb
472,電視,Na
472,讓給,VD
472,他,Nh
472,然後,D
472,他,Nh
472,就,D
472,問,VE
472,我,Nh
472,為什麼,D
472,球員,Na
472,要,D
472,抹,VC
472,眼影,Na
472,是,SHI
472,因為,Cbb
472,這樣,VH
472,可以,D
472,嚇到,VJ
472,對手,Na
472,嗎,T
473,今晚,Nd
473,台義,Na
473,大戰,Na
473,雙方,Nh
473,國際賽,Na
473,交手次,Na
473,驚人,VH
473,勝率,Na
473,曝光,VH
473,//,FW
473,三立,Nb
473,新聞,Na
473,游舒婷,Nb
473,報導,VE
473,世界,Nc
473,棒球,Na
473,經典,Na
473,賽組,Nc
473,賽事,Na
473,今日,Nd
473,晚上,Nd
473,點,VC
473,將,D
473,上場,VA
473,的,DE
473,是,SHI
473,台灣,Nc
473,對決,VA
473,義大利,Nc
473,，,COMMACATEGORY
473,第,Neu
473,場,Nf
473,已經,D
473,輸給,VD
473,巴拿馬,Nc
473,的,DE
473,台灣隊,Na
473,，,COMMACATEGORY
473,今日,Nd
473,這,Nep
473,場,Nf
473,有,V_2
473,不能,D
473,輸,VD
473,的,DE
473,壓力,Na
473,，,COMMACATEGORY
473,球迷,Na
473,也,D
473,相當,Dfa
473,緊張,VH
473,有,V_2
473,網友,Na
473,就,D
473,認真,VH
473,列出,VC
473,歷,VJ
473,年,Nf
473,國際賽,Na
473,中,Ng
473,台灣,Nc
473,和,Caa
473,義大利,Nc
473,的,DE
473,交手,Nv
473,紀錄,Na
473,，,COMMACATEGORY
473,意外,VK
473,發現,VE
473,台灣隊,Na
473,曾,D
473,在場,VA
473,比賽,VA
473,中,Ng
473,取得,VC
473,勝,VH
473,網友,Na
473,在,P
473,上,Ncd
473,列出,VC
473,歷年來,D
473,在,P
473,國際賽,Na
473,上,Ncd
473,，,COMMACATEGORY
473,台灣,Nc
473,對上,VC
473,義大利,Nc
473,的,DE
473,交手,VA
473,紀錄,Na
473,，,COMMACATEGORY
473,分別,D
473,為,VG
473,粗體,Na
473,紅,VH
473,字,Na
473,為,VG
473,義大利,Nc
473,勝利,VH
473,世界盃,Nb
473,台灣,Nc
473,義大利,Nc
473,洲際盃,Nb
473,台灣,Nc
473,義大利,Nc
473,世界盃,Nb
473,台灣,Nc
473,義大利,Nc
473,世界盃,Nb
473,台灣,Nc
473,義大利,Nc
473,世界盃,Nb
473,台灣,Nc
473,義大利,Nc
473,世界盃,Nb
473,台灣,Nc
473,義大利,Nc
473,洲際盃,Nb
473,台灣,Nc
473,義大利,Nc
473,洲際盃,Nb
473,台灣,Nc
473,義大利,Nc
473,奧運,Nb
473,台灣,Nc
473,義大利,Nc
473,世界盃,Nb
473,台灣,Nc
473,義大利,Nc
473,洲際盃,Nb
473,台灣,Nc
473,義大利,Nc
473,世界盃,Nb
473,台灣,Nc
473,義大利,Nc
473,洲際盃,Nb
473,台灣,Nc
473,義大利,Nc
473,世界盃,Nb
473,台灣,Nc
473,義大利,Nc
473,奧運,Nb
473,台灣,Nc
473,義大利,Nc
473,洲際盃,Nb
473,台灣,Nc
473,義大利,Nc
473,世界盃,Nb
473,台灣,Nc
473,義大利,Nc
473,世界盃,Nb
473,台灣,Nc
473,義大利,Nc
473,洲際盃,Nb
473,台灣,Nc
473,義大利,Nc
473,洲際盃,Nb
473,台灣,Nc
473,義大利,Nc
473,強,VH
473,台灣,Nc
473,義大利,Nc
473,從,P
473,網友,Na
473,列出,VC
473,歷年,Nd
473,的,DE
473,交手,VA
473,紀錄,Na
473,來,D
473,看,VC
473,，,COMMACATEGORY
473,台灣,Nc
473,跟,P
473,義大利,Nc
473,共,Da
473,交手,VA
473,過次,VA
473,，,COMMACATEGORY
473,其中,Nep
473,台灣,Nc
473,贏,VD
473,了,Di
473,場,Nf
473,輸,VD
473,了,Di
473,場,Nc
473,，,COMMACATEGORY
473,從,P
473,勝率,Na
473,來,D
473,看,VE
473,其實,D
473,相當,Dfa
473,高,VH
473,，,COMMACATEGORY
473,這,Nep
473,也,D
473,讓,VL
473,網友,Na
473,們,Na
473,相當,Dfa
473,看好,VJ
473,，,COMMACATEGORY
473,開心,VH
473,表示,VE
473,，,COMMACATEGORY
473,勝率,Na
473,高,VH
473,，,COMMACATEGORY
473,有夠,Dfa
473,穩,VH
473,太,Dfa
473,穩,VH
473,了,T
473,，,COMMACATEGORY
473,到底,D
473,怎麼,D
473,輸想,VE
473,不,D
473,到,VE
473,怎麼,D
473,輸穩,VC
473,了,Di
473,不過,Cbb
473,也,D
473,有,V_2
473,網友,Na
473,提醒,VE
473,，,COMMACATEGORY
473,不能,D
473,單,Da
473,純,VH
473,這樣,VH
473,比較,VC
473,，,COMMACATEGORY
473,義大利,Nc
473,這,Nep
473,次,Nf
473,的,DE
473,陣容,Na
473,比,P
473,之前,Nd
473,其他,Neqa
473,賽事,Na
473,的,DE
473,強,VH
473,太多,VH
473,了,Di
473,跟,P
473,其它,Neqa
473,國際賽,Na
473,不,D
473,樣,Na
473,啦,T
473,，,COMMACATEGORY
473,尤其,D
473,是,SHI
473,歐洲,Nc
473,的,DE
473,國家隊,Na
473,，,COMMACATEGORY
473,沒辦法,VI
473,這樣,VH
473,比,P
473,經典賽,Na
473,的,DE
473,球員,Na
473,跟,P
473,其他,Neqa
473,國際賽,Na
473,明顯,VH
473,不同,VH
473,啊,I
473,這,Nep
473,次,Nf
473,對決,VA
473,，,COMMACATEGORY
473,同時,Nd
473,也,D
473,是,SHI
473,台灣隊,Na
473,第,Neu
473,次,Nf
473,在,P
473,經典,Na
473,上,Ncd
473,對上,VC
473,義大利,Nc
473,，,COMMACATEGORY
473,義大利,Nc
473,這,Nep
473,次,Nf
473,公布,VE
473,的,DE
473,經典賽,Na
473,名單,Na
473,中,Ng
473,，,COMMACATEGORY
473,人,Na
473,中,Ng
473,有,V_2
473,人,Na
473,打,VC
473,過,Di
473,大聯盟,Na
473,，,COMMACATEGORY
473,陣容,Na
473,相當,Dfa
473,堅強,VH
473,，,COMMACATEGORY
473,因此,Cbb
473,也,D
473,被,P
473,鄉民,Na
473,稱為,VG
473,美國,Nc
473,二,Neu
473,隊,Nf
473,而,Cbb
473,今晚,Nd
473,台灣,Nc
473,和,Caa
473,義大利,Nc
473,派出,VC
473,的,DE
473,先發,VA
473,投手,Na
473,分別,D
473,是,SHI
473,江少慶,Nb
473,和,Caa
473,卡斯特拉尼,Nb
473,，,COMMACATEGORY
473,江少慶,Nb
473,年,Na
473,在,P
473,中職,Na
473,出賽場,Nc
473,，,COMMACATEGORY
473,勝,VH
473,場場,Neqa
473,敗場場,Nc
473,，,COMMACATEGORY
473,每,Nes
473,局,Nf
473,被,P
473,上壘率,Na
473,，,COMMACATEGORY
473,防禦率,Na
473,在,P
473,日,Nc
473,的,DE
473,官辦,VH
473,熱身賽,Na
473,先發,VA
473,，,COMMACATEGORY
473,依舊,D
473,出現,VH
473,首,Nes
473,局,Nf
473,不,D
473,穩,VH
473,的,DE
473,狀況,Na
473,，,COMMACATEGORY
473,這,Nep
473,同時,Nd
473,也,D
473,是,SHI
473,他,Nh
473,必須,D
473,要,D
473,克服,VJ
473,的,DE
473,問題,Na
473,義大利,Nc
473,派出,VC
473,的,DE
473,先發,VA
473,卡斯特拉尼,Nc
473,去年,Nd
473,的,DE
473,場,Nc
473,後,Ng
473,援出賽,Na
473,投,VC
473,了,Di
473,局,Nf
473,，,COMMACATEGORY
473,累計,VJ
473,勝,VH
473,敗,VH
473,自責,VA
473,分率,Na
473,的,DE
473,成績,Na
473,，,COMMACATEGORY
473,曾,D
473,上,VCL
473,大聯盟,Na
473,出賽場,Nc
473,投局,VA
473,，,COMMACATEGORY
473,無,D
473,失分,VH
473,///,FW
473,心得,Na
473,依照,P
473,過往,Na
473,紀錄,Na
473,來,D
473,看,VE
473,，,COMMACATEGORY
473,我們,Nh
473,擊敗,VC
473,義大利,Nc
473,的,DE
473,機會,Na
473,是,SHI
473,很,Dfa
473,高,VH
473,的,T
473,，,COMMACATEGORY
473,加油,VB
474,棒球,Na
474,有,V_2
474,個,Nf
474,術語,Na
474,就,D
474,是,SHI
474,幾,Neu
474,拍子,Na
474,三,Neu
474,拍子,Na
474,通常,D
474,很,Dfa
474,擅長,VL
474,該,Nes
474,領域,Na
474,指,VG
474,打擊,Na
474,",",COMMACATEGORY
474,守備,VA
474,",",COMMACATEGORY
474,跑壘,VA
474,還,D
474,有,V_2
474,啥,Nep
474,五,Neu
474,拍子,Na
474,的,DE
474,加上,VC
474,帥,VH
474,臉,Na
474,之類,Cab
474,但,Cbb
474,我,Nh
474,看到,VE
474,今天,Nd
474,中華隊,Na
474,先發,VA
474,有,V_2
474,個,Nf
474,貧打拙守,VH
474,鈍足,VH
474,三,Neu
474,拍子,Na
474,形容,VE
474,球員,Na
474,大家,Nh
474,會,D
474,想到,VE
474,誰,Nh
474,先知,Na
474,你,Nh
474,好,VH
475,媽勒,Nb
475,第,Neu
475,場,Nf
475,只是,D
475,盡,VJ
475,地主,Na
475,之,DE
475,宜,D
475,讓場,Nc
475,而已,T
475,看看,VE
475,第二,Neu
475,場,Nf
475,跟,P
475,第,Neu
475,場,Nf
475,差,VH
475,那麼多,Neqa
475,再說,Dk
475,中華隊,Na
475,很,Dfa
475,爛,VH
475,啊,T
475,海水,Na
475,退,VA
475,了,Di
475,就,D
475,知道,VK
475,誰,Nh
475,沒,D
475,穿,VC
475,褲子,Na
476,如,P
476,題,Na
476,肥宅,Na
476,在,P
476,看,VC
476,剛剛,D
476,好像,D
476,有,V_2
476,個,Nf
476,人,Na
476,已經,D
476,安打,Na
476,成功,VH
476,兩,Neu
476,次,Nf
476,上壘,VA
476,之後,Ng
476,都,D
476,會,D
476,對,P
476,攝影機,Na
476,敬禮,VB
476,挖,VC
476,靠,P
476,那,Nep
476,個,Nf
476,神情,Na
476,也,D
476,太,Dfa
476,帥氣,VH
476,了,T
476,吧,T
476,敬禮哥,Nb
476,是,SHI
476,不,D
476,是,SHI
476,今晚,Nd
476,的,DE
476,英雄,Na
476,乾五八卦,Na
477,中華隊,Na
477,加油,VB
477,剛剛,D
477,四爺,Na
477,打,VC
477,安打,Na
477,二兵,Na
477,回來,VA
477,得分,VH
477,目前,Nd
477,中華隊,Na
477,領先,VJ
477,人,Na
477,出局,VH
477,二壘,Na
477,有,V_2
477,人,Na
477,更新,VC
477,王柏融,Nb
477,穿越,VCL
477,安打,Na
477,中華,Nc
477,領先,VJ
478,剛剛,D
478,看,VC
478,經典賽,Na
478,我們,Nh
478,拿,VC
478,了,Di
478,分,Nf
478,可是,D
478,好像,D
478,都,D
478,是,SHI
478,因為,Cbb
478,義大利,Nc
478,的,DE
478,失誤,Na
478,造成,VG
478,的,DE
478,為什麼,D
478,堆,Nf
478,人,Na
478,吹,VC
478,得,DE
478,我們,Nh
478,中華隊,Na
478,多,Dfa
478,強,VH
478,多,Dfa
478,厲害,VH
478,有沒有,D
478,掛,VC
479,看,VC
479,了,Di
479,下,VC
479,比數,Na
479,啊,I
479,~,FW
479,領先,VJ
479,兩,Neu
479,分,Nf
479,呢,T
479,，,COMMACATEGORY
479,真,D
479,令,VL
479,我,Nh
479,身心,Na
479,舒暢,VH
479,等等,Cab
479,應該,D
479,能,D
479,睡,VA
479,個,Di
479,好,Dfa
479,覺,VK
479,有,V_2
479,沒,D
479,有,V_2
479,中華隊,Na
479,表現,VC
479,的,DE
479,八卦,Na
480,氣勢,Na
480,正好,VH
480,的,DE
480,時候,Na
480,個,Nf
480,亂,VH
480,短打,VA
480,自殺,VA
480,個,Nf
480,亂跑,VA
480,在,P
480,本壘,Na
480,被,P
480,刺殺,VC
480,中華隊,Na
480,是,SHI
480,只要,Cbb
480,領先,VJ
480,就,D
480,會,D
480,開始,VL
480,亂,D
480,打,VC
480,嗎,T
481,欸,I
481,我,Nh
481,本來,D
481,是,SHI
481,要,D
481,吃,VC
481,義大利麵,Na
481,現在,Nd
481,膨脹,VHC
481,改,VC
481,吃,VC
481,牛肉,Na
481,炒麵,Na
481,就,D
481,算,VH
481,了,T
481,你,Nh
481,有,V_2
481,選手,Na
481,也,D
481,在,D
481,學,VC
481,民眾,Na
481,膨脹,VHC
481,哦,T
481,個,Nf
481,不會,D
481,被,P
481,幹點,VC
481,個,Nf
481,不會,D
481,被,P
481,幹跑,VC
481,現在,Nd
481,是,SHI
481,過,VCL
481,太,Dfa
481,爽,VH
482,如,P
482,題,Na
482,就,D
482,在,P
482,剛剛,D
482,，,COMMACATEGORY
482,中華隊,Na
482,血洗,VC
482,義大利,Nc
482,每,Nes
482,次,Nf
482,只要,Cbb
482,有,V_2
482,個,Nf
482,運動,Na
482,風光,Na
482,後,Ng
482,就,D
482,會,D
482,有,V_2
482,人,Na
482,提出,VC
482,扶植,VC
482,該,Nes
482,運動,Na
482,的,DE
482,想法,Na
482,接下來,D
482,是,SHI
482,不,D
482,是,SHI
482,該,D
482,投資,VC
482,棒球,Na
482,運動,Na
482,了,T
483,玩,VC
483,個,Di
483,手,Na
483,遊,VCL
483,世界,Nc
483,頻堆,Na
483,人,Na
483,在,P
483,討論,VE
483,真的,D
483,沒想到,D
483,那麼多,Neqa
483,人,Na
483,在,P
483,瘋,VH
483,棒球,Na
483,我,Nh
483,覺得,VK
483,無聊,VH
483,死,Dfb
483,了,T
483,看,VE
483,最後,Nd
483,兩,Neu
483,局,Nf
483,不,D
483,就,D
483,好,VH
483,了,T
483,看,VC
483,前面,Ncd
483,那麼,D
483,浪費,VC
483,時間,Na
483,看,VE
483,他們,Nh
483,討論,VE
483,熱烈,VH
483,聽起來,D
483,像是,SHI
483,大,VH
483,比分,Na
483,領先,VJ
483,感覺,VK
483,就,D
483,是,SHI
483,穩,VH
483,了,T
483,我,Nh
483,可以,D
483,先,D
483,恭喜,VJ
483,中華隊,Na
483,了,T
483,嗎,T
484,從,P
484,領先,VJ
484,分,VC
484,到,P
484,現在,Nd
484,被,P
484,超前,VJ
484,分,VC
484,台灣,Nc
484,剛剛,D
484,能,D
484,領先,VJ
484,分,Nf
484,是,SHI
484,不,D
484,是,SHI
484,單純,VH
484,運氣,Na
484,好,VH
484,而已,T
484,現在,Nd
484,才,Da
484,開始,VL
484,要,D
484,正常,VH
484,發揮,VJ
485,明明,D
485,就,D
485,知道,VK
485,投手,Na
485,是,SHI
485,問題,Na
485,結果,Na
485,只,Da
485,帶,VC
485,個,Nf
485,不,D
485,多,D
485,帶,VC
485,個,Di
485,保險,Na
485,大餅,Na
485,到底,D
485,在,P
485,幹嘛,D
485,啊,T
485,還是,D
485,覺得,VK
485,中,Ng
485,華隊,Nb
485,投手,Na
485,各,Nes
485,個,Nf
485,都,D
485,會,D
485,大,VH
485,爆發,VJ
485,變,VG
485,大餅,Na
485,真的,D
485,是,SHI
485,最,Dfa
485,爛,VH
485,中華隊,Na
485,總耶,Nb
485,沒有,D
485,更,Dfa
485,爛,VH
486,經典賽,Na
486,對抗,VC
486,台式,A
486,應援,VC
486,巴拿馬,Nc
486,教頭,Na
486,得分,Na
486,就,D
486,會,D
486,安靜,VH
486,///,FW
486,台灣,Nc
486,觀眾,Na
486,的,DE
486,特色,Na
486,大概,D
486,就,D
486,是,SHI
486,吵,VC
486,沒,VJ
486,品,Na
486,愛,VL
486,吃鍋,VA
486,貼,VC
486,相信,VK
486,很多,Neqa
486,來,VA
486,台,Nc
486,打球,VA
486,的,DE
486,隊伍,Na
486,都,D
486,很,Dfa
486,想,VE
486,叫,VF
486,場,Nc
486,邊,Ncd
486,觀眾,Na
486,閉嘴,VA
486,今天,Nd
486,台義,Nc
486,大戰,Na
486,，,COMMACATEGORY
486,場,Nc
486,邊,Ncd
486,直,D
486,喊,VE
486,外國,Nc
486,主播,Na
486,都,D
486,聽,VE
486,不,D
486,下去,Di
486,說,VE
486,觀眾,Na
486,很,Dfa
486,吵,VH
486,然後,D
486,義大利,Nc
486,士氣,Na
486,直接,VH
486,被,P
486,激,VC
486,起來,Di
486,局,Nc
486,打爆,VC
486,中華隊,Na
486,場,Nc
486,邊,Ncd
486,瞬間,Nd
486,又,D
486,變回,VJ
486,圖書館,Nc
486,該,D
486,有,V_2
486,的,DE
486,樣子,Na
486,是,SHI
486,不,D
486,是,SHI
486,落後,VJ
486,的,DE
486,中華隊,Na
486,，,COMMACATEGORY
486,才,Da
486,是,SHI
486,好,VH
486,中華隊,Na
486,看,VC
486,球,Na
486,品質,Na
486,才,Da
486,會,D
486,好,VH
487,大家,Nh
487,好,VH
487,我,Nh
487,是,SHI
487,廢宅,Na
487,看,VC
487,了,Di
487,兩,Neu
487,場,Nf
487,比賽,Na
487,教練團,Na
487,跟,Caa
487,塑膠樣,Na
487,的,DE
487,比賽,Na
487,是,SHI
487,不,D
487,是,SHI
487,有,V_2
487,比賽,Na
487,以外,Ng
487,的,DE
487,考量,VE
487,有,V_2
487,沒,D
487,有,V_2
487,八卦,Na
488,備註,VE
488,請,VF
488,放,VC
488,最後,Nd
488,面違,VC
488,者,Na
488,新聞,Na
488,文章,Na
488,刪除,VC
488,媒體,Na
488,來源,Na
488,記者,Na
488,署名,VC
488,賴冠文,Nb
488,完整,VH
488,新聞,Na
488,標題,Na
488,不斷,D
488,更新,VC
488,/,FW
488,義大利,Nc
488,口氣,Na
488,追分,VA
488,反,VC
488,超局,Nc
488,中華隊,Na
488,比,P
488,落後,VJ
488,完整,VH
488,新聞,Na
488,內文,Na
488,中華隊,Na
488,今日,Nd
488,林子偉,Nb
488,首,Nes
488,局,Nf
488,轟,VC
488,陽春砲,Na
488,，,COMMACATEGORY
488,局下,Nc
488,鄭宗哲,Nb
488,敲,VC
488,安,VH
488,得分,VH
488,，,COMMACATEGORY
488,局,Nc
488,安打,Na
488,連發,VC
488,，,COMMACATEGORY
488,口氣,Na
488,追分,Na
488,領先,VJ
488,，,COMMACATEGORY
488,局,Nc
488,上,Ncd
488,義大利,Nc
488,追分,Na
488,反超,VC
488,，,COMMACATEGORY
488,局,Nc
488,比,P
488,領先,VJ
488,中華隊,Na
488,江少慶,Nb
488,開局,VH
488,狀況,Na
488,不錯,VH
488,，,COMMACATEGORY
488,取得,VC
488,出局,VH
488,，,COMMACATEGORY
488,被,P
488,第三,Neu
488,棒,Nf
488,壘手,Na
488,帕斯昆汀,Nb
488,敲,VC
488,左,Ncd
488,外野,Nc
488,安打,Na
488,，,COMMACATEGORY
488,王柏融,Nb
488,接到,VC
488,球,Na
488,後,Ng
488,雷射,Na
488,肩,Na
488,快傳,VC
488,二壘,Na
488,，,COMMACATEGORY
488,刺殺,VC
488,跑者,Na
488,局下,Nc
488,出局,VH
488,，,COMMACATEGORY
488,林子偉,Nb
488,纏鬥,VA
488,到,P
488,第,Neu
488,球,Na
488,，,COMMACATEGORY
488,轟,VC
488,右,Ncd
488,外野,Nc
488,陽春砲,Na
488,，,COMMACATEGORY
488,中華隊,Na
488,先馳得點,VA
488,，,COMMACATEGORY
488,局,Nc
488,上,Ncd
488,佛萊契爾,Nb
488,沙利文,Nb
488,接連,VJ
488,安打,Na
488,，,COMMACATEGORY
488,羅培茲,Nb
488,短,VH
488,打,VC
488,出局,VH
488,送回,VC
488,三壘跑,Na
488,者,Na
488,，,COMMACATEGORY
488,義大利,Nc
488,追平,VC
488,，,COMMACATEGORY
488,下棒,Na
488,德魯齊奧,Nb
488,三壘打,Na
488,，,COMMACATEGORY
488,義大利,Nc
488,比,P
488,領先,VJ
488,局下,Nc
488,，,COMMACATEGORY
488,陳傑憲,Nb
488,觸身球,Na
488,上壘,VA
488,，,COMMACATEGORY
488,出局,VH
488,後,Ng
488,，,COMMACATEGORY
488,開路,VA
488,先鋒,Na
488,鄭宗哲,Nb
488,敲,VC
488,穿越,VCL
488,二壘,Na
488,的,DE
488,安打,Na
488,，,COMMACATEGORY
488,打回,VCL
488,追平,VC
488,分,VC
488,比,P
488,局,Nc
488,上,Ncd
488,換,VC
488,王維中,Nb
488,接替,VC
488,登板,VA
488,，,COMMACATEGORY
488,狀況,Na
488,絕佳,VH
488,，,COMMACATEGORY
488,用,P
488,球,Na
488,繳出,VC
488,上下,Ncd
488,局下,Nc
488,義大利,Nc
488,換投,VC
488,比亞吉尼,Nb
488,，,COMMACATEGORY
488,張育成,Nb
488,二壘打,Na
488,吳念庭,Nb
488,右,Ncd
488,外野,Nc
488,安打,Na
488,，,COMMACATEGORY
488,出局,VH
488,後,Ng
488,，,COMMACATEGORY
488,陳傑憲,Nb
488,左外野,Nc
488,超前安,Na
488,，,COMMACATEGORY
488,王柏,Nb
488,融中,Nb
488,外野,Nc
488,安打,Na
488,，,COMMACATEGORY
488,帶有,VJ
488,分打點,Na
488,，,COMMACATEGORY
488,中華隊,Na
488,比,P
488,義大利,Nc
488,中華隊,Na
488,打退,VC
488,比亞吉尼,Nb
488,，,COMMACATEGORY
488,義大利,Nc
488,換投,VC
488,伍茲,Nb
488,，,COMMACATEGORY
488,江坤宇,Nb
488,三壘,Na
488,滾地球,Na
488,，,COMMACATEGORY
488,讓,VL
488,野手,Na
488,失誤,Na
488,，,COMMACATEGORY
488,中華隊,Na
488,跑回,VCL
488,第,Neu
488,分,Nf
488,局,Nc
488,上,Ncd
488,佛萊契爾,Nb
488,保送,VC
488,沙利文,Nb
488,敲安,VC
488,，,COMMACATEGORY
488,羅培茲,Nb
488,中外野,Nc
488,安打,Na
488,，,COMMACATEGORY
488,帶有,VJ
488,分打點,Na
488,，,COMMACATEGORY
488,馬斯特羅波尼,Nb
488,敲安,VC
488,追回,VC
488,分,VC
488,，,COMMACATEGORY
488,佛里力克,Nb
488,中,Ng
488,外野,Nc
488,安打,Na
488,，,COMMACATEGORY
488,帶分,Na
488,打點,Na
488,江少慶,Nb
488,先發局,Nc
488,失分,VH
488,退場,VA
488,，,COMMACATEGORY
488,使用,VC
488,球,Na
488,，,COMMACATEGORY
488,被,P
488,敲,VC
488,安打,Na
488,，,COMMACATEGORY
488,次,Nes
488,三振,VC
488,，,COMMACATEGORY
488,退場,VA
488,後,Ng
488,由,P
488,王維中,Nb
488,接手,VC
488,義大,Nc
488,利,Na
488,先發,VA
488,卡斯提拉尼,Nb
488,投局,Nc
488,被,P
488,敲,VC
488,安打,Na
488,，,COMMACATEGORY
488,失分,VH
488,退場,VA
488,完整,VH
488,新聞,Na
488,連結,VC
488,或,Caa
488,短,VH
488,網址,Na
488,不可,D
488,用,VC
488,等,Cab
488,轉載,VC
488,媒體,Na
488,////,FW
488,___,FW
488,備註,VE
489,剛剛,D
489,領先,VJ
489,分,VC
489,球員,Na
489,笑,VA
489,得,DE
489,很,Dfa
489,開心,VH
489,但,Cbb
489,我,Nh
489,心,Na
489,中,Ng
489,沒有,VJ
489,絲毫,Neqa
489,喜悅,VH
489,果然,D
489,馬上,D
489,鍋貼,Na
489,就,D
489,煎,VC
489,起來,Di
489,了,T
489,阿怎麼,Nb
489,半,Neqa
489,局,Nf
489,怎,D
489,又,D
489,結束,VHC
489,了,Di
489,才,Da
489,過,VCL
489,幾,Neu
489,分鐘,Nf
489,欸,I
489,到底,D
489,要,D
489,贏,VD
489,幾,Neu
489,分,Nf
489,大家,Nh
489,才,Da
489,會,D
489,覺得,VK
489,穩,VH
489,了,T
490,///,FW
490,剛,D
490,去,D
490,買,VC
490,宵夜,Na
490,鍋,Na
490,貼店,VA
490,大排長龍,VH
490,就,D
490,去,VCL
490,超商,Nc
490,買友,VA
490,善,VH
490,了,T
490,為何,D
490,大家,Nh
490,對,P
490,中華隊,Na
490,這麼,D
490,沒,VJ
490,信心,Na
490,呢,T
490,改吃,VC
490,義大利人,Na
490,最,Dfa
490,痛恨,VJ
490,的,DE
490,夏威夷,Nc
490,風味,Na
490,比薩,Na
490,不,D
490,是,SHI
490,更,D
490,好,VH
490,有,V_2
490,沒,D
490,有,V_2
490,八卦,Na
491,氣勢,Na
491,越來越,Dfa
491,弱,VH
491,感覺,VK
491,對方,Nh
491,也,D
491,沒,D
491,認真,VH
491,在,P
491,打,VC
491,反觀,VC
491,中華隊,Na
491,用,VC
491,了,Di
491,的,DE
491,力量,Na
491,球,Na
491,就,D
491,是,SHI
491,裊裊,VH
491,的,DE
491,~~~,FW
492,崩潰,VH
492,了,T
492,今天,Nd
492,可能,D
492,真的,D
492,可以,D
492,吃,VC
492,鍋,Na
492,貼,VC
492,了,Di
492,至少,Da
492,呢,T
492,前天,Nd
492,那,Nep
492,個,Nf
492,結果,Na
492,是,SHI
492,鍋貼,Na
492,都,D
492,沒,D
492,得,D
492,吃,VC
492,的,DE
492,但,Cbb
492,今天,Nd
492,局,Nc
492,被,P
492,追,VC
492,四,Neu
492,分,Nf
492,直接,VH
492,被,P
492,反,D
492,超,VJ
492,爽,VH
492,都,D
492,不,D
492,超過,VJ
492,分鐘,Nf
492,唉唉,I
492,濃濃鍋,Na
492,貼味,Na
492,///,FW
492,唉唉,I
492,還,D
492,能,D
492,起舞,VA
492,嗎,T
492,中華隊,Na
493,不,D
493,知道,VK
493,耶,T
493,突然,D
493,有,V_2
493,個,Nf
493,預感,Na
493,中華隊,Na
493,應該,D
493,整,Neqa
493,個,Nf
493,經典賽會,Na
493,全,Neqa
493,敗,VH
493,因為,Cbb
493,看,VC
493,就,D
493,覺得,VK
493,實力,Na
493,有,V_2
493,差,VH
493,啊,T
493,大家,Nh
493,覺得,VK
493,呢,T
494,第,Neu
494,場,Nf
494,差點,D
494,被,P
494,巴拿馬,Nc
494,扣倒,VC
494,休天,VA
494,打,VC
494,義大利,Nc
494,還,D
494,打,VC
494,得,DE
494,這麼,Dfa
494,艱難,VH
494,真的,D
494,很,Dfa
494,煩,VHC
494,中華隊,Na
494,每,Nes
494,次,Nf
494,落後,VJ
494,都,D
494,只,Da
494,想,VE
494,尻,VC
494,大,VH
494,隻,Nf
494,的,DE
494,結果,Na
494,出局,VH
494,如,P
494,風,Na
494,連,Cbb
494,對手,Na
494,的,DE
494,球數,Na
494,都,D
494,沒,D
494,消耗到,VC
494,有,V_2
494,人,Na
494,上壘,VA
494,就,D
494,不,D
494,知道,VK
494,在,P
494,嗨,I
494,什麼,Nep
494,然後,D
494,下,VC
494,棒球,Na
494,死不然,D
494,就,D
494,雙殺,VC
494,剛剛,D
494,追分,VA
494,還是,D
494,靠,P
494,義大利,Nc
494,連續,D
494,守備,VA
494,失誤,Na
494,不然,Cbb
494,早,D
494,就,D
494,中斷,VC
494,攻勢,Na
494,了,T
494,之後,Nd
494,連,Cbb
494,三,Neu
494,戰,Na
494,還,D
494,要,D
494,午接,VH
494,晚,Nd
494,不用,D
494,看,VC
494,也,D
494,知道,VK
494,比賽,Na
494,結果,Na
494,了,T
494,吧,T
495,各位,Nh
495,看,VC
495,比賽,Na
495,定,VC
495,很,Dfa
495,緊張,VH
495,很,Dfa
495,擔心,VK
495,雖然,Cbb
495,目前,Nd
495,被,P
495,鳳梨,Na
495,披薩,Na
495,反差,Na
495,但,Cbb
495,我,Nh
495,相信,VK
495,棒球,Na
495,是,SHI
495,比,P
495,到,P
495,第九,Neu
495,局,Nf
495,的,DE
495,以,P
495,我們,Nh
495,中華,Nc
495,健兒,Na
495,的,DE
495,投手,Na
495,板凳,Na
495,深度,Na
495,定,D
495,可以,D
495,逆轉回來,VA
495,的,DE
495,大家,Nh
495,說,VE
495,好,VH
495,不,D
495,好,VH
496,鍋貼,Na
496,的,DE
496,由來,Na
496,是,SHI
496,雖,Cbb
496,敗,VH
496,猶榮,VH
496,猶榮,Na
496,跟遊,VCL
496,龍音,Na
496,似,Ng
496,四海,Nc
496,遊龍,VA
496,賣,VD
496,鍋,Na
496,貼,VC
496,的,DE
496,也,D
496,就是,Cbb
496,鍋貼,Na
496,至少,Da
496,還,D
496,有,V_2
496,努力,VH
496,表現,VC
496,但,Cbb
496,輸,VD
496,了,Di
496,的,DE
496,含意,Na
496,但,Cbb
496,中華隊,Na
496,今天,Nd
496,爛成,VG
496,這樣,VH
496,根本,D
496,配不上,VJ
496,猶榮,VH
496,這,Nep
496,詞,Na
496,不要,D
496,再,D
496,用,P
496,鍋貼,Na
496,幫,P
496,中華隊,Na
496,找,VC
496,台階,Na
496,下,VA
496,了,Di
497,洲際,Nc
497,慘案,Na
497,兄弟,Na
497,主場,Na
497,呂彥青,Nb
497,現在,Nd
497,在,D
497,吃宵夜,VA
497,了,T
497,嗎,T
497,幹,VC
497,還,D
497,不,D
497,上,VCL
497,中華隊,Na
497,要,D
497,爆,VH
497,了,T
497,還,D
497,不,D
497,換,VC
497,三,Neu
497,小,VH
497,拉,VC
498,我們,Nh
498,有,V_2
498,旅日,Nv
498,好手,Na
498,王柏融,Nb
498,大聯盟,Na
498,重砲,Na
498,張育誠,Nb
498,還,D
498,有,V_2
498,堆,Nf
498,小,VH
498,聯盟,Na
498,殺神,Na
498,我們,Nh
498,國家隊,Na
498,其實,D
498,也,D
498,有,V_2
498,機會,Na
498,吧,T
499,與其,Cbb
499,看,VC
499,中華隊,Na
499,半死不活,VH
499,最後,Nd
499,吃鍋,VA
499,貼,VC
499,有,V_2
499,人,Na
499,已經,D
499,放棄,VC
499,改看,VC
499,日本,Nc
499,大葛格,Na
499,虐菜,Na
499,了,T
499,嗎,T
499,有的,Neqa
499,直轟,VA
499,很,Dfa
499,爽,VH
499,欸,I
500,第二,Neu
500,場,Nf
500,投手,Na
500,調度,VC
500,樣,Na
500,爛,VH
500,餅,Na
500,總,D
500,仍然,D
500,跟,P
500,第,Neu
500,場樣,Na
500,繼續,VF
500,打,VC
500,自己,Nh
500,的,DE
500,臉,Na
500,看,VC
500,的,DE
500,很,Dfa
500,痛苦,VH
500,投手,Na
500,壞球,Na
500,連,D
500,發,VH
500,，,COMMACATEGORY
500,直投,VC
500,保送,VC
500,不然,Cbb
500,投到,VC
500,中間,Ncd
500,就,D
500,被,P
500,打,VC
500,鳥,Na
500,安,VC
500,然後,D
500,教練團,Na
500,睡倒,VA
500,在,P
500,休息室,Nc
500,裡面,Ncd
500,與其,Cbb
500,這樣,VH
500,，,COMMACATEGORY
500,早,D
500,知道,VK
500,不如,Cbb
500,就,D
500,徵召,VC
500,退休,VH
500,老將,Na
500,好了,T
500,王建民,Nb
500,郭泓志,Nb
500,潘威倫,Nb
500,好了,T
500,反正,D
500,都,D
500,是,SHI
500,輸,VD
500,看,VC
500,這些,Neqa
500,人,Na
500,上場,VA
500,說不定,D
500,投,VC
500,的,DE
500,比,P
500,現在,Nd
500,的,DE
500,年輕人,Na
500,還,D
500,要,D
500,好,VH
501,女口,Na
501,是,SHI
501,頁,Nf
501,現在,Nd
501,中華隊,Na
501,正在,D
501,對,P
501,義大利,Nc
501,啦,T
501,好幾,Neu
501,球,Na
501,如果,Cbb
501,是,SHI
501,林哲瑄,Nb
501,來,D
501,守,VC
501,，,COMMACATEGORY
501,就,D
501,接,VC
501,的,DE
501,漂亮,VH
501,啦,T
501,總教練,Na
501,在,P
501,幹嘛,VA
501,調度,VC
501,是,SHI
501,不,D
501,是,SHI
501,有,V_2
501,問題,Na
501,怎,D
501,麽,FW
501,不,D
501,派,VF
501,林哲瑄,Nb
501,來,D
501,守中外野,VA
501,有,V_2
501,沒,D
501,有,V_2
501,八卦,Na
501,啊,T
502,不管,Cbb
502,哪,Nep
502,組,Nf
502,哪,Nep
502,個,Nf
502,國家,Na
502,，,COMMACATEGORY
502,根本,D
502,就,D
502,是,SHI
502,展現,VC
502,球員,Na
502,在,P
502,體系,Na
502,的,DE
502,人數,Na
502,連,Cbb
502,亞洲,Nc
502,老店,Nc
502,第棒,DM
502,都,D
502,要,D
502,給,P
502,空降,VCL
502,的,DE
502,怒霸,Na
502,是,SHI
502,不,D
502,是,SHI
502,不管,Cbb
502,三,Neu
502,級,Na
502,前,Ng
502,技術,Na
502,多,Dfa
502,好,VH
502,，,COMMACATEGORY
502,都,D
502,要,D
502,歲,Nf
502,之後,Ng
502,來去,VA
502,體系,Na
502,升級,VH
502,個,Di
502,大,VH
502,肌肌,Na
502,比較,Dfa
502,好,VH
502,台灣,Nc
502,有,V_2
502,機會,Na
502,用,VC
502,個,Nf
502,什麼,Nep
502,計畫,Na
502,丟,VC
502,個,Di
502,十幾二十,Neu
502,支,Nf
502,青棒,Na
502,前,Ng
502,的,DE
502,好手,Na
502,去,D
502,變,VG
502,個,Di
502,批,VC
502,黃金,Na
502,十,Neu
502,年,Nf
502,的,DE
502,中華隊,Na
502,嗎,T
503,享盡,VJ
503,地主,Na
503,優勢,Na
503,，,COMMACATEGORY
503,還是,D
503,技,Na
503,不如人,VH
503,，,COMMACATEGORY
503,輸球,VH
503,很,Dfa
503,正常,VH
503,而且,Cbb
503,職棒,Na
503,爐主,Na
503,還,D
503,當,VG
503,國家隊,Na
503,總教練,Na
503,，,COMMACATEGORY
503,也,D
503,算是,VG
503,故意,VL
503,讓,VL
503,對手,Na
503,隔壁,Nc
503,韓國,Nc
503,更,Dfa
503,慘,VH
503,，,COMMACATEGORY
503,台灣,Nc
503,已經,D
503,是,SHI
503,雖,Cbb
503,敗,VH
503,猶,D
503,榮,VH
503,了,T
503,沒有,D
503,輸,VD
503,得,DE
503,太,Dfa
503,難看,VH
503,就,D
503,好,VH
503,，,COMMACATEGORY
503,明後天,Nd
503,當,VG
503,練兵,VA
503,就,D
503,好,VH
503,大家,Nh
503,說,VE
503,好,VH
503,不,D
503,好,VH
504,如,P
504,題,Na
504,之前,Nd
504,的,DE
504,國際賽,Na
504,無論,Cbb
504,是,SHI
504,經典賽,Na
504,奧運,Nb
504,資格賽,Na
504,還是,D
504,能,D
504,看到,VE
504,不同,VH
504,行業,Na
504,的,DE
504,投放,VC
504,廣告,Na
504,但,Cbb
504,這,Nep
504,次,Nf
504,的,DE
504,經典賽,Na
504,今天,Nd
504,的,DE
504,比賽,Na
504,中華隊,Na
504,義大利隊,Na
504,換,VC
504,局,Nc
504,間,Ng
504,的,DE
504,廣告,Na
504,房地產,Na
504,的,DE
504,廣告,Na
504,變,VG
504,得,DE
504,好多,Neqa
504,不,D
504,像,P
504,之前,Nd
504,還,D
504,有,V_2
504,食品業,Na
504,金融業,Na
504,保健,Na
504,食品業,Na
504,各,Nes
504,種,Nf
504,行業,Na
504,百花齊放,VH
504,有點,Dfa
504,像是,SHI
504,房地產,Na
504,行業,Na
504,百地爭鳴,VH
504,的,DE
504,感覺,Na
504,有,V_2
504,沒,D
504,有,V_2
504,相關,VH
504,的,DE
504,八卦,Na
505,棒球,Na
505,經典賽,Na
505,中華隊,Na
505,怎麼,D
505,五,Neu
505,局,Nf
505,中場,Nc
505,之後,Ng
505,內野,Nc
505,後面,Ncd
505,就,D
505,站堆,VA
505,人,Na
505,有,V_2
505,很多,Neqa
505,人,Na
505,偷,D
505,溜進,VCL
505,棒球場,Nc
505,嗎,T
505,有,V_2
505,沒,D
505,有,V_2
505,卦,Na
506,世界,Nc
506,棒球,Na
506,經典賽,Na
506,中華隊,Na
506,義大利,Nc
506,落後,VJ
506,輪到,VL
506,二兵,Na
506,張育成,Nb
506,兩,Neu
506,分,Nf
506,炮,Na
506,炸裂,VC
506,追平,VC
506,啦,T
507,個,Nf
507,連,Cbb
507,鳳梨,Na
507,都,D
507,不,D
507,敢,VL
507,放上,VC
507,披薩,Na
507,的,DE
507,國家,Na
507,，,COMMACATEGORY
507,有,V_2
507,可能,Na
507,棒球,Na
507,打贏,VC
507,世界,Nc
507,第二,Neu
507,的,DE
507,中華隊,Na
507,嗎,T
507,更,D
507,別,D
507,說,VE
507,之前,Ng
507,還,D
507,軸心國,Na
507,的,T
507,，,COMMACATEGORY
507,有,V_2
507,膽子,Na
507,來,D
507,算,VE
507,總帳,Na
507,嗎,T
507,我,Nh
507,講句,VE
507,公道話,Na
507,，,COMMACATEGORY
507,棒球,Na
507,就,D
507,打到,VC
507,這裡,Ncd
507,，,COMMACATEGORY
507,大家,Nh
507,四四六六,Neu
507,，,COMMACATEGORY
507,算,VG
507,平手,VH
507,就,D
507,好,VH
507,，,COMMACATEGORY
507,不然,Cbb
507,就,D
507,來,D
507,比,P
507,披薩,Na
507,的,DE
507,創意,Na
507,打到,VC
507,半,Neqa
507,全壘打,Na
507,了,T
507,，,COMMACATEGORY
507,誰,Nh
507,跟,P
507,你,Nh
507,平手,VH
507,啊,T
508,大家,Nh
508,好,VH
508,二兵,Na
508,張育成,Nb
508,兩,Neu
508,分,Nf
508,砲,Na
508,追,VC
508,平,VH
508,這,Nep
508,個,Nf
508,功績,Na
508,可以,D
508,晉升,VG
508,了,Di
508,吧,T
508,大家,Nh
508,覺得,VK
508,可以,D
508,當,VG
508,什麼,Nep
508,職位,Na
508,啊,T
508,有,V_2
508,卦,Na
508,嗎,T
509,欸,I
509,你,Nh
509,各位,Nh
509,阿,T
509,才,Da
509,六,Neu
509,局,Nf
509,下,Nes
509,專業,VH
509,的,DE
509,都,D
509,知道,VK
509,中華隊,Na
509,的,DE
509,比賽,Na
509,八,Neu
509,局,Nf
509,才,Da
509,開始,VL
509,被,P
509,騙,VC
509,ㄌ,FW
509,那麼多,Neqa
509,年,Nf
509,還,D
509,在,P
509,爽,VH
509,前,Nes
509,幾,Neu
509,局,Nf
509,斗,Na
509,嗎,T
510,/////,FW
510,/////,FW
510,/////,FW
510,太,Dfa
510,爽,VH
510,了,T
510,啦,T
510,育成,VC
510,我,Nh
510,大哥,Na
510,以後,Nd
510,誰,Nh
510,酸,VH
510,他,Nh
510,我,Nh
510,跟,P
510,他,Nh
510,拼命,VH
510,永遠,D
510,忠誠,VH
510,￣,FW
510,□,FW
510,￣/,FW
510,敬禮,VB
510,￣ㄧ￣￣ㄧ￣,FW
511,如,P
511,題,Na
511,二兵,Na
511,張育成,Nb
511,毫無,VJ
511,疑問,Na
511,是,SHI
511,現在,Nd
511,臺灣,Nc
511,最,Dfa
511,強,VH
511,打者,Na
511,在,P
511,大,VH
511,檸檬,Na
511,的,DE
511,成績,Na
511,也,D
511,是,SHI
511,臺灣,Nc
511,歷年來,D
511,最好,D
511,基本,Na
511,上,Ng
511,是,SHI
511,已經,D
511,超越,VC
511,陳金鋒,Nb
511,了,T
511,現在,Nd
511,國際賽,Na
511,正,D
511,需要,VK
511,他,Nh
511,的,DE
511,時候,Na
511,兩,Neu
511,分,Nf
511,蛋,Na
511,是,SHI
511,不,D
511,是,SHI
511,這,Nep
511,時候,Na
511,永遠,D
511,忠誠,VH
511,二兵,Na
511,張育成,Nb
511,已經,D
511,超越,VC
511,陳金鋒,Nb
511,了,T
511,有,V_2
511,卦,Na
512,_/,FW
512,是,SHI
512,我,Nh
512,，,COMMACATEGORY
512,我,Nh
512,道歉,VB
512,他,Nh
512,強大,VH
512,，,COMMACATEGORY
512,但,Cbb
512,常,D
512,輸給,VD
512,弱隊,Na
512,他,Nh
512,輸,VD
512,十,Neu
512,分,Nf
512,，,COMMACATEGORY
512,但,Cbb
512,跟,P
512,等級,Na
512,平手,VH
512,他,Nh
512,永遠,D
512,讓,VL
512,你,Nh
512,意想不到,VK
512,他,Nh
512,喜歡,VK
512,在,P
512,你,Nh
512,滿滿,VH
512,的,DE
512,期望,Na
512,再,D
512,給,VD
512,你,Nh
512,永遠,VH
512,的,DE
512,失望,VH
512,我,Nh
512,看衰,VJ
512,台灣,Nc
512,，,COMMACATEGORY
512,是,SHI
512,因為,Cbb
512,只要,Cbb
512,比,P
512,分好,VC
512,我,Nh
512,就,D
512,開心,VH
512,總,D
512,比,P
512,期望,Na
512,分,VC
512,，,COMMACATEGORY
512,表現,VC
512,分,VC
512,有,V_2
512,想,VE
512,跟,P
512,台灣,Nc
512,中華隊,Na
512,道歉,VB
512,的,DE
512,掛,VC
512,嗎,T
513,就,D
513,是,SHI
513,啊,T
513,中華隊,Na
513,每,Nes
513,次,Nf
513,打到,VC
513,後面,Ncd
513,時,Ng
513,防守,VC
513,的,DE
513,時間,Na
513,總是,D
513,比,P
513,對面,Ncd
513,多,Dfa
513,不少,VH
513,就,P
513,個,Nf
513,體育,Na
513,運動,Na
513,來,D
513,說,VE
513,是,SHI
513,不,D
513,是,SHI
513,對,P
513,另外,Da
513,隊,Na
513,不,D
513,公平,VH
513,啊,T
513,中華隊,Na
513,的,DE
513,時間,Na
513,怎麼,D
513,會,D
513,特別,VH
513,多,VH
513,呢,T
513,有,V_2
513,沒,D
513,有,V_2
513,八卦,Na
514,今天,Nd
514,兩,Neu
514,位,Nf
514,旅美,VA
514,都,D
514,上,VCL
514,過,Di
514,大聯盟,Na
514,的,DE
514,林子偉,Nb
514,和,Caa
514,張育成,Nb
514,都,D
514,開轟,VA
514,啦,T
514,我們,Nh
514,旅日,VA
514,的,DE
514,台灣,Nc
514,至,Caa
514,寶,Na
514,王柏融,Nb
514,怎麼,D
514,都,D
514,沒有,D
514,開轟,VA
514,勒,VC
515,分享,VJ
515,張育成,Nb
515,/////,FW
515,///,FW
515,總,D
515,有,V_2
515,天,Nf
515,每,Nes
515,個,Nf
515,人,Na
515,定,VC
515,會,D
515,為,P
515,我,Nh
515,鼓掌,VA
515,棒,VH
515,追,VC
515,平,VH
515,二兵,Na
515,我,Nh
515,道歉,VB
515,打飯班,Nc
515,先,D
515,把,P
515,鍋貼,Na
515,收掉,VC
516,水餃,Na
516,",",COMMACATEGORY
516,鍋貼,Na
516,",",COMMACATEGORY
516,都,D
516,還,D
516,沒,D
516,開始,VL
516,熱,VHC
516,",",COMMACATEGORY
516,突然,D
516,想到,VE
516,",",COMMACATEGORY
516,現在,Nd
516,跟,P
516,義大利隊,Na
516,說,VE
516,",",COMMACATEGORY
516,以後,Nd
516,台灣,Nc
516,再,D
516,也,D
516,不,D
516,吃,VC
516,鳳梨,Na
516,披薩,Na
516,義大利,Nc
516,會,D
516,冰釋,VC
516,前嫌,Na
516,",",COMMACATEGORY
516,讓,VL
516,中華隊,Na
516,獲勝,VH
516,嗎,T
516,拿,VC
516,坡里,Nc
516,披薩,Na
516,好,VH
516,棒棒,Neqa
516,大家,Nh
516,說說,VE
516,",",COMMACATEGORY
516,有,V_2
516,掛,VC
516,嗎,T
517,前天,Nd
517,中華隊,Na
517,打,VC
517,不,D
517,好,VH
517,堆酸民,Na
517,跳出來,VA
517,今天,Nd
517,中華隊,Na
517,打,VC
517,的,DE
517,很,Dfa
517,好,VH
517,，,COMMACATEGORY
517,還,D
517,沒,D
517,定,VC
517,輸贏,Na
517,就,D
517,在,D
517,吹,VC
517,哪來,D
517,的,DE
517,這,Nep
517,多,Neqa
517,日,Nf
517,球迷,Na
517,，,COMMACATEGORY
517,前天,Nd
517,酸,VH
517,中華隊,Na
517,的,DE
517,麻煩,VHC
517,自己,Nh
517,出來,VA
517,道歉,VB
517,另外,Cbb
517,義大利,Nc
517,就,P
517,這,Nep
518,正在,D
518,用,P
518,看,VC
518,發現,VE
518,居然,D
518,有,V_2
518,啦啦隊,Na
518,視角,Na
518,這,Nep
518,兩,Neu
518,個,Nf
518,視角,Na
518,根本,D
518,看,VE
518,不,D
518,到,VE
518,比賽,Na
518,內容,Na
518,啊,T
518,笑死,VHC
518,到底,D
518,誰,Nh
518,會,D
518,看,VC
518,啊,T
518,有,V_2
518,沒,D
518,有,V_2
518,卦,Na
519,備註,VE
519,請,VF
519,放,VC
519,最後,Nd
519,面違,VC
519,者,Na
519,新聞,Na
519,文章,Na
519,刪除,VC
519,媒體,Na
519,來源,Na
519,聯合,VC
519,記者,Na
519,署名,VC
519,陳宛晶,Nb
519,完整,VH
519,新聞,Na
519,標題,Na
519,經典賽,Na
519,全,Neqa
519,台,Nc
519,為,P
519,他,Nh
519,鼓掌,VA
519,張育成,Nb
519,追平,VC
519,兩,Neu
519,分,Nf
519,砲,Na
519,霸氣,VH
519,傾聽給,VD
519,他,Nh
519,的,DE
519,掌聲,Na
519,完整,VH
519,新聞,Na
519,內文,Na
519,規,Na
519,經典賽,Na
519,全,Neqa
519,台,Nc
519,為,P
519,他,Nh
519,鼓掌,VA
519,張育成,Nb
519,追平,VC
519,兩,Neu
519,分,Nf
519,砲,Na
519,霸氣,VH
519,傾聽給,VD
519,他,Nh
519,的,DE
519,掌聲,Na
519,聯合報,Nb
519,記者,Na
519,陳宛晶,Nb
519,台中,Nc
519,即時,D
519,報導,VE
519,這,Nep
519,就,D
519,是,SHI
519,大聯盟級,Na
519,的,DE
519,戰力,Na
519,陷入,VCL
519,苦戰,Na
519,的,DE
519,中華隊,Na
519,，,COMMACATEGORY
519,今天,Nd
519,靠,P
519,張育成,Nb
519,在,P
519,第,Neu
519,局,Nf
519,用,P
519,追平,VC
519,兩,Neu
519,分,Nf
519,砲,Na
519,重新,D
519,提,VE
519,振士氣,Na
519,，,COMMACATEGORY
519,讓,VL
519,全,Neqa
519,場,Nf
519,萬,Neu
519,人,Na
519,為,P
519,他,Nh
519,鼓掌,VA
519,中華隊,Na
519,今天,Nd
519,在,P
519,世界,Nc
519,棒球,Na
519,經典賽,Na
519,分組賽,Na
519,出戰,VC
519,義大利隊,Na
519,，,COMMACATEGORY
519,前,Nes
519,半,Neqa
519,段,Nf
519,的,DE
519,兩,Neu
519,度,Nf
519,領先,VJ
519,都,D
519,像是,SHI
519,夢境,Na
519,般,Ng
519,短暫,VH
519,美好,VH
519,，,COMMACATEGORY
519,打完,VC
519,前局,Nc
519,處於,VJ
519,落後,VJ
519,，,COMMACATEGORY
519,洲際,Nc
519,棒球場,Nc
519,氣氛度,Na
519,死寂,Na
519,中華隊,Na
519,在,P
519,第,Neu
519,局,Nf
519,攻守,VA
519,都,D
519,接連,D
519,出現,VH
519,亮點,Na
519,，,COMMACATEGORY
519,局,Nc
519,上,Ncd
519,呂彥青,Nb
519,接手,VC
519,陳禹勳,Nb
519,留下,VC
519,的,DE
519,兩,Neu
519,出局,VH
519,壘,Na
519,有,V_2
519,人局,Na
519,面,Na
519,，,COMMACATEGORY
519,球,Na
519,都,D
519,還,D
519,沒,D
519,投,VC
519,，,COMMACATEGORY
519,就,D
519,牽制,VC
519,抓到,VC
519,壘跑,VA
519,者,Na
519,佛列契,Nb
519,下,Nes
519,半,Neqa
519,局,Nf
519,林立,VH
519,的,DE
519,保送,VC
519,開啟,VC
519,契機,Na
519,，,COMMACATEGORY
519,兩,Neu
519,出局,VH
519,後,Ng
519,輪到,VL
519,張育成,Nb
519,，,COMMACATEGORY
519,鎖定,VC
519,第,Neu
519,球哩,Na
519,伸卡球,Na
519,出棒,VA
519,，,COMMACATEGORY
519,棒,Na
519,炸出,VC
519,中,Ncd
519,右,Ncd
519,外野,Nc
519,牆,Na
519,外,Ncd
519,張育成,Nb
519,這,Nep
519,發,Nf
519,兩,Neu
519,分,Nf
519,砲,Na
519,讓,VL
519,比分,Na
519,形成,VG
519,，,COMMACATEGORY
519,中華隊,Na
519,重新,D
519,回到,VCL
519,戰局,Na
519,中,Ng
519,，,COMMACATEGORY
519,全,Neqa
519,場,Nf
519,球迷,Na
519,起立,VA
519,向,P
519,他,Nh
519,敬禮,VB
519,，,COMMACATEGORY
519,張,Nb
519,育成,VC
519,則,D
519,在,P
519,繞過,VCL
519,三壘,Na
519,後,Ng
519,將,P
519,手,Na
519,放,VC
519,在,P
519,耳朵,Na
519,旁,Ncd
519,，,COMMACATEGORY
519,霸氣,Na
519,傾聽,VC
519,萬,Neu
519,名,Nf
519,球迷,Na
519,為,P
519,他,Nh
519,喝采,VA
519,的,DE
519,聲音,Na
519,完整,VH
519,新聞,Na
519,連結,VC
519,或,Caa
519,短,VH
519,網址,Na
519,不可,D
519,用,VC
519,等,Cab
519,轉載,VC
519,媒體,Na
519,///////,FW
519,備註,VE
519,請,VF
520,科科,Nc
520,棒,Na
520,扛出去,VB
520,二兵,Na
520,升上,VCL
520,將,D
520,不錯,VH
520,啦,T
520,不過,Cbb
520,還是,D
520,平手,VH
520,我,Nh
520,印象,Na
520,中,Ng
520,，,COMMACATEGORY
520,中華隊,Na
520,突破,VC
520,僵局,Na
520,好像,D
520,每,Nes
520,次,Nf
520,都,D
520,吃鍋,VA
520,貼,VC
520,耶,T
520,有,V_2
520,贏,VD
520,過,Di
520,的,T
520,嗎,T
520,科科,Nc
521,欸,I
521,張育成,Nb
521,好,Dfa
521,猛,VH
521,喔,T
521,根本,D
521,台灣,Nc
521,打擊,VC
521,第,Neu
521,人,Na
521,但,Cbb
521,他,Nh
521,排,VC
521,得,DE
521,進,VC
521,日本,Nc
521,先發,VA
521,九棒,Na
521,嗎,T
521,日本,Nc
521,這,Nep
521,次,Nf
521,也,D
521,是,SHI
521,豪華,VH
521,打線,VA
521,育成,VC
521,應該,D
521,也,D
521,不,D
521,差,VH
521,吧,T
521,有,V_2
521,掛,VC
522,你,Nh
522,錯,VH
522,了,T
522,這,Nep
522,個,Nf
522,中華隊,Na
522,就,D
522,是,SHI
522,欠,VD
522,酸,VH
522,欠,VD
522,辣,VH
522,如果,Cbb
522,每,Nes
522,個,Nf
522,人,Na
522,都,D
522,學,VC
522,我,Nh
522,這,Nep
522,篇,Nf
522,帖子,Na
522,樣,Na
522,都,D
522,用,P
522,最,Dfa
522,辣,VH
522,的,DE
522,話,Na
522,來,D
522,講,VE
522,中華隊,Na
522,早,D
522,就,D
522,起飛,VA
522,了,Di
523,小玉,Nb
523,終於,D
523,被,P
523,換,VC
523,了,Di
523,打,VC
523,左投,Na
523,完全,D
523,不行,VH
523,今天,Nd
523,賽,VJ
523,到,VCL
523,支,Nf
523,安打,Na
523,這,Nep
523,應該,D
523,是,SHI
523,這,Nep
523,次,Nf
523,教練團,Na
523,做,VC
523,最,Dfa
523,正確,VH
523,的,DE
523,決定,Na
523,彈力球,Na
523,的,DE
523,最,Dfa
523,大,VH
523,受益,VH
523,者,Na
523,小玉,Nb
523,終於,D
523,換掉,VC
523,了,Di
523,中華隊,Na
523,要,D
523,順,VJ
523,了,Di
524,中華隊,Na
524,七,Neu
524,局,Nf
524,下,Nes
524,半,Neqa
524,打出,VC
524,超前,VJ
524,分,VC
524,喔喔,I
524,喔,I
524,喔,I
524,喔,I
524,喔,I
524,喔,I
524,等等,Cab
524,要,D
524,吃,VC
524,什麼,Nep
524,夏威夷,Nc
524,比薩,Na
524,還是,D
524,義大利麵,Na
525,有,V_2
525,持續,VL
525,再,D
525,看,VC
525,中華隊,Na
525,國際賽,Na
525,的,DE
525,應該,D
525,對,P
525,中華隊,Na
525,的,DE
525,局,Na
525,不,D
525,陌生,VI
525,吧,T
525,總是,D
525,現在,Nd
525,中華隊,Na
525,要,D
525,以,P
525,領先,VJ
525,分,D
525,進入,VCL
525,到,P
525,第八,Neu
525,局,Nf
525,有,V_2
525,人,Na
525,有,V_2
525,想法,Na
525,嗎,T
525,理性,Na
525,討論,VE
526,中華隊,Na
526,終於,D
526,要,D
526,回,VCL
526,領先,VJ
526,啦,T
526,目前,Nd
526,打擊,Na
526,看來,D
526,很,Dfa
526,強,VH
526,都,D
526,能,D
526,適時,D
526,安打,Na
526,全壘打,Na
526,投手,Na
526,更,Dfa
526,是,SHI
526,穩,VH
526,到,P
526,炸,VC
526,各,Nes
526,種,Nf
526,三振,VC
526,美技,Na
526,現在,Nd
526,中華隊,Na
526,了,T
526,應該,D
526,會,D
526,繼續,VF
526,擴大,VC
526,領先,VJ
526,到,P
526,結束,VHC
526,可以,D
526,關掉,VC
526,不,D
526,看,VC
526,了,Di
526,吧,T
527,如,P
527,題,Na
527,已經,D
527,到,VCL
527,了,Di
527,第八,Neu
527,局,Nf
527,沒,D
527,錯,VH
527,就,D
527,是,SHI
527,中華隊,Na
527,最,Dfa
527,恐懼,VK
527,的,DE
527,第八,Neu
527,局,Nf
527,緊張,VH
527,到,P
527,不,D
527,敢,VL
527,看,VC
527,了,Di
527,是,SHI
527,不,D
527,是,SHI
527,該,D
527,去,D
527,洗,VC
527,個,Nf
527,澡,Na
527,洗完,VC
527,澡,Na
527,應該,D
527,就,D
527,贏,VD
527,了,Di
527,吧,T
528,所以,Cbb
528,我,Nh
528,認為,VE
528,義大利,Nc
528,比,P
528,巴拿馬,Nc
528,強,VH
528,現在,Nd
528,看來,D
528,屌壓,VC
528,義大利,Nc
528,的,DE
528,中華隊,Na
528,實力,Na
528,在,P
528,巴拿馬,Nc
528,上,Ncd
528,大家,Nh
528,怎,D
528,看,VC
528,有沒有,D
528,掛,VC
529,前,Nes
529,七,Neu
529,局,Nf
529,中華隊,Na
529,終於,D
529,領先,VJ
529,了,Di
529,好像,D
529,想起,VE
529,當年,Nd
529,經典賽,Na
529,中華隊,Na
529,都,D
529,在,P
529,第七,Neu
529,局,Nf
529,逆轉,VA
529,當初,Nd
529,第七,Neu
529,局,Nf
529,滿壘,VH
529,也,D
529,只,Da
529,拿,VC
529,分,Nf
529,是,SHI
529,不,D
529,是,SHI
529,熟悉,VJ
529,的,DE
529,中華隊,Na
529,回來,VA
529,了,Di
529,呢,T
529,八九,Neu
529,局,Nf
529,應該,D
529,不會,D
529,出事,VH
529,吧,T
530,他媽,I
530,堆風,VA
530,向,P
530,亂帶,Na
530,說,VE
530,什麼,Nep
530,中華隊,Na
530,多,Dfa
530,爛,VH
530,多,Dfa
530,爛,VH
530,什麼,Nep
530,買,VC
530,義大利,Nc
530,等於,VG
530,定存,Na
530,利率,Na
530,超高倍幹,VH
530,妳,Nh
530,娘,Na
530,真的,D
530,傻傻,VH
530,聽進去,VC
530,花,VC
530,萬,Neu
530,塊,Nf
530,現在,Nd
530,他,Nh
530,媽,Na
530,不,D
530,就,D
530,要,D
530,在,P
530,頂樓,Nc
530,吹風,VH
530,了,Di
530,頂樓,Nc
530,好,Dfa
530,冷,VH
530,沒有,D
530,跟,P
530,風,Na
530,買,VC
530,義大利,Nc
530,是,SHI
530,不,D
530,是,SHI
530,賺到,VC
530,有,V_2
530,八卦,Na
530,嗎,T
531,我,Nh
531,認為,VE
531,中華隊局,Nc
531,打,VC
531,不,D
531,好,VH
531,是,SHI
531,集體,A
531,潛意識,Na
531,造成,VG
531,的,DE
531,其實,D
531,從,P
531,物理學,Na
531,來,D
531,看,VE
531,局,Nc
531,跟局,Nc
531,根本,D
531,沒,VJ
531,什麼,Nep
531,不同,VH
531,你,Nh
531,把,P
531,狀況,Na
531,穩定,VHC
531,的,DE
531,或是,Caa
531,終結,VC
531,者,Na
531,像是,SHI
531,李維拉,Nb
531,這,Nep
531,種,Nf
531,壓上來,VA
531,反而,Cbb
531,還,D
531,比,P
531,前面,Ncd
531,幾,Neu
531,局,Nf
531,更,Dfa
531,好,VH
531,守,VC
531,那,Dk
531,除非,Cbb
531,你,Nh
531,說,VE
531,是,SHI
531,先發,Nv
531,投手,Na
531,完投,VC
531,九,Neu
531,局,Nf
531,了,T
531,那,Nep
531,沒,D
531,錯,Na
531,越,D
531,後面,Ncd
531,越,D
531,容易,VH
531,掉分,VH
531,所以,Cbb
531,說,VE
531,中華隊局,Nc
531,打,VC
531,不,D
531,好,VC
531,老,VH
531,吃鍋,VA
531,貼,VC
531,這,Nep
531,個,Nf
531,是,SHI
531,假,VH
531,議題,Na
531,事實,Na
531,是,SHI
531,太多,Neqa
531,日,Nf
531,球迷,Na
531,在,P
531,那邊,Ncd
531,緊張,VH
531,大師,Na
531,造成,VK
531,選手,Na
531,壓力,Na
531,所以,Cbb
531,中華隊,Na
531,老是,D
531,後段,Ncd
531,局數,Na
531,表現,VC
531,不,D
531,好,VH
531,跟,P
531,家長,Na
531,給,VD
531,孩子,Na
531,越,D
531,大,VH
531,壓力,Na
531,孩子,Na
531,學校,Nc
531,成績,Na
531,越,D
531,差,VH
531,是,SHI
531,同樣,VH
531,道理,Na
531,本人,Nh
531,預測,VE
531,這,Nep
531,場,Nf
531,還是,D
531,輸給,VD
531,義大利局,Nc
531,大量,Neqa
531,爆分,Neqa
531,鐵口直斷,VE
531,不,D
531,靈,VH
531,免,VJ
531,錢,Na
531,噓,I
531,我,Nh
531,還,D
531,有,V_2
531,臉,Na
531,要,D
531,我,Nh
531,解釋,VE
531,滾,VA
531,啦,T
531,你,Nh
531,什麼,Nep
531,咖,Na
532,今天,Nd
532,終於,D
532,等到,VC
532,睽違,VH
532,已,D
532,久,VH
532,的,DE
532,首,Nes
532,勝,VH
532,不可能,D
532,被,P
532,義大利,Nc
532,逆轉,VA
532,吧,T
532,等等,Cab
532,訂,VC
532,鳳梨,Na
532,披薩,Na
532,來,D
532,吃,VC
532,不,D
532,知道,VK
532,各,Nes
532,位,Nf
532,怎麼,D
532,看,VC
533,女口,Nc
533,是,SHI
533,頁口,Nc
533,拉,VC
533,先,D
533,不論,Cbb
533,輸贏,Na
533,，,COMMACATEGORY
533,中華隊,Na
533,今天,Nd
533,跟,P
533,義大利,Nc
533,有來有往,VA
533,，,COMMACATEGORY
533,比賽,Na
533,也,D
533,差不多,D
533,快,D
533,到,P
533,尾聲,Na
533,了,T
533,請問,VE
533,今天,Nd
533,的,DE
533,中華隊,Na
533,算是,VG
533,及格,VH
533,了,T
533,嗎,T
534,搭配,VC
534,經典賽,Na
534,的,DE
534,經典,Na
534,美食,Na
534,鍋貼,Na
534,下鍋,VB
534,鄉民,Na
534,推薦,VC
534,邊,D
534,吃,VC
534,邊,D
534,哭,VA
534,的,DE
534,排隊,VA
534,名,A
534,店,Nc
534,八,Neu
534,局,Nf
534,上,Ng
534,中華隊,Na
534,超前,VJ
534,分,VC
534,換,VC
534,投,VC
534,明天,Nd
534,才,Da
534,上車,VA
534,還,D
534,來得及,VH
534,嗎,T
535,中華隊,Na
535,領先,VJ
535,局,Nc
535,上,Ncd
535,半,Neqa
535,守,VC
535,得,DE
535,很,Dfa
535,好,VH
535,基本,Na
535,穩,VH
535,了,T
535,吧,T
535,不,D
535,太,Dfa
535,可能,D
535,會,D
535,輸,VD
535,了,Di
535,不會,D
535,再,D
535,反轉,VA
535,了,Di
535,吧,T
536,轟,D
536,三,Neu
536,分,Nf
536,砲,Na
536,中華隊,Na
536,暫時,D
536,領先,VJ
537,請問,VE
537,義大利,Nc
537,黑鬍子,Na
537,是,SHI
537,內應,Na
537,嗎,T
537,看換,VC
537,了,Di
537,他,Nh
537,之後,Ng
537,中華隊,Na
537,很,Dfa
537,容易,VH
537,上壘,VA
537,前,Nes
537,幾,Neu
537,個,Nf
537,投手,Na
537,很,Dfa
537,穩,VH
537,欸,I
537,最後,Nd
537,局,Nc
537,了,Di
537,中華隊,Na
537,加油,VB
537,啊,T
537,穩住,VC
537,別,D
537,失分,VH
537,了,T
538,剛剛,D
538,那,Nep
538,個,Nf
538,什麼,Nep
538,極力,D
538,及,Caa
538,敲,VC
538,了,Di
538,隻,Nf
538,三,Neu
538,分,Nf
538,砲,Na
538,現在,Nd
538,中華隊,Na
538,領先,VJ
538,那,Dk
538,那些,Neqa
538,運彩,Na
538,下,VCL
538,義大利,Nc
538,贏,VD
538,的,DE
538,人,Na
538,在,P
538,想,VE
538,什麼,Nep
538,賠率,Na
538,低,VH
538,應該,D
538,都,D
538,重注,VC
538,了,Di
538,不少,Neqa
538,有,V_2
538,人,Na
538,知道,VK
538,嗎,T
539,本來,D
539,就,D
539,很,Dfa
539,強,VH
539,了,T
539,堆,Nf
539,人,Na
539,不,D
539,知道,VK
539,在,D
539,酸,VH
539,什麼,Nep
539,的,DE
539,鍋貼鍋,Na
539,你,Nh
539,媽,Na
539,啦,T
539,這,Nep
539,場,Nf
539,中華隊,Na
539,穩,VH
539,贏,VD
539,了,Di
539,我,Nh
539,是,SHI
539,明燈,Na
539,跟,P
539,我,Nh
539,準,D
539,沒,VJ
539,錯,VH
540,我,Nh
540,真的,D
540,怕,VK
540,了,Di
540,寧願,VK
540,信,VK
540,其,Nep
540,有,V_2
540,不可信,VJ
540,其,Nep
540,無,VJ
540,太,Dfa
540,毛,VH
540,了,Di
540,棒球,Na
540,之,DE
540,神,Na
540,是,SHI
540,真的,D
540,守備,VA
540,散漫,VH
540,打擊,VC
540,鳥,Na
540,滾,VA
540,棒球,Na
540,之,DE
540,神,Na
540,看,VC
540,不,D
540,下去,Di
540,換下,VC
540,之後,Ng
540,中華隊,Na
540,連續,D
540,得分,VH
540,成晉,VG
540,直接,VH
540,代打,VB
540,安打,Na
540,呂寶,Nb
540,直接,VH
540,壓制,VC
540,對面,Ncd
540,打線,VA
540,捕手,Na
540,長打,Na
540,都,D
540,出來,VA
540,投手,Na
540,都,D
540,壓制,VC
540,對面,Ncd
540,了,T
541,到底,D
541,今天,Nd
541,中華隊,Na
541,是,SHI
541,不,D
541,是,SHI
541,拿掉,VC
541,拘束器,Na
541,了,T
541,居然,D
541,打,VC
541,那麼,D
541,順,VH
541,有,V_2
541,沒,D
541,有,V_2
541,拘束器,Na
541,的,DE
541,掛,VC
542,到,P
542,第八,Neu
542,局,Nf
542,，,COMMACATEGORY
542,投手,Na
542,崩,VH
542,，,COMMACATEGORY
542,守備,VA
542,崩,VH
542,，,COMMACATEGORY
542,教練,Na
542,就,D
542,負責,VL
542,在,P
542,休息區,Nc
542,傻眼,VH
542,今天,Nd
542,中華隊,Na
542,改穿,VC
542,深藍色,Na
542,嗎,T
542,今天,Nd
542,的,DE
542,義大利,Nc
542,是,SHI
542,不,D
542,是,SHI
542,中華味,Na
542,飄出來,VA
542,了,Di
543,我們,Nh
543,中華隊,Na
543,剛剛,D
543,又,D
543,尻炮,VA
543,了了,VH
543,根本,D
543,穩,VH
543,到,P
543,不行,VH
543,誰,Nh
543,可以,D
543,去,D
543,教,VC
543,意大利人,Na
543,怎麼,D
543,寫,VC
543,蒿,Na
543,吐露絲,Na
543,四,Neu
543,個,Nf
543,字,Na
543,啊,T
543,有,V_2
543,沒,D
543,有,V_2
543,八卦,Na
543,呢,T
544,小弟,Na
544,業餘,A
544,觀察家,Na
544,根據,P
544,小弟,Na
544,的,DE
544,分析,Na
544,等等,Cab
544,中華隊,Na
544,會,D
544,被,P
544,逼到,VF
544,延長賽,Na
544,然後,D
544,輸球,VH
544,大概,D
544,是,SHI
544,這樣,VH
544,掛,VC
545,目前,Nd
545,八,Neu
545,局,Nf
545,下,Nes
545,半,Neqa
545,，,COMMACATEGORY
545,吉力吉撈,Nb
545,炸裂,VC
545,打出,VC
545,全壘打,Na
545,仍,D
545,由,P
545,中華隊,Na
545,持續,VL
545,進攻,VCL
545,因此,Cbb
545,提前,VB
545,發錢,VA
545,每,D
545,推,VC
545,，,COMMACATEGORY
545,發,VH
545,前,Ng
545,推,VC
545,若,Cbb
545,九,Neu
545,局,Nf
545,上,Nes
545,半,Neqa
545,結束,VHC
545,讓,VL
545,義大利,Nc
545,直接,VH
545,回家,VA
545,，,COMMACATEGORY
545,每,D
545,推,VC
545,賽完,VC
545,發錢,VA
545,請,VF
545,大家,Nh
545,說,VE
545,些,Nf
545,祝福,VC
545,中華隊,Na
545,的,DE
545,話,Na
545,鍋貼,Na
545,拿去,VC
545,送,VD
545,義大利隊,Na
545,啦,T
545,推,VC
545,錢,Na
545,/,FW
545,推,VC
545,錢,Na
545,/,FW
545,推,VC
545,推,VC
545,/,FW
545,推,VC
545,推,VC
545,錢,Na
545,/,FW
545,推,VC
545,錢,Na
545,/,FW
545,推,VC
545,/,FW
545,推,VC
545,推,VC
545,/,FW
545,推,VC
545,錢,Na
545,/,FW
545,推,VC
545,推,VC
545,/,FW
545,推,VC
545,中華隊,Na
545,超強,VH
545,/,FW
545,推,VC
545,推,VC
545,/,FW
545,推,VC
545,謝謝,VJ
545,/,FW
545,推,VC
545,推,VC
545,/,FW
545,推,VC
545,穩,VH
545,/,FW
545,推,VC
545,錢,Na
545,/,FW
545,推,VC
545,勝利,VH
545,/,FW
545,推,VC
545,推,VC
545,/,FW
545,推,VC
545,加油,VB
545,/,FW
545,推,VC
545,錢,Na
545,/,FW
545,推,VC
545,推,VC
545,/,FW
545,推,VC
545,好,VH
545,的,DE
545,錢錢,Na
545,/,FW
545,推,VC
545,推,VC
545,/,FW
545,推,VC
545,好,VH
545,欸,I
545,鎖,VC
545,/,FW
545,推,VC
545,/,FW
545,推,VC
545,錢,Na
545,/,FW
545,推,VC
545,中華隊,Na
545,台灣,Nc
545,加油,VB
545,，,COMMACATEGORY
545,錢,Na
545,/,FW
545,推,VC
545,錢,Na
545,/,FW
545,推,VC
545,推,VC
545,/,FW
545,推,VC
545,錢,Na
545,/,FW
545,推,VC
545,中華隊,Na
545,必,D
545,勝,VH
545,/,FW
545,推,VC
545,拿,VC
545,/,FW
545,推,VC
545,錢,Na
545,/,FW
545,推,VC
545,好,VH
545,/,FW
545,推,VC
545,錢,Na
545,/,FW
545,推,VC
545,推,VC
545,/,FW
545,推,VC
545,推,VC
545,/,FW
545,推,VC
545,推推,VC
545,/,FW
545,推,VC
545,推,VC
545,/,FW
545,推,VC
545,妥當,VH
545,/,FW
545,推,VC
545,錢,Na
545,/,FW
545,推,VC
545,讚,VC
545,/,FW
545,推,VC
545,推,VC
545,/,FW
545,推,VC
545,推,VC
545,/,FW
545,推,VC
545,推,VC
545,/,FW
545,推,VC
545,推,VC
545,/,FW
545,推,VC
545,錢,Na
545,/,FW
545,推,VC
545,推,VC
545,/,FW
545,推,VC
545,錢錢,Na
545,/,FW
545,推,VC
545,推,VC
545,/,FW
545,推,VC
545,推,VC
545,/,FW
545,推,VC
545,推,VC
545,/,FW
545,推,VC
545,推,VC
545,/,FW
545,推,VC
545,好,VH
545,/,FW
545,推,VC
545,錢,Na
545,/,FW
545,推,VC
545,錢,Na
545,/,FW
545,推,VC
545,錢,Na
545,/,FW
545,推,VC
545,推,VC
545,/,FW
545,推,VC
545,鎖住,VC
545,吃,VC
545,夏威夷,Nc
545,披薩,Na
545,/,FW
545,/,FW
545,推,VC
545,推,VC
545,/,FW
545,推,VC
545,推,VC
545,/,FW
545,推,VC
545,中華隊,Na
545,加油,VB
545,/,FW
545,推,VC
545,推,VC
545,/,FW
545,推,VC
545,好,VH
545,/,FW
545,推,VC
545,推,VC
545,/,FW
545,推,VC
545,/,FW
545,推,VC
545,推,VC
545,/,FW
545,推,VC
545,錢,Na
545,/,FW
545,推,VC
545,///,FW
545,推,VC
545,/,FW
545,推,VC
545,/,FW
545,推,VC
545,義大利,Nc
545,下去,VA
545,吃,VC
545,鳳梨,Na
545,披薩,Na
545,啦,T
545,/,FW
545,推,VC
545,推,VC
545,/,FW
545,推,VC
545,推,VC
545,/,FW
545,推,VC
545,錢,Na
545,/,FW
545,推,VC
545,推,VC
545,/,FW
545,推,VC
545,推,VC
545,/,FW
545,推,VC
545,恭喜,VJ
545,/,FW
545,推,VC
545,推,VC
545,你,Nh
545,/,FW
545,推,VC
545,推,VC
545,/,FW
545,推,VC
545,爽,VH
545,/,FW
545,推,VC
545,推,VC
545,/,FW
545,推,VC
545,錢,Na
545,/,FW
545,推,VC
545,錢,Na
545,/,FW
545,推,VC
545,退,VA
545,啦,T
545,/,FW
545,推,VC
545,推,VC
545,/,FW
545,推,VC
545,錢,Na
545,/,FW
545,推,VC
545,推,VC
545,/,FW
545,推,VC
545,錢,Na
545,/,FW
545,推,VC
545,錢,Na
545,/,FW
545,推,VC
545,錢,Na
545,/,FW
545,推,VC
545,推,VC
545,/,FW
545,推,VC
545,加油,VB
545,/,FW
545,推,VC
545,/,FW
545,推,VC
545,推,VC
545,/,FW
545,推,VC
545,錢,Na
545,/,FW
545,推,VC
545,推,VC
545,/,FW
545,推,VC
545,推,VC
545,/,FW
545,推,VC
545,推,VC
545,/,FW
545,推,VC
545,/,FW
545,推,VC
545,推,VC
545,/,FW
545,推,VC
545,推,VC
545,中華隊,Na
545,加油,VB
545,/,FW
545,推,VC
545,推,VC
545,/,FW
545,推,VC
545,推,VC
545,/,FW
545,推,VC
545,錢,Na
545,/,FW
545,推,VC
545,推,VC
545,/,FW
545,推,VC
545,好,VH
545,/,FW
545,推,VC
545,推,VC
545,/,FW
545,推,VC
545,好,VH
545,/,FW
545,推,VC
545,中華隊,Na
545,加油,VB
545,/,FW
545,推,VC
545,推,VC
545,/,FW
545,推,VC
545,錢,Na
545,/,FW
545,推,VC
545,推,VC
545,/,FW
545,推,VC
545,錢,Na
545,/,FW
545,推,VC
545,推,VC
545,/,FW
545,推,VC
545,加油,VB
545,/,FW
545,推,VC
545,推,VC
545,/,FW
545,推,VC
545,錢,Na
545,/,FW
545,推,VC
545,加油,VB
545,/,FW
545,推,VC
545,喔,I
545,耶,T
545,/,FW
545,推,VC
545,推,VC
545,/,FW
545,推,VC
545,推,VC
545,/,FW
545,推,VC
545,/,FW
545,推,VC
545,推,VC
545,/,FW
545,推,VC
545,錢錢,Na
545,/,FW
545,推,VC
545,推,VC
545,/,FW
545,推,VC
545,推,VC
545,/,FW
545,推,VC
545,爽,VH
545,/,FW
545,推,VC
545,推,VC
545,/,FW
545,推,VC
545,推,VC
545,/,FW
545,推,VC
545,水,Na
545,啦,T
545,/,FW
545,推,VC
545,錢,Na
545,/,FW
545,推,VC
545,推爆,VC
545,/,FW
545,推,VC
545,推,VC
545,/,FW
545,推,VC
545,推,VC
545,/,FW
545,推,VC
545,推,VC
545,/,FW
545,推,VC
545,加油,VB
545,/,FW
545,推,VC
545,好,VH
545,/,FW
545,推,VC
545,錢,Na
545,/,FW
545,推,VC
545,錢,Na
545,/,FW
545,推,VC
545,推,VC
545,/,FW
545,推,VC
545,/,FW
545,推,VC
545,推,VC
545,/,FW
545,推,VC
545,錢,Na
545,/,FW
545,推,VC
545,推,VC
545,/,FW
545,推,VC
545,推,VC
545,/,FW
545,推,VC
545,錢,Na
545,/,FW
545,推,VC
545,推爆,VC
545,/,FW
545,推,VC
545,推,VC
545,/,FW
545,推,VC
545,/,FW
545,推,VC
545,推,VC
545,/,FW
545,推,VC
545,錢,Na
545,/,FW
545,推,VC
545,日,Nc
545,職軍,Na
545,的,DE
545,安定感,Na
545,/,FW
545,推,VC
545,好,VH
545,/,FW
545,推,VC
545,錢,Na
545,/,FW
545,推,VC
545,錢,Na
545,/,FW
545,推,VC
545,謝謝,VJ
545,撈,VC
545,哥,Na
545,/,FW
545,推,VC
545,/,FW
545,推,VC
545,今天,Nd
545,太,Dfa
545,爽,VH
545,了,T
545,/,FW
545,推,VC
545,原住民,Na
545,就,D
545,是,SHI
545,猛,VH
545,/,FW
545,推,VC
545,推,VC
545,/,FW
545,推,VC
545,前,Ncd
545,/,FW
545,推,VC
545,襄,Nc
545,加油,VB
545,/,FW
545,推,VC
545,錢,Na
545,/,FW
545,推,VC
545,純,VH
545,推,VC
545,不,D
545,拿,VC
545,/,FW
545,推,VC
545,推,VC
545,/,FW
545,推,VC
545,推,VC
545,/,FW
545,推,VC
545,推,VC
545,/,FW
545,推,VC
545,推,VC
545,/,FW
545,推,VC
545,錢,Na
545,/,FW
545,推,VC
545,推,VC
545,/,FW
545,推,VC
545,必,D
545,勝,VH
545,/,FW
545,推,VC
545,好,VH
545,/,FW
545,推,VC
545,中和隊,Na
545,加油,VB
545,/,FW
545,推,VC
545,中華隊,Na
545,衝,VA
545,啊,T
545,啊,T
545,啊,T
545,啊,T
545,啊,T
545,啊,T
545,啊,T
545,/,FW
545,推,VC
545,加油,VB
545,/,FW
545,推,VC
545,恭喜,VJ
545,了,Di
545,錢錢,Na
545,/,FW
545,推,VC
545,推,VC
545,/,FW
545,推,VC
545,推,VC
545,/,FW
545,推,VC
545,推,VC
545,/,FW
545,推,VC
545,回家,VA
545,吧,T
545,義大利佬,VH
545,/,FW
545,推,VC
545,維大利,Nb
545,/,FW
545,推,VC
545,推,VC
545,/,FW
545,推,VC
545,推,VC
545,/,FW
545,推,VC
545,推,VC
545,/,FW
545,推,VC
545,推,VC
545,/,FW
545,推,VC
545,錢,Na
545,/,FW
545,推,VC
545,亞,Nc
545,/,FW
545,推,VC
545,推,VC
545,/,FW
545,推,VC
545,中華隊,Na
545,加油,VB
545,/,FW
545,以上,Ncd
545,底色,Na
545,標記位,Na
545,，,COMMACATEGORY
545,每,Nes
545,人,Na
545,稅,Na
545,前,Ng
545,發送,VD
545,完成,VC
546,照,P
546,以往,Nd
546,經驗,Na
546,，,COMMACATEGORY
546,打擊戰,Na
546,收視率,Na
546,定,D
546,比,P
546,投手,Na
546,戰,Na
546,好,VH
546,這,Nep
546,屆,Nf
546,每,Nes
546,場,Nf
546,幾乎,Da
546,都,D
546,大,VH
546,比分,Na
546,，,COMMACATEGORY
546,全壘打,Na
546,滿天飛,VA
546,，,COMMACATEGORY
546,大聯盟,Na
546,是,SHI
546,不,D
546,是,SHI
546,在,P
546,故意,VL
546,用,VC
546,彈球,Na
546,啊,T
547,轉播,VC
547,主播,Na
547,下,Ng
547,說,VE
547,臺灣隊,Na
547,球評,Na
547,又,D
547,說,VE
547,中華隊,Na
547,廣告,Na
547,也,D
547,是,SHI
547,下,Ncd
547,說,VE
547,又,Caa
547,中華隊,Na
547,加油,VB
547,下,Nes
547,臺灣隊,Na
547,打擊,VC
547,出去,VA
547,到底,D
547,要,D
547,叫,VG
547,甚麼,Nep
547,隊,Na
547,好,Dfa
547,混亂,VH
547,還是,Caa
547,學,VC
547,總統,Na
547,說,VE
547,中華民國,Nc
547,台灣隊,Na
548,大家,Nh
548,看壞,VJ
548,就,D
548,買,VC
548,大家,Nh
548,看好,VJ
548,就,D
548,買,VC
548,對家,Na
548,昨天,Nd
548,輸,VD
548,七,Neu
548,分,Nf
548,今天,Nd
548,目前,Nd
548,贏,VD
548,四,Neu
548,分,Nf
548,跌破,VC
548,堆,Nf
548,看,VC
548,衰仔眼鏡,Na
548,朋友,Na
548,昨天,Nd
548,買,VC
548,中華,Nc
548,今天,Nd
548,買,VC
548,義大利,Nc
548,被,P
548,雙巴,Na
548,慘,VH
548,到,P
548,爆,VH
549,如,P
549,題,Na
549,今天,Nd
549,比賽,Na
549,每每,D
549,有,V_2
549,得分,VH
549,機會,Na
549,的,DE
549,時候,Na
549,播,VC
549,的,DE
549,應援曲,Na
549,只要,Cbb
549,是,SHI
549,統尚,Nb
549,勇,VH
549,中華隊,Na
549,就,D
549,能,D
549,得分,VH
549,統尚勇,Nb
549,是,SHI
549,不,D
549,是,SHI
549,最,Dfa
549,強,VH
549,的,DE
549,應援曲,Na
549,呢,T
550,今天,Nd
550,為,P
550,中華隊,Na
550,加油,VB
550,的,DE
550,各,Nes
550,位,Nf
550,安安阿,Nb
550,，,COMMACATEGORY
550,我,Nh
550,就,D
550,那,Nep
550,個,Nf
550,心齋橋哥,Na
550,啦,T
550,中華隊,Na
550,就,D
550,是,SHI
550,讚,VC
550,啦,T
550,，,COMMACATEGORY
550,看,VC
550,韓國隊,Na
550,輸,VD
550,就,D
550,是,SHI
550,爽,VH
550,啦,T
550,重點,Na
550,重點,Na
550,今天,Nd
550,贏,VD
550,這麼,D
550,爽,VH
550,是,SHI
550,不,D
550,是,SHI
550,襄襄,Nb
550,可以,D
550,來,D
550,陪,VC
550,我,Nh
550,下下,Neqa
550,瓜,Na
551,我,Nh
551,大中華隊,Na
551,比,P
551,怎麼,D
551,輸,VD
551,我,Nh
551,就,D
551,問,VE
551,我,Nh
551,在,P
551,此,Nep
551,說,Na
551,義大利,Nc
551,勝,VH
551,的話,Cba
551,我,Nh
551,用,P
551,老二,Na
551,吃,VC
551,義大利,Nc
551,麵辣,Na
551,啊,I
551,唷,I
552,前,Nes
552,兩,Neu
552,天,Nf
552,輸,VD
552,了,Di
552,第,Neu
552,場,Nf
552,應該,D
552,要,D
552,贏,VD
552,的,DE
552,今天,Nd
552,破釜沈舟,A
552,氣,VK
552,之下,Ng
552,怒灌,VC
552,三,Neu
552,支,Nf
552,全壘打,Na
552,接下,VC
552,來路,Na
552,贏到,VJ
552,總冠軍,Na
552,打爆,VC
552,日本,Nc
552,美國,Nc
552,穩,VH
552,的,T
552,吧,T
553,跑步,VA
553,弱足,VH
553,接,VC
553,球,Na
553,散漫,VH
553,大部分,Neqa
553,都,D
553,是,SHI
553,自殺,VA
553,棒,Na
553,很,Dfa
553,偶爾,D
553,打出,VC
553,也,D
553,是,SHI
553,鳥,Na
553,滾,VA
553,堪稱,VG
553,攻勢,Na
553,終結,VC
553,者,Na
553,下去,VA
553,之後,Ng
553,，,COMMACATEGORY
553,中華,Nc
553,宛如,VG
553,重生,VH
553,，,COMMACATEGORY
553,各,Nes
553,種,Nf
553,神奇,VH
553,全壘打,Na
553,攻勢,Na
553,各,Nes
553,種,Nf
553,串聯,VC
553,從,P
553,肥料隊,Na
553,轉生級,Na
553,球隊,Na
553,排毒,VA
553,成功論,Na
553,對,P
553,球隊,Na
553,有,V_2
553,多,Dfa
553,重要,VH
553,友,Na
553,卦,Na
553,嗎,T
554,無,VJ
554,重大,VH
554,八卦,Na
554,請,VF
554,勿,D
554,使用,VC
554,此,Nep
554,分類,Na
554,，,COMMACATEGORY
554,否則,Cbb
554,視同,VK
554,濫用,VC
554,爆卦,Na
554,鬧板,Na
554,文章,Na
554,退回,VC
554,水桶,Na
554,個,Nf
554,月,Na
554,中華隊,Na
554,義大利,Nc
554,中華隊,Na
554,首,D
554,勝,VH
554,肉圓,Na
554,披薩,Na
554,吃起來,D
554,啦,T
554,必勝客,Nb
554,送,VD
554,餐,Na
554,給,P
554,義大利,Nc
554,住,VCL
554,的,DE
554,飯店,Nc
554,吧,T
554,未滿,VJ
554,繁體,Na
554,中文字,Na
554,未滿,VJ
554,繁體,Na
554,中文字,Na
554,未滿,VJ
554,繁體,Na
554,中文字,Na
555,我,Nh
555,他媽,I
555,你,Nh
555,他媽的,I
555,幹,VC
555,太,Dfa
555,讚,VH
555,啦,T
555,對,VH
555,嘛,T
555,你們,Nh
555,教練,Na
555,的,DE
555,調度,Nv
555,明明,D
555,可以,D
555,正常,VH
555,的,T
555,啊,T
555,那,Nep
555,第,Neu
555,場,Nf
555,那,Nep
555,鳥樣,Na
555,是,SHI
555,在,D
555,幹嘛,VA
555,啊,T
555,這,Nep
555,場,Nf
555,不,D
555,是,SHI
555,正常,VH
555,多,VH
555,了,T
555,嗎,T
555,打起來,D
555,好,VH
555,多,Dfb
555,了,T
556,總算,D
556,拿下,VC
556,首,Nes
556,勝,VH
556,你,Nh
556,各,Nes
556,位,Nf
556,鍋貼,Na
556,跟,P
556,王柏融,Nb
556,起,Ng
556,拿去,VC
556,丟,VC
556,啦,T
556,至少,Da
556,爽天,VH
556,明天,Nd
556,就,D
557,中華,Nc
557,義大利,Nc
557,今天,Nd
557,不,D
557,賣,VD
557,鍋,Na
557,貼,VC
557,披薩,Na
557,吃到,VC
557,飽,VH
558,中華隊,Na
558,贏,VD
558,義大利,Nc
558,啦,T
558,最終,A
558,比數,Na
558,只有,D
558,爽,VH
558,而已,T
558,舒服,VH
558,明天,Nd
558,比賽,Na
558,繼續,VF
558,加油,VB
559,這,Nep
559,件,Nf
559,龍蝦,Na
559,新裝,Na
559,，,COMMACATEGORY
559,你,Nh
559,以為,VE
559,每,Nes
559,個,Nf
559,人,Na
559,都,D
559,可以,D
559,穿,VC
559,的,T
559,啊,T
559,是,SHI
559,義大利,Nc
559,名師,Na
559,幫,P
559,設計,VC
559,的,DE
559,經典賽,Na
559,中華,Nc
559,對上,VC
559,義大利,Nc
559,中華隊,Na
559,以,P
559,贏,VD
559,了,Di
559,義大利,Nc
559,中華隊,Na
559,安打,Na
559,數,VC
559,義大利,Nc
559,安打,Na
559,數,Na
559,勝利,VH
559,了,T
560,小弟,Na
560,業餘,A
560,觀察家,Na
560,中華隊,Na
560,面對,VC
560,選手,Na
560,如雲,VH
560,的,DE
560,義大利隊,Na
560,狂,VH
560,拿,VC
560,分,VC
560,這樣,VH
560,的,DE
560,得分,VH
560,能力,Na
560,中華隊,Na
560,是,SHI
560,不,D
560,是,SHI
560,真的,D
560,很,Dfa
560,有,V_2
560,料,Na
560,啊,T
560,掛,VC
561,中華隊,Na
561,終於,D
561,贏,VD
561,了,Di
561,我們,Nh
561,終於,D
561,贏,VD
561,了,Di
561,不用,D
561,直,D
561,再,D
561,說,VE
561,我們,Nh
561,好,Dfa
561,想,VE
561,贏,VD
561,贏,VD
561,球,Na
561,比,P
561,贏錢,VA
561,還,D
561,高興,VK
561,賺錢,VA
561,賺錢,VA
561,賺,VC
561,大錢,Na
561,~~~~~,FW
562,中華隊,Na
562,今天,Nd
562,打線,VA
562,大,VH
562,爆發,VJ
562,打敗,VC
562,的,DE
562,義大利隊,Na
562,這,Nep
562,場,Nf
562,是,SHI
562,十,Neu
562,年,Nf
562,來,Ng
562,最,Dfa
562,好看,VH
562,的,DE
562,場,Nc
562,國際賽,Na
562,嗎,T
562,有,V_2
562,沒,D
562,有,V_2
562,八卦,Na
563,那,Dk
563,請問,VE
563,要,D
563,去,VCL
563,哪裡,Ncd
563,領,VC
563,雞蛋,Na
563,人,Na
563,有限,VH
563,幾,Neu
563,顆,Nf
563,嗎,T
563,是,SHI
563,每,Nes
563,個,Nf
563,縣市,Nc
563,國民黨,Nb
563,分部,Na
563,都,D
563,有,D
563,發放,VD
563,嗎,T
563,把,P
563,雞蛋,Na
563,交出來,VC
563,謝謝,VJ
564,全壘打,Na
564,打,VC
564,了,Di
564,又,D
564,打敲,VC
564,了,Di
564,又,D
564,敲,VC
564,我,Nh
564,中華隊,Na
564,棒球,Na
564,世界,Nc
564,排名,VG
564,第二,Neu
564,我,Nh
564,在,P
564,此,Nep
564,宣佈,VE
564,棒球,Na
564,重登,VCL
564,台灣,Nc
564,國球,Na
564,誰,Nh
564,贊成,VK
564,誰,Nh
564,反對,VE
565,再,D
565,給,VD
565,藍白,VH
565,色次,Na
565,機會,Na
565,/////,FW
565,今天,Nd
565,打,VC
565,的,DE
565,夠,Dfa
565,精彩,VH
565,雖然,Cbb
565,投手,Na
565,還是,Caa
565,樣,Na
565,慘,VH
565,精彩,VH
565,就,D
565,值得,VH
565,發,VD
565,每,Nes
565,五,Neu
565,推,VC
565,發位,Na
565,重複,D
565,跳過,VCL
565,恭喜,VJ
565,中華隊,Na
565,贏,VD
565,球,Na
565,明早,Nd
565,發,VD
566,賽,Na
566,前,Ng
566,堆,VC
566,人,Na
566,吹,VC
566,義大利,Nc
566,是,SHI
566,美國,Nc
566,二,Neu
566,隊,Nf
566,結果,Dk
566,卻,D
566,被,P
566,我們,Nh
566,中華隊,Na
566,痛宰,VC
566,這,Nep
566,場,Nf
566,比賽,Na
566,是,SHI
566,不,D
566,是,SHI
566,可以,D
566,證明,VE
566,中華隊,Na
566,大勝,VJ
566,以後,Nd
566,會,D
566,變成,VG
566,次於,VJ
566,的,DE
566,二流,VH
566,聯盟,Na
566,嗎,T
567,///,FW
567,太,Dfa
567,爽,VH
567,啦,T
567,安打,Na
567,串連,VC
567,加,VC
567,關鍵,Na
567,時刻,Na
567,全壘打,Na
567,直,D
567,出現,VH
567,晚上,Nd
567,看,VC
567,官方,Na
567,直發,VC
567,中華隊,Na
567,的,DE
567,推,VC
567,這,Nep
567,張,Nf
567,勝,VH
567,場,Nf
567,比,P
567,分圖,Na
567,是,SHI
567,不,D
567,是,SHI
567,最,Dfa
567,棒,VH
567,的,DE
567,選圖,Na
568,乳題,Na
568,這,Nep
568,場,Nf
568,二兵,Na
568,張育成,Nb
568,驚,VHC
568,天,Na
568,兩,Neu
568,分,Nf
568,追平,VC
568,轟,D
568,現在,Nd
568,的,DE
568,軍階,Na
568,大概,D
568,升到,VCL
568,哪兒,Ncd
568,了,T
568,有,V_2
568,沒,D
568,有,V_2
568,卦,Na
569,如,P
569,題,Na
569,今天,Nd
569,原本,D
569,怕,VK
569,買,VC
569,不,D
569,到,VC
569,鍋貼,Na
569,，,COMMACATEGORY
569,就,D
569,先,D
569,買,VC
569,了,Di
569,，,COMMACATEGORY
569,結果,Dk
569,中華隊,Na
569,贏,VD
569,義大利,Nc
569,，,COMMACATEGORY
569,鍋貼,Na
569,買好,VC
569,了,Di
569,怎麼辦,VH
569,，,COMMACATEGORY
569,很,Dfa
569,急,VH
569,，,COMMACATEGORY
569,在,P
569,線,Na
569,等,Cab
569,，,COMMACATEGORY
569,有,V_2
569,沒,D
569,有,V_2
569,八卦,Na
570,///,FW
570,其實,D
570,也,D
570,正常,VH
570,因為,Cbb
570,昨天,Nd
570,真的,D
570,打,VC
570,太,Dfa
570,廢,VC
570,了,Di
570,賠率,Na
570,開,VC
570,就,D
570,是,SHI
570,覺得,VK
570,義大利,Nc
570,高機率,Na
570,贏,VD
570,怎麼,D
570,會,D
570,有,V_2
570,人,Na
570,買,VC
570,義大利,Nc
570,有,V_2
570,八卦,Na
571,媒體,Na
571,來源,Na
571,記者,Na
571,署名,VC
571,廖婕妤,Nb
571,完整,VH
571,新聞,Na
571,標題,Na
571,過半數,VH
571,上班族,Na
571,關注,VJ
571,坦言,VE
571,是,SHI
571,日,Nc
571,球迷,Na
571,完整,VH
571,新聞,Na
571,內文,Na
571,近期,Nd
571,世界,Nc
571,棒球,Na
571,經典賽,Na
571,開打,VH
571,，,COMMACATEGORY
571,不少,Neqa
571,民眾,Na
571,都,D
571,相當,Dfa
571,關注,VJ
571,，,COMMACATEGORY
571,甚至,D
571,有,V_2
571,上班族,Na
571,會,D
571,熬夜,VA
571,看,VC
571,球賽,Na
571,，,COMMACATEGORY
571,根據,P
571,求職網,Nc
571,調查,VE
571,，,COMMACATEGORY
571,有,V_2
571,超過,VJ
571,成,Neqa
571,民眾,Na
571,會,D
571,專注,VH
571,，,COMMACATEGORY
571,但,Cbb
571,有,V_2
571,近,Nes
571,坦言,VE
571,自己,Nh
571,是,SHI
571,日,Nc
571,球迷,Na
571,根據,P
571,求職網,Nc
571,調查,VE
571,，,COMMACATEGORY
571,有,V_2
571,上班族,Na
571,會,D
571,關注,VJ
571,今年,Nd
571,的,DE
571,賽事,Na
571,若,Cbb
571,以,P
571,關注,VJ
571,程度,Na
571,區分,VC
571,，,COMMACATEGORY
571,有,V_2
571,自認,VE
571,屬於,VG
571,日,Nc
571,球迷,Na
571,另,Nes
571,有,V_2
571,上班族,Na
571,坦言,VE
571,，,COMMACATEGORY
571,曾,D
571,因,Cbb
571,關注,VJ
571,體育,Na
571,賽事,Na
571,影響到,VJ
571,工作,Na
571,，,COMMACATEGORY
571,最,Dfa
571,常,D
571,遇到,VC
571,的,DE
571,窘境,Na
571,是,SHI
571,因為,Cbb
571,熬夜,VA
571,看,VC
571,賽事,Na
571,，,COMMACATEGORY
571,導致,VL
571,上班,VA
571,時,Ng
571,精神,Na
571,差,VH
571,調查,VE
571,也,D
571,顯示,VK
571,，,COMMACATEGORY
571,有,V_2
571,上班族,Na
571,曾,D
571,因,Cbb
571,體育,Na
571,賽事,Na
571,花錢,VA
571,買,VC
571,過,Di
571,相關,VH
571,紀念品,Na
571,，,COMMACATEGORY
571,平均,VH
571,次花費,Na
571,元,Nf
571,而,Cbb
571,隨著,P
571,疫情,Na
571,趨緩,VH
571,，,COMMACATEGORY
571,上班族,Na
571,平均,VH
571,每,Nes
571,周,Nd
571,會,D
571,花,VC
571,分鐘,Nf
571,運動,Na
571,，,COMMACATEGORY
571,但,Cbb
571,不論,Cbb
571,愛,VL
571,不,D
571,愛,VL
571,運動,Na
571,，,COMMACATEGORY
571,平均,VH
571,每,Nes
571,年,Nf
571,花,VC
571,在,P
571,運動,Na
571,用品,Na
571,及,Caa
571,服飾,Na
571,的,DE
571,預算,Na
571,為,VG
571,元,Nf
571,此外,Cbb
571,，,COMMACATEGORY
571,有,V_2
571,上班族,Na
571,曾,D
571,任職,VG
571,於,P
571,鼓勵,VF
571,員工,Na
571,運動,Na
571,的,DE
571,公司,Nc
571,，,COMMACATEGORY
571,企業,Na
571,的,DE
571,主要,A
571,做法,Na
571,有,V_2
571,提供,VD
571,運動,Na
571,設備,Na
571,舉辦,VC
571,運動,Na
571,競賽,Na
571,及,Caa
571,運動會,Na
571,補助,VD
571,運動,Na
571,社團,Na
571,補助,VD
571,運動,Na
571,課程,Na
571,每,Nes
571,天,Nc
571,有,V_2
571,早操,Na
571,或,Caa
571,午操,Na
571,求職網,Nc
571,發言人,Na
571,楊宗斌,Nb
571,建議,VE
571,，,COMMACATEGORY
571,把,P
571,觀看,VC
571,體育,Na
571,賽事,Na
571,當成,VG
571,興趣,Na
571,或,Caa
571,娛樂,Na
571,就,D
571,好,VH
571,，,COMMACATEGORY
571,主要,A
571,目的,Na
571,是,SHI
571,調劑,VC
571,身心,Na
571,紓解,VJ
571,壓力,Na
571,，,COMMACATEGORY
571,而,Cbb
571,非,D
571,本末倒置,VH
571,，,COMMACATEGORY
571,變成,VG
571,經常性,Na
571,熬夜,VA
571,或,Caa
571,分神,VH
571,看,VC
571,比賽,Na
571,，,COMMACATEGORY
571,耽誤,VC
571,到,P
571,工作,Na
571,進度,Na
571,而,Cbb
571,影響,VC
571,業績,Na
571,成效,Na
571,楊宗斌,Nb
571,更,Dfa
571,指出,VE
571,，,COMMACATEGORY
571,平常心,Na
571,看待,VC
571,比賽,Na
571,結果,Na
571,，,COMMACATEGORY
571,賽,Na
571,後,Ng
571,持續,VL
571,過,Dfa
571,久,VH
571,的,DE
571,失落感,Na
571,，,COMMACATEGORY
571,可能,D
571,繼續,VF
571,影響到,VJ
571,辦公,VA
571,心情,Na
571,效率,Na
571,不論,Cbb
571,是,SHI
571,跟,P
571,風,Na
571,當,VG
571,個,Di
571,日,Nc
571,球迷,Na
571,或者,Caa
571,變成,VG
571,資深,VH
571,運動迷,Na
571,，,COMMACATEGORY
571,花,VC
571,薪水,Na
571,買,VC
571,相關,VH
571,周邊,Nc
571,商品,Na
571,時,Ng
571,，,COMMACATEGORY
571,仍,D
571,要,D
571,量力而為,VH
571,與,P
571,同事,Na
571,討論,VE
571,賽事,Na
571,分數,Na
571,，,COMMACATEGORY
571,或,Caa
571,彼此,Nh
571,支持,VC
571,球隊,Na
571,不同,VH
571,時,Ng
571,，,COMMACATEGORY
571,應,D
571,避免,VE
571,起,Di
571,爭執,Na
571,發生,VJ
571,衝突,Na
571,最後,Nd
571,楊宗斌,Nb
571,不忘,VK
571,提醒,VE
571,上班族,Na
571,，,COMMACATEGORY
571,除了,P
571,忙,VH
571,於,P
571,事業,Na
571,外,Ng
571,，,COMMACATEGORY
571,應該,D
571,要,D
571,有,V_2
571,適度,A
571,的,DE
571,運動,Na
571,，,COMMACATEGORY
571,人生,Na
571,不能,D
571,窮,VH
571,的,DE
571,只,Da
571,剩,VJ
571,工作,VA
571,薪水,Na
571,，,COMMACATEGORY
571,應該,D
571,也,D
571,要,D
571,著眼於,VC
571,健康,VH
571,財富,Na
571,的,DE
571,增加,VHC
571,另方面,Cbb
571,，,COMMACATEGORY
571,能,D
571,鼓勵,VF
571,員工,Na
571,投入,VC
571,運動,Na
571,行列,Na
571,的,DE
571,企,D
571,業,Na
571,，,COMMACATEGORY
571,可以,D
571,透過,P
571,像是,SHI
571,運動會,Na
571,體育,Na
571,社團,Na
571,的,DE
571,方式,Na
571,，,COMMACATEGORY
571,凝聚,VC
571,公司,Nc
571,士氣,Na
571,，,COMMACATEGORY
571,甚至,D
571,藉由,P
571,比賽,Na
571,交流,VH
571,，,COMMACATEGORY
571,讓,VL
571,經營,VC
571,高層,Na
571,與,Caa
571,基層,A
571,人員,Na
571,打成,VG
571,片,Na
571,完整,VH
571,新聞,Na
571,連結,VC
571,或,Caa
571,短,VH
571,網址,Na
571,不可,D
571,用,VC
571,等,Cab
571,轉載,VC
571,媒體,Na
571,////,FW
572,三立,Nb
572,新聞,Na
572,記者,Na
572,蕭保祥,Nb
572,台中,Nc
572,北屯,Nb
572,報導,VE
572,年,Nf
572,世界,Nc
572,棒球,Na
572,經典賽,Na
572,台灣隊,Na
572,連續場,Nc
572,小組賽,Na
572,都,D
572,擊出,VC
572,全壘打,Na
572,，,COMMACATEGORY
572,張育成,Nb
572,日,Nd
572,晚間,Nd
572,在,P
572,局下,Nc
572,分彈,VH
572,追平,VC
572,比數,Na
572,，,COMMACATEGORY
572,局下,Nc
572,范國宸,Nb
572,代打擊出,VC
572,內野,Nc
572,安打,Na
572,，,COMMACATEGORY
572,吉力吉撈,Nb
572,鞏冠,Nb
572,局,Nc
572,下,Ncd
572,分轟,Na
572,，,COMMACATEGORY
572,陳禹勳,Nb
572,呂彥青,Nb
572,與,Caa
572,宋家豪,Nb
572,後援,Na
572,接力,VA
572,無,D
572,失分,VH
572,，,COMMACATEGORY
572,終場,Na
572,以,P
572,比力勝,Nb
572,義大利,Nc
572,，,COMMACATEGORY
572,台灣,Nc
572,隊場,Na
572,預賽,Na
572,勝,VH
572,敗,VH
572,暫居組,Nc
572,中段班,Nc
572,，,COMMACATEGORY
572,日,Nc
572,晚間,Nd
572,面對,VC
572,荷蘭,Nc
572,比賽,Na
572,相當,Dfa
572,關鍵,VH
572,林子偉,Nb
572,首,Nes
572,局,Nf
572,全壘打,Na
572,，,COMMACATEGORY
572,台灣隊,Na
572,開賽,VH
572,連續局,Nc
572,得分,VH
572,，,COMMACATEGORY
572,義大利隊局,Nc
572,上,Ncd
572,追平,VC
572,後,Ng
572,，,COMMACATEGORY
572,台灣隊局,Nc
572,下,Ncd
572,拿,VC
572,分,VC
572,又,Caa
572,領先,VJ
572,，,COMMACATEGORY
572,局,Nc
572,上,Ncd
572,義大利,Nc
572,灌進,VC
572,分,Na
572,再度,D
572,反,D
572,超前,VJ
572,，,COMMACATEGORY
572,局,Nc
572,上,Ncd
572,義大利,Nc
572,拿到,VC
572,分差,Na
572,領先,VJ
572,張育成,Nb
572,局,Nc
572,下,Ncd
572,面對,VC
572,擊出,VC
572,中外,Nc
572,野分,Na
572,全壘打,Na
572,追平,VC
572,戰局,Na
572,，,COMMACATEGORY
572,局,Nc
572,下,Ncd
572,出局,VH
572,攻占,VC
572,滿壘,VH
572,，,COMMACATEGORY
572,范國宸,Nb
572,代打,VB
572,面對,VC
572,左,Ncd
572,投,VC
572,敲出,VC
572,內野,Nc
572,安打,Na
572,，,COMMACATEGORY
572,台灣隊,Na
572,逆轉,VA
572,戰局,Na
572,張育成,Nb
572,與,Caa
572,吳念庭,Nb
572,局下,Nc
572,連續,D
572,上壘,VA
572,後,Ng
572,，,COMMACATEGORY
572,吉力吉撈,Nb
572,鞏冠,Nb
572,擊出,VC
572,中外,Nc
572,野分,Na
572,全壘打,Na
572,，,COMMACATEGORY
572,棒鎖,Na
572,住勝局,Nc
572,台灣隊,Na
572,與,Caa
572,義大利,Nc
572,同,D
572,為,VG
572,勝,VH
572,敗,VH
572,，,COMMACATEGORY
572,荷蘭隊,Na
572,則,D
572,是,SHI
572,組勝,Na
572,，,COMMACATEGORY
572,日,Nc
572,對戰,VA
572,荷蘭,Nc
572,是,SHI
572,關鍵戰,Na
572,////,FW
572,_,FW
573,中華隊,Na
573,這,Nep
573,場,Nf
573,贏,VD
573,球,Na
573,的,DE
573,關鍵,Na
573,是,SHI
573,不,D
573,是,SHI
573,必勝客,Nb
573,義大利,Nc
573,來,VA
573,台灣,Nc
573,看到,VE
573,嚇到,VJ
573,有,V_2
573,義大利,Nc
573,內,Ncd
573,看到,VE
574,中華隊,Na
574,今天,Nd
574,打線,VA
574,大,VH
574,爆發,VJ
574,打敗,VC
574,擁有,VJ
574,好手,Na
574,的,DE
574,義大利隊,Na
574,若是,Cbb
574,中華隊,Na
574,順利,VH
574,晉級,VJ
574,，,COMMACATEGORY
574,將,D
574,會,D
574,在,P
574,下,Nes
574,禮拜,Na
574,對決,VA
574,大谷,Nc
574,，,COMMACATEGORY
574,到時,D
574,中華隊,Na
574,打線,VA
574,還,D
574,能,D
574,像,P
574,今天,Nd
574,樣,Na
574,大,VH
574,爆發,VJ
574,嗎,T
575,中華隊,Na
575,臉,Na
575,上,Ncd
575,怎麼,D
575,都,D
575,有,V_2
575,黑黑,VH
575,的,DE
575,那,Nep
575,個,Nf
575,要,D
575,幹嘛,D
575,用,VC
575,的,DE
575,是,SHI
575,要,D
575,色誘,VC
575,對手,Na
575,嗎,T
575,有,V_2
575,沒,D
575,有,V_2
575,八卦,Na
576,欸,I
576,欸,I
576,今天,Nd
576,中華隊,Na
576,贏,VD
576,大,VH
576,利,Na
576,因為,Cbb
576,大,VH
576,利烙賽,Na
576,狂失,Na
576,誤,D
576,加上,Cbb
576,中華隊,Na
576,打線,VA
576,甦醒,VH
576,明天,Nd
576,想,VE
576,吃,VC
576,個,Di
576,披薩,Na
576,慶祝,VE
576,下,Ng
576,鄉民,Na
576,有,V_2
576,推薦,VC
576,的,DE
576,口味,Na
576,嗎,T
577,今天,Nd
577,打贏,VC
577,義大利,Nc
577,前天,Nd
577,打輸,VC
577,巴拿馬,Nc
577,雖然,Cbb
577,輸給,VD
577,比較,Dfa
577,弱,VH
577,的,DE
577,巴拿馬,Nc
577,但,Cbb
577,打贏,VC
577,比較,Dfa
577,強,VH
577,的,DE
577,義大利,Nc
577,如果,Cbb
577,打贏,VC
577,巴拿馬,Nc
577,但,Cbb
577,打輸,VC
577,義大利,Nc
577,說不定,D
577,晉級,VJ
577,還,D
577,比較,Dfa
577,難,VH
577,同,P
577,勝負,Na
577,要,D
577,比,P
577,兩,Neu
577,隊,Nf
577,輸贏,Na
577,這樣,VH
577,中華隊,Na
577,是,SHI
577,不,D
577,是,SHI
577,也,D
577,算,VG
577,正常,VH
577,發揮,VJ
578,只要,Cbb
578,全力,D
578,抓,VC
578,古巴,Nc
578,拿,VC
578,第二,Neu
578,勝,VH
578,就算,Cbb
578,義大利,Nc
578,贏,VD
578,巴拿馬,Nc
578,拿,VC
578,兩,Neu
578,勝,VH
578,比對,VC
578,戰,Na
578,中華,Nc
578,贏,VD
578,晉級,VJ
578,可以,D
578,買,VC
578,機票,Na
578,去,VCL
578,日本,Nc
578,看,VC
578,中華,Nc
578,對,P
578,大谷,Nc
578,二兵,Na
578,砲轟,VC
578,大谷,Nb
579,昨天,Nd
579,跟,P
579,今天,Nd
579,的,DE
579,中華隊,Na
579,根本,D
579,不同,VH
579,隊,Na
579,吧,T
579,整,Neqa
579,個,Nf
579,打擊,Na
579,超級,D
579,順,VJ
579,就,D
579,連,Cbb
579,投手,Na
579,也,D
579,很少,D
579,保送,VC
579,都,D
579,是,SHI
579,靠,P
579,辣,VH
579,個,Di
579,男人,Na
579,高宇杰,Nb
579,吧,T
579,昨天,Nd
579,他,Nh
579,兩,Neu
579,次,Nf
579,漏接,VC
579,傳,VD
579,球,Na
579,壘,Na
579,有,V_2
579,人,Na
579,雙殺,VC
579,點壘,Na
579,有,V_2
579,人,Na
579,三振,VC
579,配,VD
579,球,Na
579,配,VC
579,到,P
579,連,Nb
579,四,Neu
579,保送,VC
579,捕逸,VA
579,好幾,Neu
579,球,Na
579,擋,VC
579,也,D
579,擋,VC
579,不,D
579,好,VC
579,今天,Nd
579,換,VC
579,下場,Na
579,整,Neqa
579,個,Nf
579,中華隊,Na
579,就,D
579,順,VJ
579,了,Di
579,要,D
579,贏,VD
579,還是,D
579,要,D
579,靠,P
579,辣,VH
579,個,Di
579,男人,Na
579,高宇杰,Nb
579,對,VH
579,吧,T
580,如,P
580,題,Na
580,大家,Nh
580,都,D
580,知道,VK
580,陳金鋒,Nb
580,在,P
580,國內,Nc
580,棒壇,Nc
580,如同,VG
580,神,Na
580,般,Ng
580,的,DE
580,地位,Na
580,專,D
580,打,VC
580,強投,Na
580,連,Cbb
580,達,VJ
580,比,P
580,修,VC
580,都,D
580,被,P
580,他,Nh
580,打,VC
580,過,Di
580,而,Cbb
580,張育成,Nb
580,初,D
580,露鋒芒,VH
580,的,DE
580,新星,Na
580,今天,Nd
580,敲,VC
580,這,Nep
580,支,Nf
580,全壘打,Na
580,看起來,D
580,頗,Dfa
580,有,V_2
580,潛力,Na
580,如果,Cbb
580,他,Nh
580,今後,Nd
580,幾,Neu
580,場,Nf
580,比賽,Na
580,也,D
580,能,D
580,嶄露,VC
580,這樣,VH
580,的,DE
580,好,VH
580,表現,Na
580,是,SHI
580,不,D
580,是,SHI
580,就,D
580,有,V_2
580,機會,Na
580,跟,P
580,鋒哥,Nb
580,掰掰,I
580,手腕,Na
580,了,T
580,有,V_2
580,卦,Na
580,嗎,T
581,韓國,Nc
581,日本,Nc
581,台灣,Nc
581,義大利,Nc
581,今天,Nd
581,韓國,Nc
581,只得,D
581,四,Neu
581,分,Nf
581,狂輸,VD
581,日本,Nc
581,結果,Dk
581,今天,Nd
581,中華隊,Na
581,直接,VH
581,分內含,VC
581,好幾,Neu
581,支,Nf
581,今天,Nd
581,中華隊,Na
581,算是,VG
581,贏,VD
581,韓國,Nc
581,了,T
581,吧,T
582,當初,Nd
582,舊,VH
582,世代,Na
582,經典賽,Na
582,的,DE
582,球員,Na
582,陳金鋒,Nb
582,林智勝,Nb
582,彭政閔,Nb
582,潘威倫,Nb
582,潘武雄,Nb
582,等,Cab
582,主力,Na
582,球員,Na
582,都,D
582,從,P
582,中華隊,Na
582,退光光,Na
582,現在,Nd
582,新生代,Na
582,的,DE
582,球員,Na
582,補上來,VC
582,擊敗,VC
582,大聯盟,Na
582,小,VH
582,聯盟,Na
582,的,DE
582,義大利隊,Na
582,很,Dfa
582,難得,VH
582,可以,D
582,看到,VE
582,中華,Nc
582,隊場,Na
582,打出,VC
582,這麼多,Neqa
582,全壘打,Na
582,中華隊,Na
582,新生代,Na
582,球員,Na
582,酸,VH
582,完美,VH
582,接棒,VB
582,了,Di
582,吧,T
583,本來,D
583,都,D
583,打電話,VB
583,叫,VF
583,鍋貼,Na
583,外,Ncd
583,送,VD
583,了,Di
583,，,COMMACATEGORY
583,結果,Dk
583,現在,Nd
583,鍋貼,Na
583,都,D
583,冷,VH
583,了,T
583,，,COMMACATEGORY
583,要,D
583,怎麼,D
583,吃,VC
583,啊,T
583,是,SHI
583,要,D
583,隔天,Nd
583,加熱,VB
583,嗎,T
583,有,V_2
583,卦,Na
583,否,T
583,畢竟,D
583,希望,VK
583,中華隊,Na
583,明天,Nd
583,可以,D
583,叫,VF
583,鍋貼店,Nc
583,全部,Neqa
583,打烊,VA
583,週休,VJ
583,二,Neu
583,日,Nf
583,鍋貼店,Nc
583,全部,Neqa
583,給,VD
583,我,Nh
583,關,VC
583,起來,Di
584,中華隊,Na
584,贏,VD
584,義大利,Nc
584,啦,T
584,看到,VE
584,張育成,Nb
584,追平,VC
584,兩,Neu
584,分,Nf
584,砲,Na
584,真的,D
584,整,Neqa
584,個,Nf
584,高潮,Na
584,接著,D
584,再,D
584,補發,VD
584,三分球,Na
584,再,D
584,加上,Cbb
584,最後,Nd
584,再見,VB
584,三振,VC
584,超級,Dfa
584,精彩,VH
584,的,T
584,啦,T
584,贏,VD
584,球,Na
584,爽爽,VH
584,爽,VH
584,發錢,VA
584,啦,T
584,每,D
584,推發到,VC
584,破產,VH
584,啦,T
584,萬,Neu
584,鄉民,Na
584,通通,D
584,嗨起來,D
584,///,FW
584,推,VC
584,錢,Na
584,/,FW
584,推,VC
584,/,FW
584,推,VC
584,給,VD
584,錢,Na
584,/,FW
584,推,VC
584,/,FW
584,推,VC
584,錢,Na
584,/,FW
584,推,VC
584,推,VC
584,/,FW
584,推,VC
584,好,VH
584,/,FW
584,推,VC
584,耶,T
584,/,FW
584,推,VC
584,錢,Na
584,/,FW
584,推,VC
584,/,FW
584,推,VC
584,推,VC
584,/,FW
584,推,VC
584,嗨起來,D
584,/,FW
584,推,VC
584,開心,VH
584,/,FW
584,推,VC
584,錢,Na
584,/,FW
584,推,VC
584,推,VC
584,/,FW
584,推,VC
584,推,VC
584,/,FW
584,推,VC
584,/,FW
584,推,VC
584,錢,Na
584,/,FW
584,推,VC
584,錢,Na
584,/,FW
584,推,VC
584,推,VC
584,啦,T
584,/,FW
584,推,VC
584,推,VC
584,/,FW
584,推,VC
584,推,VC
584,/,FW
584,推,VC
584,推,VC
584,/,FW
584,推,VC
584,推,VC
584,/,FW
584,推,VC
584,推,VC
584,/,FW
584,推,VC
584,錢,Na
584,/,FW
584,推,VC
584,推,VC
584,/,FW
584,推,VC
584,推,VC
584,/,FW
584,推,VC
584,推,VC
584,/,FW
584,推,VC
584,錢,Na
584,/,FW
584,推,VC
584,爽,VH
584,啦,T
584,/,FW
584,推,VC
584,錢,Na
584,/,FW
584,推,VC
584,今天,Nd
584,沒,VJ
584,話,Na
584,說,VE
584,☺,FW
584,/,FW
584,推,VC
584,錢,Na
584,/,FW
584,推,VC
584,前,Ncd
584,/,FW
584,推,VC
584,來,VA
584,啦,T
584,/,FW
584,推,VC
584,嗨起來,D
584,/,FW
584,推,VC
584,錢,Na
584,/,FW
584,推,VC
584,推,VC
584,/,FW
584,推,VC
584,讚,VC
584,啦,T
584,/,FW
584,推,VC
584,推,VC
584,/,FW
584,推,VC
584,推,VC
584,/,FW
584,推,VC
584,錢,Na
584,/,FW
584,推,VC
584,錢,Na
584,/,FW
584,推,VC
584,好,VH
584,/,FW
584,推,VC
584,推,VC
584,/,FW
584,推,VC
584,錢,Na
584,/,FW
584,推,VC
584,錢,Na
584,/,FW
584,推,VC
584,推,VC
584,啦,T
584,/,FW
584,推,VC
584,推,VC
584,/,FW
584,推,VC
584,/,FW
584,推,VC
584,好,VH
584,/,FW
584,推,VC
584,錢,Na
584,/,FW
584,推,VC
584,/,FW
584,推,VC
584,錢,Na
584,/,FW
584,推,VC
584,推,VC
584,/,FW
584,推,VC
584,錢,Na
584,/,FW
584,推,VC
584,推,VC
584,/,FW
584,推,VC
584,錢,Na
584,/,FW
584,推,VC
584,錢,Na
584,/,FW
584,推,VC
584,錢,Na
584,/,FW
584,推,VC
584,錢,Na
584,/,FW
584,推,VC
584,推,VC
584,/,FW
584,推,VC
584,錢,Na
584,/,FW
584,推,VC
584,推,VC
584,/,FW
584,推,VC
584,推,VC
584,/,FW
584,推,VC
584,推,VC
584,/,FW
584,推,VC
584,錢,Na
584,/,FW
584,推,VC
584,錢,Na
584,/,FW
584,推,VC
584,推,VC
584,/,FW
584,推,VC
584,推,VC
584,/,FW
584,推,VC
584,推,VC
584,啦,T
584,/,FW
584,推,VC
584,推,VC
584,/,FW
584,推,VC
584,推,VC
584,/,FW
584,推,VC
584,推,VC
584,/,FW
584,推,VC
584,推,VC
584,/,FW
584,推,VC
584,錢,Na
584,推,VC
584,/,FW
584,推,VC
584,爽,VH
584,啊,T
584,/,FW
584,推,VC
584,錢,Na
584,/,FW
584,推,VC
584,推,VC
584,/,FW
584,推,VC
584,錢,Na
584,/,FW
584,推,VC
584,推,VC
584,/,FW
584,推,VC
584,推,VC
584,/,FW
584,推,VC
584,推,VC
584,/,FW
584,推,VC
584,推,VC
584,/,FW
584,推,VC
584,推,VC
584,/,FW
584,推,VC
584,推,VC
584,/,FW
584,推,VC
584,爽,VH
584,/,FW
584,推,VC
584,贏,VD
584,/,FW
584,推,VC
584,推,VC
584,/,FW
584,推,VC
584,推,VC
584,/,FW
584,推,VC
584,推,VC
584,/,FW
584,推,VC
584,推,VC
584,/,FW
584,推,VC
584,錢,Na
584,/,FW
584,推,VC
584,錢,Na
584,/,FW
584,推,VC
584,推,VC
584,/,FW
584,推,VC
584,錢,Na
584,/,FW
584,推,VC
584,錢,Na
584,/,FW
584,推,VC
584,好,VH
584,/,FW
584,推,VC
584,贏,VD
584,/,FW
584,推,VC
584,舒服,VH
584,啦,T
584,/,FW
584,推,VC
584,/,FW
584,推,VC
584,錢,Na
584,/,FW
584,推,VC
584,錢,Na
584,/,FW
584,推,VC
584,推,VC
584,/,FW
584,推,VC
584,讚,VC
584,/,FW
584,推,VC
584,錢,Na
584,/,FW
584,推,VC
584,嗯,I
584,嗯,I
584,/,FW
584,推,VC
584,推,VC
584,/,FW
584,推,VC
584,錢,Na
584,/,FW
584,推,VC
584,推,VC
584,/,FW
584,推,VC
584,推,VC
584,/,FW
584,推,VC
584,推,VC
584,/,FW
584,推,VC
584,錢,Na
584,/,FW
584,推,VC
584,推,VC
584,/,FW
584,推,VC
584,/,FW
584,推,VC
584,錢,Na
584,/,FW
584,推,VC
584,推,VC
584,/,FW
584,推,VC
584,推,VC
584,/,FW
584,推,VC
584,讚,VC
584,啦,T
584,/,FW
584,推,VC
584,錢,Na
584,/,FW
584,推,VC
584,推,VC
584,/,FW
584,推,VC
584,推,VC
584,/,FW
584,推,VC
584,讚,VC
584,啦,T
584,/,FW
584,推,VC
584,推,VC
584,/,FW
584,推,VC
584,推,VC
584,/,FW
584,推,VC
584,送,VD
584,啦,T
584,/,FW
584,推,VC
584,中華隊,Na
584,讚,VC
584,啦,T
584,/,FW
584,推,VC
584,錢,Na
584,/,FW
584,推,VC
584,推拉,VC
584,/,FW
584,推,VC
584,/,FW
584,推,VC
584,推,VC
584,/,FW
584,推,VC
584,錢,Na
584,/,FW
584,推,VC
584,推,VC
584,/,FW
584,推,VC
584,推,VC
584,/,FW
584,推,VC
584,推,VC
584,/,FW
584,推,VC
584,推,VC
584,/,FW
584,推,VC
584,推,VC
584,/,FW
584,推,VC
584,推,VC
584,/,FW
584,推,VC
584,推,VC
584,/,FW
584,推,VC
584,推,VC
584,/,FW
584,推,VC
584,推,VC
584,/,FW
584,推,VC
584,拿來,VC
584,/,FW
584,推,VC
584,推,VC
584,/,FW
584,推,VC
584,推贏,VC
584,球爽,VH
584,啦,T
584,/,FW
584,推,VC
584,推,VC
584,/,FW
584,推,VC
584,推,VC
584,/,FW
584,推,VC
584,推推,VC
584,/,FW
584,推,VC
584,錢,Na
584,/,FW
584,推,VC
584,錢,Na
584,/,FW
584,推,VC
584,披薩,Na
584,吃起來,D
584,/,FW
584,推,VC
584,推推,VC
584,推,VC
584,/,FW
584,推,VC
584,推,VC
584,/,FW
584,推,VC
584,錢,Na
584,/,FW
584,推,VC
584,推,VC
584,/,FW
584,推,VC
584,推,VC
584,/,FW
584,推,VC
584,推,VC
584,/,FW
584,推,VC
584,推,VC
584,/,FW
584,推,VC
584,推,VC
584,/,FW
584,推,VC
584,讚,VC
584,啦,T
584,/,FW
584,推,VC
584,錢,Na
584,/,FW
584,推,VC
584,錢,Na
584,/,FW
584,推,VC
584,爽,VH
584,/,FW
584,推,VC
584,推,VC
584,/,FW
584,推,VC
584,推,VC
584,/,FW
584,推,VC
584,爽,VH
584,/,FW
584,推,VC
584,推推,VC
584,推推,VC
584,/,FW
584,推,VC
584,錢,Na
584,/,FW
584,推,VC
584,開心,VH
584,/,FW
584,推,VC
584,送,VD
584,啦,T
584,/,FW
584,推,VC
584,好,VH
584,/,FW
584,推,VC
584,錢,Na
584,/,FW
584,推,VC
584,推,VC
584,/,FW
584,推,VC
584,推,VC
584,/,FW
584,推,VC
584,推,VC
584,/,FW
584,推,VC
584,錢,Na
584,/,FW
584,推,VC
584,爽,VH
584,啦,T
584,/,FW
584,推,VC
584,推,VC
584,/,FW
584,推,VC
584,推,VC
584,/,FW
584,推,VC
584,爽,VH
584,/,FW
584,推,VC
584,/,FW
584,推,VC
584,錢,Na
584,/,FW
584,推,VC
584,推,VC
584,/,FW
584,推,VC
584,錢,Na
584,/,FW
584,推,VC
584,推,VC
584,/,FW
584,推,VC
584,推,VC
584,/,FW
584,推,VC
584,錢,Na
584,/,FW
584,推,VC
584,太,Dfa
584,爽,VH
584,啦,T
584,/,FW
584,推,VC
584,推,VC
584,/,FW
584,推,VC
584,推,VC
584,/,FW
584,推,VC
584,推,VC
584,/,FW
584,推,VC
584,/,FW
584,推,VC
584,錢,Na
584,/,FW
584,推,VC
584,推,VC
584,/,FW
584,推,VC
584,推,VC
584,/,FW
584,推,VC
584,推,VC
584,/,FW
584,推,VC
584,錢,Na
584,/,FW
584,推,VC
584,推,VC
584,/,FW
584,推,VC
584,推,VC
584,/,FW
584,推,VC
584,給,VD
584,錢,Na
584,/,FW
584,推,VC
584,讚,VC
584,/,FW
584,推,VC
584,推,VC
584,/,FW
584,推,VC
584,推,VC
584,/,FW
584,推,VC
584,好,VH
584,欸,I
584,/,FW
584,推,VC
584,錢錢,Na
584,/,FW
584,推,VC
584,推,VC
584,/,FW
584,推,VC
584,錢,Na
584,/,FW
584,推,VC
584,推,VC
584,/,FW
584,推,VC
584,錢,Na
584,/,FW
584,推,VC
584,讚,VC
584,啦,T
584,/,FW
584,推,VC
584,嗨起來,D
584,/,FW
584,推,VC
584,推,VC
584,/,FW
584,推,VC
584,中華隊,Na
584,就,D
584,是,SHI
584,讚,VC
584,/,FW
584,推,VC
584,推,VC
584,/,FW
584,推,VC
584,爽,VH
584,/,FW
584,推,VC
584,爽,VH
584,/,FW
584,推,VC
584,推,VC
584,/,FW
584,推,VC
584,爽,VH
584,/,FW
584,推,VC
584,推,VC
584,/,FW
584,推,VC
584,贏,VD
584,，,COMMACATEGORY
584,錢,Na
584,/,FW
584,推,VC
584,好,VH
584,/,FW
584,推,VC
584,推,VC
584,/,FW
584,推,VC
584,推,VC
584,/,FW
584,推,VC
584,推推,VC
584,/,FW
584,推,VC
584,推,VC
584,~~,FW
584,/,FW
584,推,VC
584,爽,VH
584,/,FW
584,推,VC
584,錢,Na
584,/,FW
584,推,VC
584,推推,VC
584,/,FW
584,推,VC
584,推,VC
584,/,FW
584,推,VC
584,錢錢,Na
584,/,FW
584,推,VC
584,推,VC
584,/,FW
584,推,VC
584,推,VC
584,/,FW
584,推,VC
584,推,VC
584,/,FW
584,推,VC
584,推,VC
584,/,FW
584,推,VC
584,推,VC
584,/,FW
584,推,VC
584,錢,Na
584,/,FW
584,推,VC
584,推推,VC
584,/,FW
584,推,VC
584,錢,Na
584,/,FW
584,推,VC
584,錢,Na
584,/,FW
584,推,VC
584,讚,VC
584,/,FW
584,推,VC
584,推,VC
584,/,FW
584,推,VC
584,推,VC
584,啦,T
584,/,FW
584,推,VC
584,推,VC
584,/,FW
584,推,VC
584,錢,Na
584,/,FW
584,推,VC
584,推,VC
584,/,FW
584,推,VC
584,錢,Na
584,/,FW
584,推,VC
584,推,VC
584,/,FW
584,推,VC
584,推,VC
584,/,FW
584,推,VC
584,錢,Na
584,/,FW
584,推,VC
584,推,VC
584,/,FW
584,以上,Ncd
584,紅底,Na
584,標記位,Na
584,，,COMMACATEGORY
584,每,Nes
584,人,Na
584,稅,Na
584,後,Ng
584,發送,VD
584,完成,VC
585,本,D
585,肥,VHC
585,很,Dfa
585,好奇,VH
585,當初,Nd
585,堆,Nf
585,沒,D
585,當兵,VA
585,的,DE
585,在,P
585,那邊,Ncd
585,靠,P
585,北他,Nc
585,結果,Dk
585,現在,Nd
585,打臉,VA
585,你,Nh
585,各位,Nh
585,現在,Nd
585,個個,Neqa
585,都,D
585,開始,VL
585,蹭,VC
585,那,Nep
585,個,Nf
585,什麼,Nep
585,的,DE
585,定,VC
585,也,D
585,會,D
585,開始,VL
585,說,VE
585,他,Nh
585,嗨,I
585,的,DE
585,當初,Nd
585,嘴,Na
585,張育成,Nb
585,的,DE
585,現在,Nd
585,都,D
585,在,D
585,幹嘛,VA
585,啊,T
586,你,Nh
586,各位,Nh
586,今天,Nd
586,快,D
586,結束,VHC
586,了,T
586,但,Cbb
586,就,D
586,是,SHI
586,少,VH
586,了,Di
586,甚麼,Nep
586,對,P
586,就,D
586,是,SHI
586,那,Nep
586,熟悉,VJ
586,的,DE
586,味道,Na
586,剛剛,D
586,電視,Na
586,上,Ng
586,沒,D
586,嚐到,VC
586,馬上,D
586,下樓,VA
586,自己,Nh
586,買來,VC
586,嘗嚐,VC
586,///,FW
586,有,V_2
586,沒,D
586,有,V_2
586,麥香,Na
586,奶茶,Na
586,會,D
586,賣,VD
586,爆,VH
586,的,DE
586,八卦,Na
587,這樣,VH
587,比,P
587,沒有,VJ
587,意思,Na
587,不如,Cbb
587,我們,Nh
587,來,D
587,猜猜,VE
587,看,Di
587,組,Nc
587,和,Caa
587,組,VC
587,預賽,Na
587,打完,VC
587,有,V_2
587,那,Nep
587,支,Nf
587,球隊,Na
587,會,D
587,以,P
587,全,Neqa
587,敗,VH
587,收場,VH
587,韓國隊,Na
587,中國隊,Na
587,沒有,VJ
587,球隊,Na
587,大家,Nh
587,覺得,VK
587,答案,Na
587,是,SHI
587,幾,Neu
587,呢,T
587,我,Nh
587,個人,Nh
587,覺得,VK
587,是,SHI
588,爽,VH
588,啦,T
588,，,COMMACATEGORY
588,中華隊,Na
588,逆轉,VA
588,勝,VH
588,加碼,VA
588,多,Neqa
588,篇,Nf
588,發錢,VA
588,，,COMMACATEGORY
588,規則,Na
588,在,P
588,文,Na
588,末,Ncd
588,這樣,VH
588,啦,T
588,，,COMMACATEGORY
588,先前,Nd
588,因為,Cbb
588,未,D
588,幫,P
588,員工,Na
588,保勞,Na
588,健保,Na
588,因此,Cbb
588,被,P
588,前,Nes
588,員工,Na
588,告上,VC
588,法庭,Nc
588,，,COMMACATEGORY
588,最後,Nd
588,判賠,VD
588,萬,Neu
588,最近,Nd
588,又,D
588,有的,Neqa
588,員工,Na
588,向,P
588,我,Nh
588,透露,VE
588,，,COMMACATEGORY
588,再次,D
588,未,D
588,替,P
588,員工,Na
588,進行,VC
588,應,D
588,有,V_2
588,的,DE
588,保障,Na
588,甚至,D
588,在,P
588,員工,Na
588,要,D
588,離職,VH
588,時,Ng
588,還,D
588,提出,VC
588,威脅,Na
588,逼迫,VF
588,這些,Neqa
588,工讀生,Na
588,們,Na
588,簽,VC
588,和解書,Na
588,///,FW
588,///,FW
588,///,FW
588,不過,Cbb
588,同學,Na
588,阿，,Nb
588,你,Nh
588,都,D
588,簽,VC
588,和解書,Na
588,了,T
588,，,COMMACATEGORY
588,鄉民,Na
588,也,D
588,沒辦法,VI
588,替,P
588,你們,Nh
588,伸張,VC
588,正義,Na
588,阿,T
588,我,Nh
588,頂多,Da
588,只,Da
588,能,D
588,幫,P
588,你們,Nh
588,把,P
588,這,Nep
588,件,Nf
588,事情,Na
588,曝光,VH
588,而已,T
588,該,D
588,做,VC
588,的,DE
588,申訴,VE
588,只,Da
588,能,D
588,靠,VJ
588,你們,Nh
588,自己,Nh
588,啊,T
588,以下,Ncd
588,是,SHI
588,編年史,Na
588,紀錄,Na
588,本尊,Na
588,分身,VA
588,列表,VA
588,分身判例,VA
588,///,FW
588,///,FW
588,///,FW
588,///,FW
588,賣,VD
588,帳戶,Na
588,給,P
588,詐騙,VD
588,集團,Na
588,被,P
588,判刑,VB
588,///,FW
588,相關,VH
588,文章,Na
588,///,FW
588,///,FW
588,自介,VA
588,///,FW
588,已,D
588,在,P
588,聖約翰,Nb
588,科大,Nc
588,就讀,VCL
588,年級,Na
588,不明,VH
588,未,D
588,支付,VD
588,電話費,Na
588,///,FW
588,///,FW
588,自稱,VG
588,大四,Na
588,負債,VH
588,學,Na
588,貸萬,Na
588,並且,Cbb
588,想,VE
588,申辦,VC
588,第,Neu
588,銀行,Nc
588,信用卡,Na
588,///,FW
588,累計,VJ
588,學貸,Na
588,萬，,Neu
588,亞太,Nc
588,手機,Na
588,欠費,Na
588,台哥大,Nb
588,手機,Na
588,欠費,Na
588,///,FW
588,積欠卡費,Na
588,未,D
588,繳,VD
588,遭,P
588,第,Neu
588,銀行,Nc
588,向,P
588,法院,Nc
588,聲請,VF
588,強制,D
588,執行,VC
588,///,FW
588,違反,VJ
588,商標法,Na
588,判刑,Nv
588,拘役,Na
588,日,Na
588,///,FW
588,學,VC
588,貸,VD
588,積欠,VD
588,萬,Neu
588,延滯,VA
588,未,D
588,繳,VD
588,///,FW
588,因,Cbb
588,毀損,VC
588,夾,VC
588,娃娃,Na
588,機台,Na
588,被,P
588,判刑,VB
588,拘役,Na
588,日,Nd
588,///,FW
588,自稱,VG
588,欠債,VH
588,已,D
588,還清,VC
588,，,COMMACATEGORY
588,剩學,Na
588,貸,VD
588,萬,Neu
588,，,COMMACATEGORY
588,信用,Na
588,分數,Na
588,僅,Da
588,分,VD
588,///,FW
588,因於,VJ
588,臉書,Na
588,罵人,VA
588,被告,Na
588,，,COMMACATEGORY
588,判賠元,Na
588,，,COMMACATEGORY
588,並,Cbb
588,自稱,VG
588,月薪,Na
588,，,COMMACATEGORY
588,且,Cbb
588,上訴,VC
588,失敗,VH
588,因,Cbb
588,車禍,Na
588,與,Caa
588,人,Na
588,起,VC
588,爭執,Na
588,，,COMMACATEGORY
588,動手,VA
588,毆打,VC
588,對方,Nh
588,，,COMMACATEGORY
588,被,P
588,判,VF
588,拘役,Na
588,日,Na
588,///,FW
588,自稱,VG
588,學貸,Na
588,萬,Neu
588,，,COMMACATEGORY
588,卡費萬,Na
588,於,P
588,聯徵,VA
588,並,Cbb
588,顯示,VK
588,呆帳,Na
588,，,COMMACATEGORY
588,信用,Na
588,分數,Na
588,分,VC
588,///,FW
588,///,FW
588,自稱,VG
588,聖約翰,Nb
588,科大,Nc
588,休學,VA
588,中,Ng
588,~,FW
588,///,FW
588,於,P
588,臉書,Na
588,公然,D
588,侮辱,VC
588,被,P
588,判,VF
588,拘,VC
588,役日,Nd
588,，,COMMACATEGORY
588,且,Cbb
588,民事,Na
588,賠償,VD
588,元,Nf
588,，,COMMACATEGORY
588,上訴,VC
588,被,P
588,駁回,VC
588,///,FW
588,提告,VE
588,鄉民,Na
588,，,COMMACATEGORY
588,刑事,Na
588,判決,VE
588,不,D
588,起訴,VC
588,處分,Na
588,，,COMMACATEGORY
588,民事,Na
588,判決,VE
588,敗訴,VH
588,此,Nep
588,事,Na
588,被,P
588,記者,Na
588,寫成,VG
588,新聞,Na
588,報導,VE
588,///,FW
588,台北市,Nc
588,勞工局,Nc
588,開罰,VC
588,///,FW
588,與,P
588,前,Nes
588,員工,Na
588,進行,VC
588,勞資,Na
588,訴訟,Nv
588,，,COMMACATEGORY
588,被,P
588,判,VF
588,須,D
588,賠償,VD
588,前,Nes
588,員工,Na
588,元,Nf
588,///,FW
588,提告,VE
588,館長,Na
588,，,COMMACATEGORY
588,被,P
588,法官,Na
588,駁回,VC
588,///,FW
588,不,D
588,知道,VK
588,這,Nep
588,個,Nf
588,編年史,Na
588,會不會,D
588,越來越,Dfa
588,豐富,VHC
588,，,COMMACATEGORY
588,嘻嘻,D
588,慶祝,VE
588,中華隊,Na
588,獲勝,VH
588,，,COMMACATEGORY
588,每,Nes
588,樓,Nc
588,，,COMMACATEGORY
588,發到,VCL
588,樓,Nc
588,推,VC
588,就,D
588,很,Dfa
588,推,VC
588,/,FW
588,推,VC
588,推,VC
588,/,FW
588,笑死,VHC
588,推,VC
588,科,Nc
588,好,VH
588,/,FW
588,推,VC
588,推,VC
588,/,FW
588,推,VC
588,錢,Na
588,/,FW
588,噓,I
588,好,VH
588,了,T
588,啦,T
588,你,Nh
588,要,D
588,當下,D
588,個,Nf
588,嗎,T
588,/,FW
588,好,VH
588,了,T
588,啦,T
588,錢,Na
588,/,FW
588,推,VC
588,錢,Na
588,/,FW
588,爽,VH
588,錢,Na
588,/,FW
588,推,VC
588,推,VC
588,/,FW
588,傳奇,VH
588,鄉民,Na
588,推,VC
588,推,VC
588,/,FW
588,錢,Na
588,/,FW
588,錢,Na
588,/,FW
588,推,VC
588,推,VC
588,/,FW
588,噓,I
588,館長,Na
588,打手,Na
588,喔,T
588,/,FW
588,哪裡,Ncd
588,可以,D
588,領,VC
588,錢,Na
588,錢,Na
588,/,FW
588,推,VC
588,錢,Na
588,/,FW
588,推,VC
588,推,VC
588,/,FW
588,我,Nh
588,法盲,Na
588,不,D
588,知道,VK
588,推,VC
588,好,VH
588,/,FW
588,推,VC
588,錢,Na
588,/,FW
588,推,VC
588,/,FW
588,哭,VA
588,啊,T
588,推,VC
588,推,VC
588,/,FW
588,錢,Na
588,/,FW
588,推,VC
588,錢,Na
588,/,FW
588,推,VC
588,和解書,Na
588,的,DE
588,效力,Na
588,有,V_2
588,這麼,D
588,萬用,A
588,這麼,Dfa
588,強大,VH
588,/,FW
588,有,V_2
588,請,VF
588,法律,Na
588,專家,Na
588,釋疑,VA
588,推,VC
588,推,VC
588,/,FW
588,推,VC
588,錢,Na
588,/,FW
588,推,VC
588,推,VC
588,/,FW
588,玩,VC
588,年,Nf
588,第,Neu
588,次,Nf
588,遇到,VC
588,筆戰戰,Na
588,不,D
588,贏,VD
588,就,D
588,直接,VH
588,告,VC
588,人,Na
588,的,DE
588,很,Dfa
588,興奮,VH
588,啊,T
588,死,VH
588,好,VH
588,/,FW
588,讚,VC
588,啦,T
588,推,VC
588,/,FW
588,以上,Ncd
588,紅底,Na
588,標記位,Na
588,，,COMMACATEGORY
588,每,Nes
588,人,Na
588,稅,Na
588,後,Ng
588,發送,VD
588,完成,VC
588,小心,VK
588,被告,Na
588,萬,Neu
588,年,Nf
588,老,VH
588,招,Na
588,到,P
588,他,Nh
588,跟,P
588,我,Nh
588,的,DE
588,官司,Na
588,結束,VHC
588,為止,Ng
588,我,Nh
588,自己,Nh
588,當初,Nd
588,也,D
588,是,SHI
588,很,Dfa
588,愛,VL
588,看去,VB
588,爆料,VE
588,館長,Na
588,但是,Cbb
588,自從,P
588,他,Nh
588,大頭症,Na
588,發作,VH
588,開始,VL
588,霸凌,VA
588,反對,VE
588,他,Nh
588,的,DE
588,鄉民,Na
588,之後,Ng
588,我,Nh
588,就,D
588,開始,VL
588,對,P
588,他,Nh
588,的,DE
588,行為,Na
588,很,Dfa
588,反感,VI
588,最後,Nd
588,是,SHI
588,因為,Cbb
588,他,Nh
588,自稱,VG
588,開,VC
588,分身,Na
588,站方,Na
588,也,D
588,抓,VC
588,不,D
588,到,VC
588,他,Nh
588,，,COMMACATEGORY
588,我,Nh
588,才,Da
588,會,D
588,想,VE
588,開始,VL
588,抓,VC
588,他,Nh
588,分身,VA
588,至於,P
588,他,Nh
588,自己,Nh
588,的,DE
588,黑料,Na
588,，,COMMACATEGORY
588,那,Dk
588,得,D
588,要,D
588,怪,VK
588,他,Nh
588,從,P
588,以前,Nd
588,就,D
588,在,P
588,留下,VC
588,的,DE
588,黑,VH
588,歷史,Na
588,基本,Na
588,上,Ng
588,他,Nh
588,要,D
588,怎麼,D
588,爆料,VE
588,館長,Na
588,我,Nh
588,都,D
588,沒,VJ
588,意見,Na
588,像,P
588,最近,Nd
588,的,DE
588,那,Nep
588,次,Nf
588,代,Na
588,，,COMMACATEGORY
588,有,V_2
588,正反,Na
588,意見,Na
588,而,Cbb
588,不,D
588,是,SHI
588,像,P
588,以前,Nd
588,樣面倒,Na
588,，,COMMACATEGORY
588,這,Nep
588,才,Da
588,是,SHI
588,正常,VH
588,的,DE
588,交流,Nv
588,你,Nh
588,看到,VE
588,下面,Ncd
588,的,DE
588,推文,Na
588,就,D
588,知道,VK
588,，,COMMACATEGORY
588,當初,Nd
588,唬爛,VC
588,自己,Nh
588,是,SHI
588,會計師,Na
588,到,P
588,現在,Nd
588,還,D
588,有,V_2
588,人,Na
588,會,D
588,以為,VE
588,這,Nep
588,是,SHI
588,真的,D
588,我,Nh
588,的,DE
588,目的,Na
588,很,Dfa
588,簡單,VH
588,，,COMMACATEGORY
588,把,P
588,他,Nh
588,那些,Neqa
588,說謊,VA
588,的,DE
588,人,Na
588,設,VC
588,全部,Neqa
588,揭露,VC
588,要,D
588,爆料,VE
588,還,D
588,刻意,D
588,把,P
588,自己,Nh
588,拉高,VC
588,社經,Na
588,地位,Na
588,幹嘛,D
588,怕,VK
588,自己,Nh
588,的,DE
588,爆料,VE
588,沒,VJ
588,人,Na
588,信,VK
588,嗎,T
588,對,P
588,自己,Nh
588,的,DE
588,料,Na
588,有,V_2
588,自信,Na
588,就,D
588,不,D
588,需要,VK
588,做,VC
588,那些,Neqa
588,無謂,A
588,的,DE
588,謊言,Na
588,吧,T
588,我,Nh
588,相信,VK
588,我,Nh
588,說,VE
588,了,Di
588,這些,Neqa
588,應該,D
588,也,D
588,是,SHI
588,沒,VJ
588,人,Na
588,會,D
588,看,VC
588,的,DE
588,身高,Na
588,是,SHI
588,真,VH
588,的,DE
588,職業,Na
588,是,SHI
588,假,VH
588,的,DE
588,跟,P
588,我,Nh
588,說,VE
588,幹嘛,D
588,去,D
588,跟,P
588,發錢,Nv
588,程式,Na
588,說,VE
588,啊,T
588,看來,D
588,我,Nh
588,是,SHI
588,貓,Na
588,小心,VK
588,被告,Na
588,ㄈㄅㄌ,FW
588,即將,D
588,抵達,VCL
588,現場,Nc
588,跟,P
588,館長,Na
588,相愛,VH
588,相殺,VH
588,，,COMMACATEGORY
588,受刑人,Na
588,相,D
588,輕,VH
588,不,D
588,好,VH
588,說,VE
588,喔,T
588,推,VC
588,他,Nh
588,真的,D
588,很,Dfa
588,奇怪,VK
588,，,COMMACATEGORY
588,自己,Nh
588,事情,Na
588,不,D
588,解決,VC
588,巴,VC
588,著,Di
588,館長,Na
588,/,FW
588,我,Nh
588,看,VE
588,是,SHI
588,解決不了,VC
588,吧,T
588,債務,Na
588,堆,VC
588,哪,Nep
588,有,V_2
588,傳奇,Na
588,鄉民,Na
588,精彩,VH
588,怕,VK
589,才,Da
589,打,VC
589,兩,Neu
589,場,Nf
589,中華隊,Na
589,就,D
589,失分,VH
589,平均場,Nc
589,失分,VH
589,以前,Nd
589,國際賽,Na
589,中華隊,Na
589,投優,VC
589,於,P
589,打,VC
589,這,Nep
589,次,Nf
589,卻,D
589,是,SHI
589,打,VC
589,優於,VJ
589,投,VC
589,懷念,VJ
589,有,V_2
589,王健民,Nb
589,郭泓志,Nb
589,曹錦輝,Nb
589,的,DE
589,年代,Nd
590,以往,Nd
590,中華隊,Na
590,的,DE
590,陣容,Na
590,都,D
590,是,SHI
590,強投,Na
590,弱,VH
590,打,VC
590,而,Cbb
590,這,Nep
590,次,Nf
590,中華隊,Na
590,的,DE
590,陣容,Na
590,看起來,D
590,是,SHI
590,弱,VH
590,投,VC
590,強打,Na
590,中華隊,Na
590,是,SHI
590,不,D
590,是,SHI
590,只,Da
590,缺,VJ
590,第二,Neu
590,個,Nf
590,王建民,Nb
590,就,D
590,能,D
590,進化成,VG
590,完全,D
590,體,VK
590,了,T
591,媒體,Na
591,來源,Na
591,記者,Na
591,署名,VC
591,記者,Na
591,賴冠文,Nb
591,台中,Nc
591,報導,VE
591,完整,VH
591,新聞,Na
591,標題,Na
591,中華隊,Na
591,首,D
591,勝,VH
591,開張,VA
591,轟打,VC
591,爆,VH
591,義大利,Nc
591,狂敲,VC
591,安打,Na
591,萬球迷,Na
591,嗨,I
591,翻,VC
591,完整,VH
591,新聞,Na
591,內文,Na
591,中華隊,Na
591,今日,Nd
591,面對,VC
591,義大利,Nc
591,，,COMMACATEGORY
591,林子偉,Nb
591,張育成,Nb
591,吉力吉撈,Nb
591,．,PERIODCATEGORY
591,鞏冠,Nb
591,開轟,VA
591,帶動,VC
591,中華隊,Na
591,攻勢,Na
591,，,COMMACATEGORY
591,全,Neqa
591,場,Nf
591,安打,Na
591,，,COMMACATEGORY
591,呂彥青,Nb
591,中繼局,Nc
591,鎖住,VC
591,義大利,Nc
591,打線,VA
591,，,COMMACATEGORY
591,宋家豪,Nb
591,關門,VA
591,成功,VH
591,，,COMMACATEGORY
591,中華隊,Na
591,比贏,VC
591,球,Na
591,，,COMMACATEGORY
591,中華隊,Na
591,首,D
591,勝,VH
591,開張,VA
591,江少慶,Nb
591,先發局,Nc
591,失分,VH
591,退場,VA
591,，,COMMACATEGORY
591,使用,VC
591,球,Na
591,，,COMMACATEGORY
591,被,P
591,敲,VC
591,安打,Na
591,，,COMMACATEGORY
591,次,Nes
591,三振,VC
591,，,COMMACATEGORY
591,王維中,Nb
591,接手,VC
591,投局,VA
591,失分,VH
591,，,COMMACATEGORY
591,被,P
591,敲,VC
591,安打,Na
591,，,COMMACATEGORY
591,陳冠宇,Nb
591,中繼局,Nc
591,失分,VH
591,，,COMMACATEGORY
591,陳禹勳,Nb
591,投局,Nc
591,被,P
591,敲,VC
591,安打,Na
591,，,COMMACATEGORY
591,無,D
591,失分,VH
591,呂彥青,Nb
591,投局,VA
591,無,D
591,失分,VH
591,，,COMMACATEGORY
591,鎖住,VC
591,義大利隊,Na
591,攻勢,Na
591,，,COMMACATEGORY
591,保送,VC
591,三振,VC
591,，,COMMACATEGORY
591,退場,VA
591,後,Ng
591,獲得,VJ
591,滿,Neqa
591,場,Nf
591,球迷,Na
591,鼓勵,VF
591,，,COMMACATEGORY
591,局,Nc
591,下,Ncd
591,出局,VH
591,派,VF
591,宋家豪,Nb
591,拆彈,VA
591,化解,VC
591,危機,Na
591,，,COMMACATEGORY
591,局,Nc
591,上,Ncd
591,關門,VA
591,成功,VH
591,中華隊,Na
591,全,Neqa
591,場,Nf
591,安打,Na
591,，,COMMACATEGORY
591,陳傑憲,Nb
591,張育成,Nb
591,林立,VH
591,都,D
591,有,V_2
591,複數,Na
591,安,VH
591,，,COMMACATEGORY
591,張育成,Nb
591,分砲,Na
591,林子偉,Nb
591,陽春砲,Na
591,吉力吉撈,Nb
591,分,VC
591,砲,Na
591,貢獻,Na
591,江少慶,Nb
591,開局,VH
591,狀況,Na
591,不錯,VH
591,，,COMMACATEGORY
591,取得,VC
591,出局,VH
591,，,COMMACATEGORY
591,被,P
591,第三,Neu
591,棒,Nf
591,壘手,Na
591,帕斯昆汀,Nb
591,敲,VC
591,左,Ncd
591,外野,Nc
591,安打,Na
591,，,COMMACATEGORY
591,王柏融,Nb
591,接到,VC
591,球,Na
591,後,Ng
591,雷射肩,Nb
591,快傳,VC
591,二壘,Na
591,，,COMMACATEGORY
591,刺殺,VC
591,跑者,Na
591,局下,Nc
591,出局,VH
591,，,COMMACATEGORY
591,林子偉,Nb
591,纏鬥,VA
591,到,P
591,第,Neu
591,球,Na
591,，,COMMACATEGORY
591,轟,VC
591,右,Ncd
591,外野,Nc
591,陽春砲,Na
591,，,COMMACATEGORY
591,中華隊,Na
591,先馳得點,VA
591,，,COMMACATEGORY
591,局,Nc
591,上,Ncd
591,佛萊契爾沙利文,Nb
591,接連,VJ
591,安打,Na
591,，,COMMACATEGORY
591,羅培茲,Nb
591,短打,VA
591,送回,VC
591,三壘跑,Na
591,者,Na
591,，,COMMACATEGORY
591,下棒,Na
591,德魯齊奧,Nb
591,三壘打,Na
591,，,COMMACATEGORY
591,義大利,Nc
591,比,P
591,領先,VJ
591,局下,Nc
591,陳傑憲,Nb
591,觸身球,Na
591,上壘,VA
591,，,COMMACATEGORY
591,開路,VA
591,先鋒,Na
591,鄭宗哲,Nb
591,敲追,VC
591,平安,VH
591,比,P
591,局,Nc
591,上,Ncd
591,換,VC
591,王維中,Nb
591,接替,VC
591,登板,VA
591,，,COMMACATEGORY
591,狀況,Na
591,絕佳,VH
591,，,COMMACATEGORY
591,用,P
591,球,Na
591,繳出,VC
591,上下,Ncd
591,局下,Nc
591,義大利,Nc
591,換投,VC
591,比亞吉尼,Nb
591,，,COMMACATEGORY
591,張育成,Nb
591,二壘打,Na
591,吳念庭,Nb
591,右,Ncd
591,外野,Nc
591,安打,Na
591,，,COMMACATEGORY
591,出局,VH
591,後,Ng
591,，,COMMACATEGORY
591,陳傑憲,Nb
591,王柏融,Nb
591,接連,D
591,安打,Na
591,，,COMMACATEGORY
591,各,D
591,有,V_2
591,分,VC
591,打點,Na
591,，,COMMACATEGORY
591,中華隊,Na
591,比,VC
591,，,COMMACATEGORY
591,打退,VC
591,比亞吉尼,Nb
591,，,COMMACATEGORY
591,義大利,Nc
591,換投,VC
591,伍茲,Nb
591,，,COMMACATEGORY
591,江坤宇,Nb
591,三壘,Na
591,滾地球,Na
591,，,COMMACATEGORY
591,讓,VL
591,野手,Na
591,失誤,VA
591,，,COMMACATEGORY
591,中華隊,Na
591,跑回,VCL
591,第,Neu
591,分,Nf
591,局,Nc
591,上,Ncd
591,佛萊契爾,Nb
591,保送,VC
591,沙利文,Nb
591,敲安,VC
591,，,COMMACATEGORY
591,羅培茲,Nb
591,中,Ng
591,外野,Nc
591,安打,Na
591,，,COMMACATEGORY
591,帶有,VJ
591,分打點,Na
591,，,COMMACATEGORY
591,馬斯特羅波尼,Nb
591,敲,VC
591,安追,VC
591,回分,VD
591,，,COMMACATEGORY
591,佛里力克,Nb
591,中,Ng
591,外野,Nc
591,安打,Na
591,，,COMMACATEGORY
591,帶分,Na
591,打點,Na
591,，,COMMACATEGORY
591,單,Da
591,局,Nc
591,灌進,VC
591,分,VC
591,局,Nc
591,上,Ncd
591,換,VC
591,陳冠宇,Nb
591,，,COMMACATEGORY
591,出局,VH
591,後,Ng
591,連,D
591,投,VC
591,保送,VC
591,，,COMMACATEGORY
591,使用,VC
591,球,Na
591,，,COMMACATEGORY
591,換,VC
591,陳禹勳,Nb
591,登板,VA
591,，,COMMACATEGORY
591,羅培茲,Nb
591,敲安帶有,VJ
591,分,VC
591,打點,Na
591,，,COMMACATEGORY
591,義大利,Nc
591,比,P
591,領先,VJ
591,局下,Nc
591,出局,VH
591,，,COMMACATEGORY
591,林立,VH
591,保送,VC
591,，,COMMACATEGORY
591,張育成,Nb
591,轟中,VCL
591,外野,Nc
591,分砲,VA
591,，,COMMACATEGORY
591,追平,VC
591,比,P
591,分比,Na
591,，,COMMACATEGORY
591,全,Neqa
591,場,Nf
591,球迷,Na
591,敬禮,VB
591,局下,Nc
591,出局,VH
591,，,COMMACATEGORY
591,陳傑憲,Nb
591,保送,VC
591,，,COMMACATEGORY
591,成晉,Nb
591,代,D
591,打敲,VC
591,中,Ng
591,外野,Nc
591,安打,Na
591,，,COMMACATEGORY
591,江坤宇,Nb
591,中,Ng
591,外野,Nc
591,安打,Na
591,，,COMMACATEGORY
591,形成,VG
591,滿壘,VH
591,，,COMMACATEGORY
591,范國宸,Nb
591,代打,VB
591,內野,Nc
591,安打,Na
591,，,COMMACATEGORY
591,打回,VCL
591,超前,VJ
591,分比,Na
591,呂彥青,Nb
591,局,Nc
591,上,Ncd
591,抓,VC
591,出局,VH
591,數,Na
591,後,Ng
591,，,COMMACATEGORY
591,投出,VC
591,保送,VC
591,，,COMMACATEGORY
591,換,VC
591,宋家豪,Nb
591,登板,VA
591,拆彈,Na
591,成功,VH
591,局下,Nc
591,張育成,Nb
591,觸身球,Na
591,吳念庭,Nb
591,敲安,VC
591,，,COMMACATEGORY
591,吉力吉撈,Nb
591,轟,D
591,分砲,VA
591,，,COMMACATEGORY
591,奠定,VC
591,勝基,Na
591,義大利,Nc
591,先發,VA
591,卡斯提拉尼,Nb
591,投局,Nc
591,被,P
591,敲,VC
591,安打,Na
591,，,COMMACATEGORY
591,失分,VH
591,退場,VA
591,，,COMMACATEGORY
591,義大利,Nc
591,全,Neqa
591,場,Nf
591,安打,Na
591,完整,VH
591,新聞,Na
591,連結,VC
591,////,FW
592,歡慶,Na
592,中華隊,Na
592,，,COMMACATEGORY
592,再,D
592,逆轉,VA
592,，,COMMACATEGORY
592,終於,D
592,把,P
592,鍋,Na
592,貼送還給,VD
592,義大利,Nc
592,，,COMMACATEGORY
592,炸裂,VC
592,全壘打,Na
592,，,COMMACATEGORY
592,全,Neqa
592,場,Nf
592,歡呼,VE
592,，,COMMACATEGORY
592,贏,VD
592,義大利,Nc
592,啦,T
592,明天,Nd
592,要,D
592,吃,VC
592,義大利,Nc
592,披薩,Na
592,，,COMMACATEGORY
592,目前,Nd
592,候選,VH
592,名單,Na
592,有,V_2
592,拿,VC
592,坡里,Nc
592,必勝,VH
592,客達,Nb
592,美樂,Na
592,古拉爵,Nb
592,三,Neu
592,餐,Na
592,都,D
592,吃,VC
592,披薩,Na
592,，,COMMACATEGORY
592,吃到,VC
592,撐,VC
592,為止,Ng
592,請問,VE
592,哪,Nep
592,家,Nf
592,最,Dfa
592,頂級,A
592,最,Dfa
592,有,V_2
592,義大利味,Na
592,呢,T
592,那些,Neqa
592,吵,VC
592,著,Di
592,要,D
592,吃,VC
592,鍋貼,Na
592,的,DE
592,酸民,Na
592,，,COMMACATEGORY
592,麻煩,Na
592,送去,VC
592,義大利,Nc
592,球隊,Na
592,^^,FW
593,新聞雲,Na
593,運動,Na
593,雲,VE
593,年,Na
593,月,Na
593,日,Na
593,記者,Na
593,王真魚,Nb
593,台中,Nc
593,報導,VE
593,萬,Neu
593,球迷,Na
593,捍衛,VC
593,台灣,Nc
593,主場,Na
593,義大利,Nc
593,教頭,Na
593,我,Nh
593,真的,D
593,受到,VJ
593,驚嚇,VC
593,經典賽,Na
593,義大利,Nc
593,今晚,Nd
593,面對,VC
593,擁有,VJ
593,主場,Na
593,絕對,A
593,優勢,Na
593,的,DE
593,中華隊,Na
593,，,COMMACATEGORY
593,單場,Na
593,苦吞轟,VA
593,，,COMMACATEGORY
593,終場,Na
593,比,P
593,吞敗,VC
593,皮亞薩,Nb
593,總教練賽,Na
593,後,Ng
593,直言,VE
593,坦白,VH
593,說,VE
593,，,COMMACATEGORY
593,這,Nep
593,場,Nf
593,比賽,Na
593,我,Nh
593,真的,D
593,受到,VJ
593,驚嚇,VC
593,，,COMMACATEGORY
593,這些,Neqa
593,啦啦隊,Na
593,球迷,Na
593,真的,D
593,非常,Dfa
593,有,V_2
593,活力,Na
593,中華隊,Na
593,今晚,Nd
593,捍衛,VC
593,主場,Na
593,，,COMMACATEGORY
593,林子偉,Nb
593,張育成,Nb
593,吉力吉撈,Nb
593,．,PERIODCATEGORY
593,鞏冠,Nb
593,開轟,VA
593,帶動,VC
593,攻勢,Na
593,，,COMMACATEGORY
593,屢,D
593,屢,D
593,有,V_2
593,得分,VH
593,機會,Na
593,，,COMMACATEGORY
593,場,Nc
593,邊,Ncd
593,嗆司,VA
593,應援,VC
593,連貫,VC
593,，,COMMACATEGORY
593,現場,Nc
593,大,VH
593,玩,VC
593,波浪舞,Na
593,，,COMMACATEGORY
593,彷彿,D
593,來到,VCL
593,大型,Na
593,夜店,Nc
593,很,Dfa
593,肯定,VK
593,台灣,Nc
593,選手,Na
593,的,DE
593,打擊,Na
593,，,COMMACATEGORY
593,非常,Dfa
593,不,D
593,簡單,VH
593,，,COMMACATEGORY
593,其實,D
593,我們,Nh
593,有,V_2
593,針對,P
593,佈陣,VA
593,，,COMMACATEGORY
593,但,Cbb
593,有時,D
593,情蒐,VC
593,提供,VD
593,的,DE
593,資料,Na
593,並,D
593,無法,D
593,涵蓋,VJ
593,所有,Neqa
593,狀況,Na
593,，,COMMACATEGORY
593,有時,D
593,有效,VH
593,，,COMMACATEGORY
593,有時,D
593,沒效,VH
593,皮亞薩,Nb
593,佩服,VJ
593,中華隊,Na
593,能,D
593,夠,VH
593,突破,VC
593,封鎖,VC
593,，,COMMACATEGORY
593,這,Nep
593,就,D
593,是,SHI
593,棒球,Na
593,，,COMMACATEGORY
593,他們,Nh
593,做到,VE
593,了,Di
593,，,COMMACATEGORY
593,很,Dfa
593,值得,VH
593,肯定,VK
593,義大利,Nc
593,在,P
593,競爭力,Na
593,相當,VH
593,的,DE
593,組,Nc
593,，,COMMACATEGORY
593,皮亞薩,Nb
593,透露,VE
593,，,COMMACATEGORY
593,今晚,Nd
593,受到,VJ
593,非常,Dfa
593,大,VH
593,的,DE
593,驚嚇,VC
593,，,COMMACATEGORY
593,當然,D
593,我,Nh
593,說,VE
593,的,DE
593,不,D
593,是,SHI
593,真的,D
593,驚嚇,VC
593,啦,T
593,，,COMMACATEGORY
593,是,SHI
593,台灣,Nc
593,球迷,Na
593,啦啦隊,Na
593,球迷,Na
593,非常,Dfa
593,有,V_2
593,活力,Na
593,他,Nh
593,苦笑稱,VE
593,，,COMMACATEGORY
593,就,D
593,像,P
593,我,Nh
593,賽前,Nd
593,所,D
593,說,VE
593,，,COMMACATEGORY
593,電視,Na
593,上,Ng
593,看,VE
593,是,SHI
593,另,Nes
593,回,Nf
593,事,Na
593,，,COMMACATEGORY
593,場,Nc
593,上,Ncd
593,是,SHI
593,另外,Da
593,種,Nf
593,感覺,Na
593,我,Nh
593,想,VE
593,台灣,Nc
593,選手,Na
593,從,P
593,球迷,Na
593,身,Na
593,上,Ncd
593,定,VC
593,得,DE
593,到,VC
593,很多,Neqa
593,能量,Na
593,，,COMMACATEGORY
593,被,P
593,打,VC
593,了,Di
593,發,VD
593,全壘打,Na
593,，,COMMACATEGORY
593,確實,D
593,很,Dfa
593,難,VH
593,吞下去,VB
593,，,COMMACATEGORY
593,但,Cbb
593,棒球,Na
593,就,D
593,是,SHI
593,這樣子,VH
593,，,COMMACATEGORY
593,需要,VK
593,時後,Na
593,無法,D
593,投出,VC
593,要,VC
593,的,DE
593,球,Na
593,，,COMMACATEGORY
593,只,Da
593,能,D
593,盡可能,D
593,反攻,VC
593,，,COMMACATEGORY
593,可,D
593,惜,VJ
593,無法,D
593,像,P
593,昨日,Nd
593,那樣,VH
593,，,COMMACATEGORY
593,創造,VC
593,重要,VH
593,的,DE
593,出局,VH
593,數,Na
593,皮亞薩,Nb
593,說,VE
593,義大利,Nc
593,比賽,Na
593,中,Ng
593,也,D
593,發生,VJ
593,幾,Neu
593,次,Nf
593,失誤,Na
593,，,COMMACATEGORY
593,皮亞薩坦,Nb
593,言,VE
593,，,COMMACATEGORY
593,或許,D
593,因為,Cbb
593,這些,Neqa
593,失誤,Na
593,改變,VC
593,比賽局,Nc
593,勢,Na
593,，,COMMACATEGORY
593,讓,VL
593,台灣,Nc
593,把握住,VC
593,機會,Na
593,，,COMMACATEGORY
593,也,D
593,可能,D
593,像,VG
593,剛剛,D
593,說,VE
593,的,DE
593,噪音,Na
593,，,COMMACATEGORY
593,多少,D
593,有,V_2
593,受,P
593,影響,VC
593,，,COMMACATEGORY
593,我們,Nh
593,撐過來,VA
593,了,T
593,，,COMMACATEGORY
593,這,Nep
593,是,SHI
593,場,Nf
593,很,Dfa
593,棒,VH
593,的,DE
593,比賽,Na
593,////,FW
594,棒球,Na
594,經典賽,Na
594,洲際,Nc
594,棒球場,Nc
594,看到,VE
594,很多,Neqa
594,正妹,Na
594,球迷,Na
594,但,Cbb
594,旁邊,Ncd
594,都,D
594,有,V_2
594,男伴,Na
594,單身,VH
594,的,DE
594,都,D
594,窩在,VCL
594,家,Nc
594,看,VC
594,嗎,T
594,有,V_2
594,沒,D
594,有,V_2
594,卦,Na
595,餓死,VHC
595,抬頭,VA
595,舉,VC
595,個,Nf
595,例子,Na
595,年,Na
595,王建民,Nb
595,封鎖,VC
595,日本,Nc
595,打線,VA
595,結果,Dk
595,換投,VC
595,就,D
595,爆炸,VH
595,要是,Cbb
595,今天,Nd
595,全壘打,Na
595,王,Na
595,沒,D
595,補,VC
595,個,Di
595,分砲,Na
595,進到,VCL
595,局,Nc
595,其實,D
595,中華隊,Na
595,會,D
595,很,Dfa
595,抖,VAC
595,吧,T
596,聯合,VC
596,新聞網,Na
596,//////,FW
596,經典賽,Na
596,福星,Na
596,呂彥青,Nb
596,球,Na
596,拆,VC
596,彈,VC
596,後,Ng
596,當,P
596,轉運手,Na
596,奪勝,VA
596,跟進,VA
596,嘟嘟,Nb
596,建仔,Nb
596,聯合報,Nb
596,記者,Na
596,陳宛晶,Nb
596,中華隊,Na
596,今天,Nd
596,讓,VL
596,洲際,Nc
596,棒球場,Nc
596,萬,Neu
596,球迷,Na
596,都,D
596,沸騰,VH
596,，,COMMACATEGORY
596,克服,VJ
596,兩,Neu
596,度,Nf
596,落後,VJ
596,，,COMMACATEGORY
596,福星,Na
596,呂彥青,Nb
596,的,DE
596,登板,VA
596,之後,Ng
596,，,COMMACATEGORY
596,張育成,Nb
596,第,Neu
596,局,Nf
596,敲追,VC
596,平,VH
596,兩,Neu
596,分,Nf
596,砲,Na
596,，,COMMACATEGORY
596,就,D
596,連,Cbb
596,第,Neu
596,局,Nf
596,兩,Neu
596,度,Nf
596,啟用,VC
596,代打,VB
596,結局,Na
596,都,D
596,是,SHI
596,好,VH
596,的,T
596,，,COMMACATEGORY
596,中華隊,Na
596,終場,Na
596,擊,VC
596,敗,VH
596,義大利隊,Na
596,，,COMMACATEGORY
596,在,P
596,本,Nes
596,屆,Nf
596,世界,Nc
596,棒球,Na
596,經典賽,Na
596,拿到,VC
596,第,Neu
596,勝,VH
596,，,COMMACATEGORY
596,呂彥青,Nb
596,中繼,Na
596,兩,Neu
596,局,Nf
596,無,D
596,失分,VH
596,奪勝,VH
596,，,COMMACATEGORY
596,成為,VG
596,史,Na
596,上,Ncd
596,第,Neu
596,人第,Na
596,人次,Na
596,在,P
596,經典賽,Na
596,奪勝,VH
596,的,DE
596,中華隊,Na
596,投手,Na
596,中華隊,Na
596,此,Nep
596,役,Na
596,共用,VC
596,任,VG
596,投手,Na
596,，,COMMACATEGORY
596,先發,VA
596,投手,Na
596,江少慶,Nb
596,之後,Ng
596,，,COMMACATEGORY
596,王維中,Nb
596,陳冠宇,Nb
596,陳禹勳,Nb
596,呂彥青,Nb
596,宋,Nd
596,家豪,Nb
596,依序,D
596,接手,VC
596,，,COMMACATEGORY
596,守下,VC
596,這,Nep
596,場,Nf
596,勝利,VH
596,呂彥青,Nb
596,的,DE
596,局,Nc
596,投球,VA
596,任內,Na
596,，,COMMACATEGORY
596,先,D
596,是,SHI
596,球,Na
596,成功,VH
596,凍結,VC
596,跑者,Na
596,，,COMMACATEGORY
596,中華隊,Na
596,運勢,Na
596,也,D
596,跟,P
596,著,Di
596,順,VJ
596,起來,Di
596,，,COMMACATEGORY
596,第,Neu
596,局,Nf
596,張育成,Nb
596,兩,Neu
596,分,Nf
596,砲,Na
596,，,COMMACATEGORY
596,第,Neu
596,局,Nf
596,兩,Neu
596,次,Nf
596,代打,VB
596,結局,Na
596,都,D
596,是,SHI
596,好,VH
596,的,T
596,，,COMMACATEGORY
596,中華隊,Na
596,從,P
596,追平,VC
596,到,P
596,超前,VJ
596,，,COMMACATEGORY
596,呂彥青,Nb
596,也,D
596,因此,Cbb
596,奪得,VC
596,勝投,Na
596,中華隊,Na
596,拿下,VC
596,本,Nes
596,屆,Nf
596,賽事,Na
596,首,Nes
596,勝,VH
596,經典賽,Na
596,史,Na
596,上,Ncd
596,第,Neu
596,勝,VH
596,，,COMMACATEGORY
596,過去,Nd
596,勝,VH
596,的,DE
596,勝利,VH
596,投手,Na
596,依序,D
596,是,SHI
596,潘威倫,Nb
596,王建民,Nb
596,潘威倫,Nb
596,，,COMMACATEGORY
596,呂彥青,Nb
596,成為,VG
596,史,Na
596,上,Ncd
596,第,Neu
596,人第,Na
596,人次,Na
596,在,P
596,經典賽,Na
596,奪勝,VH
596,的,DE
596,中華隊,Na
596,投手,Na
596,心得,Na
596,附註,VE
596,///,FW
596,呂寶,Nb
596,今天,Nd
596,生日,Na
596,，,COMMACATEGORY
596,用,P
596,經典賽,Na
596,勝投,Na
596,當,VG
596,生日,Na
596,禮物,Na
596,讚,VC
596,喔,T
596,請,VF
596,大家,Nh
596,祝,VE
596,呂寶,Nb
596,生日快樂,VH
597,備註,VE
597,請,VF
597,放,VC
597,最後,Nd
597,面違,VC
597,者,Na
597,新聞,Na
597,文章,Na
597,刪除,VC
597,媒體,Na
597,來源,Na
597,東森,Nc
597,新聞,Na
597,雲,VE
597,記者,Na
597,署名,VC
597,記者,Na
597,陳依旻,Nb
597,台北,Nc
597,報導,VE
597,完整,VH
597,新聞,Na
597,標題,Na
597,獨,D
597,砸,VC
597,萬,Neu
597,挺,Nf
597,中華隊,Na
597,爽抱,VC
597,萬,Neu
597,咖啡店,Nc
597,股東,Na
597,嗨爆,VC
597,完整,VH
597,新聞,Na
597,內文,Na
597,/////,FW
597,記者,Na
597,陳依旻,Nb
597,台北,Nc
597,報導,VE
597,中華隊,Na
597,開胡,VA
597,了,Di
597,即使,Cbb
597,首,Nes
597,戰,Na
597,輸給,VD
597,巴拿馬,Nc
597,，,COMMACATEGORY
597,但,Cbb
597,有,V_2
597,死忠,VH
597,球迷,Na
597,仍然,D
597,相當,Dfa
597,力挺,VC
597,，,COMMACATEGORY
597,帶,VC
597,著,Di
597,必勝,VH
597,決心,Na
597,狠,VH
597,砸,VC
597,萬,Neu
597,，,COMMACATEGORY
597,中途,Nc
597,看到,VE
597,，,COMMACATEGORY
597,沒想到,D
597,最後,Nd
597,中華隊,Na
597,真的,D
597,贏,VD
597,了,Di
597,，,COMMACATEGORY
597,讓,VL
597,他,Nh
597,當場,D
597,爽抱,VC
597,萬,Neu
597,，,COMMACATEGORY
597,前天,Nd
597,慘賠,VH
597,的,DE
597,萬,Neu
597,也,D
597,補回來,VC
597,了,Di
597,中華民國,Nc
597,運動,Na
597,彩券,Na
597,經銷商,Na
597,商業,Na
597,同業,Na
597,公會,Nc
597,理事長,Na
597,何昱奇,Nb
597,告訴,VE
597,新聞雲,Nb
597,指出,VE
597,，,COMMACATEGORY
597,這,Nep
597,位,Nf
597,幸運兒,Na
597,是,SHI
597,咖啡店,Nc
597,股東,Na
597,，,COMMACATEGORY
597,堅信,VK
597,中華隊,Na
597,定揮出,VC
597,好,VH
597,成,VG
597,績,VC
597,賽事,Na
597,的,DE
597,過程,Na
597,中,Ng
597,，,COMMACATEGORY
597,中華隊,Na
597,也,D
597,不,D
597,負,VJ
597,她,Nh
597,的,DE
597,期望,Na
597,打完,VC
597,局,Nc
597,取得,VC
597,比,P
597,領先,VJ
597,，,COMMACATEGORY
597,讓,VL
597,她,Nh
597,越,D
597,看,VC
597,越,D
597,有,V_2
597,信心,Na
597,，,COMMACATEGORY
597,卯起,VC
597,來,VA
597,場,Nf
597,中,Ncd
597,投注,VC
597,，,COMMACATEGORY
597,中間局,Nc
597,中華隊,Na
597,守,VC
597,不,D
597,住,VC
597,義大利,Nc
597,的,DE
597,攻勢,Na
597,，,COMMACATEGORY
597,陷入,VCL
597,比,P
597,落後,VJ
597,，,COMMACATEGORY
597,也,D
597,讓,VL
597,她,Nh
597,差點,D
597,噴,VC
597,鼻血,Na
597,，,COMMACATEGORY
597,沒想到,D
597,，,COMMACATEGORY
597,台灣隊,Na
597,第棒,Na
597,張育成,Nb
597,在,P
597,局,Nc
597,下,Ncd
597,，,COMMACATEGORY
597,棒助,VC
597,中華隊,Na
597,追平,VC
597,比分,Na
597,，,COMMACATEGORY
597,讓,VL
597,她,Nh
597,當場,D
597,也,D
597,在,P
597,螢幕,Na
597,前,Ncd
597,跟,P
597,著,VC
597,現場,Nc
597,近,Nes
597,萬,Neu
597,名,Nf
597,球迷,Na
597,起立,VA
597,敬禮,VB
597,，,COMMACATEGORY
597,最後,Nd
597,爽抱,VC
597,萬,Neu
597,完整,VH
597,新聞,Na
597,連結,VC
597,或,Caa
597,短,VH
597,網址,Na
597,不可,D
597,用,VC
597,等,Cab
597,轉載,VC
597,媒體,Na
597,////,FW
597,備註,VE
598,媒體,Na
598,來源,Na
598,中,Ng
598,時,Ng
598,記者,Na
598,署名,VC
598,丁世傑,Nb
598,中時,Nb
598,鄭任南,Nb
598,完整,VH
598,新聞,Na
598,標題,Na
598,中華隊,Na
598,擊敗,VC
598,義大利,Nc
598,滿志,Nb
598,剛,D
598,兌現,VC
598,承諾,VE
598,明發,Nb
598,顆,Nf
598,雞蛋,Na
598,完整,VH
598,新聞,Na
598,內文,Na
598,///,FW
598,台北市,Nc
598,議會,Nc
598,吳志剛,Nb
598,辦公室,Nc
598,主任,Na
598,台北市,Nc
598,青年,Na
598,工作,VA
598,委員會,Nc
598,總會長,Na
598,滿志剛,Nb
598,日,Nd
598,表示,VE
598,，,COMMACATEGORY
598,只要,Cbb
598,中華,Nc
598,隊,Na
598,今天,Nd
598,打敗,VC
598,義大利,Nc
598,，,COMMACATEGORY
598,我,Nh
598,就,D
598,發出,VC
598,顆,Nf
598,雞蛋,Na
598,中華隊,Na
598,最後,Nd
598,以,P
598,比,P
598,擊退,VC
598,義大利,Nc
598,，,COMMACATEGORY
598,滿志,Nb
598,剛,D
598,稱,VE
598,說到,VE
598,做到,VE
598,，,COMMACATEGORY
598,明天,Nd
598,下午,Nd
598,立刻,D
598,實踐,VC
598,諾言,Na
598,，,COMMACATEGORY
598,明天,Nd
598,上午,Nd
598,九點,Nd
598,左右,Ng
598,將,D
598,公佈,VE
598,領,VC
598,蛋,Na
598,時間,Na
598,及,Caa
598,地點,Na
598,，,COMMACATEGORY
598,請,VF
598,再,D
598,關注,VJ
598,喔,T
598,由於,Cbb
598,中華隊,Na
598,首,Nes
598,場,Nf
598,對,P
598,巴拿馬,Nc
598,的,DE
598,結果,Na
598,不如,VJ
598,預期,Na
598,，,COMMACATEGORY
598,日晚,Nd
598,七點,Nd
598,，,COMMACATEGORY
598,中華隊,Na
598,背水戰,Nb
598,，,COMMACATEGORY
598,迎戰,VC
598,延長賽,Na
598,險勝,VH
598,古巴,Nc
598,的,DE
598,義大利,Nc
598,滿志,Nb
598,剛,D
598,賽,VJ
598,前,Ng
598,稱,VE
598,，,COMMACATEGORY
598,沒有,VJ
598,人,Na
598,想,VE
598,輸,VD
598,，,COMMACATEGORY
598,多,Neqa
598,年,Nf
598,的,DE
598,努力,Nv
598,就,D
598,是,SHI
598,為了,P
598,在,P
598,國人,Na
598,面前,Nc
598,展現,VC
598,風采,Na
598,，,COMMACATEGORY
598,球,Na
598,迷,VL
598,能,D
598,做,VC
598,的,DE
598,就,D
598,是,SHI
598,支持,VC
598,再,D
598,支持,VC
598,應援,VC
598,再,D
598,應援,VC
598,球場,Nc
598,上,Ncd
598,的,DE
598,事,Na
598,，,COMMACATEGORY
598,就,D
598,拜託,VC
598,中華,Nc
598,英雄,Na
598,了,T
598,滿志剛,Nb
598,賽,Na
598,前,Ng
598,承諾,VE
598,，,COMMACATEGORY
598,只要,Cbb
598,中華隊,Na
598,今天,Nd
598,打敗,VC
598,義大利,Nc
598,，,COMMACATEGORY
598,他,Nh
598,就,D
598,發出,VC
598,顆,Nf
598,雞蛋,Na
598,中華隊,Na
598,最後,Nd
598,以,P
598,比,VC
598,擊退,VC
598,義大利,Nc
598,，,COMMACATEGORY
598,滿志,Nb
598,剛,D
598,說說,VE
598,到,P
598,做到,VE
598,，,COMMACATEGORY
598,明天,Nd
598,下午,Nd
598,立刻,D
598,實踐,VC
598,諾言,Na
598,，,COMMACATEGORY
598,明天,Nd
598,上午,Nd
598,九點,Nd
598,左右,Ng
598,將,D
598,公佈,VE
598,領,VC
598,蛋,Na
598,時間,Na
598,及,Caa
598,地點,Na
598,，,COMMACATEGORY
598,請,VF
598,再,D
598,關注,VJ
598,喔,T
598,完整,VH
598,新聞,Na
598,連結,VC
598,或,Caa
598,短,VH
598,網址,Na
598,不可,D
598,用,VC
598,等,Cab
598,轉載,VC
598,媒體,Na
598,///,FW
598,備註,VE
598,///,FW
599,媒體,Na
599,來源,Na
599,記者,Na
599,署名,VC
599,張良瑜,Nb
599,完整,VH
599,新聞,Na
599,標題,Na
599,經典賽,Na
599,迎接,VC
599,洲際,Nc
599,棒球場,Nc
599,砍掉,VC
599,重練,Na
599,斥資,VC
599,千萬,Neu
599,翻新,VC
599,完整,VH
599,新聞,Na
599,內文,Na
599,///,FW
599,台中,Nc
599,洲際,Nc
599,棒球場,Nc
599,全面,D
599,翻新,VC
599,圖,VF
599,張良瑜,Nb
599,攝,VC
599,世界,Nc
599,棒球,Na
599,經典賽,Na
599,倒數,VA
599,五,Neu
599,天,Nf
599,，,COMMACATEGORY
599,今天,Nd
599,悍創,Nb
599,運動,Na
599,行銷,Na
599,特別,VH
599,舉辦,VC
599,洲際,Nc
599,棒球場,Nc
599,媒體,Na
599,日,Na
599,開箱,VA
599,，,COMMACATEGORY
599,搶先,VA
599,直擊,VC
599,斥資,VC
599,千萬,Neu
599,翻新,VC
599,的,DE
599,頂規,Na
599,球場,Nc
599,中華,Nc
599,棒協,Nc
599,代表,Na
599,王裕盛,Nb
599,表示,VE
599,，,COMMACATEGORY
599,為了,P
599,迎接,VC
599,經典賽,Na
599,，,COMMACATEGORY
599,台中,Nc
599,洲際,Nc
599,棒球場,Nc
599,幾乎,Da
599,全面,D
599,翻新,VC
599,，,COMMACATEGORY
599,包含,VJ
599,草皮,Na
599,紅土,Na
599,和,Caa
599,光線,Na
599,都,D
599,砍掉,VC
599,重練,Na
599,///,FW
599,洲際,Nc
599,棒球場,Nc
599,草皮,Na
599,重種,Na
599,圖,VF
599,張良瑜,Nb
599,攝,VC
599,中華,Nc
599,棒協,Nc
599,代表,Na
599,王裕盛,Nb
599,指出,VE
599,，,COMMACATEGORY
599,為了,P
599,翻新,VC
599,球場,Nc
599,，,COMMACATEGORY
599,草皮,Na
599,全部,Neqa
599,重新,D
599,種植,VC
599,，,COMMACATEGORY
599,換成,VG
599,百慕達,Nc
599,跟,Caa
599,黑麥草,Na
599,混種,A
599,，,COMMACATEGORY
599,媒體日,Nd
599,這,Nep
599,天,Nf
599,灑水,VA
599,維護,VC
599,作業,Na
599,持續,VL
599,進行,VC
599,，,COMMACATEGORY
599,球場,Nc
599,旁,Ncd
599,拉起,VC
599,紅龍,Na
599,，,COMMACATEGORY
599,除了,P
599,養護,VC
599,人員,Na
599,外律,Na
599,不能,D
599,踏入,VCL
599,另,Cbb
599,球場,Nc
599,若,Cbb
599,有,V_2
599,高低,Na
599,落差,Na
599,，,COMMACATEGORY
599,也,D
599,整合成,VG
599,水平致,Na
599,，,COMMACATEGORY
599,使,VL
599,接縫,Na
599,觸平,VH
599,整壘包,Na
599,放置,VC
599,定位,Na
599,過去,Nd
599,風,Na
599,大,VH
599,時,Ng
599,會,D
599,有,V_2
599,沙塵暴,Na
599,，,COMMACATEGORY
599,如今,Nd
599,紅土,Na
599,全面,D
599,汰換,VC
599,，,COMMACATEGORY
599,投手,Na
599,丘,Nb
599,打擊區,Nc
599,和,Caa
599,守備區,Nc
599,的,DE
599,紅土,Na
599,皆,D
599,個別,A
599,依照,P
599,比例,Na
599,調配,VC
599,優,VH
599,化,VG
599,排水,Nv
599,系統,Na
599,燈光,Na
599,照明度,Na
599,均勻,VH
599,等等,Cab
599,，,COMMACATEGORY
599,希望,VK
599,能,D
599,讓,VL
599,賽事,Na
599,順利,VH
599,進行,VC
599,///,FW
599,全球,Nc
599,僅,Da
599,四,Neu
599,顆,Nf
599,棒球,Na
599,裝置,VC
599,藝術,Na
599,圖,VF
599,張良瑜,Nb
599,攝,VC
599,另外,Cbb
599,今天,Nd
599,洲際,Nc
599,棒球場,Nc
599,門口,Nc
599,也,D
599,擺出,VC
599,斥資,VC
599,兩萬,Neu
599,美金,Na
599,打造,VC
599,的,DE
599,棒球,Na
599,裝置,VC
599,藝術,Na
599,，,COMMACATEGORY
599,開幕,VH
599,後,Ng
599,可,D
599,供,VF
599,民眾,Na
599,打卡,VA
599,拍照,VB
599,設計師,Na
599,李政瀚,Nb
599,表示,VE
599,，,COMMACATEGORY
599,這,Nep
599,顆,Nf
599,棒球,Na
599,全,Neqa
599,世界,Nc
599,只,Da
599,有,V_2
599,四,Neu
599,顆,Nf
599,，,COMMACATEGORY
599,分別,D
599,在,P
599,美國,Nc
599,鳳凰城,Nc
599,邁阿密,Nc
599,日本,Nc
599,東京,Nc
599,和,Caa
599,台灣,Nc
599,台中,Nc
599,由於,Cbb
599,台灣,Nc
599,是,SHI
599,海島型,Na
599,國家,Na
599,，,COMMACATEGORY
599,因此,Cbb
599,棒球,Na
599,也,D
599,畫上,VC
599,豐富,VHC
599,的,DE
599,大自然,Nc
599,景觀,Na
599,特色,Na
599,台灣,Nc
599,獨有,VJ
599,的,DE
599,河川,Na
599,山脈,Na
599,景致,Na
599,，,COMMACATEGORY
599,搭配,VC
599,布袋戲臺,Nc
599,客家,Na
599,花布,Na
599,和,Caa
599,窗櫺,Na
599,的,DE
599,設計,Na
599,花紋,Na
599,，,COMMACATEGORY
599,棒球,Na
599,後方,Ncd
599,也,D
599,放上,VC
599,太陽,Na
599,餅,Na
599,，,COMMACATEGORY
599,象徵,VK
599,台中,Nc
599,特產,Na
599,///,FW
599,洲際,Nc
599,棒球場室,Nc
599,提供,VD
599,現,D
599,切,VC
599,牛排,Na
599,圖,VF
599,張良瑜,Nb
599,攝,VC
599,台中,Nc
599,洲際,Nc
599,棒球場,Nc
599,整備,VC
599,已,D
599,近乎,VG
599,完工,VB
599,，,COMMACATEGORY
599,球員,Na
599,重訓室,Nc
599,等等,Cab
599,重新,D
599,整修,VC
599,翻新,VC
599,後,Ng
599,，,COMMACATEGORY
599,中職,Na
599,賽季,Na
599,開始,VL
599,後,Nd
599,將,D
599,讓,VL
599,中信,Nb
599,兄弟,Na
599,沿用,VC
599,，,COMMACATEGORY
599,盼,VK
599,透過,P
599,高,VH
599,規格,Na
599,籌備,VC
599,，,COMMACATEGORY
599,提供,VD
599,國際,Nc
599,貴賓,Na
599,和,Caa
599,球員,Na
599,，,COMMACATEGORY
599,以及,Caa
599,世界,Nc
599,各,Nes
599,地,Na
599,球迷,Na
599,優質,A
599,的,DE
599,比賽,Na
599,環境,Na
599,完整,VH
599,新聞,Na
599,連結,VC
599,或,Caa
599,短,VH
599,網址,Na
599,不可,D
599,用,VC
599,等,Cab
599,轉載,VC
599,媒體,Na
599,////,FW
599,備註,VE
599,開打,VH
599,到,P
599,今天,Nd
599,過,VCL
599,了,Di
599,三,Neu
599,天,Nf
599,到,VCL
599,了,Di
599,今天,Nd
599,拿下,VC
599,首,Nes
599,勝,VH
599,球場,Nc
599,經過,VCL
599,這,Nep
599,幾,Neu
599,天,Nf
599,的,DE
599,驗證,VE
599,，,COMMACATEGORY
599,大家,Nh
599,覺得,VK
599,這,Nep
599,個,Nf
599,斥,VC
599,巨資,Na
599,兩千萬,Neu
599,更新,VC
599,的,DE
599,球場,Nc
599,這,Nep
599,錢,Na
599,花,VC
599,的,DE
599,值得,VH
599,嗎,T
600,鄭成功,Nb
600,除了,P
600,是,SHI
600,抗,VJ
600,荷,Nc
600,英雄,Na
600,外,Ng
600,也,D
600,殺,VC
600,了,Di
600,不少,Neqa
600,原住民,Na
600,手下,Na
600,劉國軒,Nb
600,把,P
600,某,Nes
600,社,Nc
600,殺到,VCL
600,快滅社,Nc
600,雖然,Cbb
600,殺,VC
600,的,DE
600,多數,Neqa
600,是,SHI
600,平埔族,Nb
600,但,Cbb
600,肯定,VK
600,也,D
600,有,V_2
600,高山族,Nb
600,被,P
600,欺壓,VC
600,的,DE
600,而,Cbb
600,中華隊,Na
600,選手,Na
600,堆,VC
600,原住民,Na
600,選手,Na
600,打,VC
600,荷蘭,Nc
600,真的,D
600,要,D
600,講出,VC
600,鄭成功,Nb
600,嗎,T
601,先,D
601,恭喜,VJ
601,中華隊,Na
601,今晚,Nd
601,贏,VD
601,球,Na
601,啦,T
601,秉持,VJ
601,體育,Na
601,精神,Na
601,也,D
601,感謝,VK
601,義大利隊,Na
601,的,DE
601,好,VH
601,對手,Na
601,們,Na
601,如果,Cbb
601,要,D
601,款待,VC
601,這些,Neqa
601,外國,Nc
601,球員,Na
601,該,D
601,開,VC
601,什麼,Nep
601,菜單,Na
601,帶,VC
601,他們,Nh
601,去,VCL
601,必勝客,Nb
601,會不會,D
601,演變成,VG
601,外交,Na
601,事件,Na
601,啊,T
601,有,V_2
601,卦,Na
601,否,T
602,蛋雞,Na
602,勒,VC
602,才,Da
602,萬,D
602,是,SHI
602,能,D
602,整修,VC
602,什麼,Nep
602,鬼,Na
602,你,Nh
602,敢,VL
602,修,VC
602,我,Nh
602,還,D
602,不,D
602,敢,VL
602,用,VC
602,勒,VC
602,正常,VH
602,光,Da
602,是,SHI
602,球場,Nc
602,排水,Nv
602,工程,Na
602,翻新,VC
602,就,D
602,不只,Da
602,萬,Neu
602,了,T
602,我,Nh
602,建議,VE
602,檢調,Na
602,定,D
602,要,D
602,深入,VH
602,調查,VE
602,是,SHI
602,不,D
602,是,SHI
602,有,V_2
602,惡質,A
602,廠商,Na
602,故意,VL
602,賠本,VH
602,資,Na
602,敵,Na
602,目的,Na
602,是,SHI
602,打擊,Na
602,腳踏實地,VH
602,，,COMMACATEGORY
602,老實,VH
602,報價,VA
602,的,DE
602,古意人,Na
602,廠商,Na
602,像是,SHI
602,新竹,Nc
602,球場,Nc
602,☺☺☺☺☺,FW
602,，,COMMACATEGORY
602,中,Nc
602,種,VC
602,會,D
602,優,VH
602,卡,Na
602,本,Nes
602,灣,Na
602,陽,Na
602,始,D
602,質,Na
603,經典賽,Na
603,連,Cbb
603,外媒,Na
603,都,D
603,好奇,VH
603,敬禮,VB
603,手勢,Na
603,由來,Na
603,張育成,Nb
603,言,VE
603,難,VH
603,盡,VJ
603,聯合報,Nb
603,/,FW
603,記者,Na
603,陳宛晶,Nb
603,/,FW
603,台中,Nc
603,即時,VH
603,報導,VE
603,中華隊,Na
603,今天,Nd
603,歷經,VJ
603,苦戰,Na
603,，,COMMACATEGORY
603,以,P
603,擊敗,VC
603,義大利隊,Na
603,，,COMMACATEGORY
603,在,P
603,世界,Nc
603,棒球,Na
603,經典賽,Na
603,開張,VA
603,勝場,Na
603,，,COMMACATEGORY
603,張育成,Nb
603,追平,VC
603,兩,Neu
603,分,Nf
603,砲,Na
603,是,SHI
603,維繫,VJ
603,氣勢,Na
603,不,D
603,墜,VA
603,的,DE
603,關鍵,Na
603,，,COMMACATEGORY
603,他,Nh
603,的,DE
603,敬禮,VB
603,手勢,Na
603,也,D
603,引起,VC
603,外媒,Na
603,好奇,VH
603,，,COMMACATEGORY
603,賽,Na
603,後,Ng
603,提問,VC
603,慶祝,VE
603,手勢,Na
603,由來,Na
603,，,COMMACATEGORY
603,連,Cbb
603,總教練,Na
603,林岳平,Nb
603,都,D
603,笑,VA
603,了,Di
603,，,COMMACATEGORY
603,張育成,Nb
603,則,D
603,是,SHI
603,言難盡,VE
603,中華隊,Na
603,今天,Nd
603,面臨,VK
603,兩,Neu
603,度,Nf
603,落後,VJ
603,，,COMMACATEGORY
603,洲際,Nc
603,棒球場,Nc
603,數,Neu
603,度,Nf
603,靜默,VH
603,變成,VG
603,洲際,Nc
603,圖書館,Nc
603,，,COMMACATEGORY
603,第,Neu
603,局,Nf
603,成為,VG
603,關鍵,Na
603,，,COMMACATEGORY
603,呂彥,Nb
603,青登板球,Na
603,拆彈,VA
603,，,COMMACATEGORY
603,局,Nc
603,下,Ncd
603,就,D
603,出現,VH
603,張育成,Nb
603,的,DE
603,追平,VC
603,兩,Neu
603,分,Nf
603,砲,Na
603,被,P
603,問到,VE
603,當下,D
603,在,P
603,球隊,Na
603,比較,Dfa
603,低迷,VH
603,時,Ng
603,開轟,VA
603,，,COMMACATEGORY
603,張育成,Nb
603,解釋,VE
603,，,COMMACATEGORY
603,其實,D
603,那時,Nd
603,我們,Nh
603,的,DE
603,氣勢,Na
603,沒有,D
603,那麼,D
603,低迷,VH
603,，,COMMACATEGORY
603,兩,Neu
603,出局,VH
603,壘,Na
603,有,V_2
603,人,Na
603,，,COMMACATEGORY
603,只是,Cbb
603,想,VE
603,推進到,VC
603,二壘,Na
603,，,COMMACATEGORY
603,剛好,VH
603,直球,Na
603,紅,VH
603,中,Ng
603,，,COMMACATEGORY
603,就,D
603,積極,VH
603,攻擊,VC
603,，,COMMACATEGORY
603,沒想到,D
603,有,V_2
603,很,Dfa
603,好,VH
603,的,DE
603,結,VC
603,果,Cbb
603,外國,Nc
603,媒體,Na
603,緊接著,D
603,詢問,VE
603,他,Nh
603,的,DE
603,敬禮,VB
603,手勢,Na
603,，,COMMACATEGORY
603,林岳平,Nb
603,當場,D
603,露出,VC
603,微妙,VH
603,的,DE
603,笑容,Na
603,，,COMMACATEGORY
603,張育成,Nb
603,則,D
603,笑答,VE
603,，,COMMACATEGORY
603,這,Nep
603,應該,D
603,要,D
603,請,VF
603,在場,Nv
603,媒體,Na
603,幫忙,VC
603,說明,VE
603,這,Nep
603,轟,D
603,讓,VL
603,中華隊,Na
603,重新,D
603,回到,VCL
603,戰局,Na
603,中,Ng
603,，,COMMACATEGORY
603,張育成,Nb
603,繞壘,VA
603,時,Ng
603,，,COMMACATEGORY
603,全,Neqa
603,場,Nf
603,萬,Neu
603,名,Nf
603,球迷,Na
603,為,P
603,他,Nh
603,喝彩,VB
603,，,COMMACATEGORY
603,他,Nh
603,說,VE
603,當下,Nd
603,自,Nh
603,己,Nh
603,也,D
603,很,Dfa
603,興奮,VH
603,，,COMMACATEGORY
603,平手,VH
603,後,Ng
603,更,Dfa
603,希望,VK
603,後面,Ncd
603,可以,D
603,再,D
603,有,V_2
603,分數,Na
603,，,COMMACATEGORY
603,剛好,VH
603,他,Nh
603,吉力吉撈,Nb
603,．,PERIODCATEGORY
603,鞏冠,Nb
603,又,D
603,打,VC
603,全壘打,Na
603,//////,FW
603,_,FW
603,備註,VE
603,///,FW
603,我,Nh
603,言,VE
603,難盡,VH
603,~,FW
604,這,Nep
604,次,Nf
604,義大利,Nc
604,發揮,VJ
604,的,DE
604,很,Dfa
604,不錯,VH
604,造成,VK
604,我們,Nh
604,中華隊,Na
604,很,Dfa
604,大,VH
604,的,DE
604,壓力,Na
604,有來有,D
604,往,P
604,投手,Na
604,打擊,Na
604,都,D
604,比,P
604,想像,VK
604,中,Ng
604,的,DE
604,好,VH
604,中間,Ncd
604,還,D
604,有,V_2
604,領先,VJ
604,差點,D
604,以為,VE
604,中華隊,Na
604,要,D
604,翻船,VH
604,了,T
604,雖然,Cbb
604,義大利,Nc
604,最後,Nd
604,落敗,VH
604,有點,Dfa
604,可惜,VH
604,但,Cbb
604,也,D
604,不,D
604,需要,VK
604,為,P
604,他們,Nh
604,多,D
604,擔心,VK
604,這,Nep
604,是,SHI
604,種,Nf
604,很,Dfa
604,有,V_2
604,實力,Na
604,的,DE
604,球隊,Na
604,將來,Nd
604,幾,Neu
604,場,Nf
604,應該,D
604,會,D
604,有,V_2
604,很,Dfa
604,好,VH
604,的,DE
604,發揮,VJ
605,備註,VE
605,請,VF
605,放,VC
605,最後,Nd
605,面違,VC
605,者,Na
605,新聞,Na
605,文章,Na
605,刪除,VC
605,媒體,Na
605,來源,Na
605,中時,Nb
605,新聞網,Na
605,記者,Na
605,署名,VC
605,//,FW
605,中時,Nb
605,新聞網,Na
605,謝雅柔,Nb
605,完整,VH
605,新聞,Na
605,標題,Na
605,他,Nh
605,喊,VE
605,中華隊,Na
605,贏,VD
605,義大利,Nc
605,送,VD
605,顆,Nf
605,雞蛋,Na
605,徐巧芯,Nb
605,讚狂,VH
605,完整,VH
605,新聞,Na
605,內文,Na
605,//////,FW
605,國內,Nc
605,缺,VJ
605,蛋,Na
605,問題,Na
605,持續,VL
605,，,COMMACATEGORY
605,不少,Neqa
605,人,Na
605,買,VC
605,不,D
605,到,VC
605,雞蛋,Na
605,資料照,Na
605,",",COMMACATEGORY
605,郭吉銓,Nb
605,攝,VC
605,//////,FW
605,國民黨,Nb
605,台北市,Nc
605,議員,Na
605,徐巧芯,Nb
605,中時,Nb
605,資料,Na
605,照,P
605,世界,Nc
605,棒球,Na
605,經典,Na
605,賽組,Nv
605,賽事,Na
605,在,P
605,台中,Nc
605,洲際,Nc
605,球場,Nc
605,開打,VH
605,，,COMMACATEGORY
605,國人,Na
605,再,D
605,掀,VC
605,棒球熱,Na
605,，,COMMACATEGORY
605,首,Nes
605,戰,Na
605,輸給,VD
605,巴拿馬,Nc
605,的,DE
605,中華隊,Na
605,，,COMMACATEGORY
605,今晚,Nd
605,將,D
605,迎戰,VC
605,義大利,Nc
605,，,COMMACATEGORY
605,由,P
605,江少慶,Nb
605,抗下,VA
605,先發,VA
605,投手,Na
605,重任,Na
605,，,COMMACATEGORY
605,全力,D
605,搶勝,VA
605,許多,Neqa
605,政治,Na
605,人物,Na
605,也,D
605,紛紛,D
605,發出,VC
605,祭品,Na
605,文幫,VC
605,中華隊,Na
605,集氣,VA
605,，,COMMACATEGORY
605,其中,Nep
605,國民黨,Nb
605,台北市,Nc
605,青工,Na
605,總會長,Na
605,滿志剛,Nb
605,表示,VE
605,，,COMMACATEGORY
605,只要,Cbb
605,中華隊,Na
605,今天,Nd
605,打敗,VC
605,義大利,Nc
605,，,COMMACATEGORY
605,他,Nh
605,就,D
605,發出,VC
605,顆,Nf
605,雞蛋,Na
605,，,COMMACATEGORY
605,此,Nep
605,舉,Na
605,讓,VL
605,國民黨,Nb
605,台北市,Nc
605,議員,Na
605,徐巧芯,Nb
605,直,D
605,呼,VE
605,太,Dfa
605,狂,VH
605,啦,T
605,滿志剛,Nb
605,今日,Nd
605,在,P
605,臉書,Na
605,指出,VE
605,，,COMMACATEGORY
605,即使,Cbb
605,首,Nes
605,場,Nf
605,對,P
605,巴拿馬,Nc
605,的,DE
605,結果,Na
605,不如,VJ
605,預期,Na
605,，,COMMACATEGORY
605,中華隊,Na
605,今晚,Nd
605,將,D
605,迎戰,VC
605,昨天,Nd
605,延長賽,Na
605,險勝,VH
605,古巴,Nc
605,的,DE
605,義大利,Nc
605,，,COMMACATEGORY
605,關關,Neqa
605,難過,VK
605,還,D
605,需,VK
605,關關,D
605,過,Di
605,，,COMMACATEGORY
605,全民,Na
605,當,VG
605,後盾,Na
605,，,COMMACATEGORY
605,起為,VG
605,中華隊,Na
605,加油,VB
605,，,COMMACATEGORY
605,只要,Cbb
605,中華隊,Na
605,今天,Nd
605,打敗,VC
605,義大利,Nc
605,，,COMMACATEGORY
605,我,Nh
605,就,D
605,發出,VC
605,顆,Nf
605,雞蛋,Na
605,滿志,Nb
605,剛,D
605,強調,VE
605,，,COMMACATEGORY
605,沒有,VJ
605,人,Na
605,想,VE
605,輸,VD
605,，,COMMACATEGORY
605,球員,Na
605,多,Neqa
605,年,Nf
605,的,DE
605,努力,Nv
605,，,COMMACATEGORY
605,就,D
605,是,SHI
605,為了,P
605,在,P
605,國人,Na
605,面前,Nc
605,展現,VC
605,風采,Na
605,，,COMMACATEGORY
605,球迷,Na
605,能,D
605,做,VC
605,的,DE
605,就,D
605,是,SHI
605,支持,VC
605,再,D
605,支持,VC
605,應援,VC
605,再,D
605,應援,VC
605,，,COMMACATEGORY
605,場,Nc
605,外,Ncd
605,努力,VH
605,加油,VB
605,我們,Nh
605,來,VA
605,，,COMMACATEGORY
605,球場,Nc
605,上,Ncd
605,的,DE
605,事,Na
605,，,COMMACATEGORY
605,就,D
605,拜託,VC
605,中華,Nc
605,英雄,Na
605,了,T
605,此,Nep
605,舉,Na
605,不僅,Cbb
605,讓,VL
605,徐巧芯,Nb
605,直,D
605,呼,VE
605,這,Nep
605,個,Nf
605,祭品文,Na
605,太,Dfa
605,狂,VH
605,啦,T
605,，,COMMACATEGORY
605,許多,Neqa
605,網友,Na
605,也,D
605,表示,VE
605,原來,D
605,你,Nh
605,有,V_2
605,雞蛋,Na
605,啊,T
605,雞蛋,Na
605,王子,Na
605,不,D
605,是,SHI
605,應該,D
605,送,VD
605,嗎,T
605,蛋,Na
605,從,P
605,何,Nes
605,來,VA
605,，,COMMACATEGORY
605,有,V_2
605,蛋,Na
605,就,D
605,是,SHI
605,富翁,Na
605,曾幾何時,Dk
605,在,P
605,台灣,Nc
605,連,Cbb
605,買,VC
605,個,Di
605,雞蛋,Na
605,都,D
605,變,VG
605,奢求,VK
605,此外,Cbb
605,，,COMMACATEGORY
605,國民黨,Nb
605,立委,Na
605,江啟臣,Nb
605,洪孟楷,Nb
605,林德福,Nb
605,羅明才,Nb
605,台北市,Nc
605,議員,Na
605,徐弘庭,Nb
605,國民黨,Nb
605,發言人,Na
605,李明璇,Nb
605,台北市,Nc
605,議員,Na
605,李明賢,Nb
605,台北市,Nc
605,議員,Na
605,張斯綱,Nb
605,桃園,Nc
605,市議員,Na
605,凌濤,Nb
605,新北市,Nc
605,議員,Na
605,葉元之,Nb
605,台北市,Nc
605,議員,Na
605,柳采葳,Nb
605,也,D
605,發出,VC
605,祭品,Na
605,，,COMMACATEGORY
605,每,Nes
605,人,Na
605,份,Na
605,，,COMMACATEGORY
605,總共,Da
605,份,Nf
605,雞排,Na
605,，,COMMACATEGORY
605,只要,Cbb
605,中華隊,Na
605,今晚,Nd
605,打敗,VC
605,義大利,Nc
605,，,COMMACATEGORY
605,將,D
605,發送,VD
605,份雞,Na
605,排,VC
605,開打,VH
605,政壇,Nc
605,也,D
605,瘋狂,VH
605,中華隊,Na
605,若,Cbb
605,贏,VD
605,義大利,Nc
605,藍營人,Na
605,加碼,VA
605,送份,VA
605,雞排,Na
605,完整,VH
605,新聞,Na
605,連結,VC
605,或,Caa
605,短,VH
605,網址,Na
605,不可,D
605,用,VC
605,等,Cab
605,轉載,VC
605,媒體,Na
605,///,FW
605,備註,VE
605,狂,VH
605,喔,T
606,感覺,VK
606,現在,Nd
606,不,D
606,像,P
606,以前,Nd
606,以前,Nd
606,到,VCL
606,了,Di
606,國際賽,Na
606,可以,D
606,搞出,VC
606,全,Neqa
606,版,Na
606,版標,Na
606,大,VH
606,串,Nf
606,連,Cbb
606,這,Nep
606,種,Nf
606,壯觀,VH
606,奇景,Na
606,的,DE
606,現在,Nd
606,好像,D
606,只,Da
606,剩,VJ
606,棒球版,Na
606,自己,Nh
606,熱鬧,VH
606,頂多,Da
606,外溢點,Na
606,到,P
606,八卦版,Na
606,但是,Cbb
606,感覺,VK
606,不,D
606,到,VK
606,全,Neqa
606,站,Nc
606,的,DE
606,人,Na
606,起,Ng
606,同仇敵愾,VH
606,的,DE
606,氣氛,Na
606,了,T
606,是,SHI
606,不,D
606,是,SHI
606,這,Nep
606,種,Nf
606,榮景,Na
606,還,D
606,回,VCL
606,德,Na
606,來,T
606,嗎,T
606,有,V_2
606,沒,D
606,有,V_2
606,八卦,Na
607,乳提,Na
607,剛剛,D
607,在,P
607,某,Nes
607,板,Na
607,看到,VE
607,有,V_2
607,個,Nf
607,經濟,Na
607,狀況,Na
607,清寒,VH
607,的,DE
607,發發,VD
607,錢文,Na
607,說,VE
607,中華隊,Na
607,贏,VD
607,了,Di
607,八卦板,Na
607,跟,P
607,中國,Nc
607,起,Ng
607,哭,VA
607,了,Di
607,八卦板,Na
607,現在,Nd
607,哭,VA
607,的,DE
607,稀哩,D
607,嘩啦,D
607,了,T
607,哭,VA
607,的,DE
607,慘兮,VH
607,兮,T
607,了,T
607,有,V_2
607,咪,FW
607,有,V_2
607,掛,VC
607,我,Nh
607,只,Da
607,知道,VK
607,我,Nh
607,沒,D
607,哭,VA
607,啦,T
607,☺,FW
608,今晚,Nd
608,看,VC
608,轉播,VC
608,導播,Na
608,在,P
608,拍,VC
608,啦啦隊,Na
608,應援,VC
608,時,Ng
608,她們,Nh
608,旁邊,Ncd
608,，,COMMACATEGORY
608,觀眾席,Nc
608,第,Neu
608,排,Nf
608,有,V_2
608,兩,Neu
608,個,Nf
608,女生,Na
608,超,Dfa
608,會,D
608,跳,VA
608,，,COMMACATEGORY
608,根本,D
608,啦啦隊,Na
608,等級,Na
608,不同,VH
608,的,DE
608,是,SHI
608,，,COMMACATEGORY
608,她們,Nh
608,兩,Neu
608,個,Nf
608,是,SHI
608,面向,VJ
608,球場,Nc
608,個,Nf
608,穿,VC
608,藍色,Na
608,中華隊,Na
608,球衣,Na
608,個,Nf
608,穿,VC
608,白色,Na
608,中華隊,Na
608,球衣,Na
608,白色,Na
608,那,Nep
608,個,Nf
608,，,COMMACATEGORY
608,衣服,Na
608,只是,D
608,套住,VC
608,底下,Ncd
608,是,SHI
608,運動,Na
608,內衣,Na
608,，,COMMACATEGORY
608,整,Neqa
608,個,Nf
608,奶,Na
608,，,COMMACATEGORY
608,隨著,P
608,應援,VC
608,，,COMMACATEGORY
608,呼之欲出,VH
608,有,V_2
608,人,Na
608,知道,VK
608,她們,Nh
608,兩,Neu
608,位,Nf
608,，,COMMACATEGORY
608,是,SHI
608,誰,Nh
608,嗎,T
608,路人,Na
608,的話,Cba
608,，,COMMACATEGORY
608,舞姿,Na
608,也,D
608,太,Dfa
608,專業,VH
608,了,T
608,吧,T
609,中華隊,Na
609,要,D
609,晉級,VJ
609,雖然,Cbb
609,很,Dfa
609,有,V_2
609,挑戰性,Na
609,但,Cbb
609,對上,VC
609,荷蘭,Nc
609,或,Caa
609,古巴,Nc
609,總是,D
609,有,V_2
609,場,Nf
609,是,SHI
609,最,Dfa
609,重要,VH
609,的,DE
609,是,SHI
609,要,D
609,對,P
609,古巴,Nc
609,用,P
609,最,Dfa
609,強,VH
609,最,Dfa
609,穩,VH
609,的,DE
609,投手,Na
609,還是,Caa
609,對,P
609,荷蘭,Nc
610,因為,Cbb
610,中華隊,Na
610,贏,VD
610,球,Na
610,，,COMMACATEGORY
610,決定,VE
610,爽吃,VC
610,宵夜,Na
610,然後,D
610,在,P
610,看,VC
610,外,Ncd
610,賣,VD
610,有,V_2
610,什麼,Nep
610,好吃,VH
610,的,DE
610,時候,Na
610,發現,VE
610,叫,VF
610,花雞,Na
610,會,D
610,貴,Nes
610,點,Na
610,，,COMMACATEGORY
610,烤,VC
610,雞,Na
610,次之,VH
610,，,COMMACATEGORY
610,炸雞,Na
610,最,Dfa
610,便宜,VH
610,是,SHI
610,為什麼,D
610,呢,T
610,叫,VF
610,花雞,Na
610,料理,Na
610,最,Dfa
610,簡單,VH
610,，,COMMACATEGORY
610,不,D
610,是,SHI
610,應該,D
610,最,Dfa
610,便宜,VH
610,嗎,T
610,_,FW
611,備註,VE
611,請,VF
611,放,VC
611,最後,Nd
611,面違,VC
611,者,Na
611,新聞,Na
611,文章,Na
611,刪除,VC
611,媒體,Na
611,來源,Na
611,記者,Na
611,署名,VC
611,記者,Na
611,林育綾,Nb
611,綜合,A
611,報導,VE
611,完整,VH
611,新聞,Na
611,標題,Na
611,慶祝,VE
611,中華隊,Na
611,贏,VD
611,義大利,Nc
611,超商祭,Na
611,可樂,Na
611,美式,A
611,限時,D
611,下殺,VH
611,買送,VD
611,完整,VH
611,新聞,Na
611,內文,Na
611,年,Na
611,月,Na
611,日,Na
611,/////,FW
611,▲,Na
611,慶祝,VE
611,中華隊,Na
611,在,P
611,世界,Nc
611,棒球,Na
611,經典賽,Na
611,首,Nes
611,勝,VH
611,義大利,Nc
611,，,COMMACATEGORY
611,萊爾富,Nb
611,祭出,VC
611,汽水,Na
611,可樂,Na
611,買送,VD
611,快閃,A
611,優惠,VJ
611,圖,Na
611,業者,Na
611,提供,VD
611,記者,Na
611,林育綾,Nb
611,綜合,A
611,報導,VE
611,慶祝,VE
611,世界,Nc
611,棒球,Na
611,經典賽,Na
611,中華隊,Na
611,贏,VD
611,義大利,Nc
611,除了,P
611,宣布,VE
611,咖啡,Na
611,快閃,A
611,買送,VC
611,，,COMMACATEGORY
611,萊爾富,Nb
611,也,D
611,在,P
611,今日,Nd
611,推出,VC
611,限時,D
611,天,Na
611,優惠,VJ
611,，,COMMACATEGORY
611,無,VJ
611,糖雪,Na
611,碧寶,Na
611,特瓶,Na
611,悅氏,Nb
611,鹼性,Na
611,水,Na
611,皆,D
611,享,VJ
611,買送,VC
611,，,COMMACATEGORY
611,而,Cbb
611,百事,Nb
611,可樂,Na
611,買送,VD
611,更,Dfa
611,加碼,VA
611,優惠,VJ
611,至,P
611,月,Na
611,日,Nc
611,萊爾富,Nb
611,跟進,VA
611,推出,VC
611,中華隊,Na
611,獲勝,VH
611,快閃,A
611,優惠,VJ
611,，,COMMACATEGORY
611,其中,Nep
611,無,VJ
611,糖雪,Na
611,碧寶,Na
611,特瓶,Na
611,悅氏,Nb
611,鹼性,Na
611,水,Na
611,在,P
611,月,Na
611,日限,Na
611,時,Ng
611,天,Na
611,買送,VD
611,而,Cbb
611,百事,Nb
611,可樂,Na
611,則,D
611,加碼,VA
611,到,P
611,月,Na
611,日,Na
611,都,D
611,是,SHI
611,買送,VC
611,，,COMMACATEGORY
611,讓,VL
611,球迷,Na
611,持續,VL
611,為,P
611,/////,FW
611,▲慶,VC
611,世界,Nc
611,棒球,Na
611,經典賽,Na
611,分組賽,Na
611,中華隊,Na
611,力克,VC
611,義大利,Nc
611,拿下,VC
611,首,Nes
611,勝,VH
611,，,COMMACATEGORY
611,門市,Nc
611,推出,VC
611,美式,A
611,買送,Na
611,圖,VF
611,提供,VD
611,在,P
611,稍早,Nd
611,也,D
611,宣布,VE
611,，,COMMACATEGORY
611,日將,Na
611,推出,VC
611,單日,Nd
611,限定,VK
611,優惠,VJ
611,，,COMMACATEGORY
611,門市,Nc
611,有,V_2
611,濃萃,Na
611,美式,A
611,與,Caa
611,精品,Na
611,美式,A
611,同,Nes
611,品項,Na
611,買送,VD
611,行動,Na
611,隨時,D
611,取,VC
611,則,D
611,有,V_2
611,限量,VH
611,優惠,VJ
611,，,COMMACATEGORY
611,特大杯,Na
611,美式,A
611,與,Caa
611,咖啡,Na
611,珍珠,Na
611,歐蕾,Na
611,同,Nes
611,品項,Na
611,買送,VD
611,，,COMMACATEGORY
611,另,Cbb
611,還,D
611,有,V_2
611,強氣,Na
611,泡,VC
611,水,Na
611,買送,VC
611,以及,Caa
611,指定,VE
611,樂事,Na
611,洋芋,Na
611,片件,Na
611,折,VC
611,完整,VH
611,新聞,Na
611,連結,VC
611,或,Caa
611,短,VH
611,網址,Na
611,不可,D
611,用,VC
611,等,Cab
611,轉載,VC
611,媒體,Na
611,/////,FW
611,備註,VE
612,剛剛,D
612,補,VC
612,館長,Na
612,直,D
612,播,VC
612,拿出,VC
612,了,Di
612,些,Nf
612,證據,Na
612,打,VC
612,就,D
612,跟,P
612,中華隊,Na
612,今天,Nd
612,的,DE
612,比賽,Na
612,樣,Na
612,打出,VC
612,全壘打,Na
612,而,Cbb
612,現在,Nd
612,的,DE
612,緊急,VH
612,直播,VC
612,因為,Cbb
612,被,P
612,豬,Na
612,隊友,Na
612,害慘,VC
612,讓,VL
612,的,DE
612,臉,Na
612,都,D
612,綠,VH
612,了,T
612,不,D
612,死,VH
612,鳥,Na
612,又,D
612,成,VG
612,最,Dfa
612,大,VH
612,贏家,Na
613,開局,VH
613,分砲,VA
613,林子偉,Nb
613,布農族人,Na
613,上,VCL
613,過,Di
613,雙城,Na
613,大聯盟,Na
613,追平,VC
613,分砲,Na
613,二兵,Na
613,張育成,Nb
613,阿美族人,Nb
613,現役,A
613,紅襪,Nb
613,超前,VJ
613,分砲,Na
613,吉力吉撈,Na
613,鞏固,VHC
613,排灣族人,Na
613,以前,Nd
613,旅美,VA
613,上,VCL
613,過,Di
613,都,D
613,是,SHI
613,旅,Na
613,外加,VC
613,原住民,Na
613,血統,Na
613,棒球,Na
613,還是,D
613,要,D
613,靠,P
613,原住民,Na
613,希望,VK
613,明天,Nd
613,再,D
613,來,VA
613,次,Nf
614,笑死,VHC
614,自己,Nh
614,從,P
614,你們,Nh
614,的,DE
614,黑熊,Na
614,部隊,Na
614,裡,Ncd
614,挑,VC
614,台灣隊,Na
614,成員,Na
614,好,VH
614,嗎,T
614,不要,D
614,跑來,VA
614,蹭,VC
614,中華民國,Nc
614,的,DE
614,中華隊,Na
614,好,VH
614,嗎,T
614,有夠,Dfa
614,可悲,VH
614,畢竟,D
614,你們,Nh
614,把,P
614,曾經,D
614,想,VE
614,讓,VL
614,他們,Nh
614,用不了,VC
614,中華隊,Na
614,呵呵,D
615,暗暗,D
615,大家,Nh
615,好,VH
615,今天,Nd
615,中華隊,Na
615,逆轉,VA
615,勝,VH
615,本,Nes
615,魯,Nc
615,好,Dfa
615,開心,VH
615,運彩,Na
615,小,VH
615,贏,VD
615,了,Di
615,些,Dfb
615,明天,Nd
615,想,VE
615,吃,VC
615,個,Di
615,義大利麵,Na
615,慶祝,VE
615,下,Ng
615,想,VE
615,問下,VE
615,義大利麵,Na
615,怎麼,D
615,吃,VC
615,最,Dfa
615,頂,Dfa
616,///,FW
616,扣掉,VC
616,臉,Na
616,輸給,VD
616,峮峮,FW
616,之外,Ng
616,林襄,Nb
616,的,DE
616,身材,Na
616,比例,Na
616,是,SHI
616,不,D
616,是,SHI
616,中華隊,Na
616,裡面,Ncd
616,最,Dfa
616,好,VH
616,的,DE
616,阿,T
616,看,VC
616,那,Nep
616,個,Nf
616,瘦瘦,VH
616,的,DE
616,骨架,Na
616,均勻,VH
616,的,DE
616,長,VH
616,腿,Na
616,真是,D
616,有夠,Dfa
616,讚,VH
616,的,DE
616,你們,Nh
616,也,D
616,覺得,VK
616,嗎,T
617,如,P
617,題,Na
617,我,Nh
617,是,SHI
617,沒,VJ
617,路用,VA
617,的,DE
617,大夜班,Na
617,肥宅,Na
617,啦,T
617,是,SHI
617,這樣,VH
617,的,DE
617,昨天,Nd
617,晚上,Nd
617,我,Nh
617,起床,VA
617,就,D
617,看到,VE
617,林立,VH
617,上壘,VA
617,接下來,D
617,二兵,Na
617,張智成,Nb
617,唱,VC
617,凌晨,Nd
617,三點鐘,Neu
617,就,D
617,很,Dfa
617,秋,Nd
617,的,DE
617,那,Nep
617,個,Nf
617,打出,VC
617,追平,VC
617,的,DE
617,全壘打,Na
617,雖然,Cbb
617,沒,D
617,在,P
617,現場,Nc
617,窩,Na
617,也,D
617,是,SHI
617,很,Dfa
617,開心,VH
617,馬上,D
617,帶上,VC
617,的,DE
617,口罩,Na
617,開心,VH
617,地,DE
617,出門,VA
617,上班,VA
617,///,FW
617,///,FW
617,我,Nh
617,是,SHI
617,覺得,VK
617,大家,Nh
617,都,D
617,希望,VK
617,他們,Nh
617,打,VC
617,得,DE
617,精彩,VH
617,用盡,VC
617,全力,D
617,取勝,VI
617,打,VC
617,得,DE
617,不,D
617,好,VH
617,會,D
617,有,V_2
617,情緒,Na
617,也,D
617,很,Dfa
617,正常,VH
617,總之,Dk
617,希望,VK
617,大家,Nh
617,都,D
617,不論,Cbb
617,你,Nh
617,覺得,VK
617,是,SHI
617,是,SHI
617,中華,Nc
617,台北,Nc
617,還是,Caa
617,台灣隊,Na
617,起,VC
617,幫,P
617,他們,Nh
617,加油,VB
617,ㄅ,FW
617,喔,I
617,對了,I
617,忘記,VK
617,說,VE
617,發錢,VA
617,希望,VK
617,今天隊,Na
617,贏,VD
617,荷蘭,Nc
617,每,D
617,推,VC
617,發到,VCL
617,爆,VH
617,加油,VB
617,有,V_2
617,些,Nf
617,人,Na
617,可能,D
617,不,D
617,喜歡,VK
617,台灣,Nc
617,贏,VD
617,吧,T
617,/,FW
617,以上,Ncd
617,紅底,Na
617,標記位,Na
617,，,COMMACATEGORY
617,每,Nes
617,人,Na
617,稅,Na
617,後,Ng
617,發送,VD
617,完成,VC
617,不要,D
617,分,VC
617,得,DE
617,那麼,D
617,細,VH
617,推,VC
617,推,VC
617,/,FW
617,首推,VG
617,也,D
617,下班,VA
617,回家,VA
617,再,D
617,發錢,VA
617,推,VC
617,/,FW
617,推,VC
617,可悲,VH
617,的,DE
617,是,SHI
617,這,Nep
617,板,Na
617,都,D
617,只,Da
617,會,D
617,希望,VK
617,中華,Nc
617,輸,VD
617,，,COMMACATEGORY
617,等,Cab
617,/,FW
617,做夢,VA
617,吧,T
617,，,COMMACATEGORY
617,我,Nh
617,看贏,VC
617,球,Na
617,很,Dfa
617,爽,VH
617,啊,T
617,/,FW
617,推,VC
617,錢,Na
617,/,FW
617,推,VC
617,好,VH
617,/,FW
617,推,VC
617,超前,VJ
617,三,Neu
617,分,Nf
617,砲,Na
617,才,Da
617,爽,VH
617,/,FW
617,推,VC
617,逆轉,VA
617,就,D
617,是,SHI
617,爽,VH
617,/,FW
617,推,VC
617,贏,VD
617,荷蘭,Nc
617,加油,VB
617,/,FW
617,推,VC
617,逆轉,VA
617,爽,VH
617,/,FW
617,推,VC
617,排隊,VA
617,/,FW
617,推,VC
617,錢,Na
617,/,FW
617,以上,Ncd
617,紅底,Na
617,標記位,Na
617,，,COMMACATEGORY
617,每,Nes
617,人,Na
617,稅,Na
617,後,Ng
617,發送,VD
617,完成,VC
618,早上,Nd
618,看,VC
618,超商,Nc
618,慶祝,VE
618,中華隊,Na
618,勝利,VH
618,的,DE
618,優惠,VJ
618,，,COMMACATEGORY
618,發現,VE
618,個,Di
618,神,Na
618,好喝,VH
618,珍珠,Na
618,奶茶,Na
618,優惠組,Na
618,早,D
618,就,D
618,售完,VD
618,了,Di
618,，,COMMACATEGORY
618,有,V_2
618,這麼多,Neqa
618,人,Na
618,搶定,VC
618,好喝,VH
618,吧,T
618,，,COMMACATEGORY
618,阿薩姆,Nc
618,茶香,Na
618,跟,P
618,佛手,Na
618,柑香,Na
618,是,SHI
618,香料,Na
618,還是,Caa
618,茶葉,Na
618,有,V_2
618,加,VC
618,鮮奶,Na
618,嗎,T
619,請問,VE
619,下,Ng
619,看,VC
619,了,Di
619,昨天,Nd
619,的,DE
619,中華隊,Na
619,義大利,Nc
619,後,Ng
619,發現,VE
619,整,Neqa
619,場,Nf
619,球迷,Na
619,都,D
619,在,P
619,那裏,Ncd
619,吵,VC
619,不,D
619,是,SHI
619,亂,VH
619,哀亂,VH
619,叫,VE
619,然後,D
619,音樂,Na
619,放,VC
619,很,Dfa
619,大聲,VH
619,放,VC
619,整,Neqa
619,場,Nf
619,中華隊,Na
619,防守,VC
619,就,D
619,在,P
619,那裏,Ncd
619,喊,VE
619,搭波搭波,VA
619,然後,D
619,投手,Na
619,準備,VF
619,投球,VA
619,也,D
619,在,P
619,那裏,Ncd
619,亂,VH
619,喊,VE
619,啦啦隊,Na
619,扭腰,VA
619,擺,VAC
619,臀,Na
619,帶動,VC
619,跳,VA
619,然後,D
619,換,VC
619,中華隊,Na
619,打擊,Na
619,也,D
619,是,SHI
619,喊,VE
619,整,Neqa
619,場,Nf
619,主審,Na
619,判決,VE
619,不,D
619,爽,VH
619,也,D
619,在,P
619,那裏,Ncd
619,噓,VC
619,主審,Na
619,還,D
619,有,V_2
619,自,D
619,帶,VC
619,汽笛,Na
619,進去,VA
619,叭,D
619,主審,Na
619,的,DE
619,奇怪,VK
619,這些,Neqa
619,行為,Na
619,怎麼,D
619,我,Nh
619,看,VE
619,日本,Nc
619,的,DE
619,比賽,Na
619,都,D
619,不會,D
619,其,Nep
619,些,Nf
619,行為,Na
619,在,P
619,其他,Neqa
619,比賽,Na
619,你,Nh
619,早,D
619,就,D
619,被,P
619,保安,Na
619,請出去,VB
619,了,Di
619,吧,T
619,請問,VE
619,台灣,Nc
619,是,SHI
619,不,D
619,是,SHI
619,全,Neqa
619,世界,Nc
619,最,Dfa
619,吵,VH
619,的,DE
619,球迷,Na
620,本,Nes
620,屆,Nf
620,世界,Nc
620,棒球,Na
620,經典賽,Na
620,如火如荼,VH
620,展開,VC
620,了,Di
620,對戰,VA
620,巴拿馬,Nc
620,到,VCL
620,義大利,Nc
620,台灣人,Na
620,也,D
620,像,P
620,洗,VC
620,三溫暖,Na
620,樣,Na
620,台灣,Nc
620,本,Nes
620,屆,Nf
620,的,DE
620,投手,Na
620,比較,VC
620,弱點,Na
620,如果,Cbb
620,投手,Na
620,換成,VG
620,那,Nep
620,批,Nf
620,我們,Nh
620,有,V_2
620,機會,Na
620,拿,VC
620,第幾,Neu
620,名,Nf
621,影,Na
621,台灣隊,Na
621,睽違,VH
621,十,Neu
621,年,Nf
621,奪,VC
621,經典賽,Na
621,勝利,VH
621,比,P
621,擊垮,VC
621,義大利,Nc
621,終止,VHC
621,跨,VC
621,屆,Nf
621,連敗,VH
621,新聞,Na
621,體育,Na
621,張柏源,Nb
621,綜合,A
621,報導,VE
621,發布,VC
621,|,FW
621,世界,Nc
621,棒球,Na
621,經典賽,Na
621,台灣隊,Na
621,今天,Nd
621,與,P
621,義大利隊,Na
621,交手,VA
621,，,COMMACATEGORY
621,林子偉,Nb
621,陽春砲,Na
621,張育成,Nb
621,分彈,VH
621,，,COMMACATEGORY
621,加上,Cbb
621,吉力吉撈,Nb
621,．,PERIODCATEGORY
621,鞏冠,Nb
621,的,DE
621,分砲,Na
621,，,COMMACATEGORY
621,終場,Na
621,以,P
621,比,P
621,睽違,VH
621,天,Na
621,再,D
621,於,P
621,經典賽,Na
621,拿下,VC
621,重要,VH
621,勝,VH
621,台灣隊,Na
621,上,Ncd
621,次,Nes
621,在,P
621,經典賽,Na
621,拿下,VC
621,勝利,VH
621,，,COMMACATEGORY
621,已,D
621,是,SHI
621,年,Na
621,月,Na
621,日,Na
621,預賽,Na
621,擊敗,VC
621,荷蘭隊,Na
621,，,COMMACATEGORY
621,睽,Na
621,違,VJ
621,天,Nc
621,台灣,Nc
621,終於,D
621,再次,D
621,等,VC
621,到,P
621,經典賽,Na
621,的,DE
621,勝利,Nv
621,，,COMMACATEGORY
621,同時,Nd
621,也,D
621,是,SHI
621,本,Nes
621,屆,Nf
621,預賽,Na
621,首,D
621,勝,VH
621,，,COMMACATEGORY
621,終止,VHC
621,跨,VC
621,屆,Nf
621,連敗,VH
621,台灣隊,Na
621,在,P
621,世界,Nc
621,棒球,Na
621,經典賽,Na
621,首,Nes
621,戰,Na
621,失利,VH
621,，,COMMACATEGORY
621,以,Cbb
621,不敵,VJ
621,巴拿馬隊,Nb
621,，,COMMACATEGORY
621,休兵天,Nd
621,重新,D
621,再,D
621,來,VA
621,，,COMMACATEGORY
621,今天,Nd
621,在,P
621,滿,Neqa
621,場,Nf
621,近,Da
621,萬,Neu
621,名,Nf
621,觀眾,Na
621,面前,Nc
621,迎戰,VC
621,義大利隊,Na
621,，,COMMACATEGORY
621,義大利,Nc
621,陣,Na
621,中,Ncd
621,有,V_2
621,位,Nf
621,大聯盟,Na
621,資歷,Na
621,選手,Na
621,，,COMMACATEGORY
621,被,P
621,戲稱,VC
621,美國,Nc
621,二軍,Na
621,，,COMMACATEGORY
621,但,Cbb
621,實力,Na
621,不容,D
621,小覷,VJ
621,台灣隊,Na
621,局,Nc
621,下人,Na
621,出局,VH
621,，,COMMACATEGORY
621,靠,VJ
621,著,Di
621,林子偉,Nb
621,陽春砲,Na
621,先馳得點,VA
621,帶起,VC
621,台灣,Nc
621,隊,Na
621,士氣,Na
621,義大利隊局,Nc
621,上,Ncd
621,追分,VA
621,，,COMMACATEGORY
621,靠,VJ
621,著,Di
621,佛萊徹蘇利文,Nb
621,接,VC
621,連,Cbb
621,安打,Na
621,，,COMMACATEGORY
621,人,Na
621,出局,VH
621,後,Ng
621,犧牲,VJ
621,觸擊,Nv
621,戰術,Na
621,跑回,VCL
621,追,VC
621,平分,VC
621,，,COMMACATEGORY
621,再,D
621,靠,VJ
621,著,Di
621,迪盧齊奧,Nb
621,三壘,Na
621,打送,VC
621,回,VCL
621,超前,VJ
621,分,VC
621,台灣隊局,Nc
621,下,Ncd
621,再,D
621,起,VC
621,攻勢,Na
621,，,COMMACATEGORY
621,陳傑憲,Nb
621,獲,VJ
621,觸身球,Na
621,保送,VC
621,，,COMMACATEGORY
621,靠,VJ
621,著,Di
621,滾地球,Na
621,跑上,VCL
621,二壘,Na
621,，,COMMACATEGORY
621,人,Na
621,出局,VH
621,後,Nd
621,鄭宗哲,Nb
621,適時,D
621,安打,Na
621,送回,VC
621,追平,VC
621,分,VC
621,台灣隊局,Nc
621,下,Ncd
621,繼續,VF
621,搶,VD
621,分,Nf
621,，,COMMACATEGORY
621,張育成,Nb
621,率先,D
621,敲出,VC
621,二壘打,Na
621,，,COMMACATEGORY
621,吳念庭,Nb
621,安打,Na
621,推進,VAC
621,，,COMMACATEGORY
621,陳傑憲,Nb
621,適時,D
621,安打,Na
621,送回,VC
621,超前,VJ
621,分,Nf
621,，,COMMACATEGORY
621,王柏融,Nb
621,再,D
621,補上,VC
621,安打,Na
621,替,P
621,球隊,Na
621,多,D
621,添分,VA
621,，,COMMACATEGORY
621,江坤宇,Nb
621,敲出,VC
621,三壘,Na
621,方向,Na
621,滾地球,Na
621,造成,VK
621,義大利隊,Na
621,失,VJ
621,誤,D
621,，,COMMACATEGORY
621,陳傑憲,Nb
621,跑回,VCL
621,台灣隊,Na
621,第,Neu
621,分,Nf
621,義大利隊局,Nc
621,上,Ncd
621,有,V_2
621,攻勢,Na
621,，,COMMACATEGORY
621,單局,Na
621,選到,VC
621,次,Nf
621,四壞,VC
621,保送,VC
621,敲出,VC
621,支安,Na
621,打,VC
621,，,COMMACATEGORY
621,口氣,Na
621,攻下,VC
621,分,VC
621,翻轉,VAC
621,戰局,Na
621,，,COMMACATEGORY
621,局,Nc
621,上,Ncd
621,羅培茲,Nb
621,再,D
621,敲出,VC
621,帶有,VJ
621,分打點,Na
621,的,DE
621,安打,Na
621,局下,Nc
621,台灣隊,Na
621,比,P
621,落後,VJ
621,，,COMMACATEGORY
621,絕對,D
621,忠誠,VH
621,張育成,Nb
621,轟出,VC
621,分,VC
621,砲棒,Na
621,幫助,VC
621,球隊,Na
621,扳平,VC
621,比數,Na
621,，,COMMACATEGORY
621,局,Nc
621,下人,Na
621,出局,VH
621,後,Ng
621,陳傑憲,Nb
621,選到,VC
621,四壞,VC
621,保送,VC
621,，,COMMACATEGORY
621,成晉,Nb
621,代,D
621,打敲安,VA
621,，,COMMACATEGORY
621,江坤宇,Nb
621,安打,Na
621,攻佔,VC
621,滿壘,VH
621,，,COMMACATEGORY
621,范國宸,Nb
621,內野,Nc
621,安打,Na
621,送回,VC
621,致勝,VH
621,分,VC
621,台灣隊,Na
621,攻勢,Na
621,沒有,D
621,停下來,VHC
621,，,COMMACATEGORY
621,局,Nc
621,下人,Na
621,出局,VH
621,後,Ng
621,張育成,Nb
621,選到,VC
621,保送,VC
621,吳念庭,Nb
621,敲出,VC
621,安打,Na
621,，,COMMACATEGORY
621,吉,VH
621,力吉,Nb
621,撈,VC
621,．,PERIODCATEGORY
621,鞏冠,Nb
621,開轟,VA
621,，,COMMACATEGORY
621,棒分,Na
621,幫助,VC
621,球隊,Na
621,拉開,VC
621,領先,VJ
621,差距,Na
621,，,COMMACATEGORY
621,台灣隊,Na
621,順利,VH
621,拿下,VC
621,勝利,VH
621,原文,Na
621,網址,Na
621,影,Na
621,台灣隊,Na
621,睽違,VH
621,十,Neu
621,年,Nf
621,奪,VC
621,經典賽,Na
621,勝利,VH
621,比,P
621,擊垮,VC
621,義大利,Nc
621,終止,VHC
621,跨,VC
621,屆,Nf
621,連敗,VH
621,|,FW
621,體,Na
621,育,VC
621,|,FW
621,新聞,Na
621,//////,FW
622,必勝客,Nb
622,出,VC
622,過,Di
622,好幾,Neu
622,款,Nf
622,奇葩,Na
622,口味,Na
622,義大利人,Na
622,應該,D
622,有,V_2
622,耳聞,VE
622,或,Caa
622,看過,VC
622,轉貼,VC
622,文,Na
622,看,VC
622,次,Nf
622,崩潰,VH
622,次,Nes
622,因此,Cbb
622,面對,VC
622,中華隊,Na
622,時,Ng
622,還,D
622,有,V_2
622,無法,D
622,發揮,VJ
622,實力,Na
622,必勝客,Nc
622,佈局,VA
622,這麼,D
622,久,VH
622,無疑,D
622,是,SHI
622,幕後,Nc
622,功臣,Na
622,吧,T
623,新聞網,Na
623,林襄,Nb
623,峮峮,FW
623,領軍,VA
623,表演,VC
623,世界,Nc
623,都,D
623,看見,VE
623,萬,Neu
623,球迷,Na
623,台式,A
623,應援,VH
623,震撼,VJ
623,國際,Nc
623,編輯,Na
623,王芊歷,Nb
623,報導,VE
623,發佈,VE
623,時間,Na
623,//,FW
623,最後,Nd
623,更新,VC
623,時間,Na
623,//,FW
623,///,FW
623,林襄,Nb
623,峮峮,FW
623,領軍,VA
623,表演,VC
623,主題曲,Na
623,世界,Nc
623,都,D
623,看見,VE
623,圖,Na
623,胡瑞麒,Nb
623,攝,VC
623,世界,Nc
623,棒球,Na
623,經典賽,Na
623,中華隊,Na
623,昨日,Nd
623,以,P
623,成功,VH
623,擊退,VC
623,義大利,Nc
623,，,COMMACATEGORY
623,奪下,VC
623,本,Nes
623,屆,Nf
623,賽事,Na
623,首,D
623,勝,VH
623,，,COMMACATEGORY
623,同時,Nd
623,也,D
623,終止,VHC
623,中華隊,Na
623,經典賽,Na
623,的,DE
623,連敗,VH
623,，,COMMACATEGORY
623,睽違,VH
623,年終,Nd
623,贏得,VJ
623,勝利,VH
623,除了,P
623,緊張,VH
623,刺激,VH
623,的,DE
623,賽事,Na
623,之外,Ng
623,，,COMMACATEGORY
623,啦啦隊,Na
623,經典,Na
623,女孩,Na
623,場,Nc
623,邊,Ncd
623,賣力,VH
623,應援,VC
623,亦,D
623,成為,VG
623,全球,Nc
623,矚目,VB
623,的,DE
623,焦點,Na
623,，,COMMACATEGORY
623,其中,Nep
623,更,Dfa
623,以,P
623,人氣,Na
623,最,Dfa
623,高,VH
623,的,DE
623,林襄,Nb
623,以及,Caa
623,峮峮,Na
623,領軍,VA
623,，,COMMACATEGORY
623,全,Neqa
623,員,Nf
623,到齊,VH
623,表演,VC
623,本,Nes
623,屆,Nf
623,主題曲,Na
623,世界,Nc
623,都,D
623,看見,VE
623,///,FW
623,///,FW
623,人氣,Na
623,成員,Na
623,林襄,Nb
623,圖,Na
623,胡瑞麒,Nb
623,攝,VC
623,經典,Na
623,賽日,Nd
623,於,P
623,洲際,Nc
623,棒球場,Nc
623,正式,VH
623,開打,VH
623,，,COMMACATEGORY
623,中華隊,Na
623,首,Nes
623,戰,Na
623,碰上,VC
623,巴拿馬,Nc
623,，,COMMACATEGORY
623,無奈,Dk
623,因,P
623,投手,Na
623,無法,D
623,壓制,VC
623,對方,Nh
623,打線,VA
623,狂失分,VH
623,，,COMMACATEGORY
623,導致,VL
623,中華隊,Na
623,最後,Nd
623,以,P
623,不敵,VJ
623,巴拿馬,Nc
623,，,COMMACATEGORY
623,吞下,VC
623,首,Nes
623,敗,VH
623,不過,Cbb
623,，,COMMACATEGORY
623,令,VL
623,人,Na
623,關注,VJ
623,的,DE
623,還,D
623,有,V_2
623,由,P
623,林襄,Nb
623,與,P
623,峮峮,FW
623,領軍,VA
623,的,DE
623,中職隊,Na
623,啦啦,Na
623,隊員,Na
623,為,P
623,中華隊,Na
623,應援,VC
623,的,DE
623,經典,Na
623,女孩,Na
623,，,COMMACATEGORY
623,帶動,VC
623,全,Neqa
623,場,Nf
623,球迷,Na
623,起,Ng
623,為,P
623,中華,Nc
623,隊,Na
623,加油,VB
623,，,COMMACATEGORY
623,讓,VL
623,現場,Nc
623,氣氛,Na
623,達到,VJ
623,最高點,Na
623,而,Cbb
623,昨日,Nd
623,對戰,VA
623,義大利,Nc
623,時,Ng
623,，,COMMACATEGORY
623,經典,Na
623,女孩,Na
623,再度,D
623,全,Neqa
623,員,Nf
623,到齊,VH
623,，,COMMACATEGORY
623,並,Cbb
623,表,VE
623,演,VC
623,玖壹壹,Nb
623,創作,VC
623,的,DE
623,主題曲,Na
623,世界,Nc
623,都,D
623,看見,VE
623,///,FW
623,經典,Na
623,女孩,Na
623,場,Nc
623,邊,Ncd
623,賣力,VH
623,應援,VC
623,圖,Na
623,胡瑞麒,Nb
623,攝,VC
623,此外,Cbb
623,，,COMMACATEGORY
623,當,P
623,張育成,Nb
623,敲出,VC
623,中,Ng
623,左,Ncd
623,外野,Nc
623,大,VH
623,空檔,Na
623,的,DE
623,二壘,Na
623,安打,Na
623,進佔,VC
623,得,DE
623,點,VC
623,圈,Na
623,，,COMMACATEGORY
623,場,Nc
623,邊,Ncd
623,隨即,D
623,響起,VH
623,呼聲,Na
623,，,COMMACATEGORY
623,接著,D
623,全,Neqa
623,場,Nf
623,約,Da
623,萬,Neu
623,球迷,Na
623,也,D
623,紛紛,D
623,跟著,D
623,高喊,VE
623,挺,VC
623,台灣,Nc
623,，,COMMACATEGORY
623,場面,Na
623,十分,Dfa
623,震撼,VJ
623,面對,VC
623,如此,Dfa
623,團結,VHC
623,的,DE
623,台式,A
623,應援,Nv
623,，,COMMACATEGORY
623,義大利,Nc
623,總教練,Na
623,皮亞薩,Nb
623,在,P
623,賽後,Nd
623,記者會,Na
623,表示,VE
623,，,COMMACATEGORY
623,啦啦隊,Na
623,還,D
623,有,V_2
623,球迷,Na
623,非常,Dfa
623,有,V_2
623,活力,Na
623,，,COMMACATEGORY
623,電視,Na
623,上,Ncd
623,看,VE
623,是,SHI
623,回,Nf
623,事,Na
623,，,COMMACATEGORY
623,在,P
623,場,Nc
623,內,Ncd
623,又,D
623,是,SHI
623,種,Nf
623,感覺,Na
623,，,COMMACATEGORY
623,這,Nep
623,確實,D
623,是,SHI
623,滿,Dfa
623,有趣,VH
623,的,T
623,體驗,VC
623,///,FW
623,經典,Na
623,女孩,Na
623,全,Neqa
623,員,Nf
623,到齊,VH
623,為,P
623,中華隊,Na
623,加油,VB
623,圖,Na
623,胡瑞麒,Nb
623,攝,VC
623,至於,P
623,本,Nes
623,次,Nf
623,經典,Na
623,女孩,Na
623,成員,Na
623,，,COMMACATEGORY
623,包括,VK
623,的,DE
623,峮峮,FW
623,貴貴,Na
623,短今,Nd
623,妮可,Nb
623,的,DE
623,籃籃,Na
623,林襄,Nb
623,孟潔,Nb
623,的,DE
623,琪琪,Nb
623,心璇,Na
623,小,VH
623,映,VH
623,和,Caa
623,賴可,Nb
623,的,DE
623,丹丹,Nb
623,秀秀子,Nb
623,慈妹,Nb
623,奶昔,Na
623,，,COMMACATEGORY
623,以及,Caa
623,的,DE
623,艾璐,Nb
623,瑟七,Nb
623,和,Caa
623,////,FW
624,國際賽,Na
624,又,D
624,不,D
624,是,SHI
624,第,Neu
624,次,Nf
624,看,VC
624,中華隊,Na
624,的,DE
624,特色,Na
624,都,D
624,是,SHI
624,長,VH
624,這樣,VH
624,啊,T
624,開場,VA
624,先,D
624,秀,VC
624,下限,Na
624,給,VD
624,你,Nh
624,看,VC
624,讓,VL
624,觀眾,Na
624,邊,D
624,靠,P
624,北,Ncd
624,恨鐵,Na
624,不成,VH
624,鋼,Na
624,邊,Ncd
624,又,D
624,繼續,VF
624,看,VC
624,比賽,Na
624,，,COMMACATEGORY
624,接著,D
624,下場,VA
624,比賽,VA
624,又,D
624,給,VD
624,你,Nh
624,希望,Na
624,，,COMMACATEGORY
624,讓,VL
624,你,Nh
624,以為,VE
624,第,Neu
624,場,Nf
624,只,Da
624,是,SHI
624,狀態,Na
624,還,D
624,沒,D
624,調整好,VC
624,後面,Ncd
624,賽程,Na
624,穩,VH
624,了,T
624,然後,D
624,在,P
624,關鍵,Na
624,比賽,Na
624,先,D
624,是,SHI
624,絕望性,Na
624,的,DE
624,落後,VJ
624,，,COMMACATEGORY
624,突然,D
624,再,D
624,來,VA
624,波,Nf
624,看似,VG
624,能,D
624,逆轉,VA
624,的,DE
624,反攻,VC
624,最後,Nd
624,以,P
624,惜,VJ
624,敗,VH
624,的,DE
624,方式,Na
624,結束,VHC
624,比賽,Na
624,大家,Nh
624,就,D
624,會,D
624,開始,VL
624,安慰,VC
624,自己,Nh
624,雖然,Cbb
624,沒,D
624,晉級,VJ
624,，,COMMACATEGORY
624,但是,Cbb
624,有,D
624,打出,VC
624,風采,Na
624,了,T
624,接著,D
624,就,D
624,是,SHI
624,全,Neqa
624,台,Nc
624,吃,VC
624,鍋貼,Na
624,的,DE
624,時間,Na
624,了,T
624,這,Nep
624,個,Nf
624,真的,D
624,屢,D
624,試,VF
624,不,D
624,爽,VH
624,不過,Cbb
624,還是,D
624,希望,VK
624,我,Nh
624,能,D
624,被,P
624,狠狠,D
624,打臉,VA
624,啦,T
624,鍋貼,Na
624,換人,VA
624,吃好,VC
624,嗎,T
625,昨天,Nd
625,中華,Nc
625,台北隊,Na
625,打出,VC
625,近年,Nd
625,的,DE
625,經典,Na
625,比賽,Na
625,，,COMMACATEGORY
625,想,VE
625,將,P
625,這,Nep
625,份,Nf
625,喜悅,VH
625,分享給,VD
625,工廠,Nc
625,的,DE
625,外勞,Na
625,，,COMMACATEGORY
625,但,Cbb
625,該,D
625,如何,D
625,跟,P
625,他們,Nh
625,解釋,VE
625,為什麼,D
625,中國,Nc
625,的,DE
625,地方,Na
625,球隊,Na
625,比,P
625,中國,Nc
625,國家隊,Na
625,強,VH
626,",",COMMACATEGORY
626,///,FW
626,///,FW
626,///,FW
626,就,D
626,餓死,VHC
626,抬頭,VA
626,昨天,Nd
626,買,VC
626,義大利,Nc
626,不,D
626,讓,VL
626,分,VC
626,結果,Dk
626,輸,VD
626,了,Di
626,八卦,Na
626,這麼,D
626,反,VC
626,指標,Na
626,的,DE
626,話,Na
626,那,Dk
626,今天,Nd
626,要,D
626,買,VC
626,荷蘭,Nc
626,還是,D
626,買,VC
626,中華隊,Na
626,贏,VD
626,卦,Na
627,是,SHI
627,這樣,VH
627,啦,T
627,昨天,Nd
627,中華,Nc
627,勝,VH
627,義大利,Nc
627,感覺,Na
627,非常,Dfa
627,爽,VH
627,雖然,Cbb
627,我,Nh
627,沒有,D
627,買,VC
627,運彩,Na
627,但是,Cbb
627,贏,VD
627,球,Na
627,就,D
627,是,SHI
627,爽,VH
627,可是,Cbb
627,我,Nh
627,看,VC
627,某,Nes
627,版,Na
627,堆跑,VA
627,路仔,Na
627,崩潰,VH
627,再次,D
627,呼籲,VE
627,大家,Nh
627,不管,Cbb
627,做,VC
627,甚麼,Nep
627,都,D
627,要,D
627,量力而為,VH
627,輸到,VD
627,沒,VJ
627,錢,Na
627,吃飯,VA
627,跑路,VA
627,真的,D
627,很,Dfa
627,不,D
627,好,VH
627,我,Nh
627,就,D
627,是,SHI
627,想,VE
627,中華隊,Na
627,贏,VD
627,球,Na
627,很,Dfa
627,爽,VH
627,輸死,VC
627,那些,Neqa
627,崩潰,VH
627,的,DE
627,跑路仔,Na
627,更,Dfa
627,爽,VH
628,媒體,Na
628,來源,Na
628,今日,Nd
628,新聞,Na
628,記者,Na
628,署名,VC
628,吳政紘,Nb
628,完整,VH
628,新聞,Na
628,標題,Na
628,經典賽,Na
628,林襄,Nb
628,峮峮,FW
628,幫,VC
628,大,VH
628,忙,Na
628,義大利,Nc
628,主帥,Na
628,坦言,VE
628,有點,Dfa
628,嚇到,VJ
628,完整,VH
628,新聞,Na
628,內文,Na
628,中華隊,Na
628,昨晚,Nd
628,以,P
628,擊敗,VC
628,義大利隊,Na
628,搶下,VC
628,本,Nes
628,屆,Nf
628,經典賽,Na
628,首,Nes
628,勝,VH
628,義大利隊,Na
628,主帥,Na
628,也,D
628,是,SHI
628,美國,Nc
628,棒球,Na
628,名人,Na
628,堂球星,Nb
628,認為,VE
628,，,COMMACATEGORY
628,義大利,Nc
628,在,P
628,很,Dfa
628,艱困,VH
628,的,DE
628,環境,Na
628,比賽,Na
628,，,COMMACATEGORY
628,球迷,Na
628,啦啦隊,Na
628,加油,VB
628,吶喊,VA
628,很,Dfa
628,有,V_2
628,能,D
628,量,Na
628,，,COMMACATEGORY
628,加上,Cbb
628,被,P
628,中華隊,Na
628,敲出,VC
628,打,VC
628,全壘打,Na
628,衝擊,Na
628,，,COMMACATEGORY
628,他,Nh
628,坦言,VE
628,有點,Dfa
628,嚇到,VJ
628,認為,VE
628,，,COMMACATEGORY
628,地主,Na
628,中華隊,Na
628,球迷,Na
628,啦啦隊,Na
628,的,DE
628,加油,VB
628,吶喊,VA
628,真的,D
628,很,Dfa
628,有,V_2
628,能量,Na
628,，,COMMACATEGORY
628,也,D
628,算是,VG
628,有點,Dfa
628,噪,VH
628,音,Na
628,，,COMMACATEGORY
628,看,VC
628,電視,Na
628,還,D
628,沒有,VJ
628,太,Dfa
628,大,VH
628,感覺,Na
628,，,COMMACATEGORY
628,實際,VH
628,在,P
628,場,Nc
628,上,Ncd
628,會,D
628,更,D
628,震撼,VJ
628,，,COMMACATEGORY
628,這,Nep
628,也,D
628,會,D
628,是,SHI
628,有趣,VH
628,的,DE
628,體驗,VC
628,這,Nep
628,就,D
628,是,SHI
628,比,P
628,賽,VJ
628,，,COMMACATEGORY
628,但,Cbb
628,在,P
628,這樣,VH
628,環境,Na
628,下,Ng
628,很,Dfa
628,艱難,VH
628,去,D
628,贏,VD
628,球,Na
628,也,D
628,透露,VE
628,，,COMMACATEGORY
628,明天,Nd
628,對戰,VA
628,巴拿馬,Nc
628,，,COMMACATEGORY
628,他們,Nh
628,第,Neu
628,場,Nf
628,打,VC
628,得,DE
628,很,Dfa
628,好,VH
628,，,COMMACATEGORY
628,但是,Cbb
628,第二,Neu
628,場,Nf
628,就,D
628,很,Dfa
628,掙扎,VA
628,，,COMMACATEGORY
628,就,D
628,看,VE
628,誰,Nh
628,會,D
628,重整旗鼓,VA
628,我們,Nh
628,今天,Nd
628,也,D
628,做,VC
628,得,DE
628,很,Dfa
628,好,VH
628,，,COMMACATEGORY
628,現在,Nd
628,還,D
628,算是,VG
628,年初,Nd
628,，,COMMACATEGORY
628,很多,Neqa
628,球員,Na
628,都,D
628,在,D
628,調整,VC
628,，,COMMACATEGORY
628,他們,Nh
628,都,D
628,還,D
628,需要,VK
628,些,Nf
628,時間,Na
628,完整,VH
628,新聞,Na
628,連結,VC
628,或,Caa
628,短,VH
628,網址,Na
628,////,FW
628,備註,VE
629,這,Nep
629,次,Nf
629,強賽,Na
629,地點,Na
629,在,P
629,東京,Nc
629,應援團,Na
629,經典,Na
629,女孩,Na
629,會,D
629,隨隊,VA
629,移師,VCL
629,日本,Nc
629,應援,VC
629,嗎,T
629,昨天,Nd
629,中華,Nc
629,打爆,VC
629,義大利,Nc
629,經典,Na
629,女孩,Na
629,功不可沒,VH
629,如果,Cbb
629,強賽,Na
629,少,VH
629,了,Di
629,應援團,Na
629,是,SHI
629,不,D
629,是,SHI
629,說不過去,VH
629,中華隊,Na
629,是,SHI
629,不,D
629,是,SHI
629,該,D
629,把,P
629,這,Nep
629,因素,Na
629,考慮進去,VB
630,館長,Na
630,是,SHI
630,出,VC
630,了,Di
630,名,Na
630,的,DE
630,愛,VL
630,台灣,Nc
630,還,D
630,為,P
630,台灣,Nc
630,民眾,Na
630,們,Na
630,擋,VC
630,了,Di
630,三,Neu
630,槍,Nf
630,中華隊,Na
630,更,Dfa
630,是,SHI
630,台灣,Nc
630,代表,Na
630,兩,Neu
630,者,Na
630,強強,VH
630,聯合,VC
630,中華隊,Na
630,跟,P
630,館長,Na
630,燒,VC
630,肉,Na
630,聯名,D
630,例如,P
630,中華隊,Na
630,每,Nes
630,贏,VD
630,場,Nf
630,館長,Na
630,燒,VC
630,肉,Na
630,就,D
630,降價,VH
630,次,Nes
630,這樣,VH
630,你,Nh
630,會,D
630,想,VE
630,買,VC
630,嗎,T
631,我,Nh
631,平時,Nd
631,完全,D
631,沒,D
631,在,P
631,看,VC
631,棒球,Na
631,像是,SHI
631,這,Nep
631,種,Nf
631,比賽,Na
631,我,Nh
631,才,Da
631,會,D
631,看,VE
631,是,SHI
631,日,Nc
631,球迷,Na
631,請問,VE
631,這,Nep
631,次,Nf
631,的,DE
631,比賽,Na
631,是,SHI
631,有,V_2
631,開放,VC
631,美國,Nc
631,大聯盟,Na
631,的,DE
631,選手,Na
631,自由,VH
631,參賽,VA
631,嗎,T
631,所以,Cbb
631,美國隊,Na
631,的,DE
631,選手,Na
631,全,Neqa
631,是,SHI
631,由,P
631,大聯盟,Na
631,組成,VG
631,的,T
631,嗎,T
631,另外,Cbb
631,棒球,Na
631,王國,Na
631,紅色,Na
631,閃電,Na
631,古巴隊,Na
631,也,D
631,是,SHI
631,由,P
631,大聯盟,Na
631,組成,VG
631,的,DE
631,球星,Na
631,嗎,T
631,再,D
631,問,VE
631,日本隊,Na
631,也,D
631,是,SHI
631,由,P
631,日本,Nc
631,職棒,Na
631,的,DE
631,菁英,Na
631,所,D
631,組成,VG
631,的,T
631,嗎,T
631,最後,Nd
631,再,D
631,問,VE
631,中華隊,Na
631,是,SHI
631,最佳,A
631,陣容,Na
631,嗎,T
631,我,Nh
631,是,SHI
631,真的,D
631,不,D
631,懂,VK
631,而,Cbb
631,問,VE
631,的,DE
631,我,Nh
631,印象,Na
631,中,Ng
631,還,D
631,停留,VA
631,在,P
631,高橋,Nc
631,由,P
631,伸誠島,Nc
631,健司,Na
631,小笠,Nc
631,原道,Na
631,大谷,Nb
631,佳知,VK
631,福留孝介,Nb
631,鈴木郎,Nb
631,那些,Neqa
631,然後,D
631,中華隊,Na
631,是,SHI
631,金,Na
631,戰士,Na
631,恰恰,D
631,陳金鋒,Nb
631,張泰山,Nb
631,謝佳賢,Nb
631,這邊,Ncd
631,請,VF
631,大家,Nh
631,幫,P
631,我,Nh
631,解答,VC
631,各,Nes
631,國,Nc
631,都,D
631,是,SHI
631,派,VF
631,最佳,A
631,陣容,Na
631,來,D
631,比賽,VA
631,嗎,T
632,媒體,Na
632,來源,Na
632,新聞,Na
632,雲,VE
632,記者,Na
632,署名,VC
632,實習,VA
632,記者,Na
632,李密,Nb
632,台北,Nc
632,報導,VE
632,完整,VH
632,新聞,Na
632,標題,Na
632,陳水扁,Nb
632,獵奇迷,Na
632,因,Cbb
632,圖,Na
632,慶祝,VE
632,中華隊,Na
632,逆轉,VA
632,勝,VH
632,網,Na
632,大呼,VE
632,看,VJ
632,不,D
632,懂,VJ
632,完整,VH
632,新聞,Na
632,內文,Na
632,/////,FW
632,昨日,Nd
632,經典賽,Na
632,中華隊,Na
632,以,P
632,的,DE
632,佳績,Na
632,戰勝,VC
632,義大利,Nc
632,，,COMMACATEGORY
632,振奮,VHC
632,人心,Na
632,日前,Nd
632,掀起,VC
632,網友,Na
632,討論,VE
632,的,DE
632,前總統,Na
632,陳水扁,Nb
632,臉書,Na
632,專頁,Na
632,陳水扁,Nb
632,新,VH
632,勇哥,Nb
632,物語,Na
632,也,D
632,跟上,VC
632,潮流,Na
632,，,COMMACATEGORY
632,出,VJ
632,創作,Na
632,合成,VG
632,的,DE
632,迷因圖,Na
632,，,COMMACATEGORY
632,慶祝,VE
632,中華隊,Na
632,逆轉,VA
632,勝,VH
632,不過,Cbb
632,畫風,Na
632,獵奇,VA
632,，,COMMACATEGORY
632,不少,Neqa
632,網友,Na
632,直,D
632,呼,VE
632,看,VJ
632,不,D
632,懂,VJ
632,/////,FW
632,昨日,Nd
632,中華隊,Na
632,贏,VD
632,了,Di
632,世界,Nc
632,經典,Na
632,棒球賽,Na
632,中華隊,Na
632,第二,Neu
632,場,Nf
632,比賽,Na
632,，,COMMACATEGORY
632,以,P
632,比,P
632,擊敗,VC
632,義大利,Nc
632,，,COMMACATEGORY
632,帶給,VD
632,全,Neqa
632,國,Na
632,球迷,Na
632,難忘,VK
632,的,DE
632,場,Nc
632,比賽,Na
632,，,COMMACATEGORY
632,也,D
632,帶動,VC
632,更多,Neqa
632,人,Na
632,關注,VJ
632,經典賽,Na
632,網路,Na
632,上,Ncd
632,掀起,VC
632,熱議,VH
632,的,DE
632,前總統,Na
632,陳水,Nb
632,扁扁式,Na
632,迷因,VH
632,哏圖,Na
632,也,D
632,不忘,VK
632,跟上,VC
632,潮流,Na
632,，,COMMACATEGORY
632,日,Nd
632,早晨,Nd
632,發出,VC
632,最,Dfa
632,新,VH
632,哏圖,Na
632,慶祝,VE
632,中華隊,Na
632,逆轉,VA
632,勝,VH
632,不過,Cbb
632,，,COMMACATEGORY
632,超,Dfa
632,獵奇,VA
632,的,DE
632,畫風,Na
632,也,D
632,讓,VL
632,網友,Na
632,滿,Neqa
632,頭,Nf
632,問號,Na
632,，,COMMACATEGORY
632,就,D
632,有,V_2
632,熱心,VJ
632,網友,Na
632,留言,VA
632,解答,VC
632,，,COMMACATEGORY
632,上,Nes
632,張,Nf
632,圖,Na
632,名為,VG
632,台灣,Nc
632,應,D
632,援,VC
632,，,COMMACATEGORY
632,兩,Neu
632,個,Nf
632,長頸鹿,Na
632,是,SHI
632,方向,Na
632,是,SHI
632,反,VH
632,的,T
632,，,COMMACATEGORY
632,但,Cbb
632,這,Nep
632,張,Nf
632,圖,Na
632,上面,Ncd
632,那,Nep
632,隻,Nf
632,長頸鹿,Na
632,卻,D
632,是,SHI
632,跟,P
632,下面,Ncd
632,的,DE
632,是,SHI
632,同,Nes
632,個,Nf
632,方向,Na
632,兩,Neu
632,張圖,Nb
632,合,VG
632,起來,Di
632,，,COMMACATEGORY
632,正,D
632,是,SHI
632,表達,VC
632,逆轉,VA
632,之,DE
632,意,Na
632,，,COMMACATEGORY
632,也,D
632,就,D
632,是,SHI
632,逆轉,VA
632,勝,VH
632,/////,FW
632,/////,FW
632,台灣,Nc
632,應援,VC
632,哏,Na
632,圖,Na
632,畫面,Na
632,中,Ng
632,可見,Dk
632,長頸鹿,Na
632,台灣,Nc
632,黑熊,Na
632,加菲貓,Nb
632,阿扁,Nb
632,公仔,Na
632,扁娃,Na
632,，,COMMACATEGORY
632,網友,Na
632,解構,VC
632,哏圖,Na
632,，,COMMACATEGORY
632,推測,VE
632,長頸鹿,Na
632,暗喻,VE
632,著,Di
632,長景路,Na
632,，,COMMACATEGORY
632,表示,VE
632,台灣,Nc
632,棒球,Na
632,百,Neu
632,年,Nf
632,歷史,Na
632,陳水扁,Nb
632,站,VA
632,在,P
632,長頸鹿,Na
632,的,DE
632,頭頂,Nc
632,，,COMMACATEGORY
632,扁蛙,Na
632,則,D
632,穿直,VA
632,排輪,VA
632,戴,VC
632,球套,Na
632,，,COMMACATEGORY
632,要,D
632,告訴,VE
632,大家,Nh
632,棒球,Na
632,的,DE
632,路,Na
632,很,Dfa
632,長,VH
632,，,COMMACATEGORY
632,過去,Nd
632,的,DE
632,棒球,Na
632,是,SHI
632,殖民,VA
632,之,DE
632,球,Na
632,，,COMMACATEGORY
632,如今,Nd
632,的,DE
632,棒球,Na
632,是,SHI
632,民主,VH
632,之,DE
632,球,Na
632,如同,P
632,台灣,Nc
632,帝雉,Na
632,般,Ng
632,，,COMMACATEGORY
632,飛,VA
632,向,P
632,高空,Nc
632,台灣,Nc
632,黑熊,Na
632,般,Ng
632,，,COMMACATEGORY
632,捍衛,VC
632,國土,Na
632,/////,FW
632,從,P
632,粉專,Na
632,連,Cbb
632,發迷,Na
632,因,P
632,圖,Na
632,貼文,Na
632,可,D
632,見,VE
632,，,COMMACATEGORY
632,陳水扁,Nb
632,近來,D
632,相當,Dfa
632,關注,VJ
632,這,Nep
632,場,Nf
632,經典,Na
632,賽事,Na
632,，,COMMACATEGORY
632,賽前,Nd
632,陳水扁,Nb
632,就,D
632,發出,VC
632,扁維拉李維拉,Nb
632,哏圖,Na
632,自嘲,VE
632,，,COMMACATEGORY
632,呼應,VC
632,常見,VH
632,用語,Na
632,扁維拉,Na
632,，,COMMACATEGORY
632,也,D
632,掀波,VC
632,熱潮,Na
632,根據,P
632,鄉民,Na
632,百科,Na
632,的,DE
632,解釋,Na
632,，,COMMACATEGORY
632,扁維拉詞,Na
632,出現,VH
632,於,P
632,前總統,Na
632,馬英九,Nb
632,繼任,VC
632,後,Ng
632,，,COMMACATEGORY
632,多,Neqa
632,次,Nf
632,批評,VC
632,前,Ng
632,朝,P
632,政,Na
632,府,Na
632,無能,VH
632,八,Neu
632,年,Nf
632,遺毒,Na
632,等,Cab
632,，,COMMACATEGORY
632,為,P
632,自身,Nh
632,執政,VA
632,救火,VA
632,轉移,VD
632,焦點,Na
632,由於,Cbb
632,太過,Dfa
632,頻繁,VH
632,，,COMMACATEGORY
632,就,D
632,像,VG
632,棒球,Na
632,比賽,Na
632,中,Ng
632,為,P
632,了,Di
632,勝利,VH
632,，,COMMACATEGORY
632,常,D
632,上場,VA
632,的,DE
632,救援,VC
632,投手,Na
632,時值,P
632,洋基隊,Nb
632,救援,VC
632,投手,Na
632,較為,Dfa
632,台灣人,Na
632,熟知,VK
632,，,COMMACATEGORY
632,因此,Cbb
632,出現,VH
632,扁維拉詞,Na
632,/////,FW
632,完整,VH
632,新聞,Na
632,連結,VC
632,或,Caa
632,短,VH
632,網址,Na
632,不可,D
632,用,VC
632,等,Cab
632,轉載,VC
632,媒體,Na
632,/////,FW
632,備註,VE
632,嗑,VC
632,很多,Neqa
632,喔,T
633,剛好,VH
633,想到,VE
633,林襄,Nb
633,號稱,VG
633,啦啦隊,Na
633,台灣,Nc
633,國民,Na
633,老婆,Na
633,他,Nh
633,的,DE
633,氣質,Na
633,外表,Na
633,知名度,Na
633,都,D
633,跟,P
633,金庸,Nb
633,小說,Na
633,旗下,Nc
633,的,DE
633,女,Na
633,主角,Na
633,王語嫣,Nb
633,很,Dfa
633,像,VG
633,而且,Cbb
633,昨天,Nd
633,中華隊,Na
633,能,D
633,贏,VD
633,都,D
633,是,SHI
633,靠,P
633,林襄,Nb
633,如何,D
634,目前,Nd
634,網,Na
634,上,Ng
634,流傳,VK
634,日本,Nc
634,對,P
634,中華隊,Na
634,的,DE
634,情蒐,Na
634,資料,Na
634,記得,VK
634,低調,VH
634,下,Ng
634,///,FW
634,哇靠,I
634,明明,D
634,日本,Nc
634,和,Caa
634,台灣,Nc
634,不,D
634,是,SHI
634,同,Nes
634,個,Nf
634,分組,VB
634,還,D
634,準備,VC
634,那麼多,Neqa
634,完整,VH
634,的,DE
634,資料,Na
634,日本,Nc
634,是,SHI
634,在,P
634,怕,VK
634,台灣,Nc
634,什麼,Nep
634,細思,VK
634,極,Dfa
634,恐,VK
635,中華隊,Na
635,國際賽,Na
635,很多,Neqa
635,人,Na
635,都,D
635,會,D
635,吃,VC
635,對手國,Na
635,的,DE
635,食物,Na
635,打,VC
635,韓國,Nc
635,吃,VC
635,泡菜,Na
635,打,VC
635,義大利,Nc
635,吃,VC
635,",",COMMACATEGORY
635,義大利麵,Na
635,那,Dk
635,今天,Nd
635,晚上,Nd
635,對上,VC
635,古巴,Nc
635,吃,VC
635,什麼,Nep
635,才,Da
635,內行,VI
636,備註,VE
636,請,VF
636,放,VC
636,最後,Nd
636,面違,VC
636,者,Na
636,新聞,Na
636,文章,Na
636,刪除,VC
636,媒體,Na
636,來源,Na
636,聯合報,Nb
636,記者,Na
636,署名,VC
636,林佳彣,Nb
636,程,Na
636,遠述,VE
636,楊德宜,Nb
636,完整,VH
636,新聞,Na
636,標題,Na
636,經典賽,Na
636,中華隊,Na
636,贏,VD
636,義大利,Nc
636,藍營,Nb
636,今晚,Nd
636,發份,VC
636,雞排,Na
636,時間,Na
636,地點,Na
636,看,VC
636,這,Nep
636,完整,VH
636,新聞,Na
636,內文,Na
636,中華隊,Na
636,在,P
636,世界,Nc
636,棒球,Na
636,經典賽,Na
636,以,P
636,擊敗,VC
636,義大利隊,Na
636,，,COMMACATEGORY
636,國民黨,Nb
636,立委,Na
636,洪孟楷,Nb
636,在,P
636,臉書,Na
636,發文,VC
636,，,COMMACATEGORY
636,感謝,VK
636,中,Ng
636,華經典,Na
636,真,VH
636,英雄,Na
636,贏,VD
636,義大利,Nc
636,，,COMMACATEGORY
636,發雞排,Na
636,啦,T
636,宣布,VE
636,今晚,Nd
636,將,D
636,在,P
636,新北市,Nc
636,府,Na
636,中,Ncd
636,捷運,Na
636,站號,Nc
636,出口,VC
636,新,VH
636,北,Ncd
636,戶外,Nc
636,直播派,Na
636,對,P
636,發放,VD
636,分,VC
636,雞排,Na
636,，,COMMACATEGORY
636,今天,Nd
636,傍晚,Nd
636,時分,Na
636,開始,VL
636,發,VD
636,號碼牌,Na
636,，,COMMACATEGORY
636,號碼牌,Na
636,全,Neqa
636,發完,VC
636,後,Ng
636,，,COMMACATEGORY
636,開始,VL
636,發雞,Na
636,排,VC
636,洪孟楷,Nb
636,在,P
636,臉書,Na
636,公布,VE
636,發放,VD
636,雞排,Na
636,的,DE
636,時間,Na
636,地點,Na
636,，,COMMACATEGORY
636,他,Nh
636,說,VE
636,，,COMMACATEGORY
636,大家,Nh
636,來,D
636,領,VC
636,雞排,Na
636,繼續,VF
636,為,P
636,中華隊,Na
636,加油,VB
636,繼續,VF
636,擊敗,VC
636,荷蘭,Nc
636,場場,Neqa
636,贏,VD
636,，,COMMACATEGORY
636,前進,VA
636,東京,Nc
636,時間,Na
636,/,FW
636,周六,Nd
636,開始,VL
636,發,VD
636,號碼牌,Na
636,，,COMMACATEGORY
636,號碼牌,Na
636,全,Neqa
636,發完,VC
636,後,Ng
636,，,COMMACATEGORY
636,開始,VL
636,發雞,VA
636,排,VC
636,地點,Na
636,府中,Nc
636,捷運,Na
636,站號,Na
636,出口,VC
636,新北,Nc
636,戶外,Nc
636,直播派,Na
636,對,VC
636,發起人,Na
636,江啟臣,Nb
636,洪孟楷,Nb
636,徐弘庭,Nb
636,台北市,Nc
636,議員,Na
636,張斯綱,Nb
636,凌濤,Nb
636,李明賢,Nb
636,阿賢,Nb
636,之,DE
636,聲,Na
636,羅明,Nb
636,才,Da
636,葉元之,Nb
636,．,PERIODCATEGORY
636,板橋,Nc
636,柳采葳,Nb
636,林德福,Nb
636,李明璇,Nb
636,網友,Na
636,盛讚,VE
636,說到,VE
636,做到,VE
636,，,COMMACATEGORY
636,紛紛,D
636,留言,VA
636,，,COMMACATEGORY
636,雖然,Cbb
636,不可能,D
636,去,D
636,領,VC
636,，,COMMACATEGORY
636,但,Cbb
636,也,D
636,開心,VH
636,贏,VD
636,球,Na
636,謝謝,VJ
636,有,V_2
636,你們,Nh
636,加持,VB
636,，,COMMACATEGORY
636,讓,VL
636,這,Nep
636,場,Nf
636,賽局,Na
636,更加,Dfa
636,精彩,VH
636,贏得,VJ
636,漂亮,VH
636,出發,VA
636,排隊,VA
636,了,Di
636,領祭品,Na
636,了,T
636,媒體人,Na
636,黃揚明,Nb
636,也,D
636,在,P
636,臉書,Na
636,公布,VE
636,政壇,Nc
636,祭品文,Na
636,將,D
636,實現,VC
636,的,DE
636,整理包,Na
636,，,COMMACATEGORY
636,包括,VK
636,已,D
636,知,VK
636,洪孟楷,Nb
636,等,Cab
636,人,Na
636,雞排,Na
636,共,Da
636,份滿志剛,VH
636,的,DE
636,雞蛋顆,Na
636,彰化縣,Nc
636,政府,Na
636,的,DE
636,爌肉,Na
636,飯碗,Na
636,立法委員,Na
636,林為洲,Nb
636,發雞,VA
636,排,VC
636,份,Na
636,中華隊,Na
636,贏,VD
636,球,Na
636,就,D
636,是,SHI
636,爽,VH
636,，,COMMACATEGORY
636,雞排,Na
636,來,VA
636,囉,T
636,，,COMMACATEGORY
636,立委,Na
636,林為洲,Nb
636,也,D
636,在,P
636,他,Nh
636,個人,Nh
636,臉書,Na
636,公布,VE
636,發雞排,Na
636,資訊,Na
636,今天,Nd
636,上,Ng
636,午時,Nd
636,，,COMMACATEGORY
636,在,P
636,新社,Nc
636,保安宮,Nc
636,新竹縣,Nc
636,竹北市,Nc
636,中正西路,Nc
636,號限,Nc
636,量份,Nc
636,台北市,Nc
636,青工,Na
636,總會長,Na
636,滿志剛,Nb
636,今天,Nd
636,上午,Nd
636,時,Ng
636,在,P
636,臉書,Na
636,宣布,VE
636,，,COMMACATEGORY
636,今天,Nd
636,下午,Nd
636,時,Ng
636,發送,VD
636,顆,Nf
636,雞蛋,Na
636,，,COMMACATEGORY
636,每,Nes
636,人,Na
636,顆,Nf
636,共份,Na
636,中午,Nd
636,時,Ng
636,發,VD
636,號碼牌,Na
636,，,COMMACATEGORY
636,號碼牌,Na
636,發完,VC
636,後,Ng
636,，,COMMACATEGORY
636,下午,Nd
636,時,Ng
636,開始,VL
636,發,VD
636,雞蛋,Na
636,地點,Na
636,台北市,Nc
636,信,VK
636,義區,Nc
636,忠孝東路,Nc
636,五段,Nc
636,巷弄號,Nc
636,近,Nes
636,永春,Nc
636,捷運,Na
636,站號,Na
636,出口,Nc
636,完整,VH
636,新聞,Na
636,連結,VC
636,或,Caa
636,短,VH
636,網址,Na
636,不可,D
636,用,VC
636,等,Cab
636,轉載,VC
636,媒體,Na
636,//////,FW
636,備註,VE
636,蹭,VC
636,，,COMMACATEGORY
636,但,Cbb
636,還是,D
636,領,VC
636,起來,Di
637,欸,I
637,欸,I
637,肥宅,VH
637,小妹,Na
637,我,Nh
637,台大,Nc
637,如果,Cbb
637,晚上,Nd
637,小妹,Na
637,我,Nh
637,台灣,Nc
637,中華隊,Na
637,可以,D
637,財富,Na
637,自由,Na
637,嗎,T
637,小妹,Na
637,我,Nh
637,只有,D
637,啦,T
637,嘻嘻,D
637,肥宅,VH
637,你們,Nh
637,有,V_2
637,卦,Na
637,嗎,T
638,媒體,Na
638,來源,Na
638,自由時報,Nb
638,新聞,Na
638,日期,Na
638,//,FW
638,記者,Na
638,署名,VC
638,易慧慈,Nb
638,新聞,Na
638,標題,Na
638,台義,Nc
638,大戰,Na
638,幸運,VH
638,女神,Na
638,是,SHI
638,她,Nh
638,辣秀,Na
638,逆天,Na
638,美,VH
638,腿,Na
638,全網,Na
638,震撼,VJ
638,硬,VH
638,了,Di
638,新聞,Na
638,內文,Na
638,記者,Na
638,易慧慈,Nb
638,綜合,VC
638,報導,VE
638,台灣隊,Na
638,昨晚,Nd
638,在,P
638,經典賽,Na
638,對,VC
638,義大利,Nc
638,，,COMMACATEGORY
638,火力,Na
638,無,VJ
638,極限,Na
638,，,COMMACATEGORY
638,林子偉,Nb
638,敲出,VC
638,陽春,VH
638,砲,Na
638,，,COMMACATEGORY
638,張育成,Nb
638,敲出,VC
638,價值連城,VH
638,的,DE
638,分,VC
638,全壘打,Na
638,追平,VC
638,比分,Na
638,，,COMMACATEGORY
638,吉力吉撈,Nb
638,．,PERIODCATEGORY
638,鞏冠,Nb
638,第,Neu
638,局,Nf
638,敲下,VC
638,分彈,Na
638,，,COMMACATEGORY
638,以,P
638,力退,VC
638,義大利,Nc
638,，,COMMACATEGORY
638,讓,VL
638,全,Neqa
638,台灣,Nc
638,感動,VHC
638,不已,Dfb
638,人氣,Na
638,蔡阿嘎,Nb
638,昨,Nd
638,穿上,VC
638,水手服,Na
638,變身,VA
638,襄蔡,VH
638,，,COMMACATEGORY
638,全力,D
638,幫,P
638,義大利,Nc
638,應援,VC
638,，,COMMACATEGORY
638,粗壯,VH
638,小腿肌,Na
638,震驚,VHC
638,粉絲,Na
638,，,COMMACATEGORY
638,也,D
638,帶賽,VA
638,成功,VH
638,，,COMMACATEGORY
638,台灣隊,Na
638,贏,VD
638,球,Na
638,，,COMMACATEGORY
638,球迷,Na
638,紛紛,D
638,留言,VA
638,謝謝,VJ
638,他,Nh
638,幫,P
638,義大利,Nc
638,加油,VB
638,蔡阿嘎,Nb
638,化身,Na
638,襄蔡,Nb
638,為,P
638,義大利,Nc
638,加油,VB
638,，,COMMACATEGORY
638,畫面,Na
638,令,VL
638,人,Na
638,拳頭,Na
638,硬,D
638,翻攝,VC
638,臉書,Na
638,昨,Nd
638,在,P
638,台義,Nc
638,大戰,Na
638,前,Ng
638,，,COMMACATEGORY
638,蔡阿嘎,Nb
638,特地,D
638,穿上,VC
638,水手服,Na
638,戴上,VC
638,金色,Na
638,假髮,Na
638,，,COMMACATEGORY
638,自稱,VG
638,是,SHI
638,襄蔡,Nb
638,，,COMMACATEGORY
638,除了,P
638,拍,VC
638,影片,Na
638,大跳,VA
638,應援舞,Na
638,喊,VE
638,起,Di
638,炸裂,VC
638,，,COMMACATEGORY
638,不,D
638,小心,VK
638,露出,VC
638,四角,Na
638,內褲,Na
638,，,COMMACATEGORY
638,粗壯,VH
638,小腿,Na
638,肌,Na
638,晃,VC
638,啊,T
638,晃,VC
638,，,COMMACATEGORY
638,十分,Dfa
638,驚人,VH
638,，,COMMACATEGORY
638,他,Nh
638,再,D
638,用,P
638,粗,VH
638,暴,VH
638,的,DE
638,照片,Na
638,發文,VC
638,，,COMMACATEGORY
638,幫,P
638,義大利,Nc
638,加油,VB
638,起為,VG
638,義大利,Nc
638,加油,VB
638,，,COMMACATEGORY
638,還,D
638,說,VE
638,襄,Nb
638,蔡,Nb
638,第,Neu
638,場,Nf
638,就,D
638,成功,VH
638,帶,VC
638,賽,Na
638,義大,Nc
638,利,Na
638,，,COMMACATEGORY
638,只要,Cbb
638,襄蔡,VH
638,，,COMMACATEGORY
638,絕對,D
638,能,D
638,鎮住,VC
638,對手,Na
638,的,DE
638,蔡阿嘎,Nb
638,化身,Na
638,襄蔡,Nb
638,為,P
638,義大利,Nc
638,加油,VB
638,，,COMMACATEGORY
638,畫面,Na
638,令,VL
638,人,Na
638,拳頭,Na
638,硬,D
638,翻攝,VC
638,臉書,Na
638,蔡阿嘎,Nb
638,化身,Na
638,襄蔡,Nb
638,為,P
638,義大利,Nc
638,加油,VB
638,，,COMMACATEGORY
638,畫面,Na
638,令,VL
638,人,Na
638,拳頭,Na
638,硬,D
638,翻攝,VC
638,臉書,Na
638,網友,Na
638,紛紛,D
638,留言,VA
638,嘎哥,Nb
638,繼續,VF
638,替,P
638,荷蘭,Nc
638,加油,VB
638,吧,T
638,希望,VK
638,接下來,D
638,的,DE
638,比賽,Na
638,襄蔡,Nb
638,也,D
638,能,D
638,出馬,VA
638,，,COMMACATEGORY
638,水,Na
638,啦,T
638,每,Nes
638,場,Nf
638,比賽,Na
638,都,D
638,要,D
638,出來,VA
638,喔,T
638,唯,Da
638,支持,VC
638,襄蔡,Nb
638,看,VC
638,球賽,Na
638,，,COMMACATEGORY
638,阿嘎,Nb
638,你,Nh
638,就,D
638,先,D
638,迴避,VC
638,吧,T
638,支持,VC
638,襄蔡,Nb
638,出道,VH
638,反,VC
638,指標,Na
638,名不虛傳,VH
638,今天,Nd
638,襄,VC
638,蔡給力,Nb
638,，,COMMACATEGORY
638,明天,Nd
638,繼續,VF
638,硬,VH
638,了,Di
638,我,Nh
638,是,SHI
638,說,VE
638,拳頭,Na
638,這,Nep
638,小腿,Na
638,，,COMMACATEGORY
638,跑步,VA
638,有,D
638,努力,VH
638,練,VC
638,喔,T
638,新聞,Na
638,連結,VC
638,/////,FW
638,不,D
638,小心,VK
638,露出,VC
638,四角,Na
638,內褲,Na
638,，,COMMACATEGORY
638,粗壯,VH
638,小腿,Na
638,肌,Na
638,晃,VC
638,啊,T
638,晃,VC
638,，,COMMACATEGORY
638,十分,Dfa
638,驚人,VH
638,帶賽,Na
638,義大利,Nc
639,魯,Nb
639,看,VC
639,了,Di
639,昨天,Nd
639,的,DE
639,發現,VE
639,義大利人,Na
639,好幾,Neu
639,個,Nf
639,都,D
639,有,V_2
639,留,VC
639,小鬍子,Na
639,欸,I
639,感覺,VK
639,很,Dfa
639,復古,VHC
639,有,V_2
639,種,Nf
639,偵探,Na
639,的,DE
639,味道,Na
639,為什麼,D
639,呢,T
640,剛好,VH
640,想到,VE
640,因為,Cbb
640,發現,VE
640,中華隊,Na
640,能,D
640,贏,VD
640,都,D
640,是,SHI
640,蔡阿嘎,Nb
640,的,DE
640,功勞,Na
640,而且,Cbb
640,他,Nh
640,的,DE
640,外表,Na
640,知名度,Na
640,還,D
640,有,V_2
640,搞笑,VA
640,都,D
640,跟,P
640,日本,Nc
640,的,DE
640,志村健,Nb
640,模樣,Na
640,而且,Cbb
640,如,P
640,出轍,VA
640,如何,D
641,目前,Nd
641,組,Nc
641,狀況,Na
641,荷蘭,Nc
641,台灣,Nc
641,義大利,Nc
641,古巴,Nc
641,巴拿馬,Nc
641,接下來,D
641,比賽,VA
641,巴義,Nb
641,台荷,Nc
641,台古,Nc
641,荷義,Na
641,想,VE
641,晉級,VJ
641,的,DE
641,可能,Na
641,兩,Neu
641,戰,Na
641,全,Neqa
641,勝,VH
641,，定,VC
641,可以,D
641,晉級,VJ
641,，,COMMACATEGORY
641,但,Cbb
641,難度,Na
641,高,VH
641,兩,Neu
641,勝,VH
641,兩,Neu
641,負,VJ
641,，,COMMACATEGORY
641,這,Nep
641,就,D
641,好玩,VH
641,了,T
641,，,COMMACATEGORY
641,若,Cbb
641,義大利,Nc
641,贏,VD
641,巴拿馬,Nc
641,，,COMMACATEGORY
641,荷蘭,Nc
641,贏,VD
641,台灣,Nc
641,，,COMMACATEGORY
641,台灣,Nc
641,贏,VD
641,古巴,Nc
641,，,COMMACATEGORY
641,荷蘭,Nc
641,贏,VD
641,義大利,Nc
641,就,D
641,會,D
641,變成,VG
641,荷台,Nb
641,義古巴,Nb
641,因,Cbb
641,台贏義,Nb
641,所以,Cbb
641,荷台,Nc
641,晉級,VJ
641,這,Nep
641,是,SHI
641,唯,Da
641,讓,VL
641,我們,Nh
641,不用,D
641,比較,VC
641,失分率,Na
641,晉級,VJ
641,的,DE
641,方式,Na
641,，,COMMACATEGORY
641,其他,Neqa
641,讓,VL
641,台灣,Nc
641,的,DE
641,情況,Na
641,，,COMMACATEGORY
641,則,D
641,要,D
641,比較,VC
641,失分率,Na
641,，,COMMACATEGORY
641,偏偏,D
641,第,Neu
641,場,Nf
641,被,P
641,巴拿馬,Nc
641,電,VC
641,太,Dfa
641,慘,VH
641,，,COMMACATEGORY
641,因此,Cbb
641,比,P
641,失分率,Na
641,勝算,Na
641,不,D
641,高,VH
641,，,COMMACATEGORY
641,因此,Cbb
641,如果,Cbb
641,可以,D
641,照,P
641,這,Nep
641,劇本,Na
641,走從,VCL
641,現在,Nd
641,開打,VH
641,的,DE
641,義打,Na
641,贏巴,VA
641,開始,VH
641,，,COMMACATEGORY
641,會,D
641,比較,Dfa
641,保險,VH
641,，,COMMACATEGORY
641,好像,D
641,可以,D
641,開始,VL
641,幫,P
641,義大利,Nc
641,加油,VB
641,了,Di
641,夏威夷,Nc
641,披薩,Na
641,拿起來,VB
642,各位,Nh
642,奶,Na
642,三十,Neu
642,公分,Nf
642,帥哥,Na
642,美女,Na
642,大家,Nh
642,午安,VH
642,大家,Nh
642,豪ㄛ,VH
642,就,D
642,是,SHI
642,阿小,Nb
642,魯熊熊,Nb
642,想到,VE
642,個,Nf
642,有,V_2
642,底,Ncd
642,好奇,VH
642,的,DE
642,問題,Na
642,想,VE
642,問問,VE
642,大家,Nh
642,，,COMMACATEGORY
642,最近,Nd
642,正,D
642,值,P
642,世界,Nc
642,棒球,Na
642,經典賽,Na
642,，,COMMACATEGORY
642,今天,Nd
642,晚上,Nd
642,中華隊,Na
642,要,D
642,對上,VC
642,強敵,Na
642,荷蘭隊,Na
642,，,COMMACATEGORY
642,看起來,D
642,是,SHI
642,場,Nf
642,硬仗,Na
642,，,COMMACATEGORY
642,為什麼,D
642,這麼,D
642,說,VE
642,呢,T
642,因為,Cbb
642,小魯,Nb
642,平常,Nd
642,看,VC
642,美國,Nc
642,職棒,Na
642,，,COMMACATEGORY
642,不少,Neqa
642,大聯盟,Na
642,的,DE
642,大咖,Na
642,都,D
642,有,V_2
642,加入,VC
642,荷蘭隊,Na
642,，,COMMACATEGORY
642,像是,SHI
642,剛,D
642,簽下,VC
642,大約,Da
642,的,DE
642,其他,Neqa
642,如等,VH
642,，,COMMACATEGORY
642,那,Nep
642,小魯,Nb
642,就,D
642,好奇,VH
642,了,T
642,，,COMMACATEGORY
642,昨天,Nd
642,對上,VC
642,義大利,Nc
642,要,D
642,吃,VC
642,義大利麵,Na
642,吃,VC
642,鳳梨,Na
642,披薩,Na
642,，,COMMACATEGORY
642,那,Nep
642,對上,VC
642,荷蘭,Nc
642,要,D
642,吃,VC
642,甚麼,Nep
642,荷蘭,Nc
642,印象,Na
642,中,Ng
642,就,D
642,是,SHI
642,風車,Na
642,鬱金香,Na
642,乳牛,Na
642,紅燈區,Nc
642,，,COMMACATEGORY
642,不過,Cbb
642,美食,Na
642,就,D
642,想不到,Dk
642,有,V_2
642,甚麼,Nep
642,代表性,Na
642,的,T
642,，,COMMACATEGORY
642,因為,Cbb
642,小魯,Nb
642,沒有,D
642,去,VCL
642,過,Di
642,荷蘭,Nc
642,，,COMMACATEGORY
642,不,D
642,知道,VK
642,對上,VC
642,荷蘭,Nc
642,要,D
642,吃,VC
642,甚麼,Nep
642,比較,Dfa
642,有,V_2
642,氣勢,Na
642,，,COMMACATEGORY
642,想,VE
642,問問,VE
642,看,Di
642,大家,Nh
642,，,COMMACATEGORY
642,有沒有,D
642,今天,Nd
642,晚上,Nd
642,中華隊,Na
642,對上,VC
642,荷蘭隊,Na
642,，,COMMACATEGORY
642,午餐,Na
642,晚餐,Na
642,要,D
642,吃,VC
642,甚麼,Nep
642,比較,Dfa
642,有,V_2
642,氣勢,Na
642,的,DE
642,八卦,Na
642,啊,T
643,如,P
643,題,Na
643,組,VC
643,賽程,Na
643,也,D
643,快,D
643,結束,VHC
643,複賽,Na
643,在,P
643,東京,Nc
643,比賽,VA
643,，,COMMACATEGORY
643,身為,VG
643,地主國,Na
643,背負,VC
643,著,Di
643,全,Neqa
643,國,Nc
643,人民,Na
643,期望,VK
643,要,D
643,進軍,VCL
643,美國,Nc
643,拿下,VC
643,冠軍,Na
643,的,DE
643,日本隊,Na
643,會,D
643,比較,Dfa
643,想要,VE
643,對,P
643,上組,Na
643,的,DE
643,義大利,Nc
643,還是,Caa
643,荷蘭,Nc
644,生日,Na
644,當天,Nd
644,拿,VC
644,經典賽,Na
644,勝投,Na
644,呂彥青,Nb
644,永生,VH
644,難忘,VK
644,作者,Na
644,黃泓哲,Nb
644,年,Na
644,月,Na
644,日,Na
644,年,Nf
644,世界,Nc
644,棒球,Na
644,經典賽,Na
644,中華隊,Na
644,今晚,Nd
644,痛擊,VC
644,外界,Ncd
644,認為,VE
644,組,Nc
644,實力,Na
644,較,Dfa
644,強勁,VH
644,的,DE
644,對手,Na
644,義大利,Nc
644,，,COMMACATEGORY
644,後援,Na
644,上場,VA
644,的,DE
644,呂彥青,Nb
644,主投局,Nc
644,沒有,D
644,失分,VH
644,，,COMMACATEGORY
644,成功,VH
644,壓制,VC
644,義大利隊,Na
644,反攻,VC
644,氣焰,Na
644,，,COMMACATEGORY
644,首次,D
644,打,VC
644,經典賽,Na
644,就,D
644,有,V_2
644,好,VH
644,表現,Na
644,且,Cbb
644,在,P
644,生日,Na
644,當天,Nd
644,拿下,VC
644,勝投,Na
644,，,COMMACATEGORY
644,他,Nh
644,也,D
644,直說,VE
644,永生,VH
644,難忘,VK
644,今天,Nd
644,呂彥青,Nb
644,在,P
644,局,Nc
644,上,Ncd
644,出局,VH
644,登板,VA
644,，,COMMACATEGORY
644,馬上,D
644,抓到,VC
644,牽制,VC
644,出局,VH
644,抓到,VC
644,跑者,Na
644,結束,VHC
644,該,Nes
644,半,Neqa
644,局,Nf
644,，,COMMACATEGORY
644,總計,Da
644,投局,Nc
644,沒有,VJ
644,被,P
644,敲,VC
644,任何,Neqa
644,安打,Na
644,投出,VC
644,次,Nf
644,三振,VC
644,，,COMMACATEGORY
644,是,SHI
644,中華隊,Na
644,成功,VH
644,逆轉,VA
644,功臣,Na
644,，,COMMACATEGORY
644,賽,Na
644,後,Ng
644,也,D
644,拿下,VC
644,此,Nep
644,戰勝,VC
644,投,VC
644,賽,Na
644,後,Ng
644,記者會,Na
644,他,Nh
644,表示,VE
644,牽制,VC
644,是,SHI
644,捕手,Na
644,的,DE
644,暗號,Na
644,，,COMMACATEGORY
644,本來,D
644,想,VE
644,做,VC
644,軟性,A
644,牽制,VC
644,但,Cbb
644,沒想到,D
644,跑者,Na
644,跑,VA
644,了,Di
644,，,COMMACATEGORY
644,好險,VH
644,有,V_2
644,抓到,VC
644,跑者,Na
644,首次,D
644,入選,VJ
644,經典賽,Na
644,陣容,Na
644,就,D
644,在,P
644,生日,Na
644,當天,Nd
644,幫助,VC
644,球隊,Na
644,奪勝,VH
644,且,Cbb
644,自己,Nh
644,拿下,VC
644,勝投,Na
644,，,COMMACATEGORY
644,呂彥青,Nb
644,也,D
644,說,VE
644,永生,VH
644,難忘,VK
644,，,COMMACATEGORY
644,今天,Nd
644,中午,Nd
644,學弟,Na
644,有,D
644,幫,P
644,我,Nh
644,慶生,VB
644,，,COMMACATEGORY
644,第,Neu
644,個,Nf
644,願望,Na
644,達成,VC
644,了,Di
644,，,COMMACATEGORY
644,希望,VK
644,接下來,D
644,的,DE
644,願望,Na
644,都,D
644,達成,VC
644,///,FW
644,備註,VE
644,呂寶,Nb
644,我,Nh
644,的,DE
644,朝陽,Na
645,應該,D
645,要,D
645,更正,VC
645,下,Ng
645,，,COMMACATEGORY
645,其實,D
645,八卦板,Na
645,作為,VG
645,第,Neu
645,大,VH
645,板,Na
645,我,Nh
645,相信,VK
645,大部分,Neqa
645,鄉民,Na
645,都,D
645,會,D
645,多少,D
645,看下,VC
645,，,COMMACATEGORY
645,因此,Cbb
645,大家,Nh
645,討厭,VK
645,的,DE
645,不,D
645,是,SHI
645,看,VC
645,八卦板,Na
645,的,DE
645,鄉民,Na
645,，,COMMACATEGORY
645,而是,Cbb
645,那,Nep
645,種,Nf
645,去,VCL
645,了,Di
645,別的,Neqa
645,板,Na
645,還,D
645,要,D
645,滿,Neqa
645,嘴,Na
645,政治,Na
645,，,COMMACATEGORY
645,明明,D
645,對,P
645,該,Nes
645,領域,Na
645,完全,D
645,外行,VI
645,還,D
645,硬,D
645,要,D
645,把,P
645,那,Nep
645,個,Nf
645,板本,Na
645,來,D
645,討論,VE
645,的,DE
645,領域,Na
645,扯成,VG
645,政治,Na
645,話題,Na
645,，,COMMACATEGORY
645,被,P
645,指正,VC
645,就,D
645,貼,VC
645,人家,Nh
645,綠共支那,Na
645,等,Cab
645,標籤,Na
645,死,VH
645,不,D
645,認錯,VA
645,律,Na
645,上,Ng
645,綱成,Nb
645,政治,Na
645,動機,Na
645,這,Nep
645,種,Nf
645,事情,Na
645,八卦,Na
645,政,Na
645,黑板,Na
645,都,D
645,常常,D
645,幹,VC
645,，,COMMACATEGORY
645,但,Cbb
645,八卦人,Na
645,比較,Dfa
645,多所以,VH
645,成,VG
645,了,Di
645,柵欄,Na
645,壞,VHC
645,了,Di
645,代表,Na
645,反正,D
645,請,VF
645,各位,Nh
645,鄉民,Na
645,，,COMMACATEGORY
645,入境,VA
645,隨俗,VA
645,，,COMMACATEGORY
645,不,D
645,懂,VK
645,就,D
645,閉嘴,VA
645,，,COMMACATEGORY
645,好,VH
645,嗎,T
645,人家,Nh
645,討厭,VK
645,你,Nh
645,酸,VH
645,你,Nh
645,也,D
645,沒,VJ
645,罪,Na
645,啊,T
645,，,COMMACATEGORY
645,想,VE
645,惹人厭,VH
645,就,D
645,繼續,VF
645,沒關係,VH
645,不,D
645,懂,VK
645,當然,D
645,也,D
645,能,D
645,去,VCL
645,啊,T
645,，,COMMACATEGORY
645,但,Cbb
645,就,D
645,不要,D
645,不,D
645,懂,VK
645,還,D
645,硬,D
645,要,VE
645,這,Nep
645,政治,Na
645,來,D
645,扯,VC
645,我,Nh
645,是,SHI
645,不,D
645,知道,VK
645,什麼,Nep
645,是,SHI
645,你,Nh
645,說,VE
645,的,DE
645,愛,VL
645,台灣,Nc
645,什麼,Nep
645,是,SHI
645,不,D
645,愛,VL
645,台灣,Nc
645,啦,T
645,，,COMMACATEGORY
645,但,Cbb
645,我,Nh
645,知道,VK
645,昨天,Nd
645,有,V_2
645,篇,Nf
645,跑去,VCL
645,棒球版,Na
645,酸八卦版,Na
645,對,P
645,中華隊,Na
645,贏,VD
645,不,D
645,高興,VK
645,，,COMMACATEGORY
645,那,Nep
645,篇,Nf
645,也,D
645,被,P
645,噓爆,VC
645,了,Di
646,同,Nes
646,組,Nf
646,已經,D
646,有,V_2
646,中國,Nc
646,捷克,Nc
646,兩,Neu
646,個,Nf
646,墊腳石,Na
646,剩下,VJ
646,三,Neu
646,隊,Nf
646,三,Neu
646,取,VC
646,二,Neu
646,晉級,VJ
646,怎麼,D
646,看,VC
646,壓力,Na
646,都,D
646,比,P
646,組,Nc
646,的,DE
646,中華隊,Na
646,小,VH
646,多,Dfb
646,了,T
646,居然,D
646,連,Cbb
646,兩,Neu
646,場,Nf
646,都,D
646,敗北,VH
646,面臨,VK
646,淘汰,VC
646,邊緣,Nc
646,昨天,Nd
646,打,VC
646,日本,Nc
646,甚至,D
646,還,D
646,差點,D
646,被,P
646,這樣,VH
646,下去,Di
646,全,Neqa
646,隊,Nf
646,是,SHI
646,不,D
646,是,SHI
646,要,D
646,準備,VF
646,游泳,VA
646,回,VCL
646,南韓,Nc
646,了,T
646,呀,T
647,媒體,Na
647,來源,Na
647,中時,Nb
647,記者,Na
647,署名,VC
647,盧品青,Nb
647,完整,VH
647,新聞,Na
647,標題,Na
647,官網,Na
647,曝,VC
647,中華隊,Na
647,最,Dfa
647,強,VH
647,幕外,Nc
647,媒驚,VH
647,觀眾,Na
647,加油聲,Na
647,嚇死,VHC
647,人,Na
647,完整,VH
647,新聞,Na
647,內文,Na
647,中華隊,Na
647,日暌,VH
647,違年,VA
647,的,DE
647,經典賽,Na
647,首,D
647,勝,VH
647,就,D
647,是,SHI
647,波瀾壯闊,VH
647,的,DE
647,勝,Nv
647,，,COMMACATEGORY
647,林子偉,Nb
647,首,Nes
647,局,Nf
647,開轟,VA
647,讓,VL
647,台中,Nc
647,洲際,Nc
647,球場,Nc
647,兩萬,Neu
647,名,Nf
647,觀眾,Na
647,陷入,VCL
647,瘋狂,VH
647,，,COMMACATEGORY
647,雙方度,Na
647,互換,VC
647,領先,VJ
647,，,COMMACATEGORY
647,大量,Neqa
647,更換,VC
647,投手,Na
647,，,COMMACATEGORY
647,中華隊,Na
647,終於,D
647,靠,VJ
647,著,Di
647,打線,VA
647,的,DE
647,煙火秀,Na
647,比,P
647,獲勝,VH
647,大聯盟,Na
647,官網,Na
647,指出,VE
647,，,COMMACATEGORY
647,中華隊,Na
647,除了,P
647,展現,VC
647,強大,VH
647,韌性,Na
647,和,Caa
647,火力,Na
647,，,COMMACATEGORY
647,觀眾,Na
647,震耳欲聾,VH
647,的,DE
647,加油聲,Na
647,令,VL
647,人,Na
647,印象,Na
647,深刻,VH
647,，,COMMACATEGORY
647,觀眾,Na
647,始終,D
647,沒有,D
647,停下,VC
647,對,P
647,中華隊,Na
647,的,DE
647,聲援,VC
647,，,COMMACATEGORY
647,吉祥物,Na
647,們,Na
647,熱舞,VA
647,的,DE
647,啦啦,Na
647,隊,Na
647,場,Nc
647,邊,Ncd
647,球迷,Na
647,幾乎,Da
647,沒有,VJ
647,刻安,Nb
647,坐,VA
647,在,P
647,位置,Na
647,上,Ncd
647,中華隊局,Nc
647,下,Ncd
647,打到,VC
647,滿壘,VH
647,，,COMMACATEGORY
647,來自,VJ
647,美國,Nc
647,大聯盟,Na
647,的,DE
647,游擊手,Na
647,佛萊徹,Nb
647,沒,D
647,能,D
647,擋下,VC
647,范,Nb
647,國宸,Nb
647,的,DE
647,內野彈,Na
647,跳球,VA
647,，,COMMACATEGORY
647,成為,VG
647,分打點,Na
647,的,DE
647,安打,Na
647,，,COMMACATEGORY
647,幫,P
647,中華隊,Na
647,比,VC
647,超前,VJ
647,後面,Ncd
647,吉力吉撈,Nb
647,・,PARENTHESISCATEGORY
647,鞏冠,Nb
647,補上,VC
647,三,Neu
647,分,Nf
647,砲,Na
647,澆熄,VC
647,了,Di
647,義大利,Nc
647,的,DE
647,反擊,VC
647,美,Nc
647,媒官,Na
647,推稱,VE
647,讚第,Nb
647,局,Nc
647,這,Nep
647,發,Nf
647,三,Neu
647,分,Nf
647,砲,Na
647,令,VL
647,人,Na
647,起,VC
647,了,Di
647,雞皮疙瘩,Na
647,也,D
647,有,V_2
647,早起,VA
647,的,DE
647,美國,Nc
647,球迷,Na
647,為,P
647,台灣,Nc
647,球迷,Na
647,的,DE
647,熱情,Na
647,驚訝,VK
647,，,COMMACATEGORY
647,美國,Nc
647,觀眾,Na
647,有,V_2
647,這樣,VH
647,投入,VC
647,嗎,T
647,同時,Nd
647,有,V_2
647,人,Na
647,發,VD
647,現,Nd
647,這,Nep
647,是,SHI
647,亞特蘭大,Nc
647,勇士隊,Nb
647,的,DE
647,戰歌,Na
647,，,COMMACATEGORY
647,亦,D
647,有,V_2
647,人,Na
647,驚訝,VK
647,棒球場,Nc
647,竟然,D
647,會,D
647,有,V_2
647,啦啦隊,Na
647,因為,Cbb
647,美國,Nc
647,的,DE
647,職棒,Na
647,球場,Nc
647,只,Da
647,有,V_2
647,吉祥物,Na
647,而已,T
647,義大利,Nc
647,打者,Na
647,也,D
647,相當,Dfa
647,勇猛,VH
647,，,COMMACATEGORY
647,頂,VC
647,著,Di
647,觀眾,Na
647,的,DE
647,喧嘩聲,Na
647,，,COMMACATEGORY
647,中途,Nc
647,把,P
647,比分,Na
647,逆轉,VA
647,到,P
647,比,P
647,領先,VJ
647,總教練,Na
647,皮亞薩,Nb
647,說,VE
647,很,Dfa
647,艱難,VH
647,的,DE
647,比賽,Na
647,環境,Na
647,，,COMMACATEGORY
647,但,Cbb
647,很,Dfa
647,特別,VH
647,，,COMMACATEGORY
647,還,D
647,不,D
647,知道,VK
647,怎麼,D
647,講,VE
647,，,COMMACATEGORY
647,有點,Dfa
647,驚嚇,VC
647,在,P
647,電視,Na
647,上,Ncd
647,看,VE
647,是,SHI
647,回,Nf
647,事,Na
647,，,COMMACATEGORY
647,真正,D
647,體驗,VC
647,又,D
647,是,SHI
647,另,Nes
647,回,Nf
647,事,Na
647,，,COMMACATEGORY
647,我,Nh
647,覺得,VK
647,是,SHI
647,很,Dfa
647,有趣,VH
647,的,DE
647,體驗,VC
647,/////,FW
647,完整,VH
647,新聞,Na
647,連結,VC
647,或,Caa
647,短,VH
647,網址,Na
647,不可,D
647,用,VC
647,等,Cab
647,轉載,VC
647,媒體,Na
647,///,FW
647,備註,VE
647,是,SHI
647,不,D
647,是,SHI
647,該,D
647,感謝,VK
647,兄弟象,Nb
647,培養,VC
647,台灣,Nc
647,的,DE
647,應援,VC
647,之,DE
647,力,Na
647,，,COMMACATEGORY
647,爪爪,Na
647,///,FW
648,哈摟,I
648,我,Nh
648,是,SHI
648,不,D
648,知道,VK
648,你,Nh
648,是,SHI
648,有心,VL
648,還是,Caa
648,無意,VL
648,拉,VC
648,大笑,VA
648,呵呵,D
648,只要,Cbb
648,長期,Na
648,在,P
648,棒球版,Na
648,活動,Na
648,有點點,Dfa
648,觀察,VE
648,，,COMMACATEGORY
648,就,D
648,知道,VK
648,近期,Nd
648,去,D
648,帶,VC
648,風向,Na
648,攻擊,VC
648,八卦版,Na
648,的,DE
648,不,D
648,就,Da
648,是,SHI
648,那些,Neqa
648,人,Na
648,長期,Na
648,窩在,VCL
648,政黑板,Na
648,的,DE
648,那,Nep
648,群,Nf
648,人,Na
648,啊,T
648,惡意,Na
648,帶,VC
648,風向,Na
648,攻擊,VC
648,八卦版,Na
648,，,COMMACATEGORY
648,為什麼,D
648,因為,Cbb
648,去年,Nd
648,慘敗,VH
648,啊,T
648,再,D
648,加上,Cbb
648,去年,Nd
648,林智堅,Nb
648,搞,VC
648,爛球場,Nc
648,去年,Nd
648,被,P
648,嘴,Na
648,到,P
648,現在,Nd
648,，,COMMACATEGORY
648,政,Na
648,黑,VH
648,綠棒,Na
648,球迷,Na
648,當然,D
648,不,D
648,好,VH
648,受,P
648,故,VH
648,惡意,Na
648,帶,VC
648,風向,Na
648,，,COMMACATEGORY
648,像,VG
648,是,SHI
648,昨天,Nd
648,就,D
648,好幾,Neu
648,篇,Nf
648,，,COMMACATEGORY
648,說,VE
648,甚麼,Nep
648,八卦版,Na
648,見不得,VK
648,中華隊,Na
648,贏,VD
648,球,Na
648,，,COMMACATEGORY
648,甚麼,Nep
648,中華隊,Na
648,比不過,VC
648,中國隊,Na
648,，,COMMACATEGORY
648,昨天,Nd
648,台灣,Nc
648,贏,VD
648,球,Na
648,八卦版,Na
648,有,V_2
648,唱衰,VHC
648,嗎,T
648,沒有,VJ
648,阿樣,Nb
648,是,SHI
648,替,P
648,中華,Nc
648,健兒,Na
648,高興,VK
648,啊,T
648,加油,VB
648,啊,T
648,簡單,VH
648,說,VE
648,八卦版,Na
648,鄉民,Na
648,相對,VH
648,比較,VC
648,嘴賤點,VH
648,而已,T
648,，,COMMACATEGORY
648,哪裡,Ncd
648,不,D
648,是,SHI
648,為,P
648,台灣,Nc
648,的,DE
648,球員,Na
648,加油,VB
648,去,D
648,查下,VE
648,就,D
648,知道,VK
648,，,COMMACATEGORY
648,不少,Neqa
648,人,Na
648,都,D
648,是,SHI
648,在,P
648,政,Na
648,黑板,Na
648,活耀,VH
648,的,T
648,，,COMMACATEGORY
648,那,Nep
648,群,Nf
648,人,Na
648,惡意,Na
648,去,VCL
648,棒球版,Na
648,發文帶,Na
648,風向,Na
648,，,COMMACATEGORY
648,懂,VK
648,了,T
648,嗎,T
648,我,Nh
648,知道,VK
648,你,Nh
648,很,Dfa
648,懂,VK
648,啦,T
648,看,VC
648,就,D
648,知道,VK
648,背景,Na
648,跟,P
648,你,Nh
648,的,DE
648,目的,Na
648,是,SHI
648,甚麼,Nep
648,了,T
648,，,COMMACATEGORY
648,呵呵☺☺☺,D
649,第,Neu
649,場,Nf
649,對,P
649,巴拿馬,Nc
649,堆死忠,Nb
649,中職,Na
649,球迷,Na
649,都,D
649,看,VC
649,不,D
649,下去,Di
649,在,P
649,賴,VA
649,裡面,Ncd
649,跟,P
649,我,Nh
649,洗,VC
649,三,Neu
649,小,VH
649,原本,D
649,昨天,Nd
649,我,Nh
649,在,P
649,看,VC
649,祖國,Nc
649,日本,Nc
649,吊打,VC
649,泡菜狗,Na
649,結果,Dk
649,我,Nh
649,那,Nep
649,朋友,Na
649,直,D
649,賴,VK
649,我,Nh
649,叫,VF
649,我,Nh
649,看,VC
649,中華,Nc
649,對,P
649,超,Dfa
649,精彩,VH
649,後來,Nd
649,我,Nh
649,雙開,VC
649,看完,VC
649,兩,Neu
649,場,Nf
649,比賽,Na
649,想,VE
649,問,VE
649,下,Ng
649,原版,Na
649,打線,VA
649,疲弱,VH
649,守備,VA
649,失誤,Na
649,頻繁,VH
649,的,DE
649,中華隊,Na
649,是,SHI
649,怎樣,D
649,大,VH
649,爆發,VJ
649,的,DE
649,可憐,VHC
649,吶,T
650,備註,VE
650,請,VF
650,放,VC
650,最後,Nd
650,面違,VC
650,者,Na
650,新聞,Na
650,文章,Na
650,刪除,VC
650,媒體,Na
650,來源,Na
650,中時,Nb
650,新聞網,Na
650,記者,Na
650,署名,VC
650,于川,Nb
650,完整,VH
650,新聞,Na
650,標題,Na
650,晚,VH
650,了,Di
650,來不及,D
650,賀中華隊,Nb
650,首,Nes
650,勝,VH
650,人顆,Na
650,藍,VH
650,青年,Na
650,發,VD
650,顆,Nf
650,蛋,Na
650,完整,VH
650,新聞,Na
650,內文,Na
650,//,FW
650,中時,Nb
650,新聞網,Na
650,于川,Nb
650,藍營,Nb
650,這,Nep
650,人,Na
650,喊,VE
650,中華隊,Na
650,贏,VD
650,義大利,Nc
650,送,VD
650,顆,Nf
650,雞蛋,Na
650,圖,Na
650,中,Ng
650,時,Ng
650,資料,Na
650,照片,Na
650,集氣,VA
650,再,D
650,加油,VB
650,中華隊,Na
650,贏,VD
650,球,Na
650,他,Nh
650,豪邁,VH
650,發,VC
650,千,Neu
650,粒,Nf
650,高,VH
650,喊,VE
650,送,VD
650,荷蘭,Nc
650,顆蛋,Na
650,祝福,VC
650,都,D
650,爆蛋,VA
650,台北市,Nc
650,議會,Nc
650,吳志剛,Nb
650,辦公室,Nc
650,主任,Na
650,台北市,Nc
650,青年,Na
650,工作,VA
650,委員會,Nc
650,總會長,Na
650,滿志剛,Nb
650,日,Nd
650,表示,VE
650,，,COMMACATEGORY
650,只要,Cbb
650,中華,Nc
650,隊,Na
650,打敗,VC
650,義大利,Nc
650,，,COMMACATEGORY
650,就,D
650,發出,VC
650,顆,Nf
650,雞蛋,Na
650,中華隊,Na
650,最後,Nd
650,以,P
650,比,P
650,擊退,VC
650,義大利,Nc
650,，,COMMACATEGORY
650,滿志,Nb
650,剛,D
650,在,P
650,賽,Na
650,後,Ng
650,也,D
650,兌,VC
650,現,D
650,諾言,Na
650,，,COMMACATEGORY
650,宣布,VE
650,要,D
650,發放,VD
650,雞蛋,Na
650,最,Dfa
650,新,VH
650,現場,Nc
650,也,D
650,透過,P
650,直播,VC
650,來,D
650,看看,VE
650,滿志,Nb
650,剛,D
650,早上,Nd
650,在,P
650,臉書,Na
650,發布,VC
650,新,VH
650,貼文,Na
650,，,COMMACATEGORY
650,表示,VE
650,說到,VE
650,做到,VE
650,，,COMMACATEGORY
650,今天,Nd
650,下午,Nd
650,立刻,D
650,實踐,VC
650,諾言,Na
650,將,D
650,發放,VD
650,千,Neu
650,顆,Nf
650,雞蛋,Na
650,時間,Na
650,/,FW
650,六,Neu
650,開始,VL
650,發,VD
650,號碼牌,Na
650,，,COMMACATEGORY
650,號碼牌,Na
650,全,Neqa
650,發完,VC
650,後,Ng
650,，,COMMACATEGORY
650,開始,VL
650,發放,VD
650,數量,Na
650,雞蛋,Na
650,人顆,Na
650,共,Da
650,份,Nf
650,地點,Na
650,台北市,Nc
650,信義區,Nc
650,忠孝東路,Nc
650,五段,Nc
650,巷弄號,Nc
650,近,Nes
650,永春,Nc
650,捷運,Na
650,站號,Na
650,出口,Nc
650,滿志,Nb
650,剛,D
650,還,D
650,提到,VE
650,，,COMMACATEGORY
650,為,P
650,響應,VC
650,環保,Na
650,，,COMMACATEGORY
650,請,VF
650,自行,D
650,準備,VF
650,盛,VC
650,蛋,Na
650,容器,Na
650,，,COMMACATEGORY
650,也,D
650,請,VF
650,勿,D
650,重複,D
650,排隊,VA
650,，,COMMACATEGORY
650,讓,VL
650,大家,Nh
650,都,D
650,有,V_2
650,機會,Na
650,，,COMMACATEGORY
650,另,Cbb
650,此,Nep
650,次,Nf
650,活動,Na
650,還,D
650,特別,VH
650,邀請,VC
650,台北市,Nc
650,議員,Na
650,徐巧芯,Nb
650,起來,VA
650,共襄盛舉,VA
650,對於,P
650,拋卻,VC
650,前晚,Nd
650,的,DE
650,低氣壓,Na
650,，,COMMACATEGORY
650,帶給,VD
650,全,Neqa
650,國,Na
650,球迷,Na
650,難忘,VK
650,的,DE
650,場,Nc
650,比賽,Na
650,，,COMMACATEGORY
650,狂勝,VH
650,有,V_2
650,美國,Nc
650,二,Neu
650,隊,Nf
650,之,DE
650,稱,VG
650,的,DE
650,義,Na
650,大利,Na
650,，,COMMACATEGORY
650,滿志剛,Nb
650,也,D
650,強調,VE
650,感謝,VK
650,中華,Nc
650,英雄,Na
650,這,Nep
650,就,D
650,是,SHI
650,棒球,Na
650,，,COMMACATEGORY
650,讓,VL
650,我們,Nh
650,團結,VHC
650,，,COMMACATEGORY
650,致為,VG
650,英雄,Na
650,加油,VB
650,他,Nh
650,也,D
650,不,D
650,忘,VK
650,提起,VE
650,，,COMMACATEGORY
650,今晚,Nd
650,點,Nf
650,是,SHI
650,對,P
650,荷蘭,Nc
650,的,DE
650,比賽,Na
650,，,COMMACATEGORY
650,發完,VC
650,雞蛋,Na
650,立刻,D
650,衝,VA
650,台中,Nc
650,，,COMMACATEGORY
650,呼籲,VE
650,民眾,Na
650,繼續,VF
650,為,P
650,中華隊,Na
650,加油,VB
650,除此之外,Dk
650,，,COMMACATEGORY
650,還,D
650,特別,VH
650,標記,VC
650,，,COMMACATEGORY
650,感謝,VK
650,昨天,Nd
650,被,P
650,我,Nh
650,盧,Nb
650,，,COMMACATEGORY
650,立刻,D
650,產地,Nc
650,直,D
650,送,VD
650,的,DE
650,廠商,Na
650,完整,VH
650,新聞,Na
650,連結,VC
650,或,Caa
650,短,VH
650,網址,Na
650,不可,D
650,用,VC
650,等,Cab
650,轉載,VC
650,媒體,Na
650,////,FW
650,備註,VE
650,不,D
650,是,SHI
650,說,VE
650,缺,VJ
650,蛋,Na
650,嗎,T
650,哪來,D
650,這麼多,Neqa
650,蛋,Na
650,原來,D
650,缺,VJ
650,蛋,Na
650,去,D
650,跟,P
650,產地,Nc
650,的,DE
650,廠商,Na
650,盧下,Nb
650,就,D
650,有,V_2
650,顆,Nf
650,蛋,Na
650,了,T
651,在,P
651,東京,Nc
651,進行,VC
651,的,DE
651,組,Nc
651,預賽,Na
651,，,COMMACATEGORY
651,韓國隊,Na
651,前,Nes
651,兩,Neu
651,場,Nf
651,輸給,VD
651,澳洲,Nc
651,跟,Caa
651,日本,Nc
651,，,COMMACATEGORY
651,日本,Nc
651,澳洲,Nc
651,則,D
651,分別,D
651,贏,VD
651,了,Di
651,韓國,Nc
651,跟,P
651,中國,Nc
651,所以,Cbb
651,確定,VK
651,接下來,D
651,就算,Cbb
651,韓國,Nc
651,全,Neqa
651,贏,VD
651,日,Nc
651,澳,Nc
651,兩,Neu
651,敗,VH
651,，,COMMACATEGORY
651,變成,VG
651,跟,P
651,韓國,Nc
651,同,Nes
651,戰績,Na
651,，,COMMACATEGORY
651,因為,Cbb
651,是,SHI
651,先,D
651,看,VC
651,對戰,VA
651,，,COMMACATEGORY
651,所以,Cbb
651,輸給,VD
651,日,Nc
651,澳,Nc
651,的,DE
651,韓國,Nc
651,，,COMMACATEGORY
651,確定,VK
651,被,P
651,淘汰,VC
651,了,Di
651,澳洲,Nc
651,提前,VB
651,擊敗,VC
651,中國,Nc
651,///,FW
652,剛剛,D
652,的,DE
652,中,Nc
652,澳,Nc
652,之,DE
652,戰,Na
652,中國,Nc
652,在,P
652,七,Neu
652,局,Nf
652,下,Ng
652,被,P
652,提前,VB
652,結束,VHC
652,比賽,Na
652,本,Nes
652,屆,Nf
652,第,Neu
652,場,Nf
653,恭喜,VJ
653,中國隊,Na
653,拿到,VC
653,兩,Neu
653,個,Nf
653,這,Nep
653,屆,Nf
653,的,DE
653,第,Neu
653,第,Neu
653,個,Nf
653,被,Na
653,的,DE
653,球隊,Na
653,率先,D
653,取得,VC
653,三,Neu
653,敗,VH
653,確定,VK
653,被,P
653,淘汰,VC
653,的,DE
653,球隊,Na
653,恭喜,VJ
653,中國隊,Na
653,真的,D
653,進步,VH
653,了,T
654,真,D
654,笑,VA
654,鼠,Na
654,倫,Na
654,前天,Nd
654,打,VC
654,日本,Nc
654,個,Nf
654,換投,VC
654,的,DE
654,幸運,VH
654,全壘打,Na
654,還,D
654,能,D
654,吹,VC
654,半,Neqa
654,天,Nf
654,三,Neu
654,小,VH
654,中國,Nc
654,進步,VH
654,了,T
654,中國,Nc
654,偉大,VH
654,了,T
654,日本,Nc
654,抖到,VC
654,爆,VH
654,三,Neu
654,小,VH
654,言論,Na
654,都,D
654,出來,VA
654,今天,Nd
654,直接,VH
654,打回,VCL
654,原形,Na
654,被,P
654,扣倒,VC
654,笑死,VHC
654,人,Na
654,真的,D
654,不要,D
654,硬,D
654,吹,VC
654,欸,I
654,欸,I
654,欸,I
654,欸,I
654,有,V_2
654,硬,D
654,吹,VC
654,的,DE
654,卦,Na
654,嗎,T
654,蛤,Na
654,蛤辣,Na
654,有,V_2
654,卦,Na
654,嗎,T
655,真正,D
655,明顯,VH
655,的,DE
655,轉捩點,Na
655,齁,VH
655,我,Nh
655,覺得,VK
655,大概,D
655,是,SHI
655,咱們,Nh
655,八卦,Na
655,最,Dfa
655,務實,VH
655,可愛,VH
655,的,DE
655,阿北,Nb
655,在,P
655,那邊,Ncd
655,講,VE
655,了,Di
655,棒球,Na
655,很,Dfa
655,無聊,VH
655,結果,Na
655,後續,A
655,還,D
655,蹭,VC
655,棒球,Na
655,之後,Nd
655,只要,Cbb
655,阿北,Nb
655,在,P
655,棒球,Na
655,方面,Na
655,有,V_2
655,新聞,Na
655,轉去,VCL
655,棒球版,Na
655,大概,D
655,都,D
655,是,SHI
655,噓爛,VH
655,其中,Nep
655,不,D
655,乏,VJ
655,幾,Neu
655,個,Nf
655,八卦,Na
655,知名,VH
655,柯粉,Nb
655,發文,VC
655,護航,VB
655,還是,D
655,抵擋,VC
655,不,D
655,住,VC
655,棒球,Na
655,版眾,Na
655,把,P
655,阿北,Nb
655,噴,VC
655,得,DE
655,狗血淋頭,VH
655,然而,Cbb
655,八卦,Na
655,的,DE
655,柯粉,Na
655,會,D
655,把,P
655,罵,VC
655,阿北,Nb
655,的,DE
655,都,D
655,當成,VG
655,綠畜,Na
655,加上,Cbb
655,會,D
655,講,VE
655,球,Na
655,又,D
655,是,SHI
655,獅迷,Na
655,的,DE
655,賴,Nb
655,每,Nes
655,次,Nf
655,都,D
655,被,P
655,棒球版,Na
655,狂推,VC
655,讓,VL
655,八卦,Na
655,對,P
655,棒球版,Na
655,更加,Dfa
655,仇視,VJ
655,加上,Cbb
655,八卦,Na
655,臭嘴,Na
655,三不五時,D
655,就,P
655,嘴,Na
655,假球,VA
655,這,Nep
655,完全,D
655,觸碰到,VC
655,棒球迷,Na
655,的,DE
655,底限,Na
655,在,P
655,棒球版,Na
655,只要,Cbb
655,含有,VJ
655,政治,Na
655,人物,Na
655,的,DE
655,棒球,Na
655,新聞,Na
655,會,D
655,被,P
655,釣到,VC
655,進桶,Na
655,的,DE
655,又,D
655,大部分,Neqa
655,是,SHI
655,那些,Neqa
655,出征,VA
655,推文,Na
655,只,Da
655,能,D
655,說,VE
655,同樣,Dfa
655,是,SHI
655,政治,Na
655,人物,Na
655,棒球版,Na
655,已經,D
655,算是,VG
655,很,Dfa
655,不,D
655,看,VC
655,顏色,Na
655,在,P
655,推噓,VC
655,了,Di
655,會,D
655,給予,VD
655,正面,Na
655,評價,Na
655,的,DE
655,有,V_2
655,綠,VH
655,的,DE
655,賴,VK
655,副藍,VH
655,的,DE
655,盧秀燕,Nb
655,其他,Neqa
655,的,DE
655,小菸,Na
655,阿北,Nb
655,抄智,Nb
655,跟,P
655,選,VC
655,市長,Na
655,時期,Na
655,的,DE
655,蔡其昌,Nb
655,這些,Neqa
655,人,Na
655,棒球,Na
655,版眾,Na
655,還不是,D
655,照噓,VA
655,這,Nep
655,兩,Neu
655,天,Nf
655,又,D
655,不,D
655,知道,VK
655,哪些,Neqa
655,人,Na
655,在,P
655,棒球版,Na
655,吹,VC
655,中國,Nc
655,棒球,Na
655,吹中,VA
655,貶台,VH
655,，,COMMACATEGORY
655,又,D
655,在,P
655,那邊,Ncd
655,請,VF
655,正名,VA
655,中華隊,Na
655,不,D
655,是,SHI
655,台灣隊,Na
655,結果,Dk
655,中國隊,Na
655,加,VC
655,今天,Nd
655,連,Cbb
655,三,Neu
655,場,Nf
655,都,D
655,被,P
655,打成,VG
655,豬頭,Na
655,只,Da
655,能,D
655,說,VE
655,某些,Neqa
655,八卦仔,Na
655,喜歡,VK
655,在,P
655,那邊,Ncd
655,扣,VC
655,政治,Na
655,帽子,Na
655,被,P
655,棒球版,Na
655,討厭點,Na
655,也,D
655,不,D
655,意外,VK
655,啦,T
656,只要,Cbb
656,有,V_2
656,中華民國,Nc
656,憲法,Na
656,的,DE
656,前提,Na
656,只有,Cbb
656,傻子,Na
656,才,Da
656,會,D
656,信,VK
656,台灣,Nc
656,是,SHI
656,個,Nf
656,國家,Na
656,昨天,Nd
656,看,VC
656,棒球賽,Na
656,我們,Nh
656,還,D
656,是,SHI
656,中華隊,Na
656,欸,I
656,我,Nh
656,看,VE
656,對岸,Nc
656,兩,Neu
656,會,Na
656,已經,D
656,變,VG
656,笑話,Na
656,了,T
656,但是,Cbb
656,現在,Nd
656,的,DE
656,官員,Na
656,還,D
656,在,P
656,講,VE
656,台灣,Nc
656,是,SHI
656,個,Nf
656,國家,Na
656,看過,VC
656,我們,Nh
656,法律,Na
656,嗎,T
656,這,Nep
656,叫,VG
656,公然,D
656,說謊,VA
656,這,Nep
656,跟,P
656,中國,Nc
656,說,VE
656,我們,Nh
656,是,SHI
656,民主,VH
656,國家,Na
656,樣,Na
656,笑話,Na
656,台獨,Na
656,搞下去,VA
656,我們,Nh
656,的,DE
656,民主,Na
656,根本,D
656,不能,D
656,對,P
656,大陸人,Na
656,有,V_2
656,什麼,Nep
656,好感,Na
656,只,Da
656,能,D
656,中國,Nc
656,大陸,Nc
656,也,D
656,民主化,VHC
656,台灣,Nc
656,的,DE
656,生活,Na
656,方式,Na
656,才,Da
656,能,D
656,得到,VJ
656,保證,Na
656,所以,Cbb
656,為什麼,D
656,不,D
656,把,P
656,對抗,VC
656,主題,Na
656,放到,VC
656,整,Neqa
656,個,Nf
656,中國,Nc
656,框架,Na
656,下,Ng
656,反正,D
656,中,Ncd
656,原則,Na
656,本來,D
656,就,D
656,是,SHI
656,國際,Nc
656,立場,Na
656,我們,Nh
656,是,SHI
656,中國,Nc
656,唯,Da
656,實現,VC
656,的,DE
656,民主,Na
656,地區,Nc
656,要,VC
656,言論,Na
656,自由,Na
656,，,COMMACATEGORY
656,要,VE
656,全民,Na
656,直選,VC
656,如果,Cbb
656,直接,VH
656,走上,VCL
656,以,P
656,武,Na
656,拒,VF
656,統,VHC
656,的,DE
656,親,VJ
656,美,Nc
656,總路線,Na
656,很,Dfa
656,抱歉,VK
656,不定,VH
656,會,D
656,輸,VD
656,綠營,Nb
656,也,D
656,才,Da
656,有,V_2
656,今天,Nd
656,能,D
656,嘴砲,Na
656,的,DE
656,基本,A
656,權利,Na
657,是,SHI
657,個,Nf
657,悲傷,VH
657,的,DE
657,日子,Na
657,也,D
657,是,SHI
657,日,Nc
657,台,Nc
657,友誼,Na
657,升溫,VH
657,的,DE
657,日子,Na
657,今天,Nd
657,又,D
657,逢,VJ
657,，,COMMACATEGORY
657,而,Cbb
657,日本,Nc
657,將,D
657,對戰,VA
657,捷克,Nc
657,兩,Neu
657,個,Nf
657,都,D
657,是,SHI
657,對,P
657,台灣,Nc
657,友好,VH
657,的,DE
657,國家,Na
657,但,Cbb
657,受災戶,Na
657,佐佐木朗希,Nb
657,今天,Nd
657,要,D
657,登板,VA
657,先發,VA
657,要,D
657,為,P
657,日本隊,Na
657,加油,VB
657,嗎,T
658,不,D
658,覺得,VK
658,嗎,T
658,中華隊,Na
658,從小,D
658,聽到,VE
658,大,VH
658,了,T
658,但,Cbb
658,這,Nep
658,幾,Neu
658,年,Nf
658,突然,D
658,有些,Neqa
658,人,Na
658,直,D
658,強調,VE
658,要,D
658,講,VE
658,台灣隊,Na
658,我,Nh
658,怎麼,D
658,聽,VE
658,怎麼,D
658,怪,VK
658,也,D
658,不,D
658,是,SHI
658,說,VE
658,不行,VH
658,這樣,VH
658,叫,VE
658,你,Nh
658,可以,D
658,講,VE
658,"""",FW
658,台灣,Nc
658,英雄,Na
658,中華隊,Na
658,加油,VB
658,"""",FW
658,或,Caa
658,其它,Neqa
658,的,DE
658,講法,Na
658,也,D
658,都,D
658,可以,D
658,但,Cbb
658,要,D
658,勉強,VF
658,講,VE
658,台灣隊,Na
658,就,D
658,很,Dfa
658,奇怪,VK
658,於,P
658,情,Na
658,於,P
658,理,Na
658,都,D
658,很,Dfa
658,怪,VH
658,我們,Nh
658,的,DE
658,國名,Na
658,叫,VG
658,吧,T
658,未來,Nd
658,要不要,D
658,改成,VG
658,台灣國,Nc
658,那,Nep
658,是,SHI
658,未來,Nd
658,的,DE
658,事,Na
658,為何,D
658,現在,Nd
658,這,Nep
658,中華隊,Na
658,就,D
658,不能,D
658,是,SHI
658,全民,Na
658,共識,Na
658,呢,T
658,起為,VG
658,中華隊,Na
658,加油,VB
658,不,D
658,是,SHI
658,很,Dfa
658,好,VH
658,嗎,T
658,為什麼,D
658,有,V_2
658,些,Nf
658,人,Na
658,老,D
658,要,D
658,在,P
658,意識,Na
658,形態,Na
658,上,Ng
658,打轉,VA
658,堅持,VK
658,台灣隊,Na
658,的,DE
658,人,Na
658,到底,D
658,在,P
658,想,VE
658,什麼,Nep
659,不會,D
659,呀,T
659,我,Nh
659,都,D
659,叫,VG
659,台灣隊,Na
659,美國人,Na
659,叫,VF
659,美國隊,Na
659,中國人,Na
659,叫,VF
659,中國隊,Na
659,日本人,Na
659,叫,VF
659,日本隊,Na
659,中華隊,Na
659,到底,D
659,是,SHI
659,三,Neu
659,小,VH
659,你,Nh
659,是,SHI
659,中華人,Na
659,還是,Caa
659,台灣人,Na
659,堅持,VK
659,中華隊,Na
659,才,Da
659,奇怪,VK
659,吧,T
659,尤其,D
659,後面,Ncd
659,又,D
659,加,VC
659,台北,Nc
659,更,Dfa
659,難聽,VH
660,就,D
660,看,VE
660,你,Nh
660,認為,VE
660,我國,Nc
660,叫,VG
660,甚麼,Nep
660,阿,T
660,你,Nh
660,認為,VE
660,我國,Nc
660,名叫,VG
660,台灣,Nc
660,想,VE
660,搞,VC
660,台獨,Na
660,那,Nep
660,就,D
660,叫,VG
660,台灣隊,Na
660,你,Nh
660,認為,VE
660,我國,Nc
660,名叫,VG
660,中華民國,Nc
660,想,VE
660,搞,VC
660,兩,Neu
660,個,Nf
660,中國,Nc
660,那,Nep
660,就,D
660,叫,VG
660,中華隊,Na
660,你,Nh
660,認同,VJ
660,九二,Nd
660,共識,Na
660,中,Ng
660,各,D
660,表,VE
660,中華民國,Nc
660,就,D
660,是,SHI
660,中國,Nc
660,那,Nep
660,就,D
660,叫,VG
660,中國隊,Na
660,反正,D
660,國內,Nc
660,你,Nh
660,爽喊,VE
660,哪,Nep
660,隊,Nf
660,就,D
660,哪,Nep
660,隊,Nf
661,媒體,Na
661,來源,Na
661,今日,Nd
661,新聞,Na
661,記者,Na
661,署名,VC
661,記者,Na
661,潘毅,Nb
661,/,FW
661,綜合,A
661,報導,VE
661,完整,VH
661,新聞,Na
661,標題,Na
661,台灣,Nc
661,贏,VD
661,球,Na
661,最,Dfa
661,狂祭,VC
661,品文,Na
661,他,Nh
661,要,D
661,發,VD
661,千,Neu
661,顆,Nf
661,雞蛋,Na
661,了,Di
661,時間,Na
661,地點,Na
661,曝光,VH
661,完整,VH
661,新聞,Na
661,內文,Na
661,///,FW
661,中華隊,Na
661,日,Na
661,晚間,Nd
661,對上,VC
661,義大利,Nc
661,以,P
661,奪下,VC
661,本,Nes
661,屆,Nf
661,經典賽,Na
661,的,DE
661,第,Neu
661,場,Nf
661,勝利,Nv
661,，,COMMACATEGORY
661,而,Cbb
661,各,Nes
661,大,VH
661,祭品文,Na
661,也,D
661,都,D
661,開始,VL
661,被,P
661,球迷,Na
661,敲碗,VA
661,兌現,VC
661,對,P
661,此,Nep
661,，,COMMACATEGORY
661,昨日,Nd
661,發出,VC
661,最,Dfa
661,狂祭,VH
661,品文,Na
661,的,DE
661,滿志,Nb
661,剛,D
661,，,COMMACATEGORY
661,也,D
661,表示,VE
661,自己,Nh
661,將,D
661,發出,VC
661,顆,Nf
661,雞蛋,Na
661,，,COMMACATEGORY
661,並,Cbb
661,公布,VE
661,詳細,VH
661,的,DE
661,時間,Na
661,地點,Na
661,中華隊,Na
661,贏,VD
661,了,Di
661,感謝,VK
661,中華,Nc
661,英雄,Na
661,國民黨,Nb
661,青工會,Nc
661,總會長,Na
661,滿志剛,Nb
661,表示,VE
661,拋卻,VC
661,前晚,Nd
661,的,DE
661,低氣壓,Na
661,，,COMMACATEGORY
661,帶給,VD
661,全,Neqa
661,國,Na
661,球迷,Na
661,難忘,VK
661,的,DE
661,場,Nc
661,比賽,Na
661,，,COMMACATEGORY
661,狂勝,VH
661,有,V_2
661,美國,Nc
661,二,Neu
661,隊,Nf
661,之,DE
661,稱,VG
661,的,DE
661,義大利,Nc
661,這,Nep
661,就,D
661,是,SHI
661,棒球,Na
661,，,COMMACATEGORY
661,讓,VL
661,我們,Nh
661,團結,VHC
661,，,COMMACATEGORY
661,致為,VG
661,英雄,Na
661,加油,VB
661,滿志,Nb
661,剛,D
661,同時,Nd
661,也,D
661,將,D
661,兌現,VC
661,自己,Nh
661,要,D
661,發,VD
661,顆,Nf
661,雞蛋,Na
661,的,DE
661,祭品,Na
661,文,Na
661,時間,Na
661,/,FW
661,六,Neu
661,開始,VL
661,發,VD
661,號碼牌,Na
661,，,COMMACATEGORY
661,號碼牌,Na
661,全,Neqa
661,發完,VC
661,後,Ng
661,，,COMMACATEGORY
661,開始,VL
661,發,VD
661,雞蛋,Na
661,數量,Na
661,人顆,Na
661,共,Da
661,份,Nf
661,地點,Na
661,台北市,Nc
661,信義區,Nc
661,忠孝東路,Nc
661,五段,Nc
661,巷弄號,Nc
661,近,Nes
661,永春,Nc
661,捷運,Na
661,站號,Na
661,出口,Nc
661,消息,Na
661,曝光,VH
661,後,Ng
661,，,COMMACATEGORY
661,也,D
661,吸引,VJ
661,不少,Neqa
661,民眾,Na
661,留言,Na
661,回應,VC
661,發蛋,VA
661,了,Di
661,超,Dfa
661,精采,VH
661,的,DE
661,場,Nc
661,現在,Nd
661,可以,D
661,次,Nes
661,叫,VE
661,顆蛋,Na
661,不,D
661,容易,VH
661,欸,I
661,比起,P
661,拿,VC
661,顆,Nf
661,蛋,Na
661,，,COMMACATEGORY
661,比較,Dfa
661,想,VE
661,問,VE
661,叫,VF
661,貨,Na
661,的,DE
661,來源,Na
661,完整,VH
661,新聞,Na
661,連結,VC
661,或,Caa
661,短,VH
661,網址,Na
661,不可,D
661,用,VC
661,等,Cab
661,轉載,VC
661,媒體,Na
661,////,FW
661,備註,VE
661,挖,VC
661,這裡,Ncd
661,有,V_2
661,好多,Neqa
661,雞蛋,Na
661,顆,Nf
661,雞蛋,Na
661,筆記,Na
662,的,DE
662,賽事,Na
662,在,P
662,地球型,Na
662,的,DE
662,賽事,Na
662,中,Ng
662,也,D
662,是,SHI
662,很,Dfa
662,特殊,VH
662,的,T
662,",",COMMACATEGORY
662,分,VC
662,四,Neu
662,區,Nc
662,會,Na
662,內,Ncd
662,小組賽,Na
662,",",COMMACATEGORY
662,由,P
662,區,Nc
662,內,Ncd
662,其,Nep
662,中,Ncd
662,國,Nc
662,作,VC
662,東,Ncd
662,提供,VD
662,小組,Na
662,內,Ncd
662,的,DE
662,各,Nes
662,國,Nc
662,國家,Na
662,代表隊,Na
662,吃,VC
662,住,Nv
662,睡,VA
662,比賽,Na
662,費用,Na
662,好像,D
662,是,SHI
662,會,D
662,埋單,VA
662,多少,Neqa
662,這,Nep
662,次,Nf
662,地主國,Na
662,包含,VJ
662,中華民國,Nc
662,日本,Nc
662,美國,Nc
662,還,D
662,有,V_2
662,美洲,Nc
662,大概,D
662,某,Nes
662,國,Nc
662,吧,T
662,分組賽,Na
662,的,DE
662,地主國,Na
662,",",COMMACATEGORY
662,哪,Nep
662,個,Nf
662,地主國,Na
662,最,Dfa
662,強,VH
662,又,D
662,哪,Nep
662,個,Nf
662,最,Dfa
662,弱,VH
662,呢,T
662,自以為,VE
662,臭人,Na
662,可以,D
662,言論,Na
662,自由,Na
662,金身無敵,VH
662,的,DE
662,米蛋人,Na
662,",",COMMACATEGORY
662,有沒有,D
662,在,D
662,看,VC
662,螢幕,Na
662,呢,T
663,看,VC
663,了,Di
663,下,Nes
663,巴拿馬,Nc
663,不,D
663,弱,VH
663,反而,Cbb
663,是,SHI
663,義大利,Nc
663,各,Nes
663,種,Nf
663,烙賽,Na
663,中華隊,Na
663,第,Neu
663,天,Nf
663,輸球,VH
663,是,SHI
663,不,D
663,是,SHI
663,解套,VA
663,了,Di
663,今天,Nd
663,是,SHI
663,不,D
663,是,SHI
663,該,D
663,讓,VL
663,荷蘭人,Na
663,知道,VK
663,台灣,Nc
663,跟,P
663,士官長,Na
663,的,DE
663,威力,Na
663,了,T
663,今天,Nd
663,準備,VF
663,炸翻,VC
663,洲際,Nc
663,棒球場,Nc
663,了,T
663,妳,Nh
663,各位,Nh
663,讓,VL
663,荷蘭,Nc
663,最,Dfa
663,黑暗,VH
663,的,DE
663,天降臨,Nb
664,你,Nh
664,各,Nes
664,位,Nf
664,啊,T
664,球衣,Na
664,上,Ncd
664,寫,VC
664,的,DE
664,明明,D
664,就,P
664,中國,Nc
664,台北,Nc
664,大會,Na
664,參賽,VA
664,名單,Na
664,上,Ng
664,也,D
664,是,SHI
664,中國,Nc
664,台北,Nc
664,什麼,Nep
664,台灣隊,Na
664,中華隊,Na
664,都,D
664,是,SHI
664,在,P
664,自爽,VH
664,好,VH
664,嗎,T
664,貼,VC
664,什麼,Nep
664,轉播圖,Na
664,上,Ncd
664,的,DE
664,中華民國,Nc
664,國旗,Na
664,然後,D
664,下面,Ncd
664,寫,VC
664,台灣,Nc
664,讓,VL
664,你們,Nh
664,邊,Ncd
664,的,DE
664,人,Na
664,都,D
664,爽,VH
664,這樣,VH
664,就,D
664,高潮,Na
664,啦,T
665,棒球,Na
665,經典賽,Na
665,台灣,Nc
665,啦啦隊,Na
665,組成,VG
665,的,DE
665,夢幻人,Na
665,在,P
665,球場,Nc
665,上,Ncd
665,熱情,VH
665,跳動,VA
665,帶動,VC
665,氣氛,Na
665,讓,VL
665,世界,Nc
665,看見,VE
665,了,Di
665,台灣,Nc
665,名單,Na
665,如,VG
665,下,Ncd
665,中信,Nb
665,兄弟,Na
665,啦啦隊,Na
665,峮峮,FW
665,///,FW
665,貴貴,Nb
665,///,FW
665,短今,Nd
665,///,FW
665,///,FW
665,妮可,Nb
665,///,FW
665,樂天桃猿,Na
665,啦啦隊,Na
665,林襄,Nb
665,///,FW
665,孟潔,Nb
665,///,FW
665,///,FW
665,籃籃,Na
665,///,FW
665,味全龍,Nb
665,啦啦隊,Na
665,心璇,Nb
665,///,FW
665,小映,VH
665,///,FW
665,賴可,Nb
665,///,FW
665,琪琪,Nb
665,///,FW
665,統獅,Nb
665,啦啦隊,Na
665,艾璐,Nb
665,///,FW
665,///,FW
665,瑟七,Nb
665,///,FW
665,斐棋,Nb
665,///,FW
665,富邦,Nb
665,悍將,Na
665,啦啦隊,Na
665,丹丹,Nb
665,///,FW
665,秀秀子,Nb
665,///,FW
665,奶昔,Na
665,///,FW
665,慈妹,Na
665,///,FW
665,如果,Cbb
665,這些,Neqa
665,女孩,Na
665,由,P
665,鄉民,Na
665,們,Na
665,來,D
665,排,VC
665,會,D
665,怎麼,D
665,排名,VG
666,荷蘭,Nc
666,也,D
666,定,D
666,要,D
666,贏,VD
666,這,Nep
666,場,Nf
666,贏,VD
666,了,Di
666,就,D
666,分組第,Na
666,分組第,Na
666,的,DE
666,好處,Na
666,就,D
666,是,SHI
666,下輪,Na
666,不用,D
666,打,VC
666,日本,Nc
666,直接,VH
666,有,V_2
666,大,VH
666,機率,Na
666,打強,VA
666,至於,P
666,就,D
666,定,VC
666,要,D
666,贏輸,VA
666,了,Di
666,就,D
666,掰掰,I
666,晚上,Nd
666,就,D
666,是,SHI
666,標準,Na
666,的,DE
666,天王山,Nc
666,之,DE
666,戰,Na
666,輸,VD
666,了,Di
666,就,D
666,淘汰,VC
666,不,D
666,想,VE
666,打,VC
666,日本,Nc
667,媒體,Na
667,來源,Na
667,今日,Nd
667,新聞,Na
667,記者,Na
667,署名,VC
667,記者,Na
667,吳政紘,Nb
667,台中,Nc
667,報導,VE
667,完整,VH
667,新聞,Na
667,標題,Na
667,經典賽,Na
667,渡邊久信,Nb
667,認證,VA
667,台灣,Nc
667,好強,VH
667,就算,Cbb
667,我,Nh
667,當時,Nd
667,來,VA
667,台,Nc
667,都,D
667,壓,VC
667,不,D
667,住,VC
667,完整,VH
667,新聞,Na
667,內文,Na
667,▲渡,VCL
667,邊,Ncd
667,久信,VA
667,認證,VA
667,台灣,Nc
667,打擊,VC
667,好強,VH
667,圖,Na
667,吳政紘,Nb
667,攝,VC
667,日本,Nc
667,職棒,Na
667,西武,Nb
667,獅隊,Nb
667,渡邊久信,Nb
667,，,COMMACATEGORY
667,近期,Nd
667,來,Ng
667,台,Nc
667,參訪,VC
667,，,COMMACATEGORY
667,不但,Cbb
667,跟,P
667,西武,Nb
667,獅隊,Nb
667,前,Nes
667,台灣,Nc
667,好手,Na
667,郭俊麟,Nb
667,富邦,Nb
667,顧問,Na
667,郭泰源,Nb
667,會面,VA
667,，,COMMACATEGORY
667,也,D
667,來,D
667,看看,VE
667,吳念庭,Nb
667,的,DE
667,狀況,Na
667,渡邊久信,Nb
667,表示,VE
667,看到,VE
667,念庭,Nc
667,在,P
667,春訓,Na
667,就,D
667,很,Dfa
667,認真,VH
667,準備,VC
667,，,COMMACATEGORY
667,很,Dfa
667,早,VH
667,就,D
667,開始,VL
667,備戰,VA
667,，,COMMACATEGORY
667,因為,Cbb
667,進度,Na
667,要,D
667,比,P
667,春訓,Na
667,快,VH
667,，,COMMACATEGORY
667,整體,Na
667,打擊,VC
667,守備,VA
667,狀況,Na
667,都,D
667,很,Dfa
667,好,VH
667,，,COMMACATEGORY
667,希望,VK
667,他,Nh
667,可以,D
667,把,P
667,這樣,VH
667,的,DE
667,態度,Na
667,展現出來,VB
667,吳念庭,Nb
667,的,DE
667,特點,Na
667,是,SHI
667,打擊,Na
667,，,COMMACATEGORY
667,渡邊,Nb
667,認為,VE
667,吳念庭,Nb
667,也,D
667,是,SHI
667,內野,Nc
667,工具人,Na
667,，,COMMACATEGORY
667,游擊,Na
667,以外,Ng
667,都,D
667,可以,D
667,勝任,VJ
667,，,COMMACATEGORY
667,而,Cbb
667,他,Nh
667,近年,Nd
667,來,D
667,在,P
667,軍,Na
667,累積,VC
667,更多,Neqa
667,經驗,Na
667,，,COMMACATEGORY
667,在,P
667,經典賽,Na
667,過後,Ng
667,，,COMMACATEGORY
667,希望,VK
667,他,Nh
667,更,Dfa
667,有,V_2
667,自信,Na
667,提到,VE
667,中華隊,Na
667,打擊,Na
667,兇猛,VH
667,，,COMMACATEGORY
667,渡邊,Nb
667,認為,VE
667,這,Nep
667,次,Nf
667,來,D
667,確認,VE
667,吳念庭,Nb
667,狀況,Na
667,之外,Ng
667,，,COMMACATEGORY
667,也,D
667,希望,VK
667,他,Nh
667,打完,VC
667,可以,D
667,立刻,D
667,銜接,VJ
667,上,Nes
667,球季,Nd
667,，,COMMACATEGORY
667,另外,Cbb
667,也,D
667,視察,VE
667,各,Nes
667,國,Nc
667,球隊,Na
667,狀態,Na
667,最後,Nd
667,他,Nh
667,認為,VE
667,，,COMMACATEGORY
667,中華隊,Na
667,打擊,Na
667,狀況,Na
667,比,P
667,期待,VK
667,好,VH
667,，,COMMACATEGORY
667,新,VH
667,世代,Na
667,的,DE
667,中華隊,Na
667,也,D
667,成型,VH
667,，,COMMACATEGORY
667,現在,Nd
667,的,DE
667,打擊,Na
667,，,COMMACATEGORY
667,連,Cbb
667,當時,Nd
667,來,VA
667,台,Nc
667,的,DE
667,我,Nh
667,可能,D
667,都,D
667,壓,VC
667,不,D
667,住,VC
667,完整,VH
667,新聞,Na
667,連結,VC
667,或,Caa
667,短,VH
667,網址,Na
667,不可,D
667,用,VC
667,等,Cab
667,轉載,VC
667,媒體,Na
667,////,FW
667,備註,VE
667,靄靄,VH
667,不好意思,VH
667,啦,T
667,哀,VH
667,嘿,I
667,嘿,I
667,估,VC
667,嘿嘿,D
668,媒體,Na
668,來源,Na
668,三立,Nb
668,記者,Na
668,署名,VC
668,陳慈鈴,Nb
668,完整,VH
668,新聞,Na
668,標題,Na
668,經典賽,Na
668,昨,Nd
668,揪,VC
668,荷蘭隊,Na
668,做,VC
668,事,Na
668,小,VH
668,商人,Na
668,曝,VC
668,誰,Nh
668,會,D
668,軟,VH
668,腳,Na
668,很,Dfa
668,明顯,VH
668,網,Na
668,嗨,I
668,重押,VC
668,台灣,Nc
668,完整,VH
668,新聞,Na
668,內文,Na
668,台灣,Nc
668,昨日,Nd
668,在,P
668,年,Na
668,世界,Nc
668,棒球,Na
668,經典賽,Na
668,中,Ng
668,擊敗,VC
668,義大利,Nc
668,，,COMMACATEGORY
668,除了,P
668,轟出,VC
668,支,Nf
668,全壘打,Na
668,外,Ng
668,，,COMMACATEGORY
668,更,Dfa
668,以,P
668,的,DE
668,成績,Na
668,拿下,VC
668,首,Nes
668,勝,VH
668,，,COMMACATEGORY
668,成功,VH
668,捍衛,VC
668,主場,Na
668,，,COMMACATEGORY
668,全,Neqa
668,台,Nc
668,樂翻天,VH
668,對於,P
668,台灣,Nc
668,今晚,Nd
668,將,D
668,迎戰,VC
668,荷蘭,Nc
668,這,Nep
668,件,Nf
668,事,Na
668,，,COMMACATEGORY
668,網紅,Na
668,小,VH
668,商人,Na
668,透露,VE
668,，,COMMACATEGORY
668,昨天,Nd
668,找,VC
668,荷蘭隊,Na
668,做,VC
668,事,Na
668,，,COMMACATEGORY
668,今天,Nd
668,誰,Nh
668,會,D
668,軟腳,VH
668,，,COMMACATEGORY
668,很,Dfa
668,明顯,VH
668,了,T
668,小,VH
668,商人,Na
668,今日,Nd
668,在,P
668,臉書,Na
668,表示,VE
668,，,COMMACATEGORY
668,昨天,Nd
668,我,Nh
668,透過,P
668,損友,Na
668,介紹,VE
668,，,COMMACATEGORY
668,安排,VE
668,了,Di
668,好幾,Neu
668,個,Nf
668,員工,Na
668,過去,Nd
668,與,P
668,荷蘭隊,Na
668,聯誼,VA
668,寒,VH
668,暄,VH
668,，,COMMACATEGORY
668,賓主盡歡,VH
668,，,COMMACATEGORY
668,今天,Nd
668,誰,Nh
668,會,D
668,軟,VH
668,腳,Na
668,，,COMMACATEGORY
668,很,Dfa
668,明顯,VH
668,了,T
668,他,Nh
668,更,Dfa
668,補充,VC
668,道,VE
668,，,COMMACATEGORY
668,是,SHI
668,聊天,VA
668,，,COMMACATEGORY
668,練,VC
668,，,COMMACATEGORY
668,各位,Nh
668,不,D
668,要,VE
668,性衝動,Na
668,此,Nep
668,文,Na
668,出,VC
668,，,COMMACATEGORY
668,立刻,D
668,讓,VL
668,許多,Neqa
668,人,Na
668,嗨翻,VH
668,，,COMMACATEGORY
668,紛紛,D
668,表示,VE
668,，,COMMACATEGORY
668,非常,Dfa
668,感心,VH
668,我,Nh
668,要,D
668,重押,VC
668,台灣隊,Na
668,了,T
668,我,Nh
668,要,D
668,重,VH
668,押,VC
668,台灣,Nc
668,了,Di
668,大哥片,Na
668,苦心,Na
668,，,COMMACATEGORY
668,給,P
668,現在,Nd
668,再,D
668,安排,VE
668,幾,Neu
668,個,Nf
668,去,VCL
668,，,COMMACATEGORY
668,晚上,Nd
668,比賽,VA
668,的,DE
668,時候,Na
668,效果,Na
668,更,D
668,明顯,VH
668,不過,Cbb
668,，,COMMACATEGORY
668,對於,P
668,不少,Neqa
668,人,Na
668,打算,VF
668,重押,VC
668,台灣,Nc
668,這,Nep
668,件,Nf
668,事,Na
668,，,COMMACATEGORY
668,小,VH
668,商人,Na
668,回應,VC
668,我,Nh
668,建議,VE
668,你,Nh
668,還是,D
668,等,VC
668,鳳梨,Na
668,的,DE
668,單子,Na
668,出來,VA
668,，,COMMACATEGORY
668,這,Nep
668,咖害,Na
668,我,Nh
668,現在,Nd
668,不,D
668,敢,VL
668,下,VA
668,，,COMMACATEGORY
668,不少,Neqa
668,網友,Na
668,也,D
668,紛紛,D
668,敲碗,VA
668,，,COMMACATEGORY
668,小,VH
668,商人,Na
668,你,Nh
668,只要,Cbb
668,跟,P
668,我,Nh
668,說,VE
668,鳳梨,Na
668,下,VC
668,誰,Nh
668,，,COMMACATEGORY
668,我,Nh
668,只要,Cbb
668,反,VC
668,著,Di
668,下,Ncd
668,就,D
668,會,D
668,贏,VD
668,了,Di
668,投注單,Na
668,呢,T
668,哥,Na
668,，,COMMACATEGORY
668,先,D
668,貼下下,VC
668,哪,Nep
668,隊,Nf
668,完整,VH
668,新聞,Na
668,連結,VC
668,或,Caa
668,短,VH
668,網址,Na
668,不可,D
668,用,VC
668,等,Cab
668,轉載,VC
668,媒體,Na
668,////,FW
668,備註,VE
669,今天,Nd
669,是,SHI
669,背水戰,Na
669,荷蘭,Nc
669,贏,VD
669,了,Di
669,就,D
669,馬上,D
669,晉級,VJ
669,中華,Nc
669,輸,VD
669,了,Di
669,就,D
669,下,Nes
669,次,Nf
669,資格賽,Na
669,今年,Nd
669,就,D
669,結束,VHC
669,了,Di
669,沒,VJ
669,我們,Nh
669,的,DE
669,事,Na
669,了,T
669,荷蘭,Nc
669,也,D
669,會,D
669,全,Neqa
669,壓,VC
669,身為,VG
669,球迷,Na
669,今天,Nd
669,看,VC
669,這,Nep
669,場,Nf
669,要,D
669,準備,VC
669,血壓藥,Na
669,嗎,T
669,還是,Caa
669,衛生紙,Na
669,高潮,Na
669,跟,Caa
669,淚水,Na
669,都,D
669,可以,D
669,用,VC
669,要,D
669,有,V_2
669,什麼,Nep
669,心理,Na
669,準備,VC
670,大家,Nh
670,午安,VH
670,我,Nh
670,半,Neqa
670,日,Nf
670,球迷,Na
670,這,Nep
670,次,Nf
670,是,SHI
670,不,D
670,是,SHI
670,很,Dfa
670,常,D
670,看到,VE
670,守,VC
670,不,D
670,住,VC
670,大失分,VH
670,的,DE
670,狀況,Na
670,啊,T
670,很,Dfa
670,久,VH
670,很,Dfa
670,久,VH
670,以前,Ng
670,看,VC
670,球賽,Na
670,得分,Na
670,大概,D
670,都,D
670,是,SHI
670,~,FW
670,之間,Ng
670,雙方,Nh
670,互,D
670,咬,VC
670,分差,Na
670,頂多,Da
670,分,VC
670,這,Nep
670,次,Nf
670,中華隊,Na
670,被,P
670,巴拿馬,Nc
670,榨,VC
670,了,Di
670,分,VC
670,古巴,Nc
670,又,D
670,炸,VC
670,了,Di
670,巴拿馬,Nc
670,分,VC
670,中華隊,Na
670,還,D
670,能,D
670,炸,VC
670,義大利,Nc
670,分,VC
670,雖然,Cbb
670,義大利,Nc
670,也,D
670,勇奪,VC
670,分,VC
670,看,VC
670,向,P
670,另邊,Ncd
670,日本,Nc
670,炸,VC
670,韓國,Nc
670,分,VC
670,澳州,Nc
670,炸,VC
670,大陸,Nc
670,分,VC
670,這,Nep
670,種,Nf
670,分數,Na
670,很,Dfa
670,常見,VH
670,嗎,T
670,半,Neqa
670,日,Nf
670,球迷,Na
670,在,P
670,此,Nep
670,請教,VE
670,有,V_2
670,沒,D
670,有,V_2
670,八卦,Na
671,欸,I
671,欸,I
671,肥宅,Na
671,我,Nh
671,喇,D
671,大家,Nh
671,都,D
671,說,VE
671,這,Nep
671,屆,Nf
671,中華隊,Na
671,是,SHI
671,全部,Neqa
671,參賽國,Na
671,最,Dfa
671,強,VH
671,的,DE
671,看,VC
671,這,Nep
671,個,Nf
671,名單,Na
671,確實,D
671,很,Dfa
671,猛,VH
671,///,FW
671,但,Cbb
671,總,D
671,還是,D
671,會,D
671,有,V_2
671,遺珠,Na
671,吧,T
671,各位,Nh
671,覺得,VK
671,有,V_2
671,哪,Nep
671,位,Nf
671,算是,VG
671,遺珠,Na
671,應該,D
671,要,D
671,入選,VJ
671,的,T
671,呢,T
672,今天,Nd
672,看,VC
672,好多,Neqa
672,這,Nep
672,類,Nf
672,訊息,Na
672,還是,D
672,忍不住,VL
672,發下,VC
672,要,D
672,叫,VF
672,自己,Nh
672,的,DE
672,國家隊,Na
672,中華隊,Na
672,台灣隊,Na
672,都,D
672,很,Dfa
672,好,VH
672,啊,T
672,，,COMMACATEGORY
672,你,Nh
672,知道,VK
672,它,Nh
672,指,VG
672,的,DE
672,什麼,Nep
672,最,Dfa
672,重要,VH
672,吧,T
672,要,D
672,認真,VH
672,說,VE
672,官方,Na
672,的,DE
672,名稱,Na
672,就,D
672,但,Cbb
672,決,D
672,沒有,VJ
672,人,Na
672,會,D
672,用,P
672,中華,Nc
672,台北隊,Na
672,來,D
672,講,VE
672,我們,Nh
672,的,DE
672,國家隊,Na
672,，,COMMACATEGORY
672,那,Nep
672,替換成,VG
672,中華隊,Na
672,台灣隊,Na
672,或,Caa
672,直接,VH
672,用,P
672,台灣,Nc
672,這,Nep
672,有,V_2
672,差,VH
672,嗎,T
672,如果,Cbb
672,你,Nh
672,的,DE
672,理由,Na
672,是,SHI
672,國名,Na
672,叫,VG
672,中華民國,Nc
672,，,COMMACATEGORY
672,啊,I
672,我們,Nh
672,也,D
672,不,D
672,是,SHI
672,掛,VC
672,參賽,VA
672,說穿,VC
672,了,Di
672,就,D
672,是,SHI
672,大家,Nh
672,挑,VC
672,各自,Nh
672,用,P
672,自認,VE
672,能,D
672,準確,VH
672,表達,VC
672,的,DE
672,代稱,Na
672,很多,Neqa
672,時候,Na
672,中華隊,Na
672,台灣,Nc
672,台灣隊,Na
672,都,D
672,是,SHI
672,指,VG
672,同樣,VH
672,的,DE
672,意思,Na
672,吧,T
672,我,Nh
672,覺得,VK
672,中華隊,Na
672,是,SHI
672,台灣,Nc
672,的,DE
672,國家,Na
672,代表隊,Na
672,這,Nep
672,句,Nf
672,話,Na
672,在,P
672,台灣,Nc
672,是,SHI
672,可以,D
672,普遍,VH
672,理解,VK
672,的,DE
672,共識,Na
672,是,SHI
672,都,D
672,可以,D
672,用,VC
672,才,Da
672,對,VH
672,，,COMMACATEGORY
672,硬,D
672,要,D
672,綁,VC
672,在,P
672,中華隊,Na
672,當,VG
672,基準,Na
672,才,Da
672,是,SHI
672,奇怪,VK
672,吧,T
672,還,D
672,有,V_2
672,，,COMMACATEGORY
672,好像,D
672,贏,VD
672,球,Na
672,才,Da
672,有,V_2
672,這,Nep
672,種,Nf
672,問題,Na
672,，,COMMACATEGORY
672,你,Nh
672,看,VE
672,台灣,Nc
672,如果,Cbb
672,七,Neu
672,局,Nf
672,被,P
672,翻盤,VA
672,的,DE
672,時候,Na
672,，,COMMACATEGORY
672,所有人,Na
672,都,D
672,會,D
672,說,VE
672,這,Nep
672,很,Dfa
672,中華隊,Na
672,中華隊,Na
672,都,D
672,變成,VG
672,個,Nf
672,形容詞,Na
672,了,T
672,那,Dk
672,中華,Nc
672,台北,Nc
672,是,SHI
672,什麼,Nep
672,就,D
672,這些,Neqa
672,推文,Na
672,有夠,Dfa
672,無聊,VH
672,，,COMMACATEGORY
672,難得,VH
672,有,V_2
672,可以,D
672,團結,VHC
672,的,DE
672,時候,Na
672,就,D
672,刻意,D
672,斤斤計較,VA
672,講,VE
672,時,Ng
672,就,D
672,說,VE
672,人家,Nh
672,以為,VE
672,是,SHI
672,泰國,Nc
672,，,COMMACATEGORY
672,現在,Nd
672,講,VE
672,台灣,Nc
672,國際,Nc
672,比較,Dfa
672,知道,VK
672,了,T
672,，,COMMACATEGORY
672,就,D
672,又,D
672,要,D
672,扯,VC
672,我們,Nh
672,是,SHI
672,中華民國,Nc
672,贏,VD
672,球,Na
672,就,D
672,是,SHI
672,我們,Nh
672,贏,VD
672,了,Di
672,，,COMMACATEGORY
672,輸球,VH
672,就,D
672,是,SHI
672,他們,Nh
672,根本,D
672,在,P
672,亂,VH
672,打,VC
672,美利堅,Nc
672,合眾國,Na
672,美國,Nc
672,，美洲,Nc
672,的,DE
672,資訊,Na
672,寫寫,VC
672,而已,T
672,然後,D
672,荷蘭,Nc
672,波多黎各,Nc
672,你,Nh
672,自己,Nh
672,去,D
672,查下,VC
672,就,D
672,跟,P
672,你,Nh
672,說,VE
672,荷蘭,Nc
672,和,Caa
672,波多黎各,Nc
672,，,COMMACATEGORY
672,你,Nh
672,那邊,Ncd
672,還可以,D
672,用,VC
672,嗎,T
672,韓國,Nc
672,輸球,VH
672,我,Nh
672,想,VE
672,大概,D
672,就,D
672,沒,VJ
672,這,Nep
672,問題,Na
672,了,T
672,，,COMMACATEGORY
672,就,D
672,像,P
672,你,Nh
672,前天,Nd
672,不會,D
672,計較,VK
672,大家,Nh
672,在,P
672,罵,VC
672,中華隊,Na
672,/,FW
672,台灣隊,Na
672,爛透,VH
672,了,T
673,小魯,Nb
673,高雄,Nc
673,處,Nc
673,辣,VH
673,大家,Nh
673,都,D
673,知道,VK
673,中華,Nc
673,英雄,Na
673,台灣,Nc
673,驕傲,VH
673,亞洲,Nc
673,之,DE
673,光,Na
673,我們,Nh
673,棒球,Na
673,國家隊,Na
673,贏得,VJ
673,強,VH
673,資格,Na
673,要,D
673,搭機,VA
673,東京,Nc
673,比賽,VA
673,小魯,Nb
673,想,VE
673,替,P
673,他們,Nh
673,歡送,VC
673,期待,VK
673,能,D
673,打贏,VC
673,宿敵,Na
673,日本,Nc
673,有,V_2
673,沒,D
673,有,V_2
673,班機,Na
673,時間,Na
673,的,DE
673,八卦,Na
673,呀,T
674,有,V_2
674,人,Na
674,貼,VC
674,大小,Na
674,蔣,Nb
674,時期,Na
674,被,P
674,灌上,VC
674,台灣隊,Na
674,的,DE
674,稱號,Na
674,拜託,VC
674,那,Dk
674,以前,Nd
674,是,SHI
674,國際,Nc
674,打壓,VC
674,才,Da
674,這樣,VH
674,台灣,Nc
674,就,D
674,是,SHI
674,個,Nf
674,省名,Na
674,是,SHI
674,直接,VH
674,把,P
674,你,Nh
674,國家,Na
674,地位,Na
674,降維到,VCL
674,地方,Na
674,的,DE
674,存在,VA
674,不然,Cbb
674,你,Nh
674,以為,VE
674,大小,Na
674,蔣氣,Na
674,什麼,Nep
674,中華隊,Na
674,才,Da
674,是,SHI
674,代表,VC
674,國家,Na
674,後來,Nd
674,中華,Nc
674,台北,Nc
674,就,D
674,是,SHI
674,中間,Ncd
674,產物,Na
674,既有,A
674,國家,Na
674,名,Na
674,又,D
674,有,V_2
674,地方,Na
674,名,Na
674,本身,Nh
674,就,D
674,是,SHI
674,種降,VC
674,維,Na
674,但,Cbb
674,又,D
674,沒,D
674,降,VC
674,那麼多,Neqa
674,台灣隊,Na
674,的,DE
674,用法,Na
674,老,D
674,共,Da
674,最,Dfa
674,喜歡,VK
674,了,T
674,現實,Na
674,是,SHI
674,台灣,Nc
674,還,D
674,是,SHI
674,個,Nf
674,省,Nc
674,的,DE
674,名字,Na
674,你,Nh
674,愛,VL
674,自我,Nh
674,叫,VF
674,地方,Na
674,名,Na
674,矮化,VHC
674,自己,Nh
674,老共,Nb
674,怎麼,D
674,不,D
674,樂意,VL
674,就,D
674,像,P
674,老共,Nb
674,叫,VF
674,新疆,Nc
674,新疆,Nc
674,樣,Na
674,怎麼,D
674,叫,VE
674,就,D
674,只,Da
674,是,SHI
674,地方,Na
674,勢力,Na
674,叫,VL
674,東土,Nc
674,耳其斯坦,Nb
674,就,D
674,不樣,VH
674,了,T
674,完全,D
674,是,SHI
674,另,Nes
674,個,Nf
674,政治,Na
674,實體,Na
674,的,DE
674,區別,Na
674,台獨派,Na
674,最,Dfa
674,喜歡,VK
674,幻想,VE
674,寄生,VA
674,偏偏,D
674,台灣,Nc
674,現在,Nd
674,還是,D
674,省,VH
674,還不,D
674,是,SHI
674,個,Nf
674,國,Nc
674,再,D
674,怎麼,D
674,叫,VE
674,都,D
674,是,SHI
674,個,Nf
674,地方隊,Na
674,的,DE
674,概念,Na
674,誰,Nh
674,叫,VL
674,台獨派,Na
674,沒,VJ
674,那,Nep
674,個,Nf
674,曉改,VC
674,他們,Nh
674,最,Dfa
674,喜歡,VK
674,的,DE
674,國號,Na
674,以,P
674,現階段,Nd
674,來,D
674,說,VE
674,中華隊,Na
674,還是,D
674,等於,VG
674,國家隊,Na
674,中華,Nc
674,台北隊,Na
674,加,VC
674,了,Di
674,地方,Na
674,降維,VC
674,台灣隊,Na
674,就,D
674,是,SHI
674,完全,D
674,降維為,VG
674,地方,Na
674,的,DE
674,種,Na
674,做法,Na
674,你,Nh
674,現在,Nd
674,的,DE
674,省政府,Nc
674,還,D
674,叫,VG
674,台灣,Nc
674,不,D
674,是,SHI
675,媒體,Na
675,來源,Na
675,上,Ncd
675,報,Na
675,記者,Na
675,署名,VC
675,上報,VH
675,快訊,Na
675,潘忻妤,Nb
675,年,Na
675,月,Na
675,日,Na
675,完整,VH
675,新聞,Na
675,標題,Na
675,基隆,Nc
675,捷運,Na
675,經費,Na
675,暴增,VJ
675,至,P
675,億柯文哲,Nb
675,嗆,VH
675,林右昌,Nb
675,希望,VK
675,還,D
675,記得,VK
675,對,P
675,市民,Na
675,的,DE
675,承諾,Na
675,完整,VH
675,新聞,Na
675,內文,Na
675,/////,FW
675,針對,P
675,基隆,Nc
675,捷運,Na
675,經費,Na
675,暴增,VJ
675,，,COMMACATEGORY
675,民眾,Na
675,黨,Na
675,主席,Na
675,柯文哲,Nb
675,昨天,Nd
675,日,Nd
675,怒批,VC
675,林右昌,Nb
675,高升,VA
675,成,VG
675,了,Di
675,部長,Na
675,，,COMMACATEGORY
675,希望,VK
675,他,Nh
675,還,D
675,記得,VK
675,自己,Nh
675,對,P
675,基隆,Nc
675,市民,Na
675,的,DE
675,承諾,Na
675,資料,Na
675,照片,Na
675,楊約翰,Nb
675,攝,VC
675,基隆,Nc
675,捷運,Na
675,經費,Na
675,在,P
675,短短,VH
675,年,Nf
675,多,Neqb
675,內,Ng
675,暴增,VJ
675,到,P
675,億,Neu
675,，,COMMACATEGORY
675,對,P
675,此,Nep
675,，,COMMACATEGORY
675,民眾,Na
675,黨主席,Na
675,昨天,Nd
675,日,Nd
675,昨天,Nd
675,在,P
675,臉書,Na
675,表示,VE
675,，,COMMACATEGORY
675,自己,Nh
675,在,P
675,年,Na
675,曾,D
675,說,VE
675,過,Di
675,的,DE
675,騙局,Na
675,升級成,VG
675,更,Dfa
675,大,VH
675,的,DE
675,騙局,Na
675,並,D
675,沒有,D
675,誇大,VC
675,，,COMMACATEGORY
675,他,Nh
675,更,Dfa
675,怒批,VC
675,林右昌,Nb
675,高,VH
675,升成,VG
675,了,Di
675,部長,Na
675,，,COMMACATEGORY
675,希望,VK
675,他,Nh
675,還,D
675,記得,VK
675,自己,Nh
675,對,P
675,基隆,Nc
675,市民,Na
675,的,DE
675,承諾,Na
675,，,COMMACATEGORY
675,也,D
675,希望,VK
675,部長,Na
675,不要,D
675,痛批,VC
675,任何,Neqa
675,人,Na
675,的,DE
675,合理質,Na
675,疑,VK
675,是,SHI
675,撈過,VC
675,界,Nc
675,柯文哲,Nb
675,表示,VE
675,，年,D
675,蔡英文,Nb
675,總統,Na
675,站,VA
675,在,P
675,基隆,Nc
675,火車站,Nc
675,前,Ncd
675,，,COMMACATEGORY
675,隆重,VH
675,宣布,VE
675,前瞻,VC
675,計劃,Na
675,第,Neu
675,炮,Na
675,，,COMMACATEGORY
675,斥資,VC
675,億蓋,Nb
675,基隆,Nc
675,輕軌,Na
675,，,COMMACATEGORY
675,還,D
675,信誓旦旦年,Nd
675,就,D
675,可以,D
675,通車,VH
675,後來,Nd
675,輕軌,Na
675,變,VG
675,捷運,Na
675,，,COMMACATEGORY
675,路線,Na
675,變,VH
675,再,D
675,變,VH
675,，,COMMACATEGORY
675,而,Cbb
675,且,Cbb
675,只,Da
675,到,VCL
675,八堵,Nc
675,，,COMMACATEGORY
675,基隆,Nc
675,捷運,Na
675,沒有,VJ
675,基隆,Nc
675,基隆市,Nc
675,政府,Na
675,的,DE
675,負擔,Na
675,則,D
675,從,P
675,億,Neu
675,漲,VH
675,到,P
675,億,Neu
675,指出,VE
675,，,COMMACATEGORY
675,項,Nf
675,重大,VH
675,建設,Na
675,需要,VK
675,編列,VC
675,多少,Neqa
675,預算,Na
675,，,COMMACATEGORY
675,不,D
675,是,SHI
675,靠,P
675,預言,Na
675,的,T
675,，,COMMACATEGORY
675,而是,Cbb
675,透過,P
675,科學,Na
675,計算,VC
675,條,Nf
675,捷運,Na
675,從,P
675,核定,VE
675,到,P
675,動工,VA
675,到,P
675,通車,VH
675,，,COMMACATEGORY
675,耗時,VH
675,甚,Dfa
675,長,VH
675,除了,P
675,原物料,Na
675,供應,VD
675,與,Caa
675,上漲,VH
675,問題,Na
675,，,COMMACATEGORY
675,還,D
675,有,V_2
675,環評,Na
675,都,D
675,市,Nc
675,計劃,Na
675,可償性,Na
675,評估,VE
675,，,COMMACATEGORY
675,這些,Neqa
675,都,D
675,是,SHI
675,繁複,VH
675,的,DE
675,事情,Na
675,柯文哲,Nb
675,提及,VE
675,，,COMMACATEGORY
675,在,P
675,擔任,VG
675,台北市長,Na
675,期間,Na
675,，,COMMACATEGORY
675,就,D
675,請,VF
675,台北,Nc
675,捷運局,Nc
675,進行,VC
675,相關,VH
675,評估,VE
675,，,COMMACATEGORY
675,並,Cbb
675,在,P
675,交通部,Nc
675,四長,Na
675,會議,Na
675,具體,VH
675,建議,VE
675,，,COMMACATEGORY
675,基隆,Nc
675,捷運,Na
675,銜接到,VJ
675,台北段,Nc
675,必須,D
675,走,VA
675,地下化,VHC
675,到,P
675,南港,Nc
675,車站,Nc
675,，,COMMACATEGORY
675,以,Cbb
675,發揮,VJ
675,最,Dfa
675,大,VH
675,效益,Na
675,也,D
675,避免,VE
675,影響,VC
675,台北,Nc
675,的,DE
675,交通,Na
675,，,COMMACATEGORY
675,多,VH
675,的,DE
675,億,Neu
675,台北,Nc
675,願意,VK
675,負擔,VC
675,，,COMMACATEGORY
675,但,Cbb
675,我,Nh
675,不,D
675,認為,VE
675,億,Neu
675,蓋,VC
675,得,DE
675,出來,VA
675,，,COMMACATEGORY
675,經費,Na
675,應,D
675,重新,D
675,計算,VC
675,延伸,VH
675,閱讀,VC
675,世棒,Na
675,經典,Na
675,賽位,Nb
675,最,Dfa
675,靓,FW
675,啦啦隊,Na
675,經典,Na
675,女孩,Na
675,亮相,VA
675,今,Nd
675,現身為,VG
675,台灣隊,Na
675,助,VF
675,威,Nb
675,柯文哲,Nb
675,在,P
675,文,Na
675,末,Ncd
675,更,Dfa
675,點名,VA
675,，,COMMACATEGORY
675,當時,Nd
675,的,DE
675,基隆,Nc
675,市長,Na
675,現任,A
675,內政部長,Na
675,林右昌,Nb
675,痛批,VC
675,我,Nh
675,滿,Neqa
675,口,Nf
675,政治,Na
675,語言,Na
675,基隆,Nc
675,捷運,Na
675,錢,Na
675,又,D
675,不,D
675,是,SHI
675,你,Nh
675,出,VC
675,的,T
675,，,COMMACATEGORY
675,不要,D
675,撈過,VC
675,界,Nc
675,如今,Nd
675,我,Nh
675,已,D
675,是,SHI
675,介,VJ
675,平民,Na
675,，,COMMACATEGORY
675,林,Nb
675,市長,Na
675,高升,VA
675,成,VG
675,了,Di
675,部,Nf
675,長,VH
675,，,COMMACATEGORY
675,希望,VK
675,他,Nh
675,還,D
675,記得,VK
675,自己,Nh
675,對,P
675,基隆,Nc
675,市民,Na
675,的,DE
675,承諾,Na
675,，,COMMACATEGORY
675,也,D
675,希望,VK
675,部長,Na
675,不要,D
675,痛批,VC
675,任何,Neqa
675,人,Na
675,的,DE
675,合理,VH
675,質疑,VE
675,是,SHI
675,撈,VC
675,過界,VA
675,柯文哲,Nb
675,更,Dfa
675,強調,VE
675,，,COMMACATEGORY
675,每,Nes
675,筆,Nf
675,國家,Na
675,預算,Na
675,都,D
675,來自,VJ
675,人民,Na
675,血汗,Na
675,，,COMMACATEGORY
675,監督,VC
675,國家,Na
675,財政,Na
675,人人,Na
675,有,V_2
675,責,Na
675,完整,VH
675,新聞,Na
675,連結,VC
675,或,Caa
675,短,VH
675,網址,Na
675,不可,D
675,用,VC
675,等,Cab
675,轉載,VC
675,媒體,Na
675,///_,FW
675,備註,VE
675,經費,Na
675,暴增,VJ
675,路線,Na
675,還,D
675,沒,D
675,到,VCL
675,基隆,Nc
675,，,COMMACATEGORY
675,只,Da
675,到,VCL
675,八堵,Nc
675,還,D
675,不容,VF
675,別人,Nh
675,質疑,VE
676,眾所皆知,VK
676,荷蘭,Nc
676,大麻,Na
676,是,SHI
676,合法,VH
676,的,DE
676,而,Cbb
676,台灣,Nc
676,大麻,Na
676,是,SHI
676,非法,A
676,的,DE
676,那,Dk
676,以,P
676,台灣人,Na
676,來,D
676,說,VE
676,荷蘭,Nc
676,整,Neqa
676,國,Nc
676,就,D
676,是,SHI
676,毒蟲,Na
676,國,Nc
676,那,Dk
676,今天,Nd
676,運,VC
676,彩,Na
676,下,Ng
676,荷蘭,Nc
676,贏,VD
676,或是,Caa
676,看好,VJ
676,荷蘭,Nc
676,的,DE
676,人,Na
676,是,SHI
676,不,D
676,是,SHI
676,都,D
676,支持,VC
676,毒蟲國,Nc
676,啊,T
676,啊,I
676,我們,Nh
676,中華隊,Na
676,如果,Cbb
676,打輸,VH
676,了,Di
676,是,SHI
676,不,D
676,是,SHI
676,等於,VG
676,連,Cbb
676,挺,VC
676,毒蟲,Na
676,的,DE
676,國家,Na
676,都,D
676,打,VC
676,不,D
676,贏,VD
676,啊,T
677,難過,VK
677,的,DE
677,是,SHI
677,，,COMMACATEGORY
677,中華隊,Na
677,的,DE
677,全名,Na
677,不,D
677,是,SHI
677,中華民國隊,Na
677,，,COMMACATEGORY
677,而是,Cbb
677,中華,Nc
677,台北隊,Na
677,，,COMMACATEGORY
677,我們,Nh
677,的,DE
677,國家,Na
677,是,SHI
677,中華民國,Nc
677,，,COMMACATEGORY
677,又,D
677,不,D
677,是,SHI
677,中華,Nc
677,台北,Nc
677,，,COMMACATEGORY
677,說,VE
677,到底,D
677,這,Nep
677,就,D
677,還,D
677,是,SHI
677,矮化,VHC
677,的,DE
677,名稱,Na
677,啊,T
677,等,P
677,反攻,VC
677,大陸,Nc
677,，,COMMACATEGORY
677,打敗,VC
677,共產黨,Nb
677,，,COMMACATEGORY
677,奪回,VC
677,聯合國,Nc
677,的,DE
677,中國,Nc
677,席位,Na
677,，,COMMACATEGORY
677,我們,Nh
677,中華民國,Nc
677,才,Da
677,能,D
677,堂堂正正當,VH
677,中國,Nc
677,隊,Na
677,，,COMMACATEGORY
677,而,Cbb
677,不,D
677,是,SHI
677,什麼,Nep
677,中華隊,Na
677,我們,Nh
677,把,P
677,中華,Nc
677,台北,Nc
677,簡稱成,VG
677,中華隊,Na
677,，,COMMACATEGORY
677,也,D
677,只是,D
677,讓,VL
677,自己,Nh
677,好過,VH
677,點,Dfb
677,而已,T
677,，,COMMACATEGORY
677,在,P
677,外國人,Na
677,眼,Na
677,中,Ng
677,根本,D
677,就,D
677,是,SHI
677,台北隊,Na
677,，,COMMACATEGORY
677,只是,Cbb
677,在,P
677,中國,Nc
677,外國人,Na
677,眼,Na
677,中,Ng
677,是,SHI
677,底下,Ncd
677,的,DE
677,個,Nf
677,地區,Nc
677,隊伍,Na
677,而已,T
677,我,Nh
677,強力,D
677,主張,VE
677,，,COMMACATEGORY
677,在,P
677,反攻,VC
677,大陸,Nc
677,之前,Ng
677,，,COMMACATEGORY
677,就,D
677,應該,D
677,要,D
677,讓,VL
677,國人,Na
677,有,V_2
677,正確,VH
677,認知,Na
677,，,COMMACATEGORY
677,我們,Nh
677,的,DE
677,應該,D
677,簡,VH
677,稱,VE
677,中國隊,Na
677,，,COMMACATEGORY
677,對岸派,Na
677,的,DE
677,隊伍,Na
677,應該,D
677,叫,VG
677,匪區隊,Na
678,晚上,Nd
678,經典賽,Na
678,中華隊,Na
678,對上,VC
678,荷蘭,Nc
678,記得,VK
678,荷蘭,Nc
678,之前,Ng
678,打,VC
678,得,DE
678,都,D
678,不,D
678,怎麼樣,VH
678,還,D
678,輸給,VD
678,中華隊,Na
678,運彩,VA
678,賠率,Na
678,還,D
678,有,V_2
678,下,Nes
678,個,Nf
678,萬,Neu
678,賺,VC
678,萬,Neu
678,今晚,Nd
678,中華隊,Na
678,是,SHI
678,不,D
678,是,SHI
678,財富,Na
678,自由,VH
678,的,DE
678,八卦,Na
679,如,P
679,題,Na
679,我,Nh
679,同學,Na
679,他媽的,I
679,內賊,Na
679,買,VC
679,荷蘭,Nc
679,大比,Na
679,分贏,VC
679,中華隊,Na
679,太,Dfa
679,過分,VH
679,了,T
679,氣,Na
679,的,DE
679,我,Nh
679,跟,P
679,單,A
679,壓,VC
679,中華隊,Na
679,輸,VD
679,請,VF
679,各位,Nh
679,背骨,Na
679,台灣,Nc
679,球迷,Na
679,在,P
679,此,Nep
679,簽到,VA
679,謝謝,VJ
680,韓國,Nc
680,跟,P
680,中國,Nc
680,相繼,D
680,被,P
680,淘汰,VC
680,加上,Cbb
680,今天,Nd
680,晚上,Nd
680,中華隊,Na
680,也,D
680,要,D
680,被,P
680,淘汰,VC
680,了,Di
680,亞洲,Nc
680,球隊,Na
680,只,Da
680,剩,VJ
680,日本,Nc
680,晉級,VJ
680,八,Neu
680,強,Na
680,其他,Neqa
680,球隊,Na
680,都,D
680,是,SHI
680,歐美,Nc
680,肌肉,Na
680,棒子,Na
680,是,SHI
680,不,D
680,是,SHI
680,棒球,Na
680,也,D
680,有,V_2
680,人種,Na
680,差異,Na
680,有,V_2
680,沒,D
680,有,V_2
680,八卦,Na
681,中國隊,Na
681,又,D
681,輸,VD
681,了,Di
681,中國隊,Na
681,進步,VH
681,但,Cbb
681,還是,D
681,手下,Na
681,敗將,Na
681,阿,T
681,為何,D
681,中華隊,Na
681,的,DE
681,表現,Na
681,比,P
681,中國隊,Na
681,好,VH
682,我,Nh
682,先,D
682,問,VE
682,大家,Nh
682,上,Nes
682,次,Nf
682,奧運,Nb
682,台灣,Nc
682,奪,VC
682,牌,Na
682,時,Ng
682,你,Nh
682,唱,VC
682,的,DE
682,是,SHI
682,中華隊,Na
682,奧委會,Nc
682,歌,Na
682,還是,Caa
682,國旗,Na
682,歌,Na
682,我,Nh
682,跟,P
682,你,Nh
682,講,VE
682,啊,T
682,我,Nh
682,可以,D
682,保證,VE
682,個人,Nh
682,只有,D
682,不,D
682,到,P
682,個人,Nh
682,唱,VC
682,的,DE
682,是,SHI
682,奧委會,Nc
682,歌,Na
682,同樣,VH
682,的,DE
682,道理,Na
682,大家,Nh
682,喊,VE
682,的,DE
682,中華隊,Na
682,你,Nh
682,還,D
682,真,D
682,以為,VE
682,是,SHI
682,中華,Nc
682,台北隊,Na
682,喔,T
682,那,Nep
682,是,SHI
682,騙,VC
682,小孩,Na
682,的,DE
682,權宜,VC
682,之,DE
682,術,Na
682,啊,T
682,實際,VH
682,上,Ng
682,中華,Nc
682,代表隊,Na
682,大家,Nh
682,部分,Neqa
682,人,Na
682,都,D
682,認為,VE
682,是,SHI
682,中華民國,Nc
682,代表隊,Na
682,你,Nh
682,要,D
682,強迫,VF
682,叫,VF
682,大家,Nh
682,改,VC
682,叫,VG
682,台灣隊,Na
682,那,Dk
682,你,Nh
682,怎麼,D
682,不,D
682,先,D
682,跟,P
682,舉辦,VC
682,單位,Na
682,爭取,VC
682,或是,Caa
682,直接,VH
682,改,VC
682,國號,Na
682,與其,Cbb
682,在,P
682,這邊,Ncd
682,吵,VC
682,著,Di
682,這,Nep
682,個,Nf
682,還不如,Cbb
682,聯絡,VC
682,好,Dfa
682,久,VH
682,不,D
682,見,VE
682,的,DE
682,朋友,Na
682,們,Na
682,起敘,Na
682,舊,VH
682,看,VC
682,轉播,VC
682,還,D
682,比較,Dfa
682,熱鬧,VH
682,點,Dfb
682,吵,VC
682,什麼,Nep
682,吵看,VC
682,比賽,Na
682,啦,T
683,媒體,Na
683,來源,Na
683,今日,Nd
683,新聞,Na
683,記者,Na
683,署名,VC
683,潘毅,Nb
683,完整,VH
683,新聞,Na
683,標題,Na
683,台灣,Nc
683,贏,VD
683,球,Na
683,最,Dfa
683,狂祭,VC
683,品文,Na
683,他,Nh
683,要,D
683,發,VD
683,千,Neu
683,顆,Nf
683,雞蛋,Na
683,了,Di
683,時間,Na
683,地點,Na
683,曝光,VH
683,完整,VH
683,新聞,Na
683,內文,Na
683,中華隊,Na
683,日,Na
683,晚間,Nd
683,對上,VC
683,義大利,Nc
683,以,P
683,奪下,VC
683,本,Nes
683,屆,Nf
683,經典賽,Na
683,的,DE
683,第,Neu
683,場,Nf
683,勝利,Nv
683,，,COMMACATEGORY
683,而,Cbb
683,各,Nes
683,大,VH
683,祭品文,Na
683,也,D
683,都,D
683,開,VC
683,始,D
683,被,P
683,球迷,Na
683,敲碗,VA
683,兌現,VC
683,對,P
683,此,Nep
683,，,COMMACATEGORY
683,昨日,Nd
683,發出,VC
683,最,Dfa
683,狂祭,VH
683,品文,Na
683,的,DE
683,滿志剛,Nb
683,，,COMMACATEGORY
683,也,D
683,表示,VE
683,自己,Nh
683,將,D
683,發出,VC
683,顆,Nf
683,雞蛋,Na
683,，,COMMACATEGORY
683,並,Cbb
683,公布,VE
683,詳細,VH
683,的,DE
683,時間,Na
683,地點,Na
683,中華隊,Na
683,贏,VD
683,了,Di
683,感謝,VK
683,中華,Nc
683,英雄,Na
683,國民黨,Nb
683,青工會,Nc
683,總會長,Na
683,滿志剛,Nb
683,表示,VE
683,拋卻,VC
683,前晚,Nd
683,的,DE
683,低氣壓,Na
683,，,COMMACATEGORY
683,帶給,VD
683,全,Neqa
683,國,Na
683,球迷,Na
683,難忘,VK
683,的,DE
683,場,Nc
683,比賽,Na
683,，,COMMACATEGORY
683,狂勝,VH
683,有,V_2
683,美國,Nc
683,二,Neu
683,隊,Nf
683,之,DE
683,稱,VG
683,的,DE
683,義大利,Nc
683,這,Nep
683,就,D
683,是,SHI
683,棒球,Na
683,，,COMMACATEGORY
683,讓,VL
683,我們,Nh
683,團,Na
683,結,VC
683,，,COMMACATEGORY
683,致為,VG
683,英雄,Na
683,加油,VB
683,///,FW
683,▲,P
683,國民黨,Nb
683,青工會,Nc
683,總會長,Na
683,滿志剛,Nb
683,將,D
683,發送,VD
683,顆,Nf
683,雞蛋,Na
683,圖,Na
683,滿志,Nb
683,剛,D
683,臉書,Na
683,滿志,Nb
683,剛,D
683,同時,Nd
683,也,D
683,將,D
683,兌現,VC
683,自己,Nh
683,要,D
683,發,VD
683,顆,Nf
683,雞蛋,Na
683,的,DE
683,祭品,Na
683,文,Na
683,時間,Na
683,/,FW
683,六,Neu
683,開始,VL
683,發,VD
683,號碼牌,Na
683,，,COMMACATEGORY
683,號碼牌,Na
683,全,Neqa
683,發完,VC
683,後,Ng
683,，,COMMACATEGORY
683,開始,VL
683,發,VD
683,雞蛋,Na
683,數量,Na
683,人顆,Na
683,共,Da
683,份,Nf
683,地點,Na
683,台北市,Nc
683,信義區,Nc
683,忠孝東路,Nc
683,五段,Nc
683,巷弄號,Nc
683,近,Nes
683,永春,Nc
683,捷運,Na
683,站號,Na
683,出口,Nc
683,消息,Na
683,曝光,VH
683,後,Ng
683,，,COMMACATEGORY
683,也,D
683,吸引,VJ
683,不少,Neqa
683,民眾,Na
683,留言,Na
683,回應,VC
683,發蛋,VA
683,了,Di
683,超,Dfa
683,精采,VH
683,的,DE
683,場,Nc
683,現在,Nd
683,可以,D
683,次,Nes
683,叫,VE
683,顆蛋,Na
683,不,D
683,容易,VH
683,欸,I
683,比起,P
683,拿,VC
683,顆,Nf
683,蛋,Na
683,，,COMMACATEGORY
683,比較,Dfa
683,想,VE
683,問,VE
683,叫,VF
683,貨,Na
683,的,DE
683,來源,Na
683,完整,VH
683,新聞,Na
683,連結,VC
683,或,Caa
683,短,VH
683,網址,Na
683,不可,D
683,用,VC
683,等,Cab
683,轉載,VC
683,媒體,Na
683,////,FW
683,備註,VE
683,喊,VE
683,缺,VJ
683,蛋,Na
683,還,D
683,發蛋,VA
683,",",COMMACATEGORY
683,請問版,Na
683,上,Ncd
683,五毛,Nb
683,怎麼,D
683,看,VC
683,呢,T
683,苦民,Na
683,所,D
683,苦,VH
683,嗎,T
684,原主,Na
684,好像,D
684,直,D
684,覺得,VK
684,國內,Nc
684,與,Caa
684,國外,Nc
684,可以,D
684,有,V_2
684,不同,VH
684,的,DE
684,共識,Na
684,沒有,VJ
684,問題,Na
684,",",COMMACATEGORY
684,但,Cbb
684,國內,Nc
684,的,DE
684,共識,Na
684,定要,D
684,是,SHI
684,中華,Nc
684,才,Da
684,可以,D
684,其實,D
684,這,Nep
684,就,D
684,是,SHI
684,台灣,Nc
684,無法,D
684,正常化,VHC
684,的,DE
684,問題,Na
684,吧,T
684,世界,Nc
684,上,Ncd
684,哪,Nep
684,個,Nf
684,國家,Na
684,是,SHI
684,對,P
684,內,Ncd
684,和,Caa
684,對,P
684,外,Ncd
684,的,DE
684,共識,Na
684,不樣,VH
684,的,DE
684,大家,Nh
684,可以,D
684,想想,VE
684,你,Nh
684,怎麼,D
684,用,P
684,英文,Na
684,對,P
684,外,Ncd
684,解釋,VE
684,中華,Nc
684,文化,Na
684,不,D
684,等於,VG
684,中國,Nc
684,文化,Na
684,有,V_2
684,興趣,Na
684,也,D
684,可以,D
684,用,P
684,中文,Na
684,問問,VE
684,新加坡,Nc
684,文化,Na
684,是,SHI
684,中華,Nc
684,文化,Na
684,的,DE
684,部分,Neqa
684,嗎,T
684,的,DE
684,回答,Na
684,值得,VH
684,我們,Nh
684,參考,VC
684,反思,VE
684,個,Di
684,國家,Na
684,是,SHI
684,以,P
684,甚麼,Nep
684,為,VG
684,主體性,Na
684,來,D
684,面對,VC
684,國際,Nc
684,社會,Na
684,不,D
684,是,SHI
684,國際,Nc
684,賽事,Na
684,嗎,T
684,堅持,VK
684,不能,D
684,為,P
684,"""",FW
684,台灣隊,Na
684,"""",FW
684,加油,VB
684,的,DE
684,人,Na
684,到底,D
684,在,P
684,想,VE
684,甚麼,Nep
685,影片,Na
685,中,Ng
685,狂,VH
685,喊,VE
685,///,FW
685,連,Cbb
685,二兵,Na
685,也,D
685,狂喊,VE
685,///,FW
685,/////,FW
685,比賽,Na
685,隊名,Na
685,使用,VC
685,中華,Nc
685,台北,Nc
685,國家,Na
685,叫,VG
685,中華民國,Nc
685,為,P
685,啥,Nep
685,現場,Nc
685,萬,Neu
685,人,Na
685,要,D
685,喊,VE
685,為啥,D
685,不,D
685,喊,VE
685,中華,Nc
685,台北,Nc
685,",",COMMACATEGORY
685,或,Caa
685,",",COMMACATEGORY
685,中華民國,Nc
685,代表,VK
685,現在,Nd
685,普通,VH
685,人民,Na
685,認為,VE
685,自己,Nh
685,國家,Na
685,就,D
685,是,SHI
685,台灣,Nc
685,比賽,Na
685,贏,VD
685,球,Na
685,喊,VE
685,台灣,Nc
685,很,Dfa
685,榮譽,Na
686,我,Nh
686,昨晚,Nd
686,中華隊,Na
686,對,VC
686,義大利隊,Na
686,，,COMMACATEGORY
686,開始,VL
686,八卦,Na
686,棒球板,Na
686,雙逛,VA
686,，,COMMACATEGORY
686,你,Nh
686,的,DE
686,文章,Na
686,都,D
686,在,VCL
686,啦,T
686,，,COMMACATEGORY
686,去,D
686,看看,VC
686,八卦酸,Na
686,中華隊,Na
686,酸成,VG
686,怎樣,VH
686,，,COMMACATEGORY
686,都,D
686,還,D
686,沒,D
686,打完,VC
686,勒,VC
686,什麼,Nep
686,鍋貼,Na
686,啦,T
686,戰犯,Na
686,啦,T
686,，,COMMACATEGORY
686,反正,D
686,就,D
686,是,SHI
686,講,VE
686,得,DE
686,中華隊,Na
686,有,V_2
686,多,Dfa
686,爛,VH
686,，,COMMACATEGORY
686,要,D
686,帶,VC
686,風向,Na
686,的,DE
686,順便,D
686,說,VE
686,年,Nf
686,最,Dfa
686,爛,VH
686,都,D
686,是,SHI
686,害,VC
686,的,T
686,，,COMMACATEGORY
686,文章,Na
686,都,D
686,還,D
686,在,VCL
686,，,COMMACATEGORY
686,不要,D
686,瞎說,VA
686,沒,D
686,有,V_2
686,嘛,T
686,對於,P
686,不,D
686,碰,VC
686,政治,Na
686,，,COMMACATEGORY
686,只,Da
686,熱衷,VJ
686,棒球,Na
686,的,DE
686,人,Na
686,看來,D
686,，,COMMACATEGORY
686,說真的,Dk
686,，,COMMACATEGORY
686,你,Nh
686,要,D
686,講,VE
686,那些,Neqa
686,唱衰,VHC
686,中華,Nc
686,隊,Na
686,的,DE
686,全,Neqa
686,是,SHI
686,，,COMMACATEGORY
686,誰,Nh
686,信,VK
686,你,Nh
686,啊,T
686,明明,D
686,都,D
686,是,SHI
686,群酸民,Na
686,嘛,T
686,就,P
686,這,Nep
686,串,Nf
686,也,D
686,是,SHI
686,啊,T
686,還,D
686,在,P
686,哪,Nep
686,邊,Ncd
686,其他,Neqa
686,版,Na
686,都,D
686,被,P
686,控制,VC
686,，,COMMACATEGORY
686,就,P
686,八卦版,Na
686,最,Dfa
686,理性,VH
686,正直,VH
686,最,Dfa
686,有,V_2
686,言論,Na
686,自由,Na
686,是,SHI
686,不,D
686,是,SHI
686,哇,I
686,靠,VJ
686,這麼,D
686,感覺,VK
686,良好,VH
686,，,COMMACATEGORY
686,只,Da
686,會,D
686,讓,VL
686,其他,Neqa
686,人,Na
686,討厭,VK
686,啦,T
686,八卦,Na
686,喔,I
686,，,COMMACATEGORY
686,其實,D
686,我,Nh
686,現在,Nd
686,是,SHI
686,不,D
686,想,VE
686,去,D
686,管,VE
686,了,Di
686,，,COMMACATEGORY
686,否則,Cbb
686,去年,Nd
686,底,Ng
686,，,COMMACATEGORY
686,某,Nes
686,族群,Na
686,，,COMMACATEGORY
686,好,VH
686,吧,T
686,，,COMMACATEGORY
686,某,Nes
686,族群,Na
686,是,SHI
686,直接,VH
686,在,P
686,群組,Na
686,邀約,VC
686,在,P
686,八卦,Na
686,推文噓文,VA
686,的,DE
686,那,Nep
686,個,Nf
686,族,Na
686,群,Na
686,有,V_2
686,腦,Na
686,的,DE
686,應該,D
686,看,VE
686,得,DE
686,出,VE
686,啦,T
686,想,VE
686,講,VE
686,別的,Neqa
686,板,Na
686,都,D
686,被,P
686,控制,VC
686,，,COMMACATEGORY
686,就,D
686,你,Nh
686,最,Dfa
686,理性,VH
686,其實,D
686,公道,Na
686,自在,VH
686,人心,Na
686,當然,D
686,我,Nh
686,知道,VK
686,有,V_2
686,人,Na
686,定,VC
686,要,D
686,急,VH
686,著,Di
686,跳出來,VA
686,說,VE
686,啥,Nep
686,蟑螂,Na
686,還不是,D
686,那,Dk
686,你們,Nh
686,就,D
686,在,P
686,幹樣,VH
686,事情,Na
686,，,COMMACATEGORY
686,懂,VK
686,就,D
686,懂,VK
686,不,D
686,懂,VK
686,就,D
686,裝傻,VA
686,到底,VH
686,吧,T
686,我,Nh
686,只,Da
686,能,D
686,說,VE
686,只要,Cbb
686,是,SHI
686,政客,Na
686,，,COMMACATEGORY
686,藍綠白,VH
686,通通,D
686,都,D
686,是,SHI
686,垃圾,Na
686,，,COMMACATEGORY
686,收錢,VA
686,的,DE
686,當,VG
686,蟑螂,Na
686,義,Na
686,勇軍,Na
686,的,DE
686,，,COMMACATEGORY
686,通通,D
686,都,D
686,該死,VH
686,，,COMMACATEGORY
686,就,D
686,說,VE
686,這麼多,Neqa
686,今晚,Nd
686,對,P
686,荷蘭,Nc
686,，,COMMACATEGORY
686,希望,VK
686,大家,Nh
686,統對,VC
686,外,Ng
686,，,COMMACATEGORY
686,幫,P
686,中華隊,Na
686,加油,VB
686,可以,VH
686,吧,T
687,昨天,Nd
687,三,Neu
687,支,Nf
687,全壘打,Na
687,，,COMMACATEGORY
687,應該,D
687,是,SHI
687,史,Na
687,上,Ng
687,最,Dfa
687,強,VH
687,中華隊,Na
687,吧,T
687,另外,Cbb
687,全,Neqa
687,場,Nf
687,的,DE
687,球迷,Na
687,啦啦隊,Na
687,起喊,VA
687,",",COMMACATEGORY
687,大聲,VH
687,到,P
687,每,Nes
687,個,Nf
687,外國,Nc
687,球員,Na
687,無不,D
687,震懾,VHC
687,，,COMMACATEGORY
687,球棒,Na
687,握,VC
687,不,D
687,好,VC
687,，,COMMACATEGORY
687,投球,VA
687,也,D
687,投,VC
687,不,D
687,進,VC
687,好球帶,Nc
687,，,COMMACATEGORY
687,充分,VH
687,發揮,VJ
687,主場,Na
687,優勢,Na
687,今天,Nd
687,晚上,Nd
687,是,SHI
687,不,D
687,是,SHI
687,贏定,VC
687,了,Di
688,我,Nh
688,就,D
688,問,VE
688,年前,Nd
688,，,COMMACATEGORY
688,有,V_2
688,人,Na
688,說,VE
688,台灣隊,Na
688,嗎,T
688,年前,Nd
688,，,COMMACATEGORY
688,報紙,Na
688,上,Ncd
688,是,SHI
688,寫,VC
688,中華隊,Na
688,還是,Caa
688,台灣隊,Na
688,幹,VC
688,你,Nh
688,娘,Na
688,，,COMMACATEGORY
688,台灣隊,Na
688,三,Neu
688,小,VH
688,怎麼,D
688,不,D
688,講,VE
688,澎湖隊,Na
688,馬祖隊,Na
688,你,Nh
688,去,D
688,找,VC
688,王建民,Nb
688,新聞,Na
688,是,SHI
688,台灣隊,Na
688,還,D
688,是,SHI
688,中華隊,Na
688,老輩,Na
688,的,DE
688,人,Na
688,最,Dfa
688,清楚,VH
689,我,Nh
689,先,D
689,說,VE
689,以前,Nd
689,我,Nh
689,就,D
689,知道,VK
689,這,Nep
689,是,SHI
689,無可奈何,VI
689,的,DE
689,事,Na
689,也,D
689,沒有,D
689,吵,VC
689,過,Di
689,只是,Cbb
689,以前,Nd
689,堆,VC
689,人,Na
689,吵,VC
689,什麼,Nep
689,中國,Nc
689,台北,Nc
689,中華民國,Nc
689,是,SHI
689,什麼,Nep
689,什麼,Nep
689,的,T
689,贏,VD
689,球,Na
689,台灣隊,Na
689,輸球,VH
689,中華隊,Na
689,這,Nep
689,幾,Neu
689,年,Nf
689,變,VG
689,得,DE
689,好,Dfa
689,安靜,VH
689,喊喊,VE
689,彷彿,D
689,世界,Nc
689,和平,VH
689,美好,VH
689,欸,I
689,現在,Nd
689,那,Nep
689,大大,VH
689,的,DE
689,還,D
689,在,P
689,制服,Na
689,上,Ncd
689,啊,T
689,以前,Nd
689,看,VC
689,很,Dfa
689,刺眼,VH
689,怎麼,D
689,現在,Nd
689,裝,VF
689,沒,D
689,看到,VE
689,了,Di
689,台派,Na
689,呢,T
689,政治,Na
689,歸,VJ
689,政治,Na
689,體育,Na
689,歸,VJ
689,體育,Na
689,的,DE
689,論述,Na
689,也,D
689,吞,VC
689,了,Di
689,嗎,T
690,台中,Nc
690,洲際,Nc
690,棒球場,Nc
690,中華隊,Na
690,兩萬,Neu
690,人,Na
690,爆場,Na
690,廁所,Nc
690,不,D
690,夠,VH
690,用,VC
690,有,V_2
690,沒,D
690,有,V_2
690,卦,Na
691,平常,Nd
691,罵,VC
691,制度,Na
691,罵,VC
691,風氣,Na
691,罵,VC
691,盤子,Na
691,球場,Nc
691,還,D
691,被,P
691,以前,Nd
691,的,DE
691,假球,Na
691,搞,VC
691,到,P
691,對,P
691,中職,Na
691,印象,Na
691,很,Dfa
691,差,VH
691,國際賽,Na
691,就,D
691,是,SHI
691,烙賽,Na
691,七,Neu
691,連敗,VH
691,九,Neu
691,局,Nf
691,領先,VJ
691,都,D
691,能,D
691,給,VD
691,你,Nh
691,來,VA
691,個,Nf
691,被,P
691,逆轉,VA
691,失望,VH
691,遠,Dfa
691,大於,VJ
691,希望,Na
691,但,Cbb
691,他媽,I
691,今天,Nd
691,內心,Na
691,還是,D
691,希望,VK
691,中華隊,Na
691,能,D
691,贏,VD
691,真的,D
691,去,VCL
691,日本,Nc
691,給,VD
691,我們,Nh
691,看,VC
691,這,Nep
691,是,SHI
691,不,D
691,是,SHI
691,很,Dfa
691,蠢,VH
692,媒體,Na
692,來源,Na
692,三立,Nb
692,記者,Na
692,署名,VC
692,陳怡潔,Nb
692,完整,VH
692,新聞,Na
692,標題,Na
692,祭品文,Na
692,發,VD
692,顆,Nf
692,雞蛋,Na
692,遭,P
692,疑,VK
692,囤蛋,VA
692,管道,Na
692,曝光,VH
692,徐巧芯,Nb
692,好不容易,D
692,生出來,VB
692,完整,VH
692,新聞,Na
692,內文,Na
692,年,Na
692,的,DE
692,世界,Nc
692,棒球,Na
692,經典賽,Na
692,開打,VH
692,，,COMMACATEGORY
692,台灣隊,Na
692,昨晚,Nd
692,對戰,VA
692,義大利,Nc
692,，,COMMACATEGORY
692,奪下,VC
692,首,Nes
692,場,Nf
692,勝利,VH
692,國民黨,Nb
692,青工,Na
692,會,D
692,總會長,Na
692,滿志剛,Nb
692,在,P
692,賽前,Nd
692,發出,VC
692,送,VD
692,顆,Nf
692,蛋祭,Na
692,品文,Na
692,，,COMMACATEGORY
692,今日,Nd
692,下午,Nd
692,兌現,VC
692,承諾,Na
692,，,COMMACATEGORY
692,卻,D
692,遭,P
692,質疑,VE
692,目前,Nd
692,蛋,Na
692,很,Dfa
692,難,VH
692,買,VC
692,，,COMMACATEGORY
692,這麼多,Neqa
692,蛋,Na
692,從,P
692,哪裡,Ncd
692,來,VA
692,滿志剛,Nb
692,表示,VE
692,，,COMMACATEGORY
692,買,VC
692,不,D
692,到,VC
692,蛋,Na
692,時,Ng
692,，,COMMACATEGORY
692,他,Nh
692,打,VC
692,了,Di
692,很多,Neqa
692,電話,Na
692,給,VD
692,產地,Nc
692,的,DE
692,廠商,Na
692,問,VE
692,說,VE
692,有,V_2
692,沒,D
692,有,V_2
692,辦法,Na
692,調,VC
692,些,Nf
692,蛋,Na
692,，,COMMACATEGORY
692,提供給,VD
692,市民,Na
692,，,COMMACATEGORY
692,所以,Cbb
692,聯絡,VC
692,廠商,Na
692,問,VE
692,送,VD
692,蛋,Na
692,時間,Na
692,可不可以,D
692,提早,VL
692,，,COMMACATEGORY
692,今天,Nd
692,才,Da
692,有,V_2
692,辦法,Na
692,發,VD
692,台北市,Nc
692,議員,Na
692,徐巧芯,Nb
692,則,D
692,說,VE
692,，,COMMACATEGORY
692,好不容易,D
692,生出,VC
692,這些,Neqa
692,蛋,Na
692,，,COMMACATEGORY
692,來,D
692,幫,P
692,台灣隊,Na
692,加油,VB
692,滿志,Nb
692,剛,D
692,今天,Nd
692,下午,Nd
692,兌現,VC
692,承諾,Na
692,發送,VD
692,顆,Nf
692,雞蛋,Na
692,，,COMMACATEGORY
692,發蛋,VA
692,前,Ng
692,接受,VC
692,媒體,Na
692,聯訪,VC
692,表示,VE
692,，,COMMACATEGORY
692,大家,Nh
692,都,D
692,買,VC
692,不,D
692,到,VC
692,蛋,Na
692,，,COMMACATEGORY
692,選民,Na
692,問,VE
692,哪,Nep
692,邊,Ncd
692,可以,D
692,買到,VC
692,蛋,Na
692,他,Nh
692,打,VC
692,了,Di
692,很多,Neqa
692,電話,Na
692,給,P
692,產地,Nc
692,的,DE
692,廠商,Na
692,問,VE
692,，,COMMACATEGORY
692,有,V_2
692,沒,D
692,有,V_2
692,辦法,Na
692,調,VC
692,些,Nf
692,蛋,Na
692,，,COMMACATEGORY
692,拿到,VC
692,後,Ng
692,原價,Na
692,賣給,VD
692,市民,Na
692,，,COMMACATEGORY
692,這些,Neqa
692,錢,Na
692,再,D
692,轉捐給,VD
692,公益,Na
692,團體,Na
692,，,COMMACATEGORY
692,當做,VG
692,善事,Na
692,而,Cbb
692,昨天,Nd
692,全,Neqa
692,台灣,Nc
692,球迷,Na
692,跟,P
692,台灣隊,Na
692,太,Dfa
692,需要,VK
692,鼓勵,VF
692,，,COMMACATEGORY
692,所以,Cbb
692,立刻,D
692,聯絡,VC
692,廠商,Na
692,問,VE
692,送,VD
692,蛋,Na
692,時間,Na
692,可不可以,D
692,提早,VL
692,盧,VC
692,了,Di
692,很,Dfa
692,久,VH
692,，,COMMACATEGORY
692,昨天,Nd
692,從,P
692,產地,Nc
692,直接,VH
692,運來,VC
692,，,COMMACATEGORY
692,他,Nh
692,在,P
692,昨晚,Nd
692,約點,Na
692,收到,VC
692,蛋,Na
692,，,COMMACATEGORY
692,確定,VK
692,有,V_2
692,蛋,Na
692,才,Da
692,發祭,VC
692,品文,Na
692,，,COMMACATEGORY
692,這些,Neqa
692,本來,D
692,就,D
692,是,SHI
692,要,D
692,給,VD
692,各,Nes
692,位,Nf
692,市民,Na
692,的,T
692,，,COMMACATEGORY
692,不,D
692,是,SHI
692,我,Nh
692,們,Na
692,自己,Nh
692,留下來,VA
692,，,COMMACATEGORY
692,我,Nh
692,要,D
692,那麼多,Neqa
692,蛋,Na
692,幹什麼,VA
692,我,Nh
692,也,D
692,吃,VC
692,不,D
692,完,VC
692,而,Cbb
692,許多,Neqa
692,網友,Na
692,質疑,VE
692,，,COMMACATEGORY
692,這,Nep
692,快,D
692,調到,VC
692,雞蛋,Na
692,，,COMMACATEGORY
692,表示,VE
692,不,D
692,缺,VJ
692,蛋,Na
692,起,VC
692,到場,VA
692,共襄盛舉,VA
692,的,DE
692,台北市,Nc
692,議員,Na
692,徐巧芯,Nb
692,認,VC
692,為,VG
692,，,COMMACATEGORY
692,沒有,VJ
692,蛋,Na
692,是,SHI
692,般,Ng
692,通路,Na
692,買,VC
692,不,D
692,到,VC
692,，,COMMACATEGORY
692,或,Caa
692,蛋,Na
692,漲價,VH
692,問題,Na
692,，,COMMACATEGORY
692,實際,VH
692,上,Ng
692,蛋,Na
692,很,Dfa
692,難,VH
692,買,VC
692,，,COMMACATEGORY
692,滿志,Nb
692,剛,D
692,認識,VJ
692,的,DE
692,朋友,Na
692,有,V_2
692,蛋,Na
692,，,COMMACATEGORY
692,希望,VK
692,起,Di
692,幫,P
692,中華隊,Na
692,加油,VB
692,，,COMMACATEGORY
692,好不容易,D
692,生出,VC
692,這些,Neqa
692,蛋,Na
692,，,COMMACATEGORY
692,這些,Neqa
692,蛋,Na
692,不,D
692,容易,VH
692,取得,VC
692,，,COMMACATEGORY
692,很多,Neqa
692,朋友,Na
692,是,SHI
692,開店,VA
692,的,DE
692,，,COMMACATEGORY
692,還是,D
692,有,V_2
692,通路,Na
692,可,D
692,買到,VC
692,，,COMMACATEGORY
692,慶祝,VE
692,中華隊,Na
692,獲勝,VH
692,找出,VC
692,顆,Nf
692,雞蛋,Na
692,送,VD
692,民眾,Na
692,的,DE
692,同時,Nd
692,，,COMMACATEGORY
692,呼籲,VE
692,政府,Na
692,要,D
692,處理,VC
692,蛋,Na
692,價,Na
692,跟,P
692,民生,Na
692,問題,Na
692,完整,VH
692,新聞,Na
692,連結,VC
692,或,Caa
692,短,VH
692,網址,Na
692,不可,D
692,用,VC
692,等,Cab
692,轉載,VC
692,媒體,Na
692,///,FW
692,備註,VE
692,某些,Neqa
692,議員,Na
692,名嘴,Na
692,天天,D
692,在,D
692,貼,VC
692,買,VC
692,不,D
692,到,VC
692,蛋,Na
692,的,DE
692,風向,Na
692,文,Na
692,結果,Dk
692,竟,D
692,能,D
692,在,P
692,小時,Na
692,內,Ng
692,生出,VC
692,顆,Nf
692,雞蛋,Na
692,來,D
692,怎麼,D
692,不,D
692,直接,VH
692,告訴,VE
692,排隊,VA
692,領蛋,VA
692,民眾,Na
692,你們,Nh
692,是,SHI
692,怎麼辦到,VH
692,的,T
692,呢,T
692,授,VD
692,之,Nh
692,以,P
692,魚,Na
692,不如,VJ
692,授,VD
692,之,Nh
692,以,P
692,漁,Na
693,國際,Nc
693,賽事,Na
693,我們,Nh
693,都,D
693,是,SHI
693,以,P
693,中華,Nc
693,台北,Nc
693,出戰,VC
693,如果,Cbb
693,能,D
693,挑,VC
693,名字,Na
693,的話,Cba
693,中華隊,Na
693,台灣隊,Na
693,中國隊,Na
693,大家,Nh
693,最,Dfa
693,想,VE
693,用,P
693,哪,Nep
693,個,Nf
693,名字,Na
693,去,D
693,比賽,VA
694,如,P
694,題,Na
694,剛剛,D
694,肥宅,VH
694,在,P
694,看,VC
694,電視,Na
694,轉播,VC
694,在,P
694,荷蘭,Nc
694,國歌,Na
694,之後,Ng
694,理論,Na
694,上,Ng
694,應該,D
694,是,SHI
694,中華民國,Nc
694,國歌,Na
694,吧,T
694,怎,D
694,麽,FW
694,會,D
694,是,SHI
694,中華,Nc
694,奧委會,Nc
694,會,D
694,歌,Na
694,///,FW
694,這樣,VH
694,算不,VG
694,算是,VG
694,自我,Nh
694,矮化,VHC
694,啊,T
694,乾五八卦,Na
694,^^,FW
695,各,Nes
695,位,Nf
695,老鐵,Na
695,晚上,Nd
695,好,VH
695,，,COMMACATEGORY
695,昨天,Nd
695,洲際,Nc
695,棒球迷,Na
695,大喊,VE
695,，,COMMACATEGORY
695,諧音,Na
695,挺,VC
695,台灣,Nc
695,，,COMMACATEGORY
695,反觀,VC
695,八卦板,Na
695,整,Neqa
695,天,Nf
695,喊,VE
695,什,Nep
695,麼,T
695,中國,Nc
695,台北,Nc
695,，,COMMACATEGORY
695,什麼,Nep
695,中華隊,Na
695,，,COMMACATEGORY
695,是,SHI
695,不,D
695,是,SHI
695,精神,Na
695,錯亂,VH
695,有,V_2
695,沒,D
695,有,V_2
695,八卦版,Na
695,的,DE
695,認同,VJ
695,八卦,Na
695,影片,Na
695,在,P
695,這兒,Ncd
695,呢,T
695,///,FW
695,是否,D
695,有,V_2
695,專板,Na
695,本板,Na
695,並非,D
695,萬能,VH
695,問板,VA
695,三,Neu
695,則,Nf
695,本,Nes
695,看板,Na
695,嚴格,VH
695,禁止,VE
695,政治,Na
695,問卦,Na
695,未滿,VJ
695,繁體,Na
695,中文字,Na
695,水桶,Na
695,個,DE
695,月,Na
695,未滿,VJ
695,繁體,Na
695,中文字,Na
695,水桶,Na
695,個,DE
695,月,Na
695,未滿,VJ
695,繁體,Na
695,中文字,Na
695,水桶,Na
695,個,Nf
695,月,Na
695,，,COMMACATEGORY
695,嚴重,VH
695,者,Na
695,以,P
695,鬧板論,Na
696,中華隊,Na
696,逆轉,VA
696,勝,VH
696,讓,VL
696,世界,Nc
696,看見,VE
696,台灣,Nc
696,////,FW
696,楊惟甯,Nb
696,報導,VE
696,////////,FW
696,球迷,Na
696,舉,VC
696,高舉,VC
696,國旗,Na
696,為,P
696,中華隊,Na
696,加油,VB
696,圖,Na
696,胡瑞麒,Nb
696,攝,VC
696,世界,Nc
696,棒球,Na
696,經典賽,Na
696,正,D
696,如火如荼,VH
696,的,DE
696,進行,VC
696,中,Ng
696,，,COMMACATEGORY
696,昨日,Nd
696,晚,Nd
696,中華隊,Na
696,以,P
696,逆轉,VA
696,擊敗,VC
696,義大,Nc
696,利隊,Na
696,，,COMMACATEGORY
696,更,Dfa
696,是,SHI
696,讓,VL
696,全民,Na
696,沸騰,VH
696,就,D
696,有,V_2
696,德國,Nc
696,記者,Na
696,分享,VJ
696,，,COMMACATEGORY
696,當,P
696,中華隊,Na
696,敲出,VC
696,安打,Na
696,追平,VC
696,比數,Na
696,，,COMMACATEGORY
696,以及,Caa
696,最後,Nd
696,的,DE
696,分砲,Na
696,出現,VH
696,時,Ng
696,，,COMMACATEGORY
696,場,Nc
696,邊,Ncd
696,如雷貫耳,VH
696,的,DE
696,幾乎,Da
696,快要,D
696,蓋過,VC
696,主播,Na
696,的,DE
696,聲音,Na
696,，,COMMACATEGORY
696,且,Cbb
696,收音,VA
696,甚至,D
696,度,VCL
696,中斷,VC
696,，,COMMACATEGORY
696,也,D
696,讓,VL
696,他,Nh
696,見識到,VE
696,台灣,Nc
696,球迷,Na
696,的,DE
696,熱情,Na
696,，,COMMACATEGORY
696,直,D
696,呼好,D
696,感動,VHC
696,////////,FW
696,中華隊,Na
696,擊敗,VC
696,義大利,Nc
696,奪,VC
696,首,Nf
696,勝,VH
696,圖,Na
696,胡瑞麒,Nb
696,攝,VC
696,德國,Nc
696,每日,Nb
696,鏡報,Nb
696,記者,Na
696,迪克曼,Nb
696,在,P
696,推特發文,Nb
696,指出,VE
696,，,COMMACATEGORY
696,自己,Nh
696,過去,Nd
696,沒有,VJ
696,在,P
696,關注,VJ
696,棒球,Na
696,，,COMMACATEGORY
696,但,Cbb
696,昨晚,Nd
696,中華隊,Na
696,上演,VAC
696,大,VH
696,逆轉,VA
696,，,COMMACATEGORY
696,卻,D
696,讓,VL
696,世界,Nc
696,看見,VE
696,台灣,Nc
696,他,Nh
696,說,VE
696,，,COMMACATEGORY
696,雖然,Cbb
696,台灣隊,Na
696,必須,D
696,以,P
696,中華,Nc
696,台北,Nc
696,之,DE
696,名,Na
696,出戰,VC
696,，,COMMACATEGORY
696,但,Cbb
696,比分,Na
696,始終,D
696,緊咬,VC
696,義大利隊,Na
696,，,COMMACATEGORY
696,無論,Cbb
696,是,SHI
696,趨於,VL
696,優勢,Na
696,或,Caa
696,劣勢,Na
696,，,COMMACATEGORY
696,都,D
696,會,D
696,聽到,VE
696,球迷,Na
696,如雷貫耳,VH
696,的,DE
696,加油聲,Na
696,而,Cbb
696,從,P
696,官方,Na
696,推特,Na
696,發布,VC
696,的,DE
696,影片,Na
696,也,D
696,可,D
696,看到,VE
696,，,COMMACATEGORY
696,當,P
696,中華隊,Na
696,確定,VK
696,拿下,VC
696,勝利,VH
696,後,Ng
696,，,COMMACATEGORY
696,場,Nc
696,邊,Ncd
696,球迷,Na
696,情緒,Na
696,也,D
696,嗨,I
696,到,P
696,最高點,Na
696,，,COMMACATEGORY
696,全,Neqa
696,場,Nf
696,整齊劃,VC
696,地,DE
696,高喊,VE
696,，,COMMACATEGORY
696,幾乎,Da
696,快要,D
696,把,P
696,主播,Na
696,的,DE
696,聲音,Na
696,給,D
696,蓋過,VC
696,，,COMMACATEGORY
696,也,D
696,讓,VL
696,迪,Nb
696,克曼,Nc
696,直,D
696,呼,VE
696,，,COMMACATEGORY
696,這樣,VH
696,的,DE
696,場景,Na
696,實在,D
696,令,VL
696,人,Na
696,動容,VH
696,，,COMMACATEGORY
696,真的,D
696,非常,Dfa
696,感動,VHC
696,////////,FW
696,德國,Nc
696,每日,Nb
696,鏡報,Nb
696,記者,Na
696,迪克曼,Nb
696,發文,VC
696,圖,Na
696,翻攝,VC
696,自推,VC
696,特,D
696,由於,Cbb
696,中華隊,Na
696,目前,Nd
696,戰績,Na
696,勝,VH
696,敗,VH
696,，,COMMACATEGORY
696,荷蘭,Nc
696,二,Neu
696,勝,VH
696,零,Neu
696,敗,VH
696,，,COMMACATEGORY
696,巴拿馬,Nc
696,二,Neu
696,勝,VH
696,二,Neu
696,敗,VH
696,，,COMMACATEGORY
696,巴拿馬,Nc
696,贏,VD
696,球,Na
696,後,Ng
696,，,COMMACATEGORY
696,已,D
696,率先,D
696,完成,VC
696,首,Nes
696,輪,Nf
696,預賽,Na
696,所有,Neqa
696,賽程,Na
696,，,COMMACATEGORY
696,因此,Cbb
696,今日,Nd
696,晚,Nd
696,中華隊,Na
696,對上,VC
696,荷蘭,Nc
696,，,COMMACATEGORY
696,也,D
696,有,V_2
696,非,D
696,贏,VD
696,不可,VH
696,的,DE
696,壓力,Na
696,唯有,D
696,擊敗,VC
696,荷蘭,Nc
696,，,COMMACATEGORY
696,才,Da
696,能,D
696,保有,VJ
696,晉級,VJ
696,複賽,Na
696,的,DE
696,機會,Na
696,，,COMMACATEGORY
696,挺進,VA
696,東京,Nc
696,備註,VE
696,全,Neqa
696,場,Nf
696,高喊,VE
696,台灣隊,Na
696,八卦板,Na
696,有,V_2
696,人,Na
696,不,D
696,喜歡,VK
697,大家,Nh
697,安安,Nb
697,乳題,Na
697,荷蘭,Nc
697,阿公,Na
697,全,Neqa
697,打線,VA
697,打,VC
697,中華隊,Na
697,的,DE
697,土投,Na
697,我,Nh
697,就,D
697,問,VE
697,蒿吐,Na
697,鷺鷥,Na
698,發,VD
698,廢文,Na
698,幹幹,VA
698,叫下,VC
698,想,VE
698,問,VE
698,下,Nes
698,中華隊,Na
698,的,DE
698,捕手,Na
698,手套,Na
698,是,SHI
698,不,D
698,是,SHI
698,都,D
698,被,P
698,用,P
698,剪刀,Na
698,剪,VC
698,過,Di
698,啊,T
698,不然,Cbb
698,怎麼,D
698,那麼,D
698,容易,VH
698,跑出來,VA
699,肥肥,Nb
699,跟,P
699,公司,Nc
699,業務,Na
699,妹子,Na
699,們,Na
699,在,P
699,運動,Na
699,酒吧,Nc
699,看,VC
699,中華隊,Na
699,只是,Cbb
699,對手,Na
699,明明,D
699,是,SHI
699,荷蘭隊,Na
699,怎,D
699,看起來,D
699,像,VG
699,非洲裔,Na
699,球員,Na
699,有,V_2
699,卦,Na
699,嗎,T
700,局,Nc
700,還,D
700,沒,D
700,結束,VHC
700,捕手,Na
700,兩,Neu
700,次,Nf
700,漏接,VC
700,讓,VL
700,對方,Nh
700,跑者,Na
700,推進,VAC
700,壘包,Na
700,以外,Ng
700,剛剛,D
700,本壘板,Na
700,上方,Ncd
700,高飛球,Na
700,穩,VH
700,接殺,VC
700,的,DE
700,結果,Na
700,結果,Na
700,漏接,VC
700,昨夜,Nd
700,中華隊,Na
700,的,DE
700,捕手,Na
700,是,SHI
700,狂歡,VA
700,徹夜,D
700,嗎,T
700,有,V_2
700,沒,D
700,有,V_2
700,八卦,Na
701,這,Nep
701,次,Nf
701,中華隊,Na
701,的,DE
701,水準,Na
701,真,D
701,是,SHI
701,讓,VL
701,人,Na
701,搖頭,VA
701,連,Cbb
701,送,VD
701,分,Nf
701,的,DE
701,高飛球,Na
701,都,D
701,接,VC
701,不,D
701,到,VC
701,是,SHI
701,要,D
701,怎麼,D
701,玩,VC
702,我,Nh
702,就,D
702,問,VE
702,在,P
702,昨天,Nd
702,的,DE
702,精彩,VH
702,勝利,Nv
702,裡面,Ncd
702,尻,VC
702,了,Di
702,發,VC
702,三,Neu
702,分,Nf
702,炮,Na
702,，,COMMACATEGORY
702,賽,Na
702,後,Ng
702,可以,D
702,很,Dfa
702,自律,VA
702,早,D
702,睡早起,VA
702,，,COMMACATEGORY
702,不,D
702,喝,VC
702,酒,Na
702,慶祝,VE
702,的,DE
702,原住民,Na
702,全,Neqa
702,國,Nc
702,有,V_2
702,幾,Neu
702,個,Nf
702,就,D
702,問,VE
702,昨天,Nd
702,橘色,Na
702,吃到,VC
702,幾,Neu
702,點,Nf
702,啊,I
702,還,D
702,會,D
702,長,VH
702,加菜,VA
702,咧笑,VA
702,死,VH
703,目前,Nd
703,經典賽,Na
703,日本隊,Na
703,和,Caa
703,中華隊,Na
703,同時,Nd
703,都,D
703,在,P
703,打,VC
703,中華隊,Na
703,昨天,Nd
703,表現好,VC
703,，,COMMACATEGORY
703,讓,VL
703,人,Na
703,期待,VK
703,又,D
703,怕,VK
703,受,P
703,傷害,VC
703,想,VE
703,問,VE
703,日本隊,Na
703,和,Caa
703,中華隊,Na
703,要,D
703,看,VC
703,哪,Nep
703,邊,Ncd
703,好,VH
703,///,FW
704,請問,VE
704,中華隊,Na
704,臉,Na
704,上,Ncd
704,有的,Neqa
704,人,Na
704,有,V_2
704,塗,VC
704,兩,Neu
704,條,Nf
704,黑黑,VH
704,的,DE
704,是,SHI
704,甚麼,Nep
704,有的,Neqa
704,人,Na
704,有,V_2
704,塗有,VJ
704,的,DE
704,人,Na
704,沒,D
704,塗,VC
704,",",COMMACATEGORY
704,請問,VE
704,為何,D
704,沒,D
704,塗,VC
704,還,D
704,有,V_2
704,為什麼,D
704,塗,VC
704,在,P
704,眼睛,Na
704,下面,Ncd
704,為什麼,D
704,是,SHI
704,塗橫,VH
704,的,DE
704,條,Nf
704,不能,D
704,塗直,VC
704,的,T
704,嗎,T
704,塗,VC
704,鼻子,Na
704,上,Ncd
704,不行,VH
704,嗎,T
704,額頭,Na
704,上,Ncd
704,所以,Cbb
704,塗,VC
704,兩,Neu
704,條,Nf
704,黑黑,VH
704,的,DE
704,是,SHI
704,甚麼,Nep
704,習俗,Na
704,傳統,VH
705,貴族,Na
705,世家,Na
705,有,V_2
705,贊助,VD
705,荷蘭隊,Na
705,嗎,T
705,怎麼,D
705,每,Nes
705,個,Nf
705,人,Na
705,都,D
705,戴,VC
705,貴族,Na
705,世家,Na
705,的,DE
705,帽子,Na
705,偷置入,VCL
705,最,Dfa
705,討厭,VK
705,這,Nep
705,種,Nf
705,不,D
705,愛國,VH
705,的,DE
705,企業,Na
705,了,T
705,啦,T
705,請,VF
705,大家,Nh
705,來,D
705,支持,VC
705,永遠,VH
705,最愛,Na
705,中華隊,Na
705,的,DE
705,四海,Nc
705,遊龍,Na
706,明明,D
706,就,D
706,是,SHI
706,中華隊,Na
706,棒球版,Na
706,自己,Nh
706,改名,VG
706,幹嘛,D
706,還,D
706,以為,VE
706,是,SHI
706,塔綠班,Nc
706,再,D
706,打球,VA
706,有,V_2
706,沒,D
706,有,V_2
706,棒球版,Na
706,亂改,VC
706,隊名,Na
706,的,DE
706,八卦,Na
707,欸,I
707,欸,I
707,欸,I
707,欸,I
707,欸,I
707,剛剛,D
707,追平,VC
707,分,VC
707,荷蘭,Nc
707,投手,Na
707,被,P
707,打下來,VB
707,了,Di
707,才,Da
707,出局,VH
707,個,Di
707,又,D
707,滿壘,VH
707,中華隊,Na
707,是,SHI
707,不,D
707,是,SHI
707,穩,VH
707,了,T
707,有,V_2
707,卦,Na
707,嗎,T
707,嘻嘻,D
708,雖然,Cbb
708,上場,VA
708,轟,VC
708,了,Di
708,幾,Neu
708,支,Nf
708,挽回,VC
708,顏面,Na
708,，,COMMACATEGORY
708,但,Cbb
708,今天,Nd
708,這,Nep
708,對手,Na
708,可,D
708,不,D
708,簡單,VH
708,啊,T
708,雖然,Cbb
708,我,Nh
708,覺得,VK
708,肛門,Na
708,榨,VC
708,甘蔗,Na
708,這,Nep
708,種,Nf
708,祭品,Na
708,可能,D
708,最,Dfa
708,有效,VH
708,，,COMMACATEGORY
708,奈何,D
708,我,Nh
708,不,D
708,敢,VL
708,也,D
708,不能,D
708,獻上,VC
708,點,Nf
708,心意,Na
708,看看,VE
708,會不會,D
708,有,V_2
708,奇蹟,Na
708,發生,VJ
708,吧,T
708,有沒有,D
708,壓,VC
708,賭盤夜,Nd
708,翻身,VA
708,的,DE
708,八卦,Na
708,下面,Ncd
708,直,D
708,有,V_2
708,人嫌,Na
708,不,D
708,夠,VH
708,誠意,Na
708,，,COMMACATEGORY
708,那,Dk
708,我,Nh
708,補充,VC
708,下,Ng
708,到,P
708,明年,Nd
708,的,DE
708,今天,Nd
708,為止,Ng
708,也,D
708,不能,D
708,與,P
708,別人,Nh
708,性,Na
708,互動,VA
708,好,VH
708,嘛,T
709,我,Nh
709,大台灣隊,Na
709,轟出,VC
709,滿貫砲,Na
709,今天,Nd
709,不,D
709,贏,VD
709,就,D
709,沒,VJ
709,機會,Na
709,晉級,VJ
709,了,Di
709,現在,Nd
709,五,Neu
709,比,VC
709,了,Di
709,雖然,Cbb
709,二,Neu
709,局,Nf
709,下,Ng
709,我,Nh
709,就,D
709,問,VE
709,你,Nh
709,各位,Nh
709,蒿吐魯斯,Nb
709,張育成,Nb
709,我,Nh
709,愛,VL
709,你,Nh
709,張育成,Nb
709,我,Nh
709,愛,VL
709,你,Nh
710,大家,Nh
710,好,VH
710,剛剛,D
710,上將,Na
710,張育成,Nb
710,轟,VC
710,了,Di
710,支,Nf
710,滿貫砲,Na
710,鋒哥,Nb
710,退休,VH
710,後,Ng
710,台灣隊,Na
710,苦,VH
710,無,VJ
710,接班人,Na
710,今天,Nd
710,可以,D
710,正式,VH
710,接班,VA
710,鋒哥,VH
710,了,T
710,吧,T
710,有,V_2
710,卦,Na
711,二兵,Na
711,育成,VC
711,，,COMMACATEGORY
711,被,P
711,中華,Nc
711,台北,Nc
711,用兵,VA
711,役令,Na
711,來,D
711,徵招,VC
711,對,P
711,義大利,Nc
711,和,Caa
711,荷蘭,Nc
711,都,D
711,有,V_2
711,優秀,VH
711,表現,VC
711,照,P
711,以前,Nd
711,好像,D
711,有功,VH
711,的,DE
711,將士,Na
711,能,D
711,拿到,VC
711,免,D
711,死,VH
711,金牌,Na
711,我們,Nh
711,二兵,Na
711,育成,VC
711,這樣,VH
711,的,DE
711,表現,Na
711,是,SHI
711,不,D
711,是,SHI
711,他,Nh
711,兒子,Na
711,也,D
711,不用,D
711,當兵,VA
711,了,Di
712,張育成,Nb
712,台灣史,Na
712,上,Ng
712,最,Dfa
712,強,VH
712,打者,Na
712,沒有,VJ
712,之,DE
712,是,SHI
712,不,D
712,是,SHI
712,應該,D
712,把,P
712,他,Nh
712,寫進,VCL
712,國軍,Na
712,英雄,Na
712,館,Nc
712,做,VC
712,個,Nf
712,雕像,Na
712,放,VC
712,在,P
712,那邊,Ncd
712,每,Nes
712,天,Nf
712,膜拜,VC
712,張育成,Nb
712,我,Nh
712,的,DE
712,超人,VH
712,猛,VH
713,這,Nep
713,季,Nd
713,簽,VC
713,了,Di
713,台灣,Nc
713,巨砲,Na
713,張育成,Nb
713,有,V_2
713,人,Na
713,看好,VJ
713,有,V_2
713,人,Na
713,不,D
713,看好,VJ
713,放回來,VC
713,打,VC
713,個,Di
713,經典賽,Na
713,各,Nes
713,種,Nf
713,開秀,VH
713,大小,Na
713,聯盟,Na
713,的,DE
713,投手,Na
713,都,D
713,壓,VC
713,不,D
713,到,VC
713,他,Nh
713,價值,Na
713,滿滿,VH
713,紅襪,Nb
713,是,SHI
713,不,D
713,是,SHI
713,這,Nep
713,次,Nf
713,最,Dfa
713,大,VH
713,贏家,Na
714,幹,VC
714,再,D
714,說,VE
714,沒有,D
714,比,P
714,鋒哥,Nb
714,強,VH
714,阿,T
714,張育成,Nb
714,棒擊,VC
714,沉,VA
714,阿,T
714,幹,VC
714,她媽的,Nh
714,有,V_2
714,守備,VA
714,有,V_2
714,打擊,Na
714,還,D
714,堆,VC
714,人,Na
714,說,VE
714,他,Nh
714,比,P
714,鋒哥,Na
714,弱,VH
714,三,Neu
714,小,VH
715,國防部長,Na
715,這下,Nd
715,超越,VC
715,陳金鋒,Nb
715,吧,T
715,昨天,Nd
715,堆,VC
715,人,Na
715,在,P
715,嘴,Na
715,說,VE
715,還,D
715,不,D
715,夠格,VH
715,但,Cbb
715,現在,Nd
715,看起來,D
715,國際賽,Na
715,臺灣,Nc
715,英雄,Na
715,已經,D
715,確定,VK
715,交接,VC
715,且,Cbb
715,張育成,Nb
715,超越,VC
715,了,Di
715,陳金鋒,Nb
716,終於,D
716,鋒哥,Nb
716,神,Na
716,的,DE
716,地位,Na
716,以前,Nd
716,以為,VE
716,不可,D
716,撼動,VC
716,，,COMMACATEGORY
716,有,V_2
716,接班,VA
716,了,Di
716,不,D
716,是,SHI
716,吱,D
716,獼,Na
716,以前,Nd
716,狂吹,VA
716,的,DE
716,兩,Neu
716,季,Nd
716,四割,VC
716,玉,Na
716,當然,D
716,是,SHI
716,張育成,Nb
716,台灣,Nc
716,歷史,Na
716,最,Dfa
716,強,VH
716,打者,Na
716,，,COMMACATEGORY
716,打者,Na
716,抱歉,VK
716,了,Di
716,鋒神,Na
716,不過,Cbb
716,你,Nh
716,看到,VE
716,有,V_2
716,後輩,Na
716,終於,D
716,超越,VC
716,你,Nh
716,的,DE
716,地位,Na
716,了,T
716,應該,D
716,也,D
716,很,Dfa
716,高興,VK
716,吧,T
717,把,P
717,對手,Na
717,小,VH
717,聯盟,Na
717,投手,Na
717,當,VG
717,發球機,Na
717,防禦率點,Na
717,多,VH
717,的,DE
717,也,D
717,敢,VL
717,來,D
717,對付,VC
717,張育成,Nb
717,張育成,Nb
717,應該,D
717,確定,VK
717,是,SHI
717,台灣,Nc
717,最,Dfa
717,強,VH
717,打者,Na
717,了,T
717,吧,T
718,永遠,VH
718,的,DE
718,台灣,Nc
718,第四棒,Na
718,陳金鋒,Nb
718,似乎,D
718,是,SHI
718,不可,D
718,超越,VC
718,的,DE
718,存在,VA
718,直到,P
718,國防部長,Na
718,張育成,Nb
718,這,Nep
718,兩,Neu
718,場,Nf
718,炸裂,VC
718,試問部長,Na
718,超越,VC
718,鋒砲,Na
718,了,T
718,嗎,T
719,張育成,Nb
719,又,D
719,開轟,VA
719,啦,T
719,太,Dfa
719,爽,VH
719,啦,T
719,想到,VE
719,之前,Ng
719,各,Nes
719,種,Nf
719,媒體,Na
719,在,P
719,黑不當兵,VH
719,各,Nes
719,種,Nf
719,台獨,Na
719,份子,Na
719,在,P
719,那邊,Ncd
719,嘴砲,Na
719,大,VH
719,堆,Nf
719,垃圾粉,Na
719,專,D
719,想,VE
719,強迫,VF
719,人家,Nh
719,回來,VA
719,當兵,VA
719,這,Nep
719,種,Nf
719,人才,Na
719,需要,VK
719,靠,P
719,當兵,VA
719,證明,VE
719,愛國,VH
719,嗎,T
719,不,D
719,需要,VK
719,啦,T
719,幹,I
719,連續,VH
719,兩,Neu
719,天,Nf
719,開轟,VA
719,會,D
719,比,P
719,你們,Nh
719,這些,Neqa
719,垃圾粉,Na
719,專不愛國,VH
719,喔,T
719,想想,VE
719,你們,Nh
719,那些,Neqa
719,閃尿,VA
719,逃兵,Na
719,仔,Na
719,好不,Dfa
719,好,VH
719,太,Dfa
719,爽,VH
719,啦,T
719,張育成,Nb
719,我,Nh
719,愛,VL
719,你,Nh
720,剛剛,D
720,巨砲,Na
720,太,Dfa
720,猛,VH
720,了,T
720,吧,T
720,中華隊,Na
720,看來,D
720,已經,D
720,調整好,VC
720,狀態,Na
720,了,T
720,，,COMMACATEGORY
720,按照,P
720,目前,Nd
720,的,DE
720,氣勢,Na
720,來,D
720,看,VE
720,現在,Nd
720,比數,Na
720,，,COMMACATEGORY
720,鍋貼,Na
720,應該,D
720,可以,D
720,繼續,VF
720,放,VC
720,在,P
720,冷凍庫,Na
720,，,COMMACATEGORY
720,不用,D
720,拿出來,VB
720,吃,VC
720,了,Di
720,吧,T
721,昨天,Nd
721,榮升,VG
721,國防部長,Na
721,稍早,Nd
721,滿貫砲,Na
721,現在,Nd
721,軍階,Na
721,可以,D
721,升到,VCL
721,哪,Ncd
721,了,T
721,太,Dfa
721,強,VH
721,啦,T
722,昨天,Nd
722,對,P
722,義大利,Nc
722,轟出,VC
722,追平,VC
722,分,VC
722,砲,Na
722,今天,Nd
722,對,P
722,荷蘭,Nc
722,轟出,VC
722,超前,VJ
722,滿貫砲,Na
722,對比,Na
722,在,P
722,經典賽,Na
722,前,Ng
722,那,Nep
722,段,Nf
722,時間,Na
722,張育成,Nb
722,在,P
722,網路,Na
722,上,Ng
722,被,P
722,大,VH
722,酸,VH
722,特,D
722,酸,VH
722,我,Nh
722,就,D
722,問,VE
722,之後,Ng
722,還,D
722,有,V_2
722,人,Na
722,敢,VL
722,罵,VC
722,張育成,Nb
722,嗎,T
723,耖你媽的,I
723,再,D
723,看不起,VJ
723,中華隊,Na
723,啊,T
723,荷蘭,Nc
723,那,Nep
723,什麼,Nep
723,低賠率,Na
723,中華,Nc
723,可,D
723,是,SHI
723,地主國,Na
723,欸,I
723,看,VC
723,滿,Neqa
723,場,Nf
723,球迷,Na
723,嗨成,VG
723,這樣,VH
723,叫,VF
723,美國隊,Na
723,來,D
723,打,VC
723,也,D
723,會,D
723,自亂陣腳,VH
723,啦,T
723,買,VC
723,中華,Nc
723,看,VC
723,了,Di
723,超,Dfa
723,爽,VH
724,剛才,Nd
724,張育成,Nb
724,轟,VC
724,了,Di
724,滿貫砲,Na
724,連續,VH
724,兩,Neu
724,天,Nf
724,都,D
724,有,V_2
724,轟出去,VB
724,張育成,Nb
724,現在,Nd
724,是,SHI
724,不,D
724,是,SHI
724,亞洲,Nc
724,前,Nes
724,三,Neu
724,的,DE
724,打者,Na
724,了,T
725,很,Dfa
725,好奇,VH
725,想,VE
725,問,VE
725,下,Ng
725,如果,Cbb
725,還,D
725,沒,D
725,陽痿,VH
725,，,COMMACATEGORY
725,真的,D
725,有,V_2
725,辦法,Na
725,年,Na
725,不,D
725,尻,VH
725,嗎,T
725,這樣,VH
725,不會,D
725,壞掉,VH
725,嗎,T
725,還是,D
725,說,VE
725,會,D
725,用,P
725,夢遺,VA
725,的,DE
725,方式,Na
725,把,P
725,精液,Na
725,排出,VC
725,說到,VE
725,這裡,Ncd
725,，,COMMACATEGORY
725,有,V_2
725,沒,D
725,有,V_2
725,人,Na
725,也樣,D
725,從小到大,D
725,都,D
725,沒,VJ
725,夢,Na
725,遺過,VJ
725,的,T
725,嗎,T
725,像,P
725,本,Nf
725,肥,VHC
725,從,P
725,國小,Nc
725,開始,VL
725,尻槍,Na
725,，,COMMACATEGORY
725,到,P
725,現在,Nd
725,三十幾,Neu
725,年,Nf
725,還,D
725,真的,D
725,沒,VJ
725,夢,Na
725,遺過,VJ
725,好,VH
725,了,T
725,，,COMMACATEGORY
725,字數,Na
725,夠多,VH
725,了,T
725,，,COMMACATEGORY
725,先,D
725,這樣,VH
725,嘻嘻,D
726,爽,VH
726,啦,T
726,爽,VH
726,啦,T
726,爽,VH
726,啦,T
726,個,Nf
726,滿貫砲,Na
726,直接,VH
726,拿,VC
726,分,VC
726,分,D
726,領先,VJ
726,真,VH
726,祖國,Nc
726,荷蘭,Nc
726,剛,D
726,開場,VA
726,有些,Neqa
726,失誤,Na
726,但,Cbb
726,明顯,VH
726,現在,Nd
726,攻守,VA
726,都,D
726,漸入佳境,VH
726,別,D
726,說,VE
726,贏,VD
726,了,Di
726,我,Nh
726,看,VE
726,今晚,Nd
726,有,V_2
726,機會,Na
726,直接,VH
726,吧,T
726,就,D
726,問,VE
726,句,Nf
726,蒿兔,Na
726,鷺鷥,Na
726,準備,VF
726,去,VCL
726,東京,Nc
726,啦,T
726,太,Dfa
726,爽,VH
726,啦,T
727,大聯盟,Na
727,沒辦法,VI
727,穩定,VHC
727,先發,VA
727,的,DE
727,球員,Na
727,在,P
727,國際賽,Na
727,可以,D
727,虐,VC
727,菜,Na
727,那,Nep
727,大聯盟,Na
727,的,DE
727,明星,Na
727,球員,Na
727,豈不是,D
727,跟,P
727,鬼樣,Na
727,可是,Cbb
727,看,VC
727,大谷,Nb
727,打,VC
727,的,DE
727,又,D
727,很,Dfa
727,爛,VH
727,大聯盟,Na
727,的,DE
727,球員,Na
727,到底,D
727,有,V_2
727,多,Dfa
727,強,VH
727,啊,T
728,台灣,Nc
728,有,V_2
728,這麼,Dfa
728,強,VH
728,的,DE
728,打者,Na
728,喔,T
728,會不會,D
728,是,SHI
728,亞洲,Nc
728,來,VA
728,台,Nc
728,歸化,VJ
728,的,DE
728,球員,Na
728,張育成,Nb
728,是,SHI
728,台灣人,Na
728,嗎,T
728,怎麼,D
728,跟,P
728,以前,Nd
728,看過,VC
728,的,DE
728,球員,Na
728,不,D
728,太樣,VH
728,台灣,Nc
728,的,DE
728,運動員,Na
728,好像,D
728,很,Dfa
728,容易,VH
728,軟手,VH
729,大家,Nh
729,晚安,VH
729,大家,Nh
729,好,VH
729,昨天,Nd
729,的,DE
729,義大利,Nc
729,對,P
729,中華隊,Na
729,張育成,Nb
729,局,Nc
729,打擊,Na
729,出去,VA
729,散漫,VH
729,跑壘,VA
729,，,COMMACATEGORY
729,今天,Nd
729,的,DE
729,荷蘭,Nc
729,對,P
729,中華隊,Na
729,張育成,Nb
729,局,Nc
729,打擊,VC
729,出去,VA
729,又,D
729,散漫,VH
729,跑壘,VA
729,，,COMMACATEGORY
729,難道,D
729,旅美,VA
729,回,VCL
729,台,Nc
729,打球,VA
729,態度,Na
729,都,D
729,可以,D
729,這樣,VH
729,嗎,T
729,正常,VH
729,打擊,VC
729,出去,VA
729,就,D
729,要,D
729,全力,D
729,跑,VA
729,吧,T
730,延續,VJ
730,昨天,Nd
730,打贏,VC
730,義大利,Nc
730,的,DE
730,氣勢,Na
730,有如,VG
730,鄭成功,Nb
730,附身,VB
730,的,DE
730,二等兵,Na
730,大砲,Na
730,轟走,VC
730,荷蘭人,Na
730,沒,D
730,意外,Na
730,不可能,D
730,會,D
730,被,P
730,荷蘭,Nc
730,逆轉,VA
730,吧,T
730,等等,Cab
730,去,D
730,煎,VC
730,珍貴,VH
730,的,DE
730,荷包蛋,Na
730,來,D
730,吃,VC
730,不,D
730,知道,VK
730,各,Nes
730,位,Nf
730,怎麼,D
730,看,VC
731,生涯,Na
731,成績,Na
731,比,P
731,陳金鋒,Nb
731,好,VH
731,然後,D
731,目前,Nd
731,來,D
731,看,VE
731,真的,D
731,猛,VH
731,以,P
731,目前,Nd
731,我們,Nh
731,打線,VA
731,來,D
731,說,VE
731,算,VE
731,平均點,Na
731,至少,Da
731,不只,Da
731,個,Nf
731,有,V_2
731,開轟,VA
731,的,DE
731,加上,Cbb
731,非,A
731,大砲,Na
731,棒次,Na
731,也,D
731,能,D
731,安打,Na
731,上壘串,Na
731,聯,VC
731,的確,D
731,可以,D
731,期待,VK
732,當初,Nd
732,張育成,Nb
732,婉拒,VC
732,經典賽,Na
732,馬上,D
732,拍片,VA
732,，,COMMACATEGORY
732,讓,VL
732,他,Nh
732,變成,VG
732,台灣,Nc
732,二兵,Na
732,在,P
732,片,Na
732,中,Ng
732,還,D
732,補,VC
732,了,Di
732,句,Nf
732,就算,Cbb
732,多,VH
732,了,Di
732,個,Nf
732,張育成,Nb
732,也,D
732,不,D
732,覺得,VK
732,中華隊,Na
732,就,D
732,能,D
732,贏,VD
732,球,Na
732,結果,Dk
732,張育成,Nb
732,不只,Da
732,被,P
732,成,VG
732,國防部長,Na
732,結果,Dk
732,還,D
732,靠,VJ
732,真的,D
732,他人,Nh
732,之,DE
732,力,Na
732,把,P
732,中華隊,Na
732,從,P
732,淘汰,VC
732,邊緣,Nc
732,至少,Da
732,拉回,VC
732,波,Na
732,是,SHI
732,不,D
732,是,SHI
732,真的,D
732,是,SHI
732,台灣,Nc
732,國師,Na
732,啊,T
733,悟空,Nb
733,在,P
733,修練,VC
733,時,Ng
733,身,Na
733,上,Ncd
733,穿,VC
733,的,DE
733,衣服,Na
733,是,SHI
733,很,Dfa
733,重,VH
733,的,DE
733,脫掉,VC
733,以後,Ng
733,實力,Na
733,大增,VH
733,張育成,Nb
733,身,Na
733,上,Ncd
733,那,Nep
733,條,Nf
733,金,Na
733,項鏈,Na
733,要是,Cbb
733,拿掉,VC
733,我,Nh
733,想,VE
733,其他,Neqa
733,球隊,Na
733,都,D
733,不用,D
733,玩,VC
733,了,Di
734,雖然,Cbb
734,輸,VD
734,了,Di
734,巴拿馬,Nc
734,可是,Cbb
734,義大利,Nc
734,荷蘭戰,Nb
734,都,D
734,打,VC
734,很,Dfa
734,好,VH
734,很,Dfa
734,熱血,Na
734,中華隊,Na
734,今年,Nd
734,狀態,Na
734,怎麼,D
734,這麼,Dfa
734,好,VH
734,啊,T
735,如,P
735,題,Na
735,中華隊,Na
735,擊退,VC
735,義大,Nc
735,取得,VC
735,首,Nes
735,勝,VH
735,雖然,Cbb
735,目前,Nd
735,情況,Na
735,看起來,D
735,可能,D
735,晉級不了,VJ
735,但是,Cbb
735,中華隊,Na
735,表現,VC
735,依然,D
735,是,SHI
735,我們,Nh
735,值得,VH
735,個,Nf
735,瑞死配,Na
735,的,DE
735,如果,Cbb
735,是,SHI
735,館長,Na
735,會,D
735,怎麼,D
735,吹,VC
735,中華隊,Na
735,有,V_2
735,八卦,Na
735,嗎,T
736,是,SHI
736,這樣,VH
736,啦,T
736,我,Nh
736,大鄭成功,VH
736,張育成,Nb
736,剛剛,D
736,滿貫砲,Na
736,現在,Nd
736,贏分,VA
736,了,Di
736,這,Nep
736,場,Nf
736,要,D
736,怎麼,D
736,輸,VD
736,有,V_2
736,沒,D
736,有,V_2
736,八卦,Na
737,從,P
737,昨天,Nd
737,二兵,Na
737,部長,Na
737,驚天轟,D
737,帶動,VC
737,全面,A
737,攻勢,Na
737,到,P
737,今天,Nd
737,又,D
737,尻發,VA
737,打,VC
737,的,DE
737,荷蘭,Nc
737,臉,Na
737,青筍筍,Na
737,沒有,VJ
737,二兵,Na
737,部長,Na
737,又,Caa
737,氣氛,Na
737,又,D
737,開轟,VA
737,現在,Nd
737,大家,Nh
737,都,D
737,應該,D
737,是,SHI
737,在,P
737,吃,VC
737,鍋,Na
737,貼,VC
737,吃,VC
737,好吃,VH
737,滿,VH
737,吧,T
737,沒有,VJ
737,當初,Nd
737,廣大,VH
737,鄉民,Na
737,徵召,VC
737,二兵,Na
737,昨天,Nd
737,經典,Na
737,時刻,Na
737,就,D
737,看,VE
737,不,D
737,到,VC
737,了,Di
737,鄉民,Na
737,是,SHI
737,不,D
737,是,SHI
737,中華隊,Na
737,表現,VC
737,的,DE
737,最,Dfa
737,大,VH
737,推手,Na
737,阿,T
737,大家,Nh
737,都,D
737,推,VC
737,了,Di
737,把,P
737,嘻嘻,D
738,人家,Nh
738,日本,Nc
738,大谷,Nb
738,剛剛,D
738,擊出,VC
738,難得,VH
738,的,DE
738,二壘,Na
738,安打,Na
738,",",COMMACATEGORY
738,接著,D
738,又,D
738,盜壘,VA
738,到,P
738,三壘,Na
738,成功,VH
738,",",COMMACATEGORY
738,隊友,Na
738,隨便,VH
738,轟,VC
738,個,Di
738,高分,Na
738,犧牲打,Na
738,",",COMMACATEGORY
738,大谷,Nb
738,回,VCL
738,本壘,Na
738,~,FW
738,現在,Nd
738,日本,Nc
738,比,P
738,捷克,Nc
738,",",COMMACATEGORY
738,分鐘,Nf
738,前,Ng
738,跟,P
738,中華隊,Na
738,有,V_2
738,相似,VH
738,我,Nh
738,說,VE
738,",",COMMACATEGORY
738,日本隊,Na
738,是,SHI
738,不,D
738,是,SHI
738,故意,VL
738,的,T
738,不過,Cbb
738,實在,D
738,搞,VK
738,不,D
738,懂,VK
738,",",COMMACATEGORY
738,日本隊,Na
738,的,DE
738,那,Nep
738,個,Nf
738,手勢,Na
738,是,SHI
738,什麼,Nep
738,意思,Na
738,中華隊,Na
738,對,VC
738,日本隊,Na
738,是,SHI
738,不,D
738,是,SHI
738,指日可待,VH
738,給,VD
738,八卦,Na
738,吧,T
738,~,FW
739,///,FW
739,鋒哥,Nb
739,國際賽,Na
739,參賽,VA
739,紀錄,Na
739,年,Nf
739,亞洲,Nc
739,棒球,Na
739,錦標賽,Na
739,最佳,A
739,外野手,Na
739,年,Nf
739,義大利,Nc
739,世界盃,Nb
739,棒球賽,Na
739,全壘打,Na
739,王,Nb
739,年曼谷,Nc
739,亞洲,Nc
739,運動會,Na
739,預賽,Na
739,時,Ng
739,從,P
739,南韓,Nc
739,主力,Na
739,投手,Na
739,朴贊浩,Nb
739,手,Na
739,中,Ncd
739,揮出,VC
739,全壘打,Na
739,年漢城,Nc
739,亞洲,Nc
739,棒球,Na
739,錦標賽,Na
739,年,Na
739,臺北,Nc
739,世界盃,Nb
739,棒球賽,Na
739,打點王,Na
739,年札幌,Nc
739,亞洲,Nc
739,棒球,Na
739,錦標賽,Na
739,年雅典,Na
739,奧運,Nb
739,年,Nf
739,世界,Nc
739,棒球,Na
739,經典賽,Na
739,因,P
739,傷,Na
739,於,P
739,月,Na
739,日,Na
739,退出,VCL
739,，,COMMACATEGORY
739,由,P
739,許文雄,Nb
739,遞補,VC
739,年,Na
739,杜哈,Nc
739,亞運,Nb
739,中華,Nc
739,成棒隊,Na
739,歷年,Nd
739,在,P
739,亞運,Nb
739,最好,VH
739,戰績,Na
739,金牌,Na
739,年,Na
739,台灣,Nc
739,世界盃,Nb
739,棒球賽,Na
739,年,Nf
739,亞洲,Nc
739,棒球,Na
739,錦標賽,Na
739,年,Na
739,北京,Nc
739,奧運,Nb
739,年中職,Na
739,日職,Na
739,對抗賽,Na
739,這些,Neqa
739,是,SHI
739,陳金鋒,Nb
739,代表,VC
739,國家,Na
739,的,DE
739,國際賽事,Na
739,先,D
739,參加,VC
739,過鋒哥,Na
739,半,Neqa
739,的,DE
739,次數,Na
739,以上,Ng
739,再,D
739,來,D
739,談,VE
739,說,VE
739,有沒有,D
739,超越,VC
739,吧,T
739,目前,Nd
739,只有,Cbb
739,次,Nes
739,還是,D
739,因為,Cbb
739,被,P
739,罵翻,VC
739,了,Di
739,才,Da
739,被,P
739,勸回來,VB
739,下,Nes
739,次,Nf
739,有沒有,D
739,還,D
739,不,D
739,知道,VK
739,呢,T
739,所以,Cbb
739,先,D
739,別,D
739,說,VE
739,太早,D
739,~,FW
740,中華隊,Na
740,荷蘭隊,Na
740,剛剛,D
740,上局,Nc
740,荷蘭隊,Na
740,追平分,Na
740,上來,VA
740,打,VC
740,了,Di
740,支,Nf
740,高遠,VH
740,飛球,Na
740,落在,VCL
740,牆,Na
740,前,Ncd
740,被,P
740,接殺,VC
740,你,Nh
740,漏,VH
740,了,Di
740,幾,Neu
740,滴,Nf
740,尿,Na
741,欸,I
741,，,COMMACATEGORY
741,回頭,D
741,看到,VE
741,這,Nep
741,篇,Nf
741,條件,Na
741,都,D
741,符合,VJ
741,了,T
741,，,COMMACATEGORY
741,是否,D
741,已,D
741,洗白,VA
741,成功,VH
741,呢,T
741,要,D
741,來,VA
741,個,Nf
741,朝聖,VA
741,下,Ng
741,了,Di
741,吧,T
741,補下,VC
741,該,Nes
741,篇,Nf
741,文章,Na
741,下方,Ncd
741,留言,Na
741,的,DE
741,們,Na
741,，,COMMACATEGORY
741,提醒,VE
741,下,Ng
741,，,COMMACATEGORY
741,該,D
741,道歉,VB
741,了,Di
741,吧,T
741,///,FW
742,我,Nh
742,是,SHI
742,日,Nc
742,球迷,Na
742,現在,Nd
742,在,P
742,看,VC
742,結果,Dk
742,家,Nc
742,裡,Ncd
742,的,DE
742,網速,Na
742,比較,Dfa
742,慢,VH
742,投手,Na
742,還,D
742,在,P
742,準備,VC
742,動作,Na
742,的,DE
742,時候,Na
742,就,D
742,聽到,VE
742,隔壁,Nc
742,傳出,VC
742,歡呼聲,Na
742,過,VCL
742,了,Di
742,十,Neu
742,秒,Nf
742,果然,D
742,上壘,VA
742,這樣,VH
742,要,D
742,怎麼,D
742,看,VC
742,阿直,Nb
742,被,P
742,暴雷,Na
743,對,P
743,巴拿馬,Nc
743,被,P
743,打爆,VC
743,當天,Nd
743,堆,VC
743,人,Na
743,髒話,Na
743,連,D
743,發,VD
743,什麼,Nep
743,能,D
743,罵,VC
743,的,DE
743,都,D
743,罵,VC
743,了,Di
743,這些,Neqa
743,人,Na
743,現在,Nd
743,在,P
743,想,VE
743,什麼,Nep
743,有,V_2
743,掛,VC
743,嗎,T
744,昨,Nd
744,運,VC
744,彩,Na
744,爽抱,VH
744,萬,Neu
744,今,Nd
744,台灣隊,Na
744,對,P
744,荷蘭,Nc
744,背水戰,Na
744,狂熱,VH
744,夫妻,Na
744,再,D
744,砸,VC
744,萬,Neu
744,挺台,Na
744,記者,Na
744,翁嘉妤,Nb
744,鍾至瑋,Nb
744,新北,Nc
744,報導,VE
744,記者,Na
744,翁嘉妤,Nb
744,鍾至瑋,Nb
744,新北,Nc
744,報導,VE
744,世界,Nc
744,棒球,Na
744,經典賽,Na
744,台灣隊,Na
744,對上,VC
744,義大利,Nc
744,，,COMMACATEGORY
744,有,V_2
744,體育,Na
744,狂熱,VH
744,夫妻,Na
744,下注,VA
744,萬運彩,Na
744,挺,VC
744,台灣,Nc
744,，,COMMACATEGORY
744,最後,Nd
744,台灣隊,Na
744,拿,VC
744,下,Nes
744,首,Nf
744,勝,VH
744,，,COMMACATEGORY
744,夫妻倆,Na
744,當場,D
744,抱回,VC
744,萬,Neu
744,今晚,Nd
744,台灣,Nc
744,迎戰,VC
744,荷蘭,Nc
744,，,COMMACATEGORY
744,彩券,Na
744,行業,Na
744,者,Na
744,透露,VE
744,，,COMMACATEGORY
744,這,Nep
744,對,Nf
744,夫妻,Na
744,還,D
744,會,D
744,再,D
744,砸,VC
744,萬,Neu
744,挺,Nf
744,台灣,Nc
744,挺,Dfa
744,到底,D
744,支持,VC
744,台灣隊,Na
744,，,COMMACATEGORY
744,有,V_2
744,人,Na
744,到,VCL
744,球場,Nc
744,，,COMMACATEGORY
744,有,V_2
744,人,Na
744,到,VCL
744,投注站,Nc
744,，,COMMACATEGORY
744,對,P
744,夫妻號,Nb
744,這,Nep
744,晚,Nf
744,在,P
744,新北永和,Nb
744,這,Nep
744,家,Nf
744,彩券行,Nc
744,口氣,Na
744,砸,VC
744,萬,Neu
744,元,Nf
744,支持,VC
744,台灣隊,Na
744,，,COMMACATEGORY
744,結果,Dk
744,爽抱,VC
744,萬,Neu
744,元,Nf
744,回家,VA
744,面對,VC
744,第,Neu
744,場,Nf
744,台灣隊,Na
744,出戰,VC
744,荷蘭,Nc
744,，,COMMACATEGORY
744,這,Nep
744,對,Nf
744,運,VC
744,動狂熱,VH
744,的,DE
744,夫妻倆,Na
744,，,COMMACATEGORY
744,老公,Na
744,還是,Caa
744,運動員,Na
744,，,COMMACATEGORY
744,打算,VF
744,還要,Dfa
744,再,D
744,砸,VC
744,萬,Neu
744,挺,Nf
744,台灣,Nc
744,挺,Dfa
744,到底,D
744,運彩,VA
744,經銷商,Na
744,商業,Na
744,公會,Nc
744,理事長,Na
744,何昱奇,Nb
744,他,Nh
744,可能,D
744,今天,Nd
744,日,Nd
744,還,D
744,會,D
744,下注,VA
744,中華隊,Na
744,萬吧,Nb
744,球迷,Na
744,想,VE
744,贏,VD
744,球,Na
744,也,D
744,想,VE
744,贏錢,VA
744,，,COMMACATEGORY
744,但,Cbb
744,也,D
744,更多,Neqa
744,球迷,Na
744,雖然,Cbb
744,心,Na
744,繫,VC
744,台灣隊,Na
744,，,COMMACATEGORY
744,更,Dfa
744,不,D
744,喜歡,VK
744,輸,VD
744,錢,Na
744,的,DE
744,感覺,Na
744,球迷,Na
744,我,Nh
744,買,VC
744,荷蘭,Nc
744,大分,Nc
744,，,COMMACATEGORY
744,但,Cbb
744,我,Nh
744,是,SHI
744,支持,VC
744,中華隊,Na
744,，,COMMACATEGORY
744,買,VC
744,個,Nf
744,保險,Na
744,，,COMMACATEGORY
744,輸,VD
744,了,Di
744,不會,D
744,太,Dfa
744,傷心,VH
744,運彩,Na
744,最,Dfa
744,新,VH
744,賠率,Na
744,出爐,VH
744,，,COMMACATEGORY
744,荷蘭,Nc
744,不,D
744,讓,VL
744,分賠率,Na
744,為,VG
744,，,COMMACATEGORY
744,台灣隊,Na
744,不,D
744,讓,VL
744,分賠率,Na
744,另外,Cbb
744,荷蘭,Nc
744,讓,VL
744,分賠率,Na
744,，,COMMACATEGORY
744,台灣隊,Na
744,讓,VL
744,分,VC
744,而,Cbb
744,大小,Na
744,分,VC
744,總分,Na
744,超過,VJ
744,和,Caa
744,小於,VJ
744,，,COMMACATEGORY
744,賠率,Na
744,都,D
744,是,SHI
744,球迷,Na
744,大家,Nh
744,可能,D
744,會,D
744,因為,Cbb
744,想要,VE
744,下,VC
744,反邊,VA
744,，,COMMACATEGORY
744,看,VC
744,如果,Cbb
744,哪,Nep
744,邊,Ncd
744,贏,VD
744,球,Na
744,，,COMMACATEGORY
744,還是,D
744,會,D
744,覺得,VK
744,有些,Neqa
744,補償,VD
744,心理,Na
744,，,COMMACATEGORY
744,但,Cbb
744,我,Nh
744,還是,D
744,會,D
744,希望,VK
744,買,VC
744,支持,VC
744,的,DE
744,球隊,Na
744,，,COMMACATEGORY
744,我,Nh
744,還是,D
744,會,D
744,買,VC
744,中華隊,Na
744,，,COMMACATEGORY
744,可能,D
744,就,D
744,是,SHI
744,買勝,VC
744,分,VC
744,球迷,Na
744,可以,D
744,換,VC
744,個,Nf
744,方式,Na
744,支持,VC
744,台灣隊,Na
744,，,COMMACATEGORY
744,還可以,D
744,選擇,VC
744,玩單,Na
744,雙，,Na
744,總分,Na
744,如果,Cbb
744,是,SHI
744,單數,Na
744,賠率,Na
744,，,COMMACATEGORY
744,雙數,Na
744,賠率,Na
744,另外,Cbb
744,，,COMMACATEGORY
744,想,VE
744,玩,VC
744,最,Dfa
744,高,VH
744,賠率,Na
744,可以,D
744,考慮,VE
744,勝,VH
744,分差,Na
744,，,COMMACATEGORY
744,這,Nep
744,戰,Na
744,台灣隊,Na
744,贏分,VA
744,，,COMMACATEGORY
744,賠率,Na
744,飆到,VC
744,倍,Na
744,///,FW
745,現在,Nd
745,的,DE
745,中華隊,Na
745,勢如破竹,VH
745,現在,Nd
745,的,DE
745,中華隊,Na
745,可以,D
745,跟,P
745,美國,Nc
745,職棒,Na
745,明星隊,Nb
745,單獨,D
745,而,Cbb
745,獲勝,VH
745,嗎,T
746,這,Nep
746,兩,Neu
746,天,Nf
746,重,VH
746,火力,Na
746,戰術,Na
746,執行,VC
746,都,D
746,成功,VH
746,非常,Dfa
746,細膩,VH
746,根本,D
746,不,D
746,是,SHI
746,我們,Nh
746,認識,VJ
746,的,DE
746,中華隊,Na
746,像是,SHI
746,被,P
746,盜帳,Na
746,號樣,Na
746,就算,Cbb
746,沒有,D
746,晉級,VJ
746,也,D
746,打,VC
746,過,Di
746,最,Dfa
746,美好,VH
746,的,DE
746,仗,Na
746,了,T
746,吧,T
747,如,P
747,題,Na
747,今天,Nd
747,應該,D
747,有,V_2
747,很多,Neqa
747,人,Na
747,看衰,VJ
747,中華隊,Na
747,買,VC
747,荷蘭,Nc
747,的,DE
747,吧,T
747,不,D
747,知道,VK
747,這些,Neqa
747,人,Na
747,現在,Nd
747,怎樣,VH
747,了,T
747,找好,VC
747,晚上,Nd
747,要,D
747,睡,VA
747,的,DE
747,公園,Nc
747,了,T
747,嗎,T
747,有,V_2
747,沒,D
747,有,V_2
747,八卦,Na
748,那些,Neqa
748,人,Na
748,定,D
748,沒,D
748,看,VC
748,這,Nep
748,屆,Nf
748,世界杯,Nb
748,阿根廷,Nc
748,輸,VD
748,沙烏地,Nc
748,啊,T
748,短期賽,Na
748,很,Dfa
748,有,V_2
748,可能,Na
748,剛好,Da
748,是,SHI
748,隊剋隊,Na
749,超車,VA
749,韓國,Nc
749,賽,Na
749,前,Ng
749,被,P
749,韓國,Nc
749,嘴,Na
749,但,Cbb
749,又,D
749,看,VC
749,著,Di
749,他們,Nh
749,翻車,VH
749,有沒有,D
749,就,D
749,是,SHI
749,韓國,Nc
749,被,P
749,嘴,Na
749,爆年,VA
749,的,DE
749,八卦,Na
750,昨晚,Nd
750,日本,Nc
750,首相,Na
750,親自,D
750,蒞臨,VCL
750,球場,Nc
750,開球,VA
750,",",COMMACATEGORY
750,雖然,Cbb
750,開球,VA
750,時,Ng
750,",",COMMACATEGORY
750,日本,Nc
750,捕手,Na
750,差點,D
750,接,VC
750,不,D
750,到,VC
750,剛,D
750,開局,VH
750,",",COMMACATEGORY
750,日本,Nc
750,立刻,D
750,輸,VD
750,三,Neu
750,分,Nf
750,我,Nh
750,本來,D
750,在,D
750,想,VE
750,",",COMMACATEGORY
750,怎麼,D
750,跟,P
750,某,Nes
750,台灣,Nc
750,某,Nes
750,總統,Na
750,樣,Na
750,",",COMMACATEGORY
750,只要,Cbb
750,蒞臨,VCL
750,球場,Nc
750,",",COMMACATEGORY
750,中華隊,Na
750,肯定,VK
750,輸,VD
750,",",COMMACATEGORY
750,更,Dfa
750,別,D
750,說,VE
750,開球,VA
750,了,Di
750,~,FW
750,沒想到,D
750,",",COMMACATEGORY
750,後來,Nd
750,日本,Nc
750,首相,Na
750,的,DE
750,開球,VA
750,威力,Na
750,",",COMMACATEGORY
750,是,SHI
750,完全,D
750,放,VC
750,在,P
750,後勁,Nc
750,",",COMMACATEGORY
750,後來,Nd
750,的,DE
750,事情,Na
750,",",COMMACATEGORY
750,大家,Nh
750,都,D
750,知道,VK
750,了,T
750,~,FW
750,日本,Nc
750,球員,Na
750,做出,VC
750,奇怪,VH
750,的,DE
750,手勢,Na
750,",",COMMACATEGORY
750,做到,VE
750,手軟,VH
750,~,FW
750,有,V_2
750,沒,D
750,有,V_2
750,日本,Nc
750,那,Nep
750,個,Nf
750,手勢,Na
750,",",COMMACATEGORY
750,到底,D
750,是,SHI
750,代表,VK
750,什麼,Nep
750,意思,Na
750,還,D
750,有,V_2
750,",",COMMACATEGORY
750,日本,Nc
750,首相,Na
750,開球,VA
750,",",COMMACATEGORY
750,泡菜,Na
750,就,D
750,大敗,VH
750,回家,VA
750,吃,VC
750,自己,Nh
750,",",COMMACATEGORY
750,台灣,Nc
750,呢,T
750,八卦,Na
750,是,SHI
751,，,COMMACATEGORY
751,本,D
751,肥,VHC
751,到,VCL
751,日本,Nc
751,玩,VC
751,電視,Na
751,只,Da
751,播,VC
751,捷克,Nc
751,日本,Nc
751,不過,Cbb
751,剛剛,D
751,有,V_2
751,插播,VC
751,育成,VC
751,滿貫砲,Na
751,片段,Na
751,，,COMMACATEGORY
751,電視台,Nc
751,也,D
751,整理,VC
751,了,Di
751,目前組,Na
751,戰績,Na
751,///,FW
751,有,V_2
751,沒有,VJ
751,日本,Nc
751,直接,VH
751,稱,VG
751,中華隊,Na
751,台灣,Nc
751,的,DE
751,八卦,Na
751,看到,VE
751,梅花旗,Na
751,旁邊,Ncd
751,寫,VC
751,台灣,Nc
751,真的,D
751,很,Dfa
751,違和,VH
752,這,Nep
752,兩,Neu
752,天,Nf
752,中華隊,Na
752,發生,VJ
752,甚麼,Nep
752,事,Na
752,了,T
752,要,D
752,戰術,Na
752,有,V_2
752,戰術,Na
752,要,VE
752,全壘打,Na
752,有,V_2
752,滿貫砲,Na
752,要,D
752,選,VC
752,球,Na
752,有,V_2
752,選,VC
752,球,Na
752,各,Nes
752,種,Nf
752,纏鬥,VA
752,各,Nes
752,種,Nf
752,安打,Na
752,每,Nes
752,個,Nf
752,人,Na
752,對,P
752,球,Na
752,的,DE
752,掌握度,Na
752,高,VH
752,到,P
752,靠,P
752,北,Ncd
752,這,Nep
752,兩,Neu
752,天,Nf
752,中華隊,Na
752,是,SHI
752,我,Nh
752,認識,VJ
752,的,DE
752,中華隊,Na
752,太,Dfa
752,舒服,VH
752,了,T
752,吧,T
753,如,P
753,題,Na
753,都,D
753,是,SHI
753,輸,VD
753,第,Neu
753,場,Nf
753,梅西,Nb
753,狂踢球,Na
753,張育成,Nb
753,狂拿,VH
753,分,VC
753,也,D
753,都,D
753,剛好,VH
753,遇到,VC
753,荷蘭,Nc
753,荷蘭,Nc
753,也,D
753,很,Dfa
753,有,V_2
753,默契,Na
753,的,DE
753,對,P
753,阿根廷,Nc
753,和,Caa
753,我們,Nh
753,出髒,VA
753,腳,Na
753,接下來,D
753,劇本,Na
753,大家,Nh
753,都,D
753,知道,VK
753,了,T
753,大家,Nh
753,有沒有,D
753,覺得,VK
753,呢,T
754,還不是,D
754,第,Neu
754,場,Nf
754,某人,Na
754,開球,VA
754,的,DE
754,關係,Na
754,不然,Cbb
754,看看,VE
754,第二,Neu
754,場,Nf
754,第三,Neu
754,場,Nf
754,勝利,Nv
754,是,SHI
754,誰,Nh
754,開球,VA
754,，,COMMACATEGORY
754,誰,Nh
754,當,VG
754,特別,VH
754,嘉賓,Na
754,想,VE
754,洗刷,VC
754,就,D
754,再,D
754,來,D
754,開球,VA
754,，,COMMACATEGORY
754,觀賽,VA
754,看,VE
754,敢,VL
754,不,D
754,敢,VL
755,中華隊,Na
755,昨天,Nd
755,跟,P
755,今天,Nd
755,的,DE
755,表現,Na
755,跟,P
755,首,Nes
755,戰,Na
755,巴拿馬,Nc
755,完全,D
755,判若兩人,VH
755,了,T
755,請問,VE
755,日本,Nc
755,跟,P
755,韓國隊,Na
755,看到,VE
755,這,Nep
755,兩,Neu
755,天,Nf
755,中華隊,Na
755,的,DE
755,表現,Na
755,現在,Nd
755,心,Na
755,裡,Ng
755,在,P
755,想,VE
755,什麼,Nep
755,不,D
755,放,VC
755,在,P
755,眼,Na
755,裡,Ng
755,台灣,Nc
755,棒球,Na
755,就,D
755,是,SHI
755,弱,VH
755,沒,VJ
755,感覺,Na
755,單純,VH
755,運氣,Na
755,好,VH
755,罷了,T
755,怕,VK
755,豹,Na
755,中華隊,Na
755,這,Nep
755,幾,Neu
755,天,Nf
755,是,SHI
755,去,VCL
755,過,Di
755,精神,Na
755,時光屋,Nc
755,嗎,T
756,///,FW
756,///,FW
756,中華,Nc
756,台北,Nc
756,歷史,Na
756,最佳,A
756,戰績,Na
756,被,P
756,改成,VG
756,第,Neu
756,名,Nf
756,是,SHI
756,誰,Nh
756,這麼,Dfa
756,無聊,VH
756,好笑,VH
756,嗎,T
756,有,V_2
756,八卦,Na
756,嗎,T
757,剛剛,D
757,四,Neu
757,局,Nf
757,下,Ng
757,吳念庭,Nb
757,回,VCL
757,本壘,Na
757,那,Nep
757,個,Nf
757,他,Nh
757,的,DE
757,左手,Na
757,被,P
757,捕手,Na
757,擋住,VC
757,回不了,VCL
757,本壘,Na
757,看完,VC
757,電視,Na
757,後,Ng
757,還是,D
757,出局,VH
757,教練團,Na
757,該,D
757,去,VCL
757,附近,Nc
757,彩色,A
757,影印,VC
757,下,Ng
757,那,Nep
757,個,Nf
757,畫面,Na
757,給,VD
757,主審,Na
757,看,VC
758,我們,Nh
758,小,VH
758,弱弱,VH
758,中華隊,Na
758,此時,Nd
758,此刻,Nd
758,竟然,D
758,棒打,VC
758,紅毛鬼,Na
758,冥冥之中,Nd
758,我們,Nh
758,的,DE
758,祖靈,Na
758,開漳,Nb
758,聖王,Na
758,鄭成功,Nb
758,的,DE
758,魂魄,Na
758,就,D
758,在,P
758,球場,Nc
758,上,Ncd
758,幫助,VC
758,著,Di
758,我們,Nh
758,呢,T
758,嘻嘻,D
759,日本,Nc
759,朝日,Na
759,電視台,Nc
759,正在,D
759,轉播,VC
759,捷克,Nc
759,對,P
759,日本,Nc
759,剛才,Nd
759,中間,Ncd
759,空檔,Na
759,插播,VC
759,荷蘭隊,Na
759,對,P
759,台灣,Nc
759,的,DE
759,影片,Na
759,播,VC
759,剛才,Nd
759,滿壘,VH
759,全壘打,Na
759,的,DE
759,畫面,Na
759,然後,D
759,日本,Nc
759,播報員,Na
759,說,VE
759,表現,VC
759,得,DE
759,很,Dfa
759,好,VH
759,不愧,D
759,是,SHI
759,地主國,Na
759,台灣,Nc
759,還,D
759,有,V_2
759,放,VC
759,個,Di
759,表,Na
759,邊,Ncd
759,解說,VC
759,目前,Nd
759,台灣,Nc
759,戰績,Na
759,看起來,D
759,這,Nep
759,兩,Neu
759,天,Nf
759,表現,Na
759,應該,D
759,是,SHI
759,有,V_2
759,受到,VJ
759,注目,VB
760,如,P
760,題,Na
760,現在,Nd
760,中華隊,Na
760,拿,VC
760,了,Di
760,分,Nf
760,，,COMMACATEGORY
760,荷蘭,Nc
760,才,Da
760,兩,Neu
760,分,Nf
760,吳哲源,Nb
760,投球,VA
760,看起來,D
760,又,D
760,穩,VH
760,到,P
760,不行,VH
760,看起來,D
760,這,Nep
760,把,Nf
760,肯定,VK
760,是,SHI
760,能,D
760,吃,VC
760,貴族,Na
760,世家,Na
760,了,T
760,那,Dk
760,我們,Nh
760,現在,Nd
760,可以,D
760,說,VE
760,那,Nep
760,四,Neu
760,個,Nf
760,字,Na
760,了,T
760,嗎,T
761,以前,Nd
761,中華隊,Na
761,棒,Na
761,只,Da
761,能,D
761,期待,VK
761,王柏融,Nb
761,現在,Nd
761,中華隊,Na
761,棒,VH
761,只有,Cbb
761,王柏融,Nb
761,不能,D
761,期待,VK
761,中華隊,Na
761,打擊,Na
761,怎麼,VH
761,了,T
761,怎麼,D
761,整,Neqa
761,個,Nf
761,升,VA
761,了,Di
761,好幾,Neu
761,個,Nf
761,柏融,Nb
761,大王,Na
761,怎麼,VH
761,了,T
761,看,VC
761,二,Neu
761,碰,VC
761,三振,VC
761,他,Nh
762,第,Neu
762,天,Nf
762,比賽,Na
762,堆酸民,Na
762,在,P
762,酸,VH
762,中華隊,Na
762,結果,Dk
762,現在,Nd
762,贏,VD
762,了,Di
762,就,D
762,洗白,VA
762,，,COMMACATEGORY
762,之前,Nd
762,的,DE
762,失誤,Na
762,還是,D
762,要,D
762,檢討,VE
762,吧,T
762,不過,Cbb
762,有,V_2
762,說,VE
762,這,Nep
762,兩,Neu
762,天,Nf
762,中華隊,Na
762,的,DE
762,表現,Na
762,超越,VC
762,了,Di
762,吧,T
762,荷蘭,Nc
762,就,P
762,這,Nep
762,義大利,Nc
762,就,P
762,這,Nep
762,不,D
762,是,SHI
762,這,Nep
762,兩,Neu
762,隊,Nf
762,都,D
762,是,SHI
762,強隊,Na
762,嗎,T
762,結果,Dk
762,表現,VC
762,就,P
762,這,Nep
763,在場,VA
763,的,DE
763,八卦,Na
763,鄉民,Na
763,們,Na
763,有,V_2
763,誰,Nh
763,跟,P
763,我,Nh
763,樣,Na
763,第,Neu
763,場,Nf
763,就,D
763,看衰,VJ
763,中華隊,Na
763,中華隊,Na
763,第,Neu
763,場,Nf
763,就,D
763,被,P
763,打爆,VC
763,還,D
763,以為,VE
763,接下來,D
763,會,D
763,路輸,VC
763,到底,D
763,輸到,VD
763,脫褲,Na
763,沒想到,D
763,居然,D
763,倒,D
763,吃,VC
763,甘蔗,Na
763,路,Na
763,長,VH
763,紅,VH
763,到底,D
763,有,V_2
763,沒,D
763,有,V_2
763,機會,Na
763,前進,VA
763,東京,Nc
763,啊,T
764,中華,Nc
764,女足,Na
764,連勝,VH
764,下,Nes
764,役戰,Na
764,泰國,Nc
764,拚,VC
764,晉級,VJ
764,亞洲盃,Nb
764,會內賽,Na
764,////,FW
764,記者,Na
764,鍾東穎,Nb
764,綜合,A
764,報導,VE
764,女子,Na
764,亞洲盃,Nb
764,資格賽,Na
764,，,COMMACATEGORY
764,中華,Nc
764,女足,Na
764,第,Neu
764,戰,Na
764,今天,Nd
764,對上,VC
764,已,D
764,拿到,VC
764,晉級,VJ
764,資格,Na
764,的,DE
764,會內賽,Na
764,主辦,VC
764,國,Nc
764,烏茲別克,Nc
764,，,COMMACATEGORY
764,改以,P
764,國際,Nc
764,友誼賽,Na
764,進行,VC
764,，,COMMACATEGORY
764,開賽,VH
764,分鐘,Nf
764,內,Ng
764,楊小娟,Nb
764,就,D
764,進,VCL
764,球,Na
764,，,COMMACATEGORY
764,最終,A
764,中華隊,Na
764,以,P
764,比,P
764,獲勝,VH
764,，,COMMACATEGORY
764,下役,Na
764,關鍵戰,Na
764,對,VC
764,泰國,Nc
764,此,Nep
764,役,Na
764,與,Caa
764,烏茲別克,Nc
764,不,D
764,列入,VJ
764,積分,Na
764,計算,VC
764,，,COMMACATEGORY
764,中華隊,Na
764,在,P
764,陣容,Na
764,上,Ng
764,大幅,D
764,調整,VC
764,，,COMMACATEGORY
764,前,Nes
764,役日,Nd
764,面對,VC
764,塔吉克,Nc
764,踢進,VC
764,球,Na
764,的,DE
764,何家瑄,Nb
764,與,Caa
764,梅開,VC
764,二,Neu
764,度,Nf
764,的,DE
764,李翊汶,Nb
764,從,P
764,板凳,Na
764,出發,VA
764,開賽,VH
764,第,Neu
764,分鐘,Nf
764,，,COMMACATEGORY
764,號,VG
764,楊小娟,Nb
764,接獲,VC
764,隊友,Na
764,傳,VD
764,球,Na
764,後,Ng
764,在,P
764,罰球區,Nc
764,內,Ncd
764,突破,VC
764,兩,Neu
764,名,Nf
764,防守,VC
764,球員,Na
764,後,Ng
764,起腳,VA
764,破門,VA
764,，,COMMACATEGORY
764,中,Nc
764,華隊,Na
764,先馳得點,VA
764,，,COMMACATEGORY
764,然而,Cbb
764,烏茲別克,Nc
764,緊密,VH
764,的,DE
764,防守,Nv
764,讓,VL
764,中華隊,Na
764,難以,D
764,再,D
764,越,VCL
764,雷池步,VA
764,，,COMMACATEGORY
764,直到,P
764,第,Neu
764,分鐘,Nf
764,，,COMMACATEGORY
764,中,Nc
764,華隊號,Na
764,施怡靜,Nb
764,在,P
764,底線,Na
764,邊緣,Nc
764,吊,VC
764,中,Ng
764,，,COMMACATEGORY
764,下,Nes
764,半,Neqa
764,場,Nf
764,替補,VC
764,上陣,VA
764,的,DE
764,李翊汶,Nb
764,從,P
764,後,Ncd
764,插上,VC
764,補門,Na
764,，,COMMACATEGORY
764,幫助,VC
764,中華隊,Na
764,將,D
764,比數,Na
764,擴大到,VC
764,，,COMMACATEGORY
764,來到,VCL
764,第,Neu
764,分鐘,Nf
764,，,COMMACATEGORY
764,李翊汶,Nb
764,從,P
764,中圈,Na
764,邊緣,Nc
764,路帶,Na
764,球,Na
764,來到,VCL
764,門,Na
764,前,Ncd
764,起腳,VA
764,，,COMMACATEGORY
764,可惜,VH
764,踢,VC
764,中門,Na
764,柱,Na
764,，,COMMACATEGORY
764,此時,Nd
764,從,P
764,後,Ncd
764,跟上,VC
764,的,DE
764,號,Na
764,林靜萱,Nb
764,見,VE
764,對方,Nh
764,還,D
764,未,D
764,來得及,VH
764,反應,VE
764,，,COMMACATEGORY
764,冷靜,VH
764,將,P
764,球,Na
764,送入,VCL
764,球門,Na
764,中,Ncd
764,，,COMMACATEGORY
764,最終,A
764,中華,Nc
764,隊,Na
764,便,D
764,以,P
764,球,Na
764,之,DE
764,差,Na
764,擊敗,VC
764,烏茲別克,Nc
764,取得,VC
764,勝利,VH
764,賽,Na
764,後,Ng
764,總教練,Na
764,謝志君,Nb
764,表示,VE
764,，,COMMACATEGORY
764,烏茲別克,Nc
764,在,P
764,攻擊,VC
764,上,Ng
764,方面,Na
764,多,D
764,採取,VC
764,長傳,VC
764,急攻,VC
764,的,DE
764,模式,Na
764,，,COMMACATEGORY
764,加上,Cbb
764,對方,Nh
764,前鋒,Na
764,身材,Na
764,高大,VH
764,個人,Nh
764,技巧,Na
764,也,D
764,不錯,VH
764,，,COMMACATEGORY
764,因此,Cbb
764,賽,Na
764,前,Ng
764,針對,P
764,這,Nep
764,幾,Neu
764,點,Nf
764,有,V_2
764,事先,D
764,提醒,VE
764,球員,Na
764,要,D
764,注意,VK
764,，,COMMACATEGORY
764,同時,Nd
764,告訴,VE
764,他們,Nh
764,拿,VC
764,球,Na
764,後,Ng
764,要,D
764,確實,D
764,保護,VC
764,好球,Na
764,，,COMMACATEGORY
764,不過,Cbb
764,烏茲別克,Nc
764,在,P
764,組職,Na
764,攻擊,Nv
764,方面,Na
764,較,Dfa
764,差,VH
764,，,COMMACATEGORY
764,我們,Nh
764,便,D
764,多,D
764,利用,VC
764,橫向,D
764,傳導,VC
764,來,D
764,組織,VC
764,攻勢,Na
764,，,COMMACATEGORY
764,球員,Na
764,們,Na
764,也,D
764,確實,D
764,把握住,VC
764,機會,Na
764,，,COMMACATEGORY
764,拿下,VC
764,分數,Na
764,為,P
764,中華隊,Na
764,踢進,VC
764,首,Nes
764,顆,Nf
764,進球,VA
764,的,DE
764,楊小娟,Nb
764,表示,VE
764,很,Dfa
764,開心,VH
764,能,D
764,在,P
764,國際賽,Na
764,上,Ncd
764,進,VCL
764,球,Na
764,，,COMMACATEGORY
764,提升,VC
764,自己,Nh
764,的,DE
764,得分率,Na
764,，,COMMACATEGORY
764,雖然,Cbb
764,在,P
764,我們,Nh
764,取得,VC
764,進,VC
764,球,Na
764,後,Ng
764,對方,Nh
764,在,P
764,防守,VC
764,上,Ng
764,更加,Dfa
764,謹慎,VH
764,，,COMMACATEGORY
764,不過,Cbb
764,他們,Nh
764,的,DE
764,背後,Nc
764,空間,Na
764,仍,D
764,有,V_2
764,許多,Neqa
764,空檔,Na
764,讓,VL
764,我們,Nh
764,發揮,VJ
764,，,COMMACATEGORY
764,所以,Cbb
764,我們,Nh
764,降低,VHC
764,大腳,Na
764,的,DE
764,次數,Na
764,，,COMMACATEGORY
764,改以,P
764,傳導,VC
764,來,D
764,掌握,VC
764,節奏,Na
764,組織,Na
764,進攻,VCL
764,，,COMMACATEGORY
764,讓,VL
764,我們,Nh
764,在,P
764,下,Nes
764,半,Neqa
764,場,Nf
764,的,DE
764,進,VCL
764,攻,VC
764,更加,Dfa
764,流暢,VH
764,談到,VE
764,接下來,D
764,與,P
764,泰國,Nc
764,的,DE
764,對決,VA
764,，,COMMACATEGORY
764,他,Nh
764,表示,VE
764,會,D
764,全力以赴,VH
764,拿下,VC
764,勝利,VH
764,下,Nes
764,半,Neqa
764,場,Nf
764,替補,VC
764,上陣,VA
764,的,DE
764,李翊汶,Nb
764,則,D
764,透露,VE
764,先前,Nd
764,在,P
764,現場,Nc
764,觀看,VC
764,泰國,Nc
764,與,Caa
764,烏茲別克,Nc
764,的,DE
764,友誼賽,Na
764,，,COMMACATEGORY
764,覺得,VK
764,烏茲,Nb
764,別克,Nb
764,的,DE
764,身體,Na
764,素質,Na
764,很,Dfa
764,好,VH
764,節奏,Na
764,很,Dfa
764,快,VH
764,，,COMMACATEGORY
764,所以,Cbb
764,今天,Nd
764,比賽,VA
764,前,Ng
764,其實,D
764,還,D
764,有些,Dfa
764,怯場,VH
764,，,COMMACATEGORY
764,不過,Cbb
764,在,P
764,場,Nc
764,邊,Ncd
764,觀察,VE
764,後,Ng
764,，,COMMACATEGORY
764,發現到,VE
764,了,Di
764,比賽,Na
764,後,Ng
764,半,Neqa
764,段,Nf
764,，,COMMACATEGORY
764,烏茲別克,Nc
764,後衛,Na
764,體力,Na
764,下滑,VA
764,地,DE
764,很,Dfa
764,快,VH
764,，,COMMACATEGORY
764,因此,Cbb
764,我,Nh
764,上場,VA
764,之後,Ng
764,有,V_2
764,機會,Na
764,就,D
764,儘可能,D
764,多,D
764,跑動,VA
764,消耗,VC
764,對方,Nh
764,的,DE
764,體力,Na
764,，,COMMACATEGORY
764,也,D
764,確實,D
764,產生,VHC
764,了,Di
764,效果,Na
764,對於,P
764,與,P
764,泰國役,Nb
764,他,Nh
764,相信,VK
764,只要,Cbb
764,大家,Nh
764,冷靜,VH
764,地,DE
764,發揮,VJ
764,平時,Nd
764,的,DE
764,水準,Na
764,，,COMMACATEGORY
764,定,D
764,有,V_2
764,機會,Na
764,擊敗,VC
764,對手,Na
764,，,COMMACATEGORY
764,拿下,VC
764,晉級,VJ
764,門票,Na
765,昨天,Nd
765,打線隻,Na
765,全壘打,Na
765,分,VC
765,今天,Nd
765,還,D
765,沒,D
765,打完,VC
765,已經,D
765,分,VC
765,，,COMMACATEGORY
765,若,Cbb
765,剛,D
765,捕手,Na
765,沒,D
765,阻擋,VC
765,已經,D
765,分,VD
765,了,Di
765,而且,Cbb
765,有,V_2
765,可能,D
765,還,D
765,會,D
765,繼續,VF
765,得分,VH
765,，,COMMACATEGORY
765,大家,Nh
765,都,D
765,酸,VH
765,中華隊,Na
765,打線,VA
765,怎樣,VH
765,的,DE
765,我,Nh
765,就,D
765,問,VE
765,承認,VE
765,打者,Na
765,進步,VH
765,很,Dfa
765,難,VH
765,嗎,T
765,是否,D
765,有,V_2
765,專板,Na
765,本板,Na
765,並非,D
765,萬能,VH
765,問板,VA
765,三,Neu
765,則,Nf
765,本,Nes
765,看板,Na
765,嚴格,VH
765,禁止,VE
765,政治,Na
765,問卦,Na
765,未滿,VJ
765,繁體,Na
765,中文字,Na
765,水桶,Na
765,個,DE
765,月,Na
765,未滿,VJ
765,繁體,Na
765,中文字,Na
765,水桶,Na
765,個,DE
765,月,Na
765,未滿,VJ
765,繁體,Na
765,中文字,Na
765,水桶,Na
765,個,Nf
765,月,Na
765,，,COMMACATEGORY
765,嚴重,VH
765,者,Na
765,以,P
765,鬧板論,Na
766,因為,Cbb
766,今年,Nd
766,制服,Na
766,材質,Na
766,比較,Dfa
766,好,VH
766,嗎,T
766,幹,VC
766,今年,Nd
766,真的,D
766,好看,VH
766,很多,Neqa
766,像,P
766,腋,Na
766,下,Ncd
766,那,Nep
766,塊,Nf
766,就,D
766,設計,VC
766,的,DE
766,色,Na
766,耶,T
766,還,D
766,有,V_2
766,拉鍊,Na
766,夠,Dfa
766,瘦,VH
766,的,DE
766,女生,Na
766,去,D
766,穿,VC
766,會,D
766,剛好,Da
766,ㄍㄧㄣ,FW
766,在,P
766,奶緣,Na
766,側面,Ncd
766,看,VC
766,了,Di
766,就,D
766,很,Dfa
766,色,VH
766,副,A
766,想要,VE
766,人家,Nh
766,去,D
766,摸,VC
766,的,DE
766,感覺,Na
766,再來,Cbb
766,是,SHI
766,髮型,Na
766,今年,Nd
766,是,SHI
766,都,D
766,有,V_2
766,規定,Na
766,要,D
766,設計,VC
766,專屬,VJ
766,髮型,Na
766,嗎,T
766,每,Nes
766,個,Nf
766,都,D
766,有,V_2
766,自己,Nh
766,特色,Na
766,不會,D
766,複製,VC
766,人,Na
766,阿斯,Nb
766,害,VC
766,我,Nh
766,直,D
766,去,D
766,切,VC
766,專屬,VJ
766,鏡頭,Na
766,看,VC
766,為什麼,D
766,今年,Nd
766,中華隊,Na
766,啦啦隊,Na
766,特別,VH
766,正,D
766,騷,VH
767,這,Nep
767,次,Nf
767,棒球,Na
767,贏,VD
767,荷蘭,Nc
767,應該,D
767,十拿九穩,VI
767,了,T
767,明天,Nd
767,中華隊,Na
767,對戰,VA
767,古巴,Nc
767,古巴,Nc
767,教練,Na
767,會,D
767,用,P
767,什麼,Nep
767,表情,Na
767,在,P
767,球場,Nc
767,上,Ncd
767,看,VC
767,中華隊,Na
767,有,V_2
767,沒,D
767,有,V_2
767,這,Nep
767,方面,Na
767,的,DE
767,八卦,Na
767,///,FW
768,不管,Cbb
768,是,SHI
768,對,P
768,日本,Nc
768,還是,Caa
768,世界盃,Nb
768,鋒哥,Nb
768,狂轟,VC
768,這麼,D
768,有,V_2
768,宰制力,Na
768,的,DE
768,中華隊,Na
768,打線,VA
768,算是,VG
768,年,Na
768,最,Dfa
768,強,VH
768,吧,T
768,有,V_2
768,選,VC
768,球眼,Na
768,本壘板,Na
768,紀律,Na
768,只要,Cbb
768,跑到,VCL
768,好球帶,Nc
768,幾乎,Da
768,都,D
768,會,D
768,攻擊,VC
768,有,V_2
768,有,V_2
768,速度,Na
768,每,Nes
768,次,Nf
768,滿壘,VH
768,都,D
768,會,D
768,雙殺,VC
768,結束,VHC
768,的,DE
768,我們,Nh
768,這,Nep
768,次,Nf
768,都,D
768,能,D
768,把握,VC
768,最,Dfa
768,強,VH
768,中華隊,Na
768,打線,VA
768,沒有,VJ
768,毛病,Na
768,吧,T
768,有,V_2
768,掛,VC
768,嗎,T
769,我,Nh
769,說,VE
769,現在,Nd
769,台灣人,Na
769,都,D
769,稱,VG
769,是,SHI
769,中華隊,Na
769,，,COMMACATEGORY
769,但,Cbb
769,左,Ncd
769,手臂,Na
769,那,Nep
769,個,Nf
769,贊助,VD
769,產商,Na
769,貼上去,VC
769,感覺,Na
769,就,D
769,變,VG
769,中國,Nc
769,隊,Na
769,了,T
769,呀,T
769,前,Nes
769,幾,Neu
769,年,Nf
769,不,D
769,是,SHI
769,很多,Neqa
769,正名,VA
769,活動,Na
769,，,COMMACATEGORY
769,加油站,Nc
769,郵局,Nc
769,航空,Na
769,護照,Na
769,等等,Cab
769,的,T
769,，,COMMACATEGORY
769,怎麼,D
769,遇上,VC
769,很多,Neqa
769,錢,Na
769,的,DE
769,民營,VH
769,銀行,Nc
769,就,D
769,沒有,VJ
769,特定,A
769,團體,Na
769,去,D
769,喊,VE
769,正名,VA
770,我,Nh
770,記得,VK
770,韓國,Nc
770,和,Caa
770,日本,Nc
770,的,DE
770,新聞,Na
770,都,D
770,是,SHI
770,直接,VH
770,念,VC
770,台灣,Nc
770,不過,Cbb
770,昨天,Nd
770,的,DE
770,英文,Na
770,還是,D
770,念,VC
770,///,FW
770,但,Cbb
770,我,Nh
770,看,VE
770,留言區,Nc
770,大部分,Neqa
770,還是,D
770,知道,VK
770,這,Nep
770,是,SHI
770,台灣隊,Na
770,的,DE
770,我,Nh
770,想,VE
770,國外,Nc
770,主播,Na
770,可能,D
770,也,D
770,是,SHI
770,些,Nf
770,規定,Na
770,要求,Na
770,，,COMMACATEGORY
770,才,Da
770,念,VC
771,從,P
771,開始,VL
771,我,Nh
771,壓,VC
771,中華,Nc
771,千,Neu
771,，,COMMACATEGORY
771,結果,Dk
771,差點,D
771,被,P
771,巴國,Nc
771,扣,VC
771,豆,Na
771,第二,Neu
771,場,Nf
771,我,Nh
771,精神,Na
771,出軌,VH
771,，,COMMACATEGORY
771,壓,VC
771,了,Di
771,義大利,Nc
771,，,COMMACATEGORY
771,結果,Dk
771,中華隊,Na
771,逆轉,VA
771,了,Di
771,第三,Neu
771,場,Nf
771,我,Nh
771,覺得,VK
771,塞到,VC
771,的,T
771,，,COMMACATEGORY
771,我,Nh
771,今天,Nd
771,又,D
771,壓,VC
771,河南,Nc
771,千,Neu
771,，,COMMACATEGORY
771,看來,D
771,又,D
771,要,D
771,飛,VA
771,了,Di
771,可惡,VH
771,，,COMMACATEGORY
771,明天,Nd
771,我,Nh
771,決定,VE
771,要,D
771,支持,VC
771,種花隊,Na
771,，,COMMACATEGORY
771,壓伍,VC
771,仟,Neu
771,次,Nf
771,贏回來,VC
772,第,Neu
772,場,Nf
772,被,P
772,打爆,VC
772,後,Ng
772,換上,VC
772,李振昌,Nb
772,才,Da
772,止血,VH
772,第二,Neu
772,場,Nf
772,關鍵,Na
772,在,P
772,呂彥青,Nb
772,上來,VA
772,直接,VH
772,把,P
772,義大利,Nc
772,凍結,VC
772,現在,Nd
772,在,P
772,中華隊,Na
772,需要,VK
772,保留,VC
772,領先組,Na
772,留到,VC
772,明天,Nd
772,的,DE
772,狀況,Na
772,下,Ng
772,吳哲源,Nb
772,又,D
772,吃,VC
772,了,Di
772,兩,Neu
772,局,Nf
772,多,Neqb
772,是,SHI
772,不,D
772,是,SHI
772,到,P
772,最後,Nd
772,還是,D
772,要,D
772,說,VE
772,還不是,D
772,靠,VJ
772,兄弟,Na
773,如,P
773,題,Na
773,昨天,Nd
773,義大利,Nc
773,呂寶,Nb
773,今天,Nd
773,荷蘭,Nc
773,吳哲源,Nb
773,都,D
773,靠,VJ
773,兄弟,Na
773,強投,Na
773,，,COMMACATEGORY
773,經典賽,Na
773,那麼,D
773,穩,VH
773,是,SHI
773,不,D
773,是,SHI
773,都,D
773,靠,VJ
773,兄弟,Na
774,中華隊,Na
774,只,Da
774,讓,VL
774,荷蘭,Nc
774,打,VC
774,兩,Neu
774,支,Nf
774,安打,Na
774,現在,Nd
774,穩定,VHC
774,領先,VJ
774,應該,D
774,穩,VH
774,贏,VD
774,了,Di
774,吧,T
774,現場,Nc
774,可以,D
774,大喊,VE
774,蒿吐,Na
774,了,T
774,嗎,T
775,荷蘭隊,Na
775,是,SHI
775,在,P
775,致敬,VB
775,中華隊,Na
775,嗎,T
775,第,Neu
775,球,Na
775,就,D
775,先,D
775,來,VA
775,個,Nf
775,觸身,VA
775,這,Nep
775,局,Nf
775,幾,Neu
775,球,Na
775,能,D
775,把,P
775,壘包,Na
775,塞滿,VC
775,呢,T
775,會,D
775,比,P
775,七,Neu
775,球,Na
775,少,VH
775,嗎,T
776,之前,Nd
776,韓國,Nc
776,媒體,Na
776,說,VE
776,中華隊,Na
776,慘敗,VH
776,巴拿馬,Nc
776,不,D
776,意外,VK
776,///,FW
776,因為,Cbb
776,中華隊,Na
776,面臨,VK
776,困境,Na
776,有,V_2
776,人,Na
776,知道,VK
776,韓媒,Na
776,到底,D
776,在,P
776,供,VF
776,啥,Nep
776,小,VH
776,嗎,T
777,自從,P
777,荷蘭,Nc
777,換,VC
777,投手,Na
777,之後,Ng
777,打擊線,Na
777,就,D
777,沒,VJ
777,什麼,Nep
777,進展,VA
777,了,T
777,是,SHI
777,投手,Na
777,太,Dfa
777,強,VH
777,被,P
777,壓制,VC
777,還是,D
777,在,P
777,想,VE
777,明天,Nd
777,中午,Nd
777,還要,Dfa
777,再,D
777,打場,VA
777,所以,Cbb
777,急,VH
777,著,Di
777,下班,VA
777,休息,VA
778,看,VC
778,這,Nep
778,兩,Neu
778,天,Nf
778,中華隊,Na
778,實力,Na
778,就,D
778,不,D
778,差,VH
778,啊,T
778,那,Nep
778,首,Nf
778,戰,Na
778,會,D
778,被,P
778,巴拿馬,Nc
778,打爆,VC
778,是,SHI
778,怎麼,D
778,回,Nf
778,事,Na
778,誰,Nh
778,是,SHI
778,戰犯,Na
778,請,VF
778,賜教,VA
778,謝謝,VJ
779,昨天,Nd
779,比賽,Na
779,很,Dfa
779,精彩,VH
779,今天,Nd
779,不惶多讓,VA
779,國防部長,Na
779,今天,Nd
779,的,DE
779,發,VD
779,滿貫砲,Na
779,還,D
779,有,V_2
779,吉力吉,Nb
779,的,DE
779,安打,Na
779,這,Nep
779,次,Nf
779,的,DE
779,教練團,Na
779,也,D
779,很,Dfa
779,豪華,VH
779,投手,Na
779,教練,Na
779,有,V_2
779,王建民,Nb
779,打擊,Na
779,教練,Na
779,有,V_2
779,彭政閔,Nb
779,今年,Nd
779,的,DE
779,棒賽,Na
779,為什麼,D
779,這麼,Dfa
779,刺激,VH
779,的,DE
779,卦,Na
780,三立,Nb
780,經典賽,Na
780,台灣,Nc
780,領先,VJ
780,荷蘭,Nc
780,鳳梨,Na
780,哀號,VA
780,我,Nh
780,的,DE
780,心,Na
780,已經,D
780,涼,VH
780,了,T
780,娛樂,Na
780,中心,Nc
780,陳慈鈴,Nb
780,報導,VE
780,年,Na
780,世界,Nc
780,棒球,Na
780,經典賽,Na
780,今晚,Nd
780,備受,VJ
780,關注,VJ
780,，,COMMACATEGORY
780,背水戰,Nb
780,對上,VC
780,荷蘭隊,Na
780,，,COMMACATEGORY
780,無論,Cbb
780,場,Nc
780,內外,Ncd
780,都,D
780,不停,VH
780,幫,VC
780,場,Nc
780,內,Ncd
780,集氣,VA
780,對,P
780,此,Nep
780,，,COMMACATEGORY
780,向來,D
780,是,SHI
780,下住,VC
780,反,VC
780,指標,Na
780,，,COMMACATEGORY
780,被,P
780,封為,VG
780,冥燈,Na
780,的,DE
780,網紅,Na
780,鳳梨,Na
780,吳泓逸,Nb
780,今日,Nd
780,晚間,Nd
780,稍,D
780,早,D
780,哀號,VA
780,四,Neu
780,局,Nf
780,上,Nes
780,半,Neqa
780,中華隊,Na
780,目前,Nd
780,領先,VJ
780,荷蘭,Nc
780,我,Nh
780,的,DE
780,心,Na
780,已經,D
780,涼,VH
780,了,T
780,台荷,Nc
780,大戰,Na
780,已,D
780,開打,VH
780,鳳梨,Na
780,也,D
780,非常,Dfa
780,關注,VJ
780,比賽,Na
780,即時,VH
780,狀況,Na
780,，,COMMACATEGORY
780,時分,Na
780,在,P
780,臉書,Na
780,發文,VC
780,表示,VE
780,，,COMMACATEGORY
780,四,Neu
780,局,Nf
780,上,Nes
780,半,Neqa
780,中華隊,Na
780,目前,Nd
780,領先,VJ
780,荷蘭,Nc
780,我,Nh
780,的,DE
780,心,Na
780,已經,D
780,涼,VH
780,了,Di
780,我,Nh
780,真心,VH
780,懺悔,VH
780,自己,Nh
780,的,DE
780,無知,VH
780,我,Nh
780,不應該,D
780,因為,Cbb
780,第,Neu
780,戰,Na
780,與,Caa
780,巴拿馬,Nc
780,的,DE
780,疏失,Na
780,而,Cbb
780,背棄,VC
780,國家,Na
780,鳳梨,Na
780,也,D
780,懊惱,VH
780,的,DE
780,說道,VE
780,，,COMMACATEGORY
780,我,Nh
780,連續,VH
780,兩,Neu
780,天,Nf
780,義大利,Nc
780,跟,P
780,荷蘭,Nc
780,已經,D
780,得到,VJ
780,應,D
780,有,V_2
780,的,DE
780,懲處,VC
780,中華隊,Na
780,加油,VB
780,台灣,Nc
780,加油,VB
780,此外,Cbb
780,，,COMMACATEGORY
780,稍早,Nd
780,他,Nh
780,也,D
780,在,P
780,限時,D
780,動態,Na
780,和,Caa
780,貼文,Na
780,的,DE
780,留言,Na
780,中,Ng
780,，,COMMACATEGORY
780,針對,P
780,網友,Na
780,提問,VC
780,你,Nh
780,下,VCL
780,台灣,Nc
780,還是,D
780,荷,Nc
780,蘭,Na
780,給予,VD
780,回應,VC
780,荷蘭,Nc
780,此外,Cbb
780,，,COMMACATEGORY
780,鳳梨,Na
780,還,D
780,幽默,VH
780,的,DE
780,表示,VE
780,，,COMMACATEGORY
780,我,Nh
780,已經,D
780,準備,VF
780,前往,VCL
780,火車站,Nc
780,搶,VD
780,今晚,Nd
780,住宿,VA
780,的,DE
780,位置,Na
780,了,T
780,中華隊,Na
780,加油,VB
780,而,Cbb
780,目前,Nd
780,台灣,Nc
780,和,Caa
780,荷蘭,Nc
780,的,DE
780,比分,Na
780,已經,D
780,來到,VCL
780,，,COMMACATEGORY
780,究竟,D
780,鳳梨,Na
780,是否,D
780,再度,D
780,應驗,VH
780,反,VC
780,指標,Na
780,說,VE
780,，,COMMACATEGORY
780,成為,VG
780,運彩,VA
780,冥燈,Na
780,，,COMMACATEGORY
780,靜待,VK
780,比賽,Na
780,結果,Na
780,出爐,VH
780,，,COMMACATEGORY
780,就,D
780,能,D
780,揭曉,VE
780,///,FW
781,中華隊,Na
781,傳統,Na
781,比賽局,Nc
781,才,Da
781,開始,VL
781,等等,Cab
781,就,D
781,要,D
781,進入,VCL
781,第,Neu
781,局,Nf
781,了,T
781,各,Nes
781,位,Nf
781,怎麼,D
781,看,VC
781,呢,T
782,從,P
782,三,Neu
782,局,Nf
782,上,Nes
782,人,Na
782,出局,VH
782,之後,Ng
782,投到,VC
782,現在,Nd
782,，,COMMACATEGORY
782,只有,Cbb
782,第五,Neu
782,局,Nf
782,稍微,D
782,出,VC
782,了,Di
782,點,Neqa
782,危機,Na
782,，,COMMACATEGORY
782,但,Cbb
782,後來,Nd
782,雙殺,VC
782,收場,VH
782,完美,VH
782,下樁,VA
782,，,COMMACATEGORY
782,幾乎,Da
782,每,Nes
782,局,Nf
782,都,D
782,是,SHI
782,表現,VC
782,完美,VH
782,，,COMMACATEGORY
782,而且,Cbb
782,是,SHI
782,目前,Nd
782,中華隊,Na
782,吃,VC
782,最多,VH
782,局數,Na
782,的,DE
782,投手,Na
782,，,COMMACATEGORY
782,面對,VC
782,荷蘭,Nc
782,這,Nep
782,強勁,VH
782,的,DE
782,對手,Na
782,，,COMMACATEGORY
782,感覺,VK
782,跟,P
782,面對,VC
782,中職,Na
782,打樣,VA
782,很,Dfa
782,穩定,VHC
782,，,COMMACATEGORY
782,會不會,D
782,吳哲源,Nb
782,其實,D
782,沒有,VJ
782,心臟,Na
782,，,COMMACATEGORY
782,所以,Cbb
782,根本,D
782,不會,D
782,緊張,VH
782,啊,T
782,有,V_2
782,卦,Na
782,嗎,T
783,放棄,VC
783,愛,VL
783,台,Nc
783,情操,Na
783,鳳梨,Na
783,運彩,Na
783,改押,VF
783,義大利,Nc
783,見,VE
783,台灣隊,Na
783,逆轉,VA
783,崩潰,VH
783,歹際,Nc
783,大,VH
783,條,Nf
783,啊,T
783,//,FW
783,娛樂,Na
783,中心,Nc
783,藍詩孟,Nb
783,報導,VE
783,網紅,Na
783,鳳梨,Na
783,吳泓逸,Nb
783,以,P
783,幽默,VH
783,搞笑,VA
783,接,VC
783,地氣,Na
783,的,DE
783,台語,Na
783,直播,VC
783,走紅,VH
783,，,COMMACATEGORY
783,熱愛,VL
783,關注,VJ
783,運彩,Na
783,的,DE
783,他,Nh
783,，,COMMACATEGORY
783,去年,Nd
783,在世,VH
783,足賽,Na
783,上,Ng
783,也,D
783,砸,VC
783,了,Di
783,不少,Neqa
783,資金,Na
783,投注,VC
783,，,COMMACATEGORY
783,怎,D
783,料,VE
783,幾乎,Da
783,場場,Neqa
783,押輸,VC
783,，,COMMACATEGORY
783,也,D
783,讓,VL
783,鳳梨,Na
783,獲得,VJ
783,冥燈,Na
783,封號,Na
783,而,Cbb
783,近日,Nd
783,經,P
783,典賽,Na
783,開打,VH
783,，,COMMACATEGORY
783,鳳梨,Na
783,日,Na
783,歐印,Na
783,台灣隊,Na
783,贏,VD
783,時,Ng
783,，,COMMACATEGORY
783,台灣,Nc
783,就,D
783,以,P
783,分,VC
783,的,DE
783,成績,Na
783,慘敗,VH
783,但,Cbb
783,鳳,Na
783,梨,Na
783,昨日,Nd
783,改押,VC
783,義大利,Nc
783,獲勝,VH
783,，,COMMACATEGORY
783,台灣隊,Na
783,又,D
783,以,P
783,的,DE
783,成績,Na
783,勝出,VH
783,，,COMMACATEGORY
783,讓,VL
783,鳳梨,Na
783,再度,D
783,慘賠,VH
783,，,COMMACATEGORY
783,崩潰,VH
783,直,D
783,呼,VE
783,對不起,VJ
783,我,Nh
783,的,DE
783,國家,Na
783,鳳梨日,Nb
783,在,P
783,臉書,Na
783,發文,VC
783,，,COMMACATEGORY
783,分享,VJ
783,自己,Nh
783,運彩,VA
783,下,Ng
783,注慘輸,VC
783,，,COMMACATEGORY
783,表示,VE
783,台灣,Nc
783,日,Nc
783,晚間,Nd
783,首,D
783,戰,Na
783,巴拿馬,Nc
783,時,Ng
783,，,COMMACATEGORY
783,他,Nh
783,看到,VE
783,台,Nc
783,灣,Na
783,主場,Na
783,優勢,Na
783,，,COMMACATEGORY
783,所以,Cbb
783,全,Neqa
783,下注,VA
783,台灣隊,Na
783,獲勝,VH
783,，,COMMACATEGORY
783,怎,D
783,料,VE
783,最後,Nd
783,比分,Na
783,以,Cbb
783,坐收,VJ
783,，,COMMACATEGORY
783,讓,VL
783,鳳梨,Na
783,崩潰,VH
783,地,DE
783,說,VE
783,我,Nh
783,徹,VH
783,夜,Nd
783,輾轉,D
783,難,VH
783,眠,VA
783,，,COMMACATEGORY
783,久久,D
783,無法,D
783,自我,Nh
783,昨晚,Nd
783,中華隊,Na
783,上,Ncd
783,半,Neqa
783,跟,Caa
783,全,Neqa
783,場,Nf
783,都,D
783,，,COMMACATEGORY
783,我,Nh
783,的,DE
783,心,Na
783,也,D
783,跟著,D
783,碎,VH
783,了,Di
783,地,Na
783,不過,Cbb
783,鳳梨,Na
783,賭性,Na
783,堅強,VH
783,，,COMMACATEGORY
783,日,Nc
783,台灣,Nc
783,對戰,VA
783,義大利,Nc
783,，,COMMACATEGORY
783,他,Nh
783,又,D
783,再度,D
783,選擇,VC
783,下注,VA
783,，,COMMACATEGORY
783,並,Cbb
783,在,P
783,臉書,Na
783,發文,VC
783,今天,Nd
783,的,DE
783,我,Nh
783,在,P
783,理性,Na
783,與,Caa
783,感性,VH
783,之間,Ng
783,掙扎,VA
783,許久,D
783,愛國,VH
783,跟,P
783,愛,VL
783,財,Na
783,之間,Ng
783,反覆,D
783,徘徊,VA
783,，,COMMACATEGORY
783,他,Nh
783,表示,VE
783,自己,Nh
783,雖然,Cbb
783,挺,Dfa
783,台灣隊,Na
783,且,Caa
783,愛,VL
783,國,Nc
783,，,COMMACATEGORY
783,但,Cbb
783,想到,VE
783,義大利,Nc
783,的,DE
783,陣容,Na
783,有,V_2
783,個,Nf
783,大聯盟,Na
783,選手,Na
783,以及,Caa
783,前天,Nd
783,巴拿馬,Nc
783,的,DE
783,教訓,Na
783,，,COMMACATEGORY
783,於是,Cbb
783,他,Nh
783,選擇,VC
783,下注,VA
783,義大,Nc
783,利勝出,VC
783,，,COMMACATEGORY
783,更,Dfa
783,沉重,VH
783,的,DE
783,說,VE
783,對不起,VJ
783,我,Nh
783,的,DE
783,國家,Na
783,，,COMMACATEGORY
783,但是,Cbb
783,我,Nh
783,必須,D
783,強調,VE
783,我,Nh
783,是,SHI
783,愛,VL
783,台灣,Nc
783,的,DE
783,孰料,Dk
783,昨日,Nd
783,賽果,Na
783,出爐,VH
783,，,COMMACATEGORY
783,台灣隊,Na
783,以,P
783,的,DE
783,分數,Na
783,取勝,VI
783,，,COMMACATEGORY
783,打贏,VC
783,義大利,Nc
783,，,COMMACATEGORY
783,讓,VL
783,鳳梨,Na
783,在,P
783,留言區,Nc
783,崩潰,VH
783,大喊,VE
783,歹際,Nc
783,大,VH
783,條,Nf
783,啊,T
783,，,COMMACATEGORY
783,結果,Dk
783,今晚,Nd
783,中華隊,Na
783,起派,VF
783,了,Di
783,，,COMMACATEGORY
783,看到,VE
783,快,D
783,去,VCL
783,了,Di
783,，,COMMACATEGORY
783,不過,Cbb
783,鳳梨,Na
783,表示,VE
783,，,COMMACATEGORY
783,他,Nh
783,這,Nep
783,次,Nf
783,沒有,VJ
783,歐印,Na
783,義大利,Nc
783,，,COMMACATEGORY
783,為,P
783,了,Di
783,表達,VC
783,我,Nh
783,內心,Na
783,深處,Nc
783,的,DE
783,愧疚,Nv
783,我,Nh
783,還是,D
783,有,V_2
783,投注元,Na
783,支持,VC
783,中華隊,Na
783,看到,VE
783,台灣隊,Na
783,逆轉,VA
783,比分,Na
783,，,COMMACATEGORY
783,鳳梨,Na
783,崩潰,VH
783,地,DE
783,說,VE
783,歹際,Nc
783,大,VH
783,條,Nf
783,啊,T
783,圖,Na
783,翻攝,VC
783,自,P
783,鳳梨,Na
783,臉書,Na
783,網友,Na
783,看,VC
783,了,Di
783,則,D
783,紛紛,D
783,留言,VA
783,，,COMMACATEGORY
783,如果,Cbb
783,反,VC
783,著,Di
783,站,VA
783,又,D
783,是,SHI
783,反,VC
783,指標,Na
783,，,COMMACATEGORY
783,就,D
783,知道,VK
783,問題,Na
783,在,P
783,誰,Nh
783,身,Na
783,上,VCL
783,了,T
783,叔鼠,Na
783,明天,Nd
783,可以,D
783,早點,D
783,說,VE
783,你,Nh
783,買,VC
783,哪,Nep
783,隊,Nf
783,嗎,T
783,冥燈,Na
783,出現,VH
783,大家,Nh
783,就,D
783,放心,VK
783,了,Di
783,如果,Cbb
783,從,P
783,世足,Nb
783,到,P
783,現在,Nd
783,都,D
783,跟,P
783,你,Nh
783,壓,VC
783,對立,VH
783,，,COMMACATEGORY
783,我,Nh
783,應該,D
783,會,D
783,家財,Na
783,萬貫,Na
783,變首富,VH
783,謝謝,VJ
783,鼠叔,Nb
783,沒,D
783,插,VC
783,中華隊,Na
783,贏,VD
783,，,COMMACATEGORY
783,明天,Nd
783,繼續,VF
783,買,VC
783,荷蘭,Nc
783,喔,T
783,感謝,VK
783,鼠屬,Na
783,指引,VF
783,，,COMMACATEGORY
783,冥燈,Na
783,發威,VA
783,////,FW
784,打完,VC
784,比賽,Na
784,洗完,VC
784,澡,Na
784,就,D
784,半夜,Nd
784,兩點,Nd
784,了,T
784,明天,Nd
784,中午,Nd
784,比賽,VA
784,大概,D
784,就,D
784,要,D
784,到,VCL
784,現場,Nc
784,大概,D
784,八九,Neu
784,點,Nf
784,就,D
784,要,D
784,起床,VA
784,今天,Nd
784,中華隊,Na
784,可以,D
784,睡,VA
784,多久,Nd
784,明天,Nd
784,中華隊,Na
784,還,D
784,有,V_2
784,力氣,Na
784,嗎,T
784,目前,Nd
784,看起來,D
784,晚上,Nd
784,接,VC
784,隔天,Nd
784,中午,Nd
784,打,VC
784,的,DE
784,比賽,Na
784,的,DE
784,球隊,Na
784,隔天,Nd
784,中午,Nd
784,都,D
784,會,D
784,氣力,Na
784,放盡,VC
785,從,P
785,上局,Nc
785,開始,VL
785,中華隊,Na
785,就,D
785,有點,Dfa
785,打,VC
785,不,D
785,出去,VC
785,這,Nep
785,局,Nf
785,也,D
785,是,SHI
785,三,Neu
785,上,Ncd
785,三,Neu
785,下,Nf
785,是,SHI
785,不,D
785,是,SHI
785,荷蘭,Nc
785,投手,Na
785,認真,VH
785,了,T
786,如,P
786,題,Na
786,人家,Nh
786,直,D
786,嘲笑,VC
786,我們,Nh
786,棒球,Na
786,很,Dfa
786,爛,VH
786,才,Da
786,程度,Na
786,事實,Na
786,證明,VE
786,結果,Dk
786,大聯盟,Na
786,球員,Na
786,也,D
786,不過,Da
786,如此,VH
786,還不是,D
786,被,P
786,我們,Nh
786,打爆,VC
786,中華隊,Na
786,去,D
786,打,VC
786,我,Nh
786,覺得,VK
786,保底有勝,VH
786,的,DE
786,實力,Na
786,鄉民,Na
786,是,SHI
786,不,D
786,是,SHI
786,覺得,VK
786,如此,VH
786,呢,T
787,媒體,Na
787,來源,Na
787,聯合報,Nb
787,記者,Na
787,署名,VC
787,林佳彣,Nb
787,完整,VH
787,新聞,Na
787,標題,Na
787,影年紀,Nd
787,大,VH
787,把,Nf
787,為,P
787,顆蛋,Na
787,排隊婦,Na
787,大罵,VE
787,民進黨,Nb
787,糟蹋,VC
787,人民,Na
787,連,Cbb
787,難民,Na
787,都,D
787,不如,VJ
787,完整,VH
787,新聞,Na
787,內文,Na
787,世界,Nc
787,棒球,Na
787,經典賽,Na
787,昨晚,Nd
787,中華隊,Na
787,打贏,VC
787,義大利隊,Na
787,，,COMMACATEGORY
787,國民黨,Nb
787,台北市,Nc
787,青工,Na
787,總會長,Na
787,滿志剛,Nb
787,今天,Nd
787,兌現,VC
787,祭品,Na
787,文,Na
787,承諾,VE
787,，,COMMACATEGORY
787,發,VD
787,顆,Nf
787,雞蛋,Na
787,，,COMMACATEGORY
787,吸引,VJ
787,不少,Neqa
787,人,Na
787,排隊,VA
787,領蛋,VA
787,有,V_2
787,民眾,Na
787,拿到,VC
787,直,D
787,呼,VE
787,感謝,VK
787,，,COMMACATEGORY
787,也,D
787,大罵,VE
787,民進黨,Nb
787,執政,VA
787,什麼,Nep
787,都,D
787,要,D
787,排隊,VA
787,，,COMMACATEGORY
787,更,Dfa
787,點名,VA
787,要,VE
787,陳吉仲,Nb
787,下台,VA
787,民眾,Na
787,吳,Nb
787,小姐,Na
787,與,Caa
787,鄰居,Na
787,常,D
787,小姐,Na
787,起來,VA
787,排隊,VA
787,，,COMMACATEGORY
787,吳,Nb
787,小姐,Na
787,表示,VE
787,，,COMMACATEGORY
787,現在,Nd
787,雞蛋,Na
787,不,D
787,好,VH
787,買,VC
787,，,COMMACATEGORY
787,得知,VK
787,中華隊,Na
787,贏,VD
787,球,Na
787,要,D
787,發,VD
787,蛋,Na
787,，,COMMACATEGORY
787,她,Nh
787,聽到,VE
787,好,Dfa
787,高興,VK
787,，,COMMACATEGORY
787,趕快,D
787,跑來,VA
787,，,COMMACATEGORY
787,也,D
787,大喊,VE
787,中華隊,Na
787,加油,VB
787,國民黨,Nb
787,加油,VB
787,常,D
787,小姐,Na
787,領到,VC
787,顆,Nf
787,雞蛋,Na
787,，,COMMACATEGORY
787,表示,VE
787,真的,D
787,很,Dfa
787,感恩,VI
787,，,COMMACATEGORY
787,開心,VH
787,說,VE
787,還可以,D
787,吃,VC
787,天,Nc
787,但,Cbb
787,她,Nh
787,不滿,VK
787,地,DE
787,說,VE
787,，,COMMACATEGORY
787,，,COMMACATEGORY
787,年紀,Na
787,大,VH
787,把,Nf
787,，,COMMACATEGORY
787,為了,P
787,顆,Nf
787,蛋,Na
787,排成,VG
787,這樣,VH
787,子,Na
787,，,COMMACATEGORY
787,大罵,VE
787,要,VE
787,陳吉仲,Nb
787,下台,VA
787,常,Nb
787,小姐,Na
787,指出,VE
787,，,COMMACATEGORY
787,有錢,VH
787,也,D
787,買,VC
787,不,D
787,到,VC
787,蛋,Na
787,，,COMMACATEGORY
787,還,D
787,直,D
787,漲價,VH
787,涂,Nb
787,小姐,Na
787,帶,VC
787,女兒,Na
787,來,D
787,排隊,VA
787,領蛋,VA
787,，,COMMACATEGORY
787,她,Nh
787,說,VE
787,，,COMMACATEGORY
787,最近,Nd
787,真的,D
787,很,Dfa
787,難,VH
787,買到,VC
787,蛋,Na
787,，,COMMACATEGORY
787,昨天,Nd
787,與,P
787,朋友,Na
787,團購,VC
787,，,COMMACATEGORY
787,顆,Nf
787,就,D
787,要,D
787,元,Nf
787,，,COMMACATEGORY
787,平均,VH
787,顆,Nf
787,幾,Neu
787,元,Nf
787,今天,Nd
787,點,Nf
787,剛好,VH
787,看到,VE
787,，,COMMACATEGORY
787,就,D
787,過來,VA
787,排下,VC
787,，,COMMACATEGORY
787,沾沾,VC
787,喜氣,Na
787,，,COMMACATEGORY
787,而且,Cbb
787,很,Dfa
787,幸運,VH
787,沒有,D
787,排,VC
787,很,Dfa
787,久,VH
787,，,COMMACATEGORY
787,下,Ncd
787,就,D
787,拿到,VC
787,號碼牌,Na
787,相較,VB
787,於,P
787,其他,Neqa
787,祭品文,Na
787,送,VD
787,雞排,Na
787,，,COMMACATEGORY
787,林,Nb
787,小姐,Na
787,表示,VE
787,，,COMMACATEGORY
787,當然,D
787,想要,VE
787,拿到,VC
787,蛋,Na
787,，,COMMACATEGORY
787,因為,Cbb
787,蛋,Na
787,可以,D
787,做,VC
787,自己,Nh
787,喜歡,VK
787,的,DE
787,料理,Na
787,至於,P
787,外界,Ncd
787,質疑,VE
787,國民黨,Nb
787,買,VC
787,蛋,Na
787,當祭,VA
787,品文,Na
787,是,SHI
787,公然,D
787,囤蛋,VA
787,，,COMMACATEGORY
787,她,Nh
787,說,VE
787,，,COMMACATEGORY
787,個人,Nh
787,看法,Na
787,見仁見智,VH
787,，,COMMACATEGORY
787,他們,Nh
787,是,SHI
787,善心,Na
787,，,COMMACATEGORY
787,因,Cbb
787,為,P
787,民眾,Na
787,買,VC
787,不,D
787,到,VC
787,蛋,Na
787,，,COMMACATEGORY
787,對,P
787,基層,Na
787,是,SHI
787,有,V_2
787,幫助,VC
787,，,COMMACATEGORY
787,不無,D
787,小,VH
787,補,VC
787,完整,VH
787,新聞,Na
787,連結,VC
787,或,Caa
787,短,VH
787,網址,Na
787,不可,D
787,用,VC
787,等,Cab
787,轉載,VC
787,媒體,Na
787,//////,FW
787,備註,VE
788,中華隊,Na
788,別的,Neqa
788,選手,Na
788,很,Dfa
788,麻煩,VHC
788,要,D
788,直,D
788,把,P
788,壞球,Na
788,拚成,VG
788,好球,Na
788,，,COMMACATEGORY
788,不然,Cbb
788,就是,Cbb
788,出,VC
788,腳,Na
788,假裝,VF
788,沒,D
788,看到,VE
788,，,COMMACATEGORY
788,才,Da
788,能,D
788,搞,VC
788,他們,Nh
788,出局,VH
788,王柏融,Nb
788,就,D
788,簡單,VH
788,多,VH
788,了,T
788,看,VC
788,二,Neu
788,碰,VC
788,三,Neu
788,出局,VH
788,不然,Cbb
788,就,D
788,是,SHI
788,球,Na
788,兩,Neu
788,球,Na
788,高飛,VA
788,死,VH
788,連,Cbb
788,壞球,Na
788,判成,VG
788,好球,Na
788,都,D
788,不,D
788,用,VC
788,，,COMMACATEGORY
788,他,Nh
788,就,D
788,會,D
788,出局,VH
788,了,T
788,主審,Na
788,看到,VE
788,大王,Na
788,，,COMMACATEGORY
788,特別,VH
788,高興,VK
789,當初,Nd
789,阿根廷,Nc
789,也,D
789,是,SHI
789,首,Nes
789,戰,Na
789,輸,VD
789,後來,Nd
789,路,Na
789,贏過關斬,VA
789,將,D
789,所向披靡,VH
789,最終,D
789,拿到,VC
789,世界,Nc
789,冠軍,Na
789,中華隊,Na
789,有沒有,D
789,可能,D
789,複製,VC
789,阿根廷,Nc
789,的,DE
789,模式,Na
789,後軍,Na
789,突起,VH
789,成為,VG
789,匹,Nf
789,黑馬,Na
789,跌破,VC
789,大家,Nh
789,的,DE
789,眼鏡,Na
789,///,FW
789,///,FW
790,這,Nep
790,主審,Na
790,覺得,VK
790,比賽,Na
790,太,Dfa
790,無聊,VH
790,想,VE
790,搞,VC
790,中華隊,Na
790,荷蘭堆,Na
790,都,D
790,撿,VC
790,台灣,Nc
790,都,D
790,不,D
790,撿,VC
790,怎麼,D
790,我們,Nh
790,好,Dfa
790,欺負,VC
790,啊,T
790,主審,Na
790,吃,VC
790,始,VH
790,啦,T
790,是否,D
790,有,V_2
790,專板,Na
790,本板,Na
790,並非,D
790,萬能,VH
790,問板,VA
790,三,Neu
790,則,Nf
790,本,Nes
790,看板,Na
790,嚴格,VH
790,禁止,VE
790,政治,Na
790,問卦,Na
790,未滿,VJ
790,繁體,Na
790,中文字,Na
790,水桶,Na
790,個,DE
790,月,Na
790,未滿,VJ
790,繁體,Na
790,中文字,Na
790,水桶,Na
790,個,DE
790,月,Na
790,未滿,VJ
790,繁體,Na
790,中文字,Na
790,水桶,Na
790,個,Nf
790,月,Na
790,，,COMMACATEGORY
790,嚴重,VH
790,者,Na
790,以,P
790,鬧板論,Na
791,雖然,Cbb
791,主審,Na
791,有點,Dfa
791,搞,VC
791,不過,Cbb
791,別,D
791,忘,VK
791,了,Di
791,我們,Nh
791,還,D
791,有,V_2
791,分領先,VH
791,在,P
791,多,D
791,會,VL
791,搞,VC
791,也,D
791,不會,D
791,幫,P
791,荷蘭,Nc
791,變出,VC
791,分,Na
791,來,T
791,啦,T
791,不,D
791,知道,VK
791,各,Nes
791,位,Nf
791,怎麼,D
791,看,VC
792,如,P
792,題,Na
792,大,VH
792,檸檬級,Na
792,美國,Nc
792,主審,Na
792,是,SHI
792,不,D
792,是,SHI
792,怪怪,VH
792,的,T
792,啊,T
792,，,COMMACATEGORY
792,荷蘭,Nc
792,九,Neu
792,宮格,Na
792,跟,P
792,大海,Na
792,樣,Ng
792,大,VH
792,，,COMMACATEGORY
792,中華隊,Na
792,投進去,VC
792,了,Di
792,各,Nes
792,種,Nf
792,不,D
792,給,VD
792,，,COMMACATEGORY
792,現在,Nd
792,有,V_2
792,人,Na
792,疑美,VH
792,嗎,T
793,如,P
793,題,Na
793,中華隊,Na
793,的,DE
793,恐怖局,Nc
793,，,COMMACATEGORY
793,熟悉,VJ
793,的,DE
793,味道,Na
793,，,COMMACATEGORY
793,鍋貼,Na
793,的,DE
793,香味,Na
793,怎麼,D
793,好像,D
793,隱約,D
793,已經,D
793,飄出來,VA
793,了,Di
793,有,V_2
793,沒,D
793,有,V_2
793,鍋貼,Na
793,好吃,VH
793,的,DE
793,八卦,Na
793,掛,VC
794,如,P
794,題,Na
794,那,Nep
794,個,Nf
794,奇怪,VK
794,的,DE
794,數據,Na
794,計算,VC
794,方法,Na
794,我,Nh
794,看,VC
794,的,DE
794,霧,Na
794,煞煞,VH
794,現在,Nd
794,宇宙,Na
794,大王,Na
794,數據,Na
794,是,SHI
794,多少,Neqa
794,啊,T
794,小弟,Na
794,沒,D
794,看過,VC
794,棒球,Na
794,不會,D
794,算,VE
794,請問,VE
794,有,V_2
794,沒,D
794,有,V_2
794,神秘,VH
794,數字,Na
795,安安如題,VH
795,雖然,Cbb
795,今天,Nd
795,第,Neu
795,局,Nf
795,有,V_2
795,股,Nf
795,熟悉,VJ
795,的,DE
795,味道,Na
795,但,Cbb
795,我,Nh
795,覺得,VK
795,中華隊,Na
795,也,D
795,不用,D
795,太,Dfa
795,擔心,VK
795,因為,Cbb
795,士氣,Na
795,已經,D
795,拉起來,VB
795,了,Di
795,今天,Nd
795,最後,Nd
795,這,Nep
795,齣,Nf
795,只,Da
795,是,SHI
795,中華隊,Na
795,對,VC
795,荷蘭,Nc
795,最後,Nd
795,的,DE
795,溫柔,VH
795,而已,T
795,嗯,I
795,嗯,I
795,嘿,I
795,啊,I
796,疫情,Na
796,兩,Neu
796,年,Nf
796,過去,VA
796,了,Di
796,護照,Na
796,效期,Na
796,大家,Nh
796,應該,D
796,都,D
796,過期,VH
796,了,T
796,吧,T
796,強賽,Na
796,要,D
796,出國,VA
796,去,VCL
796,日本,Nc
796,中華隊,Na
796,大家,Nh
796,護照,Na
796,都,D
796,應該,D
796,都,D
796,新,D
796,辦好,VC
796,了,Di
796,吧,T
796,中華隊,Na
796,加油,VB
796,有,V_2
796,卦,Na
796,嗎,T
797,如,P
797,題,Na
797,現在,Nd
797,已經,D
797,快點,D
797,半,Neqa
797,了,Di
797,結果,Na
797,洲際,Nc
797,還,D
797,在,P
797,開,VC
797,劇場,Nc
797,明天,Nd
797,要,D
797,打,VC
797,中午點,Na
797,的,DE
797,場,Nc
797,請問,VE
797,中華隊,Na
797,是,SHI
797,要,D
797,帶,VC
797,睡袋,Na
797,睡,VA
797,在,P
797,球場,Nc
797,嗎,T
797,中華隊,Na
797,今天,Nd
797,究竟,D
797,可以,D
797,睡,VA
797,幾,Neu
797,個,Nf
797,小時,Na
797,呢,T
797,卦,Na
798,就,D
798,是,SHI
798,山王,Nb
798,堂本,Nb
798,教練,Na
798,的,DE
798,家傳,Na
798,寶刀,Na
798,全,Neqa
798,場,Nf
798,緊逼,VJ
798,戰術,Na
798,壓,VC
798,著,Di
798,湘北,Nc
798,踹,VC
798,不,D
798,夠,Dfa
798,氣,Na
798,這,Nep
798,場,Nf
798,我們,Nh
798,能,D
798,贏,VD
798,荷蘭,Nc
798,靠,VJ
798,的,DE
798,是,SHI
798,什麼,Nep
798,有,V_2
798,掛,VC
798,不,D
799,總教練,Na
799,直,D
799,戴,VC
799,口罩,Na
799,魯看,VC
799,身旁,Nc
799,的,DE
799,龍貓,Nb
799,也,D
799,沒有,D
799,戴,VC
799,○,Neu
799,罩,Nf
799,啊,T
799,有,V_2
799,沒,D
799,有,V_2
799,八卦,Na
799,另,Nes
799,，,COMMACATEGORY
799,這,Nep
799,場,Nf
799,要,D
799,打,VC
799,多久,Nd
799,啊,T
800,不,D
800,是,SHI
800,說,VE
800,這,Nep
800,場,Nf
800,裁,VC
800,犬,Na
800,這樣,VH
800,搞,VC
800,明天,Nd
800,輸給,VD
800,古巴,Nc
800,穩穩,VH
800,的,DE
800,被,P
800,淘汰,VC
800,荷蘭,Nc
800,贏,VD
800,淘汰,VC
800,古巴巴拿馬,Nb
800,都,D
800,贏,VD
800,中華,Nc
800,義大利,Nc
800,贏,VD
800,也,D
800,是,SHI
800,淘汰,VC
800,比,P
800,得失,Na
800,還是,D
800,淘汰,VC
801,荷蘭,Nc
801,只,Da
801,剩,VJ
801,局,Nc
801,上,Ncd
801,進攻,VCL
801,機會,Na
801,這,Nep
801,場,Nf
801,看起來,D
801,穩,VH
801,了,T
801,雖然,Cbb
801,主審,Na
801,好球,Na
801,帶起,VC
801,爭議,Na
801,害,VC
801,我們,Nh
801,守護神,Na
801,明天,Nd
801,不能,D
801,上,VCL
801,但,Cbb
801,沒關係,VH
801,連,Cbb
801,富邦,Nb
801,都,D
801,贏不了,VJ
801,的,DE
801,古巴隊,Na
801,沒,VJ
801,啥,Nep
801,好,Dfa
801,擔心,VK
801,的,DE
801,大家,Nh
801,說,VE
801,對,VH
801,不,D
801,對,VH
802,老婆,Na
802,林襄,Nb
802,在,P
802,場,Nc
802,邊,Ncd
802,跳舞,VA
802,觀眾,Na
802,會,D
802,興奮,VH
802,球員,Na
802,也,D
802,會,D
802,受到,VJ
802,氣氛,Na
802,影響,Na
802,越,D
802,打,VC
802,越,D
802,好,VH
802,說,VE
802,林襄,Nb
802,是,SHI
802,中華隊,Na
802,的,DE
802,因子,Na
802,沒,VJ
802,問題,Na
802,吧,T
803,棒球版,Na
803,賽,Na
803,前,Ng
803,預測,VE
803,隨便,VH
803,都,D
803,能,D
803,打贏,VC
803,巴拿馬,Nc
803,結果,Dk
803,卻,D
803,是,SHI
803,被,P
803,血,Na
803,洗,VC
803,棒球版,Na
803,賽,Na
803,前,Ng
803,預測,VE
803,會,D
803,被,P
803,義大利,Nc
803,荷蘭,Nc
803,明星,Na
803,軍團,Na
803,打爛,VC
803,沒,D
803,被,P
803,提前,VB
803,扣倒,VC
803,就,D
803,是,SHI
803,贏,VD
803,結果,Dk
803,卻,D
803,是,SHI
803,中華隊,Na
803,血洗,VC
803,屠殺,VC
803,這,Nep
803,兩,Neu
803,隊,Nf
803,棒球版,Na
803,是,SHI
803,不,D
803,是,SHI
803,要,D
803,反,VC
803,著,Di
803,看,VC
803,啊,T
804,是,SHI
804,這樣,VH
804,啦,T
804,比賽,Na
804,結束,VHC
804,休息,VA
804,回,VCL
804,飯店,Nc
804,距離,P
804,比賽,Na
804,不,D
804,到,P
804,小時,Na
804,就,D
804,要,D
804,對,P
804,戰古巴,Na
804,要,D
804,怎麼,VH
804,才,Da
804,能,D
804,快速,VH
804,恢復,VHC
804,體力,Na
804,舒緩,VC
804,疲勞,VH
804,不然,Cbb
804,連勝,VH
804,兩,Neu
804,場,Nf
804,輸給,VD
804,明天,Nd
804,古巴,Nc
804,兩,Neu
804,勝,VH
804,兩,Neu
804,敗,VH
804,要,D
804,比,P
804,失分,Na
804,未必,D
804,能,D
804,晉級,VJ
804,最,Dfa
804,好,VH
804,的,DE
804,方法,Na
804,就,D
804,是,SHI
804,恢復,VHC
804,體力,Na
804,有,V_2
804,沒,D
804,有,V_2
804,什麼,Nep
804,方法,Na
804,能,D
804,幫助,VC
804,中華隊,Na
804,的,DE
805,各,Nes
805,位,Nf
805,八卦,Na
805,肥宅,VH
805,瘦宅,Nc
805,晚上,Nd
805,好,VH
805,老子,Nb
805,昨天,Nd
805,買,VC
805,義大利,Nc
805,今天,Nd
805,買,VC
805,荷蘭,Nc
805,我,Nh
805,是,SHI
805,不,D
805,是,SHI
805,中華隊,Na
805,的,DE
805,好朋友,Na
805,啊,T
805,///,FW
805,///,FW
805,明天,Nd
805,繼續,VF
805,買,VC
805,古巴,Nc
805,花錢,VA
805,換到,VC
805,更,D
805,快樂,VH
806,終場,Na
806,台灣,Nc
806,以,P
806,贏,VD
806,了,Di
806,荷蘭隊,Na
806,，,COMMACATEGORY
806,最,Dfa
806,大,VH
806,驚奇,VK
806,是,SHI
806,張育成,Nb
806,二兵,Na
806,擊出,VC
806,關鍵,Na
806,的,DE
806,滿貫,VH
806,全壘打,Na
806,，,COMMACATEGORY
806,讓,VL
806,台灣,Nc
806,超前,VJ
806,荷蘭隊,Na
806,晉級,VJ
806,八,Neu
806,強,Na
806,之,DE
806,路,Na
806,機率,Na
806,超過,VJ
806,半,Neqa
807,離,P
807,東京,Nc
807,只,Da
807,剩,VJ
807,最後,Nd
807,關古巴,Na
807,不過,Cbb
807,劣勢,Na
807,是,SHI
807,中華隊,Na
807,今晚,Nd
807,很,Dfa
807,晚,VH
807,才,Da
807,能,D
807,睡覺,VA
807,，,COMMACATEGORY
807,明天,Nd
807,要,D
807,面對,VC
807,休息天,Nd
807,的,DE
807,古巴,Nc
807,如果,Cbb
807,現在,Nd
807,邀請,VC
807,古巴隊,Na
807,去,VCL
807,寶雅,Nb
807,台中,Nc
807,三井,Nb
807,採買,VC
807,，,COMMACATEGORY
807,並且,Cbb
807,封,VC
807,館,Nc
807,全,Neqa
807,館,Nc
807,折,VC
807,明天,Nd
807,早上,Nd
807,再,D
807,帶,VC
807,他們,Nh
807,品嚐,VC
807,台式,A
807,早餐,Na
807,佐,VC
807,大,VH
807,冰奶,Na
807,可以,D
807,抵銷,VC
807,體力,Na
807,的,DE
807,劣勢,Na
807,嗎,T
807,還,D
807,有,V_2
807,什麼,Nep
807,其他,Neqa
807,的,DE
807,奇招,Na
807,呢,T
808,中華,Nc
808,荷蘭,Nc
808,五星,A
808,上將,Na
808,張育成,Nb
808,扛,VC
808,了,Di
808,發,VD
808,滿貫砲,Na
808,奠定,VC
808,勝基,Na
808,///,FW
808,///,FW
808,///,FW
809,經典賽,Na
809,中華,Nc
809,對上,VC
809,荷蘭,Nc
809,中華隊,Na
809,以,P
809,贏,VD
809,了,Di
809,荷蘭,Nc
809,中華隊,Na
809,安打,Na
809,數,VC
809,荷蘭,Nc
809,安打,Na
809,數,Na
809,中華民國,Nc
809,萬歲,VH
809,~~~~,FW
809,台灣,Nc
809,又,D
809,贏,VD
809,了,Di
809,~~~~,FW
809,讓,VL
809,世界,Nc
809,看到,VE
810,張育城,Nb
810,我,Nh
810,超,Dfa
810,雖然,Cbb
810,燒到,VC
810,宋家豪,Nb
810,超不爽,VH
810,的,DE
810,但,Cbb
810,如果,Cbb
810,我,Nh
810,是,SHI
810,對面,Ncd
810,我,Nh
810,也,D
810,會,D
810,這樣,Dfa
810,努力,VH
810,吧,T
810,恭喜,VJ
810,中華隊,Na
810,獲勝,VH
810,明天,Nd
810,，,COMMACATEGORY
810,再,D
810,拿,VC
810,勝,VH
811,從,P
811,第三,Neu
811,局,Nf
811,下,Nes
811,半,Neqa
811,，,COMMACATEGORY
811,張育成,Nb
811,打出,VC
811,滿壘,VH
811,全壘打,Na
811,就,D
811,開始,VL
811,舒服,VH
811,，,COMMACATEGORY
811,路,Na
811,領先,VJ
811,來到,VCL
811,許久,D
811,防守,VC
811,也,D
811,不錯,VH
811,，,COMMACATEGORY
811,抓到,VC
811,雙殺,VC
811,雖然,Cbb
811,八,Neu
811,局,Nf
811,上,Ng
811,給,VD
811,主審,Na
811,搞,VC
811,事,Na
811,，,COMMACATEGORY
811,但,Cbb
811,邪不勝正,VH
811,啦,T
811,八,Neu
811,局,Nf
811,下,Ng
811,又,D
811,舒服,VH
811,回來,VA
811,恭喜,VJ
811,中華隊,Na
811,打贏,VC
811,荷蘭,Nc
811,請,VF
811,大家,Nh
811,推文,VA
811,寫,VC
811,些,Nf
811,祝賀,VC
811,中華隊,Na
811,的,DE
811,話,Na
811,希望,VK
811,明天,Nd
811,繼續,VF
811,勝,VH
811,古巴,Nc
811,每,D
811,推,VC
811,，,COMMACATEGORY
811,只,Da
811,發,VD
811,推文,Na
811,，,COMMACATEGORY
811,發到,VCL
811,推,VC
812,結果,Dk
812,是,SHI
812,鄧愷威,Nb
812,大,VH
812,爆發,VJ
812,明天,Nd
812,直接,VH
812,燃燒,VC
812,生命,Na
812,把,P
812,中華隊,Na
812,保進,VC
812,東京,Nc
812,直接,VH
812,狠狠,D
812,打,VC
812,鄉民,Na
812,巴掌,Na
812,讓,VL
812,鄉民,Na
812,跟前,Nc
812,古巴隊,Na
812,教頭,Na
812,梅沙樣,Nb
812,直接,VH
812,讓,VL
812,鄉民,Na
812,讓,VL
812,鄉民,Na
812,的,DE
812,戰略,Na
812,徹底,VH
812,失敗,VH
813,今天,Nd
813,這,Nep
813,場,Nf
813,經典賽,Na
813,，,COMMACATEGORY
813,前面,Ncd
813,滿貫砲,Na
813,實在,D
813,震撼,VJ
813,人心,Na
813,投手,Na
813,的,DE
813,壓制,VC
813,也,D
813,相當,Dfa
813,優秀,VH
813,，,COMMACATEGORY
813,大家,Nh
813,真的,D
813,都,D
813,很,Dfa
813,棒,VH
813,不,D
813,囉嗦,VH
813,，,COMMACATEGORY
813,打,VC
813,得,DE
813,好,VH
813,就,D
813,給,P
813,鼓勵,VF
813,發錢,VA
813,有沒有,D
813,看到,VE
813,中華隊,Na
813,好,VH
813,表現,VC
813,，,COMMACATEGORY
813,就,D
813,會,D
813,想,VE
813,發錢,VA
813,的,DE
813,卦,Na
813,每,Nes
813,十,Neu
813,推發到,VC
813,爆,VH
814,大家,Nh
814,豪,VH
814,終於,D
814,結束,VHC
814,了,T
814,最後,Nd
814,贏,VD
814,四,Neu
814,分,Nf
814,少,VH
814,了,Di
814,那,Nep
814,發滿貫,VH
814,我們,Nh
814,的,DE
814,投手,Na
814,ㄚ,FW
814,昌,VH
814,被,P
814,主審,Na
814,搞,VC
814,家豪,Nb
814,也,D
814,壓力,Na
814,很,Dfa
814,大,VH
814,現在,Nd
814,鍋貼店,Nc
814,是,SHI
814,不,D
814,是,SHI
814,要,D
814,加班,VA
814,外,Ncd
814,送,VD
814,也,D
814,滿,Neqa
814,單,A
814,你,Nh
814,各位,Nh
814,不,D
814,先,D
814,敬禮,VB
814,喊,VE
814,口號,Na
814,進,VCL
814,餐廳,Nc
814,小哲源,Nb
814,當,VG
814,司令,Na
814,合理,VH
814,吧,T
814,有,V_2
814,卦咪,Nb
815,備註,VE
815,請,VF
815,放,VC
815,最後,Nd
815,面違,VC
815,者,Na
815,新聞,Na
815,文章,Na
815,刪除,VC
815,媒體,Na
815,來源,Na
815,記者,Na
815,署名,VC
815,楊舒帆,Nb
815,完整,VH
815,新聞,Na
815,標題,Na
815,睽違,VH
815,年,Na
815,抗,VJ
815,荷,Nc
815,成功,VH
815,滿,Neqa
815,場,Nf
815,挺,VC
815,中華隊,Na
815,感動,VHC
815,連勝,VH
815,完整,VH
815,新聞,Na
815,內文,Na
815,睽違,VH
815,年,Na
815,抗,VJ
815,荷,Nc
815,成功,VH
815,滿,Neqa
815,場,Nf
815,挺,VC
815,中華隊,Na
815,感動,VHC
815,連勝,VH
815,年,Na
815,月,Na
815,日,Na
815,記者,Na
815,楊舒帆,Nb
815,台中,Nc
815,報導,VE
815,經典賽,Na
815,中華隊,Na
815,日,Na
815,對戰,VA
815,荷蘭,Nc
815,，,COMMACATEGORY
815,睽違,VH
815,年,Na
815,再度,D
815,在,P
815,洲際,Nc
815,棒球場,Nc
815,大出,VC
815,感動,VHC
815,的,DE
815,抗荷,VA
815,戰役,Na
815,，,COMMACATEGORY
815,在,P
815,預,D
815,賽,Na
815,取得,VC
815,第,Neu
815,勝,VH
815,保住,VC
815,晉級,VJ
815,機會,Na
815,中華隊,Na
815,曾,D
815,在,P
815,年,Na
815,同樣,Dfa
815,在,P
815,洲際,Nc
815,棒球場,Nc
815,對抗,VC
815,荷蘭隊,Na
815,，,COMMACATEGORY
815,先發,VA
815,投手,Na
815,王躍霖,Nb
815,局,Nc
815,就,D
815,不,D
815,穩,VH
815,保送,VC
815,連發,VC
815,，,COMMACATEGORY
815,留下,VC
815,出局,VH
815,滿壘,VH
815,局面,Na
815,，,COMMACATEGORY
815,由,P
815,潘威倫,Nb
815,上場,VA
815,救火,VA
815,，,COMMACATEGORY
815,雖然,Cbb
815,首,Nes
815,名,Nf
815,打者,Na
815,被,P
815,擊出,VC
815,安打,Na
815,失分,VH
815,，,COMMACATEGORY
815,但,Cbb
815,這,Nep
815,也,D
815,是,SHI
815,他,Nh
815,全,Neqa
815,場,Nf
815,唯安,Nb
815,，,COMMACATEGORY
815,最後,Nd
815,中繼局,Nc
815,無,VJ
815,責,Na
815,失分,VH
815,中華隊,Na
815,與,Caa
815,荷蘭年,Nd
815,又,D
815,分在,VG
815,同,Nes
815,組,Nf
815,，,COMMACATEGORY
815,這,Nep
815,次,Nf
815,卻,D
815,留下,VC
815,失望,VH
815,的,DE
815,結果,Na
815,雖然,Cbb
815,靠,VJ
815,著,Di
815,張志豪,Nb
815,開轟,VA
815,，,COMMACATEGORY
815,振奮士,Nb
815,氣,Na
815,，,COMMACATEGORY
815,但,Cbb
815,兩,Neu
815,軍,Na
815,激戰局,Nc
815,以,P
815,比,P
815,平手,VH
815,，,COMMACATEGORY
815,最後,Nd
815,陳鴻文,Nb
815,投出,VC
815,再見,VB
815,保送,VC
815,留下,VC
815,遺憾,Na
815,中華,Nc
815,跟,P
815,荷蘭,Nc
815,不,D
815,打,VC
815,不,D
815,相識,VH
815,，,COMMACATEGORY
815,本,Nes
815,屆,Nf
815,經典賽,Na
815,又,D
815,同,Nes
815,組,Nf
815,，,COMMACATEGORY
815,荷蘭,Nc
815,組成,VG
815,陣容,Na
815,跟,P
815,年,Na
815,相似,VH
815,，,COMMACATEGORY
815,而且,Cbb
815,打線,VA
815,更,Dfa
815,升,VA
815,級,Na
815,，,COMMACATEGORY
815,中華隊,Na
815,投手,Na
815,群,Na
815,無懼,VH
815,大聯盟級,Na
815,打線,VA
815,，,COMMACATEGORY
815,黃子鵬,Nb
815,不,D
815,穩,VH
815,後,Ng
815,馬上,D
815,換,VC
815,吳哲源,Nb
815,登板,VA
815,止血,VH
815,，,COMMACATEGORY
815,中繼,Na
815,局,Nc
815,無,D
815,失分,VH
815,，,COMMACATEGORY
815,李振昌,Nb
815,陳冠宇,Nb
815,接替,VC
815,失掉,VJ
815,分,Nf
815,，,COMMACATEGORY
815,再,D
815,換,VC
815,宋家豪,Nb
815,登板,VA
815,解危,VB
815,張育成,Nb
815,連,Cbb
815,兩,Neu
815,天,Nf
815,開轟,VA
815,，,COMMACATEGORY
815,而且,Cbb
815,此,Nep
815,戰,Na
815,在,P
815,平手,VH
815,時,Ng
815,轟出,VC
815,超前,VJ
815,滿貫砲,Na
815,奠定,VC
815,勝基,Na
815,，,COMMACATEGORY
815,成為,VG
815,致勝,VH
815,的,DE
815,英雄,Na
815,////,FW
815,完整,VH
815,新聞,Na
815,連結,VC
815,或,Caa
815,短,VH
815,網址,Na
815,不可,D
815,用,VC
815,等,Cab
815,轉載,VC
815,媒體,Na
815,////,FW
815,備註,VE
815,/,FW
816,已,D
816,發完,VC
816,///,FW
816,如,P
816,題,Na
816,今天,Nd
816,打贏,VC
816,荷蘭,Nc
816,是,SHI
816,誰,Nh
816,張育成,Nb
816,台灣,Nc
816,阿成,Nb
816,世界,Nc
816,偉人,Na
816,棒球,Na
816,總統,Na
816,棒擊,VC
816,沈荷蘭,Nb
816,吳哲源,Nb
816,局,Nc
816,無失分,VH
816,完美,VH
816,封鎖,VC
816,荷蘭,Nc
816,餅,Na
816,總調度,Na
816,果斷,VH
816,有,V_2
816,危機,Na
816,就,D
816,換,VC
816,投,VC
816,以上,Ncd
816,皆,D
816,是,SHI
816,請,VF
816,投票,VA
816,每,Nes
816,人,Na
817,太,Dfa
817,扯,VC
817,了,T
817,吧,T
817,我,Nh
817,明天,Nd
817,要,D
817,上班,VA
817,欸,I
817,這樣,VH
817,我,Nh
817,沒辦法,VI
817,看到,VE
817,我,Nh
817,最愛,Na
817,的,DE
817,中華隊,Na
817,了,T
817,主場,Na
817,的,DE
817,比賽,Na
817,不,D
817,是,SHI
817,都,D
817,該,D
817,晚上,Nd
817,嗎,T
817,還是,D
817,考量到,VE
817,後天,Nd
817,要,D
817,上班,VA
818,張育成,Nb
818,當初,Nd
818,嘲諷,VC
818,的,DE
818,回,VCL
818,大家,Nh
818,總,D
818,有,V_2
818,天,Nf
818,會,D
818,為,P
818,我,Nh
818,鼓掌,VA
818,神,Na
818,按,VC
818,在,P
818,大家,Nh
818,手,Na
818,上,Ncd
818,結果,Dk
818,今天,Nd
818,大家,Nh
818,不得不,D
818,喝采,VA
818,張育成,Nb
818,是,SHI
818,不,D
818,是,SHI
818,先知,Na
819,中華隊,Na
819,打擊,Na
819,不,D
819,輸給,VD
819,歐美,Nc
819,肌肉,Na
819,棒子,Na
819,明天,Nd
819,對,P
819,古巴,Nc
819,大概,D
819,也,D
819,波,Na
819,前進,VA
819,東京,Nc
819,機會,Na
819,很,Dfa
819,大,VH
819,有,V_2
819,沒,D
819,有,V_2
819,人,Na
819,已經,D
819,開始,VL
819,訂往,VC
819,東京,Nc
819,機票,Na
819,了,T
819,卦,Na
820,真,D
820,沒想到,D
820,中華隊,Na
820,可以,D
820,連贏,VD
820,兩,Neu
820,場,Nf
820,中華隊,Na
820,加油,VB
820,明天,Nd
820,就,D
820,看,VC
820,你,Nh
820,了,T
820,明天,Nd
820,再,D
820,贏,VD
820,就,D
820,是,SHI
820,普天同慶,VH
820,了,T
820,我,Nh
820,的,DE
820,要求,Na
820,不,D
820,高,VH
820,明天,Nd
820,再,D
820,贏,VD
820,場,Nf
820,就,D
820,行,VH
820,雖然,Cbb
820,明天,Nd
820,是,SHI
820,古巴隊,Na
820,我,Nh
820,也,D
820,知道,VK
820,我們,Nh
820,已經,D
820,好,Dfa
820,久,VH
820,沒,D
820,贏,VD
820,古巴,Nc
820,了,T
821,最後,Nd
821,就,D
821,差,VH
821,四,Neu
821,分,Nf
821,當時,Nd
821,那,Nep
821,隻,Nf
821,滿貫,VH
821,不,D
821,知道,VK
821,打下,VC
821,多少,Neqa
821,信心,Na
821,印象,Na
821,中,Ng
821,怎麼,D
821,沒,D
821,看,VC
821,過,Di
821,中華隊,Na
821,打,VC
821,過,Di
821,滿貫砲,Na
821,陳金鋒,Nb
821,是,SHI
821,三,Neu
821,分,Nf
821,砲,Na
821,還,D
821,有,V_2
821,人,Na
821,有,V_2
821,嗎,T
822,張育成,Nb
822,國防部長,Na
822,連續,VH
822,兩,Neu
822,天,Nf
822,都,D
822,打,VC
822,全壘打,Na
822,上場,VA
822,就,D
822,是,SHI
822,只,Da
822,會,D
822,打,VC
822,全壘打,Na
822,張育成,Nb
822,是,SHI
822,不,D
822,是,SHI
822,只,Da
822,會,D
822,打,VC
822,全壘打,Na
822,啊,T
823,現在,Nd
823,嘴巴,Na
823,閉,VC
823,的,DE
823,可,D
823,緊,VH
823,了,T
823,尤其,D
823,是,SHI
823,今天,Nd
823,義大利,Nc
823,也,D
823,輸給,VD
823,巴拿馬,Nc
823,然後,D
823,台灣,Nc
823,贏,VD
823,過,Di
823,荷蘭,Nc
823,荷蘭,Nc
823,可是,D
823,四,Neu
823,強,Na
823,等級,Na
823,的,DE
823,球隊,Na
823,我,Nh
823,就,D
823,問,VE
823,這樣,VH
823,還,D
823,覺得,VK
823,這,Nep
823,隊,Nf
823,國家,Na
823,代表隊,Na
823,贏不,VJ
823,過,Di
823,中國,Nc
823,代表隊,Na
823,嗎,T
823,當初,Nd
823,有,V_2
823,這,Nep
823,種,Nf
823,想法,Na
823,的,DE
823,根本,Na
823,蠢,VH
823,到,P
823,爆,VH
823,好,VH
823,嗎,T
824,身為,VG
824,日,Nc
824,球迷,Na
824,，,COMMACATEGORY
824,請問,VE
824,下,Ng
824,我們,Nh
824,現在,Nd
824,是,SHI
824,不,D
824,是,SHI
824,分組,VB
824,第,Neu
824,已經,D
824,可以,D
824,準備,VF
824,買,VC
824,東京,Nc
824,機票,Na
824,了,T
824,嗎,T
824,哲源,Na
824,實在,D
824,很,Dfa
824,穩,VH
824,，,COMMACATEGORY
824,根本,D
824,王建民,Nb
824,附身,VB
824,爽,VH
825,大家,Nh
825,安安,Nb
825,啦,T
825,昨天,Nd
825,張育成,Nb
825,從,P
825,二兵,Na
825,直升,VCL
825,國防部長,Na
825,今天,Nd
825,從,P
825,國防部長,Na
825,直升,VCL
825,三軍統帥,Na
825,明天,Nd
825,再,D
825,轟,VC
825,全壘打,Na
825,三軍統帥,Na
825,升上去,VAC
825,是,SHI
825,什麼,Nep
825,卦,Na
826,曾,D
826,被,P
826,諷,VC
826,逃兵,Na
826,阿成,Nb
826,張育成,Nb
826,神,Na
826,預言,VE
826,為,P
826,我,Nh
826,鼓掌,VA
826,被,P
826,讚爆,VC
826,東森,Nc
826,新聞,Na
826,實習,VA
826,編輯,Na
826,鍾淳渝,Nb
826,/////,FW
826,////////_,FW
826,中華隊,Na
826,昨晚,Nd
826,在,P
826,對上,VC
826,義大利,Nc
826,的,DE
826,比賽,Na
826,中,Ng
826,以,P
826,比,P
826,拿下,VC
826,本,Nes
826,屆,Nf
826,世界,Nc
826,棒球,Na
826,經典賽,Na
826,首,D
826,勝,VH
826,，,COMMACATEGORY
826,這,Nep
826,勝利,VH
826,可以,D
826,說,VE
826,是,SHI
826,得來,VI
826,不易,VH
826,，,COMMACATEGORY
826,中華隊,Na
826,路,Na
826,領先,VJ
826,義大利,Nc
826,至,Caa
826,四,Neu
826,局,Nf
826,下,Nes
826,，,COMMACATEGORY
826,之後,Nd
826,在,P
826,兩,Neu
826,局,Nf
826,內,Ng
826,被,P
826,義大利,Nc
826,追上,VC
826,甚至,D
826,反超,VC
826,，,COMMACATEGORY
826,多,VH
826,虧,VC
826,六,Neu
826,局,Nf
826,下,Ng
826,擔任,VG
826,第四棒,Na
826,的,DE
826,張育成,Nb
826,轟出,VC
826,支,VC
826,兩,Neu
826,分,Nf
826,砲,Na
826,，,COMMACATEGORY
826,助力,Na
826,中華隊,Na
826,追平,VC
826,分數,Na
826,，,COMMACATEGORY
826,成功,VH
826,拉回,VC
826,全,Neqa
826,場,Nf
826,氣勢,Na
826,而,Cbb
826,這,Nep
826,十分,Dfa
826,重要,VH
826,的,DE
826,擊,VC
826,二,Neu
826,分,Nf
826,砲,Na
826,，,COMMACATEGORY
826,也,D
826,被,P
826,記錄,VE
826,在,P
826,大聯盟,Na
826,官網,Na
826,上,Ncd
826,////////_,FW
826,大聯盟,Na
826,官方,Na
826,記者,Na
826,摩納根,Nb
826,在,P
826,官網,Na
826,報導,Na
826,中,Ng
826,記錄,VE
826,這,Nep
826,振奮,VHC
826,人心,Na
826,的,DE
826,刻,VC
826,，,COMMACATEGORY
826,義大利,Nc
826,打,VC
826,者,Na
826,在,P
826,四,Neu
826,局,Nf
826,及,Caa
826,五,Neu
826,局,Nf
826,口氣,Na
826,打出,VC
826,多,Neqa
826,支,Nf
826,安打,Na
826,，,COMMACATEGORY
826,以,Cbb
826,比反,VC
826,超,A
826,中華隊,Na
826,但,Cbb
826,旁,Ncd
826,的,DE
826,吉祥物,Na
826,啦啦隊,Na
826,及,Caa
826,球,Na
826,迷,VL
826,並,D
826,不,D
826,灰心,VH
826,，,COMMACATEGORY
826,反而,Cbb
826,更加,Dfa
826,賣力,VH
826,地,DE
826,替,P
826,選手,Na
826,加油,VB
826,打氣,VB
826,，,COMMACATEGORY
826,中華隊,Na
826,選手,Na
826,感受到,VK
826,了,Di
826,這,Nep
826,份,Nf
826,來自,VJ
826,全,Neqa
826,場,Nf
826,觀眾,Na
826,的,DE
826,愛,VL
826,，,COMMACATEGORY
826,育成,VC
826,做到,VE
826,了,Di
826,，,COMMACATEGORY
826,在,P
826,第六,Neu
826,局,Nf
826,打出,VC
826,追回,VC
826,比分,Na
826,的,DE
826,分,VC
826,全壘打,Na
826,這,Nep
826,支,Nf
826,替,P
826,中華隊,Na
826,追回,VC
826,比數,Na
826,分砲,VA
826,也,D
826,讓,VL
826,張育成,Nb
826,成為,VG
826,國民,Na
826,英雄,Na
826,，,COMMACATEGORY
826,洗,VC
826,先前,Nd
826,因,Cbb
826,兵役,Na
826,問題,Na
826,引來,VC
826,的,DE
826,謾罵,VA
826,質疑,VE
826,張育成,Nb
826,因為,Cbb
826,加入,VC
826,世界,Nc
826,棒球,Na
826,經典賽,Na
826,台灣,Nc
826,代表隊,Na
826,，,COMMACATEGORY
826,而,Cbb
826,陷入,VCL
826,兵役,Na
826,風波,Na
826,，,COMMACATEGORY
826,當時,Nd
826,他,Nh
826,在,P
826,限時,D
826,動態,Na
826,中,Ng
826,寫下,VC
826,求神,VA
826,按手,VA
826,在,P
826,每,Nes
826,個,Nf
826,人,Na
826,身,Na
826,上,Ncd
826,，,COMMACATEGORY
826,總,D
826,有,V_2
826,天,Nf
826,每,Nes
826,個,Nf
826,人,Na
826,定,D
826,會,D
826,為,P
826,我,Nh
826,鼓掌,VA
826,，,COMMACATEGORY
826,神愛,Na
826,每,Nes
826,個,Nf
826,人,Na
826,，,COMMACATEGORY
826,這,Nep
826,段,Nf
826,話,Na
826,如今,Nd
826,被,P
826,球迷,Na
826,們,Na
826,翻出,VC
826,，,COMMACATEGORY
826,驗證,VE
826,了,Di
826,他,Nh
826,當時,Nd
826,曾,D
826,說,VE
826,過,Di
826,的,DE
826,話,Na
826,，,COMMACATEGORY
826,而,Cbb
826,張育成,Nb
826,顯然,D
826,也,D
826,十分,Dfa
826,坦然,VH
826,看待,VC
826,兵役,Na
826,問題,Na
826,這,Nep
826,件,Nf
826,事,Na
826,，,COMMACATEGORY
826,在,P
826,昨晚,Nd
826,的,DE
826,比賽,Na
826,上,Ncd
826,追平,VC
826,比分,Na
826,後,Ng
826,，,COMMACATEGORY
826,面對,VC
826,全,Neqa
826,場,Nf
826,球,Na
826,迷起身,VH
826,敬禮,VB
826,致敬,VB
826,，,COMMACATEGORY
826,他,Nh
826,也,D
826,以,P
826,敬禮,VB
826,姿勢,Na
826,回敬,VJ
826,球迷,Na
826,以,Cbb
826,示,VE
826,慶祝,VE
826,，,COMMACATEGORY
826,也,D
826,十分,Dfa
826,期待,VK
826,今晚,Nd
826,點,Na
826,對上,VC
826,荷蘭,Nc
826,隊,Na
826,的,DE
826,比賽,Na
826,可以,D
826,再,D
826,看到,VE
826,張育成,Nb
826,的,DE
826,精彩,VH
826,表現,VC
827,還好,D
827,有,V_2
827,張育成,Nb
827,的,DE
827,滿貫砲,Na
827,不然,Cbb
827,九,Neu
827,局,Nf
827,送家豪,Na
827,被,P
827,打,VC
827,全壘打,Na
827,就,D
827,會,D
827,變成,VG
827,平手,VH
827,可能,D
827,就,D
827,要,D
827,吃,VC
827,鍋,Na
827,貼,VC
827,了,Di
827,嗎,T
828,安安,Nb
828,我,Nh
828,日,Nc
828,球迷,Na
828,啦,T
828,今天,Nd
828,部長,Na
828,的,DE
828,全壘打,Na
828,讓,VL
828,我,Nh
828,當場,D
828,叫,VE
828,了,Di
828,出來,VE
828,台灣,Nc
828,棒球史,Na
828,上,Ncd
828,國際賽,Na
828,哪,Nep
828,隻,Nf
828,全壘打,Na
828,讓,VL
828,你,Nh
828,印象,Na
828,最,Dfa
828,深刻,VH
828,呢,T
828,有,V_2
828,卦,Na
829,阿根廷,Nc
829,第,Neu
829,場,Nf
829,也,D
829,是,SHI
829,輸給,VD
829,弱隊,Na
829,被,P
829,罵暴,VC
829,說,VE
829,過,Di
829,譽,VC
829,了,Di
829,梅西,Nb
829,老,VH
829,了,Di
829,之類,Cab
829,的,DE
829,話,Na
829,後來,Nd
829,順利,VH
829,晉級,VJ
829,八,Neu
829,強,Na
829,最後,Nd
829,殺入,VCL
829,四,Neu
829,強,Na
829,我,Nh
829,恐怖,VH
829,中華隊,Na
829,會不會,D
829,先,D
829,輸場,VA
829,最後,Nd
829,連,Cbb
829,贏,VD
829,三,Neu
829,場,Nf
829,晉級,VJ
829,到,P
829,下,Nes
829,輪,Nf
829,這樣,VH
829,的,DE
829,劇本,Na
829,太,Dfa
829,美,VH
829,我,Nh
829,都,D
829,不,D
829,敢,VL
829,想像,VK
829,張育成,Nb
829,台灣,Nc
829,梅西,Nb
830,記得,VK
830,以前,Nd
830,的,DE
830,中華隊,Na
830,面對,VC
830,外國人,Na
830,總是,D
830,貧打,VH
830,，,COMMACATEGORY
830,鳥安,Na
830,短打,VA
830,，,COMMACATEGORY
830,好不容易,D
830,選,VC
830,個,Di
830,保送,VC
830,下,Nes
830,個,Nf
830,又,D
830,打,VC
830,雙,A
830,殺打,VC
830,當,P
830,大家,Nh
830,快,D
830,放棄,VC
830,的,DE
830,時候,Na
830,，,COMMACATEGORY
830,偶爾,D
830,有,V_2
830,個,Nf
830,人,Na
830,跳出來,VA
830,打,VC
830,個,Nf
830,當,P
830,你,Nh
830,以為,VE
830,有,V_2
830,機會,Na
830,的,DE
830,時候,Na
830,，,COMMACATEGORY
830,局,Nc
830,突然,D
830,又,D
830,莫名,VH
830,奇妙,VH
830,落後,VJ
830,了,Di
830,最後,Nd
830,半,Neqa
830,局,Nf
830,反攻,VC
830,大家,Nh
830,集氣,VA
830,，,COMMACATEGORY
830,可能,D
830,恰恰,D
830,好不容易,D
830,上壘,VA
830,，,COMMACATEGORY
830,然後,D
830,就,D
830,吃,VC
830,鍋,Na
830,貼,VC
830,了,Di
830,這,Nep
830,次,Nf
830,中華隊,Na
830,有,V_2
830,堆,Nf
830,全壘打,Na
830,長打,Na
830,有,V_2
830,保險,Na
830,分,VC
830,救援,VC
830,投手,Na
830,也,D
830,沒,VJ
830,雷,Na
830,這,Nep
830,次,Nf
830,色違,Nb
830,中華隊,Na
830,啊,T
830,，,COMMACATEGORY
830,跟,P
830,我,Nh
830,小時候,Nd
830,看,VC
830,的,DE
830,中華隊,Na
830,不樣,VH
831,如,P
831,題,Na
831,，,COMMACATEGORY
831,就,D
831,是,SHI
831,阿,T
831,中華隊,Na
831,大,VH
831,爆發,VJ
831,二,Neu
831,連勝,VH
831,如果,Cbb
831,明天,Nd
831,中華隊,Na
831,贏,VD
831,古巴,Nc
831,的,DE
831,話,Na
831,禮拜,VA
831,全,Neqa
831,國,Nc
831,放假,VH
831,天,Na
831,有沒有,D
831,搞頭,Na
831,有,V_2
831,卦,Na
832,太,Dfa
832,瞎,VH
832,了,T
832,吧,T
832,///,FW
832,雖然,Cbb
832,只,Da
832,是,SHI
832,繁體,Na
832,中文版,Na
832,而已,T
832,，,COMMACATEGORY
832,但,Cbb
832,這,Nep
832,的,DE
832,維基,Nb
832,百科,Na
832,頁面,Na
832,是,SHI
832,誰,Nh
832,去,D
832,亂改,VC
832,的,T
832,啊,T
833,今天,Nd
833,早上,Nd
833,發,VC
833,的,DE
833,文,Na
833,目前,Nd
833,已經,D
833,到,VCL
833,了,Di
833,第三,Neu
833,階段,Na
833,認為,VE
833,輸,VD
833,第,Neu
833,場,Nf
833,只,Da
833,是,SHI
833,隊伍,Na
833,狀態,Na
833,沒,D
833,調整好,VC
833,希望,VK
833,明天,Nd
833,不要,D
833,進入,VCL
833,下,Nes
833,個,Nf
833,階段,Na
833,順順利利,VH
833,的,DE
833,從頭,D
833,領先到,VC
833,尾,Na
833,拜託,VC
834,如果,Cbb
834,明天,Nd
834,古巴,Nc
834,勝,VH
834,中華隊,Na
834,，,COMMACATEGORY
834,義大利,Nc
834,勝,VH
834,荷蘭,Nc
834,，,COMMACATEGORY
834,導致隊,Na
834,的,DE
834,戰績,Na
834,都,D
834,是,SHI
834,勝,VH
834,敗,VH
834,中華,Nc
834,還,D
834,有,V_2
834,機會,Na
834,能,D
834,晉級,VJ
834,八,Neu
834,強,Na
834,嗎,T
835,結果,Dk
835,中國隊,Na
835,勝,VH
835,敗,VH
835,中華隊,Na
835,先後,Nd
835,打敗,VC
835,義大利,Nc
835,荷蘭,Nc
835,暫列,Nv
835,分組,VB
835,第,Neu
835,中華隊,Na
835,應該,D
835,是,SHI
835,能,D
835,贏,VD
835,啦,T
835,廠廠,Nc
836,我,Nh
836,是,SHI
836,原,D
836,啦,T
836,非常,Dfa
836,恭喜,VJ
836,中華隊,Na
836,/,FW
836,台灣隊,Na
836,/,FW
836,福爾摩沙隊,Na
836,/,FW
836,中華,Nc
836,台北隊,Na
836,今天,Nd
836,大勝,VJ
836,荷蘭,Nc
836,俗話說,Dk
836,得,DE
836,好,VH
836,，,COMMACATEGORY
836,男子,Na
836,漢言,Nb
836,既,Cbb
836,出駟馬難,VH
836,追,VC
836,我,Nh
836,說到,VE
836,就,D
836,會,D
836,做到,VE
836,接下,VC
836,來年,Nd
836,絕對,D
836,不,D
836,尻,VH
836,，,COMMACATEGORY
836,當然,D
836,也,D
836,不,D
836,做愛,VA
836,如,Cbb
836,有,V_2
836,違反,VJ
836,，,COMMACATEGORY
836,終生,Na
836,陽痿,VH
836,天,Nc
836,上,Ncd
836,的,DE
836,主,Na
836,/,FW
836,佛菩薩,Na
836,/,FW
836,玉皇大帝,Nb
836,/,FW
836,阿拉,Nb
836,/,FW
836,及,Caa
836,其他,Neqa
836,看,VE
836,不,D
836,見,VE
836,的,DE
836,存在,VA
836,見證,Na
837,明天,Nd
837,如果,Cbb
837,贏,VD
837,古巴,Nc
837,東京,Nc
837,就,D
837,是,SHI
837,對到,VC
837,澳洲,Nc
837,打,VC
837,澳洲,Nc
837,比,P
837,打,VC
837,日本,Nc
837,容易,VH
837,多,Neqb
837,了,T
837,吧,T
837,中華隊,Na
837,是,SHI
837,不,D
837,是,SHI
837,能,D
837,舉進入,VCL
837,史無前例,VH
837,的,DE
837,四,Neu
837,強,Na
838,中華隊,Na
838,訪問,VC
838,過程,Na
838,看起來,D
838,很,Dfa
838,累,VHC
838,了,T
838,記者,Na
838,還,D
838,問題,Na
838,堆,VC
838,還是,Caa
838,台灣,Nc
838,記者,Na
838,不,D
838,讓,VL
838,中華隊,Na
838,早點,D
838,回去,VA
838,休息,VA
838,明早,Nd
838,還,D
838,要,D
838,到,VCL
838,球場,Nc
838,備戰,VA
838,耶,T
838,有,V_2
838,沒,D
838,有,V_2
838,記者,Na
838,臥底,VA
838,的,DE
838,卦,Na
839,///,FW
839,光芒,Na
839,真的,D
839,很,Dfa
839,搞笑,VA
839,去年,Nd
839,張育成,Nb
839,表現,VC
839,不,D
839,差,VH
839,也,D
839,放走,VC
839,在,P
839,此,Nep
839,恭喜,VJ
839,紅襪,Nb
839,此外,Cbb
839,希望,VK
839,主委,Na
839,能,D
839,重返,VCL
839,大聯盟,Na
839,中職,Na
839,球員,Na
839,這,Nep
839,次,Nf
839,表現,VC
839,不,D
839,輸,VD
839,大聯盟,Na
840,最近,Nd
840,兩,Neu
840,天,Nf
840,中華隊,Na
840,都,D
840,贏,VD
840,球,Na
840,如果,Cbb
840,肥宅,Na
840,有,V_2
840,進場,VA
840,看,VC
840,的話,Cba
840,是,SHI
840,不,D
840,是,SHI
840,會,D
840,讓,VL
840,肥宅,Na
840,大加分,VC
840,呢,T
841,中華隊,Na
841,力壓,VC
841,荷蘭,Nc
841,搶勝,VA
841,陳建仁,Nb
841,敬禮,VB
841,致敬,VB
841,選手,Na
841,繼續,VF
841,拚,VC
841,記者,Na
841,陳家祥,Nb
841,台北,Nc
841,報導,VE
841,年,Na
841,世界,Nc
841,棒球,Na
841,經典賽,Na
841,再次,D
841,回到,VCL
841,台灣,Nc
841,舉行,VC
841,小組賽,Na
841,，,COMMACATEGORY
841,中華隊,Na
841,日,Na
841,晚間,Nd
841,以,P
841,比,P
841,力壓,VC
841,荷蘭,Nc
841,搶下,VC
841,關鍵,Na
841,第,Neu
841,勝,VH
841,，,COMMACATEGORY
841,振奮,VHC
841,全,Neqa
841,台,Nc
841,球迷,Na
841,行政院長,Na
841,陳建仁,Nb
841,晚間,Nd
841,也,D
841,透過,P
841,臉書,Na
841,做出,VC
841,敬禮,VB
841,手勢,Na
841,，,COMMACATEGORY
841,不,D
841,只,Da
841,是,SHI
841,致敬,VB
841,本,Nes
841,屆,Nf
841,打擊,Na
841,表現,VC
841,絕佳,VH
841,的,DE
841,張育成,Nb
841,，,COMMACATEGORY
841,也,D
841,向,P
841,所有,Neqa
841,這,Nep
841,幾,Neu
841,天,Nf
841,在,P
841,棒球場,Nc
841,上,Ncd
841,，,COMMACATEGORY
841,奮力,D
841,求勝,VA
841,拚勁,Na
841,十足,VH
841,的,DE
841,台灣,Nc
841,選,VC
841,手們,Na
841,致敬,VB
841,，,COMMACATEGORY
841,繼續,VF
841,加油,VB
841,繼續,VF
841,拚,VC
842,媒體,Na
842,來源,Na
842,聯合,VC
842,新聞網,Na
842,記者,Na
842,署名,VC
842,廖炳棋,Nb
842,完整,VH
842,新聞,Na
842,標題,Na
842,國際,Nc
842,自由車,Na
842,環台,A
842,賽,Na
842,明,VH
842,登場,VA
842,沿路,D
842,賽點,Na
842,交通,Na
842,管制,Nv
842,完整,VH
842,新聞,Na
842,內文,Na
842,///,FW
842,▲年,Nd
842,國際,Nc
842,自由車,Na
842,環,VC
842,台,Nc
842,公路,Na
842,大賽,Na
842,，,COMMACATEGORY
842,日,Na
842,起,Ng
842,在,P
842,台灣,Nc
842,舉辦,VC
842,，,COMMACATEGORY
842,警政署,Nc
842,公布,VE
842,賽程,Na
842,及,Caa
842,路線,Na
842,，,COMMACATEGORY
842,沿路,D
842,將,D
842,有,V_2
842,交通,Na
842,管制,Nv
842,記者,Na
842,廖炳棋,Nb
842,/,FW
842,翻攝,VC
842,年,Nf
842,國際,Nc
842,自由車,Na
842,環,VC
842,台,Nc
842,公路,Na
842,大賽,Na
842,，,COMMACATEGORY
842,將,D
842,從,P
842,月,Na
842,日,Nd
842,至,P
842,日分站,Nc
842,舉行,VC
842,，,COMMACATEGORY
842,今年,Nd
842,賽事,Na
842,列為,VG
842,國際,Nc
842,自由,Na
842,車,Na
842,總會級,Na
842,頂尖,VH
842,賽事,Na
842,，,COMMACATEGORY
842,為,P
842,亞洲,Nc
842,規模,Na
842,最,Dfa
842,大,VH
842,且,Caa
842,具,VJ
842,指標性,Na
842,的,DE
842,公路,Na
842,大賽,Na
842,，,COMMACATEGORY
842,也,D
842,是,SHI
842,台灣,Nc
842,舉辦,VC
842,重要,VH
842,國際級,Na
842,運動賽會,Na
842,之,Nh
842,，,COMMACATEGORY
842,屆時,D
842,將,D
842,有,V_2
842,來自,VJ
842,全球,Nc
842,個,Nf
842,國家,Na
842,個,Nf
842,頂級,A
842,職業,Na
842,車隊,Na
842,或,Caa
842,國家隊,Na
842,知名,VH
842,職業,Na
842,明星,Na
842,選手,Na
842,約位,Nb
842,菁英,Na
842,參賽,VA
842,警政署,Nc
842,指出,VE
842,，,COMMACATEGORY
842,今年,Nd
842,的,DE
842,競賽,Na
842,路線,Na
842,將,D
842,自,P
842,台北市,Nc
842,揭開,VC
842,序幕,Na
842,後,Ng
842,，,COMMACATEGORY
842,由,P
842,北,Ncd
842,向,P
842,南,Ncd
842,進行,VC
842,各,Nes
842,站,Nc
842,競賽,Na
842,，,COMMACATEGORY
842,各,Nes
842,站,Nc
842,競賽,VA
842,時間,Na
842,地點,Na
842,如,P
842,下,Ncd
842,第,Neu
842,站,Nc
842,台北市,Nc
842,站,VA
842,年,Na
842,台北市,Nc
842,仁愛路,Nc
842,繞圈賽,Na
842,，,COMMACATEGORY
842,全程,D
842,公里,Nf
842,二第,Nb
842,站,VA
842,桃園市站,Nc
842,年,Na
842,桃園,Nc
842,市政府,Nc
842,至,Caa
842,桃園市,Nc
842,復興區,Nc
842,角板山,Nc
842,公園,Nc
842,，,COMMACATEGORY
842,全程,D
842,公里,Nf
842,三第,Nb
842,站,VA
842,浪漫,VH
842,台三線站,Nc
842,年,Na
842,新竹縣,Nc
842,竹北市,Nc
842,光明六路,Nc
842,東段,Nc
842,與,Caa
842,高,VH
842,鐵七路,Nc
842,交岔口,Nc
842,至,Caa
842,台中市,Nc
842,石岡,Nc
842,旅客,Na
842,服務,VC
842,中心,Nc
842,，,COMMACATEGORY
842,全程,D
842,公里,Nf
842,四第,Nb
842,站,Nc
842,南投縣,Nc
842,站,Nc
842,年,Na
842,南投縣政府,Nc
842,至,Caa
842,日月潭,Nc
842,向,P
842,山,Na
842,遊客,Na
842,中心,Nc
842,，,COMMACATEGORY
842,全程,D
842,公里,Nf
842,五第,Nb
842,站,VA
842,高雄市,Nc
842,站,Nc
842,年,Na
842,佛光山,Nc
842,佛陀,Na
842,紀念館,Nc
842,至,Caa
842,高雄,Nc
842,國家,Na
842,體育場,Nc
842,，,COMMACATEGORY
842,全程,D
842,公里,Nf
842,警政署,Nc
842,表示,VE
842,，,COMMACATEGORY
842,為,P
842,確保,VE
842,各,Nes
842,站,Nc
842,競賽,Na
842,賽道,Na
842,行車,VA
842,順暢,VH
842,，,COMMACATEGORY
842,維護,VC
842,交通,Na
842,秩序,Na
842,及,Caa
842,選手,Na
842,安全,Nv
842,，,COMMACATEGORY
842,已,D
842,通報,VE
842,各,Nes
842,相關,VH
842,警,Na
842,察局,Nc
842,落實,VHC
842,執行,VC
842,交通,Na
842,管制,Nv
842,勤務,Na
842,特別,VH
842,呼籲,VE
842,用,P
842,路人,Na
842,在,P
842,各,Nes
842,站,Nc
842,賽會,Na
842,期間,Na
842,，,COMMACATEGORY
842,隨時,D
842,收聽,VC
842,警察,Na
842,廣播,Na
842,電臺路,Nc
842,況,Cbb
842,報導,VE
842,，,COMMACATEGORY
842,配合,VC
842,提前,VB
842,改道,VA
842,行駛,VA
842,，,COMMACATEGORY
842,避開,VC
842,競賽,Na
842,管制,Nv
842,區域,Na
842,，,COMMACATEGORY
842,並,Cbb
842,遵守,VJ
842,賽道,Na
842,各,Nes
842,路口,Nc
842,員警,Na
842,指揮,VC
842,疏導,VC
842,，,COMMACATEGORY
842,以免,Cbb
842,增加,VHC
842,管制,Nv
842,區域,Nc
842,周邊,Nc
842,道路,Na
842,車流,Na
842,延滯,VA
842,及,Caa
842,耽誤,VC
842,行車,VA
842,時間,Na
842,，,COMMACATEGORY
842,共同,A
842,維護,VC
842,交通,Na
842,順暢,VH
842,與,Caa
842,賽事,Na
842,安全,VH
842,環台賽,Na
842,相關,VH
842,活動,Na
842,資訊,Na
842,可,D
842,上,VCL
842,環台賽,Na
842,官方,Na
842,網站,Nc
842,，,COMMACATEGORY
842,或,Caa
842,各,Nes
842,站,Nc
842,所,D
842,轄,VC
842,警,Na
842,察局,Nc
842,全球,Nc
842,資訊,Na
842,網站,Nc
842,查詢,VE
842,///,FW
842,▲年,Nd
842,國際,Nc
842,自由車,Na
842,環,VC
842,台,Nc
842,公路,Na
842,大賽,Na
842,，,COMMACATEGORY
842,日,Na
842,起,Ng
842,在,P
842,台灣,Nc
842,舉辦,VC
842,，,COMMACATEGORY
842,警政署,Nc
842,公布,VE
842,賽程,Na
842,及,Caa
842,路線,Na
842,，,COMMACATEGORY
842,沿路,D
842,將,D
842,有,V_2
842,交通,Na
842,管制,Nv
842,記者,Na
842,廖炳棋,Nb
842,/,FW
842,翻攝,VC
842,///,FW
842,▲年,Nd
842,國際,Nc
842,自由車,Na
842,環,VC
842,台,Nc
842,公路,Na
842,大賽,Na
842,，,COMMACATEGORY
842,日,Na
842,起,Ng
842,在,P
842,台灣,Nc
842,舉辦,VC
842,，,COMMACATEGORY
842,警政署,Nc
842,公布,VE
842,賽程,Na
842,及,Caa
842,路線,Na
842,，,COMMACATEGORY
842,沿路,D
842,將,D
842,有,V_2
842,交通,Na
842,管制,Nv
842,記者,Na
842,廖炳棋,Nb
842,/,FW
842,翻攝,VC
842,完整,VH
842,新聞,Na
842,連結,VC
842,或,Caa
842,短,VH
842,網址,Na
842,不可,D
842,用,VC
842,等,Cab
842,轉載,VC
842,媒體,Na
842,//////,FW
842,備註,VE
842,///,FW
842,中華隊,Na
842,成員,Na
842,張誌盛,Nb
842,劉恩杰,Nb
842,盧紹軒,Nb
842,馮俊凱,Nb
842,杜志豪,Nb
842,預祝,VE
842,能,D
842,在,P
842,阿凱,Nb
842,的,DE
842,領軍,VA
842,之下,Ng
842,得到,VJ
842,好,VH
842,成績,Na
842,/,FW
843,備註,VE
843,請,VF
843,放,VC
843,最後,Nd
843,面違,VC
843,者,Na
843,新聞,Na
843,文章,Na
843,刪除,VC
843,媒體,Na
843,來源,Na
843,聯合報,Nb
843,記者,Na
843,署名,VC
843,蘇志畬,Nb
843,完整,VH
843,新聞,Na
843,標題,Na
843,經典賽,Na
843,荷蘭,Nc
843,賽程,Na
843,有利,VK
843,教頭,Na
843,可以,D
843,調時,VC
843,差,VH
843,完整,VH
843,新聞,Na
843,內文,Na
843,世界,Nc
843,棒球,Na
843,經典賽,Na
843,今天,Nd
843,開打,VH
843,，,COMMACATEGORY
843,荷蘭隊,Na
843,先,D
843,打,VC
843,兩,Neu
843,天,Nf
843,午場,Na
843,後,Ng
843,休兵天,Nd
843,，,COMMACATEGORY
843,再,D
843,打,VC
843,兩,Neu
843,場,Nf
843,晚場,Na
843,，,COMMACATEGORY
843,總教練,Na
843,穆倫斯,Nb
843,認證,VA
843,自家,Nc
843,球隊,Na
843,賽程,Na
843,最佳,VH
843,，,COMMACATEGORY
843,對,P
843,我們,Nh
843,有利,VK
843,，,COMMACATEGORY
843,可以,D
843,調整,VC
843,時差,Na
843,荷蘭隊,Na
843,今天,Nd
843,中午,Nd
843,對決,VA
843,古巴隊,Na
843,，,COMMACATEGORY
843,接下來,D
843,依序,D
843,交手,VA
843,巴拿馬,Nc
843,中華隊,Na
843,義大利隊,Na
843,，,COMMACATEGORY
843,對,P
843,中華隊,Na
843,前,Ng
843,還,D
843,有,V_2
843,天,Nc
843,休息,VA
843,，,COMMACATEGORY
843,穆倫斯,Nb
843,表示,VE
843,，,COMMACATEGORY
843,前,Nes
843,兩,Neu
843,場,Nf
843,與,Caa
843,後,Nes
843,兩,Neu
843,場,Nf
843,間,Ng
843,的,DE
843,休兵日,Nd
843,，,COMMACATEGORY
843,可以,D
843,透過,P
843,這樣,VH
843,的,DE
843,調整,VC
843,去,D
843,運用,VC
843,投手,Na
843,陣,Na
843,容,VE
843,，,COMMACATEGORY
843,最後,Nd
843,兩,Neu
843,天,Nf
843,排出,VC
843,最,Dfa
843,好,VH
843,的,DE
843,陣容,Na
843,荷蘭隊,Na
843,在,P
843,官辦,VH
843,熱身賽,Na
843,二,Neu
843,連敗,VH
843,，,COMMACATEGORY
843,穆倫斯,Nb
843,表示,VE
843,，,COMMACATEGORY
843,球員,Na
843,目前,Nd
843,還,D
843,多少,D
843,有,V_2
843,受到,VJ
843,時差,Na
843,影響,VC
843,，,COMMACATEGORY
843,所以,Cbb
843,前,Nes
843,兩,Neu
843,天,Nf
843,打午場,Nc
843,對,P
843,我們,Nh
843,比較,Dfa
843,有利,VK
843,，,COMMACATEGORY
843,隨著,P
843,時差,Na
843,慢慢,VH
843,調整,VC
843,，,COMMACATEGORY
843,接下來,D
843,打,VC
843,晚場,Na
843,我們,Nh
843,會,D
843,做好,VC
843,準備,VC
843,穆倫斯,Nb
843,認為,VE
843,組,Nc
843,戰力,Na
843,十分,Dfa
843,平均,VH
843,，,COMMACATEGORY
843,巴拿馬,Nc
843,義大利,Nc
843,都,D
843,有,V_2
843,大聯盟,Na
843,的,DE
843,球員,Na
843,，,COMMACATEGORY
843,古巴,Nc
843,也,D
843,有,V_2
843,許多,Neqa
843,現役,A
843,及,Caa
843,前,Ncd
843,大聯盟,Na
843,好手,Na
843,，,COMMACATEGORY
843,中華隊,Na
843,陣容,Na
843,年輕,VH
843,，,COMMACATEGORY
843,但,Cbb
843,有,V_2
843,來自,VJ
843,世界,Nc
843,各,Nes
843,地,Na
843,打球,VA
843,的,DE
843,球員,Na
843,，,COMMACATEGORY
843,我們,Nh
843,必須,D
843,要,D
843,努力,VH
843,才,Da
843,能,D
843,擊敗,VC
843,其他,Neqa
843,隊伍,Na
843,荷蘭隊,Na
843,陣,Na
843,中,Ncd
843,有名,VH
843,游擊手,Na
843,，,COMMACATEGORY
843,西蒙斯葛瑞格里歐斯,Nb
843,波賈茲,Nb
843,，,COMMACATEGORY
843,如何,D
843,安排,VE
843,位置,Na
843,是,SHI
843,甜蜜,VH
843,負擔,VC
843,，,COMMACATEGORY
843,穆倫斯,Nb
843,表示,VE
843,，,COMMACATEGORY
843,三,Neu
843,人,Na
843,都,D
843,是,SHI
843,游擊,Na
843,不二,A
843,人選,Na
843,，,COMMACATEGORY
843,但,Cbb
843,最終,D
843,決定,VE
843,讓,VL
843,葛瑞格里歐斯,Nb
843,守壘,VA
843,完整,VH
843,新聞,Na
843,連結,VC
843,或,Caa
843,短,VH
843,網址,Na
843,不可,D
843,用,VC
843,等,Cab
843,轉載,VC
843,媒體,Na
843,///////,FW
843,備註,VE
843,時差,Na
843,問題,Na
843,影響,Na
843,這麼,Dfa
843,大,VH
843,喔,T
843,，,COMMACATEGORY
843,荷蘭,Nc
843,今天,Nd
843,晚場,Na
843,輸球,VH
843,，,COMMACATEGORY
843,明天,Nd
843,他們,Nh
843,也,D
843,是,SHI
843,晚場,Na
843,，,COMMACATEGORY
843,感覺,VK
843,他們,Nh
843,不,D
843,太,Dfa
843,妙,VH
843,欸,I
843,，,COMMACATEGORY
843,還是,D
843,因為,Cbb
843,中間,Ncd
843,休息,VA
843,天手感,Na
843,沒,VJ
843,了,T
844,各位,Nh
844,奶,Na
844,三十,Neu
844,公分,Nf
844,帥哥,Na
844,美女,Na
844,大家,Nh
844,晚安,VH
844,大家,Nh
844,豪ㄛ,VH
844,就,D
844,是,SHI
844,阿小,Nb
844,魯熊熊,Nb
844,想到,VE
844,個,Di
844,好奇,VH
844,的,DE
844,問題,Na
844,想,VE
844,問問,VE
844,大家,Nh
844,，,COMMACATEGORY
844,今天,Nd
844,晚上,Nd
844,中華隊,Na
844,碰上,VC
844,強敵,Na
844,荷蘭隊,Na
844,，,COMMACATEGORY
844,以,P
844,九,Neu
844,比,VC
844,五,Neu
844,擊敗,VC
844,荷蘭,Nc
844,，,COMMACATEGORY
844,恭喜,VJ
844,中華隊,Na
844,昨天,Nd
844,對上,VC
844,義大利,Nc
844,吃,VC
844,義大利麵,Na
844,吃,VC
844,鳳梨,Na
844,披薩,Na
844,，,COMMACATEGORY
844,那,Nep
844,對,Nf
844,上古巴,Na
844,要,D
844,吃,VC
844,甚麼,Nep
844,古巴,Nc
844,對,P
844,台灣,Nc
844,來,D
844,說,VE
844,太,Dfa
844,遙遠,VH
844,且,Caa
844,陌生,VI
844,了,T
844,，,COMMACATEGORY
844,只,Da
844,能,D
844,從,P
844,新聞,Na
844,上,Ng
844,聽到,VE
844,古巴,Nc
844,號稱,VG
844,紅色,Na
844,閃電,Na
844,，,COMMACATEGORY
844,對,P
844,古巴,Nc
844,的,DE
844,了解,VK
844,只有,Cbb
844,強人,Na
844,卡斯楚,Nb
844,棒球,Na
844,很,Dfa
844,強,VH
844,，,COMMACATEGORY
844,其他,Neqa
844,風土,Na
844,名情,Na
844,就,D
844,像,VG
844,個,Di
844,謎,Na
844,，,COMMACATEGORY
844,因為,Cbb
844,小魯,Nb
844,連,Cbb
844,美洲,Nc
844,都,D
844,沒,D
844,去,VCL
844,過,Di
844,，,COMMACATEGORY
844,更,Dfa
844,不用說,Dk
844,古巴,Nc
844,了,T
844,，,COMMACATEGORY
844,想,VE
844,問問,VE
844,看,Di
844,大家,Nh
844,對上,VC
844,古巴,Nc
844,要,D
844,吃,VC
844,啥,Nep
844,才,Da
844,有,V_2
844,意義,Na
844,，,COMMACATEGORY
844,有,V_2
844,沒有,VJ
844,明天,Nd
844,中華隊,Na
844,對上,VC
844,古巴隊,Na
844,，,COMMACATEGORY
844,明天,Nd
844,早餐,Na
844,要,D
844,吃,VC
844,甚麼,Nep
844,比較,Dfa
844,有,V_2
844,代表,Na
844,意義,Na
844,的,DE
844,八卦,Na
844,啊,T
845,歷史,Na
845,上,Ng
845,中華隊,Na
845,國際賽,Na
845,從未,D
845,三,Neu
845,連勝,VH
845,加上,Cbb
845,今天,Nd
845,投手,Na
845,已經,D
845,用光,VC
845,了,Di
845,明天,Nd
845,剩下,VJ
845,大多,Neqa
845,是,SHI
845,輸,VD
845,巴拿馬,Nc
845,的,DE
845,那,Nep
845,幾,Neu
845,位,Nf
845,再,D
845,加上,VC
845,愛國,VH
845,球迷,Na
845,和,Caa
845,跟風仔,Na
845,定下,VC
845,中華隊,Na
845,明天,Nd
845,古巴,Nc
845,是,SHI
845,不,D
845,是,SHI
845,就,P
845,財富,Na
845,自由,VH
845,了,T
846,剛才,Nd
846,在,P
846,棒球板,Na
846,有,V_2
846,看到,VE
846,球迷,Na
846,提到,VE
846,本,Nes
846,屆,Nf
846,中華隊,Na
846,的,DE
846,特色,Na
846,就,D
846,是,SHI
846,史,Na
846,上,Ng
846,最,Dfa
846,強,VH
846,打線,VA
846,最,Dfa
846,弱,VH
846,投手,Na
846,陣容,Na
846,組合,VC
846,起來,Di
846,的,DE
846,中華隊,Na
846,蹦出,VC
846,新,VH
846,滋味,Na
846,鄉民,Na
846,認同,VJ
846,嗎,T
846,有無,VJ
846,八卦,Na
847,備註,VE
847,請,VF
847,放,VC
847,最後,Nd
847,面違,VC
847,者,Na
847,新聞,Na
847,文章,Na
847,刪除,VC
847,媒體,Na
847,來源,Na
847,東森,Nc
847,新聞,Na
847,雲,VE
847,記者,Na
847,署名,VC
847,記者,Na
847,楊舒帆,Nb
847,台中,Nc
847,報導,VE
847,完整,VH
847,新聞,Na
847,標題,Na
847,中職,Na
847,林立,VH
847,躍,VA
847,升,VC
847,經典賽,Na
847,安打,Na
847,王,Na
847,證明,VE
847,中職,Na
847,打者,Na
847,站上,VCL
847,國際賽,Na
847,完整,VH
847,新聞,Na
847,內文,Na
847,/////,FW
847,記者,Na
847,楊舒帆,Nb
847,台中,Nc
847,報導,VE
847,經典賽,Na
847,中華隊,Na
847,日,Na
847,對戰,VA
847,荷蘭,Nc
847,，,COMMACATEGORY
847,目前,Nd
847,累計,VJ
847,支安點,Na
847,躍升,VG
847,經典賽,Na
847,安打,Na
847,王,Na
847,，,COMMACATEGORY
847,他,Nh
847,坦言,VE
847,，,COMMACATEGORY
847,能,D
847,晉,Nd
847,中華隊,Na
847,就,D
847,是,SHI
847,肯定,VK
847,，,COMMACATEGORY
847,證明,VE
847,自己,Nh
847,，,COMMACATEGORY
847,無形,VH
847,中,Ng
847,代表,VC
847,中職,Na
847,他,Nh
847,說,VE
847,，,COMMACATEGORY
847,大家,Nh
847,把,P
847,最,Dfa
847,好,VH
847,的,DE
847,表現,Na
847,展現出來,VB
847,，,COMMACATEGORY
847,做到,VE
847,自己,Nh
847,該,D
847,做,VC
847,的,T
847,，,COMMACATEGORY
847,對,P
847,自己,Nh
847,的,DE
847,肯定,Nv
847,，,COMMACATEGORY
847,達到,VJ
847,目標,Na
847,是,SHI
847,好,VH
847,的,DE
847,結,VC
847,果,Cbb
847,林立,VH
847,去年,Nd
847,從,P
847,外野,Nc
847,調整到,VC
847,二壘,Na
847,，,COMMACATEGORY
847,打擊,Na
847,表現,VC
847,亮眼,VH
847,打出,VC
847,生涯,Na
847,年,Na
847,，,COMMACATEGORY
847,總計,Da
847,支,VC
847,安打,Na
847,分,VC
847,打點,Na
847,打,VC
847,擊率,VC
847,成都,Nc
847,是,SHI
847,聯盟第,Na
847,，,COMMACATEGORY
847,是,SHI
847,中職,Na
847,的,DE
847,指標性,Na
847,打者,Na
847,，,COMMACATEGORY
847,如今,Nd
847,躍上,VCL
847,國際,Nc
847,舞台,Na
847,證明,VE
847,身手,Na
847,林立,VH
847,表示,VE
847,，,COMMACATEGORY
847,中職,Na
847,打者,Na
847,沒有,D
847,太,Dfa
847,差,VH
847,，,COMMACATEGORY
847,陳傑憲,Nb
847,江坤宇,Nb
847,都,D
847,打,VC
847,很,Dfa
847,好,VH
847,，,COMMACATEGORY
847,不管,Cbb
847,是,SHI
847,攻守,VA
847,盡力表,Na
847,現,D
847,，,COMMACATEGORY
847,能,D
847,進,VC
847,中華隊,Na
847,就,D
847,是,SHI
847,肯定,VK
847,，,COMMACATEGORY
847,有,V_2
847,好,VH
847,表現,Na
847,就,D
847,是,SHI
847,證明,VE
847,自己,Nh
847,自己,Nh
847,無形,VH
847,中,Ng
847,代表,VC
847,中職,Na
847,，,COMMACATEGORY
847,可以,D
847,在,P
847,國,Nc
847,際,Nd
847,舞台,Na
847,上,Ng
847,跟,P
847,對方,Nh
847,對抗,VC
847,，,COMMACATEGORY
847,不,D
847,是,SHI
847,輕易,D
847,能,D
847,被,P
847,解決,VC
847,的,DE
847,打者,Na
847,，,COMMACATEGORY
847,也,D
847,不會,D
847,因為,Cbb
847,自己,Nh
847,在,P
847,中職,Na
847,就,D
847,隨便,VH
847,，,COMMACATEGORY
847,每,Nes
847,次,Nf
847,比,P
847,賽,Na
847,都,D
847,保持,VJ
847,纏鬥性,Na
847,，,COMMACATEGORY
847,讓,VL
847,對方,Nh
847,有,V_2
847,壓力,Na
847,談到,VE
847,打擊,Na
847,近況,Na
847,火燙,Na
847,，,COMMACATEGORY
847,林立,VH
847,坦,VH
847,言,VE
847,，,COMMACATEGORY
847,身為,VG
847,指定,VE
847,打者,Na
847,，,COMMACATEGORY
847,教練,Na
847,安排,VE
847,這樣,VH
847,的,DE
847,角色,Na
847,，,COMMACATEGORY
847,每,Nes
847,次,Nf
847,攻擊,Nv
847,都,D
847,要,D
847,對,P
847,球,Na
847,隊,Na
847,也,D
847,幫助,VC
847,，,COMMACATEGORY
847,推進,VAC
847,保送,VC
847,都,D
847,很,Dfa
847,重要,VH
847,後面,Ncd
847,就,D
847,是,SHI
847,棒,VH
847,，,COMMACATEGORY
847,只要,Cbb
847,有,D
847,上壘,VA
847,，,COMMACATEGORY
847,子偉,Nb
847,育成,VC
847,打起來,D
847,有,V_2
847,破壞性,Na
847,，,COMMACATEGORY
847,投手,Na
847,會,D
847,怕,VK
847,中心,Nc
847,打者,Na
847,，,COMMACATEGORY
847,用,P
847,速度,Na
847,壓迫,VC
847,他們,Nh
847,，,COMMACATEGORY
847,直球,Na
847,多點,Neqa
847,，,COMMACATEGORY
847,可以,D
847,好,VH
847,掌握,VC
847,的,DE
847,好球,Na
847,打,VC
847,，,COMMACATEGORY
847,相信,VK
847,隊友,Na
847,從,P
847,首,Nes
847,戰,Na
847,落敗,VH
847,到,P
847,連勝,VH
847,，,COMMACATEGORY
847,團隊,Na
847,氣氛,Na
847,轉變,VHC
847,，,COMMACATEGORY
847,林立,VH
847,說,VE
847,，,COMMACATEGORY
847,比賽,Na
847,有,D
847,輸,VD
847,有,V_2
847,贏,VD
847,，,COMMACATEGORY
847,沒有,D
847,絕對,D
847,贏,VD
847,球,Na
847,的,DE
847,比賽,Na
847,，,COMMACATEGORY
847,輸球,VH
847,很,Dfa
847,懊惱,VH
847,，,COMMACATEGORY
847,大家,Nh
847,都,D
847,想,VE
847,贏,VD
847,球,Na
847,讓,VL
847,我們,Nh
847,重新,D
847,振作,VHC
847,，,COMMACATEGORY
847,今天,Nd
847,是,SHI
847,我們,Nh
847,第二,Neu
847,勝,VH
847,，,COMMACATEGORY
847,明天,Nd
847,更,Dfa
847,關鍵,VH
847,教練團,Na
847,交代,VE
847,球員,Na
847,，,COMMACATEGORY
847,早,D
847,睡,VA
847,早起,VA
847,好好,VH
847,比賽,VA
847,拿下,VC
847,勝利,VH
847,/////,FW
847,完整,VH
847,新聞,Na
847,連結,VC
847,或,Caa
847,短,VH
847,網址,Na
847,不可,D
847,用,VC
847,等,Cab
847,轉載,VC
847,媒體,Na
847,////,FW
847,備註,VE
848,棒球,Na
848,經典賽,Na
848,伙食,Na
848,都,D
848,是,SHI
848,饗食,VC
848,天堂,Nc
848,送,VD
848,巴費,Nb
848,來,D
848,該,D
848,給,P
848,古巴,Nc
848,吃,VC
848,主廚,Na
848,要,D
848,準備,VC
848,什麼,Nep
848,古巴,Nc
848,吃,VC
848,了,Di
848,才,Da
848,會,D
848,輸,VD
848,有,V_2
848,沒,D
848,有,V_2
848,卦,Na
849,如,P
849,提拉,Nb
849,是,SHI
849,這樣,VH
849,的,DE
849,拉,VC
849,今天,Nd
849,中華隊,Na
849,喜迎,VC
849,連勝,VH
849,是,SHI
849,說,VE
849,這,Nep
849,個,Nf
849,是,SHI
849,不,D
849,是,SHI
849,很,Dfa
849,像,VG
849,灌籃,VA
849,高手,Na
849,的,DE
849,劇情,Na
849,中華隊,Na
849,湘北,Nc
849,贏,VD
849,了,Di
849,最,Dfa
849,強,VH
849,的,DE
849,荷蘭山,Nc
849,王,Na
849,跟,P
849,次,Nes
849,強,VH
849,義大利,Nc
849,豐玉,Nb
849,明天,Nd
849,古巴,Nc
849,有,V_2
849,沒有,D
849,可能,D
849,是,SHI
849,愛,Na
849,和,Caa
849,有,V_2
849,沒,D
849,有,V_2
849,八卦,Na
849,口,Na
849,~,FW
850,大家,Nh
850,好,VH
850,我,Nh
850,半,Neqa
850,日,Nf
850,球迷,Na
850,我們,Nh
850,都,D
850,知道,VK
850,中華隊,Na
850,只要,Cbb
850,再,D
850,打下,VC
850,古巴,Nc
850,就,D
850,能,D
850,拿下,VC
850,組第,Na
850,晉級,VJ
850,八,Neu
850,強,Na
850,可是,Cbb
850,古巴,Nc
850,是,SHI
850,能,D
850,輕取,VC
850,的,DE
850,對手,Na
850,嗎,T
850,以前,Nd
850,印象,Na
850,中,Ng
850,對上,VC
850,古巴隊,Na
850,雖然,Cbb
850,不見得,D
850,定,D
850,被,P
850,痛宰,VC
850,但是,Cbb
850,球風,Na
850,強悍,VH
850,取分,VH
850,不易,VH
850,怎麼,D
850,打,VC
850,古巴,Nc
850,有,V_2
850,沒,D
850,有,V_2
850,八卦,Na
851,媒體,Na
851,來源,Na
851,中時,Nb
851,記者,Na
851,署名,VC
851,陳淑娥,Nb
851,完整,VH
851,新聞,Na
851,標題,Na
851,祭品,Na
851,文,Na
851,經典賽,Na
851,中華隊,Na
851,迎戰,VC
851,荷蘭,Nc
851,江啟臣,Nb
851,獲勝,VH
851,就,D
851,在,P
851,這,Nep
851,發份,VC
851,雞排,Na
851,完整,VH
851,新聞,Na
851,內文,Na
851,世界,Nc
851,棒球,Na
851,經典賽,Na
851,，,COMMACATEGORY
851,中華隊,Na
851,昨晚,Nd
851,以,P
851,比力,Na
851,退,VA
851,義大利,Nc
851,贏得,VJ
851,首,Nes
851,勝,VH
851,中華隊,Na
851,今晚,Nd
851,將,D
851,迎戰,VC
851,荷蘭,Nc
851,，,COMMACATEGORY
851,立,VC
851,委江,Nb
851,啟臣,Nb
851,在,P
851,臉書,Na
851,發文,VC
851,表示,VE
851,，,COMMACATEGORY
851,中華隊,Na
851,晚上,Nd
851,若,Cbb
851,成功,VH
851,擊敗,VC
851,荷蘭,Nc
851,，,COMMACATEGORY
851,明天,Nd
851,中午,Nd
851,將,D
851,在,P
851,台中,Nc
851,市府,Nc
851,前,Ncd
851,廣場,Nc
851,發放,VD
851,雞,Na
851,排份,VC
851,，,COMMACATEGORY
851,邀請,VC
851,大家,Nh
851,集氣,VA
851,為,P
851,選手,Na
851,們,Na
851,應援,VC
851,加油,VB
851,昨晚,Nd
851,中華隊,Na
851,以,P
851,比力,Na
851,退,VA
851,義大利,Nc
851,贏得,VJ
851,首,Nes
851,勝,VH
851,，,COMMACATEGORY
851,江啟臣,Nb
851,與,Caa
851,發起,VC
851,人群,Na
851,實現,VC
851,祭品文,Na
851,承諾,VE
851,，,COMMACATEGORY
851,今晚,Nd
851,將,D
851,於,P
851,新北,Nc
851,戶外,Nc
851,直播派,Na
851,對,P
851,府中,Nc
851,捷運,Na
851,站號,Na
851,出口,Nc
851,發放,VD
851,雞排,Na
851,今晚,Nd
851,中華隊,Na
851,迎戰,VC
851,荷蘭,Nc
851,，,COMMACATEGORY
851,祭品文,Na
851,再,D
851,加碼,VA
851,江啟臣,Nb
851,在,P
851,臉書,Na
851,發文,VC
851,表示,VE
851,，,COMMACATEGORY
851,今晚,Nd
851,中華隊,Na
851,若,Cbb
851,成功,VH
851,擊敗,VC
851,荷蘭,Nc
851,，,COMMACATEGORY
851,明天,Nd
851,中午,Nd
851,將,D
851,在,P
851,台中,Nc
851,市府,Nc
851,前,Nes
851,廣場,Nc
851,發放,VD
851,雞,Na
851,排份,VC
851,，,COMMACATEGORY
851,邀請,VC
851,大家,Nh
851,集氣,VA
851,為,P
851,選手,Na
851,們,Na
851,應援,VC
851,加油,VB
851,全壘打,Na
851,王,Nb
851,林仲秋,Nb
851,森林,Na
851,王子,Na
851,張泰山,Nb
851,台中市,Nc
851,成棒隊,Na
851,總教練,Na
851,鄭達鴻,Nb
851,教練,Na
851,兼,VG
851,球員,Na
851,陽耀勳,Nb
851,張正,Nb
851,偉,VH
851,也,D
851,以,P
851,行動,Na
851,響應,VC
851,，,COMMACATEGORY
851,力挺,VC
851,中華,Nc
851,健兒,Na
851,江啟臣,Nb
851,表示,VE
851,，,COMMACATEGORY
851,歡迎,VJ
851,有,V_2
851,意願,Na
851,的,DE
851,朋友,Na
851,接龍,Na
851,作伙,D
851,來,D
851,加碼,VA
851,，,COMMACATEGORY
851,同,D
851,為,VG
851,中華隊,Na
851,加油,VB
851,打氣,VB
851,完整,VH
851,新聞,Na
851,連結,VC
851,或,Caa
851,短,VH
851,網址,Na
851,不可,D
851,用,VC
851,等,Cab
851,轉載,VC
851,媒體,Na
851,/////,FW
851,備註,VE
851,明天,Nd
851,ㄘ,FW
851,雞排,Na
851,囉,T
852,巴拿馬,Nc
852,真的,D
852,是,SHI
852,太,Dfa
852,強,VH
852,了,T
852,但是,Cbb
852,好像,D
852,小組,Na
852,有,V_2
852,兩,Neu
852,個,Nf
852,可以,D
852,出現,VH
852,巴拿馬,Nc
852,要,D
852,怎樣,VH
852,的,DE
852,操作,VC
852,中華隊,Na
852,才,Da
852,會,D
852,有,V_2
852,機會,Na
852,晉級,VJ
852,啊,T
852,不用,D
852,第第二,Neu
852,就,D
852,好,VH
852,有,V_2
852,沒,D
852,有,V_2
852,卦,Na
853,新聞,Na
853,來源,Na
853,三立,Nb
853,記者,Na
853,署名,VC
853,盧素梅,Nb
853,新聞,Na
853,標題,Na
853,台灣隊,Na
853,拿下,VC
853,第二,Neu
853,勝,VH
853,蔡英文,Nb
853,點將,VC
853,我們,Nh
853,全,Neqa
853,隊,Nf
853,都,D
853,是,SHI
853,台灣,Nc
853,英雄,Na
853,新聞,Na
853,內容,Na
853,記者,Na
853,盧素梅,Nb
853,台北,Nc
853,報導,VE
853,年,Na
853,世界,Nc
853,棒球,Na
853,經典賽,Na
853,，,COMMACATEGORY
853,中華隊,Na
853,繼,P
853,昨日,Nd
853,打敗,VC
853,義大利,Nc
853,拿下,VC
853,首,Nes
853,勝,VH
853,，,COMMACATEGORY
853,今日,Nd
853,晚間,Nd
853,再度,D
853,以,P
853,比,VC
853,力壓,VC
853,荷蘭,Nc
853,搶下,VC
853,關鍵,Na
853,第,Neu
853,勝,VH
853,，,COMMACATEGORY
853,振奮,VHC
853,全,Neqa
853,台,Nc
853,球迷,Na
853,總統,Na
853,蔡英文,Nb
853,也,D
853,在,P
853,臉書,Na
853,發文,VC
853,，,COMMACATEGORY
853,恭喜,VJ
853,台灣隊,Na
853,拿下,VC
853,第二,Neu
853,勝,VH
853,蔡英文,Nb
853,表示,VE
853,，,COMMACATEGORY
853,今晚,Nd
853,的,DE
853,世界,Nc
853,棒球,Na
853,經典賽,Na
853,，,COMMACATEGORY
853,現場,Nc
853,或,Caa
853,螢幕,Na
853,前,Ncd
853,的,DE
853,台灣人,Na
853,，,COMMACATEGORY
853,都,D
853,在,P
853,想,VE
853,吃,VC
853,什麼,Nep
853,喝,VC
853,什麼,Nep
853,配球,VA
853,賽,VJ
853,，,COMMACATEGORY
853,才,Da
853,可以,D
853,幫,P
853,台灣,Nc
853,英雄,Na
853,們,Na
853,更,Dfa
853,加,VC
853,油,Na
853,蔡英文,Nb
853,並,Cbb
853,表示,VE
853,，,COMMACATEGORY
853,她,Nh
853,也,D
853,相信,VK
853,，,COMMACATEGORY
853,現在,Nd
853,台灣,Nc
853,最,Dfa
853,熱門,VH
853,的,DE
853,手勢,Na
853,，,COMMACATEGORY
853,定,D
853,是,SHI
853,向,P
853,張育成,Nb
853,致敬,VB
853,的,DE
853,敬禮,VB
853,無論,Cbb
853,是,SHI
853,林,Nb
853,立,VC
853,的,DE
853,威力,Na
853,沒有,VJ
853,極限,Na
853,的,DE
853,陳傑憲,Nb
853,，,COMMACATEGORY
853,或是,Caa
853,非常,Dfa
853,賽揚,VH
853,的,DE
853,吳哲源,Nb
853,，,COMMACATEGORY
853,我們,Nh
853,全,Neqa
853,隊,Nf
853,都,D
853,是,SHI
853,台灣,Nc
853,英雄,Na
853,蔡英文,Nb
853,並,Cbb
853,謝謝,VJ
853,展現,VC
853,台灣人,Na
853,對,P
853,棒球,Na
853,的,DE
853,熱情,Na
853,，,COMMACATEGORY
853,我們,Nh
853,繼續,VF
853,加油,VB
853,捍衛,VC
853,主場,Na
853,///,FW
854,晚上,Nd
854,打完,VC
854,贏,VD
854,球,Na
854,帶,VC
854,著,Di
854,運動,Na
854,完,VH
854,疲憊,VH
854,但,Cbb
854,愉悅,VH
854,的,DE
854,心情,Na
854,可以,D
854,很,Dfa
854,甜,VH
854,的,DE
854,睡好,VA
854,睡滿,VA
854,快速,VH
854,恢復,VHC
854,體力,Na
854,而且,Cbb
854,肌肉,Na
854,記憶,Na
854,和,Caa
854,士氣,Na
854,正在,D
854,巔峰,Na
854,反觀,VC
854,輸球,VH
854,的,DE
854,義大利,Nc
854,心情,Na
854,夠不,Dfa
854,好,VH
854,外,Ng
854,隔天,Nd
854,中午,Nd
854,又,D
854,要,D
854,再,D
854,對上,VC
854,巴拿馬,Nc
854,那,Nep
854,個,Nf
854,壓力,Na
854,想必,D
854,體力,Na
854,恢復,VHC
854,不,D
854,好,VH
854,雖然,Cbb
854,古巴,Nc
854,今天,Nd
854,休息,VA
854,了,Di
854,下,Nes
854,不過,Cbb
854,可能,D
854,想說,VE
854,中華隊,Na
854,會,D
854,輸給,VD
854,尼蘭,Nc
854,想必,D
854,今天,Nd
854,周六,Nd
854,整,Neqa
854,天,Nf
854,都,D
854,在,P
854,跟,P
854,來,VA
854,台,Nc
854,的,DE
854,太太,Na
854,們,Na
854,跑去,VCL
854,血拼,VA
854,及,Caa
854,吃吃,VC
854,喝喝,VC
854,晚上,Nd
854,看到,VE
854,中華隊,Na
854,的,DE
854,表現,Na
854,冰淇淋,Na
854,從,P
854,嘴巴,Na
854,上,Ncd
854,掉下來,VA
854,目前,Nd
854,應該,D
854,在,P
854,床,Na
854,上,Ncd
854,瑟瑟,D
854,發抖,VA
854,輾轉,D
854,難眠,VA
854,滾落,VCL
854,床,Na
854,邊,Ncd
855,前,Nes
855,幾,Neu
855,天,Nf
855,場,Nf
855,比賽,Na
855,創下,VC
855,單,A
855,節,Nf
855,四,Neu
855,分,Nf
855,還,D
855,有,V_2
855,半,Neqa
855,場,Nf
855,最,Dfa
855,低,VH
855,分,VC
855,然後,D
855,聯盟,Na
855,主播,Na
855,就,D
855,幽默,VH
855,表示,VE
855,恩恩,Nb
855,連,D
855,拿,VC
855,四,Neu
855,分,Nf
855,，,COMMACATEGORY
855,輕輕鬆鬆,VH
855,兩,Neu
855,個,Nf
855,上籃,VA
855,就,D
855,四分,Nd
855,癢癢,VH
855,癢癢,VH
855,癢癢,VH
855,表示,VE
855,堆,VC
855,剛剛,D
855,二兵,Na
855,變,VG
855,國防部長,Na
855,個,Nf
855,滿貫砲,Na
855,四,Neu
855,分,Nf
855,某,Nes
855,球評,Na
855,就,D
855,在,P
855,限動,Na
855,表示,VE
855,太,Dfa
855,狠,VH
855,了,T
855,~,FW
855,棒,Na
855,追平,VC
855,單,A
855,節,Nf
855,最,Dfa
855,低,VH
855,得分,VH
855,怎麼,D
855,會,D
855,這樣,VH
855,自己,Nh
855,臭,VH
855,自己,Nh
855,聯盟,Na
855,呢,T
855,後來,Nd
855,覺得,VK
855,這,Nep
855,臭,VH
855,的,DE
855,殺傷力,Na
855,還,D
855,蠻,Dfa
855,猛,VH
855,的,DE
855,會,D
855,層層,Neqa
855,臭,VH
855,臭,VH
855,了,Di
855,聯盟,Na
855,臭,VH
855,了,Di
855,某,Nes
855,隻,Nf
855,單,A
855,節,Nf
855,四,Neu
855,分,Nf
855,球隊,Na
855,臭,VH
855,了,Di
855,挺,VH
855,的,DE
855,粉絲,Na
855,你,Nh
855,看看,VE
855,才,Da
855,不會,D
855,單,Da
855,節,Nf
855,四,Neu
855,分,Nf
855,咧,T
855,臭,VH
855,了,Di
855,那,Nep
855,個,Nf
855,罵,VC
855,二,Neu
855,的,DE
855,理事長,Na
855,有,V_2
855,沒,D
855,有,V_2
855,球,Na
855,評,VC
855,臭,VH
855,自家,Nc
855,的,DE
855,八卦,Na
856,備註,VE
856,請,VF
856,放,VC
856,最後,Nd
856,面違,VC
856,者,Na
856,新聞,Na
856,文章,Na
856,刪除,VC
856,媒體,Na
856,來源,Na
856,華視,Nc
856,新聞,Na
856,記者,Na
856,署名,VC
856,柯芷筠,Nb
856,綜合,A
856,報導,VE
856,/,FW
856,日本,Nc
856,完整,VH
856,新聞,Na
856,標題,Na
856,首,Nes
856,支,Nf
856,出局,VH
856,球隊,Na
856,中國,Nc
856,遭,P
856,澳洲,Nc
856,扣倒,VC
856,比,P
856,提前,VB
856,結束,VHC
856,比賽,Na
856,完整,VH
856,新聞,Na
856,內文,Na
856,//,FW
856,世界,Nc
856,棒球,Na
856,經典賽組,Nc
856,，,COMMACATEGORY
856,二,Neu
856,連敗,VH
856,的,DE
856,中國隊,Na
856,，,COMMACATEGORY
856,帶,VC
856,著,Di
856,不能,D
856,輸,VD
856,的,DE
856,壓力,Na
856,迎戰,VC
856,澳洲隊,Na
856,，,COMMACATEGORY
856,不過,Cbb
856,澳洲,Nc
856,打線,VA
856,兇猛,VH
856,，,COMMACATEGORY
856,單場,Na
856,狂打,VC
856,安，,VH
856,中國隊,Na
856,投手,Na
856,壓,VC
856,不,D
856,住,VC
856,，,COMMACATEGORY
856,提前,VB
856,在,P
856,局,Nc
856,比,P
856,結束,VHC
856,比賽,Na
856,澳洲,Nc
856,首,Nes
856,局,Nf
856,滿壘,VH
856,出局,VH
856,，,COMMACATEGORY
856,靠,VJ
856,著,Di
856,左,Ncd
856,外野,Nc
856,二壘,Na
856,安打,Na
856,，,COMMACATEGORY
856,口氣,Na
856,打回分,VA
856,，,COMMACATEGORY
856,局,Nc
856,下,Ncd
856,，,COMMACATEGORY
856,又,D
856,分別,D
856,靠,P
856,打回,VCL
856,分,VC
856,不過,Cbb
856,，,COMMACATEGORY
856,中國,Nc
856,在局,Nc
856,有所,VJ
856,回應,VC
856,，,COMMACATEGORY
856,趁,P
856,的,DE
856,暴投,VC
856,，,COMMACATEGORY
856,三壘,Na
856,上,Ncd
856,的,DE
856,跑者,Na
856,跑回,VCL
856,第,Neu
856,分,Nf
856,，,COMMACATEGORY
856,隨後,Nd
856,羅錦駿,Nb
856,敲,VC
856,安打,Na
856,再,D
856,打,VC
856,回分,VH
856,，,COMMACATEGORY
856,中國,Nc
856,單局,Na
856,追分,VC
856,局下,Nc
856,，,COMMACATEGORY
856,澳洲,Nc
856,口氣,Na
856,灌進,VC
856,分,VC
856,，,COMMACATEGORY
856,拉開,VC
856,比分,Na
856,，,COMMACATEGORY
856,的,DE
856,分砲,Na
856,，,COMMACATEGORY
856,的,DE
856,連續,A
856,安打,Na
856,，,COMMACATEGORY
856,比數,Na
856,來到,VCL
856,比,P
856,根據,P
856,經典賽,Na
856,規定,Na
856,，,COMMACATEGORY
856,預賽,Na
856,若,Cbb
856,局,Nc
856,領先,VJ
856,分,Na
856,或,Caa
856,局,Nc
856,領先,VJ
856,分,Na
856,，,COMMACATEGORY
856,比賽,Na
856,將,D
856,提前,VB
856,結束,VHC
856,不,D
856,給,VD
856,對手,Na
856,留活路,Na
856,的,DE
856,澳洲隊,Na
856,，,COMMACATEGORY
856,局,Nc
856,再,D
856,添分,VC
856,，局,Nc
856,先,D
856,被,P
856,保送,VC
856,，,COMMACATEGORY
856,的,DE
856,二壘,Na
856,安打,Na
856,將,D
856,送上,VC
856,三壘,Na
856,，,COMMACATEGORY
856,無,VJ
856,人,Na
856,出局,VH
856,的,DE
856,情況,Na
856,下,Ng
856,，,COMMACATEGORY
856,獲得,VJ
856,故意,VL
856,四壞,VC
856,形成,VG
856,滿壘,VH
856,，,COMMACATEGORY
856,但,Cbb
856,下棒,Na
856,的,DE
856,直接,VH
856,棒將,Na
856,球,Na
856,擊出,VC
856,，,COMMACATEGORY
856,結束,VHC
856,比賽,Na
856,，,COMMACATEGORY
856,最終,A
856,澳洲局,Nc
856,領先,VJ
856,分,VC
856,，,COMMACATEGORY
856,讓,VL
856,中國,Nc
856,提前,VB
856,被,P
856,扣倒,VC
856,，,COMMACATEGORY
856,吞下,VC
856,連敗,VH
856,，,COMMACATEGORY
856,成爲,Nb
856,本,Nes
856,屆,Nf
856,經典賽,Na
856,首,Nes
856,支,Nf
856,出局,VH
856,球隊,Na
856,完整,VH
856,新聞,Na
856,連結,VC
856,或,Caa
856,短,VH
856,網址,Na
856,不可,D
856,用,VC
856,等,Cab
856,轉載,VC
856,媒體,Na
856,//////,FW
856,備註,VE
856,中國,Nc
856,確定,VK
856,被,P
856,淘汰,VC
856,零,Neu
856,勝,VH
856,中,Ng
857,台灣隊,Na
857,打敗,VC
857,荷蘭,Nc
857,拿下,VC
857,第二,Neu
857,勝,VH
857,賴清德,Nb
857,嗨喊,VE
857,明天股,Na
857,作氣,VA
857,，,COMMACATEGORY
857,前進,VA
857,東京,Nc
857,三立,Nb
857,年,Na
857,世界,Nc
857,棒球,Na
857,經典賽,Na
857,，,COMMACATEGORY
857,中華隊,Na
857,繼,P
857,昨日,Nd
857,打敗,VC
857,義大利,Nc
857,拿下,VC
857,首,Nes
857,勝,VH
857,，,COMMACATEGORY
857,今日,Nd
857,晚間,Nd
857,再度,D
857,以,P
857,比,VC
857,力壓,VC
857,荷蘭,Nc
857,搶下,VC
857,關鍵,Na
857,第,Neu
857,勝,VH
857,，,COMMACATEGORY
857,振奮,VHC
857,全,Neqa
857,台,Nc
857,球迷,Na
857,中華隊,Na
857,明天,Nd
857,要,D
857,再,D
857,戰,VC
857,古巴隊,Na
857,，,COMMACATEGORY
857,副總統,Na
857,賴清德,Nb
857,也,D
857,在,P
857,臉,Na
857,書,Na
857,喊,VE
857,，,COMMACATEGORY
857,我們,Nh
857,就,D
857,延續,VJ
857,這,Nep
857,股,Nf
857,氣勢,Na
857,，,COMMACATEGORY
857,明天股,Na
857,作氣,VA
857,，,COMMACATEGORY
857,前進,VA
857,東京,Nc
857,中華隊,Na
857,今晚,Nd
857,對上,VC
857,荷蘭隊,Na
857,，,COMMACATEGORY
857,中華隊,Na
857,二,Neu
857,局,Nf
857,開打,VH
857,，,COMMACATEGORY
857,雖然,Cbb
857,開始,VL
857,以,P
857,比,P
857,落後,VJ
857,，,COMMACATEGORY
857,但是,Cbb
857,隨後,Nd
857,靠,P
857,串聯,VC
857,安打,Na
857,追,VC
857,平比分,VH
857,，,COMMACATEGORY
857,隨後,Nd
857,輪到,VL
857,張育成,Nb
857,打擊,VC
857,，,COMMACATEGORY
857,場,Nc
857,上,Ncd
857,正好,Da
857,滿壘,VH
857,，,COMMACATEGORY
857,張育成,Nb
857,不負眾望,VH
857,將,P
857,球,Na
857,扛出,VC
857,外野,Nc
857,，,COMMACATEGORY
857,轟出,VC
857,發滿,VH
857,貫砲,Na
857,最後,Nd
857,，,COMMACATEGORY
857,中華隊,Na
857,以,P
857,比力壓,Na
857,荷蘭,Nc
857,搶下,VC
857,關鍵,Na
857,第,Neu
857,勝,VH
857,賴清德,Nb
857,賽,Na
857,後,Ng
857,在,P
857,臉書,Na
857,發文,VC
857,表示,VE
857,，,COMMACATEGORY
857,張育成,Nb
857,擊出,VC
857,滿貫,VH
857,全壘打,Na
857,的,DE
857,時候,Na
857,，,COMMACATEGORY
857,全,Neqa
857,台灣定,Nc
857,都,D
857,沸騰,VH
857,了,T
857,我們,Nh
857,就,D
857,延續,VJ
857,這,Nep
857,股,Nf
857,氣勢,Na
857,，,COMMACATEGORY
857,明天股,Na
857,作氣,VA
857,，,COMMACATEGORY
857,前進,VA
857,東京,Nc
857,台灣,Nc
857,加油,VB
857,///,FW
858,怎麼,D
858,不,D
858,去,D
858,嗆,VH
858,在,P
858,現場,Nc
858,喊,VE
858,的,DE
858,啦啦隊,Na
858,不,D
858,是,SHI
858,還,D
858,帶頭,D
858,喊,VE
858,嗎,T
858,在,P
858,八卦板,Na
858,怎麼,D
858,沒,VJ
858,人,Na
858,嗆,VH
858,沒有,D
858,去,VCL
858,現場,Nc
858,在,P
858,網路,Na
858,上,Ncd
858,嗆,VH
858,啊,T
858,阿不是,D
858,很,Dfa
858,愛,VL
858,嗆,VH
858,台灣隊,Na
858,中華隊,Na
858,不,D
858,就,D
858,樣意思,Na
858,嗎,T
858,能,D
858,不樣,VH
858,嗎,T
858,說,VE
858,台灣隊,Na
858,是,SHI
858,他,Nh
858,媽,Na
858,錯,VH
858,在,P
858,哪,Ncd
859,各位,Nh
859,水水,Na
859,安安,Nb
859,各位,Nh
859,帥帥,VH
859,安安,Nb
859,各,Nes
859,位,Nf
859,肥宅,Na
859,安安,Nb
859,大家,Nh
859,好,VH
859,唷,T
859,小妹,Na
859,想要,VE
859,問問,VE
859,大家,Nh
859,個,Nf
859,問題,Na
859,問問,VE
859,看,Di
859,唷,I
859,如果,Cbb
859,這,Nep
859,次,Nf
859,是,SHI
859,在,P
859,新竹,Nc
859,棒球場,Nc
859,比賽,VA
859,聽說,VE
859,新竹,Nc
859,棒球場,Nc
859,是,SHI
859,新蓋,VC
859,的,DE
859,花,VC
859,了,Di
859,億,Neu
859,元,Nf
859,蓋,VC
859,的,DE
859,如果,Cbb
859,在,P
859,新竹,Nc
859,比,VC
859,不,D
859,是,SHI
859,比較,Dfa
859,好,VH
859,嗎,T
859,有,V_2
859,木,Na
859,有,V_2
859,更多,Neqa
859,相關,VH
859,的,DE
859,八卦,Na
859,呢,T
859,嘻嘻,D
860,各位,Nh
860,水水,Na
860,安安,Nb
860,各位,Nh
860,帥帥,VH
860,安安,Nb
860,各,Nes
860,位,Nf
860,肥宅,Na
860,安安,Nb
860,大家,Nh
860,好,VH
860,唷,T
860,小妹,Na
860,想要,VE
860,問問,VE
860,大家,Nh
860,個,Nf
860,問題,Na
860,問問,VE
860,看,Di
860,唷,I
860,這,Nep
860,次,Nf
860,比賽,Na
860,今天,Nd
860,比較,Dfa
860,爽,VH
860,還是,Caa
860,昨天,Nd
860,比較,Dfa
860,爽,VH
860,昨天,Nd
860,是,SHI
860,逆轉,VA
860,勝,VH
860,贏,VD
860,了,Di
860,義大利,Nc
860,今天,Nd
860,是,SHI
860,大,VH
860,比數,Na
860,贏,VD
860,了,Di
860,荷蘭,Nc
860,以,P
860,爽度,Na
860,來,D
860,講,VE
860,哪,Nep
860,種,Nf
860,比較,Dfa
860,爽,VH
860,呢,T
860,有,V_2
860,木,Na
860,有,V_2
860,更多,Neqa
860,相關,VH
860,的,DE
860,八卦,Na
860,呢,T
860,嘻嘻,D
861,看,VC
861,堆,Nf
861,新聞,Na
861,說,VE
861,啥,Nep
861,中華隊,Na
861,要,D
861,晉級,VJ
861,有,V_2
861,兩,Neu
861,條,Nf
861,路,Na
861,條路,Na
861,贏,VD
861,古巴,Nc
861,，,COMMACATEGORY
861,另,Nes
861,條,Nf
861,路,Na
861,要是,Cbb
861,對,P
861,古巴,Nc
861,輸球,VH
861,，,COMMACATEGORY
861,應該,D
861,就,D
861,不用,D
861,談,VE
861,了,Di
861,吧,T
861,這,Nep
861,不,D
861,是,SHI
861,很,Dfa
861,簡單,VH
861,的,DE
861,數學題,Na
861,嗎,T
861,還是,D
861,說,VE
861,我,Nh
861,少,D
861,考慮,VE
861,了,Di
861,什麼,Nep
861,有,V_2
861,沒,D
861,有,V_2
861,別,Nes
861,種,Nf
861,晉級,VJ
861,可能,VH
861,的,DE
861,卦,Na
861,稍微,D
861,簡單,VH
861,地,DE
861,嘗試,VF
861,證明,VE
861,下,Ng
861,目前,Nd
861,各,Nes
861,球隊,Na
861,失分,VH
861,荷蘭,Nc
861,古巴,Nc
861,義大利,Nc
861,巴拿馬,Nc
861,中華,Nc
861,如果,Cbb
861,古巴,Nc
861,贏,VD
861,中華,Nc
861,，,COMMACATEGORY
861,情況,Na
861,即便,Cbb
861,義大利,Nc
861,贏,VD
861,荷蘭,Nc
861,，,COMMACATEGORY
861,形成,VG
861,五,Neu
861,隊,Nf
861,互,D
861,咬,VC
861,因為,Cbb
861,巴拿馬,Nc
861,已經,D
861,打完,VC
861,場,Nc
861,，,COMMACATEGORY
861,失分,Na
861,必定,D
861,優於,VJ
861,中華,Nc
861,目前,Nd
861,失分,VH
861,，,COMMACATEGORY
861,所以,Cbb
861,排,VC
861,在,P
861,中華,Nc
861,前面,Ncd
861,因為,Cbb
861,古巴,Nc
861,贏,VD
861,中華,Nc
861,，,COMMACATEGORY
861,古巴,Nc
861,四,Neu
861,場,Nf
861,總失分,Na
861,必定,D
861,少於,VJ
861,中華,Nc
861,四,Neu
861,場,Nf
861,總失分,Na
861,，,COMMACATEGORY
861,所以,Cbb
861,排,VC
861,在,P
861,中華,Nc
861,前面,Ncd
861,情況,Na
861,若,Cbb
861,荷蘭,Nc
861,贏,VD
861,義大利,Nc
861,，,COMMACATEGORY
861,荷蘭,Nc
861,三,Neu
861,勝,VH
861,晉級,VJ
861,中華,Nc
861,古巴巴拿馬,Nb
861,三,Neu
861,隊,Nf
861,互,D
861,咬,VC
861,只,Da
861,能,D
861,取,VC
861,，,COMMACATEGORY
861,比對戰,Na
861,中華,Nc
861,輸古巴,Nb
861,也,D
861,輸,VD
861,巴拿馬,Nc
861,，,COMMACATEGORY
861,淘汰,VC
861,古,VH
861,巴贏,VC
861,巴拿馬,Nc
861,，,COMMACATEGORY
861,所以,Cbb
861,古巴,Nc
861,跟,P
861,荷蘭,Nc
861,起,Ng
861,晉級,VJ
861,故,Cbb
861,中華,Nc
861,輸古巴,Nb
861,則,D
861,必定,D
861,淘汰,VC
861,阿扁,Nb
861,錯,VH
861,了,T
861,嗎,T
862,育成,VC
862,被,P
862,硬,D
862,拉回,VC
862,台灣,Nc
862,時,Ng
862,說,VE
862,你們,Nh
862,有,V_2
862,天,Nf
862,會,D
862,為,P
862,我,Nh
862,鼓掌,VA
862,結果,Dk
862,大家,Nh
862,就,D
862,鼓掌,VA
862,了,Di
862,他,Nh
862,會不會,D
862,發文,VC
862,說,VE
862,我,Nh
862,還是,D
862,喜歡,VK
862,待在,VCL
862,美國,Nc
862,結果,Dk
862,就,D
862,把,P
862,中華隊,Na
862,整,VC
862,隊,Nf
862,帶到,VCL
862,美國,Nc
862,待,VC
862,個,Nf
862,五,Neu
862,天,Nf
862,四,Neu
862,夜,Nd
863,汝,Nh
863,題,Na
863,，,COMMACATEGORY
863,小弟,Na
863,剛,D
863,跟,P
863,女,Na
863,同事,Na
863,起,Ng
863,看完,VC
863,棒球賽,Na
863,，,COMMACATEGORY
863,慶祝完,VE
863,中華隊,Na
863,贏,VD
863,球,Na
863,後,Ng
863,現在,Nd
863,正,D
863,坐,VA
863,在,P
863,公園,Nc
863,裡,Ncd
863,的,DE
863,草地,Na
863,上,Ncd
863,休,VC
863,息,Na
863,，,COMMACATEGORY
863,目前,Nd
863,我,Nh
863,的,DE
863,手,Na
863,已經,D
863,開始,VL
863,在,D
863,揉,VC
863,了,Di
863,，,COMMACATEGORY
863,預計,VE
863,等等,Cab
863,會,D
863,做愛,VA
863,，,COMMACATEGORY
863,考慮到,VE
863,等等,Cab
863,女,Na
863,同事,Na
863,會,D
863,躺,VA
863,在,P
863,草地,Na
863,上,Ncd
863,任,VL
863,我,Nh
863,擺,VC
863,佈,VC
863,，,COMMACATEGORY
863,但,Cbb
863,不,D
863,想,VE
863,讓,VL
863,草地,Nc
863,上,Ncd
863,的,DE
863,土,Na
863,及,Caa
863,小,VH
863,黑,VH
863,蚊,Na
863,褻瀆,VC
863,女,Na
863,同事,Na
863,的,DE
863,身體,Na
863,，,COMMACATEGORY
863,而且,Cbb
863,我,Nh
863,也,D
863,怕,VK
863,小,VH
863,蟲蟲,Na
863,會,D
863,爬進,VCL
863,女,Na
863,同事,Na
863,裡面,Ncd
863,，,COMMACATEGORY
863,請問,VE
863,做愛,VA
863,前,Ng
863,要,D
863,做,VC
863,什麼,Nep
863,防護,Na
863,措施,Na
863,呢,T
864,幹,VC
864,經歷,VJ
864,第,Neu
864,場,Nf
864,失望,VH
864,到,P
864,現在,Nd
864,又,D
864,重,VH
864,燃,VC
864,希望,Na
864,明天,Nd
864,定,D
864,要,D
864,贏,VD
864,才,Da
864,能,D
864,晉級,VJ
864,欸,I
864,想到,VE
864,就,D
864,緊張,VH
864,到,P
864,睡,VH
864,不,D
864,著,VH
864,今年,Nd
864,打擊,Na
864,這麼,D
864,有,V_2
864,料,Na
864,感覺,Na
864,有,V_2
864,戲,Na
864,可是,Cbb
864,熟悉,VJ
864,的,DE
864,中華隊,Na
864,又,D
864,是,SHI
864,宿敵,Na
864,古巴,Nc
864,還,D
864,晚,VH
864,接,VC
864,午,Nd
864,總之,Dk
864,希望,VK
864,明天,Nd
864,順利,VH
864,不過,Cbb
864,就算,Cbb
864,輸球,VH
864,今年,Nd
864,真的,D
864,已經,D
864,表現,VC
864,很,Dfa
864,好,VH
864,無憾,VH
864,了,T
864,有,V_2
864,人,Na
864,也,D
864,興奮,VH
864,緊張,VH
864,到,P
864,睡,VH
864,不,D
864,著,VH
864,嗎,T
865,各,Nes
865,位,Nf
865,八卦,Na
865,肥宅,VH
865,瘦宅,Nc
865,晚上,Nd
865,好,VH
865,現在,Nd
865,的,DE
865,兩,Neu
865,組,Nf
865,開打,VH
865,尼加拉瓜,Nc
865,波多黎各,Nc
865,才,Da
865,開打,VH
865,小時,Na
865,已經,D
865,第五,Neu
865,局,Nf
865,這,Nep
865,節奏,Na
865,是,SHI
865,不,D
865,是,SHI
865,超,Dfa
865,舒服,VH
865,神仙,Na
865,打架,VA
865,///,FW
865,笑死,VHC
866,新聞,Na
866,看看,VC
866,豬肉,Na
866,馬上,D
866,就,D
866,要,D
866,漲,VH
866,了,T
866,再,D
866,不,D
866,漲,VH
866,豬農,Na
866,死,VH
866,片,Na
866,通通,D
866,都,D
866,不,D
866,做,VC
866,豬肉,Na
866,了,T
866,到時,D
866,市場,Nc
866,不只,Da
866,沒,VJ
866,雞蛋,Na
866,可,D
866,吃,VC
866,連,Cbb
866,豬肉,Na
866,都,D
866,沒,VJ
866,了,T
866,再,D
866,慘,VH
866,點,Dfb
866,連,Cbb
866,絞,VC
866,肉,Na
866,都,D
866,沒,VJ
866,了,T
866,明天,Nd
866,中華隊,Na
866,輸,VD
866,古巴,Nc
866,你,Nh
866,連,Cbb
866,鍋貼,Na
866,都,D
866,沒,D
866,得,D
866,吃看,VC
866,你,Nh
866,怎麼辦,VH
866,所以,Cbb
866,說,VE
866,政府,Na
866,硬,D
866,要,D
866,打壓,VC
866,原料,Na
866,物價,Na
866,是,SHI
866,沒有,VJ
866,意義,Na
866,的,T
866,該,D
866,漲,VH
866,就,D
866,得,D
866,漲,VH
866,館長,Na
866,那,Nep
866,個,Nf
866,燒肉飯,Na
866,如果,Cbb
866,還,D
866,維持,VJ
866,那,Nep
866,種,Nf
866,肉量,Na
866,的話,Cba
866,下,Nes
866,波,Nf
866,個人,Nh
866,估計,VE
866,應該,D
866,漲到,VH
866,~,FW
866,之間,Ng
866,比較,Dfa
866,能,D
866,反映,VK
866,成本,Na
866,我,Nh
866,的,DE
866,看法,Na
866,啦,T
867,中華隊,Na
867,打,VC
867,荷蘭,Nc
867,的,DE
867,比數,Na
867,是,SHI
867,剛好,VH
867,張育成,Nb
867,敲,VC
867,了,Di
867,支,Nf
867,滿貫砲,Na
867,靠,P
867,這,Nep
867,支,Nf
867,滿貫砲,Na
867,贏,VD
867,了,Di
867,分,Nf
867,如果,Cbb
867,沒有,VJ
867,這,Nep
867,支,Nf
867,滿貫砲,Na
867,不,D
867,知道,VK
867,會不會,D
867,戰成,VG
867,平手,VH
867,延長,VC
867,加賽,VC
867,所以,Cbb
867,張育成,Nb
867,算是,VG
867,贏,VD
867,荷蘭,Nc
867,的,DE
867,最,Dfa
867,大,VH
867,功臣,Na
867,吧,T
868,先,D
868,恭喜,VJ
868,中華隊,Na
868,又,D
868,獲勝,VH
868,啦,T
868,每,Nes
868,次,Nf
868,當日,Nd
868,球隊,Na
868,就,D
868,想到,VE
868,以前,Nd
868,有,V_2
868,場,Nf
868,比賽,Na
868,深深,VH
868,震憾到,VJ
868,我,Nh
868,就是,Cbb
868,八,Neu
868,搶,VD
868,三,Neu
868,的,DE
868,張誌家,Nb
868,連續,VH
868,神牽制,Na
868,///_,FW
868,這,Nep
868,種,Nf
868,神級,Na
868,牽制,VC
868,當年,Nd
868,是,SHI
868,不,D
868,是,SHI
868,爆炸,VH
868,強,VH
868,也,D
868,有,V_2
868,人,Na
868,當年,Nd
868,這,Nep
868,場,Nf
868,比賽,Na
868,被,P
868,張誌家,Nb
868,驚到,VE
868,的,T
868,嗎,T
869,今日,Nd
869,新聞,Na
869,記者,Na
869,詹鎰睿,Nb
869,/,FW
869,綜合,A
869,報導,VE
869,中華隊,Na
869,爆打,VC
869,荷蘭,Nc
869,鳳梨,Na
869,護國,VA
869,冥燈,Na
869,再,D
869,發威,VA
869,全網,Na
869,湧入,VCL
869,致敬,VB
869,知名,VH
869,網紅,Na
869,鳳梨,Na
869,吳泓逸,Nb
869,熱愛,VL
869,在,P
869,運動,Na
869,賽事,Na
869,上,Ncd
869,投注,VC
869,，,COMMACATEGORY
869,面對,VC
869,這,Nep
869,次,Nf
869,世界,Nc
869,棒球,Na
869,經典賽,Na
869,，,COMMACATEGORY
869,他,Nh
869,也,D
869,沒有,VJ
869,缺席,VH
869,，,COMMACATEGORY
869,結果,Dk
869,連,Cbb
869,兩,Neu
869,次,Nf
869,都,D
869,慘賠,VH
869,坐收,VJ
869,，,COMMACATEGORY
869,怎,D
869,料,VE
869,，,COMMACATEGORY
869,今日,Nd
869,晚,Nd
869,中華隊,Na
869,對上,VC
869,荷蘭,Nc
869,的,DE
869,賽事,Na
869,，,COMMACATEGORY
869,不到,VJ
869,四,Neu
869,局,Nf
869,上,Nes
869,半,Neqa
869,就,D
869,大,VH
869,比分,Na
869,領先,VJ
869,對手,Na
869,，,COMMACATEGORY
869,也,D
869,讓,VL
869,他,Nh
869,被,P
869,封為,VG
869,護國,VA
869,冥燈,Na
869,鳳梨,Na
869,稍早,Nd
869,在,P
869,臉,Na
869,書文,Na
869,崩潰,VH
869,寫下,VC
869,四,Neu
869,局,Nf
869,上,Nes
869,半,Neqa
869,中華隊,Na
869,目前,Nd
869,領先,VJ
869,荷蘭,Nc
869,我,Nh
869,的,DE
869,心,Na
869,已經,D
869,涼,VH
869,了,Di
869,我,Nh
869,真心,VH
869,懺悔,VH
869,自己,Nh
869,的,DE
869,無知,VH
869,他,Nh
869,接著,D
869,說,VE
869,，,COMMACATEGORY
869,我,Nh
869,不應該,D
869,因為,Cbb
869,第,Neu
869,戰,Na
869,與,Caa
869,巴拿馬,Nc
869,的,DE
869,疏失,Na
869,而,Cbb
869,背棄,VC
869,國家,Na
869,我,Nh
869,連續,VH
869,兩,Neu
869,天,Nf
869,義大利,Nc
869,跟,P
869,荷蘭,Nc
869,已經,D
869,得到,VJ
869,應,D
869,有,V_2
869,的,DE
869,懲處,VC
869,最後,Nd
869,只好,D
869,真心,VH
869,替,P
869,中華隊,Na
869,加油,VB
869,此外,Cbb
869,，,COMMACATEGORY
869,鳳梨,Na
869,也,D
869,不斷,D
869,在,P
869,底下,Ncd
869,更新,VC
869,賽況,Na
869,與,Caa
869,心情,Na
869,，,COMMACATEGORY
869,了,Di
869,我,Nh
869,已經,D
869,準備,VF
869,前往,VCL
869,火車站,Nc
869,搶,VD
869,今晚,Nd
869,住宿,VA
869,的,DE
869,位置,Na
869,了,Di
869,中華,Nc
869,隊,Na
869,加油,VB
869,大家,Nh
869,通通,D
869,笑翻,VC
869,，,COMMACATEGORY
869,紛紛,D
869,對,P
869,鳳梨,Na
869,表達,VC
869,敬意,Na
869,，,COMMACATEGORY
869,謝謝,VJ
869,叔叔,Na
869,犧牲,VJ
869,自己,Nh
869,，,COMMACATEGORY
869,點亮,VC
869,無數,Neqa
869,眾生,Na
869,請,VF
869,你,Nh
869,要,D
869,下,VC
869,哪,Nep
869,隊,Nf
869,提早,VL
869,講,VE
869,，,COMMACATEGORY
869,你人,Nh
869,救,VC
869,萬,Neu
869,人,Na
869,，,COMMACATEGORY
869,感恩,VI
869,押,VC
869,對,P
869,家,Nc
869,，,COMMACATEGORY
869,買,VC
869,新,VH
869,家屬,Na
869,薯,Na
869,有,V_2
869,魔力,Na
869,，,COMMACATEGORY
869,可以,D
869,用,P
869,念力,Na
869,護,VC
869,國,Nc
869,，,COMMACATEGORY
869,繼續,VF
869,壓,VC
869,別,Nes
869,國,Nc
869,，,COMMACATEGORY
869,當,P
869,護國,VA
869,冥燈,Na
869,明天,Nd
869,請,VF
869,不要,D
869,下注,VA
869,中華隊,Na
869,稍早,Nd
869,，,COMMACATEGORY
869,中華隊,Na
869,也,D
869,成功,VH
869,以,P
869,的,DE
869,比數,Na
869,擊敗,VC
869,荷蘭,Nc
869,，,COMMACATEGORY
869,將,D
869,在,P
869,明天,Nd
869,中午,Nd
869,對決,VA
869,古巴,Nc
869,///,FW
869,有,V_2
869,去,D
869,致敬,VB
869,的,DE
869,自己,Nh
869,承認,VE
869,不要,D
869,阿平,Nb
869,個個,Neqa
869,點名,VA
870,欸,I
870,欸,I
870,阿平,Nb
870,我,Nh
870,辣,VH
870,想,VE
870,當年,Nd
870,那,Nep
870,個,Nf
870,勝投,Na
870,就,P
870,股票,Na
870,漲,VH
870,的,DE
870,年代,Nd
870,兩,Neu
870,年勝,Na
870,也,D
870,是,SHI
870,年,Na
870,了,T
870,年,Nf
870,跑壘,VA
870,受傷,VH
870,導致,VL
870,球季,Nd
870,報銷,VC
870,之後,Ng
870,接著,D
870,便,D
870,大小,Na
870,傷勢,Na
870,不斷,VH
870,大聯盟,Na
870,之,DE
870,路,Na
870,也,D
870,開始,VL
870,跌跌撞撞,VA
870,看起來,D
870,傷勢,Na
870,影響,VC
870,表現,VC
870,很多,Neqa
870,整體,Na
870,狀態,Na
870,下滑,VA
870,不少,VH
870,怎麼,D
870,時隔,VJ
870,多,Neqa
870,年,Nf
870,年,Na
870,第三,Neu
870,屆,Nf
870,世界,Nc
870,棒球,Na
870,經典賽,Na
870,還,D
870,能,D
870,對,P
870,澳洲,Nc
870,日本,Nc
870,都,D
870,主投局,Nc
870,無,D
870,失分,VH
870,雖然,Cbb
870,最終,D
870,還是,D
870,沒,D
870,能,D
870,重回,VCL
870,大聯盟,Na
870,站穩,VA
870,先發,VA
870,但是,Cbb
870,那麼多,Neqa
870,傷勢,Na
870,加上,Cbb
870,離,P
870,巔峰,Na
870,那麼多,Neqa
870,年,Nf
870,了,T
870,年,Na
870,的,DE
870,王建民,Nb
870,為什麼,D
870,還,D
870,能,D
870,這麼,D
870,猛,VH
870,卦,Na
871,大家,Nh
871,都,D
871,覺得,VK
871,中荷戰,Na
871,主審,Na
871,在,D
871,搞,VC
871,個人,Nh
871,是,SHI
871,覺,Na
871,的,DE
871,正常,VH
871,發揮,VJ
871,裁判,Na
871,本來,D
871,就,D
871,會,D
871,控制,VC
871,比賽,Na
871,看看,VE
871,三,Neu
871,幻神,Na
871,無腦亂吹,VH
871,裁判,Na
871,不,D
871,舉,VC
871,也,D
871,不,D
871,意外,VK
871,我,Nh
871,倒,D
871,比較,Dfa
871,在意,VK
871,最愛,Na
871,在,P
871,重要,VH
871,體育賽事,Na
871,下,Ng
871,廣告,Na
871,的,DE
871,斯斯,Nb
871,這,Nep
871,次,Nf
871,怎麼,D
871,都,D
871,沒,VJ
871,啥,Nep
871,出現,VH
871,有,V_2
871,斯斯,Nb
871,跟,P
871,東森,Nc
871,電視,Na
871,不合,VH
871,的,DE
871,八卦,Na
872,原本,A
872,的,DE
872,逃兵,Na
872,後來,Nd
872,變成,VG
872,二兵,Na
872,連尻,Nb
872,全壘打,Na
872,關鍵,Na
872,打點,Na
872,很多,Neqa
872,人,Na
872,說,VE
872,第二,Neu
872,場,Nf
872,之後,Ng
872,變成,VG
872,國防部長,Na
872,第三,Neu
872,場,Nf
872,之後,Ng
872,變成,VG
872,五星,A
872,上將,Na
872,有沒有,D
872,關於,P
872,張育成,Nb
872,台灣,Nc
872,阿成,Nb
872,世界,Nc
872,偉人,Na
872,棒球,Na
872,總統,Na
872,的,DE
872,八卦,Na
872,實在,D
872,太,Dfa
872,屌,VH
872,啦,T
873,國際盤,Na
873,剛剛,D
873,已經,D
873,開,VC
873,了,Di
873,原本,D
873,以為,VE
873,會,D
873,是,SHI
873,古巴,Nc
873,讓,VL
873,分,VC
873,台灣,Nc
873,賠率,Na
873,居然,D
873,比較,Dfa
873,低,VH
873,有,V_2
873,沒,D
873,有,V_2
873,卦,Na
873,///,FW
874,媒體,Na
874,來源,Na
874,記者,Na
874,署名,VC
874,林彥臣,Nb
874,完整,VH
874,新聞,Na
874,標題,Na
874,總統,Na
874,蔡英文,Nb
874,臉書,Na
874,恭喜,VJ
874,台灣隊,Na
874,第二,Neu
874,勝,VH
874,全,Neqa
874,隊,Nf
874,都,D
874,是,SHI
874,台灣,Nc
874,英雄,Na
874,完整,VH
874,新聞,Na
874,內文,Na
874,世界,Nc
874,經典,Na
874,棒球賽,Na
874,第,Neu
874,戰,Na
874,台荷,Nb
874,大戰賽,Na
874,後,Ng
874,，,COMMACATEGORY
874,總統,Na
874,蔡英文,Nb
874,也,D
874,在,P
874,臉書,Na
874,發文,VC
874,表示,VE
874,，,COMMACATEGORY
874,恭喜,VJ
874,台灣隊,Na
874,拿下,VC
874,第二,Neu
874,勝,VH
874,，,COMMACATEGORY
874,大讚,VE
874,全,Neqa
874,隊,Nf
874,都,D
874,是,SHI
874,台灣,Nc
874,英雄,Na
874,，,COMMACATEGORY
874,也,D
874,呼籲,VE
874,所有,Neqa
874,國民,Na
874,繼續,VF
874,加油,VB
874,捍衛,VC
874,主場,Na
874,蔡英文,Nb
874,臉書,Na
874,指出,VE
874,，,COMMACATEGORY
874,今晚,Nd
874,的,DE
874,世界,Nc
874,棒球,Na
874,經典賽,Na
874,，,COMMACATEGORY
874,現場,Nc
874,或,Caa
874,螢幕,Na
874,前,Ncd
874,的,DE
874,台灣人,Na
874,，,COMMACATEGORY
874,都,D
874,在,P
874,想,VE
874,吃,VC
874,什麼,Nep
874,喝,VC
874,什麼,Nep
874,配,VC
874,球賽,Na
874,，,COMMACATEGORY
874,才,Da
874,可以,D
874,幫,P
874,台灣,Nc
874,英雄,Na
874,們,Na
874,更,Dfa
874,加,VC
874,油,Na
874,蔡英文,Nb
874,說,VE
874,，,COMMACATEGORY
874,我,Nh
874,也,D
874,相信,VK
874,，,COMMACATEGORY
874,現在,Nd
874,台灣,Nc
874,最,Dfa
874,熱門,VH
874,的,DE
874,手勢,Na
874,，,COMMACATEGORY
874,定,D
874,是,SHI
874,向,P
874,張育成,Nb
874,致敬,VB
874,的,DE
874,敬禮,VB
874,無論,Cbb
874,是,SHI
874,林,Nb
874,立,VC
874,的,DE
874,威力,Na
874,沒有,VJ
874,極限,Na
874,的,DE
874,陳傑憲,Nb
874,，,COMMACATEGORY
874,或是,Caa
874,非常,Dfa
874,賽揚,VH
874,的,DE
874,吳哲源,Nb
874,，,COMMACATEGORY
874,我們,Nh
874,全,Neqa
874,隊,Nf
874,都,D
874,是,SHI
874,台灣,Nc
874,英雄,Na
874,蔡英文,Nb
874,最後,Nd
874,呼籲,VE
874,，,COMMACATEGORY
874,謝謝,VJ
874,展現,VC
874,台灣人,Na
874,對,P
874,棒球,Na
874,的,DE
874,熱情,Na
874,，,COMMACATEGORY
874,我們,Nh
874,繼續,VF
874,加油,VB
874,捍衛,VC
874,主,Na
874,場,Nc
874,完整,VH
874,新聞,Na
874,連結,VC
874,或,Caa
874,短,VH
874,網址,Na
874,不可,D
874,用,VC
874,等,Cab
874,轉載,VC
874,媒體,Na
874,/////,FW
875,你,Nh
875,好,VH
875,之前,Nd
875,說,VE
875,運彩,Na
875,反,VC
875,著,Di
875,壓,VC
875,中華隊,Na
875,就,D
875,會,D
875,賺錢,VA
875,的,DE
875,說,VE
875,中華隊,Na
875,很,Dfa
875,爛,VH
875,很,Dfa
875,爛,VH
875,的,DE
875,請,VF
875,進,VCL
875,幹,VC
875,妳,Nh
875,娘雞,Na
875,掰,VC
875,操,VC
875,祝,VE
875,你,Nh
875,不得,D
875,好,Dfa
875,死,VH
875,幹,VC
875,妳,Nh
875,娘媽,Na
875,的,DE
875,王八蛋,Na
875,吃,VC
875,屎賤,Na
875,狗,Na
875,畜生,Na
875,渣,Na
875,混蛋,Na
875,幹,VC
875,妳,Nh
875,娘,Na
876,欸,I
876,欸,I
876,阿平,Nb
876,我,Nh
876,辣,VH
876,現在,Nd
876,中華隊,Na
876,連,Cbb
876,拿,VC
876,兩,Neu
876,勝,VH
876,都,D
876,還,D
876,有,V_2
876,人,Na
876,繼續,VF
876,噓,VC
876,到底,D
876,要,D
876,怎,D
876,模樣,Na
876,才,Da
876,能,D
876,停止,VF
876,八卦,Na
876,的,DE
876,噓文歪風,Na
876,給,VD
876,我,Nh
876,個,Nf
876,面子,Na
876,今天,Nd
876,就,D
876,別,D
876,噓,I
876,了,Di
876,吧,T
876,如何,D
876,卦,Na
877,如,P
877,題,Na
877,現在,Nd
877,中華隊,Na
877,大概,D
877,已經,D
877,全,Neqa
877,隊,Nf
877,起床,VA
877,洗澡,VA
877,刷牙,VA
877,準備,VF
877,吃,VC
877,早餐,Na
877,練球,VA
877,了,Di
877,吧,T
877,有,V_2
877,沒有,VJ
877,餅,Na
877,總,D
877,今天,Nd
877,要,D
877,如何,D
877,穿過,VCL
877,巴巴,D
877,的,DE
877,掛,VC
878,備註,VE
878,請,VF
878,放,VC
878,最後,Nd
878,面違,VC
878,者,Na
878,新聞,Na
878,文章,Na
878,刪除,VC
878,媒體,Na
878,來源,Na
878,記者,Na
878,署名,VC
878,編輯,Na
878,王芊歷,Nb
878,報導,VE
878,完整,VH
878,新聞,Na
878,標題,Na
878,炸裂,VC
878,義大利,Nc
878,蔡阿嘎,Nb
878,變身,VA
878,襄,VC
878,蔡,Nb
878,熱舞,Na
878,應援,VC
878,經典賽,Na
878,完整,VH
878,新聞,Na
878,內文,Na
878,世界,Nc
878,棒球,Na
878,經典賽,Na
878,如火如荼,VH
878,進行,VC
878,中,Ng
878,，,COMMACATEGORY
878,中華隊,Na
878,昨日,Nd
878,成功,VH
878,擊敗,VC
878,義大利,Nc
878,奪下,VC
878,本,Nes
878,屆,Nf
878,賽事,Na
878,首,D
878,勝,VH
878,後,Ng
878,，,COMMACATEGORY
878,今日,Nd
878,晚間,Nd
878,將,D
878,準備,VF
878,對戰,VA
878,荷蘭,Nc
878,，,COMMACATEGORY
878,除了,P
878,刺激,VH
878,的,DE
878,賽事,Na
878,之外,Ng
878,，,COMMACATEGORY
878,啦啦隊,Na
878,經典,Na
878,女孩,Na
878,中,Ng
878,人氣,Na
878,最,Dfa
878,高,VH
878,的,DE
878,林襄,Nb
878,以及,Caa
878,峮峮,FW
878,亦,D
878,成為,VG
878,國際,Nc
878,焦點,Na
878,對,P
878,此,Nep
878,，,COMMACATEGORY
878,百萬,Neu
878,網紅,Na
878,蔡阿嘎,Nb
878,更,Dfa
878,化身,VC
878,襄蔡,VH
878,，,COMMACATEGORY
878,為,P
878,對手,Na
878,義大利,Nc
878,荷蘭,Nc
878,以及,Caa
878,古巴,Nc
878,加油,VB
878,，,COMMACATEGORY
878,粉色,Na
878,制服,Na
878,造型,Na
878,讓,VL
878,網友,Na
878,笑翻,VC
878,蔡阿嘎,Nb
878,為,P
878,台灣,Nc
878,首位,Na
878,雙,A
878,頻道,Na
878,飆破,VHC
878,百萬,Neu
878,訂閱,VC
878,的,DE
878,網紅,Na
878,，,COMMACATEGORY
878,身為,VG
878,中華,Nc
878,職棒,Na
878,多,Neqa
878,年,Nf
878,球迷,Na
878,的,DE
878,他,Nh
878,，,COMMACATEGORY
878,曾,D
878,自嘲,VE
878,自己,Nh
878,是,SHI
878,反,VC
878,指標,Na
878,，,COMMACATEGORY
878,只要,Cbb
878,他,Nh
878,打開,VC
878,電視,Na
878,或,Caa
878,到場,VA
878,觀看,VC
878,的,DE
878,比賽,Na
878,，,COMMACATEGORY
878,通通,D
878,都,D
878,會,D
878,以,P
878,輸局,Nc
878,收場,VH
878,隨著,P
878,經典賽,Na
878,開打,VH
878,人氣,Na
878,成員,Na
878,林襄,Nb
878,於,P
878,國外,Nc
878,爆紅,VH
878,，,COMMACATEGORY
878,蔡阿嘎,Nb
878,也,D
878,錄製,VC
878,了,Di
878,最,Dfa
878,強,VH
878,啦啦隊,Na
878,影片,Na
878,支援,VC
878,，,COMMACATEGORY
878,不僅,Cbb
878,穿上,VC
878,粉色,Na
878,制服,Na
878,自稱,VG
878,襄,Nb
878,蔡,Nb
878,熱舞,Na
878,，,COMMACATEGORY
878,還,D
878,邊,D
878,跳,VA
878,邊,D
878,喊,VE
878,炸裂,VC
878,義大利,Nc
878,起炸,VC
878,裂,VH
878,荷蘭隊,Na
878,炸裂,VC
878,古巴隊,Na
878,等,Cab
878,當,P
878,中華隊,Na
878,成功,VH
878,擊敗,VC
878,義大利隊,Na
878,時,Ng
878,，,COMMACATEGORY
878,蔡阿嘎,Nb
878,隨即,D
878,發文,VC
878,祝賀,VC
878,，,COMMACATEGORY
878,嘎哥,Nb
878,就,D
878,說,VE
878,了,Di
878,嘛,T
878,，,COMMACATEGORY
878,今天,Nd
878,是,SHI
878,襄蔡,Nb
878,出馬,VA
878,，,COMMACATEGORY
878,絕對,D
878,能,D
878,鎮住,VC
878,對手,Na
878,的,DE
878,他,Nh
878,今日,Nd
878,更,Dfa
878,把,P
878,自己,Nh
878,的,DE
878,惡稿,Na
878,造型,Na
878,在,P
878,超商,Nc
878,三明治,Na
878,的,DE
878,包裝,Na
878,上,Ncd
878,，,COMMACATEGORY
878,還,D
878,擺出,VC
878,嘟嘴,VA
878,表情,Na
878,擺拍,VC
878,，,COMMACATEGORY
878,笑稱為,VG
878,歡慶,Na
878,中華隊,Na
878,贏,VD
878,球,Na
878,，,COMMACATEGORY
878,各,Nes
878,大,VH
878,通路,Na
878,都,D
878,不會,D
878,不可能,D
878,買,VC
878,不,D
878,到,VC
878,喔,T
878,我們,Nh
878,保證,VE
878,沒有,VJ
878,整,Neqa
878,顆,Nf
878,草莓,Na
878,對,P
878,此,Nep
878,，,COMMACATEGORY
878,網友,Na
878,們,Na
878,紛紛,D
878,留言,VA
878,，,COMMACATEGORY
878,不行,VH
878,，,COMMACATEGORY
878,畫面,Na
878,看完,VC
878,吃,VC
878,不下,Da
878,買不了,VJ
878,包裝,Na
878,還可以,D
878,貼,VC
878,門口,Nc
878,，,COMMACATEGORY
878,揪,VC
878,感心,VH
878,襄,Nc
878,蔡髮質,Nb
878,要,D
878,顧下,VC
878,啦,T
878,嚇死,VHC
878,我,Nh
878,了,Di
878,還好,D
878,我,Nh
878,買,VC
878,的,DE
878,上面,Ncd
878,都,D
878,沒有,VJ
878,完整,VH
878,新聞,Na
878,連結,VC
878,或,Caa
878,短,VH
878,網址,Na
878,不可,D
878,用,VC
878,等,Cab
878,轉載,VC
878,媒體,Na
878,////,FW
878,備註,VE
879,突然,D
879,想到,VE
879,個,Nf
879,問題,Na
879,如果,Cbb
879,經典賽,Na
879,比賽,Na
879,到,P
879,半,Neqa
879,粉紅,VH
879,超跑,VH
879,白沙屯,Nc
879,媽祖,Nb
879,繞境,VF
879,指示,VE
879,要,D
879,進去,VA
879,球場,Nc
879,祈福,VB
879,怎,D
879,辦,VC
879,廟方,Na
879,跟,P
879,信眾,Na
879,要,D
879,買,VC
879,票,Na
879,嗎,T
879,老外,Na
879,主審會,Na
879,同意,VK
879,比賽,Na
879,暫停,VHC
879,嗎,T
879,比賽,Na
879,規則,Na
879,有,V_2
879,訂到,VC
879,這,Nep
879,條,Nf
879,台灣,Nc
879,特有,A
879,的,DE
879,情形,Na
879,的,DE
879,處理,VC
879,嗎,T
879,謝謝,VJ
880,現在,Nd
880,時間,Na
880,洞,Na
880,六,Neu
880,洞洞,Na
880,部隊,Na
880,起床,VA
880,等等點,Na
880,要,D
880,迎戰,VC
880,古巴,Nc
880,時光,Na
880,不,D
880,等,VC
880,人,Na
880,趕快,D
880,去,D
880,練球,VA
880,了,Di
881,如果,Cbb
881,真的,D
881,要,D
881,猜測,VE
881,的話,Cba
881,昨天,Nd
881,晚上,Nd
881,中華隊,Na
881,打到,VC
881,那麼,D
881,晚,VH
881,看得出來,VK
881,教練,Na
881,跟,Caa
881,球員,Na
881,都,D
881,很,Dfa
881,累,VHC
881,了,T
881,應該,D
881,算是,VG
881,氣力,Na
881,放盡,VC
881,了,Di
881,今天,Nd
881,馬上,D
881,中午,Nd
881,就,D
881,要,D
881,再,D
881,打場,VA
881,硬仗,Na
881,對手,Na
881,又,D
881,是,SHI
881,古巴,Nc
881,我們,Nh
881,的,DE
881,投手,Na
881,應該,D
881,瑟瑟,D
881,發抖,VA
881,了,Di
881,贏,VD
881,的,DE
881,機率,Na
881,不,D
881,高,VH
881,壓,VC
881,古巴隊,Na
881,獲勝,VH
881,應該,D
881,會,D
881,是,SHI
881,比較,Dfa
881,合理,VH
881,的,DE
881,猜測,VE
882,",",COMMACATEGORY
882,///,FW
882,///,FW
882,///,FW
882,///,FW
882,///_,FW
882,///,FW
882,就,D
882,餓死,VHC
882,抬頭,VA
882,世界,Nc
882,棒球,Na
882,經典賽,Na
882,近日,Nd
882,開打,VH
882,，,COMMACATEGORY
882,比賽,Na
882,之餘,Ng
882,臺灣,Nc
882,獨特,VH
882,的,DE
882,啦啦隊,Na
882,應援,Nv
882,文化,Na
882,也,D
882,成為,VG
882,球場,Nc
882,焦,VH
882,點,VC
882,除了,P
882,林襄,Nb
882,登上,VCL
882,日媒,Na
882,，,COMMACATEGORY
882,吸引,VJ
882,眾多,VH
882,日本,Nc
882,粉絲,Na
882,外,Ng
882,，,COMMACATEGORY
882,由,P
882,各,Nes
882,職棒,Na
882,啦啦隊,Na
882,組成,VG
882,的,DE
882,經典,Na
882,女孩,Na
882,更,Dfa
882,是,SHI
882,驚,VHC
882,豔,VH
882,各,Nes
882,國,Nc
882,，,COMMACATEGORY
882,不只,Da
882,給,P
882,選手,Na
882,們,Na
882,加,VC
882,打氣,VB
882,，,COMMACATEGORY
882,也,D
882,用,P
882,活潑,VH
882,及,Caa
882,熱情,Na
882,帶動,VC
882,了,Di
882,球場,Nc
882,氣氛,Na
882,台灣,Nc
882,中華隊,Na
882,經典,Na
882,女孩,Na
882,啦啦隊,Na
882,也,D
882,會,D
882,起去,VCL
882,日本,Nc
882,東京,Nc
882,應援,VC
882,嗎,T
882,卦,Na
883,自我,Nh
883,有,V_2
883,記憶,Na
883,以來,Ng
883,看,VC
883,過,Di
883,的,DE
883,中華隊,Na
883,沒有,D
883,不,D
883,被,P
883,古巴,Nc
883,打爆,VC
883,的,DE
883,不要,D
883,說,VE
883,古巴,Nc
883,，,COMMACATEGORY
883,日本,Nc
883,跟,Caa
883,韓國,Nc
883,也,D
883,是,SHI
883,所以,Cbb
883,中華隊,Na
883,根本,D
883,不可能,D
883,贏,VD
883,古巴,Nc
883,不,D
883,知道,VK
883,八卦板,Na
883,怎麼,D
883,看,VC
884,比賽,Na
884,期間,Na
884,小妹,Na
884,都,D
884,不,D
884,敢,VL
884,吃,VC
884,蛋,Na
884,免得,Cbb
884,害,VC
884,中華隊,Na
884,得分,VH
884,掛,VC
884,蛋,Na
884,應該,D
884,有,V_2
884,很多,Neqa
884,愛國,VH
884,球迷,Na
884,也,D
884,是,SHI
884,這樣,VH
884,吧,T
884,推論,VE
884,這,Nep
884,段,Nf
884,期間,Na
884,吃,VC
884,蛋量,Na
884,大減,VH
884,應該,D
884,不會,D
884,缺,VJ
884,蛋,Na
884,了,T
884,是,SHI
884,不,D
884,是,SHI
884,只要,Cbb
884,中華隊,Na
884,繼續,VF
884,贏下去,VD
884,就,D
884,不會,D
884,缺,VJ
884,蛋,Na
884,了,T
885,欸,I
885,欸,I
885,欸,I
885,我,Nh
885,說,VE
885,妳,Nh
885,各,Nes
885,位,Nf
885,啊,T
885,今天,Nd
885,是,SHI
885,年,Nf
885,月,Na
885,日,Na
885,也,D
885,就,D
885,是,SHI
885,中華隊,Na
885,對上,VC
885,古巴隊,Na
885,的,DE
885,日子,Na
885,經歷,VJ
885,得來,VI
885,不易,VH
885,的,DE
885,二,Neu
885,連勝,VH
885,大家,Nh
885,鼓作氣,VA
885,好好,D
885,為,P
885,中華隊,Na
885,加油,VB
885,學長,Na
885,就,D
885,先,D
885,拋磚引玉,VA
885,讓,VL
885,大家,Nh
885,好好,VH
885,來,D
885,推文,VA
885,為,P
885,中華隊,Na
885,集氣,VA
885,今天,Nd
885,至少,Da
885,五十,Neu
885,個,Nf
885,推,VC
885,因,P
885,該,D
885,不,D
885,難,VH
885,因此,Cbb
885,學長,Na
885,我,Nh
885,大膽,VH
885,斷言,VE
885,今天,Nd
885,因,P
885,該,D
885,沒,VJ
885,人,Na
885,會,D
885,噓,VC
885,了,Di
885,吧,T
885,那,Nep
885,學長,Na
885,我,Nh
885,先,D
885,去,D
885,吃,VC
885,烤,VC
885,總匯,Na
885,鮪魚,Na
885,蛋餅,Na
885,大,VH
885,冰奶,Na
885,囉,T
885,~~,PARENTHESISCATEGORY
885,等下,D
885,中華隊,Na
885,對上,VC
885,古巴隊,Na
885,的,DE
885,時候,Na
885,學長,Na
885,我,Nh
885,再,D
885,來,D
885,檢查,VE
885,妳,Nh
885,各位,Nh
885,的,DE
885,推文,Na
885,大家,Nh
885,起,VJ
885,加油,VB
885,你們,Nh
885,說,VE
885,好,VH
885,不,D
885,好,VH
885,啊,T
885,嘻嘻,D
885,姆咪,I
885,~^_^~,FW
886,媒體,Na
886,來源,Na
886,新聞,Na
886,記者,Na
886,署名,VC
886,張柏源,Nb
886,完整,VH
886,新聞,Na
886,標題,Na
886,經典賽,Na
886,再,D
886,勝,VH
886,蔡英文,Nb
886,讚全,Nb
886,隊,Na
886,都,D
886,是,SHI
886,台灣,Nc
886,英雄,Na
886,大家,Nh
886,都,D
886,在,D
886,想,VE
886,吃,VC
886,什麼,Nep
886,配,VC
886,球賽,Na
886,完整,VH
886,新聞,Na
886,內文,Na
886,世界,Nc
886,棒球,Na
886,經典賽,Na
886,台灣隊,Na
886,延續,VJ
886,擊敗,VC
886,義大利隊,Na
886,的,DE
886,氣勢,Na
886,再度,D
886,打出,VC
886,漂亮仗,Na
886,，,COMMACATEGORY
886,擊敗,VC
886,荷蘭隊,Na
886,拿下,VC
886,預賽,Na
886,第,Neu
886,勝,VH
886,蔡英文,Nb
886,總統,Na
886,在,P
886,臉書,Na
886,發文,VC
886,台灣人,Na
886,都,D
886,在,P
886,想,VE
886,吃,VC
886,什麼,Nep
886,喝,VC
886,什麼,Nep
886,配,VC
886,球賽,Na
886,，,COMMACATEGORY
886,才,Da
886,能,D
886,幫,P
886,台灣,Nc
886,英雄,Na
886,更,Dfa
886,加油,VB
886,也,D
886,謝謝,VJ
886,展現,VC
886,台灣人,Na
886,對,P
886,棒球,Na
886,的,DE
886,熱情,Na
886,，,COMMACATEGORY
886,喊話,VA
886,我們,Nh
886,繼續,VF
886,加油,VB
886,捍衛,VC
886,主場,Na
886,世界,Nc
886,棒球,Na
886,經典賽,Na
886,台灣隊,Na
886,日,Na
886,晚上,Nd
886,與,P
886,荷蘭,Nc
886,交手,VA
886,有,V_2
886,不能,D
886,輸,VD
886,的,DE
886,壓力,Na
886,，,COMMACATEGORY
886,還好,D
886,旅美,VA
886,好手,Na
886,絕對,D
886,忠誠,VH
886,張育成,Nb
886,局,Nc
886,下,Ncd
886,敲出,VC
886,超前,VJ
886,比數,Na
886,滿貫砲,Na
886,，,COMMACATEGORY
886,棒,Na
886,打起,VC
886,球隊,Na
886,士氣,Na
886,，,COMMACATEGORY
886,且,Cbb
886,連戰,Nb
886,開轟,VA
886,，,COMMACATEGORY
886,讓,VL
886,台灣,Nc
886,主場,Na
886,球迷,Na
886,嗨,I
886,翻天,VH
886,，,COMMACATEGORY
886,吳哲源,Nb
886,中繼局,Nc
886,好,VH
886,投,VC
886,，,COMMACATEGORY
886,率隊,VA
886,以,P
886,比,P
886,拿下,VC
886,第,Neu
886,勝,VH
886,日,Nc
886,若,Cbb
886,再,D
886,勝,VH
886,古巴,Nc
886,，,COMMACATEGORY
886,就,D
886,能,D
886,前進,VA
886,東京,Nc
886,蔡英文,Nb
886,寫道,VE
886,恭喜,VJ
886,台灣隊,Na
886,拿下,VC
886,第二,Neu
886,勝,VH
886,，,COMMACATEGORY
886,現場,Nc
886,或,Caa
886,螢幕,Na
886,前,Ncd
886,的,DE
886,台灣人,Na
886,，,COMMACATEGORY
886,都,D
886,在,P
886,想,VE
886,吃,VC
886,什麼,Nep
886,喝,VC
886,什麼,Nep
886,配,VC
886,球賽,Na
886,，,COMMACATEGORY
886,才,Da
886,可以,D
886,幫,P
886,台灣,Nc
886,英雄,Na
886,們,Na
886,更,Dfa
886,加,VC
886,油,Na
886,我,Nh
886,也,D
886,相信,VK
886,，,COMMACATEGORY
886,現在,Nd
886,台灣,Nc
886,最,Dfa
886,熱門,VH
886,的,DE
886,手勢,Na
886,，,COMMACATEGORY
886,定,D
886,是,SHI
886,向,P
886,張育,Nb
886,成,VG
886,致敬,VB
886,的,DE
886,敬禮,VB
886,無論,Cbb
886,是,SHI
886,林立,VH
886,的,DE
886,威力,Na
886,沒有,VJ
886,極限,Na
886,的,DE
886,陳傑憲,Nb
886,，,COMMACATEGORY
886,或是,Caa
886,非常,Dfa
886,賽揚,VH
886,的,DE
886,吳哲源,Nb
886,，,COMMACATEGORY
886,我,Nh
886,們,Na
886,全,Neqa
886,隊,Nf
886,都,D
886,是,SHI
886,台灣,Nc
886,英雄,Na
886,謝謝,VJ
886,展現,VC
886,台灣人,Na
886,對,P
886,棒球,Na
886,的,DE
886,熱情,Na
886,，,COMMACATEGORY
886,我們,Nh
886,繼續,VF
886,加油,VB
886,捍衛,VC
886,主,Na
886,場,Nc
886,副總統,Na
886,賴清德,Nb
886,也,D
886,在,P
886,臉書,Na
886,發文,VC
886,提到,VE
886,，,COMMACATEGORY
886,張育成,Nb
886,擊出,VC
886,滿貫,VH
886,全壘打,Na
886,的,DE
886,時候,Na
886,，,COMMACATEGORY
886,全,Neqa
886,台灣,Nc
886,定,D
886,都,D
886,沸騰,VH
886,了,T
886,，,COMMACATEGORY
886,就,D
886,延續,VJ
886,這,Nep
886,股,Nf
886,氣勢股,Na
886,作氣,VA
886,前進,VA
886,東京,Nc
886,台灣,Nc
886,加油,VB
886,行政院長,Na
886,陳建仁,Nb
886,則,D
886,在,P
886,臉書,Na
886,公布,VE
886,張,Nb
886,他,Nh
886,在,P
886,行政,Na
886,專機,Na
886,前,Ng
886,向,P
886,值勤,VA
886,官兵,Na
886,回禮,VA
886,的,DE
886,舉手禮,Na
886,照片,Na
886,，,COMMACATEGORY
886,並,Cbb
886,透過,P
886,臉書,Na
886,他,Nh
886,向,P
886,所有,Neqa
886,這,Nep
886,幾,Neu
886,天,Nf
886,在,P
886,棒球場,Nc
886,上,Ncd
886,，,COMMACATEGORY
886,奮力,D
886,求勝,VA
886,拚勁,Na
886,十足,VH
886,的,DE
886,台灣,Nc
886,選手,Na
886,們,Na
886,致敬,VB
886,，,COMMACATEGORY
886,高喊,VE
886,繼續,VF
886,加油,VB
886,繼續,VF
886,拚,VC
886,完整,VH
886,新聞,Na
886,連結,VC
886,或,Caa
886,短,VH
886,網址,Na
886,不可,D
886,用,VC
886,等,Cab
886,轉載,VC
886,媒體,Na
886,//////,FW
886,備註,VE
886,台湾队,Na
886,请,FW
886,正名,VA
886,中华,Na
886,台北队,Na
887,媒體,Na
887,來源,Na
887,自由時報,Nb
887,記者,Na
887,署名,VC
887,記者,Na
887,林岳甫,Nb
887,台北,Nc
887,報導,VE
887,完整,VH
887,新聞,Na
887,標題,Na
887,中午,Nd
887,戰古巴,Nc
887,台灣,Nc
887,運彩,Na
887,看好,VJ
887,台灣,Nc
887,連勝,VH
887,完整,VH
887,新聞,Na
887,內文,Na
887,台灣隊,Na
887,在,P
887,世界,Nc
887,棒球,Na
887,經典賽,Na
887,連續,D
887,拿下,VC
887,兩,Neu
887,場,Nf
887,勝利,VH
887,，,COMMACATEGORY
887,今天,Nd
887,中午,Nd
887,在,P
887,台中,Nc
887,洲際,Nc
887,棒球場,Nc
887,大戰,Na
887,紅色,Na
887,閃電,Na
887,古巴,Nc
887,，,COMMACATEGORY
887,台灣,Nc
887,運彩,Na
887,開盤,VA
887,則,D
887,稍微,D
887,看好,VJ
887,台灣隊,Na
887,贏,VD
887,球,Na
887,，,COMMACATEGORY
887,不,D
887,讓,VL
887,分賠率,Na
887,低於,VJ
887,古巴,Nc
887,的,DE
887,台灣隊,Na
887,週五,Nd
887,對上,VC
887,義大利,Nc
887,全,Neqa
887,場,Nf
887,猛灌,VC
887,三,Neu
887,轟,VC
887,，,COMMACATEGORY
887,以,P
887,力,Na
887,退,VA
887,義大利,Nc
887,，,COMMACATEGORY
887,終止,VHC
887,跨,VC
887,屆,Nf
887,連敗,VH
887,，,COMMACATEGORY
887,本,Nes
887,屆,Nf
887,首,Nes
887,勝,VH
887,開張,VA
887,，,COMMACATEGORY
887,昨晚,Nd
887,靠,VJ
887,著,Di
887,國防部長,Na
887,張育成,Nb
887,轟出,VC
887,滿貫砲,Na
887,再,D
887,以,P
887,打敗,VC
887,強敵,Na
887,荷蘭,Nc
887,，,COMMACATEGORY
887,目前,Nd
887,勝,VH
887,敗,VH
887,也,D
887,暫居,VJ
887,分組,VB
887,第,Neu
887,台灣隊,Na
887,今天,Nd
887,將,D
887,是,SHI
887,天堂,Nc
887,地獄線,Na
887,之,DE
887,隔,VJ
887,，,COMMACATEGORY
887,贏,VD
887,古巴,Nc
887,將,D
887,鎖定,VC
887,分,VC
887,組第,Na
887,前進,VA
887,日本,Nc
887,東京,Nc
887,，,COMMACATEGORY
887,輸球,VH
887,可能,D
887,還,D
887,會,D
887,變成,VG
887,分組,VB
887,最後,Nd
887,台灣,Nc
887,今天,Nd
887,將,D
887,派出,VC
887,中職,Na
887,富邦,Nb
887,悍將,Na
887,左投,Na
887,陳仕朋,Nb
887,，,COMMACATEGORY
887,古巴,Nc
887,則,D
887,是,SHI
887,推上,VC
887,今年,Nd
887,剛,D
887,跟,P
887,樂天,VH
887,桃猿隊,Nb
887,簽約,VA
887,的,DE
887,雷法,Na
887,台灣,Nc
887,運彩,Na
887,針對,P
887,台古,Nc
887,之,DE
887,戰,Na
887,開盤,VA
887,，,COMMACATEGORY
887,不,D
887,讓,VL
887,分賠率,Na
887,稍,D
887,看好,VJ
887,台灣,Nc
887,，,COMMACATEGORY
887,台灣,Nc
887,不,D
887,讓,VL
887,分獲勝賠率,Na
887,，,COMMACATEGORY
887,古巴,Nc
887,是,SHI
887,讓,VL
887,分盤,VB
887,方面,Na
887,，,COMMACATEGORY
887,投注,VC
887,台灣,Nc
887,賠率,Na
887,，,COMMACATEGORY
887,古巴,Nc
887,賠率,Na
887,值得,VH
887,提,VE
887,的,DE
887,是,SHI
887,，,COMMACATEGORY
887,這,Nep
887,是,SHI
887,台灣,Nc
887,首,Nes
887,戰,Na
887,對,VC
887,巴拿馬,Nc
887,後,Ng
887,，,COMMACATEGORY
887,運彩,VA
887,再度,D
887,看好,VJ
887,台灣,Nc
887,//////////,FW
887,台灣隊,Na
887,資料照,Na
887,，,COMMACATEGORY
887,記者,Na
887,廖耀東,Nb
887,攝,VC
887,完整,VH
887,新聞,Na
887,連結,VC
887,或,Caa
887,短,VH
887,網址,Na
887,不可,D
887,用,VC
887,等,Cab
887,轉載,VC
887,媒體,Na
887,/////,FW
887,備註,VE
888,大家,Nh
888,想要,VE
888,自己,Nh
888,支持,VC
888,的,DE
888,球隊,Na
888,獲勝,VH
888,時,Ng
888,通常,D
888,會,D
888,獻上,VC
888,祭品,Na
888,那,Dk
888,如果,Cbb
888,有,V_2
888,人,Na
888,說,VE
888,中華隊,Na
888,贏,VD
888,了,Di
888,就,D
888,開放,VC
888,天,Nc
888,二二八,Nd
888,公園,Nc
888,任,VL
888,人肛,Na
888,這樣,VH
888,的,DE
888,祭品,Na
888,有用,VH
888,嗎,T
888,有,V_2
888,沒,D
888,有,V_2
888,八卦,Na
889,最近,Nd
889,周,Nb
889,遭,P
889,朋友,Na
889,同事,Na
889,不管,Cbb
889,是,SHI
889,資深,VH
889,球迷,Na
889,還是,Caa
889,日迷,Na
889,討論,VE
889,的,DE
889,時候,Na
889,幾乎,Da
889,都,D
889,是,SHI
889,稱,VG
889,中華隊,Na
889,魯叔,Nb
889,原本,D
889,想,VE
889,政治,Na
889,正確,VH
889,講,VE
889,個,Di
889,台灣隊,Na
889,結果,Dk
889,發現,VE
889,現實,Na
889,生活,Na
889,都,D
889,沒,VJ
889,人,Na
889,這樣,VH
889,講,VE
889,不,D
889,曉得,VK
889,是,SHI
889,不,D
889,是,SHI
889,這,Nep
889,個,Nf
889,詞,Na
889,曾經,D
889,被,P
889,消費,Na
889,搞臭,VC
889,了,Di
889,有,V_2
889,又,D
889,脫離,VC
889,現實,VH
889,的,DE
889,八卦,Na
889,嗎,T
890,媒體,Na
890,來源,Na
890,華視,Nc
890,新聞,Na
890,記者,Na
890,署名,VC
890,陳奕寧,Nb
890,羅大偉,Nb
890,張智鈞,Nb
890,完整,VH
890,新聞,Na
890,標題,Na
890,台式,A
890,應,D
890,援紅,VA
890,到,VCL
890,國外,Nc
890,林襄,Nb
890,登,VCL
890,日本,Nc
890,新聞,Na
890,封面,Na
890,照,P
890,完整,VH
890,新聞,Na
890,內文,Na
890,世界,Nc
890,棒球,Na
890,經典賽,Na
890,，,COMMACATEGORY
890,中華隊,Na
890,昨日,Nd
890,贏下,VJ
890,義大利,Nc
890,現場,Nc
890,經典,Na
890,女孩,Na
890,啦啦隊,Na
890,賣力,VH
890,應援,VC
890,，,COMMACATEGORY
890,又,D
890,唱,VC
890,又,D
890,跳,VA
890,帶動,VC
890,現場,Nc
890,氣氛,Na
890,的,DE
890,甜美,VH
890,畫面,Na
890,，,COMMACATEGORY
890,也,D
890,紅,VH
890,到,VCL
890,國外,Nc
890,不但,Cbb
890,登上,VCL
890,日本,Nc
890,和,Caa
890,美國,Nc
890,的,DE
890,新聞,Na
890,網站,Nc
890,，,COMMACATEGORY
890,日本,Nc
890,媒體,Na
890,更,Dfa
890,稱讚,VE
890,台灣,Nc
890,啦啦隊,Na
890,的,DE
890,迷你裙,Na
890,，,COMMACATEGORY
890,讓,VL
890,全,Neqa
890,場,Nf
890,陷入,VCL
890,瘋狂,VH
890,青春,Na
890,洋溢,VH
890,大跳,VA
890,啦啦,T
890,舞蹈,Na
890,，,COMMACATEGORY
890,女孩,Na
890,們,Na
890,香噴噴,VH
890,的,DE
890,應援,VC
890,，,COMMACATEGORY
890,動感,VH
890,帶動,VC
890,全,Neqa
890,場,Nf
890,球迷,Na
890,跟著,P
890,熱血,Na
890,沸騰,VH
890,，,COMMACATEGORY
890,應援球,Na
890,迷說,VE
890,轟出,VC
890,殺氣,Na
890,，,COMMACATEGORY
890,我們,Nh
890,要,D
890,贏,VD
890,場,Nc
890,內,Ncd
890,比賽,VA
890,廝殺,VA
890,激烈,VH
890,，,COMMACATEGORY
890,場,Nc
890,邊,Ncd
890,的,DE
890,位,Na
890,加油團,Na
890,也,D
890,成為,VG
890,另類,VH
890,焦點,Na
890,，,COMMACATEGORY
890,紅,VH
890,白,VH
890,藍,VH
890,相間,VH
890,的,DE
890,中空,VH
890,啦啦,Na
890,隊服,Na
890,展現,VC
890,活力,Na
890,，,COMMACATEGORY
890,人氣,Na
890,成員,Na
890,林襄,Nb
890,露,VC
890,肚臍,Na
890,的,DE
890,甜,VH
890,美,Nc
890,應援,VC
890,，,COMMACATEGORY
890,更,Dfa
890,登上,VCL
890,日本,Nc
890,新聞,Na
890,網站,Nc
890,封面照,Na
890,，,COMMACATEGORY
890,日媒,Na
890,標題,Na
890,大讚,VE
890,台灣,Nc
890,啦啦,Na
890,隊員,Na
890,，,COMMACATEGORY
890,穿上,VC
890,迷你裙,Na
890,讓,VL
890,全,Neqa
890,場,Nf
890,陷,VHC
890,入,VCL
890,瘋狂,VH
890,，,COMMACATEGORY
890,台灣,Nc
890,獨特,VH
890,的,DE
890,啦啦隊,Na
890,文化,Na
890,紅,VH
890,到,VCL
890,日本,Nc
890,，,COMMACATEGORY
890,日本,Nc
890,頻道,Na
890,更,Dfa
890,捕捉到,VC
890,中華隊,Na
890,贏,VD
890,球,Na
890,後,Ng
890,，,COMMACATEGORY
890,啦,T
890,啦,T
890,隊員,Na
890,們,Na
890,喜極而泣,VA
890,的,DE
890,畫面,Na
890,，,COMMACATEGORY
890,底下,Ncd
890,不少,Neqa
890,日本,Nc
890,網友,Na
890,都,D
890,替,P
890,台灣,Nc
890,感到,VK
890,開心,VH
890,瘋狂,VH
890,的,DE
890,球迷,Na
890,應援,VC
890,，,COMMACATEGORY
890,連,Cbb
890,美國,Nc
890,福斯,Nb
890,新聞台,Nc
890,都,D
890,在,P
890,推,VC
890,特出,VH
890,富邦,Nb
890,應援,VC
890,團長,Na
890,，,COMMACATEGORY
890,忘我,VH
890,的,DE
890,扶,VC
890,著,Di
890,欄杆,Na
890,用力,VH
890,搖,VAC
890,晃,VC
890,身體,Na
890,的,DE
890,模樣,Na
890,，,COMMACATEGORY
890,還,D
890,說,VE
890,好像,D
890,是,SHI
890,去,D
890,參加,VC
890,最愛,Na
890,樂團,Na
890,的,DE
890,演唱會,Na
890,，,COMMACATEGORY
890,台式,A
890,應援,Na
890,躍上,VCL
890,國際,Nc
890,版面,Na
890,，,COMMACATEGORY
890,不過,Cbb
890,在,P
890,張,Nb
890,女孩,Na
890,們,Na
890,的,DE
890,合照,Na
890,裡,Ng
890,卻,D
890,被,P
890,網友,Na
890,發現,VE
890,，,COMMACATEGORY
890,咦,I
890,怎麼,D
890,有,V_2
890,位,Nf
890,經典賽,Na
890,啦啦隊員,Na
890,臉,Na
890,哀怨,VH
890,的,DE
890,在,P
890,畫面,Na
890,角落,Nc
890,，,COMMACATEGORY
890,後,Ncd
890,來,VA
890,本尊,Na
890,富邦,Nb
890,啦啦隊,Na
890,的,DE
890,秀秀子,Nb
890,也,D
890,表示,VE
890,，,COMMACATEGORY
890,合照,VA
890,成員,Na
890,都,D
890,是,SHI
890,中信,Nb
890,啦啦,Na
890,隊員,Na
890,，,COMMACATEGORY
890,所以,Cbb
890,自己,Nh
890,才,Da
890,沒有,D
890,跟,P
890,著,Di
890,合,VB
890,照,VC
890,啦,T
890,，,COMMACATEGORY
890,啦啦隊,Na
890,的,DE
890,舉動,Na
890,成為,VG
890,場,Nc
890,邊,Ncd
890,看,VC
890,點,Nf
890,，,COMMACATEGORY
890,也,D
890,推動,VC
890,更多,Neqa
890,人,Na
890,變成,VG
890,棒球迷,Na
890,完整,VH
890,新聞,Na
890,連結,VC
890,或,Caa
890,短,VH
890,網址,Na
890,不可,D
890,用,VC
890,等,Cab
890,轉載,VC
890,媒體,Na
890,//////,FW
890,備註,VE
891,小弟,Na
891,看,VJ
891,不,D
891,懂,VJ
891,棒球,Na
891,但是,Cbb
891,身為,VG
891,台灣人,Na
891,我,Nh
891,定,D
891,是,SHI
891,站,VA
891,在,P
891,中華隊,Na
891,這邊,Ncd
891,的,DE
891,我,Nh
891,昨天,Nd
891,看,VC
891,中華隊,Na
891,路,Na
891,領先,VJ
891,我,Nh
891,相信,VK
891,他,Nh
891,能,D
891,保持,VJ
891,這,Nep
891,種,Nf
891,氣勢,Na
891,拿下,VC
891,連勝,VH
891,應該,D
891,很,Dfa
891,穩,VH
891,吧,T
892,這,Nep
892,次,Nf
892,的,DE
892,啦啦隊,Na
892,，,COMMACATEGORY
892,除了,P
892,林襄,Nb
892,外,Ng
892,勉強,VF
892,再,D
892,加,VC
892,個,Di
892,峮峮,Na
892,相信,VK
892,剩下,VJ
892,的,DE
892,人,Na
892,大部分,Neqa
892,都,D
892,叫,VC
892,不,D
892,出,VE
892,名字,Na
892,///,FW
892,///,FW
892,聲量,Na
892,通通,D
892,都,D
892,在,P
892,林襄,Nb
892,身,Na
892,上,Ncd
892,林襄,Nb
892,的,DE
892,快樂,VH
892,夥伴,Na
892,們,Na
892,，,COMMACATEGORY
892,心,Na
892,裡,Ng
892,會,D
892,很,Dfa
892,不,D
892,是,SHI
892,滋味,Na
892,嗎,T
893,年,Na
893,世界,Nc
893,棒球賽,Na
893,強,VH
893,的,DE
893,時候,Na
893,大,VH
893,師兄,Na
893,在,P
893,八,Neu
893,局,Nf
893,下,Nes
893,半,Neqa
893,出來,VA
893,敲,VC
893,了,Di
893,支,Nf
893,三,Neu
893,分,Nf
893,全壘打,Na
893,當時,Nd
893,現場,Nc
893,也,D
893,是,SHI
893,熱血,Na
893,沸騰,VH
893,媒體,Na
893,連播,VC
893,了,Di
893,三,Neu
893,天,Nf
893,跟,P
893,昨天,Nd
893,昨天,Nd
893,張育成,Nb
893,比起來,D
893,誰,Nh
893,比較,Dfa
893,震撼,VJ
893,有,V_2
893,沒,D
893,有,V_2
893,八卦,Na
894,如,P
894,題,Na
894,中華隊,Na
894,昨晚,Nd
894,力克,VC
894,荷蘭隊,Na
894,昨晚,Nd
894,比賽,Na
894,也,D
894,是,SHI
894,直,D
894,持續,VL
894,到,P
894,點,Nf
894,多,VH
894,很多,Neqa
894,人,Na
894,加油,VB
894,支持完,VC
894,回到,VCL
894,家,Nc
894,裡,Ncd
894,整理好,VC
894,要,D
894,睡覺,VA
894,都,D
894,已經,D
894,三四點,Nd
894,了,T
894,照理,D
894,來,D
894,說,VE
894,星期天,Nd
894,是,SHI
894,很多,Neqa
894,人,Na
894,定,VC
894,都,D
894,要,D
894,睡,VA
894,到,P
894,下午,Nd
894,兩三點,Nd
894,的,DE
894,賽程,Na
894,這樣,VH
894,安排,VE
894,是,SHI
894,要,D
894,叫,VF
894,球迷,Na
894,怎麼,D
894,起床,VA
894,支持,VC
894,這樣,VH
894,的,DE
894,賽程,Na
894,安排,VE
894,對於,P
894,支持,VC
894,的,DE
894,球迷,Na
894,來,D
894,說,VE
894,是,SHI
894,不,D
894,是,SHI
894,很,Dfa
894,硬,VH
894,_,FW
895,小魯,Nb
895,高雄,Nc
895,處,Nc
895,辣,VH
895,昨天,Nd
895,看,VC
895,棒球,Na
895,不,D
895,意外,VK
895,中華隊,Na
895,又,D
895,贏,VD
895,了,Di
895,畢竟,D
895,下午,Nd
895,看到,VE
895,則,D
895,新聞,Na
895,中華,Nc
895,英雄,Na
895,台灣,Nc
895,之,DE
895,光,Na
895,高雄,Nc
895,驕傲,VH
895,統四爺,Na
895,陳傑憲,Nb
895,已經,D
895,暗示,VE
895,說,VE
895,要,D
895,從,P
895,東京路,Nc
895,玩,VC
895,到,P
895,邁阿密,Nc
895,不可能,D
895,是,SHI
895,自己,Nh
895,請假,VA
895,搭機,VA
895,去,T
895,吧,T
895,定,D
895,是,SHI
895,表示,VE
895,接下來,D
895,比賽,VA
895,順風,VH
895,順水,D
895,從,P
895,台灣,Nc
895,晉級,VJ
895,到,P
895,日本,Nc
895,再,D
895,出線,VH
895,去,VCL
895,邁阿密,Nc
895,只是,Cbb
895,不能,D
895,明說,VA
895,只,Da
895,能,D
895,用,P
895,暗示,VE
895,的,DE
895,畢竟,D
895,是,SHI
895,職業,Na
895,球員,Na
895,讓,VL
895,我,Nh
895,賺,VC
895,了,Di
895,兩,Neu
895,天,Nf
895,中華,Nc
895,不,D
895,讓,VL
895,高賠,Nb
895,嘻嘻,D
895,接下來,D
895,直到,P
895,邁阿密,Nc
895,大家,Nh
895,都,D
895,知道,VK
895,該,D
895,怎麼,D
895,買,VC
895,吧,T
895,有,V_2
895,沒,D
895,有,V_2
895,四爺,Na
895,大,VH
895,爆雷,Na
895,要,D
895,氣死,VHC
895,運彩,VA
895,的,DE
895,卦,Na
896,最近,Nd
896,中華隊,Na
896,打,VC
896,的,DE
896,不錯,VH
896,今天,Nd
896,又,D
896,是,SHI
896,關鍵戰,Na
896,看,VC
896,電視,Na
896,上,Ncd
896,的,DE
896,熱血,Na
896,氣氛,Na
896,想,VE
896,去,D
896,體驗,VC
896,下,Ng
896,剛好,Da
896,新竹,Nc
896,有,V_2
896,啦啦隊,Na
896,等等,Cab
896,的,DE
896,炒熱,VC
896,氣氛,Na
896,想,VE
896,說,VE
896,中午,Nd
896,天氣,Na
896,不錯,VH
896,沒,VJ
896,事,Na
896,想,VE
896,去,VCL
896,新竹,Nc
896,的,DE
896,直播派,Na
896,對,VC
896,但,Cbb
896,小弟,Na
896,邊緣人,Na
896,想,VE
896,問問,VE
896,個人,Nh
896,去,D
896,直播,VC
896,派對,Na
896,會,D
896,很,Dfa
896,怪,VH
896,嗎,T
897,看,VC
897,新聞,Na
897,王建民,Nb
897,是,SHI
897,這,Nep
897,次,Nf
897,經典賽,Na
897,中華隊,Na
897,的,DE
897,投手,Na
897,教練,Na
897,奇怪,VK
897,怎麼,VH
897,電視,Na
897,轉播,VC
897,都,D
897,沒,VJ
897,他,Nh
897,的,DE
897,鏡頭,Na
897,或是,Caa
897,看到,VE
897,他,Nh
897,上場,VA
897,去,VCL
897,投手,Na
897,指示,VE
897,什麼,Nep
897,的,T
897,請問,VE
897,有,V_2
897,八卦,Na
897,嗎,T
897,謝謝,VJ
898,經典賽,Na
898,台灣,Nc
898,勝,VH
898,荷蘭,Nc
898,總統,Na
898,繼續,VF
898,加油,VB
898,捍衛,VC
898,主場,Na
898,中央社,Nc
898,中央社,Nc
898,記者,Na
898,林克倫,Nb
898,台北,Nc
898,日電,Nb
898,世界,Nc
898,棒球,Na
898,經典賽,Na
898,台灣隊,Na
898,延續,VJ
898,氣勢,Na
898,，,COMMACATEGORY
898,擊敗,VC
898,荷蘭隊,Na
898,拿下,VC
898,預賽,Na
898,第,Neu
898,勝,VH
898,總統,Na
898,蔡英文,Nb
898,在,P
898,臉書,Na
898,發文,VC
898,說,VE
898,台灣人,Na
898,都,D
898,在,P
898,想,VE
898,吃,VC
898,什麼,Nep
898,喝,VC
898,什麼,Nep
898,配,VC
898,球賽,Na
898,，,COMMACATEGORY
898,才,Da
898,能,D
898,幫,P
898,台灣,Nc
898,英雄,Na
898,更加,Dfa
898,油,Na
898,也,D
898,謝謝,VJ
898,展現,VC
898,台灣人,Na
898,對,P
898,棒球,Na
898,的,DE
898,熱情,Na
898,，,COMMACATEGORY
898,我們,Nh
898,繼續,VF
898,加油,VB
898,捍衛,VC
898,主場,Na
898,世界,Nc
898,棒球,Na
898,經典賽,Na
898,台灣隊,Na
898,昨天,Nd
898,晚上,Nd
898,與,P
898,荷蘭,Nc
898,交手,VA
898,，,COMMACATEGORY
898,絕對,D
898,忠誠,VH
898,張育成,Nb
898,連戰,Nb
898,開轟,VA
898,，,COMMACATEGORY
898,滿貫砲,Na
898,棒,VH
898,打起,VC
898,球隊,Na
898,士氣,Na
898,，,COMMACATEGORY
898,吳哲源,Nb
898,中繼局,Nc
898,好,VH
898,投,VC
898,，,COMMACATEGORY
898,率隊,VA
898,以,P
898,比,P
898,拿下,VC
898,第,Neu
898,勝,VH
898,日,Nc
898,若,Cbb
898,再,D
898,勝,VH
898,古巴,Nc
898,，,COMMACATEGORY
898,就,D
898,能,D
898,前進,VA
898,東京,Nc
898,蔡,Nb
898,總統,Na
898,昨晚,Nd
898,在,P
898,臉書,Na
898,發文,VC
898,，,COMMACATEGORY
898,恭喜,VJ
898,台灣隊,Na
898,拿下,VC
898,第,Neu
898,勝,VH
898,她,Nh
898,指出,VE
898,，,COMMACATEGORY
898,晚上,Nd
898,的,DE
898,世界,Nc
898,棒球,Na
898,經典賽,Na
898,，,COMMACATEGORY
898,現場,Nc
898,或,Caa
898,螢幕,Na
898,前,Ncd
898,的,DE
898,台灣人,Na
898,，,COMMACATEGORY
898,都,D
898,在,D
898,想,VE
898,吃,VC
898,什麼,Nep
898,喝,VC
898,什麼,Nep
898,配,VC
898,球賽,Na
898,，,COMMACATEGORY
898,才,Da
898,可以,D
898,幫,P
898,台灣,Nc
898,英雄,Na
898,們,Na
898,更,Dfa
898,加油,VB
898,總統,Na
898,說,VE
898,，,COMMACATEGORY
898,她,Nh
898,相信,VK
898,，,COMMACATEGORY
898,現在,Nd
898,台灣,Nc
898,最,Dfa
898,熱門,VH
898,手勢,Na
898,，,COMMACATEGORY
898,定,D
898,是,SHI
898,向,P
898,張育成,Nb
898,致敬,VB
898,的,DE
898,敬禮,VB
898,手勢,Na
898,無論,Cbb
898,是,SHI
898,林立,VH
898,的,DE
898,威,Nb
898,力,Na
898,沒有,VJ
898,極限,Na
898,的,DE
898,陳傑憲,Nb
898,，,COMMACATEGORY
898,或是,Caa
898,非常,Dfa
898,賽揚,VH
898,的,DE
898,吳哲源,Nb
898,，,COMMACATEGORY
898,我們,Nh
898,全,Neqa
898,隊,Nf
898,都,D
898,是,SHI
898,台灣,Nc
898,英雄,Na
898,總統,Na
898,感謝,VK
898,展現,VC
898,台灣人,Na
898,對,P
898,棒球,Na
898,的,DE
898,熱情,Na
898,，,COMMACATEGORY
898,我們,Nh
898,繼續,VF
898,加油,VB
898,捍衛,VC
898,主場,Na
898,副總統,Na
898,賴清德,Nb
898,也,D
898,透過,P
898,臉書,Na
898,發文,VC
898,說,VE
898,，,COMMACATEGORY
898,張育成,Nb
898,擊出,VC
898,滿貫,VH
898,全壘打,Na
898,的,DE
898,時候,Na
898,，,COMMACATEGORY
898,全,Neqa
898,台灣定,Nc
898,都,D
898,沸騰,VH
898,了,T
898,，,COMMACATEGORY
898,我們,Nh
898,就,D
898,延續,VJ
898,這,Nep
898,股,Nf
898,氣勢,Na
898,，,COMMACATEGORY
898,明天股,Na
898,作氣,VA
898,，,COMMACATEGORY
898,前進,VA
898,東京,Nc
898,台灣,Nc
898,加油,VB
898,行政院長,Na
898,陳建仁,Nb
898,則,D
898,在,P
898,臉書,Na
898,公布,VE
898,張,Nb
898,他,Nh
898,在,P
898,行政,Na
898,專機,Na
898,前,Ng
898,向,P
898,值勤,VA
898,官兵,Na
898,回禮,VA
898,的,DE
898,舉手禮,Na
898,照片,Na
898,，,COMMACATEGORY
898,並,Cbb
898,發文,VC
898,說,VE
898,，,COMMACATEGORY
898,他,Nh
898,向,P
898,所有,Neqa
898,這,Nep
898,幾,Neu
898,天,Nf
898,在,P
898,棒球場,Nc
898,上,Ncd
898,，,COMMACATEGORY
898,奮力,D
898,求勝,VA
898,拚勁,Na
898,十足,VH
898,的,DE
898,台灣,Nc
898,選手,Na
898,們,Na
898,致敬,VB
898,，,COMMACATEGORY
898,繼續,VF
898,加油,VB
898,繼續,VF
898,拚,VC
898,編輯,Na
898,施施,VB
898,///,FW
898,淺藍,Na
898,中立,VH
898,中央,Nc
898,电视,FW
898,中央日報,Nb
898,中時,Nb
898,中天,Nb
898,中視,Nc
898,聯合,VC
899,欸,I
899,欸,I
899,就,D
899,是,SHI
899,呀,T
899,昨天,Nd
899,有,V_2
899,人,Na
899,發祭,VC
899,品文,Na
899,就是,Cbb
899,如果,Cbb
899,中華隊,Na
899,贏,VD
899,~,FW
899,到,P
899,明年,Nd
899,就,D
899,都,D
899,不能,D
899,尻尻,VH
899,結果,Dk
899,中華隊,Na
899,贏,VD
899,了,Di
899,~~,FW
899,那,Nep
899,很,Dfa
899,好奇,VH
899,呀,T
899,~,FW
899,今天,Nd
899,中華隊,Na
899,也,D
899,有,V_2
899,比賽,Na
899,鄉民,Na
899,又,D
899,該,D
899,拿,VC
899,什麼,Nep
899,當,VG
899,祭品,Na
899,才,Da
899,能,D
899,超越,VC
899,昨天,Nd
899,呀,T
899,有,V_2
899,沒,D
899,有,V_2
899,八卦,Na
900,這,Nep
900,幾,Neu
900,天,Nf
900,中華隊,Na
900,的,DE
900,表現,Na
900,亮眼,VH
900,但,Cbb
900,箱箱,Na
900,對於,P
900,中華隊,Na
900,，,COMMACATEGORY
900,還,D
900,停留,VA
900,在,P
900,王建民,Nb
900,陳金鋒,Nb
900,的,DE
900,時期,Na
900,認真,VH
900,問,VE
900,，,COMMACATEGORY
900,這,Nep
900,次,Nf
900,中華隊,Na
900,你,Nh
900,知道,VK
900,誰,Nh
900,的,DE
900,名字,Na
901,查,VE
901,了,Di
901,資料,Na
901,真的,D
901,很,Dfa
901,生氣,VH
901,臺灣,Nc
901,這,Nep
901,幾,Neu
901,場,Nf
901,的,DE
901,比賽,Na
901,球場,Nc
901,都,D
901,只,Da
901,經過,VCL
901,幾百萬,Neu
901,的,DE
901,整修,VC
901,就,D
901,讓,VL
901,組,Nc
901,各,Nes
901,國,Nc
901,選手,Na
901,使用,VC
901,想想,VE
901,這些,Neqa
901,隊伍,Na
901,裡面,Ncd
901,有,V_2
901,各自,Nh
901,國家,Na
901,的,DE
901,職業,Na
901,球隊,Na
901,甚至,D
901,還,D
901,有,V_2
901,小,VH
901,聯盟,Na
901,乃至於,Cbb
901,大聯盟,Na
901,成員,Na
901,在,P
901,自己,Nh
901,國家,Na
901,丟臉,VH
901,沒關係,VH
901,現在,Nd
901,根本,D
901,是,SHI
901,丟臉,VH
901,丟到,VC
901,國外,Nc
901,去,T
901,了,T
901,為何,D
901,這,Nep
901,次,Nf
901,不,D
901,啟用,VC
901,最,Dfa
901,頂,Ncd
901,的,DE
901,花,VC
901,了,Di
901,億,Neu
901,蓋,VC
901,的,DE
901,新竹,Nc
901,棒球場,Nc
901,怒,VH
901,可憐,VHC
901,吶,T
902,文,Na
902,，,COMMACATEGORY
902,經典賽,Na
902,開打,VH
902,，,COMMACATEGORY
902,祝福,VC
902,台灣隊,Na
902,結果,Dk
902,第,Neu
902,仗,Na
902,中華隊,Na
902,輸球,VH
902,文,Na
902,，,COMMACATEGORY
902,恭喜,VJ
902,台灣隊,Na
902,拿下,VC
902,第二,Neu
902,勝,VH
902,第四,Neu
902,仗,Na
902,接下來,D
902,輸贏,Na
902,很,Dfa
902,清楚,VH
902,了,T
902,要,D
902,蹭,VC
902,就,D
902,從,P
902,頭,Na
902,蹭,VC
902,到,P
902,尾,Ncd
902,，,COMMACATEGORY
902,不要,D
902,只有,D
902,贏,VD
902,球,Na
902,才,Da
902,出來,VA
902,，,COMMACATEGORY
902,輸球,VH
902,就,D
902,躲,VC
902,不,D
902,見,VC
902,人,Na
902,難道,D
902,戰爭,Na
902,只有,D
902,打贏,VC
902,時,Ng
902,才,Da
902,需要,VK
902,精神,Na
902,喊話,VA
902,，,COMMACATEGORY
902,劣勢,Na
902,更,Dfa
902,需要,VK
902,精神,Na
902,喊話,VA
903,如,P
903,標題,Na
903,我,Nh
903,鄰居,Na
903,女,Na
903,博士,Na
903,平常,Nd
903,完全,D
903,不,D
903,在意,VK
903,台灣,Nc
903,體育,Na
903,運動,Na
903,結果,Dk
903,今天,Nd
903,居然,D
903,發文,VC
903,慶祝,VE
903,經典賽,Na
903,中華隊,Na
903,贏,VD
903,了,Di
903,蹭成,VG
903,這樣,VH
903,我,Nh
903,覺得,VK
903,很,Dfa
903,噁心,VH
903,有,V_2
903,卦,Na
903,嗎,T
904,啊,I
904,肥,VHC
904,我,Nh
904,不,D
904,是,SHI
904,說,VE
904,贏錢,VA
904,很,Dfa
904,穩,VH
904,啦,T
904,指,VG
904,的,DE
904,是,SHI
904,心態,Na
904,中華隊,Na
904,贏,VD
904,，,COMMACATEGORY
904,晉級,VJ
904,，,COMMACATEGORY
904,爽,VH
904,古巴隊,Na
904,贏,VD
904,，,COMMACATEGORY
904,贏,VD
904,錢,Na
904,，,COMMACATEGORY
904,爽,VH
904,所以,Cbb
904,今天,Nd
904,運,VC
904,彩,Na
904,下,VCL
904,古巴,Nc
904,心態,Na
904,是,SHI
904,不,D
904,是,SHI
904,很,Dfa
904,穩,VH
905,備註,VE
905,請,VF
905,放,VC
905,最後,Nd
905,面違,VC
905,者,Na
905,新聞,Na
905,文章,Na
905,刪除,VC
905,媒體,Na
905,來源,Na
905,自由時報,Nb
905,記者,Na
905,署名,VC
905,記者,Na
905,蔡思培,Nb
905,台北,Nc
905,報導,VE
905,完整,VH
905,新聞,Na
905,標題,Na
905,經典賽,Na
905,打贏,VC
905,古巴,Nc
905,前進,VA
905,東京,Nc
905,蔣萬安,Nb
905,喊贏,VE
905,球,Na
905,發份,VC
905,雞排,Na
905,完整,VH
905,新聞,Na
905,內文,Na
905,記者,Na
905,蔡思培,Nb
905,台北,Nc
905,報導,VE
905,經典賽,Na
905,台灣隊,Na
905,昨,Nd
905,以,P
905,擊敗,VC
905,荷蘭隊,Na
905,，,COMMACATEGORY
905,奪下,VC
905,連勝,VH
905,，,COMMACATEGORY
905,今天,Nd
905,中午,Nd
905,則,D
905,對上,VC
905,古巴隊,Na
905,就,D
905,要,D
905,發,VD
905,份,Na
905,雞,Na
905,排,VC
905,蔣萬安,Nb
905,今天,Nd
905,在,P
905,臉書,Na
905,發文,VC
905,表示,VE
905,，,COMMACATEGORY
905,台灣隊,Na
905,前進,VA
905,東京,Nc
905,就,D
905,差,VH
905,這,Nep
905,勝,VH
905,，,COMMACATEGORY
905,今天,Nd
905,中午點,Na
905,對,P
905,上古巴,Nc
905,的,DE
905,比賽,Na
905,是,SHI
905,晉級,VJ
905,複賽,Na
905,的,DE
905,關鍵役,Na
905,，,COMMACATEGORY
905,必需,D
905,贏下,VJ
905,蔣,Nb
905,提醒,VE
905,有空,VH
905,的,DE
905,朋友,Na
905,觀看,VC
905,比賽,Na
905,直播,VC
905,，,COMMACATEGORY
905,繼續,VF
905,為,P
905,台灣隊,Na
905,集氣,VA
905,蔣萬安,Nb
905,也,D
905,表示,VE
905,，,COMMACATEGORY
905,如果,Cbb
905,今天,Nd
905,贏下,VJ
905,古巴,Nc
905,順利,VH
905,前往,VCL
905,東京,Nc
905,，,COMMACATEGORY
905,他,Nh
905,就,D
905,發放,VD
905,份,Nf
905,雞排,Na
905,慶祝,VE
905,，,COMMACATEGORY
905,蔣,Nb
905,也,D
905,打,VC
905,出好,VH
905,想,VE
905,贏,VD
905,古巴,Nc
905,標記,Na
905,蔣萬安,Nb
905,上午,Nd
905,出席,VC
905,國際,Nc
905,自由車,Na
905,環台賽,Na
905,活動,Na
905,也,D
905,笑稱,VE
905,，,COMMACATEGORY
905,等下,D
905,要,D
905,找,VC
905,機會,Na
905,喝,VC
905,古巴,Nc
905,咖啡,Na
905,，,COMMACATEGORY
905,把,P
905,它,Nh
905,喝,VC
905,爆,VH
905,，,COMMACATEGORY
905,台灣隊,Na
905,定,D
905,要,D
905,打贏,VC
905,古巴,Nc
905,前進,VA
905,東京,Nc
905,蔣萬安,Nb
905,也,D
905,說,VE
905,，,COMMACATEGORY
905,昨天,Nd
905,比賽,VA
905,時,Ng
905,在,P
905,行程,Na
905,當中,Ng
905,，,COMMACATEGORY
905,但,Cbb
905,張育成,Nb
905,打出,VC
905,的,DE
905,滿貫砲,Na
905,讓,VL
905,他,Nh
905,快要,D
905,掉淚,VA
905,被,P
905,問起,VE
905,中華隊,Na
905,日前,Nd
905,對上,VC
905,義大利,Nc
905,，,COMMACATEGORY
905,是否,D
905,有,V_2
905,吃,VC
905,義大利麵,Na
905,，,COMMACATEGORY
905,蔣萬安,Nb
905,聽到,VE
905,大笑,VA
905,，,COMMACATEGORY
905,並,Cbb
905,表示,VE
905,只有,D
905,看,VC
905,比賽,Na
905,轉播,VC
905,，,COMMACATEGORY
905,但,Cbb
905,昨天,Nd
905,很多,Neqa
905,人,Na
905,都,D
905,吃,VC
905,荷包蛋,Na
905,完整,VH
905,新聞,Na
905,連結,VC
905,或,Caa
905,短,VH
905,網址,Na
905,不可,D
905,用,VC
905,等,Cab
905,轉載,VC
905,媒體,Na
905,/////,FW
905,備註,VE
905,祭,VC
905,品文,Na
905,來,VA
905,了,Di
906,張育成,Nb
906,分砲,VA
906,全,Neqa
906,場,Nf
906,球迷,Na
906,敬禮,VB
906,軍聞社,Nc
906,國防部長,Na
906,還,D
906,沒,D
906,換人,VA
906,記者,Na
906,黃韻文,Nb
906,/,FW
906,綜合,A
906,報導,VE
906,中華隊,Na
906,在,P
906,世界,Nc
906,棒球,Na
906,經典賽,Na
906,再,D
906,下城,Nc
906,，,COMMACATEGORY
906,昨晚,Nd
906,以,P
906,勝,VH
906,荷蘭,Nc
906,，,COMMACATEGORY
906,讓,VL
906,全,Neqa
906,台,Nc
906,球迷,Na
906,燃起,VC
906,爭,VC
906,晉級,VJ
906,的,DE
906,希望,VK
906,沒,D
906,讓,VL
906,台灣,Nc
906,民眾,Na
906,等,VC
906,太,Dfa
906,久,VH
906,，,COMMACATEGORY
906,中華隊,Na
906,在,P
906,局,Nc
906,下,Ncd
906,打線,VA
906,就,D
906,發威,VA
906,，,COMMACATEGORY
906,繼,P
906,林立,VH
906,敲出,VC
906,安打,Na
906,追平,VC
906,第,Neu
906,分,Nf
906,，,COMMACATEGORY
906,國防部長,Na
906,張育成,Nb
906,更,Dfa
906,是,SHI
906,炸裂,VC
906,，,COMMACATEGORY
906,隨即,D
906,轟出,VC
906,滿貫,Na
906,分砲,VA
906,，,COMMACATEGORY
906,將,P
906,壘,Na
906,上,Ncd
906,跑者,Na
906,全,Neqa
906,送,VD
906,回家,VA
906,，,COMMACATEGORY
906,棒豪,Nb
906,取分,VH
906,，,COMMACATEGORY
906,開賽,VH
906,不久,Nd
906,便,D
906,取得,VC
906,比,P
906,大幅,D
906,領先,VJ
906,，,COMMACATEGORY
906,現場,Nc
906,士氣,Na
906,攀升,VCL
906,至,P
906,高點,Na
906,全,Neqa
906,場,Nf
906,萬,Neu
906,球迷,Na
906,激動,VH
906,到,P
906,起身,VA
906,敬禮,VB
906,，,COMMACATEGORY
906,國防部,Nc
906,軍聞社,Nc
906,粉專,Na
906,還,D
906,特地,D
906,發文,VC
906,提醒,VE
906,國防部長,Na
906,還,D
906,沒,D
906,換人,VA
906,中華隊,Na
906,日,Na
906,迎戰,VC
906,義大利,Nc
906,，,COMMACATEGORY
906,由,P
906,絕對,D
906,忠誠,VH
906,張育成,Nb
906,在,P
906,局,Nc
906,敲出,VC
906,關鍵,Na
906,的,DE
906,追平,VC
906,轟,VC
906,，,COMMACATEGORY
906,沒想到,D
906,不僅,Cbb
906,如,P
906,此,Nep
906,，,COMMACATEGORY
906,在,P
906,昨晚,Nd
906,與,Caa
906,荷蘭,Nc
906,的,DE
906,背水戰,Na
906,中,Ng
906,，,COMMACATEGORY
906,張育成,Nb
906,在,P
906,局,Nc
906,下,Ncd
906,立刻,D
906,轟出,VC
906,滿貫,Na
906,分砲,VA
906,，,COMMACATEGORY
906,全,Neqa
906,台,Nc
906,民眾,Na
906,情緒,Na
906,沸騰,VH
906,到,P
906,最高點,Na
906,每,Nes
906,次,Nf
906,張育成,Nb
906,都,D
906,會,D
906,向,P
906,場,Nc
906,上,Ncd
906,球迷,Na
906,敬禮,VB
906,，,COMMACATEGORY
906,此,Nep
906,舉,Na
906,還,D
906,引發,VC
906,國際,Nc
906,媒體,Na
906,專注,VH
906,，,COMMACATEGORY
906,不少,Neqa
906,人,Na
906,也,D
906,好,VH
906,奇,Dfa
906,為何,D
906,張育成,Nb
906,會,D
906,被,P
906,稱為,VG
906,國防部長,Na
906,由於,Cbb
906,張育成,Nb
906,在,P
906,年,Na
906,亞錦賽,Na
906,過,VCL
906,後,Ng
906,取得,VC
906,天補,Na
906,充兵,VH
906,資格,Na
906,，,COMMACATEGORY
906,在,P
906,年服,Na
906,完天,Nd
906,補充兵,Na
906,後,Ng
906,，,COMMACATEGORY
906,被,P
906,體,Na
906,育署,Nc
906,列為,VG
906,列管,VB
906,球員,Na
906,，,COMMACATEGORY
906,接下,VC
906,來年,Nd
906,必須,D
906,配合,VC
906,國際賽,Na
906,集訓,VC
906,和,Caa
906,比賽,Na
906,，,COMMACATEGORY
906,但,Cbb
906,去年,Nd
906,底,Ng
906,傳出,VC
906,張育成,Nb
906,想,VE
906,婉拒,VC
906,中華隊,Na
906,徵召,VC
906,，,COMMACATEGORY
906,因此,Cbb
906,被,P
906,球迷,Na
906,開酸,VH
906,是,SHI
906,逃兵,Na
906,，,COMMACATEGORY
906,雖然,Cbb
906,張育成,Nb
906,最後,Nd
906,還是,D
906,投入,VC
906,集訓,VC
906,，,COMMACATEGORY
906,但,Cbb
906,只是,D
906,從,P
906,逃,VA
906,兵,Na
906,變,VG
906,二兵,Na
906,，,COMMACATEGORY
906,而,Cbb
906,個性,Na
906,開朗,VH
906,的,DE
906,張育成,Nb
906,也,D
906,大方,VH
906,自嘲,VE
906,，,COMMACATEGORY
906,此後,D
906,只要,Cbb
906,上壘,VA
906,就,D
906,向,P
906,球迷,Na
906,敬禮,VB
906,表示,VE
906,永,D
906,遠忠誠,Nb
906,，,COMMACATEGORY
906,在,P
906,平轟,VH
906,滿貫砲,Na
906,之下,Ng
906,，,COMMACATEGORY
906,短短,VH
906,兩,Neu
906,天,Nf
906,成為,VG
906,全,Neqa
906,台,Nc
906,網友,Na
906,佩服,VJ
906,的,DE
906,五星,A
906,上將,Na
906,國防部,Nc
906,長,VH
906,在,P
906,昨日,Nd
906,對,P
906,荷蘭,Nc
906,疫,Na
906,中,Ng
906,，,COMMACATEGORY
906,張育成,Nb
906,記,Na
906,中,Ng
906,外野,Nc
906,全壘打,Na
906,，,COMMACATEGORY
906,在,P
906,眾人,Na
906,見證,VE
906,下達成,VG
906,分,VC
906,滿貫砲,Na
906,，,COMMACATEGORY
906,讓,VL
906,中華隊,Na
906,原,D
906,追平,VC
906,比分,Na
906,大幅,D
906,超前,VJ
906,，,COMMACATEGORY
906,在,P
906,局,Nc
906,下,Ncd
906,便,D
906,領先,VJ
906,荷蘭,Nc
906,，,COMMACATEGORY
906,不僅,Cbb
906,張育成,Nb
906,向,P
906,球迷,Na
906,招牌,Na
906,敬禮,VB
906,，,COMMACATEGORY
906,全,Neqa
906,場,Nc
906,萬,Neu
906,球迷,Na
906,也,D
906,激動,VH
906,的,DE
906,向,P
906,張育成,Nb
906,敬禮,VB
906,軍事,Na
906,新聞,Na
906,通訊社,Nc
906,粉專,Na
906,在,P
906,第,Neu
906,時間,Na
906,發文,VC
906,向,P
906,中華隊,Na
906,致,VD
906,敬,Na
906,，,COMMACATEGORY
906,並且,Cbb
906,溫馨,VH
906,提醒,VE
906,國防部長,Na
906,還,D
906,沒,D
906,換人,VA
906,，,COMMACATEGORY
906,說法,Na
906,笑翻,VC
906,全,Neqa
906,網,Na
906,軍聞社,Nc
906,貼文,Na
906,引發,VC
906,網友,Na
906,熱烈,VH
906,討論,VE
906,因為,Cbb
906,今天,Nd
906,太晚,VH
906,了,T
906,，,COMMACATEGORY
906,明天,Nd
906,才,Da
906,會,D
906,舉辦,VC
906,國防部長,Na
906,交接,VC
906,典禮,Na
906,話說,Dk
906,現在,Nd
906,國防部長,Na
906,是,SHI
906,誰,Nh
906,完全,D
906,不,D
906,知道,VK
906,國防部長,Na
906,是,SHI
906,昨天,Nd
906,現在,Nd
906,是,SHI
906,三軍統帥,VH
906,了,T
906,，,COMMACATEGORY
906,網,Na
906,友片,Na
906,誇讚,VC
906,軍聞社,Nc
906,蹭,VC
906,得,DE
906,好,VH
906,給,VD
906,過,Di
906,，,COMMACATEGORY
906,不過,Cbb
906,稍早,Nd
906,國防部,Nc
906,軍聞社,Nc
906,已,D
906,編輯,VC
906,原,A
906,貼文,Na
906,，,COMMACATEGORY
906,強調,VE
906,國防部長,Na
906,仍,D
906,堅守,VJ
906,崗位,Nc
906,/////,FW
906,國防部,Nc
906,軍聞社,Nc
906,粉專,Na
906,還,D
906,特地,D
906,發文,VC
906,提醒,VE
906,國防部長,Na
906,還,D
906,沒,D
906,換人,VA
907,經典賽,Na
907,晉級,VJ
907,第二,Neu
907,條,Nf
907,路,Na
907,如同,P
907,死巷,Nc
907,中華隊,Na
907,拚強,VH
907,只,Da
907,能,D
907,贏,VD
907,古巴,Nc
907,聯合報,Nb
907,記者,Na
907,陳宛晶,Nb
907,台中,Nc
907,報導,VE
907,中華隊,Na
907,在,P
907,經典賽,Na
907,首,Nes
907,戰,Na
907,滑鐵盧,Nc
907,後,Ng
907,步步,Neqa
907,走回,VCL
907,正軌,Na
907,，,COMMACATEGORY
907,兩,Neu
907,勝,VH
907,在,P
907,手,Na
907,，,COMMACATEGORY
907,握有,VJ
907,自力,D
907,前進,VA
907,八,Neu
907,強,Na
907,複賽,Na
907,的,DE
907,機會,Na
907,，,COMMACATEGORY
907,今,Nd
907,天,Na
907,只要,Cbb
907,擊敗,VC
907,古巴隊,Na
907,，,COMMACATEGORY
907,就,D
907,將,D
907,以,P
907,Ａ,FW
907,組第,Na
907,前進,VA
907,東京,Nc
907,但,Cbb
907,若,Cbb
907,不幸,D
907,輸球,VH
907,，,COMMACATEGORY
907,就算,Cbb
907,義大利隊,Na
907,幫忙,VC
907,打敗,VC
907,荷蘭隊,Na
907,，,COMMACATEGORY
907,晉級,VJ
907,希望,Na
907,依然,D
907,渺茫,VH
907,巴拿馬隊,Nb
907,從,P
907,資格賽,Na
907,闖關,VA
907,，,COMMACATEGORY
907,率先,D
907,完成,VC
907,分組賽,Na
907,驚奇,VK
907,取得,VC
907,二,Neu
907,勝,VH
907,二,Neu
907,敗,VH
907,，,COMMACATEGORY
907,接下來,D
907,要,D
907,視,P
907,其他,Neqa
907,對戰,VA
907,結果,Na
907,決定,VE
907,命運,Na
907,總教練,Na
907,歐提茲,Nb
907,肯定,VK
907,選手,Na
907,表現,VC
907,，,COMMACATEGORY
907,球隊,Na
907,表現,VC
907,真的,D
907,非常,Dfa
907,優異,VH
907,，,COMMACATEGORY
907,我們,Nh
907,來到,VCL
907,這裡,Ncd
907,，,COMMACATEGORY
907,就,D
907,是,SHI
907,希望,VK
907,可,D
907,以,Cbb
907,贏下,VJ
907,幾,Neu
907,場,Nf
907,比賽,Na
907,，,COMMACATEGORY
907,改變,VC
907,國人,Na
907,對,P
907,棒球,Na
907,的,DE
907,想法,Na
907,我們,Nh
907,有,V_2
907,好,VH
907,選手,Na
907,，,COMMACATEGORY
907,也,D
907,證明,VE
907,了,Di
907,這,Nep
907,點,Nf
907,巴拿馬,Nc
907,能否,D
907,前進,VA
907,八,Neu
907,強,Na
907,，,COMMACATEGORY
907,命運,Na
907,牽繫,VJ
907,在,P
907,今天,Nd
907,Ａ組,Na
907,最,Dfa
907,終日,D
907,戰況,Na
907,，,COMMACATEGORY
907,歐提茲,Nb
907,的,DE
907,語氣,Na
907,中,Ng
907,透露,VE
907,選手,Na
907,對於,P
907,晉級,VJ
907,的,DE
907,期待,VK
907,與,Caa
907,信心,Na
907,，,COMMACATEGORY
907,他們,Nh
907,問,VE
907,我,Nh
907,，,COMMACATEGORY
907,明天,Nd
907,幾,Neu
907,點,Nf
907,練球,VA
907,今天,Nd
907,中午,Nd
907,十二點,Nd
907,中華隊,Na
907,與,Caa
907,古巴,Nc
907,之,DE
907,戰,Na
907,，,COMMACATEGORY
907,晚間,Nd
907,七點,Nd
907,由,P
907,荷蘭,Nc
907,與,Caa
907,義大利,Nc
907,過招,VA
907,，,COMMACATEGORY
907,中華隊,Na
907,的,DE
907,第,Neu
907,條,Nf
907,晉級,VJ
907,路,Na
907,線,Na
907,為,P
907,自己,Nh
907,贏,VD
907,球,Na
907,，,COMMACATEGORY
907,就,D
907,將,D
907,確定,VK
907,以,P
907,三,Neu
907,勝,VH
907,敗,VH
907,分組,VB
907,第,Neu
907,晉級,VJ
907,，,COMMACATEGORY
907,在,P
907,八,Neu
907,強,Na
907,單,A
907,淘汰賽,Na
907,碰上,VC
907,Ｂ組,Na
907,第二,Neu
907,若,Cbb
907,中華隊,Na
907,不幸,D
907,輸給,VD
907,古巴,Nc
907,，,COMMACATEGORY
907,就,D
907,必須,D
907,寄望,VK
907,晚場,Na
907,義大利,Nc
907,打敗,VC
907,荷蘭,Nc
907,，,COMMACATEGORY
907,將,D
907,形成,VG
907,五,Neu
907,隊,Nf
907,都,D
907,是,SHI
907,二,Neu
907,勝,VH
907,二,Neu
907,敗,VH
907,的,DE
907,大亂,VH
907,鬥,VC
907,，,COMMACATEGORY
907,需,D
907,比較,VC
907,所有,Neqa
907,場次,Na
907,的,DE
907,失分率,Na
907,決定,VE
907,晉級,VJ
907,球隊,Na
907,，,COMMACATEGORY
907,然而,Cbb
907,只要,Cbb
907,牽扯到,VC
907,巴拿馬,Nc
907,比較,VC
907,失分率,Na
907,，,COMMACATEGORY
907,對,P
907,中華,Nc
907,隊,Na
907,就,D
907,相當,Dfa
907,不利,VK
907,，,COMMACATEGORY
907,因為,Cbb
907,該,Nes
907,役,Na
907,被,P
907,爆打,VC
907,了,Di
907,十二,Neu
907,分,Nf
907,輸球,VH
907,，,COMMACATEGORY
907,目前,Nd
907,失分率,Na
907,遠,Dfa
907,高於,VJ
907,其他,Neqa
907,四,Neu
907,隊,Nf
907,中華隊,Na
907,看似,VG
907,有,V_2
907,兩,Neu
907,條,Nf
907,晉級,VJ
907,路線,Na
907,，,COMMACATEGORY
907,但,Cbb
907,其實,D
907,第二,Neu
907,條,Nf
907,路,Na
907,如同,VG
907,死巷,Nc
907,，,COMMACATEGORY
907,只,Da
907,剩,VJ
907,數學,Na
907,機率,Na
907,尚未,D
907,歸零,VB
907,，,COMMACATEGORY
907,中華隊,Na
907,擊,VC
907,敗,VH
907,古巴,Nc
907,形同,VG
907,唯,Da
907,活路,Na
907,//////,FW
908,媒體,Na
908,來源,Na
908,記者,Na
908,署名,VC
908,記者,Na
908,陳立勳,Nb
908,台中,Nc
908,報導,VE
908,完整,VH
908,新聞,Na
908,標題,Na
908,中華隊,Na
908,背水,Na
908,戰勝,VC
908,荷蘭,Nc
908,想,VE
908,晉級,VJ
908,強,VH
908,有,V_2
908,兩,Neu
908,條,Nf
908,路,Na
908,完整,VH
908,新聞,Na
908,內文,Na
908,年,Na
908,經典賽日,Nd
908,晚間,Nd
908,中華隊,Na
908,背水戰,Nb
908,，,COMMACATEGORY
908,比,P
908,成功,VH
908,擊敗,VC
908,荷蘭,Nc
908,，,COMMACATEGORY
908,如果,Cbb
908,想要,VE
908,晉級,VJ
908,強,VH
908,，,COMMACATEGORY
908,將,D
908,會,D
908,有,V_2
908,兩,Neu
908,條,Nf
908,路徑,Na
908,今天,Nd
908,中華隊,Na
908,贏,VD
908,球,Na
908,之後,Ng
908,，,COMMACATEGORY
908,明天,Nd
908,中華隊,Na
908,中午,Nd
908,將,D
908,對上,VC
908,勝,VH
908,敗,VH
908,的,DE
908,古巴,Nc
908,，,COMMACATEGORY
908,只要,Cbb
908,能夠,D
908,贏,VD
908,球,Na
908,，,COMMACATEGORY
908,戰績,Na
908,會,D
908,變成,VG
908,勝,VH
908,敗,VH
908,，,COMMACATEGORY
908,無論,Cbb
908,明天,Nd
908,荷蘭,Nc
908,贏,VD
908,義大利,Nc
908,或是,Caa
908,輸,VD
908,義大利,Nc
908,，,COMMACATEGORY
908,中華隊,Na
908,將,D
908,以,P
908,組第,Na
908,晉級,VJ
908,強,VH
908,，,COMMACATEGORY
908,前進,VA
908,日本,Nc
908,東,Ncd
908,京巨蛋,Na
908,如果,Cbb
908,明天,Nd
908,中華隊,Na
908,輸給,VD
908,古巴,Nc
908,，,COMMACATEGORY
908,中華隊,Na
908,想要,VE
908,晉級,VJ
908,，,COMMACATEGORY
908,必須,D
908,晚場,Na
908,義大利,Nc
908,要,D
908,打敗,VC
908,荷蘭,Nc
908,，,COMMACATEGORY
908,屆時隊,Na
908,戰績,Na
908,都,D
908,會,D
908,同,D
908,為,VG
908,勝,VH
908,敗,VH
908,，,COMMACATEGORY
908,必須,D
908,要,D
908,比較,VC
908,隊,Na
908,失分率,Na
908,，,COMMACATEGORY
908,取出,VC
908,組,Nc
908,前,Nes
908,名,Na
908,晉級,VJ
908,強,VH
908,，,COMMACATEGORY
908,但,Cbb
908,由於,Cbb
908,中華隊,Na
908,首,Nes
908,戰,Na
908,被,P
908,巴,Nb
908,拿,VC
908,馬,Na
908,打,VC
908,了,Di
908,分,Nf
908,，,COMMACATEGORY
908,比較,VC
908,失分率,Na
908,將,D
908,會,D
908,對,P
908,中華隊,Na
908,相當,Dfa
908,不利,VK
908,，,COMMACATEGORY
908,如果,Cbb
908,失分率,Na
908,都,D
908,相同,VH
908,，,COMMACATEGORY
908,之後,Nd
908,再,D
908,比,P
908,防禦率,Na
908,較,Dfa
908,低,VH
908,打擊率,Na
908,較,Dfa
908,高,VH
908,，,COMMACATEGORY
908,最後,Nd
908,才,Da
908,是,SHI
908,抽籤,VA
908,決定,VE
908,完整,VH
908,新聞,Na
908,連結,VC
908,或,Caa
908,短,VH
908,網址,Na
908,////,FW
908,備註,VE
909,很,Dfa
909,高興,VK
909,我們,Nh
909,中華隊,Na
909,先,D
909,敗,VH
909,後,Ng
909,勝,VH
909,只,Da
909,差,VH
909,今天,Nd
909,中午,Nd
909,過,VCL
909,三,Neu
909,關,Nf
909,好奇,VH
909,萬有,Nb
909,機會,Na
909,去,VCL
909,邁阿密,Nc
909,打,VC
909,得,DE
909,贏,VD
909,美墨,Nc
909,中南美,Nc
909,強力,D
909,打者,Na
909,力量,Na
909,這,Nep
909,種,Nf
909,的,DE
909,或者,Caa
909,動輒,D
909,火球,Na
909,以上,Ng
909,嗎,T
909,歐,Nc
909,有,V_2
909,掛,VC
909,不,D
910,大家,Nh
910,好,VH
910,，,COMMACATEGORY
910,小弟,Na
910,中午,Nd
910,吃,VC
910,三,Neu
910,碗,Nf
910,滷肉飯,Na
910,苦瓜,Na
910,排骨湯,Na
910,，,COMMACATEGORY
910,德國人,Na
910,不,D
910,愛,VL
910,打棒球,VA
910,嗎,T
910,好,Dfa
910,想,VE
910,看到,VE
910,他們,Nh
910,在,P
910,對上,VC
910,以色列,Nc
910,，,COMMACATEGORY
910,觀眾席,Nc
910,出現,VH
910,元首,Na
910,二,Neu
910,戰,Na
910,三,Neu
910,神將,Na
910,的,DE
910,圖像,Na
910,，,COMMACATEGORY
910,納粹旗,Na
910,跟,P
910,觀眾,Na
910,的,DE
910,吶喊,VA
910,起,Di
910,飄蕩,VA
910,，,COMMACATEGORY
910,是,SHI
910,不,D
910,是,SHI
910,很,Dfa
910,熱血,Na
910,比賽,Na
910,是,SHI
910,不,D
910,是,SHI
910,很,Dfa
910,好看,VH
911,拜託,VC
911,下,Ng
911,現在,Nd
911,中華隊,Na
911,已經,D
911,二,Neu
911,連勝,VH
911,了,T
911,勢,Na
911,不可,D
911,擋,VC
911,棒頭,Na
911,正,D
911,熱,VHC
911,還是,D
911,連,VJ
911,過,Di
911,海,Na
911,明星隊,Nb
911,的,DE
911,義大利,Nc
911,荷蘭,Nc
911,現在,Nd
911,對上,VC
911,小小,VH
911,古巴,Nc
911,我,Nh
911,想不,Dk
911,到,P
911,任何,Neqa
911,可能,D
911,會,D
911,輸,VD
911,只,Da
911,剩下,VJ
911,血洗,VC
911,古巴,Nc
911,這,Nep
911,條,Nf
911,路,Na
911,所以,Cbb
911,能,D
911,先,D
911,恭喜,VJ
911,中華隊,Na
911,睽違,VH
911,十,Neu
911,年,Nf
911,再度,D
911,闖入,VCL
911,八,Neu
911,強,Na
911,重返,VCL
911,東京,Nc
911,了,T
911,嗎,T
912,世界,Nc
912,棒球,Na
912,經典賽,Na
912,臺灣,Nc
912,古巴,Nc
912,臺灣,Nc
912,臺灣,Nc
912,可否,D
912,拿下,VC
912,三,Neu
912,連勝,VH
912,拿,VC
912,分組,VB
912,第,Neu
912,古巴,Nc
912,是否,D
912,再度,D
912,摳鬥,VC
912,中華隊,Na
912,今天,Nd
912,的,DE
912,贏,VD
912,球,Na
912,關鍵,Na
912,是,SHI
912,投手,Na
912,群,Na
912,打者群,Na
912,啦啦隊,Na
912,字,Na
912,馬別國,Nb
912,教練,Na
912,驚嚇,VC
912,的,DE
912,主場,Na
912,觀眾,Na
912,今天,Nd
912,是否,D
912,連,Cbb
912,三,Neu
912,次,Nf
912,猜中,VE
912,最,Dfa
912,接近,VH
912,比賽,Na
912,結果,Na
912,你,Nh
912,今天,Nd
912,中餐,Na
912,吃,VC
912,甚麼,Nep
912,古巴,Nc
912,三明治,Na
912,為,P
912,增加,VHC
912,看,VC
912,球,Na
912,樂趣,Na
912,第,Neu
912,個,Nf
912,猜中,VE
912,勝隊,Na
912,跟,Caa
912,最,Dfa
912,接近,VC
912,比數,Na
912,者,Na
912,第二,Neu
912,個,Nf
912,猜中,VE
912,勝隊,Na
912,跟,Caa
912,最,Dfa
912,接近,VC
912,比數,Na
912,者,Na
912,第,Neu
912,個,Nf
912,猜中,VE
912,兩,Neu
912,隊,Nf
912,今天,Nd
912,全壘打,Na
912,打者,Na
912,人,Na
912,推,VC
912,才,Da
912,算,VG
912,噓,I
912,跟,P
912,箭頭,Na
912,不,D
912,算,VE
912,到,P
912,比賽,Na
912,第二,Neu
912,局,Nf
912,結束,VHC
912,為止,Ng
912,我,Nh
912,先,D
912,猜,VE
912,臺灣,Nc
912,古巴,Nc
912,張育成,Nb
913,捏,VC
913,我,Nh
913,阿肥,Nb
913,啦,T
913,阿肥人,Na
913,稱,VG
913,日,Nc
913,球迷,Na
913,，,COMMACATEGORY
913,剛剛,D
913,看,VC
913,直播,VC
913,為什麼,D
913,人家,Nh
913,古巴,Nc
913,是,SHI
913,放,VC
913,國歌,Na
913,，,COMMACATEGORY
913,台灣,Nc
913,放,VC
913,的,DE
913,是,SHI
913,奧會,Nc
913,歌,Na
913,蛤,Na
913,自己,Nh
913,降低,VHC
913,國格,Na
913,噎,T
913,嘻嘻,D
914,比賽,Na
914,快,D
914,開始,VL
914,惹,VC
914,先發,VA
914,個,Di
914,篇,Nf
914,第,Neu
914,場,Nf
914,敗給,VJ
914,跟,P
914,賭魔,Na
914,有,V_2
914,交情,Na
914,的,DE
914,國家,Na
914,",",COMMACATEGORY
914,沒想到,D
914,就,D
914,陷入,VCL
914,後面,Ncd
914,都,D
914,非,D
914,贏,VD
914,不可,D
914,",",COMMACATEGORY
914,不然,Cbb
914,回去,VA
914,打中,VC
914,辜,Nb
914,的,DE
914,局面,Na
914,",",COMMACATEGORY
914,遇到,VC
914,荷蘭,Nc
914,",",COMMACATEGORY
914,輸,VD
914,就,D
914,無法,D
914,晉級,VJ
914,贏,VD
914,了,Di
914,",",COMMACATEGORY
914,結果,Dk
914,遇到,VC
914,古巴,Nc
914,",",COMMACATEGORY
914,輸,VD
914,了,Di
914,還是,D
914,無法,D
914,晉級,VJ
914,這麼,D
914,苦,VH
914,四,Neu
914,場,Nf
914,都,D
914,買,VC
914,洲際,Nc
914,現場,Nc
914,票,Na
914,的,DE
914,觀眾,Na
914,",",COMMACATEGORY
914,看,VC
914,得,DE
914,爽,VH
914,嗎,T
915,看,VC
915,了,Di
915,各,Nes
915,種,Nf
915,分析,Na
915,灣灣,Nb
915,這,Nep
915,場,Nf
915,打,VC
915,老古,Nb
915,，,COMMACATEGORY
915,贏,VD
915,球,Na
915,就,D
915,幾乎,Da
915,是,SHI
915,分組第,Na
915,晉級,VJ
915,分組,VB
915,晉級,VJ
915,去,VCL
915,日本,Nc
915,高機率,Na
915,打,VC
915,澳洲,Nc
915,，,COMMACATEGORY
915,幾乎,Da
915,四,Neu
915,強,Na
915,去,VCL
915,美國,Nc
915,門票,Na
915,到手,VH
915,，,COMMACATEGORY
915,這,Nep
915,批,Nf
915,中華隊,Na
915,可以,D
915,直接,VH
915,稱史,VA
915,上,Ng
915,最,Dfa
915,強,VH
915,，,COMMACATEGORY
915,總仔,Na
915,也,D
915,能,D
915,稱,VG
915,神,Na
915,輸球,VH
915,就,D
915,幾乎,Da
915,小組,Na
915,墊底,VH
915,，,COMMACATEGORY
915,還,D
915,要,D
915,從,P
915,資格賽,Na
915,開始,VL
915,打,VC
915,，,COMMACATEGORY
915,直接,VH
915,被,P
915,稱史,Na
915,上,Ng
915,最,Dfa
915,失望,VH
915,中華隊,Na
915,，,COMMACATEGORY
915,教練,Na
915,直接,VH
915,變史,VA
915,上,Ng
915,最,Dfa
915,爛,VH
915,這,Nep
915,場,Nf
915,比賽,Na
915,有,V_2
915,多,Dfa
915,刺激,VH
915,，,COMMACATEGORY
915,是,SHI
915,不,D
915,是,SHI
915,堪稱,VG
915,冠軍賽,Na
916,媒體,Na
916,來源,Na
916,自由時報,Nb
916,新聞,Na
916,日期,Na
916,//,FW
916,記者,Na
916,署名,VC
916,張聰秋,Nb
916,新聞,Na
916,標題,Na
916,爽,VH
916,台灣隊,Na
916,氣走,VC
916,荷蘭,Nc
916,彰縣府,Nc
916,送,VD
916,碗爌肉,Na
916,飯碗,Na
916,肉圓,Na
916,現,D
916,人龍,Na
916,新聞,Na
916,內文,Na
916,記者,Na
916,張聰秋,Nb
916,彰化,Nc
916,報導,VE
916,爽,VH
916,世界,Nc
916,棒球,Na
916,經典賽,Na
916,組,Nc
916,預賽,Na
916,，,COMMACATEGORY
916,昨晚,Nd
916,台灣隊,Na
916,對決,VA
916,荷蘭,Nc
916,，,COMMACATEGORY
916,以,P
916,比,VC
916,讓,VL
916,荷蘭,Nc
916,吞下,VC
916,首,Nes
916,敗,VH
916,，,COMMACATEGORY
916,獲得,VJ
916,第,Neu
916,場,Nf
916,勝利,VH
916,，,COMMACATEGORY
916,彰化縣,Nc
916,政府,Na
916,大放送,VH
916,，,COMMACATEGORY
916,今天,Nd
916,中午,Nd
916,在,P
916,縣府,Nc
916,廣場,Nc
916,前,Ncd
916,送出,VD
916,碗,Na
916,爌肉飯,Na
916,和,Caa
916,碗肉圓,Na
916,，,COMMACATEGORY
916,中午點,Na
916,準時,VH
916,發放,VD
916,爌肉飯,Na
916,，,COMMACATEGORY
916,點分,Na
916,發放,VD
916,肉圓,Na
916,，,COMMACATEGORY
916,上午,Nd
916,排隊,VA
916,人龍,Na
916,湧現,VH
916,，,COMMACATEGORY
916,有,V_2
916,民眾,Na
916,點,VC
916,不,D
916,到,VC
916,就,D
916,來,D
916,排隊,VA
916,縣府,Nc
916,力挺,VC
916,台灣,Nc
916,健兒,Na
916,，,COMMACATEGORY
916,今天,Nd
916,中午,Nd
916,繼續,VF
916,在,P
916,縣府,Nc
916,廣場,Nc
916,直播,VC
916,台灣,Nc
916,迎戰,VC
916,古巴,Nc
916,，,COMMACATEGORY
916,並,Cbb
916,兌現,VC
916,承諾,Na
916,，,COMMACATEGORY
916,同步,VH
916,在,P
916,縣,Nc
916,府,Na
916,廣場,Nc
916,發送,VD
916,爌肉飯,Na
916,和,Caa
916,肉圓,Na
916,，,COMMACATEGORY
916,不少,Neqa
916,民眾,Na
916,提前,VB
916,來,D
916,排隊,VA
916,，,COMMACATEGORY
916,民眾,Na
916,說,VE
916,，,COMMACATEGORY
916,跟著,P
916,台灣隊,Na
916,沾光,VH
916,，,COMMACATEGORY
916,吃,VC
916,免費,VH
916,的,DE
916,當,VG
916,然,Cbb
916,不能,D
916,錯過,VJ
916,請,VF
916,繼續,VF
916,往,P
916,下,Ncd
916,閱讀,VC
916,搶到,VC
916,頭香,Na
916,的,DE
916,彰化市,Nc
916,婦人,Na
916,帶,VC
916,著,Di
916,媽媽,Na
916,來,D
916,排隊,VA
916,，,COMMACATEGORY
916,她,Nh
916,說,VE
916,，,COMMACATEGORY
916,行動,Na
916,為,P
916,台灣隊,Na
916,集氣,VA
916,加油,VB
916,也,D
916,有,V_2
916,民眾,Na
916,表示,VE
916,，,COMMACATEGORY
916,看,VC
916,直播,VC
916,吃,VC
916,肉圓,Na
916,，,COMMACATEGORY
916,不僅,Cbb
916,有,V_2
916,參與感,Na
916,，,COMMACATEGORY
916,更,Dfa
916,盼,VK
916,台灣隊,Na
916,打進,VC
916,東京,Nc
916,，,COMMACATEGORY
916,為,P
916,國家,Na
916,爭光,VB
916,縣府,Nc
916,說,VE
916,，,COMMACATEGORY
916,直播,VC
916,和,Caa
916,送,VD
916,美食,Na
916,，,COMMACATEGORY
916,無非,D
916,就,D
916,是,SHI
916,要,D
916,讓,VL
916,能,D
916,台灣隊,Na
916,加油,VB
916,打氣,VB
916,，,COMMACATEGORY
916,發揮,VJ
916,主場,Na
916,優勢,Na
916,，,COMMACATEGORY
916,期望,VK
916,今天,Nd
916,能夠,D
916,打敗,VC
916,古巴,Nc
916,，,COMMACATEGORY
916,晉級,VJ
916,成功,VH
916,為,P
916,台灣隊,Na
916,集氣,VA
916,加油,VB
916,，,COMMACATEGORY
916,彰化縣,Nc
916,政府,Na
916,今天,Nd
916,中午,Nd
916,在,P
916,縣府,Nc
916,廣場,Nc
916,發送,VD
916,爌肉飯,Na
916,和,Caa
916,肉圓,Na
916,記者,Na
916,張聰秋,Nb
916,攝,VC
916,彰化市,Nc
916,婦人,Na
916,左,Ncd
916,帶,VC
916,著,Di
916,媽媽,Na
916,搶到,VC
916,頭香,Na
916,，,COMMACATEGORY
916,她,Nh
916,說,VE
916,，,COMMACATEGORY
916,行動力,Na
916,挺,VC
916,台灣,Nc
916,健兒,Na
916,記者,Na
916,張聰秋,Nb
916,攝,VC
916,彰化縣,Nc
916,政府,Na
916,今天,Nd
916,中午,Nd
916,在,P
916,府,Na
916,前,Ncd
916,廣場,Nc
916,直播,VC
916,台灣,Nc
916,迎戰,VC
916,古巴,Nc
916,記者,Na
916,張聰秋,Nb
916,攝,VC
916,排隊,VA
916,人龍,Na
916,在,P
916,彰化縣,Nc
916,政府,Na
916,廣場,Nc
916,綿延,VJ
916,記者,Na
916,張聰秋,Nb
916,攝,VC
916,彰化縣,Nc
916,政府,Na
916,今天,Nd
916,中午,Nd
916,在,P
916,府,Na
916,前,Ncd
916,廣場,Nc
916,發送,VD
916,肉圓,Na
916,，,COMMACATEGORY
916,力挺,VC
916,台灣,Nc
916,前進,VA
916,東京,Nc
916,記者,Na
916,張聰秋,Nb
916,攝,VC
916,新聞,Na
916,連結,VC
916,/////,FW
916,發揮,VJ
916,主場,Na
916,優勢,Na
916,，,COMMACATEGORY
916,期望,VK
916,今天,Nd
916,能夠,D
916,打敗,VC
916,古巴,Nc
916,，,COMMACATEGORY
916,晉級,VJ
916,成功,VH
917,本,Nes
917,魯,Nc
917,昨天,Nd
917,無聊,VH
917,看到,VE
917,新聞,Na
917,，,COMMACATEGORY
917,說,VE
917,中華隊,Na
917,打贏,VC
917,了,Di
917,荷蘭,Nc
917,，,COMMACATEGORY
917,覺得,VK
917,很,Dfa
917,不錯,VH
917,，,COMMACATEGORY
917,就,D
917,想要,VE
917,幫,P
917,中華隊,Na
917,加油,VB
917,下,Ng
917,，,COMMACATEGORY
917,可是,Cbb
917,突然,D
917,發現,VE
917,，,COMMACATEGORY
917,整,Neqa
917,個,Nf
917,中華隊,Na
917,，,COMMACATEGORY
917,除了,P
917,啦啦隊,Na
917,的,DE
917,林襄,Nb
917,外,Ng
917,，,COMMACATEGORY
917,沒,VJ
917,半,Neqa
917,個,Nf
917,認識,VJ
917,的,T
917,，,COMMACATEGORY
917,根本,D
917,不,D
917,知道,VK
917,要,D
917,幫,P
917,誰,Nh
917,加油,VB
917,，,COMMACATEGORY
917,大家,Nh
917,會不會,D
917,也,D
917,是,SHI
917,這樣,VH
917,啊,T
917,除了,P
917,林襄,Nb
917,，,COMMACATEGORY
917,中華隊,Na
917,其他,Neqa
917,人,Na
917,好像,D
917,都,D
917,沒,VJ
917,什麼,Nep
917,存在感,Na
917,大家,Nh
917,覺得,VK
917,呢,T
918,過,VCL
918,幾,Neu
918,天,Nf
918,後,Ng
918,想,VE
918,去,VCL
918,東京,Nc
918,幫,P
918,中華隊,Na
918,加油,VB
918,想,VE
918,先,VH
918,了,Di
918,解,VC
918,東京,Nc
918,巨蛋,Nc
918,附近,Nc
918,的,DE
918,狀況,Na
918,不,D
918,知道,VK
918,各,Nes
918,位,Nf
918,怎麼,D
918,看,VC
919,隔,VJ
919,壁,Na
919,兩,Neu
919,隻,Nf
919,警衛,Na
919,睡,VA
919,得,DE
919,正,D
919,爽,VH
919,被,P
919,小弟,Na
919,叫起來,VB
919,吃飯,VA
919,兩,Neu
919,位,Nf
919,都,D
919,有,V_2
919,起床氣,Na
919,///,FW
919,///,FW
919,看,VC
919,了,Di
919,下,VC
919,餐盤,Na
919,卻,D
919,都,D
919,沒,D
919,動,VAC
919,警衛,Na
919,都,D
919,沒,D
919,睡飽,VH
919,難道,D
919,中華隊,Na
919,就,D
919,有,V_2
919,睡飽,VH
919,嗎,T
919,誰,Nh
919,排,VC
919,的,DE
919,爛,VH
919,賽程,Na
919,如果,Cbb
919,害,VC
919,中華隊,Na
919,沒,VJ
919,力氣,Na
919,坐,VA
919,商務艙,Na
919,去,VCL
919,東京,Nc
919,怎麼辦,VH
919,昨天,Nd
919,那,Nep
919,幾,Neu
919,個,Nf
919,根本,D
919,有,V_2
919,買對,VC
919,吧,T
919,今天,Nd
919,的,DE
919,主審,Na
919,及,Caa
919,其他,Neqa
919,好好,D
919,判,VF
919,阿,T
919,不然,Cbb
919,這,Nep
919,新來,VA
919,的,DE
919,工讀生,Na
919,性格,Na
919,火爆,VH
919,///,FW
919,我,Nh
919,怕,VK
919,他,Nh
919,氣,VK
919,起來,Di
919,誰,Nh
919,都,D
919,擋不住,VC
919,啊,T
919,有,V_2
919,誰,Nh
919,知道,VK
919,中華隊,Na
919,有沒有,D
919,睡飽,VH
919,阿,T
920,這,Nep
920,次,Nf
920,經典賽,Na
920,第,Neu
920,場,Nf
920,我,Nh
920,開,VC
920,電視,Na
920,看,VC
920,中華隊,Na
920,然後,D
920,輸,VD
920,了,Di
920,後面,Ncd
920,兩,Neu
920,場,Nf
920,我,Nh
920,電視,Na
920,連,Cbb
920,開,VC
920,都,D
920,沒,D
920,開,VC
920,結果,Dk
920,都,D
920,贏,VD
920,了,Di
920,今天,Nd
920,是,SHI
920,假日,Nd
920,我,Nh
920,到底,D
920,要不要,D
920,開,VC
920,電視,Na
920,看,VC
920,比賽,Na
920,阿,T
921,中華隊,Na
921,對上,VC
921,古巴隊,Na
921,無論,Cbb
921,主客,Na
921,誰,Nh
921,勝,VH
921,賠率,Na
921,都,D
921,不,D
921,超過,VJ
921,這樣,VH
921,贏率,Na
921,都,D
921,不及,VJ
921,丟,VC
921,硬幣,Na
921,有,V_2
921,誰,Nh
921,會,D
921,買,VC
921,啊,T
921,獎金,Na
921,超過,VJ
921,，,COMMACATEGORY
921,還要,Dfa
921,被,P
921,課,Na
921,的,DE
921,稅,Na
922,如,P
922,題,Na
922,大家,Nh
922,以為,VE
922,前,Nes
922,幾,Neu
922,天,Nf
922,中華隊,Na
922,表現好,VC
922,了,Di
922,結果,Dk
922,來,VA
922,個,Nf
922,中華隊,Na
922,招牌,Na
922,失誤,Na
922,馬上,D
922,掉分,VH
922,結局,Na
922,應該,D
922,是,SHI
922,讓,VL
922,大家,Nh
922,爽,VH
922,兩,Neu
922,天,Nf
922,然後,D
922,去,D
922,打,VC
922,資格賽,Na
922,熟悉,VJ
922,的,DE
922,中華隊,Na
922,是,SHI
922,不,D
922,是,SHI
922,只是,D
922,遲到,VH
922,不會,D
922,缺席,VH
922,有,V_2
922,沒,D
922,有,V_2
922,八卦,Na
923,欸,I
923,欸,I
923,才,Da
923,第,Neu
923,局,Nf
923,就,D
923,失分,VH
923,是,SHI
923,怎樣,VH
923,直,D
923,被,P
923,敲,VC
923,耶好,Nb
923,扯,VC
923,唉,I
923,，,COMMACATEGORY
923,中華隊,Na
923,投手,Na
923,怎麼,D
923,都,D
923,這,Nep
923,個,Nf
923,鳥樣,Na
923,真的,D
923,不行,VH
923,耶,T
923,平常,Nd
923,基本功,Na
923,不足,VH
923,是,SHI
923,不,D
923,是,SHI
923,沒,D
923,在,P
923,重訓,VA
923,啊,T
924,//////,FW
924,台灣,Nc
924,今天,Nd
924,對,P
924,古巴,Nc
924,關鍵,Na
924,戰役,Na
924,總統,Na
924,閣揆,Na
924,大聲,VH
924,加油,VB
924,自由時報,Nb
924,記者,Na
924,陳鳳麗,Nb
924,南投,Nc
924,報導,VE
924,世界,Nc
924,棒球,Na
924,經典賽,Na
924,，,COMMACATEGORY
924,台灣隊,Na
924,中午,Nd
924,出戰,VC
924,古巴隊,Na
924,，,COMMACATEGORY
924,總統,Na
924,蔡英文,Nb
924,行政院,Nc
924,長,VH
924,陳建仁,Nb
924,，,COMMACATEGORY
924,今天,Nd
924,到,VCL
924,南投縣,Nc
924,草屯鎮,Nc
924,都,D
924,為,P
924,台灣隊,Na
924,連續,D
924,贏得,VJ
924,兩,Neu
924,場,Nf
924,勝利,VH
924,顯得,VK
924,十,Neu
924,開心,VH
924,，,COMMACATEGORY
924,為,VG
924,中午,Nd
924,的,DE
924,台灣,Nc
924,古,VH
924,巴,Nc
924,之,DE
924,戰,Na
924,，,COMMACATEGORY
924,很少,D
924,回應,VC
924,媒體,Na
924,問題,Na
924,的,DE
924,蔡,Nb
924,總統,Na
924,難得,VH
924,的,DE
924,振臂,D
924,大聲,VH
924,加油,VB
924,，,COMMACATEGORY
924,陳建仁,Nb
924,院長,Na
924,也,D
924,請,VF
924,全,Neqa
924,國,Na
924,同胞,Na
924,集氣,VA
924,加,VC
924,油,Na
924,，,COMMACATEGORY
924,讓,VL
924,台灣,Nc
924,球隊,Na
924,前進,VA
924,日本,Nc
924,東京,Nc
924,參加,VC
924,八,Neu
924,強,Na
924,賽,Na
924,蔡英文,Nb
924,總統,Na
924,和,Caa
924,行政院長,Na
924,陳建仁,Nb
924,，,COMMACATEGORY
924,今天,Nd
924,在,P
924,鳥嘴潭,Nc
924,植樹,VA
924,活動,VA
924,，,COMMACATEGORY
924,兩,Neu
924,人,Na
924,昨晚,Nd
924,都,D
924,有,V_2
924,為,P
924,台灣,Nc
924,贏,VD
924,了,Di
924,荷蘭隊,Na
924,在,P
924,臉,Na
924,書文,Na
924,，,COMMACATEGORY
924,陳建仁,Nb
924,今天,Nd
924,說,VE
924,，,COMMACATEGORY
924,昨晚,Nd
924,全程,D
924,看完,VC
924,台灣,Nc
924,對,P
924,荷蘭,Nc
924,比賽,Na
924,，,COMMACATEGORY
924,中午,Nd
924,台灣,Nc
924,再,D
924,戰,VC
924,古巴隊,Na
924,，,COMMACATEGORY
924,攸關,VK
924,能否,D
924,拿到,VC
924,進,VC
924,八,Neu
924,強,Na
924,賽,Na
924,的,DE
924,門票,Na
924,，,COMMACATEGORY
924,他,Nh
924,請,VF
924,全,Neqa
924,國,Nc
924,同胞,Na
924,起集氣,VA
924,同聲,D
924,加油,VB
924,蔡英文,Nb
924,總統,Na
924,也,D
924,在,P
924,植樹,VA
924,結束,VHC
924,後,Ng
924,，,COMMACATEGORY
924,被,P
924,媒體,Na
924,邀請為,VG
924,中華隊,Na
924,加油,VB
924,，,COMMACATEGORY
924,開心,VH
924,的,DE
924,振臂,D
924,高喊,VE
924,中華隊,Na
924,加油,VB
925,在,P
925,這邊,Ncd
925,先,D
925,恭喜,VJ
925,古巴,Nc
925,屌打,VC
925,中華隊,Na
925,中華隊,Na
925,這,Nep
925,屆,Nf
925,雖然,Cbb
925,再度,D
925,無緣,VH
925,八,Neu
925,強,Na
925,但,Cbb
925,前,Nes
925,兩,Neu
925,場,Nf
925,都,D
925,打出,VC
925,超常,VH
925,水準,Na
925,我,Nh
925,覺得,VK
925,跟,P
925,經典賽,Na
925,樣,Ng
925,精彩,VH
925,了,T
925,大家,Nh
925,資格賽,Na
925,見,VE
926,謝謝,VJ
926,中華隊,Na
926,今年,Nd
926,表現,VC
926,應該,D
926,已經,D
926,算,VG
926,及格,VH
926,了,T
926,吧,T
926,當然,D
926,不,D
926,包含,VJ
926,排,VC
926,賽程,Na
926,的,DE
926,單位,Na
926,連,Cbb
926,三,Neu
926,戰,Na
926,還,D
926,晚,VH
926,接午,Nd
926,真是,D
926,好,VH
926,個,Nf
926,地主,Na
926,優勢,Na
927,中華隊,Na
927,繼續,VF
927,待在,VCL
927,台灣,Nc
927,兩,Neu
927,勝,VH
927,吹,VC
927,十,Neu
927,年,Nf
927,恭喜,VJ
927,古巴,Nc
927,晉級,VJ
927,咱們,Nh
927,要,D
927,跟,P
927,祖國,Nc
927,同胞,Na
927,起,Ng
927,止步,VA
927,小組賽,Na
928,古巴,Nc
928,兩,Neu
928,分,Nf
928,砲,Na
928,才,Da
928,第,Neu
928,局,Nf
928,就,D
928,中華隊,Na
928,該,D
928,何去何從,VA
928,會不會,D
928,被,P
928,扣倒,VC
929,彈力球,Na
929,還,D
929,配堆,VC
929,高球,Na
929,對手,Na
929,堆,VC
929,右,Ncd
929,打,VC
929,還,D
929,派,VF
929,軟投,Na
929,被,P
929,打爆,VC
929,要,D
929,重複,VC
929,當年,Nd
929,複賽,Na
929,被,P
929,古巴,Nc
929,打爆,VC
929,的,DE
929,慘案,Na
929,了,T
929,嗎,T
930,如,P
930,題,Na
930,每,Nes
930,場,Nf
930,至少,Da
930,分起跳,VA
930,的,DE
930,中華隊,Na
930,才分,Na
930,而已,T
930,輕輕鬆鬆,VH
930,吧,T
930,下,Nes
930,個,Nf
930,半,Neqa
930,局,Nf
930,炸支,Na
930,大,VH
930,的,DE
930,就,D
930,逆轉,VA
930,了,Di
930,對,VH
930,吧,T
930,對,VH
930,吧,T
930,幹,VC
930,不要,D
930,給,VD
930,我,Nh
930,出事,VH
930,啊,T
930,嗚嗚,D
930,嗚嗚,D
930,我,Nh
930,不,D
930,想,VE
930,再,D
930,吃,VC
930,鍋,Na
930,貼,VC
930,了,Di
930,再,D
930,來,VA
930,次,Nes
930,年,Nf
930,的,DE
930,慘案,Na
930,我,Nh
930,會,D
930,哭,VA
930,喔,T
930,樓下,Nc
930,每,D
930,推,VC
930,"""",FW
930,古巴,Nc
930,去,D
930,打,VC
930,資格賽,Na
930,啦,T
930,幹,VC
930,"""",FW
930,發,VD
930,中華隊,Na
930,輸球,VH
930,發樓,VA
930,贏,VD
930,球,Na
930,發到,VC
930,沒,VJ
930,錢,Na
930,啦,T
930,幹,VC
930,關於,P
930,醫科,Na
930,的,DE
930,問題,Na
930,我律,Nh
930,建議,VE
930,重考,VE
930,牙醫,Na
930,關於,P
930,陽明,Nb
930,的,DE
930,問題,Na
930,我律,Na
930,建議,VE
930,重考,VE
930,台大,Nc
930,推,VC
930,古巴,Nc
930,去,D
930,打,VC
930,資格賽,Na
930,啦,T
930,幹,VC
930,/,FW
930,推,VC
930,古巴,Nc
930,去,D
930,打,VC
930,資格賽,Na
930,啦,T
930,幹,VC
930,/,FW
930,推,VC
930,古巴,Nc
930,去,D
930,打,VC
930,資格賽,Na
930,啦,T
930,幹,VC
930,/,FW
930,推,VC
930,古巴,Nc
930,去,D
930,打,VC
930,資格賽,Na
930,啦,T
930,幹,VC
930,/,FW
930,推,VC
930,古巴,Nc
930,去,D
930,打,VC
930,資格賽,Na
930,啦,T
930,幹,VC
930,/,FW
930,推,VC
930,古巴,Nc
930,去,D
930,打,VC
930,資格賽,Na
930,啦,T
930,幹,VC
930,/,FW
930,推,VC
930,古巴,Nc
930,去,D
930,打,VC
930,資格賽,Na
930,啦,T
930,/,FW
930,推,VC
930,古巴,Nc
930,去,D
930,打,VC
930,資格賽,Na
930,啦,T
930,幹,VC
930,/,FW
930,推,VC
930,古巴,Nc
930,去,D
930,打,VC
930,資格賽,Na
930,啦,T
930,幹,VC
930,/,FW
930,推,VC
930,古巴,Nc
930,去,D
930,打,VC
930,資格賽,Na
930,啦,T
930,幹,VC
930,/,FW
930,推,VC
930,古巴,Nc
930,去,D
930,打,VC
930,資格賽,Na
930,啦,T
930,幹,VC
930,/,FW
930,推,VC
930,古巴,Nc
930,去,D
930,打,VC
930,資格賽,Na
930,啦,T
930,幹,VC
930,/,FW
930,推,VC
930,古巴,Nc
930,去,D
930,打,VC
930,資格賽,Na
930,啦,T
930,幹,VC
930,/,FW
930,推,VC
930,古巴,Nc
930,去,D
930,打,VC
930,資格賽,Na
930,啦,T
930,幹,VC
930,/,FW
930,推,VC
930,古巴,Nc
930,去,D
930,打,VC
930,資格賽,Na
930,啦,T
930,幹,VC
930,/,FW
930,推,VC
930,古巴,Nc
930,去,D
930,打,VC
930,資格賽,Na
930,啦,T
930,幹,VC
930,/,FW
930,推,VC
930,古巴,Nc
930,去,D
930,打,VC
930,資格賽,Na
930,啦,T
930,幹,VC
930,/,FW
930,推,VC
930,古巴,Nc
930,去,D
930,打,VC
930,資格賽,Na
930,啦,T
930,幹,VC
930,/,FW
930,推,VC
930,古巴,Nc
930,去,D
930,打,VC
930,資格賽,Na
930,啦,T
930,幹,VC
930,/,FW
930,推,VC
930,古巴,Nc
930,去,D
930,打,VC
930,資格賽,Na
930,啦,T
930,幹,VC
930,/,FW
930,推,VC
930,古巴,Nc
930,去,D
930,打,VC
930,資格賽,Na
930,啦,T
930,幹,VC
930,/,FW
930,推,VC
930,古巴,Nc
930,去,D
930,打,VC
930,資格賽,Na
930,啦,T
930,幹,VC
930,/,FW
930,推,VC
930,古巴,Nc
930,去,D
930,打,VC
930,資格賽,Na
930,啦,T
930,幹,VC
930,/,FW
930,推,VC
930,古巴,Nc
930,去,D
930,打,VC
930,資格賽,Na
930,啦,T
930,幹,VC
930,/,FW
930,推,VC
930,古巴,Nc
930,去,D
930,打,VC
930,資格賽,Na
930,啦,T
930,幹,VC
930,/,FW
930,推,VC
930,古巴,Nc
930,去,D
930,打,VC
930,資格賽,Na
930,啦,T
930,幹,VC
930,/,FW
930,推,VC
930,古巴,Nc
930,去,D
930,打,VC
930,資格賽,Na
930,啦,T
930,幹,VC
930,/,FW
930,推,VC
930,古巴,Nc
930,去,D
930,打,VC
930,資格賽,Na
930,啦,T
930,幹,VC
930,/,FW
930,推,VC
930,古巴,Nc
930,去,D
930,打,VC
930,資格賽,Na
930,啦,T
930,幹,VC
930,/,FW
930,推,VC
930,古巴,Nc
930,去,D
930,打,VC
930,資格賽,Na
930,啦,T
930,幹,VC
930,/,FW
930,推,VC
930,古巴,Nc
930,去,D
930,打,VC
930,資格賽,Na
930,啦,T
930,幹,VC
930,/,FW
930,推,VC
930,古巴,Nc
930,去,D
930,打,VC
930,資格賽,Na
930,啦,T
930,幹,VC
930,/,FW
930,推,VC
930,古巴,Nc
930,去,D
930,打,VC
930,資格賽,Na
930,啦,T
930,幹,VC
930,/,FW
930,推,VC
930,古巴,Nc
930,去,D
930,打,VC
930,資格賽,Na
930,啦,T
930,幹,VC
930,/,FW
930,推,VC
930,古巴,Nc
930,去,D
930,打,VC
930,資格賽,Na
930,啦,T
930,幹,VC
930,/,FW
930,推,VC
930,古巴,Nc
930,去,D
930,打,VC
930,資格賽,Na
930,啦,T
930,幹,VC
930,/,FW
930,推,VC
930,古巴,Nc
930,去,D
930,打,VC
930,資格賽,Na
930,啦,T
930,幹,VC
930,/,FW
930,推,VC
930,古巴,Nc
930,去,D
930,打,VC
930,資格賽,Na
930,啦,T
930,幹,VC
930,/,FW
930,推,VC
930,古巴,Nc
930,去,D
930,打,VC
930,資格賽,Na
930,啦,T
930,幹,VC
930,/,FW
930,推,VC
930,古巴,Nc
930,去,D
930,打,VC
930,資格賽,Na
930,啦,T
930,幹,VC
930,/,FW
930,推,VC
930,古巴,Nc
930,去,D
930,打,VC
930,資格賽,Na
930,啦,T
930,幹,VC
930,/,FW
930,推,VC
930,古巴,Nc
930,去,D
930,打,VC
930,資格賽,Na
930,啦,T
930,幹,VC
930,/,FW
930,推,VC
930,古巴,Nc
930,去,D
930,打,VC
930,資格賽,Na
930,啦,T
930,幹,VC
930,/,FW
930,推,VC
930,古巴,Nc
930,去,D
930,打,VC
930,資格賽,Na
930,啦,T
930,幹,VC
930,/,FW
930,推,VC
930,古巴,Nc
930,去,D
930,打,VC
930,資格賽,Na
930,啦,T
930,幹,VC
930,/,FW
930,推,VC
930,古巴,Nc
930,去,D
930,打,VC
930,資格賽,Na
930,啦,T
930,幹,VC
930,/,FW
930,推,VC
930,古巴,Nc
930,去,D
930,打,VC
930,資格賽,Na
930,啦,T
930,幹,VC
930,/,FW
930,推,VC
930,古巴,Nc
930,去,D
930,打,VC
930,資格賽,Na
930,啦,T
930,幹,VC
930,/,FW
930,推,VC
930,古巴,Nc
930,去,D
930,打,VC
930,資格賽,Na
930,啦,T
930,幹,VC
930,/,FW
930,推,VC
930,古巴,Nc
930,去,D
930,打,VC
930,資格賽,Na
930,啦,T
930,幹,VC
930,/,FW
930,推,VC
930,古巴,Nc
930,去,D
930,打,VC
930,資格賽,Na
930,啦,T
930,幹,VC
930,/,FW
930,推,VC
930,古巴,Nc
930,去,D
930,打,VC
930,資格賽,Na
930,啦,T
930,幹,VC
930,/,FW
930,推,VC
930,古巴,Nc
930,去,D
930,打,VC
930,資格賽,Na
930,啦,T
930,幹,VC
930,/,FW
930,推,VC
930,古巴,Nc
930,去,D
930,打,VC
930,資格賽,Na
930,啦,T
930,幹,VC
930,/,FW
930,推,VC
930,古巴,Nc
930,去,D
930,打,VC
930,資格賽,Na
930,啦,T
930,幹,VC
930,/,FW
930,推,VC
930,古巴,Nc
930,去,D
930,打,VC
930,資格賽,Na
930,啦,T
930,幹,VC
930,/,FW
930,推,VC
930,古巴,Nc
930,去,D
930,打,VC
930,資格賽,Na
930,啦,T
930,幹,VC
930,/,FW
930,推,VC
930,古巴,Nc
930,去,D
930,打,VC
930,資格賽,Na
930,啦,T
930,幹,VC
930,/,FW
930,推,VC
930,古巴,Nc
930,去,D
930,打,VC
930,資格賽,Na
930,啦,T
930,幹,VC
930,/,FW
930,推,VC
930,古巴,Nc
930,去,D
930,打,VC
930,資格賽,Na
930,啦,T
930,幹,VC
930,/,FW
930,推,VC
930,古巴,Nc
930,去,D
930,打,VC
930,資格賽,Na
930,啦,T
930,幹,VC
930,/,FW
930,推,VC
930,古巴,Nc
930,去,D
930,打,VC
930,資格賽,Na
930,啦,T
930,幹,VC
930,/,FW
930,推,VC
930,古巴,Nc
930,去,D
930,打,VC
930,資格賽,Na
930,啦,T
930,幹,VC
930,/,FW
930,推,VC
930,古巴,Nc
930,去,D
930,打,VC
930,資格賽,Na
930,啦,T
930,幹,VC
930,/,FW
930,推,VC
930,古巴,Nc
930,去,D
930,打,VC
930,資格賽,Na
930,啦,T
930,幹,VC
930,/,FW
930,推,VC
930,古巴,Nc
930,去,D
930,打,VC
930,資格賽,Na
930,啦,T
930,幹,VC
930,/,FW
930,推,VC
930,古巴,Nc
930,去,D
930,打,VC
930,資格賽,Na
930,啦,T
930,幹,VC
930,/,FW
930,推,VC
930,古巴,Nc
930,去,D
930,打,VC
930,資格賽,Na
930,啦,T
930,幹,VC
930,/,FW
930,推,VC
930,古巴,Nc
930,去,D
930,打,VC
930,資格賽,Na
930,啦,T
930,幹,VC
930,/,FW
930,推,VC
930,古巴,Nc
930,去,D
930,打,VC
930,資格賽,Na
930,啦,T
930,幹,VC
930,/,FW
930,推,VC
930,古巴,Nc
930,去,D
930,打,VC
930,資格賽,Na
930,啦,T
930,幹,VC
930,/,FW
930,推,VC
930,古巴,Nc
930,去,D
930,打,VC
930,資格賽,Na
930,啦,T
930,幹,VC
930,/,FW
930,推,VC
930,古巴,Nc
930,去,D
930,打,VC
930,資格賽,Na
930,啦,T
930,幹,VC
930,/,FW
930,推,VC
930,古巴,Nc
930,去,D
930,打,VC
930,資格賽,Na
930,啦,T
930,幹,VC
930,/,FW
930,推,VC
930,古巴,Nc
930,去,D
930,打,VC
930,資格賽,Na
930,啦,T
930,幹,VC
930,/,FW
930,推,VC
930,古巴,Nc
930,去,D
930,打,VC
930,資格賽,Na
930,啦,T
930,幹,VC
930,/,FW
930,推,VC
930,古巴,Nc
930,去,D
930,打,VC
930,資格賽,Na
930,啦,T
930,幹,VC
930,/,FW
930,推,VC
930,古巴,Nc
930,去,D
930,打,VC
930,資格賽,Na
930,啦,T
930,幹,VC
930,/,FW
930,推,VC
930,古巴,Nc
930,去,D
930,打,VC
930,資格賽,Na
930,啦,T
930,幹,VC
930,/,FW
930,推,VC
930,古巴,Nc
930,去,D
930,打,VC
930,資格賽,Na
930,啦,T
930,幹,VC
930,/,FW
930,推,VC
930,古巴,Nc
930,去,D
930,打,VC
930,資格賽,Na
930,啦,T
930,幹,VC
930,/,FW
930,推,VC
930,古巴,Nc
930,去,D
930,打,VC
930,資格賽,Na
930,啦,T
930,幹,VC
930,/,FW
930,推,VC
930,古巴,Nc
930,去,D
930,打,VC
930,資格賽,Na
930,啦,T
930,幹,VC
930,/,FW
930,推,VC
930,古巴,Nc
930,去,D
930,打,VC
930,資格賽,Na
930,啦,T
930,幹,VC
930,/,FW
930,推,VC
930,古巴,Nc
930,去,D
930,打,VC
930,資格賽,Na
930,啦,T
930,幹,VC
930,/,FW
930,推,VC
930,古巴,Nc
930,去,D
930,打,VC
930,資格賽,Na
930,啦,T
930,幹,VC
930,/,FW
930,推,VC
930,古巴,Nc
930,去,D
930,打,VC
930,資格賽,Na
930,啦,T
930,幹,VC
930,/,FW
930,推,VC
930,古巴,Nc
930,去,D
930,打,VC
930,資格賽,Na
930,啦,T
930,幹,VC
930,/,FW
930,推,VC
930,古巴,Nc
930,去,D
930,打,VC
930,資格賽,Na
930,啦,T
930,幹,VC
930,/,FW
930,推,VC
930,古巴,Nc
930,去,D
930,打,VC
930,資格賽,Na
930,啦,T
930,幹,VC
930,/,FW
930,推,VC
930,古巴,Nc
930,去,D
930,打,VC
930,資格賽,Na
930,啦,T
930,幹,VC
930,/,FW
930,推,VC
930,古巴,Nc
930,去,D
930,打,VC
930,資格賽,Na
930,啦,T
930,幹,VC
930,/,FW
930,推,VC
930,古巴,Nc
930,去,D
930,打,VC
930,資格賽,Na
930,啦,T
930,幹,VC
930,/,FW
930,推,VC
930,古巴,Nc
930,去,D
930,打,VC
930,資格賽,Na
930,啦,T
930,幹,VC
930,/,FW
930,推,VC
930,古巴,Nc
930,去,D
930,打,VC
930,資格賽,Na
930,啦,T
930,幹,VC
930,/,FW
930,推,VC
930,古巴,Nc
930,去,D
930,打,VC
930,資格賽,Na
930,啦,T
930,幹,VC
930,台灣,Nc
930,加油,VB
930,/,FW
930,推,VC
930,古巴,Nc
930,去,D
930,打,VC
930,資格賽,Na
930,啦,T
930,幹,VC
930,/,FW
930,推,VC
930,古巴,Nc
930,去,D
930,打,VC
930,資格賽,Na
930,啦,T
930,幹,VC
930,/,FW
930,推,VC
930,古巴,Nc
930,去,D
930,打,VC
930,資格賽,Na
930,啦,T
930,幹,VC
930,/,FW
930,推,VC
930,古巴,Nc
930,去,D
930,打,VC
930,資格賽,Na
930,啦,T
930,幹,VC
930,加油,VB
930,加油,VB
930,/,FW
930,推,VC
930,古巴,Nc
930,去,D
930,打,VC
930,資格賽,Na
930,啦,T
930,幹,VC
930,/,FW
930,推,VC
930,古巴,Nc
930,去,D
930,打,VC
930,資格賽,Na
930,啦,T
930,幹,VC
930,/,FW
930,推,VC
930,古巴,Nc
930,去,D
930,打,VC
930,資格賽,Na
930,啦,T
930,幹,VC
930,/,FW
930,推,VC
930,古巴,Nc
930,去,D
930,打,VC
930,資格賽,Na
930,啦,T
930,幹,VC
930,/,FW
930,推,VC
930,古巴,Nc
930,去,D
930,打,VC
930,資格賽,Na
930,啦,T
930,幹,VC
930,/,FW
930,推,VC
930,古巴,Nc
930,去,D
930,打,VC
930,資格賽,Na
930,啦,T
930,幹,VC
930,/,FW
930,推,VC
930,古巴,Nc
930,去,D
930,打,VC
930,資格賽,Na
930,啦,T
930,幹,VC
930,/,FW
930,推,VC
930,古巴,Nc
930,去,D
930,打,VC
930,資格賽,Na
930,啦,T
930,幹,VC
930,/,FW
930,推,VC
930,古巴,Nc
930,去,D
930,打,VC
930,資格賽,Na
930,啦,T
930,幹,VC
930,/,FW
930,推,VC
930,古巴,Nc
930,去,D
930,打,VC
930,資格賽,Na
930,啦,T
930,幹,VC
930,/,FW
930,推,VC
930,古巴,Nc
930,去,D
930,打,VC
930,資格賽,Na
930,啦,T
930,幹,VC
930,/,FW
930,推,VC
930,古巴,Nc
930,去,D
930,打,VC
930,資格賽,Na
930,啦,T
930,幹,VC
930,/,FW
930,推,VC
930,古巴,Nc
930,去,D
930,打,VC
930,資格賽,Na
930,啦,T
930,幹,VC
930,/,FW
930,推,VC
930,古巴,Nc
930,去,D
930,打,VC
930,資格賽,Na
930,啦,T
930,幹,VC
930,/,FW
930,推,VC
930,古巴,Nc
930,去,D
930,打,VC
930,資格賽,Na
930,啦,T
930,幹,VC
930,/,FW
930,推,VC
930,古巴,Nc
930,去,D
930,打,VC
930,資格賽,Na
930,啦,T
930,幹,VC
930,/,FW
930,推,VC
930,古巴,Nc
930,去,D
930,打,VC
930,資格賽,Na
930,啦,T
930,幹,VC
930,/,FW
930,推,VC
930,古巴,Nc
930,去,D
930,打,VC
930,資格賽,Na
930,啦,T
930,幹,VC
930,/,FW
930,推,VC
930,古巴,Nc
930,去,D
930,打,VC
930,資格賽,Na
930,啦,T
930,幹,VC
930,/,FW
930,推,VC
930,古巴,Nc
930,去,D
930,打,VC
930,資格賽,Na
930,啦,T
930,幹,VC
930,/,FW
930,推,VC
930,古巴,Nc
930,去,D
930,打,VC
930,資格賽,Na
930,啦,T
930,幹,VC
930,/,FW
930,推,VC
930,古巴,Nc
930,去,D
930,打,VC
930,資格賽,Na
930,啦,T
930,幹,VC
930,/,FW
930,推,VC
930,古巴,Nc
930,去,D
930,打,VC
930,資格賽,Na
930,啦,T
930,幹,VC
930,/,FW
930,推,VC
930,古巴,Nc
930,去,D
930,打,VC
930,資格賽,Na
930,啦,T
930,幹,VC
930,/,FW
930,推,VC
930,古巴,Nc
930,去,D
930,打,VC
930,資格賽,Na
930,啦,T
930,幹,VC
930,"""",FW
930,/,FW
930,推,VC
930,古巴,Nc
930,去,D
930,打,VC
930,資格賽,Na
930,啦,T
930,幹,VC
930,/,FW
930,推,VC
930,古巴,Nc
930,去,D
930,打,VC
930,資格賽,Na
930,啦,T
930,幹,VC
930,/,FW
930,推,VC
930,古巴,Nc
930,去,D
930,打,VC
930,資格賽,Na
930,啦,T
930,幹,VC
930,/,FW
930,推,VC
930,古巴,Nc
930,去,D
930,打,VC
930,資格賽,Na
930,啦,T
930,幹,VC
930,/,FW
930,推,VC
930,古巴,Nc
930,去,D
930,打,VC
930,資格賽,Na
930,啦,T
930,幹,VC
930,/,FW
930,推,VC
930,古巴,Nc
930,去,D
930,打,VC
930,資格賽,Na
930,啦,T
930,幹,VC
930,/,FW
930,推,VC
930,古巴,Nc
930,去,D
930,打,VC
930,資格賽,Na
930,啦,T
930,幹,VC
930,/,FW
930,推,VC
930,古巴,Nc
930,去,D
930,打,VC
930,資格賽,Na
930,啦,T
930,幹,VC
930,/,FW
930,推,VC
930,古巴,Nc
930,去,D
930,打,VC
930,資格賽,Na
930,啦,T
930,幹,VC
930,/,FW
930,推,VC
930,古巴,Nc
930,去,D
930,打,VC
930,資格賽,Na
930,啦,T
930,幹,VC
930,/,FW
930,推,VC
930,古巴,Nc
930,去,D
930,打,VC
930,資格賽,Na
930,啦,T
930,幹,VC
930,/,FW
930,推,VC
930,古巴,Nc
930,去,D
930,打,VC
930,資格賽,Na
930,啦,T
930,幹,VC
930,/,FW
930,推,VC
930,古巴,Nc
930,去,D
930,打,VC
930,資格賽,Na
930,啦,T
930,幹,VC
930,/,FW
930,推,VC
930,古巴,Nc
930,去,D
930,打,VC
930,資格賽,Na
930,啦,T
930,幹,VC
930,/,FW
930,推,VC
930,古巴,Nc
930,去,D
930,打,VC
930,資格賽,Na
930,啦,T
930,/,FW
930,推,VC
930,古巴,Nc
930,去,D
930,打,VC
930,資格賽,Na
930,啦,T
930,幹,VC
930,/,FW
930,推,VC
930,古巴,Nc
930,去,D
930,打,VC
930,資格賽,Na
930,啦,T
930,幹,VC
930,/,FW
930,推,VC
930,古巴,Nc
930,去,D
930,打,VC
930,資格賽,Na
930,啦,T
930,乾,VH
930,/,FW
930,推,VC
930,古巴,Nc
930,去,D
930,打,VC
930,資格賽,Na
930,啦,T
930,幹,VC
930,/,FW
930,推,VC
930,古巴,Nc
930,去,D
930,打,VC
930,資格賽,Na
930,啦,T
930,幹,VC
930,/,FW
930,推,VC
930,古巴,Nc
930,去,D
930,打,VC
930,資格賽,Na
930,啦,T
930,幹,VC
930,/,FW
930,推,VC
930,古巴,Nc
930,去,D
930,打,VC
930,資格賽,Na
930,啦,T
930,幹,VC
930,/,FW
930,推,VC
930,古巴,Nc
930,去,D
930,打,VC
930,資格賽,Na
930,啦,T
930,幹,VC
930,/,FW
930,推,VC
930,古巴,Nc
930,去,D
930,打,VC
930,資格賽,Na
930,啦,T
930,幹,VC
930,/,FW
930,推,VC
930,古巴,Nc
930,去,D
930,打,VC
930,資格賽,Na
930,啦,T
930,幹,VC
930,/,FW
930,推,VC
930,古巴,Nc
930,去,D
930,打,VC
930,資格賽,Na
930,啦,T
930,幹,VC
930,/,FW
930,推,VC
930,古巴,Nc
930,去,D
930,打,VC
930,資格賽,Na
930,啦,T
930,幹,VC
930,/,FW
930,推,VC
930,古巴,Nc
930,去,D
930,打,VC
930,資格賽,Na
930,啦,T
930,幹,VC
930,/,FW
930,推,VC
930,古巴,Nc
930,去,D
930,打,VC
930,資格賽,Na
930,啦,T
930,幹,VC
930,/,FW
930,推,VC
930,古巴,Nc
930,去,D
930,打,VC
930,資格賽,Na
930,啦,T
930,幹,VC
930,/,FW
930,推,VC
930,古巴,Nc
930,去,D
930,打,VC
930,資格賽,Na
930,啦,T
930,幹,VC
930,/,FW
930,推,VC
930,古巴,Nc
930,去,D
930,打,VC
930,資格賽,Na
930,啦,T
930,幹,VC
930,/,FW
930,推,VC
930,古巴,Nc
930,去,D
930,打,VC
930,資格賽,Na
930,啦,T
930,幹,VC
930,/,FW
930,推,VC
930,古巴,Nc
930,去,D
930,打,VC
930,資格賽,Na
930,啦,T
930,幹,VC
930,/,FW
930,推,VC
930,古巴,Nc
930,去,D
930,打,VC
930,資格賽,Na
930,啦,T
930,幹,VC
930,/,FW
930,推,VC
930,古巴,Nc
930,去,D
930,打,VC
930,資格賽,Na
930,啦,T
930,/,FW
930,推,VC
930,古巴,Nc
930,去,D
930,打,VC
930,資格賽,Na
930,啦,T
930,幹,VC
930,/,FW
930,推,VC
930,古巴,Nc
930,去,D
930,打,VC
930,資格賽,Na
930,啦,T
930,幹,VC
930,/,FW
930,推,VC
930,古巴,Nc
930,去,D
930,打,VC
930,資格賽,Na
930,啦,T
930,幹,VC
930,/,FW
930,推,VC
930,古巴,Nc
930,去,D
930,打,VC
930,資格賽,Na
930,啦,T
930,幹,VC
930,/,FW
930,推,VC
930,古巴,Nc
930,去,D
930,打,VC
930,資格賽,Na
930,啦,T
930,幹,VC
930,/,FW
930,推,VC
930,古巴,Nc
930,去,D
930,打,VC
930,資格賽,Na
930,啦,T
930,幹,VC
930,/,FW
930,推,VC
930,古巴,Nc
930,去,D
930,打,VC
930,資格賽,Na
930,啦,T
930,幹,VC
930,/,FW
930,推,VC
930,古巴,Nc
930,去,D
930,打,VC
930,資格賽,Na
930,/,FW
930,推,VC
930,古巴,Nc
930,去,D
930,打,VC
930,資格賽,Na
930,啦,T
930,幹,VC
930,/,FW
930,推,VC
930,古巴,Nc
930,去,D
930,打,VC
930,資格賽,Na
930,啦,T
930,/,FW
930,推,VC
930,古巴,Nc
930,去,D
930,打,VC
930,資格賽,Na
930,啦,T
930,幹,VC
930,/,FW
930,推,VC
930,古巴,Nc
930,去,D
930,打,VC
930,資格賽,Na
930,啦,T
930,幹,VC
930,/,FW
930,推,VC
930,古巴,Nc
930,去,D
930,打,VC
930,資格賽,Na
930,啦,T
930,幹,VC
930,/,FW
930,推,VC
930,古巴,Nc
930,去,D
930,打,VC
930,資格賽,Na
930,啦,T
930,幹,VC
930,/,FW
930,推,VC
930,古巴,Nc
930,去,D
930,打,VC
930,資格賽,Na
930,啦,T
930,幹,VC
930,/,FW
930,推,VC
930,古巴,Nc
930,去,D
930,打,VC
930,資格賽,Na
930,啦,T
930,幹,VC
930,/,FW
930,推,VC
930,古巴,Nc
930,去,D
930,打,VC
930,資格賽,Na
930,啦,T
930,幹,VC
930,/,FW
930,推,VC
930,古巴,Nc
930,去,D
930,打,VC
930,資格賽,Na
930,啦,T
930,幹,VC
930,/,FW
930,推,VC
930,古巴,Nc
930,去,D
930,打,VC
930,資格賽,Na
930,啦,T
930,幹,VC
930,/,FW
930,推,VC
930,古巴,Nc
930,去,D
930,打,VC
930,資格賽,Na
930,啦,T
930,幹,VC
930,/,FW
930,以上,Ncd
930,紅底,Na
930,標記位,Na
930,，,COMMACATEGORY
930,每,Nes
930,人,Na
930,稅,Na
930,前,Ng
930,發送,VD
930,完成,VC
931,無,VJ
931,腦,Na
931,大分,Nc
931,輕鬆,VH
931,看,VC
931,球,Na
931,不,D
931,虧,VC
931,是,SHI
931,我,Nh
931,中華隊,Na
931,不用,D
931,想,VE
931,什麽,Nep
931,勝負,Na
931,久久次,Nd
931,賺,VC
931,大錢,Na
931,的,DE
931,好,VH
931,機會,Na
931,真的,D
931,有,V_2
931,人,Na
931,蠢,VH
931,到,P
931,買勝負,VC
931,嗎,T
932,老古,Nb
932,熱身賽,Na
932,打擊,VC
932,直烙賽,Na
932,，,COMMACATEGORY
932,被,P
932,中職,Na
932,球隊,Na
932,教訓,VC
932,結果,Dk
932,今天,Nd
932,打,VC
932,中華隊,Na
932,打,VC
932,的,DE
932,砲聲,Na
932,隆隆,D
932,古巴,Nc
932,熱身賽,Na
932,是,SHI
932,不,D
932,是,SHI
932,故意,VL
932,在,P
932,裝,VF
932,弱,VH
933,前日,Nd
933,中華隊,Na
933,將士,Na
933,用命,VA
933,大戰,VC
933,日本,Nc
933,將近,Da
933,小時,Na
933,最後,Nd
933,惜,VJ
933,敗,VH
933,隔天,Nd
933,東京,Nc
933,慘案,Na
933,被,P
933,古巴,Nc
933,提前,VB
933,結束,VHC
933,當初,Nd
933,被,P
933,古巴,Nc
933,有,V_2
933,多,D
933,震撼,VJ
934,中華隊,Na
934,目前,Nd
934,以,P
934,分,Nf
934,暫時,D
934,落後,VJ
934,是,SHI
934,說,VE
934,他媽的,I
934,中華隊,Na
934,投手,Na
934,投球,VA
934,旁邊,Ncd
934,直,D
934,發出,VC
934,叭叭叭,Na
934,的,DE
934,聲音,Na
934,到底,D
934,是,SHI
934,在,P
934,叭,D
934,三,Neu
934,小,VH
934,有,V_2
934,卦,Na
934,嗎,T
935,堆,Nf
935,直,D
935,在,P
935,那邊,Ncd
935,鍋貼,Na
935,的,DE
935,不,D
935,知道,VK
935,古巴,Nc
935,是,SHI
935,傳統,VH
935,強,VH
935,隊,Na
935,嗎,T
935,號稱,VG
935,紅色,Na
935,閃電,Na
935,而且,Cbb
935,今年,Nd
935,中華隊,Na
935,真的,D
935,很,Dfa
935,不樣,VH
935,的,DE
935,感覺,Na
935,以往,Nd
935,連,Cbb
935,點球,VA
935,都,D
935,很,Dfa
935,怕,VK
935,點成,VG
935,內野,Nc
935,高飛,VA
935,今年,Nd
935,點球,VA
935,都,D
935,很,Dfa
935,容易,VH
935,上壘,VA
935,而且,Cbb
935,今年,Nd
935,還,D
935,創,VC
935,安打,Na
935,數,Na
935,跟,Caa
935,滿貫砲,Na
935,的,DE
935,紀錄,Na
935,不,D
935,是,SHI
935,以前,Nd
935,那,Nep
935,個,Nf
935,最後,Nd
935,容易,VH
935,軟掉,VHC
935,的,DE
935,中華隊,Na
935,了,T
935,這,Nep
935,是,SHI
935,我,Nh
935,看,VC
935,過,Di
935,最,Dfa
935,猛,VH
935,的,DE
935,中華隊,Na
935,日,Nc
935,球迷,Na
935,退散,VH
935,好,VH
935,嗎,T
935,霸拖,VC
935,卦,Na
936,昨天,Nd
936,對,P
936,荷蘭,Nc
936,也,D
936,是,SHI
936,直,D
936,暴投,VC
936,和,Caa
936,捕逸,VA
936,但是,Cbb
936,幸好,D
936,沒有,D
936,造成,VG
936,重,VH
936,傷害,Na
936,今天,Nd
936,低級,VH
936,失誤,Na
936,就,D
936,炸裂,VC
936,了,Di
936,連,Cbb
936,江坤宇,Nb
936,這,Nep
936,種,Nf
936,最,Dfa
936,穩,VH
936,的,DE
936,都,D
936,失誤,VA
936,是,SHI
936,有,V_2
936,什麼,Nep
936,魔咒,Na
936,嗎,T
937,可以,D
937,出來,VA
937,下跪,VB
937,道歉,VB
937,嗎,T
937,最好,D
937,昨天,Nd
937,打到,VC
937,凌晨,Nd
937,接,VC
937,中午,Nd
937,打,VC
937,的,DE
937,好,VH
937,這,Nep
937,賽程,Na
937,最好,D
937,打,VC
937,的,DE
937,贏,VD
937,媽的,I
937,，,COMMACATEGORY
937,全部,Neqa
937,選手,Na
937,感覺,Na
937,都,D
937,快,D
937,虛脫,VH
937,了,T
937,古巴,Nc
937,看起來,D
937,代購,VC
937,都,D
937,買好,VC
937,了,Di
937,精神,Na
937,超好,VH
937,聽說,VE
937,這,Nep
937,是,SHI
937,我們,Nh
937,主場,Na
938,如,P
938,題,Na
938,中華隊,Na
938,打擊,Na
938,真的,D
938,很,Dfa
938,可以,VH
938,可是,Cbb
938,覺得,VK
938,很,Dfa
938,可惜,VH
938,的,DE
938,是,SHI
938,我們,Nh
938,本土,Nc
938,投手,Na
938,好像,D
938,不,D
938,太,Dfa
938,行,VH
938,就是,Cbb
938,有,V_2
938,場,Nf
938,沒,VJ
938,場,Nc
938,的,DE
938,很,Dfa
938,不,D
938,穩,VH
938,為啥,D
938,要,D
938,出,VC
938,個,Di
938,強,VH
938,投,VC
938,這麼,Dfa
938,難,VH
938,反觀,VC
938,日本,Nc
938,堆,VC
939,噎,I
939,我,Nh
939,阿肥,Nb
939,啦,T
939,阿肥日,Nd
939,球迷,Na
939,，,COMMACATEGORY
939,平常,Nd
939,都,D
939,沒,D
939,在,P
939,看,VC
939,棒球,Na
939,的,T
939,，,COMMACATEGORY
939,今天,Nd
939,時,Ng
939,興起去,D
939,買,VC
939,了,Di
939,張運彩,Nb
939,，,COMMACATEGORY
939,這樣,VH
939,買穩,VC
939,了,Di
939,贏,VD
939,錢,Na
939,的話,Cba
939,台女,Na
939,是,SHI
939,不,D
939,是,SHI
939,就,D
939,會,D
939,自己,Nh
939,貼上來,VC
939,了,Di
939,嘻嘻,D
939,///,FW
940,如,P
940,題,Na
940,看,VC
940,的,DE
940,中華隊,Na
940,每,Nes
940,次,Nf
940,遇到,VC
940,古巴,Nc
940,都,D
940,被,P
940,屌虐,Nb
940,實在,D
940,很,Dfa
940,痛心,VK
940,可是,Cbb
940,我,Nh
940,發現,VE
940,洲際盃,Nb
940,在,P
940,台中,Nc
940,有,V_2
940,打贏,VC
940,古巴,Nc
940,的,DE
940,紀錄,Na
940,欸,I
940,當時,Nd
940,洲際盃,Nb
940,也,D
940,是,SHI
940,第,Neu
940,場,Nf
940,慘輸,Na
940,義大利隊,Na
940,後來,Nd
940,又,D
940,接連,D
940,輸給,VD
940,日本,Nc
940,韓國,Nc
940,眼看,VE
940,晉級,VJ
940,無望,VH
940,結果,Dk
940,預賽,Na
940,最,Dfa
940,後,Ncd
940,場,Nf
940,居然,D
940,爆冷,VH
940,贏,VD
940,了,Di
940,古巴,Nc
940,有,V_2
940,沒,D
940,有,V_2
940,當年,Nd
940,洲際盃,Nb
940,是,SHI
940,怎麼,D
940,打贏,VC
940,古巴,Nc
940,的,DE
941,昨天,Nd
941,以,P
941,的,DE
941,比分,Na
941,戰勝,VC
941,了,Di
941,荷蘭隊,Na
941,現在,Nd
941,是,SHI
941,中華隊,Na
941,在,P
941,Ａ組,Na
941,的,DE
941,最,Dfa
941,後場,Nc
941,比賽,Na
941,真的,D
941,好,Dfa
941,希望,VK
941,可以,D
941,贏,VD
941,古巴,Nc
941,贏,VD
941,了,Di
941,就,D
941,是,SHI
941,小組第,Na
941,出線,VH
941,了,T
941,峮峮,Na
941,的,DE
941,的,DE
941,炸裂舞,Na
941,也,D
941,來,D
941,集氣,VA
941,///,FW
941,第,Neu
941,場,Nf
941,買,VC
941,台灣,Nc
941,贏,VD
941,有點,Dfa
941,賠錢,VH
941,哭哭,VA
941,，,COMMACATEGORY
941,最後,Nd
941,場,Nc
941,我,Nh
941,已經,D
941,買,VC
941,台灣,Nc
941,贏,VD
941,了,Di
941,，,COMMACATEGORY
941,希望,VK
941,可以,D
941,賺回來,VC
941,啦,T
941,定,D
941,要,D
941,贏,VD
941,啊,T
941,啊,T
941,啊,T
942,龍貓,Nb
942,樂天,VH
942,的,DE
942,總,A
942,欸,I
942,看到,VE
942,剛,D
942,簽,VC
942,的,DE
942,古巴,Nc
942,投手,Na
942,投,VC
942,那麼,D
942,香,VH
942,的,DE
942,變化球,Na
942,但是,Cbb
942,看到,VE
942,中華隊,Na
942,前面,Ncd
942,被,P
942,打歪,VC
942,可能,D
942,被,P
942,淘汰,VC
942,龍貓,Nb
942,現在,Nd
942,在,P
942,想,VE
942,什麼,Nep
942,有,V_2
942,卦,Na
942,否,T
943,//////,FW
943,范雲,Nb
943,轟古巴,Nb
943,請,VF
943,吃,VC
943,份,Nf
943,雞排,Na
943,傅崐萁,Nb
943,也,D
943,要,D
943,對,P
943,賭杯,Nb
943,珍奶,Na
943,聯合報,Nb
943,記者,Na
943,林銘翰,Nb
943,台北,Nc
943,即時,D
943,報導,VE
943,世界,Nc
943,棒球,Na
943,經典賽,Na
943,台灣隊,Na
943,接連,D
943,擊敗,VC
943,義大利,Nc
943,與,Caa
943,荷蘭,Nc
943,，,COMMACATEGORY
943,今天,Nd
943,中午,Nd
943,對上,VC
943,古巴,Nc
943,力拚,VC
943,前進,VA
943,東京,Nc
943,巨蛋,Nc
943,，,COMMACATEGORY
943,民,Na
943,進黨,Nb
943,立委,Na
943,范雲,Nb
943,國民黨,Nb
943,立委,Na
943,傅崐萁,Nb
943,接連,D
943,發出,VC
943,祭品文,Na
943,，,COMMACATEGORY
943,范雲,Nb
943,表示,VE
943,為了,P
943,轟古巴進,VCL
943,東京,Nc
943,要,D
943,請,VF
943,吃,VC
943,份,Nf
943,雞排,Na
943,傅崐萁,Nb
943,則,D
943,說,VE
943,，,COMMACATEGORY
943,如果,Cbb
943,今天,Nd
943,中華隊,Na
943,贏下,VJ
943,古巴,Nc
943,，,COMMACATEGORY
943,身為,VG
943,資深,VH
943,球迷,Na
943,的,DE
943,他,Nh
943,就,D
943,發放,VD
943,杯,Na
943,珍奶,Na
943,慶祝,VE
943,年,Nf
943,世界,Nc
943,棒球,Na
943,經典,Na
943,賽組,Nv
943,賽事,Na
943,在,P
943,台中,Nc
943,洲際,Nc
943,棒球場,Nc
943,登場,VA
943,，,COMMACATEGORY
943,台灣隊,Na
943,在,P
943,首,Nes
943,戰,Na
943,不敵,VJ
943,巴拿馬,Nc
943,，,COMMACATEGORY
943,接連,D
943,天,Na
943,卻,D
943,連續,D
943,擊敗,VC
943,義大利,Nc
943,與,Caa
943,荷蘭,Nc
943,，,COMMACATEGORY
943,保有,VJ
943,晉級,VJ
943,的,DE
943,機會,Na
943,，,COMMACATEGORY
943,今天,Nd
943,中午,Nd
943,打,VC
943,古巴,Nc
943,如果,Cbb
943,拿勝,VH
943,，,COMMACATEGORY
943,就,D
943,能,D
943,以,P
943,分組第,Na
943,晉級,VJ
943,強,VH
943,複賽,Na
943,，,COMMACATEGORY
943,正式,VH
943,前進,VA
943,東京,Nc
943,巨蛋,Nc
943,范雲,Nb
943,今天,Nd
943,在,P
943,臉書,Na
943,以,P
943,范雲,Nb
943,，,COMMACATEGORY
943,范雲挺,Nb
943,台灣,Nc
943,為題,VI
943,發文,VC
943,表示,VE
943,，,COMMACATEGORY
943,范雲,Nb
943,的,DE
943,祭品文,Na
943,來,VA
943,了,Di
943,，,COMMACATEGORY
943,舉起,VC
943,你,Nh
943,的,DE
943,左手,Na
943,，,COMMACATEGORY
943,安打,Na
943,啦,T
943,安打,Na
943,舉起,VC
943,你,Nh
943,的,DE
943,右手,Na
943,，,COMMACATEGORY
943,全壘打,Na
943,全壘打,Na
943,，,COMMACATEGORY
943,請,VF
943,跟,P
943,她,Nh
943,起氣,VA
943,轟古,VA
943,巴進,VCL
943,東京,Nc
943,，,COMMACATEGORY
943,如果,Cbb
943,台灣隊,Na
943,能夠,D
943,挺進,VA
943,東京,Nc
943,，,COMMACATEGORY
943,自己,Nh
943,就,D
943,請,VF
943,吃,VC
943,份,Nf
943,雞排,Na
943,傅崐萁,Nb
943,也,D
943,在,P
943,臉書,Na
943,以,P
943,力挺,VC
943,中華隊,Na
943,，,COMMACATEGORY
943,中華隊,Na
943,前進,VA
943,東京,Nc
943,，,COMMACATEGORY
943,背水戰,Na
943,為題,VI
943,發文,VC
943,指出,VE
943,，,COMMACATEGORY
943,中華隊,Na
943,在,P
943,今天,Nd
943,中午,Nd
943,將,D
943,對上,VC
943,強敵,Na
943,古巴,Nc
943,，,COMMACATEGORY
943,這,Nep
943,場,Nf
943,比賽,Na
943,定,D
943,要,D
943,贏,VD
943,，,COMMACATEGORY
943,我們,Nh
943,才,Da
943,能夠,D
943,晉級,VJ
943,到,P
943,複賽,Na
943,傅崐萁,Nb
943,還,D
943,說,VE
943,，,COMMACATEGORY
943,身為,VG
943,資深,VH
943,球迷,Na
943,加上,VC
943,日,Nc
943,飲料,Na
943,店長,Na
943,，,COMMACATEGORY
943,自己,Nh
943,定,D
943,要,D
943,獻上,VC
943,祭品文,Na
943,，,COMMACATEGORY
943,如果,Cbb
943,今天,Nd
943,中華隊,Na
943,贏下,VJ
943,古巴,Nc
943,，,COMMACATEGORY
943,他,Nh
943,就,D
943,發放,VD
943,杯珍奶,Na
943,慶祝,VE
943,，,COMMACATEGORY
943,請,VF
943,大家,Nh
943,起,Ng
943,為,P
943,中華隊,Na
943,加油,VB
944,大魯閣,Nc
944,左,Ncd
944,投,VC
944,發球機,Na
944,當作,VG
944,是,SHI
944,打擊,VC
944,練習,VC
944,喔,T
944,牛棚,Na
944,在,D
944,幹嘛,VA
944,還是,D
944,兩,Neu
944,勝,VH
944,就,D
944,可以,D
944,交代,VE
944,了,Di
944,不然,Cbb
944,賽前,Nd
944,也,D
944,說,VE
944,下,Nes
944,今天,Nd
944,打,VC
944,身體,Na
944,健康,VH
944,的,DE
944,不要,D
944,浪費,VC
944,張育成,Nb
944,的,DE
944,努力,Nv
944,可以,VH
944,嗎,T
945,是,SHI
945,這樣,VH
945,啦,T
945,本,Nes
945,肥,VHC
945,最近,Nd
945,觀察,VE
945,經典賽,Na
945,賭盤,Na
945,中華隊,Na
945,第,Neu
945,戰,Na
945,對,VC
945,巴拿馬,Nc
945,，,COMMACATEGORY
945,在,P
945,被,P
945,看好,VJ
945,的,DE
945,狀況,Na
945,之下,Ng
945,輸分,VH
945,之後,Nd
945,在,P
945,被,P
945,看衰,VJ
945,的,DE
945,情況,Na
945,下,Ng
945,竟然,D
945,可以,D
945,連,VJ
945,過,VCL
945,義荷,Nc
945,二,Neu
945,支,Nf
945,球隊,Na
945,今天,Nd
945,對上古巴,VH
945,，,COMMACATEGORY
945,賭盤,Na
945,上,Ng
945,竟然,D
945,又,D
945,被,P
945,看好,VJ
945,結果,Dk
945,第,Neu
945,局,Nf
945,就,D
945,爛,VH
945,到,P
945,流湯,Na
945,掉分,VH
945,了,Di
945,中華隊,Na
945,喜歡,VK
945,被,P
945,看,VC
945,衰,VH
945,小,VH
946,欸,I
946,欸,I
946,窩肥,VH
946,ㄦ喇,FW
946,本,Nes
946,肥,VHC
946,ㄦ,FW
946,觀察,VE
946,咱們,Nh
946,中華,Nc
946,小,VH
946,好像,D
946,還,D
946,有,V_2
946,人,Na
946,還,D
946,沒有,D
946,上,VCL
946,過,Di
946,場,Nc
946,捏,VC
946,難得,VH
946,入選,VJ
946,國家隊,Na
946,因,Cbb
946,該,D
946,很,Dfa
946,想要,VE
946,體驗,VC
946,下,Nes
946,國際,Nc
946,賽場,Nc
946,上,Ncd
946,的,DE
946,氛圍,Na
946,巴,Nb
946,請問,VE
946,現在,Nd
946,這,Nep
946,個,Nf
946,勢頭,Na
946,等等,Cab
946,板凳,Na
946,小,VH
946,們,Na
946,有,V_2
946,木,Na
946,有,V_2
946,機會,Na
946,可以,D
946,上場,VA
946,捏,VC
946,呱呱,D
947,以為,VE
947,是,SHI
947,外角,Na
947,直球,Na
947,揮出去,VA
947,才,Da
947,發現,VE
947,被,P
947,騙,VC
947,是,SHI
947,顆,Nf
947,變速,VA
947,局下來,VA
947,讓,VL
947,中華隊,Na
947,打者,Na
947,籌莫展,Nb
947,連,Cbb
947,過往,Na
947,選球,VA
947,見長,VI
947,的,DE
947,吳念庭,Nb
947,都,D
947,無法,D
947,輕易,D
947,選掉,VC
947,古巴,Nc
947,的,DE
947,這,Nep
947,顆,Nf
947,變速球,Na
947,真是,D
947,令,VL
947,人,Na
947,舒服,VH
947,有沒有,D
947,的,DE
947,八卦,Na
947,他,Nh
947,變速,VA
947,頂級,A
947,的,T
947,吧,T
948,////,FW
948,根據,P
948,中華隊,Na
948,的,DE
948,尿性,Na
948,早,D
948,就,D
948,叫好,VH
948,鍋貼,Na
948,準備,VF
948,回家,VA
948,吃,VC
948,了,Di
948,鍋貼,Na
948,醬料,Na
948,才,Da
948,剛,D
948,放下去,VB
948,殺咪,VC
948,了,Di
948,會不會,D
948,太,Dfa
948,準,VH
948,今天,Nd
948,中午,Nd
948,吃,VC
948,鍋貼,Na
948,的,DE
948,人,Na
948,多,VH
948,嗎,T
949,如,P
949,題,Na
949,這,Nep
949,次,Nf
949,棒球,Na
949,經典賽,Na
949,真的,D
949,好,Dfa
949,精彩,VH
949,，,COMMACATEGORY
949,對上,VC
949,義大利,Nc
949,和,Caa
949,荷蘭,Nc
949,的,DE
949,勝,VH
949,場,Nf
949,真的,D
949,很,Dfa
949,棒,VH
949,，,COMMACATEGORY
949,可是,Cbb
949,真的,D
949,辛苦,VHC
949,了,T
949,已經,D
949,不用,D
949,再,D
949,戰鬥,VA
949,了,Di
949,不用,D
949,再,D
949,努力,VH
949,了,T
949,謝謝,VJ
949,中華隊,Na
949,帶給,VD
949,我們,Nh
949,的,DE
949,感動,VHC
949,掛,VC
950,我,Nh
950,這,Nep
950,真的,D
950,只,Da
950,能,D
950,謝謝,VJ
950,自由時報,Nb
950,啦,T
950,讓,VL
950,我,Nh
950,本來,D
950,不,D
950,知道,VK
950,運彩,Na
950,看好,VJ
950,中華隊,Na
950,三,Neu
950,連勝,VH
950,早,D
950,看到,VE
950,這,Nep
950,篇,Nf
950,新聞,Na
950,上網,VA
950,點,VC
950,了,Di
950,下運彩,Na
950,然後,D
950,推文,Na
950,懂,VK
950,了,T
950,想不到,Dk
950,真的,D
950,懂,VK
950,了,T
951,如,P
951,題,Na
951,熟悉,VJ
951,的,DE
951,中華隊,Na
951,回來,VA
951,了,Di
951,這,Nep
951,劇本,Na
951,已經,D
951,演,VC
951,幾,Neu
951,年,Nf
951,了,T
951,中華隊,Na
951,是,SHI
951,不,D
951,是,SHI
951,捧不得,VJ
951,呢,T
951,有,V_2
951,沒有,VJ
951,這,Nep
951,個,Nf
951,八卦,Na
952,局古巴,Nb
952,投手,Na
952,不,D
952,穩,VH
952,，,COMMACATEGORY
952,二,Neu
952,次,Nf
952,保送,VC
952,古巴,Nc
952,教練,Na
952,小丑群,Nb
952,各,Nes
952,種,Nf
952,出場,VA
952,拐氣,Na
952,我方,Nh
952,投手,Na
952,不,D
952,穩,VH
952,",",COMMACATEGORY
952,遊擊,Na
952,失誤,Na
952,投手,Na
952,都,D
952,沒,VJ
952,信心,Na
952,",",COMMACATEGORY
952,我方,Nh
952,教練團,Na
952,無,VJ
952,作為,Na
952,無,VJ
952,作為,Na
952,無,VJ
952,作為,Na
952,無,VJ
952,作為,Na
952,無,VJ
952,作為,Na
952,無,VJ
952,作為,Na
952,無,VJ
952,作為,Na
952,無,VJ
952,作為,Na
952,無,VJ
952,作為,Na
952,無,VJ
952,作為,Na
952,全,Neqa
952,場,Nf
952,球迷,Na
952,可以,D
952,做,VG
952,後盾,Na
952,教練,Na
952,可不可以,D
953,欸,I
953,欸,I
953,窩肥,VH
953,ㄦ喇,FW
953,謝謝,VJ
953,台灣隊,Na
953,這,Nep
953,次,Nf
953,精彩,VH
953,表現,VC
953,兩,Neu
953,勝,VH
953,已經,D
953,出乎意料,VI
953,的,DE
953,好了,T
953,今天,Nd
953,過後,Ng
953,在,P
953,沒有,VJ
953,台灣隊,Na
953,的,DE
953,比賽,Na
953,台灣,Nc
953,球迷,Na
953,要,D
953,寄生,VA
953,哪,Nep
953,隊,Nf
953,才,Da
953,內行,VI
953,啊,T
953,是,SHI
953,祖國,Nc
953,日本,Nc
953,還是,Caa
953,美國,Nc
953,爸爸,Na
953,呢,T
953,呱呱,D
954,元,Nd
954,沒,VJ
954,了,T
954,球迷,Na
954,搶,VD
954,吃,VC
954,爌肉飯,Na
954,肉圓,Na
954,機車,Na
954,亂停,VA
954,警,Na
954,開單,VA
954,開,VC
954,到,P
954,手,Na
954,軟,VH
954,新聞,Na
954,雲,VE
954,社會,Na
954,年,Na
954,月,Na
954,日,Na
954,///,FW
954,▲,FW
954,縣府,Nc
954,前,Ncd
954,發,VD
954,爌肉飯,Na
954,跟,Caa
954,肉圓,Na
954,，,COMMACATEGORY
954,旁邊,Ncd
954,的,DE
954,人行道,Nc
954,停滿,VCL
954,機車,Na
954,被,P
954,檢舉,VC
954,圖,Na
954,記者,Na
954,唐詠絮,Nb
954,攝,VC
954,記者,Na
954,唐詠絮,Nb
954,劉人豪,Nb
954,彰化,Nc
954,報導,VE
954,彰化,Nc
954,縣府,Nc
954,感謝,VK
954,民眾,Na
954,力挺,VC
954,中華隊,Na
954,，,COMMACATEGORY
954,日,Nd
954,在,P
954,彰化縣,Nc
954,政府,Na
954,廣場,Nc
954,前,Ncd
954,發放,VD
954,爌肉飯肉圓,Na
954,紅茶杯,Na
954,，,COMMACATEGORY
954,時間,Na
954,還,D
954,沒,D
954,到,VCL
954,就,D
954,有,V_2
954,許多,Neqa
954,人,Na
954,前來,VCL
954,排隊,VA
954,準備,VF
954,領取,VC
954,，,COMMACATEGORY
954,導致,VL
954,人行道,Nc
954,停滿,VCL
954,機車,Na
954,，,COMMACATEGORY
954,警察,Na
954,也,D
954,立即,D
954,開單,VA
954,，,COMMACATEGORY
954,多,Neqa
954,人,Na
954,還,D
954,沒,D
954,吃到,VC
954,就,D
954,先,D
954,噴,VC
954,元,Nf
954,///,FW
954,▲▼,VC
954,彰化縣,Nc
954,政府,Na
954,廣場,Nc
954,發爌肉飯,Na
954,跟,Caa
954,肉圓,Na
954,圖,Na
954,彰化縣,Nc
954,政府,Na
954,提供,VD
954,///,FW
954,世界,Nc
954,經典,Na
954,棒球賽,Na
954,昨日,Nd
954,中華隊,Na
954,以,P
954,贏,VD
954,義大利,Nc
954,，,COMMACATEGORY
954,彰化,Nc
954,縣府,Nc
954,今天,Nd
954,中午,Nd
954,在,P
954,彰化縣,Nc
954,政府,Na
954,廣,VH
954,場,Nc
954,，,COMMACATEGORY
954,發放,VD
954,碗阿璋,Nb
954,肉圓,Na
954,，度,Na
954,彰化市,Nc
954,和平店,Nc
954,老闆娘,Na
954,則,D
954,加碼,VA
954,送出,VD
954,杯,Nf
954,紅茶,Na
954,，,COMMACATEGORY
954,另外,Cbb
954,還,D
954,有,V_2
954,份,Na
954,爌肉,Na
954,飯份,Na
954,溪湖,Nc
954,阿讚份,Nb
954,彰化,Nc
954,阿章,Nb
954,///,FW
954,▲警員,Na
954,開單,VA
954,裁罰,VC
954,元,Nf
954,圖,Na
954,記者,Na
954,唐詠絮,Nb
954,攝,VC
954,時間,Na
954,還,D
954,沒,D
954,到,VCL
954,就,D
954,已經,D
954,有,V_2
954,許多,Neqa
954,民眾,Na
954,騎車,VA
954,前來,VCL
954,排隊,VA
954,，,COMMACATEGORY
954,不過,Cbb
954,現場,Nc
954,機車,Na
954,停車位,Na
954,數量,Na
954,不,D
954,多,VH
954,，,COMMACATEGORY
954,有,V_2
954,部分,Neqa
954,騎士,Na
954,直接,VH
954,將,P
954,車,Na
954,停,VHC
954,在,P
954,人行道,Nc
954,遭,P
954,檢舉,VC
954,，,COMMACATEGORY
954,警方,Na
954,以,P
954,禁止,VE
954,臨時,Nd
954,停車,VA
954,處所,Na
954,停車,VA
954,製單,VA
954,舉發,VC
954,裁罰元,Na
954,，,COMMACATEGORY
954,至少,Da
954,對,P
954,輛,Nf
954,以上,Ng
954,機車,Na
954,開單,VA
954,，,COMMACATEGORY
954,讓,VL
954,這些,Neqa
954,騎車,VA
954,來,VA
954,的,DE
954,民眾,Na
954,還,D
954,沒,D
954,吃到,VC
954,就,D
954,先,D
954,賠,VD
954,元,Nf
954,新聞,Na
954,來源,Na
954,新聞,Na
954,雲,VE
954,/////,FW
955,不會,D
955,吧,T
955,該,D
955,不會,D
955,真的,D
955,有,V_2
955,這,Nep
955,個,Nf
955,劇本,Na
955,吧,T
955,兩岸,Nc
955,家,Nc
955,親起,VC
955,被,P
955,扣倒,VC
955,官方,Na
955,是,SHI
955,不,D
955,是,SHI
955,種族,Na
955,歧視,VJ
955,沒,VJ
955,人,Na
955,要,D
955,負責,VL
955,嗎,T
955,難道,D
955,要,D
955,搞,VC
955,到,P
955,這麼,Dfa
955,難看,VH
955,嗎,T
955,八卦板,Na
955,的,DE
955,各位,Nh
955,起去,VCL
955,臉書,Na
955,抗議,VE
955,了,Di
955,吧,T
955,每,Nes
955,次,Nf
955,都,D
955,搞,VC
955,我們,Nh
955,華人,Na
955,兄弟,Na
955,怎麼,VH
955,了,T
955,我們,Nh
955,錯,VH
955,了,T
955,嗎,T
955,有,V_2
955,卦,Na
955,嗎,T
955,真的,D
955,進步,VH
955,了,T
956,沒,VJ
956,投手,Na
956,可,D
956,用,VC
956,了,Di
956,，,COMMACATEGORY
956,又,D
956,沒,D
956,規定,VE
956,教練,Na
956,不能,D
956,下去,VA
956,投,VC
956,，,COMMACATEGORY
956,到底,D
956,大樹哥,Na
956,為什麼,D
956,還,D
956,不,D
956,趕快,D
956,熱身,VA
956,，,COMMACATEGORY
956,再,D
956,不,D
956,上去,VA
956,投,VC
956,，,COMMACATEGORY
956,要,D
956,爆,VH
956,了,T
956,啦,T
956,，,COMMACATEGORY
956,準備,VF
956,吃,VC
956,個,Di
956,鍋貼,Na
956,惹,VC
956,是否,D
956,有,V_2
956,專板,Na
956,本板,Na
956,並非,D
956,萬能,VH
956,問板,VA
956,三,Neu
956,則,Nf
956,本,Nes
956,看板,Na
956,嚴格,VH
956,禁止,VE
956,政治,Na
956,問卦,Na
956,未滿,VJ
956,繁體,Na
956,中文字,Na
956,水桶,Na
956,個,DE
956,月,Na
956,未滿,VJ
956,繁體,Na
956,中文字,Na
956,水桶,Na
956,個,DE
956,月,Na
956,未滿,VJ
956,繁體,Na
956,中文字,Na
956,水桶,Na
956,個,Nf
956,月,Na
956,，,COMMACATEGORY
956,嚴重,VH
956,者,Na
956,以,P
956,鬧板論,Na
957,第,Neu
957,場,Nf
957,被,P
957,巴拿馬,Nc
957,打爆,VC
957,但,Cbb
957,在,P
957,首,Nes
957,戰,Na
957,大失分,VH
957,情況,Na
957,下,Ng
957,第二,Neu
957,場,Nf
957,對上,VC
957,義大利,Nc
957,還是,D
957,拿下,VC
957,勝利,VH
957,第三,Neu
957,場,Nf
957,遇,VK
957,勁旅,Na
957,荷蘭,Nc
957,甚至,D
957,打出,VC
957,滿貫砲,Na
957,得勝,VH
957,這,Nep
957,場,Nf
957,就算,Cbb
957,輸給,VD
957,古巴,Nc
957,整體,Na
957,而言,Ng
957,中華隊,Na
957,經典賽,Na
957,雖,Cbb
957,敗,VH
957,猶榮,VH
957,吧,T
957,有,V_2
957,卦,Na
958,這陣子,Nd
958,台灣,Nc
958,各,Nes
958,地,Na
958,直報,Na
958,缺,VJ
958,蛋,Na
958,中華隊,Na
958,是,SHI
958,不,D
958,是,SHI
958,想,VE
958,證明,VE
958,其實,D
958,沒有,D
958,缺,VJ
958,蛋,Na
958,啊,T
958,計分板,Na
958,上面,Ncd
958,都,D
958,是,SHI
958,蛋,Na
958,了,T
958,哪,Ncd
958,可能,D
958,缺,VJ
958,蛋,Na
958,是,SHI
958,不,D
958,是,SHI
958,昨天,Nd
958,開會,VA
958,就,D
958,先,D
958,開會,VA
958,討論,VE
958,了,Di
959,想,VE
959,當初,Nd
959,打完,VC
959,第,Neu
959,場,Nf
959,被,P
959,八卦板,Na
959,的,DE
959,各位,Nh
959,酸,VH
959,得,DE
959,不如,VJ
959,中國隊,Na
959,，,COMMACATEGORY
959,結果,Dk
959,前,Nes
959,兩,Neu
959,天,Nf
959,贏,VD
959,球,Na
959,大,VH
959,驚奇,VK
959,雖然,Cbb
959,今天,Nd
959,也,D
959,掰,VC
959,了,Di
959,，,COMMACATEGORY
959,但,Cbb
959,反觀,VC
959,各位,Nh
959,最愛,Na
959,的,DE
959,中國隊,Na
959,很,Dfa
959,早,VH
959,就,D
959,掰,VC
959,了,Di
959,中華隊,Na
959,這,Nep
959,次,Nf
959,表現,Na
959,很,Dfa
959,好,VH
959,了,T
959,吧,T
959,有,V_2
959,咪,FW
959,有,V_2
959,掛,VC
960,如,P
960,題,Na
960,老闆,Na
960,跟,P
960,我,Nh
960,說,VE
960,現在,Nd
960,缺,VJ
960,蛋,Na
960,為什麼,D
960,中華隊,Na
960,還,D
960,有,V_2
960,蛋,Na
960,可以,D
960,吃,VC
960,不,D
960,公平,VH
961,今天,Nd
961,的,DE
961,世界,Nc
961,棒球,Na
961,經典賽,Na
961,台灣,Nc
961,古巴,Nc
961,之,DE
961,戰,Na
961,我們,Nh
961,要,D
961,贏,VD
961,就,D
961,能,D
961,進,VC
961,複賽,Na
961,了,Di
961,現在,Nd
961,情況,Na
961,不妙,VH
961,大家,Nh
961,是,SHI
961,不,D
961,是,SHI
961,該,D
961,丟,VC
961,祭品,Na
961,了,T
962,我,Nh
962,有,V_2
962,招錦,Nb
962,囊妙,VH
962,計,VG
962,必,D
962,可,D
962,扭轉,VC
962,乾坤,Na
962,麻煩,VHC
962,在,P
962,台中,Nc
962,現場,Nc
962,的,DE
962,鄉民,Na
962,，,COMMACATEGORY
962,幫,P
962,我,Nh
962,傳達,VD
962,下,Ng
962,幫,P
962,我,Nh
962,跟,P
962,中華隊,Na
962,教練團,Na
962,說,VE
962,不要,D
962,想,VE
962,著,Di
962,贏,VD
962,，,COMMACATEGORY
962,要,D
962,想,VE
962,著,Di
962,不能,D
962,輸,VD
963,全,Neqa
963,世界,Nc
963,都,D
963,看得出來,VK
963,褲子,Na
963,呀,T
963,有,V_2
963,污漬,Na
963,這麼多,Neqa
963,裁判,Na
963,去,D
963,看,VC
963,了,Di
963,手,Na
963,手套,Na
963,帽子,Na
963,竟然,D
963,都,D
963,沒,VJ
963,問題,Na
963,現在,Nd
963,又,D
963,突然,D
963,換下去,VB
963,擺明,VE
963,做,VC
963,賊,Na
963,心虛,VH
963,主,A
963,審定,VC
963,作弊,VA
963,中華隊,Na
963,要,D
963,怎麼,D
963,贏,VD
964,經典賽,Na
964,再,D
964,勝,VH
964,蔡英文,Nb
964,讚全,Nb
964,隊,Na
964,都,D
964,是,SHI
964,台灣,Nc
964,英雄,Na
964,大家,Nh
964,都,D
964,在,D
964,想,VE
964,吃,VC
964,什麼,Nep
964,配,VC
964,球賽,Na
964,/,FW
964,張柏源,Nb
964,世界,Nc
964,棒球,Na
964,經典賽,Na
964,台灣隊,Na
964,延續,VJ
964,擊敗,VC
964,義大利隊,Na
964,的,DE
964,氣勢,Na
964,再度,D
964,打出,VC
964,漂亮仗,Na
964,，,COMMACATEGORY
964,擊敗,VC
964,荷蘭隊,Na
964,拿下,VC
964,預賽,Na
964,第,Neu
964,勝,VH
964,蔡英文,Nb
964,總統,Na
964,在,P
964,臉書,Na
964,發文,VC
964,台灣人,Na
964,都,D
964,在,P
964,想,VE
964,吃,VC
964,什麼,Nep
964,喝,VC
964,什麼,Nep
964,配,VC
964,球賽,Na
964,，,COMMACATEGORY
964,才,Da
964,能,D
964,幫,P
964,台灣,Nc
964,英雄,Na
964,更,Dfa
964,加油,VB
964,也,D
964,謝謝,VJ
964,展現,VC
964,台灣人,Na
964,對,P
964,棒球,Na
964,的,DE
964,熱情,Na
964,，,COMMACATEGORY
964,喊話,VA
964,我們,Nh
964,繼續,VF
964,加油,VB
964,捍衛,VC
964,主場,Na
964,世界,Nc
964,棒球,Na
964,經典賽,Na
964,台灣隊,Na
964,日,Na
964,晚上,Nd
964,與,P
964,荷蘭,Nc
964,交手,VA
964,有,V_2
964,不能,D
964,輸,VD
964,的,DE
964,壓力,Na
964,，,COMMACATEGORY
964,還好,D
964,旅美,VA
964,好手,Na
964,絕對,D
964,忠誠,VH
964,張育成,Nb
964,局,Nc
964,下,Ncd
964,敲出,VC
964,超前,VJ
964,比數,Na
964,滿貫砲,Na
964,，,COMMACATEGORY
964,棒,Na
964,打起,VC
964,球隊,Na
964,士氣,Na
964,，,COMMACATEGORY
964,且,Cbb
964,連戰,Nb
964,開轟,VA
964,，,COMMACATEGORY
964,讓,VL
964,台灣,Nc
964,主場,Na
964,球迷,Na
964,嗨,I
964,翻天,VH
964,，,COMMACATEGORY
964,吳哲源,Nb
964,中繼局,Nc
964,好,VH
964,投,VC
964,，,COMMACATEGORY
964,率隊,VA
964,以,P
964,比,P
964,拿下,VC
964,第,Neu
964,勝,VH
964,日,Nc
964,若,Cbb
964,再,D
964,勝,VH
964,古巴,Nc
964,，,COMMACATEGORY
964,就,D
964,能,D
964,前進,VA
964,東京,Nc
964,蔡英文,Nb
964,寫道,VE
964,恭喜,VJ
964,台灣隊,Na
964,拿下,VC
964,第二,Neu
964,勝,VH
964,，,COMMACATEGORY
964,現場,Nc
964,或,Caa
964,螢幕,Na
964,前,Ncd
964,的,DE
964,台灣人,Na
964,，,COMMACATEGORY
964,都,D
964,在,P
964,想,VE
964,吃,VC
964,什麼,Nep
964,喝,VC
964,什麼,Nep
964,配,VC
964,球賽,Na
964,，,COMMACATEGORY
964,才,Da
964,可以,D
964,幫,P
964,台灣,Nc
964,英雄,Na
964,們,Na
964,更,Dfa
964,加,VC
964,油,Na
964,我,Nh
964,也,D
964,相信,VK
964,，,COMMACATEGORY
964,現在,Nd
964,台灣,Nc
964,最,Dfa
964,熱門,VH
964,的,DE
964,手勢,Na
964,，,COMMACATEGORY
964,定,D
964,是,SHI
964,向,P
964,張育,Nb
964,成,VG
964,致敬,VB
964,的,DE
964,敬禮,VB
964,無論,Cbb
964,是,SHI
964,林立,VH
964,的,DE
964,威力,Na
964,沒有,VJ
964,極限,Na
964,的,DE
964,陳傑憲,Nb
964,，,COMMACATEGORY
964,或是,Caa
964,非常,Dfa
964,賽揚,VH
964,的,DE
964,吳哲源,Nb
964,，,COMMACATEGORY
964,我,Nh
964,們,Na
964,全,Neqa
964,隊,Nf
964,都,D
964,是,SHI
964,台灣,Nc
964,英雄,Na
964,謝謝,VJ
964,展現,VC
964,台灣人,Na
964,對,P
964,棒球,Na
964,的,DE
964,熱情,Na
964,，,COMMACATEGORY
964,我們,Nh
964,繼續,VF
964,加油,VB
964,捍衛,VC
964,主,Na
964,場,Nc
964,副總統,Na
964,賴清德,Nb
964,也,D
964,在,P
964,臉書,Na
964,發文,VC
964,提到,VE
964,，,COMMACATEGORY
964,張育成,Nb
964,擊出,VC
964,滿貫,VH
964,全壘打,Na
964,的,DE
964,時候,Na
964,，,COMMACATEGORY
964,全,Neqa
964,台灣,Nc
964,定,D
964,都,D
964,沸騰,VH
964,了,T
964,，,COMMACATEGORY
964,就,D
964,延續,VJ
964,這,Nep
964,股,Nf
964,氣勢股,Na
964,作氣,VA
964,前進,VA
964,東京,Nc
964,台灣,Nc
964,加油,VB
964,行政院長,Na
964,陳建仁,Nb
964,則,D
964,在,P
964,臉書,Na
964,公布,VE
964,張,Nb
964,他,Nh
964,在,P
964,行政,Na
964,專機,Na
964,前,Ng
964,向,P
964,值勤,VA
964,官兵,Na
964,回禮,VA
964,的,DE
964,舉手禮,Na
964,照片,Na
964,，,COMMACATEGORY
964,並,Cbb
964,透過,P
964,臉書,Na
964,他,Nh
964,向,P
964,所有,Neqa
964,這,Nep
964,幾,Neu
964,天,Nf
964,在,P
964,棒球場,Nc
964,上,Ncd
964,，,COMMACATEGORY
964,奮力,D
964,求勝,VA
964,拚勁,Na
964,十足,VH
964,的,DE
964,台灣,Nc
964,選手,Na
964,們,Na
964,致敬,VB
964,，,COMMACATEGORY
964,高喊,VE
964,繼續,VF
964,加油,VB
964,繼續,VF
964,拚,VC
964,///,FW
965,中華隊,Na
965,在,P
965,亞洲,Nc
965,前,Nes
965,四,Neu
965,沒,VJ
965,什麼,Nep
965,問題,Na
965,那,Dk
965,如果,Cbb
965,在,P
965,加勒比海,Nc
965,那邊,Ncd
965,大概,D
965,排,VG
965,第幾,Neu
965,名,Nf
965,應該,D
965,贏不了,VJ
965,多明尼加,Nc
965,委內瑞拉波多黎各,Nc
965,古巴,Nc
966,中華隊,Na
966,總教練,Na
966,///,FW
966,古巴隊,Na
966,總教練,Na
966,///,FW
966,回家,VA
966,吧,T
966,下,Nes
966,半,Neqa
966,場,Nf
966,沒,D
966,得,D
966,打,VC
966,啦,T
966,此時,Nd
966,此刻,Nd
966,兩,Neu
966,隊,Nf
966,總教練,Na
966,心,Na
966,裡,Ng
966,是,SHI
966,不,D
966,是,SHI
966,這麼,D
966,想,VE
967,欸,I
967,欸,I
967,肥宅,VH
967,小妹,Na
967,我,Nh
967,台大,Nc
967,雖然,Cbb
967,先,D
967,被,P
967,古巴,Nc
967,得分,Na
967,很,Dfa
967,可惜,VH
967,但,Cbb
967,也,D
967,不用,D
967,擔心,VK
967,中華隊,Na
967,小妹,Na
967,我,Nh
967,相信,VK
967,會,D
967,逆轉,VA
967,勝,VH
967,的,DE
967,有,V_2
967,卦,Na
967,嗎,T
968,不,D
968,知道,VK
968,有沒有,D
968,作弊,VA
968,但,Cbb
968,也,D
968,太,Dfa
968,剛好,VH
968,了,T
968,，,COMMACATEGORY
968,被,P
968,主審,Na
968,關切,VJ
968,以後,Ng
968,就,D
968,馬上,D
968,投,VC
968,不,D
968,好,VC
968,換,VC
968,投,VC
968,說,VE
968,不,D
968,舒服,VH
968,結果,VA
968,下去,Di
968,還,D
968,在,P
968,那邊,Ncd
968,開港,VA
968,很,Dfa
968,難,VH
968,不,D
968,被,P
968,懷疑,VK
968,有,V_2
968,鬼,Na
968,說真的,Dk
968,，,COMMACATEGORY
968,打,VC
968,中華隊,Na
968,作弊,VA
968,真的,D
968,沒,VJ
968,必要,VH
968,不,D
968,作弊,VA
968,也樣,D
968,拿,VC
968,分,Nf
968,，,COMMACATEGORY
968,是,SHI
968,要,D
968,怎,D
968,麽,FW
968,輸,VD
969,剛剛,D
969,明明,D
969,就,D
969,是,SHI
969,主審,Na
969,主動,VH
969,去,D
969,檢查,VE
969,的,DE
969,不,D
969,是,SHI
969,中華隊,Na
969,要求,Na
969,的,DE
969,另外,Cbb
969,投手,Na
969,褲子,Na
969,黑黑,VH
969,的,DE
969,要,D
969,怎麼,D
969,解釋,VE
969,，,COMMACATEGORY
969,還,D
969,有,V_2
969,沒,VJ
969,問題,Na
969,的話,Cba
969,幹嘛,D
969,換,VC
969,投手,Na
969,都,D
969,領先,VJ
969,六,Neu
969,分,Nf
969,了,T
969,就,D
969,是,SHI
969,可能,D
969,有,V_2
969,鬼,Na
969,阿,T
969,，,COMMACATEGORY
969,主審,Na
969,也,D
969,沒,D
969,檢查,VE
969,屁股,Na
969,後面,Ncd
969,的,DE
969,口袋,Na
970,從,P
970,第,Neu
970,局,Nf
970,就,D
970,看到,VE
970,堆,Nf
970,腦粉,Na
970,球迷,Na
970,崩潰,VH
970,也,D
970,不,D
970,看看,VC
970,中華隊,Na
970,的,DE
970,褲子,Na
970,也,D
970,會,D
970,抹,VC
970,黑色,Na
970,的,DE
970,有,V_2
970,沒,D
970,有,V_2
970,台灣人,Na
970,輸,VD
970,了,Di
970,就,D
970,開始,VL
970,找,VC
970,藉口,Na
970,的,DE
970,八卦,Na
971,打贏,VC
971,義大利,Nc
971,我,Nh
971,發,VD
971,文臭,Na
971,中華,Nc
971,結果,Dk
971,昨晚,Nd
971,荷蘭,Nc
971,就,D
971,打,VC
971,我,Nh
971,臉,Na
971,想,VE
971,說,VE
971,我,Nh
971,就,D
971,不,D
971,嘴,Na
971,了,T
971,剛剛,D
971,打開,VC
971,網路,Na
971,新聞,Na
971,靠,VJ
971,杯,Na
971,是,SHI
971,不,D
971,是,SHI
971,欠臭,VH
971,阿,T
972,如,P
972,題,Na
972,，,COMMACATEGORY
972,湘北隊,Nb
972,打完,VC
972,山王,Na
972,後,Ng
972,，,COMMACATEGORY
972,沒有,VJ
972,適當,VH
972,的,DE
972,休息,VA
972,，,COMMACATEGORY
972,對上,VC
972,愛,Na
972,和,Caa
972,學院,Nc
972,輸球,VH
972,現在,Nd
972,中華隊,Na
972,是,SHI
972,不,D
972,是,SHI
972,也,D
972,面臨,VK
972,這樣,VH
972,的,DE
972,處境,Na
972,沒辦法,VI
972,好好,D
972,休整,VA
972,，,COMMACATEGORY
972,加上,Cbb
972,賽制,Na
972,關係,Na
972,很多,Neqa
972,好,VH
972,投手,Na
972,沒辦法,VI
972,上場,VA
972,其實,D
972,輸,VD
972,了,Di
972,也,D
972,不,D
972,意外,VK
972,了,T
972,，,COMMACATEGORY
972,還是,D
972,感謝,VK
972,中華隊,Na
972,選手,Na
972,的,DE
972,奮力,D
972,拚搏,Nv
972,才,Da
972,有,V_2
972,辦法,Na
972,看到,VE
972,精采,VH
972,比賽,Na
973,啊,I
973,人家,Nh
973,抹,VC
973,你,Nh
973,不會,D
973,抹,VC
973,嗎,T
973,台灣人,Na
973,這麼,D
973,愛,VL
973,鑽,VC
973,空子,Na
973,，,COMMACATEGORY
973,違停,VC
973,插隊,VA
973,關說,VC
973,賄選,VA
973,堆,VC
973,不,D
973,按,VC
973,規定,Na
973,亂幹,VA
973,的,DE
973,人,Na
973,，,COMMACATEGORY
973,大家,Nh
973,都,D
973,知道,VK
973,守,VC
973,規矩,Na
973,就,D
973,是,SHI
973,被,P
973,吃,VC
973,得,DE
973,死死,VH
973,的,T
973,，,COMMACATEGORY
973,所以,Cbb
973,大家,Nh
973,都,D
973,開始,VL
973,無視,VJ
973,規定,Na
973,，,COMMACATEGORY
973,可是,Cbb
973,怎麼,D
973,在,P
973,打,VC
973,棒球,Na
973,時,Ng
973,就,D
973,變成,VG
973,正義,Na
973,魔人,Na
973,要,D
973,問,VE
973,的,DE
973,是,SHI
973,中華隊,Na
973,為什麼,D
973,不,D
973,抹,VC
973,油,Na
973,才,Da
973,對,VH
973,吧,T
974,中華隊,Na
974,現在,Nd
974,落後,VJ
974,分,VC
974,換,VC
974,林志傑,Nb
974,或,Caa
974,田壘,Nb
974,上,Ncd
974,去,D
974,飆,VHC
974,兩,Neu
974,顆,Nf
974,三分球,Na
974,就,D
974,好,VH
974,了,T
974,其實,D
974,不,D
974,難,VH
974,追,VC
974,現在,Nd
974,放棄,VC
974,的話,Cba
974,比賽,Na
974,就,D
974,結束,VHC
974,了,T
975,現在,Nd
975,要,D
975,請,VF
975,台籃,Na
975,的,DE
975,啦啦隊,Na
975,進場,VA
975,在,P
975,本壘,Na
975,後,Ng
975,方,Ncd
975,字馬,Na
975,還是,D
975,抖,VAC
975,屁股,Na
975,來,D
975,影響,VC
975,古巴隊,Na
975,的,DE
975,投手,Na
975,讓,VL
975,投手,Na
975,分心,VH
975,投,VC
975,不,D
975,好,VC
975,投空,VA
975,心球,Na
975,投,VC
975,麵包球,Na
975,這樣,VH
975,中華隊,Na
975,打者,Na
975,應該,D
975,有,V_2
975,機會,Na
975,吧,T
975,該,D
975,請,VF
975,啦啦隊,Na
975,來,VA
975,字馬,Na
975,抖,VAC
975,屁股,Na
975,了,T
976,這,Nep
976,次,Nf
976,比賽,Na
976,中華隊,Na
976,打,VC
976,得,DE
976,不,D
976,差,VH
976,給,VD
976,個,Di
976,但,Cbb
976,今天,Nd
976,局,Nc
976,下,Ncd
976,的,DE
976,爆傳壘,Na
976,要是,Cbb
976,沒,VJ
976,失誤,Na
976,的話,Cba
976,是,SHI
976,不,D
976,是,SHI
976,就,D
976,沒有,VJ
976,後面,Ncd
976,的,DE
976,失分,Na
976,發生,VJ
976,了,T
976,啊,T
976,不,D
976,怪,VK
976,球員,Na
976,昨天,Nd
976,打完,VC
976,接,VC
976,中午,Nd
976,休息,VA
976,不,D
976,夠,VH
976,和,Caa
976,陽光,Na
976,溫度,Na
976,對,P
976,體力,Na
976,負荷,Na
976,都,D
976,很,Dfa
976,大,VH
976,無論如何,Dk
976,都,D
976,給,VD
976,個,Di
976,掌聲,Na
976,謝謝,VJ
976,中華隊,Na
977,安安,Nb
977,大家,Nh
977,好,VH
977,奇怪,VK
977,支持,VC
977,中華隊,Na
977,什麼,Nep
977,時候,Na
977,變成,VG
977,綠蛙,Na
977,太,Dfa
977,扯,VC
977,了,T
977,吧,T
977,有,V_2
977,必要,Na
977,搞,VC
977,意識,Na
977,形態,Na
977,鬥爭,VC
977,成,VG
977,這樣,VH
977,有,V_2
977,木,Na
977,有,V_2
977,八卦,Na
978,你,Nh
978,各位,Nh
978,蛙民,Na
978,們,Na
978,再,D
978,邱,Nb
978,啊,T
978,蛤,Na
978,三,Neu
978,小,VH
978,中華隊,Na
978,啊,T
978,下子,Na
978,就,D
978,被,P
978,打爆,VC
978,六,Neu
978,分,Nf
978,還,D
978,不到,VJ
978,五,Neu
978,局,Nf
978,ㄟ,FW
978,大哥,Na
978,再,D
978,邱,Nb
978,啊,I
978,準,D
978,被,P
978,吞,VC
978,蛋,Na
978,吧,T
978,還,D
978,妄想,VE
978,前進,VA
978,東京,Nc
978,果然,D
978,第,Neu
978,場,Nf
978,不,D
978,看好,VJ
978,是,SHI
978,對,VH
978,的,DE
979,十,Neu
979,年,Nf
979,前,Ng
979,古巴,Nc
979,在,P
979,日本,Nc
979,提前,VB
979,七,Neu
979,局,Nf
979,以,P
979,擊敗,VC
979,中華隊,Na
979,十,Neu
979,年,Nf
979,後,Ng
979,的,DE
979,今天,Nd
979,在,P
979,臺灣,Nc
979,前,Nes
979,二,Neu
979,局,Nf
979,古巴,Nc
979,就,D
979,以,P
979,大幅,D
979,領先,VJ
979,中華隊,Na
979,這樣,VH
979,看下來,VA
979,感覺,VK
979,又,D
979,要,D
979,重演,VC
979,十,Neu
979,年,Nf
979,前,Ng
979,的,DE
979,場景,Na
979,了,T
979,還是,Caa
979,中華隊,Na
979,有,V_2
979,機會,Na
979,絕地,Nc
979,大,VH
979,反攻,VC
980,超級,Dfa
980,難看,VH
980,媽,Na
980,~~,FW
980,你,Nh
980,看,VE
980,他們,Nh
980,啦,T
980,讓,VL
980,我,Nh
980,打,VC
980,不,D
980,到,VC
980,不管,Cbb
980,啦,T
980,他們,Nh
980,定有,VJ
980,鬼,Na
980,中華隊,Na
980,世界,Nc
980,無敵,VH
980,強,VH
980,怎麼,D
980,可能,D
980,摸,VC
980,不,D
980,到,VC
980,他們,Nh
980,怎麼,D
980,隨便,VH
980,打,VC
980,都,D
980,出,VC
980,牆,Na
980,你,Nh
980,看,VC
980,褲子,Na
980,黑黑,VH
980,的,DE
980,還,D
980,換投,VC
980,就,D
980,是,SHI
980,心虛,VH
980,所以,Cbb
980,台灣,Nc
980,的,DE
980,下步,Na
980,就,D
980,是,SHI
980,提出,VC
980,比賽,Na
980,無效,VH
980,之,DE
980,訴,VC
980,吧,T
981,乳題,Na
981,如果,Cbb
981,中華隊,Na
981,的,DE
981,總教練,Na
981,是,SHI
981,安西,Nc
981,教練,Na
981,的話,Cba
981,中華隊,Na
981,還,D
981,有,V_2
981,救,VC
981,嗎,T
981,另外,Cbb
981,中華隊,Na
981,的,DE
981,三井壽,Nb
981,是,SHI
981,誰,Nh
981,呢,T
982,//////,FW
982,中華隊,Na
982,在,P
982,世界,Nc
982,棒球,Na
982,經典賽,Na
982,，,COMMACATEGORY
982,昨天,Nd
982,再,D
982,以,P
982,比,P
982,擒下,VC
982,荷蘭隊,Na
982,台北市長,Na
982,蔣萬安,Nb
982,今天,Nd
982,上午,Nd
982,公開,VHC
982,行程,Na
982,受,P
982,訪,VC
982,說,VE
982,，,COMMACATEGORY
982,他,Nh
982,已經,D
982,準備好,VC
982,了,Di
982,祭,VC
982,品文,Na
982,，,COMMACATEGORY
982,媒體,Na
982,今天,Nd
982,也,D
982,問,VE
982,蔣萬安,Nb
982,，,COMMACATEGORY
982,今天,Nd
982,早,D
982,有沒有,D
982,先,D
982,乾下,VC
982,古巴,Nc
982,咖啡,Na
982,蔣萬安,Nb
982,馬上,D
982,說,VE
982,，,COMMACATEGORY
982,有,V_2
982,，,COMMACATEGORY
982,等下,D
982,找,VC
982,機會,Na
982,喝下,VC
982,古巴,Nc
982,咖啡,Na
982,，,COMMACATEGORY
982,把,P
982,它,Nh
982,喝爆,VC
982,，,COMMACATEGORY
982,中華隊,Na
982,定,D
982,要,D
982,贏,VD
982,古巴,Nc
982,，,COMMACATEGORY
982,定,D
982,前進,VA
982,東京,Nc
982,，,COMMACATEGORY
982,大家,Nh
982,集氣,VA
982,加油,VB
982,蔣萬安,Nb
982,說,VE
982,，,COMMACATEGORY
982,他,Nh
982,昨天,Nd
982,行程,Na
982,當中,Ng
982,也,D
982,有,V_2
982,看,VC
982,轉播,VC
982,，,COMMACATEGORY
982,尤其,D
982,張育成,Nb
982,的,DE
982,滿貫砲,Na
982,，,COMMACATEGORY
982,我,Nh
982,都,D
982,要,D
982,掉淚,VA
982,了,Di
982,，,COMMACATEGORY
982,還,D
982,有,V_2
982,對,P
982,義大利,Nc
982,那,Nep
982,場,Nf
982,，,COMMACATEGORY
982,我,Nh
982,單純,VH
982,看,VC
982,直播,VC
982,，,COMMACATEGORY
982,昨天,Nd
982,也,D
982,有,V_2
982,很多,Neqa
982,人,Na
982,吃,VC
982,荷包蛋,Na
982,蔣萬安,Nb
982,今天,Nd
982,早,D
982,出席,VC
982,國際,Nc
982,自由車,Na
982,環台賽,Na
982,台北,Nc
982,市站,Nc
982,行程,Na
982,，,COMMACATEGORY
982,對於,P
982,今天,Nd
982,中華隊,Na
982,將,P
982,戰古巴,Na
982,，,COMMACATEGORY
982,蔣,Nb
982,萬安,VH
982,也,D
982,跟進,VA
982,發祭,VC
982,品文,Na
982,，,COMMACATEGORY
982,中午,Nd
982,我們,Nh
982,贏,VD
982,了,Di
982,古巴,Nc
982,，,COMMACATEGORY
982,就,D
982,會,D
982,前進,VA
982,東京,Nc
982,，,COMMACATEGORY
982,我,Nh
982,就,D
982,會,D
982,發,VD
982,五百,Neu
982,分,Nf
982,雞排,Na
982,蔣萬安,Nb
982,早,D
982,也,D
982,在,P
982,臉書,Na
982,提到,VE
982,，,COMMACATEGORY
982,中華隊,Na
982,前進,VA
982,東京,Nc
982,就,D
982,差,VH
982,這,Nep
982,勝,VH
982,今天,Nd
982,中午點,Na
982,對,P
982,古巴,Nc
982,這,Nep
982,場,Nf
982,比賽,Na
982,，,COMMACATEGORY
982,是,SHI
982,我們,Nh
982,晉級,VJ
982,複賽,Na
982,的,DE
982,關鍵役,Na
982,，,COMMACATEGORY
982,必需,D
982,贏下,VJ
982,有空,VH
982,的,DE
982,朋友,Na
982,，,COMMACATEGORY
982,定,D
982,要,VE
982,世界,Nc
982,棒球,Na
982,經典,Na
982,賽,VJ
982,直播派,Na
982,對,VC
982,走走,VA
982,，,COMMACATEGORY
982,繼續,VF
982,為,P
982,中華隊,Na
982,集氣,VA
982,蔣,Nb
982,說,VE
982,，,COMMACATEGORY
982,前天,Nd
982,答應,VE
982,大家,Nh
982,的,DE
982,祭品文,Na
982,來,VA
982,了,Di
982,如果,Cbb
982,今天,Nd
982,中華隊,Na
982,贏下,VJ
982,古巴,Nc
982,，,COMMACATEGORY
982,順利,VH
982,前往,VCL
982,東京,Nc
982,，,COMMACATEGORY
982,我,Nh
982,就,D
982,發放,VD
982,份,Nf
982,雞排,Na
982,慶祝,VE
982,蔣,Nb
982,也,D
982,在,P
982,文,Na
982,末,Ncd
982,標註好,VC
982,想,VE
982,贏,VD
982,古巴,Nc
982,聯合報,Nb
982,/,FW
982,記者,Na
982,林麗玉,Nb
983,肥宅,VH
983,前,Nes
983,幾,Neu
983,天,Nf
983,都,D
983,沒有,D
983,買,VC
983,運彩,VA
983,直到,P
983,中華隊,Na
983,贏,VD
983,了,Di
983,兩,Neu
983,場,Nf
983,，,COMMACATEGORY
983,覺得,VK
983,贏面,Na
983,應該,D
983,很,Dfa
983,大,VH
983,早上,Nd
983,興沖沖,VH
983,的,DE
983,去,D
983,買,VC
983,了,Di
983,中華隊,Na
983,贏,VD
983,結果,Dk
983,剛,D
983,開,VC
983,螢幕,Na
983,，,COMMACATEGORY
983,看到,VE
983,古巴,Nc
983,分數,Na
983,大幅度,A
983,領先,VJ
983,本來,D
983,想,VE
983,贏,VD
983,獎金,Na
983,的,T
983,，,COMMACATEGORY
983,現在,Nd
983,只,Da
983,能,D
983,當,VG
983,公益,Na
983,獎金,Na
983,嗎,T
983,乾,VH
983,///,FW
984,熱血,Na
984,沸騰,VH
984,的,DE
984,擊,VC
984,根本,D
984,眼淚,Na
984,都,D
984,快,D
984,噴出來,VAC
984,了,Di
984,這,Nep
984,次,Nf
984,的,DE
984,經典賽,Na
984,看,VC
984,的,DE
984,超,Dfa
984,感動,VHC
984,的,DE
984,對,VH
984,吧,T
984,這,Nep
984,屆,Nf
984,的,DE
984,中華隊,Na
984,可以,D
984,稱為,VG
984,最,Dfa
984,強,VH
984,世代,Na
984,有,V_2
984,人,Na
984,反對,VE
984,嗎,T
985,相隔,VH
985,十,Neu
985,年,Nf
985,了,T
985,，,COMMACATEGORY
985,當年,Nd
985,被,P
985,古巴,Nc
985,打到,VC
985,失智,VH
985,，,COMMACATEGORY
985,被,P
985,十,Neu
985,年,Nf
985,後,Ng
985,的,DE
985,今天,Nd
985,，,COMMACATEGORY
985,目前,Nd
985,比,P
985,落後,VJ
985,，,COMMACATEGORY
985,再度,D
985,被,P
985,的,DE
985,機會,Na
985,到底,D
985,高,VH
985,不,D
985,高,VH
985,賽程,Na
985,真的,D
985,對,P
985,中華隊,Na
985,太,Dfa
985,不利,VK
985,了,T
985,，,COMMACATEGORY
985,如果,Cbb
985,今天,Nd
985,是,SHI
985,晚場,Na
985,，,COMMACATEGORY
985,肯定,VK
985,現在,Nd
985,還,D
985,是,SHI
985,零,Neu
985,比,VC
985,零,Neu
985,的,DE
985,僵局,Na
986,有,V_2
986,期待,VK
986,中華隊,Na
986,就,D
986,會,D
986,烙塞,VC
986,現在,Nd
986,看來,D
986,輸給,VD
986,巴拿馬,Nc
986,真的,D
986,是,SHI
986,止步,VA
986,預賽,Na
986,最,Dfa
986,大,VH
986,敗因,Na
986,然後,D
986,二三,Neu
986,場,Nf
986,遇到,VC
986,實力,Na
986,較,Dfa
986,好,VH
986,的,DE
986,義荷,Na
986,沒,VJ
986,啥,Nep
986,期待,VK
986,卻,D
986,大,VH
986,爆發,VJ
986,帶,VC
986,著,Di
986,期待,VK
986,要,D
986,來,D
986,打,VC
986,古巴,Nc
986,拿,VC
986,三,Neu
986,連勝,VH
986,結果,Dk
986,打線,VA
986,完全,D
986,熄火,VH
986,真的,D
986,猜,VE
986,不,D
986,投,VC
986,你,Nh
986,阿,T
986,中華隊,Na
987,我,Nh
987,是,SHI
987,標準日,Nd
987,球迷,Na
987,八卦版,Na
987,棒球,Na
987,酸民,Na
987,喇,D
987,跟,P
987,那些,Neqa
987,鼓勵派,Na
987,不樣,VH
987,剛才,Nd
987,我,Nh
987,朋友,Na
987,直,D
987,傳賴,VE
987,給,P
987,我,Nh
987,崩潰,VH
987,說,VE
987,古巴,Nc
987,雖然,Cbb
987,開始,VL
987,演,VC
987,很,Dfa
987,大,VH
987,但,Cbb
987,最近,Nd
987,幾,Neu
987,場,Nf
987,打線,VA
987,超猛,VH
987,還,D
987,說,VE
987,什麼,Nep
987,中華隊,Na
987,該,D
987,贏,VD
987,巴拿馬,Nc
987,沒,D
987,贏,VD
987,現在,Nd
987,對,P
987,戰古巴,Na
987,還,D
987,失誤,VA
987,連連,VH
987,打線,VA
987,熄火,VH
987,看來,D
987,晉級,VJ
987,無望,VH
987,了,T
987,我,Nh
987,看,VE
987,他,Nh
987,打給,VD
987,賴我,Nh
987,大段,Nc
987,我,Nh
987,就,D
987,簡短,VH
987,回答,VE
987,不,D
987,意外,VK
987,然後,D
987,他,Nh
987,就,D
987,直接,VH
987,已,D
987,讀,VC
987,不,D
987,回,VC
987,了,Di
987,可憐,VHC
987,吶,T
988,原本,D
988,目標,Na
988,是,SHI
988,勝,VH
988,而已,T
988,但,Cbb
988,爆氣,Na
988,打,VC
988,了,Di
988,勝,VH
988,而且,Cbb
988,都,D
988,是,SHI
988,經典,Na
988,逆轉,VA
988,勝,VH
988,夠,VH
988,電視台,Nc
988,重播,VHC
988,年,Na
988,了,T
988,雖然,Cbb
988,墊底,VH
988,出局,VH
988,但,Cbb
988,這,Nep
988,兩,Neu
988,天,Nf
988,大家,Nh
988,也,D
988,心滿意足,VH
988,了,T
988,吧,T
988,謝謝,VJ
988,您,Nh
988,中華隊,Na
988,四,Neu
988,年,Nf
988,後,Ng
988,再見,VB
989,筋疲力盡,VH
989,的,DE
989,中華隊,Na
989,打線,VA
989,發球機,Na
989,等級,Na
989,的,DE
989,投手,Na
989,群,Na
989,根本,D
989,不用,D
989,抹油,VA
989,齁白,Nb
989,作弊,VA
989,了,Di
989,只,Da
989,能,D
989,說,VE
989,看到,VE
989,中華隊,Na
989,勝,VH
989,已經,D
989,滿意,VK
989,了,Di
989,讓,VL
989,我,Nh
989,這,Nep
989,日,Nf
989,球迷,Na
989,連續,D
989,爽,VH
989,兩,Neu
989,天,Nf
989,今天,Nd
989,就,P
989,佛心,Na
989,加油,VB
989,看,VE
989,他們,Nh
989,奮,VH
989,戰,VA
989,到,P
989,最後,Nd
989,刻,VC
990,這,Nep
990,次,Nf
990,台灣,Nc
990,派出,VC
990,的,DE
990,中華隊,Na
990,與,Caa
990,台灣隊,Na
990,可以,D
990,說,VE
990,是,SHI
990,很,Dfa
990,聰明,VH
990,的,DE
990,戰術,Na
990,中華隊,Na
990,專門,VL
990,輸,VD
990,，,COMMACATEGORY
990,台灣隊,Na
990,專門,VL
990,贏,VD
990,只要,Cbb
990,負面,Na
990,的,DE
990,影響,Na
990,就,D
990,叫,VG
990,中華隊,Na
990,就,D
990,跟,P
990,華國,Nb
990,美學,Na
990,樣,Na
990,正面,Na
990,影響,Na
990,的,DE
990,就,D
990,叫,VG
990,台灣隊,Na
990,例如,P
990,台灣,Nc
990,之,DE
990,光樣,Na
990,各位,Nh
990,，,COMMACATEGORY
990,你,Nh
990,說,VE
990,這樣,Dfa
990,聰不聰明,VH
990,啊,T
991,感覺,VK
991,中華隊,Na
991,涼,VH
991,去,VCL
991,了,Di
991,阿,T
991,只,Da
991,差,VH
991,有沒有,D
991,被,P
991,提前,VB
991,怎,D
991,到,P
991,現在,Nd
991,還,D
991,沒,D
991,敢,VL
991,丟,VC
991,祭品,Na
991,看起來,D
991,怎樣,D
991,都,D
991,定,D
991,不會,D
991,實現,VC
991,阿,T
992,肥宅,Na
992,我,Nh
992,以前,Nd
992,是,SHI
992,為了,P
992,看,VC
992,啦啦隊,Na
992,衝,VA
992,棒球場,Nc
992,啦,T
992,最近,Nd
992,看,VC
992,球,Na
992,是,SHI
992,周,Nb
992,遭,P
992,同事,Na
992,開,VC
992,賭盤,Na
992,慫恿,VF
992,現在,Nd
992,隨時,D
992,都,D
992,在,P
992,討論,VE
992,比,P
992,分,VC
992,賭盤,Na
992,所以,Cbb
992,偶爾,D
992,會,D
992,上網,VA
992,看下,VC
992,簡單,VH
992,說,VE
992,就,D
992,是,SHI
992,色,Na
992,與,Caa
992,賭,VE
992,科科,Nc
992,///,FW
993,經典賽,Na
993,台灣,Nc
993,球迷,Na
993,熱情,VH
993,應援,VC
993,太,Dfa
993,大聲,VH
993,古巴,Nc
993,教練團,Na
993,不滿,VK
993,抗議,VE
993,聯合報,Nb
993,攝影,Na
993,中心,Nc
993,記者,Na
993,黃仲裕,Nb
993,台中,Nc
993,即時,D
993,報導,VE
993,經典賽,Na
993,世界,Nc
993,棒球,Na
993,經典賽,Na
993,今天,Nd
993,在,P
993,台中,Nc
993,洲際,Nc
993,棒球場,Nc
993,舉行,VC
993,中華,Nc
993,對決,VA
993,古巴,Nc
993,的,DE
993,比賽,Na
993,，,COMMACATEGORY
993,球迷,Na
993,到場,VA
993,高舉,VC
993,看板,Na
993,加油,VB
993,記者,Na
993,黃仲裕,Nb
993,攝影,Na
993,世界,Nc
993,棒球,Na
993,經典賽,Na
993,今天,Nd
993,中午,Nd
993,在,P
993,台中,Nc
993,洲際,Nc
993,棒球場,Nc
993,舉行,VC
993,中華,Nc
993,對決,VA
993,古巴,Nc
993,的,DE
993,比賽,Na
993,，,COMMACATEGORY
993,由於,Cbb
993,台式,A
993,應援,VC
993,太,Dfa
993,大聲,VH
993,，,COMMACATEGORY
993,古巴,Nc
993,有些,Neqa
993,水土不服,VH
993,曾,D
993,反應,VE
993,音量,Na
993,問題,Na
993,，,COMMACATEGORY
993,不過,Cbb
993,由於,Cbb
993,沒有,D
993,違反,VJ
993,賽事,Na
993,規則,Na
993,，,COMMACATEGORY
993,所以,Cbb
993,球迷,Na
993,仍舊,D
993,照常,VH
993,為,P
993,中,Nc
993,華加油,Na
993,，,COMMACATEGORY
993,熱情,Na
993,不,D
993,減,VJ
993,世界,Nc
993,棒球,Na
993,經典賽,Na
993,今天,Nd
993,在,P
993,台中,Nc
993,洲際,Nc
993,棒球場,Nc
993,舉行,VC
993,中華,Nc
993,對決,VA
993,古巴,Nc
993,的,DE
993,比賽,Na
993,，,COMMACATEGORY
993,球迷,Na
993,向,P
993,張育成,Nb
993,敬禮,VB
993,致意,VB
993,記者,Na
993,黃仲裕,Nb
993,攝影,Na
993,世界,Nc
993,棒球,Na
993,經典賽,Na
993,//////,FW
993,_,FW
994,贏,VD
994,球,Na
994,超商,Nc
994,咖啡,Na
994,買送,VD
994,那,Dk
994,輸球,VH
994,鍋貼,Na
994,店,Nc
994,也,D
994,該,D
994,噱波,VC
994,了,T
994,吧,T
994,中華隊,Na
994,輸球,VH
994,，,COMMACATEGORY
994,今日,Nd
994,鍋貼,Na
994,買,VC
994,五,Neu
994,送,VD
994,有,V_2
994,料,Na
994,ㄇ,FW
995,如,P
995,題,Na
995,支持,VC
995,古巴隊,Na
995,今天,Nd
995,棒球,Na
995,古巴隊,Na
995,贏,VD
995,台灣隊,Na
995,中華隊,Na
995,的話,Cba
995,我,Nh
995,去,VCL
995,日本,Nc
995,古巴,Nc
995,大使館,Nc
995,前面,Ncd
995,裸奔,VA
995,追加,VC
995,請,VF
995,在,P
995,日本,Nc
995,的,DE
995,台灣,Nc
995,鄉民,Na
995,古巴,Nc
995,三明治,Na
995,好了,T
995,是否,D
995,有,V_2
995,專板,Na
995,本板,Na
995,並非,D
995,萬能,VH
995,問板,VA
995,三,Neu
995,則,Nf
995,本,Nes
995,看板,Na
995,嚴格,VH
995,禁止,VE
995,政治,Na
995,問卦,Na
995,未滿,VJ
995,繁體,Na
995,中文字,Na
995,水桶,Na
995,個,DE
995,月,Na
995,未滿,VJ
995,繁體,Na
995,中文字,Na
995,水桶,Na
995,個,DE
995,月,Na
995,未滿,VJ
995,繁體,Na
995,中文字,Na
995,水桶,Na
995,個,Nf
995,月,Na
995,，,COMMACATEGORY
995,嚴重,VH
995,者,Na
995,以,P
995,鬧板論,Na
996,影戰,Na
996,古巴,Nc
996,拚強,VC
996,蔡英文,Nb
996,振臂,D
996,高呼,VE
996,中華隊,Na
996,加油,VB
996,陳建仁,Nb
996,也,D
996,盼,VK
996,前進,VA
996,東京,Nc
996,年,Na
996,世界,Nc
996,棒球,Na
996,經典賽,Na
996,，,COMMACATEGORY
996,中華,Nc
996,代表隊,Na
996,接連,D
996,擊敗,VC
996,義大利,Nc
996,與,Caa
996,荷蘭隊,Na
996,，,COMMACATEGORY
996,若,Cbb
996,擊敗,VC
996,古巴隊,Na
996,就,D
996,能,D
996,拿到,VC
996,強,VH
996,門票,Na
996,蔡英文,Nb
996,總統,Na
996,行政院長,Na
996,陳建仁,Nb
996,今,Nd
996,到,VCL
996,南投,Nc
996,參加,VC
996,植樹,VA
996,活動,Na
996,時,Ng
996,談到,VE
996,棒球,Na
996,，,COMMACATEGORY
996,蔡英文,Nb
996,振臂,D
996,高,VH
996,喊,VE
996,中華隊,Na
996,加油,VB
996,，,COMMACATEGORY
996,陳建仁,Nb
996,則,D
996,盼,VK
996,能,D
996,戰勝,VC
996,古巴,Nc
996,，,COMMACATEGORY
996,前進,VA
996,東京,Nc
996,中華,Nc
996,代表隊,Na
996,在,P
996,經典賽,Na
996,首,Nes
996,戰,Na
996,雖,Cbb
996,敗給,VJ
996,巴拿馬,Nc
996,，,COMMACATEGORY
996,但,Cbb
996,接連,VJ
996,天力克,Nb
996,義大利,Nc
996,及,Caa
996,荷蘭,Nc
996,，,COMMACATEGORY
996,我國隊,Na
996,上,Ncd
996,第棒,DM
996,的,DE
996,壘手,Na
996,張育成,Nb
996,更,Dfa
996,是,SHI
996,連,Cbb
996,兩,Neu
996,場,Nf
996,開轟,VA
996,，,COMMACATEGORY
996,蔡英文,Nb
996,陳建仁,Nb
996,昨晚,Nd
996,都,D
996,在,P
996,臉書,Na
996,發文,VC
996,，,COMMACATEGORY
996,並,Cbb
996,搭上,VC
996,近期,Nd
996,最,Dfa
996,熱門,VH
996,的,DE
996,敬禮梗,Na
996,向,P
996,選手,Na
996,致敬,VB
996,，,COMMACATEGORY
996,兩,Neu
996,人,Na
996,今天,Nd
996,也,D
996,再,D
996,為,P
996,中華隊,Na
996,加油,VB
996,蔡英文,Nb
996,總統,Na
996,陳建仁,Nb
996,今,Nd
996,到,VCL
996,南投,Nc
996,草屯,Nc
996,鳥嘴潭,Nc
996,參加,VC
996,森活圈,Nc
996,植樹,VA
996,活動,Na
996,，,COMMACATEGORY
996,陳建仁,Nb
996,活動,Na
996,前,Ng
996,受,P
996,訪,VC
996,表,Na
996,示,VE
996,，,COMMACATEGORY
996,昨天,Nd
996,全程,D
996,看完,VC
996,比賽,Na
996,，,COMMACATEGORY
996,很,Dfa
996,希望,VK
996,今天,Nd
996,能夠,D
996,戰勝,VC
996,古巴,Nc
996,，,COMMACATEGORY
996,讓,VL
996,中華隊,Na
996,能夠,D
996,前進,VA
996,東京,Nc
996,，,COMMACATEGORY
996,繼續,VF
996,爭取,VC
996,更,Dfa
996,好,VH
996,的,DE
996,佳績,Na
996,，,COMMACATEGORY
996,所有,Neqa
996,國人,Na
996,同胞,Na
996,起集氣,VA
996,，,COMMACATEGORY
996,為,P
996,選手,Na
996,加油,VB
996,，,COMMACATEGORY
996,中華隊,Na
996,加油,VB
996,蔡英文,Nb
996,則,D
996,是,SHI
996,在,P
996,活動,Na
996,結束,VHC
996,，,COMMACATEGORY
996,要,D
996,離開,VC
996,前,Ng
996,聽到,VE
996,媒體,Na
996,提問,VC
996,要不要,D
996,為,P
996,中華隊,Na
996,加油,VB
996,，,COMMACATEGORY
996,她,Nh
996,開心,VH
996,的,DE
996,舉起,VC
996,右手,Na
996,握,VC
996,拳,Na
996,振臂,D
996,高呼,VE
996,中華隊,Na
996,加油,VB
996,，,COMMACATEGORY
996,隨後,Nd
996,在,P
996,大,VH
996,批,Nf
996,維安,Na
996,人員,Na
996,的,DE
996,簇擁,VC
996,下,Ng
996,離去,VA
996,聯合報,Nb
996,記者,Na
996,賴香珊,Nb
996,//////,FW
996,謝謝,VJ
996,總統,Na
996,百,Neu
996,忙,Na
996,之中,Ng
996,還,D
996,關心,VK
996,國內,Nc
996,棒球賽,Na
996,事,Na
997,若,Cbb
997,贏,VD
997,球,Na
997,要,D
997,飛去,VCL
997,日本,Nc
997,堆,VC
997,人,Na
997,又,D
997,往,P
997,日本,Nc
997,旅遊,VA
997,國旅,Na
997,又,D
997,沒,VJ
997,人,Na
997,要,D
997,玩,VC
997,了,Di
997,而,Cbb
997,無法,D
997,親自,D
997,前往,VCL
997,日本,Nc
997,的,DE
997,台灣人,Na
997,上班,VA
997,又,D
997,當,VG
997,起,Di
997,薪水,Na
997,小偷,Na
997,每,Nes
997,天,Nf
997,都,D
997,在,D
997,關心,VK
997,中華隊,Na
997,的,DE
997,戰績,Na
997,要不然,Cbb
997,就,D
997,是,SHI
997,熬夜,VA
997,看,VC
997,棒球,Na
997,第二,Neu
997,天,Nf
997,上班,VA
997,昏昏沈沈,VH
997,的,DE
997,讓,VL
997,公司,Nc
997,的,DE
997,產值,Na
997,下降,VA
997,影響,VC
997,產品,Na
997,出貨,VA
997,對,P
997,台灣,Nc
997,整體,Na
997,經濟,Na
997,來,D
997,說,VE
997,中華隊,Na
997,輸錢,VH
997,對,P
997,台灣,Nc
997,才,Da
997,是,SHI
997,好事,Na
997,吧,T
997,今天,Nd
997,週日,Nd
997,看完,VC
997,這,Nep
997,場,Nf
997,剛好,Da
997,收心,VA
997,迎接,VC
997,明日,Nd
997,的,DE
997,上班,VA
997,因為,Cbb
997,沒,VJ
997,我們,Nh
997,的,DE
997,事,Na
997,了,T
997,台灣人,Na
997,繼續,VF
997,為了,P
997,台灣,Nc
997,的,DE
997,努力,Nv
997,有,V_2
997,沒,D
997,有,V_2
997,八卦,Na
998,媒體,Na
998,來源,Na
998,記者,Na
998,署名,VC
998,皮心瑀,Nb
998,完整,VH
998,新聞,Na
998,標題,Na
998,侯友宜,Nb
998,狂嗑,VH
998,古巴,Nc
998,三明治,Na
998,助攻,VA
998,中華隊,Na
998,祭,VC
998,品文,Na
998,來,VA
998,了,Di
998,完整,VH
998,新聞,Na
998,內文,Na
998,記者,Na
998,皮心瑀,Nb
998,新北,Nc
998,報導,VE
998,世界,Nc
998,棒球,Na
998,經典賽,Na
998,於,P
998,台中,Nc
998,洲際,Nc
998,棒球場,Nc
998,開打,VH
998,，,COMMACATEGORY
998,中華隊,Na
998,日,Nd
998,對上,VC
998,古巴隊,Na
998,，,COMMACATEGORY
998,若,Cbb
998,勝出,VH
998,將,D
998,成功,VH
998,拿到,VC
998,強,VH
998,門票,Na
998,新北,Nc
998,市長,Na
998,侯友宜,Nb
998,表示,VE
998,，,COMMACATEGORY
998,自己,Nh
998,今天,Nd
998,午餐,Na
998,才,Da
998,把,P
998,整,Neqa
998,份,Nf
998,熱壓,VC
998,古巴,Nc
998,三明治,Na
998,吃光光,VB
998,，,COMMACATEGORY
998,只要,Cbb
998,中華隊,Na
998,贏,VD
998,了,Di
998,古巴,Nc
998,，,COMMACATEGORY
998,晉級,VJ
998,八,Neu
998,強,Na
998,前進,VA
998,東京,Nc
998,，,COMMACATEGORY
998,我,Nh
998,就,D
998,發放,VD
998,份,Nf
998,熱壓,VC
998,三明治,Na
998,慶祝,VE
998,侯友宜,Nb
998,說,VE
998,，,COMMACATEGORY
998,他,Nh
998,說到,VE
998,做到,VE
998,，,COMMACATEGORY
998,用,P
998,行動,Na
998,助攻,VA
998,，,COMMACATEGORY
998,如果,Cbb
998,中華隊,Na
998,贏,VD
998,了,Di
998,古巴,Nc
998,晉級,VJ
998,八,Neu
998,強,Na
998,前進,VA
998,東京,Nc
998,，,COMMACATEGORY
998,他,Nh
998,要,D
998,發放,VD
998,份,Na
998,熱壓,VC
998,三明治,Na
998,慶祝,VE
998,讓,VL
998,我們,Nh
998,起熱壓,VC
998,古巴,Nc
998,，,COMMACATEGORY
998,拿下,VC
998,壓到,VC
998,性,Na
998,勝利,VH
998,中華隊,Na
998,在,P
998,死亡,VH
998,之,DE
998,組,Nc
998,之,DE
998,稱,VG
998,的,DE
998,組,Nc
998,拿下,VC
998,勝負,Na
998,的,DE
998,戰績,Na
998,與,Caa
998,荷蘭,Nc
998,齊平,VH
998,，,COMMACATEGORY
998,不過,Cbb
998,對戰,VA
998,成績,Na
998,由,P
998,中華隊,Na
998,拿下,VC
998,分組第,Na
998,，,COMMACATEGORY
998,巴拿馬,Nc
998,勝,VH
998,敗,VH
998,拿下,VC
998,第,Neu
998,，,COMMACATEGORY
998,義大利,Nc
998,與,Caa
998,古巴,Nc
998,則,D
998,各,D
998,勝,VH
998,敗,VH
998,，,COMMACATEGORY
998,義大利,Nc
998,預賽,Na
998,擊敗,VC
998,古巴,Nc
998,，,COMMACATEGORY
998,因此,Cbb
998,排分,VC
998,組,Nc
998,第,Neu
998,中華隊,Na
998,日,Na
998,只要,Cbb
998,擊敗,VC
998,古巴,Nc
998,就,D
998,能,D
998,以,P
998,分組第,Na
998,拿到,VC
998,強,VH
998,門票,Na
998,，,COMMACATEGORY
998,如果,Cbb
998,落敗,VH
998,，,COMMACATEGORY
998,就,D
998,得,D
998,看,VE
998,義大利,Nc
998,能否,D
998,擊,VC
998,敗,VH
998,荷蘭,Nc
998,，,COMMACATEGORY
998,以,P
998,失分率,Na
998,決定,VE
998,名次,Na
998,完整,VH
998,新聞,Na
998,連結,VC
998,或,Caa
998,短,VH
998,網址,Na
998,///,FW
998,備註,VE
999,這,Nep
999,屆,Nf
999,的,DE
999,中華隊,Na
999,特色,Na
999,是,SHI
999,很,Dfa
999,會,D
999,強攻,VC
999,也,D
999,很,Dfa
999,會,D
999,被,P
999,強攻,VC
999,但是,Cbb
999,這,Nep
999,場,Nf
999,打線,VA
999,不幸,D
999,便祕,VH
999,球評,Na
999,有,V_2
999,觀察到,VE
999,揮棒,VA
999,速度,Na
999,變慢,VH
999,是,SHI
999,不,D
999,是,SHI
999,晚場,Na
999,接,VC
999,午場,Na
999,選手,Na
999,還,D
999,沒,D
999,恢復,VHC
999,體力,Na
999,卦,Na
1000,如,P
1000,題,Na
1000,，,COMMACATEGORY
1000,古巴隊,Na
1000,的,DE
1000,打者,Na
1000,會,D
1000,覺得,VK
1000,洲際,Nc
1000,棒球場,Nc
1000,很,Dfa
1000,小,VH
1000,嗎,T
1000,他們,Nh
1000,隨便,VH
1000,打,VC
1000,都,D
1000,飛,VA
1000,好,Dfa
1000,遠,VH
1000,哦,T
1000,結果,Dk
1000,中華隊,Na
1000,反而,Cbb
1000,都,D
1000,打,VC
1000,不,D
1000,遠,VH
1001,中午點,Na
1001,，,COMMACATEGORY
1001,樓下,Nc
1001,運彩店,Nc
1001,就,D
1001,鬧哄哄,VH
1001,的,T
1001,，,COMMACATEGORY
1001,堆,Nf
1001,人,Na
1001,排隊,VA
1001,捧,VC
1001,現金,Na
1001,來,D
1001,下注,VA
1001,，,COMMACATEGORY
1001,原來,D
1001,都,D
1001,是,SHI
1001,關注,VJ
1001,經典賽,Na
1001,的,DE
1001,愛國,VH
1001,球迷,Na
1001,大叔,Na
1001,我,Nh
1001,仔細,VH
1001,看,VC
1001,了,Di
1001,嚇大跳,Na
1001,，,COMMACATEGORY
1001,不,D
1001,讓,VL
1001,分古巴,Nb
1001,贏,VD
1001,球,Na
1001,賠率,Na
1001,居然,D
1001,高達,VJ
1001,，,COMMACATEGORY
1001,中華隊,Na
1001,賠率,Na
1001,反而,Cbb
1001,比較,Dfa
1001,低,VH
1001,，,COMMACATEGORY
1001,只,Da
1001,有,V_2
1001,，,COMMACATEGORY
1001,這麼,D
1001,不,D
1001,合理,VH
1001,的,DE
1001,賠率,Na
1001,我,Nh
1001,還,D
1001,不,D
1001,買,VC
1001,爆,VH
1001,它,Nh
1001,為什麼,D
1001,運彩,Na
1001,這麼,D
1001,佛心,Na
1001,要,D
1001,送,VD
1001,錢,Na
1001,給,P
1001,大家,Nh
1001,有,V_2
1001,沒,D
1001,有,V_2
1001,卦,Na
1001,///,FW
1002,前天,Nd
1002,義大利,Nc
1002,領先,VJ
1002,中華隊,Na
1002,的,DE
1002,時候,Na
1002,國師,Na
1002,台南年,Nd
1002,不,D
1002,吃,VC
1002,麵包,Na
1002,珍奶,Na
1002,地瓜球,Na
1002,最後,Nd
1002,中華隊,Na
1002,逆轉,VA
1002,贏,VD
1002,球,Na
1002,現在,Nd
1002,古巴,Nc
1002,領先,VJ
1002,中華隊,Na
1002,要,D
1002,來人,Na
1002,推祭,VC
1002,品文,Na
1002,了,T
1002,嗎,T
1002,中華隊,Na
1002,逆轉,VA
1002,我,Nh
1002,年,Na
1002,不,D
1002,吃,VC
1002,古巴,Nc
1002,三明治,Na
1003,聽說,VE
1003,落後,VJ
1003,分,VC
1003,已經,D
1003,打到,VC
1003,中華隊,Na
1003,哭,VA
1003,爸,Na
1003,哭媽,VA
1003,對方,Nh
1003,又,D
1003,抹,VC
1003,油,Na
1003,百萬,Neu
1003,象迷,Na
1003,開集,Na
1003,結,VC
1003,了,Di
1003,台中,Nc
1003,吃,VC
1003,消夜,Na
1004,備註,VE
1004,請,VF
1004,放,VC
1004,最後,Nd
1004,面違,VC
1004,者,Na
1004,新聞,Na
1004,文章,Na
1004,刪除,VC
1004,媒體,Na
1004,來源,Na
1004,記者,Na
1004,署名,VC
1004,記者,Na
1004,吳政紘,Nb
1004,台中,Nc
1004,報導,VE
1004,完整,VH
1004,新聞,Na
1004,標題,Na
1004,經典賽,Na
1004,前進,VA
1004,東京,Nc
1004,日媒,Na
1004,中華隊,Na
1004,可望,VK
1004,擊敗,VC
1004,古巴,Nc
1004,完整,VH
1004,新聞,Na
1004,內文,Na
1004,年,Na
1004,世界,Nc
1004,棒球,Na
1004,經典賽,Na
1004,正式,VH
1004,開打,VH
1004,，,COMMACATEGORY
1004,中華隊,Na
1004,今天,Nd
1004,中午,Nd
1004,在,P
1004,台中,Nc
1004,洲際,Nc
1004,棒球場,Nc
1004,對戰,VA
1004,強敵,Na
1004,古巴,Nc
1004,，,COMMACATEGORY
1004,中華,Nc
1004,隊,Na
1004,預計,VE
1004,推出,VC
1004,陳仕朋,Nb
1004,先發,VA
1004,，,COMMACATEGORY
1004,對戰,VA
1004,古巴隊,Na
1004,強投,Na
1004,雷,Na
1004,法,Na
1004,，,COMMACATEGORY
1004,中華隊,Na
1004,若,Cbb
1004,贏,VD
1004,球,Na
1004,就,D
1004,可以,D
1004,晉級,VJ
1004,第二,Neu
1004,輪,Nf
1004,賽事,Na
1004,，,COMMACATEGORY
1004,也,D
1004,是,SHI
1004,睽違,VH
1004,年,Nf
1004,再度,D
1004,打進,VC
1004,東京,Nc
1004,年,Nf
1004,中華隊,Na
1004,跟,Caa
1004,日本隊,Na
1004,的,DE
1004,經典,Na
1004,大戰,Na
1004,，,COMMACATEGORY
1004,經,P
1004,過,VCL
1004,年,Nf
1004,時光,Na
1004,，,COMMACATEGORY
1004,日本,Nc
1004,球迷,Na
1004,都,D
1004,印象,Na
1004,深刻,VH
1004,，,COMMACATEGORY
1004,連,Cbb
1004,日本,Nc
1004,媒體,Na
1004,也,D
1004,都,D
1004,難忘,VK
1004,，,COMMACATEGORY
1004,來自,VJ
1004,日本,Nc
1004,的,DE
1004,讀賣,Nb
1004,新聞,Na
1004,記者,Na
1004,宮地語,Nb
1004,表示,VE
1004,，,COMMACATEGORY
1004,這,Nep
1004,場,Nf
1004,比賽,Na
1004,兩,Neu
1004,隊,Nf
1004,狀況,Na
1004,應該,D
1004,都,D
1004,差不多,VH
1004,，,COMMACATEGORY
1004,中華隊,Na
1004,打擊,Na
1004,也,D
1004,很,Dfa
1004,強,VH
1004,，,COMMACATEGORY
1004,所以,Cbb
1004,古巴,Nc
1004,也,D
1004,不,D
1004,好,VH
1004,應付,VC
1004,針對,P
1004,贏,VD
1004,球,Na
1004,機會,Na
1004,，,COMMACATEGORY
1004,他,Nh
1004,認為,VE
1004,中華隊,Na
1004,投手,Na
1004,群,Na
1004,的,DE
1004,表現,Na
1004,會,D
1004,是,SHI
1004,關鍵,Na
1004,，,COMMACATEGORY
1004,古巴隊,Na
1004,這,Nep
1004,場,Nf
1004,也,D
1004,有,V_2
1004,不能,D
1004,輸,VD
1004,的,DE
1004,壓力,Na
1004,，,COMMACATEGORY
1004,所,D
1004,以,P
1004,中華隊,Na
1004,帶,VC
1004,著,Di
1004,氣勢,Na
1004,，,COMMACATEGORY
1004,以及,Caa
1004,現場,Nc
1004,球迷,Na
1004,的,DE
1004,支持,VC
1004,下,Ng
1004,，,COMMACATEGORY
1004,機會,Na
1004,很,Dfa
1004,大,VH
1004,可以,D
1004,前進,VA
1004,東京,Nc
1004,完整,VH
1004,新聞,Na
1004,連結,VC
1004,或,Caa
1004,短,VH
1004,網址,Na
1004,不可,D
1004,用,VC
1004,等,Cab
1004,轉載,VC
1004,媒體,Na
1004,////,FW
1004,備註,VE
1005,中華隊,Na
1005,目前,Nd
1005,的,DE
1005,這,Nep
1005,兩,Neu
1005,局,Nf
1005,結束,VHC
1005,的,DE
1005,是,SHI
1005,不,D
1005,是,SHI
1005,有點,Dfa
1005,快,VH
1005,啊,T
1005,看到,VE
1005,棒球板,Na
1005,直,D
1005,有,V_2
1005,人,Na
1005,在,P
1005,推,VC
1005,出局,VH
1005,如,P
1005,風,Na
1005,不禁,VL
1005,讓,VL
1005,本魯,Nb
1005,想到,VE
1005,以前,Nd
1005,鄉民,Na
1005,們,Na
1005,對,P
1005,中華隊,Na
1005,不斷,D
1005,傳頌,VC
1005,的,DE
1005,經典,Na
1005,口號,Na
1005,風林,Na
1005,火山,Na
1005,但,Cbb
1005,又,D
1005,突然,D
1005,想,VE
1005,不,D
1005,起來,Di
1005,這,Nep
1005,四,Neu
1005,個,Nf
1005,字,Na
1005,分別,D
1005,對應,VC
1005,哪,Nep
1005,幾,Neu
1005,個,Nf
1005,意思,Na
1005,有,V_2
1005,人,Na
1005,還,D
1005,記得,VK
1005,嗎,T
1006,鄉民,Na
1006,在,P
1006,輸,VD
1006,了,Di
1006,巴拿馬,Nc
1006,後,Ng
1006,都,D
1006,說,VE
1006,會,D
1006,四,Neu
1006,連敗,VH
1006,但,Cbb
1006,義大利,Nc
1006,和,Caa
1006,荷蘭,Nc
1006,都,D
1006,是,SHI
1006,大聯盟,Na
1006,打線,VA
1006,也,D
1006,是,SHI
1006,贏,VD
1006,球,Na
1006,今天,Nd
1006,可能,D
1006,真的,D
1006,太,Dfa
1006,累,VHC
1006,連,Cbb
1006,球,Na
1006,都,D
1006,碰,VC
1006,不,D
1006,到,VC
1006,這,Nep
1006,次,Nf
1006,真的,D
1006,是,SHI
1006,雖,Cbb
1006,敗,VH
1006,猶榮,VH
1006,彈力球,Na
1006,也,D
1006,比,P
1006,外國人,Na
1006,打,VC
1006,得,DE
1006,更,Dfa
1006,遠,VH
1006,給,VD
1006,中華隊,Na
1006,掌聲,Na
1006,鼓勵,VF
1006,雖,Cbb
1006,敗,VH
1006,猶榮,VH
1006,張育成,Nb
1006,要,D
1006,等,P
1006,四,Neu
1006,年,Nf
1006,後,Ng
1006,再見,VB
1006,了,Di
1006,只,Da
1006,能,D
1006,先,D
1006,關注,VJ
1006,他,Nh
1006,在,P
1006,大聯盟,Na
1006,的,DE
1006,比賽,Na
1007,剛好,VH
1007,想到,VE
1007,沒有,D
1007,天天,D
1007,再,D
1007,過年,VA
1007,的,DE
1007,輸,VD
1007,了,Di
1007,就,D
1007,輸,VD
1007,了,Di
1007,而且,Cbb
1007,該,D
1007,面對,VC
1007,現實,Na
1007,吧,T
1007,中華隊,Na
1007,只,Da
1007,能,D
1007,說,VE
1007,心理,Na
1007,生理,Na
1007,還,D
1007,需要,VK
1007,鍛鍊,VC
1007,還是,D
1007,好好,VH
1007,加油,VB
1007,吧,T
1007,哈,D
1007,哈,D
1008,目前,Nd
1008,看到,VE
1008,棒球版,Na
1008,堆,Nf
1008,白癡,Na
1008,又,D
1008,在,P
1008,雙標,Na
1008,智障,VH
1008,了,T
1008,第,Neu
1008,天,Nf
1008,輸球,VH
1008,，,COMMACATEGORY
1008,餅,Na
1008,總,D
1008,被,P
1008,嘴,Na
1008,爛,VH
1008,，,COMMACATEGORY
1008,之後,Nd
1008,兩,Neu
1008,天,Nf
1008,贏,VD
1008,球,Na
1008,又,D
1008,只,Da
1008,吹,VC
1008,球,Na
1008,員,Na
1008,，,COMMACATEGORY
1008,完全,D
1008,無視,VJ
1008,餅總,Na
1008,的,DE
1008,調度,VC
1008,現在,Nd
1008,大幅度,A
1008,落後,VJ
1008,快,VH
1008,，,COMMACATEGORY
1008,堆,VC
1008,棒球,Na
1008,老,VH
1008,害,Na
1008,開始,VL
1008,崩,VH
1008,潰,VH
1008,，,COMMACATEGORY
1008,嘴,Na
1008,調度,VC
1008,賽程,Na
1008,差,VH
1008,幹,I
1008,中華隊,Na
1008,賽程,Na
1008,又,D
1008,不,D
1008,是,SHI
1008,最,Dfa
1008,爛,VH
1008,的,T
1008,，,COMMACATEGORY
1008,而且,Cbb
1008,中華隊,Na
1008,個人,Nh
1008,能,D
1008,力,Na
1008,本來,D
1008,就,D
1008,是,SHI
1008,小組,Na
1008,內,Ncd
1008,最,Dfa
1008,差,VH
1008,的,DE
1008,，,COMMACATEGORY
1008,能,D
1008,贏,VD
1008,兩,Neu
1008,場,Nf
1008,已經,D
1008,是,SHI
1008,奇蹟,Na
1008,了,T
1008,正,D
1008,所謂,VK
1008,巧婦,Na
1008,難,VH
1008,為,VG
1008,無米之炊,VH
1008,，,COMMACATEGORY
1008,堆,VC
1008,臭魚,Na
1008,爛,VH
1008,蝦,Na
1008,，,COMMACATEGORY
1008,本來,D
1008,就,D
1008,很,Dfa
1008,難,VH
1008,煮出,VC
1008,好,VH
1008,菜,Na
1008,棒球版,Na
1008,的,DE
1008,智障,VH
1008,是,SHI
1008,不,D
1008,是,SHI
1008,很,Dfa
1008,難,VH
1008,滿足,VHC
1008,啊,T
1009,要,D
1009,喊,VE
1009,祭品,Na
1009,就,D
1009,喊,VE
1009,這,Nep
1009,種,Nf
1009,實際點,Na
1009,的,T
1009,啦,T
1009,，,COMMACATEGORY
1009,不要,D
1009,在,P
1009,那邊,Ncd
1009,吞,VC
1009,棒球,Na
1009,裸奔,VA
1009,的,DE
1009,馬的,I
1009,，,COMMACATEGORY
1009,午接,Nd
1009,晚,Nd
1009,真的,D
1009,有夠,Dfa
1009,靠,VJ
1009,北,Ncd
1009,，,COMMACATEGORY
1009,我,Nh
1009,觀眾,Na
1009,看,VC
1009,球,Na
1009,都,D
1009,覺得,VK
1009,累,VHC
1009,了,T
1009,，,COMMACATEGORY
1009,還,D
1009,球員,Na
1009,勒,VC
1010,堆,VC
1010,人,Na
1010,在,P
1010,怪,VH
1010,賽程,Na
1010,，,COMMACATEGORY
1010,除了,P
1010,荷蘭,Nc
1010,以外,Ng
1010,，,COMMACATEGORY
1010,其他,Neqa
1010,四,Neu
1010,隊,Nf
1010,都,D
1010,有,V_2
1010,晚,Nd
1010,接午,Nd
1010,，,COMMACATEGORY
1010,就,D
1010,只有,Cbb
1010,台灣人,Na
1010,在,P
1010,靠,P
1010,北,Ncd
1010,排,VC
1010,很,Dfa
1010,爛,VH
1010,台灣,Nc
1010,投手,Na
1010,被,P
1010,打爆,VC
1010,，,COMMACATEGORY
1010,然後,D
1010,懷疑,VK
1010,對方,Nh
1010,投手,Na
1010,抹,VC
1010,油,Na
1010,古巴,Nc
1010,大叔,Na
1010,氣笛,Na
1010,吹,VC
1010,幾,Neu
1010,天,Nf
1010,了,T
1010,，,COMMACATEGORY
1010,就,D
1010,對,P
1010,到,P
1010,中華隊,Na
1010,有,V_2
1010,意見,Na
1010,，,COMMACATEGORY
1010,也,D
1010,不,D
1010,想想,VE
1010,自己人,Na
1010,大鼓,Na
1010,樂器,Na
1010,吶喊,VA
1010,更,Dfa
1010,大聲,VH
1010,前,Nes
1010,兩,Neu
1010,天,Nf
1010,還,D
1010,堆,VC
1010,人,Na
1010,說,VE
1010,，,COMMACATEGORY
1010,贏,VD
1010,兩,Neu
1010,場,Nf
1010,，,COMMACATEGORY
1010,超出,VJ
1010,預期,Na
1010,了,T
1010,，,COMMACATEGORY
1010,結果,Dk
1010,現在,Nd
1010,落後,VJ
1010,又,D
1010,開始,VL
1010,批評,VC
1010,台灣人,Na
1010,是,SHI
1010,不,D
1010,是,SHI
1010,跟,P
1010,支,Nf
1010,那,Nep
1010,人,Na
1010,真的,D
1010,家親,Na
1010,，,COMMACATEGORY
1010,都,D
1010,輸不起,VH
1010,愛,VL
1010,找,VC
1010,藉口,Na
1010,，,COMMACATEGORY
1010,千錯萬錯,VH
1010,都,D
1010,是,SHI
1010,別人,Nh
1010,的,DE
1010,錯,Na
1011,今天,Nd
1011,中華隊,Na
1011,打完,VC
1011,六,Neu
1011,局,Nf
1011,只,Da
1011,有,V_2
1011,兩,Neu
1011,支,Nf
1011,安打,Na
1011,沒有,D
1011,得分,VH
1011,對手,Na
1011,古巴,Nc
1011,只,Da
1011,是,SHI
1011,個,Nf
1011,敗勝,VH
1011,打,VC
1011,荷蘭,Nc
1011,只有,D
1011,拿,VC
1011,兩,Neu
1011,分,Nf
1011,打,VC
1011,義大利,Nc
1011,只有,D
1011,拿,VC
1011,三,Neu
1011,分,Nf
1011,面對,VC
1011,這樣,VH
1011,的,DE
1011,二流,VH
1011,隊伍,Na
1011,今天,Nd
1011,中華隊,Na
1011,是,SHI
1011,失常,VH
1011,嗎,T
1012,備註,VE
1012,請,VF
1012,放,VC
1012,最後,Nd
1012,面違,VC
1012,者,Na
1012,新聞,Na
1012,文章,Na
1012,刪除,VC
1012,媒體,Na
1012,來源,Na
1012,中央社,Nc
1012,記者,Na
1012,署名,VC
1012,蕭博陽,Nb
1012,完整,VH
1012,新聞,Na
1012,標題,Na
1012,經典賽,Na
1012,前進,VA
1012,東京,Nc
1012,差步,Na
1012,蔡,Nb
1012,總統,Na
1012,陳建仁,Nb
1012,為,P
1012,台灣隊,Na
1012,加油,VB
1012,完整,VH
1012,新聞,Na
1012,內文,Na
1012,中央社,Nc
1012,記者,Na
1012,蕭博陽,Nb
1012,南投縣,Nc
1012,日電,Nb
1012,世界,Nc
1012,棒球,Na
1012,經典賽,Na
1012,台灣隊,Na
1012,今天,Nd
1012,若,Cbb
1012,擊敗,VC
1012,古巴隊,Na
1012,，,COMMACATEGORY
1012,就,D
1012,可,D
1012,拿到,VC
1012,複賽,Na
1012,強,VH
1012,門票,Na
1012,前進,VA
1012,東京,Nc
1012,總統,Na
1012,蔡英文,Nb
1012,今天,Nd
1012,握拳,VA
1012,熱情,VH
1012,喊,VE
1012,中華隊,Na
1012,加油,VB
1012,行政院長,Na
1012,陳,Nb
1012,建仁,Nb
1012,也,D
1012,希望,VK
1012,今天,Nd
1012,能,D
1012,戰勝,VC
1012,古巴,Nc
1012,，,COMMACATEGORY
1012,讓,VL
1012,台灣隊,Na
1012,前進,VA
1012,東京,Nc
1012,台灣隊,Na
1012,昨天,Nd
1012,晚間,Nd
1012,與,Caa
1012,美職,Na
1012,大聯盟,Na
1012,球員,Na
1012,眾多,VH
1012,的,DE
1012,荷蘭隊,Na
1012,交手,VA
1012,，局,Nc
1012,靠,VJ
1012,著,Di
1012,絕對,D
1012,忠誠,VH
1012,張育成,Nb
1012,分滿,VC
1012,貫砲,Na
1012,打出,VC
1012,氣勢,Na
1012,，,COMMACATEGORY
1012,路,Na
1012,領先,VJ
1012,，,COMMACATEGORY
1012,終場,Na
1012,以,P
1012,比,P
1012,擊敗,VC
1012,荷蘭隊,Na
1012,拿下,VC
1012,預賽,Na
1012,第,Neu
1012,勝,VH
1012,，,COMMACATEGORY
1012,今天,Nd
1012,再,D
1012,擊敗,VC
1012,古巴隊,Na
1012,就,D
1012,可,D
1012,晉級,VJ
1012,複賽,Na
1012,張育成,Nb
1012,這,Nep
1012,次,Nf
1012,參賽,VA
1012,招牌,Na
1012,動作,Na
1012,敬禮,VB
1012,引起,VC
1012,討論,VE
1012,，,COMMACATEGORY
1012,行政院長,Na
1012,陳建仁,Nb
1012,昨天,Nd
1012,晚間,Nd
1012,透過,P
1012,臉書,Na
1012,粉絲,Na
1012,專頁,Na
1012,發布,VC
1012,敬禮,VB
1012,照片,Na
1012,並,Cbb
1012,表示,VE
1012,，,COMMACATEGORY
1012,向,P
1012,所有,Neqa
1012,這,Nep
1012,幾,Neu
1012,天,Nf
1012,在,P
1012,棒球場,Nc
1012,上,Ncd
1012,，,COMMACATEGORY
1012,奮力,D
1012,求勝,VA
1012,拚勁,Na
1012,十,Neu
1012,足,VH
1012,的,DE
1012,台灣,Nc
1012,選手,Na
1012,們,Na
1012,致敬,VB
1012,，,COMMACATEGORY
1012,盼,VK
1012,繼續,VF
1012,加油,VB
1012,繼續,VF
1012,拚,VC
1012,行政院,Nc
1012,農業,Na
1012,委員會,Nc
1012,林務局,Nc
1012,今天,Nd
1012,在,P
1012,南投縣,Nc
1012,草屯鎮,Nc
1012,鳥嘴潭,Nc
1012,人工湖,Na
1012,舉辦,VC
1012,森活圈,Nc
1012,植樹節,Nd
1012,活動,Na
1012,，,COMMACATEGORY
1012,蔡,Nb
1012,總統,Na
1012,陳建仁,Nb
1012,農委會,Nc
1012,主委,Na
1012,陳吉仲,Nb
1012,等,Cab
1012,人,Na
1012,出席,VC
1012,，,COMMACATEGORY
1012,蔡,Nb
1012,總統,Na
1012,植樹,VA
1012,後,Ng
1012,離去,VA
1012,前,Ng
1012,行經,VCL
1012,媒體區,Nc
1012,，,COMMACATEGORY
1012,有,V_2
1012,媒,Na
1012,體,Na
1012,提問,VC
1012,總統,Na
1012,要不要,D
1012,為,P
1012,中華隊,Na
1012,打氣,VB
1012,下,Ng
1012,，,COMMACATEGORY
1012,蔡,Nb
1012,總統,Na
1012,握拳,VA
1012,熱情,VH
1012,說,VE
1012,，,COMMACATEGORY
1012,中華隊,Na
1012,加油,VB
1012,陳建仁,Nb
1012,會,Na
1012,前,Ng
1012,接受,VC
1012,媒體,Na
1012,聯訪,VC
1012,說,VE
1012,昨晚,Nd
1012,全程,D
1012,看,VC
1012,比賽,Na
1012,，,COMMACATEGORY
1012,希望,VK
1012,全體,Na
1012,民眾,Na
1012,繼續,VF
1012,為,P
1012,中華隊,Na
1012,加油,VB
1012,，,COMMACATEGORY
1012,希望,VK
1012,今天,Nd
1012,能,D
1012,戰勝,VC
1012,古巴,Nc
1012,，,COMMACATEGORY
1012,讓,VL
1012,中華隊,Na
1012,前進,VA
1012,東京,Nc
1012,，,COMMACATEGORY
1012,繼續,VF
1012,爭取,VC
1012,更,Dfa
1012,好,VH
1012,佳績,Na
1012,，,COMMACATEGORY
1012,為,P
1012,中華隊,Na
1012,加油,VB
1012,，,COMMACATEGORY
1012,大家,Nh
1012,起集,VC
1012,氣,Na
1012,，,COMMACATEGORY
1012,為,P
1012,球員,Na
1012,加油,VB
1012,中華隊,Na
1012,加油,VB
1012,編輯,Na
1012,陳仁華,Nb
1012,完整,VH
1012,新聞,Na
1012,連結,VC
1012,或,Caa
1012,短,VH
1012,網址,Na
1012,不可,D
1012,用,VC
1012,等,Cab
1012,轉載,VC
1012,媒體,Na
1012,/////,FW
1012,備註,VE
1013,晚上,Nd
1013,如果,Cbb
1013,義大利,Nc
1013,打敗,VC
1013,荷蘭,Nc
1013,都,D
1013,兩,Neu
1013,勝,VH
1013,兩,Neu
1013,敗,VH
1013,中華隊,Na
1013,會,D
1013,多,Dfa
1013,慘,VH
1013,下,Nes
1013,次,Nf
1013,要,D
1013,先,D
1013,從,P
1013,資格賽,Na
1013,打起,VC
1013,雖然,Cbb
1013,切,VC
1013,將,D
1013,如,P
1013,悍創,Nb
1013,的,DE
1013,意,Na
1013,，,COMMACATEGORY
1013,台北,Nc
1013,巨蛋,Nc
1013,大,VH
1013,賺,VC
1013,筆,Na
1013,但,Cbb
1013,堂堂,VH
1013,的,DE
1013,世界,Nc
1013,第二,Neu
1013,，,COMMACATEGORY
1013,國球,Na
1013,驕傲,VH
1013,淪落,VH
1013,去,D
1013,打,VC
1013,資格賽,Na
1013,會不會,D
1013,太,Dfa
1013,慘,VH
1014,雖然,Cbb
1014,很,Dfa
1014,可惜,VH
1014,這,Nep
1014,場,Nf
1014,應該,D
1014,沒,D
1014,救,VC
1014,了,Di
1014,但,Cbb
1014,沒關係,VH
1014,我們,Nh
1014,下,Nes
1014,個,Nf
1014,四,Neu
1014,年,Nf
1014,捲土重來,VA
1014,下,Nes
1014,次,Nf
1014,定,D
1014,能,D
1014,贏得,VJ
1014,我,Nh
1014,只,Da
1014,能,D
1014,說,VE
1014,下,Nes
1014,次,Nf
1014,再,D
1014,努力,VH
1014,各位,Nh
1014,起幫,VC
1014,中華隊,Na
1014,加油,VB
1015,乳提,Na
1015,假如,Cbb
1015,中華隊,Na
1015,今天,Nd
1015,輸,VD
1015,古巴,Nc
1015,義大利,Nc
1015,勝,VH
1015,戰績,Na
1015,全,Neqa
1015,都,D
1015,變成,VG
1015,結果,Dk
1015,中華隊,Na
1015,因為,Cbb
1015,失,VJ
1015,太多,Neqa
1015,分,Nf
1015,直接,VH
1015,變成,VG
1015,墊底,VH
1015,為什麼,D
1015,不,D
1015,用,VC
1015,全壘打,Na
1015,支數,Na
1015,或,Caa
1015,得分,Na
1015,來,D
1015,排名,VG
1015,呢,T
1015,只,Da
1015,用,P
1015,失分,Na
1015,來,D
1015,評,VC
1015,未免,D
1015,太,Dfa
1015,不,D
1015,公平,VH
1015,大家,Nh
1015,覺得,VK
1015,呢,T
1015,認同,VJ
1015,不,D
1015,認同,VJ
1015,我,Nh
1015,很,Dfa
1015,好奇,VH
1016,連續,D
1016,高潮,VA
1016,了,Di
1016,兩,Neu
1016,個,Nf
1016,晚上,Nd
1016,還,D
1016,以為,VE
1016,能,D
1016,前進,VA
1016,日本,Nc
1016,中華隊,Na
1016,氣力,Na
1016,放盡,VC
1016,，,COMMACATEGORY
1016,中午,Nd
1016,打,VC
1016,比賽,Na
1016,被,P
1016,尻爆,VC
1016,現在,Nd
1016,是,SHI
1016,不,D
1016,是,SHI
1016,該,Nes
1016,夢,Na
1016,醒,VA
1016,了,Di
1017,台灣隊,Na
1017,第,Neu
1017,局,Nf
1017,就,D
1017,落後,VJ
1017,開始,VL
1017,還,D
1017,有些,Neqa
1017,反攻,VC
1017,氣焰,Na
1017,但,Cbb
1017,後來,Nd
1017,打擊,Na
1017,都,D
1017,無法,D
1017,發揮,VJ
1017,反觀,VC
1017,古巴隊,Na
1017,已經,D
1017,穩穩,VH
1017,拿下,VC
1017,分領先,Na
1017,現在,Nd
1017,只,Da
1017,剩,VJ
1017,兩,Neu
1017,局,Nf
1017,可以,D
1017,進攻,VCL
1017,但,Cbb
1017,依照,P
1017,今天,Nd
1017,這,Nep
1017,種,Nf
1017,涼涼,VH
1017,的,DE
1017,打線,VA
1017,台灣隊,Na
1017,是,SHI
1017,不,D
1017,是,SHI
1017,已經,D
1017,涼,VH
1017,了,T
1017,反觀,VC
1017,古巴隊,Na
1017,已經,D
1017,火,VH
1017,了,T
1018,七,Neu
1018,局,Nf
1018,下,Ng
1018,跟,P
1018,古巴,Nc
1018,差,VH
1018,了,Di
1018,七,Neu
1018,分,Nf
1018,接下來,D
1018,兩,Neu
1018,局,Nf
1018,中華隊,Na
1018,逆轉,VA
1018,現況,Na
1018,的,DE
1018,機會,Na
1018,有,V_2
1018,多少,Neqa
1018,大家,Nh
1018,起,Ng
1018,幫,P
1018,中華隊,Na
1018,集氣,VA
1018,反,VC
1018,指標,Na
1018,八卦,Na
1018,鄉民,Na
1018,們,Na
1018,快,D
1018,出來,VA
1019,似乎,D
1019,已經,D
1019,沒有,VJ
1019,什麼,Nep
1019,方法,Na
1019,可以,D
1019,晉級,VJ
1019,了,Di
1019,接下來,D
1019,起,Ng
1019,幫,P
1019,日本,Nc
1019,加油,VB
1019,吧,T
1019,大家,Nh
1019,辛苦,VHC
1019,了,T
1020,剛,D
1020,看,VC
1020,轉播,VC
1020,古巴,Nc
1020,打,VC
1020,了,Di
1020,安打,Na
1020,現場,Nc
1020,直,D
1020,有,V_2
1020,個人,Nh
1020,按,P
1020,喇叭,Na
1020,連續,D
1020,按,VC
1020,不停,VH
1020,真的,D
1020,有夠,Dfa
1020,吵,VH
1020,這,Nep
1020,種,Nf
1020,棒球,Na
1020,文化,Na
1020,到底,D
1020,是,SHI
1020,受到,VJ
1020,誰,Nh
1020,的,DE
1020,影響,Na
1020,真的,D
1020,有夠,Dfa
1020,沒,VJ
1020,水準,Na
1020,難怪,D
1020,前,Nes
1020,幾,Neu
1020,場,Nf
1020,都,D
1020,有,V_2
1020,其他,Neqa
1020,國家,Na
1020,代表隊,Na
1020,很,Dfa
1020,含蓄,VH
1020,地,DE
1020,說,VE
1020,被,P
1020,驚嚇,VC
1020,到,P
1021,如,P
1021,題,Na
1021,能,D
1021,逆轉,VA
1021,我,Nh
1021,直接,VH
1021,在,P
1021,高雄,Nc
1021,駁二,Nb
1021,附近,Nc
1021,雞排店,Nc
1021,發份,VD
1021,雞排,Na
1021,發,VD
1021,了,Di
1021,定,VC
1021,回報,VC
1021,在,P
1021,八卦版,Na
1021,沒,D
1021,發,VC
1021,我,Nh
1021,被,P
1021,車,Na
1021,撞,VC
1021,八卦,Na
1021,自請,VF
1021,永桶,Na
1021,說,VE
1021,什麼,Nep
1021,祭品,Na
1021,文能,Nb
1021,轉運,VC
1021,那,Nep
1021,是,SHI
1021,不可能,D
1021,低,VH
1021,雖然,Cbb
1021,很,Dfa
1021,可惜,VH
1021,，,COMMACATEGORY
1021,但,Cbb
1021,不用,D
1021,太,Dfa
1021,擔心,VK
1021,中華隊,Na
1022,媒體,Na
1022,來源,Na
1022,記者,Na
1022,署名,VC
1022,呂晏慈,Nb
1022,完整,VH
1022,新聞,Na
1022,標題,Na
1022,中午,Nd
1022,戰古巴,Nb
1022,陳建仁,Nb
1022,玩,VC
1022,敬禮,VB
1022,梗集氣,Nb
1022,喊,VE
1022,前進,VA
1022,東京,Nc
1022,完整,VH
1022,新聞,Na
1022,內文,Na
1022,記者,Na
1022,呂晏慈,Nb
1022,台北,Nc
1022,報導,VE
1022,台灣隊,Na
1022,連續,VH
1022,兩,Neu
1022,天,Nf
1022,在,P
1022,世界,Nc
1022,棒球,Na
1022,經典賽,Na
1022,拿下,VC
1022,勝利,VH
1022,，,COMMACATEGORY
1022,旅美,VA
1022,球星,Na
1022,張育成,Nb
1022,轟出,VC
1022,滿貫砲,Na
1022,，,COMMACATEGORY
1022,連行,D
1022,政院長,Na
1022,陳建仁,Nb
1022,也,D
1022,模仿,VC
1022,敬禮,VB
1022,手勢,Na
1022,相互,D
1022,呼應,VC
1022,陳建仁,Nb
1022,日,Nd
1022,上午,Nd
1022,受,P
1022,訪,VC
1022,說,VE
1022,，,COMMACATEGORY
1022,希望,VK
1022,今天,Nd
1022,中午,Nd
1022,中華,Nc
1022,隊,Na
1022,能夠,D
1022,戰勝,VC
1022,古巴,Nc
1022,，,COMMACATEGORY
1022,前進,VA
1022,東京,Nc
1022,，,COMMACATEGORY
1022,爭取,VC
1022,更,Dfa
1022,好,VH
1022,的,DE
1022,佳績,Na
1022,陳建仁,Nb
1022,今天,Nd
1022,上午,Nd
1022,前往,VCL
1022,南投,Nc
1022,，,COMMACATEGORY
1022,出席,VC
1022,森活圈,Nc
1022,總統,Na
1022,植樹,VA
1022,活動,Na
1022,並,Cbb
1022,接受,VC
1022,媒體,Na
1022,聯訪,VC
1022,媒體,Na
1022,關注,VJ
1022,，,COMMACATEGORY
1022,陳建仁,Nb
1022,昨天,Nd
1022,晚間,Nd
1022,透過,P
1022,臉書,Na
1022,貼出,VC
1022,敬禮,VB
1022,照片,Na
1022,，,COMMACATEGORY
1022,向,P
1022,台灣,Nc
1022,選手,Na
1022,們,Na
1022,致敬,VB
1022,，,COMMACATEGORY
1022,昨天,Nd
1022,是否,D
1022,有,V_2
1022,全程,D
1022,看完,VC
1022,比賽,Na
1022,陳建仁,Nb
1022,笑說,VE
1022,，,COMMACATEGORY
1022,有,V_2
1022,，,COMMACATEGORY
1022,我,Nh
1022,全程,D
1022,看完,VC
1022,了,Di
1022,，,COMMACATEGORY
1022,我,Nh
1022,也,D
1022,很,Dfa
1022,希望,VK
1022,全體,Na
1022,國人,Na
1022,同胞,Na
1022,，,COMMACATEGORY
1022,我們,Nh
1022,繼續,VF
1022,為,P
1022,中華隊,Na
1022,加油,VB
1022,，,COMMACATEGORY
1022,希望,VK
1022,今天,Nd
1022,能夠,D
1022,戰勝,VC
1022,古巴,Nc
1022,，,COMMACATEGORY
1022,讓,VL
1022,中華隊,Na
1022,能夠,D
1022,前進,VA
1022,東京,Nc
1022,，,COMMACATEGORY
1022,繼續,VF
1022,爭取,VC
1022,更,Dfa
1022,好,VH
1022,的,DE
1022,佳績,Na
1022,，,COMMACATEGORY
1022,要,D
1022,為,P
1022,中華隊,Na
1022,加油,VB
1022,，,COMMACATEGORY
1022,所有,Neqa
1022,同胞,Na
1022,大家,Nh
1022,起集氣,VA
1022,，,COMMACATEGORY
1022,為,P
1022,他們,Nh
1022,加油,VB
1022,，,COMMACATEGORY
1022,中華隊,Na
1022,加油,VB
1022,完整,VH
1022,新聞,Na
1022,連結,VC
1022,或,Caa
1022,短,VH
1022,網址,Na
1022,///,FW
1022,備註,VE
1023,備註,VE
1023,請,VF
1023,放,VC
1023,最後,Nd
1023,面違,VC
1023,者,Na
1023,新聞,Na
1023,文章,Na
1023,刪除,VC
1023,媒體,Na
1023,來源,Na
1023,記者,Na
1023,署名,VC
1023,記者,Na
1023,楊舒帆,Nb
1023,台中,Nc
1023,報導,VE
1023,完整,VH
1023,新聞,Na
1023,標題,Na
1023,古巴,Nc
1023,大叔,Na
1023,本壘,Na
1023,後,Ng
1023,叭叭,D
1023,大聯盟,Na
1023,記者,Na
1023,台灣,Nc
1023,球迷,Na
1023,不,D
1023,愛,VL
1023,他,Nh
1023,了,T
1023,完整,VH
1023,新聞,Na
1023,內文,Na
1023,經典賽,Na
1023,每逢,P
1023,古巴,Nc
1023,賽事,Na
1023,，,COMMACATEGORY
1023,場,Nc
1023,邊,Ncd
1023,都,D
1023,有,V_2
1023,古巴,Nc
1023,大叔,Na
1023,，,COMMACATEGORY
1023,在,P
1023,本壘,Na
1023,後方,Ncd
1023,狂吹,VC
1023,氣笛,Na
1023,，,COMMACATEGORY
1023,不過,Cbb
1023,隨著,P
1023,中華,Nc
1023,對,P
1023,戰古巴,Nc
1023,氛圍,Na
1023,緊張,VH
1023,，,COMMACATEGORY
1023,也,D
1023,無,VJ
1023,人,Na
1023,隨,P
1023,他,Nh
1023,起舞,VA
1023,，,COMMACATEGORY
1023,大聯盟,Na
1023,記者,Na
1023,有,V_2
1023,段,Nf
1023,相當,Dfa
1023,寫實,VH
1023,的,DE
1023,描述,VC
1023,他,Nh
1023,是,SHI
1023,位,Nf
1023,超,Dfa
1023,熱情,VH
1023,的,DE
1023,古巴,Nc
1023,大叔,Na
1023,，,COMMACATEGORY
1023,高舉,VC
1023,台灣,Nc
1023,國旗,Na
1023,，,COMMACATEGORY
1023,大叔,Na
1023,頂,VC
1023,著,Di
1023,高帽子,Na
1023,，,COMMACATEGORY
1023,這,Nep
1023,頂,Nf
1023,帽子,Na
1023,是,SHI
1023,他,Nh
1023,年前,Nd
1023,到,VCL
1023,墨,Nc
1023,西哥,Nc
1023,看,VC
1023,獲得,VJ
1023,的,DE
1023,戰利品,Na
1023,，,COMMACATEGORY
1023,帽子,Na
1023,上,Ncd
1023,印有,VJ
1023,各,Nes
1023,國,Nc
1023,代表,Na
1023,旗幟,Na
1023,，,COMMACATEGORY
1023,包括,VK
1023,中華,Nc
1023,台北,Nc
1023,梅花旗,Na
1023,這,Nep
1023,個,Nf
1023,禮拜,Na
1023,不少,Neqa
1023,台灣,Nc
1023,球迷,Na
1023,找,VC
1023,他,Nh
1023,合照,VA
1023,，,COMMACATEGORY
1023,人氣,Na
1023,高漲,VH
1023,，,COMMACATEGORY
1023,不過,Cbb
1023,這,Nep
1023,場,Nf
1023,中華,Nc
1023,與,Caa
1023,古巴,Nc
1023,之,DE
1023,戰,Na
1023,，,COMMACATEGORY
1023,攸關,VK
1023,中華隊,Na
1023,晉級,VJ
1023,，,COMMACATEGORY
1023,而且,Cbb
1023,中華隊,Na
1023,陷入,VCL
1023,大幅,D
1023,落後,VJ
1023,，,COMMACATEGORY
1023,也,D
1023,沒有,VJ
1023,球迷,Na
1023,跟,P
1023,他,Nh
1023,有,V_2
1023,太多,Neqa
1023,互動,VA
1023,大聯盟,Na
1023,記者,Na
1023,摩納根,Nb
1023,推特,Na
1023,就,D
1023,寫道,VE
1023,，,COMMACATEGORY
1023,整,Neqa
1023,個,Nf
1023,禮拜,Na
1023,都,D
1023,受到,VJ
1023,台灣,Nc
1023,球迷,Na
1023,喜愛,VL
1023,的,DE
1023,大叔,Na
1023,，,COMMACATEGORY
1023,現在,Nd
1023,不,D
1023,愛,VL
1023,他,Nh
1023,了,T
1023,，,COMMACATEGORY
1023,因為,Cbb
1023,古巴,Nc
1023,以,P
1023,比,P
1023,領先,VJ
1023,中華隊,Na
1023,/////,FW
1023,完整,VH
1023,新聞,Na
1023,連結,VC
1023,或,Caa
1023,短,VH
1023,網址,Na
1023,不可,D
1023,用,VC
1023,等,Cab
1023,轉載,VC
1023,媒體,Na
1023,////,FW
1023,備註,VE
1024,汗,Na
1024,創,VC
1024,想,VE
1024,錢,Na
1024,想,VE
1024,瘋,VH
1024,了,Di
1024,嗎,T
1024,排,VC
1024,這,Nep
1024,賽程,Na
1024,給,VD
1024,地主隊,Na
1024,是,SHI
1024,想,VE
1024,賺,VC
1024,資格賽,Na
1024,的,DE
1024,錢,Na
1024,喔,T
1024,草類,Na
1024,現在,Nd
1024,只要,Cbb
1024,汗創,VC
1024,的,DE
1024,比,P
1024,賽,Na
1024,絕對,D
1024,不,D
1024,進場,VA
1024,草,Na
1024,可恨,VH
1024,中華隊,Na
1024,在,P
1024,自己,Nh
1024,的,DE
1024,國家,Na
1024,被,P
1024,搞扯爆,VC
1025,古巴隊,Na
1025,從,P
1025,第,Neu
1025,局,Nf
1025,就,D
1025,開始,VL
1025,大飆分,VA
1025,但,Cbb
1025,越,D
1025,後期,Nd
1025,打,VC
1025,的,DE
1025,分數,Na
1025,就,D
1025,慢慢,VH
1025,變,VG
1025,少,VH
1025,是,SHI
1025,因為,Cbb
1025,教練團,Na
1025,收到,VC
1025,有,V_2
1025,球迷,Na
1025,準備,VC
1025,圍巴,VA
1025,的,DE
1025,訊息,Na
1025,怕,VK
1025,待會,D
1025,走,VCL
1025,不,D
1025,出,VCL
1025,球場,Nc
1025,所以,Cbb
1025,下,VC
1025,指示,Na
1025,要,VE
1025,隊員,Na
1025,收斂點,Na
1025,給,P
1025,中華隊,Na
1025,留,VC
1025,面子,Na
1025,嗎,T
1026,突然,D
1026,想到,VE
1026,這陣子,Nd
1026,棒球版,Na
1026,很多,Neqa
1026,人,Na
1026,都,D
1026,在,D
1026,譴責,VC
1026,八卦板,Na
1026,五毛,Neu
1026,那,Dk
1026,今天,Nd
1026,會,D
1026,有,V_2
1026,人,Na
1026,把,P
1026,輸球,VH
1026,的,DE
1026,原因,Na
1026,怪,VK
1026,八卦,Na
1026,嗎,T
1026,卦,Na
1026,_,FW
1027,////,FW
1027,經典賽,Na
1027,中華隊,Na
1027,抗,VJ
1027,荷,Nc
1027,二,Neu
1027,連勝,VH
1027,四,Neu
1027,大,VH
1027,超商,Nc
1027,咖啡,Na
1027,霜淇淋,Na
1027,買送,VD
1027,記者,Na
1027,黃韻文,Nb
1027,/,FW
1027,綜合,A
1027,報導,VE
1027,睽違,VH
1027,年,Nd
1027,成功,VH
1027,抗,VJ
1027,荷,Nc
1027,中華隊,Na
1027,周六,Nd
1027,晚間,Nd
1027,在,P
1027,經典賽,Na
1027,預賽,Na
1027,中,Ng
1027,對戰,VA
1027,荷蘭,Nc
1027,，,COMMACATEGORY
1027,最終,D
1027,以,P
1027,成功,VH
1027,取得,VC
1027,二,Neu
1027,連勝,VH
1027,，,COMMACATEGORY
1027,超商,Nc
1027,業者,Na
1027,立刻,D
1027,發出,VC
1027,同慶,VH
1027,優惠,VJ
1027,，第,Neu
1027,時間,Na
1027,在,P
1027,門市,Nc
1027,同步,VH
1027,發動,VC
1027,好康,VH
1027,，,COMMACATEGORY
1027,有,V_2
1027,美式,A
1027,買送,VD
1027,拿,VC
1027,鐵,Na
1027,買送,VC
1027,，,COMMACATEGORY
1027,若是,Cbb
1027,不,D
1027,喝,VC
1027,咖啡,Na
1027,，,COMMACATEGORY
1027,還,D
1027,有,V_2
1027,四,Neu
1027,季,Nd
1027,春,Nd
1027,青茶,Na
1027,買送,VD
1027,今日,Nd
1027,中午,Nd
1027,時,Ng
1027,中華,Nc
1027,隊,Na
1027,將,D
1027,再,D
1027,對上,VC
1027,古巴,Nc
1027,，,COMMACATEGORY
1027,力拚,VC
1027,前進,VA
1027,東京,Nc
1027,的,DE
1027,機會,Na
1027,，,COMMACATEGORY
1027,不可,D
1027,錯過,VJ
1027,全家,Nb
1027,霜淇淋,Na
1027,買送,VC
1027,，,COMMACATEGORY
1027,吃完,VC
1027,冰,Na
1027,起,Ng
1027,為,P
1027,中華,Nc
1027,隊,Na
1027,加油,VB
1027,線上線,Na
1027,下,Ng
1027,同步,VH
1027,祭出,VC
1027,日限,Na
1027,定,VC
1027,優惠,VJ
1027,，,COMMACATEGORY
1027,周日月,Nb
1027,日,Nc
1027,門市,Nc
1027,推出,VC
1027,精品,Na
1027,美式,A
1027,濃萃,Na
1027,美式,A
1027,四,Neu
1027,季,Nd
1027,春,Nd
1027,青茶,Na
1027,同,Nes
1027,品項,Na
1027,買送,VD
1027,，,COMMACATEGORY
1027,以及,Caa
1027,精品,Na
1027,拿,VC
1027,鐵,Na
1027,濃萃,Na
1027,拿,VC
1027,鐵,Na
1027,同,Nes
1027,品項,Na
1027,買送,VD
1027,，,COMMACATEGORY
1027,單杯元,Na
1027,開喝,VC
1027,行動,Na
1027,隨時,D
1027,取,VC
1027,同步,VH
1027,歡慶,Na
1027,，,COMMACATEGORY
1027,月,Na
1027,日,Na
1027,也,D
1027,有,V_2
1027,單日,Nd
1027,限定,VK
1027,好康,VH
1027,，,COMMACATEGORY
1027,凌晨點,Na
1027,開賣,VD
1027,精品,Na
1027,美式,A
1027,買送,VC
1027,限量,VH
1027,萬,Neu
1027,組,Nf
1027,特大杯,Na
1027,拿,VC
1027,鐵,Na
1027,買送,VC
1027,限,VJ
1027,萬,Neu
1027,組,Nf
1027,，,COMMACATEGORY
1027,預計,VE
1027,上架,VB
1027,不久,Nd
1027,就,D
1027,會,D
1027,被,P
1027,搶光,VD
1027,///,FW
1027,▲,Na
1027,慶祝,VE
1027,中華隊,Na
1027,贏,VD
1027,荷蘭,Nc
1027,，,COMMACATEGORY
1027,祭出,VC
1027,日限定,Na
1027,優惠,VJ
1027,圖,Na
1027,業者,Na
1027,提供,VD
1027,全,Neqa
1027,家,Nc
1027,即日,Nd
1027,起,Ng
1027,至,Caa
1027,月,Na
1027,日,Na
1027,，,COMMACATEGORY
1027,到,P
1027,門市,Nc
1027,使用,VC
1027,全盈,Nb
1027,支付,VD
1027,，,COMMACATEGORY
1027,享,VJ
1027,全家,Na
1027,霜淇淋,Na
1027,不,D
1027,限,VJ
1027,口味,Na
1027,買送,VC
1027,，,COMMACATEGORY
1027,平均,VH
1027,單支,Na
1027,元,Nd
1027,另,Nes
1027,有,V_2
1027,大,VH
1027,杯,Na
1027,特濃,Na
1027,拿,VC
1027,鐵元,Na
1027,買送,VC
1027,，,COMMACATEGORY
1027,平均,VH
1027,單杯元,Na
1027,，,COMMACATEGORY
1027,若是,Cbb
1027,自備杯,Na
1027,可,D
1027,再,D
1027,扣元,VA
1027,，,COMMACATEGORY
1027,最,Dfa
1027,低,VH
1027,元,Nd
1027,開喝,VC
1027,///,FW
1027,▲把握,Na
1027,今天,Nd
1027,最後,Nd
1027,天霜淇淋,VH
1027,買送,VC
1027,，,COMMACATEGORY
1027,中午,Nd
1027,起,Ng
1027,為,P
1027,中華隊,Na
1027,加油,VB
1027,圖,VF
1027,全,Neqa
1027,家,Nc
1027,提供,VD
1027,萊爾富,Nb
1027,月,Na
1027,日,Na
1027,加碼,VA
1027,推出,VC
1027,天,Nc
1027,快閃,A
1027,優惠,VJ
1027,，,COMMACATEGORY
1027,包括,VK
1027,原價元,Na
1027,的,DE
1027,脆加,VH
1027,特製,VC
1027,唐辛子,Na
1027,口味,Na
1027,買送,VC
1027,，,COMMACATEGORY
1027,以及,Caa
1027,品客,Na
1027,洋,A
1027,芋片,Na
1027,經典賽,Na
1027,特別版,Na
1027,包裝,VC
1027,，,COMMACATEGORY
1027,買,VC
1027,原味,Na
1027,或,Caa
1027,洋蔥,Na
1027,口味,Na
1027,任件,Na
1027,元原,Na
1027,價,Na
1027,元,Nf
1027,///,FW
1027,▲,Na
1027,月,Na
1027,日日,D
1027,限定,VK
1027,，,COMMACATEGORY
1027,脆加,D
1027,特製,VC
1027,唐辛子,Na
1027,口味,Na
1027,買送,VC
1027,，,COMMACATEGORY
1027,品客,Na
1027,洋芋片,Na
1027,經典賽,Na
1027,特別版,Na
1027,任件,Na
1027,元,Nf
1027,圖萊爾富,Nb
1027,提供,VD
1027,即日,Nd
1027,起,Ng
1027,至,Caa
1027,月,Na
1027,日,Na
1027,，,COMMACATEGORY
1027,門市,Nc
1027,推出,VC
1027,黑糖醇,Na
1027,奶茶,Na
1027,黑糖,Na
1027,拿,VC
1027,鐵,Na
1027,經典,Na
1027,阿華田,Nb
1027,阿華田摩卡拿鐵,Nb
1027,單杯,Na
1027,折,VC
1027,線上,Nc
1027,雲端,Nc
1027,推出,VC
1027,大,VH
1027,杯,Na
1027,美式,A
1027,拿,VC
1027,鐵,Na
1027,同品,Na
1027,項杯,Na
1027,折杯,Na
1027,折杯,Na
1027,折,VC
1027,杯折,Na
1027,///,FW
1027,▲門,Nb
1027,市享,VJ
1027,黑糖醇,Na
1027,奶茶,Na
1027,黑糖,Na
1027,拿,VC
1027,鐵,Na
1027,經典,Na
1027,阿華田,Nb
1027,阿華田摩卡拿鐵,Nb
1027,單杯,Na
1027,折,VC
1027,圖,Na
1027,業者,Na
1027,提供,VD
1027,備註,VE
1027,棒球,Na
1027,的,DE
1027,小,VH
1027,確幸,Na
1027,，,COMMACATEGORY
1027,看來看去,VA
1027,似乎,D
1027,的,DE
1027,優惠,VJ
1027,比較,Dfa
1027,實用,VH
1027,~,FW
1028,已經,D
1028,不,D
1028,太,Dfa
1028,期待,VK
1028,能,D
1028,逆轉,VA
1028,了,Di
1028,不過,Cbb
1028,強攻,VC
1028,的,DE
1028,中華隊,Na
1028,還是,D
1028,希望,VK
1028,能,D
1028,打下,VC
1028,兩,Neu
1028,分,Nf
1028,阿,T
1028,剩,VJ
1028,兩,Neu
1028,局,Nf
1028,五,Neu
1028,個,Nf
1028,出局,VH
1028,數,Na
1028,能,D
1028,破蛋,VA
1028,嗎,T
1028,卦,Na
1029,昨天,Nd
1029,贏,VD
1029,這麼多,Neqa
1029,後面,Ncd
1029,是,SHI
1029,不,D
1029,是,SHI
1029,該,D
1029,留下,VC
1029,些,Nf
1029,強,VH
1029,投下來,VC
1029,今天,Nd
1029,不會,D
1029,這麼,D
1029,慘,VH
1029,啊,T
1030,///,FW
1030,古巴,Nc
1030,大叔,Na
1030,吹,VC
1030,喇叭,Na
1030,害,VC
1030,到,P
1030,幫,P
1030,中華隊,Na
1030,帶,VC
1030,氣氛,Na
1030,///,FW
1030,正式,VH
1030,的,DE
1030,玩,VC
1030,在,P
1030,起,VC
1030,了,Di
1030,其實,D
1030,古巴,Nc
1030,大叔,Na
1030,很,Dfa
1030,可愛,VH
1030,也,D
1030,沒用,VH
1030,汽笛,Na
1030,都,D
1030,是,SHI
1030,人力,Na
1030,吹奏,VC
1030,現場,Nc
1030,兩萬,Neu
1030,台灣人,Na
1030,被,P
1030,他,Nh
1030,點穴,VB
1030,，,COMMACATEGORY
1030,不,D
1030,打,VC
1030,他,Nh
1030,就,D
1030,算了,VH
1030,還,D
1030,玩,VC
1030,在,P
1030,起,VC
1030,有,V_2
1030,沒,D
1030,有,V_2
1030,八卦,Na
1030,啊,T
1030,是否,D
1030,有,V_2
1030,專板,Na
1030,本板,Na
1030,並非,D
1030,萬能,VH
1030,問板,VA
1030,三,Neu
1030,則,Nf
1030,本,Nes
1030,看板,Na
1030,嚴格,VH
1030,禁止,VE
1030,政治,Na
1030,問卦,Na
1030,未滿,VJ
1030,繁體,Na
1030,中文字,Na
1030,水桶,Na
1030,個,DE
1030,月,Na
1030,未滿,VJ
1030,繁體,Na
1030,中文字,Na
1030,水桶,Na
1030,個,DE
1030,月,Na
1030,未滿,VJ
1030,繁體,Na
1030,中文字,Na
1030,水桶,Na
1030,個,Nf
1030,月,Na
1030,，,COMMACATEGORY
1030,嚴重,VH
1030,者,Na
1030,以,P
1030,鬧板論,Na
1031,媒體,Na
1031,來源,Na
1031,台視,Nc
1031,新聞網,Na
1031,記者,Na
1031,署名,VC
1031,責任,Na
1031,編輯,Na
1031,陳耿閔,Nb
1031,完整,VH
1031,新聞,Na
1031,標題,Na
1031,經典賽,Na
1031,晚,Nd
1031,接早,VC
1031,賽程,Na
1031,沒,VJ
1031,問題,Na
1031,吳念庭,Nb
1031,我們,Nh
1031,是,SHI
1031,職業,Na
1031,選手,Na
1031,完整,VH
1031,新聞,Na
1031,內文,Na
1031,經典,Na
1031,賽組,Na
1031,預賽,Na
1031,最後,Nd
1031,天,Na
1031,，,COMMACATEGORY
1031,台灣,Nc
1031,在,P
1031,昨晚,Nd
1031,擊敗,VC
1031,強敵,Na
1031,荷蘭,Nc
1031,後,Ng
1031,，,COMMACATEGORY
1031,今天,Nd
1031,中午,Nd
1031,將,D
1031,出戰,VC
1031,古巴,Nc
1031,，,COMMACATEGORY
1031,挑戰,VC
1031,以,P
1031,分組第,Na
1031,之,DE
1031,姿,Na
1031,晉級,VJ
1031,複賽,Na
1031,，,COMMACATEGORY
1031,面對,VC
1031,這樣,Dfa
1031,晚,VH
1031,接早,VH
1031,的,DE
1031,賽程,Na
1031,，,COMMACATEGORY
1031,除了,P
1031,將,D
1031,挑戰,VC
1031,球員,Na
1031,體力,Na
1031,，,COMMACATEGORY
1031,也,D
1031,將,D
1031,考驗,VC
1031,教練團,Na
1031,的,DE
1031,投手,Na
1031,調度,VC
1031,對,P
1031,此,Nep
1031,，,COMMACATEGORY
1031,吳念庭,Nb
1031,賽前,Nd
1031,記者會,Na
1031,受,P
1031,訪,VC
1031,表示,VE
1031,，,COMMACATEGORY
1031,身體,Na
1031,很,Dfa
1031,疲勞,VH
1031,，,COMMACATEGORY
1031,但,Cbb
1031,我們,Nh
1031,都,D
1031,是,SHI
1031,職業,Na
1031,選手,Na
1031,，,COMMACATEGORY
1031,定,D
1031,要,D
1031,適應,VJ
1031,這,Nep
1031,個,Nf
1031,問題,Na
1031,，,COMMACATEGORY
1031,沒有,VJ
1031,問題,Na
1031,吳念庭,Nb
1031,指出,VE
1031,，,COMMACATEGORY
1031,大家,Nh
1031,都,D
1031,知道,VK
1031,這,Nep
1031,場,Nf
1031,比賽,Na
1031,相當,Dfa
1031,重要,VH
1031,，,COMMACATEGORY
1031,只有,D
1031,贏,VD
1031,球,Na
1031,才,Da
1031,能,D
1031,晉級,VJ
1031,，,COMMACATEGORY
1031,選手,Na
1031,也,D
1031,都,D
1031,知道,VK
1031,這,Nep
1031,件,Nf
1031,事情,Na
1031,所以,Cbb
1031,我們,Nh
1031,剛剛,D
1031,在,P
1031,巴士,Na
1031,上,Ng
1031,也,D
1031,有,V_2
1031,喊話,VA
1031,，,COMMACATEGORY
1031,我們,Nh
1031,進來,VA
1031,球場,Nc
1031,就,D
1031,是,SHI
1031,要,D
1031,拚,VC
1031,這,Nep
1031,場,Nf
1031,，,COMMACATEGORY
1031,前進,VA
1031,東京,Nc
1031,吳念庭,Nb
1031,也,D
1031,透,VJ
1031,露,VC
1031,，,COMMACATEGORY
1031,稍早,Nd
1031,在,P
1031,巴士,Na
1031,上,Ncd
1031,吉力吉撈,Nb
1031,・,PARENTHESISCATEGORY
1031,鞏冠,Nb
1031,林子偉,Nb
1031,和,Caa
1031,張育成,Nb
1031,賽前,Nd
1031,帶隊,VA
1031,唱,VC
1031,英文,Na
1031,歌,Na
1031,，,COMMACATEGORY
1031,全,Neqa
1031,隊,Nf
1031,也,D
1031,跟著,D
1031,起喊,VA
1031,，,COMMACATEGORY
1031,展現,VC
1031,高昂,VH
1031,士氣,Na
1031,完整,VH
1031,新聞,Na
1031,連結,VC
1031,或,Caa
1031,短,VH
1031,網址,Na
1031,///,FW
1031,備註,VE
1031,沒,VJ
1031,問題,Na
1031,暫時,D
1031,落後,VJ
1031,分,VC
1031,而已,T
1032,第,Neu
1032,場,Nf
1032,打,VC
1032,巴拿馬,Nc
1032,就,D
1032,被,P
1032,慘電,VC
1032,了,Di
1032,二三,Neu
1032,場,Nf
1032,打贏,VC
1032,義大利,Nc
1032,跟,P
1032,荷蘭,Nc
1032,有,V_2
1032,些,Nf
1032,人,Na
1032,還,D
1032,說,VE
1032,這,Nep
1032,次,Nf
1032,的,DE
1032,中華隊,Na
1032,不樣,VH
1032,打擊,Na
1032,火力,Na
1032,多,Dfa
1032,猛,VH
1032,多,Dfa
1032,猛,VH
1032,結果,Dk
1032,現在,Nd
1032,對上,VC
1032,古巴,Nc
1032,就,P
1032,原形,Na
1032,畢露,VC
1032,了,Di
1032,投,VC
1032,不,D
1032,行,VC
1032,打,VC
1032,也,D
1032,不行,VH
1032,其實,D
1032,就,D
1032,是,SHI
1032,義大利,Nc
1032,荷蘭,Nc
1032,的,DE
1032,投手,Na
1032,跟,Caa
1032,守備,VA
1032,太,Dfa
1032,爛,VH
1032,而已,T
1032,並,D
1032,不,D
1032,是,SHI
1032,中華隊,Na
1032,有,V_2
1032,變,VG
1032,強,VH
1032,甚至,D
1032,還,D
1032,變爛,VH
1032,吧,T
1032,前,Nes
1032,幾,Neu
1032,屆,Nf
1032,還是,D
1032,小輸,VD
1032,幾,Neu
1032,分,Nf
1032,才,Da
1032,有,V_2
1032,鍋貼,Na
1032,的,DE
1032,說法,Na
1032,但,Cbb
1032,現在,Nd
1032,都,D
1032,大輸,VD
1032,的,DE
1032,呵呵,D
1032,~,FW
1033,被,P
1033,教練,Na
1033,雷,Nb
1033,被,P
1033,賽程,Na
1033,搞,VC
1033,還是,D
1033,盡力,VH
1033,打,VC
1033,每,Nes
1033,場,Nf
1033,球,Na
1033,這,Nep
1033,次,Nf
1033,球員,Na
1033,表現,VC
1033,分,VC
1033,教練,Na
1033,分,VC
1033,主辦,VC
1033,單位,Na
1033,分,VC
1033,裁判,Na
1033,分干,VC
1033,你們,Nh
1033,是,SHI
1033,最,Dfa
1033,棒,VH
1033,的,DE
1033,中華,Nc
1033,健兒,Na
1033,雖,Cbb
1033,敗,VH
1033,猶榮,VH
1034,樣過,VC
1034,勞樣,VH
1034,薪水,Na
1034,低,VH
1034,做,VC
1034,不,D
1034,好,VC
1034,會,D
1034,被,P
1034,罵做,VC
1034,得,DE
1034,好,VH
1034,是,SHI
1034,應該,VH
1034,的,DE
1034,會,D
1034,過勞,VH
1034,是,SHI
1034,因為,Cbb
1034,本身,Nh
1034,就,D
1034,有,V_2
1034,病,Na
1034,主辦,VC
1034,單位,Na
1034,排,VC
1034,賽程滿滿,VH
1034,台灣味,Na
1034,這樣,VH
1034,看下來,VC
1034,中華隊,Na
1034,跟,P
1034,台灣,Nc
1034,勞工,Na
1034,根本,D
1034,樣,Na
1034,吧,T
1035,小魯,Nb
1035,高雄,Nc
1035,處,Nc
1035,辣,VH
1035,正在,D
1035,看,VC
1035,全球,Nc
1035,億,Neu
1035,人,Na
1035,都,D
1035,在,P
1035,關注,VJ
1035,的,DE
1035,組戰,Na
1035,剛剛,D
1035,我們,Nh
1035,局,Nc
1035,三,Neu
1035,上,Ncd
1035,三,Neu
1035,下,Nf
1035,沒,VJ
1035,分鐘,Nf
1035,又,D
1035,換場,VA
1035,了,Di
1035,是,SHI
1035,不,D
1035,是,SHI
1035,天氣,Na
1035,熱,VHC
1035,打者,Na
1035,擔心,VK
1035,美麗,VH
1035,的,DE
1035,啦啦隊,Na
1035,們,Na
1035,太,Dfa
1035,辛苦,VHC
1035,呀,T
1035,這麼,Dfa
1035,貼心,VH
1035,的,DE
1035,舉動,Na
1035,會,D
1035,有,V_2
1035,加分,VB
1035,嗎,T
1035,有,V_2
1035,沒,D
1035,有,V_2
1035,八卦,Na
1036,每,Nes
1036,次,Nf
1036,只要,Cbb
1036,有,V_2
1036,好,VH
1036,表現,Na
1036,的,DE
1036,選手,Na
1036,和,Caa
1036,團隊,Na
1036,政治,Na
1036,人物,Na
1036,必定,D
1036,上來,VA
1036,蹭,VC
1036,熱度,Na
1036,該,D
1036,如何,D
1036,擺脫,VC
1036,不要,D
1036,跟,P
1036,我,Nh
1036,說,VE
1036,就,D
1036,拒絕,VF
1036,讓,VL
1036,政治,Na
1036,人物,Na
1036,蹭,VC
1036,熱度,Na
1036,阿~,Nb
1036,沒,D
1036,那麼,D
1036,簡單,VH
1036,那,Nep
1036,是,SHI
1036,不,D
1036,可能,VH
1036,的,DE
1036,政治,Na
1036,人物,Na
1036,百分百定,Na
1036,是,SHI
1036,會,D
1036,蹭上來,VC
1036,的,DE
1036,假設,Na
1036,我們,Nh
1036,以,P
1036,政治,Na
1036,人物,Na
1036,確定,VK
1036,已經,D
1036,過來,VA
1036,蹭,VC
1036,情況,Na
1036,下,Ng
1036,該,D
1036,如何,D
1036,擺脫,VC
1036,被,P
1036,政治,Na
1036,人物,Na
1036,蹭,VC
1036,熱度,Na
1036,日後,Nd
1036,必,D
1036,的,DE
1036,魔咒,Na
1036,當然,D
1036,不,D
1036,意外,VK
1036,三民,Nc
1036,自,P
1036,的,DE
1036,贏,VD
1036,球,Na
1036,台灣隊,Na
1036,輸球,VH
1036,就,D
1036,變,VH
1036,中華隊,Na
1036,樣,Na
1036,也,D
1036,是,SHI
1036,操作,VC
1036,得,DE
1036,很,Dfa
1036,嘻嘻,D
1036,有無,VJ
1036,八卦,Na
1037,有,V_2
1037,看,VC
1037,球賽,Na
1037,的,DE
1037,也,D
1037,知道,VK
1037,今天,Nd
1037,得,VJ
1037,古巴,Nc
1037,投手,Na
1037,手,Na
1037,上,Ncd
1037,抹,VC
1037,啥,Nep
1037,我們,Nh
1037,不,D
1037,多,D
1037,說,VE
1037,了,Di
1037,再,D
1037,配上,VC
1037,影響,VC
1037,我們,Nh
1037,台灣,Nc
1037,英雄,Na
1037,的,DE
1037,鳴笛聲,Na
1037,要,D
1037,怎麼,D
1037,打,VC
1037,我們,Nh
1037,都,D
1037,可以,D
1037,虐,VC
1037,義大利,Nc
1037,跟,P
1037,荷蘭,Nc
1037,了,T
1037,古巴,Nc
1037,只,Da
1037,敢,VL
1037,用,P
1037,這,Nep
1037,種,Nf
1037,方式,Na
1037,跟,P
1037,我們,Nh
1037,打,VC
1037,沒關係,VH
1037,抹手,VA
1037,古巴,Nc
1037,選手,Na
1037,來,VA
1037,中職,Na
1037,我們,Nh
1037,會,D
1037,用,P
1037,台式,A
1037,歡呼,VE
1037,他,Nh
1037,的,DE
1037,今天,Nd
1037,這,Nep
1037,場,Nf
1037,我們,Nh
1037,沒有,D
1037,輸,VD
1037,就,D
1037,像,VG
1037,大哥樣,Na
1037,鬼滅,VH
1037,之,DE
1037,刃,Na
1037,我們,Nh
1037,中華隊,Na
1037,白天,Nd
1037,黑夜,Nd
1037,都,D
1037,在,D
1037,奮鬥,VA
1037,你們,Nh
1037,古巴,Nc
1037,只,Da
1037,敢,VL
1037,躲,VC
1037,在,P
1037,陰暗處,Nc
1038,好,VH
1038,剛剛,D
1038,個,Nf
1038,雙殺,VC
1038,守備,VA
1038,中華隊,Na
1038,的,DE
1038,氣勢,Na
1038,被,P
1038,帶到,VCL
1038,巔峰,Na
1038,九,Neu
1038,局,Nf
1038,上,Ng
1038,逆轉,VA
1038,古巴,Nc
1038,最後,Nd
1038,守下,VC
1038,最後,Nd
1038,半,Neqa
1038,局,Nf
1038,中華隊,Na
1038,再,D
1038,戰,VC
1038,十,Neu
1038,年,Nf
1038,大家,Nh
1038,說,VE
1038,好,VH
1038,不,D
1038,好,VH
1038,八卦,Na
1039,韓國,Nc
1039,輸給,VD
1039,澳洲,Nc
1039,又,D
1039,大比,Na
1039,分輸給,VD
1039,日本,Nc
1039,基本,Na
1039,上,Ng
1039,晉級,VJ
1039,無望,VH
1039,台灣,Nc
1039,看起來,D
1039,也,D
1039,是,SHI
1039,要,D
1039,二,Neu
1039,勝,VH
1039,二,Neu
1039,負,VH
1039,輸給,VD
1039,巴拿馬,Nc
1039,跟,P
1039,古巴,Nc
1039,看起來,D
1039,下,Nes
1039,次,Nf
1039,還,D
1039,得,D
1039,從,P
1039,資格賽,Na
1039,開始,VL
1039,打,VC
1039,不過,Cbb
1039,從,P
1039,資格賽,Na
1039,開始,VL
1039,打,VC
1039,也,D
1039,不錯,VH
1039,拉,VC
1039,要是,Cbb
1039,在,P
1039,台灣,Nc
1039,主場,Na
1039,打,VC
1039,還,D
1039,能,D
1039,賺,VC
1039,門票,Na
1039,那麼,Dk
1039,問題,Na
1039,來,VA
1039,了,Di
1039,韓國,Nc
1039,跟,P
1039,台灣,Nc
1039,哪,Nep
1039,個,Nf
1039,比較,Dfa
1039,慘,VH
1040,目前,Nd
1040,中華隊,Na
1040,，,COMMACATEGORY
1040,落後,VJ
1040,分,VC
1040,大家,Nh
1040,都,D
1040,勝負,Na
1040,最後,Nd
1040,會,D
1040,以,P
1040,失分率,Na
1040,來,D
1040,比,VC
1040,如果,Cbb
1040,現在,Nd
1040,投降,VA
1040,可以,D
1040,輸,VD
1040,半,Neqa
1040,嗎,T
1040,分數,Na
1040,改成,VG
1040,失分,Na
1040,少點,Neqa
1040,比較,Dfa
1040,有利,VK
1041,強烈,VH
1041,譴責,VC
1041,褲子,Na
1041,黑黑,VH
1041,的,DE
1041,還,D
1041,能,D
1041,安全,VH
1041,下莊皿,Na
1041,沒,D
1041,搞,VC
1041,東,Ncd
1041,搞,VC
1041,西,Ncd
1041,那,Nep
1041,分,Nf
1041,就,D
1041,是,SHI
1041,中華隊,Na
1041,了,T
1041,可惜,VH
1041,了,Di
1041,又,D
1041,被,P
1041,黑,VH
1041,了,Di
1041,場,Nf
1041,我,Nh
1041,今天,Nd
1041,的,DE
1041,褲子,Na
1041,也,D
1041,是,SHI
1041,黑,VH
1041,的,DE
1042,大家,Nh
1042,午安,VH
1042,大家,Nh
1042,好,VH
1042,如果,Cbb
1042,最後,Nd
1042,中華,Nc
1042,輸古巴,Nb
1042,，,COMMACATEGORY
1042,荷蘭,Nc
1042,輸,VD
1042,義大利,Nc
1042,，,COMMACATEGORY
1042,整,Neqa
1042,個,Nf
1042,組,Nc
1042,都,D
1042,勝,VH
1042,敗,VH
1042,，隊,Na
1042,都,D
1042,是,SHI
1042,第,Neu
1042,只是,Cbb
1042,比,P
1042,失分,VH
1042,，,COMMACATEGORY
1042,中華隊,Na
1042,沒辦法,VI
1042,晉級,VJ
1042,這樣,VH
1042,大家,Nh
1042,是,SHI
1042,不,D
1042,是,SHI
1042,比較,Dfa
1042,能,D
1042,接受,VC
1043,打線,VA
1043,我,Nh
1043,覺得,VK
1043,沒,VJ
1043,什麼,Nep
1043,好,VH
1043,苛責,VC
1043,的,T
1043,了,T
1043,，,COMMACATEGORY
1043,雖然,Cbb
1043,目前,Nd
1043,還,D
1043,掛,VC
1043,蛋,Na
1043,，,COMMACATEGORY
1043,但,Cbb
1043,前,Nes
1043,三,Neu
1043,戰,Na
1043,可是,D
1043,打,VC
1043,了,Di
1043,分,VC
1043,可是,Cbb
1043,中華隊,Na
1043,的,DE
1043,投手,Na
1043,四,Neu
1043,戰,Na
1043,下來,Ng
1043,已經,D
1043,掉,VH
1043,了,Di
1043,分,VD
1043,了,Di
1043,以前,Nd
1043,台灣,Nc
1043,的,DE
1043,投手,Na
1043,有,V_2
1043,這麼,Dfa
1043,弱,VH
1043,嗎,T
1044,乳提,Na
1044,剛剛,D
1044,第九,Neu
1044,局,Nf
1044,終於,D
1044,破蛋,VA
1044,惹,VC
1044,辛苦,VHC
1044,中華隊,Na
1044,惹,VC
1044,雖,Cbb
1044,敗,VH
1044,猶榮,VH
1044,今天,Nd
1044,沒,D
1044,被,P
1044,紅色,Na
1044,閃電,D
1044,完封,VH
1044,就算,Cbb
1044,贏惹,VC
1044,有,V_2
1044,咪,FW
1044,有,V_2
1044,掛,VC
1045,看,VC
1045,個,Di
1045,棒球,Na
1045,直,D
1045,聽到,VE
1045,喇叭聲,Na
1045,個人,Nh
1045,把,P
1045,中華隊,Na
1045,吹到,VC
1045,輸掉,VJ
1045,聽,VE
1045,了,Di
1045,就,D
1045,煩,VHC
1046,說真的,Dk
1046,，,COMMACATEGORY
1046,俺日,Nd
1046,球迷,Na
1046,覺得,VK
1046,中華隊,Na
1046,的,DE
1046,場,Nc
1046,真的,D
1046,無敵,VH
1046,炒,VC
1046,已經,D
1046,看到,VE
1046,受不了,VK
1046,都,D
1046,開,VC
1046,靜音,Na
1046,看,VC
1046,巴拿馬,Nc
1046,古巴美洲,Nb
1046,球隊,Na
1046,熱情人,Na
1046,來,D
1046,瘋,VH
1046,就,D
1046,不,D
1046,太,Dfa
1046,吃,VC
1046,這,Nep
1046,套,Nf
1046,結果,Na
1046,更,Dfa
1046,瘋,VH
1046,義大利,Nc
1046,荷蘭,Nc
1046,歐洲,Nc
1046,球隊,Na
1046,就,D
1046,被,P
1046,嚇到,VJ
1046,啦,T
1046,哈哈,D
1046,哈哈,D
1046,，,COMMACATEGORY
1046,是,SHI
1046,不,D
1047,中華,Nc
1047,古巴,Nc
1047,我們,Nh
1047,在,P
1047,九,Neu
1047,局,Nf
1047,上,Nes
1047,破蛋,VA
1047,這,Nep
1047,分,Nf
1047,還是,D
1047,靠,P
1047,國防部長,Na
1047,打回來,VB
1047,的,DE
1048,前,Nes
1048,兩,Neu
1048,戰,Na
1048,打,VC
1048,那麼多,Neqa
1048,分數,Na
1048,還,D
1048,在,P
1048,主場,Na
1048,囂張,VH
1048,嗨,I
1048,什麼,Nep
1048,鬼,Na
1048,的,DE
1048,是,SHI
1048,不,D
1048,是,SHI
1048,這,Nep
1048,場,Nf
1048,被,P
1048,天罰,Na
1048,日本,Nc
1048,和,Caa
1048,美國,Nc
1048,強,VH
1048,隊,Na
1048,就算,Cbb
1048,打,VC
1048,安打,Na
1048,和,Caa
1048,全壘打,Na
1048,或是,Caa
1048,再見,VB
1048,安打,Na
1048,都,D
1048,很,Dfa
1048,冷靜,VH
1048,沒有,VJ
1048,什麼,Nep
1048,激情,Na
1048,的,DE
1048,動作,Na
1048,中華隊,Na
1048,是,SHI
1048,不,D
1048,是,SHI
1048,輸,VD
1048,在,P
1048,太白目,Na
1048,打,VC
1048,安打,Na
1048,和,Caa
1048,全壘打,Na
1048,就,D
1048,好像,D
1048,中,Ng
1048,樂透,Na
1048,依樣,D
1048,不,D
1048,懂,VK
1048,的,DE
1048,內斂,VH
1049,大家,Nh
1049,好,VH
1049,很,Dfa
1049,難過,VK
1049,但,Cbb
1049,也,D
1049,不用,D
1049,太,Dfa
1049,擔心,VK
1049,台灣,Nc
1049,中華隊,Na
1049,這,Nep
1049,次,Nf
1049,出現,VH
1049,了,Di
1049,鋒哥,Nb
1049,接班人,Na
1049,還,D
1049,有,V_2
1049,我,Nh
1049,象,Na
1049,的,DE
1049,超,VJ
1049,水準,Na
1049,演出,VC
1049,所以,Cbb
1049,的,DE
1049,中華隊,Na
1049,可以,D
1049,稱為,VG
1049,什麼,Nep
1049,世代,Na
1049,呢,T
1049,有,V_2
1049,卦,Na
1049,嗎,T
1050,我,Nh
1050,草,Na
1050,這,Nep
1050,什麼,Nep
1050,賽程,Na
1050,跟,Caa
1050,賽制,Na
1050,昨天,Nd
1050,沒,D
1050,睡飽,VH
1050,就,D
1050,要,D
1050,出來,VA
1050,打球,VA
1050,組第,Nc
1050,輸場,Nc
1050,就,D
1050,掉到,VCL
1050,最後,Nd
1050,我們,Nh
1050,啦啦隊,Na
1050,又,Caa
1050,叫,VE
1050,又,Caa
1050,跳,VA
1050,的,DE
1050,對方,Nh
1050,球迷,Na
1050,吹,VC
1050,喇叭,Na
1050,主辦,VC
1050,單位,Na
1050,不用,D
1050,管,VE
1050,的,DE
1050,應該,D
1050,要,D
1050,直接,VH
1050,判,VF
1050,死刑,Na
1050,吧,T
1050,我們,Nh
1050,投,VC
1050,的,DE
1050,這麼,Dfa
1050,好,VH
1050,主審手,Na
1050,又,D
1050,不,D
1050,舉,VC
1050,還,D
1050,有,V_2
1050,對方,Nh
1050,投手,Na
1050,褲子,Na
1050,黑黑,VH
1050,的,DE
1050,可以,D
1050,比賽,VA
1050,應該,D
1050,要,D
1050,直接,VH
1050,判,VF
1050,失格,VH
1050,吧,T
1050,台灣,Nc
1050,檢調,Na
1050,應該,D
1050,立即,D
1050,封鎖,VC
1050,球場,Nc
1050,個,Nf
1050,古巴人,Na
1050,都,D
1050,不可以,D
1050,放過,VC
1050,只要,Cbb
1050,捜,Na
1050,到,P
1050,有,V_2
1050,油,Na
1050,的,DE
1050,全部,Neqa
1050,抓起來,VB
1050,大家,Nh
1050,說,VE
1050,對,VH
1050,不,D
1050,對,VH
1051,媒體,Na
1051,來源,Na
1051,聯合,VC
1051,記者,Na
1051,署名,VC
1051,黃仲裕,Nb
1051,完整,VH
1051,新聞,Na
1051,標題,Na
1051,經典賽,Na
1051,台灣,Nc
1051,球迷,Na
1051,熱情,VH
1051,應援,VC
1051,太,Dfa
1051,大聲,VH
1051,古巴,Nc
1051,教練團,Na
1051,不滿,VK
1051,抗議,VE
1051,完整,VH
1051,新聞,Na
1051,內文,Na
1051,世界,Nc
1051,棒球,Na
1051,經典賽,Na
1051,今天,Nd
1051,中午,Nd
1051,在,P
1051,台中,Nc
1051,洲際,Nc
1051,棒球場,Nc
1051,舉行,VC
1051,中華,Nc
1051,對決,VA
1051,古巴,Nc
1051,的,DE
1051,比賽,Na
1051,，,COMMACATEGORY
1051,由於,Cbb
1051,台式,A
1051,應援,Nv
1051,太,Dfa
1051,大,VH
1051,聲,Na
1051,，,COMMACATEGORY
1051,古巴,Nc
1051,有些,Neqa
1051,水土不服,VH
1051,曾,D
1051,反應,VE
1051,音量,Na
1051,問題,Na
1051,，,COMMACATEGORY
1051,不過,Cbb
1051,由於,Cbb
1051,沒有,D
1051,違反,VJ
1051,賽事,Na
1051,規則,Na
1051,，,COMMACATEGORY
1051,所以,Cbb
1051,球迷,Na
1051,仍舊,D
1051,照常,VH
1051,為,P
1051,中華,Nc
1051,加油,VB
1051,，,COMMACATEGORY
1051,熱情,Na
1051,不,D
1051,減,VJ
1051,完整,VH
1051,新聞,Na
1051,連結,VC
1051,或,Caa
1051,短,VH
1051,網址,Na
1051,不可,D
1051,用,VC
1051,等,Cab
1051,轉載,VC
1051,媒體,Na
1051,//////,FW
1051,備註,VE
1051,有,V_2
1051,說,VE
1051,兩,Neu
1051,邊,Ncd
1051,其實,D
1051,都,D
1051,在,D
1051,大聲,VH
1051,只,Da
1051,抗議,VE
1051,喇叭,Na
1051,的,DE
1051,沒,D
1051,在,P
1051,考慮,VE
1051,人家,Nh
1051,要,D
1051,聽,VE
1051,台灣,Nc
1051,現場,Nc
1051,萬,Neu
1051,人,Na
1051,的,DE
1051,聲音,Na
1051,蠻,Dfa
1051,沒,VJ
1051,同理心,Na
1051,的,DE
1051,觀眾,Na
1051,球品,Na
1051,素質,Na
1051,真的,D
1051,有待,VK
1051,加強,VC
1052,中華隊,Na
1052,已經,D
1052,很,Dfa
1052,棒,VH
1052,了,T
1052,世界,Nc
1052,第二,Neu
1052,要,D
1052,去,D
1052,打,VC
1052,資格賽,Na
1052,經典賽,Na
1052,中止,VHC
1052,七,Neu
1052,連敗,VH
1052,這,Nep
1052,次,Nf
1052,之前,Ng
1052,四,Neu
1052,屆,Nf
1052,三,Neu
1052,勝,VH
1052,現在,Nd
1052,五,Neu
1052,屆,Nf
1052,五,Neu
1052,勝,VH
1052,五,Neu
1052,屆,Nf
1052,只,Da
1052,進,VC
1052,過,Di
1052,次,Nes
1052,複賽,Na
1052,反正,D
1052,都,D
1052,輸,VD
1052,過,Di
1052,中國,Nc
1052,法國,Nc
1052,那些,Neqa
1052,呼呼,D
1052,嘿嘿,D
1052,了,T
1052,惜,VJ
1052,敗,VH
1052,巴拿馬,Nc
1052,古巴,Nc
1052,雖,Cbb
1052,敗,VH
1052,猶榮,VH
1052,誰,Nh
1052,敢,VL
1052,再,D
1052,嘴,Na
1052,中華隊,Na
1052,試試,VC
1052,看,Di
1052,我,Nh
1052,跟,P
1052,你,Nh
1052,拚,VC
1052,了,Di
1053,新聞,Na
1053,雲,VE
1053,張育成,Nb
1053,長,VH
1053,打攻,VC
1053,破,VHC
1053,紅色,Na
1053,閃電,Na
1053,古巴,Nc
1053,終結,VC
1053,連局,Nc
1053,對戰,VA
1053,無,D
1053,得分,VH
1053,年,Na
1053,月,Na
1053,日,Na
1053,///,FW
1053,▲,P
1053,張育成,Nb
1053,圖,Na
1053,記者,Na
1053,李毓康,Nb
1053,攝,VC
1053,///,FW
1053,記者,Na
1053,楊舒帆,Nb
1053,綜合,A
1053,報導,VE
1053,經典賽,Na
1053,中華隊,Na
1053,日出,VA
1053,戰古巴,Nc
1053,，,COMMACATEGORY
1053,面對,VC
1053,投手,Na
1053,群,Na
1053,只,Da
1053,敲出,VC
1053,支,Nf
1053,安打,Na
1053,，,COMMACATEGORY
1053,遲遲,D
1053,無法,D
1053,破蛋,VA
1053,得分,VH
1053,，,COMMACATEGORY
1053,直到,P
1053,局,Nc
1053,上,Ncd
1053,靠,VJ
1053,張育成,Nb
1053,二壘,Na
1053,安打,Na
1053,送,VD
1053,回分,Na
1053,，,COMMACATEGORY
1053,這,Nep
1053,終結,Na
1053,從,P
1053,年,Na
1053,被,P
1053,古巴局,Nc
1053,完封,VH
1053,連續局,Nc
1053,無,VJ
1053,得分,VH
1053,的,DE
1053,窘境,Na
1053,中華隊,Na
1053,前,Nes
1053,次,Nf
1053,在,P
1053,經典賽,Na
1053,遭遇,VJ
1053,古巴,Nc
1053,是,SHI
1053,年前,Nd
1053,，,COMMACATEGORY
1053,當時,Nd
1053,中華隊,Na
1053,進入,VCL
1053,複賽,Na
1053,不敵,VJ
1053,日本,Nc
1053,後,Ng
1053,，,COMMACATEGORY
1053,隔天,Nd
1053,馬上,D
1053,再,D
1053,戰,VC
1053,古巴,Nc
1053,，,COMMACATEGORY
1053,遭到,VJ
1053,比提,Nb
1053,前局,Nc
1053,扣倒,VC
1053,中華隊,Na
1053,年,Nf
1053,經典賽,Na
1053,預賽,Na
1053,擊敗,VC
1053,澳洲,Nc
1053,荷蘭,Nc
1053,，,COMMACATEGORY
1053,以,P
1053,分差,Na
1053,不敵,VJ
1053,韓國,Nc
1053,，,COMMACATEGORY
1053,勝,VH
1053,敗,VH
1053,晉級,VJ
1053,第二,Neu
1053,輪,Nf
1053,，,COMMACATEGORY
1053,到,VCL
1053,日本,Nc
1053,東京,Nc
1053,巨蛋,Nc
1053,與,Caa
1053,地主,Na
1053,日本隊,Na
1053,交手,VA
1053,，,COMMACATEGORY
1053,領先,VJ
1053,到,P
1053,第,Neu
1053,局,Nf
1053,遭,P
1053,逆轉,VA
1053,隔天,Nd
1053,再,D
1053,戰古巴,Nb
1053,遭到,VJ
1053,轟砲擊,Na
1053,，,COMMACATEGORY
1053,包含,VJ
1053,本,Nes
1053,屆,Nf
1053,也,D
1053,在,P
1053,陣,Na
1053,中,Ncd
1053,的,DE
1053,德斯潘耶,Nb
1053,也,D
1053,在,P
1053,該,Nes
1053,場,Nf
1053,比賽,Na
1053,開轟,VA
1053,過,Di
1053,，,COMMACATEGORY
1053,最終,D
1053,提前,VB
1053,遭到,VJ
1053,扣倒,VC
1053,今年,Nd
1053,中華隊,Na
1053,面對,VC
1053,紅色,Na
1053,閃電,Na
1053,古巴,Nc
1053,再度,D
1053,陷入,VCL
1053,苦戰,Na
1053,，,COMMACATEGORY
1053,連局,Nb
1053,沒辦法,VI
1053,得分,VH
1053,，,COMMACATEGORY
1053,直到,P
1053,局,Nc
1053,上,Ncd
1053,，,COMMACATEGORY
1053,火球,Na
1053,男,Na
1053,馬丁尼茲,Nb
1053,í,FW
1053,登板,VA
1053,，,COMMACATEGORY
1053,台灣,Nc
1053,隊長,Na
1053,王威晨,Nb
1053,敲,VC
1053,內野,Nc
1053,安打,Na
1053,，,COMMACATEGORY
1053,隨後,Nd
1053,連,Cbb
1053,三,Neu
1053,打席,Na
1053,都,D
1053,沒,D
1053,上壘,VA
1053,的,DE
1053,張育成,Nb
1053,突破,VC
1053,公里,Nf
1053,火球,Na
1053,，,COMMACATEGORY
1053,掃出,VC
1053,中外野,Nc
1053,深遠,VH
1053,二壘,Na
1053,安打,Na
1053,得分,VH
1053,，,COMMACATEGORY
1053,為,P
1053,中華隊,Na
1053,終結,VC
1053,對,P
1053,戰,Na
1053,無,D
1053,失分,VH
1053,的,DE
1053,紀,Na
1053,錄,VC
1053,////,FW
1054,目前,Nd
1054,看來,D
1054,中華隊,Na
1054,的,DE
1054,路程,Na
1054,就,D
1054,到,P
1054,此,Nep
1054,為止,Ng
1054,了,T
1054,那,Dk
1054,接下來,D
1054,要,D
1054,幫,P
1054,誰,Nh
1054,加油,VB
1054,是,SHI
1054,要,D
1054,幫,P
1054,大聯盟,Na
1054,全,Neqa
1054,明星隊,Nb
1054,的,DE
1054,美國,Nc
1054,爸爸,Na
1054,加油,VB
1054,還是,D
1054,幫,P
1054,直,D
1054,跟,P
1054,我們,Nh
1054,很,Dfa
1054,好,VH
1054,的,DE
1054,日本,Nc
1054,加油,VB
1055,從,P
1055,賽前,Nd
1055,不,D
1055,被,P
1055,看好,VJ
1055,到,P
1055,第,Neu
1055,場,Nf
1055,對,P
1055,巴拿馬,Nc
1055,更,Dfa
1055,是,SHI
1055,大輸,VD
1055,堆,Nf
1055,人,Na
1055,覺得,VK
1055,不期不待,VH
1055,可能,D
1055,要,D
1055,以,P
1055,戰敗,VH
1055,作收,VH
1055,結果,Dk
1055,後,Ng
1055,面對到,VC
1055,陣容,Na
1055,堅強,VH
1055,的,DE
1055,義大利,Nc
1055,跟,Caa
1055,荷蘭,Nc
1055,幾度,D
1055,逆風,D
1055,之下,Ng
1055,居然,D
1055,都,D
1055,還,D
1055,打,VC
1055,得,DE
1055,有聲有色,VH
1055,分組,VB
1055,排名,VG
1055,更度,Na
1055,位居,VCL
1055,第,Neu
1055,今天,Nd
1055,雖然,Cbb
1055,敗給,VJ
1055,古巴,Nc
1055,但,Cbb
1055,覺得,VK
1055,可以,VH
1055,了,T
1055,啦,T
1055,本,Nes
1055,屆,Nf
1055,的,DE
1055,鍋貼,Na
1055,似乎,D
1055,沒有,D
1055,想像,VK
1055,中,Ng
1055,的,DE
1055,難吃,VH
1055,眾,A
1055,鄉民,Na
1055,覺得,VK
1055,這,Nep
1055,次,Nf
1055,的,DE
1055,是,SHI
1055,誰,Nh
1055,有,V_2
1055,沒,D
1055,有,V_2
1055,八卦,Na
1055,阿肥,Nb
1055,我,Nh
1055,覺得,VK
1055,就,D
1055,是,SHI
1055,賽前度,Na
1055,引發,VC
1055,爭議,Na
1055,的,DE
1055,辣,VH
1055,個,Di
1055,男人,Na
1055,張育成,Nb
1055,，,COMMACATEGORY
1055,我,Nh
1055,的,DE
1055,超人,VH
1056,原來,D
1056,大家,Nh
1056,嘴巴,Na
1056,喊,VE
1056,中華隊,Na
1056,加油,VB
1056,其實,D
1056,早,D
1056,都,D
1056,跑去,VCL
1056,買,VC
1056,古巴,Nc
1056,贏,VD
1056,了,Di
1056,果然,D
1056,加油,VB
1056,歸,VJ
1056,加油,VB
1056,贏錢,VA
1056,還是,D
1056,比較,Dfa
1056,爽,VH
1056,中華隊,Na
1056,就,D
1056,不要,D
1056,浪費,VC
1056,錢,Na
1056,出國,VA
1056,了,Di
1056,先,D
1056,不,D
1056,說,VE
1056,了,Di
1056,小妹,Na
1056,也,D
1056,要,D
1056,去,D
1056,排隊,VA
1056,了,Di
1056,晚上,Nd
1056,給,VD
1056,我們,Nh
1056,家,Nc
1056,的,DE
1056,招財貓,Na
1056,加菜,VA
1056,///,FW
1057,中華隊,Na
1057,經典賽,Na
1057,的,DE
1057,賽程,Na
1057,已經,D
1057,結束,VHC
1057,接下來,D
1057,誰,Nh
1057,贏,VD
1057,誰,Nh
1057,輸,VD
1057,跟,P
1057,我們,Nh
1057,沒,VJ
1057,什麼,Nep
1057,關係,Na
1057,不過,Cbb
1057,還是,D
1057,要,D
1057,提醒,VE
1057,大家,Nh
1057,明天,Nd
1057,是,SHI
1057,星期,Na
1057,要,D
1057,好好,D
1057,為,P
1057,賣命,VH
1058,平心而論,VA
1058,這,Nep
1058,次,Nf
1058,沒有,D
1058,亂成,VG
1058,鍋粥,Na
1058,應該,D
1058,有,V_2
1058,個,Nf
1058,分,VD
1058,了,Di
1058,吧,T
1058,旅長,Na
1058,如果,Cbb
1058,也,D
1058,入隊,VA
1058,就,D
1058,絕對,D
1058,超過,VJ
1058,分,VC
1058,搞,VC
1058,事,Na
1058,的,DE
1058,就,D
1058,不,D
1058,說,VE
1058,是,SHI
1058,誰,Nh
1058,了,T
1058,每,D
1058,推發,VC
1058,稅,Na
1058,後,Ng
1058,發,VD
1058,個,Nf
1058,跳到,VCL
1058,好,Dfa
1058,累,VHC
1058,回家,VA
1058,發,VD
1058,育成,VC
1058,不要,D
1058,哭,VA
1058,了,Di
1058,啦,T
1059,中華隊,Na
1059,奇幻,VH
1059,旅程,Na
1059,結束,VHC
1059,了,Di
1059,要,D
1059,面對,VC
1059,現實,Na
1059,世界,Nc
1059,面對,VC
1059,明天,Nd
1059,股市,Nc
1059,波動,VAC
1059,和,Caa
1059,缺,VJ
1059,水,Na
1059,缺,VJ
1059,蛋,Na
1059,甚至,D
1059,缺,VJ
1059,電,Na
1059,什麼,Nep
1059,都,D
1059,缺,VJ
1059,的,DE
1059,以及,Caa
1059,中國,Nc
1059,武力,Na
1059,威脅,Na
1059,，,COMMACATEGORY
1059,看來,D
1059,也,D
1059,準備,VC
1059,另,Nes
1059,場,Nf
1059,真,D
1059,正,VH
1059,意義,Na
1059,上,Ng
1059,的,DE
1059,備戰,VA
1059,了,Di
1059,有,V_2
1059,沒,D
1059,有,V_2
1059,這,Nep
1059,方面,Na
1059,的,DE
1059,八卦,Na
1060,台灣,Nc
1060,棒球,Na
1060,世界,Nc
1060,第二,Neu
1060,，,COMMACATEGORY
1060,今年,Nd
1060,陣容,Na
1060,所向無敵,VH
1060,，,COMMACATEGORY
1060,今天,Nd
1060,怎麼,D
1060,會,D
1060,打,VC
1060,得,DE
1060,這麼,Dfa
1060,荒腔走板,VH
1060,，,COMMACATEGORY
1060,定,D
1060,是,SHI
1060,妳們,Nh
1060,啦啦隊,Na
1060,穿,VC
1060,的,DE
1060,不,D
1060,夠,Dfa
1060,性感,VH
1060,，,COMMACATEGORY
1060,舞,Na
1060,跳,VA
1060,得,DE
1060,也,D
1060,不,D
1060,夠,Dfa
1060,性感,VH
1060,讓,VL
1060,我們,Nh
1060,台灣,Nc
1060,男棒球,Na
1060,士氣,Na
1060,低迷,VH
1060,，,COMMACATEGORY
1060,沒有,D
1060,讓,VL
1060,我們,Nh
1060,男棒,Na
1060,成員,Na
1060,們,Na
1060,眼睛,Na
1060,吃,VC
1060,冰淇淋,Na
1060,該,D
1060,當,P
1060,何罪,D
1060,中華隊,Na
1060,們,Na
1060,辛苦,VHC
1060,了,T
1060,，,COMMACATEGORY
1060,下,Nes
1060,屆,Nf
1060,把,P
1060,這,Nep
1060,群,Nf
1060,啦啦隊,Na
1060,全部,Neqa
1060,換掉,VC
1060,，,COMMACATEGORY
1060,穿,VC
1060,泳裝,Na
1060,來,D
1060,跳,VA
1060,我們,Nh
1060,定,D
1060,拿,VC
1060,冠軍,Na
1061,中華隊,Na
1061,雖然,Cbb
1061,第,Neu
1061,天,Nf
1061,遇到,VC
1061,亂流,Na
1061,雖然,Cbb
1061,後面,Ncd
1061,回穩,VH
1061,贏,VD
1061,了,Di
1061,場,Nf
1061,今天,Nd
1061,打,VC
1061,古巴,Nc
1061,可惜,VH
1061,打線,VA
1061,熄火,VH
1061,投手,Na
1061,丟分,VH
1061,多,D
1061,止步,VA
1061,首,Nes
1061,輪,Nf
1061,經典賽,Na
1061,現在,Nd
1061,大家,Nh
1061,應該,D
1061,換,VC
1061,寄生,VA
1061,到,P
1061,哪,Nep
1061,隊,Nf
1061,呢,T
1062,這樣,VH
1062,的,DE
1062,~,FW
1062,看完,VC
1062,比賽,Na
1062,古巴,Nc
1062,贏,VD
1062,中華隊,Na
1062,就,P
1062,結局,Na
1062,而言,Ng
1062,古巴,Nc
1062,有給,A
1062,地主國,Na
1062,個面子,Na
1062,至少,Da
1062,對方,Nh
1062,拿,VC
1062,個,Nf
1062,分,Nf
1062,也,D
1062,沒,D
1062,給,VD
1062,地主國,Na
1062,扣倒,VC
1062,這樣,VH
1062,結局,Na
1062,已經,D
1062,算是,VG
1062,皆大歡喜,VH
1062,惹,VC
1062,感謝,VK
1062,分享,VJ
1062,是否,D
1062,有,V_2
1062,專板,Na
1062,本板,Na
1062,並非,D
1062,萬能,VH
1062,問板,VA
1062,三,Neu
1062,則,Nf
1062,本,Nes
1062,看板,Na
1062,嚴格,VH
1062,禁止,VE
1062,政治,Na
1062,問卦,Na
1062,未滿,VJ
1062,繁體,Na
1062,中文字,Na
1062,水桶,Na
1062,個,DE
1062,月,Na
1062,未滿,VJ
1062,繁體,Na
1062,中文字,Na
1062,水桶,Na
1062,個,DE
1062,月,Na
1062,未滿,VJ
1062,繁體,Na
1062,中文字,Na
1062,水桶,Na
1062,個,Nf
1062,月,Na
1062,，,COMMACATEGORY
1062,嚴重,VH
1062,者,Na
1062,以,P
1062,鬧板論,Na
1063,其實,D
1063,總結,VC
1063,起來,Di
1063,，,COMMACATEGORY
1063,這,Nep
1063,屆,Nf
1063,的,DE
1063,台灣隊,Na
1063,打者,Na
1063,表現,VC
1063,非常,Dfa
1063,不錯,VH
1063,，,COMMACATEGORY
1063,有,V_2
1063,長打,Na
1063,製造,VC
1063,大局,Na
1063,的,DE
1063,能力,Na
1063,，,COMMACATEGORY
1063,屢屢,D
1063,給,VD
1063,球迷,Na
1063,希望,VK
1063,可惜,VH
1063,的,DE
1063,是,SHI
1063,，,COMMACATEGORY
1063,中華隊,Na
1063,的,DE
1063,投手,Na
1063,沒有,VJ
1063,辦法,Na
1063,守住,VC
1063,失分,Na
1063,更,Dfa
1063,糟糕,VH
1063,的,DE
1063,是,SHI
1063,，,COMMACATEGORY
1063,中國,Nc
1063,台北隊,Na
1063,的,DE
1063,教練團,Na
1063,，,COMMACATEGORY
1063,調度,VC
1063,失常,VH
1063,，,COMMACATEGORY
1063,輸,VD
1063,了,Di
1063,不,D
1063,該,D
1063,輸,VD
1063,的,DE
1063,比賽,Na
1063,希望,VK
1063,下,Nes
1063,屆,Nf
1063,的,DE
1063,賽事,Na
1063,，,COMMACATEGORY
1063,投手,Na
1063,跟,P
1063,教練,Na
1063,的,DE
1063,表現,Na
1063,能,D
1063,跟,P
1063,台灣隊,Na
1063,的,DE
1063,打者,Na
1063,樣,Na
1063,出色,VH
1063,繼續,VF
1063,加油,VB
1064,昨天,Nd
1064,第,Neu
1064,次,Nf
1064,跟,P
1064,朋友,Na
1064,看,VC
1064,棒球,Na
1064,看到,VE
1064,張,Nb
1064,什麼,Nep
1064,成,VH
1064,的,DE
1064,轟出,VC
1064,四,Neu
1064,分,Nf
1064,打,VC
1064,我,Nh
1064,就,D
1064,在,D
1064,想,VE
1064,為啥,D
1064,不,D
1064,每,Nes
1064,次,Nf
1064,都,D
1064,轟出,VC
1064,全壘打,Na
1064,就,D
1064,好,VH
1064,我,Nh
1064,現在,Nd
1064,聯絡,VC
1064,中華隊,Na
1064,教練,Na
1064,來得及,VH
1064,嗎,T
1065,這,Nep
1065,次,Nf
1065,我,Nh
1065,給,P
1065,中華隊,Na
1065,表現,VC
1065,分,VC
1065,還是,D
1065,不,D
1065,及格,VH
1065,好,Dfa
1065,想,VE
1065,中華隊,Na
1065,進入,VCL
1065,複賽,Na
1065,喔,T
1065,第,Neu
1065,場,Nf
1065,輸,VD
1065,巴拿馬,Nc
1065,，,COMMACATEGORY
1065,真是,D
1065,打,VC
1065,得,DE
1065,真,D
1065,爛,VH
1065,，,COMMACATEGORY
1065,第,Neu
1065,場,Nf
1065,賽,Na
1065,，,COMMACATEGORY
1065,本該,D
1065,拿,VC
1065,巴拿馬,Nc
1065,開刀,VB
1065,，,COMMACATEGORY
1065,給,VD
1065,果,Na
1065,是,SHI
1065,大輸,VD
1065,第二,Neu
1065,場,Nf
1065,打,VC
1065,得,DE
1065,真,D
1065,棒,VH
1065,，,COMMACATEGORY
1065,沒有,D
1065,因,Cbb
1065,第,Neu
1065,場,Nf
1065,輸球,VH
1065,，,COMMACATEGORY
1065,氣勢,Na
1065,崩掉,VH
1065,第三,Neu
1065,場,Nf
1065,也,D
1065,打,VC
1065,得,DE
1065,不錯,VH
1065,第四,Neu
1065,場,Nf
1065,對,VC
1065,古巴,Nc
1065,，,COMMACATEGORY
1065,雖然,Cbb
1065,賽前,Nd
1065,就,D
1065,預估,VE
1065,會,D
1065,輸,VD
1065,，,COMMACATEGORY
1065,結果,Dk
1065,還是,D
1065,沒,D
1065,打好,VC
1065,，,COMMACATEGORY
1065,輸慘,VJ
1065,了,Di
1065,希望,VK
1065,中華隊,Na
1065,可以,D
1065,考慮,VE
1065,請,VF
1065,國外,Nc
1065,教練,Na
1065,當,VG
1065,總教練,Na
1065,好好,VH
1065,規劃,VC
1065,下,Nes
1065,次,Nf
1065,要,D
1065,如何,D
1065,進入,VCL
1065,複賽,Na
1065,，,COMMACATEGORY
1065,我,Nh
1065,只,Da
1065,要求,VF
1065,能,D
1065,進入,VCL
1065,前,Nes
1065,四,Neu
1065,名,Nf
1065,輸,VD
1065,了,Di
1065,就,D
1065,是,SHI
1065,輸,VD
1065,了,Di
1065,期待,VK
1065,下,Nes
1065,次,Nf
1066,在,P
1066,這麼,Dfa
1066,重要,VH
1066,的,DE
1066,國際賽,Na
1066,事,Na
1066,就算,Cbb
1066,是,SHI
1066,平日,Nd
1066,不,D
1066,看,VC
1066,棒球,Na
1066,的,DE
1066,般人,Na
1066,想,VE
1066,共襄盛舉,VA
1066,，,COMMACATEGORY
1066,幫,P
1066,中華隊,Na
1066,加油,VB
1066,難道,D
1066,不行,VH
1066,嗎,T
1066,為,P
1066,啥,Nep
1066,棒球版,Na
1066,這麼,D
1066,討厭,VK
1066,日,Nc
1066,球迷,Na
1067,昨天,Nd
1067,人生,Na
1067,第,Neu
1067,次,Nf
1067,買,VC
1067,運彩,Na
1067,除了,P
1067,古巴,Nc
1067,贏,VD
1067,還,D
1067,下,Nes
1067,第,Neu
1067,局,Nf
1067,和,Caa
1067,勝分,Na
1067,想,VE
1067,說,VE
1067,中華隊,Na
1067,應該,D
1067,不會,D
1067,輸,VD
1067,太,Dfa
1067,慘,VH
1067,現在,Nd
1067,我,Nh
1067,賠,VD
1068,看完,VC
1068,這,Nep
1068,屆,Nf
1068,台灣,Nc
1068,的,DE
1068,比賽,Na
1068,發現,VE
1068,張育成,Nb
1068,打,VC
1068,太多,Neqa
1068,分,VD
1068,了,Di
1068,吧,T
1068,義大利場,Nc
1068,是,SHI
1068,追平,VC
1068,砲,Na
1068,荷蘭場,Nc
1068,扣掉,VC
1068,滿貫砲,Na
1068,誰,Nh
1068,贏,VD
1068,還,D
1068,不,D
1068,知道,VK
1068,古巴場,Nc
1068,唯,Da
1068,分,VC
1068,也,D
1068,是,SHI
1068,張打,VC
1068,的,DE
1068,說到底,Dk
1068,萬,Neu
1068,張育成,Nb
1068,當初,Nd
1068,沒,D
1068,打,VC
1068,台灣,Nc
1068,這,Nep
1068,屆,Nf
1068,會不會,D
1068,全,Neqa
1068,敗,VH
1068,阿,T
1069,安我日,Nd
1069,球迷,Na
1069,啦,T
1069,昨晚,Nd
1069,中華隊,Na
1069,打,VC
1069,荷蘭,Nc
1069,首,Nes
1069,局,Nf
1069,失分,Na
1069,我,Nh
1069,以為,VE
1069,又,D
1069,要,VC
1069,了,Di
1069,聽,VE
1069,朋友,Na
1069,講好險,Na
1069,林書豪,Nb
1069,在,P
1069,牛棚,Na
1069,準備,VC
1069,了,Di
1069,中繼,Na
1069,上場,VA
1069,投,VC
1069,了,Di
1069,個,Nf
1069,絕殺,VH
1069,三,Neu
1069,分,Nf
1069,帶領,VF
1069,隊友,Na
1069,拿下,VC
1069,賽事,Na
1069,對了,I
1069,我,Nh
1069,昨晚,Nd
1069,看,VC
1069,整,Neqa
1069,晚,Nf
1069,還是,D
1069,不,D
1069,懂,VK
1069,什麼,Nep
1069,是,SHI
1069,越位,VA
1070,變化球,Na
1070,投,VC
1070,那麼,D
1070,棒,VH
1070,中華隊,Na
1070,就,D
1070,是,SHI
1070,打,VC
1070,不,D
1070,到,VC
1070,我,Nh
1070,就,D
1070,問,VE
1070,變化球,Na
1070,投,VC
1070,太,Dfa
1070,好,VH
1070,到底,D
1070,是,SHI
1070,不,D
1070,是,SHI
1070,用,VC
1070,了,Di
1070,外來,A
1070,物質,Na
1071,會不會,D
1071,有,V_2
1071,種,Nf
1071,劇本,Na
1071,今天,Nd
1071,晚上,Nd
1071,義大利,Nc
1071,完封,VH
1071,荷蘭,Nc
1071,摳鬥,VA
1071,以,P
1071,失分差,Na
1071,來,D
1071,說,VE
1071,難道,D
1071,中華隊,Na
1071,還是,D
1071,沒,VJ
1071,機會,Na
1071,嗎,T
1072,媒體,Na
1072,來源,Na
1072,今日,Nd
1072,新聞,Na
1072,記者,Na
1072,署名,VC
1072,張志浩,Nb
1072,完整,VH
1072,新聞,Na
1072,標題,Na
1072,經典賽,Na
1072,張育成,Nb
1072,哭,VA
1072,了,Di
1072,中華,Nc
1072,不敵,VJ
1072,古巴,Nc
1072,全,Neqa
1072,台,Nc
1072,球迷,Na
1072,都,D
1072,心碎,VH
1072,完整,VH
1072,新聞,Na
1072,內文,Na
1072,世界,Nc
1072,棒球,Na
1072,經典,Na
1072,賽組,Na
1072,預賽,Na
1072,來到,VCL
1072,最後天,Nd
1072,的,DE
1072,賽程,Na
1072,，,COMMACATEGORY
1072,今天,Nd
1072,中華隊,Na
1072,面對,VC
1072,中美洲,Nc
1072,勁旅,Na
1072,古巴隊,Na
1072,，,COMMACATEGORY
1072,中,Nc
1072,華隊,Na
1072,派出,VC
1072,陳仕朋,Nb
1072,先發,VA
1072,，,COMMACATEGORY
1072,古巴局,Nc
1072,下,Ncd
1072,靠,P
1072,安打,Na
1072,失誤,Na
1072,和,Caa
1072,全壘打,Na
1072,先,D
1072,拿下,VC
1072,分,Nf
1072,，,COMMACATEGORY
1072,前,Nes
1072,兩,Neu
1072,局,Nf
1072,就,D
1072,取得,VC
1072,比,P
1072,領先,VJ
1072,，,COMMACATEGORY
1072,局下,Nc
1072,古巴,Nc
1072,再,D
1072,添分,VA
1072,，,COMMACATEGORY
1072,中華隊,Na
1072,路,Na
1072,落後,VJ
1072,但,Cbb
1072,局,Nc
1072,仍,D
1072,靠,VJ
1072,著,Di
1072,張育成,Nb
1072,適時,D
1072,安打,Na
1072,拿下,VC
1072,分,Nf
1072,，,COMMACATEGORY
1072,回饋,VC
1072,全,Neqa
1072,台力挺,Nb
1072,的,DE
1072,球迷,Na
1072,，,COMMACATEGORY
1072,但,Cbb
1072,可惜,VH
1072,最終,D
1072,仍,D
1072,以,P
1072,比,P
1072,輸球,VH
1072,收場,VH
1072,，,COMMACATEGORY
1072,而,Cbb
1072,本,Nes
1072,屆,Nf
1072,打擊,Na
1072,狀況,Na
1072,最好,D
1072,還,D
1072,有,V_2
1072,滿貫砲,Na
1072,演出,Na
1072,，,COMMACATEGORY
1072,被,P
1072,台灣,Nc
1072,球迷,Na
1072,封為,VG
1072,國防部長,Na
1072,的,DE
1072,張育成,Nb
1072,也,D
1072,落下,VAC
1072,男兒,Na
1072,淚,Na
1072,，,COMMACATEGORY
1072,讓,VL
1072,全,Neqa
1072,台,Nc
1072,球迷,Na
1072,感到,VK
1072,心疼,VJ
1072,不已,Dfb
1072,完整,VH
1072,新聞,Na
1072,連結,VC
1072,或,Caa
1072,短,VH
1072,網址,Na
1072,不可,D
1072,用,VC
1072,等,Cab
1072,轉載,VC
1072,媒體,Na
1072,/////,FW
1072,備註,VE
1072,///,FW
1073,如,P
1073,題,Na
1073,這,Nep
1073,次,Nf
1073,的,DE
1073,台灣區,Nc
1073,賽事,Na
1073,是,SHI
1073,由,P
1073,悍創,Nb
1073,運動,Na
1073,行銷,Na
1073,來,D
1073,承接,VJ
1073,間,Ncd
1073,小小,VH
1073,的,DE
1073,行銷,Na
1073,公司,Nc
1073,可以,D
1073,承接,VJ
1073,這,Nep
1073,種,Nf
1073,級賽事,Na
1073,結果,Dk
1073,商品,Na
1073,弄到,VC
1073,沒,VJ
1073,人,Na
1073,想,VE
1073,買,VC
1073,進場,VA
1073,的,DE
1073,票貴,Na
1073,到,VCL
1073,天際,Nc
1073,外,Ncd
1073,也,D
1073,沒有,VJ
1073,任何,Neqa
1073,吸引人,VH
1073,的,DE
1073,贈品,Na
1073,說真的,Dk
1073,行銷,Na
1073,也,D
1073,是,SHI
1073,半調子,VH
1073,，,COMMACATEGORY
1073,那,Nep
1073,個,Nf
1073,行銷,Na
1073,活動,Na
1073,就算,Cbb
1073,叫,VG
1073,統,VHC
1073,的,DE
1073,行銷,Na
1073,來,D
1073,做,VC
1073,也,D
1073,做,VE
1073,得,DE
1073,出來,VA
1073,最,Dfa
1073,重要,VH
1073,的,DE
1073,賽程,Na
1073,居然,D
1073,這樣,VH
1073,搞,VC
1073,自己,Nh
1073,的,DE
1073,地主國,Na
1073,，,COMMACATEGORY
1073,請問,VE
1073,悍創,Nb
1073,是,SHI
1073,憑著,P
1073,哪,Nep
1073,點,Nf
1073,接到,VC
1073,這,Nep
1073,個,Nf
1073,業務,Na
1073,的,DE
1073,還是,D
1073,真的,D
1073,沒有,VJ
1073,其他,Neqa
1073,公司,Nc
1073,了,T
1073,這,Nep
1073,個,Nf
1073,有,D
1073,掛,VC
1073,嗎,T
1074,安安,Nb
1074,大家,Nh
1074,好,VH
1074,這,Nep
1074,次,Nf
1074,張育成,Nb
1074,在,P
1074,面對,VC
1074,堆,Nf
1074,大聯盟,Na
1074,等級,Na
1074,的,DE
1074,的,DE
1074,投手,Na
1074,打出,VC
1074,的,DE
1074,打擊率,Na
1074,有,V_2
1074,沒有,VJ
1074,打擊率,Na
1074,有,V_2
1074,多,Dfa
1074,屌,FW
1074,的,DE
1074,八卦,Na
1075,組,Nc
1075,快,D
1075,結束,VHC
1075,了,T
1075,阿肥,Nb
1075,還,D
1075,沒,D
1075,進場,VA
1075,看,VC
1075,過,Di
1075,球,Na
1075,想,VE
1075,趁,P
1075,最,Dfa
1075,後,Ncd
1075,場,Nc
1075,看看,VC
1075,身手,Na
1075,現場,Nc
1075,有,V_2
1075,票,Na
1075,可以,D
1075,買,VC
1075,嗎,T
1075,會不會,D
1075,撲空,VH
1076,經典賽,Na
1076,東京,Nc
1076,夢碎,Na
1076,中華隊,Na
1076,投手,Na
1076,崩盤,VH
1076,慘遭,P
1076,古巴,Nc
1076,轟爆,VC
1076,落敗,VH
1076,今日,Nd
1076,新聞,Na
1076,記者,Na
1076,吳政紘,Nb
1076,年,Na
1076,經典,Na
1076,賽組,Na
1076,預賽,Na
1076,最,Dfa
1076,後,Ncd
1076,場,Nc
1076,，,COMMACATEGORY
1076,傳統,VH
1076,好,VH
1076,戲,Na
1076,中,Ng
1076,古大戰,Nb
1076,登場,VA
1076,，,COMMACATEGORY
1076,誰,Nh
1076,贏,VD
1076,誰,Nh
1076,就,D
1076,還,D
1076,有,V_2
1076,晉級,VJ
1076,機會,Na
1076,，,COMMACATEGORY
1076,結果,Dk
1076,中華隊,Na
1076,先發,VA
1076,投手,Na
1076,陳仕朋,Nb
1076,僅,Da
1076,投局,VA
1076,就,D
1076,失分,VH
1076,退場,VA
1076,，,COMMACATEGORY
1076,終場,Na
1076,中華隊,Na
1076,就,D
1076,以,P
1076,落敗,VH
1076,，,COMMACATEGORY
1076,恐怕,D
1076,無緣,VH
1076,東京,Nc
1076,巨蛋,Nc
1076,，,COMMACATEGORY
1076,無法,D
1076,重演,VC
1076,年前,Nd
1076,中華隊,Na
1076,晉級,VJ
1076,美,Nc
1076,夢,Na
1076,中華隊,Na
1076,年前,Nd
1076,不但,Cbb
1076,擊敗,VC
1076,澳洲,Nc
1076,荷蘭,Nc
1076,等,Cab
1076,隊,Na
1076,，,COMMACATEGORY
1076,雖然,Cbb
1076,輸給,VD
1076,韓國,Nc
1076,，,COMMACATEGORY
1076,但,Cbb
1076,順利,VH
1076,前進,VA
1076,東京,Nc
1076,巨蛋,Nc
1076,，,COMMACATEGORY
1076,並,Cbb
1076,跟,P
1076,日本,Nc
1076,展開,VC
1076,經典,Na
1076,大戰,Na
1076,，,COMMACATEGORY
1076,最後,Nd
1076,日本,Nc
1076,才,Da
1076,在,P
1076,延長賽,Na
1076,險勝,VH
1076,中華隊,Na
1076,不過,Cbb
1076,這,Nep
1076,次,Nf
1076,經典賽,Na
1076,，,COMMACATEGORY
1076,中華隊,Na
1076,首,Nes
1076,戰,Na
1076,就,D
1076,以,P
1076,大,VH
1076,比分,Na
1076,落敗,VH
1076,不敵,VJ
1076,巴拿馬,Nc
1076,，,COMMACATEGORY
1076,但,Cbb
1076,對,P
1076,義大利,Nc
1076,以,P
1076,贏,VD
1076,球,Na
1076,，,COMMACATEGORY
1076,昨天,Nd
1076,再,D
1076,以,P
1076,擊倒,VC
1076,荷蘭,Nc
1076,，,COMMACATEGORY
1076,眼看,VE
1076,有,V_2
1076,機會,Na
1076,晉級,VJ
1076,，,COMMACATEGORY
1076,但,Cbb
1076,沒想到,D
1076,晚,Nd
1076,接早,VC
1076,賽程,Na
1076,，,COMMACATEGORY
1076,中華隊,Na
1076,真的,D
1076,適應,VJ
1076,不良,VH
1076,，,COMMACATEGORY
1076,直接,VH
1076,被,P
1076,打回,VCL
1076,原形,Na
1076,局下,Nc
1076,中華隊,Na
1076,先發,VA
1076,投手,Na
1076,陳仕朋,Nb
1076,在,P
1076,出局,VH
1076,時,Ng
1076,被,P
1076,敲,VC
1076,二壘,Na
1076,安打,Na
1076,，,COMMACATEGORY
1076,接著,D
1076,下棒,Nb
1076,雖,Cbb
1076,擊出,VC
1076,滾,VA
1076,地球,Na
1076,，,COMMACATEGORY
1076,但,Cbb
1076,游擊手,Na
1076,江坤宇,Nb
1076,發生,VJ
1076,傳,VD
1076,球,Na
1076,失誤,Na
1076,，,COMMACATEGORY
1076,再,D
1076,被,P
1076,日職,Na
1076,強棒,Na
1076,敲,VC
1076,二壘,Na
1076,安打,Na
1076,掉分,VH
1076,，,COMMACATEGORY
1076,又,D
1076,被,P
1076,敲分,VC
1076,砲,Na
1076,，,COMMACATEGORY
1076,讓,VL
1076,中華隊,Na
1076,以,P
1076,落後,VJ
1076,局下,Nc
1076,古巴隊,Na
1076,也,D
1076,再度,D
1076,搶攻,VCL
1076,，,COMMACATEGORY
1076,連續,A
1076,安打,Na
1076,搶佔,VC
1076,三壘,Na
1076,，,COMMACATEGORY
1076,敲出,VC
1076,內野,Nc
1076,滾地球,Na
1076,，,COMMACATEGORY
1076,再,D
1076,追加,VC
1076,分數,Na
1076,，,COMMACATEGORY
1076,陳仕朋,Nb
1076,就,D
1076,退場,VA
1076,，,COMMACATEGORY
1076,換上,VC
1076,陳冠偉,Nb
1076,後,Ng
1076,，,COMMACATEGORY
1076,中華隊,Na
1076,又,D
1076,失分,VH
1076,，,COMMACATEGORY
1076,被,P
1076,古,Nd
1076,巴新,Nb
1076,飛彈,Na
1076,開轟,VA
1076,局,Nc
1076,中華隊,Na
1076,換投,VC
1076,後,Ng
1076,，,COMMACATEGORY
1076,王維中,Nb
1076,又,D
1076,被,P
1076,敲出,VC
1076,二壘,Na
1076,安打,Na
1076,，,COMMACATEGORY
1076,補上,VC
1076,安打,Na
1076,拉開,VC
1076,比,P
1076,數到,VC
1076,古巴隊,Na
1076,全,Neqa
1076,隊,Nf
1076,支,VC
1076,安打,Na
1076,，,COMMACATEGORY
1076,還,D
1076,有,V_2
1076,都,D
1076,有,V_2
1076,開轟,VA
1076,，,COMMACATEGORY
1076,大聯盟,Na
1076,打線,VA
1076,更為,Dfa
1076,完整,VH
1076,中華隊,Na
1076,打線,VA
1076,完全,D
1076,遭到,VJ
1076,封鎖,VC
1076,，,COMMACATEGORY
1076,古巴,Nc
1076,先發,VA
1076,投手,Na
1076,雷法嫕,Nb
1076,先發局,Nc
1076,無,D
1076,失分,VH
1076,，,COMMACATEGORY
1076,被,P
1076,打,VC
1076,安打,Na
1076,，,COMMACATEGORY
1076,共用球,Na
1076,，,COMMACATEGORY
1076,三振,VC
1076,，,COMMACATEGORY
1076,保送,VC
1076,，,COMMACATEGORY
1076,中繼,Na
1076,投手,Na
1076,投局,Nc
1076,無,D
1076,失分,VH
1076,，,COMMACATEGORY
1076,前,Nes
1076,兄弟,Na
1076,洋投,Na
1076,歐,Nc
1076,尼爾燰,Nb
1076,也,D
1076,讓,VL
1076,中華隊局,Nc
1076,無,VJ
1076,攻勢,Na
1076,局,Nc
1076,中日隊,Nb
1076,守護,VC
1076,神璯,Na
1076,上來,VA
1076,關門,VA
1076,，,COMMACATEGORY
1076,中華隊,Na
1076,王威晨,Nb
1076,敲出,VC
1076,內野,Nc
1076,安打,Na
1076,，,COMMACATEGORY
1076,加上,Cbb
1076,三軍,Na
1076,統,VHC
1076,帥,VH
1076,張育成,Nb
1076,敲出,VC
1076,二壘,Na
1076,安打,Na
1076,終於,D
1076,破蛋,VA
1076,，,COMMACATEGORY
1076,但,Cbb
1076,最終,D
1076,仍,D
1076,反攻,VC
1076,無力,VH
1076,，,COMMACATEGORY
1076,結束,VHC
1076,這,Nep
1076,屆,Nf
1076,經典賽,Na
1076,////,FW
1077,每,Nes
1077,次,Nf
1077,比賽,Na
1077,輸,VD
1077,就,D
1077,吃鍋,VA
1077,貼,VC
1077,中華隊,Na
1077,吃,VC
1077,鍋貼,Na
1077,的,DE
1077,機率,Na
1077,又,D
1077,那麼,D
1077,頻繁,VH
1077,幾,Neu
1077,年,Nf
1077,下來,Ng
1077,本魯,Nb
1077,吃,VC
1077,鍋貼,Na
1077,都,D
1077,吃到,VC
1077,怕,VK
1077,了,T
1077,大家,Nh
1077,鍋貼,Na
1077,真的,D
1077,吃,VC
1077,不,D
1077,膩,VH
1077,嗎,T
1078,本,Nes
1078,寶寶,Na
1078,四,Neu
1078,場,Nf
1078,比賽,Na
1078,都,D
1078,有,D
1078,看,VC
1078,兩,Neu
1078,場,Nf
1078,在,P
1078,家,Nc
1078,看,VC
1078,場,Nc
1078,進場場,Nc
1078,酒吧,Nc
1078,加加,VB
1078,也,D
1078,花,VC
1078,了,Di
1078,堆,Nf
1078,時間,Na
1078,為,P
1078,中華隊,Na
1078,加油,VB
1078,如今,Nd
1078,輸球,VH
1078,難道,D
1078,明天,Nd
1078,不能,D
1078,放,VC
1078,輸球假,Na
1078,讓,VL
1078,我,Nh
1078,哀悼,VJ
1078,天,Na
1078,嗎,T
1078,卦,Na
1078,沒,D
1078,看,VC
1078,比賽,Na
1078,的,DE
1078,請,VF
1078,照常,VH
1078,上班,VA
1078,上課,VA
1078,謝謝,VJ
1079,媒體,Na
1079,來源,Na
1079,記者,Na
1079,署名,VC
1079,陳凱力,Nb
1079,完整,VH
1079,新聞,Na
1079,標題,Na
1079,慶,VC
1079,中華隊,Na
1079,二,Neu
1079,連勝,VH
1079,預祝,VE
1079,啃古,Nb
1079,成功,VH
1079,完整,VH
1079,新聞,Na
1079,內文,Na
1079,世界,Nc
1079,棒球,Na
1079,經典賽,Na
1079,中華隊,Na
1079,昨日,Nd
1079,迎戰,VC
1079,荷蘭,Nc
1079,，,COMMACATEGORY
1079,站,Nc
1079,前,Ncd
1079,廣場,Nc
1079,湧入,VCL
1079,逾位,DM
1079,市民,Na
1079,朋友,Na
1079,，,COMMACATEGORY
1079,起為,VG
1079,中華隊,Na
1079,集氣,VA
1079,加油,VB
1079,，,COMMACATEGORY
1079,終場,Na
1079,以,P
1079,比,P
1079,取得,VC
1079,小組賽,Na
1079,二,Neu
1079,連勝,VH
1079,，,COMMACATEGORY
1079,現場,Nc
1079,歡聲雷動,VH
1079,今日,Nd
1079,上午,Nd
1079,時,Ng
1079,，,COMMACATEGORY
1079,高虹安,Nb
1079,市長,Na
1079,現身站,Nc
1079,前,Ncd
1079,廣場,Nc
1079,發放,VD
1079,份,Nf
1079,雞排,Na
1079,，,COMMACATEGORY
1079,短短,VH
1079,分鐘,Nf
1079,全數,Neqa
1079,發放,VD
1079,完畢,VH
1079,，,COMMACATEGORY
1079,盼,VK
1079,以,P
1079,吃,VC
1079,雞,Na
1079,啃,VC
1079,古,VH
1079,象徵,VK
1079,成功,VH
1079,擊敗,VC
1079,古巴,Nc
1079,，,COMMACATEGORY
1079,順利,VH
1079,挺進,VA
1079,東京,Nc
1079,晉級,VJ
1079,八,Neu
1079,強,Na
1079,直播,VC
1079,派對,Na
1079,也,D
1079,成功,VH
1079,帶動,VC
1079,舊,VH
1079,城區,Nc
1079,人潮,Na
1079,與,Caa
1079,商機,Na
1079,，,COMMACATEGORY
1079,附近,Nc
1079,店家,Na
1079,開心,VH
1079,地,DE
1079,分享,VJ
1079,單日,Nd
1079,業績,Na
1079,成長,VH
1079,近成,VG
1079,高虹安,Nb
1079,昨晚,Nd
1079,賽,Na
1079,後,Ng
1079,於,P
1079,臉書,Na
1079,預告,VE
1079,，,COMMACATEGORY
1079,今日,Nd
1079,中午,Nd
1079,還,D
1079,有,V_2
1079,中華隊,Na
1079,迎戰,VC
1079,古巴,Nc
1079,，,COMMACATEGORY
1079,為,P
1079,歡慶,Na
1079,中華隊,Na
1079,昨晚,Nd
1079,取得,VC
1079,二,Neu
1079,連勝,VH
1079,，,COMMACATEGORY
1079,上午,Nd
1079,時,Ng
1079,她,Nh
1079,也,D
1079,再次,D
1079,回到,VCL
1079,站,Nc
1079,前,Ncd
1079,廣場,Nc
1079,發放,VD
1079,份,Nf
1079,雞排,Na
1079,，,COMMACATEGORY
1079,除了,P
1079,為,P
1079,中華隊,Na
1079,集氣,VA
1079,加油,VB
1079,，,COMMACATEGORY
1079,還,D
1079,邀請,VC
1079,市民,Na
1079,起,VJ
1079,預祝,VE
1079,中華隊,Na
1079,打敗,VC
1079,古巴隊,Na
1079,前進,VA
1079,東京,Nc
1079,今日,Nd
1079,上午,Nd
1079,點,VC
1079,前,Ng
1079,，,COMMACATEGORY
1079,站,Nc
1079,前,Ncd
1079,廣場,Nc
1079,就,D
1079,已,D
1079,湧入,VCL
1079,逾,VJ
1079,公尺,Nf
1079,排隊,VA
1079,人潮,Na
1079,，,COMMACATEGORY
1079,甚至,D
1079,有,V_2
1079,特地,D
1079,從,P
1079,桃園,Nc
1079,到場,VA
1079,支援,VC
1079,的,DE
1079,熱,VHC
1079,血球迷,Na
1079,歲,Nf
1079,梁,Nb
1079,先生,Na
1079,表示,VE
1079,，,COMMACATEGORY
1079,昨晚,Nd
1079,在,P
1079,臉書,Na
1079,上,Ng
1079,看到,VE
1079,新竹市,Nc
1079,直播,VC
1079,派對,Na
1079,，,COMMACATEGORY
1079,看起來,D
1079,特別,VH
1079,熱鬧,VH
1079,有趣,VH
1079,，,COMMACATEGORY
1079,今天,Nd
1079,特地,D
1079,前來,VCL
1079,參與,VC
1079,，,COMMACATEGORY
1079,想要,VE
1079,來,D
1079,體驗,VC
1079,新竹人,Na
1079,的,DE
1079,熱情,Na
1079,，,COMMACATEGORY
1079,並,Cbb
1079,大喊,VE
1079,我,Nh
1079,想要,VE
1079,跟,P
1079,新竹市,Nc
1079,起,Ng
1079,見證,VE
1079,中華隊,Na
1079,前進,VA
1079,東京,Nc
1079,的,DE
1079,時刻,Na
1079,此外,Cbb
1079,，,COMMACATEGORY
1079,來自,VJ
1079,，,COMMACATEGORY
1079,並,Cbb
1079,與,P
1079,高虹安,Nb
1079,市長,Na
1079,合影,VA
1079,留念,VI
1079,還,D
1079,有,V_2
1079,奶奶,Na
1079,也,D
1079,帶,VC
1079,著,Di
1079,小,VH
1079,孫女,Na
1079,前來,VCL
1079,領,VC
1079,雞排,Na
1079,，,COMMACATEGORY
1079,開心,VH
1079,地,DE
1079,喊,VE
1079,能夠,D
1079,領到,VC
1079,市長,Na
1079,的,DE
1079,雞,Na
1079,排,VC
1079,很,Dfa
1079,開心,VH
1079,，,COMMACATEGORY
1079,中華隊,Na
1079,加油,VB
1079,完整,VH
1079,新聞,Na
1079,連結,VC
1079,或,Caa
1079,短,VH
1079,網址,Na
1079,不可,D
1079,用,VC
1079,等,Cab
1079,轉載,VC
1079,媒體,Na
1079,/////,FW
1079,備註,VE
1079,滾動,VA
1079,從來,D
1079,沒,D
1079,去,VCL
1079,那邊,Ncd
1079,嘻,VA
1080,肥肥,VH
1080,今天,Nd
1080,賭,VE
1080,古巴隊,Na
1080,",",COMMACATEGORY
1080,元,Nf
1080,，,COMMACATEGORY
1080,結果,Dk
1080,中華隊,Na
1080,給,VD
1080,我,Nh
1080,贏分,VA
1080,，,COMMACATEGORY
1080,肥肥,VH
1080,的,DE
1080,晚餐,Na
1080,直接,VH
1080,消失,VA
1080,了,Di
1080,這,Nep
1080,是,SHI
1080,讓,VL
1080,肥肥,VH
1080,減肥,VA
1080,的,DE
1080,意思,Na
1080,嗎,T
1080,氣氣氣氣氣,VH
1081,婉拒,VC
1081,中華隊,Na
1081,邀約,VC
1081,卡洛爾,Nb
1081,獲,VJ
1081,響尾蛇,Na
1081,年,Nf
1081,億,Neu
1081,美元,Nf
1081,肥約,Na
1081,//,FW
1081,中時,Nb
1081,新聞網,Na
1081,盧品青,Nb
1081,台,Nc
1081,美,Nc
1081,混血兒,Na
1081,柯賓卡洛爾,Nb
1081,即將,D
1081,獲得,VJ
1081,響尾蛇,Na
1081,的,DE
1081,大禮,Na
1081,，,COMMACATEGORY
1081,年,Nf
1081,億,Neu
1081,美元,Nf
1081,續約,VA
1081,新台幣,Na
1081,億,Neu
1081,，,COMMACATEGORY
1081,加上,Cbb
1081,年,Nf
1081,第,Neu
1081,年,Nf
1081,球團,Na
1081,選項,Na
1081,與,Caa
1081,激勵,VC
1081,獎金,Na
1081,，,COMMACATEGORY
1081,總值,Na
1081,上,Ncd
1081,看,VC
1081,億,Neu
1081,美元,Nf
1081,新台幣,Na
1081,億,Neu
1081,今年,Nd
1081,歲,Nf
1081,的,DE
1081,卡洛爾,Nb
1081,是,SHI
1081,大聯盟,Na
1081,排名第,Na
1081,的,DE
1081,新秀,Na
1081,，,COMMACATEGORY
1081,他,Nh
1081,去年,Nd
1081,從,P
1081,升到,VCL
1081,，,COMMACATEGORY
1081,月底,Nd
1081,被,P
1081,叫上,VC
1081,大聯盟,Na
1081,，場,Nc
1081,比賽,Na
1081,打擊率,Na
1081,，,COMMACATEGORY
1081,長打率成,VH
1081,，,COMMACATEGORY
1081,達到,VJ
1081,標準化,VHC
1081,攻擊,Nv
1081,指數,Na
1081,因為,Cbb
1081,上,Nes
1081,季,Nd
1081,打席,Na
1081,不,D
1081,夠,VH
1081,，,COMMACATEGORY
1081,卡洛爾,Nb
1081,將,D
1081,有,V_2
1081,資格,Na
1081,在,P
1081,新,VH
1081,球季,Nd
1081,爭奪,VC
1081,國聯,Nb
1081,新人王,Na
1081,在,P
1081,大聯盟,Na
1081,服役,VA
1081,不滿,VK
1081,百,Neu
1081,日,Nf
1081,又,D
1081,沒,D
1081,打,VC
1081,過,Di
1081,海外,Nc
1081,職棒,Na
1081,的,DE
1081,球員,Na
1081,之中,Ng
1081,，,COMMACATEGORY
1081,卡洛爾,Nb
1081,的,DE
1081,合約,Na
1081,是,SHI
1081,史,Na
1081,上,Ng
1081,最,Dfa
1081,大,VH
1081,，,COMMACATEGORY
1081,遠遠,VH
1081,超越,VC
1081,前人,Na
1081,萬,Neu
1081,美元,Nf
1081,的,DE
1081,紀錄,Na
1081,，,COMMACATEGORY
1081,顯見,Dk
1081,響尾蛇,Na
1081,想要,VE
1081,換血,VA
1081,的,DE
1081,決心,Na
1081,卡洛爾,Nb
1081,的,DE
1081,平均,VH
1081,年薪,Na
1081,為,VG
1081,萬,Neu
1081,美元,Nf
1081,，,COMMACATEGORY
1081,續約,VA
1081,已經,D
1081,包含,VJ
1081,他,Nh
1081,未來,Nd
1081,薪資,Na
1081,仲裁,VC
1081,的,DE
1081,那,Nep
1081,幾,Neu
1081,年,Nf
1081,，,COMMACATEGORY
1081,對於,P
1081,響尾蛇,Na
1081,來,D
1081,說,VE
1081,也,D
1081,是,SHI
1081,划算,VH
1081,的,DE
1081,卡洛爾,Nb
1081,擁有,VJ
1081,半,Neqa
1081,台灣,Nc
1081,血統,Na
1081,，,COMMACATEGORY
1081,父親,Na
1081,是,SHI
1081,美國,Nc
1081,西雅圖,Nc
1081,的,DE
1081,白人,Na
1081,，,COMMACATEGORY
1081,母親,Na
1081,是,SHI
1081,台灣人,Na
1081,他,Nh
1081,是,SHI
1081,左,Ncd
1081,打,VC
1081,左,Ncd
1081,投,VC
1081,的,DE
1081,外野手,Na
1081,，,COMMACATEGORY
1081,體格,Na
1081,公分,Nf
1081,公斤,Nf
1081,並,D
1081,不,D
1081,具,VJ
1081,優勢,Na
1081,，,COMMACATEGORY
1081,但,Cbb
1081,他,Nh
1081,的,DE
1081,力量,Na
1081,相當,Dfa
1081,不錯,VH
1081,他,Nh
1081,小時候,Nd
1081,是,SHI
1081,西雅圖,Nc
1081,水手,Na
1081,的,DE
1081,球迷,Na
1081,，,COMMACATEGORY
1081,所以,Cbb
1081,最,Dfa
1081,喜歡,VK
1081,的,DE
1081,球員,Na
1081,是,SHI
1081,鈴木朗,Nb
1081,和,Caa
1081,克魯茲,Nb
1081,卡洛爾,Nb
1081,有,V_2
1081,資格,Na
1081,代表,VC
1081,中華隊,Na
1081,出征,VA
1081,本,Nes
1081,屆,Nf
1081,經典賽,Na
1081,雙親,Na
1081,之,DE
1081,擁有,VJ
1081,國籍,Na
1081,就,D
1081,可以,VH
1081,，,COMMACATEGORY
1081,不過,Cbb
1081,他,Nh
1081,以,P
1081,備戰,VA
1081,大聯盟,Na
1081,賽季,Na
1081,為由,VI
1081,婉拒,VC
1081,///,FW
1081,備註,VE
1081,這,Nep
1081,次,Nf
1081,中華隊,Na
1081,真的,D
1081,缺好,VJ
1081,投手,Na
1082,如,P
1082,題,Na
1082,，,COMMACATEGORY
1082,中華隊,Na
1082,只,Da
1082,有,V_2
1082,幾,Neu
1082,位,Nf
1082,投手,Na
1082,能,D
1082,壓制,VC
1082,對方,Nh
1082,，,COMMACATEGORY
1082,其餘,Neqa
1082,十多,Neu
1082,位,Nf
1082,上來,VA
1082,就,D
1082,是,SHI
1082,爆光光,Na
1082,，,COMMACATEGORY
1082,阿肥,Nb
1082,我,Nh
1082,小學,Nc
1082,剛好,Da
1082,最,Dfa
1082,愛,VL
1082,玩,VC
1082,的,DE
1082,就,D
1082,是,SHI
1082,阿肥,Nb
1082,，,COMMACATEGORY
1082,玩,VC
1082,到,P
1082,金,Na
1082,飛機,Na
1082,紅三,Nb
1082,，,COMMACATEGORY
1082,那,Nep
1082,中華隊,Na
1082,投手,Na
1082,換算,VC
1082,會,D
1082,是,SHI
1082,什麼,Nep
1082,階級,Na
1082,呢,T
1083,餓死,VHC
1083,抬頭,VA
1083,看,VC
1083,了,Di
1083,四,Neu
1083,場,Nf
1083,中華隊,Na
1083,之後,Ng
1083,這,Nep
1083,運動館,Nc
1083,應該,D
1083,沒用,VH
1083,了,T
1083,原本,D
1083,都,D
1083,看,VC
1083,兩,Neu
1083,個,Nf
1083,啦啦隊,Na
1083,視角,Na
1083,不過,Cbb
1083,日,Nc
1083,韓,Nc
1083,好像,D
1083,也,D
1083,有,V_2
1083,啦啦隊,Na
1083,他們,Nh
1083,有,V_2
1083,啦啦隊,Na
1083,視角,Na
1083,嗎,T
1083,還是,Caa
1083,台灣,Nc
1083,才,Da
1083,有,V_2
1084,經典賽,Na
1084,看下來,VA
1084,感覺,VK
1084,台灣,Nc
1084,原住民,Na
1084,的,DE
1084,體能,Na
1084,跟,P
1084,漢人,Na
1084,真的,D
1084,不,D
1084,是,SHI
1084,個,Nf
1084,級別,Na
1084,阿美族,Nb
1084,的,DE
1084,張育成,Nb
1084,有夠,Dfa
1084,猛,VH
1084,但,Cbb
1084,問題,Na
1084,是,SHI
1084,日本人,Na
1084,沒有,D
1084,所謂,VK
1084,原住民,Na
1084,吧,T
1084,他們,Nh
1084,怎麼,D
1084,會,D
1084,有,V_2
1084,大谷翔平,Nb
1084,吉田正尚,Nb
1084,鈴木誠,Nb
1084,也,D
1084,佐佐木朗希山,Nc
1084,本,D
1084,由,P
1084,伸近,Nb
1084,藤健介村上宗隆,Nb
1084,這些,Neqa
1084,怪物,Na
1084,啊,T
1084,他們,Nh
1084,是,SHI
1084,日本人,Na
1084,的,DE
1084,哪,Nep
1084,族,Na
1084,嗎,T
1085,來,VA
1085,喔,T
1085,比賽,Na
1085,結束,VHC
1085,，,COMMACATEGORY
1085,謝謝,VJ
1085,中華隊,Na
1085,，,COMMACATEGORY
1085,辛苦,VHC
1085,了,T
1085,球員,Na
1085,表現,VC
1085,都,D
1085,很,Dfa
1085,棒,VH
1085,我,Nh
1085,要,D
1085,來,D
1085,開砲,VA
1085,了,Di
1085,悍創,Nb
1085,號稱,VG
1085,大聯盟,Na
1085,主導,VC
1085,賽程,Na
1085,安排,VE
1085,好,VH
1085,啊,T
1085,，,COMMACATEGORY
1085,請,VF
1085,你們,Nh
1085,把,P
1085,跟,P
1085,大聯盟,Na
1085,爭取,VC
1085,的,DE
1085,文件,Na
1085,全部,Neqa
1085,拿出來,VB
1085,，,COMMACATEGORY
1085,你們,Nh
1085,來回,VCL
1085,爭取,VC
1085,幾,Neu
1085,次,Nf
1085,主場,Na
1085,賽程,Na
1085,句話,Dk
1085,敷衍,VC
1085,球迷,Na
1085,，,COMMACATEGORY
1085,當,P
1085,大家,Nh
1085,傻,VH
1085,嗎,T
1085,別,D
1085,告訴,VE
1085,我,Nh
1085,這,Nep
1085,跟樣,Na
1085,沒有,VJ
1085,紀錄,Na
1085,喔,T
1085,請,VF
1085,給,VD
1085,大家,Nh
1085,看看,VE
1085,你們,Nh
1085,所謂,VK
1085,的,DE
1085,努力,Nv
1085,爭取,Nv
1085,是,SHI
1085,什麼,Nep
1085,地主,Na
1085,球隊,Na
1085,排,VC
1085,這,Nep
1085,種,Nf
1085,地獄,Nc
1085,賽程,Na
1085,合理,VH
1085,還是,Caa
1085,你們,Nh
1085,為了,P
1085,賺錢,VA
1085,就,D
1085,乖乖,VH
1085,聽,VE
1085,大聯盟,Na
1085,安排,VE
1085,你們,Nh
1085,獲得,VJ
1085,多少,Neqa
1085,收益,Na
1085,每,Nes
1085,個,Nf
1085,人,Na
1085,都,D
1085,想,VE
1085,賺錢,VA
1085,，,COMMACATEGORY
1085,但,Cbb
1085,你們,Nh
1085,也,D
1085,是,SHI
1085,中華民國,Nc
1085,國民,Na
1085,吧,T
1085,你們,Nh
1085,有沒有,D
1085,替,P
1085,國家,Na
1085,球員,Na
1085,爭取,VC
1085,最,Dfa
1085,大,VH
1085,的,DE
1085,好處,Na
1085,經典賽,Na
1085,四,Neu
1085,組,Nf
1085,地主隊,Na
1085,，,COMMACATEGORY
1085,中華隊,Na
1085,在,P
1085,台中,Nc
1085,是,SHI
1085,唯,Da
1085,沒有,VJ
1085,主場,Na
1085,優勢,Na
1085,的,DE
1085,賽程,Na
1085,是,SHI
1085,唯,Da
1085,個,Nf
1085,有,V_2
1085,晚上,Nd
1085,打完,VC
1085,，,COMMACATEGORY
1085,個,Nf
1085,小時,Na
1085,後,Ng
1085,要,D
1085,再,D
1085,到,VCL
1085,球場,Nc
1085,達,VJ
1085,第二,Neu
1085,場,Nf
1085,的,DE
1085,地主隊,Na
1085,而,Cbb
1085,日本隊,Na
1085,則,D
1085,是,SHI
1085,四,Neu
1085,場,Nf
1085,比賽,Na
1085,都,D
1085,是,SHI
1085,晚場,Na
1085,，,COMMACATEGORY
1085,中間,Ncd
1085,還,D
1085,有,V_2
1085,天,Nf
1085,休息,VA
1085,時間,Na
1085,大聯盟,Na
1085,安排,VE
1085,你,Nh
1085,當,VG
1085,長期,Na
1085,看,VC
1085,球,Na
1085,的,DE
1085,球迷,Na
1085,是,SHI
1085,傻子,Na
1085,嗎,T
1085,上,Nes
1085,禮拜,Na
1085,因為,Cbb
1085,我,Nh
1085,買到,VC
1085,瑕疵,Na
1085,週邊,Nc
1085,商品,Na
1085,記者,Na
1085,採訪,VC
1085,我,Nh
1085,，,COMMACATEGORY
1085,問,VE
1085,我,Nh
1085,有,V_2
1085,什麼,Nep
1085,要,D
1085,悍創,Nb
1085,回應,VC
1085,的,DE
1085,我,Nh
1085,就,D
1085,順便,D
1085,提出,VC
1085,賽程,Na
1085,安排,VE
1085,的,DE
1085,質疑,VE
1085,要,D
1085,悍創,Nb
1085,回答,VE
1085,加上,Cbb
1085,許多,Neqa
1085,球迷,Na
1085,質疑,VE
1085,已,D
1085,久,VH
1085,但,Cbb
1085,幾乎,Da
1085,很少,Neqa
1085,媒體,Na
1085,報導,VE
1085,賽程,Na
1085,的,DE
1085,事情,Na
1085,不得不,D
1085,說,VE
1085,真的,D
1085,關係,Na
1085,打,VC
1085,很,Dfa
1085,好,VH
1085,真的,D
1085,可以,D
1085,轉型,VH
1085,媒體,Na
1085,公關,Na
1085,公司,Nc
1085,了,T
1085,剛剛,D
1085,中華隊,Na
1085,總教練,Na
1085,林岳平,Nb
1085,總教練賽,Na
1085,後,Ng
1085,表示,VE
1085,今天,Nd
1085,很多,Neqa
1085,選手,Na
1085,身體,Na
1085,不,D
1085,舒服,VH
1085,這,Nep
1085,就,D
1085,是,SHI
1085,今天,Nd
1085,為什麼,D
1085,打擊,Na
1085,沒辦法,VI
1085,發揮,VJ
1085,因為,Cbb
1085,悍創,Nb
1085,協辦,VC
1085,沒有,D
1085,盡到,VJ
1085,替,P
1085,台灣,Nc
1085,爭取,VC
1085,最,Dfa
1085,好,VH
1085,的,DE
1085,賽程,Na
1085,安排,VE
1085,，,COMMACATEGORY
1085,這,Nep
1085,就,D
1085,是,SHI
1085,輸球,VH
1085,的,DE
1085,原因,Na
1085,所以,Cbb
1085,沒有,VJ
1085,各位,Nh
1085,網友,Na
1085,的,DE
1085,砲火,Na
1085,，,COMMACATEGORY
1085,媒體,Na
1085,是,SHI
1085,不會,D
1085,重視,VJ
1085,這,Nep
1085,件,Nf
1085,事情,Na
1085,的,DE
1085,悍創,Nb
1085,是,SHI
1085,不會,D
1085,改變,VC
1085,，,COMMACATEGORY
1085,也,D
1085,不會,D
1085,倒,VC
1085,的,DE
1085,請,VF
1085,用力,VH
1085,抵制,VC
1085,這,Nep
1085,間,Nf
1085,滿,Neqa
1085,腦子,Na
1085,想,VE
1085,著,Di
1085,賺錢,VA
1085,的,DE
1085,惡質,A
1085,公司,Nc
1085,棒球迷,Na
1085,不,D
1085,好,VH
1085,惹,VC
1085,，,COMMACATEGORY
1085,去年,Nd
1085,月,Na
1085,大家,Nh
1085,都,D
1085,應該,D
1085,見識到,VE
1085,了,Di
1085,總監,Na
1085,穿,VC
1085,白,VH
1085,衣服,Na
1085,受,P
1085,訪,VC
1085,，,COMMACATEGORY
1085,心,Na
1085,是,SHI
1085,白,VH
1085,的,T
1085,嗎,T
1085,///,FW
1085,請,VF
1085,記者,Na
1085,和,Caa
1085,立委,Na
1085,諸公,Na
1085,們,Na
1085,來,D
1085,幫,P
1085,高調,Na
1085,也,D
1085,請,VF
1085,各位,Nh
1085,鄉民,Na
1085,網友,Na
1085,們,Na
1085,幫,VC
1085,高調,Na
1085,今天,Nd
1085,中華隊,Na
1085,如果,Cbb
1085,是,SHI
1085,像,P
1085,日本隊,Na
1085,在,P
1085,東京,Nc
1085,樣,Ng
1085,連續,VH
1085,四,Neu
1085,場,Nf
1085,在,P
1085,晚上,Nd
1085,比賽,VA
1085,或是,Caa
1085,前,Nes
1085,兩,Neu
1085,天,Nf
1085,晚場,Na
1085,，,COMMACATEGORY
1085,休天,VA
1085,，,COMMACATEGORY
1085,午場,Na
1085,，,COMMACATEGORY
1085,最後,Nd
1085,天,Na
1085,接,VC
1085,晚場,Na
1085,我,Nh
1085,想,VE
1085,結果,Na
1085,不定,VH
1085,會,D
1085,是,SHI
1085,這樣,VH
1085,的,DE
1085,謝謝,VJ
1086,現在,Nd
1086,中華隊,Na
1086,已經,D
1086,確定,VK
1086,淘汰,VC
1086,連日,Nd
1086,來,Ng
1086,日,Nc
1086,球迷,Na
1086,們,Na
1086,到處,D
1086,亂版,VA
1086,的,DE
1086,現象,Na
1086,是,SHI
1086,不,D
1086,是,SHI
1086,可以,D
1086,消停,VC
1086,會兒,Nd
1086,了,T
1087,如,P
1087,題,Na
1087,假日,Nd
1087,都,D
1087,是,SHI
1087,賽,Na
1087,，,COMMACATEGORY
1087,隨便,VH
1087,轉台,VA
1087,就,D
1087,是,SHI
1087,在,D
1087,拍,VC
1087,啦啦隊,Na
1087,，,COMMACATEGORY
1087,連,Cbb
1087,廣告,Na
1087,都,D
1087,是,SHI
1087,啦啦隊,Na
1087,，,COMMACATEGORY
1087,長輩,Na
1087,隨口,D
1087,說出,VE
1087,兩,Neu
1087,個,Nf
1087,字,Na
1087,，,COMMACATEGORY
1087,"""",FW
1087,變態,VH
1087,"""",FW
1087,，,COMMACATEGORY
1087,整,Neqa
1087,天,Nf
1087,在,D
1087,拍,VC
1087,啦啦隊,Na
1087,我,Nh
1087,事,Na
1087,後,Ng
1087,想想,VE
1087,，,COMMACATEGORY
1087,真的,D
1087,很,Dfa
1087,變態,VH
1087,我,Nh
1087,想,VE
1087,性,Na
1087,犯罪,VA
1087,年齡,Na
1087,下降,VA
1087,應該,D
1087,是,SHI
1087,未來,Nd
1087,趨勢,Na
1087,廣州,Nc
1087,男童,Na
1087,盯上,VC
1087,妙,VH
1087,齡女,Na
1087,尾隨,VC
1087,其後,Ncd
1087,竟,D
1087,還,D
1087,出手,VA
1087,抓,VC
1087,奶,Na
1087,大陸,Nc
1087,新聞,Na
1088,對戰,VA
1088,義大利,Nc
1088,，,COMMACATEGORY
1088,有,V_2
1088,人,Na
1088,吃,VC
1088,披薩,Na
1088,對戰,VA
1088,荷蘭,Nc
1088,，,COMMACATEGORY
1088,有,V_2
1088,人,Na
1088,吃,VC
1088,荷包蛋,Na
1088,對,P
1088,戰古巴,Na
1088,，,COMMACATEGORY
1088,有,V_2
1088,人,Na
1088,吃,VC
1088,古巴,Nc
1088,三明治,Na
1088,但是,Cbb
1088,路,Na
1088,上,Ncd
1088,賣,VD
1088,古巴,Nc
1088,三明治,Na
1088,的,DE
1088,店家,Na
1088,似乎,D
1088,不,D
1088,是,SHI
1088,隨處,D
1088,可,D
1088,見,VE
1088,是,SHI
1088,不,D
1088,是,SHI
1088,因為,Cbb
1088,大家,Nh
1088,古巴,Nc
1088,三明治,Na
1088,吃,VC
1088,太少,VH
1088,所以,Cbb
1088,導致,VL
1088,今天,Nd
1088,的,DE
1088,敗北,VH
1088,反過來說,Dk
1088,，,COMMACATEGORY
1088,古巴,Nc
1088,的,DE
1088,鄉民,Na
1088,們,Na
1088,吃,VC
1088,了,Di
1088,什麼,Nep
1088,食物,Na
1088,反制,VC
1088,中華隊,Na
1088,啊,T
1088,雞排,Na
1088,珍奶,Na
1088,臭豆腐,Na
1088,蚵仔,Na
1088,煎,VC
1088,大腸,Na
1088,麵線,Na
1089,我,Nh
1089,知道,VK
1089,中華隊,Na
1089,贏,VD
1089,古巴,Nc
1089,就,D
1089,晉級,VJ
1089,今天,Nd
1089,輸古巴,Nb
1089,就,D
1089,確定,VK
1089,掰掰,I
1089,了,Di
1089,聽說,VE
1089,墊底,VH
1089,下,Nes
1089,屆,Nf
1089,要,D
1089,打,VC
1089,資格賽,Na
1089,中華隊,Na
1089,已經,D
1089,確定,VK
1089,是,SHI
1089,墊底,VH
1089,了,T
1089,嗎,T
1089,還,D
1089,有,V_2
1089,救,VC
1089,嗎,T
1090,今天,Nd
1090,買,VC
1090,古巴,Nc
1090,的,DE
1090,，,COMMACATEGORY
1090,結果,Dk
1090,九上,Neu
1090,中華隊,Na
1090,贏分,VA
1090,，,COMMACATEGORY
1090,那些,Neqa
1090,買,VC
1090,古巴,Nc
1090,的,DE
1090,現在,Nd
1090,在,P
1090,想,VE
1090,什麼,Nep
1090,呢,T
1090,就,D
1090,是,SHI
1090,肥肥,VH
1090,啦,T
1090,嗚嗚,D
1090,嗚嗚,D
1090,嗚嗚,D
1091,備註,VE
1091,請,VF
1091,放,VC
1091,最後,Nd
1091,面違,VC
1091,者,Na
1091,新聞,Na
1091,文章,Na
1091,刪除,VC
1091,媒體,Na
1091,來源,Na
1091,三立,Nb
1091,新聞,Na
1091,記者,Na
1091,署名,VC
1091,陳慈鈴,Nb
1091,完整,VH
1091,新聞,Na
1091,標題題,Na
1091,經典賽,Na
1091,鳳梨,Na
1091,押,VC
1091,台灣,Nc
1091,結果,Na
1091,輸,VD
1091,古巴,Nc
1091,分,VC
1091,網炸鍋,Na
1091,你,Nh
1091,給,VD
1091,我,Nh
1091,開,VC
1091,記者會,Na
1091,道歉,VB
1091,完整,VH
1091,新聞,Na
1091,內文,Na
1091,網紅,Na
1091,鳳梨,Na
1091,吳泓逸,Nb
1091,不只,Da
1091,瘋世足,VH
1091,，,COMMACATEGORY
1091,年,Na
1091,世界,Nc
1091,棒球,Na
1091,經典賽,Na
1091,也,D
1091,不,D
1091,缺席,VH
1091,，,COMMACATEGORY
1091,昨晚,Nd
1091,押,VC
1091,荷蘭,Nc
1091,，,COMMACATEGORY
1091,結果,Dk
1091,台灣隊,Na
1091,最終,D
1091,以,P
1091,擊敗,VC
1091,荷蘭,Nc
1091,，,COMMACATEGORY
1091,讓,VL
1091,許多,Neqa
1091,人,Na
1091,感謝,VK
1091,冥燈,Na
1091,發威,VA
1091,然而,Cbb
1091,，,COMMACATEGORY
1091,鳳梨,Na
1091,今日,Nd
1091,重注,VC
1091,了,Di
1091,中華隊,Na
1091,讓分,Na
1091,，,COMMACATEGORY
1091,最終,D
1091,由,P
1091,古巴,Nc
1091,以,P
1091,，,COMMACATEGORY
1091,取得,VC
1091,本,Nes
1091,場,Nf
1091,勝利,Nv
1091,，,COMMACATEGORY
1091,讓,VL
1091,網友,Na
1091,氣憤,VH
1091,大喊,VE
1091,你,Nh
1091,給,P
1091,我,Nh
1091,開,VC
1091,記者會,Na
1091,道歉,VB
1091,喔,T
1091,鳳梨,Na
1091,今日,Nd
1091,稍早,Nd
1091,在,P
1091,臉書,Na
1091,發文,VC
1091,提到,VE
1091,，,COMMACATEGORY
1091,台灣,Nc
1091,經典賽,Na
1091,首,D
1091,戰,VC
1091,巴拿馬,Nc
1091,，,COMMACATEGORY
1091,他,Nh
1091,以,P
1091,愛國,VH
1091,之,DE
1091,姿,Na
1091,力挺,VC
1091,，,COMMACATEGORY
1091,結果,Dk
1091,被,P
1091,分,VD
1091,落幕,VH
1091,第二,Neu
1091,戰,Na
1091,背棄,VC
1091,國家,Na
1091,力挺,VC
1091,義大利,Nc
1091,，,COMMACATEGORY
1091,結果,Dk
1091,台灣隊,Na
1091,發威,VA
1091,完勝,VH
1091,義大利,Nc
1091,第三,Neu
1091,戰,Na
1091,他,Nh
1091,依舊,D
1091,不,D
1091,知,VK
1091,悔改,VH
1091,力挺,VC
1091,荷蘭,Nc
1091,，,COMMACATEGORY
1091,結果,Dk
1091,台灣隊,Na
1091,牙,Na
1091,起來,VA
1091,讓,VL
1091,荷蘭,Nc
1091,落敗,VH
1091,因此,Cbb
1091,，,COMMACATEGORY
1091,鳳梨,Na
1091,經,P
1091,整,Neqa
1091,晚,Nf
1091,的,DE
1091,反省,VE
1091,後,Ng
1091,，,COMMACATEGORY
1091,我,Nh
1091,深知,VK
1091,自己,Nh
1091,這樣,VH
1091,背叛,VC
1091,國家,Na
1091,是,SHI
1091,錯誤,VH
1091,的,DE
1091,我,Nh
1091,今天,Nd
1091,重注,VC
1091,了,Di
1091,中華隊,Na
1091,讓,VL
1091,分,VC
1091,然而,Cbb
1091,，,COMMACATEGORY
1091,台古大戰,Nb
1091,開局,VH
1091,就,D
1091,被,P
1091,古巴,Nc
1091,轟出,VC
1091,支,Nf
1091,全壘打,Na
1091,，,COMMACATEGORY
1091,比分,Na
1091,落後,VJ
1091,，,COMMACATEGORY
1091,直到,P
1091,第,Neu
1091,局,Nf
1091,上,Nes
1091,，,COMMACATEGORY
1091,才,Da
1091,由,P
1091,剛,D
1091,獲,VJ
1091,封,VC
1091,台史,Na
1091,最,Dfa
1091,強,VH
1091,打手,Na
1091,張育成,Nb
1091,幫,P
1091,台灣隊,Na
1091,取得,VC
1091,分,Nf
1091,，,COMMACATEGORY
1091,但,Cbb
1091,最終,A
1091,台灣,Nc
1091,仍,D
1091,以,P
1091,輸給,VD
1091,古巴,Nc
1091,，,COMMACATEGORY
1091,無緣,VH
1091,前進,VA
1091,東京,Nc
1091,而,Cbb
1091,台灣隊,Na
1091,教練,Na
1091,也,D
1091,透露,VE
1091,，,COMMACATEGORY
1091,球員,Na
1091,今日,Nd
1091,上午,Nd
1091,健康,VH
1091,有出,VH
1091,狀況,Na
1091,，,COMMACATEGORY
1091,但,Cbb
1091,對於,P
1091,本,Nes
1091,次,Nf
1091,台灣隊,Na
1091,的,DE
1091,表現,Na
1091,，,COMMACATEGORY
1091,他,Nh
1091,也,D
1091,予,VD
1091,以,Cbb
1091,讚許,VJ
1091,面對,VC
1091,台灣隊,Na
1091,落後,VJ
1091,古巴,Nc
1091,的,DE
1091,結果,Na
1091,，,COMMACATEGORY
1091,鳳梨,Na
1091,坦言,VE
1091,我,Nh
1091,已經,D
1091,想不到,Dk
1091,任何,Neqa
1091,言語,Na
1091,能夠,D
1091,表達,VC
1091,我,Nh
1091,此刻,Nd
1091,的,DE
1091,心境,Na
1091,我,Nh
1091,的,DE
1091,天空,Nc
1091,是,SHI
1091,灰色,Na
1091,的,DE
1091,同時,Nd
1091,，,COMMACATEGORY
1091,許多,Neqa
1091,網友,Na
1091,也,D
1091,湧入,VCL
1091,貼文,Na
1091,下方,Ncd
1091,留言,Na
1091,，,COMMACATEGORY
1091,最佳,A
1091,戰犯,Na
1091,代言人,Na
1091,靠,VJ
1091,你,Nh
1091,給,P
1091,我,Nh
1091,開,VC
1091,記者會,Na
1091,道歉,VB
1091,喔,T
1091,我,Nh
1091,的,DE
1091,台灣,Nc
1091,不,D
1091,是,SHI
1091,說好,VE
1091,你,Nh
1091,要,D
1091,當,VG
1091,永遠,VH
1091,的,DE
1091,反,VC
1091,指標,Na
1091,嗎,T
1091,怎麼,D
1091,會,D
1091,有,V_2
1091,人,Na
1091,輸,VD
1091,三,Neu
1091,天,Nf
1091,還,D
1091,害,VC
1091,自己,Nh
1091,國家,Na
1091,的,DE
1091,你,Nh
1091,為什麼,D
1091,不,D
1091,堅持,VK
1091,你,Nh
1091,的,DE
1091,背叛,VC
1091,為什麼,D
1091,不,D
1091,押,VC
1091,古巴,Nc
1091,完整,VH
1091,新聞,Na
1091,連結,VC
1091,///,FW
1091,備註,VE
1091,我,Nh
1091,老公,Na
1091,鳳梨,Na
1091,又,D
1091,調皮,VH
1091,了,T
1092,新竹,Nc
1092,大秘寶,Nc
1092,無法,D
1092,通過,VC
1092,驗證,VE
1092,不然,Cbb
1092,大家,Nh
1092,都,D
1092,不用,D
1092,午場,Na
1092,古巴,Nc
1092,當地,Nc
1092,這麼,D
1092,熱,VHC
1092,打,VC
1092,晚場,Na
1092,定烙賽,Na
1093,媒體,Na
1093,來源,Na
1093,記者,Na
1093,署名,VC
1093,江采蓁,Nb
1093,完整,VH
1093,新聞,Na
1093,標題,Na
1093,中華隊,Na
1093,惜敗,VJ
1093,古巴,Nc
1093,無緣,VH
1093,晉級,VJ
1093,陳建仁,Nb
1093,打氣,VB
1093,你們,Nh
1093,永遠,D
1093,是,SHI
1093,的,DE
1093,驕傲,VH
1093,完整,VH
1093,新聞,Na
1093,內文,Na
1093,世界,Nc
1093,棒球,Na
1093,經典賽,Na
1093,中華隊,Na
1093,日,Na
1093,中午,Nd
1093,出戰,VC
1093,古巴,Nc
1093,，,COMMACATEGORY
1093,遲遲,D
1093,無法,D
1093,破蛋,VA
1093,得分,VH
1093,，,COMMACATEGORY
1093,直到,P
1093,局,Nc
1093,上,Ncd
1093,靠,P
1093,張育成,Nb
1093,二壘,Na
1093,安打,Na
1093,送,VD
1093,回分,Na
1093,，,COMMACATEGORY
1093,但,Cbb
1093,最後,Nd
1093,仍,D
1093,以,P
1093,惜敗,VC
1093,古巴,Nc
1093,，,COMMACATEGORY
1093,確定,VK
1093,無法,D
1093,晉級,VJ
1093,下,Nes
1093,輪,Nf
1093,賽事,Na
1093,，,COMMACATEGORY
1093,張育成,Nb
1093,也,D
1093,不,D
1093,甘心,VK
1093,地,DE
1093,流下,VC
1093,英雄,Na
1093,淚,Na
1093,對,P
1093,此,Nep
1093,，,COMMACATEGORY
1093,行政院長,Na
1093,陳建仁,Nb
1093,也,D
1093,立即,D
1093,透過,P
1093,臉書,Na
1093,發文,VC
1093,表示,VE
1093,，,COMMACATEGORY
1093,不管,Cbb
1093,最後,Nd
1093,勝負,Na
1093,爲何,VH
1093,，,COMMACATEGORY
1093,你們,Nh
1093,永遠,D
1093,都,D
1093,是,SHI
1093,的,DE
1093,驕傲,VH
1093,，,COMMACATEGORY
1093,我們,Nh
1093,永遠,D
1093,都,D
1093,以,P
1093,為榮,VI
1093,中華隊,Na
1093,日出,VA
1093,戰古巴,Nc
1093,，,COMMACATEGORY
1093,面對,VC
1093,投手,Na
1093,群,Na
1093,只,Da
1093,敲出,VC
1093,支,Nf
1093,安打,Na
1093,，,COMMACATEGORY
1093,遲遲,D
1093,無法,D
1093,破蛋,VA
1093,得分,VH
1093,，,COMMACATEGORY
1093,直到,P
1093,局,Nc
1093,上,Ncd
1093,靠,P
1093,張育成,Nb
1093,二壘,Na
1093,安打,Na
1093,送,VD
1093,回分,Na
1093,，,COMMACATEGORY
1093,這,Nep
1093,終結,Na
1093,從,P
1093,年,Na
1093,被,P
1093,古巴局,Nc
1093,完封,VH
1093,連續局,Nc
1093,無,VJ
1093,得分,VH
1093,的,DE
1093,窘境,Na
1093,，,COMMACATEGORY
1093,中華隊,Na
1093,路苦,Nb
1093,戰,Na
1093,最後,Nd
1093,終於,D
1093,打破,VC
1093,被,P
1093,完封,VH
1093,的,DE
1093,命運,Na
1093,中華隊,Na
1093,前,Nes
1093,次,Nf
1093,在,P
1093,經典賽,Na
1093,遭遇,VJ
1093,古巴,Nc
1093,是,SHI
1093,年前,Nd
1093,，,COMMACATEGORY
1093,當時,Nd
1093,中華隊,Na
1093,進入,VCL
1093,複賽,Na
1093,不敵,VJ
1093,日本,Nc
1093,後,Ng
1093,，,COMMACATEGORY
1093,隔天,Nd
1093,馬上,D
1093,再,D
1093,戰,VC
1093,古巴,Nc
1093,，,COMMACATEGORY
1093,遭到,VJ
1093,比提,Nb
1093,前局,Nc
1093,扣倒,VC
1093,此,Nep
1093,結果,Na
1093,令,VL
1093,許多,Neqa
1093,球迷,Na
1093,痛心,VK
1093,，,COMMACATEGORY
1093,但,Cbb
1093,對於,P
1093,中華隊,Na
1093,努力,VH
1093,堅持,VK
1093,到底,VH
1093,的,DE
1093,精神,Na
1093,仍,D
1093,非常,Dfa
1093,感動,VHC
1093,，,COMMACATEGORY
1093,陳建仁,Nb
1093,也,D
1093,表示,VE
1093,，,COMMACATEGORY
1093,謝謝,VJ
1093,所有,Neqa
1093,代表,VC
1093,台灣,Nc
1093,的,DE
1093,選手,Na
1093,，,COMMACATEGORY
1093,你們,Nh
1093,的,DE
1093,拚戰,VA
1093,精神,Na
1093,，,COMMACATEGORY
1093,讓,VL
1093,球迷,Na
1093,再次,D
1093,燃起,VC
1093,熱情,Na
1093,，,COMMACATEGORY
1093,讓,VL
1093,國人,Na
1093,再,D
1093,次,Nes
1093,團結心,Na
1093,，,COMMACATEGORY
1093,不管,Cbb
1093,最後,Nd
1093,勝負,Na
1093,爲何,VH
1093,，,COMMACATEGORY
1093,你們,Nh
1093,永遠,D
1093,都,D
1093,是,SHI
1093,的,DE
1093,驕傲,VH
1093,，,COMMACATEGORY
1093,我們,Nh
1093,永遠,D
1093,都,D
1093,以,P
1093,為榮,VI
1093,完整,VH
1093,新聞,Na
1093,連結,VC
1093,或,Caa
1093,短,VH
1093,網址,Na
1093,不可,D
1093,用,VC
1093,等,Cab
1093,轉載,VC
1093,媒體,Na
1093,/////,FW
1093,備註,VE
1093,不,D
1093,是,SHI
1093,中華,Nc
1093,台北,Nc
1094,查,VE
1094,了,Di
1094,下,Nes
1094,月份,Na
1094,張育成,Nb
1094,標題,Na
1094,文章,Na
1094,在,P
1094,推文,Na
1094,各,Nes
1094,種,Nf
1094,紅字,Na
1094,噓,VC
1094,酸,VH
1094,爆,VH
1094,張育成,Nb
1094,極盡,VJ
1094,嘲諷,VC
1094,之,DE
1094,事,Na
1094,推文,Na
1094,不能,D
1094,刪改,VC
1094,這些,Neqa
1094,人,Na
1094,不用,D
1094,出來,VA
1094,道歉,VB
1094,嗎,T
1095,雖然,Cbb
1095,今天,Nd
1095,吃,VC
1095,了,Di
1095,盤,Nf
1095,很,Dfa
1095,苦澀,VH
1095,的,DE
1095,鍋貼,Na
1095,，,COMMACATEGORY
1095,可是,Cbb
1095,看到,VE
1095,昨天,Nd
1095,剪,VC
1095,的,DE
1095,官方,Na
1095,比賽,Na
1095,精華,Na
1095,影片,Na
1095,///,FW
1095,///,FW
1095,///,FW
1095,影片,Na
1095,結尾,Na
1095,直接,VH
1095,放慢,VC
1095,張育成,Nb
1095,部長,Na
1095,的,DE
1095,歡呼,Na
1095,跟,P
1095,宋家豪,Nb
1095,的,DE
1095,振臂,Na
1095,，,COMMACATEGORY
1095,再,D
1095,配上,VC
1095,全,Neqa
1095,場,Nf
1095,球迷,Na
1095,的,DE
1095,吶喊,VA
1095,，,COMMACATEGORY
1095,好,Dfa
1095,感動,VHC
1095,大家,Nh
1095,也,D
1095,是,SHI
1095,樣,Nf
1095,感動,VHC
1095,吧,T
1095,中華隊,Na
1095,台灣,Nc
1095,英雄,Na
1095,們,Na
1095,還是,D
1095,好棒,VH
1096,媒體,Na
1096,來源,Na
1096,華視,Nc
1096,新聞網,Na
1096,記者,Na
1096,署名,VC
1096,林琬瑜,Nb
1096,陳藝緯,Nb
1096,陳,Nb
1096,知學,Na
1096,報導,VE
1096,完整,VH
1096,新聞,Na
1096,標題,Na
1096,國防部長,Na
1096,張育成,Nb
1096,手勢,Na
1096,紅,VH
1096,到,VCL
1096,國外,Nc
1096,捷克,Nc
1096,也,D
1096,敬禮,VB
1096,了,Di
1096,完整,VH
1096,新聞,Na
1096,內文,Na
1096,經典賽,Na
1096,中華隊,Na
1096,張育成,Nb
1096,因為,Cbb
1096,好,VH
1096,表現,VC
1096,被,P
1096,球迷,Na
1096,稱為,VG
1096,國防部長,Na
1096,，,COMMACATEGORY
1096,在,P
1096,球場,Nc
1096,上,Ncd
1096,全壘打,Na
1096,安打,Na
1096,上壘,VA
1096,後,Ng
1096,都,D
1096,比出,VC
1096,敬禮,VB
1096,的,DE
1096,慶祝,Nv
1096,手勢,Na
1096,受到,VJ
1096,國際,Nc
1096,媒體,Na
1096,關注,VJ
1096,而且,Cbb
1096,日捷克,Nb
1096,對,P
1096,日本,Nc
1096,比賽,Na
1096,時,Ng
1096,，,COMMACATEGORY
1096,可以,D
1096,看到,VE
1096,捷,VH
1096,克隊,Na
1096,得分,VH
1096,時,Ng
1096,也,D
1096,做出,VC
1096,相同,VH
1096,手勢,Na
1096,現在,Nd
1096,不只,Da
1096,敬禮,VB
1096,手勢,Na
1096,超火紅,VH
1096,，,COMMACATEGORY
1096,賽,VJ
1096,後,Ng
1096,中華隊,Na
1096,的,DE
1096,選手,Na
1096,們,Na
1096,圍繞,VC
1096,在,P
1096,投手,Na
1096,丘,Nb
1096,向,P
1096,球迷,Na
1096,答謝,VC
1096,的,DE
1096,圓陣,Na
1096,再度,D
1096,受到,VJ
1096,熱議,Na
1096,，,COMMACATEGORY
1096,讓,VL
1096,球迷,Na
1096,們,Na
1096,紛紛,D
1096,在,P
1096,社群,Na
1096,媒體,Na
1096,留言,VA
1096,表示,VE
1096,，,COMMACATEGORY
1096,好,Dfa
1096,喜歡,VK
1096,這樣,VH
1096,的,DE
1096,風,Na
1096,格,Na
1096,應援,VC
1096,台,Nc
1096,上,Ncd
1096,啦啦,I
1096,隊員,Na
1096,們,Na
1096,動作,Na
1096,整齊劃,VC
1096,，,COMMACATEGORY
1096,賣力,VH
1096,替場,Nc
1096,上,Ncd
1096,選手,Na
1096,們,Na
1096,讚聲,Na
1096,帶動,VC
1096,現場,Nc
1096,氣氛,Na
1096,，,COMMACATEGORY
1096,但,Cbb
1096,有,V_2
1096,個,Nf
1096,人,Na
1096,卻,D
1096,好,VH
1096,吸睛,Na
1096,，,COMMACATEGORY
1096,站,VA
1096,在,P
1096,群眾,Na
1096,最,Dfa
1096,前頭,Ncd
1096,不斷,VH
1096,地,DE
1096,用力,VH
1096,甩頭,VA
1096,，,COMMACATEGORY
1096,他,Nh
1096,是,SHI
1096,經典賽,Na
1096,團長,Na
1096,，,COMMACATEGORY
1096,用,P
1096,生命,Na
1096,在,D
1096,應援,VC
1096,，,COMMACATEGORY
1096,跟,P
1096,搖,VAC
1096,滾歌手樣,VH
1096,的,DE
1096,甩頭,VA
1096,畫面,Na
1096,也,D
1096,紅到,VCL
1096,全,Neqa
1096,世界,Nc
1096,，,COMMACATEGORY
1096,有,V_2
1096,網友,Na
1096,在,P
1096,下面,Ncd
1096,，,COMMACATEGORY
1096,還,D
1096,有,V_2
1096,國外,Nc
1096,網友,Na
1096,回應,VC
1096,這,Nep
1096,就,D
1096,是,SHI
1096,台灣,Nc
1096,應援,VC
1096,精神,Na
1096,比賽,Na
1096,過程,Na
1096,中,Ng
1096,，,COMMACATEGORY
1096,經典,Na
1096,女孩,Na
1096,指併,VC
1096,攏放,VC
1096,在,P
1096,額頭,Na
1096,比出,VC
1096,敬禮,VB
1096,手勢,Na
1096,，,COMMACATEGORY
1096,這,Nep
1096,個,Nf
1096,動作,Na
1096,也,D
1096,成為,VG
1096,近期,Nd
1096,最,Dfa
1096,夯,VH
1096,的,DE
1096,話題,Na
1096,，,COMMACATEGORY
1096,國防部長,Na
1096,張育成,Nb
1096,連天,VH
1096,帶領,VF
1096,中華隊,Na
1096,拿下,VC
1096,勝利,VH
1096,，,COMMACATEGORY
1096,如今,Nd
1096,洲際,Nc
1096,球場,Nc
1096,滿,Neqa
1096,場,Nf
1096,球迷,Na
1096,全體,Na
1096,敬禮,VB
1096,的,DE
1096,畫面,Na
1096,也,D
1096,藉由,P
1096,轉播,VC
1096,傳送到,VC
1096,世界,Nc
1096,，,COMMACATEGORY
1096,讓,VL
1096,外國,Nc
1096,球員,Na
1096,也,D
1096,有樣學樣,VA
1096,日捷克,Nb
1096,對,P
1096,日本,Nc
1096,比賽,Na
1096,時,Ng
1096,，,COMMACATEGORY
1096,可以,D
1096,看到,VE
1096,捷克隊,Na
1096,得分,VH
1096,時,Ng
1096,球員,Na
1096,也,D
1096,在,P
1096,休息室,Nc
1096,做出,VC
1096,相同,VH
1096,手勢,Na
1096,招牌,Na
1096,手勢,Na
1096,紅,VH
1096,到,VCL
1096,國外,Nc
1096,，,COMMACATEGORY
1096,另外,Cbb
1096,還,D
1096,有,V_2
1096,這,Nep
1096,個,Nf
1096,動作,Na
1096,，,COMMACATEGORY
1096,比賽,Na
1096,結束,VHC
1096,後,Ng
1096,全體,Na
1096,球員,Na
1096,圍繞,VC
1096,在,P
1096,投手,Na
1096,丘,Na
1096,向,P
1096,球迷,Na
1096,答謝,VC
1096,的,DE
1096,圓陣,Na
1096,也,D
1096,再度,D
1096,受到,VJ
1096,熱議,Na
1096,，,COMMACATEGORY
1096,國外,Nc
1096,球迷,Na
1096,說,VE
1096,這,Nep
1096,就,D
1096,是,SHI
1096,亞洲,Nc
1096,文化,Na
1096,的,DE
1096,特別,VH
1096,之,DE
1096,處,Na
1096,，,COMMACATEGORY
1096,好,Dfa
1096,喜歡,VK
1096,這樣,VH
1096,的,DE
1096,風格,Na
1096,，,COMMACATEGORY
1096,中華隊,Na
1096,的,DE
1096,熱情,Na
1096,與,Caa
1096,謙虛,Nv
1096,，,COMMACATEGORY
1096,透過,P
1096,國際,Nc
1096,媒體,Na
1096,放送,VC
1096,在,P
1096,全,Neqa
1096,世界,Nc
1096,，,COMMACATEGORY
1096,也,D
1096,打響,VC
1096,了,Di
1096,的,DE
1096,名號,Na
1096,///,FW
1096,///,FW
1096,新聞,Na
1096,影片,Na
1096,///,FW
1096,完整,VH
1096,新聞,Na
1096,連結,VC
1096,或,Caa
1096,短,VH
1096,網址,Na
1096,不可,D
1096,用,VC
1096,等,Cab
1096,轉載,VC
1096,媒體,Na
1096,//////,FW
1096,備註,VE
1096,至少,Da
1096,這,Nep
1096,屆,Nf
1096,打響,VC
1096,了,Di
1096,的,DE
1096,名聲,Na
1096,，,COMMACATEGORY
1096,大聯盟,Na
1096,選手,Na
1096,都,D
1096,震撼,VJ
1096,台灣,Nc
1096,的,DE
1096,應援,VC
1096,氛圍,Na
1096,///,FW
1097,中華隊,Na
1097,中午,Nd
1097,對上古巴,Nb
1097,結果,Na
1097,輸,VD
1097,ㄌ,FW
1097,女,Na
1097,同事,Na
1097,到,P
1097,現,Nd
1097,還,D
1097,無法,D
1097,釋懷,VH
1097,身為,VG
1097,暗戀,VJ
1097,對象,Na
1097,ㄉ,FW
1097,我,Nh
1097,該,D
1097,怎麼,D
1097,安慰,VC
1097,女,Na
1097,同事,Na
1097,讓,VL
1097,他,Nh
1097,走出,VCL
1097,輸球,VH
1097,ㄉ,FW
1097,陰霾,Na
1097,☹☹,FW
1098,如,P
1098,題,Na
1098,本來,D
1098,不,D
1098,回來,VA
1098,公關,Na
1098,危機,Na
1098,大家,Nh
1098,狂臭,VH
1098,會長,Na
1098,訪談,VC
1098,後,Ng
1098,又,D
1098,大,VH
1098,轉彎,Na
1098,說,VE
1098,答應,VE
1098,現在,Nd
1098,回來,VA
1098,打超好,VC
1098,大家,Nh
1098,全,Neqa
1098,服,VC
1098,了,Di
1098,剛剛,D
1098,那,Nep
1098,個,Nf
1098,哭,VA
1098,直接,VH
1098,台灣,Nc
1098,之,DE
1098,光,Na
1098,了,T
1098,吧,T
1098,這,Nep
1098,波,Nf
1098,~,FW
1098,的,DE
1098,操作,VC
1098,是,SHI
1098,不,D
1098,是,SHI
1098,比,P
1098,開始,VH
1098,就,D
1098,答應,VE
1098,回來,VA
1098,更,D
1098,神,VH
1099,那,Nep
1099,個,Nf
1099,中華隊,Na
1099,被,P
1099,打爆,VC
1099,了,Di
1099,已經,D
1099,可以,D
1099,回去,VA
1099,了,Di
1099,今天,Nd
1099,可以,D
1099,去,D
1099,代購,VC
1099,了,Di
1099,那麼,Dk
1099,他們,Nh
1099,會,D
1099,去,D
1099,買,VC
1099,什麼,Nep
1099,啊,T
1099,有,V_2
1099,沒,D
1099,有,V_2
1099,八卦,Na
1099,啊,T
1100,世界盃,Nb
1100,巧固球,Na
1100,錦標賽,Na
1100,歲,Nf
1100,男子組,Na
1100,冠軍,Na
1100,中華,Nc
1100,台北,Nc
1100,歲,Nf
1100,女子組,Na
1100,冠軍,Na
1100,中華,Nc
1100,台北,Nc
1100,歲,Nf
1100,男子組,Na
1100,冠軍,Na
1100,中華,Nc
1100,台北,Nc
1100,歲,Nf
1100,女子組,Na
1100,冠軍,Na
1100,中華,Nc
1100,台北,Nc
1100,歲,Nf
1100,男子組,Na
1100,冠軍,Na
1100,中華,Nc
1100,台北,Nc
1100,歲,Nf
1100,女子組,Na
1100,冠軍,Na
1100,中華,Nc
1100,台北,Nc
1100,為何,D
1100,中華隊,Na
1100,可以,D
1100,直,D
1100,拿,VC
1100,冠軍,Na
1100,有,V_2
1100,沒,D
1100,有,V_2
1100,卦,Na
1101,是否,D
1101,有,V_2
1101,專板,Na
1101,本板,Na
1101,並非,D
1101,萬能,VH
1101,問板,VA
1101,三,Neu
1101,則,Nf
1101,本,Nes
1101,看板,Na
1101,嚴格,VH
1101,禁止,VE
1101,政治,Na
1101,問卦,Na
1101,未滿,VJ
1101,繁體,Na
1101,中文字,Na
1101,水桶,Na
1101,個,DE
1101,月,Na
1101,未滿,VJ
1101,繁體,Na
1101,中文字,Na
1101,水桶,Na
1101,個,DE
1101,月,Na
1101,未滿,VJ
1101,繁體,Na
1101,中文字,Na
1101,水桶,Na
1101,個,Nf
1101,月,Na
1101,，,COMMACATEGORY
1101,嚴重,VH
1101,者,Na
1101,以,P
1101,鬧板論,Na
1101,突然,D
1101,剛才,Nd
1101,台北市,Nc
1101,下,VC
1101,了,Di
1101,超大雨,Na
1101,跟,P
1101,颱風,Na
1101,沒,D
1101,二樣,VH
1101,是,SHI
1101,因為,Cbb
1101,中華隊,Na
1101,輸球,VH
1101,而,Cbb
1101,哭泣,VA
1101,嗎,T
1101,老天,Na
1101,都,D
1101,忍不住,VL
1101,哭,VA
1101,了,Di
1101,///,FW
1102,如,P
1102,題,VC
1102,中華隊,Na
1102,淘汰,VC
1102,了,Di
1102,很多,Neqa
1102,人,Na
1102,在,P
1102,失望,VH
1102,之餘,Ng
1102,會,D
1102,發出,VC
1102,不切實際,VH
1102,的,DE
1102,抱怨,VE
1102,就,D
1102,差,VH
1102,個,Di
1102,王建民,Nb
1102,如果,Cbb
1102,王建民,Nb
1102,還,D
1102,在,VCL
1102,就,D
1102,好,VH
1102,了,T
1102,老實,VH
1102,跟,P
1102,你們,Nh
1102,說,VE
1102,年,Na
1102,的,DE
1102,六成,Neqa
1102,老王,Nb
1102,我們,Nh
1102,就,D
1102,不,D
1102,提,VE
1102,了,Di
1102,假設,VE
1102,有的,Neqa
1102,巔峰,Na
1102,老王,Nb
1102,你,Nh
1102,覺得,VK
1102,結局,Na
1102,會,D
1102,改變,VC
1102,嗎,T
1102,我,Nh
1102,告訴,VE
1102,你,Nh
1102,很,Dfa
1102,難,VH
1102,世界,Nc
1102,棒球,Na
1102,水準,Na
1102,各,Nes
1102,國,Nc
1102,都,D
1102,提升,VC
1102,了,Di
1102,不只,Da
1102,打者,Na
1102,而已,T
1102,投手,Na
1102,也,D
1102,是,SHI
1102,對,P
1102,王建民,Nb
1102,而言,Ng
1102,現在,Nd
1102,的,DE
1102,打者,Na
1102,沒有,VJ
1102,以前,Nd
1102,好,VH
1102,應付,VC
1102,了,Di
1102,同樣,VH
1102,的,DE
1102,王建民,Nb
1102,在,P
1102,他,Nh
1102,那,Nep
1102,個,Nf
1102,時代,Na
1102,以,P
1102,他,Nh
1102,的,DE
1102,投球,VA
1102,機制,Na
1102,和,Caa
1102,當時,Nd
1102,的,DE
1102,棒球,Na
1102,風格,Na
1102,曾經,D
1102,確實,D
1102,很,Dfa
1102,強,VH
1102,不,D
1102,到,P
1102,超強,VH
1102,跟,P
1102,他,Nh
1102,同,Nes
1102,時期,Na
1102,的,DE
1102,超強,VH
1102,應該,D
1102,算,VE
1102,還,D
1102,有,V_2
1102,那,Nep
1102,幾,Neu
1102,個,Nf
1102,但,Cbb
1102,放,VC
1102,在,P
1102,王建民,Nb
1102,確實,D
1102,算是,VG
1102,比,P
1102,普通,VH
1102,強,VH
1102,再,D
1102,強,VH
1102,那麼,D
1102,丟丟,VA
1102,的,DE
1102,選手,Na
1102,至於,P
1102,在,P
1102,國際賽,Na
1102,來,D
1102,講,VE
1102,那,Nep
1102,全盛期,Na
1102,的,DE
1102,他,Nh
1102,可,D
1102,算是,VG
1102,和,P
1102,達比修,Nb
1102,松坂,Na
1102,大輔平級,Na
1102,的,DE
1102,但,Cbb
1102,無從,D
1102,驗證,VE
1102,全盛期,Na
1102,的,DE
1102,他,Nh
1102,不能,D
1102,洋基,Nb
1102,也,D
1102,不,D
1102,允許,VE
1102,他,Nh
1102,參加,VC
1102,國際賽,Na
1102,我們,Nh
1102,只,Da
1102,能,D
1102,從,P
1102,年,Na
1102,他,Nh
1102,的,DE
1102,水準,Na
1102,來,D
1102,推測,VE
1102,前面,Ncd
1102,至於,P
1102,放,VC
1102,在,P
1102,現在,Nd
1102,各,Nes
1102,國,Nc
1102,打者,Na
1102,突飛猛進,VH
1102,的,DE
1102,時代,Na
1102,呢,T
1102,你,Nh
1102,光,Da
1102,看,VC
1102,日本,Nc
1102,的,DE
1102,大砲,Na
1102,從,P
1102,中村紀洋,Nb
1102,大谷翔平,Nb
1102,台灣,Nc
1102,的,DE
1102,重砲,Na
1102,從,P
1102,林智勝,Nb
1102,張育成,Nb
1102,就,D
1102,好,VH
1102,把,P
1102,王建民,Nb
1102,放到,VC
1102,現在,Nd
1102,他,Nh
1102,不會,D
1102,變成,VG
1102,二流,VH
1102,投手,Na
1102,但,Cbb
1102,會,D
1102,從,P
1102,超流,VH
1102,變成,VG
1102,普通,VH
1102,流,Na
1102,我,Nh
1102,這樣,VH
1102,比喻,VE
1102,吧,T
1102,大家,Nh
1102,都,D
1102,知道,VK
1102,全盛,A
1102,時期,Na
1102,末初,Nd
1102,的,DE
1102,王祖賢,Nb
1102,超正,Na
1102,正,D
1102,翻,VC
1102,了,Di
1102,告訴,VE
1102,你,Nh
1102,那,Nep
1102,叫做,VG
1102,印象,Na
1102,加成,VA
1102,如果,Cbb
1102,把,P
1102,巔峰,Na
1102,時期,Na
1102,的,DE
1102,王祖賢,Nb
1102,放,VC
1102,在,P
1102,美女,Na
1102,如,P
1102,雲顏值,Na
1102,大通膨,VH
1102,的,DE
1102,當代,Nd
1102,台灣,Nc
1102,現在,Nd
1102,的,DE
1102,台灣線,Na
1102,美女,Na
1102,有,V_2
1102,鄭家純,Nb
1102,歐陽娜娜,Nb
1102,小馮滴妹,Na
1102,林襄,Nb
1102,板凳區,Nc
1102,還,D
1102,有,V_2
1102,周子瑜,Nb
1102,黑嘉嘉,Nb
1102,峮峮,FW
1102,待命,VA
1102,牛棚,Na
1102,熱身,VA
1102,王祖賢,Nb
1102,傳說,Na
1102,也,D
1102,就,D
1102,變,VG
1102,得,DE
1102,還好,VH
1102,而已,T
1102,所以,Cbb
1102,說,VE
1102,不要,D
1102,緬懷,VJ
1102,過去,Nd
1102,回憶,VK
1102,有,V_2
1102,加成,VA
1102,王建民,Nb
1102,不見得,D
1102,有,V_2
1102,這麼,Dfa
1102,強,VH
1103,備註,VE
1103,請,VF
1103,放,VC
1103,最後,Nd
1103,面違,VC
1103,者,Na
1103,新聞,Na
1103,文章,Na
1103,刪除,VC
1103,媒體,Na
1103,來源,Na
1103,記者,Na
1103,署名,VC
1103,記者,Na
1103,王真魚,Nb
1103,台中,Nc
1103,報導,VE
1103,完整,VH
1103,新聞,Na
1103,標題,Na
1103,中華隊,Na
1103,晚,D
1103,接,VC
1103,午爛,Na
1103,賽程,Na
1103,遭,P
1103,球迷,Na
1103,罵爆,VC
1103,悍創,Nb
1103,概括,VJ
1103,承受,VC
1103,完整,VH
1103,新聞,Na
1103,內文,Na
1103,經典賽,Na
1103,中華隊,Na
1103,難熬,VH
1103,晚,VH
1103,接,VC
1103,午地獄,Na
1103,賽程,Na
1103,，,COMMACATEGORY
1103,預賽,Na
1103,最,Dfa
1103,終場,Na
1103,比,P
1103,敗給,VJ
1103,古巴,Nc
1103,遭,P
1103,淘汰,VC
1103,中華隊,Na
1103,總教練,Na
1103,林岳平,Nb
1103,坦言,VE
1103,這,Nep
1103,戰,Na
1103,相當,VH
1103,煎熬,VC
1103,承辦,VC
1103,單位,Na
1103,悍創,Nb
1103,臉書,Na
1103,發感謝文,Nb
1103,卻,D
1103,遭,P
1103,灌爆,VC
1103,，,COMMACATEGORY
1103,球迷,Na
1103,怒罵,VC
1103,爛,VH
1103,賽程,Na
1103,中華隊,Na
1103,昨天,Nd
1103,晚上,Nd
1103,迎戰,VC
1103,荷蘭,Nc
1103,，,COMMACATEGORY
1103,今天,Nd
1103,中午,Nd
1103,立刻,D
1103,與,P
1103,古巴,Nc
1103,交手,VA
1103,林岳平,Nb
1103,表示,VE
1103,，,COMMACATEGORY
1103,這樣,VH
1103,的,DE
1103,賽程,Na
1103,，,COMMACATEGORY
1103,確實,D
1103,讓,VL
1103,選手,Na
1103,身體,Na
1103,明顯,VH
1103,疲勞,VH
1103,，,COMMACATEGORY
1103,很多,Neqa
1103,選手,Na
1103,身體,Na
1103,有,V_2
1103,些,Nf
1103,狀況,Na
1103,，,COMMACATEGORY
1103,確實,D
1103,很,Dfa
1103,煎熬,VC
1103,悍創,Nb
1103,稍早,Nd
1103,在,P
1103,臉書,Na
1103,發文,VC
1103,，,COMMACATEGORY
1103,感謝,VK
1103,台灣,Nc
1103,英雄,Na
1103,打出,VC
1103,精彩,VH
1103,好球,Na
1103,，,COMMACATEGORY
1103,最,Dfa
1103,美,VH
1103,的,DE
1103,故事,Na
1103,不定,VH
1103,是,SHI
1103,最,Dfa
1103,好,VH
1103,的,DE
1103,結局,Na
1103,，,COMMACATEGORY
1103,有,V_2
1103,起,Di
1103,有,V_2
1103,落有,VJ
1103,歡笑,VA
1103,有,V_2
1103,淚水,Na
1103,的,DE
1103,過程,Na
1103,，,COMMACATEGORY
1103,會,D
1103,更,Dfa
1103,刻骨銘心,VH
1103,的,DE
1103,烙印,VC
1103,在,P
1103,我們,Nh
1103,心,Na
1103,中,Ng
1103,，,COMMACATEGORY
1103,謝謝,VJ
1103,每,Nes
1103,位,Nf
1103,中華,Nc
1103,英雄,Na
1103,們,Na
1103,，,COMMACATEGORY
1103,給,VD
1103,我們,Nh
1103,這,Nep
1103,段,Nf
1103,永生,VH
1103,難忘,VK
1103,的,DE
1103,經典,Na
1103,故事,Na
1103,，,COMMACATEGORY
1103,最後,Nd
1103,，,COMMACATEGORY
1103,請,VF
1103,大家,Nh
1103,把,P
1103,掌聲,Na
1103,留給,VD
1103,所有,Neqa
1103,英雄,Na
1103,，,COMMACATEGORY
1103,臺灣,Nc
1103,有,V_2
1103,你們,Nh
1103,真,D
1103,好,VH
1103,，,COMMACATEGORY
1103,不過,Cbb
1103,球迷,Na
1103,並,D
1103,不,D
1103,領情,VH
1103,，,COMMACATEGORY
1103,痛批,VC
1103,賽程,Na
1103,排,VC
1103,得,DE
1103,非常,Dfa
1103,爛,VH
1103,，,COMMACATEGORY
1103,大罵,VE
1103,根本,D
1103,沒有,VJ
1103,主場,Na
1103,優勢,Na
1103,，,COMMACATEGORY
1103,主辦國,Nc
1103,晚場,Na
1103,接隔,VC
1103,天,Nc
1103,午場,Na
1103,，,COMMACATEGORY
1103,年,Na
1103,前,Ng
1103,的,DE
1103,教訓學,Na
1103,不會,D
1103,主辦國,Nc
1103,還,D
1103,能,D
1103,晚接,VH
1103,午,Nd
1103,搞死,VC
1103,球員,Na
1103,還,D
1103,真的,D
1103,謝謝,VJ
1103,你們,Nh
1103,真的,D
1103,是,SHI
1103,古巴,Nc
1103,地主國,Na
1103,把,P
1103,自己,Nh
1103,賽程,Na
1103,排,VC
1103,這樣,VH
1103,掌聲,Na
1103,留給,VD
1103,英雄,Na
1103,，,COMMACATEGORY
1103,噓聲,Na
1103,留給,VD
1103,悍創,Nb
1103,對於,P
1103,球迷,Na
1103,湧進,VCL
1103,臉書,Na
1103,留言,Na
1103,，,COMMACATEGORY
1103,悍創,Nb
1103,表示,VE
1103,，,COMMACATEGORY
1103,去年,Nd
1103,月,Na
1103,開始,VL
1103,努力,VH
1103,協調,VC
1103,賽程,Na
1103,，,COMMACATEGORY
1103,無奈,Dk
1103,大聯盟,Na
1103,說,VE
1103,的,DE
1103,算,VE
1103,，,COMMACATEGORY
1103,球迷,Na
1103,如果,Cbb
1103,需要,VK
1103,宣洩,VC
1103,缺口,Na
1103,，,COMMACATEGORY
1103,我們,Nh
1103,概括,VJ
1103,承受,VC
1103,完整,VH
1103,新聞,Na
1103,連結,VC
1103,或,Caa
1103,短,VH
1103,網址,Na
1103,不可,D
1103,用,VC
1103,等,Cab
1103,轉載,VC
1103,媒體,Na
1103,////,FW
1103,___,FW
1103,備註,VE
1103,我,Nh
1103,負責,VL
1104,如,P
1104,題,Na
1104,我,Nh
1104,朋友,Na
1104,說,VE
1104,的,T
1104,啦,T
1104,這,Nep
1104,幾,Neu
1104,天,Nf
1104,堆,VC
1104,日,Nc
1104,球迷,Na
1104,還,D
1104,堆,VC
1104,啦啦隊,Na
1104,新聞,Na
1104,中華隊,Na
1104,輸,VD
1104,了,Di
1104,也,D
1104,好,VH
1104,可以,D
1104,安靜,VH
1104,看,VC
1104,球,Na
1104,看看,VE
1104,日職,Na
1104,明星,Na
1104,選手,Na
1104,的,DE
1104,表現,Na
1104,棒球迷,Na
1104,真的,D
1104,是,SHI
1104,這樣,VH
1104,想,VE
1104,嗎,T
1105,媒體,Na
1105,來源,Na
1105,三立,Nb
1105,新聞,Na
1105,記者,Na
1105,署名,VC
1105,記者,Na
1105,劉彥池,Nb
1105,台中,Nc
1105,北屯,Nb
1105,報導,VE
1105,完整,VH
1105,新聞,Na
1105,標題,Na
1105,經典賽,Na
1105,台灣隊,Na
1105,不敵,VJ
1105,古巴,Nc
1105,無緣,VH
1105,東京,Nc
1105,複賽,Na
1105,經典,Na
1105,女孩,Na
1105,哭成,VG
1105,淚人兒,Na
1105,完整,VH
1105,新聞,Na
1105,內文,Na
1105,///,FW
1105,▲,Na
1105,經典,Na
1105,女孩,Na
1105,峮峮,FW
1105,賽,Na
1105,後,Ng
1105,紅,VH
1105,了,Di
1105,眼框,Na
1105,圖,Na
1105,記者,Na
1105,劉彥池,Nb
1105,攝影,VA
1105,台灣隊,Na
1105,在,P
1105,世界,Nc
1105,棒球,Na
1105,經典,Na
1105,賽組,Na
1105,預賽,Na
1105,最後,Nd
1105,戰,Na
1105,不敵,VJ
1105,古巴,Nc
1105,，,COMMACATEGORY
1105,確定,VK
1105,無緣,VH
1105,前往,VCL
1105,東京,Nc
1105,參加,VC
1105,複賽,Na
1105,賽,Na
1105,後,Ng
1105,在,P
1105,場,Nc
1105,邊,Ncd
1105,帶領,VF
1105,萬,Neu
1105,名,Nf
1105,球迷,Na
1105,應援,VC
1105,的,DE
1105,經典,Na
1105,女孩,Na
1105,包括,VK
1105,峮峮,Na
1105,慈妹,Na
1105,丹丹,Nb
1105,和,Caa
1105,都,D
1105,留,VC
1105,下,Ncd
1105,不,D
1105,甘心,VK
1105,的,DE
1105,眼淚,Na
1105,峮峮,FW
1105,日,Na
1105,受,P
1105,訪,VC
1105,時,Ng
1105,曾,D
1105,說,VE
1105,，,COMMACATEGORY
1105,自己,Nh
1105,不,D
1105,是,SHI
1105,屬於,VG
1105,激動派,Na
1105,，,COMMACATEGORY
1105,像,P
1105,張育成,Nb
1105,對,P
1105,荷蘭,Nc
1105,擊出,VC
1105,滿貫砲,Na
1105,的,DE
1105,當下,D
1105,，,COMMACATEGORY
1105,她,Nh
1105,不,D
1105,像,VG
1105,有些,Neqa
1105,女孩,Na
1105,落淚,VA
1105,，,COMMACATEGORY
1105,峮峮,FW
1105,說,VE
1105,自己,Nh
1105,只,Da
1105,會,D
1105,興奮,VH
1105,地,DE
1105,大叫,VE
1105,，,COMMACATEGORY
1105,但,Cbb
1105,日,Nc
1105,的,DE
1105,比賽,Na
1105,輸給,VD
1105,古巴,Nc
1105,無緣,VH
1105,晉級,VJ
1105,東京,Nc
1105,複賽,Na
1105,，,COMMACATEGORY
1105,峮峮,FW
1105,賽,Na
1105,後,Ng
1105,還是,D
1105,紅,VH
1105,了,Di
1105,眼眶,Na
1105,她,Nh
1105,接受,VC
1105,三立,Nb
1105,新聞網,Na
1105,採訪,VC
1105,時,Ng
1105,透露,VE
1105,，,COMMACATEGORY
1105,參加,VC
1105,啦啦隊,Na
1105,年,Nf
1105,第,Neu
1105,次,Nf
1105,跳,VA
1105,國際賽,Na
1105,，,COMMACATEGORY
1105,心情,Na
1105,很,Dfa
1105,難,VH
1105,平復,VHC
1105,比賽,Na
1105,結束,VHC
1105,後,Ng
1105,她,Nh
1105,和,Caa
1105,要,D
1105,趕去,VCL
1105,另,Nes
1105,場,Nf
1105,活動,Na
1105,，,COMMACATEGORY
1105,希望,VK
1105,趕快,D
1105,走出,VCL
1105,這,Nep
1105,個,Nf
1105,難過,VK
1105,的,DE
1105,氛圍,Na
1105,，,COMMACATEGORY
1105,峮峮,FW
1105,說,VE
1105,被,P
1105,台灣隊,Na
1105,球員,Na
1105,永,D
1105,不,D
1105,放棄,VC
1105,的,DE
1105,精神,Na
1105,和,Caa
1105,大家,Nh
1105,齊心應援,VH
1105,的,DE
1105,熱情,Na
1105,感動,VHC
1105,，,COMMACATEGORY
1105,雖然,Cbb
1105,不,D
1105,甘心,VK
1105,，,COMMACATEGORY
1105,但,Cbb
1105,雖,Cbb
1105,敗,VH
1105,猶榮,VH
1105,///,FW
1105,▲,Na
1105,經典,Na
1105,女孩,Na
1105,丹丹,Nb
1105,賽,Na
1105,後,Ng
1105,落淚,VA
1105,圖,Na
1105,記者,Na
1105,劉彥池,Nb
1105,攝影,VA
1105,在,P
1105,比賽,Na
1105,結束,VHC
1105,當下,D
1105,哭成,VG
1105,淚人兒,Na
1105,，,COMMACATEGORY
1105,她,Nh
1105,受,P
1105,訪,VC
1105,時,Ng
1105,覺得,VK
1105,很,Dfa
1105,可惜,VH
1105,也,D
1105,很,Dfa
1105,感動,VHC
1105,，,COMMACATEGORY
1105,說,VE
1105,滿,Neqa
1105,場,Nf
1105,球迷,Na
1105,跟,P
1105,我們,Nh
1105,起奮戰,VA
1105,吶喊,VA
1105,到,P
1105,最後,Nd
1105,刻,VC
1105,，,COMMACATEGORY
1105,雖然,Cbb
1105,落後,VJ
1105,，,COMMACATEGORY
1105,不過,Cbb
1105,不,D
1105,到,P
1105,最後,Nd
1105,刻永,Nb
1105,不,D
1105,放棄,VC
1105,，,COMMACATEGORY
1105,最後局,Nc
1105,團結,VHC
1105,心,Na
1105,全體,Na
1105,站,VA
1105,著,Di
1105,應援,VC
1105,給,VD
1105,球員,Na
1105,們,Na
1105,最,Dfa
1105,大聲,VH
1105,的,DE
1105,加油,VB
1105,，,COMMACATEGORY
1105,現場,Nc
1105,滿,Neqa
1105,場,Nf
1105,的,DE
1105,應援,VC
1105,真的,D
1105,會,D
1105,讓,VL
1105,人,Na
1105,起,VC
1105,雞皮疙瘩,Na
1105,很,Dfa
1105,珍惜,VJ
1105,這,Nep
1105,次,Nf
1105,經典賽,Na
1105,的,DE
1105,應援,VC
1105,能,D
1105,站,VA
1105,在,P
1105,應援,VC
1105,舞台,Na
1105,上,Ncd
1105,起,Ng
1105,為,P
1105,台灣隊,Na
1105,加油,VB
1105,是,SHI
1105,件,Nf
1105,非常,Dfa
1105,榮幸,VH
1105,的,DE
1105,事,Na
1105,，,COMMACATEGORY
1105,也,D
1105,很,Dfa
1105,開心,VH
1105,前場,Nc
1105,的,DE
1105,氣勢,Na
1105,很,Dfa
1105,棒,VH
1105,在,P
1105,主場,Na
1105,拿下,VC
1105,連勝,VH
1105,，,COMMACATEGORY
1105,台灣,Nc
1105,男兒,Na
1105,最,Dfa
1105,棒,VH
1105,///,FW
1105,▲,Na
1105,經典,Na
1105,女孩,Na
1105,慈妹,Na
1105,賽,Na
1105,後,Ng
1105,落淚,VA
1105,圖,Na
1105,記者,Na
1105,劉彥池,Nb
1105,攝影,VA
1105,和,P
1105,峮峮,FW
1105,站,VA
1105,在,P
1105,同,Nes
1105,邊,Ncd
1105,應援,VC
1105,的,DE
1105,慈妹,Na
1105,賽,Na
1105,後,Ng
1105,也,D
1105,哭,VA
1105,很,Dfa
1105,慘,VH
1105,，,COMMACATEGORY
1105,旁邊,Ncd
1105,的,DE
1105,奶昔,Na
1105,也,D
1105,忍不住,VL
1105,淚水,Na
1105,完整,VH
1105,新聞,Na
1105,連結,VC
1105,或,Caa
1105,短,VH
1105,網址,Na
1105,不可,D
1105,用,VC
1105,等,Cab
1105,轉載,VC
1105,媒體,Na
1105,////,FW
1105,備註,VE
1105,竟然,D
1105,哭,VA
1105,了,Di
1106,////,FW
1106,中華隊,Na
1106,惜,VJ
1106,敗,VH
1106,無法,D
1106,前進,VA
1106,東京,Nc
1106,蔡英文,Nb
1106,說話,VA
1106,了,Di
1106,記者,Na
1106,方炳超,Nb
1106,報導,VE
1106,發佈,VE
1106,時間,Na
1106,//,FW
1106,最後,Nd
1106,更新,VC
1106,時間,Na
1106,//,FW
1106,世界,Nc
1106,棒球,Na
1106,經典賽組,Nc
1106,預賽,Na
1106,，,COMMACATEGORY
1106,今日,Nd
1106,中午,Nd
1106,由,P
1106,中華隊,Na
1106,出戰,VC
1106,強敵,Na
1106,古巴,Nc
1106,，,COMMACATEGORY
1106,最終,A
1106,中華隊,Na
1106,以,P
1106,比,P
1106,敗下陣來,VH
1106,，,COMMACATEGORY
1106,無緣,VH
1106,晉級,VJ
1106,八,Neu
1106,強,Na
1106,賽事,Na
1106,總統,Na
1106,蔡英文,Nb
1106,下午,Nd
1106,在,P
1106,臉書,Na
1106,貼文,Na
1106,，,COMMACATEGORY
1106,感謝,VK
1106,所有,Neqa
1106,台灣,Nc
1106,英雄,Na
1106,，,COMMACATEGORY
1106,所,D
1106,有,V_2
1106,台灣,Nc
1106,球迷,Na
1106,也,D
1106,都,D
1106,團結心,Na
1106,為,P
1106,台灣隊,Na
1106,加油,VB
1106,，,COMMACATEGORY
1106,令,VL
1106,人,Na
1106,感動,VHC
1106,蔡英文,Nb
1106,表示,VE
1106,，,COMMACATEGORY
1106,感謝,VK
1106,所有,Neqa
1106,台灣,Nc
1106,英雄,Na
1106,在,P
1106,這,Nep
1106,次,Nf
1106,的,DE
1106,世界,Nc
1106,棒球,Na
1106,經典賽,Na
1106,中,Ng
1106,，,COMMACATEGORY
1106,所有,Neqa
1106,台灣,Nc
1106,球迷,Na
1106,都,D
1106,團結心,VH
1106,為,P
1106,台灣隊,Na
1106,加油,VB
1106,，,COMMACATEGORY
1106,我們,Nh
1106,共同,A
1106,見證,VE
1106,了,Di
1106,次,Nf
1106,又,D
1106,次,Nf
1106,球員,Na
1106,們,Na
1106,發揮,VJ
1106,拚勁,Na
1106,逆轉,VA
1106,求勝,VA
1106,的,DE
1106,精采,VH
1106,時刻,Na
1106,我們,Nh
1106,也,D
1106,看到,VE
1106,，,COMMACATEGORY
1106,滿,Neqa
1106,場,Nf
1106,的,DE
1106,球迷,Na
1106,，,COMMACATEGORY
1106,不論,Cbb
1106,台灣隊,Na
1106,領先,VJ
1106,或,Caa
1106,落後,VJ
1106,，,COMMACATEGORY
1106,大家,Nh
1106,都,D
1106,沒有,D
1106,放棄,VC
1106,，,COMMACATEGORY
1106,仍然,D
1106,奮力,D
1106,加油,VB
1106,吶喊,VA
1106,，,COMMACATEGORY
1106,不,D
1106,到,P
1106,最後,Nd
1106,不,D
1106,放棄,VC
1106,希望,Na
1106,，,COMMACATEGORY
1106,令,VL
1106,人,Na
1106,感動,VHC
1106,蔡英文,Nb
1106,指出,VE
1106,，,COMMACATEGORY
1106,當,P
1106,台灣,Nc
1106,球員,Na
1106,有,V_2
1106,好,VH
1106,表現,VC
1106,擊出,VC
1106,全壘打,Na
1106,時,Ng
1106,，,COMMACATEGORY
1106,大家,Nh
1106,的,DE
1106,熱血,Na
1106,沸騰,VH
1106,與,Caa
1106,感動,VHC
1106,，,COMMACATEGORY
1106,相信,VK
1106,也,D
1106,已經,D
1106,深深,VH
1106,留在,VCL
1106,每,Nes
1106,個,Nf
1106,球迷,Na
1106,心,Na
1106,中,Ng
1106,所有,Neqa
1106,台灣隊,Na
1106,的,DE
1106,英雄,Na
1106,，,COMMACATEGORY
1106,我們,Nh
1106,永遠,D
1106,以,P
1106,你們,Nh
1106,為榮,VI
1106,挺,VC
1106,台灣,Nc
1107,雖然,Cbb
1107,比賽,Na
1107,內容,Na
1107,有,V_2
1107,好,VH
1107,有,V_2
1107,壞,VHC
1107,但,Cbb
1107,反正,D
1107,中華隊,Na
1107,比賽,Na
1107,結束,VHC
1107,了,T
1107,大家,Nh
1107,準備好,VC
1107,寄生,VA
1107,哪,Nep
1107,隊,Nf
1107,了,T
1107,嗎,T
1107,日本,Nc
1107,美國,Nc
1107,還是,D
1107,中美洲,Nc
1107,搞,VE
1107,不,D
1107,太,Dfa
1107,清楚,VH
1107,到底,D
1107,在,P
1107,哪裡,Ncd
1107,的,DE
1107,國家,Na
1107,呢,T
1108,買,VC
1108,的,DE
1108,到,VJ
1108,蛋,Na
1108,，,COMMACATEGORY
1108,就,D
1108,沒,D
1108,缺,VJ
1108,蛋,Na
1108,水龍頭,Na
1108,還,D
1108,有,V_2
1108,水,Na
1108,，,COMMACATEGORY
1108,就,D
1108,沒,D
1108,缺,VJ
1108,水,Na
1108,戰,Na
1108,還,D
1108,有,V_2
1108,勝,VH
1108,，,COMMACATEGORY
1108,就,D
1108,沒有,D
1108,輸,VD
1108,請,VF
1108,大家,Nh
1108,起喊,VA
1108,，,COMMACATEGORY
1108,中華隊,Na
1108,沒有,D
1108,輸,VD
1108,中華隊,Na
1108,還,D
1108,有,V_2
1108,勝,VH
1108,，,COMMACATEGORY
1108,怎麼,D
1108,可以,D
1108,說,VE
1108,中華隊,Na
1108,輸,VD
1108,了,Di
1109,剛剛,D
1109,世界,Nc
1109,大谷,Nb
1109,終於,D
1109,打出,VC
1109,第,Neu
1109,轟,VC
1109,結果,Dk
1109,被,P
1109,個,Di
1109,女,Na
1109,球迷,Na
1109,撿到,VC
1109,根本,D
1109,爽翻,VC
1109,了,Di
1109,日本,Nc
1109,定,D
1109,會,D
1109,有,V_2
1109,很多,Neqa
1109,人,Na
1109,高價,D
1109,搶,VD
1109,著,Di
1109,要,D
1109,收藏,VC
1109,這,Nep
1109,顆,Nf
1109,球,Na
1109,上網,VA
1109,賣,VD
1109,的話,Cba
1109,能不能,D
1109,買,VC
1109,間,Nf
1109,房,Na
1109,了,T
1109,呢,T
1110,洋基,Nb
1110,法官,Na
1110,賈吉,Nb
1110,台灣人,Na
1110,阿,T
1110,這,Nep
1110,次,Nf
1110,為什麼,D
1110,不,D
1110,徵召,VC
1110,是,SHI
1110,他,Nh
1110,不,D
1110,打,VC
1110,嗎,T
1110,有,V_2
1110,賈吉,Nb
1110,助陣,VA
1110,的話,Cba
1110,這,Nep
1110,次,Nf
1110,中華隊,Na
1110,還,D
1110,會,D
1110,怕,VK
1110,古巴,Nc
1110,大,VH
1110,雪茄,Na
1110,所以,Cbb
1110,說,VE
1110,台灣,Nc
1110,真的,D
1110,不要,D
1110,看,VC
1110,人家,Nh
1110,沒有,VJ
1110,以為,VE
1110,分到,VC
1110,最,Dfa
1110,軟,VH
1110,的,DE
1110,組,Nc
1110,就,D
1110,不,D
1110,徵召,VC
1110,大聯盟,Na
1110,的,DE
1110,好手,Na
1110,賈吉,Nb
1110,聽到,VE
1110,沒有,VJ
1110,下,Nes
1110,次,Nf
1110,不,D
1110,回國,VA
1110,打,VC
1110,就,D
1110,叫,VF
1110,你,Nh
1110,回來,VA
1110,當兵,VA
1110,氣死,VHC
1110,人,Na
1110,了,T
1111,中華,Nc
1111,台北,Nc
1111,對上,VC
1111,巴拿馬,Nc
1111,中華隊,Na
1111,以,P
1111,輸,VD
1111,了,Di
1111,中華,Nc
1111,台北,Nc
1111,對上,VC
1111,義大利,Nc
1111,中華隊,Na
1111,以,P
1111,贏,VD
1111,了,Di
1111,中華,Nc
1111,台北,Nc
1111,對上,VC
1111,荷蘭,Nc
1111,中華隊,Na
1111,以,P
1111,贏,VD
1111,了,Di
1111,中華,Nc
1111,台北,Nc
1111,對上,VC
1111,古巴,Nc
1111,中華隊,Na
1111,以,P
1111,輸,VD
1111,了,Di
1112,中華隊,Na
1112,打完,VC
1112,收工,VA
1112,接下來,D
1112,八,Neu
1112,強,Na
1112,跟,P
1112,總冠軍戰,Na
1112,應該,D
1112,都,D
1112,有,V_2
1112,日本隊,Na
1112,肥魯,Nb
1112,等,Cab
1112,都,D
1112,去,D
1112,買,VC
1112,元,Nf
1112,日本,Nc
1112,總冠軍,Na
1112,該,D
1112,加入,VC
1112,日本隊,Na
1112,應援,VC
1112,了,Di
1112,吧,T
1113,中華隊,Na
1113,，,COMMACATEGORY
1113,基礎,VH
1113,防守,VC
1113,都,D
1113,沒,D
1113,練好,VC
1113,就,D
1113,想,VE
1113,提,VC
1113,槍,Na
1113,上陣,VA
1113,，,COMMACATEGORY
1113,當然,D
1113,面臨,VK
1113,大,VH
1113,挫敗,VH
1113,啊,T
1113,就,D
1113,像,VG
1113,，,COMMACATEGORY
1113,你,Nh
1113,明知道,VK
1113,要,D
1113,考試,VA
1113,，,COMMACATEGORY
1113,但,Cbb
1113,你,Nh
1113,完全,D
1113,沒,D
1113,看書,VA
1113,，,COMMACATEGORY
1113,直接,VH
1113,上,VCL
1113,考場,Nc
1113,，,COMMACATEGORY
1113,當然,D
1113,考,VC
1113,很,Dfa
1113,爛,VH
1113,啊,T
1113,不然,Cbb
1113,咧,T
1113,機會,Na
1113,是,SHI
1113,留給,VD
1113,準備好,VC
1113,的,DE
1113,人,Na
1113,不,D
1113,是,SHI
1113,留給,VD
1113,些,Nf
1113,心存僥倖,VH
1113,的,DE
1113,人,Na
1113,，,COMMACATEGORY
1113,只,Da
1113,想,VE
1113,投機取巧,VH
1113,，,COMMACATEGORY
1113,可是,Cbb
1113,天下,Nc
1113,沒有,D
1113,白吃,VC
1113,的,DE
1113,午餐,Na
1113,，,COMMACATEGORY
1113,分,VC
1113,耕耘,VA
1113,分,VC
1113,收獲,VC
1113,的,DE
1113,道理,Na
1113,，,COMMACATEGORY
1113,這,Nep
1113,是,SHI
1113,永遠,D
1113,不會,D
1113,改變,VC
1113,的,DE
1113,傲慢,VH
1113,和,Caa
1113,容易,VH
1113,自滿,VH
1113,，,COMMACATEGORY
1113,是,SHI
1113,求取,VC
1113,進步,VH
1113,的,DE
1113,大敵,Na
1113,，,COMMACATEGORY
1113,剛好,Da
1113,這,Nep
1113,兩,Neu
1113,點,Nf
1113,就,D
1113,是,SHI
1113,中華,Nc
1113,隊員,Na
1113,為,P
1113,人,Na
1113,普遍,VH
1113,的,DE
1113,詬病,VB
1113,之,DE
1113,處,Na
1113,只是,Cbb
1113,他們,Nh
1113,都,D
1113,沒,D
1113,注意到,VK
1113,而已,T
1113,剛,D
1113,贏,VD
1113,個,Nf
1113,荷蘭,Nc
1113,，,COMMACATEGORY
1113,就,D
1113,開始,VL
1113,飄飄然,VH
1113,了,T
1113,，,COMMACATEGORY
1113,心,Na
1113,飄到,VCL
1113,哪裡,Ncd
1113,去,D
1113,都,D
1113,不,D
1113,知道,VK
1113,了,T
1113,小怪,Na
1113,都,D
1113,清,VH
1113,不,D
1113,乾淨,VH
1113,了,T
1113,，,COMMACATEGORY
1113,還,D
1113,想,VE
1113,打,VC
1113,，,COMMACATEGORY
1113,偏偏,D
1113,就,D
1113,剛好,Da
1113,碰到,VC
1113,古巴,Nc
1113,，,COMMACATEGORY
1113,輸球,VH
1113,也,D
1113,只,Da
1113,是,SHI
1113,剛好,VH
1113,而已,T
1113,中華隊,Na
1113,甚麼,Nep
1113,時候,Na
1113,才,Da
1113,會,D
1113,覺醒,VH
1113,啊,T
1113,真的,D
1113,快,D
1113,看,VC
1113,不,D
1113,下去,Di
1113,了,Di
1114,經典賽,Na
1114,晚,D
1114,接,VC
1114,午,Nd
1114,賽程,Na
1114,被,P
1114,罵,VC
1114,爆悍,VH
1114,創,VC
1114,曝原,VH
1114,賽程,Na
1114,已,D
1114,盡力,VH
1114,協調,VC
1114,聯合報,Nb
1114,記者,Na
1114,蘇志畬,Nb
1114,台中,Nc
1114,即時,VH
1114,報導,VE
1114,中華隊,Na
1114,今天,Nd
1114,以,P
1114,輸給,VD
1114,古巴隊,Na
1114,，,COMMACATEGORY
1114,確定,VK
1114,無緣,VH
1114,晉級,VJ
1114,經典賽,Na
1114,複賽,Na
1114,，,COMMACATEGORY
1114,外界,Ncd
1114,怪罪,VC
1114,賽程,Na
1114,安排,VE
1114,晚,VH
1114,接,VC
1114,午,Nd
1114,不利,VK
1114,中華隊,Na
1114,，,COMMACATEGORY
1114,甚至,D
1114,影響,VC
1114,球員,Na
1114,調整,VC
1114,，,COMMACATEGORY
1114,承辦,VC
1114,單位,Na
1114,悍創,Nb
1114,運動,Na
1114,行銷,Na
1114,表示,VE
1114,，,COMMACATEGORY
1114,當初,Nd
1114,已經,D
1114,盡力,VH
1114,跟,P
1114,大聯盟,Na
1114,協調,VC
1114,，,COMMACATEGORY
1114,在,P
1114,可以,D
1114,更動,VH
1114,的,DE
1114,範圍,Na
1114,內,Ncd
1114,盡力,VH
1114,爭取,VC
1114,，,COMMACATEGORY
1114,願意,VK
1114,承擔,VC
1114,球迷,Na
1114,的,DE
1114,批評,VC
1114,中華隊,Na
1114,這,Nep
1114,次,Nf
1114,賽程,Na
1114,是,SHI
1114,日,Nd
1114,對,P
1114,巴拿馬日,Nd
1114,對,P
1114,義大利日,Nd
1114,對,P
1114,荷蘭日,Nb
1114,對,VC
1114,古巴,Nc
1114,，,COMMACATEGORY
1114,前,Nes
1114,三,Neu
1114,場,Nf
1114,都,D
1114,是,SHI
1114,晚上,Nd
1114,開打,VH
1114,，,COMMACATEGORY
1114,最後,Nd
1114,天,Na
1114,移到,VC
1114,午場,Na
1114,，,COMMACATEGORY
1114,也,D
1114,代表,VK
1114,最後,Nd
1114,兩,Neu
1114,場,Nf
1114,休息,VA
1114,時間,Na
1114,不,D
1114,到,P
1114,小時,Na
1114,，,COMMACATEGORY
1114,中華隊,Na
1114,總教練,Na
1114,林岳平,Nb
1114,也,D
1114,指出,VE
1114,，,COMMACATEGORY
1114,對,P
1114,古巴,Nc
1114,之,DE
1114,戰,Na
1114,很多,Neqa
1114,球員,Na
1114,身體,Na
1114,出,VJ
1114,狀況,Na
1114,，,COMMACATEGORY
1114,打,VC
1114,得,DE
1114,很,Dfa
1114,煎熬,VC
1114,悍創,Nb
1114,運動,Na
1114,行銷,Na
1114,總監,Na
1114,高偉凱,Nb
1114,表示,VE
1114,，,COMMACATEGORY
1114,悍,VH
1114,創作,VC
1114,為,VG
1114,承辦,VC
1114,單位,Na
1114,，,COMMACATEGORY
1114,賽程,Na
1114,是,SHI
1114,由,P
1114,主辦,VC
1114,單位,Na
1114,大聯盟,Na
1114,安排,VE
1114,，,COMMACATEGORY
1114,原本,D
1114,中華隊,Na
1114,賽程,Na
1114,甚至,D
1114,出現,VH
1114,兩,Neu
1114,場,Nf
1114,午場,Na
1114,，,COMMACATEGORY
1114,但,Cbb
1114,最後,Nd
1114,協調,Nv
1114,結果,Na
1114,，,COMMACATEGORY
1114,變成,VG
1114,三,Neu
1114,場,Nf
1114,晚場,Na
1114,再,D
1114,接,VC
1114,午場,Na
1114,外界,Ncd
1114,質疑,VE
1114,為何,D
1114,日本隊,Na
1114,可以,D
1114,連,D
1114,打,VC
1114,四,Neu
1114,場,Nf
1114,晚場,Na
1114,，,COMMACATEGORY
1114,中華隊,Na
1114,卻,D
1114,不行,VH
1114,高偉凱,Nb
1114,指出,VE
1114,，,COMMACATEGORY
1114,各,Nes
1114,個,Nf
1114,賽事,Na
1114,舉辦,VC
1114,地區,Nc
1114,，,COMMACATEGORY
1114,大聯盟,Na
1114,的,DE
1114,承辦,VC
1114,人員,Na
1114,都,D
1114,不,D
1114,相同,VH
1114,，,COMMACATEGORY
1114,願意,VK
1114,調整,VC
1114,的,DE
1114,空間,Na
1114,也,D
1114,不同,VH
1114,，,COMMACATEGORY
1114,無法,D
1114,概,D
1114,而論,P
1114,高偉凱,Nb
1114,表示,VE
1114,，,COMMACATEGORY
1114,大聯盟,Na
1114,作為,VG
1114,主辦,VC
1114,單位,Na
1114,，,COMMACATEGORY
1114,勢必,D
1114,要,D
1114,顧及,VE
1114,所有,Neqa
1114,參賽,VA
1114,隊伍,Na
1114,的,DE
1114,公平性,Na
1114,，,COMMACATEGORY
1114,無法,D
1114,給予,VD
1114,主場,Na
1114,球隊,Na
1114,完全,D
1114,有利,VK
1114,位置,Na
1114,，,COMMACATEGORY
1114,在,P
1114,賽程,Na
1114,的,DE
1114,選項,Na
1114,調整,VC
1114,上,Ng
1114,，,COMMACATEGORY
1114,自然,D
1114,無法,D
1114,給出,VC
1114,主場,Na
1114,隊伍,Na
1114,完美,VH
1114,的,DE
1114,賽程,Na
1114,安排,VE
1115,贏,VD
1115,義大利,Nc
1115,荷蘭,Nc
1115,觀眾,Na
1115,有,V_2
1115,爽,VH
1115,到,P
1115,也,D
1115,讓,VL
1115,本土,Nc
1115,球員,Na
1115,像,VG
1115,林立,VH
1115,吳哲源,Nb
1115,等,Cab
1115,證明,VE
1115,了,Di
1115,身價,Na
1115,輸,VD
1115,古巴,Nc
1115,讓,VL
1115,旅外仔,Na
1115,的,DE
1115,也,D
1115,可以,D
1115,早點,D
1115,回去,VA
1115,春訓,Na
1115,這,Nep
1115,幾,Neu
1115,天,Nf
1115,政客,Na
1115,該,D
1115,蹭,VC
1115,的,DE
1115,也,D
1115,蹭到,VC
1115,了,Di
1115,想,VE
1115,長遠,VH
1115,的,DE
1115,未來,Nd
1115,台灣,Nc
1115,還可以,D
1115,爭取,VC
1115,舉辦,VC
1115,資格賽,Na
1115,預賽,Na
1115,台灣,Nc
1115,廠商,Na
1115,發,VC
1115,大,VH
1115,財,Na
1115,這,Nep
1115,次,Nf
1115,預賽,Na
1115,台灣,Nc
1115,各,Nes
1115,方,Ncd
1115,來,D
1115,說,VE
1115,沒有,VJ
1115,輸家,Na
1115,大家,Nh
1115,堪稱,VG
1115,歷屆,Nd
1115,最,Dfa
1115,好,VH
1115,的,DE
1115,劇本,Na
1115,沒有,VJ
1115,之,Nh
1115,了,T
1115,吧,T
1115,大家,Nh
1115,怎麼,D
1115,看,VC
1116,媒體,Na
1116,來源,Na
1116,記者,Na
1116,署名,VC
1116,記者,Na
1116,黃仲裕,Nb
1116,台中,Nc
1116,即時,VH
1116,報導,VE
1116,完整,VH
1116,新聞,Na
1116,標題,Na
1116,經典賽,Na
1116,台灣,Nc
1116,輸球,VH
1116,卻,D
1116,向,P
1116,全,Neqa
1116,場,Nf
1116,致謝,VB
1116,大聯盟,Na
1116,投手,Na
1116,為,VG
1116,風度,Na
1116,鼓掌,VA
1116,完整,VH
1116,新聞,Na
1116,內文,Na
1116,///,FW
1116,世界,Nc
1116,棒球,Na
1116,經典賽,Na
1116,今天,Nd
1116,在,P
1116,台中,Nc
1116,洲際,Nc
1116,棒球場,Nc
1116,舉行,VC
1116,中華,Nc
1116,對決,VA
1116,古巴,Nc
1116,的,DE
1116,比賽,Na
1116,，,COMMACATEGORY
1116,中華隊,Na
1116,輸球,VH
1116,後,Ng
1116,在,P
1116,投手,Na
1116,丘,Nb
1116,上,Ncd
1116,向,P
1116,全,Neqa
1116,場,Nf
1116,球迷,Na
1116,致謝,VB
1116,，,COMMACATEGORY
1116,古巴,Nc
1116,有,V_2
1116,大聯盟,Na
1116,經驗,Na
1116,投手,Na
1116,伊萊斯,Nb
1116,右,Ncd
1116,二,Neu
1116,為,VG
1116,中華隊,Na
1116,的,DE
1116,風度,Na
1116,鼓掌,VA
1116,喝采,VA
1116,記者,Na
1116,黃仲裕,Nb
1116,攝影,Na
1116,台灣,Nc
1116,球隊,Na
1116,在,P
1116,比賽,Na
1116,後,Ng
1116,都,D
1116,有,V_2
1116,聚,VA
1116,在,P
1116,投手,Na
1116,丘圍,Nb
1116,成圈,VH
1116,向,P
1116,全,Neqa
1116,場,Nf
1116,致謝,VB
1116,的,DE
1116,習慣,Na
1116,，,COMMACATEGORY
1116,在,P
1116,這,Nep
1116,次,Nf
1116,經典賽,Na
1116,也,D
1116,不例外,VH
1116,今天,Nd
1116,中午,Nd
1116,對決,VA
1116,古巴,Nc
1116,的,DE
1116,戰役,Na
1116,，,COMMACATEGORY
1116,終場,Na
1116,以,P
1116,比,P
1116,慘敗給,VJ
1116,古巴,Nc
1116,，,COMMACATEGORY
1116,無緣,VH
1116,複賽,Na
1116,，,COMMACATEGORY
1116,賽,VJ
1116,後,Ng
1116,全體,Na
1116,球員,Na
1116,仍,D
1116,照,P
1116,慣例,Na
1116,，,COMMACATEGORY
1116,在,P
1116,投手,Na
1116,丘,Nb
1116,週圍,Nc
1116,圍成,VG
1116,圈向,Na
1116,全,Neqa
1116,場,Nf
1116,致謝,VB
1116,古巴隊,Na
1116,有,V_2
1116,年,Nf
1116,大聯盟,Na
1116,資歷,Na
1116,的,DE
1116,投手,Na
1116,伊萊斯,Nb
1116,深受,P
1116,中華隊,Na
1116,的,DE
1116,風度,Na
1116,感動,VHC
1116,，,COMMACATEGORY
1116,在,P
1116,旁,Ncd
1116,為,P
1116,中華隊,Na
1116,的,DE
1116,風度,Na
1116,喝采,VA
1116,主辦,VC
1116,單位,Na
1116,在,P
1116,官方,Na
1116,公開,VHC
1116,台灣,Nc
1116,鞠躬,VB
1116,影片,Na
1116,後,Ng
1116,，,COMMACATEGORY
1116,吸引,VJ
1116,不少,Neqa
1116,外國,Nc
1116,球迷,Na
1116,留言,Na
1116,稱讚,VE
1116,令,VL
1116,人,Na
1116,尊敬,VJ
1116,我,Nh
1116,喜歡,VK
1116,這,Nep
1116,種,Nf
1116,文化,Na
1116,我,Nh
1116,尊敬,VJ
1116,台灣隊,Na
1116,很,Dfa
1116,棒,VH
1116,的,DE
1116,文化,Na
1116,等,Cab
1116,如今,Nd
1116,連,Cbb
1116,大聯盟,Na
1116,投手,Na
1116,都,D
1116,在,P
1116,國際賽,Na
1116,上,Ncd
1116,親眼,D
1116,見證,VE
1116,，,COMMACATEGORY
1116,因而,Cbb
1116,深受,P
1116,感動,VHC
1116,，,COMMACATEGORY
1116,又,D
1116,再次,D
1116,的,DE
1116,讓,VL
1116,國際,Nc
1116,看見,VE
1116,台灣,Nc
1116,完整,VH
1116,新聞,Na
1116,連結,VC
1116,或,Caa
1116,短,VH
1116,網址,Na
1116,不可,D
1116,用,VC
1116,等,Cab
1116,轉載,VC
1116,媒體,Na
1116,//////,FW
1116,備註,VE
1116,這,Nep
1116,是,SHI
1116,台灣,Nc
1116,特有,A
1116,的,DE
1116,文化,Na
1116,嗎,T
1117,經典賽,Na
1117,，,COMMACATEGORY
1117,預賽,Na
1117,最,Dfa
1117,終場,Na
1117,比,P
1117,敗給,VJ
1117,古巴,Nc
1117,遭,P
1117,淘,VC
1117,，,COMMACATEGORY
1117,台灣人,Na
1117,多,D
1117,以,P
1117,工作,Na
1117,為重,VI
1117,，,COMMACATEGORY
1117,選擇,VC
1117,犧牲,VJ
1117,婚育,Na
1117,家庭,Na
1117,就,D
1117,連,Cbb
1117,台積電,Nb
1117,到,VCL
1117,美國,Nc
1117,，,COMMACATEGORY
1117,台灣,Nc
1117,企業,Na
1117,不,D
1117,缺,VJ
1117,人才,Na
1117,，,COMMACATEGORY
1117,只,Da
1117,缺,VJ
1117,奴才,Na
1117,中華隊,Na
1117,晚,Nd
1117,接午,Nd
1117,考驗,VC
1117,台灣,Nc
1117,奴性,Na
1118,古巴隊,Na
1118,分領,Na
1118,先,D
1118,鳳梨,Na
1118,心碎,VH
1118,認了,VH
1118,重押,VC
1118,中華隊,Na
1118,網怒,Na
1118,冥燈,Na
1118,無誤,VH
1118,網紅,Na
1118,鳳梨,Na
1118,吳泓逸,Nb
1118,以,P
1118,台式,A
1118,談吐,Na
1118,風格,Na
1118,於,P
1118,直播,VC
1118,中,Ng
1118,竄紅,VH
1118,，,COMMACATEGORY
1118,經常,D
1118,自稱,VG
1118,鼠署,Nc
1118,的,DE
1118,他,Nh
1118,不,D
1118,做作,VH
1118,個,Nf
1118,性,Na
1118,圈粉,Na
1118,無數,Neqa
1118,，,COMMACATEGORY
1118,而,Cbb
1118,他,Nh
1118,也,D
1118,曾,D
1118,透露,VE
1118,自己,Nh
1118,完全,D
1118,沒,D
1118,賭運,VA
1118,逢,P
1118,買,VC
1118,必,D
1118,輸,VD
1118,，,COMMACATEGORY
1118,還,D
1118,被,P
1118,粉絲,Na
1118,冠上,VG
1118,冥燈,Na
1118,稱號,Na
1118,隨,P
1118,著,VC
1118,世界,Nc
1118,棒球,Na
1118,經典賽,Na
1118,激烈,VH
1118,開打,VH
1118,，,COMMACATEGORY
1118,鳳梨,Na
1118,也,D
1118,從中,D
1118,印證,VC
1118,其,Nep
1118,反,VC
1118,指標,Na
1118,威力,Na
1118,，,COMMACATEGORY
1118,怎,D
1118,料,VE
1118,今日,Nd
1118,中華隊,Na
1118,對戰,VA
1118,古巴隊,Na
1118,時,Ng
1118,，,COMMACATEGORY
1118,他,Nh
1118,卻,D
1118,改押,VC
1118,中華隊,Na
1118,讓分,Na
1118,，,COMMACATEGORY
1118,嚇壞票,Na
1118,網友,Na
1118,網紅,Na
1118,鳳梨,Na
1118,於,P
1118,臉書,Na
1118,發文,VC
1118,提到,VE
1118,，,COMMACATEGORY
1118,中,Nc
1118,華隊,Na
1118,於,P
1118,經典賽,Na
1118,首,Nes
1118,戰,Na
1118,對上,VC
1118,巴拿馬,Nc
1118,，,COMMACATEGORY
1118,他,Nh
1118,以,P
1118,愛國,VH
1118,之,DE
1118,姿,Na
1118,力挺,VC
1118,中華隊,Na
1118,，,COMMACATEGORY
1118,卻,D
1118,迎來,VC
1118,分,D
1118,落後,VJ
1118,下場,Na
1118,第,Neu
1118,戰,Na
1118,時,Na
1118,，,COMMACATEGORY
1118,他,Nh
1118,決定,VE
1118,背棄,VC
1118,國家,Na
1118,力挺,VC
1118,義大利,Nc
1118,，,COMMACATEGORY
1118,終於,D
1118,等到,VC
1118,中華隊,Na
1118,發威,VA
1118,，,COMMACATEGORY
1118,以,P
1118,完勝,VH
1118,義大利,Nc
1118,來到,VCL
1118,第,Neu
1118,戰,Na
1118,，,COMMACATEGORY
1118,鳳梨,Na
1118,表示,VE
1118,自己,Nh
1118,依舊,D
1118,不,D
1118,知,VK
1118,悔改,VH
1118,，,COMMACATEGORY
1118,繼續,VF
1118,力挺,VC
1118,對手,Na
1118,荷蘭,Nc
1118,，,COMMACATEGORY
1118,果不其然,D
1118,中華隊,Na
1118,瞬間,Nd
1118,牙,Na
1118,起來,VA
1118,，,COMMACATEGORY
1118,荷蘭,Nc
1118,因此,Cbb
1118,落敗,VH
1118,鳳梨,Na
1118,接著,D
1118,說,VE
1118,，,COMMACATEGORY
1118,經,P
1118,連夜,D
1118,反省,VE
1118,之後,Ng
1118,，,COMMACATEGORY
1118,他,Nh
1118,痛定思痛,VA
1118,，,COMMACATEGORY
1118,深知,VK
1118,背叛,VC
1118,國家,Na
1118,是,SHI
1118,錯誤,VH
1118,的,DE
1118,，,COMMACATEGORY
1118,因此,Cbb
1118,在,P
1118,今日,Nd
1118,中華隊,Na
1118,對,VC
1118,戰古巴,Nb
1118,重注,VC
1118,了,Di
1118,中華隊,Na
1118,讓分,Na
1118,，,COMMACATEGORY
1118,眼看,VE
1118,目前,Nd
1118,局勢,Na
1118,為,VG
1118,古巴隊,Na
1118,領先,VJ
1118,中華,Nc
1118,隊,Na
1118,，,COMMACATEGORY
1118,他,Nh
1118,無奈,VH
1118,的,DE
1118,說,VE
1118,我,Nh
1118,現在,Nd
1118,臉,Na
1118,上,Ng
1118,已經,D
1118,沒有,VJ
1118,任何,Neqa
1118,絲,Nf
1118,情緒,Na
1118,人人,Na
1118,都,D
1118,叫,VG
1118,我,Nh
1118,地獄,Nc
1118,倒楣鬼,Na
1118,他,Nh
1118,最後,Nd
1118,補充,VC
1118,，,COMMACATEGORY
1118,我,Nh
1118,已經,D
1118,想不到,Dk
1118,任何,Neqa
1118,言語,Na
1118,能夠,D
1118,表達,VC
1118,我,Nh
1118,此刻,Nd
1118,的,DE
1118,心境,Na
1118,我,Nh
1118,的,DE
1118,天空,Nc
1118,是,SHI
1118,灰色,Na
1118,的,DE
1118,貼,VC
1118,文,Na
1118,曝光,VH
1118,後,Ng
1118,，,COMMACATEGORY
1118,網友,Na
1118,紛紛,D
1118,留言,VA
1118,，,COMMACATEGORY
1118,看來,D
1118,要,D
1118,跟,P
1118,你,Nh
1118,反,VC
1118,方向,Na
1118,才,Da
1118,不會,D
1118,衰鼠署,VH
1118,買下,VC
1118,古巴,Nc
1118,吧,T
1118,，,COMMACATEGORY
1118,拜託,VC
1118,你,Nh
1118,了,Di
1118,我,Nh
1118,決定,VE
1118,了,Di
1118,鳳梨,Na
1118,阿伯,Na
1118,，,COMMACATEGORY
1118,以後,Nd
1118,叫,VF
1118,你,Nh
1118,衰尾道人,VA
1118,鼠署,Nc
1118,可以,D
1118,出發,VA
1118,了,Di
1118,，,COMMACATEGORY
1118,餅,Na
1118,總,D
1118,邀請,VC
1118,你,Nh
1118,起,VC
1118,參加,VC
1118,賽,Na
1118,後,Ng
1118,記者會,Na
1118,看,VC
1118,轉播,VC
1118,到,P
1118,輸分,VH
1118,時,Ng
1118,，,COMMACATEGORY
1118,我,Nh
1118,就,D
1118,想說,VE
1118,上來,VA
1118,看看,VE
1118,您,Nh
1118,今天,Nd
1118,下注,VA
1118,哪,Nep
1118,家,Nf
1118,你,Nh
1118,為,P
1118,什麼,Nep
1118,不,D
1118,堅持,VK
1118,你,Nh
1118,的,DE
1118,背叛,VC
1118,冥燈,Na
1118,無誤,VH
1118,不,D
1118,是,SHI
1118,說好,VE
1118,了,Di
1118,要,VE
1118,古巴,Nc
1118,嗎,T
1118,反,VC
1118,指標,Na
1118,持續,VL
1118,發揮,VJ
1118,威力,Na
1118,太,Dfa
1118,強大,VH
1118,////,FW
1119,大家,Nh
1119,這,Nep
1119,次,Nf
1119,台灣,Nc
1119,在,VCL
1119,的,DE
1119,出場,VA
1119,機會,Na
1119,沒,VJ
1119,了,T
1119,敗戰,Nv
1119,原因,Na
1119,很多,VH
1119,，,COMMACATEGORY
1119,但,Cbb
1119,有,V_2
1119,個,Nf
1119,明顯,VH
1119,的,DE
1119,關鍵,Na
1119,因素,Na
1119,，,COMMACATEGORY
1119,就,D
1119,連,Cbb
1119,許多,Neqa
1119,日,Nf
1119,球迷,Na
1119,都,D
1119,能,D
1119,看出,VE
1119,有,V_2
1119,問題,Na
1119,的,DE
1119,地方,Na
1119,那,Nep
1119,就,D
1119,是,SHI
1119,為何,D
1119,悍創,Nb
1119,的,DE
1119,賽程,Na
1119,安排,VE
1119,讓,VL
1119,台灣,Nc
1119,選手,Na
1119,休息,VA
1119,未滿,VJ
1119,日,Nc
1119,現在,Nd
1119,大家,Nh
1119,都,D
1119,風風火火,VH
1119,的,DE
1119,將,P
1119,矛頭,Na
1119,指向,VC
1119,悍創,Nb
1119,但,Cbb
1119,大家,Nh
1119,在,P
1119,指責,VC
1119,的,DE
1119,同時,Nd
1119,，,COMMACATEGORY
1119,你們,Nh
1119,都,D
1119,不,D
1119,怕,VK
1119,悍創,Nb
1119,老闆,Na
1119,因為,Cbb
1119,規劃,VC
1119,不周,VH
1119,導致,VL
1119,台灣,Nc
1119,國球,Na
1119,止步,VA
1119,於,P
1119,此,Nep
1119,的,DE
1119,的,DE
1119,壓力,Na
1119,太,Dfa
1119,大,VH
1119,而,Cbb
1119,自殺,VA
1119,嗎,T
1119,人家,Nh
1119,日本,Nc
1119,老闆,Na
1119,都,D
1119,因為,Cbb
1119,自己,Nh
1119,的,DE
1119,不道德,VH
1119,自殺,VA
1119,了,Di
1119,輸球,VH
1119,可以,D
1119,下,Nes
1119,次,Nf
1119,再,D
1119,來,VA
1119,，,COMMACATEGORY
1119,但,Cbb
1119,人,Na
1119,死,VH
1119,不可,D
1119,復生,VA
1119,啊,T
1119,國球,Na
1119,輸球,VH
1119,的,DE
1119,壓力,Na
1119,，,COMMACATEGORY
1119,會,D
1119,讓,VL
1119,悍創,Nb
1119,老闆,Na
1119,因此,Cbb
1119,自殺,VA
1119,嗎,T
1119,來,VA
1119,，,COMMACATEGORY
1119,你,Nh
1119,怎麼,D
1119,看,VC
1120,這,Nep
1120,次,Nf
1120,平常,Nd
1120,些,Nf
1120,沒,D
1120,在,P
1120,關注,VJ
1120,棒球,Na
1120,的,DE
1120,妖魔鬼怪,Na
1120,都,D
1120,跑出來,VA
1120,蹭,VC
1120,說,VE
1120,些,Nf
1120,台灣隊,Na
1120,每,Nes
1120,個,Nf
1120,人,Na
1120,都,D
1120,是,SHI
1120,英雄,Na
1120,的,DE
1120,雞巴,Na
1120,幹話,Na
1120,洗整,VC
1120,排,VC
1120,然後,D
1120,談到,VE
1120,改革,VC
1120,沒,VJ
1120,半,Neqa
1120,撇裝,VC
1120,死神,Na
1120,隱,VH
1120,這,Nep
1120,次,Nf
1120,誰,Nh
1120,蹭,VC
1120,的,DE
1120,最,Dfa
1120,噁,VH
1120,我,Nh
1120,哈,D
1120,了,Di
1120,四,Neu
1120,次,Nf
1121,這,Nep
1121,次,Nf
1121,中華隊,Na
1121,雖,Cbb
1121,已,D
1121,拼盡,VC
1121,全,Neqa
1121,力,Na
1121,，,COMMACATEGORY
1121,仍,D
1121,不敵,VJ
1121,強敵,Na
1121,，,COMMACATEGORY
1121,無緣,VH
1121,晉級,VJ
1121,這,Nep
1121,對,P
1121,棒球,Na
1121,強國,Na
1121,的,DE
1121,日本隊,Na
1121,及,Caa
1121,美國隊,Na
1121,來,D
1121,說,VE
1121,，,COMMACATEGORY
1121,應該,D
1121,是,SHI
1121,鬆,VHC
1121,了,Di
1121,口,Nf
1121,氣,Na
1121,畢竟,D
1121,我們,Nh
1121,隊伍,Na
1121,直,D
1121,以來,Ng
1121,都,D
1121,是,SHI
1121,巨人,Na
1121,殺手,Na
1121,，,COMMACATEGORY
1121,遇,VK
1121,強,VH
1121,則,D
1121,強,VH
1121,，,COMMACATEGORY
1121,常,D
1121,叫,VL
1121,強敵,Na
1121,們,Na
1121,頭痛,VH
1121,全,Neqa
1121,國,Nc
1121,上下心,VA
1121,，,COMMACATEGORY
1121,也,D
1121,往往,D
1121,引起,VC
1121,外媒,Na
1121,們,Na
1121,的,DE
1121,興趣,Na
1121,請問,VE
1121,有沒有,D
1121,想,VE
1121,喝,VC
1121,日本,Nc
1121,酒,Na
1121,吃,VC
1121,美式,A
1121,炸雞,Na
1121,的,DE
1121,八卦,Na
1122,",",COMMACATEGORY
1122,///,FW
1122,就,D
1122,餓死,VHC
1122,抬頭,VA
1122,現在,Nd
1122,日本,Nc
1122,澳洲,Nc
1122,五,Neu
1122,局,Nf
1122,上,Nes
1122,比,P
1122,二壘,Na
1122,有,V_2
1122,人,Na
1122,日本,Nc
1122,可以,D
1122,把,P
1122,澳洲,Nc
1122,壓低,VC
1122,分數,Na
1122,日本,Nc
1122,是,SHI
1122,不,D
1122,是,SHI
1122,穩,VH
1122,了,T
1122,卦,Na
1123,中華隊,Na
1123,打擊,Na
1123,已經,D
1123,有,V_2
1123,水準,Na
1123,了,T
1123,看起來,D
1123,還是,D
1123,投手,Na
1123,戰力,Na
1123,不足,VH
1123,第,Neu
1123,場,Nf
1123,投手,Na
1123,用,VC
1123,了,Di
1123,個,Nf
1123,所以,Cbb
1123,最,Dfa
1123,關鍵,VH
1123,還是,Caa
1123,這,Nep
1123,場,Nf
1123,比賽,Na
1123,輸掉,VJ
1123,也,D
1123,丟,VC
1123,了,Di
1123,太多,Neqa
1123,分,Nf
1123,到,VCL
1123,了,Di
1123,對戰,VA
1123,古巴,Nc
1123,能,D
1123,用,VC
1123,的,DE
1123,投手,Na
1123,也,D
1123,不,D
1123,多,VH
1123,了,T
1123,也,D
1123,丟,VC
1123,了,Di
1123,不少,Neqa
1123,分數,Na
1123,這,Nep
1123,屆,Nf
1123,說起來,D
1123,還是,D
1123,投手,Na
1123,戰力,Na
1123,的,DE
1123,問題,Na
1124,最,Dfa
1124,噁心,VH
1124,的,DE
1124,定,D
1124,是,SHI
1124,發,VD
1124,雞蛋,Na
1124,那些,Neqa
1124,人,Na
1124,啊,T
1124,其他,Neqa
1124,人,Na
1124,不過,Cbb
1124,就,D
1124,是,SHI
1124,講講,VE
1124,幹話,Na
1124,說,VE
1124,個,Di
1124,加油,VB
1124,就算,Cbb
1124,實際,VH
1124,上,Ng
1124,沒有,D
1124,起到,VC
1124,幫助,Na
1124,至少,Da
1124,也,D
1124,是,SHI
1124,個,Nf
1124,正向,VH
1124,的,DE
1124,鼓勵,Nv
1124,支持,VC
1124,者,Na
1124,看看,VE
1124,喊,VE
1124,個,Di
1124,加油,VB
1124,也,D
1124,就,D
1124,過,VCL
1124,了,Di
1124,偏偏,D
1124,就,D
1124,是,SHI
1124,有,V_2
1124,人,Na
1124,要,D
1124,在,P
1124,這,Nep
1124,種,Nf
1124,時候,Na
1124,炒作,VC
1124,議題,Na
1124,搞不好,D
1124,為了,P
1124,作秀,VA
1124,還,D
1124,搞到,VC
1124,市場,Nc
1124,更,Dfa
1124,吃緊,VH
1124,慶祝,VE
1124,的,DE
1124,時候,Na
1124,還要,Dfa
1124,特別,VH
1124,酸,VH
1124,下,Ng
1124,缺,VJ
1124,蛋,Na
1124,用,P
1124,體育,Na
1124,的,DE
1124,成功,Nv
1124,來,D
1124,博取,VJ
1124,自己,Nh
1124,在,P
1124,負面,Na
1124,議題,Na
1124,的,DE
1124,關注度,Na
1124,還是,Caa
1124,各位,Nh
1124,覺得,VK
1124,這,Nep
1124,種,Nf
1124,行為,Na
1124,比,P
1124,喊,VE
1124,加油,VB
1124,更,Dfa
1124,高,VH
1124,尚,D
1125,國防部長,Na
1125,張育成,Nb
1125,手勢,Na
1125,紅,VH
1125,到,VCL
1125,國外,Nc
1125,捷克,Nc
1125,也,D
1125,敬禮,VB
1125,了,Di
1125,年,Na
1125,月,Na
1125,日,Na
1125,台中市,Nc
1125,/,FW
1125,林琬瑜,Nb
1125,陳藝緯,Nb
1125,陳,Nb
1125,知學,Na
1125,報導,VE
1125,華視,Nc
1125,新聞,Na
1125,經典賽,Na
1125,中華隊,Na
1125,張育成,Nb
1125,因為,Cbb
1125,好,VH
1125,表現,VC
1125,被,P
1125,球迷,Na
1125,稱為,VG
1125,國防部長,Na
1125,，,COMMACATEGORY
1125,在,P
1125,球場,Nc
1125,上,Ncd
1125,全壘打,Na
1125,安打,Na
1125,上壘,VA
1125,後,Ng
1125,都,D
1125,比出,VC
1125,敬禮,VB
1125,的,DE
1125,慶祝,Nv
1125,手勢,Na
1125,受到,VJ
1125,國際,Nc
1125,媒體,Na
1125,關注,VJ
1125,而且,Cbb
1125,日捷克,Nb
1125,對,P
1125,日本,Nc
1125,比賽,Na
1125,時,Ng
1125,，,COMMACATEGORY
1125,可以,D
1125,看到,VE
1125,捷克隊,Na
1125,得分,VH
1125,時,Ng
1125,也,D
1125,做出,VC
1125,相同,VH
1125,手勢,Na
1125,現在,Nd
1125,不只,Da
1125,敬禮,VB
1125,手勢,Na
1125,超火紅,VH
1125,，,COMMACATEGORY
1125,賽,VJ
1125,後,Ng
1125,中華隊,Na
1125,的,DE
1125,選手,Na
1125,們,Na
1125,圍繞,VC
1125,在,P
1125,投手,Na
1125,丘,Na
1125,向,P
1125,球,Na
1125,迷答謝,VH
1125,的,DE
1125,圓陣,Na
1125,再度,D
1125,受到,VJ
1125,熱議,Na
1125,，,COMMACATEGORY
1125,讓,VL
1125,球迷,Na
1125,們,Na
1125,紛紛,D
1125,在,P
1125,社群,Na
1125,媒體,Na
1125,留言,VA
1125,表示,VE
1125,，,COMMACATEGORY
1125,好,Dfa
1125,喜歡,VK
1125,這樣,VH
1125,的,DE
1125,風格,Na
1125,應援,VC
1125,台,Nc
1125,上,Ncd
1125,啦啦,I
1125,隊員,Na
1125,們,Na
1125,動作,Na
1125,整齊劃,VC
1125,，,COMMACATEGORY
1125,賣力,VH
1125,替場,Nc
1125,上,Ncd
1125,選手,Na
1125,們,Na
1125,讚聲,Na
1125,帶動,VC
1125,現場,Nc
1125,氣氛,Na
1125,，,COMMACATEGORY
1125,但,Cbb
1125,有,V_2
1125,個,Nf
1125,人,Na
1125,卻,D
1125,好,VH
1125,吸睛,Na
1125,，,COMMACATEGORY
1125,站,VA
1125,在,P
1125,群眾,Na
1125,最,Dfa
1125,前頭,Ncd
1125,不斷,VH
1125,地,DE
1125,用力,VH
1125,甩頭,VA
1125,，,COMMACATEGORY
1125,他,Nh
1125,是,SHI
1125,經典賽,Na
1125,團長,Na
1125,，,COMMACATEGORY
1125,用,P
1125,生命,Na
1125,在,D
1125,應援,VC
1125,，,COMMACATEGORY
1125,跟,P
1125,搖滾歌,Na
1125,手樣,Na
1125,的,DE
1125,甩頭,VA
1125,畫面,Na
1125,也,D
1125,紅到,VCL
1125,全,Neqa
1125,世界,Nc
1125,，,COMMACATEGORY
1125,有,V_2
1125,網友,Na
1125,在,P
1125,下面,Ncd
1125,，,COMMACATEGORY
1125,還,D
1125,有,V_2
1125,國外,Nc
1125,網友,Na
1125,回,VD
1125,應,D
1125,這,Nep
1125,就,D
1125,是,SHI
1125,台灣,Nc
1125,應援,VC
1125,精神,Na
1125,比賽,Na
1125,過程,Na
1125,中,Ng
1125,，,COMMACATEGORY
1125,經典,Na
1125,女孩,Na
1125,指併,VC
1125,攏放,VC
1125,在,P
1125,額頭,Na
1125,比出,VC
1125,敬禮,VB
1125,手勢,Na
1125,，,COMMACATEGORY
1125,這,Nep
1125,個,Nf
1125,動作,Na
1125,也,D
1125,成為,VG
1125,近期,Nd
1125,最,Dfa
1125,夯,VH
1125,的,DE
1125,話題,Na
1125,，,COMMACATEGORY
1125,國防部長,Na
1125,張育成,Nb
1125,連天,VH
1125,帶領,VF
1125,中華隊,Na
1125,拿下,VC
1125,勝利,VH
1125,，,COMMACATEGORY
1125,如今,Nd
1125,洲際,Nc
1125,球場,Nc
1125,滿,Neqa
1125,場,Nf
1125,球迷,Na
1125,全體,Na
1125,敬禮,VB
1125,的,DE
1125,畫面,Na
1125,也,D
1125,藉由,P
1125,轉播,VC
1125,傳送到,VC
1125,世界,Nc
1125,，,COMMACATEGORY
1125,讓,VL
1125,外國,Nc
1125,球員,Na
1125,也,D
1125,有樣學樣,VA
1125,日捷克,Nb
1125,對,P
1125,日本,Nc
1125,比賽,Na
1125,時,Ng
1125,，,COMMACATEGORY
1125,可以,D
1125,看到,VE
1125,捷,VH
1125,克隊,Na
1125,得分,VH
1125,時,Ng
1125,球員,Na
1125,也,D
1125,在,P
1125,休息室,Nc
1125,做出,VC
1125,相同,VH
1125,手勢,Na
1125,招牌,Na
1125,手勢,Na
1125,紅,VH
1125,到,VCL
1125,國外,Nc
1125,，,COMMACATEGORY
1125,另外,Cbb
1125,還,D
1125,有,V_2
1125,這,Nep
1125,個,Nf
1125,動作,Na
1125,，,COMMACATEGORY
1125,比賽,Na
1125,結,VC
1125,束後,Nd
1125,全體,Na
1125,球員,Na
1125,圍繞,VC
1125,在,P
1125,投手,Na
1125,丘,Na
1125,向,P
1125,球迷,Na
1125,答謝,VC
1125,的,DE
1125,圓陣,Na
1125,也,D
1125,再度,D
1125,受到,VJ
1125,熱議,Na
1125,，,COMMACATEGORY
1125,國外,Nc
1125,球迷,Na
1125,說,VE
1125,這,Nep
1125,就,D
1125,是,SHI
1125,亞洲,Nc
1125,文化,Na
1125,的,DE
1125,特別,VH
1125,之,DE
1125,處,Na
1125,，,COMMACATEGORY
1125,好,Dfa
1125,喜歡,VK
1125,這樣,VH
1125,的,DE
1125,風格,Na
1125,，,COMMACATEGORY
1125,中華隊,Na
1125,的,DE
1125,熱情,Na
1125,與,Caa
1125,謙虛,Nv
1125,，,COMMACATEGORY
1125,透過,P
1125,國際,Nc
1125,媒體,Na
1125,放送,VC
1125,在,P
1125,全,Neqa
1125,世界,Nc
1125,，,COMMACATEGORY
1125,也,D
1125,打響,VC
1125,了,Di
1125,的,DE
1125,名號,Na
1125,//////,FW
1125,團長,Na
1125,///,FW
1126,高機率,Na
1126,中華隊組,Na
1126,墊底,VH
1126,下,Nes
1126,屆,Nf
1126,要,D
1126,從,P
1126,資格賽,Na
1126,打起,VC
1126,那麼,Dk
1126,問題,Na
1126,來,VA
1126,了,Di
1126,有,V_2
1126,哪,Nep
1126,個,Nf
1126,專業,VH
1126,的,DE
1126,團隊,Na
1126,可以,D
1126,辦,VC
1126,資格賽,Na
1126,才,Da
1126,能,D
1126,有,V_2
1126,最,Dfa
1126,合理,VH
1126,的,DE
1126,賽程,Na
1126,票價,Na
1126,有,V_2
1126,掛,VC
1126,嗎,T
1127,選手號,Na
1127,台南,Nc
1127,賽,Na
1127,前,Ng
1127,預測,VE
1127,張育成,Nb
1127,不會,D
1127,參加,VC
1127,這,Nep
1127,次,Nf
1127,，,COMMACATEGORY
1127,有,V_2
1127,他,Nh
1127,沒,VJ
1127,他,Nh
1127,都,D
1127,樣,Na
1127,結果,Dk
1127,最後,Nd
1127,逃兵,Na
1127,變,VH
1127,將軍,Na
1127,，,COMMACATEGORY
1127,成為,VG
1127,這,Nep
1127,次,Nf
1127,最,Dfa
1127,重要,VH
1127,的,DE
1127,火力,Na
1127,輸出,VC
1127,，,COMMACATEGORY
1127,讓,VL
1127,台灣,Nc
1127,贏,VD
1127,了,Di
1127,兩,Neu
1127,場,Nf
1127,輸掉,VJ
1127,的,DE
1127,場,Nc
1127,也,D
1127,輸,VD
1127,得,DE
1127,有,V_2
1127,尊嚴,Na
1127,選手,Na
1127,二,Neu
1127,號,Nf
1127,小,VH
1127,商人,Na
1127,號稱,VG
1127,下,Ncd
1127,對,P
1127,家養,VC
1127,全,Neqa
1127,家,Nc
1127,，,COMMACATEGORY
1127,但,Cbb
1127,這,Nep
1127,次,Nf
1127,似乎,D
1127,法力,Na
1127,不足,VH
1127,，,COMMACATEGORY
1127,可能,D
1127,是,SHI
1127,精力,Na
1127,用,VC
1127,在,P
1127,別的,Neqa
1127,地方,Na
1127,後續,A
1127,無力,VH
1127,選手,Na
1127,三,Neu
1127,號,Nf
1127,財經網,Na
1127,美巴,Nb
1127,逆逆,Na
1127,在,P
1127,對,P
1127,荷蘭戰,Nb
1127,的,DE
1127,後段,Ncd
1127,加入,VC
1127,戰局,Na
1127,高喊,VE
1127,中華隊,Na
1127,必,D
1127,勝,VH
1127,，,COMMACATEGORY
1127,結果,Dk
1127,投手,Na
1127,群,Na
1127,立刻,D
1127,陷入,VCL
1127,亂流,Na
1127,燒光,VC
1127,人力,Na
1127,儲備,VC
1127,接著,D
1127,隔天,Nd
1127,對,P
1127,古巴戰,Na
1127,，,COMMACATEGORY
1127,台灣,Nc
1127,投手,Na
1127,群槓上,Nb
1127,開花,VH
1127,最後,Nd
1127,噴,VC
1127,了,Di
1127,分,Nf
1127,請問,VE
1127,下,Ng
1127,這,Nep
1127,次,Nf
1127,鬥法,Nv
1127,大賽,Na
1127,是,SHI
1127,誰,Nh
1127,贏,VD
1127,了,Di
1127,我,Nh
1127,發,VD
1127,廢文,Na
1127,至少,Da
1127,賺,VC
1127,了,Di
1127,幣,Na
1127,你,Nh
1127,躲,VC
1127,推文,Na
1127,什麼,Nep
1127,都,D
1127,沒有,VJ
1127,柯憐,Na
1127,啊,T
1127,~,FW
1128,想,VE
1128,壓下,VC
1128,發現,VE
1128,什麼,Nep
1128,賭盤,Na
1128,都,D
1128,沒有,VJ
1128,不然,Cbb
1128,就,D
1128,開下,VC
1128,沒,VJ
1128,多久,Nd
1128,賭盤,Na
1128,就,D
1128,不見了,VH
1128,想,VE
1128,串關,VC
1128,結果,Na
1128,只,Da
1128,開場,VA
1128,看,VC
1128,國外,Nc
1128,的,DE
1128,早,D
1128,就,D
1128,都,D
1128,開,VC
1128,賭盤,Na
1128,了,T
1128,台灣,Nc
1128,運彩,Na
1128,是,SHI
1128,不,D
1128,是,SHI
1128,很,Dfa
1128,怕,VK
1128,輸,VD
1128,啊,T
1129,剛剛,D
1129,看,VC
1129,臉書,Na
1129,推播,VC
1129,才,Da
1129,知道,VK
1129,四,Neu
1129,個,Nf
1129,討論度,Na
1129,最,Dfa
1129,高,VH
1129,的,DE
1129,黃捷,Nb
1129,李正皓,Nb
1129,洪慈庸,Nb
1129,落選,VH
1129,被,P
1129,罷免,VC
1129,被,P
1129,提,VE
1129,罷免,VC
1129,的,DE
1129,人,Na
1129,都,D
1129,來到,VCL
1129,場,Nc
1129,上,Ncd
1129,爲,FW
1129,中華隊,Na
1129,加油,VB
1129,打氣,VB
1129,是,SHI
1129,不,D
1129,是,SHI
1129,很,Dfa
1129,正,VH
1129,能量,Na
1129,的,DE
1129,種,Na
1129,表現,VC
1129,///,FW
1130,請問,VE
1130,下,Ng
1130,就,P
1130,今天,Nd
1130,中華,Nc
1130,台北隊,Na
1130,被,P
1130,古巴,Nc
1130,打爆,VC
1130,無緣,VH
1130,八,Neu
1130,強,Na
1130,就,D
1130,堆,VC
1130,人,Na
1130,酸,VH
1130,賽程,Na
1130,太,Dfa
1130,爛,VH
1130,晚午場,Nc
1130,中華隊,Na
1130,沒,VJ
1130,時間,Na
1130,休息,VA
1130,但是,Cbb
1130,荷蘭,Nc
1130,連,Cbb
1130,兩,Neu
1130,天,Nf
1130,晚接,Nd
1130,晚,VH
1130,賽程,Na
1130,還不是,D
1130,要,D
1130,兩,Neu
1130,連敗,VH
1131,四,Neu
1131,場,Nf
1131,比賽,Na
1131,得,D
1131,超多,VH
1131,分,VD
1131,還,D
1131,有,V_2
1131,二,Neu
1131,分,Nf
1131,砲,Na
1131,跟,Caa
1131,滿貫砲,Na
1131,雖然,Cbb
1131,還是,D
1131,樣,Nf
1131,鍋貼,Na
1131,去不了,VA
1131,東京,Nc
1131,啦,T
1131,那,Nep
1131,兵役,Na
1131,問題,Na
1131,有解,VH
1131,嗎,T
1131,表現,VC
1131,這麼,D
1131,好,VH
1131,可以,D
1131,免役,VH
1131,嗎,T
1131,或是,Caa
1131,有,V_2
1131,其他,Neqa
1131,解套,VA
1131,方案,Na
1132,我們,Nh
1132,都,D
1132,知道,VK
1132,今天,Nd
1132,我們,Nh
1132,中華隊,Na
1132,不慎,VH
1132,也,D
1132,不,D
1132,甘心,VK
1132,輸給,VD
1132,了,Di
1132,古巴隊,Na
1132,這,Nep
1132,的確,D
1132,很,Dfa
1132,難過,VK
1132,，,COMMACATEGORY
1132,也,D
1132,無法,D
1132,進入,VCL
1132,複賽,Na
1132,但,Cbb
1132,我們,Nh
1132,應該,D
1132,從,P
1132,失敗,VH
1132,汲取,VC
1132,教訓,Na
1132,化,VG
1132,悲憤,VH
1132,為,VG
1132,力量,Na
1132,不,D
1132,去,D
1132,指責,VC
1132,誰,Nh
1132,，,COMMACATEGORY
1132,只要,Cbb
1132,成立,VC
1132,贏,VD
1132,球,Na
1132,辦公室,Nc
1132,或是,Caa
1132,將,P
1132,今年,Nd
1132,改成,VG
1132,棒球,Na
1132,元年,Nd
1132,應該,D
1132,就,D
1132,能,D
1132,讓,VL
1132,棒球,Na
1132,變,VG
1132,得,DE
1132,更,D
1132,好,VH
1132,了,T
1132,吧,T
1132,你,Nh
1132,膩,VH
1133,新聞,Na
1133,雲星,Na
1133,光雲,Nb
1133,年,Na
1133,月,Na
1133,日,Na
1133,記者,Na
1133,孟育民,Nb
1133,台北,Nc
1133,報導,VE
1133,中華隊,Na
1133,無緣,VH
1133,前進,VA
1133,東京,Nc
1133,林襄,Nb
1133,相擁,VA
1133,痛哭,VA
1133,畫面,Na
1133,曝光,VH
1133,最,Dfa
1133,棒,VH
1133,的,DE
1133,台灣,Nc
1133,英雄,Na
1133,年,Na
1133,經典,Na
1133,賽日,Nd
1133,預賽,Na
1133,最,Dfa
1133,後,Ncd
1133,場,Nc
1133,碰上,VC
1133,古巴,Nc
1133,，,COMMACATEGORY
1133,中華隊,Na
1133,終場,Na
1133,比,P
1133,落敗,VH
1133,，,COMMACATEGORY
1133,確定,VK
1133,無緣,VH
1133,晉級,VJ
1133,前,Ncd
1133,強,VH
1133,，,COMMACATEGORY
1133,前進,VA
1133,東京,Nc
1133,夢碎,Na
1133,身為,VG
1133,啦啦隊,Na
1133,的,DE
1133,林襄,Nb
1133,，,COMMACATEGORY
1133,除了,P
1133,被,P
1133,網友,Na
1133,捕捉到,VC
1133,在,P
1133,台,Nc
1133,上,Ncd
1133,落淚,VA
1133,的,DE
1133,畫面,Na
1133,，,COMMACATEGORY
1133,她,Nh
1133,也,D
1133,在,P
1133,社群,Na
1133,放上,VC
1133,和,P
1133,女孩,Na
1133,們,Na
1133,相擁,VA
1133,痛哭,VA
1133,的,DE
1133,照片,Na
1133,，,COMMACATEGORY
1133,表示,VE
1133,這,Nep
1133,幾,Neu
1133,天,Nf
1133,非常,Dfa
1133,難忘,VK
1133,，,COMMACATEGORY
1133,謝,VJ
1133,謝,VJ
1133,你們,Nh
1133,，,COMMACATEGORY
1133,從,P
1133,世界,Nc
1133,各,Nes
1133,種,Nf
1133,角落,Nc
1133,回來,VA
1133,的,DE
1133,英雄,Na
1133,們,Na
1133,，,COMMACATEGORY
1133,帶給,VD
1133,我們,Nh
1133,這麼,D
1133,美好,VH
1133,的,DE
1133,天,Nc
1133,，,COMMACATEGORY
1133,辛苦,VHC
1133,你們,Nh
1133,了,T
1133,經典,Na
1133,女孩,Na
1133,在,P
1133,這,Nep
1133,幾,Neu
1133,天,Nf
1133,的,DE
1133,經典賽,Na
1133,中,Ng
1133,，,COMMACATEGORY
1133,拼勁,Na
1133,全力,D
1133,，,COMMACATEGORY
1133,讓,VL
1133,國際,Nc
1133,看見,VE
1133,台灣,Nc
1133,的,DE
1133,台式,Na
1133,應,D
1133,援,VC
1133,，,COMMACATEGORY
1133,而,Cbb
1133,女孩,Na
1133,們,Na
1133,的,DE
1133,情緒,Na
1133,也,D
1133,跟,P
1133,比賽,Na
1133,起伏,VA
1133,，,COMMACATEGORY
1133,中華隊,Na
1133,拿下,VC
1133,首,Nes
1133,勝,VH
1133,時,Ng
1133,，,COMMACATEGORY
1133,更,Dfa
1133,是,SHI
1133,哭成,VG
1133,團,Na
1133,相當感,Na
1133,人,Na
1133,今,Nd
1133,比賽,Na
1133,落幕,VH
1133,，,COMMACATEGORY
1133,林襄,Nb
1133,也,D
1133,再次,D
1133,發聲,VA
1133,這,Nep
1133,幾,Neu
1133,天,Nf
1133,真的,D
1133,非常,Dfa
1133,難忘,VK
1133,，,COMMACATEGORY
1133,留下,VC
1133,不少,Neqa
1133,感動,VHC
1133,與,Caa
1133,悲,VH
1133,傷,VH
1133,的,DE
1133,淚水,Na
1133,記得,VK
1133,不要,D
1133,悲傷,VH
1133,太,Dfa
1133,久,VH
1133,，,COMMACATEGORY
1133,別,D
1133,忘記,VK
1133,這,Nep
1133,幾,Neu
1133,天,Nf
1133,我們,Nh
1133,凝聚,VC
1133,在,P
1133,起,VC
1133,，,COMMACATEGORY
1133,用力,VH
1133,為,P
1133,中華,Nc
1133,英雄,Na
1133,們,Na
1133,用力,VH
1133,應援,VC
1133,的,DE
1133,熱情,Na
1133,她,Nh
1133,最後,Nd
1133,不忘,VK
1133,感謝,VK
1133,場,Nc
1133,上,Ncd
1133,的,DE
1133,球員,Na
1133,們,Na
1133,，,COMMACATEGORY
1133,辛苦,VHC
1133,你們,Nh
1133,了,T
1133,，,COMMACATEGORY
1133,拼勁,Na
1133,全力,D
1133,沒有,VJ
1133,遺憾,Nv
1133,，,COMMACATEGORY
1133,我們,Nh
1133,心,Na
1133,中,Ncd
1133,最,Dfa
1133,棒,VH
1133,的,DE
1133,台灣,Nc
1133,英雄,Na
1133,另外,Cbb
1133,有趣,VH
1133,的,DE
1133,是,SHI
1133,，,COMMACATEGORY
1133,在,P
1133,中華隊,Na
1133,和,Caa
1133,古巴,Nc
1133,比賽,VA
1133,時,Ng
1133,，,COMMACATEGORY
1133,林襄,Nb
1133,坐,VA
1133,在,P
1133,台,Nc
1133,下,Ncd
1133,休,VC
1133,息,Na
1133,也,D
1133,被,P
1133,拍到,VC
1133,臉,Na
1133,上,Ncd
1133,的,DE
1133,崩潰,VH
1133,表情,Na
1133,，,COMMACATEGORY
1133,先,D
1133,是,SHI
1133,癟嘴,VA
1133,，,COMMACATEGORY
1133,再,D
1133,來,D
1133,是,SHI
1133,翻,VC
1133,白,VH
1133,眼,Na
1133,吐,VC
1133,舌,Na
1133,，,COMMACATEGORY
1133,相當,Dfa
1133,搞笑,VA
1133,可,D
1133,愛,VL
1133,，,COMMACATEGORY
1133,被,P
1133,球迷,Na
1133,戲稱,VE
1133,被,P
1133,古巴,Nc
1133,打到,VC
1133,瘋癲,VH
1133,的,DE
1133,球迷,Na
1133,成為,VG
1133,這,Nep
1133,次,Nf
1133,比賽,Na
1133,中,Ng
1133,意外,VK
1133,的,DE
1133,亮點,Na
1133,///,FW
1133,///,FW
1133,///,FW
1133,///,FW
1133,////,FW
1134,媒體,Na
1134,來源,Na
1134,自由,VH
1134,記者,Na
1134,署名,VC
1134,記者,Na
1134,蔡淑媛,Nb
1134,台中,Nc
1134,報導,VE
1134,完整,VH
1134,新聞,Na
1134,標題,Na
1134,台中,Nc
1134,開打,VH
1134,莊秉潔,Nb
1134,讓,VL
1134,球員,Na
1134,曝露,VHC
1134,幾乎,Da
1134,是,SHI
1134,台灣,Nc
1134,最,Dfa
1134,髒,VH
1134,的,DE
1134,空氣,Na
1134,真的,D
1134,很,Dfa
1134,丟臉,VH
1134,完整,VH
1134,新聞,Na
1134,內文,Na
1134,///,FW
1134,環工,Na
1134,學者,Na
1134,莊秉潔,Nb
1134,痛批,VC
1134,台中市,Nc
1134,讓,VL
1134,球員,Na
1134,曝露,VHC
1134,在,P
1134,幾乎,Da
1134,是,SHI
1134,台灣,Nc
1134,最,Dfa
1134,髒,VH
1134,的,DE
1134,空氣,Na
1134,中,Ncd
1134,，,COMMACATEGORY
1134,真的,D
1134,很,Dfa
1134,丟臉,VH
1134,翻攝,VC
1134,自,P
1134,臉書,Na
1134,世界,Nc
1134,經典,Na
1134,棒球賽組,Nc
1134,在,P
1134,台中,Nc
1134,洲際,Nc
1134,棒球場,Nc
1134,熱烈,VH
1134,開打,VH
1134,，,COMMACATEGORY
1134,環工,Na
1134,學者,Na
1134,莊秉潔,Nb
1134,痛批,VC
1134,台中市,Nc
1134,讓,VL
1134,球員,Na
1134,曝,VC
1134,露,VC
1134,在,P
1134,幾乎,Da
1134,是,SHI
1134,台灣,Nc
1134,最,Dfa
1134,髒,VH
1134,的,DE
1134,空氣,Na
1134,中,Ncd
1134,，,COMMACATEGORY
1134,真的,D
1134,很,Dfa
1134,丟臉,VH
1134,強調,VE
1134,中市,Nc
1134,空污,Na
1134,很,Dfa
1134,大,VH
1134,原因,Na
1134,是,SHI
1134,自己,Nh
1134,製造,VC
1134,的,T
1134,，,COMMACATEGORY
1134,他,Nh
1134,到,P
1134,現在,Nd
1134,還是,D
1134,不能,D
1134,原諒,VJ
1134,中,Ng
1134,市長,Na
1134,盧秀燕,Nb
1134,拖延,VJ
1134,經濟部,Nc
1134,中火,Na
1134,的,DE
1134,減,VJ
1134,煤,Na
1134,時程,Na
1134,延宕,VH
1134,台中港,Nc
1134,空氣,Na
1134,品質,Na
1134,維護,VC
1134,區,Nc
1134,推動,VC
1134,，,COMMACATEGORY
1134,及,Caa
1134,不,D
1134,將,P
1134,沙鹿,Nc
1134,捷運站,Nc
1134,規劃,VC
1134,在,P
1134,既有,A
1134,火車站處,Nc
1134,中市,Nc
1134,環保局長,Na
1134,陳宏益,Nb
1134,則,D
1134,指,VC
1134,，,COMMACATEGORY
1134,中市府,Nc
1134,絕無,VJ
1134,以,P
1134,氣,Na
1134,擋,VC
1134,煤,Na
1134,，,COMMACATEGORY
1134,持續,VL
1134,堅守,VJ
1134,汰舊換新,VA
1134,立場,Na
1134,，,COMMACATEGORY
1134,讓,VL
1134,台電,Nc
1134,承諾,VE
1134,第,Neu
1134,部,Nc
1134,燃氣,Na
1134,機組,Na
1134,上線,VA
1134,後,Ng
1134,，,COMMACATEGORY
1134,願意,VK
1134,拆除,VC
1134,中火部,Nc
1134,燃煤,Na
1134,機組,Na
1134,及,Caa
1134,根煙囪,Na
1134,，,COMMACATEGORY
1134,但,Cbb
1134,近日,Nd
1134,均,D
1134,有,V_2
1134,足夠,VH
1134,的,DE
1134,陽光,Na
1134,，,COMMACATEGORY
1134,但,Cbb
1134,從,P
1134,台電,Nc
1134,的,DE
1134,公開,VHC
1134,網站,Nc
1134,可,D
1134,發現,VE
1134,，,COMMACATEGORY
1134,公民營,VH
1134,燃氣,Na
1134,機組,Na
1134,都,D
1134,可以,D
1134,再,D
1134,提高,VC
1134,運轉,VAC
1134,效能,Na
1134,，,COMMACATEGORY
1134,卻,D
1134,不,D
1134,優先,D
1134,使用,VC
1134,，,COMMACATEGORY
1134,便宜,VH
1134,卻,D
1134,高汚染,VH
1134,的,DE
1134,燃煤,Na
1134,卻,D
1134,不,D
1134,多,D
1134,減,VJ
1134,，,COMMACATEGORY
1134,這,Nep
1134,和,P
1134,台電,Nc
1134,宣傳,VC
1134,以,P
1134,氣,Na
1134,代,VC
1134,煤,Na
1134,完全,D
1134,不符,VJ
1134,事實,Na
1134,，,COMMACATEGORY
1134,顯見,Dk
1134,中市府,Nc
1134,早已,D
1134,預見,VE
1134,，,COMMACATEGORY
1134,中央,Nc
1134,未,D
1134,綠電,Na
1134,先行,D
1134,莊秉潔,Nb
1134,表示,VE
1134,，,COMMACATEGORY
1134,從,P
1134,過去,Nd
1134,幾,Neu
1134,天,Nf
1134,空污,Na
1134,分佈圖,Na
1134,可以,D
1134,看出,VE
1134,，,COMMACATEGORY
1134,高,VH
1134,汚染區,Nc
1134,都,D
1134,是,SHI
1134,在,P
1134,中火,Na
1134,中龍,Nb
1134,及,Caa
1134,進出,VCL
1134,台中港,Nc
1134,柴油,Na
1134,大,VH
1134,貨車,Na
1134,的,DE
1134,下風處,Nc
1134,雲林,Nc
1134,的,DE
1134,排放,VC
1134,當然,D
1134,大,VH
1134,，,COMMACATEGORY
1134,幸麥,Nb
1134,電,Na
1134,的,DE
1134,除役,VH
1134,時程,Na
1134,早,D
1134,已經,D
1134,確定,VK
1134,，,COMMACATEGORY
1134,且,Cbb
1134,雲林,Nc
1134,早,D
1134,就,D
1134,推動,VC
1134,了,Di
1134,六輕,Nc
1134,的,DE
1134,空品,Na
1134,維護區,Nc
1134,之後,Ng
1134,推動,VC
1134,了,Di
1134,雲林,Nc
1134,科技,Na
1134,工業區,Nc
1134,及,Caa
1134,全,Neqa
1134,國,Nc
1134,第,Neu
1134,個,Nf
1134,校園,Nc
1134,空品,Na
1134,維護區,Nc
1134,，,COMMACATEGORY
1134,但,Cbb
1134,台中市,Nc
1134,什麼,Nep
1134,也,D
1134,沒有,D
1134,做,VC
1134,莊秉潔,Nb
1134,說,VE
1134,，,COMMACATEGORY
1134,台中市,Nc
1134,如果,Cbb
1134,配合,VC
1134,中央,Nc
1134,以,P
1134,氣,Na
1134,換,VC
1134,煤,Na
1134,時,Ng
1134,，,COMMACATEGORY
1134,早點,D
1134,推動,VC
1134,台中港,Nc
1134,空氣,Na
1134,品質,Na
1134,維護區,Nc
1134,推動,VC
1134,，,COMMACATEGORY
1134,及,Caa
1134,推,VC
1134,動,VAC
1134,藍線,Na
1134,捷運,Na
1134,及,Caa
1134,沙鹿,Nc
1134,捷運站,Nc
1134,規劃,VC
1134,在,P
1134,既有,A
1134,火車站,Nc
1134,處,Nc
1134,，,COMMACATEGORY
1134,可,D
1134,減少,VHC
1134,柴油,Na
1134,大,VH
1134,貨車,Na
1134,汽油,Na
1134,小客車,Na
1134,，,COMMACATEGORY
1134,加上,Cbb
1134,民,Na
1134,眾,Na
1134,搭乘,VC
1134,捷運,Na
1134,，,COMMACATEGORY
1134,可,D
1134,減少,VHC
1134,空污,Na
1134,產生,VHC
1134,，,COMMACATEGORY
1134,而且,Cbb
1134,針對,P
1134,中龍,Nb
1134,鋼鐵,Na
1134,正隆,Nb
1134,永豐餘,Nb
1134,等,Cab
1134,公民營,A
1134,燃煤,Na
1134,鍋爐,Na
1134,，,COMMACATEGORY
1134,都,D
1134,應,D
1134,再,D
1134,減少,VHC
1134,燒,VC
1134,煤,Na
1134,陳宏益,Nb
1134,回應,VC
1134,，,COMMACATEGORY
1134,中市,Nc
1134,公民營,A
1134,燃煤,Na
1134,鍋爐,Na
1134,已經,D
1134,減煤,VA
1134,到,P
1134,最,Dfa
1134,低量,Na
1134,除,P
1134,正隆,Nb
1134,紙廠,Nc
1134,，,COMMACATEGORY
1134,而,Cbb
1134,中市,Nc
1134,劃定,VC
1134,全,Neqa
1134,國,Nc
1134,最,Dfa
1134,大,VH
1134,的,DE
1134,台中港,Nc
1134,空品,Na
1134,維護區,Nc
1134,，,COMMACATEGORY
1134,有效,VH
1134,管制,VC
1134,柴油車,Na
1134,的,DE
1134,汚染,Na
1134,，,COMMACATEGORY
1134,前年,Nd
1134,月,Na
1134,公告,VE
1134,，,COMMACATEGORY
1134,將,D
1134,於,P
1134,今年,Nd
1134,月,Na
1134,日,Nd
1134,生效,VH
1134,，,COMMACATEGORY
1134,逐步,D
1134,推動,VC
1134,加強,VC
1134,宣導,VC
1134,才,Da
1134,能,D
1134,事半功倍,VH
1134,中市,Nc
1134,希望,VK
1134,中央,Nc
1134,趕快,D
1134,核定,VE
1134,台中,Nc
1134,的,DE
1134,捷運,Na
1134,藍線,Na
1134,，,COMMACATEGORY
1134,加速,D
1134,推動,VC
1134,便捷,VH
1134,大眾,Nh
1134,運輸,VC
1134,，,COMMACATEGORY
1134,減少,VHC
1134,私人,Nh
1134,運具,Na
1134,使用,VC
1134,，,COMMACATEGORY
1134,降低,VHC
1134,交通,Na
1134,空氣,Na
1134,污染,VC
1134,完整,VH
1134,新聞,Na
1134,連結,VC
1134,或,Caa
1134,短,VH
1134,網址,Na
1134,不可,D
1134,用,VC
1134,等,Cab
1134,轉載,VC
1134,媒體,Na
1134,//////,FW
1135,義大利,Nc
1135,今天,Nd
1135,在,P
1135,晚上,Nd
1135,擊敗,VC
1135,荷蘭,Nc
1135,，,COMMACATEGORY
1135,最後,Nd
1135,結果組,Na
1135,五,Neu
1135,隊,Nf
1135,都,D
1135,在,P
1135,比,P
1135,失分率,Na
1135,的,DE
1135,情況,Na
1135,下,Ng
1135,，,COMMACATEGORY
1135,古巴,Nc
1135,小組第,Nc
1135,，,COMMACATEGORY
1135,義大利,Nc
1135,小組,Na
1135,第二,Neu
1135,前,Nes
1135,兩,Neu
1135,屆,Nf
1135,都,D
1135,四,Neu
1135,強,Na
1135,的,DE
1135,荷蘭,Nc
1135,，,COMMACATEGORY
1135,很,Dfa
1135,遺憾,VK
1135,跟,P
1135,中華隊,Na
1135,樣,Na
1135,預賽,Na
1135,淘汰,VC
1135,而,Cbb
1135,中華隊,Na
1135,，,COMMACATEGORY
1135,將,D
1135,是,SHI
1135,五,Neu
1135,隊,Nf
1135,墊底,VH
1135,，,COMMACATEGORY
1135,下,Nes
1135,屆,Nf
1135,可能,D
1135,要,D
1135,從,P
1135,資格賽,Na
1135,打起,VC
1135,這,Nep
1135,次,Nf
1135,對戰,VA
1135,關係,Na
1135,古巴,Nc
1135,贏,VD
1135,巴拿馬,Nc
1135,台灣,Nc
1135,輸,VD
1135,荷蘭,Nc
1135,義大利,Nc
1135,義大利,Nc
1135,贏,VD
1135,古巴荷蘭,Nb
1135,輸,VD
1135,台灣,Nc
1135,巴拿馬,Nc
1135,荷蘭,Nc
1135,贏,VD
1135,古巴巴拿馬,Nb
1135,輸,VD
1135,台灣,Nc
1135,義大利,Nc
1135,巴拿馬,Nc
1135,贏,VD
1135,台灣,Nc
1135,義大利,Nc
1135,輸,VD
1135,荷蘭,Nc
1135,古巴,Nc
1135,台灣,Nc
1135,贏,VD
1135,義大利,Nc
1135,荷蘭,Nc
1135,輸,VD
1135,巴拿馬,Nc
1135,古巴,Nc
1135,真的,D
1135,非常,Dfa
1135,刺激,VH
1135,，,COMMACATEGORY
1135,相信,VK
1135,經典賽,Na
1135,主辦,VC
1135,方定,Nb
1135,會,D
1135,嘖嘖稱奇,VA
1135,大肆,D
1135,報導,VE
1135,目前,Nd
1135,義大利,Nc
1135,確定,VK
1135,小組,Na
1135,第二,Neu
1135,晉級,VJ
1135,，,COMMACATEGORY
1135,將,D
1135,在,P
1135,號,Na
1135,八,Neu
1135,強,Na
1135,對決,VA
1135,日本隊,Na
1135,而,Cbb
1135,組,VC
1135,第二,Neu
1135,沒,VJ
1135,意外,Na
1135,是,SHI
1135,澳洲隊,Na
1135,，,COMMACATEGORY
1135,另,Nes
1135,場,Nf
1135,八,Neu
1135,強,Na
1135,戰,VC
1135,澳洲,Nc
1135,將,D
1135,對上,VC
1135,古巴,Nc
1135,比賽,Na
1135,在,P
1135,號,Na
1135,就,D
1135,要,D
1135,開打,VH
1135,，,COMMACATEGORY
1135,不,D
1135,知,VK
1135,古巴,Nc
1135,義大利,Nc
1135,何時,Nd
1135,飛,VA
1135,台灣,Nc
1135,恭喜,VJ
1135,義大利,Nc
1135,跟,P
1135,古巴,Nc
1136,張育成,Nb
1136,繳,VD
1136,鬼神,Na
1136,成績,Na
1136,獲選組,Nc
1136,最,Dfa
1136,有,V_2
1136,價值,Na
1136,球員,Na
1136,新聞雲,Nb
1136,記者,Na
1136,王真魚,Nb
1136,台中,Nc
1136,報導,VE
1136,經典賽組,Nc
1136,預賽,Na
1136,今天,Nd
1136,落幕,VH
1136,，隊,Na
1136,戰績,Na
1136,互,D
1136,咬,VC
1136,，,COMMACATEGORY
1136,義大利,Nc
1136,古巴,Nc
1136,確定,VK
1136,攜手,D
1136,晉級,VJ
1136,大會,Na
1136,公布,VE
1136,，,COMMACATEGORY
1136,中華隊,Na
1136,張育成,Nb
1136,獲選,VG
1136,單場,Na
1136,最,Dfa
1136,有,V_2
1136,價值,Na
1136,球員,Na
1136,張育成,Nb
1136,場,Nc
1136,出賽,VA
1136,，,COMMACATEGORY
1136,敲出,VC
1136,支,Nf
1136,安打,Na
1136,，,COMMACATEGORY
1136,包辦,VC
1136,分,VC
1136,打點,Na
1136,，,COMMACATEGORY
1136,發,VD
1136,全壘打,Na
1136,打擊率,Na
1136,成,VG
1136,，,COMMACATEGORY
1136,是,SHI
1136,中華隊,Na
1136,史,Na
1136,上,Ncd
1136,首次,D
1136,雙轟,VA
1136,的,DE
1136,打者,Na
1136,回顧,VE
1136,首,Nes
1136,戰,Na
1136,中華隊,Na
1136,不敵,VJ
1136,巴拿馬,Nc
1136,，,COMMACATEGORY
1136,張育成,Nb
1136,打數,Na
1136,安打,Na
1136,貢獻,Na
1136,打點,Na
1136,，,COMMACATEGORY
1136,但,Cbb
1136,投手,Na
1136,崩盤,VH
1136,休息,VA
1136,天後,Na
1136,，,COMMACATEGORY
1136,中華隊,Na
1136,以,P
1136,比,P
1136,逆轉,VA
1136,義大利,Nc
1136,，,COMMACATEGORY
1136,該,Nes
1136,場,Nf
1136,比賽,Na
1136,，,COMMACATEGORY
1136,張育成,Nb
1136,再度,D
1136,建功,VA
1136,，,COMMACATEGORY
1136,鎖定,VC
1136,伍茲,Nb
1136,英里,Nf
1136,的,DE
1136,伸卡球,Na
1136,，,COMMACATEGORY
1136,轟出,VC
1136,兩,Neu
1136,分,Nf
1136,砲,Na
1136,，,COMMACATEGORY
1136,此,Nep
1136,戰,Na
1136,安打,Na
1136,打點,Na
1136,保送,VC
1136,，,COMMACATEGORY
1136,次,Nes
1136,上壘,VA
1136,，,COMMACATEGORY
1136,率領,VF
1136,中華隊,Na
1136,逆,VJ
1136,轉勝,VA
1136,日,Nc
1136,對,VC
1136,荷蘭隊,Na
1136,，,COMMACATEGORY
1136,張育成,Nb
1136,轟,D
1136,超前,VJ
1136,關鍵,Na
1136,滿貫砲,Na
1136,，,COMMACATEGORY
1136,繳出,VC
1136,安打,Na
1136,打點,Na
1136,保送,VC
1136,的,DE
1136,成績,Na
1136,今天,Nd
1136,對,P
1136,古,Nd
1136,巴,Nc
1136,之,DE
1136,戰,Na
1136,，,COMMACATEGORY
1136,打數,Na
1136,安打,Na
1136,，,COMMACATEGORY
1136,再,D
1136,貢獻,VC
1136,分,VC
1136,打點,Na
1136,中華隊,Na
1136,雖然,Cbb
1136,擊敗,VC
1136,義大利,Nc
1136,荷蘭,Nc
1136,兩,Neu
1136,支,Nf
1136,大聯盟,Na
1136,等級,Na
1136,的,DE
1136,球隊,Na
1136,，,COMMACATEGORY
1136,但,Cbb
1136,輸掉,VJ
1136,古巴巴拿馬,Na
1136,，,COMMACATEGORY
1136,加上,Cbb
1136,義大利,Nc
1136,古巴,Nc
1136,今天,Nd
1136,都,D
1136,贏,VD
1136,球,Na
1136,，,COMMACATEGORY
1136,比較,VC
1136,對戰,VA
1136,失分率,Na
1136,後,Ng
1136,，,COMMACATEGORY
1136,義大利,Nc
1136,古巴,Nc
1136,確定,VK
1136,晉級,VJ
1136,////,FW
1136,備註,VE
1136,///,FW
1136,組,VC
1136,戰績,Na
1136,相同,VH
1136,，,COMMACATEGORY
1136,比,P
1136,失分率,Na
1136,後,Ng
1136,台灣,Nc
1136,墊底,VH
1137,安安,Nb
1137,聽說,VE
1137,不,D
1137,是,SHI
1137,在,P
1137,年後,Nd
1137,舉辦,VC
1137,而是,Cbb
1137,年,Na
1137,後,Ng
1137,那,Nep
1137,不,D
1137,就,D
1137,是,SHI
1137,那,Nep
1137,跟,P
1137,世足撞期,Na
1137,欸,I
1137,那,Dk
1137,以後,Nd
1137,每,Nes
1137,年,Nf
1137,是,SHI
1137,不,D
1137,是,SHI
1137,能,D
1137,在,P
1137,同年,Nd
1137,看到,VE
1137,兩,Neu
1137,個,Nf
1137,最,Dfa
1137,高,VH
1137,層級,Na
1137,的,DE
1137,運動,Na
1137,比賽,Na
1137,有,V_2
1137,沒,D
1137,有,V_2
1137,八卦,Na
1138,備註,VE
1138,請,VF
1138,放,VC
1138,最後,Nd
1138,面違,VC
1138,者,Na
1138,新聞,Na
1138,文章,Na
1138,刪除,VC
1138,媒體,Na
1138,來源,Na
1138,記者,Na
1138,署名,VC
1138,記者,Na
1138,王真魚,Nb
1138,台中,Nc
1138,報導,VE
1138,完整,VH
1138,新聞,Na
1138,標題,Na
1138,義大利,Nc
1138,古巴,Nc
1138,攜手,D
1138,晉級,VJ
1138,台灣,Nc
1138,下,Nes
1138,屆,Nf
1138,恐,VK
1138,從,P
1138,資格賽,Na
1138,打起,VC
1138,完整,VH
1138,新聞,Na
1138,內文,Na
1138,世界,Nc
1138,棒球,Na
1138,經典賽組,Nc
1138,預賽,Na
1138,最,Dfa
1138,終場,Na
1138,，,COMMACATEGORY
1138,仍,D
1138,有,V_2
1138,人,Na
1138,進場,VA
1138,，,COMMACATEGORY
1138,義大利,Nc
1138,黑暗,Na
1138,騎士,Na
1138,哈維,Nb
1138,先發局,Nc
1138,挨轟,VB
1138,但,Cbb
1138,只,Da
1138,失分,VH
1138,，,COMMACATEGORY
1138,他,Nh
1138,在,P
1138,局,Nc
1138,獲得,VJ
1138,隊友,Na
1138,火力,Na
1138,支援,VC
1138,，,COMMACATEGORY
1138,義大利,Nc
1138,單局,Na
1138,灌進分,Na
1138,，,COMMACATEGORY
1138,終場,Na
1138,比,P
1138,勝,VH
1138,荷蘭,Nc
1138,組,VC
1138,大亂鬥,Na
1138,落幕,VH
1138,，,COMMACATEGORY
1138,中華隊,Na
1138,下,Nes
1138,屆,Nf
1138,恐,VK
1138,從,P
1138,資格賽,Na
1138,打起,VC
1138,哈維,Nb
1138,在,P
1138,預賽,Na
1138,首,Nes
1138,戰,Na
1138,先發局,Nc
1138,無,D
1138,失分,VH
1138,，,COMMACATEGORY
1138,今天,Nd
1138,對抗,VC
1138,荷蘭,Nc
1138,大聯盟級,Na
1138,打線,VA
1138,，,COMMACATEGORY
1138,再度,D
1138,登板,VA
1138,，,COMMACATEGORY
1138,此,Nep
1138,役局,Nc
1138,投球,VA
1138,只,Da
1138,被,P
1138,敲支,VC
1138,安打,Na
1138,，,COMMACATEGORY
1138,局,Nc
1138,遭,P
1138,川普,Nb
1138,開轟,VA
1138,，,COMMACATEGORY
1138,失掉,VJ
1138,唯,Da
1138,分,Nf
1138,，,COMMACATEGORY
1138,剛好球,Na
1138,收工,VA
1138,義大利局,Nc
1138,展開,VC
1138,猛烈,VH
1138,攻勢,Na
1138,，,COMMACATEGORY
1138,荷蘭,Nc
1138,第,Neu
1138,任,Nf
1138,投手,Na
1138,博森博克,Nb
1138,遭,P
1138,狙擊,VC
1138,，,COMMACATEGORY
1138,局,Nc
1138,投,VC
1138,球,Na
1138,被,P
1138,敲安,VC
1138,，,COMMACATEGORY
1138,失掉,VJ
1138,分責,Na
1138,失,VJ
1138,局,Nc
1138,上,Ncd
1138,，,COMMACATEGORY
1138,荷蘭,Nc
1138,柏格茲,Nb
1138,二壘,Na
1138,有,V_2
1138,人,Na
1138,適時,D
1138,敲安,VC
1138,，,COMMACATEGORY
1138,率隊,VA
1138,攻佔,VC
1138,滿壘,VH
1138,，,COMMACATEGORY
1138,義大利,Nc
1138,決定,VE
1138,換投,VC
1138,，,COMMACATEGORY
1138,小,VH
1138,聯盟,Na
1138,光芒,Na
1138,左投,Na
1138,拉索薩,Nb
1138,登板,VA
1138,，,COMMACATEGORY
1138,連續,D
1138,解決,VC
1138,人,Na
1138,，,COMMACATEGORY
1138,包括,VK
1138,飆出,VC
1138,Ｋ,FW
1138,，,COMMACATEGORY
1138,成功,VH
1138,拆,VC
1138,彈,VC
1138,他,Nh
1138,在,P
1138,退場,VA
1138,時,Ng
1138,，,COMMACATEGORY
1138,路拉宮,Nc
1138,回到,VCL
1138,休息室,Nc
1138,，,COMMACATEGORY
1138,即使,Cbb
1138,走進去,VA
1138,，,COMMACATEGORY
1138,依舊,D
1138,難掩,VC
1138,興奮,VH
1138,，,COMMACATEGORY
1138,瘋狂,VH
1138,怒吼,VA
1138,振臂,D
1138,局下,Nc
1138,，,COMMACATEGORY
1138,義大利,Nc
1138,延續,VJ
1138,攻勢,Na
1138,，,COMMACATEGORY
1138,佛里力克,Nb
1138,適時,D
1138,安打,Na
1138,再,D
1138,添分,VA
1138,組隊,VA
1138,大亂鬥,Na
1138,，,COMMACATEGORY
1138,義大利,Nc
1138,今,Nd
1138,勝出,VH
1138,，,COMMACATEGORY
1138,古巴,Nc
1138,下午,Nd
1138,擊敗,VC
1138,中華隊,Na
1138,，,COMMACATEGORY
1138,各,Nes
1138,隊,Nf
1138,都,D
1138,是,SHI
1138,勝,VH
1138,敗,VH
1138,，,COMMACATEGORY
1138,但,Cbb
1138,比較,VC
1138,對戰,VA
1138,失分率,Na
1138,之後,Nd
1138,，,COMMACATEGORY
1138,義大利,Nc
1138,古巴,Nc
1138,攜手,D
1138,晉級,VJ
1138,中華隊,Na
1138,失分,Na
1138,是,SHI
1138,小組,Na
1138,最多,VH
1138,，,COMMACATEGORY
1138,，,COMMACATEGORY
1138,因,Cbb
1138,下,Nes
1138,屆,Nf
1138,賽制,Na
1138,尚未,D
1138,完全,D
1138,定案,VB
1138,，,COMMACATEGORY
1138,最,Dfa
1138,壞,VH
1138,可能,D
1138,從,P
1138,資格賽,Na
1138,打起,VC
1138,完整,VH
1138,新聞,Na
1138,連結,VC
1138,或,Caa
1138,短,VH
1138,網址,Na
1138,不可,D
1138,用,VC
1138,等,Cab
1138,轉載,VC
1138,媒體,Na
1138,////,FW
1138,備註,VE
1138,每,Nes
1138,年,Nf
1138,高額,Na
1138,的,DE
1138,體育,Na
1138,預算,Na
1138,改革,VC
1138,的,DE
1138,成績,Na
1138,終於,D
1138,讓,VL
1138,人民,Na
1138,看到,VE
1138,ㄌ,FW
1138,小組,Na
1138,最後,Nd
1138,感恩,VI
1138,政府,Na
1138,讚嘆,VE
1138,政府,Na
1139,先,D
1139,對,P
1139,所有,Neqa
1139,中華隊,Na
1139,隊員,Na
1139,及,Caa
1139,背後,Nc
1139,人員,Na
1139,們,Na
1139,致意,VB
1139,謝謝,VJ
1139,你們,Nh
1139,努力,VH
1139,讓,VL
1139,臺灣,Nc
1139,站上,VCL
1139,國際,Nc
1139,舞台,Na
1139,只是,Cbb
1139,比賽,VA
1139,有,D
1139,輸,VD
1139,有,V_2
1139,贏,VD
1139,雖然,Cbb
1139,今天,Nd
1139,古巴,Nc
1139,屠殺,VC
1139,看到,VE
1139,快,D
1139,哭,VA
1139,了,Di
1139,想起,VE
1139,以前,Nd
1139,還,D
1139,有,V_2
1139,前進,VA
1139,東京,Nc
1139,，,COMMACATEGORY
1139,如今,Nd
1139,卻,D
1139,墊底,VH
1139,實在,D
1139,難以,D
1139,接受,VC
1139,認真,VH
1139,問,VE
1139,臺灣,Nc
1139,未來,Nd
1139,年,Na
1139,內,Ng
1139,有,V_2
1139,機會,Na
1139,拿,VC
1139,冠軍,Na
1139,嗎,T
1139,臺灣,Nc
1139,定,VC
1139,要,D
1139,棒,VH
1139,接棒,VB
1139,的,DE
1139,傳承,VC
1139,下去,Di
1139,真的,D
1139,好,Dfa
1139,希望,VK
1139,下,Nes
1139,代,Na
1139,能,D
1139,世界,Nc
1139,第,Neu
1139,臨表,D
1139,泣涕,VA
1139,，,COMMACATEGORY
1139,不知所云,VH
1140,這,Nep
1140,次,Nf
1140,世界,Nc
1140,棒球,Na
1140,經典賽,Na
1140,台灣,Nc
1140,地區,Nc
1140,和,Caa
1140,中國,Nc
1140,是,SHI
1140,不,D
1140,是,SHI
1140,很,Dfa
1140,像,VG
1140,好像,D
1140,都,D
1140,是,SHI
1140,墊底,VH
1140,被,P
1140,淘汰,VC
1140,輪遊,VCL
1140,但是,Cbb
1140,中國,Nc
1140,有,V_2
1140,到,VCL
1140,日本,Nc
1140,略,D
1140,勝,VH
1140,搞不好,D
1140,還,D
1140,能,D
1140,買,VC
1140,些,Nf
1140,日貨,Na
1140,回國,VA
1140,爽,VH
1140,有,V_2
1140,卦,Na
1140,嗎,T
1141,已經,D
1141,是,SHI
1141,國防部長,Na
1141,了,T
1141,嗎,T
1141,這樣,VH
1141,是,SHI
1141,不,D
1141,是,SHI
1141,在,P
1141,造謠,VA
1141,阿,T
1141,是,SHI
1141,不,D
1141,是,SHI
1141,會,D
1141,被,P
1141,出征,VA
1141,//////,FW
1141,當年,Nd
1141,這,Nep
1141,個,Nf
1141,圖,Na
1141,被,P
1141,台灣,Nc
1141,大眾,Nh
1141,批評,VC
1141,造謠,VA
1141,瘋狂,VH
1141,出征,VA
1141,是,SHI
1141,不,D
1141,是,SHI
1141,比照,P
1141,辦理,VC
1142,媒體,Na
1142,來源,Na
1142,聯合報,Nb
1142,記者,Na
1142,署名,VC
1142,陳宛晶,Nb
1142,完整,VH
1142,新聞,Na
1142,標題,Na
1142,完整,VH
1142,新聞,Na
1142,內文,Na
1142,世界,Nc
1142,棒球,Na
1142,經典,Na
1142,賽組,Nc
1142,賽程,Na
1142,今天,Nd
1142,落幕,VH
1142,，,COMMACATEGORY
1142,分組,VB
1142,最,Dfa
1142,有,V_2
1142,價值,Na
1142,球員,Na
1142,獎,Na
1142,落墊底,Na
1142,球隊,Na
1142,，,COMMACATEGORY
1142,張育成,Nb
1142,以,Cbb
1142,成,VG
1142,打擊,Na
1142,率,VF
1142,敲出,VC
1142,安打,Na
1142,轟分,VC
1142,打點,Na
1142,突圍,VA
1142,中華隊,Na
1142,以,P
1142,勝,VH
1142,敗,VH
1142,完成,VC
1142,分組,VB
1142,賽程,Na
1142,，,COMMACATEGORY
1142,依序,D
1142,以,P
1142,輸給,VD
1142,巴拿馬,Nc
1142,擊敗,VC
1142,義大利,Nc
1142,擊敗,VC
1142,荷,Nc
1142,蘭,Na
1142,輸給,VD
1142,古巴隊,Na
1142,，,COMMACATEGORY
1142,該,Nes
1142,組,Nc
1142,最終,D
1142,形成,VG
1142,隊,Na
1142,都,D
1142,是,SHI
1142,勝,VH
1142,敗,VH
1142,的,DE
1142,大亂鬥,Na
1142,，,COMMACATEGORY
1142,中華隊,Na
1142,失分率,Na
1142,排名,VG
1142,墊,VC
1142,底,Ncd
1142,，,COMMACATEGORY
1142,下,Nes
1142,屆,Nf
1142,恐怕,D
1142,要,D
1142,打,VC
1142,資格賽,Na
1142,古巴,Nc
1142,義大利,Nc
1142,攜手,D
1142,前進,VA
1142,東京,Nc
1142,，,COMMACATEGORY
1142,荷蘭,Nc
1142,巴拿馬,Nc
1142,則,D
1142,為,VG
1142,分組,VB
1142,第第,Neu
1142,組,Nc
1142,最,Dfa
1142,後戰,Na
1142,結束,VHC
1142,後,Ng
1142,，,COMMACATEGORY
1142,大會,Na
1142,公布,VE
1142,最,Dfa
1142,有,V_2
1142,價值,Na
1142,球員,Na
1142,，,COMMACATEGORY
1142,由,P
1142,張育成,Nb
1142,獲獎,VH
1142,，,COMMACATEGORY
1142,不僅,Cbb
1142,帳面,Na
1142,打擊,Na
1142,成績,Na
1142,出色,VH
1142,，,COMMACATEGORY
1142,且,Cbb
1142,多,Neqa
1142,支,Nf
1142,關鍵,Na
1142,安打,Na
1142,，,COMMACATEGORY
1142,包括,VK
1142,對,P
1142,義大利,Nc
1142,之,DE
1142,戰,Na
1142,敲出,VC
1142,追平,VC
1142,兩,Neu
1142,分,Nf
1142,砲,Na
1142,對,P
1142,荷蘭,Nc
1142,之,DE
1142,戰,Na
1142,敲出,VC
1142,超前,VJ
1142,滿貫砲,Na
1142,，,COMMACATEGORY
1142,火力,Na
1142,總是,D
1142,來得,Dfa
1142,恰,D
1142,是,SHI
1142,時候,Na
1142,完整,VH
1142,新聞,Na
1142,連結,VC
1142,或,Caa
1142,短,VH
1142,網址,Na
1142,不可,D
1142,用,VC
1142,等,Cab
1142,轉載,VC
1142,媒體,Na
1142,///,FW
1143,媒體,Na
1143,來源,Na
1143,記者,Na
1143,署名,VC
1143,呂晏慈,Nb
1143,完整,VH
1143,新聞,Na
1143,標題,Na
1143,謝謝,VJ
1143,台灣,Nc
1143,英雄,Na
1143,游錫堃,Nb
1143,讚,VC
1143,這,Nep
1143,幕,Nf
1143,最,Dfa
1143,振奮,VHC
1143,汗水,Na
1143,淚水,Na
1143,成就,Na
1143,精彩,VH
1143,完整,VH
1143,新聞,Na
1143,內文,Na
1143,世界,Nc
1143,棒球,Na
1143,經典賽,Na
1143,中華隊,Na
1143,日,Na
1143,中午,Nd
1143,以,P
1143,惜敗,VC
1143,古巴隊,Na
1143,，,COMMACATEGORY
1143,無緣,VH
1143,晉級,VJ
1143,立法院長,Na
1143,游錫堃,Nb
1143,透,Dfb
1143,過,VCL
1143,臉書,Na
1143,表示,VE
1143,，,COMMACATEGORY
1143,台灣,Nc
1143,英雄,Na
1143,們,Na
1143,辛苦,VHC
1143,了,T
1143,，,COMMACATEGORY
1143,每,Nes
1143,位,Nf
1143,揮灑,VC
1143,汗水,Na
1143,與,Caa
1143,淚水,Na
1143,，,COMMACATEGORY
1143,成就,VC
1143,了,Di
1143,這,Nep
1143,幾,Neu
1143,天,Nf
1143,的,DE
1143,精彩,VH
1143,，,COMMACATEGORY
1143,最,Dfa
1143,令,VL
1143,人,Na
1143,振,VH
1143,奮,VH
1143,的,DE
1143,事,Na
1143,台灣,Nc
1143,英雄,Na
1143,們,Na
1143,永,D
1143,不,D
1143,放棄,VC
1143,的,DE
1143,運動家,Na
1143,精神,Na
1143,，,COMMACATEGORY
1143,預祝,VE
1143,台灣,Nc
1143,好手,Na
1143,持續,VL
1143,在,P
1143,各,Nes
1143,個,Nf
1143,舞台,Na
1143,發光,VH
1143,發熱,VH
1143,游錫堃,Nb
1143,今天,Nd
1143,賽前,Nd
1143,邀約,VC
1143,立法院,Nc
1143,媒體,Na
1143,記者,Na
1143,們,Na
1143,騎,VC
1143,自行車,Na
1143,運動,Na
1143,，,COMMACATEGORY
1143,眾人,Na
1143,還,D
1143,比出,VC
1143,旅美,Nv
1143,球星,Na
1143,張育成,Nb
1143,敬禮,VB
1143,手勢,Na
1143,，,COMMACATEGORY
1143,為,P
1143,中華隊,Na
1143,集氣,VA
1143,然而,Cbb
1143,今日,Nd
1143,中華隊,Na
1143,以,P
1143,分,VC
1143,之,DE
1143,差,Na
1143,落敗,VH
1143,，,COMMACATEGORY
1143,游,Nb
1143,便,D
1143,透過,P
1143,臉書,Na
1143,表達,VC
1143,勉勵,VC
1143,之,DE
1143,語,Na
1143,，,COMMACATEGORY
1143,他,Nh
1143,談,VE
1143,及,Caa
1143,，,COMMACATEGORY
1143,台灣,Nc
1143,英雄,Na
1143,們,Na
1143,辛苦,VHC
1143,了,T
1143,，,COMMACATEGORY
1143,世界,Nc
1143,棒球,Na
1143,經典賽,Na
1143,，,COMMACATEGORY
1143,台灣隊,Na
1143,表現,VC
1143,受到,VJ
1143,國際,Nc
1143,矚目,VB
1143,，,COMMACATEGORY
1143,謝謝,VJ
1143,台灣隊,Na
1143,的,DE
1143,教,VC
1143,練,VC
1143,團,Na
1143,選手,Na
1143,們,Na
1143,及,Caa
1143,後勤,Na
1143,團隊,Na
1143,的,DE
1143,優異,VH
1143,表現,Na
1143,，,COMMACATEGORY
1143,還,D
1143,有,V_2
1143,震撼,VJ
1143,全,Neqa
1143,世界,Nc
1143,的,DE
1143,應援團,Na
1143,，,COMMACATEGORY
1143,每,Nes
1143,位,Nf
1143,揮灑,VC
1143,的,DE
1143,汗水,Na
1143,與,Caa
1143,淚水,Na
1143,，,COMMACATEGORY
1143,成就,VC
1143,了,Di
1143,這,Nep
1143,幾,Neu
1143,天,Nf
1143,的,DE
1143,精采,VH
1143,游錫堃,Nb
1143,表示,VE
1143,，,COMMACATEGORY
1143,最,Dfa
1143,令,VL
1143,人,Na
1143,振奮,VHC
1143,的,DE
1143,是,SHI
1143,，,COMMACATEGORY
1143,台灣,Nc
1143,英雄,Na
1143,們,Na
1143,永,D
1143,不,D
1143,放棄,VC
1143,的,DE
1143,運動家,Na
1143,精神,Na
1143,，,COMMACATEGORY
1143,凝聚,VC
1143,全體,Na
1143,國人,Na
1143,的,DE
1143,心,Na
1143,，,COMMACATEGORY
1143,起,VJ
1143,在,P
1143,現場,Nc
1143,喊,VE
1143,著,Di
1143,台灣隊,Na
1143,他,Nh
1143,感性,VH
1143,地,DE
1143,說,VE
1143,，,COMMACATEGORY
1143,謝謝,VJ
1143,你們,Nh
1143,帶,VC
1143,著,Di
1143,我們,Nh
1143,走過,VCL
1143,這,Nep
1143,段,Nf
1143,難,VH
1143,忘,VK
1143,的,DE
1143,賽事,Na
1143,，,COMMACATEGORY
1143,預祝,VE
1143,各,Nes
1143,位,Nf
1143,台灣,Nc
1143,好手,Na
1143,持續,VL
1143,在,P
1143,各,Nes
1143,個,Nf
1143,舞台,Na
1143,發光,VH
1143,發熱,VH
1143,完整,VH
1143,新聞,Na
1143,連結,VC
1143,或,Caa
1143,短,VH
1143,網址,Na
1143,不可,D
1143,用,VC
1143,等,Cab
1143,轉載,VC
1143,媒體,Na
1143,/////,FW
1143,備註,VE
1144,這,Nep
1144,幾,Neu
1144,天,Nf
1144,台灣,Nc
1144,瘋迷,Na
1144,果然,D
1144,棒球,Na
1144,才,Da
1144,是,SHI
1144,全,Neqa
1144,台,Nc
1144,最,Dfa
1144,關注,VJ
1144,的,DE
1144,運動,Na
1144,尤其,D
1144,是,SHI
1144,級,Na
1144,國際,Nc
1144,賽事,Na
1144,不,D
1144,分,VC
1144,老少,Na
1144,堆,Nf
1144,人,Na
1144,關注,VJ
1144,旅外,VA
1144,好手,Na
1144,國內,Nc
1144,職棒,Na
1144,球星,Na
1144,組成,VG
1144,的,DE
1144,國家隊,Na
1144,爪喵吱,D
1144,邦龍鋼,Na
1144,大家,Nh
1144,不,D
1144,分,VC
1144,敵我,Na
1144,致,VL
1144,抗,VJ
1144,外,Ncd
1144,真,D
1144,棒,VH
1144,可惜,VH
1144,這,Nep
1144,次,Nf
1144,拿下,VC
1144,勝,VH
1144,敗,VH
1144,沒,D
1144,能,D
1144,晉級,VJ
1144,八,Neu
1144,強,Na
1144,不然,Cbb
1144,打,VC
1144,澳洲,Nc
1144,的,DE
1144,話,Na
1144,運氣,Na
1144,好,VH
1144,點,Dfb
1144,搞不好,D
1144,就,D
1144,能,D
1144,前進,VA
1144,邁阿密,Nc
1144,了,T
1144,至少,Da
1144,比,P
1144,派,VF
1144,大谷,Nb
1144,的,DE
1144,日本,Nc
1144,好,VH
1144,打,VC
1144,這,Nep
1144,次,Nf
1144,台灣,Nc
1144,代表隊,Na
1144,打,VC
1144,最,Dfa
1144,好,VH
1144,的,DE
1144,選手,Na
1144,可以,D
1144,有,V_2
1144,很多,Neqa
1144,種,Nf
1144,答案,Na
1144,二兵,Na
1144,阿成,Nb
1144,啦,T
1144,三冠王,Na
1144,林立,VH
1144,啦,T
1144,小哲源,Na
1144,啦,T
1144,呂寶,Nb
1144,啦,T
1144,海盜王,Na
1144,啦,T
1144,四爺,Na
1144,啦,T
1144,阿坤,Nb
1144,啦,T
1144,等等,Cab
1144,那,Dk
1144,如果說,Cbb
1144,真的,D
1144,要,D
1144,找出,VC
1144,個,Nf
1144,最,Dfa
1144,大,VH
1144,戰犯,Na
1144,的話,Cba
1144,會,D
1144,是,SHI
1144,誰,Nh
1144,呢,T
1144,調度,VC
1144,有,V_2
1144,爭議,Na
1144,的,DE
1144,大餅,Na
1144,換投,VC
1144,時機,Na
1144,跟,P
1144,陣容,Na
1144,選擇,Na
1144,都,D
1144,有,V_2
1144,很,Dfa
1144,大,VH
1144,的,DE
1144,討論,VE
1144,空間,Na
1144,被,P
1144,罵爆,VC
1144,的,DE
1144,主辦,VC
1144,單位,Na
1144,各,Nes
1144,種,Nf
1144,周邊,Nc
1144,接駁,Nv
1144,賽事,Na
1144,安排,VE
1144,票價,Na
1144,等等,Cab
1144,都,D
1144,弄,VC
1144,不,D
1144,好,VC
1144,各,Nes
1144,種,Nf
1144,亂蹭,VC
1144,亂,D
1144,沾光,VH
1144,的,DE
1144,無關,VH
1144,人士,Na
1144,看,VC
1144,了,Di
1144,就,D
1144,煩,VHC
1144,益,Dfa
1144,全,Neqa
1144,沒,D
1144,參加,VC
1144,沒,VJ
1144,人,Na
1144,幫忙,VC
1144,坦砲,Na
1144,火害,VC
1144,大王,Na
1144,壓力山,Nc
1144,大,VH
1144,大家,Nh
1144,怎麼,D
1144,看,VC
1144,誰,Nh
1144,才,Da
1144,是,SHI
1144,這,Nep
1144,次,Nf
1144,的,DE
1144,最,Dfa
1144,大,VH
1144,戰犯,Na
1144,呢,T
1144,有,V_2
1144,沒,D
1144,有,V_2
1144,八卦,Na
1145,////,FW
1145,中華隊,Na
1145,早,D
1145,被,P
1145,爆料,VE
1145,晚接,VC
1145,午,Nd
1145,悍創,Nb
1145,總監,Na
1145,曝,VC
1145,兩,Neu
1145,點,Nf
1145,原因,Na
1145,遭,P
1145,球迷,Na
1145,灌爆掉,VC
1145,漆,Na
1145,記者,Na
1145,柯振中,Nb
1145,綜合,A
1145,報導,VE
1145,中華隊,Na
1145,晚,D
1145,接,VC
1145,午,Nd
1145,賽程,Na
1145,引起,VC
1145,球迷,Na
1145,不滿,VK
1145,，,COMMACATEGORY
1145,承辦,VC
1145,單位,Na
1145,悍創,Nb
1145,運動,Na
1145,行銷,Na
1145,的,DE
1145,評論,Na
1145,慘遭,P
1145,星,Na
1145,灌爆,VC
1145,事,Na
1145,後,Ng
1145,，,COMMACATEGORY
1145,也,D
1145,有,V_2
1145,球迷,Na
1145,挖出,VC
1145,黃暐瀚,Nb
1145,訪問,VC
1145,悍創,Nb
1145,總監,Na
1145,高偉凱,Nb
1145,的,DE
1145,片段,Na
1145,，,COMMACATEGORY
1145,當中,Ncd
1145,的,DE
1145,句,Na
1145,話語,Na
1145,更,D
1145,是,SHI
1145,引發,VC
1145,眾人,Na
1145,不滿,VK
1145,，,COMMACATEGORY
1145,直轟,VH
1145,明明,D
1145,就,P
1145,利益,Na
1145,至上,VH
1145,還,D
1145,卸責,VA
1145,高偉凱,Nb
1145,日前,Nd
1145,接受,VC
1145,節目,Na
1145,嗆,VH
1145,新聞,Na
1145,訪問,VC
1145,時,Ng
1145,，,COMMACATEGORY
1145,與,P
1145,主持人,Na
1145,黃暐瀚,Nb
1145,分享,VJ
1145,了,Di
1145,在,P
1145,台灣,Nc
1145,比賽,VA
1145,的,DE
1145,賽程,Na
1145,，,COMMACATEGORY
1145,過程,Na
1145,中,Ncd
1145,黃暐瀚,Nb
1145,發現,VE
1145,，,COMMACATEGORY
1145,中華隊,Na
1145,幾乎,Da
1145,都,D
1145,是,SHI
1145,打,VC
1145,晚上,Nd
1145,，,COMMACATEGORY
1145,於是,Cbb
1145,開口,VA
1145,詢問,VE
1145,這,Nep
1145,是,SHI
1145,有,V_2
1145,特別,VH
1145,安排,VE
1145,的,DE
1145,是,SHI
1145,不,D
1145,是,SHI
1145,當下,Nd
1145,高偉凱,Nb
1145,也,D
1145,坦承,VE
1145,對對,VC
1145,，,COMMACATEGORY
1145,之所以,Cbb
1145,會,D
1145,這樣,VH
1145,安排,VE
1145,，,COMMACATEGORY
1145,第,Neu
1145,原因,Na
1145,是,SHI
1145,主場,Na
1145,第二,Neu
1145,則,Nf
1145,是,SHI
1145,票房,Na
1145,考量,VE
1145,，,COMMACATEGORY
1145,考量到,VE
1145,台灣,Nc
1145,球迷,Na
1145,的,DE
1145,看,VC
1145,球,Na
1145,習慣,Na
1145,，,COMMACATEGORY
1145,才,Da
1145,會,D
1145,這樣,VH
1145,安排,VE
1145,不過,Cbb
1145,，,COMMACATEGORY
1145,後來,Nd
1145,黃暐瀚,Nb
1145,進步,VH
1145,看,VC
1145,賽程,Na
1145,，,COMMACATEGORY
1145,發現,VE
1145,中華隊,Na
1145,日,Na
1145,晚間,Nd
1145,比完賽,Na
1145,，,COMMACATEGORY
1145,日,Nd
1145,中午,Nd
1145,又,D
1145,要,D
1145,接著,D
1145,與,P
1145,古巴,Nc
1145,比賽,Na
1145,，,COMMACATEGORY
1145,直言,VE
1145,欸,I
1145,這,Nep
1145,有點,Dfa
1145,硬,VH
1145,欸,I
1145,，,COMMACATEGORY
1145,你,Nh
1145,禮拜六,Nd
1145,晚上,Nd
1145,點,VC
1145,打完,VC
1145,，,COMMACATEGORY
1145,打完,VC
1145,也,D
1145,都,D
1145,點,VC
1145,多,VH
1145,了,T
1145,耶,T
1145,然後,D
1145,睡,VA
1145,覺,VK
1145,以後,Ng
1145,，,COMMACATEGORY
1145,第二,Neu
1145,天,Nf
1145,中午點,Na
1145,又,D
1145,要,D
1145,打,VC
1145,古巴,Nc
1145,，,COMMACATEGORY
1145,且,Cbb
1145,這樣,VH
1145,賽程,Na
1145,看下來,VA
1145,，,COMMACATEGORY
1145,古巴,Nc
1145,休息,VA
1145,了,Di
1145,天,Nc
1145,，,COMMACATEGORY
1145,中華隊,Na
1145,則,D
1145,是,SHI
1145,晚間,Nd
1145,打完,VC
1145,球,Na
1145,又,D
1145,接,VC
1145,中午,Nd
1145,的,DE
1145,比賽,Na
1145,黃暐瀚,Nb
1145,感到,VK
1145,不可思議,VH
1145,，,COMMACATEGORY
1145,詢問,VE
1145,賽程,Na
1145,是,SHI
1145,如何,D
1145,安排,VE
1145,，,COMMACATEGORY
1145,高偉凱,Nb
1145,則,D
1145,回答,VE
1145,，,COMMACATEGORY
1145,是,SHI
1145,大聯盟,Na
1145,當時,Nd
1145,排出,VC
1145,的,DE
1145,賽程,Na
1145,，,COMMACATEGORY
1145,公司,Nc
1145,有,V_2
1145,針對,P
1145,這,Nep
1145,方面,Na
1145,來回,VCL
1145,確認,VE
1145,徵詢,VE
1145,，,COMMACATEGORY
1145,對方,Nh
1145,的,DE
1145,回覆,VD
1145,則,D
1145,是,SHI
1145,，,COMMACATEGORY
1145,希望,VK
1145,在,P
1145,台灣,Nc
1145,打球,VA
1145,時,Ng
1145,，,COMMACATEGORY
1145,是,SHI
1145,有,V_2
1145,公平,VH
1145,的,DE
1145,制,Na
1145,度,VCL
1145,，,COMMACATEGORY
1145,因此,Cbb
1145,賽程,Na
1145,當中,Ng
1145,，,COMMACATEGORY
1145,其他,Neqa
1145,隊,Na
1145,也,D
1145,有,V_2
1145,交錯,VH
1145,的,DE
1145,狀況,Na
1145,黃暐瀚,Nb
1145,後來,Nd
1145,仔細,VH
1145,瀏覽,VC
1145,，,COMMACATEGORY
1145,也,D
1145,發現,VE
1145,除了,P
1145,中華隊,Na
1145,以外,Ng
1145,，,COMMACATEGORY
1145,巴拿馬,Nc
1145,義大利,Nc
1145,及,Caa
1145,古巴,Nc
1145,也,D
1145,有,V_2
1145,遇到,VC
1145,類似,VG
1145,狀況,Na
1145,，,COMMACATEGORY
1145,只有,Cbb
1145,荷蘭,Nc
1145,沒有,D
1145,碰上,VC
1145,晚接,Na
1145,午,Nd
1145,的,DE
1145,賽程,Na
1145,，,COMMACATEGORY
1145,讓,VL
1145,他,Nh
1145,無奈,VH
1145,直,D
1145,呼,VE
1145,，,COMMACATEGORY
1145,他,Nh
1145,荷蘭,Nc
1145,是,SHI
1145,籤運,Na
1145,最,Dfa
1145,好,VH
1145,的,DE
1145,是,SHI
1145,不,D
1145,是,SHI
1145,他,Nh
1145,沒有,D
1145,，,COMMACATEGORY
1145,接著,D
1145,則,D
1145,開始,VL
1145,談論,VE
1145,售,VD
1145,票,Na
1145,的,DE
1145,話題,Na
1145,，,COMMACATEGORY
1145,結束,VHC
1145,了,Di
1145,這,Nep
1145,段,Nf
1145,討論,VE
1145,賽程,Na
1145,的,DE
1145,對話,Na
1145,許多,Neqa
1145,球迷,Na
1145,抓到,VC
1145,高偉凱,Nb
1145,說法,Na
1145,之間,Ng
1145,的,DE
1145,破綻,Na
1145,，,COMMACATEGORY
1145,憤怒,VH
1145,出言,VE
1145,質疑,VE
1145,，,COMMACATEGORY
1145,當,P
1145,主辦國,Nc
1145,還,D
1145,這麼,Dfa
1145,掉,VH
1145,漆,Na
1145,排,VC
1145,得,DE
1145,這麼,D
1145,爛,VH
1145,票房,Na
1145,考量,VE
1145,台灣,Nc
1145,球迷,Na
1145,看,VC
1145,球,Na
1145,習慣,VL
1145,商人,Na
1145,為,P
1145,了,Di
1145,賺錢,VA
1145,，,COMMACATEGORY
1145,管,VE
1145,妳,Nh
1145,那麼多,Neqa
1145,他,Nh
1145,說,VE
1145,那,Nep
1145,句,Nf
1145,看,VC
1145,球,Na
1145,習慣,Na
1145,，,COMMACATEGORY
1145,不,D
1145,就,D
1145,承認,VE
1145,了,Di
1145,是,SHI
1145,票房,Na
1145,考量,VE
1145,單純,VH
1145,覺得,VK
1145,中華,Nc
1145,不會,D
1145,進,VC
1145,，,COMMACATEGORY
1145,不如,Cbb
1145,搞,VC
1145,個,Di
1145,好,VH
1145,賣,VD
1145,的,DE
1145,場次,Na
1145,主辦,VC
1145,國聯,Nb
1145,場次,Na
1145,都,D
1145,討,VD
1145,不,D
1145,到,VD
1145,點,Nf
1145,好處,Na
1145,，,COMMACATEGORY
1145,就,D
1145,不要,D
1145,怪,VK
1145,球迷,Na
1145,找,VC
1145,人,Na
1145,罵,VC
1145,什麼,Nep
1145,都,D
1145,能,D
1145,檢討,VE
1145,，,COMMACATEGORY
1145,就,D
1145,是,SHI
1145,不能,D
1145,檢,VE
1145,討賽制,Na
1145,奇怪,VK
1145,耶,T
1145,，,COMMACATEGORY
1145,我們,Nh
1145,不,D
1145,是,SHI
1145,主辦,VC
1145,單位,Na
1145,嗎,T
1145,連,Cbb
1145,黃暐瀚,Nb
1145,都,D
1145,知道,VK
1145,這,Nep
1145,賽程,Na
1145,有,V_2
1145,問題,Na
1145,，,COMMACATEGORY
1145,主辦,VC
1145,還,D
1145,想,VE
1145,推,VC
1145,卸,VC
1145,責任,Na
