system_id,sentence
1,不是啊
1,你要不要先看下售票狀況啊
1,最貴的張內野最便宜的連外野都賣
1,結果四場中華隊的賽事都幾乎售完了
1,可以容納兩萬人的洲際
1,這樣還算過氣嗎
1,沒熱度黃牛掃幹嘛
2,是就在今天
2,眾所矚目的
2,地區分組賽
2,就在今天/號即將登場
2,我們台灣新聞界的
2,憲哥
2,兼
2,熱鬧
2,又
2,熱血
2,主播
2,丁元凱預告將會組成轉播
2,五月天
2,在這次賽事中服務廣大的球迷與鄉民
2,起幫中華隊加油加油
2,///
2,曾獲得老闆賞識的
2,熱血
2,主播
2,讓小弟不經也拭目以待
2,///
2,有沒有台灣
2,超熱血
2,丁丁
2,主播即將為活躍於這次
2,賽事的瓜啊
2,///
2,///
3,剛好想到
3,今天經典賽開打
3,想當然而
3,經典賽例行的鍋貼想必又要上演
3,看來免不了要準備抓戰犯了
3,等等來看
3,如何
4,備註請放最後面違者新聞文章刪除
4,媒體來源
4,東森新聞
4,記者署名
4,責任編輯張祐寧
4,完整新聞標題
4,經典賽林襄高清特寫照曝光網緊盯部位超美
4,完整新聞內文
4,被網友封為流量密碼的林襄，任職於中職樂天桃猿啦啦隊
4,成員，擁有天使臉蛋魔鬼身材，成為新代女神，在台日兩地有票死忠粉絲
4,近日林襄曬出身穿中華啦啦隊應援服的高清美照以及熱舞影片，好身材讓粉絲大飽眼福之外，身體部位也讓大家歪樓狂讚
4,林襄被選進年世界棒球經典賽擔任經典女孩，這幾天也常常身穿隊服現身，近日她在分享系列高清特寫照，只見中華隊服裝整體以國旗配色為主，照片中林襄不斷對著鏡頭互動，下對著前方比，下比出手指愛心，張宛如芭比的精緻臉龐，加上親民無距離感的模樣，下子就吸引萬人狂讚
4,值得注意的是，有幾張照片舉起手
4,來比出，因為無袖的關係，意外讓無毛部位曝光，就有網友大讚腋下超美，其他網友看了紛紛笑翻
4,而林襄昨日也上傳段替台灣隊應援的影片，短短天的時間，就有萬人按讚，網友看了不禁留言誇讚，長髮飄逸短短個影片我打算看三小時髮質好好天使般的笑容女神超正真的好想去現場看妳
4,完整新聞連結或短網址不可用等轉載媒體
4,///
4,備註
5,如題，抬頭
5,晚餐肥肥朋友說他跟人約好要去南港看大螢幕中華巴拿馬轉播，
5,只是還沒想好該吃什麼配球賽，
5,我也不是很清楚南港有什麼吃的
5,大家有推薦吃什麼嗎
5,有沒有八卦
6,媒體來源聯合
6,記者署名陳秋雲
6,完整新聞標題
6,李維拉獲頒台中榮譽市民第次喝珍奶端杯差點鬥雞眼
6,完整新聞內文
6,世界棒球經典賽組預賽今天在台中開打，美國職棒名人堂球星李維拉拉開球，台中市長盧秀燕昨宴請並頒發榮譽市民證書，表達禮遇與歡迎
6,李維拉是第位全票通過入選美國職棒大聯盟名人堂的球星，台中市政府特別頒發榮譽市民證書及獎章
6,台中市長盧秀燕熱情迎接李維拉到來，準備充滿台灣味的棒球九宮格水果禮盒，介紹樣台中等地盛產的水果，包括東勢茂谷柑太平枇杷外埔火龍果新社葡萄等
6,李維拉品嘗後表示，很高興有機會次吃到這麼多美味的水果，過去沒吃過批杷與釋迦，感覺口味獨特新奇，最喜歡的是火龍果
6,盧秀燕介紹台中是珍珠奶茶的發源地，李維拉首次品嘗，好奇舉杯端詳
6,另致贈湖心亭漆藝餅盒台中太平藍染領帶及絲巾，獨特風格的客家手工藍染作品
6,完整新聞連結或短網址不可用等轉載媒體
6,//////
6,備註讚啦，李家之光
7,不然悍創幹嘛排假日連賽
7,老闆，這次中華隊有地主優勢，我們排隔天休，讓中華隊養精蓄銳，用最好的狀態去面對比賽
7,嗯，那中華隊會贏嗎
7,好的老闆，就排假日晚午場
8,辦到現在中華隊只停留在東京
8,我記得有屆
8,王建民血洗日本讓日本掛蛋
8,如果再讓王建民投滿九局
8,日本大概會輸了
8,這屆會不會是最接近去美國的屆
9,今晚巴拿馬我們中華隊
9,同事早上叫我歐印巴拿馬
9,除了身上的現金
9,我還打算拿信用卡預借現金
9,你們各位晚上鍋貼吃好吃滿
10,米納桑空巴哇
10,我破壞王啦
10,破壞王日球迷在看轉播
10,那個背景音過個人就在那邊
10,叭叭叭叭叭叭叭
10,洗勒叭三小
10,你在叭看看
10,林北等等就去吧你的汽笛折斷耖
11,世界第二
11,歷史最強中華隊
11,派出強投豪打
11,反觀對面
11,笑死
11,巴拿馬是什麼棒球鳥國啦
11,中華隊隨便都能虐十分以上
11,我想不到中華隊今晚要怎麼輸
12,魯題
12,小弟再看開幕戰洲際球場本壘後方
12,都是統的廣告，這效益也太高了吧
12,是不是統麵賺爛了
13,阿肥要看世界棒球經典賽啦
13,大冰奶已經準備好了
13,感覺還要吃點什麼
13,有推薦的嗎
14,///
14,棒球賽今天古巴對荷蘭
14,現場怎麼堆國中生穿校服來看
14,也不是棒球隊的
14,感覺像是校外教學湊人數
14,有沒有卦
15,三個月前世足看華視
15,娛樂城廣告買好買滿
15,王識賢瘋狂預測勝負
15,現在世棒經典賽
15,剛注意了東森三檔局間廣告
15,竟然都沒有任何娛樂城出來
15,是政府下令博奕園區不能開預測嗎
15,還是等晚場中華隊比賽就會冒出來
15,有迷有娛樂城的會員可以講下
16,媒體來源聯合報
16,記者署名游振昇
16,完整新聞標題
16,名人堂球星李維拉現身大甲鎮瀾宮球迷追星瘋狂
16,完整新聞內文
16,年世界棒球經典賽組預賽今晚在台中洲際棒球場開打，美國職棒名人堂球星洋基隊
16,退役傳奇守護神李維拉將擔任開幕戰開球嘉賓，他今天中午出現在大甲鎮瀾宮，眼尖球迷看
16,到後瘋狂追星，現場片騷動，還有球迷興奮差點跌倒
16,美國職棒名人堂球星洋基隊退役傳奇守護神李維拉，今天和王建民相
16,見歡後行程滿檔，中午出現在大甲鎮瀾宮，他在門口下車，立刻被球迷發現追上，他先到廟
16,內參觀，並參拜媽祖等神明
16,大甲鎮瀾宮副董事長鄭銘坤引導解說，很多民眾爭著想跟李維拉握手拍照，他親切與民眾
16,合影，還有國小的棒球隊員開心和偶像合照
16,美國職棒大聯盟，簡稱名人堂球星紐約洋基守護神李
16,維拉昨天在台北市南港區中國信託金融園區參加李維拉名人分享會，解密棒球場上戰功
16,彪炳的傳奇生涯，中國信託商業銀行與中華民國棒球協會攜手，邀請各級棒球教練選手及
16,相關從業人員約人與會
16,完整新聞連結或短網址不可用等轉載媒體
16,//////
16,備註
17,小魯高雄處辣
17,全球億人口期待的正式開打
17,晚上中華隊要強碰巴拿馬
17,運彩賠率中華不讓分
17,等於下間房會變間
17,拿去弄個娛樂室或者儲藏室都划算吧
17,如果坪去算也有坪耶
17,有沒有今晚根本讓人翻身的晚
17,運彩光賠這爛賠率也會賠到破產吧
17,有沒有八卦
18,經典賽第場
18,荷蘭路壓著古巴打，古巴只有支安打
18,最後荷蘭擊敗古巴
18,晚場中華隊，大家幫中華隊集氣加油
19,世界棒球經典賽，
19,怎麼感覺沒有世足熱鬧，
19,相比之下，
19,棒球有點像是個小圈圈在那邊自，
19,究竟兩大賽事差距有多大呢
19,而且大聯盟感覺對經典賽有沒很重視，
19,很多明星球員不打，
19,不像世足賽各大球星爭相參加，
19,感覺為國家拿到大力神杯無上光榮啊，
19,覺得有點空虛啊
20,各位八卦肥宅瘦宅下午好
20,現在人在星巴克
20,等著進洲際看
20,是不是很潮啊啊啊
20,///
21,晚上中華隊首戰要對上巴拿馬
21,我們是世界排名第二
21,陣中還有宇宙無敵柏融大王
21,加上史上最強的守護神里維拉的前隊友
21,大樹哥的建仔坐鎮牛棚教練
21,最重要的是，板上鄉民都跟巴拿馬總統有些交情
21,這樣的組合應該超穩的吧
22,小魯周遭同事朋友圈完全沒人在關心
22,很多人聽到我講才知道有這個比賽
22,然後有妹子問我台灣隊有誰
22,我說那個二兵超強小可愛守備大聯盟等級二世大賽型人來瘋打擊四冠王林立攻擊型
22,捕手鞏冠也值得期待
22,結果對方臉黑人問號覺得我到底在供三小
22,都年了大部份球迷還是只知道鋒哥老王
22,欸我說台灣國球不是棒球嗎而且台灣還是主辦國耶
22,對比去年台灣全民瘋世足的盛況
22,臉書堆妹子在轉發梅西照片好多人都哭了
22,我還以為去年世足冠軍是台灣隊勒
23,來源
23,////
23,經典賽首戰巴拿馬
23,中華隊先發打線出爐
23,王柏融扛棒
23,記者吳政紘台中報導
23,中華隊先發打線
23,棒鄭宗哲二壘
23,二棒林立
23,三棒林子偉右外野
23,七棒江坤宇游擊
23,八棒高宇杰捕手
23,九棒陳傑憲中外野
23,先發投手胡智為
24,如題啦
24,阿肥晚點會看球賽啦，
24,想說如果中華隊輸球定會很難過，
24,那如果等等先去買運彩買巴拿馬贏球，
24,這樣不就輸贏都快樂了嗎
24,有沒有中華隊輸贏都快樂的卦啊
25,備註請放最後面違者新聞文章刪除
25,媒體來源
25,聯合報
25,記者署名
25,蘇志畬
25,完整新聞標題
25,荷蘭首勝敲關鍵安川普感謝阿魯巴家人應援
25,完整新聞內文
25,荷蘭隊今天在世界棒球經典賽以擊敗古巴隊，第場比賽就旗開得勝，捕手川普
25,敲出擴大領先的關鍵安打，他感謝在阿魯巴群島的家人熬夜為自己加油
25,荷蘭與古巴前局以戰平，局下荷蘭先靠著帕拉修斯的安打敲
25,回超前分，接著川普在出局二三壘有人時再敲出安打，帶有分打點，荷蘭隊就此領先
25,到最後
25,荷蘭隊總教練穆倫斯表示，能夠贏下第場比賽很重要，球隊吞下
25,定心丸，中間遇到幾次狀況，也有非常好的守備化險為夷，幾位球員都有敲出安打，其中
25,川普那支安打很關鍵，才能夠拿下這重要勝
25,來自荷屬阿魯巴群島的川普則說，當地時間是凌晨點，但全家人都起為我加油，很
25,高興有這個機會代表荷蘭參賽
25,川普也說自己選球不算很好，擊中球帶點幸運成分，
25,這支安打很重要，但前面的打者也都很重要，才能夠適時得分
25,荷蘭先發投手布洛克雖然第局就投出次四壞，但最終投完局只掉分
25,，穆倫斯表示，對他有足夠信任，因為用球數偏多所以比較早退場，之前他的手臂有些
25,傷，今天對他對我們都很重要，能夠展現能耐，沒想過換人
25,古巴隊總教練強森則是，比賽過程很拉鋸，雖然輸掉比賽，但不到
25,警訊，只是打擊需要做些調整，比賽才剛開始，明天是新的天有新的比賽，切還
25,沒結束，剩下三場比賽，每場都很重要
25,迪斯派賽前練習因身體不適，今天未能出賽，強森表示，在得知
25,相關訊息後，也經過醫生評估，不勉強選手出賽
25,完整新聞連結或短網址不可用等轉載媒體
25,//////
25,備註
25,我川威武
26,小弟阿球啦
26,如題等等晚上七點中華隊第戰打巴拿馬啦
26,等等不知道該吃什麼配比賽
26,能請各位大大給點建議嗎
26,喔對了如果中華隊第輪全勝以下每推發
26,發到樓
26,大家幫中華隊加油賀姆賀
27,正在台中洲際啦
27,幹，現場妹好多喔
27,堆穿超辣的妹走來走去
27,現場也很多整團的學生來看球
27,他們看到這些妹，穿這樣，可以嗎
27,總之
27,等等就要開打了
27,現場有鄉民要相認的嗎
28,新聞雲
28,記者朱祖儀綜合報導年月日
28,中華隊贏球就吃雞排
28,經典賽祭品文懶人包來了他發千份最多
28,世界棒球經典賽今晚時中華隊迎戰巴拿馬，派出胡大哥胡智爲掛
28,帥先發，各界都相當關注，期望能幫忙集氣讓中華隊前進東京巨蛋，也有公眾人物及店家
28,發出祭品文，表示只要中華隊勝利或是晉級，就發雞排或是其他餐點，截稿前已有篇祭
28,品文
28,小商人
28,網紅小商人在上個月就發出祭品文，表示只要中華隊晉級到東京，就願意發份雞
28,排，尻對方支全壘打加碼份
28,另外，關心棒球的他也在臉書發出多篇文章，笑
28,說看新聞說經典賽球員的簽名球，吳念庭的已經賣完了，我建議試試啦啦隊的簽名照，
28,不要說賣完，現在是講翻桌率翻多快了
28,///
28,▲小商人喊話中華隊晉級到東京，就要發千份雞排
28,圖翻攝自小商人臉書
28,洪孟楷
28,國民黨立委洪孟楷也在日發文表示，只要中華隊在每贏場，就會發份雞排，晉級
28,複賽到東京再加碼份，如果路過關斬將，最多會發到份雞排，讓我們看好球
28,大聲應援守護主場期待吃美味雞排
28,///
28,▲洪孟楷說，中華隊贏場發份雞排
28,圖翻攝自洪孟楷臉書
28,風堂
28,為鼓勵台灣球迷參與經典賽，拉麵店風堂也推出活動，指出從月日起，每場中華隊賽
28,事開打前，臉書粉專和都會發出祭品文限時動態，只要當日比賽結果有達到祭品文條件
28,，除了風堂中山店及美食街店舖之外，隔天到全台風堂店鋪都可不限金額消費，憑
28,限時動態截圖換相對應贈品
28,另外，只要中華隊成功打進東京複賽，月曾填寫過門票抽獎活動者，以及月曾到店
28,消費填問卷者，都可以抽拉麵護照，只要抽中就可享年免費吃多碗拉麵，月日將
28,抽出中獎幸運兒
28,///
28,▲風堂也推出祭品活動
28,圖翻攝自風堂臉書
28,連鎖飲料店也推出活動，只要中華隊每贏場，全台門市都將送杯免費飲
28,料，勝送青龍茶王，二勝送荔枝金萱烏，三勝送加料奶茶，珍珠蒟蒻椰果粉粿
28,西米露仙草種料擇，四勝送甘蔗四季春
28,備註
28,要雞排不要鍋貼~
28,雞排不切小辣~
28,////
29,我先來個簡單的張育成應該在三棒
29,大王在四棒其他照舊
29,這樣才可以發揮打擊最大化吧
29,張育成又不算大棒
29,應該不需要排在四棒
29,鄉民覺得咧
30,台灣黑社會聚餐都可以了
30,世界級的沒道理辦不到巴
30,入場也安排個旗袍妹夾道歡迎
30,保證各國代表隊爽死
30,台灣黑道可以從政組頭可以買球隊
30,幫派辦個應該也是很合理
30,再弄個官方球版給他們獨家經營下去
30,到時錢像下雨樣的來
30,保證屆比屆辦的更豪華盛大
30,各位鍵盤球評同意嗎
31,世界棒球經典賽組小組循環賽今天正式開打
31,第場比賽祖國荷蘭以擊敗紅色閃電古巴
31,第二場比賽巴拿馬台灣
31,台灣運彩看好台灣獲勝不讓分的賠率只有
31,魯叔買台灣贏分賠率
31,大家買運彩了嗎
32,小魯妹邊看電視邊等開打
32,看到電影台在播以前愛看的當兵系列
32,這個畫質也太好了吧
32,跟以前完全不樣
32,///
32,///
32,第四台數位化快十年了是不是終於有進步的感覺了
32,有沒有八卦
32,然後廣告好像變更多了每次都以為要進正片了又給我繼續播廣告
33,星期五
33,二場都剛好
33,想要幫中華隊加油
33,但日本又有大谷又是世仇
33,感覺定很精彩
33,大家要選那場看呀
33,卦
34,偷改隊名成台灣隊
34,剛剛在看中華隊巴拿馬的經典賽
34,裡面轉播主播，現場觀眾，啦啦隊
34,都是喊中華隊
34,也喊很多年了
34,怎麼近幾年，小弟發現三立自由好像會偷改隊名
34,可能採訪球員，教練，主播的時候
34,採訪對象講到中華隊
34,然後三立自由的新聞稿就自動變換成台灣隊
34,這是什麼意思
34,有沒有偷改隊名的八卦
35,現在王建民上了啦
35,不過為什麼是在捕手那個位置
35,難道王建民轉捕手了嗎
35,不過有上中華隊應該就有靈氣加成
35,今天很穩了吧
36,小魯弟身旁很多棒球迷
36,想問下新竹狂熱棒球迷現在看到在台中舉辦
36,心理在想什麼
36,有掛嗎
36,新竹市長太爛不積極爭取辦在新竹
37,所謂台血，至少是台灣土生土長的孩子，
37,為了些夢想跟理念，出鍋築夢
37,然而很殘念的是，某些人領了藍本跟接受資本主義就變得臭不拉基的
37,藍本跟資本主義有啥錯
37,當然沒錯，臭酸掉的是人，不是有形物或無形概念
37,台血美國人，會支持還是美國呢
38,如題
38,運彩也覺得中華隊勝率高，
38,是不是看來穩了
38,今天中華隊投打是不是都令人舒服
38,巴拿馬瑟瑟發抖
38,掛
39,黨媒也只能這樣精神勝利法而已
39,還記得東奧時
39,直要全面執政的黨用台灣隊的名義去參加
39,結果咧
39,還不是樣用中華隊
39,///
40,///_
40,///
40,地球軍巴拿馬之戰首次登場的
40,機動戰士攻擊刃配色怎麼跟中華隊樣
40,攻擊刃第批次還因為趕著大量生產
40,連防護都沒裝
40,有沒有相關八卦
40,這會是巧合嗎
41,備註請放最後面違者新聞文章刪除
41,媒體來源
41,三立新聞網
41,記者署名
41,蕭保祥
41,完整新聞標題
41,經典賽台灣隊出戰
41,李維拉開球王建民蹲捕
41,完整新聞內文
41,年世界棒球經典賽組日晚間在台中洲際球場進行台灣隊與巴拿馬比賽，副總統賴清德
41,中華棒協理事長辜仲諒台中市長盧秀燕等人出席，與賴清德擔任開球來
41,賓，王建民擔任接球捕手接住李維拉的球
41,總統蔡英文用影片方式給予祝福，期待台灣隊捍衛台灣主場，，挺台灣
41,完整新聞連結或短網址不可用等轉載媒體
41,////
41,備註
41,感覺王建民開球完想跟李維拉交流，可是直在拍照
41,不知道李維拉會不會覺得自己難得來台灣，還要直拍照沒意義，他應該也想和王建民聊天
41,，畢竟十幾年沒見面了
42,日本人看到中華隊先發名單投手名字不是王建民
42,應該整個日本島國包含大谷本人都鬆口氣吧
42,當年整隊被王建民震撼教育
42,那顆卡特球應該光想到就不寒而慄吧
42,有卦
43,ㄧ壘有人短打打成雙殺
43,前面局二壘有人不短打
43,打個鳥界外高飛
43,這麼多年了基本功還是不行
43,每次看都很抖欸
43,能不能穩點啊
44,本魯剛剛看的比賽，發現啦啦隊的衣服是藍色加白色，為啥不是綠色嗎
44,綠色不是主流的顏色嗎
44,怎麼啦啦隊會選藍色和白色呢
45,"經典上開打,本該不缺席的新竹棒球場,結果因為球場亂蓋,導致無法符合大聯盟標準"
45,",棒球場還長香菇,世界奇觀"
45,",結果公務員怎麼都還沒被抓去關,瀆職是重罪,至少抓起來關個年再說吧"
45,",億打水飄,這些人真過份"
45,"新竹棒球場亂蓋,公務員都沒事嗎"
46,剛剛打開想看經典賽直播
46,發現有四種視角
46,///
46,主視角就是很般的視角
46,投打對決就不多說了
46,但是有另外兩個視角分別是台灣加油跟中華好棒
46,中華隊防守時
46,///
46,中華隊進攻時
46,///
46,感覺底下兩個視角都看不到球或球員
46,是真的懂還是假的懂
46,有沒有掛
47,熱身賽打中職土投
47,中華隊每個都安打全壘打分數直刷
47,正賽人家跟你玩真的樣打不出來
47,是不是以後不要吹的太早
47,熱身賽看看就可以了
47,有沒有八卦
48,經典賽
48,中華隊爆滿
48,看棒球前面的站起來如何處置
48,有沒有卦
49,如題啦
49,中華隊是沒投手了嗎
49,控球飄成這樣不換人
49,是不是沒投手要省點用
49,掛
50,如題，就是阿
50,肥宅我八點半還沒吃晚餐
50,想邊吃晚餐邊看中華隊
50,各位有什麼推薦的嗎
50,有卦
51,剛剛啊看
51,看著看著，又想到之前鄉民的文章
51,本來不在意的結果看了看發現
51,這次居然不是反指標了怎麼辦
52,正在的各位安安阿~~我就那個心齋橋哥啦
52,不得不說啦，韓國在推廣以及製作自己的演藝文化真的是強
52,從以前的到紅遍全球的，現在還給你出個
52,各大平台整天都在那邊，全世界的人爭相模仿這樣
52,你不得不佩服他們的行銷功力
52,最近台灣比較少新的團體出現了，我們就趁全球面對同樣的問題組團
52,"看起來有那種""新""的意思"
52,大家覺得組這團有沒有噴
52,瓜
53,大家豪
53,經典賽中華隊的總欸啦
53,林岳平
53,生涯代表作是對決爪爪
53,最後振臂叫囂氣得我們金戰士陳致遠可能因為聽不懂洋將垃圾話
53,度衝回去想拿翻譯機
53,我們的餅總離場前還順便比割喉
53,氣得百萬爪迷全體動員圍巴士
53,看過爪迷圍巴士的都幾歲了還是當年也有參與
53,可現身說法
53,///
53,_
53,有沒有餅總的八卦
54,運動常常有氣的問題
54,很多選手會傷停上廁所拐氣
54,中華隊現在去拐還來的及嗎
54,真的是客家換投手_
54,定要用好用滿
55,中華台北目前輸分了但不要太傷心賽前就知道這投手名單真的沒有個可以期待的嘻
55,嘻這屆看日本隊的比賽實在齁投手都又帥又強大家放寬心啦
56,慘案
56,話說投手教練可以熱身完自己投嗎
56,應該沒這限制拔
56,有沒有八卦
57,這屆中華隊最強的陣容
57,被外媒稱為史上最強
57,林襄峮峮帶隊
57,現在中華隊陷入劣勢
57,要上場比賽壓制巴拿馬打線了沒有
58,比了
58,看不看的到台灣對上日本啊
58,感覺涼了
58,大家覺得看得到中華隊遇的到大谷翔平嗎
59,如題
59,中華隊在熱身賽以全勝之姿進入到正式的比賽
59,結果才第場而已就露出原型
59,打者打擊不連貫投手控球不穩
59,是不是在熱身賽過太爽到了正式比賽直接烙賽
60,這次經典賽
60,本人支持的是日本隊
60,結果身旁朋友知道
60,就酸說不愛國的行為
60,我搞不懂欸
60,就算經典賽辦在台灣
60,也不定定要支持自己國家吧
60,為什麼不支持中華隊就是不愛國
61,努提~
61,終於開打了~
61,運彩今天開盤我就趕快去買
61,買了巴拿馬~結果被旁邊的人罵不愛國
61,我好傷心喔~~
61,早知買中華了~還可以被人家誇讚愛國人士
61,大家覺得呢~我是不是不愛國
62,如題
62,前幾個月看完世足
62,到現在還是覺得很感動也熱血
62,各個都有機會
62,還能看到老將最後舞
62,反觀
62,過程不是無聊就是被虐
62,這就是世足這麼受歡迎的原因嗎
63,朋友發問
63,現在中華隊那群雜魚是誰
63,這四個以前平常沒在看棒球的都認識
63,現在場上那群雜魚到底誰啊
64,媒體來源
64,記者署名
64,記者王真魚綜合報導
64,完整新聞標題
64,經典賽明開打
64,彭政閔信心喊話讓世界看見台灣
64,完整新聞內文
64,世界棒球經典賽明天點燃戰火，在台灣舉行的組賽事率先開打
64,中華隊晚間點對
64,戰巴拿馬，打擊教練彭政閔透過粉絲團為中華隊球員信心喊話，現在開始大家能夠目標
64,致團結力量捍衛主場，讓世界看見中華隊，讓世界看見台灣，加油
64,經典賽明天開始將連五天舉行場賽事，中華隊必須在組取得前名，才能打進前強
64,前進日本東京
64,明天首戰將交手巴拿馬
64,巴拿馬已在昨天揭曉先發投手，由梅西亞
64,打頭陣對戰中華隊
64,彭政閔透過彭政閔後援會粉絲團送給大家段話，很快的世界棒球經典賽即將開始
64,，從月日開訓到今天已經天，終於在明天月日即將開打整個團隊的付出與努力，
64,到現在歷歷在目點滴在心
64,不管看好或不看好，批評或支持，彭政閔說，都希望從現在開始大家能夠目標致理
64,念相同把心繫著起團結力量捍衛主場邁向東京前進邁阿密，爭取最高的榮耀
64,，讓世界看見中華隊，讓世界看見台灣，加油
64,完整新聞連結或短網址不可用等轉載媒體
64,////
64,備註
64,各位有看到台灣了嗎
65,///
65,講錯了啦是比
65,開幕戰才第四局就這樣出師不利
65,唉地獄豬首秀都表現得比中華隊好
65,加油中華隊嗚嗚嗚還能起舞嗎
65,然後第四局還沒結束就點了
65,哩現場的人隔天免上班
65,太神了吧
66,這個中華隊捕手
66,今天隱形失誤不少哀
66,多掉好幾分
66,如果巴拿馬總統有看比賽
66,應該頒發榮譽市民給他
66,我都想好賀詞了
66,"""功在巴拿馬你是我兄弟"""
67,目前比賽看下來
67,這次的巴拿馬口味鍋貼是可以準備開吃了
67,看到這種比數
67,那二兵張育成會不會後悔回來打這次的經典賽
68,大聯盟選手可以參賽
68,每個國家都好幾個大聯盟好手
68,台灣野手也有
68,但是投手沒有王曹那種等級
68,打不贏也是預料中的吧
68,你各位只要想著
68,我們啦啦隊慘電對手
68,就可以釋懷了
68,所以我決定專心看啦啦隊
68,我是不是很聰明
68,有掛嗎
69,嘿嘿
69,各路城志晚安喵
69,是小弟妹我啦公館小喵喵是也
69,今年處男小公貓
69,那個我發現我怎麼才剛回到家而已
69,中華隊怎麼馬上就分落後巴拿馬啊
69,◢▆▅▄▃崩╰〒皿〒╯潰▃▄▅▆◣
69,小喵喵我雖然還是個小處男
69,但如果我以後結婚生子
69,應該要讓我兒子先學哪種投球球種
69,才能振興中華隊的實力呀
69,各位肥宅們有哪些好的建議
69,好希望中華隊可以路贏下去啊
69,喵嗚嗚嗚
69,今日/第篇問卦
69,☺☺☺
69,附個圖
69,///
70,話說每次體育賽事來說
70,只要練習賽或熱身賽中華隊定成績光宗耀祖
70,但每次到正式比賽馬上被打回原形
70,不是技不如人而是心理素質奇差無比
70,或是會犯下些低級的錯誤不戰即敗
70,心理素質差要怎麼克服啊
71,雖然我們台灣隊在熱身賽拿下全勝
71,可是熱身賽顧名思義就只是在熱身調整的比賽
71,台灣隊拿下熱身賽全勝聽起來好像很屌
71,但會不會只有我們台灣隊在認真打
71,其他外國的國家隊根本只是在休閒打
71,甚至只是在做打擊訓練課程
71,例如第個打席的任務是打出右外野飛球出局
71,第二個打席要打出二壘方向滾地球
71,看似好像出局了很廢，其實他們可以隨意的控制打擊的方向
71,我們只看到台灣隊熱身賽全勝，但我們是不是把事情看得太單純了
72,年日棒球迷在現場看，了
72,請問中華隊只要出越位大招就能逆轉勝，
72,是嗎
72,如果平局是不是要九宮格大賽
72,有這方面的卦嗎
73,卡達是上屆世足主辦國
73,也因為這樣才有機會在國際舞台上
73,跟流各國豪強比賽
73,經典賽主辦國在我們這
73,雖然世界積分排名很前面
73,但是國際賽輸多勝少
73,卡達分組賽可以說是陪公子練劍
73,球門被踢爆
73,中華隊經典賽對上分組最弱的巴拿馬
73,也是被吊起來毆打暴揍
73,這樣卡達比較慘還是中華隊啊
74,只掉分時不換李振昌現在爆了分才在李振昌
74,年那次對日本也是爆到無以復加了才派曹錦輝
74,有沒有快年過去了傳統都維持地很好的八卦
75,看到現在
75,我已經放棄中華隊奪冠的念頭了
75,不過
75,起碼要打贏中國隊吧
75,今年中華隊打的贏中國隊嗎
76,王建民看到今天的中華隊被打爆
76,想到當年經典賽對付日本明星隊，投了局沒失分
76,有沒有王建民看到現在情形在想啥
77,先抓戰犯啦
77,小玉，滿壘滾地
77,二兵，三振
77,高宇杰，直漏球，短打不跑
77,拳
77,誰才是今天戰犯啦
78,萬年不變的球衣看了就無言
78,萬年必吃的鍋貼，不吃就不是熟悉的
78,每次都唱什麼再出發
78,我看這次也可以唱燒肉粽吧
78,以前某次國際賽，我們中華隊不是也唱過嗎
78,呵呵，不意外
79,如題啦如果用熱身賽戰績來看中華隊應該很穩其他隊只有競爭分組第二的份結果目前
79,正賽被預測為組最弱的巴拿馬打了個攻守俱崩因為熱身過了頭
80,棒球之神喬丹曾經說過
80,比賽從九局下半兩出局後
80,才正式開始
80,所以你各位先別急
80,中華隊九下準備認真追分
81,年世界盃
81,張誌家本來只是個中繼
81,後來發現他投的比先發好
81,轉先發後對南韓完投失分
81,對日本完投完封拿下季軍
81,進中華隊前還是業餘的
81,身為日棒球迷
81,除了王建民就只記得他了
81,當年贏日本南韓真的爽
81,今年我們有什麼有名的投手嗎
82,備註請放最後面違者新聞文章刪除
82,媒體來源
82,自由
82,記者署名
82,陳建志
82,完整新聞標題
82,經典賽李維拉獲贈台中太平藍染領帶當地鄉親與有榮焉
82,完整新聞內文
82,///
82,前洋基守護神李維拉左昨天到台中，台中市長盧秀燕右致贈太平的客家藍染領帶
82,給他，讓當地居民與有榮焉
82,記者陳建志翻攝
82,記者陳建志台中報導年世界棒球經典賽組預賽今天在台中開打，美國職棒名
82,人堂球星洋基隊傳奇守護神李維拉應邀擔任開幕戰開球嘉賓，昨天
82,與夫人抵達台中，為表彰史上第位全票通過入選美國職棒大聯盟名人堂球星對台中舉辦
82,世界棒球經典賽的貢獻，台中市長盧秀燕特別頒發榮譽市民證書及獎章，還致贈在地台中
82,太平的客家藍染領帶絲巾，讓當地民眾與有榮焉
82,盧秀燕表示，經典賽台灣隊牛棚教練王建民過去效力美職洋基隊時期，李維拉擔任救援投
82,手，以精準犀利的卡特球為球隊守下場又場的勝利，成為最知名的棒球守護神，身為
82,主辦城市市長及球迷，很高興代表市府及全體市民歡迎李維拉等來賓來訪，並頒發榮譽市
82,民證書及獎章
82,現場除準備枇杷火龍果茂谷柑葡萄等台中在地的水果讓李維拉品嚐，更挑選太平藍
82,染領帶及絲巾，送給李維拉和他的家人，獨特風格的客家手工藍染讓李維拉驚豔不已
82,水源地文教基金會董事長葉晉玉今天表示，大地震後，帶領太平頭汴坑客家居民種植
82,藍染原料植栽，並推動藍染工藝，經過多年的耕耘，近年接連獲獎，讓此項客家工藝在
82,國內外場合發光
82,特別介紹這次送給李維拉的領帶，是以縫染的方式製作而成，白藍相間
82,的圖案相當活潑，非常適合他，很高興能將居民手工製作的工藝品送給國際棒球界知名的
82,傳奇球星
82,完整新聞連結或短網址不可用等轉載媒體
82,/////
82,備註
83,跟棒球版的堆迷迷戰真的很好玩
83,就跟他們說中華隊還有到名的
83,連義大利都比不過
83,他們還是顧左右而言他
83,明明每次都這麼爛
83,結果還是照三餐討論日韓美
83,好像台灣跟他們是同個層級樣
83,但明明就不是連什麼義大利這種國家都輸
83,歷屆哪屆打得好
83,戰績都是敬陪末座
83,講到現在也只有年那場淚目之戰可以拿出來
83,這就好像我挺台藍直在討論美國法國西班牙賽爾維亞誰比較好贏樣
84,如題
84,不管中華隊贏球還是輸到脫褲
84,啦啦隊只要配合下當下的氣氛
84,跟著嗨或是裝個哭哭臉
84,永遠可以是最大贏家啊
84,只要看得懂比分，感覺路順遂欸
84,有沒有啦啦隊才是整場最大贏家的掛
85,如題
85,是這樣子的看中華隊熱身賽得分效率
85,這麼高我就無腦壓大分，相信中華隊
85,會暴打巴拿馬，可四目前看下來中華
85,隊要拿分都難，是不是只能期待巴
85,拿馬打爆中華隊了
85,※八卦板務請到檢舉板實名詢問
85,※張貼問卦請注意，充實文章內容
85,是否有專板
85,，
85,本板
85,"※天只能張貼"""
85,三則
85,"""問卦，"
85,自刪及被刪也算三篇之
85,※超貼者將被水桶，請注意
85,※
85,本看板嚴格禁止政治問卦
85,，
85,發文問卦前請先仔
85,※
85,未滿繁體中文字水桶個月
85,※
85,未滿繁體中文字水桶個月
85,※
85,未滿繁體中文字水桶個月，嚴重者以鬧板論
85,，請注意
85,※↑看完提醒請刪除
86,剛剛啊看到巴拿馬的表現
86,已經被巴拿馬國家隊圈粉了
86,看到後面也不自覺幫巴拿馬加油了
86,大家怎麼看
87,安安，我老魯啦，又老又魯
87,老魯看世界棒賽也有餘
87,每次中華隊的走勢就是開始好像勢均力敵，
87,中間突然被打爆，醒過來下，
87,偶爾幾局攻佔得點圈，然後分作收
87,就這樣慢慢的打到最後，輸球
88,球類運動本來就是靠兩個天才在撐
88,王建民曹錦輝郭泓志陳金鋒等
88,最近年個人才都沒有星
88,中華隊沒明星就是併被宰爽的
88,有沒有中華隊這次會連敗的八卦
88,明知道會被電還去舉辦嫌錢太多
89,剛剛看新聞採訪個路人有個都支持中華隊
89,但是中華隊的實力大家心照不宣
89,會不會跟何金銀的朋友們樣雖然精神上支持但是身體還是都買大師兄贏
89,大家嘴巴挺中華隊會不會手上的票券都是全押巴拿馬
90,只要打國際賽
90,就是感覺怕怕的
90,投球也怕
90,打擊也想很多
90,又不積極
90,真的是民族性嗎
90,我就怕被罵
91,林襄呀
91,賭魔陳金城跟巴拿馬總統有些交情
91,陳金城又時不時的抽雪茄
91,///
91,看到抽菸就想到林襄所以戰犯是林襄
91,得證
92,如題
92,本屆第分
92,但還落後分
92,請繼續加油
92,雖然我覺得可能要了
92,看來大餅跟小玉要扛了
93,狂賀
93,宇宙最強中華隊分了
93,該怎麼慶祝
93,爽死等等打電話跟老闆說明天請假
93,明天請天假去黑皮
93,大家有什麼建議的地方可以瘋狂慶祝嗎
94,不是啊
94,狀況看起來就不好
94,上去還是球來就打然後史密達
94,是趕下班回家睡覺是不是
95,各位熱愛棒球沒有棒球就會吃不下飯睡不著覺的觀眾捧油
95,大家好搭給厚胎嘎厚
95,中華隊漸入佳境
95,大家來猜猜看揪竟臺灣巨砲陳金鋒鋒哥要藏到第幾局才會上場代打逆轉勝
96,安安各位豬哥嘌你們在看精點女孩吧
96,想問顆顆鍾每次都說穩有兩種
96,請問中華隊現在局勢哪種
97,蔡英文現身洲際棒球場棒接棒力挺台灣隊
97,民視新聞網游明哲
97,世界棒球經典賽組預賽今日在台中洲際棒球場點燃戰火，台灣隊在晚
97,間時迎戰巴拿馬，副總統兼民進黨主席賴清德台中市長盧秀燕等人，都到場替台灣隊
97,加油，總統蔡英文晚間也現身力挺台灣隊
97,經典賽，組預賽晚間在台中洲際棒球場登場，台灣隊對上巴拿馬，晚間開球的部分除
97,了副總統賴清德名人堂球星李維拉投球外，恰恰彭政閔台灣之光王建民擔任捕手
97,蔡英文晚間也現身為台灣隊加油，她透過影片說到，睽違十年，世界棒球經典賽的
97,分組賽，今年再度回到台灣舉辦，大家定都非常興奮
97,棒球精神，跟我們台灣精神樣
97,，面對挑戰，我們都會用盡全力，棒接棒，球接球，團結拚到最後
97,我們起和
97,台灣隊奮戰到最後刻
97,今晚，台灣對上巴拿馬，我們起祝福台灣隊，成功捍衛台灣主
97,場
97,挺台灣
97,挺進東京前進邁阿密
97,/////
98,中華隊也太慘了吧，才第場诶
98,是不是他們沒有用訓練的關係阿，如果用訓練就能抓到手感吧
98,怎麼防守，怎麼打擊
98,現在也不貴阿，用訓練加上實戰很難輸吧
98,訓練也很簡單，直接把前名選手資料輸入進去訓練
98,這樣怎麼輸
99,每次在國內吹噓結果都打那麼爛吸引堆瞎妹腦迷吹捧死忠迷是不是都以為中華隊是世界最強
100,是否有專板
100,本板並非萬能問板
100,三則
100,他媽的
100,王柏融碰到得點圈就打成這樣
100,我們中華民國投注那麼多資源在你身上
100,怎麼不去死死啦
100,隔壁老王很愛國，把他的身家都押在中華隊了
100,結果打出這種成績
100,我只是替他討公道的
100,大家
100,八卦板就是要這樣用的
100,請注意天只能發三篇問卦帖
100,天最多發五則帖子
101,罵的才差分
101,中華隊逆轉吧
101,才差分
101,中華隊給你逆轉啊
101,每推Ｐ發個
101,罵的給我逆轉啊
101,大家快來集氣啊
101,用力推大力推
101,後面團結點先不要發文了通通給我來這篇
101,每推Ｐ發千個啦
101,大家快來集氣啊
102,即使鋒哥退休好幾年了，但只要看中華隊的比賽
102,還是會很懷念這位永遠的台灣巨砲
102,想到前幾年中職刷彈力球刷爽爽的時候，迷迷們還吹捧小玉比鋒哥強很多
102,結果今天截至現在，斷在小玉攻勢上的殘壘已經好幾次了
102,所以小玉是不是連鋒哥的車尾燈都看不到
102,有沒有鋒哥安定感很難讓人超越的八卦
103,約四年前我們出了個屠殺台灣職棒聯盟的四割男
103,火力之強當年還被球迷質疑用球太彈
103,然後年
103,他說為何不願承認打者進步
103,時光飛逝
103,剛剛他急躁出棒
103,直接三遊前鳥飛自殺
103,中華隊兩個壘包子彈泡湯
103,我們再來回味下
103,///
103,///
103,///
103,請問有當年承認打者進步很難的八卦嗎
104,投手上來練球，直送壞球
104,總教練很有耐心，給他三個打席調整
104,也給打擊好幾次的機會
104,捕手球都接不到可以繼續蹲，繼續打
104,板凳攻擊性捕手不敢用
104,這個調度，今天應該是熱身賽而已吧
105,短期賽事就是比誰投手強
105,沒有王曹郭等級的
105,是不是就無法壓制等級以上的打者
105,投手也不是說投不好
105,對方就是能來發大的
105,雖然野手排開來不錯
105,明顯斷層那兩位就不說了
105,這樣局爆大比分
105,任隊都追不回來吧
105,有投手不夠大物的掛嗎
106,上次經典賽中華隊被以色列
106,輸荷蘭
106,輸韓國
106,打得非常慘烈，但感覺當時至少兩場可以打到後面
106,經典賽中華隊有比這次強嗎
107,阿肥家平常訂的電視頻道版權問題，
107,看不到轉播啦，
107,索性今天訂了運動館，
107,想看愛爾達的轉播，
107,家人也都很期待今天的賽事
107,看到現在，
107,各種守備美技，
107,都快變成巴粉了
107,有沒有剛訂運動館的人在想什麼的卦
108,沒有次看中華隊打成這樣的
108,要什麼沒什麼狂出包打得有夠像系隊
108,不知道今年季前賽王者富邦整隊帶去打
108,打得會怎麼樣
109,幹幹幹
109,是不是要請大檸檬幫忙檢查下中華隊的手套
109,幹
109,接個球都會滾出來
109,都漏幾球了
109,這破的洞大的很吧
109,用這種爛裝備比賽公平嗎
109,幹
109,卦
110,餓死抬頭
110,今天賽事，聽說現場我們主場
110,打打巴拿馬的比賽，
110,好區門票還有到的
110,但看現場比賽是吃氣氛臨場
110,而且你所在的位置，
110,這個視角就是得固定看完全場
110,如果比賽過程很慘
110,甚至結果不如預期太多
110,不就有種票錢放水流的嘔血感嗎
110,"當然還是希望最後我們,"
110,能夠贏巴拿馬啦
110,但萬不幸輸掉，
110,這樣會不會其實把省下來
110,開個看連結
110,或是看愛爾達，除了觀賽多視角
110,不要去現場買氣受還比較開心
110,也不算銅板價
110,至少可以買些好料邊吃邊看吧
110,"是說,有多出來的"
110,各位八卦宵夜系專家，
110,通常會買什麼好料來吃呢
110,有沒有特別好料的八卦，
110,分享下，感恩
111,蛤
111,什麼
111,聽說今天中華隊在上課
111,教師叫什麼巴拿馬的
111,上了五節課就被噹到爆
111,剩下的四節課怎麼辦
112,看到中華隊這種表現真的會吐血
112,如果鄉民組團下去代表中華隊
112,會不會打的還比中華隊好
112,有沒有八卦呢
113,經典賽各國都是最強的出來
113,應該被的機率不高吧
113,有發生過嗎
113,還是就快要發生了
113,回答的出來嗎
114,中華隊對得起現場名台灣線上收看的粉絲嗎
114,日你馬
114,退錢
114,老實講才打到第六局而且還是打巴拿馬，結果打到真的有點難過欸
114,日你馬
114,退錢
115,看看賽前賠率，中華隊小贏
115,應該有不少日球迷小買點支持
115,現在都在想什麼呢
115,三個字，超級可悲
116,再來個三分
116,七局打完就可以早點回去休息準備下場了
116,可是問題是
116,中華隊你明天沒比賽啊
116,早點回去休息沒用啊
117,張二兵被全台球迷攻擊到爆，不打就回來當兵
117,看來張的決定應該是對的吧，浪費春訓時間回來打這種鳥比賽
117,以下開放道歉
118,中華隊直接打包游回來吧
118,從台中港開始游
118,游回各隊主場
118,不要打了浪費大家時間
119,比賽情蒐是很重要的
119,目前打了場
119,分別是
119,荷蘭古巴
119,巴拿馬中華
119,相信大谷翔平都看在眼裡
119,那他現在在想啥
119,可憐吶
120,對巴拿馬球員沒什麼研究
120,反倒是中華隊球員能上場的在中職都算線球星吧怎麼會打成這樣
120,這次被打成這樣是巴拿馬太強還是中華隊太爛
120,唉當年能打的彭政閔林智勝陳金鋒陳鏞基我好想你們
121,人家阿根廷也是世界排名第二啊
121,世足賽開踢前也是連不敗啊
121,結果第場就輸給沙烏地阿拉伯
121,後來精神領袖梅西卻帶領球隊氣氛
121,路連勝到奪冠
121,相信中華隊倒吃甘蔗路挺進邁阿密奪下世界冠軍
122,巴拿馬目前打得中華隊滿地找牙
122,會不會其實巴拿馬是組最強的
122,比荷蘭義大利古巴都強
123,中華隊的球員們
123,你們代表台灣比賽
123,儘管成績不如意
123,但你們已經很棒了
123,今天看到你們盡力的樣子我們已經很滿意了
123,別管那些只想看贏球的球迷
124,第六局還沒打完已經被第十二名的了
124,想問是發生了什麼事嗎
124,中華隊還在讓
124,等等應該要大逆轉了吧
124,是否有專板
124,本板並非萬能問板
124,三則
124,本看板嚴格禁止政治問卦
124,未滿繁體中文字水桶個月
124,未滿繁體中文字水桶個月
124,未滿繁體中文字水桶個月，嚴重者以鬧板論
125,目前中華隊打巴拿馬，六局失了分
125,想到前幾天大谷熱身賽，面對日職轟出兩支全壘打
125,想問如果和日本隊打，會被得幾分
125,///
126,本來今天開打前還在想要不要訂閱下去支持下的
126,看完中華隊的表現
126,看就夠了
126,不用什麼高畫質跟順暢
126,連都不配我花
126,還沒訂閱的免費仔們是不是覺得好險
127,世界排名第二的中華隊，目前，這局個人都沒解決，李維拉看到這場比賽會跟王建民
127,說什麼
127,有沒有卦
128,今天中華隊第戰
128,對巴拿馬
128,開球嘉賓是終結者里維拉
128,和台灣之光王建民
128,照理來說打擊者要故意揮棒落空
128,但如果打擊者突然牙起來
128,夯了支特大號
128,把球扛出全壘打牆
128,會怎麼樣嗎
128,可以跟啦啦隊瘋狂做菜嗎
128,卦
129,如題
129,張育成當初不想回來是不是先知
129,加入這種鳥隊
129,根本浪費時間啊
129,結果被情勒不得不回來
129,可憐的二兵
130,是啞巴嗎
130,投手投壞球就幫他加油啊
130,不然你們去現場看球幹嘛
130,這場完全敗在球迷
130,連鼓勵都不會
130,球迷素質代不如代
130,球員辛苦了
130,您們已經是心中的冠軍
130,大王已經帶我們去日本
130,育成已經帶我們去美國
130,冠軍也娶不到林襄
131,前面看老胡投起來
131,想說巴拿馬也還好吧
131,沒力之後
131,後面沒個壓得住
131,有哪位還看得下去
131,很像又保送了
131,我怎麼說又呢
131,奇怪我是艾連嗎
131,有胡智為蠻強的掛嗎
131,我現在宣布中華隊沒被倒算贏
132,謝謝中華隊成人組
132,讓我們有機會看下屆資格賽
132,讓台灣同志有更多國家比賽可以看
132,也謝謝中華隊小朋友
132,你們的奮戰精神讓台灣世界排名第二
132,讓全世界都知道有個棒球強權小島國的存在
132,有小朋友養成跟成年培育差距的八卦嗎
133,媒體來源
133,記者署名
133,吳政紘
133,完整新聞標題
133,經典賽組戰力評比中華隊僅為今戰巴拿馬絕對不能輸
133,完整新聞內文
133,世界棒球經典賽今日中午正式開打，由組兩強荷蘭大戰古巴揭開序幕，同樣分
133,在組的中華隊，這屆經典賽賽事身為地主國，從今晚出戰巴拿馬開始，日休兵天，
133,日迎戰義大利，日晚場大戰荷蘭，緊接著日中午則和傳統強權古巴隊交手
133,雖然這屆
133,中華隊號召國內外球星組隊，以純本土陣容上場，但外媒分析中華隊戰力
133,評比為，和荷蘭隊評價相同，而今晚首戰巴拿馬評比則是，組中評價最高則是古巴和
133,義大利的
133,不過外媒評比參考就好，棒球比賽可不是比明星多少就行，團隊戰力臨場
133,發揮還有球迷加持的地主優勢，這屆中華隊整合好團隊凝聚力高，從熱身賽全勝就能看
133,出端倪，而且強大的球迷也是中華隊最大的隱形優勢，比賽打過才知道，前進東京八
133,強賽直衝美國決賽不是夢
133,根據日本媒體分析各組實力，中華隊雖然由大聯盟好手張育成林子偉等
133,領軍，還有日職好手王柏融吳念庭宋家豪等聯手出擊，但戰力評比被評為，荷蘭也
133,被評為，只有古巴義大利被評為，而巴拿馬則是，這樣看來，中華隊對巴拿馬，
133,更不可以輸
133,分析內容認為古巴隊實力堅強，尤其有大聯盟好手等金手套
133,等級球星坐鎮，晉級機會大增
133,義大利則是有不少好手退出後，還是組成強大的陣容，
133,的打擊實力依舊不容小覷，被看好是巧打好手，
133,都是長打好手，但義大利的投手陣容較為薄弱
133,荷蘭隊大家並不陌生，是今年跟教士隊簽下年億美元的超級游擊手
133,，其他如等都是台灣球迷不陌生的舊面孔，但
133,荷蘭隊是否可以完整串連戰力，也要看投手群的狀況
133,經典賽預賽轉播時間表
133,古巴荷蘭
133,巴拿馬台灣
133,轉播平台愛爾達體育台愛爾達體育台愛爾達體育台東森電視台
133,轉播
133,完整新聞連結或短網址不可用等轉載媒體
133,////
133,備註
133,巴拿馬是
134,沒看過這種比賽
134,真的有夠爛
134,還好有真香的啦啦隊
134,所以這屆最強的是啦啦隊是吧
135,如題啦
135,今天對上歐巴馬
135,本來滿心期待的打開電視
135,結果卻是強制把晚餐變成鍋貼
135,讓人不禁擔心是不是沒多久中華隊會直接出局
135,今天很多人都表現不佳
135,但是電視機前的各位女士先生
135,這邊有件事要請你們列入考量
135,之前健仔常常輸球
135,中華隊這次也不幸輸球
135,這有道理嗎
135,沒有
135,這根本點道理也沒有
135,各位女士先生
135,你們定要仔細想想
135,李維拉選在這個時間拜訪台灣
135,剛好中華隊就輸球
135,李維拉跟中華隊也沒有任何關係
135,這有道理嗎
135,沒有
135,李維拉跟王建民根本就不是兄弟
135,因為這根本就不合理
135,所以這切是不是其實就是李維拉的問題
135,有相關八卦嗎
136,我記得今年賽前的時候
136,世界棒球經典賽的宣傳海報
136,沒有放台灣的球員
136,被台灣這裡抗議
136,現在看起來
136,中華隊的確是很爛啊
136,有沒有大聯盟官方很準的八卦
137,我日球迷啦
137,中華隊好像快被了
137,想問巴拿馬這支球隊
137,大概什麼等級啊有到小聯盟嗎
137,求解
137,怎麼感覺把中華隊打到變智障
138,///
138,現在
138,六局上
138,所以適用七局以前分差達分規則
138,然後人家現在無人出局滿壘
138,有沒有地主國快被摳的八卦
139,如題
139,今天中華隊投手被打爆
139,而且我們很有自信只帶了位投手
139,還被英文台主播酸說今天會不會投手全上
139,是不是應該派個野手上來投就好了
140,如題
140,中華隊眼見快要落後十分了
140,目前剩下四個半局可以進攻
140,大家覺得這種國際賽事
140,有機會追得回來嗎
141,大家好
141,我台灣中華隊世界第二棒球強國
141,好像再兩分就可以扣倒了被
141,比賽完肚子會很餓
141,大家推薦中華隊吃什麼宵夜呢
141,有卦嗎
142,如題台灣木棒組的青棒豪強有打敗過甲子園聯隊的實績
142,平鎮穀保等強權還被棒球板分析有甲子園爭霸的實力
142,既然現在高中生選秀是顯學為什麼這麼強的高中生不能加強中華隊的競爭力呢
142,為什麼打國際賽還是打的這麼難看咧
143,歹彎郎的節儉性格
143,這次的票外野也要阿
143,但被電成這樣以
143,來說人至少會走半以上
143,歹彎郎都沒離開是因為什麼
143,票價
143,相信奇蹟
143,想繼續幫中華隊加油給力量不離不棄
143,是哪個啊嗚嗚嗚
144,我是說國際賽拉嘻嘻每次到後面幾天都有勤奮的鄉民在那幫忙計算晉級機率
144,如何晉級抓放等等第天看到這場也不錯吧現實就是這屆中華隊投手就是發球機每
144,個能期待的打者普普晉級八強機會就是大家放鬆看球就好
145,如題
145,個出局數都沒抓到的局上半
145,用了三顆投手
145,中華隊的失分來到了位數
145,希望能夠繼續加油
146,中華隊目前被血洗中，賽前巴拿馬可是世界級的超強隊
146,中華隊開始落後正常，最後定能夠逆轉勝，就好像
146,湘北山王戰樣對吧
147,如題啦
147,中華隊的實力
147,放到美國棒球體系來比較的話
147,水準大概落在哪邊
147,有的說~
147,太低估了吧
147,感覺如果實力全部發揮大概~之間
147,有沒有卦
148,幹
148,我道歉
148,我跟智為大哥道歉
148,你真的很猛了
148,真的猛
148,我錯怪你了
148,看看後面這群
149,看來差距已經很明顯了
149,正所謂凡事太盡緣份早盡
149,贏球讓分日後好相見
149,巴拿馬也懂東方這種體貼的文化呢
149,畢竟也是在別人家作客
149,謝謝你們大勝中華隊
150,查自
150,年中華隊對上古巴隊，被古巴以比提早在局結束比賽
150,今天很大機會可以破紀錄了沒錯吧
150,那幾位投手也可以列入史冊了
150,睽違年再創佳績
151,有可能被連四拉四嗎
151,我看這樣子張育成真的不要回來比較好
151,我真的看不下去了
151,齁齁齁齁齁齁齁齁齁齁齁
152,因為知道兩萬人散場很不容易
152,外面崇德路又在施工
152,加上明天又要上班上課
152,所以讓進場的人分流離場
152,六局走點七局走點
152,這樣外面就不會塞車啦
152,有沒有中華隊很貼心的八卦
153,聽說面板報價即將要調漲
153,今天棒球賽中華隊被殺的稀巴爛
153,預期會有大量電視被砸爛
153,所以要買哪家的股票會比較好
154,大家晚安大家好
154,近期即將開打，
154,剛剛打開電視看到巴拿馬對上中華隊
154,比數是巴拿馬中華，這場應該是熱身賽吧
154,請問中華隊正式比賽是哪天開打
155,如題，就是阿
155,現在中華隊在大戰巴拿馬
155,阿落後
155,各位教練們，是你的話要怎麼逆轉比賽
155,有卦
156,今天早就跟女友預告說晚上要看棒球轉播
156,剛剛傳訊息來說想我了問我會看到幾點
156,我回說至少十點後
156,上個半局看中華隊攻下分
156,想說還有戲原本要跟女友說可能會看到點
156,結果現在要被提前結束比賽了是不是幸好沒說
156,有沒有八卦
157,現在中華隊臉要被的感覺
157,如果今天是日本武士被提早結束比賽
157,日本國內會怎麼吵呢
158,之前富邦
158,邦邦雖然是中職墊底的球隊
158,但
158,熱身好像表現不錯
158,可以打敗強敵巴拿馬嗎
159,如題
159,問
159,中華隊打巴拿馬
159,比數慘不忍睹
159,甚至出現堆人說他上去打都比較強
159,不禁讓我好奇
159,如果你是今天的總教練
159,能用什麼戰術扭轉頹勢
160,如題，為喚醒大家的記憶，
160,列出幾場中華隊的光榮時刻，
160,開放大家補充
160,北京奧運屁屁接球
160,///
160,經典賽誰在壘
160,///
160,臺北世大運太陽棠
160,臺北世大運微笑智傑
160,臺北世大運雷弟
160,///
160,世界棒球強賽怠慢跑壘
160,///
161,開始中華隊
161,前面滿壘大局
161,沒有得分
161,現在被打十分
161,是不是放水給巴拿馬總統
161,等等要打十分
161,還在藏
161,是否有專板
161,本板並非萬能問板
161,三則
161,本看板嚴格禁止政治問卦
161,未滿繁體中文字水桶個月
161,未滿繁體中文字水桶個月
161,未滿繁體中文字水桶個月，嚴重者以鬧板論
162,各位洨哥哥洨姊姊，打給晚上好
162,，
162,今天應該算中華民國國球國恥日，
162,那中華隊可以趁這個機會改名叫中國台北隊，
162,把這恥辱丟給，
162,反正中國人本來東亞病夫，
162,讓中國人去招黑，
162,洨魯這個建議很聰明
162,干無八卦
163,如題
163,下屆世界棒球經典賽的資格賽
163,八成會是在台灣打
163,有機會在新竹棒球場開打嗎
163,讓大家起來看看花了億的球場
164,年第二屆經典賽，日韓首場交手
164,日本七局提前結束比賽，韓國
164,結果兩天後，韓國完封日本
164,接著到美國後，韓國又贏日本
164,雖然日本最後拿到冠軍，但是球是圓的，沒有什麼不可能
164,今天就場比賽，大家覺得中華隊接下來三連勝晉級的機會大嗎
165,大家好我是廢宅
165,中華隊投打崩成狗，連雖敗猶榮都喊不出口了
165,感覺教練團調度有很大的問題
165,如果今天換成來調度會有什麼表現呢
165,有沒有八卦
166,最近鬧的沸沸揚揚的新竹球場弊案
166,會不會讓我們中華隊有心魔
166,要是撲下去或是跑太賣力會受傷
166,所以才綁手綁腳讓對手有機可趁
166,有八卦嗎
167,如題
167,沒在關心棒球很久了
167,想說當個日棒球迷
167,結果第場就看到台灣隊被巴拿馬屌虐
167,怎麼會這樣
167,是因為疫情啦啦隊還是不能說的秘密
167,讓台灣棒球隊又軟手了
167,台灣隊怎麼會爛成這樣的
167,有沒有八卦
168,高鐵站塞車了吧
168,等等堆人在門口排隊
168,快去搭帳篷
168,不然票難求
168,張幾千而已
168,但我還是看就好
169,現在巴拿馬對中華隊
169,想請問中華隊打國際賽
169,有史以來輸最多分是哪場
169,輸幾分呢
169,今天有機會刷新記錄嗎
169,謝謝
170,如題
170,台灣的至寶
170,日職育成洋將
170,大王
170,這場也有出賽
170,那日職火腿怎麼看大王
170,有沒有卦
170,卦
171,看日本隊精銳盡出，
171,如果中華隊能有機會贏戰日本隊的話，只要來個逆轟高飛，
171,就能把台灣的棒球帶到世界了吧
171,這是個跟世界宣揚台灣的大好機會
171,如果我們對上日本隊的話，勝率有幾成呢
171,有沒有八掛
172,聽說最近在打
172,剛去查了下什麼是
172,結果才發現打四屆
172,中華台北四屆都有參加
172,共打了場比賽
172,戰績是贏輸
172,然後再打開今天的電視
172,哇才局下就被巴拿馬
172,過了今天中華台北的戰績會變成贏輸吧
172,那過了這個禮拜呢
173,現在鍋貼店都關了
173,想說去小買
173,結果前面堆人拿微波鍋貼在結帳
173,個都不剩
173,能不能留點給我
173,話說我還為了訂了
173,現在退還來得及嗎
174,我日球迷啦
174,明天阿共打日本
174,要面對處男王大谷
174,不出意料也是被虐爛
174,現在中華隊
174,差不多也算被虐爛
174,不過窩悶台灣有個好習慣
174,再爛只要比阿共好就好
174,明天阿共要輸幾分我們算贏
174,卦
175,花了多元買票進場
175,看到中華隊被巴拿馬慘電
175,現場球迷在想什麼呢
175,早知道去吃最頂的還比較爽
175,沒差，本來就是去看啦啦隊而已
175,早點啦，明天還要上班
175,有沒有現場球迷在想什麼的八卦
176,現在摳豆導幫中華隊拍紀錄片
176,喜歡自導自演的豆導
176,自己下場去打
176,應該也會被摳豆吧
177,為了當個隨和好相處的人
177,每當國際賽我都會裝做我也是支持中華隊愛國的球迷
177,跟著朋友同學起為中華隊加油
177,然後看著那些棒球是國球的自嗨廣告
177,中華隊加油好棒棒好棒棒我們定贏
177,但其實我心裡都會想就算贏就是贏個弱隊最多贏個兩場
177,然後在那邊自嗨罷了
177,有人跟我樣嗎
177,內行人都知道台灣的體育國際賽就是廢
177,不單是技術層面民族性本來就是懦弱東南亞病夫
177,不改掉就永遠不可能拿冠軍
178,如題
178,前幾天忘記研究股票
178,想到經典賽才剛開始第天
178,還有沒有概念股來得及買進
178,希望明天買進還來得及
179,你好我瑞斗
179,中華隊等等很高機率被
179,聽說這屆門票貴桑桑
179,平均多元
179,如果結果只能看局
179,會退補差價嗎
179,恩
180,是指投球有球威的這種喔
180,上場就被對方
180,像松阪大輔這種等級
180,就算是中華隊選手被三振
180,也是覺得與有榮焉
180,畢竟不同世界的等級
181,賽前知道巴拿馬本來就強，所以派二線選手出來打消耗戰，其實也合理吧
181,所以把吉力吉撈藏起來，派大王練球，其實是教練團的策略吧
181,那大家在大怒灌什麼
182,台灣作為地主國，理應盡地主之誼
182,傳統美德溫良恭儉讓，我們先讓場，放鬆下組隊伍緊張的氣氛，但也代表之後的比
182,賽我們要認真打了
182,中華隊認真起來的話，其他隊伍會瑟瑟發抖嗎
182,下場開始不藏了認真打爆冠軍狠起來自己都怕狼若回頭不是報恩就是報仇
183,欸欸
183,當初我們家育誠不想打
183,大家直該該叫
183,還叫他不打就給我乖乖當兵
183,事實上最清楚中華隊現況的就是育誠
183,知道這隊跟屎樣根本陪打的
183,以結果論來看他不打完全沒問題吧
183,這屎隊也不可能贏自己打得不好還會掉價
184,我們不到小時就打包回家了
184,今天就算打輸巴拿馬
184,下戰是後天打義大利
184,畢竟是自己家
184,定讓我們玩超過天
184,官方還是很甘心吧
185,是界外耶
185,有沒有巴拿馬五連敗
185,局沒得分
185,中華隊這次是不是穩了
185,有沒有八卦
186,反觀現在中華隊落後不到分
186,現在放棄的話比賽就結束了
186,只有我覺得還有機會嗎
186,現在反打才正要開始
187,媒體來源
187,新聞雲
187,記者署名
187,陳立勳
187,完整新聞標題
187,中華隊首戰太重要
187,贏球晉級強機會大
187,完整新聞內文
187,年經典賽中華隊今天將在台中洲際球場首戰巴拿馬，中華隊派出胡智爲掛帥先發，總
187,計前屆中華隊首戰如果輸球，全部都無法晉級強
187,攤開過去經典賽中華隊屆歷史，中華隊年第屆首場比輸給南韓，第二場比被
187,日本隊提前局扣倒，只有贏中國大陸，分組勝敗遭到淘汰，第二屆年中華隊首戰
187,比輸南韓，後面比輸給中國大陸，不幸遭到淘汰
187,中華隊只在年第三屆打進強，當時首戰靠著王建民先發局，無失分力壓澳洲，終場
187,比擊敗澳洲，分組戰績勝敗進到強
187,第屆年中華隊首戰以比輸給以色列，後面又輸給荷蘭和南韓，預賽戰全敗
187,本屆中華隊擔任預賽地主之，擁有洲際棒球場主場優勢，首戰對上從資格賽打上來的巴
187,拿馬，中華隊推出胡智爲先發，巴拿馬則是有大聯盟資歷的右投梅西亞
187,完整新聞連結或短網址不可用等轉載媒體
187,////
187,備註
188,如題
188,今天被巴拿馬扣倒
188,打得慘兮兮
188,以前聽說有的球迷會圍巴士
188,那今天等下中華隊出來會被圍巴嗎
189,安安
189,各位種花隊的米迷
189,大家都知道巴西主場被德國過
189,現在比賽只要有隊伍擊殺數的時候
189,聊天室都會刷排
189,但就在今天中華隊準備被不是棒球強國
189,的運河國扣倒
189,同樣也都是在主場
189,那請問還是比較慘
189,有掛
190,今天中華隊被巴拿馬血洗
190,小的棒球迷感到十分哀傷
190,希望幫中華隊化悲憤為力量
190,明天應該吃幾顆鍋貼才能致敬
190,顆鍋貼中華隊掉了分
190,顆致敬
190,顆希望那個局的別再上場
190,大家覺得呢
191,"如題,如果把日本塞到組,我們在組，還能夠自爽，畢竟能贏的隊伍都在那了,我們天"
191,花板可能就強贏韓職全明星那次吧
192,補下字數
192,今天對到巴拿馬個凌遲打了好久的比賽
192,終於等到
192,中華隊炸裂囉
192,吳念庭炸裂
193,首場對上認為可以取勝的對手結果落敗
193,球迷震驚不已
193,第二場對上較弱對手輕鬆取勝
193,第三場對上較強對手再度落敗
193,陷入無路可退的局面偏偏最後對上的對手最強
193,第四場將士用命場面肅殺球迷頭上綁必勝頭帶
193,開始落後然後追平球迷激動不已
193,但是局後再次落後幾分
193,直到局攻勢再起追了兩分
193,但是最後反攻機會失手分飲恨留下殘壘
193,球迷惋惜不已不過選手們都盡力了
193,媒體開始雖敗遊龍
193,我看了二十幾年的中華隊大多不脫這個劇本
193,接下來幾場按照這個節奏下注
193,十萬串關能賺多少錢
194,中華隊要吹起反攻的號角
194,逆轉是不是就戰封神了
194,有沒有氣來了的八卦
195,如題
195,我今天跟女兒說中華隊很厲害
195,然後現在已經在睡覺的女兒明天問我我要怎麼回答她
196,如題，
196,台灣打得跟系隊沒兩樣，讓莊家爽賺波，
196,有機會開個三倍吧
196,這樣台彩又再賺波愛國單，大家來猜猜賠率吧
197,中華民國的爛事大堆
197,但是只要檢討，官僚教授就會反彈，嗆，說他們做得不好不公平
197,然後無能的政客就不敢檢討了更不可能改革
197,棒球爛早就知道了
197,但是要檢討就嗆不公平
197,最後就是不了了之，永遠不可能改革
197,只要遇到國際賽，中華民國的爛就現形
197,但是國際賽打完繼續關在軟爛的中職舒適圈自我感覺良好
197,反正就跟上班打混的員工樣，混下班也有錢領
197,保證打完就陷入默哀幾天又繼續擺爛的無限迴圈
197,這個迴圈我們已經經歷太多，已經累了
198,如題
198,這次的總教練餅總林岳平
198,是年實現奇蹟大逆轉的冠軍教練
198,但那次對手兄弟的總教練是丘哥丘昌榮
198,不是林威助
198,隔年兄弟換林威助上來以後
198,總冠軍樣打統結果餅總直接被直落四橫掃
198,甚至去年總冠軍又是四連勝直接橫掃樂天
198,如果現在總教練換上短期賽不敗的威助
198,還有希望嗎
198,有沒有卦
199,安安安安安
199,剛剛中華隊點了個短打上到壘
199,導播有短暫的切到壘幾秒
199,那個跑者後面的壘審眼睛瞪超大的
199,不知道在看什麼東西
199,畫面太快我根本來不及拍照
199,有版友能知道他在看什麼嗎
199,有沒有卦
200,媒體來源
200,華視新聞
200,記者署名
200,黃傲天陳建達
200,完整新聞標題
200,手搖飲免費家電全額退店家搶搭經典賽商機
200,完整新聞內文
200,世界棒球經典賽即將開打，為了幫自家選手加油打氣，有業者推出超狂優惠，
200,只要中華隊奪冠，月日至日購買的電視和冰箱，通通全額退費
200,還有連鎖茶飲打算
200,免費送萬杯飲料，在官方粉專留言起為中華隊加油就能拿到手搖飲
200,而多家餐
200,酒館也祭出優惠，搶攻經典賽商機
200,記者說這些電視，如果在這幾天下單，至少花到萬，但只要
200,，讓你用零元抱回家
200,真的沒聽錯，月日到日買
200,的家電，不論是萬的吋電視，還是萬的冰箱，只要中華隊贏了，通通不用錢
200,家電供應商總經理李建輝說人家都會用折價打折，那個沒有意思啊，你如果說
200,在開打以後，人家就會說你放馬後炮，那要嘛就乾脆我們在開打前，就是要全力地支持
200,中華隊
200,連鎖手搖飲品牌也想當中華隊應援團，月日到日中華隊賽事期間，每間門市每
200,天都會免費送出杯飲料，只要在店家臉書粉專貼文下留言起為中華隊加油並
200,標記兩位朋友到現場出示畫面後，就能拿到免費飲料，預計將送出萬杯
200,民眾鄭先生說我是基本上都會來消費啦，台灣加油中華隊加油
200,現在看準
200,商機的還有餐酒館，只要中華隊在月日至日的比賽中獲勝，金色三麥就會招待現場
200,客人杯免費的精釀啤酒，金色三麥誠品信義店長林瓊芬說就是希望所有的球迷，
200,都可以到我們餐廳，來幫台灣隊加油，然後得到第名這樣子冠軍
200,其他餐酒館也各自祭出優惠，有的推生啤酒買大送小，有的是打卡生啤買送，
200,中華隊獲勝再加碼全場折，有的餐酒館也推啤酒買送，家電茶飲餐酒館業者各
200,出奇招搶客，也希望中華隊能再創佳績
200,完整新聞連結或短網址不可用等轉載媒體
200,//////
200,備註
201,剛剛在看棒球世界賽發現字幕都是打台灣隊
201,啊不是中華隊嗎怎麼這屆變成台灣隊
201,體育新聞的字幕也都說台灣隊台灣隊
201,但我怎麼覺得台灣隊聽起來就很弱的感覺
201,比賓賓還遜的感覺
201,該不會只有我覺得吧
202,其實全敗好像沒差就是退回去打會外賽
202,台灣人就是喜歡看中華隊棒球
202,連少棒的票房也不差
202,假設這次全敗退回去打資格賽
202,只要是中華隊打球就是票房保證
202,像年就是很慘的那年輸韓國又輸中國
202,下屆年從資格賽打起
202,那時候打紐西蘭菲律賓泰國同組但沒對到
202,票房好像也不差差不多~上下
202,要知道那時候中職的票房還沒回來
202,年到年平均票房大概左右
202,能讓那時候的新莊塞這麼多人這就是台灣的看棒球文化吧
202,應該說如果全敗了反而要擔心資格賽沒在台灣比呢
202,發大財
202,上屆全敗不過這屆隊伍擴編就沒打資格賽了可惜不能發財
203,如提
203,大家都知道
203,灌籃高手
203,王者山王挑戰者湘北
203,最後湘北爆氣贏了山王但後面體力不支敗北
203,看今天的經典賽
203,看起來巴拿馬就像是氣力放盡的湘北勉強贏了中華山王
203,而中華隊是王者山王意外輸給湘北隊
203,我這樣說對嗎
203,有沒有八卦啊
204,其實每屆都打很爛
204,打到現在總戰績只有勝
204,唯進強的那次就佔了勝
204,其他屆都是全敗或者只拿勝
204,這屆繼續全敗也不意外
204,以前就老是輸到脫褲
204,台灣的國球到現在還是棒球
204,只能接受現實了吧
204,我們就是喜歡比較爛的運動的國家
205,"這幾先新聞直說台灣隊多強,直打爆對手"
205,怎麼今天大家都在討論中華隊
205,說甚麼鍋貼甚麼的
205,是賽程臨時更改嗎
205,還是台灣隊明天對日本
205,台灣隊到哪去了
206,安安
206,大給賀阿
206,是降的啦
206,本肥想問問說阿
206,棒球直是臺灣比較可以拿出來說的運動項目啦
206,但今天比賽感覺有點不太流暢啦
206,那為了讓棒球的榮光再次發光發熱
206,大家覺得後會灑多少錢救棒球呢
206,畢竟灑越多應該越有誠意對不對'_'
207,唉研究證實嘆氣最能紓解焦慮快速自我安撫情緒
207,林彥臣
207,唉聲嘆氣長期以來直被視為憂鬱沮喪甚至絕望的象徵，每當有人嘆息的時候總會問
207,怎麼了
207,但史丹佛大學醫學院的研究證明顯示，與其將嘆息視為悲傷或惱怒，不如將它
207,視為緩解壓力的種功能
207,根據報導，史丹佛大學的研究團隊指出，將人分成組，分別進行冥想盒式呼吸
207,，又稱呼吸法，吸氣秒屏息秒呼氣秒慢吸急吐氣
207,快吸慢吐氣，類似嘆氣，每天進行分
207,鐘，維持天
207,然後，研究小組評估了每次呼吸或冥想後的情緒焦慮程度和睡眠行為，以及呼吸和心率
207,變異性
207,研究發現，所有形式的呼吸和冥想都會明顯並改善焦慮情緒
207,然而，
207,研究發現，嘆息組的
207,效果甚至優於冥想組
207,壓力管理專家阿克瑞爾博士說，這項研究很有趣，雖然規模很小，
207,但任何形式的呼吸調節，都可以將你的注意力轉移到任何形式的呼吸工作上，都會啟動意
207,識過程，從而促進正念及其益處
207,參與研究的斯皮格爾博士說，有意識地緩慢深吸口氣，屏住呼
207,吸，然後慢慢呼出，可以活化副交感神經系統，該系統負責控制身體的休息和消化方式，
207,心率減慢，血壓下降，消化得到改善，頭腦開始放鬆
207,斯皮格爾博士補充說，相較之下，當你害怕或處於危險之中時，你可能會吸口氣，這會
207,觸發交感神經系統，負責讓我們做好戰鬥或逃跑的準備，
207,當你做這種周期性的嘆息時，透
207,過放慢你的心率，你會立即以種相當快速的方式安撫自己
207,/////
207,原來看中華隊比賽，嘆氣是有效紓壓的方法
208,乳蹄
208,你各位酸言酸語真是讓我看不下去
208,不過是第八局落後分而已
208,來兩發滿貫就追平了好嗎
208,比賽結束前都有機會
208,我愛中華隊♥♥
208,認同就推
208,☺☺
209,真的跌破球評跟專家的眼鏡這場竟然大爆冷門
209,個名不見經傳的棒球弱國對上世界第三的棒球強權台灣
209,台灣大意輸了應該是最近天氣太冷中華隊不習慣
209,剛好讓巴拿馬這種習慣高緯度氣候的國家賺到
209,有沒有天氣也是運氣的種的八卦
210,令魔獸也追蹤的辣個男人
210,阿巴西前幾天獲得代表台灣資格了
210,現在如果急阿巴西加入中華隊
210,直接代打小玉
210,我相信結果也不會比較差
210,現在阿巴西來得及嗎
211,如題啦
211,現在經典賽
211,中華隊落後巴拿馬
211,這時候派出咱們書豪哥
211,投個個分球是不是就贏了
212,民視新聞
212,經典賽台灣對巴拿馬要贏
212,許銘傑最好的投手都壓在這場
212,體育中心吳峻光報導
212,第五屆世界棒球經典賽明日即將開打，此前台灣隊已取得熱身賽連勝，戰績非常強悍
212,，而正賽首日台灣隊將在組對上巴拿馬，提到投手要如何安排，投手教練許銘傑表示，與巴
212,拿馬的交手是最重要的役，更強調百分之百定要贏，會把最好的投手都放在這
212,場
212,雖然目前最終答案尚未揭曉，但網友認為，台灣隊應會派出胡智爲，或江少慶先發
212,台灣隊投手教練許銘傑昨在熱身賽前提及與巴拿馬役的陣容，據三立新聞網報導，他
212,當時表示，直到最近都還在測試先發投手，也包括中繼投手要如何安排，待打完與富邦悍將
212,的官辦熱身賽後，會再做正式的沙盤推演，該場比賽台灣隊最終以獲勝
212,外界看來，台
212,灣隊面對巴拿馬有不能輸的壓力，許銘傑也認同表示，要百分之百定贏下來，所以會把
212,最好的投手都壓在這場，他認為前兩場若沒順利拿下，後面的比賽只會越來越難打
212,而
212,台灣隊目前狀況最好的投手之是胡智爲，他在先前的官辦熱身賽曾用球投局，飆出兩次
212,三振，演出三上三下，他也直言自己整體調整感覺是還不錯
212,台灣在本屆經典賽組將面對巴拿馬荷蘭古巴義大利，隊陣中都有大聯盟等級打者，
212,但許銘傑仍展現十足信心，棒球就是結果論的東西，大聯盟打者也有打不好的時候，不覺
212,得我們會輸給任何人，球是圓的，場上的事沒人可以控制
212,他還強調，都會要選手在場上
212,強勢點，積極攻擊好球帶，對手不定打得到，大聯盟選手在這種短期比賽，不見得比
212,較吃香，狀況好才是第考量
212,//////
213,剛剛看到上有推薦直播
213,我就點進去看，靠杯萬人诶
213,看看洲際棒球場現在有沒有萬人都不知道，大家都跑了
213,人數竟然超越世界棒球經典賽的中華隊
213,太誇張了吧
213,大家至少看到最後吧，中華隊只輸第場，後面還是有機會前進東京
214,辣個男人永遠的號陳金鋒鋒哥
214,世界盃在天母球場雙響砲打敗日本
214,也砲轟過達比修有帶領中華隊度領先
214,現在才落後巴拿馬分而已
214,支滿貫砲就追平了
214,等等陳金鋒會上場代打嗎
215,剛剛度要被扣倒的中華隊
215,在局上以分差結束後
215,正式宣告本場比賽不會被扣倒了
215,可以對進場的球迷有交代了
215,狂賀
216,媒體來源
216,中時
216,記者署名
216,崔慈悌
216,完整新聞標題
216,世界棒球經典賽開幕蔡英文成功捍衛台灣主場
216,完整新聞內文
216,///
216,翻攝自總統府錄影畫面
216,蔡英文總統今日晚間以錄影方式為年第屆世界棒球經典賽臺中區預賽開幕
216,致詞，她期勉並祝福台灣隊能成功捍衛台灣主場，用盡全力團結奮戰到最後刻，
216,挺台灣
216,世界棒球經典賽是由美國職棒大聯盟與世界棒壘球總會共同
216,策劃的國際棒球大賽，年組預賽於月日至日在台中洲際棒球場及雲林斗六
216,棒球場舉行，計有古巴荷蘭義大利巴拿馬及我國共隊參加
216,蔡英文致詞表示，睽違年，世界棒球經典賽的分組賽，今年再度回到台灣舉辦
216,她
216,相信，大家定都十分的興奮
216,棒球精神，跟我們台灣精神樣，面對挑戰，我們都會用
216,盡全力，棒接棒，球接球，團結拚到最後
216,她呼籲大家，起和台灣隊奮戰到最後刻
216,並向各位球迷們喊話你準備好了嗎
216,她
216,祝福我們的台灣隊，成功捍衛台灣主場
216,挺臺灣
216,挺進東京前進邁
216,阿密
216,完整新聞連結或短網址不可用等轉載媒體
216,////
216,備註
217,乳題
217,賽事如火如荼的進行中
217,該趕快請個賽事代言人上場加油
217,引領啦啦起為中華隊加油
217,小弟不才，唯想到的適合人選
217,///
217,找他來代言應該就穩了吧
218,投手有鄧打者有王捕手有高
218,這種陣容要怎樣才有贏的機會
218,格都不到
218,老天爺對中華隊太嚴苛了
219,沒道理呀
219,投手自家熱身的時候都好好的
219,怎麼正式開打炸的亂七八糟
219,只有種可能是偷偷把球換成彈力球了吧
219,連中華隊都能尻五分了
220,中華隊在這組應該不意外
220,我們應該是墊底
220,墊底的好處是可以打資格賽撈錢
220,而且沒意外應該是台灣會爭取主辦
220,上次年我們跟菲律賓紐西蘭泰國等國打
220,這次資格賽對手應該也差不多
220,除了假如中國墊底也要打會比較棘手外
220,菲律賓泰國巴基斯坦等
220,中華隊還是能輕鬆獲勝吧
221,我們剛聊天看到第場我覺得中華隊這場失手就代表球是圓的所以後續幾場應該
221,還是大有可為蠻有機會晉級
221,結果他就說就是因為球是圓的所以晉級機率是
221,請問我要怎反駁他急在線等
222,當初公布宣傳照的時候
222,大家都氣的說要用棒子教訓下
222,主辦單位還出來道歉
222,現在到底是誰被教訓了
222,現場球迷辛苦了
222,回家請注意安全哦
223,雨刷是改革中職的重要人物之
223,去年高票當選後就再也沒有在看到他的消息
223,連什麼清水溝發送便道給孤獨老人的新聞都沒有
223,現在是世界棒球經典賽，這位嘉義縣地方議員怎麼沒有號召鄉民出來支持中華職棒呢
223,有沒有雨刷的八卦
224,中華隊打完這場
224,之後根本沒時間休息
224,晚上打完接著中午打
224,搞的接下來要連贏三場要晉級比登天還難
224,是不是該檢討大聯盟不當安排
224,而不是責怪中華隊
224,大家給中華隊點牡蠣
224,好不好
225,魯題~~
225,今晚鬼島的棒球隊
225,的對上
225,結果被巴拿馬拿到了分~~
225,只是尚未被扣倒
225,///
225,然後底下有個中華隊的慘案
225,樣是，連分都沒拿到
225,///
225,挖靠，這古巴隊是打了針還嗑了藥
225,完全不可憐下東亞小島耶，都不放水
225,這種無情的羞辱，還是在
225,當年的古巴隊選手是有多強啊
226,才差分而已
226,個分球就逆轉了
226,還有機會阿講的好像沒機會了樣
226,你不知道我們中華隊每天練習多辛苦
226,掌聲不給就算了還在那邊酸
226,氣氣氣氣氣氣氣氣氣鼠人了
227,看中華隊今天這麼慘
227,投手幾乎沒有可用之兵
227,怎麼不找曹錦輝來助陣
227,曹錦輝當年賣麵那麼久還能回
227,可以說是棒球界奇蹟
227,以他的實力到現在還是能打吧
228,媒體來源三立
228,記者署名陳慈鈴
228,完整新聞標題
228,完整新聞內文
228,年的世界棒球經典賽今晚正式開打，台灣所舉行的組賽事領先全球開打，
228,讓不少棒球迷都感到熱血沸騰，注意賽事的發展
228,對此，鴻海集團創辦人郭台銘也現身台
228,中洲際棒球場，和中興國中與文昌國小的孩子們，以及全場兩萬名球迷，起成為中華隊
228,最強力的應援
228,郭台銘今晚在臉書表示，這次中華隊在的首戰，他與太太曾馨瑩特別邀請了兩間學校
228,的棒球隊學生，起來觀戰，因為他們夫妻之間都曾有過關於棒球的小故事
228,郭台銘提到，有年他陪太太在南投娘家附近的棒球場散步，看見她母校中興國中棒
228,球隊的學弟們，正在揮棒練球，而
228,球場上的每位小球員雖然滿身熱汗，眼神卻無比專注
228,這讓他們心中有感觸原來這就是
228,每位職棒選手的誕生之路啊
228,總有天，會換上他們，站上職棒球場，甚至代表國家隊
228,出戰
228,郭台銘透露，後來發現旁的球員宿舍，竟然是由鐵皮屋搭建而成時，便開始思考我能
228,為這些孩子做些什麼吧
228,後來經過多次聯繫，最終以教育基金會的名義捐贈，在
228,年完成興建南投縣棒球場，讓孩子們有更好的訓練場地及住宿設施
228,郭台銘分享，從民國年開始，我們能做的就盡量做
228,包括開始陸續提供棒球場
228,維護經費球員們的獎學金和交通費
228,而這些球隊的孩子們，也信守了贏球的承諾，非常
228,努力在去年各項聯賽和錦標賽中，共拿下了次第名，讓郭台銘由衷的說道，
228,我真的為你們感到驕傲
228,面對偏鄉學生資源少，卻有無數璀璨的原石藏著，郭台銘直言我們要做的，就是讓他們
228,放出光芒，能有機會被看見
228,郭台銘也強調，今天與孩子們坐在觀眾席上，起看著國
228,內最頂尖的運動員披上國家戰袍，出賽巴拿馬，是因為他知道有天，會換他們站在那裡
228,，讓世界都看見
228,完整新聞連結或短網址不可用等轉載媒體
228,///
229,巴拿馬總統跟我也有點交情
229,經典賽中華對上巴拿馬
229,中華隊比輸了
229,巴拿馬隊勝利了
230,今天好像許多人，都在看中華隊棒賽
230,其實這結果也不是太意外，畢竟我們就沒大聯盟選手
230,所以打贏打輸都是正常，但本箱箱對中華的棒賽沒什麼興趣
230,反而是有件事，讓箱箱今天心情還可以
230,有沒有心情還可以，就想發錢的卦
230,每十推發到爆
230,給位猜到箱箱的心情，給
230,///
231,世界棒球經典賽預賽
231,世界排名第二的中華隊安打數小輸世界第的巴拿馬球
231,很可惜但也不用太擔心中華隊
231,代表中華隊安打能力還是不錯的
231,接下來比賽相信能漸入佳境的
232,很明顯就是打擊不連貫阿
232,今天小玉明顯是大斷層
232,打點圈打擊都完全自殺出局
232,連個推進效果也沒有
232,捕手觸點也能點成那樣然後又多次漏球導致失分增加
232,子偉好像也沒什麼發揮
232,關鍵時刻人家巴拿馬安打就是出的來
232,輸得沒話說，對方守備和打擊連貫都好
232,中華隊連投手調度也是大有問題
233,以前中華的指標人物真的很多
233,張誌家
233,王建民
233,陳金鋒
233,大師兄
233,那時候看起真的很過癮
233,但很久沒看棒球了
233,現在中華隊的靈魂人物是誰
233,求卦
234,///
234,剛看棒球經典賽支持中華隊
234,歌曲循環突然出現這首
234,看發現不得了這不是張誌家唱的嗎
234,讓我想起他當年連局三振日職打者的風采
234,張誌家唱歌是不是很好聽
235,媒體來源
235,記者署名
235,趙蔡州
235,完整新聞標題
235,高宇杰維基百科慘被改奶油王子短打失敗被雙殺
235,完整新聞內文
235,第五屆世界棒球經典賽組預賽日開打，中華隊日在台中洲際棒球場對戰巴拿馬，最
235,終以比慘敗，其中局下半雖然江坤宇安打上壘，但隨後的高宇杰短打失利且造成雙殺
235,，沒想到
235,有球迷憤而惡搞高宇杰的維基百科，改成奶油王子奶油手戰犯
235,等
235,回顧比賽二局下半，江坤宇率先敲出支安打上壘，不料後續上場的高宇杰短打失利，並
235,造成巴拿馬拿下雙殺，最後由陳傑憲打出滾地球出局，結束中華隊在二局下的攻勢
235,/////
235,/////
235,完整新聞連結或短網址不可用等轉載媒體
235,////
235,備註
236,先別管中華隊投手跟教練問題了
236,流理台水管阻塞了天疏通劑越用越塞
236,今天找專業疏通來處理原來塞在地板內的水管
236,但處理完後髒水滿地雖然師傅有擦
236,但還是覺得滿噁還有那疏通管線的機器
236,不知有沒拿去通過別人的馬桶屎都有碰到地板
236,大家會跟我樣覺得很噁嗎會如何處理
236,做這行的真的很辛苦
237,最近經典賽開打了
237,中華隊還是如往常的雷
237,前兩三個投手這次沒有放火
237,就是換捕手在那瘋狂漏球
237,然後牛棚就開始像往年樣上去當餵球投手
237,運彩開巴拿馬贏開了快三倍的賠率
237,就算下場義大利只開倍樣很穩
237,有沒有投資經典賽中華隊對家比買股票好賺的八卦
237,謝謝這些中華健兒守護台灣的經濟
238,如題
238,上次在韓國的巨蛋打
238,中華被打到快哭出來
238,過了六年了
238,台灣總該要有顆巨蛋了
238,結果還是缺蛋
238,哭ㄚ
238,台灣這幾年根本沒進步嘛
238,對ㄚ
238,"""""""""""/"
239,小時候家人看棒球就知道
239,中華隊很容易開搞
239,局後開始
239,是
239,的縮寫
239,對中華隊開搞感到壓力大失調的話
239,可以叫嗎
240,完全沒辦法叫鍋貼，那是指差點
240,這比較像常威血洗戚家十三口的滅門慘案
240,比賽度
240,不知道特地去現場
240,然後看到中華隊被血洗
240,當下的心情是
241,備註請放最後面違者新聞文章刪除
241,媒體來源
241,東森新聞雲
241,記者署名
241,記者王真魚台中報導
241,完整新聞標題
241,中華隊慘敗巴拿馬林岳平認投手最大敗筆
241,完整新聞內文
241,/////
241,記者王真魚台中報導
241,經典賽中華隊今晚首戰比慘敗巴拿馬
241,總教練林岳平坦言，此戰最大敗數是投手保送
241,過多，保送堆疊造成大量失分
241,但
241,胡智爲前局都有被打者上壘，多虧江坤宇救了球，再與鄭宗哲聯手策動雙殺，沒有失分
241,，不過局續投人都未解決退場
241,此役先發局被敲安用球，有次保送，失掉分責失
241,陳冠偉接手中繼局被敲安失掉分，李振昌後援局投出，沒丟分
241,接手的曾峻岳同樣個人都沒解決，被敲安，也有次四壞球保送，失掉分
241,吳哲源後援局失分，陳冠宇宋家豪各投局沒丟分
241,林岳平坦言，
241,保送堆壘，形成大量失分，開賽有很大的危
241,機，失分後的投球控球沒有回穩，是最大失敗因素
241,他指出，特別是鄧愷威曾峻岳任投手個人次都沒解決，單局換投手，打數都無
241,法取得出局數的狀況下，也確實是造成我們消耗了投手的原因
241,林岳平直言，開賽前就知道巴拿馬打擊狀況相當穩定，有定火力，
241,以及那局沒有及時擋下攻勢
241,完整新聞連結或短網址不可用等轉載媒體
241,////
241,備註
242,年月日台東的紅葉少棒隊，擊敗了來自日本的世界冠軍和歌山少棒隊
242,棒球是台灣國球經典賽中華隊怎麼輸了
243,我想弱弱問下
243,如果當年的紅葉少棒跟現在的中華隊比賽
243,誰會贏
243,大概能贏幾分呢
243,今天看完中華隊我腦內開始出現這個問題了
244,我看到有些特定朋友的人在今天中華隊比賽前
244,都會文台灣隊加油台灣隊必勝
244,比賽結果出來以後個個都在中華隊輸球了中華隊輸了
244,有沒有贏球台灣隊輸球中華隊的八卦阿
245,看完今天對巴拿馬的比賽
245,大家都知道鍋貼隊的實力了吧
245,通常要海水退了
245,才會知道誰沒穿褲子
245,現在海水都還沒退
245,就直接知道誰沒穿褲子了
245,這暗示很明顯了吧
245,所以接下來的運彩
245,是不是直接壓身家
245,直接賭中華隊輸
245,無論賠率如何
245,感覺穩賺不賠
245,財富自由就靠這波了
245,來歷宏哩工跨賣ㄟ
246,媒體來源三立新聞網
246,記者署名記者劉彥池
246,完整新聞標題
246,經典賽台灣戰巴拿馬
246,位經典女孩全到峮峮林襄首度合體
246,完整新聞內文
246,經典賽台灣戰巴拿馬
246,位經典女孩全到峮峮林襄首度合體
246,世界棒球經典賽組預賽日登場，晚間點台灣將對上巴拿馬，由中華職棒支啦啦隊組成
246,的經典女孩將全員到齊
246,這也是去年中職明星賽後，各隊啦啦隊女神再次齊聚在台中
246,洲際棒球場，位女孩的目標就是和球迷起當場上台灣健兒的最強後盾
246,林襄峮峮將
246,再度同台，雖然無緣起跳陳子豪的炸裂應援曲，但從內野排到外野帶領球迷應援是
246,史上首見
246,位經典女孩以中信兄弟啦啦隊峮峮貴貴短今和妮可
246,人最多
246,樂天女孩派出籃籃以及林襄孟潔
246,味全龍啦啦隊小龍女是隊長琪琪
246,帶領心璇小映和賴可
246,富邦悍將啦啦隊是丹丹秀秀子慈妹和
246,奶昔
246,統獅啦啦隊有艾璐瑟七和
246,成員短今日前接受三立新聞網採訪時表示，因為經典女孩戰袍是兩
246,截式，她過年期間非常節制，在台灣隊公布人正選名單記者會前，服裝師來做衣服尺寸
246,最後確認，短今自豪地表示裙子變鬆了
246,服裝師還不忘叮嚀她你最近變瘦了
246,裙子記得去找裁縫老師改更合身點
246,短今把裙子改小，樂天女孩籃籃因為最近出國伙食太好，穿上經典賽戰袍整個肉擠出來
246,炸裂，她只好去把制服再改大點，籃籃強調不是減肥是把衣服改大
246,因為視覺
246,上看起來都是樣的，除非站上體重計
246,丹丹秀秀子慈妹和奶昔都是第次跳國際賽，被選進經典女孩陣容人
246,異口同聲說很榮幸，秀秀子受訪時說會跳好應援國際賽事不想丟台灣人的臉
246,丹丹過年期間和爸爸起練習其他球隊球員的應援曲，奶昔是第次面對大場面，很感謝
246,位學姐的經驗分享讓她克服緊張
246,慈妹月日剛過生日，經典賽是她生日後第次亮相，希望能帶給台灣隊好運
246,林襄在官辦熱身賽首度亮相，峮峮原本自辦熱身賽會亮相，但因為身體不適缺席，日的
246,正式比賽是她第次以經典女孩身份站上洲際棒球場帶領滿場球迷應援
246,的艾璐應該是位女孩中最緊張的，因為她的老公是台灣對巴拿馬的先發投手
246,胡智為，艾璐月日剛過生日，老公因為參加經典賽沒有辦法幫她慶生
246,完整新聞連結或短網址不可用等轉載媒體
246,///
247,台北大巨蛋
247,被政治鬥爭
247,到現在還沒辦法啟用
247,新竹棒球場
247,被政治惡鬥
247,到現在還不能恢復使用
247,台灣就是輸在政治惡鬥
247,讓優秀選手沒有好的場地可以練習
247,才輸成這樣吧
247,政治人物該負責吧有沒有八卦
248,中華隊連季前宇宙邦都擋不住
248,取得熱身賽全勝的戰績
248,結果
248,今天這慘案差點被摳倒
248,所以是中華隊還在藏
248,還是職業隊給中華隊面子
248,我認識的是前局領先第局開始熱鍋貼
248,這次還沒局就準備巴士熱車了不是我認識的中華隊
249,備註請放最後面違者新聞文章刪除
249,媒體來源
249,記者署名
249,記者詹宜庭台北報導
249,完整新聞標題
249,經典賽在洲際球場開打林佳龍任內投千萬預算更新週邊設施
249,完整新聞內文
249,世界棒球經典賽日正式開幕，台灣首戰對上巴拿馬
249,作為主場地的台中洲際棒球場
249,，總統府秘書長林佳龍表示，除了要感謝前台中市長胡志強的建設基礎，他上任台中市
249,長後也媒合職棒中信兄弟球隊認養洲際棒球場為主場，也投入千萬預算更新球場及週
249,邊設施改善，包括設置全台最大全屏螢幕計分板排水系統紅土草皮整修維護等，
249,希望能夠為中職球隊與球迷帶來更好的設施與服務
249,林佳龍指出，棒球是台灣國球，從年代以來凝聚台灣人的集體記憶，也讓台灣在世界
249,舞台被看見
249,不論是過去守著收音機老球迷，或是現在透過網路轉播看球賽的新粉絲，特
249,別是在國際賽事上，總是能夠讓全國球迷熱血沸騰
249,對於台中洲際棒球場，林佳龍說，除了要感謝胡志強的建設基礎，他上任台中市長後
249,也媒合職棒中信兄弟球隊認養洲際棒球場為主場，而中央也投入千萬預算更新球場及週
249,邊設施改善，包括設置全台最大全屏螢幕計分板排水系統紅土草皮整修維護等，
249,希望能夠為中職球隊與球迷帶來更好的設施與服務
249,林佳龍補充，洲際棒球場周邊的迷你蛋，中央也克服過去面臨工程延遲以及解約的困
249,境，將迷你蛋完工後轉型為多功能運動中心，整合為棒球文創園區來服務更多球迷
249,在國際賽事部分，他很感謝台中市長盧秀燕對球場的維護與更新，也感謝中信兄弟球團的
249,合力支持，很高興能夠看到台灣職棒持續打出亮眼成績與精彩比賽，重燃球迷的信心的熱
249,情
249,另在基礎球員訓練上，林佳龍回憶起去年到訪宜蘭三星國小棒球隊，並盼望這個孕育
249,出許多職棒球星的基地，能有更好的訓練環境
249,林佳龍說，球員們從小過著與般學童不
249,童的訓練生活，他也透過光合基金會資助棒球隊近幾年的寒暑假集訓伙食費，並讓小球
249,員到美國大聯盟受訓，有機會透過棒球探索世界，找到自己的發光方式
249,完整新聞連結或短網址不可用等轉載媒體
249,/////
249,備註
250,是中華隊最強的屆無誤
250,但是今年會不會是最弱的屆
250,今天打完這場球後
250,八成可以關電視了
250,接下來看各國大聯盟球星表演就好了
251,看到今天中華隊打這樣子
251,想起以前的張誌家
251,開始真的算很厲害啊
251,後來還去日本打
251,雖然最後包袱款款回台
251,但好歹也是過去的明星投手
251,怎麼沒有想到要號召張誌家加入中華隊
251,如果今天他下場投
251,中華隊是不是就不會輸得這麼難看
252,備註請放最後面違者新聞文章刪除
252,媒體來源
252,聯合
252,記者署名
252,黃仲裕
252,完整新聞標題
252,圖輯經典賽中華對巴拿馬節奏緩慢球迷場邊油畫已快完成
252,完整新聞內文
252,規
252,圖輯經典賽中華對巴拿馬節奏緩慢球迷場邊油畫已快完成
252,攝影中心記者黃仲裕台中即時報導
252,///
252,世界棒球經典賽今天在台中洲際棒球場舉行開幕戰，六局不到已換了名投手，有球迷在
252,場面繪製油畫，比賽進行到半，油畫已快完成
252,記者黃仲裕攝影
252,世界棒球經典賽場邊出現奇景，有球迷在場邊邊欣賞比賽，邊畫球場油畫，比賽進行到六
252,局結束，油畫已快完成
252,今天在台中洲際棒球場舉行開幕戰，由中華出戰巴拿馬，巴拿馬
252,局攻下分，中華隊六局還沒結束就已經使用了名投手
252,比賽進行到八局上半，已經打
252,了快四個小時，節奏相當緩慢
252,球迷帶著畫具到場邊作畫，將洲際棒球場的景色畫下來，
252,比賽還沒結束，作品已快完成，令人嘖嘖稱奇
252,完整新聞連結或短網址不可用等轉載媒體
252,//////
252,備註
252,請
253,每代的中華隊都會有個王牌投手
253,對上日本定要贏時就會負責先發
253,負責傳承號球衣
253,現在號球衣是誰在穿
253,今天有上場嗎
254,原本中職應該沒甚麼人看了
254,結果今天中華隊用計
254,輸了球
254,但成功引發八卦版的討論
254,中華隊引發討論度
254,讓更多人看球
254,是不是雖敗猶龍
254,輸了面子，贏了裡子
254,有沒有八卦
255,如題
255,韓國跟台灣的職棒發展歷史時間幾乎相同
255,但是韓國現在可以跟日本打的有來有回
255,甚至還曾經打進冠軍賽
255,反觀中華隊天到晚都在吃鍋貼
255,為什麼職棒程度會落後韓國那麼多呢
256,如果
256,熱身賽跟打小孩樣的中華隊
256,結果第場比賽對上巴拿馬差點被扣倒
256,啊不是號稱世界第二
256,啊不是說要把藍球場田徑場拆掉全民打棒球
256,啊不是很會
256,每天都輕輕鬆鬆報林襄
256,我還以為中華隊已經準備冠軍決賽要對決大谷了咧
256,看昨天的比賽
256,是不是叫中職啦啦隊上場打就好
256,起碼可以讓巴拿馬軟腳
256,有沒有八卦
257,安安
257,我們建仔洋基號今年歲了
257,還有印象的球路伸卡曲球變速
257,伸卡年齡大了球速比較沒差
257,反正球下降很快就好
257,變速不知會不會影響
257,比較記得袁博士講新殼跟圈假
257,但搭配中華隊內野守備
257,應該是可以穩穩吃掉前面局吧
257,打線我就沒研究了
257,但我們的打線不如鑽石打線啦
258,巴拿馬代表隊有位以上球員
258,投手釀酒人釀酒人
258,國民天使
258,落磯
258,內野手甙大都會鏎紅人
258,光芒
258,中華代表隊
258,位以上球員
258,張育成紅襪吳念庭西武宋家豪樂天
258,中職投手勉強能在國際賽當先發潘威倫陽建福林恩宇
258,旅外回歸投手還比不上過去中職強投
259,中華隊輸球看到堆鄉民酸
259,說本屆沒有獨當面的球星
259,只會講堆年前的球星
259,反而不檢討自己太久沒看球
259,是不是間接證明鄉民都老了呢
259,我挺中華隊
259,中華隊加油
259,///
260,第場先爆冷輸掉
260,台灣輸給巴拿馬
260,就像阿根廷輸給阿拉伯
260,然後後面每場都贏
260,最後台灣會拿到這屆的冠軍
261,我肥肥拉
261,對丫
261,巴拿馬教練
261,太酸了吧
261,什麼叫原以為中華隊會投更好
261,不是根本沒好過嗎
261,何必這樣贏球又污辱人
261,阿肥是覺得
261,巴拿馬的教練可以挺起胸膛
261,然後堂堂正正的說
261,中華隊廢到笑
262,如題啦
262,平常最喜歡打棒球
262,後車廂都放好幾支
262,如果中華隊教練指派上場
262,要幾隻可以打贏巴拿馬
262,有人知道嗎
263,以前也沒看中職
263,國際賽還是有
263,大師兄陽岱鋼林哲瑄張進德鄉長
263,陳鏞基些比較有名的明星
263,這屆只有李振昌跟陳冠宇
263,本魯認識
263,明明本魯以前現在都沒關注中職
263,星度怎麼差這麼多
264,以後就是的時代啦
264,棒球這項運動估計也會被取代
264,那會怎麼代表各國去比賽啊
264,比賽還是有贏有輸吧
264,實際面到底怎麼進行呢
264,會怎麼代表中華隊嘻嘻
265,比賽的關係啊
265,身為
265,個堂堂正正的台灣人
265,在最有價值的球場比賽
265,定是特懂的吧
265,說不定
265,在新竹棒球場
265,我們中華隊
265,就可以扣倒巴拿馬惹
265,各位
265,認同嗎
265,太可惜惹
266,真的是千篇律
266,人家大聯盟打者
266,面對大聯盟投手
266,還是積極想轟全壘打
266,廢物中華隊呢
266,永遠都是堆廢物大便打者
266,在那邊小球混分
266,場了不起分
266,要贏只能是情勒操爆王建民等及的旅外壓對手分數
266,只要投手銜接稍微不順被幹到分以上
266,那群大便打者只會放推等死
266,我阿罵都能當總教練
266,策略
266,我呸
267,歲世代的王建民小曹郭泓志斷腿光榮世代後
267,歲上下的這次經典賽已經斷定是失落的世代
267,聽說棒球養成要年
267,台灣的未來歲上下有有潛力的棒球好手嗎
268,大家好，
268,小弟剛吃兩包孔雀捲心餅，
268,剛看完中華隊比賽，
268,小弟運彩新手，
268,如果壓中華隊後面三場全輸，
268,過三關，
268,這次可以賺多少，
268,多少
269,/的運彩如何下注贏的機率比較高
269,Ａ組
269,巴拿馬荷蘭
269,義大利古巴
269,Ｂ組
269,中國日本
269,想針對這三場來下注
270,餓死抬頭
270,中華隊在對上巴拿馬的比賽
270,結果以慘敗收場
270,所以我就在想
270,如果讓館長陳之漢來當中華隊的教練
270,他會使出怎麼樣的戰術來打敗巴拿馬呢
270,有沒有掛
271,應該是輸了吧
271,我懶得爬文
271,也不想看
271,能不能直接告訴我
271,輸了對吧
271,那那麼多人看棒球幹嘛
271,賭博
271,還是真心覺得台灣會贏
272,備註請放最後面違者新聞文章刪除
272,媒體來源新聞雲
272,記者署名記者王真魚台中報導
272,完整新聞標題
272,巴拿馬佩服台灣應援讓洲際變圖書館得分就安靜
272,完整新聞內文
272,經典賽巴拿馬無懼地主台灣球迷大聲應援，今晚讓洲際變圖書館，終場比大勝
272,歐堤茲直言，完全感受到台灣球迷的熱情，想要不受觀眾影響，就想辦法
272,得分
272,此役先發投手梅西亞賽後比了個讚，真的要給這些球迷致
272,上最高敬意，讓我印象非常深刻
272,中華隊今晚首戰湧進萬名球迷進場應援
272,梅西亞直呼，真的是從頭到尾加油聲不斷，球
272,迷不停地鼓譟，場館爆滿，但我們不能因為他們而分心，還是想辦法專注捕手和打者的對決
272,，球球投
272,歐提茲也說，台灣是很強勁的隊伍，兩邊實力平均，對方很難擊敗
272,加上中華隊有地主
272,優勢，真的要在得分之後，觀眾就會安靜下來
272,他認為，搶分才能對抗地主球迷的熱情
272,應援
272,雖然比數在後半段已經拉開，但台灣球迷仍不放棄持續為自家選手加油，讓梅西亞直言，
272,真的非常驚訝，完全感受到他們對支持球隊的全心全意，我向台灣球迷致上敬意，應援
272,真的有夠大聲，從第局到最後第九局，完全沒有停止，印象非常深刻
272,完整新聞連結或短網址不可用等轉載媒體
272,////
272,_
272,備註
273,想當年
273,宇宙勇勝勇全票勇
273,也不過拿了個大賽總亞軍
273,真正的大賽冠軍
273,還是被亞軍蒐集魔人姆斯拿走了
273,球是圓的
273,話不能說死
273,什麼都有可能
273,排名真的只是參考對吧
273,中華隊還是很有機會奪冠的
273,對吧
274,"如題啦,我們當年強預賽贏委內瑞拉和波多黎各"
274,"複賽贏韓國澳洲,委內瑞拉和波多黎各只是小聯盟找跑龍套的,根本無法跟比"
274,而韓國近年來棒球跟比確實有退步少了很多旅美球員，幾乎只剩金河成了
274,我們中職的天花板目前就是贏韓職軍那次，而且那次勝投還是旅日的張奕
274,"這次堆跟大咖的跟別提還有等級的,會有這樣的結果其實正常吧"
275,如題
275,板球的得分不用安打串聯
275,永遠壘上無人個人打安打就有分了
275,打遠點還能多跑幾分
275,每場比賽每個人的打數跟棒球比起來多到誇張
275,搞砸次還有下次很難不得分
275,投手直挨打沒三振也沒關係反正大家都守不住互爆
275,完全是台灣選手軟手小心臟的福音
275,好捕手養不出來也沒關係板球也不需要捕手
275,世界板球冠軍賽
275,觀看人數甚至比還多好幾倍
275,以台灣棒球職業選手的投球臂力和擊球技巧
275,找個有腦有比賽經驗的板球洋教練
275,國家隊轉行打板球輾壓各國應該不難吧
275,反正國球就是要贏球刷刷國民自尊心而已
275,改練比較符合台灣人心理素質的運動不是比較好ㄇ
275,有沒有卦
276,幹你娘
276,寵子不孝聽過沒有
276,鬼島隊會走到今天
276,就是你們這些他媽的東西造成拉
276,只會指責別人酸民
276,什麼時候才要面對自己爛
276,寵這些廢物寵到輸中國
276,再寵到只能哭喊好想贏韓國
276,再寵到現在連打完九局都問號
276,幹真的有夠撿角
276,這麼經不起罵
276,回家找媽媽喝奶拉
276,人家打撞球那個
276,還有能力跑到別國參賽
276,你媽的廢物中華隊懦夫打線
276,幹看哪國要收
276,我呸
277,井上尚弥陣營在週召開記者會，
277,宣布井上與現任超雛量級冠軍
277,將於/在橫濱體育館進行比賽
277,///
277,我個人是比較想看到井上去美國主場打啦^^
278,如題
278,小弟日棒球迷啦
278,知道有位叫張育成的大聯盟等級的選手
278,直也有看到有網友有留言
278,育成洋將
278,他應該是台灣人吧
278,還是要當成洋將來看呢
278,_
279,就算迫於國際現實要用中華台北
279,但自己國內可以叫台灣隊啊
279,用沒有台灣價值的中華隊嚴重打擊民心士氣
279,都是因為叫中華隊才輸的吧
280,本肥日球迷啦
280,剛剛看了下賽程
280,中華隊明天的對手是義大利
280,巴拿馬跟義大利，哪隊棒球比較強
280,雖然昨天中華隊不小心陰溝裡翻船
280,但明天對上義大利
280,定能奪得開門紅吧
280,有沒有卦
281,我知道昨天又衰敗油龍了啦
281,什麼七連敗都不是重點了
281,我們球迷總不能只看著照後鏡開車吧
281,要是現在開始直贏直贏
281,就像買進股票樣直噴直噴就是直噴
281,應該還是有機會拿冠軍吧
281,應該今年不會喊，好想贏南韓吧
281,嘻嘻
282,備註請放最後面違者新聞文章刪除
282,媒體來源
282,中時
282,記者署名
282,張群東中時鄭任南
282,完整新聞標題
282,中華隊啦啦隊經典女孩全員到齊首賽應援氣勢第名
282,完整新聞內文
282,今日晚間點中華隊對上巴拿馬，雖然截至目前比賽來到局下半，巴拿馬以的比數領先中華隊
282,但場邊應援團仍持續帶來加油舞蹈，帶領觀眾同為球員們吶喊，讓在場上奮戰的中華隊球員們感受到不會敗北的浩大聲勢只見比賽進行的過程中，經典女孩站在顯眼的位置，穿著經典的紅藍白戰袍，起攜手為中華隊加油，又唱又跳的模樣成為場上的大嬌點，雖然目前戰況膠著，但也讓觀眾們感受到經典女孩們在場上帶來足以奪冠的吶喊聲，震撼整個比賽場地
282,此次經典賽中華隊啦啦隊女孩總共人，分別由中信兄弟
282,成員短今峮峮貴貴和妮可
282,樂天桃猿樂天女孩成員林襄籃籃孟潔和
282,富邦悍將成員丹丹秀秀子慈妹和奶昔
282,味全龍小龍女成員心璇琪琪小映和賴可
282,統獅成員艾璐瑟七和所組成，準備以應援聲帶給各國強烈的震撼
282,完整新聞連結或短網址不可用等轉載媒體
282,/////
282,備註
283,剛好想到
283,昨天中華隊輸球
283,但是說實在
283,他們也只是因為想為國家打球
283,個義務而已
283,也沒必要被罵
283,多點關心少點責罵好嗎
283,如何
284,坦白說
284,中華隊昨天這種表現不意外啊
284,台灣棒球早就不行了
284,為什麼堆人發文中華隊怎麼了
284,這不是國際賽正常表現嗎
284,對台灣棒球還有期待的是活在卡農時期嗎
285,如題好奇找下原因
285,中華隊攻下分，是因為最近缺蛋嗎
285,如果不缺蛋是不是就拿分了
285,選我正解
285,///
285,///
286,過去幾次中華隊能穩穩打敗分組較弱的隊
286,大都是因為有很多旅外大投在陣中穩盤
286,像是陳偉殷王建民張奕
286,這次我們沒了這種等級的先發投手
286,加上幾位缺乏國際大場面的中職中繼
286,實力在哪不說，連心理素質都不夠成熟
286,說穿了就是投手缺乏前幾屆那樣的宰制力
286,少了股穩定軍心的力量
286,顯露出缺乏大投手下，中華隊現出該有的原形而已吧
287,自從中華隊出現打假球事件我對台灣職棒就完全沒興趣了
287,台灣人甚麼都要作假
287,這樣的打球風氣訓練出來的球隊丟到國際上
287,會被按在地上磨擦不是很合理嗎
287,為啥大家會意外中華隊會輸啊
288,連我不看棒球都知道，中華隊很爛了
288,我看新聞都在報日本隊的成員，報棒球只報林襄跟啦啦隊而已
288,賽前，中華隊爛到沒新聞要報了，你第天知道中華隊爛嗎
288,還好我昨天把時間省下來去看其他垃圾影片，也不看經典賽的中華隊
288,好了啦，看啦啦隊就好了，林襄新聞播多點就行了
289,經典賽中華隊被巴拿馬電爆萬人見證洲際慘案
289,聯合報記者陳宛晶
289,世界棒球經典賽開打第天，中華隊就經歷人間煉獄般的戰，投手調度連環崩盤，遭巴拿
289,馬隊暴打兩個分以上的大局，中華隊以慘敗，巴拿馬豪氣拿下隊史在經典賽的第勝
289,經典賽相隔年舉辦，台灣更是等了年再當地主，今天中華隊的首場賽事吸引滿場萬人相
289,挺，卻目睹慘劇上演
289,先發投手胡智爲從開始就暴露控球不穩壞球偏多，每局皆被敲安，前局還能力保不失
289,，第局被敲二壘打開局，再保送下棒，卡斯提歐補上安打，巴拿馬先
289,馳得點，也是這棒打退了胡智爲
289,陳冠偉接手仍被連續敲安，無法凍結壘上跑者，最終還
289,是李振昌出馬飆出關鍵三振止血，巴拿馬單局已打輪敲出安打，灌回分大局
289,更慘烈的劇本接續上演，中華隊第局才剛靠張育成的適時安打追回分，鄧愷威第局登板
289,，上來就是連顆壞球，第球終於是好球，但面對短打卻發生失誤，連傳壘都是壞球
289,中華隊共用任投手人失分，胡智爲先發局失分，鄧愷威曾峻岳更是未解決任何打者
289,，留下局出賽紀錄
289,中華隊在第局張育成第局鄭宗哲都在得點圈打擊敲出安打，各斬獲分打點，局瀕臨遭
289,提前結束之際，吳念庭掃出兩分砲，讓中華隊得以延長戰線，局則在鄭宗哲的三壘打開路
289,下再添分數
289,中華隊敲出支安打其實火力不俗，吳念庭鄭宗哲都有安打最亮眼，林立張育成江
289,坤宇也有雙安
289,巴拿馬過去兩度參與經典賽，累積勝敗，場比賽總得失分比為比，戰績相當慘烈，今
289,天從中華隊手中拿到史上在經典賽的第勝，單場攻下分，超越過去隊史累積總和
289,//////
289,驚不驚喜意不意外
290,昨天中華隊輸的很慘，真的傷心
290,但堆酸民們，就當成鍵盤算命師鍵盤教練
290,說應該要怎麼樣，才會怎麼樣
290,都讓你們講就好了
290,實際日常生活工作中，你們是不是常遇到這種人
290,講都很厲害，實際叫他做都塌糊塗
290,最後我想說
290,中華隊加油，我們會努力吶喊為你們打氣
290,是否有專板
290,本板並非萬能問板
290,三則
290,本看板嚴格禁止政治問卦
290,未滿繁體中文字水桶個月
290,未滿繁體中文字水桶個月
290,未滿繁體中文字水桶個月，嚴重者以鬧板論
291,安安如題
291,我國棒球世界第二
291,僅輸日本畢竟日本有茂野吾郎等堆高手
291,有打過遊戲或者比賽就知道
291,有時候太強對手就不想玩了直接放推
291,太強反而是種困擾
291,避免太強有時候適度藏點
291,讓對手覺得能打反而比較好
291,而且只是小組賽第場而已
291,後面就全勝了藏下而已在那叫什麼
291,有卦嗎
292,最近棒球經典賽儼然成為熱門話題，大街小巷無不熱烈討論，公司不外乎也是如此
292,稍早女同事打卡完到自己座位後，憤怒的情緒洩洪般的隨即用力拍打桌子並怒斥中華隊就是
292,爛，還要老娘浪費錢補助中華隊這種爛隊，小弟被女同事的舉措震攝住了，不敢輕舉妄動，
292,請問女同事說的是真的嗎
292,中華隊真的有那麼差嗎
293,昨天局被血洗分
293,王建民如果還現役
293,投滿局血洗巴拿馬讓他們掛蛋
293,中華隊是不是就贏了
294,看得出來小智當初親自監工的用心良苦
294,如果昨天是在沒被發現的新竹棒球場打
294,照巴拿馬那種打法
294,今天應該湊不滿隊上場了
294,真是可惜
295,我先承認這是篇回廢文的廢文
295,但是實際情況剛好是跟你說的相反
295,十幾二十年前開始
295,再往前就不知道了還沒開始看球
295,我們棒球還在那邊跟美國古巴日本比的時代
295,無論是媒體還是球迷都稱我們自家的球隊中華隊
295,那時候都是中美大戰中日大戰的標題
295,後來韓國崛起了還有中韓大戰
295,接著從什麼時候開始老實說沒印象了
295,說中華隊就變成指中華台北隊
295,贏球台灣隊輸球中華隊
295,比賽也從中日大戰變台日大戰
295,現在已經是連叫台巴大戰都是硬湊了
295,輸成這樣哪好意思叫大戰
295,要講人真的當然能分析堆棒球變爛的理由啦
295,不過純粹嘴砲的話
295,以前叫中華隊的時候還是美國古巴爭第
295,中華日本爭第三的場面
295,現在叫台灣隊的時代是連鍋貼都不下鍋了
295,怎麼叫比較強比下就知道
296,國際賽中華隊總教練是不是最恐怖的位置要承載百萬以上球迷的希望贏了應該輸了
296,你悲哀這個位置到底有多恐怖有比開司走鋼索恐怖嗎嘻嘻
297,是這樣啦
297,對岸的國足拿了大量資源
297,承受對岸國民的期待
297,結果比國際賽都是贏少輸多
297,台灣的中華隊拿了大量資源
297,球星也是時之選
297,結果打完差點被屠殺
297,熱身賽超強全勝
297,正式比賽超軟
297,是不是我們的中華隊
297,勝敗的戰績
297,與對岸國足是惺惺相惜
297,兩岸家親的表現
298,剛好想到
298,這次中華隊調度經典
298,短失敗經典
298,然後偷局數經典
298,然後才是比分輸到經典
298,原來這才是經典賽的意義吧
298,如何
299,我想這幾天的新聞及網路應該都是中華隊慘敗的討論
299,那要感謝中華隊大力救援的成員名單有
299,雞蛋國家隊班班吃魚隊電量不足隊水庫見底隊詐騙擄人隊愛河浮屍隊，還有最近
299,比較紅的春酒明仁隊
299,其他族繁不及備載的請見諒
299,各位如有要表達感謝之意可以留言，國家會感謝您的付出
300,我是覺得中華隊沒有義務要被我們這樣子嘴
300,人家打比賽是花自己的時間跟精力，甚至還會影響到自己職業生涯的發展
300,讓我們用鼓勵取代謾罵，用加油與支持來撐住中華隊好嗎
300,我們這群熱愛棒球的朋友們，都是很感謝中華隊的
300,///
300,///
300,中華隊，加油
300,中華隊，加油
300,中華隊，加油
301,運動雲年月日
301,中華隊首戰遭巴拿馬震撼教育張育成下場贏回來
301,實習記者馮茵綜合報導
301,中華隊首戰出師不利，昨日對上巴拿馬以比吞敗
301,張育成此役扛下第棒，局適時擊讓中華隊首度得分，隨後吳念庭也敲安，可惜王柏融
301,擊出飛球遭接殺，結束這半局
301,張育成此戰成績總計支貢獻打點打擊率
301,而
301,中華隊昨共敲出支安打，無奈打線無法有效串連，殘壘過多，終場慘遭巴拿馬血洗
301,但
301,///
302,近日在看新聞
302,看到彭政閔說經典由你們去創造
302,沒想到
302,真的
302,昨天
302,中華隊
302,真的創造經典惹
302,讓對手得到經典賽最高分
302,分
302,新中華隊是否真的創造前輩們都創造不了的經典呢
303,昨天調度調度好我們至少可以少失分
303,打擊沒有某幾個斷棒
303,投手扣掉幾個調度問題
303,幾乎可以說是贏了巴拿馬
303,中華隊還可以贏
303,中華隊還沒有輸吧
303,中華隊還有機會
303,對吧
303,對吧
303,對吧
304,昨天看到愛爾達電視台轉播時
304,比賽中的比分隊名寫
304,標題寫中華
304,圖卡卻是台灣
304,其實愛爾達因為拿到授權必須遵循奧會模式
304,所以放才是正式名稱
304,然後看到各家媒體
304,像是三立民視寫台灣隊
304,張立群主播寫台灣隊
304,中天寫中華隊
304,東森寫中華台北
304,寫
304,國家同意用什麼名稱出賽比賽
304,媒體隊名就用什麼表示
304,國名民進黨都沒膽改
304,把國家成功分裂成兩個名稱
304,綠媒真的可憐只有你們不樣
304,難道網路後面寫就是代表國家嗎
304,香港是國家
304,別透露你的智慧了
305,媒體來源
305,聯合報
305,記者署名
305,蘇志畬
305,完整新聞標題
305,對抗台式應援巴拿馬教頭得分就會安靜
305,完整新聞內文
305,中華隊今晚在台中洲際棒球場慘敗，讓巴拿馬隊以帶走隊史在世界棒球經典賽首勝
305,，如何對抗萬名台灣球迷的熱情應援
305,巴拿馬總教練歐提茲給出解答
305,努力得分
305,這是場很棒的比賽
305,歐提茲賽後表示，面對中華隊前段沒有太多機會，直到第局
305,把握契機才開啟得分攻勢，球隊有很好的打者，只需要點運氣，我們本來打擊陣容就很
305,堅強
305,在洲際球場萬名台灣球迷大聲應援下，巴拿馬扛住客場氣氛奪勝，外國媒體好奇如何
305,能夠不受影響
305,歐提茲解答
305,得分之後，觀眾就會安靜下來
305,，必須努力搶分，對抗熱
305,情的應援
305,巴拿馬過去兩度參賽累積勝敗，合計拿下分，這屆
305,首戰就攻下分，還拿下隊史首勝
305,，但歐提茲賽後表情還是很嚴肅，他表示對這場勝利當然很高興，但我們還沒有成就
305,什麼，如果晉級第二輪，我會露出些笑容
305,這場比賽打到點多才結束，巴拿馬隊明天中午又要對上今天才擊敗古巴的荷蘭隊，歐提
305,茲表示確實是比較艱難，今天打到午夜才能離開，又要面對中午賽事，我們會竭盡所
305,能
305,完整新聞連結或短網址不可用等轉載媒體
305,//////
305,備註
305,洲際~
305,原來我們送給了巴拿馬隊史首勝
305,中華隊真是暖心送幸福
306,小弟日球迷啦
306,最近歹丸最熱門的話題不外乎就是缺蛋跟中華隊啦
306,小弟不禁思考兩者是不是有什麼量子糾纏之類的
306,會不會是因為咱們的中華隊沒辦法簡單攝取到蛋白質才導致輸球的
306,乾五八卦
307,新聞雲運動雲年月日
307,好香
307,中華隊啦啦隊女孩全員到齊滿場萬球迷應援嗨翻
307,////
307,記者賴冠文台中報導
307,中華隊今日經典賽首戰打巴拿馬，現場萬名球迷滿場，展現滿滿台灣主場氣勢，
307,中華隊夢幻啦啦隊女孩登場，帶領球迷替中華隊加油
307,經典賽中華隊啦啦隊女孩總共人，找來中職球團人氣女孩包括中信兄弟
307,峮峮貴貴短今妮可，
307,樂天桃猿林襄孟潔籃籃
307,味全龍小龍女心璇小映賴可琪琪，統獅艾璐瑟七，
307,富邦悍將丹丹秀秀子奶昔慈妹
307,中華隊啦啦隊女孩帶動球迷應援，首局中華隊有滿壘機會，
307,林立敲安上壘，林子偉保送吳念庭保送形成滿壘，現場球迷應援聲勢浩大，
307,可惜最後無功而返
307,/////
307,/////
307,/////
307,/////
307,/////
307,/////
308,昨天很期待的要幫中華隊加油
308,看到半直在失分
308,似乎又回到以前那種失落的感覺
308,志在參加
308,我們好想贏
308,輸球比輸錢還難過
308,難道只能含淚的喊中華隊加油
309,如果咱們新竹大棒球場沒被停用
309,昨天巴拿馬的守備應該很難美技連發
309,巴拿馬早就為了接球傷了票球員了吧
309,中華隊怎麼可能還輸呢
309,現在造成不得不在台中比賽
309,輸球好像也是註定的不是嗎
310,雖然很無情
310,不過台灣的棒球最大賣點就是啦啦隊
310,昨天經典賽被血洗，感覺也比較沒那麼痛
310,反正棒球實力不如人，也沒什麼好說的
310,不如看看啦啦隊還比較爽
310,這次的陣容可以說是各隊明星級啦啦隊大集合
310,重點放在啦啦隊絲襪美腿跳舞就好
310,就算輸球，心情也不會那麼糟了
311,如題
311,昨天中華隊被巴拿馬血洗
311,今天沒有比賽
311,明天開始要三連戰
311,那麼中華隊今天在幹嘛
311,有卦嗎
312,看很多屎忠
312,賽前台灣隊加油定贏
312,台灣之光陣容堅強
312,賽後中華隊就是爛不意外
312,這些人是不是精神分裂
313,以前中華隊捕手不都是場上總教練
313,縱使打擊難以期待
313,偶爾發揮次也讓人津津樂道
313,而且在防守端做得很不錯
313,接球擋跑者衝本壘都令人安心
313,怎麼昨天捕手連基本功都
313,有沒有八卦
314,是這樣的啦
314,昨天中華隊被巴拿馬血洗
314,還差點被
314,差點創下有史以來最羞恥的開幕賽
314,中華隊輸了
314,但中華民國不等於台灣
314,所以台灣隊還沒輸對吧
314,是不是下次應該要比照瓊斯盃
314,我們可以報隊中華隊
314,然後再報隊台灣隊
314,這樣才比較合情合理吧
314,有沒有經典賽不比照瓊斯盃報兩隊
314,這樣中華隊輸了還有台灣隊可以期待
314,這樣不是很好嗎
315,昨天中華隊對上巴拿馬
315,原本大家跪求中華隊輕虐
315,結果反被屌虐
315,後來仔細想想這怎麼可能
315,中華隊好歹也是世界第二
315,而巴拿馬則是倒數的
315,兩隊根本不是同個層級的球隊
315,這種結果實在太過離奇
315,唯種可能是中華隊是故意的輸球的
315,林總早拿到劇本了
315,或是有高人在背後指點
315,目的是可能是要測試某種實驗
315,或是要向台灣甚至全世界表達某件事
315,這樣想讓我感到不寒而慄
315,中華隊早已遠遠超過我們的格局
316,媒體來源
316,今日新聞
316,記者署名
316,記者簡名杉/台中報導
316,完整新聞標題
316,經典賽怎麼克服台灣應援
316,巴拿馬教頭得分就安靜了
316,完整新聞內文
316,巴拿馬在本屆經典賽首戰，以比打敗地主中華隊，拿下隊史經典賽會內賽首勝，賽後巴
316,拿馬隊總教練被問到如何克服台灣特色的應援
316,教練指出當得分後觀眾就
316,會比較安靜，所以球隊要努力搶分，才能讓應援安靜下來
316,教練談到該場比賽，坦言這是很棒的球賽，巴拿馬隊開始並沒有太多機會，但
316,是到了比賽中段獲得些契機，才讓球隊順利得了幾分，並直言球隊的打擊陣容本來就很堅
316,強，只是需要有空間發揮
316,本場比賽奪下巴拿馬隊史在經典賽的首勝，教練臉上卻仍沒絲毫的喜悅感，他認為
316,這就是棒球，雖然為此感到高興，
316,但目前球隊還沒有成就任何事
316,，如果想要晉級到複賽還
316,需要努力，等到確定晉級之後，他就會露出他的笑容
316,今天的比賽打到快接近午夜點才結束，明天巴拿馬又要迎接午場的比賽，教練坦言
316,這對球隊來說很艱難，但球是圓的，勝負還是要等到打了之後才會知道
316,完整新聞連結
316,////
316,備註
316,該派字馬應援團了
317,我成五啦
317,今早二確，想說閒來無事發個文
317,昨天中華隊以分之差惜敗巴拿馬，真是雖敗猶榮，努力不被扣倒的精神值得牡蠣
317,當初宣傳照沒放中華隊，堆人氣噗噗，底下留言直接灌爆
317,那些人現在在想什麼呢
317,有沒有掛
318,原文
318,先說結論啦啦隊才是中華隊本體
318,經典女孩
318,///
318,///
318,///
318,///
318,///
318,///_
318,///
318,///
318,就餓死抬頭啊
318,有著經典女孩當強烈的後盾
318,並且還有台灣球迷在線上跟場上用意志力鼓勵
318,不過中華隊就是年走來始終如
318,從來沒有讓臺灣人失望過
318,慢慢的變的跟台鐵樣賣便當才是本體
318,對吧
319,如題誠心幹譙
319,中華隊目前也不過就輸了場
319,好像天崩地裂似的酸民大舉湧出開啟狂酸模式
319,台男真的可笑不像個男人
319,是男人就不要直在那邊哭
319,而且說到底酸民到底做了什麼
319,為國家棒球做了什麼
319,我告訴你
319,早在年爆出雨刷事件的時候
319,我就曾苦言相勸板上酸民不要把曹錦輝逼上絕路
319,我甚至還到中華職棒討論群組兄弟象球迷留言板
319,苦口婆心直勸說曹錦輝過去對國家多有貢獻
319,雅典奧運帶著隱患上場飆球速到
319,媽投到手廢掉關節唇壞掉
319,影響到後來的職業生涯才不得不回台灣混口飯吃
319,對這樣的人這樣的情況不宜用嚴酷道德標準來審判他
319,而且司法已經不起訴處分了何苦逼上絕路
319,很好沒人聽
319,更過分的是
319,中職發函去澳洲讓曹錦輝失去工作澳洲阿德雷德鯊魚隊
319,之後傳出曹錦輝東山再起再次拚上美國職棒大聯盟的消息
319,然後中職又打算發函給追殺到死
319,我就在中職官網留言板幹譙別太過份了給人留條活路行不行不要趕盡殺絕
319,還好沒有理會中職
319,不過這件事帶來的後續效應就是
319,像陳偉殷這樣的大咖投手不願意回國效力了
319,為什麼
319,人家看的到曹錦輝的下場
319,為國拼命為國拚到手受傷為國爭取榮譽
319,最後得到什麼
319,得到個不名譽退伍
319,而且球團打算將此不名譽延伸到球場以外追殺終身
319,台灣最需要陳偉殷的那幾年他都不願意接受徵召回來打經典賽
319,然後就看到票酸民
319,在那邊酸抱小孩嬰仔連國家的恩情都勸不動了
319,所以我說台灣棒球為什麼會爛
319,酸民都貢獻了份心力
319,好了我說完了
319,有沒有才輸場就如喪考妣其實你我都推了把的八卦
320,棒球打的這麼差
320,但是體格看起來還是相當好
320,還是由王大樹帶隊中華隊選手全體改拍三級片
320,各位覺得如何
320,有內幕
321,經典賽台灣隊吞首敗賴清德引陳金鋒名言喊有信心，關關難過關關過
321,//
321,記者李鴻典台北報導
321,世界棒球經典賽昨晚台灣首戰巴拿馬，台灣隊雖然路落後但展現韌性，吳念庭在
321,局下敲出分砲，也是這屆經典賽首轟，然而，投手群失分過多，在追分不及情況下，
321,最終以比吞敗
321,不少球迷大感失望，長期支持台灣棒球發展的副總統賴清德今天
321,喊話，
321,睽違年，年世界棒球經典賽回到台中舉辦，組預賽在洲際棒球場開打，晚場由台
321,灣隊迎戰巴拿馬，萬名觀眾塞爆洲際棒球場，賴清德跟美國職棒大聯盟傳奇球星李維拉
321,擔任開球嘉賓，開完球後，熱愛棒球的賴清德也化身球迷，在觀眾席
321,上替台灣隊加油
321,賴清德今天發文寫道，就像台灣巨砲陳金鋒說過再好再不好，那都已經過去
321,了
321,今天好好休息天，調整腳步，未來場場都是硬仗，但我們有信心，關關難過關關
321,過
321,繼續為球員們加油，全力以赴，永不放棄
321,三立
321,///
321,_
322,我從巴塞隆納奧運開始看了幾年的中華隊
322,發現中華隊有個心魔直無法克服
322,就是自信心不足重要比賽容易軟手
322,重要時刻完全沒有氣魄跟霸氣
322,不像日本選手永遠信心滿滿氣魄十足
322,可能跟台灣從小的威權教育跟訓練有關
322,如果我是教練就讓選手上場前喝點維士比
322,原住民選手就喝點小米酒壯膽兼放鬆
322,解開無形的枷鎖讓選手獲得解放
322,中華隊為什麼不這麼做
323,常聽到台灣少棒國際賽
323,壓倒性的擊敗世界強權
323,國小國中讓世界看到台灣
323,出國比賽合影民眾大喊台灣
323,常聽到台灣中華隊國際賽
323,爆冷門的被世界後段擊敗
323,亞錦賽經典賽強
323,讓世界看到台灣
323,出國比賽被罵民眾大喊台灣好爛
323,如果不看歲以下的戰績
323,台灣棒球是不是真的很弱
323,可能只比中國菲律賓泰國強點點
324,張嘉哲
324,中華隊遭巴拿馬血洗
324,教練球員維基履歷全遭殃
324,第五屆世界棒球經典賽組預賽昨日正式開打，中華隊以大比分差遭到巴
324,拿馬血洗，讓許多球迷感到相當氣憤，其中包括不懂總教練林岳平的錯誤調度，也針
324,對球員的失誤操作不能理解，憤而上網將其維基百科資料進行更換，引起討論
324,回顧本場賽事，先發投手胡智爲前局都有被打者上壘，多虧江坤宇救了球，再與鄭宗哲
324,聯手策動雙殺，沒有失分，不過局開始遇上亂流，先被塔哈達敲出二
324,壘安打，接著又投出保送，無人出局被攻佔得點圈，再被卡斯提歐敲
324,出安打，丟掉第分後退場休息，接棒的陳冠偉也被連敲安，丟掉的分有分記在胡智爲
324,帳上
324,最後到了局上鄧愷威登板投球，結果第球就砸在打者身上形成觸身球保送，隨後連投
324,顆壞球保送，接著對手短打又傳壘失誤，形成無人出局滿壘，人次都沒解決就退場，
324,讓球迷相當傻眼
324,然而賽後總教練林岳平也坦承
324,此戰最大敗數是投手保送過多，保送堆疊造成大量失分
324,讓球迷相當憤怒，直接更改林岳平維基百科寫下
324,經典賽首戰對巴拿馬調度失誤，導
324,致投手大量失分，連串錯誤調度，被球迷噴為餅瓜
324,而除了林岳平之外，包括投球就送對方滿壘的鄧愷威也遭改資料，寫下
324,而二局下半短打失利造成隊伍
324,被雙殺，加上漏接外野回傳球的高宇杰也難逃球迷怒火，維基百科也遭改
324,在台灣舉
324,辦的世界棒球經典賽中，因為連續漏兩顆外野回傳球，因此被冠上奶油王子的綽號
324,顯見
324,球迷的不滿
324,////
325,剛剛看了下
325,今天的國際盤
325,哇晚上中國對日本的比賽
325,日本讓分
325,如果是不讓分賠率
325,這就等於押萬能賺萬
325,我就問日本怎麼輸
325,今天日本會贏幾分
325,///
326,昨天中華隊第戰
326,對巴拿馬
326,開球嘉賓是終結者里維拉
326,和台灣之光王建民
326,照理來說打擊者要故意揮棒落空
326,但如果打擊者突然牙起來
326,夯了支特大號
326,把球扛出全壘打牆
326,會怎麼樣嗎
326,可以跟啦啦隊瘋狂做菜嗎
326,卦
327,咱們偉大的習主席
327,看到號稱世界第二的棒球小島
327,中國台北省隊竟然被個弱隊鳥國血洗痛宰
327,丟了祖國的面子
327,丟了身為中華兒女的榮耀
327,習主席會怎麼看呢
328,中華隊這狀態
328,看起來連天生死對頭
328,中國隊
328,都可能打爆分以上
328,提前結束比賽
328,真的發生的話
328,只能用國恥來形容吧
329,或者限制人數名額
329,因為新的中華隊比較多都是年輕選手
329,年輕人遇到大場面本來就容易緊張了
329,遇到滿山滿谷的觀眾
329,還有各種歡呼加油聲啦啦隊
329,個失投或被三振就會全場安靜
329,反差的壓力讓人越表現越容易出錯
329,是不是如果昨天沒有觀眾入場加油
329,或是不要太多人太吵
329,大家壓力沒那麼大情況下
329,就可以像熱身賽那樣大獲全勝
330,///
330,只要中華隊贏球就免費送酒，店內杯啤酒要元，贏球就免費送，這樣成本是不是很高
330,啊
330,金色三麥這次行銷預算這麼多，是下重本了
330,有八卦嗎
331,聽說昨天是世界棒球經典賽
331,建仔應該是中華隊中最重要的投手吧
331,昨天投的還嗎
331,接下來是不是要進場支持下
332,媒體來源
332,三立新聞
332,記者署名
332,劉彥池吳宣萱
332,完整新聞標題
332,太襄了
332,首次國際賽應援林襄會用力地為台灣英雄加油
332,完整新聞內文
332,第屆世界棒球經典賽台灣隊日首戰對上巴拿馬
332,今年經典賽動員了支中職球團，選進
332,位最紅的啦啦隊成員組成經典女孩登場為台灣隊應援，繼去年中職明星賽後啦啦隊
332,兩大女神林襄和峮峮再度合體
332,其中林襄接受媒體聯訪時，對於首次在國際賽應援，她興
332,奮地表示很榮幸，會很用力地在場邊為中華英雄加油
332,組預賽的第戰台灣和巴拿馬交手，不但有萬名主場球迷替台灣隊加油，名經典女
332,孩也全數出動應援，日本媒體還封經典女孩是本屆經典賽最強啦啦隊
332,其中啦
332,啦隊女神林襄接受訪問時被問到，第次參與國際賽，她說道覺得很榮幸，也覺得很
332,熱血，希望大家今天會有好的表現，那我們也會很用力地在場邊為中華英雄加油
332,繼去
332,年中職明星賽後，林襄和峮峮再度合體，林襄提到自己非常期待和峮峮同應援
332,此次台灣隊英雄有來自旅外和中職各隊，對於球員的應援曲，林襄提到最花心力的是捕手
332,高宇杰的應援曲，她表示，左線預備那首，因為在壘跟在三壘的方向比較不樣，所
332,以稍微記了下，不過我們團練的時候，有告訴我們記這首的技巧，就是外野先出拳就不
332,會錯
332,///////
332,▲世界棒球經典賽，啦啦隊女神林襄右為台灣隊應援加油
332,圖記者劉彥池攝影
332,完整新聞連結或短網址
332,////
332,備註
332,請
333,昨天胡智為那個中華隊的先發投手啦
333,那個投手教練叫許銘傑啦
333,他在胡智為投球的時候喊了個暫停
333,對話是不是像以下那樣
333,為了方便起見以下用胡跟許來簡稱
333,許好了現在剛好球下去休息休天還能上
333,胡教練可是球是休四天餒
333,許真的假的我以為規則說球以上休四天是
333,不包含球ㄟ那現在怎麼辦
333,胡不然我繼續投好了
333,許好不然你多投點不然你後面也不能上了
333,就這樣雖然穩穩地過了第三局
333,但因為後面胡不能上了
333,所以教練決定偷完
333,個小小的失誤
333,導致後面兵敗如山倒
333,有沒有他們當時對話情形的八卦
334,中華民國靠小朋友刷成績，卻沒有改相應的資源，只會土法煉鋼
334,到現在連個像樣的球場都沒有
334,年的職棒冠軍賽下大雨就爭取巨蛋到現在，結果居然
334,年了還連的蛋都孵不出來
334,中華民國完全沒有能力沒有效率腐敗至極
334,年過去了連座巨蛋都蓋不出來
334,有沒有中華民國只會靠小朋友土法煉鋼刷數據，假裝自己世界第二，卻被打趴
334,年連巨蛋都蓋不出來，卻沒有人負責的八卦
335,小魯高雄處辣
335,今年太火熱全球億人口都在關注
335,整個公司也有個人在討論
335,我在旁邊聽到個說台灣打者蠻強的
335,只能怪投手不給力
335,我就很好奇這比賽不是打者才能得分嗎
335,那打者很強就只要比對面多打分不就贏了
335,這樣還能只怪投手
335,有沒有同事說問題出在投手身上是不懂棒球的卦呀
336,年前的今天
336,我在棒球版發了篇文直接被桶年
336,到今天剛好過半還剩年
336,大家覺得今天怎麼慶祝好
336,題外幹下
336,馬的這次期間我去看了下棒球版條款
336,也只有雙倍處罰而已最久也是桶幾個月
336,年前真的是機掰版皇歲桶到歲出關
337,昨天把中華隊打得不要不要的
337,打了幾分差點
337,今天遇到祖國爺爺變三腳貓了
337,荷蘭爺爺目前尻了兩發全壘打
337,幫我們出口氣了嘻嘻
338,在東京進行的韓國隊第場比賽，
338,有球員助陣的韓國以分輸給澳洲
338,///
338,再見盜壘觸殺
338,韓國那邊鄉民會暴動嗎
338,有比年強輸台灣還震驚嗎
338,韓式鍋貼好吃嗎
338,有沒有八卦
339,在洲際棒球場看到很多小學生
339,小學生說今天搭公車到洲際棒球場戶外教學
339,但是都說好無聊喔好想回去上課喔
339,有沒有大撒錢卦
339,沒有中華隊比賽就沒有啦啦隊
339,///
340,欸欸窩肥ㄦ喇
340,剛剛看比賽
340,大家看好的韓國居然輸給澳洲
340,聽老輩的人好像運動上都仇韓
340,看到韓國輸大家都在想什麼啊
340,呱呱
341,韓國剛剛輸給了澳洲
341,最終比數澳洲
341,比昨晚的中華隊更令人跌破眼鏡
341,我們已經不孤單了
341,所以中華隊算不算解套了
342,如題
342,大家覺得哪個會先提早到來呢
342,是咱們台灣隊會先殺進的四強賽
342,還是先被
342,中共給武統了
342,哪個會先到ㄚ
342,大家覺得呢
342,對ㄚ
343,台籃爛歸爛
343,至少知道自己的禁區天份不足
343,歸化新台灣人戴維斯
343,中華隊當年立竿見影幹掉中國隊
343,台灣棒球當然國際實力不是台籃可以碰瓷的
343,但是不是也因此有了包袱
343,在球員徵召上堅持全本土
343,像今年經典賽投手陣容明顯沒有野手好
343,為什麼打死不肯歸化幾個洋投來為陣容補強
344,中華隊這次的表現，
344,居然被從資格賽打起的巴拿馬
344,慘遭血洗
344,基本的功夫都沒做好
344,直投保送捕手也漏接
344,看不出來為什麼有參加的資格欸
344,我看下屆應該就是從資格賽打吧
344,不要降低比賽水平了
345,開個日本不讓分，賠率也好啊
345,天定存利率哪裡找
345,有沒有威剛不敢開日本中國賭盤的八卦
346,就是跟在看喜劇樣
346,可以讓你好好的開懷大笑
346,而且什麼莫名其妙料想不到的劇本都會發生
346,什麼七球塞滿壘包什麼來敗處
346,要被摳倒還絕處逢生全場啦啦隊自嗨球迷死命地跳不知道在跳三小
346,落後大截打個兩分砲還那麼嗨
346,"看到小玉打擊球棒晃呀晃""阿"
346,鳥飛
346,"""""阿"
346,鳥滾
346,""""
346,真的不知道他在晃三小朋友
346,有沒有看中華隊其實挺有趣的八卦
346,真的有夠適合群朋友喝啤酒配滷味配鍋貼話家常邊笑
347,是這樣的
347,今天韓國輸給澳洲後
347,板上或是臉書留言紛紛叫好
347,只要看到自已認為的世仇輸球
347,彷彿昨天晚上大敗的陰霾平復不少
347,覺得台灣棒球其實沒有那麼差
347,那麼把立場顛倒
347,韓國人看到台灣輸球
347,特別是之前敗給中國
347,心情是不是也很爽快啊
348,日本轉播
348,字卡跑出這個
348,///
348,不是寫中國台北或中華台北欸
348,台灣轉播有人有注意到怎麼寫嗎
348,有沒有日本比台灣還愛呆丸的卦
349,世界棒球經典賽
349,最受矚目的場球賽
349,即將開打
349,中國今晚若打爆日本
349,台灣地區
349,這個區的球迷會怎麼想
349,有卦嗎
350,棒球迷的世仇韓國
350,南部人的仇人大陸
350,今天雙喜臨門
350,韓國輸大陸輸
350,已達成本屆首要目標
350,昨天中華隊雖敗猶榮的遺憾
350,已煙消雲散
350,棒球迷現在定很嗨對吧
351,日本隊滿壘無人出局只得分
351,昨天巴拿馬滿壘隨便都得分
351,才讓中華隊吃鍋貼
351,日本隊看起來得分能力比中華隊還差
351,這樣中華隊打得贏日本隊嗎
352,日本人滿場戴口罩
352,///
352,請問八卦版都說只剩台灣在戴口罩
352,為啥連日本人也在戴日本還沒解除限制嗎
352,如果八卦鄉民生活在日本會不會上來幹幹叫還要戴口罩
353,如題
353,鄉民致認為會贏的才是國球
353,那台灣拿了屆冠軍
353,兩屆冠軍
353,北歐烘焙冠軍
353,這樣子台灣的國民飲料其實不是手搖而是咖啡嗎
353,有沒有八卦
354,只是看個球賽，又沒有中華隊
354,還堅持要買星巴克咖啡的人在叫什麼
354,明明買小七拿鐵值高，又方便
354,如題
354,星巴克拿鐵真的屌打統超拿鐵嗎
355,反正是祖國
355,又有大谷祥平具實力以及話題性的球星
355,是不是根本應該支持日本啊
355,還在甚麼中華隊
355,大家覺得呢
356,中國歲投手先是對日本連發滿壘居然只掉分
356,還在本壘殺日本跑者
356,接下來投手牽制日本壘跑者出局
356,然後再度滿壘時對上大谷
356,結果換投拆彈成功解決大谷失分
356,這劇情換成中華隊起碼掉五分以上了吧
356,中國太猛了欸
357,剛剛中國投手，滿壘解決大谷翔平
357,打到現在才讓日本得分
357,中國是對上目前最強的隊伍日本隊，可不是巴拿馬這種小咖隊
357,中國投手等級防守都做得蠻不錯的
357,真的非昔日吳下阿蒙了
357,下次中國台北隊遇到祖國中國隊，還有信心能贏嗎
357,畢竟只是省隊而已
357,卦卦
358,大谷就不用說
358,的球質，沒得打
358,投手以為會被波帶走
358,結果直保送也只得分
358,塞到滿壘不是被牽制
358,就是大谷鳥滾結束
358,中國投手雖然抖抖
358,但看起來都能安然下庄
358,怎麼中華隊就被直接大局
358,怎麼感覺投手比中華隊還穩
358,有中國已經算贏的掛嗎
359,義大利明戰中華隊皮亞薩不能低估對手
359,記者陳立勳台中報導
359,年經典賽日晚間在台中洲際球場由義大利交手古巴，明天義大利將對上中華隊，義
359,大利總教練皮亞薩表示，不能低估對手
359,明天將碰上中華隊，皮亞薩表示，我們預期中華隊會在主場很難應付，每支球隊都可能
359,遇到挑戰，這就是棒球，不能低估對手，全力以赴應對每場比賽，每支球隊為了榮譽而戰
359,，尤其經典賽，中華隊是基本功非常好的球隊，或許力道與身材不像美國那麼優異，但紀
359,律與基本功，甚至於控球也很好，都不是那麼容易對付，不能視為理所當然，我告訴球員
359,預賽就是場比賽，每場能夠輕忽，不能因為結果影響，要拿到勝利爭取晉級
359,今天義大利派出哈維先發迎戰古巴，皮亞薩表示，哈維是很有經驗的
359,投手，在世界大賽出賽過，也非常努力融入這支球隊，雖然名字聽起來不像義大利人，但
359,他的母親來自義大利，蠻驚訝他是義大利血統，大家都非常興奮與期待，希望他有好表現
359,，古巴裡面有球員有大聯盟經驗，知道怎麼打球，打擊比較積極，牛棚也有很好的投手，
359,有很強的棒球傳統，是不能低估的球隊，昨天輸球了更是背水戰，我們也做好功課，球
359,員對他們也有瞭解，不會低估他們，蠻欣賞他們的球風
359,這次義大利教練團有來自台灣的徐志維，皮亞薩表示，徐志維對於中華隊有認識，我已
359,經把他當成義大利人看待，對我們有很大的幫助，已經做出很多貢獻，希望可以把他帶去
359,美國，球隊昨天比賽輪空，我們希望賽程對我們是有好處的，但賽程必須要去面對，不能
359,改變的，有時間觀察其他球隊，在場上能不能執行策略，不能只靠球探報告，需要有好的
359,執行，希望發揮團隊強項
359,////
360,剛剛中國隊在滿壘兩出局的情況下
360,日本隊派出了蘿莉控大谷翔平
360,原本想來個滿貫砲但事與願違
360,如果這情形給中華隊來投球
360,會失幾分呢
361,略
361,不能低估對手
361,台灣都是精銳盡出~
361,明天義大利定是場硬戰
361,義大利這個連世界盃都踢不進的國家
361,明天我們定要踢爆義大利
362,如果是中華隊
362,連續六保送有可能可以幹掉大谷嗎
362,目前打到現在才
362,要是中華隊怎麼可能扛得住
362,現在的中華隊是不是打不贏中國隊了
363,對大谷都跟的到
363,更別說還打出支安打
363,反觀中華台北聽說是國球
363,應該連碰都碰不到吧
363,中國是不是都比中華隊強了
364,台灣在經典賽
364,自參加以來
364,勝難求
364,前前後後，只贏過三場
364,昨天會有這成績也不算太意外吧
364,比較讓外國人意外的是
364,台灣棒球綜合排名世界第二
364,但實戰成績，慘不忍睹
364,這讓人對不上來
364,好了，不說了
364,再說下去就太殘忍了
364,你各位，台灣的棒球還有救嗎
365,媒體來源中時
365,記者署名池宗玲
365,完整新聞標題林襄爆哭認心情敏感坦言過瘦曝體重數字
365,完整新聞內文
365,啦啦隊女神林襄今日與隊友筠熹曲曲阿布舞出席眼科活動，林襄日前在限動分
365,享
365,，被媒體問到近期壓力是否太大
365,她表示就算有壓力，也會珍惜每份
365,工作
365,談到日晚間中華隊敗給巴拿馬的賽事，會失落嗎
365,林襄表示啦啦隊都很正向，會
365,繼續做好啦啦隊該做的應援
365,她月
365,錄製外景時，身體不適後緊急就醫，今被問起身體狀況，她坦言過瘦，目前體重大
365,約公斤，想再吃胖點
365,其他啦啦隊女孩擔憂的說怕林襄沒有公斤，區區則說可能都
365,胖在該胖的地方，害得林襄害羞不已
365,近日網友們討論王淨林襄誰是真女神
365,對此，林襄謙虛表示人屬於不同路線，不
365,覺得自己贏，我跟她不熟，沒有辦法做出評論
365,筠熹說人都是女神，林襄是啦啦隊
365,代表，我朋友的男友是韓國人，他也知道林襄，還說提到啦啦隊就會想到林襄
365,，林襄說是先看到郭書瑤拍，覺
365,得很漂亮所以跟著拍，我們大概早上六點就起床化妝，也是怕被旁邊的人關注
365,她這
365,趟旅程不僅吃飯時巧遇賈永婕，還在逛被粉絲認出，大喊她的名字
365,完整新聞連結或短網址不可用等轉載媒體
365,////
365,備註可惡想把她餵胖
366,各位奶三十公分帥哥美女大家晚安大家豪ㄛ
366,就是阿小魯熊熊觀察到個好奇的問題想問問大家，
366,小魯剛剛在看新聞，為了避免被貼上中共同路人的標籤，特別選愛台灣的民視新聞☺
366,剛剛好在播報記者採訪林襄，大概的意思是昨天輸球不要氣餒，繼續為中華隊健兒加油，
366,結果林襄講的是為中華隊加油，民視的字幕特地打成台灣隊加油，真的是很努力捏，
366,看到這種狀況真是哭笑不得，只會鍵盤改字台獨，其他謀三小簍用
366,查了下版上，原來三立新聞自由時報也是這樣改字台獨自嗨，不愧是三民自，
366,小魯就好奇了，三立新聞民視自由時報是不是只會鍵盤台獨，跟覺青樣☺
366,有沒有三立新聞民視自由時報只會窩著改名鍵盤台獨的八卦啊☺☺☺
367,是說棒球在中國是超冷門的運動
367,但好像有在中國培養人才
367,應該是想要開拓中國的棒球市場
367,不過中國般人跟中國政府似乎沒啥興趣
367,我猜搞不好就是因為中國政府不重視
367,反而有不錯的發展
367,套句中國人的說法
367,不管就亂，管就完蛋
367,_
368,別的先不說
368,目前淪陷區被滿壘次沒失分
368,失分都是被打安打
368,先看看昨天我們差點被巴拿馬摳荳那場
368,滿壘都不知道丟了幾分
368,可憐吶
369,還記得之前都會有日球迷出來批判
369,為什麼這次沒有日球迷啊
369,還是中華隊爛到不知道要從哪邊吐槽了
370,目前的中國隊的確比現在的中國中華台北隊強ㄟ
370,光看前三局表現只失分
370,就可以看出中國隊投手群比中國中華台北隊強
370,果然中國已非昔日吳下阿蒙
370,若不是大谷兩分打點安打
370,可能整場筆下來會是
370,結論就是目前
370,中國隊中國中華台北隊
371,昨天巴拿馬打球的時候很安靜
371,可是中華隊進攻的時候超熱鬧的
371,會喊球員的名字現場的聲音啦啦隊女孩的腿
371,雖然球技不如人但是現場應援超讚的吧
372,世界棒球經典賽組預賽在東京舉辦
372,中國日本
372,中國投手群到局只讓日本得分不說
372,梁培還從去年日本中央聯盟三振王的手中敲出全壘打幫助中國破蛋
372,有沒有中國的棒球讓人感到意外的卦
373,如題，就是阿
373,記得多年前我們遇到中國棒球隊幾乎都是練兵
373,但今年的中國棒球隊好像很猛
373,還可以打日本隊全壘打
373,如果我們打中國隊是開嗎
373,有卦
374,對上先發大谷的日本隊還能有來有往
374,這屆的中國隊肯定是打了針或吃了藥
374,覺得比世界第二的中華隊還強
374,不知道各位怎麼看
375,如果說是的話
375,就是開阿
375,兩隊對戰勝敗平手
375,隊隊史三勝隊兩勝
375,看起來實力就差不多
376,經典賽分組每組都有個看起來就是給其他國家刷爽用的
376,像是英國捷克菲律賓這種
376,組本來以為比較弱的是巴拿馬
376,結果中華隊差點被扣倒
376,是不是中華隊才是組的靶子隊
376,有沒有八卦
377,這次的中國隊怎麼有種以前中華隊的既視感
377,真的是這屆大黑馬
377,我看日本不勒緊褲帶
377,真得會翻船ㄟ
377,不要不信邪
377,早知道壓中國贏
378,看賽程安排，中華隊其實還蠻吃香
378,例如昨天對手巴拿馬，昨晚剛打完中華隊，
378,今天早上就要跟荷蘭打，
378,而中華隊第二場比賽是明天晚上打，
378,台灣棒球目前世界排名第二強，
378,加上有地主優勢，場邊觀眾面倒幫中華隊加油
378,中華隊這次經典賽預賽晉級也很合理吧
378,為什麼中華隊棒球經典賽才輸場就被那麼多人看扁認為無法晉級
379,如題
379,明朝在薩爾滸戰役之前直把自己吹了多強多猛，萬曆三大征三戰全勝
379,雖然戚繼光退休，李如松戰死，但我明朝猛將如雲，用的就可以爆野豬皮，結果萬
379,被像殺雞樣宰了，從此明朝軍隊蹶不振
379,昨天種花隊雖然沒被扣豆，保留部分臉面，但是會不會以後跟明軍樣只能種花
379,以下開放留言你行你上啊
380,以前中華隊有世界級的比賽時
380,麥當勞都會轉播
380,而且是用大投影幕
380,男女老少起來麥當勞看
380,起尖叫歡呼
380,起罵髒話
380,去麥當勞看過中華隊打棒球的都幾歲了
381,備註請放最後面違者新聞文章刪除
381,媒體來源
381,三立
381,記者署名
381,蔣季容
381,完整新聞標題
381,台灣比落後球迷仍熱情應援
381,大聯盟記者目睹驚呼不敢相信
381,完整新聞內文
381,///
381,台灣隊以比慘敗巴拿馬，拿下首敗
381,圖記者劉彥池攝影
381,世界棒球經典賽組預賽日開打，台灣隊以比慘敗巴拿馬
381,儘管直處於落後狀態，但台灣球迷及啦啦隊仍相當熱情應援，讓旁的美國大聯盟記者驚呼不敢相信
381,台灣隊昨日比輸球，吞下經典賽首敗，大聯盟記者莫納根也到洲際球場觀戰，當時已是第局，台灣仍處於落後狀態，他直呼球迷們仍然站著歡呼跳舞唱歌，真是難以置信
381,▲台灣球迷熱情應援
381,回顧賽事，台灣隊的安打數和巴拿馬的安打數接近，我國也有主辦城市的優勢，場上可以聽到滿滿的加油聲，但巴拿馬隊卻能克服壓力拿下勝利
381,對此，巴拿馬隊教練總教練歐提茲表示，當巴拿馬得分後，場上台灣觀眾就會安靜下來，這時他們會努力搶分，來對抗台灣的熱情應援
381,儘管部分球迷相當熱情，但前局打完台灣隊以分差比落後，巨大差距讓部分球迷提前離場
381,反觀現場支持巴拿馬的球迷則是臉上滿滿笑容
381,///
381,台灣隊局上單局失分，部分觀眾提前離席
381,圖記者劉彥池攝影
381,完整新聞連結或短網址不可用等轉載媒體
381,///
381,備註
382,的預賽開打了
382,各國的球員們打的如火如荼
382,有的表現亮眼讓人跌破眼鏡
382,像是被我們看不起的中國，連續請大谷翔平吃了
382,也只輸日本三分而已
382,反觀中華台灣隊，對上個阿里不打的巴拿馬就被打出高達七分的比分差
382,如果這屆我們跟中國是分到同組
382,以現在這代球員的水準和陣容還打的贏中國嗎
382,還是說會在球場上被碾壓呢
382,有沒有專業球迷可以分享下啊
383,北京奧運棒球中華隊成軍時媒體誇口多少強投多少大砲打者士氣高昂球迷個個信心滿
383,滿
383,結果遇到沒有棒球文化倉促成軍的中國隊
383,中華隊慘遭滑鐵盧苦吞敗績後來還被淘汰連四強都進不去更不用說拿下獎牌
383,想問下
383,奧運時棒球擁有強投大砲的中華隊是怎麼輸中國隊的
383,求解
383,///
384,三立//黃韻璇報導
384,不敢相信
384,中國隊轟出陽春全壘打日本掉分全場安靜
384,世界棒球經典賽，組的賽事在東京巨蛋登場，今日晚場地主日本隊推出投打
384,二刀流球星大谷翔平掛帥先發，面對中國隊，原本外界預期兩隊實力差距大，沒想到
384,局結束時，中國僅落後日本
384,隨後日本拉開差距，比數來到，沒想到局上中國
384,隊第棒梁培從日本手中打出陽春全壘打，比數來到
384,◆觀看影片連結
384,///
384,日本隊首戰碰上中國，推出大谷翔平先發，他前兩局漂亮讓中國打者上下，不過中國隊
384,先發王翔，雖然首局單局就出現連次保送，日本擠回第分，然而出局滿壘時，岡本和
384,真敲出右外野飛球遭接殺，近藤健介往本壘跑時也被封殺出局，形成另類雙殺
384,局下王翔續投，出局後源田壯亮敲出二壘間穿越安打，不過他上壘後卻因為離壘過遠
384,，直接遭到王翔牽制出局，之後日本隊雖然又連續獲得次保送第二度攻佔滿壘，但最後
384,大谷翔平僅敲出滾地球出局，日本留下滿壘殘壘
384,局下中國隊投手王唯三振村上宗隆，雖然日本隊接連有球員上壘，不過源田壯亮擊出
384,滾地球，再度留下滿壘殘，局結束中國落後日本，局上半中國隊球員楊晉，更從日
384,本王牌大谷翔平手中擊出壘安打
384,而打者大谷前兩打席面對中國小將王翔，第次選到四壞球保送，第二次上來敲出滾地球
384,出局，第三次面對中國隊中繼王唯，在三壘有人的情況下敲出左外野深遠飛球，棒
384,送回位隊友，日本隊前局打完取得領先
384,沒想到局上，中國隊第棒梁培從日本隊手中轟出陽春全壘打，也讓中國隊在這場比賽
384,破蛋，比數來到，中國隊轟出全壘打也讓東京巨蛋瞬間安靜
384,完整新聞連結或短網址
384,///
384,備註
384,不敢相信
384,三立會這樣標題
385,媒體來源
385,三立
385,記者署名
385,林偉帆
385,完整新聞標題
385,哈孝遠與洋將爆口角
385,嗆到激動處嘴對嘴激吻超猙獰表情網傻眼
385,完整新聞內文
385,高雄全家海神日在主場迎戰台啤英熊，最終台啤吞敗
385,值得注意的是，第三節時台啤
385,英熊自家卻爆發內鬨衝突，球隊總經理哈孝遠與洋將大勝在場邊起激烈口角，人隨後進
385,休息室解決
385,不料有現場球迷拍攝到，哈孝遠和大勝衝突瞬間嘴對嘴撞在起，看似
385,哈孝遠與大勝激吻，臉部猙獰模樣讓網友看傻眼
385,台啤英熊昨日以敗給高雄海神，雙方上半場比賽陷入膠著，來到第節時，台啤洋
385,將大勝疑似不甘被換下場，直接與台啤總經理哈孝遠爆發激烈衝突，引發陣騷動，過程
385,還被轉播單位拍下來，人隨後進休息室解決，結果該場比賽大勝就遭冷凍沒繼
385,續上場
385,沒想到如今網路上也流傳張現場球迷拍攝的照片，畫面中，只見哈孝遠和大勝
385,在爆發激烈口角的過程瞬間，嘴巴對嘴巴已經撞在起，從觀眾席視角看過去，就好像哈
385,孝遠與大勝在板凳席區激吻，並露出臉部猙獰的表情，超糗幕引發網友激烈熱議
385,關於與洋將的衝突，哈孝遠賽後沒有進行過多解釋，僅透露就算是兄弟間也會有爭執，但
385,經過來往溝通後兩人已經沒有疙瘩，哈孝遠也開玩笑表示因為今天球迷都在關注
385,經典賽，我們這樣是希望讓大家多關注的比賽
385,完整新聞連結或短網址不可用等轉載媒體
385,///
385,備註
385,"我倆惺惺相惜,情不自禁"
386,正在的大家還有日球迷們安安阿~~啊我就心齋橋哥啦
386,身為心齋橋哥呢，怎麼可能錯過今天的比賽
386,話說剛剛中國投手不知道是白目還是不懂得節目效果
386,在日本滿壘的時候，就是要假裝手滑掉讓大谷來顆滿貫砲
386,這樣子不僅中國球迷會叫好，日本球迷也會謝謝中國帶來這麼精采的比賽，嘻嘻
386,是不是像我這樣講比較有節目效果
386,瓜
387,媒體來源
387,記者署名記者張宏業台北即時報導
387,完整新聞標題太陽聯盟重裝春酒辣模神似曾莞婷楊謹華氣質脫俗睛艷全場
387,完整新聞內文
387,本省掛最大組織太陽聯盟旗下富陽會，昨晚在台北花園酒店舉辦春酒，富陽會別出心裁
387,，聘請車模展場模特兒及空姐擔任迎賓七仙女，七名辣模華麗登場，拉開晚宴序幕
387,，這七人平均身高超過，個個面容姣好，其中不乏明星臉正妹，有人神韻酷似女星曾
387,莞婷，也有人笑起來像楊謹華，讓晚會變得星光熠熠，瞬間柔和了陽剛之氣
387,晚宴主人是富陽會長元元，太陽聯盟盟主黃俊傑副盟主麥克總顧問王嘉村
387,天道盟長老瑤山牛都是主桌座上賓，大型舞台上秀出富龍盤據締聯盟陽盛英
387,雄聚集團藏頭詩，寓意太陽兄弟團結心
387,北市警方不敢大意，出動大批特勤人員持自
387,動步槍戒備，連台北市警察局長張榮興都到場坐鎮
387,身高的夏天畢業於台中科技大學，外貌酷似電影角頭女主角曾莞婷，她展演
387,經驗豐富
387,，曾選過兩岸四地中國小姐，當過上海法拉利車展車模，當時她還下場體驗最強
387,馬王的加速力道，這輛車馬力有馬力，瞬間時速就能達到，因此
387,下場還前必須簽下生死狀，她下場繞個兩圈後，心臟差點停掉，令她印象深刻
387,夏天笑說，她的興趣是打高爾夫，開球有碼的實力，昨晚她原以為只是單純晚宴
387,接待，沒想到現場有這麼多大哥，還有重裝警察拿長槍戒備，
387,刺激程度不輸體驗
387,，感覺相當特別
387,，她自嘲幸好斟酒時都有注意到禮儀，否則得罪大哥可吃不消
387,身高的小潔畢業於嘉南藥理大學，微笑神韻頗似女藝人楊謹華
387,，家住高雄的她，
387,原本在當地間醫美診所上班，最近因緣際會接觸接待工作，昨天是她首度參加黑幫大型
387,聚會，早就起床搭高鐵北上排練
387,她笑說，從沒遇過出電梯就被警察攔檢看身分證，感覺好尷尬，還有群小弟看到俊傑
387,就立刻高喊大哥好，彷彿在拍電影樣，讓她不時戰戰兢兢，
387,但這種刺激的體驗，很
387,像是高空彈跳，算是相當難得的經驗
387,至於
387,則是賽道熟面孔，她曾任空服員，也當過重機與超跑車模，表演過內衣走秀
387,，畢業於文化大學法文系的她，昨晚同樣是黑幫初體驗
387,，整場接待工作最擔心的事，不是
387,恐懼大哥，而是覺得晚宴禮服太長，很害怕會踩到跌跤，走路格外謹慎
387,///
387,車模曾是空服員
387,記者張宏業攝影
387,///
387,模特兒小潔微笑神韻頗似女藝人楊謹華
387,記者胡經周攝影
387,///
387,太陽聯盟盟主黃俊傑中參加富陽會春酒，辣妹女接待右小心翼翼斟酒
387,記者張
387,宏業攝影
387,///
387,模特兒妮妮是太陽聯盟迎賓七仙女之
387,記者胡經周攝影
387,///
387,車模夏天外貌酷似女藝人曾莞婷
387,記者胡經周攝影
387,///
387,生活照
387,圖/提供
387,///
387,夏天生活照
387,圖/夏天提供
387,///
387,小潔生活照
387,圖/小潔提供
387,///
387,迎賓七仙女
387,記者胡經周攝影
387,///
387,迎賓七仙女
387,記者張宏業攝影
387,///
387,婷婷生活照
387,圖/翻攝婷婷
387,完整新聞連結或短網址不可用等轉載媒體
387,//////
387,_
387,備註
387,好正ㄛ
387,這麼多正妹好爽ㄛ
387,不知道有沒有參加的旗袍妹當場變黑幫夫人的
388,剛剛看義大利對古巴
388,義大利也才得分
388,以中華隊完整的陣容
388,明天對上義大利
388,是不是穩能打滿局
388,不會被義大利了
389,日本跟支那今天打成
389,樣是大比數差距的比賽
389,跟中華隊昨天的比賽
389,哪個讓人覺得比較慘
390,中國隊跟昨天中華隊樣，差點被
390,現在論棒球程度，是不是兩岸家親了
390,是不是再過十年中華隊還是打不進第二輪
391,如題，抬頭
391,韓國隊稍早輸給般認為實力較沒那麼強的澳洲隊
391,未來的對手，日本隊在今天比賽末段打開來了，
391,而另個接下來對手中國隊也用前七局好表現練出了信心，
391,韓國隊看完這場比賽在想什麼
391,有沒有八卦
392,以前中國參加國際賽都是被
392,今天對日本撐到第局才被拉開比數
392,反觀中華隊從巴塞隆納奧運拿到銀牌之後
392,只有日本派業餘球員的杜哈亞運拿過金牌
392,近年國際賽幾乎被日韓壓著打
392,偶爾還會輸給中國
392,世界各國的棒球都在進步
392,只有中華隊越來越弱嗎
393,澳洲韓國
393,古巴義大利
393,荷蘭巴拿馬
393,每場都很膠著
393,不到最後刻不知道誰贏
393,九下古巴義大利
393,義大利堆等級的打者
393,還是被古巴鎖住了
393,如果古巴來個再見安
393,那中華隊只求不墊底就及格了
393,有比賽都刺激的掛嗎
394,"日本直播時,"
394,"會跑出棒球球員的基本資料和介紹字幕,"
394,"看到日本投手才歲,"
394,"中國的棒球球員,"
394,"竟然有歲,"
394,"更誇張的是,"
394,還有歲
394,啊中國到底是什麼情況
394,"讓幾乎可以當成日本投手爸爸歲數的人,"
394,出戰
394,"雖然很顯然,"
394,"日本投手根本不吃這套,"
394,"豪不猶豫,"
394,"對著已是爸爸那輩的中國球員投球,"
394,球場就是戰場
394,但是看了著實覺得於心不忍
394,有沒有中國棒球隊是在想什麼
394,"是在用什麼奇策,"
394,派這等年紀的人出賽
394,所以八卦是
395,媒體來源
395,三立新聞
395,記者署名
395,黃韻璇
395,完整新聞標題
395,台灣隊慘輸日本人也震驚
395,日球評憶王建民時期嘆實力下降了
395,完整新聞內文
395,世界棒球經典賽組賽事，日在台中洲際棒球場開打，台灣對上巴拿馬，首戰就以比
395,慘敗，這樣的結果不只令許多台灣人驚訝，就連日本球評也驚訝直言，台灣在三級棒
395,球實力強勁，反觀級賽事相對低迷
395,據日媒報導，台灣隊這場比賽也吸引許多日本球迷討論，其中日本資深
395,球評ゴジキ也直言，台灣隊相較於當年王建民陽岱鋼的時期實力下降了
395,球評認為，直以來台灣在三級棒球賽事中，都展現強勁的實力，然而反觀台灣參加級
395,賽事，表現都相對低迷，其他日本網友也分析認為，台灣職棒中太過依賴洋將投球，無論
395,是勝場數三振數等紀錄，排名前段的多是外籍投手，也讓投球能力成為台灣棒球最
395,大弱點
395,昨日晚間的這場賽事中，台灣隊先發胡智為前局都壓制住巴拿馬的打線，但第局卻碰上
395,危機，先被敲出壘安打後，緊接著又四壞球保送對手球員，隨後被打了二壘間穿越安
395,打後，讓巴拿馬拿下了第分，而陳冠偉接替後又被敲出了支安打，局結束，台灣隊落
395,後分，直到了局下，才靠張育成敲出適時安打，幫助台灣破蛋，追回分
395,不過在之後鄧愷威上場後控球失常，也讓接替上場的曾峻岳吳哲源壓力倍增，等到局
395,上結束，台灣隊這時已經落後多達分
395,而在局下時，台灣隊也拿下了第分，在局下
395,台灣隊抓準巴拿馬換投不穩，又追了分，這時比數來到了，接著台灣隊在第局再
395,度展開攻勢，鄭宗哲敲出深遠安打口氣衝上三壘，林立滾地球遭刺殺，但也送回台灣
395,隊第分，但終場就以輸球，吞下預賽首敗
395,完整新聞連結或短網址不可用等轉載媒體
395,///
395,_
395,備註
396,賽前評估台灣最有可能贏的是巴拿馬
396,結果昨天差點被巴拿馬摳豆
396,大家直罵中華隊真爛
396,啊是不能承認巴拿馬進步嗎
396,承認很難嗎
396,卦
397,巴拿馬拿走了十二分贏了中華隊七分
397,日本隊拿走了八分贏了中國隊七分
397,同樣都是輸七分
397,為啥讓臺灣人覺得巴拿馬比日本隊強的感覺
397,是錯覺還是中華隊不如中國隊
398,經典賽義大利本屆首次登場，擊敗古巴
398,古巴二連敗，已經在淘汰邊緣
398,明天義大利要對上台灣，希望中華隊加油
398,大家怎麼看明天中華隊跟義大利的勝負
398,還有日本大戰韓國
399,義大利贏古巴比
399,中華隊明天會輸幾分
399,有沒有卦義大利麵對決四海遊龍
400,看完義大利跟古巴
400,發現義大利打者棒子都很黏
400,打擊技巧也很好
400,不會硬拉打
400,不愧是滿滿等級以上的打者
400,投手也很有宰制力
400,中華隊打擊有拚
400,但投手就不多說了
400,對義大利不要想太多，快樂野球
400,中華隊輸幾分各位覺得算及格
400,有掛嗎
401,媒體來源
401,記者署名
401,黃宣尹
401,完整新聞標題
401,經典賽熱戰
401,林佳龍談台中洲際球場變化憶拜訪三星少棒
401,完整新聞內文
401,年第屆世界棒球經典賽日開打，台灣隊首戰敗給巴拿馬隊，將於日再出戰義
401,大利，爭奪首勝
401,總統府秘書長林佳龍談到棒球表示，自己過去擔任台中市長時，投入
401,萬預算更新此次經典賽的主場洲際球場，也整合周邊為棒球文創園區，如今感謝現任台
401,中市長盧秀燕支持
401,他也細數，自己去年也曾到訪宜蘭拜會三星國小棒球隊，資助小球員
401,出國受訓，期盼未來持續看到台灣棒球有好的發展
401,林佳龍表示，棒球是台灣國球，從年代以來凝聚台灣人的集體記憶，也讓台灣在世界
401,舞台被看見
401,不論是過去守著收音機老球迷，或是現在透過網路轉播看球賽的新粉絲，特
401,別是在國際賽事上，總是能夠讓全國球迷熱血沸騰
401,林佳龍說，此次經典賽的主場是台中洲際棒球場，要感謝前台中市長胡志強的建設基礎，
401,自己上任台中市長後，也媒合了職棒中信兄弟隊認養為主場
401,當時，林佳龍率領台中市政府投入萬預算更新球場及週邊設施改善，包括設置全台最
401,大全屏螢幕計分板排水系統紅土草皮整修維護等，希望能夠為台灣中職球隊與球
401,迷帶來更好的設施與服務
401,林佳龍進步說，洲際棒球場周邊的迷你蛋，當年台中市政府克服過去面臨工程延遲
401,以及解約的困境，將迷你蛋完工後轉型為多功能運動中心，整合為棒球文創園區來服
401,務更多球迷
401,在國際賽事上，球場的維護與更新也感謝盧秀燕與中信兄弟球團的合力支持，很高興能夠
401,看到台灣職棒持續打出亮眼成績與精彩比賽，重燃球迷的信心的熱情
401,林佳龍也提到，在基礎球員訓練上，自己去年也曾到訪宜蘭拜會三星國小棒球隊，希望這
401,個孕育出許多職棒球星的基地，能有更好的訓練環境
401,林佳龍說，球員們從小過著與般學童不童的訓練生活，他也透過創立的光合基金會資助
401,棒球隊這幾年寒暑假集訓伙食費，也讓小球員到美國大聯盟受訓，有機會透過棒球探索
401,世界，找到自己的發光方式
401,完整新聞連結或短網址不可用等轉載媒體
401,////
401,備註
401,請
402,看完準備睡睡的各位安安阿~~我就心齋橋哥啦
402,去年是有看到所謂的也要改成充電了
402,終於阿，不然每次線都跟別人不樣實在是很不爽啦
402,問題來了，無論是哪種充電頭，我發現用了兩年
402,後來都越來越鬆，要某個角度才有辦法充電這樣
402,欸欸這樣也太不環保了吧
402,我想利用神通廣大鄉民們的集思廣益，該怎麼解決越插越鬆的問題
402,瓜
403,////
403,中華隊派江少慶先發打義大利全力拚本屆首勝
403,記者賴冠文台中報導
403,中華隊昨天比遭巴拿馬擊潰，今日公布明天對戰義大利先發投手，由江少慶先發
403,上陣，力拚中華隊本屆經典賽首勝，
403,江少慶在月日對統獅先發局，使用球，被敲安打，失分，月日對中信兄弟
403,投局失分退場
403,不過江少慶前次先發是在日官辦熱身賽對兄弟先發，僅投局用球
403,，被敲安打都是長打，失分責失
403,卡斯提拉尼年洛磯隊第二輪選秀指名，在高階被指名為明星隊成員，年月日
403,在大聯盟初登板
403,年與運動家隊簽約，去年在為主，累積場共局，勝敗
403,防禦率，次三振個保送
403,在大聯盟累積場出賽共局，無失分
403,中華隊首戰敗給巴拿馬，接下來連戰依序對上義大利荷蘭古巴，每場都很關鍵，
403,尤其日晚上打荷蘭日中午打古巴，晚接早的賽程考驗球員體力
403,談起對義大利是否是背水戰，中華隊總教練林岳平表示這戰都是背水戰，沒有說
403,輸掉第場之後，才是背水戰，首戰對巴拿馬賽前，就知道會是場很艱難的賽事
403,心得附註
403,現場可以送夏威夷披薩跟肉圓披薩進去嗎
404,剛剛看完，滑下推特
404,突然發現個熟悉的畫面
404,///
404,這日本人推友是也在用是不是
404,然後意外的日本人很喜歡村上柏融這個梗就是了
405,被巴拿馬打爆後
405,我更加篤定我的下半身要靠中華隊了
405,雖然賠率還沒開出來
405,但我賭輸分以上少說也有倍以上的賠率吧
405,萬
405,這點錢夠過下半生吧各位鄉民說是不是
406,不囉囉如下圖
406,小弟剛下大夜班去附近麵攤
406,吃麵加了滷蛋，今天爆幹累
406,還好明天休假可以看中華隊
406,連產線越南移工也支持中華隊
406,真是不簡單，離題了下面這碗
406,榨菜肉絲加麵筷子已經更換
406,多少錢你買，台中工業區
406,///
407,原本以爲中國會被血洗
407,結果中國面對奧運金牌只被拿分而已
407,我國打運河仔就被打分
407,原本以為會有中國幫忙墊
407,現在看來這支中華隊是參賽國裡最爛的嗎
408,剛剛世界棒球錦標賽
408,祖國大勝大比分屌虐對方
408,虐的對方不要不要的
408,該如何慶祝祖國棒球大勝
408,有沒有這方面的八卦
409,剛看完祖國隊日本隊打
409,中國隊防守跟投手，明顯比我們高好幾個檔次，別忘了他們是跟日本隊打
409,今年日本應該是這次最強的隊伍
409,而且它們不怕日本隊，敢於對決
409,不像台灣看到日本，好像被殖民者看到主子樣，不知道在怕什麼
409,攻擊的話是大概是中國台北隊強
409,如果兩岸台灣省隊對岸國家隊，應該可以互補
409,個強的攻擊個強於防守
409,兩岸組成隊來打是不是可以組成最厲害隊伍，來衝擊總冠軍
409,卦卦
410,如題
410,誰會贏啊
410,不太清楚誰強誰弱
410,但中華隊被巴拿馬打爆那場到是有追
410,晚餐吃夏威夷披薩可以助威中華隊嗎
410,有沒有這方面的八卦
411,/
411,南韓日本
411,義大利臺灣
411,看到昨天被巴拿馬虐菜
411,實在不忍心再看中華隊的比賽
411,明天是該轉支持義大利打爆中華隊
411,還是去看祖國日本力抗南韓
413,媒體來源
413,記者署名許敏溶
413,完整新聞標題提前算出中華隊大敗台體大績優教師分析投手戰力遠不如巴拿馬
413,完整新聞內文
413,記者許敏溶台北報導
413,年棒球經典賽昨天中華隊首戰比不敵巴拿馬，甚至差點在第七局被提前結束比
413,賽，今日剛獲得教育部大專校院教學實踐研究計畫教師的台體大副教授張哲維表示
413,，在開設的運彩分析師精彩你的人生課程中，大家就算出這場比賽是場輸分在分
413,左右的比賽，張哲維分析，巴拿馬有大聯盟等級投手，反觀中華隊投手並沒有，中華隊投
413,手戰力不如巴拿馬，對昨晚結果並不感到意外
413,教育部自年開始推動大專校院教學實踐研究計畫，首度針對個別教師進行教學實
413,踐研究經費補助，將高教創新落實於大學課室
413,年度計畫於年月日執行完畢，
413,教育部從件計畫中評選出件績優計畫，今天下午在國家圖書館舉辦年度頒獎典
413,禮
413,目前為台灣體育運動大學休閒運動學系副教授張哲維，就以運彩分析師精彩你的人生
413,研究計畫，獲得商業及管理的教學實踐研究計畫教師，而且有別於傳統課程在般教室與
413,電腦教室上課，張哲維這堂課還在體育場館上課，有時修課學生還是現場比賽的裁判之
413,，透過建置行動情境教學場域，讓學生更能有親臨現場的感受
413,張哲維說，這門課今年邁入第五年，現在很受學生歡迎，僅有個名額，但深受學生歡迎
413,，經常開放選修就被秒殺，後來加修後學生都達到多人，會這麼受歡迎，和建置行動情
413,境教學場域有關，另方面，則是學生透過修課後，可以去考運動彩券分析師，目前運彩
413,分析師的錄取率約成，但上過他課的學生，除了因故無法到場考試，只要是張哲維帶去
413,考試，都考上運彩分析師，錄取率達到，累計已有人考上
413,而昨晚中華隊在經典賽首戰就以比不敵巴拿馬，甚至差點在第七局被提前結束比賽
413,，張哲維表示，在課程中，同學們根據兩隊實力技術戰術及經驗，就算出是場十
413,幾比幾的大失分比賽，也就是中華隊會輸給巴拿馬分左右，原因其實也很簡單，最關
413,鍵為投手戰力，巴拿馬有大聯盟等級投手，反觀中華隊投手並沒有，中華隊投手戰力不如
413,巴拿馬，所以對昨晚結果並不感到意外
413,完整新聞連結或短網址
413,///
413,備註
414,我買了我們可以三分以上過關
414,大家覺得勒
414,是不是要發財了
414,小賭怡情大賭興家立業
414,有沒有靠棒球致富的八卦
415,台灣今天晚上的比賽雖然台灣運彩還沒開
415,國際盤已經開了喔
415,其他場開的還算合理
415,可是台灣這場是怎樣義大利賠率比較低
415,台灣今天還會輸嗎
415,///
415,我原本也以為巴拿馬只有運河強而已
415,直到前天晚上
416,新聞雲生活年月日
416,曹錦輝到底有多扯
416,郭泓志他比我強
416,台灣天份最好
416,///
416,///
416,記者葉國吏綜合報導
416,世界經典賽開打，中華隊首戰慘敗，投手群無法壓制巴拿馬打線狂輸分，讓不少球迷開
416,始討論中華隊過去強投，最常被點名除了旅美投手王建民外，這次曹錦輝也批踢踢鄉民提
416,及，甚至還被不死鳥郭泓志評為台灣天份最高的投手
416,批踢踢篇文章曹錦輝到底有多扯
416,，內文貼出部影片，內容為曾為
416,旅美投手的
416,不死鳥郭泓志影影片
416,內容問到郭泓志瀚曹錦輝誰比較強
416,對此郭泓志還不猶豫
416,的直接說曹錦輝比較強，甚至還說他天才型
416,這部影片也隨著經典賽開打再度引起討論，對此評價有鄉民認為他說的沒錯阿
416,開
416,拉麵店都可以拼回大聯盟扯爆
416,可以休息五年回的有多少人
416,不過也有人替曹
416,"錦輝感到惋惜都天份型的,但就不自愛他的人生就很像漫畫"
416,回顧曹錦輝的過往，
416,歲他就入選中華青棒代表隊，旅美後也成功在年站上大聯
416,盟舞台，同時他也是第位在大聯盟獲得勝投擊出安打的台灣球員
416,///
417,看到中華隊投手被當小朋友砲轟就覺得很口連以前至少都有兩個大聯盟等級投手這
417,次完全沒有只有個宋家豪日職終結者唉下個吾郎在哪裡可憐喔
418,今晚中華隊當家哥慶對戰義大利
418,請問應該吃什麼食物才能代表義大利
418,依照物極必反的定律
418,今晚應該要爆氣了吧
419,這屆中華隊
419,第場打擊已經很給力得五分了
419,所以很明顯是沒有可以壓制力的投手
419,能不能叫王建民自己下來投
420,欸欸窩肥ㄦ喇
420,本肥ㄦ這幾個月來
420,辛辛苦苦
420,絞盡腦汁
420,發優文
420,就是為了賺取微薄的幣
420,如今
420,把身家都拿去下中華隊贏球
420,導致現在身無分文
420,這種表現
420,也算是愛台灣的種
420,呱呱
421,///
421,不讓分
421,義大利勝賠率
421,台灣勝賠率
421,台灣運彩沒有很看衰中華隊的樣子
421,第場打成這樣賠率居然還有
421,有卦
422,大谷翔平闊別年重登日本球場獲熱烈歡迎隊友讚特別的天才
422,新聞網/責任編輯蔡昕霈報導
422,////
422,大谷翔平日在世界棒球經典賽首戰率日本比擊敗中國隊，他在東京巨蛋球場獲
422,得英雄式的歡迎，有球迷說大谷是創造歷史的偉大球員，所有小孩都想跟大谷樣
422,日本日在東京對上中國，大谷翔平擔任先發投手兼第棒指定打擊，展現二刀流丰采，主
422,投前局都讓中國上下，直到局上才被楊晉擊出支壘安打
422,總計他投局球，當
422,中有顆好球，送出次三振
422,，時速英里公里速球連發
422,打擊方面，大谷翔平
422,打數安打，獲得兩次保送，貢獻分打點
422,，堪稱投打兼備
422,大谷翔平年因傷放棄出賽，這次是他首度參加經典賽，也是他自年前加入美國職棒
422,大聯盟洛杉磯天使後，首次在東京出賽，他也沒讓現場萬多名球迷失望
422,比賽開始前幾個鐘頭，現場群眾愈來愈興奮，球迷排隊購買寫著日本球員名字的球衣
422,歲辦公室職員宮下，譯音告訴法新社，大谷翔平是她的最愛
422,她說
422,大谷翔平真的很受歡迎，每個人都敬佩他他是創造歷史的偉大球員，他個性很好，而
422,且很可愛
422,歲棒球迷白水，譯音花了約美元約新台幣元入場，他
422,頭戴日本隊球帽，身穿洛杉磯天使的球衣，邊用翻譯應用程式告訴美聯社
422,他大谷翔平是傳奇球員，但他不只是個好球員
422,他的抱負他的成就，對所有日本人都有正面影響
422,所有小孩都想跟大谷樣
422,大谷翔平的隊友也對他的表現印象深刻
422,日裔美籍效力聖路易紅雀的努特巴爾說，大谷翔平猶如電子遊戲
422,般的存在，每次我看他上場，都得掐自己下，以確認所見屬實
422,努特巴爾說，那跟我看過的都不樣，他是個特別的天才
422,本屆經典賽參賽的個國家隊伍分成共組，分別在台灣台中日本東京美
422,國亞利桑那州美國佛羅里達州爭取晉級機會
422,日本韓國澳洲中國捷克同屬組
422,據大谷翔平透露，日日本對戰韓國役的先
422,發是達比修有
422,備註
423,媒體來源
423,自由時報
423,記者署名
423,易慧慈
423,完整新聞標題
423,背水戰
423,台灣最強後盾現身林襄帶頭嬌喊襄信你們
423,完整新聞內文
423,年世界棒球經典賽前天日台灣第戰對上巴拿馬，以慘敗，輸掉
423,戰後，今晚出戰義大利，將是背水戰，由江少慶先發
423,經典女孩啦啦隊正妹們，
423,昨晚在集結喊話，林襄對台灣球員大喊襄信你們
423,前晚台灣投手群崩盤，被巴拿馬屠殺創下史詩級洲際慘案，昨晚義大利突破僵局以
423,比擊敗古巴，對於今晚台灣對義大利，大家無法樂觀以對，視為背水戰
423,樂天女孩
423,陳怡叡昨晚在曬出超正經典賽應援照，番感性寫下台灣隊的國手們
423,我相信
423,你們喔
423,直直相信，她說不管遇到怎樣的難關，我們都會直在身後當你們最強
423,最堅定的後盾
423,明天對戰義大利，大家起幫台灣隊加油
423,林襄也來留言集氣襄信你們，對巴拿馬先發投手胡智為的老婆艾璐，也是經典女孩
423,成員，留言襄信
423,網友們把陳怡叡和林襄名字合在起說怡起襄信峮峮
423,和妳真是夢幻聯動會直守在電視前的我只相信啦啦隊打回來
423,台灣加油
423,//////////
423,//////////
423,//////////
423,林襄
423,翻攝
423,//////////
423,//////////
423,陳怡叡
423,翻攝
423,//////////
423,艾璐
423,翻攝
423,完整新聞連結或短網址
423,/////
423,備註
423,請
424,媒體來源自由
424,記者署名張釔泠
424,完整新聞標題玖壹壹日式搖滾經典賽開心同框王建民
424,完整新聞內文
424,玖壹壹和台灣隊球員起入鏡，開心同框王建民後排右四
424,混血兒娛樂提供
424,記者張釔泠台北報導玖壹壹受世界棒球經典賽邀約，創作主題曲世界都看見，
424,春風表示非常榮幸，以前只能在旁邊加油，這次創作嘗試了日式搖滾曲風帶有動漫感的編
424,曲元素，讓音樂更多元
424,世界都看見集結台灣隊的球員和啦啦隊起參與拍攝，畫面很壯觀，春風也開心分
424,享，平時只能在電視上看到王建民，沒想到會出現在裡
424,提到瘋運動的程度，洋蔥是
424,人當中最熱愛挑戰極限的，今年也規劃要去比鐵人三項，洋蔥說如果參加棒球，除了
424,投手之外，其他位置都能嘗試，因為準度跟力度掌握度不高
424,玖壹壹說棒球是台灣的全民運動，代表的精神是全力拚戰永不放棄，粉絲中也有很
424,多棒球迷，新歌世界都看見熱血指數爆表，是否也是玖壹壹的人生觀
424,洋蔥說碰
424,到挫折絕對是廢個幾天，出去玩或是運動讓自己好好沉澱下，然後再繼續創作
424,春風
424,則說自己復原期很長，需要年的時間振作調整
424,完整新聞連結或短網址不可用等轉載媒體
424,/////
424,備註支持台灣隊，支持玖壹壹，支持大樹哥
425,","
425,日韓之戰直播連結
425,日韓戦も見てるよチャイニーズ・タイペイイタリア視聴配信
425,台湾野球好きの応援配信
425,////
425,激アツ
425,日韓戦を実況してみる/大谷翔平侍ジャパン
425,////
425,棒球♡配信日本韓國♪
425,////
425,日韓之戰
425,第戦日本韓国今夜時系列生中継
425,///
425,侍ジャパン永遠のライバル韓国との日韓戦に挑む
425,///
425,日韓戦先発キム・グァンヒョンの年登板まとめ
425,日本キラー金廣鉉・韓国代表
425,///
425,就餓死抬頭
425,世仇日本跟韓國即將再今晚六點再度對決
425,到底誰會贏
425,卦
426,備註請放最後面違者新聞文章刪除
426,媒體來源
426,東森
426,記者署名
426,記者李欣容台北報導
426,完整新聞標題
426,林襄今日和樂天女孩筠熹阿布舞曲曲出席眼科活動，問起日前在石垣島爆哭事，林襄坦言當時喝了點小酒，情緒有點敏感，但現在心情都恢復了，只擔心自己在鏡頭前看起來太瘦，明顯看出她連啦啦隊的裙子都變得很鬆，她也透露現在體重，讓筠熹聽了都說，不想站妳旁邊
426,林襄日前在鏡頭前爆哭，鬆口說出爆紅年多來的內心壓力，今林襄回憶當時，石垣島沙塵很多，晚上又喝了點酒，心情比較敏感，又有複雜的情緒，但我現在算是滿享受的，很珍惜每份工作，是有點點壓力啦
426,但現在好點了，只覺得有點看起來過瘦
426,透露現在只有公斤，甚
426,至團員還覺得她根本不到公斤，連已經很瘦的筠熹都不敢至於世界棒球經典賽昨日晚中華隊第戰對上巴拿馬，最終以落敗，林襄坦言啦啦隊就是做好應援角色，對於比賽結果，有球迷氣喊，乾脆叫林襄上去投算了
426,揶揄最大敗筆是林襄沒有在本壘板後面跳舞，林襄聽聞大笑，什麼意思
426,那要看本壘板後面有沒有借舞台呀
426,完整新聞內文
426,///
426,完整新聞連結或短網址不可用等轉載媒體
426,備註
427,台北南港中信金融園區
427,///
427,桃園環球
427,///
427,桃園桃園市府前廣場下午新增
427,///
427,台中台中市政府前廣場
427,///
427,彰化縣政府前廣場
427,///
427,雲林虎尾鎮圓環
427,///
427,雲林斗六膨鼠森林公園
427,///
427,高雄苓雅運動中心
427,///
427,花蓮遠東百貨
427,///
427,還有哪裡漏掉嗎
427,晚餐是鍋貼還是披薩
427,有沒有八卦
428,魯題~~
428,阿肥看，中國隊被日本痛宰啦
428,這不意外就是~~
428,畢竟連大谷都上場了
428,然後阿肥想到有屆奧運齁
428,鬼島灣灣棒球隊竟然是被中國反超
428,而且還是中國隊唯贏的場
428,///
428,///
428,///
428,是說那時都局下半場了
428,的場合，怎麼看中國應該都不用玩了
428,結果就在這下半場拿了分
428,打臉了鬼島棒球隊
428,那時下半場都剩不到分了捏
428,正常應該是都感覺無望，士氣全失了吧
428,結果中國隊還表演出逆轉勝
428,他們到底是怎麼穩住情緒的啊
429,阿肥每次看都是在電視看轉播，這次
429,沒有中華隊的場次，內野只要元，又可以看到大聯盟身手，譬如義大利對上荷蘭，這
429,場內野元是不是值最高
430,今天開臉書看了下
430,有二則報中華隊啦啦隊的報導
430,底下推文堆酸啦啦隊的
430,分享雲
430,///
430,自由時報娛樂頻道
430,///
430,不是堆色胚豬哥超愛看的嗎
430,現在怎麼風向變了
430,有沒有啦啦隊變戰犯的八卦
431,只要台灣人才能搞好台灣棒球
431,留給中華台北的時間不多了
431,萬人，找不到個會守備的
431,巴拿馬輸完輸菲律賓接下來沒得輸了臉都不要了
431,年太不正常了，切都不正常，但關鍵時刻，中華棒球隊挺身而出
431,用實際的輸球行動向世界證明中華棒球隊還是正常的
432,不過我還是要說，大家請支持中華隊疼惜中華隊
432,不要每次國際賽都在謾罵球員，球員沒有欠我們什麼
432,我愛中華隊
432,中華隊加油
432,酸民退散
432,///
432,用行動支持中華隊
433,中華對巴拿馬差點被，締造洲際慘案
433,結果隔天韓國以分之差輸給澳洲，棒球迷先是紛紛表示舒服及感謝白虎
433,而後又傳來中國隊以七分之差輸給日本的捷報，讓眾多球迷彷彿吃了定心丸，紛紛檢討中國
433,隊的內容
433,後來有看到媒體報導大陸隊，球迷群起激動怒噓什麼大陸企鵝也打棒球
433,把輸球的不滿全部宣洩出來
433,這場中國輸捷克的話，又有更多題材可以講了，嘻嘻
434,經典賽韓國比輸澳洲姜白虎離壘包被觸殺挨批
434,///////
434,在年月日澳大利亞與韓國的世界棒球經典賽組比賽中，韓國隊姜白虎前左代
434,打建功卻離壘慶祝，被澳洲野手從後觸殺
434,/
434,新唐人年月日訊世界棒球經典賽組賽程開打，韓國隊遭澳洲發分
434,全壘打重擊，終場比爆冷輸球
434,韓國隊姜白虎代打建功卻離壘做慶祝動作被觸殺，韓媒以
434,荒唐痛批
434,組參賽隊伍包含日本韓國澳洲中國捷克，取前兩名晉級，韓澳之戰彼此都視為
434,最關鍵之戰，韓國輸球後遇上日本有輸不得壓力，晉級之路堪慮
434,///////
434,年月日，在日本東京，世界棒球經典賽組澳大利亞和韓國的比賽中，韓國球迷在
434,第八局中歡呼
434,/
434,法新社報導，澳洲隊今天在東京巨蛋火力凶猛，肯納利局上陽春砲
434,格倫汀寧柏金斯局上與局上各敲支
434,分砲，打爆韓國牛棚
434,///////
434,年月日，澳洲隊肯納利局上陽春砲建功
434,/
434,/
434,","
434,澳洲過去次參加經典賽從沒打進過第輪，今天打敗韓國晉級後勢看漲
434,陣中擁有大谷翔
434,平達比修有及日職頂尖球星的日本被視為組龍頭大熱門
434,澳洲局與局上各得分，韓國局下靠捕手梁義智分砲反超，局下再添分，但兩
434,局連遭澳洲分砲重擊，雖然局下追回分，仍回天乏術
434,/
434,","
434,局上被澳洲比超前後，韓國局下開始就由代打姜白虎掃出左外野深遠長打，氣勢大
434,好，不料他衝上二壘後向休息室隊友比振奮手勢時不小心腳離壘，被澳洲野手冷不防從後
434,觸殺，雖然二壘審第時間判，但經電視輔助判決改判出局，韓國局下分未得
434,點擊觀看相關視頻
434,澳洲下戰將於日對中國，韓國將於日對日本
434,///////
434,年月日，在日本東京，世界棒球經典賽組澳大利亞和韓國的比賽中，澳大利亞的
434,格倫汀寧在第三場比賽中擊球
434,/
434,///////
434,年月日，在日本東京的世界棒球經典賽組比賽中，澳大利亞的柏金斯在第八局擊
434,出三壘安打
434,/
434,轉自中央社/責任編輯夏明義
434,///////
435,房子買不起
435,台積電在萬七萬八存股~
435,好不容易經典賽買運彩幫中華隊加油~輸的蹋糊塗
435,想說看個書豪對決魔獸~書豪又發燒無法上場
435,//////
435,還被酸精緻窮~怎麼這麼衰
436,先說我也是棒球迷啦
436,當年台籃各種輸球被虐爛
436,我也是跟大家進來嘲笑
436,但是
436,現在該中華棒球各種失誤搞笑
436,被血洗輸給弱隊後
436,棒球版那些人不檢討中職中華隊就算了
436,還整天拉其他運動救援
436,到底是多死忠啊
437,洲際慘案嚇到彩迷
437,愛國心擺邊買氣逆轉
437,狂押
437,義大利
437,////
437,記者許稚佳報導
437,發佈時間//
437,最後更新時間//
437,棒球經典賽開打，首戰中華台北隊敗給巴拿馬，而今日晚上時對上
437,義大利
437,，根
437,據
437,公布最新賠率，最高達倍，飛來發彩券行黃偉祺指出，今日看好義大利贏的彩迷
437,變多，比例高達
437,，主要是認為義大利選手實力平均，加上首場比賽中華台北輸太慘，
437,讓不少人變心
437,運彩公布最新賠率，義大利贏賠率中華台北賠率，而賠率最高的為勝分差中
437,華台北主勝分賠率達倍，而黃偉祺坦言，今日真的投注義大利
437,的比較多，首戰中
437,華台北對巴拿馬買氣是，但受到首戰影響，今日買氣整個逆轉，有高達
437,成
437,彩迷都看
437,好義大利贏
437,加上彩迷也認為，目前中華台北隊投手較弱打擊雖好，但義大利隊有許多現役球星，
437,到棒實力平均，也勝過巴拿馬古巴球員
437,黃偉祺說，現在以買義大利不讓分的彩迷最
437,多，其次也有不少人買大分，也就是比賽總分超過
437,而目前賠率最高倍的是投注中華台北贏分，黃指出，也有不少大學生會花幾百元買中
437,華台北贏分分分，想拼下手氣
437,也有上班族直接花萬元買義大利不讓分，如義
437,大利贏就可抱回元
437,提醒您
437,未成年人不得購買或兌領彩券，購買彩券應該量力而為，勿因過度投注而影響正常生活
437,備註
437,點面子都不給
438,這樣子很正常吧
438,開始大家不知道中華隊的實力
438,經過上次的慘案之後現在都很清楚了
438,反正結果都樣會輸
438,拿點錢回來總是好的
439,我又來發廢文了啦，目前正在看吉拿棒戰啦，巴拿馬整個氣勢很強耶，
439,有沒有人快出來幫中華隊解套，
439,給他們個信心，讓晚上不要輸太慘
439,說錯應該是獲勝
440,姆咪姆咪
440,如題啦
440,前天被巴拿馬虐菜之後
440,我直在思考中華隊走錯了哪步
440,不是說棒球是國球怎麼輸這麼慘
440,小弟思考後猛然驚醒
440,原來台灣棒球實力直沒有發揮
440,台灣近年來棒球最猛的是什麼
440,不是旅美旅日球員
440,也不是本土強棒
440,是億球場啊
440,你想想大谷年薪也才萬美換算億台幣
440,摸不到球場車尾燈
440,再來是老外有打過有電線磚頭香菇的球場嗎
440,顯然是沒有
440,這種情況本土球員可以藉著主場優勢搖搖領先對手
440,說不定美國日本來都得摔進水坑滑倒
440,結果令人失望的是
440,億改建的不用
440,偏偏用萬重鋪草皮的洲際球場
440,我只能說中華隊失策啊
440,教練團要背大鍋
441,如題
441,古巴隊目前看起來要爆了
441,如果輸巴拿馬七分以上
441,中華隊可以解套了嗎
441,而且連中國都暫時領先捷克分了
441,今年是不是上演大驚奇
441,有沒有八卦
442,備註請放最後面違者新聞文章刪除
442,媒體來源新聞雲
442,記者署名記者邱晟軒綜合報導
442,完整新聞標題
442,這個狂
442,中華隊今晚贏球他要發顆雞蛋
442,完整新聞內文
442,世界棒球經典賽開打，日台灣對上巴拿馬以慘敗後，今日晚間
442,點將迎戰義大利，對此，國民黨青工會總會長滿志剛在臉書發布祭品文，表示只要今
442,晚中華隊順利打敗義大利，將發出顆雞蛋
442,就是今天，中華隊要開胡了
442,為替中華隊集氣，滿志剛在臉書發文表示，即使首場對巴拿
442,馬的結果不如預期，今晚七點，中華隊背水戰，迎戰昨天延長賽險勝古巴的義大利，關
442,關難過還需關關過，全民當後盾，起為中華隊加油
442,滿志剛決定發出祭品文，表示只
442,要中華隊今天打敗義大利，我就發出顆雞蛋
442,滿志剛直言，沒有人想輸，多年的努力就是為了在國人面前展現風采，球迷能做的就是
442,支持再支持應援再應援，場外努力加油我們來，球場上的事，就拜託中華英雄了
442,完整新聞連結或短網址不可用等轉載媒體
442,/////
442,_
442,備註
443,世界棒球經典賽
443,捷克隊剛剛在東京以擊敗中國隊
443,整場比賽前段中國先落後捷克
443,在七局逆轉捷克
443,最終在第九局上半遭捷克三分砲逆轉
443,以敗下陣來
443,整體比賽內容精彩，也算是雖敗猶榮了
443,不知道中國那邊有沒有鍋貼可以吃
443,還是只能吃肉夾饃啊
444,剛剛看了古巴對巴拿馬
444,我去下注台灣四連敗
444,這樣算不算叛徒啊
444,贏錢的機率高嗎
444,我是不是太看不起中華隊了
445,辱題
445,棒球啦
445,今天晚上義大利對中華隊
445,根據前幾場評估
445,今天我歐印全身家當義大利是不是明天就能財富自由了
446,媒體來源中時新聞網
446,記者署名李弘斌
446,完整新聞標題
446,捷克上分炮逆轉氣走大陸奪隊史首勝
446,完整新聞內文
446,從資格賽出線的黑馬捷克，今於世界棒球經典賽會內賽首次亮相，就展現火力敲出
446,兩轟，特別是在局下被中國大陸攻得分，以比落後的情況下，穆奇克
446,局上硬是從陸韓雙重國籍右投朱權手中轟出逆轉分炮，讓捷克該局灌進分，以比贏得
446,隊史會內賽首勝
446,捷克在資格賽與英國聯合王國西班牙德國法國南非同組，最終以勝敗組
446,第之姿首次躋身會內賽
446,今天進行歷史性首戰，局上就連敲兩安，並靠次四壞保送與
446,大陸守備失誤，讓先發投手趙富陽僅投局就失掉分，下台鞠躬由鄭超群入替
446,局上，捷克開路先鋒門希克逮中鄭超群的哩偏高速球，大棒掃出左外
446,野牆外，轟出捷克隊史會內賽首轟，局結束以比領先大陸
446,局下大陸展開反攻，球員兼教練張寶樹率先擊出二壘打，並靠捷克第任投手柯瓦拉
446,的暴投與高飛犧牲打追回分
446,出局後寇永康獲四壞保送，柯瓦拉牽制暴傳
446,壘，羅錦駿梁培楊晉跟進敲安，大陸隊再下城反以分領先
446,局上捷克最後反攻，出局後獲四壞保送上壘，門希克敲安，大陸隊以朱權入替宮海成，
446,顆失投變速球卻被穆奇克逮個正著，棒分逆轉，捷克隨後還以連續安打多添分，牢牢收
446,下首勝
446,完整新聞連結或短網址不可用等轉載媒體
446,////
446,備註
447,小弟群組有
447,公司同事群組
447,前公司同事群組
447,國中同學群組
447,大學同學群組
447,鄉民群組
447,從昨天開始
447,只要有聊到運彩要怎麼壓怎樣倍率比較高
447,任何玩法都是壓中華隊輸的結果
447,大家都這麼不看好中華隊嗎
447,有沒有八卦
447,恰恰彭政閔三天前開打才喊話
447,要讓世界看見台灣耶
448,義大利上次贏中華隊是年前啦
448,而且中華隊贏多敗少
448,義大利根本被當龜兒子打
448,今天穩了吧
448,簽名檔要完結了
449,如題
449,剛剛聽提到這次棒球比賽
449,然後有說今年除了
449,很多選手都在準備亞運
449,亞運對選手來說只僅次於奧運
449,蠻好奇的
449,亞運不就是中國日本自嗨比賽ㄇ
449,可能名氣都沒大
449,甚至台灣都辦過亞運
449,亞運的層級只輸奧運
449,八卦
450,老巴打贏我們說得分就安靜了
450,現在慘遭古巴天罰
450,搞不好有機會扣倒
450,我們可以開笑巴拿馬了吧
450,知道我們前天的心情了嗎
450,只是笑著笑著
450,就哭了
450,因為古巴醒了
450,中華隊就抖了
450,有邊笑邊哭的掛嗎
451,各位阿武大家好，打給賀，胎嘎厚
451,今天晚上臺灣打義大利啦，就突然想吃披薩
451,現在三間連鎖店必勝客達美樂拿坡里都有促銷優惠活動
451,必勝客跟達美樂的價位都是，拿坡里是，差元啦
451,不過拿坡里是不限口味和吋必勝客跟達美樂是限定口味跟吋
451,必勝客皮最油，換成舊金山還是很油，調味比較重，鹹香有勁
451,達美樂的皮則是甜甜的，還有粉粉的顆粒，不過手拍餅皮口感滿不錯
451,拿坡里就很中庸，不過比較大，吃起來飽很多，披薩盒乾淨不油好處理
451,各位阿武推薦個口味給成大阿武好不，在線等
452,代表義大利出來的球員堆根本沒住過義大利，
452,就只是沾上點邊就可以找來，
452,都放寬限制這麼大，只要家族有人沾上華僑的血統就能代表台灣，
452,找堆的來幫忙也好過求個二兵張育成，
452,人家歐洲爛球隊都找好找滿，就只有中職定要台灣人
453,小魯高雄處辣
453,是這樣的今晚中義大戰全球億人都很期待
453,當然女同事也樣想要幫中華隊加油
453,我就想說外面能喝酒看比賽的店都已經爆滿了
453,不如找她來我家開冷氣準備幾隻酒和下酒菜
453,然後在中華隊屌虐義大利後放個催情音樂
453,讓我們起度過個快樂星期五迎接週末來臨
453,是不是聽起來就很棒
453,現在就只差音樂和邀約還沒做而已
453,想問問大家有推薦的音樂嗎
453,有沒有八卦
454,今天是台灣本屆第二場世界棒球經典賽
454,也是開始大家認為有機會拿勝的二場之
454,如果派叔當投手
454,他繞的過義大利打者的打擊嗎
455,慟
455,今天晚上七點經典賽中華台北隊第二場
455,拿波里剛好有特價
455,該買幫中華台北助陣嗎
455,還是八點後去買珍食打折義大利麵呢
455,八點後還在苦戰吧
455,對吧
455,是否有專板
455,本板並非萬能問板
455,三則
455,本看板嚴格禁止政治問卦
455,未滿繁體中文字水桶個月
455,未滿繁體中文字水桶個月
455,未滿繁體中文字水桶個月，嚴重者以鬧板論
456,中華隊今天晚上要打義大利
456,經過上場被巴拿馬差點扣倒
456,大家還對中華隊贏球有信心嗎
456,我是已經想好要幫義大利加油了
456,大家會幫哪隊加油
456,有沒有八卦
457,阿肥我剛才想到
457,如果在義大利球員面前吃肉圓披薩
457,這招不知可否讓義大利球員分心
457,然後中華隊趁機贏球
457,肉圓披薩這麼香
457,誰看到披薩和聞到味道
457,很難不分心吧
457,各位鄉民覺得此招如何呢
458,是不是因為台男沒當兵，心理素質太差，
458,然後啦啦隊又看得太多的關係啊
458,太慘了，
458,現在只能剩下緬懷王建民郭泓志曹景輝了
458,順便問下那個張誌家現在在幹嘛
458,我學會飛翔/張雨生
458,///
458,彩虹/動力火車
458,///
459,當然是看台義之戰阿
459,日本小贏韓國
459,中華隊可能前三局就爆了
459,就可以去棒球版看崩潰推文
459,不是很有趣嗎
459,好了
459,猜到義大利分數的
459,猜到中華隊分數的
459,這樣可以了吧
459,都只取第個
460,王柏融是中華隊教練團救命恩人嗎
460,去年日職打擊超打的爛
460,然後入選中華隊第場對巴拿馬整場個殘壘敗在王柏融守備又慢慢撿球
460,今天第二場王柏融又先發
460,重點也不是沒有替補帶全最多的個外野少帶幾個投手
460,還有熱身賽打超好的貓男陳晨威
460,他是救過教練團全家嗎還是上輩子救過教練團全家
460,大家怎麼看
461,媒體來源
461,聯合
461,記者署名
461,蘇志畬
461,完整新聞標題
461,中華隊歷年對義大利勝敗上次輸是年前
461,完整新聞內文
461,世界棒球經典賽組預賽在台中舉行，中華隊今晚要對上義大利隊力求止敗，這是兩隊首
461,次在經典賽交手，過去國際賽事中華隊有著勝敗的優勢
461,中華隊日首戰以輸給巴拿馬隊，今晚要力求止敗，義大利隊昨晚以在延長賽
461,局擊敗古巴隊，連續三屆都在經典賽首戰下勝利，隊史在經典賽首戰成績是勝敗
461,國際賽交手戰績，中華隊佔據優勢，最近次是在世界強棒球賽，由中華隊以
461,在台中洲際棒球場擊敗義大利隊
461,義大利隊上次在國際賽擊敗中華隊要追溯到年洲際
461,盃的銅牌戰，中華隊以落敗
461,義大利隊過去四次參加經典賽，拿下勝敗，年更曾打進複賽，今年陣容來勢洶洶
461,，有名球員去年曾在大聯盟出賽，人都是美國職棒球員
461,完整新聞連結或短網址不可用等轉載媒體
461,//////
461,備註
461,旗子先立起來
462,大家安安
462,乳題
462,巴拿馬沒贏下來
462,基本上可以確定很難出線了
462,除非今晚中華隊爆氣打贏義大利士氣大振
462,尚有線生機
462,如果今晚輸了是不是就可以否放了
462,來猜下正確比數
462,台灣分數在前，義大利在後
462,例
462,取第位稅前
462,單猜隊分數
462,例台義
462,只猜隊喔，不要兩隊都猜
462,因這比較簡單，各取前名發稅前
462,所以總共有三個猜分遊戲
462,請擇猜就好以免訊息過多
462,勿重覆猜，我會看留言重覆會篩掉
462,到晚上點截止
463,棒球經典賽主題曲
463,唱的世界都看見
463,但是怎麼沒有春風的聲音
463,有沒有卦
464,各位晚安
464,日球迷如我
464,在中華隊台灣隊表現不如理想
464,等下對義大利怕被虐
464,只好看日韓大戰
464,要支持誰呢
465,中華隊義大利等等準備開戰
465,為什麼開打前經典女孩要先上場去跳個舞
465,主菜是棒球賽還是經典女孩啦啦隊
465,有沒有台灣棒球的拉拉隊越來越搶戲的卦
466,台灣根本不適合辦國際棒球比賽
466,台北巨蛋不能打棒球辦國際賽讓國人想到那顆垃圾心情不好
466,中華隊只能電小朋友遇到成人組就被完爆輸球又讓國人心情不好
466,去國外比賽例如去日本去歐洲都可以怒刷卡觀光現在地主被羞辱心情不好
466,台灣政府應該要顧及國人感受
466,這種羞辱國人的比賽最好是永久停辦
466,不然改辦國際啦啦隊比賽還比較有價值
466,以上~~
467,如果今天中華隊再輸
467,應該沒什麼好說了吧
467,就是台灣棒球已經不行了
467,別再那裏自嗨了活在過去了
468,現在中華隊正在對戰義大利隊
468,如果賽前招待義大利隊的選手們吃夏威夷披薩
468,會對比賽有什麼影響嗎
468,有沒有八卦
469,中華隊對上義大利洲際棒球場
469,林子偉用全壘打送給義大利
469,有林子偉全壘打的八卦嗎
470,欸不科學我們主委
470,第局就得分還全壘打
470,這樣開局的中華隊我不習慣
470,本來都已經拿出鍋貼要解凍下鍋
470,現在是不是要拿回冷凍庫重冰了
471,自古以來中華隊的國際賽
471,只要拿分就會開始鬆懈想說能贏就好
471,國外的強隊都是往對手的死裡打殺紅眼就是要殺爆對手
471,這是不是台灣人的民族特性
471,不要太殘忍能贏就好給對手個台階下
471,這肯定是中華隊國際賽永遠打不出好成績的主因吧
471,都沒人發現嗎
472,我和老婆在床上看棒球
472,當然是看日韓大戰幫我老婆國家加油
472,你問我為什麼不看中華隊
472,因為我家只有台電視
472,我很愛我老婆所以電視讓給他
472,然後他就問我為什麼球員要抹眼影
472,是因為這樣可以嚇到對手嗎
473,今晚台義大戰
473,雙方國際賽交手次驚人勝率曝光
473,//三立新聞游舒婷報導
473,世界棒球經典賽組賽事今日晚上點將上場的是台灣對決義大利，第場已經輸給
473,巴拿馬的台灣隊，今日這場有不能輸的壓力，球迷也相當緊張
473,有網友就認真列出歷
473,年國際賽中台灣和義大利的交手紀錄，意外發現台灣隊曾在場比賽中取得勝
473,網友在上列出歷年來在國際賽上，台灣對上義大利的交手紀錄，分別為粗體紅
473,字為義大利勝利
473,世界盃台灣義大利
473,洲際盃台灣義大利
473,世界盃台灣義大利
473,世界盃台灣義大利
473,世界盃台灣義大利
473,世界盃台灣義大利
473,洲際盃台灣義大利
473,洲際盃台灣義大利
473,奧運台灣義大利
473,世界盃台灣義大利
473,洲際盃台灣義大利
473,世界盃台灣義大利
473,洲際盃台灣義大利
473,世界盃台灣義大利
473,奧運台灣義大利
473,洲際盃台灣義大利
473,世界盃台灣義大利
473,世界盃台灣義大利
473,洲際盃台灣義大利
473,洲際盃台灣義大利
473,強台灣義大利
473,從網友列出歷年的交手紀錄來看，台灣跟義大利共交手過次，其中台灣贏了場輸了
473,場，從勝率來看其實相當高，這也讓網友們相當看好，開心表示，勝率高，有夠穩
473,太穩了，到底怎麼輸想不到怎麼輸穩了
473,不過也有網友提醒，不能單
473,純這樣比較，義大利這次的陣容比之前其他賽事的強太多了跟其它國際賽不
473,樣啦，尤其是歐洲的國家隊，沒辦法這樣比經典賽的球員跟其他國際賽明顯不同
473,啊
473,這次對決，同時也是台灣隊第次在經典上對上義大利，義大利這次公布的經典賽名單中
473,，人中有人打過大聯盟，陣容相當堅強，因此也被鄉民稱為美國二隊
473,而今晚台灣和義大利派出的先發投手分別是江少慶和卡斯特拉尼，
473,江少慶年在中職出賽場，勝場場敗場場，每局被上壘率，防禦率
473,在日的官辦熱身賽先發，依舊出現首局不穩的狀況，這同時也是他必須要克服的問題
473,義大利派出的先發卡斯特拉尼去年的場後援出賽投了局，
473,累計勝敗自責分率的成績，曾上大聯盟出賽場投局，無失分
473,///
473,心得依照過往紀錄來看，我們擊敗義大利的機會是很高的，加油
474,棒球有個術語就是幾拍子
474,"三拍子通常很擅長該領域指打擊,守備,跑壘"
474,還有啥五拍子的加上帥臉之類
474,但我看到今天中華隊先發有個貧打拙守鈍足三拍子
474,形容球員大家會想到誰
474,先知你好
475,媽勒第場只是盡地主之宜
475,讓場而已
475,看看第二場跟第場
475,差那麼多
475,再說中華隊很爛啊
475,海水退了
475,就知道誰沒穿褲子
476,如題
476,肥宅在看剛剛好像有個人已經安打成功兩次
476,上壘之後都會對攝影機敬禮
476,挖靠那個神情也太帥氣了吧
476,敬禮哥是不是今晚的英雄
476,乾五八卦
477,中華隊加油
477,剛剛四爺打安打二兵回來得分
477,目前中華隊領先
477,人出局二壘有人
477,更新
477,王柏融穿越安打
477,中華領先
478,剛剛看經典賽我們拿了分可是好像都是因為義大利的失誤造成的
478,為什麼堆人吹得我們中華隊多強多厲害
478,有沒有掛
479,看了下比數
479,啊~領先兩分呢，真令我身心舒暢
479,等等應該能睡個好覺
479,有沒有中華隊表現的八卦
480,氣勢正好的時候
480,個亂短打自殺
480,個亂跑在本壘被刺殺
480,中華隊是只要領先就會開始亂打嗎
481,欸我本來是要吃義大利麵現在膨脹改吃牛肉炒麵就算了
481,你有選手也在學民眾膨脹哦
481,個不會被幹點個不會被幹跑
481,現在是過太爽
482,如題
482,就在剛剛，中華隊血洗義大利
482,每次只要有個運動風光後就會有人提出扶植該運動的想法
482,接下來是不是該投資棒球運動了
483,玩個手遊
483,世界頻堆人在討論
483,真的沒想到那麼多人在瘋棒球
483,我覺得無聊死了
483,看最後兩局
483,不就好了
483,看前面那麼浪費時間
483,看他們討論熱烈
483,聽起來像是大比分領先
483,感覺就是穩了
483,我可以先恭喜中華隊了嗎
484,從領先分到現在被超前分
484,台灣剛剛能領先分是不是單純運氣好而已
484,現在才開始要正常發揮
485,明明就知道投手是問題結果只帶個不多帶個保險大餅到底在幹嘛啊還是覺得中
485,華隊投手各個都會大爆發變大餅真的是最爛中華隊總耶沒有更爛
486,經典賽對抗台式應援巴拿馬教頭得分就會安靜
486,///
486,台灣觀眾的特色
486,大概就是吵沒品愛吃鍋貼
486,相信很多來台打球的隊伍都很想叫場邊觀眾閉嘴
486,今天台義大戰，場邊直喊
486,外國主播都聽不下去說觀眾很吵
486,然後義大利士氣直接被激起來
486,局打爆中華隊
486,場邊瞬間又變回圖書館該有的樣子
486,是不是落後的中華隊，才是好中華隊
486,看球品質才會好
487,大家好我是廢宅
487,看了兩場比賽教練團跟塑膠樣的比賽
487,是不是有比賽以外的考量
487,有沒有八卦
488,備註請放最後面違者新聞文章刪除
488,媒體來源
488,記者署名
488,賴冠文
488,完整新聞標題
488,不斷更新/義大利口氣追分反超局中華隊比落後
488,完整新聞內文
488,中華隊今日林子偉首局轟陽春砲，局下鄭宗哲敲安得分，局安打連發，口氣
488,追分領先，局上義大利追分反超，局比領先中華隊
488,江少慶開局狀況不錯，取得出局，被第三棒壘手帕斯昆汀敲
488,左外野安打，王柏融接到球後雷射肩快傳二壘，刺殺跑者
488,局下出局，林子偉纏鬥到第球，轟右外野陽春砲，中華隊先馳得點，局上佛萊契爾
488,沙利文接連安打，羅培茲短
488,打出局送回三壘跑者，義大利追平，下棒德魯齊奧三壘打，義大利比
488,領先
488,局下，陳傑憲觸身球上壘，出局後，開路先鋒鄭宗哲敲穿越二壘的安打，打回追平分
488,比
488,局上換王維中接替登板，狀況絕佳，用球繳出上下
488,局下義大利換投比亞吉尼
488,，張育成二壘打吳念庭右外野安打，出局後，陳傑憲左外野超前安，王柏
488,融中外野安打，帶有分打點，中華隊比義大利
488,中華隊打退比亞吉尼，義大利換投伍茲，江坤宇三壘滾地球，讓
488,野手失誤，中華隊跑回第分
488,局上佛萊契爾保送沙利文敲安，羅培茲
488,中外野安打，帶有分打點，馬斯特羅波尼敲安追回
488,分，佛里力克中外野安打，帶分打點
488,江少慶先發局失分退場，使用球，被敲安打，次三振，退場後由王維中接手
488,義大
488,利先發卡斯提拉尼投局被敲安打，失分退場
488,完整新聞連結或短網址不可用等轉載媒體
488,////
488,___
488,備註
489,剛剛領先分
489,球員笑得很開心
489,但我心中沒有絲毫喜悅
489,果然馬上鍋貼就煎起來了
489,阿怎麼半局怎又結束了才過幾分鐘欸
489,到底要贏幾分大家才會覺得穩了
490,///
490,剛去買宵夜鍋貼店大排長龍
490,就去超商買友善了
490,為何大家對中華隊這麼沒信心呢
490,改吃義大利人最痛恨的夏威夷風味比薩不是更好
490,有沒有八卦
491,氣勢越來越弱
491,感覺對方也沒認真在打
491,反觀中華隊用了的力量
491,球就是裊裊的~~~
492,崩潰了
492,今天可能真的可以吃鍋貼了
492,至少呢前天那個結果是鍋貼都沒得吃的
492,但今天局被追四分
492,直接被反超
492,爽都不超過分鐘
492,唉唉
492,濃濃鍋貼味
492,///
492,唉唉
492,還能起舞嗎中華隊
493,不知道耶
493,突然有個預感
493,中華隊應該整個經典賽會全敗
493,因為看就覺得實力有差啊
493,大家覺得呢
494,第場差點被巴拿馬扣倒
494,休天打義大利還打得這麼艱難
494,真的很煩中華隊每次落後都只想尻大隻的結果出局如風連對手的球數都沒消耗到
494,有人上壘就不知道在嗨什麼然後下棒球死不然就雙殺
494,剛剛追分還是靠義大利連續守備失誤不然早就中斷攻勢了
494,之後連三戰還要午接晚不用看也知道比賽結果了吧
495,各位看比賽定很緊張很擔心
495,雖然目前被鳳梨披薩反差
495,但我相信棒球是比到第九局的
495,以我們中華健兒的投手板凳深度
495,定可以逆轉回來的
495,大家說好不好
496,鍋貼的由來是
496,雖敗猶榮
496,猶榮跟遊龍音似
496,四海遊龍賣鍋貼的
496,也就是鍋貼至少還有努力表現但輸了的含意
496,但中華隊今天爛成這樣
496,根本配不上猶榮這詞
496,不要再用鍋貼幫中華隊找台階下了
497,洲際慘案兄弟主場
497,呂彥青現在在吃宵夜了嗎
497,幹還不上
497,中華隊要爆了
497,還不換
497,三小拉
498,我們有旅日好手王柏融
498,大聯盟重砲張育誠
498,還有堆小聯盟殺神
498,我們國家隊其實也有機會吧
499,與其看中華隊半死不活最後吃鍋貼
499,有人已經放棄改看日本大葛格虐菜了嗎
499,有的
499,直轟很爽欸
500,第二場投手調度樣爛
500,餅總仍然跟第場樣繼續打自己的臉
500,看的很痛苦
500,投手壞球連發，直投保送
500,不然投到中間就被打鳥安
500,然後教練團睡倒在休息室裡面
500,與其這樣，早知道不如就徵召退休老將好了
500,王建民郭泓志潘威倫好了
500,反正都是輸
500,看這些人上場說不定投的比現在的年輕人還要好
501,女口是頁
501,現在中華隊正在對義大利啦
501,好幾球如果是林哲瑄來守，就接的漂亮啦
501,總教練在幹嘛
501,調度是不是有問題
501,怎麽不派林哲瑄來守中外野
501,有沒有八卦啊
502,不管哪組哪個國家，根本就是展現球員在體系的人數
502,連亞洲老店第棒都要給空降的怒霸
502,是不是不管三級前技術多好，都要歲之後來去體系升級個大肌肌比較好
502,台灣有機會用個什麼計畫丟個十幾二十支青棒前的好手去變個批黃金十年的中華隊嗎
503,享盡地主優勢，還是技不如人，輸球很正常
503,而且職棒爐主還當國家隊總教練，也算是故意讓對手
503,隔壁韓國更慘，台灣已經是雖敗猶榮了
503,沒有輸得太難看就好，明後天當練兵就好
503,大家說好不好
504,如題
504,之前的國際賽無論是經典賽奧運資格賽
504,還是能看到不同行業的投放廣告
504,但這次的經典賽今天的比賽中華隊義大利隊
504,換局間的廣告房地產的廣告變得好多
504,不像之前還有食品業金融業保健食品業各種行業百花齊放
504,有點像是房地產行業百地爭鳴的感覺
504,有沒有相關的八卦
505,棒球經典賽
505,中華隊怎麼五局中場之後
505,內野後面就站堆人
505,有很多人偷溜進棒球場嗎
505,有沒有卦
506,世界棒球經典賽
506,中華隊義大利
506,落後
506,輪到二兵張育成
506,兩分炮炸裂
506,追平啦
507,個連鳳梨都不敢放上披薩的國家，
507,有可能棒球打贏世界第二的中華隊嗎
507,更別說之前還軸心國的，
507,有膽子來算總帳嗎
507,我講句公道話，
507,棒球就打到這裡，
507,大家四四六六，算平手就好，
507,不然就來比披薩的創意
507,打到半全壘打了，
507,誰跟你平手啊
508,大家好
508,二兵張育成兩分砲追平
508,這個功績可以晉升了吧
508,大家覺得可以當什麼職位啊
508,有卦嗎
509,欸你各位阿
509,才六局下
509,專業的都知道
509,中華隊的比賽八局才開始
509,被騙ㄌ那麼多年還在爽前幾局
509,斗嗎
510,/////
510,/////
510,/////
510,太爽了啦育成我大哥
510,以後誰酸他我跟他拼命
510,永遠忠誠
510,￣□￣/敬禮
510,￣ㄧ￣￣ㄧ￣
511,如題
511,二兵張育成
511,毫無疑問是現在臺灣最強打者
511,在大檸檬的成績也是臺灣歷年來最好
511,基本上是已經超越陳金鋒了
511,現在國際賽正需要他的時候
511,兩分蛋
511,是不是這時候
511,永遠忠誠二兵張育成
511,已經超越陳金鋒了
511,有卦
512,_/
512,是我，我道歉
512,他強大，但常輸給弱隊
512,他輸十分，但跟等級平手
512,他永遠讓你意想不到
512,他喜歡在你滿滿的期望
512,再給你永遠的失望
512,我看衰台灣，是因為只要比分好我就開心
512,總比期望分，表現分
512,有想跟台灣中華隊道歉的掛嗎
513,就是啊
513,中華隊每次打到後面時
513,防守的時間總是比對面多不少
513,就個體育運動來說
513,是不是對另外隊不公平啊
513,中華隊的時間怎麼會特別多呢
513,有沒有八卦
514,今天兩位旅美都上過大聯盟的
514,林子偉和張育成都開轟啦
514,我們旅日的台灣至寶王柏融
514,怎麼都沒有開轟勒
515,分享張育成
515,/////
515,///
515,總有天每個人定會為我鼓掌
515,棒追平
515,二兵我道歉
515,打飯班先把鍋貼收掉
516,"水餃,"
516,"鍋貼,"
516,"都還沒開始熱,"
516,"突然想到,"
516,"現在跟義大利隊說,"
516,以後台灣再也不吃鳳梨披薩
516,"義大利會冰釋前嫌,"
516,讓中華隊獲勝嗎
516,拿坡里披薩好棒棒
516,"大家說說,"
516,有掛嗎
517,前天中華隊打不好堆酸民跳出來
517,今天中華隊打的很好，還沒定輸贏就在吹
517,哪來的這多日球迷，前天酸中華隊的麻煩自己出來道歉
517,另外義大利就這
518,正在用看
518,發現居然有啦啦隊視角
518,這兩個視角根本看不到比賽內容啊笑死
518,到底誰會看啊
518,有沒有卦
519,備註請放最後面違者新聞文章刪除
519,媒體來源
519,聯合
519,記者署名
519,陳宛晶
519,完整新聞標題
519,經典賽全台為他鼓掌
519,張育成追平兩分砲霸氣傾聽給他的掌聲
519,完整新聞內文
519,規
519,經典賽全台為他鼓掌
519,張育成追平兩分砲霸氣傾聽給他的掌聲
519,聯合報記者陳宛晶台中即時報導
519,這就是大聯盟級的戰力
519,陷入苦戰的中華隊，今天靠張育成在第局用追平兩分砲重新提
519,振士氣，讓全場萬人為他鼓掌
519,中華隊今天在世界棒球經典賽分組賽出戰義大利隊，前半段的兩度領先都像是夢境般短暫
519,美好，打完前局處於落後，洲際棒球場氣氛度死寂
519,中華隊在第局攻守都接連出現亮點，局上呂彥青接手陳禹勳留下的兩出局壘有人局
519,面，球都還沒投，就牽制抓到壘跑者佛列契
519,下半局林立的保送
519,開啟契機，兩出局後輪到張育成，鎖定第球哩伸卡球出棒，棒炸出中右外野牆外
519,張育成這發兩分砲讓比分形成，中華隊重新回到戰局中，全場球迷起立向他敬禮，張
519,育成則在繞過三壘後將手放在耳朵旁，霸氣傾聽萬名球迷為他喝采的聲音
519,完整新聞連結或短網址不可用等轉載媒體
519,///////
519,備註
519,請
520,科科
520,棒扛出去
520,二兵升上將不錯啦
520,不過還是平手
520,我印象中，中華隊突破僵局好像
520,每次都吃鍋貼耶
520,有贏過的嗎
520,科科
521,欸張育成好猛喔
521,根本台灣打擊第人
521,但他排得進日本先發九棒嗎
521,日本這次也是豪華打線
521,育成應該也不差吧有掛
522,你錯了
522,這個中華隊就是欠酸欠辣
522,如果每個人都學我這篇帖子樣都用最辣的話來講
522,中華隊早就起飛了
523,小玉終於被換了打左投完全不行
523,今天賽到支安打
523,這應該是這次教練團做最正確的決定
523,彈力球的最大受益者小玉
523,終於換掉了中華隊要順了
524,中華隊七局下半
524,打出超前分
524,喔喔喔喔喔喔喔
524,等等要吃什麼
524,夏威夷比薩
524,還是
524,義大利麵
525,有持續再看中華隊國際賽的應該對中華隊的局不陌生吧
525,總是
525,現在中華隊要以領先分進入到第八局
525,有人有想法嗎
525,理性討論
526,中華隊終於要回領先啦
526,目前打擊看來很強
526,都能適時安打全壘打
526,投手更是穩到炸
526,各種三振美技
526,現在中華隊了
526,應該會繼續擴大領先到結束
526,可以關掉不看了吧
527,如題
527,已經到了第八局沒錯
527,就是中華隊最恐懼的第八局
527,緊張到不敢看了是不是該去洗個澡
527,洗完澡應該就贏了吧
528,所以我認為
528,義大利比巴拿馬強
528,現在看來
528,屌壓義大利的中華隊
528,實力在巴拿馬上
528,大家怎看
528,有沒有掛
529,前七局中華隊終於領先了
529,好像想起當年經典賽
529,中華隊都在第七局逆轉
529,當初第七局滿壘也只拿分
529,是不是熟悉的中華隊回來了呢
529,八九局應該不會出事吧
530,他媽堆風向亂帶說什麼中華隊多爛多爛
530,什麼買義大利等於定存利率超高倍幹妳娘
530,真的傻傻聽進去花萬塊現在他媽不就要在頂樓吹風了頂樓好冷
530,沒有跟風買義大利是不是賺到
530,有八卦嗎
531,我認為中華隊局打不好是集體潛意識造成的
531,其實從物理學來看局跟局根本沒什麼不同
531,你把狀況穩定的或是終結者像是李維拉這種壓上來
531,反而還比前面幾局更好守
531,那除非你說是先發投手完投九局了
531,那沒錯越後面越容易掉分
531,所以說中華隊局打不好老吃鍋貼
531,這個是假議題
531,事實是太多日球迷在那邊緊張大師造成選手壓力
531,所以中華隊老是後段局數表現不好
531,跟家長給孩子越大壓力孩子學校成績越差是同樣道理
531,本人預測這場還是輸給義大利局大量爆分
531,鐵口直斷不靈免錢
531,噓我還有臉要我解釋
531,滾啦
531,你什麼咖
532,今天終於等到睽違已久的首勝
532,不可能被義大利逆轉吧
532,等等訂鳳梨披薩來吃
532,不知道各位怎麼看
533,女口是頁口拉
533,先不論輸贏，中華隊今天跟義大利有來有往，
533,比賽也差不多快到尾聲了
533,請問今天的中華隊算是及格了嗎
534,搭配經典賽的經典美食
534,鍋貼下鍋
534,鄉民推薦
534,邊吃邊哭的排隊名店
534,八局上中華隊超前分
534,換投
534,明天才上車還來得及嗎
535,中華隊領先
535,局上半守得很好
535,基本穩了吧
535,不太可能會輸了
535,不會再反轉了吧
536,轟
536,三分砲
536,中華隊暫時領先
537,請問義大利黑鬍子是內應嗎
537,看換了他之後中華隊很容易上壘
537,前幾個投手很穩欸
537,最後局了中華隊加油啊穩住別失分了
538,剛剛那個什麼極力及敲了隻三分砲
538,現在中華隊領先
538,那那些運彩下義大利贏的人在想什麼
538,賠率低應該都重注了不少
538,有人知道嗎
539,本來就很強了
539,堆人不知道在酸什麼的
539,鍋貼鍋你媽啦
539,這場中華隊穩贏了
539,我是明燈跟我準沒錯
540,我真的怕了寧願信其有不可信其無
540,太毛了棒球之神是真的
540,守備散漫打擊鳥滾棒球之神看不下去
540,換下之後中華隊連續得分成晉直接代打安打
540,呂寶直接壓制對面打線
540,捕手長打都出來
540,投手都壓制對面了
541,到底今天中華隊是不是拿掉拘束器了
541,居然打那麼順
541,有沒有拘束器的掛
542,到第八局，投手崩，守備崩，教練就負責在休息區傻眼
542,今天中華隊改穿深藍色嗎
542,今天的義大利是不是中華味飄出來了
543,我們中華隊剛剛又尻炮了了
543,根本穩到不行
543,誰可以去教意大利人怎麼寫蒿吐露絲四個字啊
543,有沒有八卦呢
544,小弟業餘觀察家
544,根據小弟的分析
544,等等中華隊會被逼到延長賽
544,然後輸球
544,大概是這樣
544,掛
545,目前八局下半，吉力吉撈炸裂打出全壘打
545,仍由中華隊持續進攻
545,因此提前發錢
545,每推，發前推
545,若九局上半結束讓義大利直接回家，每推
545,賽完發錢
545,請大家說些祝福中華隊的話
545,鍋貼拿去送義大利隊啦
545,推
545,錢
545,/
545,推
545,錢
545,/
545,推
545,推
545,/
545,推
545,推錢
545,/
545,推
545,錢
545,/
545,推
545,/
545,推
545,推
545,/
545,推
545,錢
545,/
545,推
545,推
545,/
545,推
545,中華隊超強
545,/
545,推
545,推
545,/
545,推
545,謝謝
545,/
545,推
545,推
545,/
545,推
545,穩
545,/
545,推
545,錢
545,/
545,推
545,勝利
545,/
545,推
545,推
545,/
545,推
545,加油
545,/
545,推
545,錢
545,/
545,推
545,推
545,/
545,推
545,好的錢錢
545,/
545,推
545,推
545,/
545,推
545,好欸
545,鎖
545,/
545,推
545,/
545,推
545,錢
545,/
545,推
545,中華隊台灣加油，錢
545,/
545,推
545,錢
545,/
545,推
545,推
545,/
545,推
545,錢
545,/
545,推
545,中華隊必勝
545,/
545,推
545,拿
545,/
545,推
545,錢
545,/
545,推
545,好
545,/
545,推
545,錢
545,/
545,推
545,推
545,/
545,推
545,推
545,/
545,推
545,推推
545,/
545,推
545,推
545,/
545,推
545,妥當
545,/
545,推
545,錢
545,/
545,推
545,讚
545,/
545,推
545,推
545,/
545,推
545,推
545,/
545,推
545,推
545,/
545,推
545,推
545,/
545,推
545,錢
545,/
545,推
545,推
545,/
545,推
545,錢錢
545,/
545,推
545,推
545,/
545,推
545,推
545,/
545,推
545,推
545,/
545,推
545,推
545,/
545,推
545,好
545,/
545,推
545,錢
545,/
545,推
545,錢
545,/
545,推
545,錢
545,/
545,推
545,推
545,/
545,推
545,鎖住吃夏威夷披薩/
545,/
545,推
545,推
545,/
545,推
545,推
545,/
545,推
545,中華隊加油
545,/
545,推
545,推
545,/
545,推
545,好
545,/
545,推
545,推
545,/
545,推
545,/
545,推
545,推
545,/
545,推
545,錢
545,/
545,推
545,///
545,推
545,/
545,推
545,/
545,推
545,義大利下去吃鳳梨披薩啦
545,/
545,推
545,推
545,/
545,推
545,推
545,/
545,推
545,錢
545,/
545,推
545,推
545,/
545,推
545,推
545,/
545,推
545,恭喜
545,/
545,推
545,推你
545,/
545,推
545,推
545,/
545,推
545,爽
545,/
545,推
545,推
545,/
545,推
545,錢
545,/
545,推
545,錢
545,/
545,推
545,退啦
545,/
545,推
545,推
545,/
545,推
545,錢
545,/
545,推
545,推
545,/
545,推
545,錢
545,/
545,推
545,錢
545,/
545,推
545,錢
545,/
545,推
545,推
545,/
545,推
545,加油
545,/
545,推
545,/
545,推
545,推
545,/
545,推
545,錢
545,/
545,推
545,推
545,/
545,推
545,推
545,/
545,推
545,推
545,/
545,推
545,/
545,推
545,推
545,/
545,推
545,推中華隊加油
545,/
545,推
545,推
545,/
545,推
545,推
545,/
545,推
545,錢
545,/
545,推
545,推
545,/
545,推
545,好
545,/
545,推
545,推
545,/
545,推
545,好
545,/
545,推
545,中華隊加油
545,/
545,推
545,推
545,/
545,推
545,錢
545,/
545,推
545,推
545,/
545,推
545,錢
545,/
545,推
545,推
545,/
545,推
545,加油
545,/
545,推
545,推
545,/
545,推
545,錢
545,/
545,推
545,加油
545,/
545,推
545,喔耶
545,/
545,推
545,推
545,/
545,推
545,推
545,/
545,推
545,/
545,推
545,推
545,/
545,推
545,錢錢
545,/
545,推
545,推
545,/
545,推
545,推
545,/
545,推
545,爽
545,/
545,推
545,推
545,/
545,推
545,推
545,/
545,推
545,水啦
545,/
545,推
545,錢
545,/
545,推
545,推爆
545,/
545,推
545,推
545,/
545,推
545,推
545,/
545,推
545,推
545,/
545,推
545,加油
545,/
545,推
545,好
545,/
545,推
545,錢
545,/
545,推
545,錢
545,/
545,推
545,推
545,/
545,推
545,/
545,推
545,推
545,/
545,推
545,錢
545,/
545,推
545,推
545,/
545,推
545,推
545,/
545,推
545,錢
545,/
545,推
545,推爆
545,/
545,推
545,推
545,/
545,推
545,/
545,推
545,推
545,/
545,推
545,錢
545,/
545,推
545,日職軍的安定感
545,/
545,推
545,好
545,/
545,推
545,錢
545,/
545,推
545,錢
545,/
545,推
545,謝謝撈哥
545,/
545,推
545,/
545,推
545,今天太爽了
545,/
545,推
545,原住民就是猛
545,/
545,推
545,推
545,/
545,推
545,前
545,/
545,推
545,襄加油
545,/
545,推
545,錢
545,/
545,推
545,純推不拿
545,/
545,推
545,推
545,/
545,推
545,推
545,/
545,推
545,推
545,/
545,推
545,推
545,/
545,推
545,錢
545,/
545,推
545,推
545,/
545,推
545,必勝
545,/
545,推
545,好
545,/
545,推
545,中和隊加油
545,/
545,推
545,中華隊衝啊啊啊啊啊啊啊
545,/
545,推
545,加油
545,/
545,推
545,恭喜了錢錢
545,/
545,推
545,推
545,/
545,推
545,推
545,/
545,推
545,推
545,/
545,推
545,回家吧義大利佬
545,/
545,推
545,維大利
545,/
545,推
545,推
545,/
545,推
545,推
545,/
545,推
545,推
545,/
545,推
545,推
545,/
545,推
545,錢
545,/
545,推
545,亞
545,/
545,推
545,推
545,/
545,推
545,中華隊加油
545,/
545,以上底色標記位，每人稅前發送完成
546,照以往經驗，打擊戰收視率定比投手戰好
546,這屆每場幾乎都大比分，全壘打滿天飛，大聯盟是不是在故意用彈球啊
547,轉播主播下說臺灣隊
547,球評又說中華隊
547,廣告也是下說又中華隊加油
547,下臺灣隊打擊出去
547,到底要叫甚麼隊
547,好混亂
547,還是學總統說
547,中華民國台灣隊
548,大家看壞就買大家看好就買對家
548,昨天輸七分今天目前贏四分
548,跌破堆看衰仔眼鏡
548,朋友昨天買中華今天買義大利被雙巴
548,慘到爆
549,如題
549,今天比賽每每有得分機會的時候
549,播的應援曲只要是統尚勇
549,中華隊就能得分
549,統尚勇是不是最強的應援曲呢
550,今天為中華隊加油的各位安安阿，我就那個心齋橋哥啦
550,中華隊就是讚啦，看韓國隊輸就是爽啦
550,重點重點
550,今天贏這麼爽是不是襄襄可以來陪我下下
550,瓜
551,我大中華隊
551,比
551,怎麼輸
551,我就問
551,我
551,在此說
551,義大利勝的話
551,我用老二吃義大利麵辣
551,啊唷
552,前兩天輸了第場應該要贏的
552,今天破釜沈舟
552,氣之下怒灌三支全壘打
552,接下來路贏到總冠軍
552,打爆日本美國
552,穩的吧
553,跑步弱足接球散漫大部分都是自殺棒
553,很偶爾打出也是鳥滾
553,堪稱攻勢終結者
553,下去之後，中華宛如重生，各種神奇全壘打
553,攻勢各種串聯
553,從肥料隊轉生級球隊
553,排毒成功論對球隊有多重要
553,友卦嗎
554,無重大八卦請勿使用此分類，否則視同濫用爆卦鬧板文章退回水桶個月
554,中華隊義大利
554,中華隊首勝
554,肉圓披薩吃起來啦
554,必勝客送餐給義大利住的飯店吧
554,未滿繁體中文字
554,未滿繁體中文字
554,未滿繁體中文字
555,我他媽你他媽的幹太讚啦
555,對嘛你們教練的調度明明可以正常的啊
555,那第場那鳥樣是在幹嘛啊
555,這場不是正常多了嗎
555,打起來好多了
556,總算拿下首勝
556,你各位鍋貼跟王柏融起拿去丟啦
556,至少爽天
556,明天就
557,中華義大利
557,今天不賣鍋貼
557,披薩吃到飽
558,中華隊贏義大利啦
558,最終比數
558,只有爽而已
558,舒服
558,明天比賽繼續加油
559,這件龍蝦新裝，你以為每個人都可以穿的啊
559,是義大利名師幫設計的
559,經典賽中華對上義大利
559,中華隊以贏了義大利
559,中華隊安打數義大利安打數
559,勝利了
560,小弟業餘觀察家
560,中華隊面對選手如雲的義大利隊
560,狂拿分
560,這樣的得分能力
560,中華隊是不是真的很有料啊
560,掛
561,中華隊終於贏了
561,我們終於贏了
561,不用直再說
561,我們好想贏
561,贏球比贏錢還高興
561,賺錢賺錢賺大錢~~~~~
562,中華隊今天打線大爆發
562,打敗的義大利隊
562,這場是十年來最好看的場國際賽嗎
562,有沒有八卦
563,那請問要去哪裡領雞蛋
563,人有限幾顆嗎
563,是每個縣市國民黨分部都有發放嗎
563,把雞蛋交出來謝謝
564,全壘打打了又打敲了又敲
564,我中華隊棒球世界排名第二
564,我在此宣佈棒球重登台灣國球
564,誰贊成誰反對
565,再給藍白色次機會
565,/////
565,今天打的夠精彩
565,雖然投手還是樣慘
565,精彩就值得發
565,每五推
565,發位
565,重複跳過
565,恭喜中華隊贏球
565,明早發
566,賽前堆人吹義大利是美國二隊
566,結果卻被我們中華隊痛宰
566,這場比賽是不是可以證明
566,中華隊大勝
566,以後會變成次於的二流聯盟嗎
567,///
567,太爽啦
567,安打串連加關鍵時刻全壘打直出現
567,晚上看官方直發中華隊的推
567,這張勝場比分圖是不是最棒的選圖
568,乳題
568,這場二兵張育成驚天兩分追平轟
568,現在的軍階大概升到哪兒了
568,有沒有卦
569,如題
569,今天原本怕買不到鍋貼，就先買了，結果中華隊贏義大利，鍋貼買好了怎麼辦，很急，在線等，有沒有八卦
570,///
570,其實也正常因為昨天真的打太廢了
570,賠率開就是覺得義大利高機率贏
570,怎麼會有人買義大利
570,有八卦
571,媒體來源
571,記者署名廖婕妤
571,完整新聞標題
571,過半數上班族關注
571,坦言是日球迷
571,完整新聞內文
571,近期世界棒球經典賽開打，不少民眾都相當關注，甚至有上班族會熬夜看球賽，根據
571,求職網調查，有超過成民眾會專注，但有近坦言自己是日球迷
571,根據求職網調查，有上班族會關注今年的賽事
571,若以關注程度區分，有
571,自認屬於日球迷
571,另有上班族坦言，曾因關注體育賽事影響到工作，最常
571,遇到的窘境是因為熬夜看賽事，導致上班時精神差
571,調查也顯示，有上班族曾因體育賽事花錢買過相關紀念品，平均次花費元
571,而隨著疫情趨緩，上班族平均每周會花分鐘運動，但不論愛不愛運動，平均每年花在
571,運動用品及服飾的預算為元
571,此外，有上班族曾任職於鼓勵員工運動的公司，企業的主要做法有提供運動設備
571,舉辦運動競賽及運動會補助運動社團補助運動課程每
571,天有早操或午操
571,求職網發言人楊宗斌建議，把觀看體育賽事當成興趣或娛樂就好，主要目的是調劑
571,身心紓解壓力，而非本末倒置，變成經常性熬夜或分神看比賽，耽誤到工作進度而影響
571,業績成效
571,楊宗斌更指出，平常心看待比賽結果，賽後持續過久的失落感，可能繼續影響到辦公心情
571,效率
571,不論是跟風當個日球迷或者變成資深運動迷，花薪水買相關周邊商品時，仍要
571,量力而為
571,與同事討論賽事分數，或彼此支持球隊不同時，應避免起爭執發生衝突
571,最後楊宗斌不忘提醒上班族，除了忙於事業外，應該要有適度的運動，人生不能窮的只剩
571,工作薪水，應該也要著眼於健康財富的增加
571,另方面，能鼓勵員工投入運動行列的企
571,業，可以透過像是運動會體育社團的方式，凝聚公司士氣，甚至藉由比賽交流，讓經營
571,高層與基層人員打成片
571,完整新聞連結或短網址不可用等轉載媒體
571,////
572,三立新聞
572,記者蕭保祥台中北屯報導
572,年世界棒球經典賽台灣隊連續場小組賽都擊出全壘打，張育成日晚間在局下分彈
572,追平比數，局下范國宸代打擊出內野安打，吉力吉撈鞏冠局下分轟，陳禹勳呂彥青與
572,宋家豪後援接力無失分，終場以比力勝義大利，台灣隊場預賽勝敗暫居組中段班，
572,日晚間面對荷蘭比賽相當關鍵
572,林子偉首局全壘打，台灣隊開賽連續局得分，義大利隊局上追平後，台灣隊局下拿
572,分又領先，局上義大利灌進分再度反超前，局上義大利拿到分差領先
572,張育成局下面對擊出中外野分全壘打追平戰局，局下出局攻占滿壘
572,，范國宸代打面對左投敲出內野安打，台灣隊逆轉戰局
572,張育成與吳念庭局下連續上壘後，吉力吉撈鞏冠擊出中外野分全壘打，棒鎖住勝局
572,台灣隊與義大利同為勝敗，荷蘭隊則是組勝，日對戰荷蘭是關鍵戰
572,////
572,_
573,中華隊這場贏球的關鍵是不是
573,必勝客
573,義大利來台灣看到
573,嚇到
573,有義大利內看到
574,中華隊今天打線大爆發
574,打敗擁有好手的義大利隊
574,若是中華隊順利晉級，將會在下禮拜對決大谷，到時中華隊打線還能像今天樣大爆發嗎
575,中華隊臉上怎麼都有黑黑的
575,那個要幹嘛用的
575,是要色誘對手嗎
575,有沒有八卦
576,欸欸
576,今天中華隊贏大利
576,因為大利烙賽狂失誤
576,加上中華隊打線甦醒
576,明天想吃個披薩慶祝下
576,鄉民有推薦的口味嗎
577,今天打贏義大利
577,前天打輸巴拿馬
577,雖然輸給比較弱的巴拿馬
577,但打贏比較強的義大利
577,如果打贏巴拿馬但打輸義大利
577,說不定晉級還比較難同勝負要比兩隊輸贏
577,這樣中華隊是不是也算正常發揮
578,只要全力抓古巴
578,拿第二勝
578,就算義大利贏巴拿馬
578,拿兩勝
578,比對戰
578,中華贏
578,晉級
578,可以買機票去日本看
578,中華對大谷
578,二兵砲轟大谷
579,昨天跟今天的中華隊
579,根本不同隊吧
579,整個打擊超級順
579,就連投手也很少保送
579,都是靠辣個男人
579,高宇杰吧
579,昨天他兩次漏接傳球
579,壘有人雙殺點壘有人三振
579,配球配到連四保送
579,捕逸好幾球擋也擋不好
579,今天換下場
579,整個中華隊就順了
579,要贏還是要靠辣個男人
579,高宇杰對吧
580,如題大家都知道陳金鋒在國內棒壇如同神般的地位
580,專打強投
580,連達比修都被他打過
580,而張育成初露鋒芒的新星
580,今天敲這支全壘打看起來頗有潛力
580,如果他今後幾場比賽也能嶄露這樣的好表現
580,是不是就有機會跟鋒哥掰掰手腕了
580,有卦嗎
581,韓國日本
581,台灣義大利
581,今天韓國只得四分狂輸日本
581,結果今天中華隊直接分內含好幾支
581,今天中華隊算是贏韓國了吧
582,當初舊世代經典賽的球員陳金鋒林智勝彭政閔潘威倫潘武雄等主力球員都從中華隊
582,退光光
582,現在新生代的球員補上來擊敗大聯盟小聯盟的義大利隊
582,很難得可以看到中華隊場打出這麼多全壘打
582,中華隊新生代球員酸完美接棒了吧
583,本來都打電話叫鍋貼外送了，結果現在鍋貼都冷了，要怎麼吃啊
583,是要隔天加熱嗎
583,有卦否
583,畢竟希望中華隊明天可以叫鍋貼店全部打烊
583,週休二日鍋貼店全部給我關起來
584,中華隊贏義大利啦
584,看到張育成追平兩分砲真的整個高潮
584,接著再補發三分球再加上最後再見三振
584,超級精彩的啦
584,贏球爽爽爽
584,發錢啦
584,每推發到破產啦
584,萬鄉民通通嗨起來
584,///
584,推
584,錢
584,/
584,推
584,/
584,推
584,給錢
584,/
584,推
584,/
584,推
584,錢
584,/
584,推
584,推
584,/
584,推
584,好
584,/
584,推
584,耶
584,/
584,推
584,錢
584,/
584,推
584,/
584,推
584,推
584,/
584,推
584,嗨起來
584,/
584,推
584,開心
584,/
584,推
584,錢
584,/
584,推
584,推
584,/
584,推
584,推
584,/
584,推
584,/
584,推
584,錢
584,/
584,推
584,錢
584,/
584,推
584,推啦
584,/
584,推
584,推
584,/
584,推
584,推
584,/
584,推
584,推
584,/
584,推
584,推
584,/
584,推
584,推
584,/
584,推
584,錢
584,/
584,推
584,推
584,/
584,推
584,推
584,/
584,推
584,推
584,/
584,推
584,錢
584,/
584,推
584,爽啦
584,/
584,推
584,錢
584,/
584,推
584,今天沒話說☺
584,/
584,推
584,錢
584,/
584,推
584,前
584,/
584,推
584,來啦
584,/
584,推
584,嗨起來
584,/
584,推
584,錢
584,/
584,推
584,推
584,/
584,推
584,讚啦
584,/
584,推
584,推
584,/
584,推
584,推
584,/
584,推
584,錢
584,/
584,推
584,錢
584,/
584,推
584,好
584,/
584,推
584,推
584,/
584,推
584,錢
584,/
584,推
584,錢
584,/
584,推
584,推啦
584,/
584,推
584,推
584,/
584,推
584,/
584,推
584,好
584,/
584,推
584,錢
584,/
584,推
584,/
584,推
584,錢
584,/
584,推
584,推
584,/
584,推
584,錢
584,/
584,推
584,推
584,/
584,推
584,錢
584,/
584,推
584,錢
584,/
584,推
584,錢
584,/
584,推
584,錢
584,/
584,推
584,推
584,/
584,推
584,錢
584,/
584,推
584,推
584,/
584,推
584,推
584,/
584,推
584,推
584,/
584,推
584,錢
584,/
584,推
584,錢
584,/
584,推
584,推
584,/
584,推
584,推
584,/
584,推
584,推啦
584,/
584,推
584,推
584,/
584,推
584,推
584,/
584,推
584,推
584,/
584,推
584,推
584,/
584,推
584,錢推
584,/
584,推
584,爽啊
584,/
584,推
584,錢
584,/
584,推
584,推
584,/
584,推
584,錢
584,/
584,推
584,推
584,/
584,推
584,推
584,/
584,推
584,推
584,/
584,推
584,推
584,/
584,推
584,推
584,/
584,推
584,推
584,/
584,推
584,爽
584,/
584,推
584,贏
584,/
584,推
584,推
584,/
584,推
584,推
584,/
584,推
584,推
584,/
584,推
584,推
584,/
584,推
584,錢
584,/
584,推
584,錢
584,/
584,推
584,推
584,/
584,推
584,錢
584,/
584,推
584,錢
584,/
584,推
584,好
584,/
584,推
584,贏
584,/
584,推
584,舒服啦
584,/
584,推
584,/
584,推
584,錢
584,/
584,推
584,錢
584,/
584,推
584,推
584,/
584,推
584,讚
584,/
584,推
584,錢
584,/
584,推
584,嗯嗯
584,/
584,推
584,推
584,/
584,推
584,錢
584,/
584,推
584,推
584,/
584,推
584,推
584,/
584,推
584,推
584,/
584,推
584,錢
584,/
584,推
584,推
584,/
584,推
584,/
584,推
584,錢
584,/
584,推
584,推
584,/
584,推
584,推
584,/
584,推
584,讚啦
584,/
584,推
584,錢
584,/
584,推
584,推
584,/
584,推
584,推
584,/
584,推
584,讚啦
584,/
584,推
584,推
584,/
584,推
584,推
584,/
584,推
584,送啦
584,/
584,推
584,中華隊讚啦
584,/
584,推
584,錢
584,/
584,推
584,推拉
584,/
584,推
584,/
584,推
584,推
584,/
584,推
584,錢
584,/
584,推
584,推
584,/
584,推
584,推
584,/
584,推
584,推
584,/
584,推
584,推
584,/
584,推
584,推
584,/
584,推
584,推
584,/
584,推
584,推
584,/
584,推
584,推
584,/
584,推
584,推
584,/
584,推
584,拿來
584,/
584,推
584,推
584,/
584,推
584,推贏球爽啦
584,/
584,推
584,推
584,/
584,推
584,推
584,/
584,推
584,推推
584,/
584,推
584,錢
584,/
584,推
584,錢
584,/
584,推
584,披薩吃起來
584,/
584,推
584,推推推
584,/
584,推
584,推
584,/
584,推
584,錢
584,/
584,推
584,推
584,/
584,推
584,推
584,/
584,推
584,推
584,/
584,推
584,推
584,/
584,推
584,推
584,/
584,推
584,讚啦
584,/
584,推
584,錢
584,/
584,推
584,錢
584,/
584,推
584,爽
584,/
584,推
584,推
584,/
584,推
584,推
584,/
584,推
584,爽
584,/
584,推
584,推推推推
584,/
584,推
584,錢
584,/
584,推
584,開心
584,/
584,推
584,送啦
584,/
584,推
584,好
584,/
584,推
584,錢
584,/
584,推
584,推
584,/
584,推
584,推
584,/
584,推
584,推
584,/
584,推
584,錢
584,/
584,推
584,爽啦
584,/
584,推
584,推
584,/
584,推
584,推
584,/
584,推
584,爽
584,/
584,推
584,/
584,推
584,錢
584,/
584,推
584,推
584,/
584,推
584,錢
584,/
584,推
584,推
584,/
584,推
584,推
584,/
584,推
584,錢
584,/
584,推
584,太爽啦
584,/
584,推
584,推
584,/
584,推
584,推
584,/
584,推
584,推
584,/
584,推
584,/
584,推
584,錢
584,/
584,推
584,推
584,/
584,推
584,推
584,/
584,推
584,推
584,/
584,推
584,錢
584,/
584,推
584,推
584,/
584,推
584,推
584,/
584,推
584,給錢
584,/
584,推
584,讚
584,/
584,推
584,推
584,/
584,推
584,推
584,/
584,推
584,好欸
584,/
584,推
584,錢錢
584,/
584,推
584,推
584,/
584,推
584,錢
584,/
584,推
584,推
584,/
584,推
584,錢
584,/
584,推
584,讚啦
584,/
584,推
584,嗨起來
584,/
584,推
584,推
584,/
584,推
584,中華隊就是讚
584,/
584,推
584,推
584,/
584,推
584,爽
584,/
584,推
584,爽
584,/
584,推
584,推
584,/
584,推
584,爽
584,/
584,推
584,推
584,/
584,推
584,贏，錢
584,/
584,推
584,好
584,/
584,推
584,推
584,/
584,推
584,推
584,/
584,推
584,推推
584,/
584,推
584,推~~
584,/
584,推
584,爽
584,/
584,推
584,錢
584,/
584,推
584,推推
584,/
584,推
584,推
584,/
584,推
584,錢錢
584,/
584,推
584,推
584,/
584,推
584,推
584,/
584,推
584,推
584,/
584,推
584,推
584,/
584,推
584,推
584,/
584,推
584,錢
584,/
584,推
584,推推
584,/
584,推
584,錢
584,/
584,推
584,錢
584,/
584,推
584,讚
584,/
584,推
584,推
584,/
584,推
584,推啦
584,/
584,推
584,推
584,/
584,推
584,錢
584,/
584,推
584,推
584,/
584,推
584,錢
584,/
584,推
584,推
584,/
584,推
584,推
584,/
584,推
584,錢
584,/
584,推
584,推
584,/
584,以上紅底標記位，每人稅後發送完成
585,本肥很好奇
585,當初堆沒當兵的在那邊靠北他
585,結果現在打臉你各位
585,現在個個都開始蹭
585,那個什麼的定也會開始說他嗨的
585,當初嘴張育成的現在都在幹嘛啊
586,你各位
586,今天快結束了
586,但就是少了甚麼
586,對
586,就是那熟悉的味道
586,剛剛電視上沒嚐到
586,馬上下樓自己買來嘗嚐
586,///
586,有沒有麥香奶茶會賣爆的八卦
587,這樣比沒有意思
587,不如我們來猜猜看
587,組和組預賽打完
587,有那支球隊會以全敗收場
587,韓國隊
587,中國隊
587,沒有球隊
587,大家覺得答案是幾呢
587,我個人覺得是
588,爽啦，中華隊逆轉勝
588,加碼多篇發錢，規則在文末
588,這樣啦，先前因為未幫員工保勞健保
588,因此被前員工告上法庭，最後判賠萬
588,最近又有的員工向我透露，再次未替員工進行應有的保障
588,甚至在員工要離職時還提出威脅逼迫這些工讀生們簽和解書
588,///
588,///
588,///
588,不過同學阿，你都簽和解書了，鄉民也沒辦法替你們伸張正義阿
588,我頂多只能幫你們把這件事情曝光而已
588,該做的申訴只能靠你們自己啊
588,以下是編年史紀錄
588,本尊分身列表
588,分身判例
588,///
588,///
588,///
588,///
588,賣帳戶給詐騙集團被判刑
588,///
588,相關文章
588,///
588,///
588,自介
588,///
588,已在聖約翰科大就讀年級不明
588,未支付電話費
588,///
588,///
588,自稱大四負債學貸萬並且想申辦第銀行信用卡
588,///
588,累計學貸萬，亞太手機欠費台哥大手機欠費
588,///
588,積欠卡費未繳遭第銀行向法院聲請強制執行
588,///
588,違反商標法判刑拘役日
588,///
588,學貸積欠萬延滯未繳
588,///
588,因毀損夾娃娃機台被判刑拘役日
588,///
588,自稱欠債已還清，剩學貸萬，信用分數僅分
588,///
588,因於臉書罵人被告，判賠元，並自稱月薪，且上訴失敗
588,因車禍與人起爭執，動手毆打對方，被判拘役日
588,///
588,自稱學貸萬，卡費萬於聯徵並顯示呆帳，信用分數分
588,///
588,///
588,自稱聖約翰科大休學中~
588,///
588,於臉書公然侮辱被判拘役日，且民事賠償元，上訴被駁回
588,///
588,提告鄉民，刑事判決不起訴處分，民事判決敗訴
588,此事被記者寫成新聞報導
588,///
588,台北市勞工局開罰
588,///
588,與前員工進行勞資訴訟，被判須賠償前員工元
588,///
588,提告館長，被法官駁回
588,///
588,不知道這個編年史會不會越來越豐富，嘻嘻
588,慶祝中華隊獲勝，每樓，發到樓
588,推
588,就很推
588,/
588,推
588,推
588,/
588,笑死
588,推
588,科好
588,/
588,推
588,推
588,/
588,推
588,錢
588,/
588,噓
588,好了啦你要當下個嗎
588,/
588,好了啦
588,錢
588,/
588,推
588,錢
588,/
588,爽
588,錢
588,/
588,推
588,推
588,/
588,傳奇鄉民
588,推
588,推
588,/
588,錢
588,/
588,錢
588,/
588,推
588,推
588,/
588,噓
588,館長打手喔
588,/
588,哪裡可以領錢
588,錢
588,/
588,推
588,錢
588,/
588,推
588,推
588,/
588,我法盲不知道
588,推
588,好
588,/
588,推
588,錢
588,/
588,推
588,/
588,哭啊
588,推
588,推
588,/
588,錢
588,/
588,推
588,錢
588,/
588,推
588,和解書的效力有這麼萬用這麼強大
588,/
588,有請法律專家釋疑
588,推
588,推
588,/
588,推
588,錢
588,/
588,推
588,推
588,/
588,玩年第次遇到筆戰戰不贏就直接告人的很興奮啊
588,死好
588,/
588,讚啦
588,推
588,/
588,以上紅底標記位，每人稅後發送完成
588,小心被告
588,萬年老招
588,到他跟我的官司結束為止
588,我自己當初也是很愛看去爆料館長
588,但是自從他大頭症發作
588,開始霸凌反對他的鄉民之後
588,我就開始對他的行為很反感
588,最後是因為他自稱開分身站方也抓不到他，我才會想開始抓他分身
588,至於他自己的黑料，那得要怪他從以前就在留下的黑歷史
588,基本上他要怎麼爆料館長我都沒意見
588,像最近的那次代，有正反意見而不是像以前樣面倒，這才是正常的交流
588,你看到下面的推文就知道，當初唬爛自己是會計師
588,到現在還有人會以為這是真的
588,我的目的很簡單，把他那些說謊的人設全部揭露
588,要爆料還刻意把自己拉高社經地位幹嘛
588,怕自己的爆料沒人信嗎
588,對自己的料有自信就不需要做那些無謂的謊言吧
588,我相信我說了這些應該也是沒人會看的
588,身高是真的職業是假的
588,跟我說幹嘛去跟發錢程式說啊
588,看來我是貓
588,小心被告
588,ㄈㄅㄌ即將抵達現場
588,跟館長相愛相殺，受刑人相輕
588,不好說喔
588,推
588,他真的很奇怪，自己事情不解決巴著館長
588,/
588,我看是解決不了吧債務堆
588,哪有傳奇鄉民精彩
588,怕
589,才打兩場中華隊就失分
589,平均場失分
589,以前國際賽中華隊投優於打
589,這次卻是打優於投
589,懷念有王健民郭泓志曹錦輝的年代
590,以往中華隊的陣容
590,都是強投弱打
590,而這次中華隊的陣容
590,看起來是弱投強打
590,中華隊是不是只缺第二個王建民就能進化成完全體了
591,媒體來源
591,記者署名
591,記者賴冠文台中報導
591,完整新聞標題
591,中華隊首勝開張
591,轟打爆義大利狂敲安打萬球迷嗨翻
591,完整新聞內文
591,中華隊今日面對義大利，林子偉張育成吉力吉撈．鞏冠開轟帶動中華隊攻勢，全場安打，呂彥青中繼局鎖住義大利打線，宋家豪關門成功，中華隊比贏球，中華隊首勝開張
591,江少慶先發局失分退場，使用球，被敲安打，次三振，王維中接手投局失分，被敲安打，陳冠宇中繼局失分，陳禹勳投局被敲安打，無失分
591,呂彥青投局無失分，鎖住義大利隊攻勢，保送三振，退場後獲得滿場球迷鼓勵，局下出局派宋家豪拆彈化解危機，局上關門成功
591,中華隊全場安打，陳傑憲張育成林立都有複數安，張育成分砲林子偉陽春砲吉力吉撈分砲貢獻
591,江少慶開局狀況不錯，取得出局，被第三棒壘手帕斯昆汀敲左外野安打，王柏融接到球後雷射肩快傳二壘，刺殺跑者
591,局下出局，林子偉纏鬥到第球，轟右外野陽春砲，中華隊先馳得點，局上佛萊契爾沙利文接連安打，羅培茲短打送回三壘跑者，下棒德魯齊奧三壘打，義大利比領先
591,局下陳傑憲觸身球上壘，開路先鋒鄭宗哲敲追平安比
591,局上換王維中接替登板，狀況絕佳，用球繳出上下
591,局下義大利換投比亞吉尼，張育成二壘打吳念庭右外野安打，出局後，陳傑憲王柏融接連安打，各有分打點，中華隊比，打退比亞吉尼，義大利換投伍茲，江坤宇三壘滾地球，讓野手失誤，中華隊跑回第分
591,局上佛萊契爾保送沙利文敲安，羅培茲中外野安打，帶有分打點，馬斯特羅波尼敲安追回分，佛里力克中外野安打，帶分打點，單
591,局灌進分
591,局上換陳冠宇，出局後連投保送，使用球，換陳禹勳登板，羅培茲敲安帶有分打點，義大利比領先
591,局下出局，林立保送，張育成轟中外野分砲，追平比分比，全場球迷敬禮
591,局下出局，陳傑憲保送，成晉代打敲中外野安打，江坤宇中外野安打，形成滿壘，范國宸代打內野安打，打回超前分比
591,呂彥青局上抓出局數後，投出保送，換宋家豪登板拆彈成功
591,局下張育成觸身球吳念庭敲安，吉力吉撈轟分砲，奠定勝基
591,義大利先發卡斯提拉尼投局被敲安打，失分退場，義大利全場安打
591,完整新聞連結
591,////
592,歡慶中華隊，再逆轉，終於把鍋貼送還給義大利，
592,炸裂全壘打，全場歡呼
592,，贏義大利啦
592,明天要吃義大利披薩，目前候選名單有拿坡里必勝客達美樂古拉爵
592,三餐都吃披薩，吃到撐為止
592,請問哪家最頂級最有義大利味呢
592,那些吵著要吃鍋貼的酸民，麻煩送去義大利球隊^^
593,新聞雲運動雲
593,年月日
593,記者王真魚台中報導
593,萬球迷捍衛台灣主場義大利教頭我真的受到驚嚇
593,經典賽義大利今晚面對擁有主場絕對優勢的中華隊，單場苦吞轟，終場比
593,吞敗
593,皮亞薩總教練賽後直言坦白說，這場比賽我真的
593,受到驚嚇，這些啦啦隊球迷真的非常有活力
593,中華隊今晚捍衛主場，林子偉張育成吉力吉撈．鞏冠開轟帶動攻勢，屢
593,屢有得分機會，場邊嗆司應援連貫，現場大玩波浪舞，彷彿來到大型夜店
593,很肯定台灣選手的打擊，非常不簡單，其實我們有針對佈陣，但有時情蒐
593,提供的資料並無法涵蓋所有狀況，有時有效，有時沒效
593,皮亞薩佩服中華隊能
593,夠突破封鎖，這就是棒球，他們做到了，很值得肯定
593,義大利在競爭力相當的組，皮亞薩透露，今晚受到非常大的驚嚇，當然
593,我說的不是真的驚嚇啦，是台灣球迷啦啦隊球迷非常有活力
593,他苦笑稱，
593,就像我賽前所說，電視上看是另回事，場上是另外種感覺
593,我想台灣選手從球迷身上定得到很多能量，被打了發全壘打，確實很
593,難吞下去，但棒球就是這樣子，需要時後無法投出要的球，只能盡可能反攻，可
593,惜無法像昨日那樣，創造重要的出局數
593,皮亞薩說
593,義大利比賽中也發生幾次失誤，皮亞薩坦言，或許因為這些失誤改變比賽局
593,勢，讓台灣把握住機會，也可能像剛剛說的噪音，多少有受影響，我們撐過來
593,了，這是場很棒的比賽
593,////
594,棒球經典賽
594,洲際棒球場看到很多正妹球迷
594,但旁邊都有男伴
594,單身的都窩在家看嗎
594,有沒有卦
595,餓死抬頭
595,舉個例子
595,年王建民封鎖日本打線
595,結果換投就爆炸
595,要是今天全壘打王沒補個分砲
595,進到局
595,其實中華隊會很抖吧
596,聯合新聞網
596,//////
596,經典賽福星
596,呂彥青球拆彈後當轉運手奪勝跟進嘟嘟建仔
596,聯合報記者陳宛晶
596,中華隊今天讓洲際棒球場萬球迷都沸騰，克服兩度落後，福星呂彥青的登板之後，
596,張育成第局敲追平兩分砲，就連第局兩度啟用代打結局都是好的，中華隊終場擊
596,敗義大利隊，在本屆世界棒球經典賽拿到第勝，呂彥青中繼兩局無失分奪勝，成為史上
596,第人第人次在經典賽奪勝的中華隊投手
596,中華隊此役共用任投手，先發投手江少慶之後，王維中陳冠宇陳禹勳呂彥青宋
596,家豪依序接手，守下這場勝利
596,呂彥青的局投球任內，先是球成功凍結跑者，中華隊運勢也跟著順起來，第局張育成
596,兩分砲，第局兩次代打結局都是好的，中華隊從追平到超前，呂彥青也因此奪得勝投
596,中華隊拿下本屆賽事首勝經典賽史上第勝，過去勝的勝利投手依序是潘威倫王建民
596,潘威倫，呂彥青成為史上第人第人次在經典賽奪勝的中華隊投手
596,心得附註
596,///
596,呂寶今天生日，用經典賽勝投當生日禮物讚喔
596,請大家祝呂寶生日快樂
597,備註請放最後面違者新聞文章刪除
597,媒體來源
597,東森新聞雲
597,記者署名
597,記者陳依旻台北報導
597,完整新聞標題
597,獨砸萬挺中華隊爽抱萬
597,咖啡店股東嗨爆
597,完整新聞內文
597,/////
597,記者陳依旻台北報導
597,中華隊開胡了
597,即使首戰輸給巴拿馬，但有死忠球迷仍然相當力挺，帶著必勝決心狠
597,砸萬，中途看到
597,，沒想到最後中華隊真的贏了，
597,讓他當場爽抱萬，
597,前天慘賠的萬也補回來了
597,中華民國運動彩券經銷商商業同業公會理事長何昱奇告訴新聞雲指出，這位
597,幸運兒是咖啡店股東，
597,堅信中華隊定揮出好成
597,績
597,賽事的過程中，中華隊也不負她的期望打完局取得比領先，讓她越看越有信心，卯起
597,來場中投注，中間局中華隊守不住義大利的攻勢，陷入比落後，也讓她差點噴鼻血
597,，沒想到，台灣隊第棒張育成在局下，棒助中華隊追平比分，
597,讓她當場也在螢幕前跟
597,著現場近萬名球迷起立敬禮，最後爽抱萬
597,完整新聞連結或短網址不可用等轉載媒體
597,////
597,備註
598,媒體來源中時
598,記者署名丁世傑中時鄭任南
598,完整新聞標題中華隊擊敗義大利滿志剛兌現承諾明發顆雞蛋
598,完整新聞內文
598,///
598,台北市議會吳志剛辦公室主任台北市青年工作委員會總會長滿志剛日表示，
598,只要中華
598,隊今天打敗義大利，我就發出顆雞蛋
598,中華隊最後以比擊退義大利，滿志剛稱
598,說到做到，明天下午立刻實踐諾言，明天上午九點左右將公佈領蛋時間及地點，請再關注喔
598,由於中華隊首場對巴拿馬的結果不如預期，日晚七點，中華隊背水戰，迎戰延長賽險勝
598,古巴的義大利
598,滿志剛賽前稱，沒有人想輸，多年的努力就是為了在國人面前展現風采，球
598,迷能做的就是支持再支持應援再應援球場上的事，就拜託中華英雄了
598,滿志剛賽前承諾，只要中華隊今天打敗義大利，
598,他就發出顆雞蛋
598,中華隊最後以比
598,擊退義大利，滿志剛說說到做到，明天下午立刻實踐諾言，明天上午九點左右將公佈領
598,蛋時間及地點，請再關注喔
598,完整新聞連結或短網址不可用等轉載媒體
598,///
598,備註
598,///
599,媒體來源
599,記者署名張良瑜
599,完整新聞標題經典賽迎接
599,洲際棒球場砍掉重練斥資千萬翻新
599,完整新聞內文
599,///
599,台中洲際棒球場全面翻新
599,圖張良瑜攝
599,世界棒球經典賽倒數五天，今天悍創運動行銷特別舉辦洲際棒球場媒體日開箱，
599,搶先直擊斥資千萬翻新的頂規球場
599,中華棒協代表王裕盛表示，為了迎接經典賽，台中
599,洲際棒球場幾乎全面翻新，包含草皮紅土和光線都砍掉重練
599,///
599,洲際棒球場草皮重種
599,圖張良瑜攝
599,中華棒協代表王裕盛指出，為了翻新球場，草皮全部重新種植，換成百慕達跟黑麥草混種
599,，媒體日這天灑水維護作業持續進行，球場旁拉起紅龍，除了養護人員外律不能踏入
599,另球場若有高低落差，也整合成水平致，使接縫觸平整壘包放置定位
599,過去風大時會
599,有沙塵暴，如今紅土全面汰換，投手丘打擊區和守備區的紅土皆個別依照比例調配
599,優
599,化排水系統燈光照明度均勻等等，希望能讓賽事順利進行
599,///
599,全球僅四顆棒球裝置藝術
599,圖張良瑜攝
599,另外今天洲際棒球場門口也擺出斥資兩萬美金打造的棒球裝置藝術，開幕後可供民眾打卡
599,拍照
599,設計師李政瀚表示，這顆棒球全世界只有四顆，分別在美國鳳凰城邁阿密日本
599,東京和台灣台中
599,由於台灣是海島型國家，因此棒球也畫上豐富的大自然景觀特色台灣
599,獨有的河川山脈景致，搭配布袋戲臺客家花布和窗櫺的設計花紋，棒球後方也放上太陽
599,餅，象徵台中特產
599,///
599,洲際棒球場室提供現切牛排
599,圖張良瑜攝
599,台中洲際棒球場整備已近乎完工，球員重訓室等等重新整修翻新後，中職賽季開始
599,後將讓中信兄弟沿用，盼透過高規格籌備，提供國際貴賓和球員，以及世界各地球迷優質
599,的比賽環境
599,完整新聞連結或短網址不可用等轉載媒體
599,////
599,備註
599,開打到今天過了三天到了今天拿下首勝
599,球場經過這幾天的驗證，大家覺得這個斥巨資兩千萬更新的球場
599,這錢花的值得嗎
600,鄭成功除了是抗荷英雄外
600,也殺了不少原住民
600,手下劉國軒把某社殺到快滅社
600,雖然殺的多數是平埔族
600,但肯定也有高山族被欺壓的
600,而中華隊選手堆原住民選手
600,打荷蘭真的要講出鄭成功嗎
601,先恭喜中華隊今晚贏球啦
601,秉持體育精神也感謝義大利隊的好對手們
601,如果要款待這些外國球員該開什麼菜單
601,帶他們去必勝客會不會演變成外交事件啊
601,有卦否
602,蛋雞勒
602,才萬是能整修什麼鬼
602,你敢修我還不敢用勒
602,正常光是球場排水工程翻新就不只萬了
602,我建議檢調定要深入調查
602,是不是有惡質廠商故意賠本資敵
602,目的是打擊腳踏實地，老實報價的古意人廠商像是新竹球場
602,☺☺☺☺☺
602,，
602,中
602,種
602,會
602,優
602,卡
602,本
602,灣
602,陽
602,始
602,質
603,經典賽連外媒都好奇敬禮手勢由來張育成言難盡
603,聯合報/記者陳宛晶/台中即時報導
603,中華隊今天歷經苦戰，以擊敗義大利隊，在世界棒球經典賽開張勝場，張育成追平
603,兩分砲是維繫氣勢不墜的關鍵，他的敬禮手勢也引起外媒好奇，賽後提問慶祝手勢由來，
603,連總教練林岳平都笑了，張育成則是言難盡
603,中華隊今天面臨兩度落後，洲際棒球場數度靜默變成洲際圖書館，第局成為關鍵，呂彥
603,青登板球拆彈，局下就出現張育成的追平兩分砲
603,被問到當下在球隊比較低迷時開轟，張育成解釋，其實那時我們的氣勢沒有那麼低迷，
603,兩出局壘有人，只是想推進到二壘，剛好直球紅中，就積極攻擊，沒想到有很好的結
603,果
603,外國媒體緊接著詢問他的敬禮手勢，林岳平當場露出微妙的笑容，張育成則笑答，
603,這應該要請在場媒體幫忙說明
603,這轟讓中華隊重新回到戰局中，張育成繞壘時，全場萬名球迷為他喝彩，他說當下自
603,己也很興奮，平手後更希望後面可以再有分數，剛好他吉力吉撈．鞏冠又打全壘打
603,//////
603,_
603,備註
603,///
603,我言難盡~
604,這次義大利發揮的很不錯
604,造成我們中華隊很大的壓力
604,有來有往投手打擊都比想像中的好
604,中間還有領先
604,差點以為中華隊要翻船了
604,雖然義大利最後落敗
604,有點可惜
604,但也不需要為他們多擔心
604,這是種很有實力的球隊
604,將來幾場應該會有很好的發揮
605,備註請放最後面違者新聞文章刪除
605,媒體來源
605,中時新聞網
605,記者署名
605,//中時新聞網謝雅柔
605,完整新聞標題
605,他喊中華隊贏義大利送顆雞蛋
605,徐巧芯讚狂
605,完整新聞內文
605,//////
605,國內缺蛋問題持續，不少人買不到雞蛋
605,"資料照,郭吉銓攝"
605,//////
605,國民黨台北市議員徐巧芯
605,中時資料照
605,世界棒球經典賽組賽事在台中洲際球場開打，國人再掀棒球熱，首戰輸給巴拿馬的中華隊，今晚將迎戰義大利，由江少慶抗下先發投手重任，全力搶勝
605,許多政治人物也紛紛發出祭品文幫中華隊集氣，其中國民黨台北市青工總會長滿志剛表示，只要中華隊今天打敗義大利，他就發出顆雞蛋，此舉讓國民黨台北市議員徐巧芯直呼太狂啦
605,滿志剛今日在臉書指出，即使首場對巴拿馬的結果不如預期，中華隊今晚將迎戰昨天延長賽險勝古巴的義大利，關關難過還需關關過，全民當後盾，起為中華隊加油，只要中華隊今天打敗義大利，我就發出顆雞蛋
605,滿志剛強調，沒有人想輸，球員多年的努力，就是為了在國人面前展現風采，球迷能做的就是支持再支持應援再應援，場外努力加油我們來，球場上的事，就拜託中華英雄了
605,此舉不僅讓徐巧芯直呼這個祭品文太狂啦，許多網友也表示原來你有雞蛋啊雞蛋王子不是應該送嗎
605,蛋從何來，有蛋就是富翁曾幾何時在台灣連買個雞蛋都變奢求
605,此外，國民黨立委江啟臣洪孟楷林德福羅明才台北市議員徐弘庭國民黨發言人李明璇台北市議員李明賢台北市議員張斯綱桃園市議員凌濤新北市議員葉元之台北市議員柳采葳也發出祭品，每人份，總共份雞排，只要中華隊今晚打敗義大利，將發送份雞排
605,開打政壇也瘋狂
605,中華隊若贏義大利藍營人加碼送份雞排
605,完整新聞連結或短網址不可用等轉載媒體
605,///
605,備註
605,狂喔
606,感覺現在不像以前
606,以前到了國際賽
606,可以搞出全版版標大串連這種壯觀奇景的
606,現在好像只剩棒球版自己熱鬧
606,頂多外溢點到八卦版
606,但是感覺不到全站的人起同仇敵愾的氣氛了
606,是不是
606,這種榮景還回德來嗎
606,有沒有八卦
607,乳提
607,剛剛在某板看到有個經濟狀況清寒的發發錢文說中華隊贏了八卦板跟中國起哭了
607,八卦板現在哭的稀哩嘩啦了
607,哭的慘兮兮了
607,有咪有掛
607,我只知道我沒哭啦☺
608,今晚看轉播
608,導播在拍啦啦隊應援時
608,她們旁邊，觀眾席第排
608,有兩個女生超會跳，根本啦啦隊等級
608,不同的是，她們兩個是面向球場
608,個穿藍色中華隊球衣
608,個穿白色中華隊球衣
608,白色那個，衣服只是套住
608,底下是運動內衣，整個奶，隨著應援，呼之欲出
608,有人知道她們兩位，是誰嗎
608,路人的話，舞姿也太專業了吧
609,中華隊要晉級
609,雖然很有挑戰性
609,但對上荷蘭或古巴總是有場是最重要的
609,是要對古巴用最強最穩的投手還是對荷蘭
610,因為中華隊贏球，決定爽吃宵夜
610,然後在看外賣有什麼好吃的時候
610,發現叫花雞會貴點，烤雞次之，炸雞最便宜
610,是為什麼呢
610,叫花雞料理最簡單，不是應該最便宜嗎
610,_
611,備註請放最後面違者新聞文章刪除
611,媒體來源
611,記者署名
611,記者林育綾綜合報導
611,完整新聞標題
611,慶祝中華隊贏義大利
611,超商祭可樂美式限時下殺買送
611,完整新聞內文
611,年月日
611,/////
611,▲慶祝中華隊在世界棒球經典賽首勝義大利，萊爾富祭出汽水可樂買送快閃優惠
611,圖業者提供
611,記者林育綾綜合報導
611,慶祝世界棒球經典賽中華隊贏義大利
611,除了宣布咖啡快閃買送，萊爾富也在今日推出限時天優惠，無糖雪碧寶特瓶悅氏鹼性水皆享買送，而百事可樂買送更加碼優惠至月日
611,萊爾富跟進推出中華隊獲勝快閃優惠，其中無糖雪碧寶特瓶悅氏鹼性水在月日限時天買送
611,而百事可樂則加碼到月日都是買送，讓球迷持續為
611,/////
611,▲慶世界棒球經典賽分組賽中華隊力克義大利拿下首勝，門市推出美式買送
611,圖提供
611,在稍早也宣布，日將推出單日限定優惠，門市有濃萃美式與精品美式同品項買送
611,行動隨時取則有限量優惠，特大杯美式與咖啡珍珠歐蕾同品項買送，另還有強氣泡水買送以及指定樂事洋芋片件折
611,完整新聞連結或短網址不可用等轉載媒體
611,/////
611,備註
612,剛剛補館長直播
612,拿出了些證據打
612,就跟中華隊今天的比賽樣打出全壘打
612,而現在的緊急直播
612,因為被豬隊友害慘
612,讓的臉都綠了
612,不死鳥又成最大贏家
613,開局分砲林子偉布農族人上過雙城大聯盟
613,追平分砲二兵張育成阿美族人現役紅襪
613,超前分砲吉力吉撈鞏固排灣族人以前旅美上過
613,都是旅外加原住民血統
613,棒球還是要靠原住民
613,希望明天再來次
614,笑死
614,自己從你們的黑熊部隊裡挑台灣隊成員好嗎
614,不要跑來蹭中華民國的中華隊好嗎
614,有夠可悲
614,畢竟你們把曾經想讓他們用不了中華隊
614,呵呵
615,暗暗大家好
615,今天中華隊逆轉勝
615,本魯好開心
615,運彩小贏了些
615,明天想吃個義大利麵慶祝下
615,想問下義大利麵怎麼吃最頂
616,///
616,扣掉臉輸給峮峮之外
616,林襄的身材比例是不是中華隊裡面最好的阿
616,看那個瘦瘦的骨架均勻的長腿
616,真是有夠讚的你們也覺得嗎
617,如題
617,我是沒路用的大夜班肥宅啦
617,是這樣的
617,昨天晚上我起床
617,就看到林立上壘
617,接下來二兵張智成唱凌晨三點鐘就很秋的那個
617,打出追平的全壘打
617,雖然沒在現場
617,窩也是很開心
617,馬上帶上的口罩開心地出門上班
617,///
617,///
617,我是覺得
617,大家都希望他們打得精彩用盡全力取勝
617,打得不好會有情緒也很正常
617,總之希望大家都
617,不論你覺得是是中華台北還是台灣隊
617,起幫他們加油ㄅ
617,喔對了忘記說
617,發錢
617,希望今天隊贏荷蘭
617,每推
617,發到爆
617,加油
617,有些人可能不喜歡台灣贏吧
617,/
617,以上紅底標記位，每人稅後發送完成
617,不要分得那麼細
617,推
617,推
617,/
617,首推也
617,下班回家再發錢
617,推
617,/
617,推
617,可悲的是這板都只會希望中華輸，等
617,/
617,做夢吧，我看贏球很爽啊
617,/
617,推
617,錢
617,/
617,推
617,好
617,/
617,推
617,超前三分砲才爽
617,/
617,推
617,逆轉就是爽
617,/
617,推
617,贏荷蘭加油
617,/
617,推
617,逆轉爽
617,/
617,推
617,排隊
617,/
617,推
617,錢
617,/
617,以上紅底標記位，每人稅後發送完成
618,早上看超商慶祝中華隊勝利的優惠，發現個神好喝珍珠奶茶
618,優惠組早就售完了，有這麼多人搶定好喝吧，阿薩姆茶香跟佛手柑香
618,是香料還是茶葉
618,有加鮮奶嗎
619,請問下
619,看了昨天的中華隊義大利後
619,發現整場球迷都在那裏吵
619,不是亂哀亂叫
619,然後音樂放很大聲放整場
619,中華隊防守就在那裏喊搭波搭波
619,然後投手準備投球也在那裏亂喊
619,啦啦隊扭腰擺臀帶動跳
619,然後換中華隊打擊也是喊整場
619,主審判決不爽也在那裏噓主審還有自帶汽笛進去叭主審的
619,奇怪這些行為怎麼我看日本的比賽都不會
619,其些行為在其他比賽你早就被保安請出去了吧
619,請問台灣是不是全世界最吵的球迷
620,本屆世界棒球經典賽如火如荼展開了
620,對戰巴拿馬到義大利
620,台灣人也像洗三溫暖樣
620,台灣本屆的投手比較弱點
620,如果投手換成那批
620,我們有機會拿第幾名
621,影台灣隊睽違十年奪經典賽勝利
621,比擊垮義大利終止跨屆連敗
621,新聞體育張柏源綜合報導
621,發布|
621,世界棒球經典賽台灣隊今天與義大利隊交手，林子偉陽春砲張育成分彈，加上
621,吉力吉撈．鞏冠的分砲，終場以比睽違天再於經典賽拿下重要勝
621,台灣隊上
621,次在經典賽拿下勝利，已是年月日預賽擊敗荷蘭隊，睽違天台灣終於再次等
621,到經典賽的勝利，同時也是本屆預賽首勝，終止跨屆連敗
621,台灣隊在世界棒球經典賽首戰失利，以不敵巴拿馬隊，休兵天重新再來，今天在
621,滿場近萬名觀眾面前迎戰義大利隊，義大利陣中有位大聯盟資歷選手，被戲稱美國
621,二軍，但實力不容小覷
621,台灣隊局下人出局，靠著林子偉陽春砲先馳得點帶起台灣
621,隊士氣
621,義大利隊局上追分，靠著佛萊徹蘇利文接
621,連安打，人出局後犧牲觸擊戰術跑回追平分，再靠著迪盧齊奧三壘打送
621,回超前分
621,台灣隊局下再起攻勢，陳傑憲獲觸身球保送，靠著滾地球跑上二壘，人出局
621,後鄭宗哲適時安打送回追平分
621,台灣隊局下繼續搶分，張育成率先敲出二壘打，吳念庭安打推進，陳傑憲適時安打送回
621,超前分，王柏融再補上安打替球隊多添分，江坤宇敲出三壘方向滾地球造成義大利隊失
621,誤，陳傑憲跑回台灣隊第分
621,義大利隊局上有攻勢，單局選到次四壞保送敲出支安
621,打，口氣攻下分翻轉戰局，局上羅培茲再敲出帶有分打點的安打
621,局下台灣隊比落後，絕對忠誠張育成轟出分砲棒幫助球隊扳平比數，局下人
621,出局後陳傑憲選到四壞保送，成晉代打敲安，江坤宇安打攻佔滿壘，范國宸內野安打送回
621,致勝分
621,台灣隊攻勢沒有停下來，局下人出局後張育成選到保送吳念庭敲出安打，吉
621,力吉撈．鞏冠開轟，棒分幫助球隊拉開領先差距，台灣隊順利拿下勝利
621,原文網址影台灣隊睽違十年奪經典賽勝利
621,比擊垮義大利終止跨屆連敗|體
621,育|新聞
621,//////
622,必勝客出過好幾款奇葩口味
622,義大利人應該有耳聞或看過轉貼文
622,看次崩潰次
622,因此面對中華隊時還有
622,無法發揮實力
622,必勝客佈局這麼久無疑是幕後功臣吧
623,新聞網
623,林襄峮峮領軍表演世界都看見
623,萬球迷台式應援震撼國際
623,編輯王芊歷報導
623,發佈時間//
623,最後更新時間//
623,///
623,林襄峮峮領軍表演主題曲世界都看見
623,圖胡瑞麒攝
623,世界棒球經典賽中華隊昨日以成功擊退義大利，奪下本屆賽事首勝，同時
623,也終止中華隊經典賽的連敗，睽違年終贏得勝利
623,除了緊張刺激的賽事之外，啦啦隊
623,經典女孩場邊賣力應援亦成為全球矚目的焦點，其中更以人氣最高的林襄以及峮峮領軍，
623,全員到齊表演本屆主題曲世界都看見
623,///
623,///
623,人氣成員林襄
623,圖胡瑞麒攝
623,經典賽日於洲際棒球場正式開打，中華隊首戰碰上巴拿馬，無奈因投手無法壓制對方打線
623,狂失分，導致中華隊最後以不敵巴拿馬，吞下首敗
623,不過，令人關注的還有由林襄
623,與峮峮領軍的中職隊啦啦隊員為中華隊應援的經典女孩，帶動全場球迷起為中華
623,隊加油，讓現場氣氛達到最高點
623,而昨日對戰義大利時，經典女孩再度全員到齊，並表
623,演玖壹壹創作的主題曲世界都看見
623,///
623,經典女孩場邊賣力應援
623,圖胡瑞麒攝
623,此外，當張育成敲出中左外野大空檔的二壘安打進佔得點圈，場邊隨即響起
623,呼聲，接著全場約萬球迷也紛紛跟著高喊挺台灣，場面十分震撼
623,面對如此團結的台式應援，義大利總教練皮亞薩在賽後記者會表示，
623,啦啦隊還有球迷非常有活力，電視上看是回事，在場內又是種感覺，這確實是滿有趣的
623,體驗
623,///
623,經典女孩全員到齊為中華隊加油
623,圖胡瑞麒攝
623,至於本次經典女孩成員，包括的峮峮貴貴短今妮可
623,的籃籃林襄孟潔
623,的琪琪心璇小
623,映和賴可
623,的丹丹秀秀子慈妹奶昔，以及
623,的艾璐瑟七和
623,////
624,國際賽又不是第次看
624,中華隊的特色都是長這樣啊
624,開場先秀下限給你看
624,讓觀眾邊靠北恨鐵不成鋼邊又繼續看比賽，
624,接著下場比賽又給你希望，
624,讓你以為第場只是狀態還沒調整好
624,後面賽程穩了
624,然後在關鍵比賽先是絕望性的落後，
624,突然再來波看似能逆轉的反攻
624,最後以惜敗的方式結束比賽
624,大家就會開始安慰自己雖然沒晉級，
624,但是有打出風采了
624,接著就是全台吃鍋貼的時間了
624,這個真的屢試不爽
624,不過還是希望我能被狠狠打臉啦
624,鍋貼換人吃好嗎
625,昨天中華台北隊打出近年的經典比賽，
625,想將這份喜悅分享給工廠的外勞，
625,但該如何跟他們解釋為什麼中國的地方球隊比中國國家隊強
626,","
626,///
626,///
626,///
626,就餓死抬頭
626,昨天買義大利不讓分
626,結果輸了
626,八卦這麼反指標的話
626,那今天要買荷蘭還是買中華隊贏
626,卦
627,是這樣啦
627,昨天中華勝義大利感覺非常爽
627,雖然我沒有買運彩但是贏球就是爽
627,可是我看某版堆跑路仔崩潰
627,再次呼籲大家
627,不管做甚麼都要量力而為
627,輸到沒錢吃飯跑路真的很不好
627,我就是想中華隊贏球很爽
627,輸死那些崩潰的跑路仔
627,更爽
628,媒體來源
628,今日新聞
628,記者署名
628,吳政紘
628,完整新聞標題
628,經典賽林襄峮峮幫大忙
628,義大利主帥坦言有點嚇到
628,完整新聞內文
628,中華隊昨晚以擊敗義大利隊搶下本屆經典賽首勝
628,義大利隊主帥也是美國棒球名人
628,堂球星認為，義大利在很艱困的環境比賽，球迷啦啦隊加油吶喊很有能
628,量，加上被中華隊敲出打全壘打衝擊，他坦言有點嚇到
628,認為，地主中華隊球迷啦啦隊的加油吶喊真的很有能量，也算是有點噪
628,音，看電視還沒有太大感覺，實際在場上會更震撼，這也會是有趣的體驗
628,這就是比
628,賽，但在這樣環境下很艱難去贏球
628,也透露，明天對戰巴拿馬，他們第場打得很好，但是第二場就很掙扎，就
628,看誰會重整旗鼓
628,我們今天也做得很好，現在還算是年初，很多球員都在調整，他們都
628,還需要些時間
628,完整新聞連結或短網址
628,////
628,備註
629,這次強賽地點在東京
629,應援團經典女孩會隨隊移師日本應援嗎
629,昨天中華打爆義大利經典女孩功不可沒
629,如果強賽少了應援團是不是說不過去
629,中華隊是不是該把這因素考慮進去
630,館長是出了名的愛台灣
630,還為台灣民眾們擋了三槍
630,中華隊更是台灣代表
630,兩者強強聯合
630,中華隊跟館長燒肉聯名
630,例如中華隊每贏場館長燒肉就降價次
630,這樣你會想買嗎
631,我平時完全沒在看棒球像是這種比賽我才會看是日球迷
631,請問這次的比賽是有開放美國大聯盟的選手自由參賽嗎
631,所以美國隊的選手全是由大聯盟組成的嗎
631,另外棒球王國紅色閃電古巴隊也是由大聯盟組成的球星嗎
631,再問日本隊也是由日本職棒的菁英所組成的嗎
631,最後再問中華隊是最佳陣容嗎
631,我是真的不懂而問的
631,我印象中還停留在高橋由伸誠島健司小笠原道大谷佳知福留孝介鈴木郎那些
631,然後中華隊是金戰士恰恰陳金鋒張泰山謝佳賢這邊
631,請大家幫我解答各國都是派最佳陣容來比賽嗎
632,媒體來源
632,新聞雲
632,記者署名
632,實習記者李密台北報導
632,完整新聞標題
632,陳水扁獵奇迷因圖慶祝中華隊逆轉勝
632,網大呼看不懂
632,完整新聞內文
632,/////
632,昨日經典賽中華隊以的佳績戰勝義大利，振奮人心
632,日前掀起網友討論的
632,前總統陳水扁臉書專頁陳水扁新勇哥物語也跟上潮流，出創作合成的迷因圖，慶祝
632,中華隊逆轉勝
632,不過畫風獵奇，不少網友直呼看不懂
632,/////
632,昨日中華隊贏了
632,世界經典棒球賽中華隊第二場比賽，以比擊敗義大利，
632,帶給全國球迷難忘的場比賽，也帶動更多人關注經典賽
632,網路上掀起熱議的前總統陳水
632,扁扁式迷因哏圖也不忘跟上潮流，日早晨發出最新哏圖慶祝中華隊逆轉勝
632,不過，超獵奇的畫風也讓網友滿頭問號，就有熱心網友留言解答，上張圖名為台灣應
632,援，兩個長頸鹿是方向是反的，但這張圖上面那隻長頸鹿卻是跟下面的是同個方向
632,兩
632,張圖合起來，正是表達逆轉之意，也就是逆轉勝
632,/////
632,/////
632,台灣應援哏圖畫面中可見長頸鹿台灣黑熊加菲貓阿扁公仔扁娃，網友解構
632,哏圖，推測長頸鹿暗喻著長景路，表示台灣棒球百年歷史
632,陳水扁站在長頸鹿的頭頂
632,，扁蛙則穿直排輪戴球套，要告訴大家棒球的路很長，過去的棒球是殖民之球，如今
632,的棒球是民主之球
632,如同台灣帝雉般，飛向高空
632,台灣黑熊般，捍衛國土
632,/////
632,從粉專連發迷因圖貼文可見，陳水扁近來相當關注這場經典賽事，賽前陳水扁就發出
632,扁維拉李維拉哏圖自嘲，呼應常見用語扁維拉，也掀波熱潮
632,根據鄉民百科的解釋，扁維拉詞出現於前總統馬英九繼任後，多次批評前朝政
632,府無能八年遺毒等，為自身執政救火轉移焦點
632,由於太過頻繁，就像棒球比賽中為了
632,勝利，常上場的救援投手
632,時值洋基隊救援投手較為台灣人熟知，因此
632,出現扁維拉詞
632,/////
632,完整新聞連結或短網址不可用等轉載媒體
632,/////
632,備註
632,嗑很多喔
633,剛好想到
633,林襄號稱啦啦隊台灣國民老婆
633,他的氣質外表知名度
633,都跟金庸小說旗下的女主角
633,王語嫣很像
633,而且昨天中華隊能贏
633,都是靠林襄
633,如何
634,目前網上流傳
634,日本對中華隊的情蒐資料
634,記得低調下
634,///
634,哇靠
634,明明日本和台灣不是同個分組
634,還準備那麼多完整的資料
634,日本是在怕台灣什麼
634,細思極恐
635,中華隊國際賽
635,很多人都會吃對手國的食物
635,打韓國吃泡菜
635,"打義大利吃,義大利麵"
635,那今天晚上對上古巴吃什麼才內行
636,備註請放最後面違者新聞文章刪除
636,媒體來源
636,聯合報
636,記者署名
636,林佳彣程遠述楊德宜
636,完整新聞標題
636,經典賽中華隊贏義大利藍營今晚發份雞排時間地點看這
636,完整新聞內文
636,中華隊在世界棒球經典賽以擊敗義大利隊，國民黨立委洪孟楷在臉書發文，感謝中
636,華經典真英雄贏義大利，發雞排啦
636,宣布今晚將在新北市府中捷運站號出口新北
636,戶外直播派對發放分雞排，今天傍晚時分開始發號碼牌，號碼牌全發完後，開始
636,發雞排
636,洪孟楷在臉書公布發放雞排的時間地點，他說，大家來領雞排繼續為中華隊加油
636,繼續擊敗荷蘭
636,場場贏，前進東京
636,時間/周六開始發號碼牌，號碼牌全發完後，開始發雞排
636,地點府中捷運站號出口新北戶外直播派對
636,發起人江啟臣洪孟楷徐弘庭台北市議員張斯綱凌濤李明賢阿賢之聲羅明
636,才葉元之．板橋柳采葳林德福李明璇
636,網友盛讚說到做到，紛紛留言，雖然不可能去領，但也開心贏球謝謝有你們加持
636,，讓這場賽局更加精彩
636,贏得漂亮出發排隊了領祭品了
636,媒體人黃揚明也在臉書公布政壇祭品文將實現的整理包，包括已知洪孟楷等人雞排
636,共份滿志剛的雞蛋顆彰化縣政府的爌肉飯碗立法委員林為洲發雞排
636,份
636,中華隊贏球就是爽，雞排來囉，立委林為洲也在他個人臉書公布發雞排資訊今天上
636,午時，在新社保安宮新竹縣竹北市中正西路號限量份
636,台北市青工總會長滿志剛今天上午時在臉書宣布，今天下午時發送顆雞蛋，每人
636,顆共份
636,中午時發號碼牌，號碼牌發完後，下午時開始發雞蛋
636,地點台北市信
636,義區忠孝東路五段巷弄號近永春捷運站號出口
636,完整新聞連結或短網址不可用等轉載媒體
636,//////
636,備註
636,蹭，但還是領起來
637,欸欸肥宅
637,小妹我台大
637,如果晚上
637,小妹我台灣中華隊
637,可以財富自由嗎
637,小妹我只有啦嘻嘻
637,肥宅你們有卦嗎
638,媒體來源自由時報
638,新聞日期//
638,記者署名易慧慈
638,新聞標題台義大戰幸運女神是她
638,辣秀逆天美腿全網震撼硬了
638,新聞內文
638,記者易慧慈綜合報導台灣隊昨晚在經典賽對義大利，火力無極限，林子偉敲出陽春
638,砲，張育成敲出價值連城的分全壘打追平比分，吉力吉撈．鞏冠第局敲下分彈，以
638,力退義大利，讓全台灣感動不已
638,人氣蔡阿嘎昨穿上水手服變身襄蔡，
638,全力幫義大利應援，粗壯小腿肌震驚粉絲，也帶賽成功，台灣隊贏球，球迷紛紛留言謝謝
638,他幫義大利加油
638,蔡阿嘎化身襄蔡為義大利加油，畫面令人拳頭硬
638,翻攝臉書
638,昨在台義大戰前，蔡阿嘎特地穿上水手服戴上金色假髮，自稱是襄蔡，除了拍影片
638,大跳應援舞喊起炸裂，不小心露出四角內褲，粗壯小腿肌晃啊晃，十分驚人，他再用粗
638,暴的照片發文，幫義大利加油起為義大利加油，還說襄蔡第場就成功帶賽義大
638,利，只要襄蔡，絕對能鎮住對手的
638,蔡阿嘎化身襄蔡為義大利加油，畫面令人拳頭硬
638,翻攝臉書
638,蔡阿嘎化身襄蔡為義大利加油，畫面令人拳頭硬
638,翻攝臉書
638,網友紛紛留言嘎哥繼續替荷蘭加油吧希望接下來的比賽襄蔡也能出馬，水啦
638,每場比賽都要出來喔唯支持襄蔡看球賽，阿嘎你就先迴避吧支持襄蔡
638,出道反指標名不虛傳今天襄蔡給力，明天繼續硬了我是說
638,拳頭這小腿，跑步有努力練喔
638,新聞連結
638,/////
638,不小心露出四角內褲，粗壯小腿肌晃啊晃，十分驚人
638,帶賽義大利
639,魯看了昨天的
639,發現
639,義大利人好幾個都有留小鬍子欸
639,感覺很復古有種偵探的味道
639,為什麼呢
640,剛好想到
640,因為發現中華隊能贏
640,都是蔡阿嘎的功勞
640,而且他的外表知名度還有搞笑
640,都跟日本的志村健模樣
640,而且如出轍
640,如何
641,目前組狀況
641,荷蘭
641,台灣
641,義大利
641,古巴
641,巴拿馬
641,接下來比賽
641,巴義台荷台古荷義
641,想晉級的可能
641,兩戰全勝，定可以晉級，但難度高
641,兩勝兩負，這就好玩了，
641,若義大利贏巴拿馬，荷蘭贏台灣，台灣贏古巴，荷蘭贏義大利
641,就會變成
641,荷台義古巴因台贏義所以荷台晉級
641,這是唯讓我們不用比較失分率晉級的方式，
641,其他讓台灣的情況，則要比較失分率，偏偏第場被巴拿馬電太慘，
641,因此比失分率勝算不高，因此如果可以照這劇本走從現在開打的義打贏巴開始，
641,會比較保險，好像可以開始幫義大利加油了夏威夷披薩拿起來
642,各位奶三十公分帥哥美女大家午安大家豪ㄛ
642,就是阿小魯熊熊想到個有底好奇的問題想問問大家，
642,最近正值世界棒球經典賽，今天晚上中華隊要對上強敵荷蘭隊，看起來是場硬仗，
642,為什麼這麼說呢
642,因為小魯平常看美國職棒，不少大聯盟的大咖都有加入荷蘭隊，
642,像是剛簽下大約的其他如等，
642,那小魯就好奇了，昨天對上義大利要吃義大利麵吃鳳梨披薩，那對上荷蘭要吃甚麼
642,荷蘭印象中就是風車鬱金香乳牛紅燈區，不過美食就想不到有甚麼代表性的，
642,因為小魯沒有去過荷蘭，不知道對上荷蘭要吃甚麼比較有氣勢，想問問看大家，
642,有沒有今天晚上中華隊對上荷蘭隊，午餐晚餐要吃甚麼比較有氣勢的八卦啊
643,如題
643,組賽程也快結束
643,複賽在東京比賽，身為地主國背負著全國人民期望要進軍美國拿下冠軍的日本隊
643,會比較想要對上組的義大利還是荷蘭
644,生日當天拿經典賽勝投呂彥青永生難忘
644,作者黃泓哲年月日
644,年世界棒球經典賽中華隊今晚痛擊外界認為組實力較強勁的對手義大利，後援上場
644,的呂彥青主投局沒有失分，成功壓制義大利隊反攻氣焰，首次打經典賽就有好表現且在
644,生日當天拿下勝投，他也直說永生難忘
644,今天呂彥青在局上出局登板，馬上抓到牽制出局抓到跑者結束該半局，總計投局沒有
644,被敲任何安打投出次三振，是中華隊成功逆轉功臣，賽後也拿下此戰勝投
644,賽後記者會他表示牽制是捕手的暗號，本來想做軟性牽制但沒想到跑者跑了，好險有抓到
644,跑者
644,首次入選經典賽陣容就在生日當天幫助球隊奪勝且自己拿下勝投，呂彥青也說永生難忘，
644,今天中午學弟有幫我慶生，第個願望達成了，希望接下來的願望都達成
644,///
644,備註
644,呂寶我的朝陽
645,應該要更正下，
645,其實八卦板作為第大板我相信大部分鄉民都會多少看下，
645,因此大家討厭的不是看八卦板的鄉民，而是那種去了別的板還要滿嘴政治，
645,明明對該領域完全外行還硬要把那個板本來討論的領域扯成政治話題，
645,被指正就貼人家綠共支那等標籤死不認錯
645,律上綱成政治動機
645,這種事情八卦政黑板都常常幹，但八卦人比較多所以成了柵欄壞了代表
645,反正請各位鄉民，入境隨俗，不懂就閉嘴，好嗎
645,人家討厭你酸你也沒罪啊，想惹人厭就繼續沒關係
645,不懂當然也能去啊，但就不要不懂還硬要這政治來扯
645,我是不知道什麼是你說的愛台灣什麼是不愛台灣啦，
645,但我知道昨天有篇跑去棒球版酸八卦版對中華隊贏不高興，
645,那篇也被噓爆了
646,同組已經有中國捷克兩個墊腳石
646,剩下三隊三取二晉級
646,怎麼看壓力都比組的中華隊小多了
646,居然連兩場都敗北面臨淘汰邊緣
646,昨天打日本甚至還差點被
646,這樣下去全隊是不是要準備游泳回南韓了呀
647,媒體來源
647,中時
647,記者署名
647,盧品青
647,完整新聞標題
647,官網曝中華隊最強幕外媒驚觀眾加油聲嚇死人
647,完整新聞內文
647,中華隊日暌違年的經典賽首勝就是波瀾壯闊的勝，林子偉首局開轟讓台中洲際球場
647,兩萬名觀眾陷入瘋狂，雙方度互換領先，大量更換投手，中華隊終於靠著打線的煙火秀
647,比獲勝
647,大聯盟官網指出，中華隊除了展現強大韌性和火力，觀眾震耳欲聾的加油聲令人印象深刻
647,，觀眾始終沒有停下對中華隊的聲援，吉祥物們熱舞的啦啦隊場邊球迷幾乎沒有
647,刻安坐在位置上
647,中華隊局下打到滿壘，來自美國大聯盟的游擊手佛萊徹沒能擋下范
647,國宸的內野彈跳球，成為分打點的安打，幫中華隊比超前
647,後面吉力吉撈・鞏冠補上
647,三分砲澆熄了義大利的反擊
647,美媒官推稱讚第局這發三分砲令人起了雞皮疙瘩
647,也有早起的美國球迷為台灣球迷的熱情驚訝，美國觀眾有這樣投入嗎
647,同時有人發
647,現這是亞特蘭大勇士隊的戰歌，亦有人驚訝棒球場竟然會有啦啦隊
647,因為美國的職棒
647,球場只有吉祥物而已
647,義大利打者也相當勇猛，頂著觀眾的喧嘩聲，中途把比分逆轉到比領先
647,總教練皮亞薩
647,說很艱難的比賽環境，但很特別，還不知道怎麼講，有點驚嚇
647,在
647,電視上看是回事，真正體驗又是另回事，我覺得是很有趣的體驗
647,/////
647,完整新聞連結或短網址不可用等轉載媒體
647,///
647,備註
647,是不是該感謝兄弟象培養台灣的應援之力，爪爪
647,///
648,哈摟
648,我是不知道你是有心還是無意拉大笑呵呵
648,只要長期在棒球版活動有點點觀察，就知道近期去帶風向攻擊八卦版的不就是那些人
648,長期窩在政黑板的那群人啊
648,惡意帶風向攻擊八卦版，為什麼
648,因為去年慘敗啊
648,再加上去年林智堅搞爛球場去年被嘴到現在，政黑綠棒球迷當然不好受故惡意帶風向，
648,像是昨天就好幾篇，說甚麼八卦版見不得中華隊贏球，甚麼中華隊比不過中國隊，
648,昨天台灣贏球八卦版有唱衰嗎
648,沒有阿樣是替中華健兒高興啊
648,加油啊
648,簡單說八卦版鄉民相對比較嘴賤點而已，哪裡不是為台灣的球員加油
648,去查下就知道，不少人都是在政黑板活耀的，那群人惡意去棒球版發文帶風向，
648,懂了嗎
648,我知道你很懂啦看就知道背景跟你的目的是甚麼了，呵呵☺☺☺
649,第場對巴拿馬
649,堆死忠中職球迷都看不下去
649,在賴裡面跟我洗三小
649,原本昨天我在看
649,祖國日本吊打泡菜狗
649,結果我那朋友直賴我
649,叫我看中華對超精彩
649,後來我雙開看完兩場比賽
649,想問下
649,原版打線疲弱
649,守備失誤頻繁的中華隊
649,是怎樣大爆發的
649,可憐吶
650,備註請放最後面違者新聞文章刪除
650,媒體來源
650,中時新聞網
650,記者署名
650,于川
650,完整新聞標題
650,晚了來不及
650,賀中華隊首勝人顆藍青年發顆蛋
650,完整新聞內文
650,//中時新聞網于川
650,藍營這人喊中華隊贏義大利送顆雞蛋
650,圖中時資料照片
650,集氣再加油
650,中華隊贏球他豪邁發千粒高喊送荷蘭顆蛋祝福都爆蛋
650,台北市議會吳志剛辦公室主任台北市青年工作委員會總會長滿志剛日表示，只要中華
650,隊打敗義大利，就發出顆雞蛋
650,中華隊最後以比擊退義大利，滿志剛在賽後也兌
650,現諾言，宣布要發放雞蛋
650,最新現場也透過直播來看看
650,滿志剛早上在臉書發布新貼文，表示說到做到，今天下午立刻實踐諾言
650,將發放千顆
650,雞蛋
650,時間/六開始發號碼牌，號碼牌全發完後，開始發放
650,數量雞蛋人顆共份
650,地點台北市信義區忠孝東路五段巷弄號近永春捷運站號出口
650,滿志剛還提到，為響應環保，請自行準備盛蛋容器，也請勿重複排隊，讓大家都有機會，
650,另此次活動還特別邀請台北市議員徐巧芯起來共襄盛舉
650,對於拋卻前晚的低氣壓，帶給全國球迷難忘的場比賽，狂勝有美國二隊之稱的義
650,大利，滿志剛也強調感謝中華英雄
650,這就是棒球，讓我們團結，致為英雄加油
650,他也不
650,忘提起，今晚點是對荷蘭的比賽，發完雞蛋立刻衝台中，呼籲民眾繼續為中華隊加油
650,除此之外，還特別標記，
650,感謝昨天被我盧，立刻產地直送的廠商
650,完整新聞連結或短網址不可用等轉載媒體
650,////
650,備註
650,不是說缺蛋嗎哪來這麼多蛋
650,原來缺蛋去跟產地的廠商盧下就有顆蛋了
651,在東京進行的組預賽，
651,韓國隊前兩場輸給澳洲跟日本，
651,日本澳洲則分別贏了韓國跟中國
651,所以確定接下來就算韓國全贏日澳兩敗，
651,變成跟韓國同戰績，
651,因為是先看對戰，
651,所以輸給日澳的韓國，
651,確定被淘汰了
651,澳洲提前擊敗中國
651,///
652,剛剛的中澳之戰
652,中國在七局下被提前結束比賽
652,本屆第場
653,恭喜中國隊拿到兩個這屆的第
653,第個被的球隊
653,率先取得三敗確定被淘汰的球隊
653,恭喜中國隊
653,真的進步了
654,真笑鼠倫
654,前天打日本個換投的幸運全壘打
654,還能吹半天
654,三小
654,中國進步了
654,中國偉大了
654,日本抖到爆
654,三小言論都出來
654,今天直接打回原形
654,被扣倒
654,笑死人
654,真的不要硬吹欸
654,欸欸欸
654,有硬吹的卦嗎
654,蛤
654,蛤辣
654,有卦嗎
655,真正明顯的轉捩點齁
655,我覺得大概是咱們八卦最務實可愛的阿北
655,在那邊講了棒球很無聊結果後續還蹭棒球
655,之後只要阿北在棒球方面有新聞
655,轉去棒球版大概都是噓爛
655,其中不乏幾個八卦知名柯粉發文護航
655,還是抵擋不住棒球版眾把阿北噴得狗血淋頭
655,然而八卦的柯粉會把罵阿北的都當成綠畜
655,加上會講球又是獅迷的賴每次都被棒球版狂推
655,讓八卦對棒球版更加仇視
655,加上八卦臭嘴三不五時就嘴假球
655,這完全觸碰到棒球迷的底限
655,在棒球版只要含有政治人物的棒球新聞
655,會被釣到進桶的又大部分是那些出征推文
655,只能說同樣是政治人物
655,棒球版已經算是很不看顏色在推噓了
655,會給予正面評價的有綠的賴副藍的盧秀燕
655,其他的小菸阿北抄智跟選市長時期的蔡其昌
655,這些人棒球版眾還不是照噓
655,這兩天又不知道哪些人在棒球版吹中國棒球
655,吹中貶台，又在那邊請正名中華隊不是台灣隊
655,結果中國隊加今天連三場都被打成豬頭
655,只能說某些八卦仔喜歡在那邊扣政治帽子
655,被棒球版討厭點也不意外啦
656,只要有中華民國憲法的前提
656,只有傻子才會信台灣是個國家
656,昨天看棒球賽我們還是中華隊欸
656,我看對岸兩會已經變笑話了
656,但是現在的官員還在講台灣是個國家
656,看過我們法律嗎
656,這叫公然說謊
656,這跟中國說我們是民主國家樣笑話
656,台獨搞下去我們的民主根本不能對大陸人有什麼好感
656,只能中國大陸也民主化
656,台灣的生活方式才能得到保證
656,所以為什麼不把對抗主題放到整個中國框架下
656,反正中原則本來就是國際立場
656,我們是中國唯實現的民主地區
656,要言論自由，要全民直選
656,如果直接走上以武拒統的親美總路線
656,很抱歉不定會輸綠營
656,也才有今天能嘴砲的基本權利
657,是個悲傷的日子
657,也是日台友誼升溫的日子
657,今天又逢，而日本將對戰捷克
657,兩個都是對台灣友好的國家
657,但受災戶佐佐木朗希今天要登板先發
657,要為日本隊加油嗎
658,不覺得嗎
658,中華隊
658,從小聽到大了
658,但這幾年突然有些人直強調要講台灣隊
658,我怎麼聽怎麼怪
658,也不是說不行這樣叫
658,"你可以講""台灣英雄中華隊加油"
658,""""
658,或其它的講法也都可以
658,但要勉強講台灣隊就很奇怪
658,於情於理都很怪
658,我們的國名叫
658,吧
658,未來要不要改成台灣國那是未來的事
658,為何現在這中華隊就不能是全民共識呢
658,起為中華隊加油不是很好嗎
658,為什麼有些人老要在意識形態上打轉
658,堅持台灣隊的人到底在想什麼
659,不會呀
659,我都叫台灣隊
659,美國人叫美國隊中國人叫中國隊日本人叫日本隊
659,中華隊到底是三小你是中華人還是台灣人
659,堅持中華隊才奇怪吧
659,尤其後面又加台北更難聽
660,就看你認為我國叫甚麼阿
660,你認為我國名叫台灣想搞台獨
660,那就叫台灣隊
660,你認為我國名叫中華民國想搞兩個中國
660,那就叫中華隊
660,你認同九二共識中各表中華民國就是中國
660,那就叫中國隊
660,反正國內你爽喊哪隊就哪隊
661,媒體來源今日新聞
661,記者署名記者潘毅/綜合報導
661,完整新聞標題台灣贏球最狂祭品文
661,他要發千顆雞蛋了時間地點曝光
661,完整新聞內文
661,///
661,中華隊日晚間對上義大利以奪下本屆經典賽的第場勝利，而各大祭品文也都開始
661,被球迷敲碗兌現
661,對此，
661,昨日發出最狂祭品文的
661,滿志剛
661,，也表示自己將發出顆雞蛋
661,，並
661,公布詳細的時間地點
661,中華隊贏了
661,感謝中華英雄
661,國民黨青工會總會長滿志剛
661,表示拋卻前晚的低氣壓，
661,帶給全國球迷難忘的場比賽，狂勝有美國二隊之稱的義大利
661,這就是棒球，讓我們團結，
661,致為英雄加油
661,滿志剛同時也將兌現自己要發顆雞蛋的祭品文
661,時間/六開始發號碼牌，號碼牌全發完後，開始發雞蛋
661,數量人顆共份
661,地點台北市信義區忠孝東路五段巷弄號近永春捷運站號出口
661,消息曝光後，也吸引不少民眾留言回應發蛋了
661,超精采的場現在可以次叫
661,顆蛋不容易欸比起拿顆蛋，比較想問叫貨的來源
661,完整新聞連結或短網址不可用等轉載媒體
661,////
661,備註
661,挖這裡有好多雞蛋
661,顆雞蛋筆記
662,"的賽事在地球型的賽事中也是很特殊的,分四區會內小組賽,由區內其中國作東"
662,提供小組內的各國國家代表隊吃住睡比賽費用好像是會埋單
662,多少
662,這次地主國包含中華民國日本美國還有美洲大概某國吧
662,"分組賽的地主國,哪個地主國最強"
662,又哪個最弱呢
662,自以為臭人可以言論自由金身無敵
662,"的米蛋人,有沒有在看螢幕呢"
663,看了下
663,巴拿馬不弱
663,反而是義大利各種烙賽
663,中華隊第天輸球是不是解套了
663,今天是不是該讓荷蘭人知道台灣
663,跟士官長的威力了
663,今天準備炸翻洲際棒球場了妳各位讓荷蘭最黑暗的天降臨
664,你各位啊
664,球衣上寫的明明就中國台北
664,大會參賽名單上也是中國台北
664,什麼台灣隊中華隊都是在自爽好嗎
664,貼什麼轉播圖上的中華民國國旗
664,然後下面寫台灣讓你們邊的人都爽
664,這樣就高潮啦
665,棒球經典賽
665,台灣啦啦隊組成的夢幻人
665,在球場上熱情跳動帶動氣氛
665,讓世界看見了台灣
665,名單如下
665,中信兄弟啦啦隊
665,峮峮
665,///
665,貴貴
665,///
665,短今
665,///
665,///
665,妮可
665,///
665,樂天桃猿啦啦隊
665,林襄
665,///
665,孟潔
665,///
665,///
665,籃籃
665,///
665,味全龍啦啦隊
665,心璇
665,///
665,小映
665,///
665,賴可
665,///
665,琪琪
665,///
665,統獅啦啦隊
665,艾璐
665,///
665,///
665,瑟七
665,///
665,斐棋
665,///
665,富邦悍將啦啦隊
665,丹丹
665,///
665,秀秀子
665,///
665,奶昔
665,///
665,慈妹
665,///
665,如果這些女孩由鄉民們來排
665,會怎麼排名
666,荷蘭也定要贏這場贏了就分組第
666,分組第的好處就是下輪不用打日本直接有大機率打強
666,至於就定要贏輸了就掰掰
666,晚上就是標準的天王山之戰輸了就淘汰不想打日本
667,媒體來源
667,今日新聞
667,記者署名
667,記者吳政紘台中報導
667,完整新聞標題
667,經典賽渡邊久信認證台灣好強
667,就算我當時來台都壓不住
667,完整新聞內文
667,▲渡邊久信認證台灣打擊好強
667,圖吳政紘攝
667,日本職棒西武獅隊渡邊久信，近期來台參訪，不但跟西武獅隊前台灣好手郭俊麟富邦
667,顧問郭泰源會面，也來看看吳念庭的狀況
667,渡邊久信表示看到念庭在春訓就很認真準備，很早就開始備戰，因為進度要比春訓快，
667,整體打擊守備狀況都很好，希望他可以把這樣的態度展現出來
667,吳念庭的特點是打擊，渡邊認為吳念庭也是內野工具人，游擊以外都可以勝任，而他近年
667,來在軍累積更多經驗，在經典賽過後，希望他更有自信
667,提到中華隊打擊兇猛，渡邊認為這次來確認吳念庭狀況之外，也希望他打完可以立刻銜接
667,上球季，另外也視察各國球隊狀態
667,最後他認為，中華隊打擊狀況比期待好，新世代的中華隊也成型，現在的打擊，
667,連當時
667,來台的我可能都壓不住
667,完整新聞連結或短網址不可用等轉載媒體
667,////
667,備註
667,靄靄不好意思啦
667,哀嘿嘿估嘿嘿
668,媒體來源
668,三立
668,記者署名
668,陳慈鈴
668,完整新聞標題
668,經典賽昨揪荷蘭隊做事
668,小商人曝誰會軟腳很明顯網嗨重押台灣
668,完整新聞內文
668,台灣昨日在年世界棒球經典賽中擊敗義大利，除了轟出支全壘打外，更以
668,的成績拿下首勝，成功捍衛主場，全台樂翻天
668,對於台灣今晚將迎戰荷蘭這
668,件事，網紅小商人透露，昨天找荷蘭隊做事，今天誰會軟腳，很明顯了
668,小商人今日在臉書表示，昨天我透過損友介紹，安排了好幾個員工過去與荷蘭隊聯誼寒
668,暄，賓主盡歡，今天誰會軟腳，很明顯了
668,他更補充道，是聊天，練，各位不
668,要性衝動
668,此文出，立刻讓許多人嗨翻，紛紛表示，非常感心
668,我要重押台灣隊了我要重
668,押台灣了大哥片苦心，給現在再安排幾個去，晚上比賽的時候效果更
668,明顯
668,不過，對於不少人打算重押台灣這件事，小商人回應我建議你還是等鳳梨的單子出來，
668,這咖害我現在不敢下，不少網友也紛紛敲碗，小商人你只要跟我說鳳梨下誰，我只要
668,反著下就會贏了投注單呢
668,哥，先貼下下哪隊
668,完整新聞連結或短網址不可用等轉載媒體
668,////
668,備註
669,今天是背水戰
669,荷蘭贏了就馬上晉級
669,中華輸了就下次資格賽今年就結束了沒我們的事了
669,荷蘭也會全壓
669,身為球迷今天看這場要準備血壓藥嗎
669,還是衛生紙高潮跟淚水都可以用
669,要有什麼心理準備
670,大家午安我半日球迷
670,這次是不是很常看到守不住大失分的狀況啊
670,很久很久以前看球賽
670,得分大概都是~之間雙方互咬分差頂多分
670,這次中華隊被巴拿馬榨了分
670,古巴又炸了巴拿馬分
670,中華隊還能炸義大利分雖然義大利也勇奪分
670,看向另邊日本炸韓國分
670,澳州炸大陸分
670,這種分數很常見嗎
670,半日球迷在此請教
670,有沒有八卦
671,欸欸
671,肥宅我喇
671,大家都說這屆中華隊是全部參賽國最強的
671,看這個名單確實很猛
671,///
671,但總還是會有遺珠吧
671,各位覺得有哪位算是遺珠應該要入選的呢
672,今天看好多這類訊息還是忍不住發下
672,要叫自己的國家隊中華隊台灣隊都很好啊，
672,你知道它指的什麼最重要吧
672,要認真說官方的名稱就
672,但決沒有人會用中華台北隊來講我們的國家隊，
672,那替換成中華隊台灣隊或直接用台灣這有差嗎
672,如果你的理由是國名叫中華民國，啊我們也不是掛參賽
672,說穿了就是大家挑各自用自認能準確表達的代稱
672,很多時候中華隊台灣台灣隊都是指同樣的意思吧
672,我覺得中華隊是台灣的國家代表隊這句話在台灣是可以普遍理解的
672,共識是都可以用才對，硬要綁在中華隊當基準才是奇怪吧
672,還有，好像贏球才有這種問題，
672,你看台灣如果七局被翻盤的時候，所有人都會說這很中華隊
672,中華隊都變成個形容詞了
672,那中華台北是什麼
672,就這些推文有夠無聊，難得有可以團結的時候就刻意斤斤計較
672,講時就說人家以為是泰國，現在講台灣國際比較知道了，就又要扯我們是中華民國
672,贏球就是我們贏了，輸球就是他們根本在亂打
672,美利堅合眾國美國，美洲
672,的資訊寫寫而已
672,然後荷蘭波多黎各你自己去查下
672,就跟你說荷蘭和波多黎各，你那邊還可以用嗎
672,韓國輸球我想大概就沒這問題了，就像你前天不會計較大家在罵中華隊/台灣隊爛透了
673,小魯高雄處辣
673,大家都知道中華英雄台灣驕傲亞洲之光
673,我們棒球國家隊贏得強資格
673,要搭機東京比賽
673,小魯想替他們歡送期待能打贏宿敵日本
673,有沒有班機時間的八卦呀
674,有人貼大小蔣時期被灌上台灣隊的稱號
674,拜託
674,那以前是國際打壓才這樣
674,台灣就是個省名
674,是直接把你國家地位降維到地方的存在
674,不然你以為大小蔣氣什麼
674,中華隊才是代表國家
674,後來中華台北就是中間產物
674,既有國家名又有地方名本身就是種降維
674,但又沒降那麼多
674,台灣隊的用法老共最喜歡了
674,現實是台灣還是個省的名字
674,你愛自我叫地方名矮化自己
674,老共怎麼不樂意
674,就像老共叫新疆新疆樣
674,怎麼叫就只是地方勢力
674,叫東土耳其斯坦就不樣了
674,完全是另個政治實體的區別
674,台獨派最喜歡幻想寄生
674,偏偏台灣現在還是省還不是個國
674,再怎麼叫都是個地方隊的概念
674,誰叫台獨派沒那個曉改他們最喜歡的國號
674,以現階段來說
674,中華隊還是等於國家隊
674,中華台北隊加了地方降維
674,台灣隊就是完全降維為地方的種做法
674,你現在的省政府還叫台灣不是
675,媒體來源
675,上報
675,記者署名
675,上報快訊潘忻妤年月日
675,完整新聞標題
675,基隆捷運經費暴增至億柯文哲嗆林右昌希望還記得對市民的承諾
675,完整新聞內文
675,/////
675,針對基隆捷運經費暴增，民眾黨主席柯文哲昨天日怒批林右昌高升成了部長，希望
675,他還記得自己對基隆市民的承諾
675,資料照片楊約翰攝
675,基隆捷運經費在短短年多內暴增到億，對此，民眾黨主席
675,昨天日昨天在
675,臉書表示，自己在年曾說過的
675,騙局升級成更大的騙局
675,並沒有誇大，他更怒批林右昌高
675,升成了部長，希望他還記得自己對基隆市民的承諾，也希望部長不要痛批任何人的合理質
675,疑是撈過界
675,柯文哲表示，年蔡英文總統站在基隆火車站前，隆重宣布
675,前瞻計劃第炮
675,，斥資
675,億蓋基隆輕軌，還
675,信誓旦旦年就可以通車
675,後來輕軌變捷運，路線變再變，而
675,且只到八堵，
675,基隆捷運沒有基隆
675,基隆市政府的負擔則從億漲到億
675,指出，
675,項重大建設需要編列多少預算，不是靠預言的，而是透過科學計算
675,條捷運從核定到動工到通車，耗時甚長
675,除了原物料供應與上漲問題，還有環評都
675,市計劃可償性評估，這些都是繁複的事情
675,柯文哲提及，在擔任台北市長期間，就請台北捷運局進行相關評估，並在交通部四長會議
675,具體建議，基隆捷運銜接到台北段必須走地下化到南港車站，以發揮最大效益也避免影響
675,台北的交通，多的億台北願意負擔，但我不認為億蓋得出來，經費應重新計算
675,延伸閱讀世棒經典賽位最靓啦啦隊經典女孩亮相今現身為台灣隊助
675,威
675,柯文哲在文末更點名，當時的基隆市長現任內政部長林右昌痛批我滿口政治語言
675,基隆捷運錢又不是你出的，不要撈過界
675,如今我已是介平民，林市長高升成了部
675,長，希望他還記得自己對基隆市民的承諾，也希望部長不要痛批任何人的合理質疑是撈
675,過界
675,柯文哲更強調，
675,每筆國家預算都來自人民血汗，監督國家財政人人有責
675,完整新聞連結或短網址不可用等轉載媒體
675,///_
675,備註
675,經費暴增
675,路線還沒到基隆，只到八堵
675,還不容別人質疑
676,眾所皆知
676,荷蘭大麻是合法的
676,而台灣大麻是非法的
676,那以台灣人來說
676,荷蘭整國就是毒蟲國
676,那今天運彩下荷蘭贏
676,或是看好荷蘭的人
676,是不是都支持毒蟲國啊
676,啊我們中華隊如果打輸了
676,是不是等於連挺毒蟲的國家都打不贏啊
677,難過的是，中華隊的全名不是
677,中華民國隊
677,，而是
677,中華台北隊
677,，我們的國家是中華民國，又不
677,是中華台北，說到底這就還是矮化的名稱啊
677,等反攻大陸，打敗共產黨，奪回聯合國的中國席位，我們中華民國才能堂堂正正當
677,中國
677,隊
677,，而不是什麼中華隊
677,我們把中華台北簡稱成中華隊，也只是讓自己好過點而已，在外國人眼中根本就是
677,台北隊，只是在中國外國人眼中是底下的個地區隊伍而已
677,我強力主張，在反攻大陸之前，就應該要讓國人有正確認知，我們的應該簡
677,稱
677,中國隊
677,，對岸派的隊伍應該叫
677,匪區隊
678,晚上經典賽
678,中華隊對上荷蘭
678,記得荷蘭之前打得都不怎麼樣
678,還輸給中華隊
678,運彩賠率還有
678,下個萬
678,賺萬
678,今晚中華隊是不是財富自由的八卦
679,如題
679,我同學他媽的內賊
679,買荷蘭大比分贏中華隊
679,太過分了
679,氣的我跟單
679,壓中華隊輸
679,請各位背骨台灣球迷在此簽到謝謝
680,韓國跟中國相繼被淘汰
680,加上今天晚上中華隊也要被淘汰了
680,亞洲球隊只剩日本晉級八強
680,其他球隊都是歐美肌肉棒子
680,是不是棒球也有人種差異
680,有沒有八卦
681,中國隊又輸了
681,中國隊進步但還是手下敗將阿
681,為何中華隊的表現比中國隊好
682,我先問大家
682,上次奧運台灣奪牌時
682,你唱的是中華隊奧委會歌還是國旗歌
682,我跟你講啊我可以保證
682,個人只有不到個人唱的是奧委會歌
682,同樣的道理
682,大家喊的中華隊你還真以為是中華台北隊喔
682,那是騙小孩的權宜之術啊
682,實際上中華代表隊
682,大家部分人都認為是中華民國代表隊
682,你要強迫叫大家改叫台灣隊
682,那你怎麼不先跟舉辦單位爭取
682,或是直接改國號
682,與其在這邊吵著這個
682,還不如聯絡好久不見的朋友們
682,起敘舊看轉播還比較熱鬧點
682,吵什麼吵看比賽啦
683,媒體來源
683,今日新聞
683,記者署名
683,潘毅
683,完整新聞標題
683,台灣贏球最狂祭品文
683,他要發千顆雞蛋了時間地點曝光
683,完整新聞內文
683,中華隊日晚間對上義大利以奪下本屆經典賽的第場勝利，而各大祭品文也都開
683,始被球迷敲碗兌現
683,對此，昨日發出最狂祭品文的滿志剛，也表示自己將發出顆雞蛋
683,，並公布詳細的時間地點
683,中華隊贏了
683,感謝中華英雄
683,國民黨青工會總會長滿志剛表示拋卻前晚的低氣壓
683,，帶給全國球迷難忘的場比賽，狂勝有美國二隊之稱的義大利
683,這就是棒球，讓我們團
683,結，致為英雄加油
683,///
683,▲國民黨青工會總會長滿志剛將發送顆雞蛋
683,圖滿志剛臉書
683,滿志剛同時也將兌現自己要發顆雞蛋的祭品文
683,時間/六開始發號碼牌，號碼牌全發完後，開始發雞蛋
683,數量人顆共份
683,地點台北市信義區忠孝東路五段巷弄號近永春捷運站號出口
683,消息曝光後，也吸引不少民眾留言回應發蛋了
683,超精采的場現在可以次叫
683,顆蛋不容易欸比起拿顆蛋，比較想問叫貨的來源
683,完整新聞連結或短網址不可用等轉載媒體
683,////
683,備註
683,"喊缺蛋還發蛋,請問版上五毛怎麼看呢"
683,苦民所苦嗎
684,"原主好像直覺得國內與國外可以有不同的共識沒有問題,但國內的共識定要是中華"
684,才可以其實這就是台灣無法正常化的問題吧
684,世界上哪個國家是對內和對外的共識不樣的
684,大家可以想想你怎麼用英文對外解釋中華
684,文化不等於中國文化
684,有興趣也可以用中文問問新加坡文化是中華文化的部分嗎
684,的回答值得我們參考反思個國家是以甚麼為主體性來面對國際社會
684,不是國際賽事嗎
684,"堅持不能為""台灣隊""加油的人到底在想甚麼"
685,影片中狂喊
685,///
685,連二兵也狂喊
685,///
685,/////
685,比賽隊名使用中華台北
685,國家叫中華民國
685,為啥現場萬人要喊
685,"為啥不喊中華台北,或,中華民國"
685,代表現在普通人民認為自己國家就是台灣
685,比賽贏球喊台灣很榮譽
686,我昨晚中華隊對義大利隊，開始八卦棒球板雙逛，
686,你的文章都在啦，去看看八卦酸中華隊酸成怎樣，
686,都還沒打完勒什麼鍋貼啦戰犯啦，反正就是講得中華隊有多爛，
686,要帶風向的順便說年最爛都是害的，文章都還在，不要瞎說沒
686,有嘛
686,對於不碰政治，只熱衷棒球的人看來，說真的，你要講那些唱衰中華
686,隊的全是
686,，誰信你啊
686,明明都是群酸民嘛
686,就這串也是啊還在哪邊其他版都被控制，就八卦版最理性正直
686,最有言論自由是不是
686,哇靠這麼感覺良好，只會讓其他人討厭啦
686,八卦
686,喔，其實我現在是不想去管了，否則去年底，某族群，好吧，
686,某
686,族群是直接在群組邀約在八卦推文噓文的
686,那個族
686,群有腦的應該看得出啦
686,想講別的板都被控制，就你最理性其實公道自在人心
686,當然我
686,知道有人定要急著跳出來說啥蟑螂還不是
686,那你們就在幹樣事情，懂就懂不懂就裝傻到底吧
686,我只能說只要是政客，藍綠白通通都是垃圾，收錢的當蟑螂義
686,勇軍的，通通都該死，就說這麼多
686,今晚對荷蘭，希望大家統對外，幫中華隊加油可以吧
687,昨天三支全壘打，應該是史上最強中華隊吧
687,"另外全場的球迷啦啦隊起喊,"
687,大聲到每個外國球員無不震懾，球棒握不好，
687,投球也投不進好球帶，充分發揮主場優勢
687,今天晚上是不是贏定了
688,我就問
688,年前，有人說台灣隊嗎
688,年前，報紙上是寫中華隊還是台灣隊
688,幹你娘，台灣隊三小怎麼不講澎湖隊馬祖隊
688,你去找王建民新聞是台灣隊還是中華隊
688,老輩的人最清楚
689,我先說以前我就知道這是無可奈何的事
689,也沒有吵過
689,只是以前堆人吵
689,什麼中國台北中華民國是什麼什麼的
689,贏球台灣隊輸球中華隊
689,這幾年變得好安靜
689,喊喊彷彿世界和平美好
689,欸現在那大大的還在制服上啊
689,以前看很刺眼怎麼現在裝沒看到了
689,台派呢政治歸政治體育歸體育的論述也吞了嗎
690,台中洲際棒球場
690,中華隊兩萬人爆場
690,廁所不夠用
690,有沒有卦
691,平常罵制度罵風氣罵盤子球場
691,還被以前的假球搞到對中職印象很差
691,國際賽就是烙賽七連敗
691,九局領先都能給你來個被逆轉
691,失望遠大於希望
691,但他媽今天內心還是希望中華隊能贏
691,真的去日本給我們看
691,這是不是很蠢
692,媒體來源
692,三立
692,記者署名
692,陳怡潔
692,完整新聞標題
692,祭品文發顆雞蛋遭疑囤蛋
692,管道曝光徐巧芯好不容易生出來
692,完整新聞內文
692,年的世界棒球經典賽開打，台灣隊昨晚對戰義大利，奪下首場勝利
692,國民黨青工
692,會總會長滿志剛在賽前發出送顆蛋祭品文，今日下午兌現承諾，卻遭質疑目前
692,蛋很難買，這麼多蛋從哪裡來
692,滿志剛表示，買不到蛋時，他打了很多電話給產地的廠商
692,問說有沒有辦法調些蛋，提供給市民，所以聯絡廠商問送蛋時間可不可以提早，今天才
692,有辦法發
692,台北市議員徐巧芯則說，好不容易生出這些蛋，來幫台灣隊加油
692,滿志剛今天下午兌現承諾發送顆雞蛋，發蛋前接受媒體聯訪表示，大家都買不到蛋，
692,選民問哪邊可以買到蛋
692,他打了很多電話給產地的廠商問，有沒有辦法調些蛋，拿到後
692,原價賣給市民，這些錢再轉捐給公益團體，當做善事
692,而昨天全台灣球迷跟台灣隊太需要
692,鼓勵，所以立刻聯絡廠商問送蛋時間可不可以提早
692,盧了很久，昨天從產地直接運來，他
692,在昨晚約點收到蛋，確定有蛋才發祭品文，這些本來就是要給各位市民的，不是我
692,們自己留下來，我要那麼多蛋幹什麼
692,我也吃不完
692,而許多網友質疑，這快調到雞蛋，表示不缺蛋
692,起到場共襄盛舉的台北市議員徐巧芯認
692,為，沒有蛋是般通路買不到，或蛋漲價問題，實際上蛋很難買，滿志剛認識的朋友有蛋
692,，希望起幫中華隊加油，好不容易生出這些蛋，這些蛋不容易取得，很多朋友是開店的
692,，還是有通路可買到，慶祝中華隊獲勝找出顆雞蛋送民眾的同時，呼籲政府要處理蛋
692,價跟民生問題
692,完整新聞連結或短網址不可用等轉載媒體
692,///
692,備註
692,某些議員名嘴天天在貼
692,買不到蛋
692,的風向文
692,結果竟能在小時內生出顆雞蛋來
692,怎麼不直接告訴排隊領蛋民眾你們是怎麼辦到的呢
692,授之以魚不如授之以漁
693,國際賽事我們都是以中華台北出戰
693,如果能挑名字的話
693,中華隊台灣隊中國隊
693,大家最想用哪個名字去比賽
694,如題
694,剛剛肥宅在看電視轉播
694,在荷蘭國歌之後理論上應該是中華民國國歌吧
694,怎麽會是中華奧委會會歌
694,///
694,這樣算不算是自我矮化啊
694,乾五八卦
694,^^
695,各位老鐵晚上好，昨天洲際棒球迷大喊，諧音挺台灣，反觀八卦板整天喊什
695,麼中國台北，什麼中華隊，是不是精神錯亂
695,有沒有八卦版的認同八卦
695,影片在這兒呢
695,///
695,是否有專板
695,本板並非萬能問板
695,三則
695,本看板嚴格禁止政治問卦
695,未滿繁體中文字水桶個月
695,未滿繁體中文字水桶個月
695,未滿繁體中文字水桶個月，嚴重者以鬧板論
696,中華隊逆轉勝
696,讓世界看見台灣
696,////
696,楊惟甯報導
696,////////
696,球迷舉高舉國旗為中華隊加油
696,圖胡瑞麒攝
696,世界棒球經典賽正如火如荼的進行中，昨日晚中華隊以逆轉擊敗義大
696,利隊，更是讓全民沸騰
696,就有德國記者分享，當中華隊敲出安打追平比數，以及最後的
696,分砲出現時，場邊如雷貫耳的幾乎快要蓋過主播的聲音，且收音甚至
696,度中斷，也讓他見識到台灣球迷的熱情，直呼好感動
696,////////
696,中華隊擊敗義大利奪首勝
696,圖胡瑞麒攝
696,德國每日鏡報記者迪克曼在推特發文指出，自己過去沒有
696,在關注棒球，但昨晚中華隊上演大逆轉，卻讓世界看見台灣
696,他說，雖然台灣隊必須以
696,中華台北之名出戰，但比分始終緊咬義大利隊，無論是趨於優勢或劣勢，都會聽到球迷
696,如雷貫耳的加油聲
696,而從官方推特發布的影片也可看到，當中華隊確定拿下勝利後，場邊球迷情緒也嗨到
696,最高點，
696,全場整齊劃地高喊，幾乎快要把主播的聲音給蓋過，也讓迪
696,克曼直呼，這樣的場景實在令人動容，真的非常感動
696,////////
696,德國每日鏡報記者迪克曼發文
696,圖翻攝自推特
696,由於中華隊目前戰績勝敗，荷蘭二勝零敗，巴拿馬二勝二敗，巴拿馬贏球後，已率先
696,完成首輪預賽所有賽程，因此今日晚中華隊對上荷蘭，也有非贏不可的壓力
696,唯有擊敗荷蘭，才能保有晉級複賽的機會，挺進東京
696,備註
696,全場高喊台灣隊八卦板有人不喜歡
697,大家安安
697,乳題
697,荷蘭阿公全打線
697,打中華隊的土投
697,我就問蒿吐鷺鷥
698,發廢文幹幹叫下
698,想問下中華隊的捕手手套是不是
698,都被用剪刀剪過啊
698,不然怎麼那麼容易跑出來
699,肥肥跟公司業務妹子們在運動酒吧看中華隊
699,只是
699,對手明明是荷蘭隊怎看起來像非洲裔球員
699,有卦嗎
700,局還沒結束
700,捕手兩次漏接讓對方跑者推進壘包以外
700,剛剛本壘板上方高飛球穩接殺的結果結果漏接
700,昨夜中華隊的捕手是狂歡徹夜嗎
700,有沒有八卦
701,這次中華隊的水準真是讓人搖頭
701,連送分的高飛球都接不到是要怎麼玩
702,我就問在昨天的精彩勝利裡面
702,尻了發三分炮，賽後可以很自律
702,早睡早起，不喝酒慶祝的原住民
702,全國有幾個
702,就問昨天橘色吃到幾點啊
702,還會長加菜咧笑死
703,目前經典賽日本隊和中華隊同時都在打
703,中華隊昨天表現好，讓人期待又怕受傷害
703,想問日本隊和中華隊要看哪邊好
703,///
704,請問中華隊臉上有的人有塗兩條黑黑的是甚麼
704,"有的人有塗有的人沒塗,請問為何沒塗"
704,還有為什麼塗在眼睛下面
704,為什麼是塗橫的條
704,不能塗直的嗎
704,塗鼻子上不行嗎
704,額頭上
704,所以塗兩條黑黑的是甚麼習俗
704,傳統
705,貴族世家有贊助荷蘭隊嗎
705,怎麼每個人都戴貴族世家的帽子偷置入
705,最討厭這種不愛國的企業了啦
705,請大家來支持永遠最愛中華隊的四海遊龍
706,明明就是中華隊
706,棒球版自己改名幹嘛還以為是塔綠班再打球
706,有沒有棒球版亂改隊名的八卦
707,欸欸欸欸欸
707,剛剛追平分
707,荷蘭投手被打下來了
707,才出局個又滿壘
707,中華隊是不是穩了
707,有卦嗎嘻嘻
708,雖然上場轟了幾支挽回顏面，但今天這對手可不簡單啊
708,雖然我覺得肛門榨甘蔗這種祭品可能最有效，奈何我不敢也不能
708,獻上點心意看看會不會有奇蹟發生吧
708,有沒有壓賭盤夜翻身的八卦
708,下面直有人嫌不夠誠意，那我補充下到明年的今天為止也不能與別人性互動好嘛
709,我大台灣隊轟出滿貫砲
709,今天不贏就沒機會晉級了
709,現在五比了
709,雖然二局下我就問你各位
709,蒿吐魯斯
709,張育成我愛你
709,張育成我愛你
710,大家好
710,剛剛上將張育成轟了支滿貫砲
710,鋒哥退休後台灣隊苦無接班人
710,今天可以正式接班鋒哥了吧
710,有卦
711,二兵育成，被中華台北用兵役令來徵招
711,對義大利和荷蘭都有優秀表現
711,照以前好像有功的將士能拿到免死金牌
711,我們二兵育成這樣的表現
711,是不是他兒子也不用當兵了
712,張育成台灣史上最強打者沒有之是不是應該把他寫進國軍英雄館做個雕像放在那邊
712,每天膜拜張育成我的超人猛
713,這季簽了台灣巨砲張育成
713,有人看好有人不看好
713,放回來打個經典賽
713,各種開秀
713,大小聯盟的投手都壓不到他
713,價值滿滿
713,紅襪是不是這次最大贏家
714,幹再說沒有比鋒哥強阿
714,張育成棒擊沉阿
714,幹她媽的有守備有打擊
714,還堆人說他比鋒哥弱
714,三小
715,國防部長這下超越陳金鋒吧
715,昨天堆人在嘴說還不夠格
715,但現在看起來
715,國際賽臺灣英雄
715,已經確定交接
715,且張育成超越了陳金鋒
716,終於
716,鋒哥神的地位
716,以前以為不可撼動，有接班了
716,不是吱獼以前狂吹的兩季四割玉
716,當然是
716,張育成
716,台灣歷史最強打者，打者
716,抱歉了鋒神
716,不過你看到有後輩終於超越你的地位了應該也很高興吧
717,把對手小聯盟投手當發球機
717,防禦率點多的也敢來對付張育成
717,張育成應該確定是台灣最強打者了吧
718,永遠的台灣第四棒陳金鋒
718,似乎是不可超越的存在
718,直到國防部長張育成這兩場炸裂
718,試問部長超越鋒砲了嗎
719,張育成又開轟啦
719,太爽啦
719,想到之前各種媒體在黑不當兵
719,各種台獨份子在那邊嘴砲
719,大堆垃圾粉專想強迫人家回來當兵
719,這種人才需要靠當兵證明愛國嗎
719,不需要啦
719,幹
719,連續兩天開轟會比你們這些垃圾粉專不愛國喔
719,想想你們那些閃尿逃兵仔好不好
719,太爽啦
719,張育成我愛你
720,剛剛巨砲太猛了吧
720,中華隊看來已經調整好狀態了，
720,按照目前的氣勢來看現在比數，
720,鍋貼應該可以繼續放在冷凍庫，
720,不用拿出來吃了吧
721,昨天榮升國防部長
721,稍早滿貫砲現在軍階可以升到哪了
721,太強啦
722,昨天對義大利轟出追平分砲
722,今天對荷蘭轟出超前滿貫砲
722,對比在經典賽前那段時間
722,張育成在網路上被大酸特酸
722,我就問之後還有人敢罵張育成嗎
723,耖你媽的
723,再看不起中華隊啊
723,荷蘭那什麼低賠率
723,中華可是地主國欸
723,看滿場球迷嗨成這樣
723,叫美國隊來打也會自亂陣腳啦
723,買中華看了超爽
724,剛才張育成轟了滿貫砲
724,連續兩天都有轟出去
724,張育成現在是不是亞洲前三的打者了
725,很好奇想問下
725,如果還沒陽痿，真的有辦法年不尻嗎
725,這樣不會壞掉嗎
725,還是說會用夢遺的方式把精液排出
725,說到這裡，有沒有人也樣從小到大都沒夢遺過的嗎
725,像本肥從國小開始尻槍，到現在三十幾年還真的沒夢遺過
725,好了，字數夠多了，先這樣嘻嘻
726,爽啦
726,爽啦
726,爽啦
726,個滿貫砲直接拿分
726,分領先真祖國荷蘭
726,剛開場有些失誤
726,但明顯現在攻守都漸入佳境
726,別說贏了
726,我看今晚有機會直接吧
726,就問句蒿兔鷺鷥
726,準備去東京啦
726,太爽啦
727,大聯盟沒辦法穩定先發的球員在國際賽可以虐菜
727,那大聯盟的明星球員豈不是跟鬼樣
727,可是看大谷打的又很爛
727,大聯盟的球員到底有多強啊
728,台灣有這麼強的打者喔
728,會不會是亞洲來台歸化的球員
728,張育成是台灣人嗎
728,怎麼跟以前看過的球員不太樣
728,台灣的運動員好像很容易軟手
729,大家晚安大家好
729,昨天的義大利對中華隊
729,張育成局打擊出去散漫跑壘，
729,今天的荷蘭對中華隊
729,張育成局打擊出去又散漫跑壘，
729,難道旅美回台打球態度都可以這樣嗎
729,正常打擊出去就要全力跑吧
730,延續昨天打贏義大利的氣勢
730,有如鄭成功附身的二等兵大砲轟走荷蘭人
730,沒意外不可能會被荷蘭逆轉吧
730,等等去煎珍貴的荷包蛋來吃
730,不知道各位怎麼看
731,生涯成績比陳金鋒好
731,然後目前來看真的猛
731,以目前我們打線來說算平均點
731,至少不只個有開轟的
731,加上非大砲棒次也能安打上壘串聯
731,的確可以期待
732,當初張育成婉拒經典賽
732,馬上拍片，讓他變成台灣二兵
732,在片中還補了句
732,就算多了個張育成
732,也不覺得中華隊就能贏球
732,結果張育成不只被成國防部長
732,結果還靠真的他人之力
732,把中華隊從淘汰邊緣至少拉回波
732,是不是真的是台灣國師啊
733,悟空在修練時
733,身上穿的衣服是很重的
733,脫掉以後實力大增
733,張育成身上那條金項鏈要是拿掉
733,我想其他球隊都不用玩了
734,雖然輸了巴拿馬
734,可是義大利荷蘭戰都打很好很熱血
734,中華隊今年狀態怎麼這麼好啊
735,如題
735,中華隊擊退義大
735,取得首勝
735,雖然目前情況看起來可能晉級不了
735,但是中華隊表現依然是我們值得個瑞死配的
735,如果是館長會怎麼吹中華隊
735,有八卦嗎
736,是這樣啦我大鄭成功張育成
736,剛剛滿貫砲
736,現在贏分了這場要怎麼輸
736,有沒有八卦
737,從昨天二兵部長驚天轟帶動全面攻勢
737,到今天又尻發打的荷蘭臉青筍筍
737,沒有二兵部長又氣氛又開轟現在大家都應該是在吃鍋貼吃好吃滿吧
737,沒有當初廣大鄉民徵召二兵昨天經典時刻就看不到了
737,鄉民是不是中華隊表現的最大推手阿
737,大家都推了把嘻嘻
738,"人家日本大谷剛剛擊出難得的二壘安打,"
738,"接著又盜壘到三壘成功,"
738,"隊友隨便轟個高分犧牲打,"
738,大谷回本壘~
738,"現在日本比捷克,"
738,分鐘前跟中華隊有相似
738,"我說,"
738,日本隊是不是故意的
738,"不過實在搞不懂,"
738,日本隊的那個手勢是什麼意思
738,中華隊對日本隊是不是指日可待
738,給八卦吧~
739,///
739,鋒哥
739,國際賽參賽紀錄
739,年亞洲棒球錦標賽最佳外野手
739,年義大利世界盃棒球賽全壘打王
739,年曼谷亞洲運動會預賽時從南韓主力投手朴贊浩手中揮出全壘打
739,年漢城亞洲棒球錦標賽
739,年臺北世界盃棒球賽打點王
739,年札幌亞洲棒球錦標賽
739,年雅典奧運
739,年世界棒球經典賽因傷於月日退出，由許文雄遞補
739,年杜哈亞運中華成棒隊歷年在亞運最好戰績金牌
739,年台灣世界盃棒球賽
739,年亞洲棒球錦標賽
739,年北京奧運
739,年中職日職對抗賽
739,這些是陳金鋒代表國家的國際賽事
739,先參加過鋒哥半的次數以上再來談說有沒有超越吧
739,目前只有次還是因為被罵翻了才被勸回來
739,下次有沒有還不知道呢
739,所以先別說太早~
740,中華隊荷蘭隊
740,剛剛上局荷蘭隊追平分上來
740,打了支高遠飛球落在牆前被接殺
740,你漏了幾滴尿
741,欸，回頭看到這篇
741,條件都符合了，是否已洗白成功呢
741,要來個朝聖下了吧
741,補下該篇文章下方留言的們，
741,提醒下，該道歉了吧
741,///
742,我是日球迷
742,現在在看
742,結果家裡的網速比較慢
742,投手還在準備動作的時候就聽到隔壁傳出歡呼聲
742,過了十秒果然上壘
742,這樣要怎麼看阿直被暴雷
743,對巴拿馬被打爆
743,當天堆人髒話連發
743,什麼能罵的都罵了
743,這些人現在在想什麼
743,有掛嗎
744,昨運彩爽抱萬
744,今台灣隊對荷蘭背水戰狂熱夫妻再砸萬挺台
744,記者翁嘉妤鍾至瑋新北報導
744,記者翁嘉妤鍾至瑋新北報導
744,世界棒球經典賽台灣隊對上義大利，有體育狂熱夫妻下注萬運彩挺台灣，最後台灣隊拿
744,下首勝，夫妻倆當場抱回萬
744,今晚台灣迎戰荷蘭，彩券行業者透露，這對夫妻
744,還會再砸萬挺台灣挺到底
744,支持台灣隊，有人到球場，有人到投注站，對夫妻號這晚在新北永和這家彩券行
744,口氣砸萬元支持台灣隊，結果爽抱萬元回家
744,面對第場台灣隊出戰荷蘭，這對運
744,動狂熱的夫妻倆，老公還是運動員，打算還要再砸萬挺台灣挺到底
744,運彩經銷商商業公會理事長何昱奇他可能今天日還會下注中華隊萬吧
744,球迷想贏球也想贏錢，但也更多球迷雖然心繫台灣隊，更不喜歡輸錢的感覺
744,球迷我買荷蘭大分，但我是支持中華隊，買個保險，輸了不會太傷心
744,運彩最新賠率出爐，荷蘭不讓分賠率為，台灣隊不讓分賠率
744,另外荷蘭讓分賠率
744,，台灣隊讓分
744,而大小分總分超過和小於，賠率都是
744,球迷大家可能會因為想要下反邊，看如果哪邊贏球，還是會覺得有些補償心理，但我
744,還是會希望買支持的球隊，我還是會買中華隊，可能就是買勝分
744,球迷可以換個方式支持台灣隊，還可以選擇玩單雙，總分如果是單數賠率，雙數
744,賠率
744,另外，想玩最高賠率可以考慮勝分差，這戰台灣隊贏分，賠率飆到倍
744,///
745,現在的中華隊
745,勢如破竹
745,現在的中華隊
745,可以跟美國職棒明星隊單獨而獲勝嗎
746,這兩天重火力戰術執行都成功
746,非常細膩
746,根本不是我們認識的中華隊
746,像是被盜帳號樣
746,就算沒有晉級也打過最美好的仗了吧
747,如題
747,今天應該有很多人看衰中華隊買荷蘭的吧
747,不知道這些人現在怎樣了
747,找好晚上要睡的公園了嗎
747,有沒有八卦
748,那些人定沒看這屆世界杯
748,阿根廷輸沙烏地啊
748,短期賽很有可能剛好是隊剋隊
749,超車韓國
749,賽前被韓國嘴但又看著他們翻車
749,有沒有就是韓國被嘴爆年的八卦
750,"昨晚日本首相親自蒞臨球場開球,"
750,"雖然開球時,"
750,日本捕手差點接不到
750,"剛開局,"
750,日本立刻輸三分
750,"我本來在想,"
750,"怎麼跟某台灣某總統樣,"
750,"只要蒞臨球場,"
750,"中華隊肯定輸,"
750,更別說開球了~
750,"沒想到,"
750,"後來日本首相的開球威力,"
750,"是完全放在後勁,"
750,"後來的事情,"
750,大家都知道了~
750,"日本球員做出奇怪的手勢,"
750,做到手軟~
750,"有沒有日本那個手勢,"
750,到底是代表什麼意思
750,"還有,"
750,"日本首相開球,"
750,"泡菜就大敗回家吃自己,"
750,台灣呢
750,八卦是
751,，本肥到日本玩
751,電視只播捷克日本
751,不過剛剛有插播育成滿貫砲片段，電視台也整理了目前組戰績
751,///
751,有沒有日本直接稱中華隊台灣的八卦
751,看到梅花旗旁邊寫台灣真的很違和
752,這兩天中華隊發生甚麼事了
752,要戰術有戰術
752,要全壘打有滿貫砲
752,要選球有選球
752,各種纏鬥各種安打
752,每個人對球的掌握度高到靠北
752,這兩天中華隊是我認識的中華隊
752,太舒服了吧
753,如題
753,都是輸第場
753,梅西狂踢球
753,張育成狂拿分
753,也都剛好遇到荷蘭
753,荷蘭也很有默契的
753,對阿根廷和我們出髒腳
753,接下來劇本
753,大家都知道了
753,大家有沒有覺得呢
754,還不是第場某人開球的關係
754,不然看看第二場第三場勝利是誰開球
754,，誰當特別嘉賓
754,想洗刷就再來開球，觀賽
754,看敢不敢
755,中華隊昨天跟今天的表現
755,跟首戰巴拿馬完全判若兩人了
755,請問日本跟韓國隊看到這兩天中華隊的表現
755,現在心裡在想什麼
755,不放在眼裡台灣棒球就是弱
755,沒感覺單純運氣好罷了
755,怕豹中華隊這幾天是去過精神時光屋嗎
756,///
756,///
756,中華台北歷史最佳戰績被改成第名
756,是誰這麼無聊
756,好笑嗎
756,有八卦嗎
757,剛剛四局下吳念庭回本壘那個
757,他的左手被捕手擋住回不了本壘
757,看完電視後還是出局
757,教練團該去附近彩色影印下那個畫面給主審看
758,我們小弱弱中華隊
758,此時此刻竟然棒打紅毛鬼
758,冥冥之中我們的祖靈
758,開漳聖王鄭成功的魂魄
758,就在球場上幫助著我們呢
758,嘻嘻
759,日本朝日電視台正在轉播捷克對日本
759,剛才中間空檔插播荷蘭隊對台灣的影片
759,播剛才滿壘全壘打的畫面
759,然後日本播報員說表現得很好不愧是地主國台灣
759,還有放個表邊解說目前台灣戰績
759,看起來這兩天表現應該是有受到注目
760,如題
760,現在中華隊拿了分，荷蘭才兩分
760,吳哲源投球看起來又穩到不行
760,看起來這把肯定是能吃貴族世家了
760,那我們現在可以說那四個字了嗎
761,以前中華隊
761,棒只能期待王柏融
761,現在中華隊
761,棒只有王柏融不能期待
761,中華隊打擊怎麼了
761,怎麼整個升了好幾個
761,柏融大王怎麼了
761,看二碰三振他
762,第天比賽堆酸民在酸中華隊
762,結果現在贏了就洗白，之前的失誤還是要檢討吧
762,不過有說這兩天中華隊的表現超越了吧
762,荷蘭就這
762,義大利就這
762,不是這兩隊都是強隊嗎
762,結果表現就這
763,在場的八卦鄉民們
763,有誰跟我樣第場就看衰中華隊
763,中華隊第場就被打爆
763,還以為接下來會路輸到底輸到脫褲
763,沒想到居然倒吃甘蔗
763,路長紅
763,到底有沒有機會前進東京啊
764,中華女足連勝
764,下役戰泰國拚晉級亞洲盃會內賽
764,////
764,記者鍾東穎綜合報導
764,女子亞洲盃資格賽，中華女足第戰今天對上已拿到晉級資格的會內賽主辦國
764,烏茲別克，改以國際友誼賽進行，開賽分鐘內楊小娟就進球，最終中華隊以比獲勝，
764,下役關鍵戰對泰國
764,此役與烏茲別克不列入積分計算，中華隊在陣容上大幅調整，前役日面對塔吉克踢進
764,球的何家瑄與梅開二度的李翊汶從板凳出發
764,開賽第分鐘，號楊小娟接獲隊友傳球後在罰球區內突破兩名防守球員後起腳破門，中
764,華隊先馳得點，然而烏茲別克緊密的防守讓中華隊難以再越雷池步，直到第分鐘，中
764,華隊號施怡靜在底線邊緣吊中，下半場替補上陣的李翊汶從後插上補門，幫助中華隊將
764,比數擴大到，來到第分鐘，李翊汶從中圈邊緣路帶球來到門前起腳，可惜踢中門
764,柱，此時從後跟上的號林靜萱見對方還未來得及反應，冷靜將球送入球門中，最終中華
764,隊便以球之差擊敗烏茲別克取得勝利
764,賽後總教練謝志君表示，烏茲別克在攻擊上方面多採取長傳急攻的模式，加上對方前鋒
764,身材高大個人技巧也不錯，因此賽前針對這幾點有事先提醒球員要注意，同時告訴他們拿
764,球後要確實保護好球，不過烏茲別克在組職攻擊方面較差，我們便多利用橫向傳導來組織
764,攻勢，球員們也確實把握住機會，拿下分數
764,為中華隊踢進首顆進球的楊小娟表示很開心能在國際賽上進球，提升自己的得分率，
764,雖然在我們取得進球後對方在防守上更加謹慎，不過他們的背後空間仍有許多空檔讓我們
764,發揮，所以我們降低大腳的次數，改以傳導來掌握節奏組織進攻，讓我們在下半場的進
764,攻更加流暢
764,談到接下來與泰國的對決，他表示會全力以赴拿下勝利
764,下半場替補上陣的李翊汶則透露先前在現場觀看泰國與烏茲別克的友誼賽，覺得烏茲
764,別克的身體素質很好節奏很快，所以今天比賽前其實還有些怯場，不過在場邊觀察後，
764,發現到了比賽後半段，烏茲別克後衛體力下滑地很快，因此我上場之後有機會就儘可能
764,多跑動消耗對方的體力，也確實產生了效果
764,對於與泰國役他相信只要大家冷靜地
764,發揮平時的水準，定有機會擊敗對手，拿下晉級門票
765,昨天打線隻全壘打分
765,今天還沒打完已經分，若剛捕手沒阻擋已經分了
765,而且有可能還會繼續得分，
765,大家都酸中華隊打線怎樣的
765,我就問
765,承認打者進步很難嗎
765,是否有專板
765,本板並非萬能問板
765,三則
765,本看板嚴格禁止政治問卦
765,未滿繁體中文字水桶個月
765,未滿繁體中文字水桶個月
765,未滿繁體中文字水桶個月，嚴重者以鬧板論
766,因為今年制服材質比較好嗎
766,幹今年真的好看很多
766,像腋下那塊就設計的色耶還有拉鍊
766,夠瘦的女生去穿會剛好ㄍㄧㄣ在奶緣側面看了就很色副想要人家去摸的感覺
766,再來是髮型今年是都有規定要設計專屬髮型嗎
766,每個都有自己特色不會複製人
766,阿斯
766,害我直去切專屬鏡頭看
766,為什麼今年中華隊啦啦隊特別正騷
767,這次棒球贏荷蘭應該十拿九穩了
767,明天中華隊對戰古巴
767,古巴教練會用什麼表情在球場上看中華隊
767,有沒有這方面的八卦
767,///
768,不管是對日本
768,還是世界盃鋒哥狂轟
768,這麼有宰制力的中華隊打線
768,算是年最強吧
768,有選球眼本壘板紀律
768,只要跑到好球帶幾乎都會攻擊
768,有有速度
768,每次滿壘都會雙殺結束的我們
768,這次都能把握
768,最強中華隊打線
768,沒有毛病吧
768,有掛嗎
769,我說現在台灣人都稱是中華隊，但左手臂那個贊助產商貼上去感覺就變中國
769,隊了呀
769,前幾年不是很多正名活動，加油站郵局航空護照等等的，怎麼遇上很多錢的民營銀行
769,就沒有特定團體去喊正名
770,我記得韓國和日本的新聞都是直接念台灣
770,不過昨天的英文還是念
770,///
770,但我看留言區大部分還是知道這是台灣隊的
770,我想國外主播可能也是些規定要求，才念
771,從開始我壓中華千，結果差點被巴國扣豆
771,第二場我精神出軌，壓了義大利，結果中華隊逆轉了
771,第三場我覺得塞到的，我今天又壓河南千，看來又要飛了
771,可惡，明天我決定要支持種花隊，壓伍仟次贏回來
772,第場被打爆後換上李振昌才止血
772,第二場關鍵在呂彥青上來直接把義大利凍結
772,現在在中華隊需要保留領先組留到明天的狀況下吳哲源又吃了兩局多
772,是不是到最後還是要說
772,還不是靠兄弟
773,如題
773,昨天義大利呂寶
773,今天荷蘭吳哲源
773,都靠兄弟強投，經典賽那麼穩是不是都靠兄弟
774,中華隊只讓荷蘭打兩支安打
774,現在穩定領先
774,應該穩贏了吧
774,現場可以大喊蒿吐了嗎
775,荷蘭隊是在致敬中華隊嗎
775,第球就先來個觸身
775,這局幾球能把壘包塞滿呢
775,會比七球少嗎
776,之前韓國媒體說
776,中華隊慘敗巴拿馬不意外
776,///
776,因為中華隊面臨困境
776,有人知道韓媒到底在供啥小嗎
777,自從荷蘭換投手之後
777,打擊線就沒什麼進展了
777,是投手太強被壓制
777,還是在想明天中午還要再打場
777,所以急著下班休息
778,看這兩天中華隊實力就不差啊
778,那首戰會被巴拿馬打爆是怎麼回事
778,誰是戰犯
778,請賜教
778,謝謝
779,昨天比賽很精彩
779,今天不惶多讓
779,國防部長今天的發滿貫砲
779,還有吉力吉的安打
779,這次的教練團也很豪華
779,投手教練有王建民
779,打擊教練有彭政閔
779,今年的棒賽為什麼這麼刺激的卦
780,三立
780,經典賽台灣領先荷蘭
780,鳳梨哀號我的心已經涼了
780,娛樂中心陳慈鈴報導
780,年世界棒球經典賽今晚備受關注，背水戰對上荷蘭隊，無論場內外都不停幫
780,場內集氣
780,對此，向來是下住反指標，被封為冥燈的網紅鳳梨吳泓逸今日晚間稍
780,早哀號四局上半中華隊目前領先荷蘭我的心已經涼了
780,台荷大戰已開打
780,鳳梨也非常關注比賽即時狀況，時分在臉書發文表示，四局上半
780,中華隊目前領先荷蘭我的心已經涼了我真心懺悔自己的無知我不應該因為第
780,戰與巴拿馬的疏失而背棄國家
780,鳳梨也懊惱的說道，我連續兩天義大利跟荷蘭已經得到應有的懲處中華隊加油台灣
780,加油
780,此外，稍早他也在限時動態和貼文的留言中，針對網友提問你下台灣還是荷
780,蘭
780,給予回應荷蘭
780,此外，鳳梨還幽默的表示，我已經準備前往火車站搶今晚住宿的位置了中華隊加油
780,而目前台灣和荷蘭的比分已經來到，究竟鳳梨是否再度應驗反指標說，成為
780,運彩冥燈，靜待比賽結果出爐，就能揭曉
780,///
781,中華隊傳統
781,比賽局才開始
781,等等就要進入第局了
781,各位怎麼看呢
782,從三局上人出局之後投到現在，
782,只有第五局稍微出了點危機，
782,但後來雙殺收場完美下樁，
782,幾乎每局都是表現完美，
782,而且是目前中華隊吃最多局數的投手，
782,面對荷蘭這強勁的對手，
782,感覺跟面對中職打樣很穩定，
782,會不會吳哲源其實沒有心臟，
782,所以根本不會緊張啊
782,有卦嗎
783,放棄愛台情操
783,鳳梨運彩改押義大利見台灣隊逆轉崩潰歹際大條啊
783,//
783,娛樂中心藍詩孟報導
783,網紅鳳梨吳泓逸以幽默搞笑接地氣的台語直播走紅，熱愛關注運彩的他，去年在世
783,足賽上也砸了不少資金投注，怎料幾乎場場押輸，也讓鳳梨獲得冥燈封號
783,而近日經
783,典賽開打，鳳梨日歐印台灣隊贏時，台灣就以分的成績慘敗
783,但鳳
783,梨昨日改押義大利獲勝，台灣隊又以的成績勝出，讓鳳梨再度慘賠，崩潰直呼
783,對不起我的國家
783,鳳梨日在臉書發文，分享自己運彩下注慘輸，表示台灣日晚間首戰巴拿馬時，他看到台
783,灣主場優勢，所以全下注台灣隊獲勝，怎料最後比分以坐收，讓鳳梨崩潰地說我徹
783,夜輾轉難眠，久久無法自我昨晚中華隊上半跟全場都，我的心也跟著碎了地
783,不過鳳梨賭性堅強，日台灣對戰義大利，他又再度選擇下注，並在臉書發文今天的我
783,在理性與感性之間掙扎許久愛國跟愛財之間反覆徘徊，他表示自己雖然挺台灣隊且愛
783,國，但想到義大利的陣容有個大聯盟選手以及前天巴拿馬的教訓，於是他選擇下注義大
783,利勝出，更沉重的說對不起我的國家，但是我必須強調我是愛台灣的
783,孰料昨日賽果出爐，台灣隊以的分數取勝，打贏義大利，讓鳳梨在留言區崩潰大喊
783,歹際大條啊，結果今晚中華隊起派了，看到快去了，不過鳳梨表示，他這次沒有歐印
783,義大利，為了表達我內心深處的愧疚我還是有投注元支持中華隊
783,看到台灣隊逆轉比分，鳳梨崩潰地說歹際大條啊
783,圖翻攝自鳳梨臉書
783,網友看了則紛紛留言，如果反著站又是反指標，就知道問題在誰身上了叔鼠明天
783,可以早點說你買哪隊嗎冥燈出現
783,大家就放心了如果從世足到現在都跟你
783,壓對立，我應該會家財萬貫變首富謝謝鼠叔沒插中華隊贏，明天繼續買荷蘭喔
783,感謝鼠屬指引，冥燈發威
783,////
784,打完比賽洗完澡就半夜兩點了
784,明天中午比賽
784,大概就要到現場
784,大概八九點就要起床
784,今天中華隊可以睡多久
784,明天中華隊還有力氣嗎
784,目前看起來晚上接隔天中午打的比賽的球隊
784,隔天中午都會氣力放盡
785,從上局開始中華隊就有點打不出去
785,這局也是三上三下
785,是不是荷蘭投手認真了
786,如題
786,人家直嘲笑我們棒球很爛
786,才程度
786,事實證明
786,結果大聯盟球員也不過如此
786,還不是被我們打爆
786,中華隊去打我覺得保底有勝的實力
786,鄉民是不是覺得如此呢
787,媒體來源
787,聯合報
787,記者署名
787,林佳彣
787,完整新聞標題
787,影年紀大把為顆蛋排隊婦大罵民進黨糟蹋人民連難民都不如
787,完整新聞內文
787,世界棒球經典賽昨晚中華隊打贏義大利隊，國民黨台北市青工總會長滿志剛今天兌現祭品文
787,承諾，發顆雞蛋，吸引不少人排隊領蛋
787,有民眾拿到直呼感謝，也大罵民進黨執政什麼
787,都要排隊，更點名要陳吉仲下台
787,民眾吳小姐與鄰居常小姐起來排隊，吳小姐表示，現在雞蛋不好買，得知中華隊贏球要發
787,蛋，她聽到好高興，趕快跑來，也大喊中華隊加油
787,國民黨加油
787,常小姐領到顆雞蛋，表示真的很感恩，開心說還可以吃天
787,但她不滿地說，
787,，年紀大把，為了顆蛋排成這樣
787,子，大罵要陳吉仲下台
787,常小姐指出，有錢也買不到蛋，還直漲價
787,涂小姐帶女兒來排隊領蛋，她說，最近真的很難買到蛋，昨天與朋友團購，顆就要元
787,，平均顆幾元
787,今天點剛好看到，就過來排下，沾沾喜氣，而且很幸運沒有排很久
787,，下就拿到號碼牌
787,相較於其他祭品文送雞排，林小姐表示，當然想要拿到蛋，因為蛋可以做自己喜歡的料理
787,至於外界質疑國民黨買蛋當祭品文是公然囤蛋，她說，個人看法見仁見智，他們是善心，因
787,為民眾買不到蛋，對基層是有幫助，不無小補
787,完整新聞連結或短網址不可用等轉載媒體
787,//////
787,備註
788,中華隊別的選手很麻煩
788,要直把壞球拚成好球，不然就是出腳假裝沒看到，才能搞他們出局
788,王柏融就簡單多了
788,看二碰三出局
788,不然就是球兩球高飛死
788,連壞球判成好球都不用，他就會出局了
788,主審看到大王，特別高興
789,當初阿根廷也是首戰輸
789,後來路贏過關斬將所向披靡
789,最終拿到世界冠軍
789,中華隊有沒有可能複製阿根廷的模式
789,後軍突起成為匹黑馬
789,跌破大家的眼鏡
789,///
789,///
790,這主審覺得比賽太無聊想搞中華隊
790,荷蘭堆都撿台灣都不撿
790,怎麼我們好欺負啊
790,主審吃始啦
790,是否有專板
790,本板並非萬能問板
790,三則
790,本看板嚴格禁止政治問卦
790,未滿繁體中文字水桶個月
790,未滿繁體中文字水桶個月
790,未滿繁體中文字水桶個月，嚴重者以鬧板論
791,雖然主審有點搞
791,不過別忘了我們還有分領先
791,在多會搞也不會幫荷蘭變出分來啦
791,不知道各位怎麼看
792,如題
792,大檸檬級美國主審是不是怪怪的啊，荷蘭九宮格跟大海樣大，中華隊投進去了各種不給，
792,現在有人疑美嗎
793,如題
793,中華隊的恐怖局，
793,熟悉的味道，
793,鍋貼的香味
793,怎麼好像隱約
793,已經飄出來了
793,有沒有鍋貼好吃的八卦
793,掛
794,如題
794,那個奇怪的數據計算方法我看的霧煞煞
794,現在宇宙大王數據是多少啊
794,小弟沒看過棒球不會算
794,請問有沒有神秘數字
795,安安如題
795,雖然今天第局有股熟悉的味道
795,但我覺得中華隊也不用太擔心
795,因為士氣已經拉起來了
795,今天最後這齣只是中華隊對荷蘭最後的溫柔而已
795,嗯嗯嘿啊
796,疫情兩年過去了
796,護照效期大家應該都過期了吧
796,強賽要出國去日本
796,中華隊大家護照都應該都新辦好了吧
796,中華隊加油
796,有卦嗎
797,如題
797,現在已經快點半了結果洲際還在開劇場
797,明天要打中午點的場
797,請問中華隊是要帶睡袋睡在球場嗎
797,中華隊今天究竟可以睡幾個小時呢
797,卦
798,就是山王堂本教練的
798,家傳寶刀全場緊逼戰術
798,壓著湘北踹不夠氣
798,這場我們能贏荷蘭
798,靠的是什麼
798,有掛不
799,總教練
799,直戴口罩
799,魯看身旁的龍貓
799,也沒有戴○罩啊
799,有沒有八卦
799,另，這場要打多久啊
800,不是說這場
800,裁犬這樣搞
800,明天輸給古巴
800,穩穩的被淘汰
800,荷蘭贏
800,淘汰古巴巴拿馬都贏中華
800,義大利贏也是淘汰
800,比得失還是淘汰
801,荷蘭只剩局上進攻機會
801,這場看起來穩了
801,雖然主審好球帶起爭議
801,害我們守護神明天不能上
801,但沒關係
801,連富邦都贏不了的古巴隊沒啥好擔心的
801,大家說對不對
802,老婆林襄在場邊跳舞觀眾會興奮球員也會受到氣氛影響越打越好
802,說林襄是中華隊的因子沒問題吧
803,棒球版賽前預測
803,隨便都能打贏巴拿馬
803,結果卻是被血洗
803,棒球版賽前預測會被義大利荷蘭明星軍團打爛
803,沒被提前扣倒就是贏
803,結果卻是中華隊血洗屠殺這兩隊
803,棒球版是不是要反著看啊
804,是這樣啦
804,比賽結束休息回飯店
804,距離比賽不到小時就要對戰古巴
804,要怎麼才能快速恢復體力舒緩疲勞
804,不然連勝兩場輸給明天古巴
804,兩勝兩敗要比失分未必能晉級
804,最好的方法就是恢復體力
804,有沒有什麼方法能幫助中華隊的
805,各位八卦肥宅瘦宅晚上好
805,老子昨天買義大利
805,今天買荷蘭
805,我是不是中華隊的好朋友啊
805,///
805,///
805,明天繼續買古巴
805,花錢換到更快樂
806,終場台灣以贏了荷蘭隊，
806,最大驚奇是張育成二兵擊出關鍵的滿貫全壘打，
806,讓台灣超前荷蘭隊
806,晉級八強之路機率超過半
807,離東京只剩最後關古巴
807,不過劣勢是中華隊今晚很晚才能睡覺，明天要面對休息天的古巴
807,如果現在邀請古巴隊去寶雅台中三井採買，並且封館全館折
807,明天早上再帶他們品嚐台式早餐佐大冰奶
807,可以抵銷體力的劣勢嗎
807,還有什麼其他的奇招呢
808,中華荷蘭
808,五星上將張育成扛了發滿貫砲奠定勝基
808,///
808,///
808,///
809,經典賽中華對上荷蘭
809,中華隊以贏了荷蘭
809,中華隊安打數荷蘭安打數
809,中華民國萬歲~~~~台灣又贏了~~~~
809,讓世界看到
810,張育城我超
810,雖然燒到宋家豪超不爽的
810,但如果我是對面我也會這樣努力吧
810,恭喜中華隊獲勝
810,明天，再拿勝
811,從第三局下半，張育成打出滿壘全壘打就開始舒服，
811,路領先來到許久
811,防守也不錯，抓到雙殺
811,雖然八局上給主審搞事，但邪不勝正啦
811,八局下又舒服回來
811,恭喜中華隊打贏荷蘭請大家推文寫些祝賀中華隊的話
811,希望明天繼續勝古巴
811,每推，只發推文，發到推
812,結果是鄧愷威大爆發
812,明天直接燃燒生命
812,把中華隊保進東京
812,直接狠狠打鄉民巴掌
812,讓鄉民跟前古巴隊教頭梅沙樣
812,直接讓鄉民讓鄉民的戰略徹底失敗
813,今天這場經典賽，前面滿貫砲實在震撼人心
813,投手的壓制也相當優秀，大家真的都很棒
813,不囉嗦，打得好就給鼓勵發錢
813,有沒有看到中華隊好表現，就會想發錢的卦
813,每十推發到爆
814,大家豪
814,終於結束了
814,最後贏四分
814,少了那發滿貫
814,我們的投手ㄚ昌被主審搞
814,家豪也壓力很大
814,現在鍋貼店是不是要加班
814,外送也滿單
814,你各位不先敬禮喊口號進餐廳
814,小哲源當司令合理吧
814,有卦咪
815,備註請放最後面違者新聞文章刪除
815,媒體來源
815,記者署名
815,楊舒帆
815,完整新聞標題
815,睽違年抗荷成功滿場挺中華隊感動連勝
815,完整新聞內文
815,睽違年抗荷成功滿場挺中華隊感動連勝
815,年月日
815,記者楊舒帆台中報導
815,經典賽中華隊日對戰荷蘭，睽違年再度在洲際棒球場大出感動的抗荷戰役，在預
815,賽取得第勝保住晉級機會
815,中華隊曾在年同樣在洲際棒球場對抗荷蘭隊，先發投手王躍霖局就不穩保送連發，
815,留下出局滿壘局面，由潘威倫上場救火，雖然首名打者被擊出安打失分，但這也是
815,他全場唯安，最後中繼局無責失分
815,中華隊與荷蘭年又分在同組，這次卻留下失望的結果
815,雖然靠著張志豪開轟，振奮士
815,氣，但兩軍激戰局以比平手，最後陳鴻文投出再見保送留下遺憾
815,中華跟荷蘭不打不相識，本屆經典賽又同組，荷蘭組成陣容跟年相似，而且打線更升
815,級，中華隊投手群無懼大聯盟級打線，黃子鵬不穩後馬上換吳哲源登板止血，中繼
815,局無失分，李振昌陳冠宇接替失掉分，再換宋家豪登板解危
815,張育成連兩天開轟，
815,而且此戰在平手時轟出超前滿貫砲奠定勝基，成為致勝的英雄
815,////
815,完整新聞連結或短網址不可用等轉載媒體
815,////
815,備註
815,/
816,已發完
816,///
816,如題
816,今天打贏荷蘭
816,是誰
816,張育成台灣阿成世界偉人棒球總統
816,棒擊沈荷蘭
816,吳哲源局無失分
816,完美封鎖荷蘭
816,餅總調度果斷
816,有危機就換投
816,以上皆是
816,請投票
816,每人
817,太扯了吧
817,我明天要上班欸
817,這樣我沒辦法看到我最愛的中華隊了
817,主場的比賽不是都該晚上嗎
817,還是考量到後天要上班
818,張育成
818,當初嘲諷的回大家
818,總有天會為我鼓掌
818,神按在大家手上
818,結果今天大家不得不喝采
818,張育成
818,是不是先知
819,中華隊打擊不輸給歐美肌肉棒子
819,明天對古巴大概也波前進東京機會很大
819,有沒有人已經開始訂往東京機票了
819,卦
820,真沒想到中華隊可以連贏兩場
820,中華隊加油
820,明天就看你了
820,明天再贏
820,就是普天同慶了
820,我的要求不高
820,明天再贏場就行
820,雖然明天是古巴隊
820,我也知道
820,我們已經好久沒贏古巴了
821,最後就差四分
821,當時那隻滿貫不知道打下多少信心
821,印象中怎麼沒看過中華隊打過滿貫砲
821,陳金鋒是三分砲
821,還有人有嗎
822,張育成國防部長連續兩天都打全壘打
822,上場就是只會打全壘打
822,張育成是不是只會打全壘打啊
823,現在嘴巴閉的可緊了
823,尤其是今天
823,義大利也輸給巴拿馬
823,然後台灣贏過荷蘭
823,荷蘭可是四強等級的球隊
823,我就問
823,這樣還覺得
823,這隊國家代表隊贏不過中國代表隊嗎
823,當初有這種想法的根本蠢到爆好嗎
824,身為日球迷，
824,請問下我們現在是不是分組第
824,已經可以準備買東京機票了嗎
824,哲源實在很穩，根本王建民附身
824,爽
825,大家安安啦
825,昨天張育成從二兵直升國防部長
825,今天從國防部長直升三軍統帥
825,明天再轟全壘打
825,三軍統帥升上去是什麼
825,卦
826,曾被諷逃兵阿成張育成神預言為我鼓掌被讚爆
826,東森新聞實習編輯鍾淳渝
826,/////
826,////////_
826,中華隊昨晚在對上義大利的比賽中以比拿下本屆世界棒球經典賽首勝，這勝利可以說
826,是得來不易，中華隊路領先義大利至四局下，之後在兩局內被義大利追上甚至反超，多
826,虧六局下擔任第四棒的張育成轟出支兩分砲，助力中華隊追平分數，成功拉回全場氣勢
826,而這十分重要的擊二分砲，也被記錄在大聯盟官網上
826,////////_
826,大聯盟官方記者摩納根在官網報導中記錄這振奮人心的刻，義大利打
826,者在四局及五局口氣打出多支安打，以比反超中華隊
826,但旁的吉祥物啦啦隊及球
826,迷並不灰心，反而更加賣力地替選手加油打氣，中華隊選手感受到了這份來自全場觀眾的
826,愛，育成做到了，在第六局打出追回比分的分全壘打
826,這支替中華隊追回比數分砲也讓張育成成為國民英雄，洗先前因兵役問題引來的謾罵
826,質疑
826,張育成因為加入世界棒球經典賽台灣代表隊，而陷入兵役風波，當時他在限時
826,動態中寫下求神按手在每個人身上，總有天每個人定會為我鼓掌，神愛每個人
826,，這段話如今被球迷們翻出，驗證了他當時曾說過的話，
826,而張育成顯然也十分坦然看待兵役問題這件事，在昨晚的比賽上追平比分後，面對全場球
826,迷起身敬禮致敬，他也以敬禮姿勢回敬球迷以示慶祝，也十分期待今晚點對上荷蘭
826,隊的比賽可以再看到張育成的精彩表現
827,還好有張育成的滿貫砲
827,不然九局送家豪被打全壘打
827,就會變成平手
827,可能就要吃鍋貼了嗎
828,安安我日球迷啦
828,今天部長的全壘打讓我當場叫了出來
828,台灣棒球史上
828,國際賽哪隻全壘打讓你印象最深刻呢
828,有卦
829,阿根廷第場也是輸給弱隊
829,被罵暴說過譽了梅西老了之類的話
829,後來順利晉級八強最後殺入四強
829,我恐怖中華隊會不會先輸場
829,最後連贏三場晉級到下輪
829,這樣的劇本太美我都不敢想像
829,張育成台灣梅西
830,記得以前的中華隊面對外國人總是貧打，鳥安短打，好不容易選個保送下個又打雙
830,殺打
830,當大家快放棄的時候，偶爾有個人跳出來打個
830,當你以為有機會的時候，局突然又莫名奇妙落後了
830,最後半局反攻大家集氣，可能恰恰好不容易上壘，然後就吃鍋貼了
830,這次中華隊有堆全壘打長打
830,有保險分救援投手也沒雷
830,這次色違中華隊啊，跟我小時候看的中華隊不樣
831,如題，就是阿
831,中華隊大爆發二連勝
831,如果明天中華隊贏古巴的話
831,禮拜全國放假天有沒有搞頭
831,有卦
832,太瞎了吧
832,///
832,雖然只是繁體中文版而已，但這的維基百科頁面是誰去亂改的啊
833,今天早上發的文
833,目前已經到了第三階段認為輸第場只是隊伍狀態沒調整好
833,希望明天不要進入下個階段
833,順順利利的從頭領先到尾拜託
834,如果明天古巴勝中華隊，義大利勝荷蘭，
834,導致隊的戰績都是勝敗
834,中華還有機會能晉級八強嗎
835,結果中國隊勝敗
835,中華隊先後打敗義大利荷蘭暫列分組第
835,中華隊應該是能贏啦廠廠
836,我是原啦
836,非常恭喜中華隊/台灣隊/福爾摩沙隊/中華台北隊今天大勝荷蘭
836,俗話說得好，男子漢言既出駟馬難追
836,我說到就會做到
836,接下來年絕對不尻，當然也不做愛
836,如有違反，終生陽痿
836,天上的主/佛菩薩/玉皇大帝/阿拉/及其他看不見的存在見證
837,明天如果贏古巴
837,東京就是對到澳洲
837,打澳洲比打日本容易多了吧
837,中華隊是不是能舉進入史無前例的四強
838,中華隊訪問過程看起來很累了
838,記者還問題堆還是台灣記者
838,不讓中華隊早點回去休息
838,明早還要到球場備戰耶
838,有沒有記者臥底的卦
839,///
839,光芒真的很搞笑
839,去年張育成表現不差也放走
839,在此恭喜紅襪
839,此外
839,希望主委能重返大聯盟
839,中職球員這次表現不輸大聯盟
840,最近兩天中華隊都贏球
840,如果肥宅有進場看的話
840,是不是會讓肥宅大加分呢
841,中華隊力壓荷蘭搶勝陳建仁敬禮致敬選手繼續拚
841,記者陳家祥台北報導
841,年世界棒球經典賽再次回到台灣舉行小組賽，中華隊日晚間以比力壓荷蘭搶下
841,關鍵第勝，振奮全台球迷
841,行政院長陳建仁晚間也透過臉書做出敬禮手勢，不只是致敬
841,本屆打擊表現絕佳的張育成，也向所有這幾天在棒球場上，奮力求勝拚勁十足的台灣選
841,手們致敬，繼續加油
841,繼續拚
842,媒體來源
842,聯合新聞網
842,記者署名
842,廖炳棋
842,完整新聞標題
842,國際自由車環台賽明登場沿路賽點交通管制
842,完整新聞內文
842,///
842,▲年國際自由車環台公路大賽，日起在台灣舉辦，警政署公布賽程及路線，沿路將
842,有交通管制
842,記者廖炳棋/翻攝
842,年國際自由車環台公路大賽，將從月日至日分站舉行，今年賽事列為國際自由
842,車總會級頂尖賽事，為亞洲規模最大且具指標性的公路大賽，也是台灣舉辦
842,重要國際級運動賽會之，屆時將有來自全球個國家個頂級職業車隊或國家隊知名
842,職業明星選手約位菁英參賽
842,警政署指出，今年的競賽路線將自台北市揭開序幕後，由北向南進行各站競賽，各站競賽
842,時間地點如下
842,第站
842,台北市站
842,年
842,台北市仁愛路繞圈賽，全程公里
842,二第站
842,桃園市站
842,年
842,桃園市政府至桃園市復興區角板山公園
842,，全程公里
842,三第站
842,浪漫台三線站
842,年
842,新竹縣竹北市光明六路東段與高
842,鐵七路交岔口至台中市石岡旅客服務中心，全程公里
842,四第站
842,南投縣站
842,年
842,南投縣政府至日月潭向山遊客中心，
842,全程公里
842,五第站
842,高雄市站
842,年
842,佛光山佛陀紀念館至高雄國家體育場，
842,全程公里
842,警政署表示，為確保各站競賽賽道行車順暢，維護交通秩序及選手安全，已通報各相關警
842,察局落實執行交通管制勤務
842,特別呼籲用路人在各站賽會期間，隨時收聽警察廣播電臺路
842,況報導，配合提前改道行駛，避開競賽管制區域，並遵守賽道各路口員警指揮疏導，以免
842,增加管制區域周邊道路車流延滯及耽誤行車時間，共同維護交通順暢與賽事安全
842,環台賽相關活動資訊可上環台賽官方網站，或各站所轄警
842,察局全球資訊網站查詢
842,///
842,▲年國際自由車環台公路大賽，日起在台灣舉辦，警政署公布賽程及路線，沿路將
842,有交通管制
842,記者廖炳棋/翻攝
842,///
842,▲年國際自由車環台公路大賽，日起在台灣舉辦，警政署公布賽程及路線，沿路將
842,有交通管制
842,記者廖炳棋/翻攝
842,完整新聞連結或短網址不可用等轉載媒體
842,//////
842,備註
842,///
842,中華隊成員
842,張誌盛
842,劉恩杰
842,盧紹軒
842,馮俊凱
842,杜志豪
842,預祝能在阿凱的領軍之下得到好成績
842,/
843,備註請放最後面違者新聞文章刪除
843,媒體來源
843,聯合報
843,記者署名
843,蘇志畬
843,完整新聞標題
843,經典賽荷蘭賽程有利教頭可以調時差
843,完整新聞內文
843,世界棒球經典賽今天開打，荷蘭隊先打兩天午場後休兵天，再打兩場晚場，總教練穆倫斯
843,認證自家球隊賽程最佳，對我們有利，可以調整時差
843,荷蘭隊今天中午對決古巴隊，接下來依序交手巴拿馬中華隊義大利隊，對中華隊前還有
843,天休息，穆倫斯表示，前兩場與後兩場間的休兵日，可以透過這樣的調整去運用投手陣
843,容，最後兩天排出最好的陣容
843,荷蘭隊在官辦熱身賽二連敗，穆倫斯表示，球員目前還多少有受到時差影響，所以前兩天
843,打午場對我們比較有利，隨著時差慢慢調整，接下來打晚場我們會做好準備
843,穆倫斯認為組戰力十分平均，巴拿馬義大利都有大聯盟的球員，古巴也有許多現役及前
843,大聯盟好手，中華隊陣容年輕，但有來自世界各地打球的球員，我們必須要努力才能擊敗
843,其他隊伍
843,荷蘭隊陣中有名游擊手，西蒙斯葛瑞格里歐斯
843,波賈茲，如何安排位置是甜蜜負擔，穆倫斯表示，三人都是游擊
843,不二人選，但最終決定讓葛瑞格里歐斯守壘
843,完整新聞連結或短網址不可用等轉載媒體
843,///////
843,備註
843,時差問題影響這麼大喔，荷蘭今天晚場輸球，明天他們也是晚場，感覺他們不太妙欸，還是
843,因為中間休息天手感沒了
844,各位奶三十公分帥哥美女大家晚安大家豪ㄛ
844,就是阿小魯熊熊想到個好奇的問題想問問大家，
844,今天晚上中華隊碰上強敵荷蘭隊，以九比五擊敗荷蘭，恭喜中華隊
844,昨天對上義大利吃義大利麵吃鳳梨披薩，那對上古巴要吃甚麼
844,古巴對台灣來說太遙遠且陌生了，只能從新聞上聽到古巴號稱紅色閃電，
844,對古巴的了解只有強人卡斯楚棒球很強，其他風土名情就像個謎，
844,因為小魯連美洲都沒去過，更不用說古巴了，想問問看大家對上古巴要吃啥才有意義，
844,有沒有明天中華隊對上古巴隊，明天早餐要吃甚麼比較有代表意義的八卦啊
845,歷史上中華隊國際賽從未三連勝
845,加上今天投手已經用光了
845,明天剩下大多是輸巴拿馬的那幾位
845,再加上愛國球迷和跟風仔定下中華隊
845,明天古巴是不是就財富自由了
846,剛才在棒球板有看到球迷提到本屆中華隊的特色
846,就是史上最強打線最弱投手陣容組合起來的中華隊蹦出新滋味
846,鄉民認同嗎
846,有無八卦
847,備註請放最後面違者新聞文章刪除
847,媒體來源
847,東森新聞雲
847,記者署名
847,記者楊舒帆台中報導
847,完整新聞標題
847,中職林立躍升經典賽安打王證明中職打者站上國際賽
847,完整新聞內文
847,/////
847,記者楊舒帆台中報導
847,經典賽中華隊日對戰荷蘭，
847,目前累計支安點
847,躍升經典賽安打王，
847,他坦言，能晉中華隊就是肯定，證明自己，無形中代表中職
847,他
847,說，大家把最好的表現展現出來，做到自己該做的，對自己的肯定，達到目標是好的結
847,果
847,林立去年從外野調整到二壘，打擊表現亮眼打出生涯年，總計支安打分打點打
847,擊率成都是聯盟第，是中職的指標性打者，如今躍上國際舞台證明身手
847,林立表示，中職打者沒有太差，陳傑憲江坤宇都打很好，不管是攻守盡力表
847,現，能進中華隊就是肯定，有好表現就是證明自己
847,自己無形中代表中職，可以在國
847,際舞台上跟對方對抗，不是輕易能被解決的打者，也不會因為自己在中職就隨便，每次比
847,賽都保持纏鬥性，讓對方有壓力
847,談到打擊近況火燙，林立坦言，身為指定打者，教練安排這樣的角色，每次攻擊都要對球
847,隊也幫助，推進保送都很重要
847,後面就是棒，只要有上壘，子偉育成打起來有
847,破壞性，
847,投手會怕中心打者，
847,用速度壓迫他們，直球多點，可以好掌握的好球打，相信
847,隊友
847,從首戰落敗到連勝，團隊氣氛轉變，林立說，比賽有輸有贏，沒有絕對贏球的比賽，
847,輸球很懊惱，大家都想贏球
847,讓我們重新振作，今天是我們第二勝，
847,明天更關鍵
847,教練團交代球員，早睡早起好好比賽拿下勝利
847,/////
847,完整新聞連結或短網址不可用等轉載媒體
847,////
847,備註
848,棒球經典賽
848,伙食都是饗食天堂送巴費來該給古巴吃
848,主廚要準備什麼古巴吃了才會輸
848,有沒有卦
849,如提拉
849,是這樣的拉
849,今天中華隊喜迎連勝
849,是說
849,這個是不是很像灌籃高手的劇情
849,中華隊湘北
849,贏了最強的荷蘭山王
849,跟次強義大利豐玉
849,明天古巴有沒有可能是愛和
849,有沒有八卦
849,口~
850,大家好我半日球迷
850,我們都知道中華隊只要再打下古巴
850,就能拿下組第晉級八強
850,可是古巴是能輕取的對手嗎
850,以前印象中對上古巴隊雖然不見得定被痛宰
850,但是球風強悍取分不易
850,怎麼打古巴有沒有八卦
851,媒體來源
851,中時
851,記者署名
851,陳淑娥
851,完整新聞標題
851,祭品文
851,經典賽中華隊迎戰荷蘭江啟臣獲勝就在這發份雞排
851,完整新聞內文
851,世界棒球經典賽，中華隊昨晚以比力退義大利贏得首勝
851,中華隊今晚將迎戰荷蘭，立
851,委江啟臣在臉書發文表示，中華隊晚上若成功擊敗荷蘭，明天中午將在台中市府前廣場發放
851,雞排份，邀請大家集氣為選手們應援加油
851,昨晚中華隊以比力退義大利贏得首勝，江啟臣與發起人群實現祭品文承諾，今晚將
851,於新北戶外直播派對府中捷運站號出口發放雞排
851,今晚中華隊迎戰荷蘭，祭品文再加碼
851,江啟臣在臉書發文表示，今晚中華隊若成功擊敗荷蘭
851,，明天中午將在台中市府前廣場發放雞排份，邀請大家集氣為選手們應援加油
851,全壘打王林仲秋森林王子張泰山台中市成棒隊總教練鄭達鴻教練兼球員陽耀勳張正
851,偉也以行動響應，力挺中華健兒
851,江啟臣表示，歡迎有意願的朋友接龍作伙來加碼，同為
851,中華隊加油打氣
851,完整新聞連結或短網址不可用等轉載媒體
851,/////
851,備註
851,明天ㄘ雞排囉
852,巴拿馬真的是太強了
852,但是好像小組有兩個可以出現
852,巴拿馬要怎樣的操作
852,中華隊才會有機會晉級啊
852,不用第第二就好
852,有沒有卦
853,新聞來源三立
853,記者署名盧素梅
853,新聞標題台灣隊拿下第二勝蔡英文點將我們全隊都是台灣英雄
853,新聞內容
853,記者盧素梅台北報導
853,年世界棒球經典賽，中華隊繼昨日打敗義大利拿下首勝，今日晚間再度以比
853,力壓荷蘭搶下關鍵第勝，振奮全台球迷
853,總統蔡英文也在臉書發文，恭喜台灣隊拿下第二
853,勝
853,蔡英文表示，今晚的世界棒球經典賽，現場或螢幕前的台灣人，都在想吃什麼喝什麼配球
853,賽，才可以幫台灣英雄們更加油
853,蔡英文並表示，她也相信，現在台灣最熱門的手勢，定是向張育成致敬的敬禮
853,無論是林
853,立的威力沒有極限的陳傑憲，或是非常賽揚的吳哲源，我們全隊都是台灣英雄
853,蔡英文並謝謝展現台灣人對棒球的熱情，我們繼續加油捍衛主場
853,///
854,晚上打完贏球
854,帶著運動完疲憊但愉悅的心情
854,可以很甜的睡好睡滿快速恢復體力
854,而且肌肉記憶和士氣正在巔峰
854,反觀輸球的義大利
854,心情夠不好外隔天中午又要再對上巴拿馬
854,那個壓力想必體力恢復不好
854,雖然古巴今天休息了下
854,不過可能想說中華隊會輸給尼蘭
854,想必今天周六整天
854,都在跟來台的太太們跑去血拼及吃吃喝喝
854,晚上看到中華隊的表現
854,冰淇淋從嘴巴上掉下來
854,目前應該在床上瑟瑟發抖
854,輾轉難眠滾落床邊
855,前幾天場比賽創下單節四分還有半場最低分
855,然後聯盟主播就幽默表示恩恩連拿四分，輕輕鬆鬆兩個上籃就四分
855,癢癢癢癢癢癢表示堆
855,剛剛二兵變國防部長個滿貫砲四分
855,某球評就在限動表示太狠了~棒追平單節最低得分
855,怎麼會這樣自己臭自己聯盟呢
855,後來覺得這臭的殺傷力還蠻猛的會層層臭
855,臭了聯盟
855,臭了某隻單節四分球隊
855,臭了挺的粉絲你看看才不會單節四分咧
855,臭了那個罵二的理事長
855,有沒有球評臭自家的八卦
856,備註請放最後面違者新聞文章刪除
856,媒體來源
856,華視新聞
856,記者署名
856,柯芷筠綜合報導/日本
856,完整新聞標題
856,首支出局球隊
856,中國遭澳洲扣倒比提前結束比賽
856,完整新聞內文
856,//
856,世界棒球經典賽組，二連敗的中國隊，帶著不能輸的壓力迎戰澳洲隊，不過澳洲打線兇猛，單場狂打安，中國隊投手壓不住，提前在局比結束比賽
856,澳洲首局滿壘出局，靠著左外野二壘安打，口氣打回分，局下，又分別靠打回分
856,不過，中國在局有所回應，趁的暴投，三壘上的跑者跑回第分，隨後羅錦駿敲安打再打回分，中國單局追分
856,局下，澳洲口氣灌進分，拉開比分，的分砲，的連續安打，比數來到比
856,根據經典賽規定，預賽若局領先分或局領先分，比賽將提前結束
856,不給對手留活路的澳洲隊，局再添分，局先被保送，的二壘安打將送上三壘，無人出局的情況下，獲得故意四壞形成滿壘，但下棒的直接棒將球擊出，結束比賽，最終澳洲局領先分，讓中國提前被扣倒，吞下連敗，成爲本屆經典賽首支出局球隊
856,完整新聞連結或短網址不可用等轉載媒體
856,//////
856,備註
856,中國確定被淘汰
856,零勝中
857,台灣隊打敗荷蘭拿下第二勝賴清德嗨喊明天股作氣，前進東京
857,三立
857,年世界棒球經典賽，中華隊繼昨日打敗義大利拿下首勝，今日晚間再度以比
857,力壓荷蘭搶下關鍵第勝，振奮全台球迷
857,中華隊明天要再戰古巴隊，副總統賴清德也在臉
857,書喊，我們就延續這股氣勢，明天股作氣，前進東京
857,中華隊今晚對上荷蘭隊，中華隊二局開打，雖然開始以比落後，但是隨後靠串聯安打追
857,平比分，隨後輪到張育成打擊，場上正好滿壘，張育成不負眾望將球扛出外野，轟出發滿
857,貫砲
857,最後，中華隊以比力壓荷蘭搶下關鍵第勝
857,賴清德賽後在臉書發文表示，張育成擊出滿貫全壘打的時候，全台灣定都沸騰了
857,我們
857,就延續這股氣勢，明天股作氣，前進東京
857,台灣加油
857,///
858,怎麼不去嗆在現場喊的
858,啦啦隊不是還帶頭喊嗎
858,在八卦板怎麼沒人嗆
858,沒有去現場在網路上嗆啊
858,阿不是很愛嗆
858,台灣隊中華隊不就樣意思嗎
858,能不樣嗎
858,說台灣隊是他媽錯在哪
859,各位水水安安
859,各位帥帥安安
859,各位肥宅安安
859,大家好唷
859,小妹想要問問大家個問題
859,問問看唷
859,如果這次是在新竹棒球場比賽
859,聽說新竹棒球場是新蓋的
859,花了億元蓋的
859,如果在新竹比
859,不是比較好嗎
859,有木有更多相關的八卦呢
859,嘻嘻
860,各位水水安安
860,各位帥帥安安
860,各位肥宅安安
860,大家好唷
860,小妹想要問問大家個問題
860,問問看唷
860,這次比賽
860,今天比較爽還是昨天比較爽
860,昨天是逆轉勝贏了義大利
860,今天是大比數贏了荷蘭
860,以爽度來講
860,哪種比較爽呢
860,有木有更多相關的八卦呢
860,嘻嘻
861,看堆新聞說啥中華隊要晉級有兩條路
861,條路贏古巴，另條路
861,要是對古巴輸球，應該就不用談了吧
861,這不是很簡單的數學題嗎
861,還是說我少考慮了什麼
861,有沒有別種晉級可能的卦
861,稍微簡單地嘗試證明下
861,目前各球隊失分
861,荷蘭
861,古巴
861,義大利
861,巴拿馬
861,中華
861,如果古巴贏中華，
861,情況即便義大利贏荷蘭，形成五隊互咬
861,因為巴拿馬已經打完場，失分必定優於中華目前失分，所以排在中華前面
861,因為古巴贏中華，古巴四場總失分必定少於中華四場總失分，所以排在中華前面
861,情況若荷蘭贏義大利，荷蘭三勝晉級
861,中華古巴巴拿馬三隊互咬只能取，比對戰中華輸古巴也輸巴拿馬，淘汰
861,古
861,巴贏巴拿馬，所以古巴跟荷蘭起晉級
861,故中華輸古巴則必定淘汰
861,阿扁錯了嗎
862,育成被硬拉回台灣時說
862,你們有天會為我鼓掌
862,結果大家就鼓掌了
862,他會不會發文說我還是喜歡待在美國
862,結果就把中華隊整隊帶到美國待個五天四夜
863,汝題，小弟剛跟女同事起看完棒球賽，慶祝完中華隊贏球後現在正坐在公園裡的草地上休
863,息，目前我的手已經開始在揉了，預計等等會做愛，考慮到等等女同事會躺在草地上任我擺
863,佈，但不想讓草地上的土及小黑蚊褻瀆女同事的身體，而且我也怕小蟲蟲會爬進女同事裡面
863,，請問做愛前要做什麼防護措施呢
864,幹經歷第場失望
864,到現在又重燃希望
864,明天定要贏才能晉級欸
864,想到就緊張到睡不著
864,今年打擊這麼有料感覺有戲
864,可是熟悉的中華隊又是宿敵古巴還晚接午
864,總之希望明天順利
864,不過就算輸球今年真的已經表現很好無憾了
864,有人也興奮緊張到睡不著嗎
865,各位八卦肥宅瘦宅晚上好
865,現在的兩組開打
865,尼加拉瓜波多黎各
865,才開打小時已經第五局
865,這節奏是不是超舒服
865,神仙打架
865,///
865,笑死
866,新聞看看豬肉馬上就要漲了
866,再不漲豬農死片通通都不做豬肉了
866,到時市場不只沒雞蛋可吃連豬肉都沒了
866,再慘點連絞肉都沒了
866,明天中華隊輸古巴你連鍋貼都沒得吃看你怎麼辦
866,所以說政府硬要打壓原料物價是沒有意義的
866,該漲就得漲
866,館長那個燒肉飯如果還維持那種肉量的話
866,下波個人估計應該漲到~之間
866,比較能反映成本
866,我的看法啦
867,中華隊打荷蘭的比數是
867,剛好張育成敲了支滿貫砲
867,靠這支滿貫砲贏了分
867,如果沒有這支滿貫砲
867,不知道會不會戰成平手延長加賽
867,所以張育成算是贏荷蘭的最大功臣吧
868,先恭喜中華隊又獲勝啦
868,每次當日球隊就想到以前有場比賽深深震憾到我
868,就是八搶三的張誌家連續神牽制
868,///_
868,這種神級牽制當年是不是爆炸強
868,也有人當年這場比賽被張誌家驚到的嗎
869,今日新聞
869,記者詹鎰睿/綜合報導
869,中華隊爆打荷蘭
869,鳳梨護國冥燈再發威全網湧入致敬
869,知名網紅鳳梨吳泓逸熱愛在運動賽事上投注，面對這次世界棒球經典賽，他也沒有
869,缺席，結果連兩次都慘賠坐收，怎料，今日晚中華隊對上荷蘭的賽事，不到四局上半
869,就大比分領先對手，也讓他被封為護國冥燈
869,鳳梨稍早在臉書文崩潰寫下四局上半中華隊目前領先荷蘭我的心已經涼了我
869,真心懺悔自己的無知
869,他接著說，我不應該因為第戰與巴拿馬的疏失而背棄國家我
869,連續兩天義大利跟荷蘭已經得到應有的懲處
869,最後只好真心替中華隊加油
869,此外，鳳梨也
869,不斷在底下更新賽況與心情，了我已經準備前往火車站搶今晚住宿的位置了中華
869,隊加油
869,大家通通笑翻，紛紛對鳳梨表達敬意，謝謝叔叔犧牲自己，點亮無數眾生請你要下
869,哪隊提早講，你人救萬人，感恩
869,押對家，買新家屬薯有魔力，可以用念力
869,護國，繼續壓別國，當護國冥燈明天請不要下注中華隊
869,稍早，中華隊也成功以
869,的比數擊敗荷蘭，將在明天中午對決古巴
869,///
869,有去致敬的自己承認
869,不要阿平個個點名
870,欸欸
870,阿平我辣
870,想當年那個勝投就股票漲的年代
870,兩年勝也是年了
870,年跑壘受傷導致球季報銷之後
870,接著便大小傷勢不斷
870,大聯盟之路也開始跌跌撞撞
870,看起來傷勢影響表現很多
870,整體狀態下滑不少
870,怎麼時隔多年
870,年第三屆世界棒球經典賽
870,還能對澳洲日本都主投局無失分
870,雖然最終還是沒能重回大聯盟站穩先發
870,但是那麼多傷勢加上離巔峰那麼多年了
870,年的王建民為什麼還能這麼猛
870,卦
871,大家都覺得中荷戰主審在搞
871,個人是覺的正常發揮
871,裁判本來就會控制比賽
871,看看三幻神無腦亂吹裁判不舉也不意外
871,我倒比較在意最愛在重要體育賽事下廣告的斯斯這次怎麼都沒啥出現
871,有斯斯跟東森電視不合的八卦
872,原本的逃兵後來變成二兵
872,連尻全壘打關鍵打點
872,很多人說第二場之後變成國防部長
872,第三場之後變成五星上將
872,有沒有關於
872,張育成台灣阿成世界偉人棒球總統的八卦
872,實在太屌啦
873,國際盤剛剛已經開了
873,原本以為會是古巴讓分
873,台灣賠率居然比較低
873,有沒有卦
873,///
874,媒體來源
874,記者署名
874,林彥臣
874,完整新聞標題
874,總統蔡英文臉書恭喜台灣隊第二勝全隊都是台灣英雄
874,完整新聞內文
874,世界經典棒球賽第戰台荷大戰賽後，總統蔡英文也在臉書發文表示，恭喜台灣隊
874,拿下第二勝，大讚全隊都是台灣英雄，也呼籲所有國民繼續加油捍衛主場
874,蔡英文臉書指出，今晚的世界棒球經典賽，現場或螢幕前的台灣人，都在想吃什麼喝
874,什麼配球賽，才可以幫台灣英雄們更加油
874,蔡英文說，我也相信，現在台灣最熱門的手勢，定是向張育成致敬的敬禮
874,無論是林
874,立的威力沒有極限的陳傑憲，或是非常賽揚的吳哲源，我們全隊都是台灣英雄
874,蔡英文最後呼籲，謝謝
874,展現台灣人對棒球的熱情，我們繼續加油捍衛主
874,場
874,完整新聞連結或短網址不可用等轉載媒體
874,/////
875,你好
875,之前說運彩反著壓中華隊就會賺錢的說中華隊很爛很爛的請進
875,幹妳娘雞掰操祝你不得好死幹妳娘媽的王八蛋吃屎賤狗畜生渣混蛋
875,幹妳娘
876,欸欸
876,阿平我辣
876,現在中華隊連拿兩勝都還有人繼續噓
876,到底要怎模樣
876,才能停止八卦的噓文歪風
876,給我個面子
876,今天就別噓了吧
876,如何
876,卦
877,如題
877,現在中華隊大概已經全隊起床洗澡刷牙
877,準備吃早餐練球了吧
877,有沒有餅總今天要如何穿過巴巴的掛
878,備註請放最後面違者新聞文章刪除
878,媒體來源
878,記者署名
878,編輯王芊歷報導
878,完整新聞標題
878,炸裂義大利
878,蔡阿嘎變身襄蔡熱舞應援經典賽
878,完整新聞內文
878,世界棒球經典賽如火如荼進行中，中華隊昨日成功擊敗義大利奪下本屆賽事首勝後，今日晚間將準備對戰荷蘭，除了刺激的賽事之外，啦啦隊經典女孩中人氣最高的林襄以及峮峮亦成為國際焦點
878,對此，百萬網紅蔡阿嘎更化身襄蔡，為對手義大利荷蘭以及古巴加油，粉色制服造型讓網友笑翻
878,蔡阿嘎為台灣首位雙頻道飆破百萬訂閱的網紅，身為中華職棒多年球迷的他，曾自嘲自己是反指標，只要他打開電視或到場觀看的比賽，通通都會以輸局收場
878,隨著經典賽開打
878,人氣成員林襄於國外爆紅，蔡阿嘎也錄製了最強啦啦隊影片支援，不僅穿上粉色制服自稱襄蔡熱舞，還邊跳邊喊炸裂義大利起炸裂荷蘭隊炸裂古巴隊等
878,當中華隊成功擊敗義大利隊時，蔡阿嘎隨即發文祝賀，嘎哥就說了嘛，今天是襄蔡出馬，絕對能鎮住對手的
878,他今日更把自己的惡稿造型在超商三明治的包裝上，還擺出嘟嘴表情擺拍，笑稱為歡慶中華隊贏球，各大通路都不會不可能買不到喔我們保證沒有整顆草莓
878,對此，網友們紛紛留言，不行，畫面看完吃不下買不了包裝還可以貼門口，揪感心
878,襄蔡髮質要顧下啦嚇死我了還好我買的上面都沒有
878,完整新聞連結或短網址不可用等轉載媒體
878,////
878,備註
879,突然想到個問題
879,如果經典賽比賽到半
879,粉紅超跑白沙屯媽祖繞境指示要進去球場祈福怎辦
879,廟方跟信眾要買票嗎
879,老外主審會同意比賽暫停嗎
879,比賽規則有訂到這條台灣特有的情形的處理嗎
879,謝謝
880,現在時間洞六洞洞部隊起床
880,等等點要迎戰古巴
880,時光不等人趕快去練球了
881,如果真的要猜測的話
881,昨天晚上中華隊打到那麼晚
881,看得出來教練跟球員都很累了
881,應該算是氣力放盡了
881,今天馬上中午就要再打場硬仗
881,對手又是古巴
881,我們的投手應該瑟瑟發抖了
881,贏的機率不高
881,壓古巴隊獲勝應該會是比較合理的猜測
882,","
882,///
882,///
882,///
882,///
882,///_
882,///
882,就餓死抬頭
882,世界棒球經典賽近日開打，比賽之餘臺灣獨特的啦啦隊應援文化也成為球場焦
882,點
882,除了林襄登上日媒，吸引眾多日本粉絲外，由各職棒啦啦隊組成的經典女孩更是驚
882,豔各國，不只給選手們加打氣，也用活潑及熱情帶動了球場氣氛
882,台灣中華隊經典女孩啦啦隊也會起去
882,日本東京應援嗎
882,卦
883,自我有記憶以來
883,看過的中華隊
883,沒有不被古巴打爆的
883,不要說古巴，
883,日本跟韓國也是
883,所以中華隊根本不可能贏古巴
883,不知道八卦板怎麼看
884,比賽期間
884,小妹都不敢吃蛋
884,免得害中華隊得分掛蛋
884,應該有很多愛國球迷也是這樣吧
884,推論這段期間吃蛋量大減
884,應該不會缺蛋了
884,是不是只要中華隊繼續贏下去
884,就不會缺蛋了
885,欸欸欸
885,我說妳各位啊
885,今天是年月日
885,也就是中華隊對上古巴隊的日子
885,經歷得來不易的二連勝
885,大家鼓作氣好好為中華隊加油
885,學長就先拋磚引玉
885,讓大家好好來推文為中華隊集氣
885,今天至少五十個推因該不難
885,因此
885,學長我大膽斷言
885,今天因該沒人會噓了吧
885,那學長我先去吃烤總匯鮪魚蛋餅
885,大冰奶囉~~
885,等下中華隊對上古巴隊的時候
885,學長我再來檢查妳各位的推文
885,大家起加油
885,你們說好不好啊
885,嘻嘻
885,姆咪
885,~^_^~
886,媒體來源
886,新聞
886,記者署名
886,張柏源
886,完整新聞標題
886,經典賽再勝蔡英文讚全隊都是台灣英雄大家都在想吃什麼配球賽
886,完整新聞內文
886,世界棒球經典賽台灣隊延續擊敗義大利隊的氣勢再度打出漂亮仗，擊敗荷蘭隊拿下預賽
886,第勝
886,蔡英文總統在臉書發文台灣人都在想吃什麼喝什麼配球賽，才能幫台灣英雄
886,更加油
886,也謝謝展現台灣人對棒球的熱情，喊話我們繼續加油捍衛主場
886,世界棒球經典賽台灣隊日晚上與荷蘭交手有不能輸的壓力，還好旅美好手絕對忠誠
886,張育成局下敲出超前比數滿貫砲，棒打起球隊士氣，且連戰開轟，讓台灣主場球迷嗨
886,翻天，吳哲源中繼局好投，率隊以比拿下第勝
886,日若再勝古巴，就能前進東京
886,蔡英文寫道恭喜台灣隊拿下第二勝，現場或螢幕前的台灣人，都在想吃什麼喝什麼
886,配球賽，才可以幫台灣英雄們更加油
886,我也相信，現在台灣最熱門的手勢，定是向張育
886,成致敬的敬禮
886,無論是林立的威力沒有極限的陳傑憲，或是非常賽揚的吳哲源，我
886,們全隊都是台灣英雄
886,謝謝展現台灣人對棒球的熱情，我們繼續加油捍衛主
886,場
886,副總統賴清德也在臉書發文提到，張育成擊出滿貫全壘打的時候，全台灣定都沸騰了，
886,就延續這股氣勢股作氣前進東京
886,台灣加油
886,行政院長陳建仁則在
886,臉書公布張他在行政專機前向值勤官兵回禮的舉手禮照片，並透過臉書他向所有這幾天
886,在棒球場上，奮力求勝拚勁十足的台灣選手們致敬，高喊繼續加油
886,繼續拚
886,完整新聞連結或短網址不可用等轉載媒體
886,//////
886,備註
886,台湾队
886,请正名中华台北队
887,媒體來源
887,自由時報
887,記者署名
887,記者林岳甫台北報導
887,完整新聞標題
887,中午戰古巴
887,台灣運彩看好台灣連勝
887,完整新聞內文
887,台灣隊在世界棒球經典賽連續拿下兩場勝利，今天中午在台中洲際棒球場大戰紅色
887,閃電古巴，台灣運彩開盤則稍微看好台灣隊贏球，不讓分賠率低於古巴的
887,台灣隊週五對上義大利全場猛灌三轟，以力退義大利，終止跨屆連敗，本屆首
887,勝開張，昨晚靠著國防部長張育成轟出滿貫砲再以打敗強敵荷蘭，目前勝敗也
887,暫居分組第
887,台灣隊今天將是天堂地獄線之隔，贏古巴將鎖定分組第前進日本東京，輸球可能還
887,會變成分組最後
887,台灣今天將派出中職富邦悍將左投陳仕朋，古巴則是推上今年剛跟樂天
887,桃猿隊簽約的雷法
887,台灣運彩針對台古之戰開盤，不讓分賠率稍看好台灣，台灣不讓分獲勝賠率，古巴是
887,讓分盤方面，投注台灣賠率，古巴賠率
887,值得提的是，這
887,是台灣首戰對巴拿馬後，運彩再度看好台灣
887,//////////
887,台灣隊
887,資料照，記者廖耀東攝
887,完整新聞連結或短網址不可用等轉載媒體
887,/////
887,備註
888,大家想要自己支持的球隊獲勝時通常會獻上祭品
888,那如果有人說中華隊贏了就開放天二二八公園任人肛
888,這樣的祭品有用嗎
888,有沒有八卦
889,最近周遭朋友同事不管是資深球迷還是日迷
889,討論的時候幾乎都是稱中華隊
889,魯叔原本想政治正確講個台灣隊
889,結果發現現實生活都沒人這樣講
889,不曉得是不是這個詞曾經被消費搞臭了
889,有又脫離現實的八卦嗎
890,媒體來源
890,華視新聞
890,記者署名
890,陳奕寧羅大偉張智鈞
890,完整新聞標題
890,台式應援紅到國外
890,林襄登日本新聞封面照
890,完整新聞內文
890,世界棒球經典賽，中華隊昨日贏下義大利
890,現場經典女孩啦啦隊賣力應援，又唱
890,又跳帶動現場氣氛的甜美畫面，也紅到國外
890,不但登上日本和美國的新聞網站，日本媒體
890,更稱讚台灣啦啦隊的迷你裙，讓全場陷入瘋狂
890,青春洋溢大跳啦啦舞蹈，女孩們香噴噴的應援，動感帶動全場球迷跟著熱血沸騰，應援球
890,迷說轟出殺氣，我們要贏
890,場內比賽廝殺激烈，場邊的位
890,加油團也成為另類焦點，紅白藍相間的中空啦啦隊服展現活力，人氣成員林襄露肚臍的甜
890,美應援，更登上日本新聞網站封面照，日媒標題大讚台灣啦啦隊員，穿上迷你裙讓全場陷
890,入瘋狂，台灣獨特的啦啦隊文化紅到日本，日本頻道更捕捉到中華隊贏球後，啦
890,啦隊員們喜極而泣的畫面，底下不少日本網友都替台灣感到開心
890,瘋狂的球迷應援，連美國福斯新聞台都在推特出富邦應援團長，忘我的扶著欄杆用力搖
890,晃身體的模樣，還說好像是去參加最愛樂團的演唱會，台式應援躍上國際版面，不過在
890,張女孩們的合照裡卻被網友發現，咦怎麼有位經典賽啦啦隊員臉哀怨的在畫面角落，後
890,來本尊富邦啦啦隊的秀秀子也表示，合照成員都是中信啦啦隊員，所以自己才沒有跟著合
890,照啦，啦啦隊的舉動成為場邊看點，也推動更多人變成棒球迷
890,完整新聞連結或短網址不可用等轉載媒體
890,//////
890,備註
891,小弟看不懂棒球
891,但是身為台灣人
891,我定是站在中華隊這邊的
891,我昨天看中華隊
891,路領先
891,我相信他能保持這種氣勢
891,拿下連勝
891,應該很穩吧
892,這次的啦啦隊，除了林襄外
892,勉強再加個峮峮
892,相信剩下的人大部分都叫不出名字
892,///
892,///
892,聲量通通都在林襄身上
892,林襄的快樂夥伴們，心裡會很不是滋味嗎
893,年世界棒球賽強的時候
893,大師兄在八局下半出來敲了支三分全壘打
893,當時現場也是熱血沸騰媒體連播了三天
893,跟昨天昨天張育成比起來誰比較震撼
893,有沒有八卦
894,如題
894,中華隊昨晚力克荷蘭隊
894,昨晚比賽也是直持續到點多
894,很多人加油支持完回到家裡整理好要睡覺都已經三四點了
894,照理來說星期天是很多人定都要睡到下午兩三點的
894,賽程這樣安排是要叫球迷怎麼起床支持
894,這樣的賽程安排對於支持的球迷來說是不是很硬
894,_
895,小魯高雄處辣
895,昨天看棒球不意外中華隊又贏了
895,畢竟下午看到則新聞
895,中華英雄台灣之光高雄驕傲統四爺陳傑憲
895,已經暗示說要從東京路玩到邁阿密
895,不可能是自己請假搭機去吧
895,定是表示接下來比賽順風順水從台灣晉級到日本再出線去邁阿密
895,只是不能明說只能用暗示的畢竟是職業球員
895,讓我賺了兩天中華不讓高賠嘻嘻
895,接下來直到邁阿密大家都知道該怎麼買吧
895,有沒有四爺大爆雷要氣死運彩的卦
896,最近中華隊打的不錯
896,今天又是關鍵戰
896,看電視上的熱血氣氛想去體驗下
896,剛好新竹有啦啦隊等等的炒熱氣氛
896,想說中午天氣不錯
896,沒事想去新竹的直播派對
896,但小弟邊緣人
896,想問問個人去直播派對會很怪嗎
897,看新聞
897,王建民是這次經典賽中華隊的投手教練
897,奇怪怎麼電視轉播都沒他的鏡頭
897,或是看到他上場去投手指示什麼的
897,請問有八卦嗎
897,謝謝
898,經典賽台灣勝荷蘭總統繼續加油捍衛主場
898,中央社
898,中央社記者林克倫台北日電世界棒球經典賽台灣隊延續氣勢，擊敗荷蘭隊拿下預賽第
898,勝
898,總統蔡英文在臉書發文說台灣人都在想吃什麼喝什麼配球賽，才能幫台灣英雄更加
898,油
898,也謝謝展現台灣人對棒球的熱情，我們繼續加油捍衛主場
898,世界棒球經典賽台灣隊昨天晚上與荷蘭交手，絕對忠誠張育成連戰開轟，滿貫砲棒
898,打起球隊士氣，吳哲源中繼局好投，率隊以比拿下第勝
898,日若再勝古巴，就能前進
898,東京
898,蔡總統昨晚在臉書發文，恭喜台灣隊拿下第勝
898,她指出，晚上的世界棒球經典賽，現場或
898,螢幕前的台灣人，都在想吃什麼喝什麼配球賽，才可以幫台灣英雄們更加油
898,總統說，她相信，現在台灣最熱門手勢，定是向張育成致敬的敬禮手勢
898,無論是林立的威
898,力沒有極限的陳傑憲，或是非常賽揚的吳哲源，我們全隊都是台灣英雄
898,總統感謝展現台灣人對棒球的熱情，我們繼續加油捍衛主場
898,副總統賴清德也透過臉書發文說，張育成擊出滿貫全壘打的時候，全台灣定都沸騰了，
898,我們就延續這股氣勢，明天股作氣，前進東京
898,台灣加油
898,行政院長陳建仁則在臉書公布張他在行政專機前向值勤官兵回禮的舉手禮照片，並發文說
898,，他向所有這幾天在棒球場上，奮力求勝拚勁十足的台灣選手們致敬，繼續加油
898,繼續
898,拚
898,編輯施施
898,///
898,淺藍
898,中立
898,中央电视
898,中央日報
898,中時
898,中天
898,中視
898,聯合
899,欸欸
899,就是呀
899,昨天有人發祭品文
899,就是如果中華隊贏~到明年就都不能尻尻
899,結果中華隊贏了~~
899,那很好奇呀~
899,今天中華隊也有比賽
899,鄉民又該拿什麼當祭品才能超越昨天呀
899,有沒有八卦
900,這幾天中華隊的表現亮眼
900,但箱箱對於中華隊，還停留在王建民陳金鋒的時期
900,認真問，這次中華隊你知道誰的名字
901,查了資料真的很生氣
901,臺灣這幾場的比賽球場
901,都只經過幾百萬的整修
901,就讓組各國選手使用
901,想想這些隊伍裡面
901,有各自國家的職業球隊
901,甚至還有小聯盟
901,乃至於大聯盟成員
901,在自己國家丟臉沒關係
901,現在根本是丟臉丟到國外去了
901,為何這次不啟用最頂的
901,花了億蓋的新竹棒球場
901,怒
901,可憐吶
902,文，經典賽開打，祝福台灣隊
902,結果第仗中華隊輸球
902,文，恭喜台灣隊拿下第二勝
902,第四仗
902,接下來輸贏很清楚了
902,要蹭就從頭蹭到尾，
902,不要只有贏球才出來，輸球就躲不見人
902,難道戰爭只有打贏時才需要精神喊話，
902,劣勢更需要精神喊話
903,如標題
903,我鄰居女博士
903,平常完全不在意台灣體育運動
903,結果今天居然發文慶祝經典賽中華隊贏了
903,蹭成這樣我覺得很噁心
903,有卦嗎
904,啊肥我不是說贏錢很穩啦
904,指的是心態
904,中華隊贏，晉級，爽
904,古巴隊贏，贏錢，爽
904,所以今天運彩下古巴
904,心態是不是很穩
905,備註請放最後面違者新聞文章刪除
905,媒體來源
905,自由時報
905,記者署名
905,記者蔡思培台北報導
905,完整新聞標題
905,經典賽打贏古巴前進東京蔣萬安喊贏球發份雞排
905,完整新聞內文
905,記者蔡思培台北報導經典賽台灣隊昨以擊敗荷蘭隊，奪下連勝，今天中午則
905,對上古巴隊
905,就要發
905,份雞排
905,蔣萬安今天在臉書發文表示，台灣隊前進東京就差這勝，今天中午點對上古巴的比賽
905,是晉級複賽的關鍵役，必需贏下
905,蔣提醒有空的朋友觀看比賽直播，繼續為台灣隊集氣
905,蔣萬安也表示，如果今天贏下古巴順利前往東京，他就發放份雞排慶祝，蔣也打
905,出好想贏古巴標記
905,蔣萬安上午出席國際自由車環台賽活動也笑稱，等下要找機會喝古巴咖啡，把
905,它喝爆
905,，台灣隊定要打贏古巴前進東京
905,蔣萬安也說，昨天比賽時在行程當中，
905,但張育成打出的滿貫砲讓他快要掉淚
905,被問起中華隊日前對上義大利，是否有吃義大利麵，蔣萬安聽到大笑，並表示只有看比賽
905,轉播，但昨天很多人都吃荷包蛋
905,完整新聞連結或短網址不可用等轉載媒體
905,/////
905,備註
905,祭品文來了
906,張育成分砲
906,全場球迷敬禮軍聞社國防部長還沒換人
906,記者黃韻文/綜合報導
906,中華隊在世界棒球經典賽再下城，昨晚以勝荷蘭，讓全台球迷燃起爭晉級的
906,希望
906,沒讓台灣民眾等太久，中華隊在局下打線就發威，繼林立敲出安打追平第分，
906,國防部長張育成更是炸裂，隨即轟出滿貫分砲，將壘上跑者全送回家，棒豪取分
906,，開賽不久便取得比大幅領先，現場士氣攀升至高點
906,全場萬球迷激動到起身敬禮，
906,國防部軍聞社粉專還特地發文提醒國防部長還沒換人
906,中華隊日迎戰義大利，由絕對忠誠張育成在局敲出關鍵的追平轟，沒想到不僅如
906,此，在昨晚與荷蘭的背水戰中，張育成在局下立刻轟出滿貫分砲，全台民眾情緒沸騰
906,到最高點
906,每次張育成都會向場上球迷敬禮，此舉還引發國際媒體專注，不少人也好
906,奇為何張育成會被稱為國防部長
906,由於張育成在年亞錦賽過後取得天補充兵資格，在年服完天補充兵後，被體
906,育署列為列管球員，接下來年必須配合國際賽集訓和比賽，但去年底傳出張育成想婉拒
906,中華隊徵召，因此被球迷開酸是逃兵，雖然張育成最後還是投入集訓，但只是從逃
906,兵變二兵，而個性開朗的張育成也大方自嘲，此後只要上壘就向球迷敬禮表示永
906,遠忠誠，在平轟滿貫砲之下，短短兩天成為全台網友佩服的五星上將國防部
906,長
906,在昨日對荷蘭疫中，張育成記中外野全壘打，在眾人見證下達成分滿貫砲，
906,讓中華隊原追平比分大幅超前，在局下便領先荷蘭，不僅張育成向球迷招牌敬禮，全
906,場萬球迷也激動的向張育成敬禮
906,軍事新聞通訊社粉專在第時間發文向中華隊致
906,敬，並且溫馨提醒國防部長還沒換人，說法笑翻全網
906,軍聞社貼文引發網友熱烈討論因為今天太晚了，明天才會舉辦國防部長交接典禮
906,話說現在國防部長是誰
906,完全不知道國防部長是昨天現在是三軍統帥了，網
906,友片誇讚軍聞社蹭得好給過，不過稍早國防部軍聞社已編輯原貼文，強調
906,國防部長仍堅守崗位
906,/////
906,國防部軍聞社粉專還特地發文提醒國防部長還沒換人
907,經典賽晉級第二條路如同死巷中華隊拚強只能贏古巴
907,聯合報記者陳宛晶台中報導
907,中華隊在經典賽首戰滑鐵盧後步步走回正軌，兩勝在手，握有自力前進八強複賽的機會，今
907,天只要擊敗古巴隊，就將以Ａ組第前進東京
907,但若不幸輸球，就算義大利隊幫忙打敗
907,荷蘭隊，晉級希望依然渺茫
907,巴拿馬隊從資格賽闖關，率先完成分組賽驚奇取得二勝二敗，接下來要視其他對戰結果決定
907,命運
907,總教練歐提茲肯定選手表現，球隊表現真的非常優異，我們來到這裡，就是希望可
907,以贏下幾場比賽，改變國人對棒球的想法
907,我們有好選手，也證明了這點
907,巴拿馬能否前進八強，命運牽繫在今天Ａ組最終日戰況，歐提茲的語氣中透露選手對於晉級
907,的期待與信心，他們問我，明天幾點練球
907,今天中午十二點中華隊與古巴之戰，晚間七點由荷蘭與義大利過招，中華隊的第條晉級路
907,線為自己贏球，就將確定以三勝敗分組第晉級，在八強單淘汰賽碰上Ｂ組第二
907,若中華隊不幸輸給古巴，就必須寄望晚場義大利打敗荷蘭，將形成五隊都是二勝二敗的大亂
907,鬥，需比較所有場次的失分率決定晉級球隊，然而只要牽扯到巴拿馬比較失分率，對中華
907,隊就相當不利，因為該役被爆打了十二分輸球，目前失分率遠高於其他四隊
907,中華隊看似有兩條晉級路線，但其實第二條路如同死巷，只剩數學機率尚未歸零，中華隊擊
907,敗古巴形同唯活路
907,//////
908,媒體來源
908,記者署名記者陳立勳台中報導
908,完整新聞標題中華隊背水戰勝荷蘭想晉級強有兩條路
908,完整新聞內文
908,年經典賽日晚間中華隊背水戰，比成功擊敗荷蘭，如果想要晉級強，將會有
908,兩條路徑
908,今天中華隊贏球之後，明天中華隊中午將對上勝敗的古巴，只要能夠贏球，戰績會變成
908,勝敗，無論明天荷蘭贏義大利或是輸義大利，中華隊將以組第晉級強，前進日本東
908,京巨蛋
908,如果明天中華隊輸給古巴，中華隊想要晉級，必須晚場義大利要打敗荷蘭，屆時隊戰績
908,都會同為勝敗，必須要比較隊失分率
908,，取出組前名晉級強，但由於中華隊首戰被巴
908,拿馬打了分，
908,比較失分率將會對中華隊相當不利
908,，如果失分率都相同，之後再比防禦率
908,較低打擊率較高，最後才是抽籤決定
908,完整新聞連結或短網址
908,////
908,備註
909,很高興我們中華隊先敗後勝
909,只差今天中午過三關
909,好奇萬有機會去邁阿密
909,打得贏
909,美墨中南美
909,強力打者力量這種的
909,或者動輒火球以上嗎歐
909,有掛不
910,大家好，
910,小弟中午吃三碗滷肉飯苦瓜排骨湯，
910,德國人不愛打棒球嗎
910,好想看到他們在對上以色列，
910,觀眾席出現元首二戰三神將的圖像，
910,納粹旗跟觀眾的吶喊起飄蕩，
910,是不是很熱血
910,比賽是不是很好看
911,拜託下
911,現在中華隊已經二連勝了
911,勢不可擋
911,棒頭正熱
911,還是連過海明星隊的義大利荷蘭
911,現在對上小小古巴
911,我想不到任何可能會輸
911,只剩下血洗古巴這條路
911,所以能先恭喜中華隊
911,睽違十年再度闖入八強
911,重返東京了嗎
912,世界棒球經典賽
912,臺灣古巴
912,臺灣
912,臺灣可否拿下三連勝拿分組第
912,古巴是否再度摳鬥中華隊
912,今天的贏球關鍵是
912,投手群打者群
912,啦啦隊字馬別國教練驚嚇的主場觀眾
912,今天是否連三次猜中最接近比賽結果
912,你今天中餐吃甚麼
912,古巴三明治
912,為增加看球樂趣
912,第個猜中勝隊跟最接近比數者
912,第二個猜中勝隊跟最接近比數者
912,第個猜中兩隊今天全壘打打者
912,人推才算噓跟箭頭不算到比賽第二局結束為止
912,我先猜臺灣古巴張育成
913,捏我阿肥啦
913,阿肥人稱日球迷，剛剛看直播為什麼人家古巴是放國歌，台灣放的是奧會歌
913,蛤
913,自己降低國格噎
913,嘻嘻
914,比賽快開始惹先發個篇
914,"第場敗給跟賭魔有交情的國家,沒想到就陷入後面都非贏不可,不然回去打中辜"
914,"的局面,"
914,"遇到荷蘭,輸就無法晉級贏了,結果遇到古巴,輸了還是無法晉級這麼苦"
914,"四場都買洲際現場票的觀眾,看得爽嗎"
915,看了各種分析
915,灣灣這場打老古，贏球就幾乎是分組第晉級
915,分組晉級去日本高機率打澳洲，幾乎四強去美國門票到手，這批中華隊可以直接稱史上最強，總仔也能稱神
915,輸球就幾乎小組墊底，還要從資格賽開始打，直接被稱史上最失望中華隊，教練直接變史上最爛
915,這場比賽有多刺激，是不是堪稱冠軍賽
916,媒體來源自由時報
916,新聞日期//
916,記者署名張聰秋
916,新聞標題爽
916,台灣隊氣走荷蘭彰縣府送碗爌肉飯碗肉圓現人龍
916,新聞內文
916,記者張聰秋彰化報導爽
916,世界棒球經典賽組預賽，昨晚台灣隊對決荷蘭，以比
916,讓荷蘭吞下首敗，獲得第場勝利，彰化縣政府大放送，今天中午在縣府廣場前送出碗
916,爌肉飯和碗肉圓，中午點準時發放爌肉飯，點分發放肉圓，上午排隊人龍湧現
916,，有民眾點不到就來排隊
916,縣府力挺台灣健兒，今天中午繼續在縣府廣場直播台灣迎戰古巴，並兌現承諾，同步在縣
916,府廣場發送爌肉飯和肉圓，不少民眾提前來排隊，民眾說，跟著台灣隊沾光，吃免費的當
916,然不能錯過
916,請繼續往下閱讀
916,搶到頭香的彰化市婦人帶著媽媽來排隊，她說，行動為台灣隊集氣加油
916,也有民眾表示，
916,看直播吃肉圓，不僅有參與感，更盼台灣隊打進東京，為國家爭光
916,縣府說，直播和送美食，無非就是要讓能台灣隊加油打氣，發揮主場優勢，期望今天能夠
916,打敗古巴，晉級成功
916,為台灣隊集氣加油，彰化縣政府今天中午在縣府廣場發送爌肉飯和肉圓
916,記者張聰秋攝
916,彰化市婦人左帶著媽媽搶到頭香，她說，行動力挺台灣健兒
916,記者張聰秋攝
916,彰化縣政府今天中午在府前廣場直播台灣迎戰古巴
916,記者張聰秋攝
916,排隊人龍在彰化縣政府廣場綿延
916,記者張聰秋攝
916,彰化縣政府今天中午在府前廣場發送肉圓，力挺台灣前進東京
916,記者張聰秋攝
916,新聞連結
916,/////
916,發揮主場優勢，期望今天能夠打敗古巴，晉級成功
917,本魯昨天無聊看到新聞，說中華隊打贏了荷蘭，覺得很不錯，就想要幫中華隊加油下，可是突然發現，整個中華隊，除了啦啦隊的林襄外，沒半個認識的，根本不知道要幫誰加油，大家會不會也是這樣啊
917,除了林襄，中華隊其他人好像都沒什麼存在感
917,大家覺得呢
918,過幾天後想去東京幫中華隊加油
918,想先了解東京巨蛋附近的狀況
918,不知道各位怎麼看
919,隔
919,壁兩隻警衛睡得正爽
919,被小弟叫起來吃飯
919,兩位都有起床氣
919,///
919,///
919,看了下餐盤卻都沒動
919,警衛都沒睡飽
919,難道中華隊就有睡飽嗎
919,誰排的爛賽程
919,如果害中華隊沒力氣
919,坐商務艙去東京怎麼辦
919,昨天那幾個根本有買對吧
919,今天的主審及其他好好判阿
919,不然這新來的工讀生
919,性格火爆
919,///
919,我怕他氣起來誰都擋不住啊
919,有誰知道中華隊有沒有睡飽阿
920,這次經典賽
920,第場我開電視看中華隊
920,然後輸了
920,後面兩場我電視連開都沒開
920,結果都贏了
920,今天是假日
920,我到底要不要開電視看比賽阿
921,中華隊對上古巴隊
921,無論主客誰勝
921,賠率都不超過
921,這樣贏率都不及丟硬幣
921,有誰會買啊
921,獎金超過，還要被課的稅
922,如題
922,大家以為前幾天中華隊表現好了
922,結果來個中華隊招牌失誤馬上掉分
922,結局應該是讓大家爽兩天然後去打資格賽
922,熟悉的中華隊是不是只是遲到不會缺席
922,有沒有八卦
923,欸欸才第局就失分是怎樣
923,直被敲耶好扯
923,唉，中華隊投手怎麼都這個鳥樣
923,真的不行耶
923,平常基本功不足
923,是不是沒在重訓啊
924,//////
924,台灣今天對古巴關鍵戰役總統閣揆大聲加油
924,自由時報
924,記者陳鳳麗南投報導世界棒球經典賽，台灣隊中午出戰古巴隊，總統蔡英文行政院
924,長陳建仁，今天到南投縣草屯鎮都為台灣隊連續贏得兩場勝利顯得十開心，為中午的台灣古
924,巴之戰，很少回應媒體問題的蔡總統難得的振臂大聲加油，陳建仁院長也請全國同胞集氣加
924,油，讓台灣球隊前進日本東京參加八強賽
924,蔡英文總統和行政院長陳建仁，今天在鳥嘴潭植樹活動，兩人昨晚都有為台灣贏了荷蘭隊在
924,臉書文，陳建仁今天說，昨晚全程看完台灣對荷蘭比賽，中午台灣再戰古巴隊，攸關能否
924,拿到進八強賽的門票，他請全國同胞起集氣同聲加油
924,蔡英文總統也在植樹結束後，被媒體邀請為中華隊加油，開心的振臂高喊中華隊加油
925,在這邊先恭喜古巴
925,屌打中華隊
925,中華隊這屆雖然再度無緣八強
925,但前兩場都打出超常水準
925,我覺得跟經典賽樣精彩了
925,大家資格賽見
926,謝謝中華隊今年表現
926,應該已經算及格了吧
926,當然不包含排賽程的單位
926,連三戰還晚接午真是好個地主優勢
927,中華隊繼續待在台灣
927,兩勝吹十年
927,恭喜古巴晉級
927,咱們要跟祖國同胞起止步小組賽
928,古巴
928,兩分砲
928,才第局
928,就
928,中華隊該何去何從
928,會不會被扣倒
929,彈力球還配堆高球
929,對手堆右打還派軟投被打爆
929,要重複當年複賽被古巴打爆的慘案了嗎
930,如題
930,每場至少分起跳的中華隊
930,才分而已輕輕鬆鬆吧
930,下個半局炸支大的就逆轉了對吧
930,對吧
930,幹不要給我出事啊
930,嗚嗚嗚嗚
930,我不想再吃鍋貼了
930,再來次年的慘案我會哭喔
930,"樓下每推""古巴去打資格賽啦幹""發"
930,中華隊輸球發樓
930,贏球發到沒錢啦幹
930,關於醫科的問題我律建議重考牙醫
930,關於陽明的問題我律建議重考台大
930,推
930,古巴去打資格賽啦幹
930,/
930,推
930,古巴去打資格賽啦幹
930,/
930,推
930,古巴去打資格賽啦幹
930,/
930,推
930,古巴去打資格賽啦幹
930,/
930,推
930,古巴去打資格賽啦幹
930,/
930,推
930,古巴去打資格賽啦幹
930,/
930,推
930,古巴去打資格賽啦
930,/
930,推
930,古巴去打資格賽啦幹
930,/
930,推
930,古巴去打資格賽啦幹
930,/
930,推
930,古巴去打資格賽啦幹
930,/
930,推
930,古巴去打資格賽啦幹
930,/
930,推
930,古巴去打資格賽啦幹
930,/
930,推
930,古巴去打資格賽啦幹
930,/
930,推
930,古巴去打資格賽啦幹
930,/
930,推
930,古巴去打資格賽啦幹
930,/
930,推
930,古巴去打資格賽啦幹
930,/
930,推
930,古巴去打資格賽啦幹
930,/
930,推
930,古巴去打資格賽啦幹
930,/
930,推
930,古巴去打資格賽啦幹
930,/
930,推
930,古巴去打資格賽啦幹
930,/
930,推
930,古巴去打資格賽啦幹
930,/
930,推
930,古巴去打資格賽啦幹
930,/
930,推
930,古巴去打資格賽啦幹
930,/
930,推
930,古巴去打資格賽啦幹
930,/
930,推
930,古巴去打資格賽啦幹
930,/
930,推
930,古巴去打資格賽啦幹
930,/
930,推
930,古巴去打資格賽啦幹
930,/
930,推
930,古巴去打資格賽啦幹
930,/
930,推
930,古巴去打資格賽啦幹
930,/
930,推
930,古巴去打資格賽啦幹
930,/
930,推
930,古巴去打資格賽啦幹
930,/
930,推
930,古巴去打資格賽啦幹
930,/
930,推
930,古巴去打資格賽啦幹
930,/
930,推
930,古巴去打資格賽啦幹
930,/
930,推
930,古巴去打資格賽啦幹
930,/
930,推
930,古巴去打資格賽啦幹
930,/
930,推
930,古巴去打資格賽啦幹
930,/
930,推
930,古巴去打資格賽啦幹
930,/
930,推
930,古巴去打資格賽啦幹
930,/
930,推
930,古巴去打資格賽啦幹
930,/
930,推
930,古巴去打資格賽啦幹
930,/
930,推
930,古巴去打資格賽啦幹
930,/
930,推
930,古巴去打資格賽啦幹
930,/
930,推
930,古巴去打資格賽啦幹
930,/
930,推
930,古巴去打資格賽啦幹
930,/
930,推
930,古巴去打資格賽啦幹
930,/
930,推
930,古巴去打資格賽啦幹
930,/
930,推
930,古巴去打資格賽啦幹
930,/
930,推
930,古巴去打資格賽啦幹
930,/
930,推
930,古巴去打資格賽啦幹
930,/
930,推
930,古巴去打資格賽啦幹
930,/
930,推
930,古巴去打資格賽啦幹
930,/
930,推
930,古巴去打資格賽啦幹
930,/
930,推
930,古巴去打資格賽啦幹
930,/
930,推
930,古巴去打資格賽啦幹
930,/
930,推
930,古巴去打資格賽啦幹
930,/
930,推
930,古巴去打資格賽啦幹
930,/
930,推
930,古巴去打資格賽啦幹
930,/
930,推
930,古巴去打資格賽啦幹
930,/
930,推
930,古巴去打資格賽啦幹
930,/
930,推
930,古巴去打資格賽啦幹
930,/
930,推
930,古巴去打資格賽啦幹
930,/
930,推
930,古巴去打資格賽啦幹
930,/
930,推
930,古巴去打資格賽啦幹
930,/
930,推
930,古巴去打資格賽啦幹
930,/
930,推
930,古巴去打資格賽啦幹
930,/
930,推
930,古巴去打資格賽啦幹
930,/
930,推
930,古巴去打資格賽啦幹
930,/
930,推
930,古巴去打資格賽啦幹
930,/
930,推
930,古巴去打資格賽啦幹
930,/
930,推
930,古巴去打資格賽啦幹
930,/
930,推
930,古巴去打資格賽啦幹
930,/
930,推
930,古巴去打資格賽啦幹
930,/
930,推
930,古巴去打資格賽啦幹
930,/
930,推
930,古巴去打資格賽啦幹
930,/
930,推
930,古巴去打資格賽啦幹
930,/
930,推
930,古巴去打資格賽啦幹
930,/
930,推
930,古巴去打資格賽啦幹
930,/
930,推
930,古巴去打資格賽啦幹
930,/
930,推
930,古巴去打資格賽啦幹
930,/
930,推
930,古巴去打資格賽啦幹
930,/
930,推
930,古巴去打資格賽啦幹
930,/
930,推
930,古巴去打資格賽啦幹
930,/
930,推
930,古巴去打資格賽啦幹
930,/
930,推
930,古巴去打資格賽啦幹
930,/
930,推
930,古巴去打資格賽啦幹
930,/
930,推
930,古巴去打資格賽啦幹
930,/
930,推
930,古巴去打資格賽啦幹
930,/
930,推
930,古巴去打資格賽啦幹
930,/
930,推
930,古巴去打資格賽啦幹
930,/
930,推
930,古巴去打資格賽啦幹
930,/
930,推
930,古巴去打資格賽啦幹
930,/
930,推
930,古巴去打資格賽啦幹
930,/
930,推
930,古巴去打資格賽啦幹
930,/
930,推
930,古巴去打資格賽啦幹
930,/
930,推
930,古巴去打資格賽啦幹台灣加油
930,/
930,推
930,古巴去打資格賽啦幹
930,/
930,推
930,古巴去打資格賽啦幹
930,/
930,推
930,古巴去打資格賽啦幹
930,/
930,推
930,古巴去打資格賽啦幹加油加油
930,/
930,推
930,古巴去打資格賽啦幹
930,/
930,推
930,古巴去打資格賽啦幹
930,/
930,推
930,古巴去打資格賽啦幹
930,/
930,推
930,古巴去打資格賽啦幹
930,/
930,推
930,古巴去打資格賽啦幹
930,/
930,推
930,古巴去打資格賽啦幹
930,/
930,推
930,古巴去打資格賽啦幹
930,/
930,推
930,古巴去打資格賽啦幹
930,/
930,推
930,古巴去打資格賽啦幹
930,/
930,推
930,古巴去打資格賽啦幹
930,/
930,推
930,古巴去打資格賽啦幹
930,/
930,推
930,古巴去打資格賽啦幹
930,/
930,推
930,古巴去打資格賽啦幹
930,/
930,推
930,古巴去打資格賽啦幹
930,/
930,推
930,古巴去打資格賽啦幹
930,/
930,推
930,古巴去打資格賽啦幹
930,/
930,推
930,古巴去打資格賽啦幹
930,/
930,推
930,古巴去打資格賽啦幹
930,/
930,推
930,古巴去打資格賽啦幹
930,/
930,推
930,古巴去打資格賽啦幹
930,/
930,推
930,古巴去打資格賽啦幹
930,/
930,推
930,古巴去打資格賽啦幹
930,/
930,推
930,古巴去打資格賽啦幹
930,/
930,推
930,古巴去打資格賽啦幹
930,/
930,推
930,"古巴去打資格賽啦幹"""
930,/
930,推
930,古巴去打資格賽啦幹
930,/
930,推
930,古巴去打資格賽啦幹
930,/
930,推
930,古巴去打資格賽啦幹
930,/
930,推
930,古巴去打資格賽啦幹
930,/
930,推
930,古巴去打資格賽啦幹
930,/
930,推
930,古巴去打資格賽啦幹
930,/
930,推
930,古巴去打資格賽啦幹
930,/
930,推
930,古巴去打資格賽啦幹
930,/
930,推
930,古巴去打資格賽啦幹
930,/
930,推
930,古巴去打資格賽啦幹
930,/
930,推
930,古巴去打資格賽啦幹
930,/
930,推
930,古巴去打資格賽啦幹
930,/
930,推
930,古巴去打資格賽啦幹
930,/
930,推
930,古巴去打資格賽啦幹
930,/
930,推
930,古巴去打資格賽啦
930,/
930,推
930,古巴去打資格賽啦幹
930,/
930,推
930,古巴去打資格賽啦幹
930,/
930,推
930,古巴去打資格賽啦乾
930,/
930,推
930,古巴去打資格賽啦幹
930,/
930,推
930,古巴去打資格賽啦幹
930,/
930,推
930,古巴去打資格賽啦幹
930,/
930,推
930,古巴去打資格賽啦幹
930,/
930,推
930,古巴去打資格賽啦幹
930,/
930,推
930,古巴去打資格賽啦幹
930,/
930,推
930,古巴去打資格賽啦幹
930,/
930,推
930,古巴去打資格賽啦幹
930,/
930,推
930,古巴去打資格賽啦幹
930,/
930,推
930,古巴去打資格賽啦幹
930,/
930,推
930,古巴去打資格賽啦幹
930,/
930,推
930,古巴去打資格賽啦幹
930,/
930,推
930,古巴去打資格賽啦幹
930,/
930,推
930,古巴去打資格賽啦幹
930,/
930,推
930,古巴去打資格賽啦幹
930,/
930,推
930,古巴去打資格賽啦幹
930,/
930,推
930,古巴去打資格賽啦幹
930,/
930,推
930,古巴去打資格賽啦
930,/
930,推
930,古巴去打資格賽啦幹
930,/
930,推
930,古巴去打資格賽啦幹
930,/
930,推
930,古巴去打資格賽啦幹
930,/
930,推
930,古巴去打資格賽啦幹
930,/
930,推
930,古巴去打資格賽啦幹
930,/
930,推
930,古巴去打資格賽啦幹
930,/
930,推
930,古巴去打資格賽啦幹
930,/
930,推
930,古巴去打資格賽
930,/
930,推
930,古巴去打資格賽啦幹
930,/
930,推
930,古巴去打資格賽啦
930,/
930,推
930,古巴去打資格賽啦幹
930,/
930,推
930,古巴去打資格賽啦幹
930,/
930,推
930,古巴去打資格賽啦幹
930,/
930,推
930,古巴去打資格賽啦幹
930,/
930,推
930,古巴去打資格賽啦幹
930,/
930,推
930,古巴去打資格賽啦幹
930,/
930,推
930,古巴去打資格賽啦幹
930,/
930,推
930,古巴去打資格賽啦幹
930,/
930,推
930,古巴去打資格賽啦幹
930,/
930,推
930,古巴去打資格賽啦幹
930,/
930,以上紅底標記位，每人稅前發送完成
931,無腦大分
931,輕鬆看球
931,不虧是我中華隊
931,不用想什麽勝負
931,久久次賺大錢的好機會
931,真的有人蠢到買勝負嗎
932,老古熱身賽打擊直烙賽，被中職球隊教訓
932,結果今天打中華隊打的砲聲隆隆
932,古巴熱身賽是不是故意在裝弱
933,前日中華隊將士用命大戰日本將近小時
933,最後惜敗
933,隔天東京慘案被古巴提前結束
933,當初被古巴有多震撼
934,中華隊目前以分暫時落後
934,是說他媽的中華隊投手投球
934,旁邊直發出叭叭叭的聲音
934,到底是在叭三小
934,有卦嗎
935,堆直在那邊鍋貼的
935,不知道古巴是傳統強隊嗎
935,號稱紅色閃電
935,而且今年中華隊真的很不樣的感覺
935,以往連點球都很怕點成內野高飛
935,今年點球都很容易上壘
935,而且今年還創安打數跟滿貫砲的紀錄
935,不是以前那個最後容易軟掉的中華隊了
935,這是我看過最猛的中華隊
935,日球迷退散好嗎
935,霸拖
935,卦
936,昨天對荷蘭也是直暴投和捕逸
936,但是幸好沒有造成重傷害
936,今天低級失誤就炸裂了
936,連江坤宇這種最穩的都失誤
936,是有什麼魔咒嗎
937,可以出來下跪道歉嗎
937,最好昨天打到凌晨接中午打的好
937,這賽程最好打的贏
937,媽的，全部選手感覺都快虛脫了
937,古巴看起來代購都買好了
937,精神超好
937,聽說這是我們主場
938,如題
938,中華隊打擊真的很可以
938,可是覺得很可惜的是
938,我們本土投手好像不太行
938,就是有場沒場的很不穩
938,為啥要出個強投這麼難
938,反觀日本堆
939,噎我阿肥啦
939,阿肥日球迷，平常都沒在看棒球的，今天時興起去買了張運彩，這樣買穩了
939,贏錢的話台女是不是就會自己貼上來了
939,嘻嘻
939,///
940,如題看的中華隊每次遇到古巴都被屌虐實在很痛心
940,可是我發現洲際盃在台中有打贏古巴的紀錄欸
940,當時洲際盃也是第場慘輸義大利隊
940,後來又接連輸給日本韓國
940,眼看晉級無望
940,結果預賽最後場居然爆冷贏了古巴
940,有沒有當年洲際盃是怎麼打贏古巴的
941,昨天以的比分戰勝了荷蘭隊
941,現在是中華隊在Ａ組的最後場比賽
941,真的好希望可以贏古巴
941,贏了就是小組第出線了
941,峮峮的的炸裂舞也來集氣
941,///
941,第場買台灣贏有點賠錢哭哭，
941,最後場我已經買台灣贏了，希望可以賺回來啦
941,定要贏啊啊啊
942,龍貓樂天的總欸
942,看到剛簽的古巴投手投那麼香的變化球
942,但是看到中華隊前面被打歪可能被淘汰
942,龍貓現在在想什麼有卦否
943,//////
943,范雲轟古巴請吃份雞排傅崐萁也要對賭杯珍奶
943,聯合報記者林銘翰台北即時報導
943,世界棒球經典賽台灣隊接連擊敗義大利與荷蘭，今天中午對上古巴力拚前進東京巨蛋，民
943,進黨立委范雲國民黨立委傅崐萁接連發出祭品文，范雲表示為了轟古巴進東京要
943,請吃份雞排
943,傅崐萁則說，如果今天中華隊贏下古巴，身為資深球迷的他就發放杯
943,珍奶慶祝
943,年世界棒球經典賽組賽事在台中洲際棒球場登場，台灣隊在首戰不敵巴拿馬，接連
943,天卻連續擊敗義大利與荷蘭，保有晉級的機會，今天中午打古巴如果拿勝，就能以分組第
943,晉級強複賽，正式前進東京巨蛋
943,范雲今天在臉書以范雲，范雲挺台灣為題發文表示，范雲的祭品文來了
943,，舉起你的左手，安打啦安打
943,舉起你的右手，全壘打全壘打，請跟她起氣轟古
943,巴進東京，如果台灣隊能夠挺進東京，自己就請吃份雞排
943,傅崐萁也在臉書以力挺中華隊，中華隊前進東京，背水戰為題發文指出，中華隊在
943,今天中午將對上強敵古巴，這場比賽定要贏，我們才能夠晉級到複賽
943,傅崐萁還說，身為資深球迷加上日飲料店長，自己定要獻上祭品文，如果今天中華隊
943,贏下古巴，他就發放杯珍奶慶祝，請大家起為中華隊加油
944,大魯閣左投發球機
944,當作是打擊練習喔
944,牛棚在幹嘛
944,還是兩勝就可以交代了
944,不然賽前也說下今天打身體健康的
944,不要浪費張育成的努力可以嗎
945,是這樣啦
945,本肥最近觀察經典賽賭盤
945,中華隊第戰對巴拿馬，在被看好的狀況之下輸分
945,之後在被看衰的情況下
945,竟然可以連過義荷二支球隊
945,今天對上古巴，賭盤上竟然又被看好
945,結果第局就爛到流湯掉分了
945,中華隊喜歡被看衰小
946,欸欸窩肥ㄦ喇
946,本肥ㄦ觀察
946,咱們中華小
946,好像還有人還沒有上過場捏
946,難得入選國家隊
946,因該很想要體驗下國際賽場上的氛圍巴
946,請問現在這個勢頭
946,等等板凳小們有木有機會可以上場
946,捏
946,呱呱
947,以為是外角直球揮出去才發現被騙是顆變速
947,局下來讓中華隊打者籌莫展
947,連過往選球見長的吳念庭都無法輕易選掉
947,古巴的這顆變速球真是令人舒服
947,有沒有的八卦
947,他變速頂級的吧
948,////
948,根據中華隊的尿性早就叫好鍋貼準備回家吃了
948,鍋貼醬料才剛放下去殺咪了
948,會不會太準
948,今天中午吃鍋貼的人多嗎
949,如題
949,這次棒球經典賽真的好精彩，
949,對上義大利和荷蘭的勝場真的很棒，
949,可是真的辛苦了
949,已經不用再戰鬥了
949,不用再努力了
949,謝謝中華隊帶給我們的感動
949,掛
950,我這真的只能謝謝自由時報啦
950,讓我本來不知道運彩看好中華隊三連勝
950,早看到這篇新聞上網點了下運彩然後推文懂了
950,想不到真的懂了
951,如題
951,熟悉的中華隊回來了
951,這劇本已經演幾年了
951,中華隊是不是捧不得呢
951,有沒有這個八卦
952,局古巴投手不穩，二次保送
952,古巴教練小丑群各種出場拐氣
952,"我方投手不穩,遊擊失誤投手都沒信心,"
952,我方教練團
952,無作為無作為無作為無作為無作為無作為無作為無作為無作為無作為
952,全場球迷可以做後盾
952,教練可不可以
953,欸欸窩肥ㄦ喇
953,謝謝台灣隊這次精彩表現
953,兩勝已經出乎意料的好了
953,今天過後
953,在沒有台灣隊的比賽
953,台灣球迷要寄生哪隊才內行啊
953,是祖國日本
953,還是美國爸爸呢
953,呱呱
954,元沒了
954,球迷搶吃爌肉飯肉圓機車亂停警開單開到手軟
954,新聞雲社會
954,年月日
954,///
954,▲縣府前發爌肉飯跟肉圓，旁邊的人行道停滿機車被檢舉
954,圖記者唐詠絮攝
954,記者唐詠絮劉人豪彰化報導
954,彰化縣府感謝民眾力挺中華隊，日在彰化縣政府廣場前發放爌肉飯肉圓紅茶杯
954,，時間還沒到就有許多人前來排隊準備領取，導致人行道停滿機車，警察也立即開單，
954,多人還沒吃到就先噴元
954,///
954,▲▼彰化縣政府廣場發爌肉飯跟肉圓
954,圖彰化縣政府提供
954,///
954,世界經典棒球賽昨日中華隊以贏義大利，彰化縣府今天中午在彰化縣政府廣
954,場，發放碗阿璋肉圓，度彰化市和平店老闆娘則加碼送出杯紅茶，另外還有
954,份爌肉飯份溪湖阿讚份彰化阿章
954,///
954,▲警員開單裁罰元
954,圖記者唐詠絮攝
954,時間還沒到就已經有許多民眾騎車前來排隊，不過現場機車停車位數量不多，有部分騎士
954,直接將車停在人行道遭檢舉，警方以禁止臨時停車處所停車製單舉發裁罰元，至少對
954,輛以上機車開單，讓這些騎車來的民眾還沒吃到就先賠元
954,新聞來源新聞雲
954,/////
955,不會吧
955,該不會真的有這個劇本吧
955,兩岸家親起被扣倒
955,官方是不是種族歧視
955,沒人要負責嗎
955,難道要搞到這麼難看嗎
955,八卦板的各位起去臉書抗議了吧
955,每次都搞我們華人兄弟
955,怎麼了我們錯了嗎
955,有卦嗎
955,真的進步了
956,沒投手可用了，又沒規定教練不能下去投，
956,到底大樹哥為什麼還不趕快熱身，再不上去投，
956,要爆了啦，準備吃個鍋貼惹
956,是否有專板
956,本板並非萬能問板
956,三則
956,本看板嚴格禁止政治問卦
956,未滿繁體中文字水桶個月
956,未滿繁體中文字水桶個月
956,未滿繁體中文字水桶個月，嚴重者以鬧板論
957,第場被巴拿馬打爆但在首戰大失分情況下
957,第二場對上義大利還是拿下勝利
957,第三場遇勁旅荷蘭甚至打出滿貫砲得勝
957,這場就算輸給古巴
957,整體而言中華隊經典賽雖敗猶榮吧
957,有卦
958,這陣子台灣各地直報缺蛋
958,中華隊是不是想證明其實沒有缺蛋啊
958,計分板上面都是蛋了哪可能缺蛋
958,是不是昨天開會就先開會討論了
959,想當初打完第場被八卦板的各位酸得不如中國隊，結果前兩天贏球大驚奇
959,雖然今天也掰了，但反觀各位最愛的中國隊很早就掰了
959,中華隊這次表現很好了吧
959,有咪有掛
960,如題
960,老闆跟我說現在缺蛋
960,為什麼中華隊還有蛋可以吃
960,不公平
961,今天的世界棒球經典賽
961,台灣古巴之戰
961,我們要贏就能進複賽了
961,現在情況不妙
961,大家是不是該丟祭品了
962,我有招錦囊妙計
962,必可扭轉乾坤
962,麻煩在台中現場的鄉民，幫我傳達下
962,幫我跟中華隊教練團說
962,不要想著贏，要想著不能輸
963,全世界都看得出來褲子呀有污漬
963,這麼多裁判去看了手手套帽子
963,竟然都沒問題
963,現在又突然換下去
963,擺明做賊心虛
963,主審定作弊中華隊要怎麼贏
964,經典賽再勝蔡英文讚全隊都是台灣英雄大家都在想吃什麼配球賽
964,/張柏源
964,世界棒球經典賽台灣隊延續擊敗義大利隊的氣勢再度打出漂亮仗，擊敗荷蘭隊拿下預賽
964,第勝
964,蔡英文總統在臉書發文台灣人都在想吃什麼喝什麼配球賽，才能幫台灣英雄
964,更加油
964,也謝謝展現台灣人對棒球的熱情，喊話我們繼續加油捍衛主場
964,世界棒球經典賽台灣隊日晚上與荷蘭交手有不能輸的壓力，還好旅美好手絕對忠誠
964,張育成局下敲出超前比數滿貫砲，棒打起球隊士氣，且連戰開轟，讓台灣主場球迷嗨
964,翻天，吳哲源中繼局好投，率隊以比拿下第勝
964,日若再勝古巴，就能前進東京
964,蔡英文寫道恭喜台灣隊拿下第二勝，現場或螢幕前的台灣人，都在想吃什麼喝什麼
964,配球賽，才可以幫台灣英雄們更加油
964,我也相信，現在台灣最熱門的手勢，定是向張育
964,成致敬的敬禮
964,無論是林立的威力沒有極限的陳傑憲，或是非常賽揚的吳哲源，我
964,們全隊都是台灣英雄
964,謝謝展現台灣人對棒球的熱情，我們繼續加油捍衛主
964,場
964,副總統賴清德也在臉書發文提到，張育成擊出滿貫全壘打的時候，全台灣定都沸騰了，
964,就延續這股氣勢股作氣前進東京
964,台灣加油
964,行政院長陳建仁則在
964,臉書公布張他在行政專機前向值勤官兵回禮的舉手禮照片，並透過臉書他向所有這幾天
964,在棒球場上，奮力求勝拚勁十足的台灣選手們致敬，高喊繼續加油
964,繼續拚
964,///
965,中華隊在亞洲前四沒什麼問題
965,那如果在加勒比海那邊大概排第幾名
965,應該贏不了多明尼加委內瑞拉波多黎各古巴
966,中華隊總教練
966,///
966,古巴隊總教練
966,///
966,回家吧下半場沒得打啦
966,此時此刻兩隊總教練心裡是不是這麼想
967,欸欸肥宅
967,小妹我台大
967,雖然先被古巴得分
967,很可惜
967,但也不用擔心中華隊
967,小妹我相信會逆轉勝的
967,有卦嗎
968,不知道有沒有作弊
968,但也太剛好了，被主審關切以後就馬上投不好換投
968,說不舒服結果下去還在那邊開港
968,很難不被懷疑有鬼
968,說真的，打中華隊作弊真的沒必要
968,不作弊也樣拿分，是要怎麽輸
969,剛剛明明就是主審主動去檢查的
969,不是中華隊要求的
969,另外投手褲子黑黑的要怎麼解釋，還有沒問題的話幹嘛換投手
969,都領先六分了
969,就是可能有鬼阿，主審也沒檢查屁股後面的口袋
970,從第局就看到堆腦粉球迷崩潰
970,也不看看中華隊的褲子也會抹黑色的
970,有沒有台灣人輸了就開始找藉口的八卦
971,打贏義大利
971,我發文臭中華
971,結果昨晚荷蘭就打我臉
971,想說我就不嘴了
971,剛剛打開網路新聞
971,靠杯
971,是不是欠臭阿
972,如題，湘北隊打完山王後，沒有適當的休息，對上愛和學院輸球
972,現在中華隊是不是也面臨這樣的處境
972,沒辦法好好休整，加上賽制關係
972,很多好投手沒辦法上場
972,其實輸了也不意外了，還是感謝中華隊選手的奮力拚搏
972,才有辦法看到精采比賽
973,啊人家抹你不會抹嗎
973,台灣人這麼愛鑽空子，
973,違停插隊關說賄選
973,堆不按規定亂幹的人，
973,大家都知道守規矩就是被吃得死死的，
973,所以大家都開始無視規定，
973,可是怎麼在打棒球時就變成正義魔人
973,要問的是中華隊為什麼不抹油才對吧
974,中華隊現在落後分
974,換林志傑或田壘上去飆兩顆三分球就好了
974,其實不難追
974,現在放棄的話比賽就結束了
975,現在要請台籃的啦啦隊進場在本壘後方字馬還是抖屁股來影響古巴隊的投手
975,讓投手分心投不好投空心球投麵包球
975,這樣中華隊打者應該有機會吧
975,該請啦啦隊來字馬抖屁股了
976,這次比賽中華隊打得不差給個
976,但今天局下的爆傳壘要是沒失誤的話是不是就沒有後面的失分發生了啊
976,不怪球員
976,昨天打完接中午休息不夠和陽光溫度
976,對體力負荷都很大
976,無論如何都給個掌聲謝謝中華隊
977,安安大家好
977,奇怪
977,支持中華隊什麼時候
977,變成綠蛙
977,太扯了吧
977,有必要搞意識形態鬥爭成這樣
977,有木有八卦
978,你各位蛙民們再邱啊
978,蛤
978,三小中華隊啊
978,下子就被打爆六分
978,還不到五局ㄟ
978,大哥
978,再邱啊
978,準被吞蛋吧
978,還妄想前進東京
978,果然第場不看好是對的
979,十年前古巴在日本
979,提前七局以擊敗中華隊
979,十年後的今天在臺灣
979,前二局古巴就以大幅領先中華隊
979,這樣看下來
979,感覺又要重演十年前的場景了
979,還是中華隊有機會絕地大反攻
980,超級難看
980,媽~~你看他們啦讓我打不到
980,不管啦他們定有鬼
980,中華隊世界無敵強怎麼可能摸不到
980,他們怎麼隨便打都出牆
980,你看褲子黑黑的還換投就是心虛
980,所以台灣的下步就是提出比賽無效之訴吧
981,乳題
981,如果中華隊的總教練是安西教練的話
981,中華隊還有救嗎
981,另外中華隊的三井壽是誰呢
982,//////
982,中華隊在世界棒球經典賽，昨天再以比擒下荷蘭隊
982,台北市長蔣萬安今天上午公開行程
982,受訪說，他已經準備好了祭品文，
982,媒體今天也問蔣萬安，今天早有沒有先乾下古巴咖啡
982,蔣萬安馬上說，有，等下
982,找機會喝下古巴咖啡，把它喝爆，中華隊定要贏古巴，定前進東京，大家
982,集氣加油
982,蔣萬安說，他昨天行程當中也有看轉播，尤其張育成的滿貫砲，我都要掉淚了，還有
982,對義大利那場，我單純看直播，昨天也有很多人吃荷包蛋
982,蔣萬安今天早出席國際自由車環台賽台北市站行程，對於今天中華隊將戰古巴，蔣
982,萬安也跟進發祭品文，中午我們贏了古巴，就會前進東京，我就會發五百分雞排
982,蔣萬安早也在臉書提到，中華隊前進東京就差這勝
982,今天中午點對古巴這場比賽，
982,是我們晉級複賽的關鍵役，必需贏下
982,有空的朋友，定要世界棒球經典
982,賽直播派對走走，繼續為中華隊集氣
982,蔣說，前天答應大家的祭品文來了
982,如果今天中華隊贏下古巴，順利前往東京，我就
982,發放份雞排慶祝
982,蔣也在文末標註好想贏古巴
982,聯合報/記者林麗玉
983,肥宅前幾天都沒有買運彩
983,直到中華隊贏了兩場，覺得贏面應該很大
983,早上興沖沖的去買了中華隊贏
983,結果剛開螢幕，看到古巴分數大幅度領先
983,本來想贏獎金的，現在只能當公益獎金嗎
983,乾
983,///
984,熱血沸騰的擊
984,根本眼淚都快噴出來了
984,這次的經典賽
984,看的超感動的對吧
984,這屆的中華隊
984,可以稱為最強世代
984,有人反對嗎
985,相隔十年了，當年被古巴打到失智，被
985,十年後的今天，目前比落後，再度被的
985,機會到底高不高
985,賽程真的對中華隊太不利了，如果今天是晚場，肯定
985,現在還是零比零的僵局
986,有期待中華隊就會烙塞
986,現在看來輸給巴拿馬真的是止步預賽最大敗因
986,然後二三場遇到實力較好的義荷
986,沒啥期待卻大爆發
986,帶著期待要來打古巴拿三連勝
986,結果打線完全熄火
986,真的猜不投你阿中華隊
987,我是標準日球迷
987,八卦版棒球酸民喇
987,跟那些鼓勵派不樣
987,剛才我朋友直傳賴給我崩潰
987,說古巴雖然開始演很大
987,但最近幾場打線超猛
987,還說什麼中華隊該贏巴拿馬沒贏
987,現在對戰古巴還失誤連連
987,打線熄火
987,看來晉級無望了
987,我看他打給賴我大段
987,我就簡短回答
987,不意外
987,然後他就直接已讀不回了
987,可憐吶
988,原本目標是勝而已
988,但爆氣打了勝
988,而且都是經典逆轉勝
988,夠電視台重播年了
988,雖然墊底出局
988,但這兩天大家也心滿意足了吧
988,謝謝您中華隊
988,四年後再見
989,筋疲力盡的中華隊打線發球機等級的投手群根本不用抹油齁白作弊了
989,只能說看到中華隊勝已經滿意了讓我這日球迷連續爽兩天今天就佛心加油看他們奮
989,戰到最後刻
990,這次台灣派出的中華隊與台灣隊
990,可以說是很聰明的戰術
990,中華隊專門輸，台灣隊專門贏
990,只要負面的影響就叫中華隊
990,就跟華國美學樣
990,正面影響的就叫台灣隊
990,例如台灣之光樣
990,各位，你說這樣聰不聰明啊
991,感覺中華隊涼去了阿
991,只差有沒有被提前
991,怎到現在還沒敢丟祭品
991,看起來怎樣都定不會實現阿
992,肥宅我以前是為了看啦啦隊衝棒球場啦
992,最近看球是周遭同事開賭盤慫恿
992,現在隨時都在討論比分賭盤
992,所以偶爾會上網看下
992,簡單說就是色與賭
992,科科
992,///
993,經典賽台灣球迷熱情應援太大聲古巴教練團不滿抗議
993,聯合報攝影中心記者黃仲裕台中即時報導經典賽
993,世界棒球經典賽今天在台中洲際棒球場舉行中華對決古巴的比賽，球迷到場高舉看板加油
993,記者黃仲裕攝影
993,世界棒球經典賽今天中午在台中洲際棒球場舉行中華對決古巴的比賽，由於台式應援太大聲
993,，古巴有些水土不服曾反應音量問題，不過由於沒有違反賽事規則，所以球迷仍舊照常為中
993,華加油，熱情不減
993,世界棒球經典賽今天在台中洲際棒球場舉行中華對決古巴的比賽，球迷向張育成敬禮致意
993,記者黃仲裕攝影
993,世界棒球經典賽
993,//////
993,_
994,贏球超商咖啡買送
994,那輸球鍋貼店也該噱波了吧
994,中華隊輸球，今日鍋貼買五送
994,有料ㄇ
995,如題
995,支持古巴隊
995,今天棒球古巴隊贏台灣隊中華隊的話
995,我去日本古巴大使館前面裸奔
995,追加請在日本的台灣鄉民古巴三明治好了
995,是否有專板
995,本板並非萬能問板
995,三則
995,本看板嚴格禁止政治問卦
995,未滿繁體中文字水桶個月
995,未滿繁體中文字水桶個月
995,未滿繁體中文字水桶個月，嚴重者以鬧板論
996,影戰古巴拚強蔡英文振臂高呼中華隊加油陳建仁也盼前進東京
996,年世界棒球經典賽，中華代表隊接連擊敗義大利與荷蘭隊，若擊敗古巴隊就能拿到
996,強門票
996,蔡英文總統行政院長陳建仁今到南投參加植樹活動時談到棒球，蔡英文振臂高
996,喊中華隊加油，陳建仁則盼能戰勝古巴，前進東京
996,中華代表隊在經典賽首戰雖敗給巴拿馬，但接連天力克義大利及荷蘭，我國隊上第棒的
996,壘手張育成更是連兩場開轟，蔡英文陳建仁昨晚都在臉書發文，並搭上近期最熱門的
996,敬禮梗向選手致敬，兩人今天也再為中華隊加油
996,蔡英文總統陳建仁今到南投草屯鳥嘴潭參加森活圈植樹活動，陳建仁活動前受訪表
996,示，昨天全程看完比賽，很希望今天能夠戰勝古巴，讓中華隊能夠前進東京，繼續爭取更
996,好的佳績，所有國人同胞起集氣，為選手加油，中華隊加油
996,蔡英文則是在活動結束，要離開前聽到媒體提問要不要為中華隊加油，
996,她開心的舉起右手握拳振臂高呼中華隊加油，隨後在大批維安人員的簇擁下離去
996,聯合報記者
996,賴香珊
996,//////
996,謝謝總統百忙之中還關心國內棒球賽事
997,若贏球要飛去日本
997,堆人又往日本旅遊國旅又沒人要玩了
997,而無法親自前往日本的台灣人
997,上班又當起薪水小偷每天都在關心中華隊的戰績
997,要不然就是熬夜看棒球第二天上班昏昏沈沈的
997,讓公司的產值下降影響產品出貨
997,對台灣整體經濟來說
997,中華隊輸錢對台灣才是好事吧
997,今天週日看完這場剛好收心迎接明日的上班
997,因為沒我們的事了
997,台灣人繼續為了台灣的努力
997,有沒有八卦
998,媒體來源
998,記者署名皮心瑀
998,完整新聞標題侯友宜狂嗑古巴三明治助攻中華隊祭品文來了
998,完整新聞內文
998,記者皮心瑀新北報導
998,世界棒球經典賽於台中洲際棒球場開打，中華隊日對上古巴隊，若勝出將成功拿到
998,強門票
998,新北市長侯友宜表示，自己今天午餐才把整份熱壓古巴三明治吃光光，只要
998,中華隊贏了古巴，晉級八強前進東京，我就發放份熱壓三明治慶祝
998,侯友宜說，他說到做到，用行動助攻，如果中華隊贏了古巴晉級八強前進東京，他要發放
998,份熱壓三明治慶祝
998,讓我們起熱壓古巴，拿下壓到性勝利
998,中華隊在死亡之組之稱的組拿下勝負的戰績與荷蘭齊平，不過對戰成績由中華隊
998,拿下分組第，巴拿馬勝敗拿下第，義大利與古巴則各勝敗，義大利預賽擊敗古巴
998,，因此排分組第
998,中華隊日只要擊敗古巴就能以分組第拿到強門票，如果落敗，就得看義大利能否擊
998,敗荷蘭，以失分率決定名次
998,完整新聞連結或短網址
998,///
998,備註
999,這屆的中華隊特色是很會強攻也很會被強攻
999,但是這場打線不幸便祕
999,球評有觀察到揮棒速度變慢
999,是不是晚場接午場選手還沒恢復體力卦
1000,如題，古巴隊的打者會覺得洲際棒球場很小嗎
1000,他們隨便打都飛好遠哦
1000,結果中華隊反而都打不遠
1001,中午點，樓下運彩店就鬧哄哄的，
1001,堆人排隊捧現金來下注，
1001,原來都是關注經典賽的愛國球迷
1001,大叔我仔細看了嚇大跳，
1001,不讓分古巴贏球賠率居然高達，
1001,中華隊賠率反而比較低，只有，
1001,這麼不合理的賠率我還不買爆它
1001,為什麼運彩這麼佛心要送錢給大家
1001,有沒有卦
1001,///
1002,前天義大利領先中華隊的時候
1002,國師台南年不吃麵包珍奶地瓜球
1002,最後中華隊逆轉贏球
1002,現在古巴領先中華隊
1002,要來人推祭品文了嗎
1002,中華隊逆轉我年不吃古巴三明治
1003,聽說落後分
1003,已經打到中華隊哭爸哭媽
1003,對方又抹油
1003,百萬象迷開集結了
1003,台中吃消夜
1004,備註請放最後面違者新聞文章刪除
1004,媒體來源
1004,記者署名
1004,記者吳政紘台中報導
1004,完整新聞標題
1004,經典賽前進東京
1004,日媒中華隊可望擊敗古巴
1004,完整新聞內文
1004,年世界棒球經典賽正式開打，中華隊今天中午在台中洲際棒球場對戰強敵古巴，中華
1004,隊預計推出陳仕朋先發，對戰古巴隊強投雷法，中華隊若贏球就可以晉級第二輪賽事，也
1004,是睽違年再度打進東京
1004,年中華隊跟日本隊的經典大戰，經過年時光，日本球迷都印象深刻，連日本媒體也
1004,都難忘，來自日本的讀賣新聞記者宮地語表示，這場比賽兩隊狀況應該都差不多，中華隊
1004,打擊也很強，所以古巴也不好應付
1004,針對贏球機會，他認為中華隊投手群的表現會是關鍵，古巴隊這場也有不能輸的壓力，所
1004,以中華隊帶著氣勢，以及現場球迷的支持下，機會很大可以前進東京
1004,完整新聞連結或短網址不可用等轉載媒體
1004,////
1004,備註
1005,中華隊目前的這兩局
1005,結束的是不是有點快啊
1005,看到棒球板直有人在推出局如風
1005,不禁讓本魯想到以前鄉民們對中華隊不斷傳頌的經典口號
1005,風林火山
1005,但又突然想不起來這四個字分別對應哪幾個意思
1005,有人還記得嗎
1006,鄉民在輸了巴拿馬後都說會四連敗
1006,但義大利和荷蘭都是大聯盟打線也是贏球
1006,今天可能真的太累連球都碰不到
1006,這次真的是雖敗猶榮彈力球也比外國人打得更遠
1006,給中華隊掌聲鼓勵雖敗猶榮
1006,張育成要等四年後再見了只能先關注他在大聯盟的比賽
1007,剛好想到
1007,沒有天天再過年的輸了就輸了
1007,而且該面對現實吧
1007,中華隊只能說心理生理還需要鍛鍊
1007,還是好好加油吧
1007,哈哈
1008,目前看到棒球版堆白癡又在雙標智障了
1008,第天輸球，餅總被嘴爛，之後兩天贏球又只吹球
1008,員，完全無視餅總的調度
1008,現在大幅度落後快，堆棒球老害開始崩
1008,潰，嘴調度賽程差
1008,幹
1008,中華隊賽程又不是最爛的，而且中華隊個人能
1008,力本來就是小組內最差的，能贏兩場已經是奇蹟
1008,了
1008,正所謂巧婦難為無米之炊，堆臭魚爛蝦，本來就
1008,很難煮出好菜
1008,棒球版的智障是不是很難滿足啊
1009,要喊祭品就喊這種實際點的啦，不要在那邊吞棒球裸奔的
1009,馬的，午接晚真的有夠靠北，我觀眾看球都覺得累了，還球員勒
1010,堆人在怪賽程，除了荷蘭以外，其他四隊都有晚接午，
1010,就只有台灣人在靠北排很爛
1010,台灣投手被打爆，然後懷疑對方投手抹油
1010,古巴大叔氣笛吹幾天了，就對到中華隊有意見，
1010,也不想想自己人大鼓樂器吶喊更大聲
1010,前兩天還堆人說，贏兩場，超出預期了，結果現在落後又開始批評
1010,台灣人是不是跟支那人真的家親，都輸不起愛找藉口，
1010,千錯萬錯都是別人的錯
1011,今天中華隊打完六局只有兩支安打沒有得分
1011,對手古巴只是個敗勝
1011,打荷蘭只有拿兩分打義大利只有拿三分
1011,面對這樣的二流隊伍
1011,今天中華隊是失常嗎
1012,備註請放最後面違者新聞文章刪除
1012,媒體來源中央社
1012,記者署名蕭博陽
1012,完整新聞標題
1012,經典賽前進東京差步蔡總統陳建仁為台灣隊加油
1012,完整新聞內文
1012,中央社記者蕭博陽南投縣日電世界棒球經典賽台灣隊今天若擊敗古巴隊，就可拿到
1012,複賽強門票前進東京
1012,總統蔡英文今天握拳熱情喊中華隊加油
1012,行政院長陳
1012,建仁也希望今天能戰勝古巴，讓台灣隊前進東京
1012,台灣隊昨天晚間與美職大聯盟球員眾多的荷蘭隊交手，局靠著絕對忠誠張育成分滿
1012,貫砲打出氣勢，路領先，終場以比擊敗荷蘭隊拿下預賽第勝，今天再擊敗古巴隊就
1012,可晉級複賽
1012,張育成這次參賽招牌動作敬禮引起討論，行政院長陳建仁昨天晚間透過臉書
1012,粉絲專頁發布敬禮照片並表示，向所有這幾天在棒球場上，奮力求勝拚勁十
1012,足的台灣選手們致敬，盼繼續加油繼續拚
1012,行政院農業委員會林務局今天在南投縣草屯鎮鳥嘴潭人工湖舉辦森活圈植樹節活動，
1012,蔡總統陳建仁農委會主委陳吉仲等人出席，蔡總統植樹後離去前行經媒體區，有媒
1012,體提問總統要不要為中華隊打氣下，蔡總統握拳熱情說，中華隊加油
1012,陳建仁會前接受媒體聯訪說昨晚全程看比賽，希望全體民眾繼續為中華隊加油，希望
1012,今天能戰勝古巴，讓中華隊前進東京，繼續爭取更好佳績，為中華隊加油，大家起集氣
1012,，為球員加油中華隊加油
1012,編輯陳仁華
1012,完整新聞連結或短網址不可用等轉載媒體
1012,/////
1012,備註
1013,晚上如果義大利打敗荷蘭
1013,都兩勝兩敗
1013,中華隊會多慘
1013,下次要先從資格賽打起
1013,雖然切將如悍創的意，
1013,台北巨蛋大賺筆
1013,但堂堂的世界第二，國球驕傲
1013,淪落去打資格賽
1013,會不會太慘
1014,雖然很可惜這場應該沒救了
1014,但沒關係我們下個四年捲土重來
1014,下次定能贏得我只能說下次再努力
1014,各位起幫中華隊加油
1015,乳提
1015,假如中華隊今天輸古巴
1015,義大利勝
1015,戰績全都變成
1015,結果中華隊因為失太多分直接變成墊底
1015,為什麼不用全壘打支數或得分來排名呢
1015,只用失分來評未免太不公平
1015,大家覺得呢
1015,認同不認同
1015,我很好奇
1016,連續高潮了兩個晚上
1016,還以為能前進日本
1016,中華隊氣力放盡，中午打比賽被尻爆
1016,現在是不是該夢醒了
1017,台灣隊第局就落後
1017,開始還有些反攻氣焰
1017,但後來打擊都無法發揮
1017,反觀古巴隊已經穩穩拿下分領先
1017,現在只剩兩局可以進攻
1017,但依照今天這種涼涼的打線
1017,台灣隊是不是已經涼了
1017,反觀古巴隊已經火了
1018,七局下跟古巴差了七分
1018,接下來兩局中華隊逆轉現況的機會有多少
1018,大家起幫中華隊集氣
1018,反指標八卦鄉民們快出來
1019,似乎已經沒有什麼方法可以
1019,晉級了接下來起幫日本加油吧
1019,大家辛苦了
1020,剛看轉播
1020,古巴打了安打
1020,現場直有個人按喇叭連續按不停真的有夠吵
1020,這種棒球文化到底是受到誰的影響
1020,真的有夠沒水準
1020,難怪前幾場都有其他國家代表隊很含蓄地說被驚嚇到
1021,如題
1021,能逆轉我直接在高雄駁二附近雞排店發份雞排
1021,發了定回報在八卦版
1021,沒發我被車撞八卦自請永桶
1021,說什麼祭品文能轉運
1021,那是不可能低
1021,雖然很可惜，但不用太擔心中華隊
1022,媒體來源
1022,記者署名呂晏慈
1022,完整新聞標題中午戰古巴
1022,陳建仁玩敬禮梗集氣喊前進東京
1022,完整新聞內文
1022,記者呂晏慈台北報導
1022,台灣隊連續兩天在世界棒球經典賽拿下勝利，旅美球星張育成轟出滿貫砲，連行
1022,政院長陳建仁也模仿敬禮手勢相互呼應
1022,陳建仁日上午受訪說，希望今天中午中華
1022,隊能夠戰勝古巴，前進東京，爭取更好的佳績
1022,陳建仁今天上午前往南投，出席森活圈總統植樹活動並接受媒體聯訪
1022,媒體關注，陳建仁昨天晚間透過臉書貼出敬禮照片，向台灣選手們致敬，昨天是否有
1022,全程看完比賽
1022,陳建仁笑說，有，我全程看完了，我也很希望全體國人同胞，我們繼續
1022,為中華隊加油，希望今天能夠戰勝古巴，讓中華隊能夠前進東京，繼續爭取更好的佳績
1022,，要為中華隊加油，所有同胞大家起集氣，為他們加油，中華隊加油
1022,完整新聞連結或短網址
1022,///
1022,備註
1023,備註請放最後面違者新聞文章刪除
1023,媒體來源
1023,記者署名
1023,記者楊舒帆台中報導
1023,完整新聞標題
1023,古巴大叔本壘後叭叭大聯盟記者台灣球迷不愛他了
1023,完整新聞內文
1023,經典賽每逢古巴賽事，場邊都有古巴大叔，在本壘後方狂吹氣笛，不過隨著中華
1023,對戰古巴氛圍緊張，也無人隨他起舞，大聯盟記者有段相當寫實的描述
1023,他是位超熱情的古巴大叔，高舉台灣國旗，大叔頂著高帽子，這頂帽子是他年前到墨
1023,西哥看獲得的戰利品，帽子上印有各國代表旗幟，包括中華台北梅花旗
1023,這個禮拜不少台灣球迷找他合照，人氣高漲，不過這場中華與古巴之戰，攸關中華隊晉級
1023,，而且中華隊陷入大幅落後，也沒有球迷跟他有太多互動
1023,大聯盟記者摩納根推特就寫道，整個禮拜都受到台灣球迷喜愛的大叔
1023,，現在不愛他了，因為古巴以比領先中華隊
1023,/////
1023,完整新聞連結或短網址不可用等轉載媒體
1023,////
1023,備註
1024,汗創想錢想瘋了嗎排這賽程給地主隊是想賺資格賽的錢喔草類現在只要汗創的比
1024,賽絕對不進場草可恨
1024,中華隊在自己的國家被搞扯爆
1025,古巴隊從第局就開始大飆分
1025,但越後期
1025,打的分數就慢慢變少
1025,是因為教練團收到有球迷準備圍巴的訊息
1025,怕待會走不出球場
1025,所以下指示要隊員收斂點
1025,給中華隊留面子嗎
1026,突然想到
1026,這陣子棒球版很多人都在譴責八卦板五毛
1026,那今天
1026,會有人把輸球的原因怪八卦嗎
1026,卦
1026,_
1027,////
1027,經典賽中華隊抗荷二連勝
1027,四大超商咖啡霜淇淋買送
1027,記者黃韻文/綜合報導
1027,睽違年成功抗荷
1027,中華隊周六晚間在經典賽預賽中對戰荷蘭，最終以成功取得
1027,二連勝，超商業者立刻發出同慶優惠，第時間在門市同步發動好康，有美式
1027,買送拿鐵買送，若是不喝咖啡，還有四季春青茶買送
1027,今日中午時中華
1027,隊將再對上古巴，力拚前進東京的機會，不可錯過全家霜淇淋買送，吃完冰起為中華
1027,隊加油
1027,線上線下同步祭出日限定優惠，周日月日門市推出精品美式濃萃美式四季
1027,春青茶同品項買送，以及精品拿鐵濃萃拿鐵同品項買送，單杯元開喝
1027,行動
1027,隨時取同步歡慶，月日也有單日限定好康，凌晨點開賣精品美式買送限量萬組
1027,特大杯拿鐵買送限萬組，預計上架不久就會被搶光
1027,///
1027,▲慶祝中華隊贏荷蘭，祭出日限定優惠
1027,圖業者提供
1027,全家
1027,即日起至月日，到門市使用全盈支付，享全家霜淇淋不限口味買送，平均單支
1027,元
1027,另有大杯特濃拿鐵元買送，平均單杯元，若是自備杯可再扣元，最低
1027,元開喝
1027,///
1027,▲把握今天最後天霜淇淋買送，中午起為中華隊加油
1027,圖全家提供
1027,萊爾富
1027,月日加碼推出天快閃優惠，包括原價元的脆加特製唐辛子口味買送，以及品客洋
1027,芋片經典賽特別版包裝，買原味或洋蔥口味任件元原價元
1027,///
1027,▲月日日限定，脆加特製唐辛子口味買送，品客洋芋片經典賽特別版任件元
1027,圖萊爾富提供
1027,即日起至月日，門市推出黑糖醇奶茶黑糖拿鐵經典阿華田阿華田摩卡拿鐵單杯
1027,折
1027,線上雲端推出大杯美式拿鐵同品項杯折杯折杯折
1027,杯折
1027,///
1027,▲門市享黑糖醇奶茶黑糖拿鐵經典阿華田阿華田摩卡拿鐵單杯折
1027,圖
1027,業者提供
1027,備註
1027,棒球的小確幸，看來看去似乎的優惠比較實用~
1028,已經不太期待能逆轉了
1028,不過強攻的中華隊還是希望能打下兩分阿
1028,剩兩局五個出局數能破蛋嗎
1028,卦
1029,昨天贏這麼多
1029,後面是不是該留下些強投下來
1029,今天不會這麼慘啊
1030,///
1030,古巴大叔吹喇叭害到幫中華隊帶氣氛
1030,///
1030,正式的玩在起了
1030,其實古巴大叔很可愛也沒用汽笛都是人力吹奏
1030,現場兩萬台灣人被他點穴，不打他就算了還玩在起
1030,有沒有八卦啊
1030,是否有專板
1030,本板並非萬能問板
1030,三則
1030,本看板嚴格禁止政治問卦
1030,未滿繁體中文字水桶個月
1030,未滿繁體中文字水桶個月
1030,未滿繁體中文字水桶個月，嚴重者以鬧板論
1031,媒體來源
1031,台視新聞網
1031,記者署名
1031,責任編輯陳耿閔
1031,完整新聞標題
1031,經典賽晚接早賽程沒問題
1031,吳念庭我們是職業選手
1031,完整新聞內文
1031,經典賽組預賽最後天，台灣在昨晚擊敗強敵荷蘭後，今天中午將出戰古巴，挑戰
1031,以分組第之姿晉級複賽，面對這樣晚接早的賽程，除了將挑戰球員體力，也將考驗教練團
1031,的投手調度
1031,對此，吳念庭賽前記者會受訪表示，身體很疲勞，但我們都是職業選手，
1031,定要適應這個問題，
1031,沒有問題
1031,吳念庭指出，大家都知道這場比賽相當重要，只有贏球才能晉級，選手也都知道這件事情
1031,所以我們剛剛在巴士上也有喊話，我們進來球場就是要拚這場，前進東京
1031,吳念庭也透
1031,露，
1031,稍早在巴士上吉力吉撈・鞏冠林子偉和張育成賽前帶隊唱英文歌，全隊也跟著起喊
1031,，展現高昂士氣
1031,完整新聞連結或短網址
1031,///
1031,備註
1031,沒問題
1031,暫時落後分而已
1032,第場打巴拿馬就被慘電了
1032,二三場打贏義大利跟荷蘭有些人還說這次的中華隊不樣
1032,打擊火力多猛多猛
1032,結果現在對上古巴就原形畢露了
1032,投不行打也不行
1032,其實就是義大利荷蘭的投手跟守備太爛而已
1032,並不是中華隊有變強
1032,甚至還變爛吧
1032,前幾屆還是小輸幾分才有鍋貼的說法
1032,但現在都大輸的呵呵~
1033,被教練雷被賽程搞還是盡力打每場球這次球員表現分教練分主辦單位分
1033,裁判分干你們是最棒的中華健兒雖敗猶榮
1034,樣過勞樣薪水低
1034,做不好會被罵做得好是應該的
1034,會過勞是因為本身就有病
1034,主辦單位排賽程滿滿台灣味
1034,這樣看下來中華隊跟台灣勞工根本樣吧
1035,小魯高雄處辣
1035,正在看全球億人都在關注的組戰
1035,剛剛我們局三上三下沒分鐘又換場了
1035,是不是天氣熱打者擔心美麗的啦啦隊們太辛苦呀
1035,這麼貼心的舉動會有加分嗎
1035,有沒有八卦
1036,每次只要有好表現的選手和團隊政治人物必定上來蹭熱度該如何擺脫
1036,不要跟我說就拒絕讓政治人物蹭熱度阿~沒那麼簡單那是不可能的
1036,政治人物百分百定是會蹭上來的假設我們以政治人物確定已經過來蹭情況下
1036,該如何擺脫被政治人物蹭熱度日後必的魔咒
1036,當然不意外三民自的贏球台灣隊輸球就變中華隊樣也是操作得很嘻嘻
1036,有無八卦
1037,有看球賽的也知道
1037,今天得古巴投手手上抹啥我們不多說了
1037,再配上影響我們台灣英雄的鳴笛聲
1037,要怎麼打
1037,我們都可以虐義大利跟荷蘭了
1037,古巴只敢用這種方式跟我們打
1037,沒關係
1037,抹手古巴選手來中職我們會用台式歡呼他的
1037,今天這場我們沒有輸就像大哥樣鬼滅之刃
1037,我們中華隊白天黑夜都在奮鬥
1037,你們古巴只敢躲在陰暗處
1038,好
1038,剛剛個雙殺守備
1038,中華隊的氣勢被帶到巔峰
1038,九局上逆轉古巴
1038,最後守下最後半局
1038,中華隊再戰十年
1038,大家說好不好
1038,八卦
1039,韓國輸給澳洲又大比分輸給日本基本上晉級無望
1039,台灣看起來也是要二勝二負輸給巴拿馬跟古巴看起來下次還得從資格賽開始打
1039,不過從資格賽開始打也不錯拉要是在台灣主場打還能賺門票
1039,那麼問題來了韓國跟台灣哪個比較慘
1040,目前中華隊，落後分
1040,大家都勝負
1040,最後會以失分率來比
1040,如果現在投降可以輸半嗎
1040,分數改成
1040,失分少點比較有利
1041,強烈譴責
1041,褲子黑黑的還能安全下莊皿
1041,沒搞東搞西那分就是中華隊了
1041,可惜了又被黑了場
1041,我今天的褲子也是黑的
1042,大家午安大家好
1042,如果最後中華輸古巴，荷蘭輸義大利，
1042,整個組都勝敗，隊都是第
1042,只是比失分，中華隊沒辦法晉級
1042,這樣大家是不是比較能接受
1043,打線我覺得沒什麼好苛責的了，
1043,雖然目前還掛蛋，但前三戰可是打了分
1043,可是中華隊的投手四戰下來已經掉了分了
1043,以前台灣的投手有這麼弱嗎
1044,乳提
1044,剛剛第九局終於破蛋惹
1044,辛苦中華隊惹雖敗猶榮
1044,今天沒被紅色閃電完封就算贏惹
1044,有咪有掛
1045,看個棒球直聽到喇叭聲
1045,個人把中華隊吹到輸掉
1045,聽了就煩
1046,說真的，俺日球迷
1046,覺得中華隊的場真的無敵炒
1046,已經看到受不了都開靜音看
1046,巴拿馬古巴美洲球隊熱情人來瘋
1046,就不太吃這套結果更瘋
1046,義大利荷蘭歐洲球隊就被嚇到啦
1046,哈哈哈哈，是不
1047,中華古巴
1047,我們在九局上破蛋
1047,這分還是靠國防部長打回來的
1048,前兩戰打那麼多分數
1048,還在主場囂張嗨什麼鬼的
1048,是不是這場被天罰
1048,日本和美國強隊就算打安打和全壘打或是再見安打
1048,都很冷靜沒有什麼激情的動作
1048,中華隊是不是輸在太白目
1048,打安打和全壘打就好像中樂透依樣
1048,不懂的內斂
1049,大家好
1049,很難過但也不用太擔心台灣中華隊
1049,這次出現了鋒哥接班人還有我象的超水準演出
1049,所以的中華隊
1049,可以稱為什麼世代呢
1049,有卦嗎
1050,我草
1050,這什麼賽程跟賽制
1050,昨天沒睡飽就要出來打球
1050,組第輸場就掉到最後
1050,我們啦啦隊又叫又跳的
1050,對方球迷吹喇叭主辦單位不用管的
1050,應該要直接判死刑吧
1050,我們投的這麼好主審手又不舉
1050,還有對方投手褲子黑黑的可以比賽
1050,應該要直接判失格吧
1050,台灣檢調應該立即封鎖球場
1050,個古巴人都不可以放過
1050,只要捜到有油的全部抓起來
1050,大家說對不對
1051,媒體來源
1051,聯合
1051,記者署名
1051,黃仲裕
1051,完整新聞標題
1051,經典賽台灣球迷熱情應援太大聲古巴教練團不滿抗議
1051,完整新聞內文
1051,世界棒球經典賽今天中午在台中洲際棒球場舉行中華對決古巴的比賽，由於台式應援太大
1051,聲，古巴有些水土不服曾反應音量問題，不過由於沒有違反賽事規則，所以球迷仍舊照常
1051,為中華加油，熱情不減
1051,完整新聞連結或短網址不可用等轉載媒體
1051,//////
1051,備註
1051,有說兩邊其實都在大聲
1051,只抗議喇叭的
1051,沒在考慮人家要聽台灣現場萬人的聲音
1051,蠻沒同理心的
1051,觀眾球品素質真的有待加強
1052,中華隊已經很棒了
1052,世界第二要去打資格賽
1052,經典賽中止七連敗
1052,這次之前四屆三勝
1052,現在五屆五勝
1052,五屆只進過次複賽
1052,反正都輸過中國法國那些呼呼嘿嘿了
1052,惜敗巴拿馬古巴
1052,雖敗猶榮
1052,誰敢再嘴中華隊試試看
1052,我跟你拚了
1053,新聞雲
1053,張育成長打攻破紅色閃電古巴終結連局對戰無得分
1053,年月日
1053,///
1053,▲張育成
1053,圖記者李毓康攝
1053,///
1053,記者楊舒帆綜合報導
1053,經典賽中華隊日出戰古巴，面對投手群只敲出支安打，遲遲無法破蛋得分，直到局上靠
1053,張育成二壘安打送回分，這終結從年被古巴局完封連續局無得分的窘境
1053,中華隊前次在經典賽遭遇古巴是年前，當時中華隊進入複賽不敵日本後，隔天馬上再戰
1053,古巴，遭到比提前局扣倒
1053,中華隊年經典賽預賽擊敗澳洲荷蘭，以分差不敵韓國，勝敗晉級第二輪，到日本
1053,東京巨蛋與地主日本隊交手，領先到第局遭逆轉
1053,隔天再戰古巴遭到轟砲擊，包含本屆也
1053,在陣中的德斯潘耶也在該場比賽開轟過，最終提前遭到扣倒
1053,今年中華隊面對紅色閃電古巴再度陷入苦戰，連局沒辦法得分，直到局上，火球男
1053,馬丁尼茲í登板，台灣隊長王威晨敲內野安打，隨後連三打席都沒上壘
1053,的張育成突破公里火球，掃出中外野深遠二壘安打得分，為中華隊終結對戰無失分的紀
1053,錄
1053,////
1054,目前看來中華隊的路程就到此為止了
1054,那接下來要幫誰加油
1054,是要幫大聯盟全明星隊的美國爸爸加油
1054,還是幫直跟我們很好的日本加油
1055,從賽前不被看好
1055,到第場對巴拿馬更是大輸
1055,堆人覺得不期不待
1055,可能要以戰敗作收
1055,結果後面對到陣容堅強的義大利跟荷蘭
1055,幾度逆風之下居然都還打得有聲有色
1055,分組排名更度位居第
1055,今天雖然敗給古巴
1055,但覺得可以了啦
1055,本屆的鍋貼似乎沒有想像中的難吃
1055,眾鄉民覺得這次的是誰
1055,有沒有八卦
1055,阿肥我覺得就是賽前度引發爭議的辣個男人
1055,張育成，我的超人
1056,原來大家嘴巴喊中華隊加油
1056,其實早都跑去買古巴贏了
1056,果然加油歸加油
1056,贏錢還是比較爽
1056,中華隊就不要浪費錢出國了
1056,先不說了
1056,小妹也要去排隊了
1056,晚上給我們家的招財貓加菜
1056,///
1057,中華隊經典賽的賽程已經結束
1057,接下來誰贏誰輸跟我們沒什麼關係
1057,不過還是要提醒大家
1057,明天是星期
1057,要好好為賣命
1058,平心而論這次沒有亂成鍋粥
1058,應該有個分了吧
1058,旅長如果也入隊就絕對超過分
1058,搞事的就不說是誰了
1058,每推發稅後發個
1058,跳到好累回家發
1058,育成不要哭了啦
1059,中華隊奇幻旅程結束了要面對現實世界
1059,面對明天股市波動和缺水缺蛋甚至缺電什麼都缺的以及中國武力威脅，看來也準備另場真
1059,正意義上的備戰了
1059,有沒有這方面的八卦
1060,台灣棒球世界第二，今年陣容所向無敵，今天怎麼會打得
1060,這麼荒腔走板，定是妳們啦啦隊穿的不夠性感，舞跳得也不夠性感
1060,讓我們台灣男棒球士氣低迷，沒有讓我們男棒成員們眼睛吃冰淇淋
1060,該當何罪
1060,中華隊們辛苦了，下屆把這群啦啦隊全部換掉，穿泳裝來跳
1060,我們定拿冠軍
1061,中華隊雖然第天遇到亂流雖然後面回穩
1061,贏了場今天打古巴可惜打線熄火
1061,投手丟分多止步首輪經典賽
1061,現在大家應該換寄生到哪隊呢
1062,這樣的~
1062,看完比賽古巴贏中華隊
1062,就結局而言古巴有給地主國個面子
1062,至少對方拿個分也沒給地主國扣倒
1062,這樣結局已經算是皆大歡喜惹
1062,感謝分享
1062,是否有專板
1062,本板並非萬能問板
1062,三則
1062,本看板嚴格禁止政治問卦
1062,未滿繁體中文字水桶個月
1062,未滿繁體中文字水桶個月
1062,未滿繁體中文字水桶個月，嚴重者以鬧板論
1063,其實總結起來，
1063,這屆的台灣隊打者表現非常不錯，有長打製造大局的能力，屢屢給球迷希望
1063,可惜的是，中華隊的投手沒有辦法守住失分
1063,更糟糕的是，中國台北隊的教練團，調度失常，輸了不該輸的比賽
1063,希望下屆的賽事，投手跟教練的表現能跟台灣隊的打者樣出色
1063,繼續加油
1064,昨天第次跟朋友看棒球
1064,看到張什麼成的轟出四分打
1064,我就在想
1064,為啥不每次都轟出全壘打就好
1064,我現在聯絡中華隊教練來得及嗎
1065,這次
1065,我給中華隊表現
1065,分
1065,還是不及格
1065,好想中華隊進入複賽喔
1065,第場輸巴拿馬，真是打得真爛，第場賽，本該拿巴拿馬開刀，給果是大輸
1065,第二場打得真棒，沒有因第場輸球，氣勢崩掉
1065,第三場也打得不錯
1065,第四場對古巴，雖然賽前就預估會輸，結果還是沒打好，輸慘了
1065,希望中華隊
1065,可以考慮請國外教練當總教練
1065,好好規劃下次要如何進入複賽，我只要求能進入前四名
1065,輸了就是輸了
1065,期待下次
1066,在這麼重要的國際賽事
1066,就算是平日不看棒球的般人
1066,想共襄盛舉，幫中華隊加油難道不行嗎
1066,為啥棒球版這麼討厭日球迷
1067,昨天人生第次買運彩
1067,除了古巴贏還下第局和勝分
1067,想說中華隊應該不會輸太慘
1067,現在我賠
1068,看完這屆台灣的比賽
1068,發現張育成打太多分了吧
1068,義大利場是追平砲
1068,荷蘭場扣掉滿貫砲誰贏還不知道
1068,古巴場唯分也是張打的
1068,說到底萬張育成當初沒打
1068,台灣這屆會不會全敗阿
1069,安我日球迷啦
1069,昨晚中華隊打荷蘭首局失分我以為又要了
1069,聽朋友講好險林書豪在牛棚準備了
1069,中繼上場投了個絕殺三分帶領隊友拿下賽事
1069,對了我昨晚看整晚還是不懂
1069,什麼是越位
1070,變化球投那麼棒
1070,中華隊就是打不到
1070,我就問
1070,變化球投太好到底是不是用了外來物質
1071,會不會有種劇本
1071,今天晚上義大利完封荷蘭
1071,摳鬥
1071,以失分差來說
1071,難道中華隊還是沒機會嗎
1072,媒體來源
1072,今日新聞
1072,記者署名
1072,張志浩
1072,完整新聞標題
1072,經典賽張育成哭了
1072,中華不敵古巴全台球迷都心碎
1072,完整新聞內文
1072,世界棒球經典賽組預賽來到最後天的賽程，今天中華隊面對中美洲勁旅古巴隊，中
1072,華隊派出陳仕朋先發，古巴局下靠安打失誤和全壘打先拿下分，前兩局就取得比
1072,領先，局下古巴再添分，中華隊路落後但局仍靠著張育成適時安打拿下分，回饋全
1072,台力挺的球迷，但可惜最終仍以比輸球收場，而本屆打擊狀況最好還有滿貫砲演出，
1072,被台灣球迷封為國防部長的張育成也落下男兒淚，讓全台球迷感到心疼不已
1072,完整新聞連結或短網址不可用等轉載媒體
1072,/////
1072,備註
1072,///
1073,如題
1073,這次的台灣區賽事是由悍創運動行銷來承接
1073,間小小的行銷公司可以承接這種級賽事
1073,結果商品弄到沒人想買
1073,進場的票貴到天際外也沒有任何吸引人的贈品
1073,說真的行銷也是半調子，那個行銷活動就算叫統的行銷來做也做得出來
1073,最重要的賽程居然這樣搞自己的地主國，請問悍創是憑著哪點接到這個業務的
1073,還是真的沒有其他公司了
1073,這個有掛嗎
1074,安安大家好
1074,這次張育成在
1074,面對堆大聯盟等級的的投手
1074,打出的打擊率
1074,有沒有打擊率有多屌的八卦
1075,組快結束了
1075,阿肥還沒進場看過球
1075,想趁最後場看看身手
1075,現場有票可以買嗎
1075,會不會撲空
1076,經典賽東京夢碎
1076,中華隊投手崩盤慘遭古巴轟爆落敗
1076,今日新聞記者吳政紘
1076,年經典賽組預賽最後場，傳統好戲中古大戰登場，誰贏誰就還有晉級機會，
1076,結果中華隊先發投手陳仕朋僅投局就失分退場，終場中華隊就以落敗，恐怕無緣
1076,東京巨蛋，無法重演年前中華隊晉級美夢
1076,中華隊年前不但擊敗澳洲荷蘭等隊，雖然輸給韓國，但順利前進東京巨蛋，並跟日本
1076,展開經典大戰，最後日本才在延長賽險勝中華隊
1076,不過這次經典賽，中華隊首戰就以大比分落敗不敵巴拿馬，但對義大利以贏球，
1076,昨天再以擊倒荷蘭，眼看有機會晉級，但沒想到晚接早賽程，中華隊真的適應不良，
1076,直接被打回原形
1076,局下中華隊先發投手陳仕朋在出局時被敲二壘安打，接著下棒雖擊出滾
1076,地球，但游擊手江坤宇發生傳球失誤，再被日職強棒敲二壘安打掉分
1076,，又被敲分砲，讓中華隊以落後
1076,局下古巴隊也再度搶攻，連續安打搶佔三壘，
1076,敲出內野滾地球，再追加分數，陳仕朋就退場，換上陳冠偉後，中華隊又失分，被古
1076,巴新飛彈開轟
1076,局中華隊換投後，王維中又被敲出二壘安打，補上安打拉開比
1076,數到
1076,古巴隊全隊支安打，還有都有開轟，
1076,大聯盟打線更為完整
1076,中華隊打線完全遭到封鎖，古巴先發投手雷法嫕先發局無失分，被打
1076,安打，共用球，三振，保送，中繼投手投局無失分，前兄弟洋投歐
1076,尼爾燰也讓中華隊局無攻勢
1076,局中日隊守護神璯上來關門，中華隊王威晨敲出內野安打，加上三軍統
1076,帥張育成敲出二壘安打終於破蛋，但最終仍反攻無力，結束這屆經典賽
1076,////
1077,每次比賽輸就吃鍋貼
1077,中華隊吃鍋貼的機率又那麼頻繁
1077,幾年下來本魯吃鍋貼都吃到怕了
1077,大家鍋貼真的吃不膩嗎
1078,本寶寶四場比賽都有看
1078,兩場在家看
1078,場進場場酒吧
1078,加加也花了堆時間為中華隊加油
1078,如今輸球
1078,難道明天不能放輸球假
1078,讓我哀悼天嗎
1078,卦
1078,沒看比賽的請照常上班上課謝謝
1079,媒體來源
1079,記者署名
1079,陳凱力
1079,完整新聞標題
1079,慶中華隊二連勝
1079,預祝啃古成功
1079,完整新聞內文
1079,世界棒球經典賽中華隊昨日迎戰荷蘭，站前廣場湧入逾位市民朋友
1079,，起為中華隊集氣加油，終場以比取得小組賽二連勝，現場歡聲雷動
1079,今日上午時，
1079,高虹安市長現身站前廣場發放份雞排，短短分鐘全數發放完畢，盼以吃雞啃古
1079,象徵成功擊敗古巴，順利挺進東京晉級八強
1079,直播派對也成功帶動舊城區人潮與商機，
1079,附近店家開心地分享單日業績成長近成
1079,高虹安昨晚賽後於臉書預告，今日中午還有中華隊迎戰古巴，為歡慶中華隊昨晚取得二連勝
1079,，上午時她也再次回到站前廣場發放份雞排，除了為中華隊集氣加油，還邀請市民
1079,起預祝中華隊打敗古巴隊前進東京
1079,今日上午點前，站前廣場就已湧入逾公尺排隊人潮，甚至有特地從桃園到場支援的熱
1079,血球迷
1079,歲梁先生表示，昨晚在臉書上看到新竹市直播派對，看起來特別熱鬧有趣，今天
1079,特地前來參與，想要來體驗新竹人的熱情，並大喊我想要跟新竹市起見證中華隊前進
1079,東京的時刻
1079,此外，來自
1079,，並與
1079,高虹安市長合影留念
1079,還有奶奶也帶著小孫女前來領雞排，開心地喊能夠領到市長的雞
1079,排很開心，中華隊加油
1079,完整新聞連結或短網址不可用等轉載媒體
1079,/////
1079,備註
1079,滾動
1079,從來沒去那邊嘻
1080,"肥肥今天賭古巴隊,元，結果中華隊給我贏分，肥肥的晚餐直接消失了"
1080,這是讓肥肥減肥的意思嗎
1080,氣氣氣氣氣
1081,婉拒中華隊邀約卡洛爾獲響尾蛇年億美元肥約
1081,//中時新聞網盧品青
1081,台美混血兒柯賓卡洛爾即將獲得響尾蛇的大禮，年億美元續約新台幣億，加上年第年球團選項與激勵獎金，總值上看億美元新台幣億
1081,今年歲的卡洛爾是大聯盟排名第的新秀，他去年從升到，月底被叫上大聯盟，場比賽打擊率，長打率成，達到標準化攻擊指數
1081,因為上季打席不夠，卡洛爾將有資格在新球季爭奪國聯新人王
1081,在大聯盟服役不滿百日又沒打過海外職棒的球員之中，卡洛爾的合約是史上最大，遠遠超越前人萬美元的紀錄，顯見響尾蛇想要換血的決心
1081,卡洛爾的平均年薪為萬美元，續約已經包含他未來薪資仲裁的那幾年，對於響尾蛇來說也是划算的
1081,卡洛爾擁有半台灣血統，父親是美國西雅圖的白人，母親是台灣人
1081,他是左打左投的外野手，體格公分公斤並不具優勢，但他的力量相當不錯
1081,他小時候是西雅圖水手的球迷，所以最喜歡的球員是鈴木朗和克魯茲
1081,卡洛爾有資格代表中華隊出征本屆經典賽雙親之擁有國籍就可以，不過他以備戰大聯盟賽季為由婉拒
1081,///
1081,備註
1081,這次中華隊真的缺好投手
1082,如題，
1082,中華隊只有幾位投手能壓制對方，
1082,其餘十多位上來就是爆光光，
1082,阿肥我小學剛好最愛玩的就是阿肥，玩到金飛機紅三，那中華隊投手換算會是什麼階級呢
1083,餓死抬頭
1083,看了四場中華隊之後這運動館應該沒用了
1083,原本都看兩個啦啦隊視角
1083,不過日韓好像也有啦啦隊他們有啦啦隊視角嗎還是台灣才有
1084,經典賽看下來
1084,感覺台灣原住民的體能跟漢人真的不是個級別
1084,阿美族的張育成有夠猛
1084,但問題是日本人沒有所謂原住民吧
1084,他們怎麼會有大谷翔平吉田正尚鈴木誠也
1084,佐佐木朗希山本由伸近藤健介村上宗隆這些怪物啊
1084,他們是日本人的哪族嗎
1085,來喔比賽結束，謝謝中華隊，辛苦了
1085,球員表現都很棒
1085,我要來開砲了
1085,悍創號稱大聯盟主導賽程安排
1085,好啊，請你們把跟大聯盟爭取的文件全部拿出來，你們來回爭取幾次主場賽程
1085,句話敷衍球迷，當大家傻嗎
1085,別告訴我這跟樣沒有紀錄喔
1085,請給大家看看你們所謂的努力爭取是什麼
1085,地主球隊排這種地獄賽程合理
1085,還是你們為了賺錢就乖乖聽大聯盟安排
1085,你們獲得多少收益
1085,每個人都想賺錢，但你們也是中華民國國民吧
1085,你們有沒有替國家球員爭取最大的好處
1085,經典賽四組地主隊，中華隊在台中是唯沒有主場優勢的賽程
1085,是唯個有晚上打完，個小時後要再到球場達第二場的地主隊
1085,而日本隊則是四場比賽都是晚場，中間還有天休息時間
1085,大聯盟安排
1085,你當長期看球的球迷是傻子嗎
1085,上禮拜因為我買到瑕疵週邊商品
1085,記者採訪我，問我有什麼要悍創回應的
1085,我就順便提出賽程安排的質疑要悍創回答
1085,加上許多球迷質疑已久
1085,但幾乎很少媒體報導賽程的事情
1085,不得不說真的關係打很好
1085,真的可以轉型媒體公關公司了
1085,剛剛中華隊總教練林岳平總教練賽後表示
1085,今天很多選手身體不舒服
1085,這就是今天為什麼打擊沒辦法發揮
1085,因為悍創協辦沒有盡到替台灣爭取最好的賽程安排，這就是輸球的原因
1085,所以沒有各位網友的砲火，媒體是不會重視這件事情的
1085,悍創是不會改變，也不會倒的
1085,請用力抵制這間滿腦子想著賺錢的惡質公司
1085,棒球迷不好惹，去年月大家都應該見識到了
1085,總監穿白衣服受訪，心是白的嗎
1085,///
1085,請記者和立委諸公們來幫高調
1085,也請各位鄉民網友們幫高調
1085,今天中華隊如果是像日本隊在東京樣
1085,連續四場在晚上比賽
1085,或是前兩天晚場，休天，午場，最後天接晚場
1085,我想結果不定會是這樣的
1085,謝謝
1086,現在中華隊已經確定淘汰
1086,連日來日球迷們到處亂版的現象
1086,是不是可以消停會兒了
1087,如題
1087,假日都是賽，隨便轉台就是在拍啦啦隊，連廣告都是啦啦隊，
1087,"長輩隨口說出兩個字，""變態""，整天在拍啦啦隊"
1087,我事後想想，真的很變態
1087,我想性犯罪年齡下降應該是未來趨勢
1087,廣州男童盯上妙齡女尾隨其後竟還出手抓奶大陸新聞
1088,對戰義大利，有人吃披薩
1088,對戰荷蘭，有人吃荷包蛋
1088,對戰古巴，有人吃古巴三明治
1088,但是路上賣古巴三明治的店家似乎不是隨處可見
1088,是不是因為大家古巴三明治吃太少所以導致今天的敗北
1088,反過來說，古巴的鄉民們吃了什麼食物反制中華隊啊
1088,雞排
1088,珍奶
1088,臭豆腐
1088,蚵仔煎
1088,大腸麵線
1089,我知道中華隊贏古巴就晉級
1089,今天輸古巴就確定掰掰了
1089,聽說墊底下屆要打資格賽
1089,中華隊已經確定是墊底了嗎
1089,還有救嗎
1090,今天買古巴的，結果九上中華隊贏分，那些買古巴的現在在想什麼呢
1090,就是肥肥啦
1090,嗚嗚嗚嗚嗚嗚
1091,備註請放最後面違者新聞文章刪除
1091,媒體來源
1091,三立新聞
1091,記者署名
1091,陳慈鈴
1091,完整新聞標題題
1091,經典賽鳳梨押台灣結果輸古巴分
1091,網炸鍋你給我開記者會道歉
1091,完整新聞內文
1091,網紅鳳梨吳泓逸不只瘋世足，年世界棒球經典賽也不缺席，昨晚押荷蘭，
1091,結果台灣隊最終以擊敗荷蘭，讓許多人感謝冥燈發威
1091,然而，鳳梨今日
1091,重注了中華隊讓分，最終由古巴以，取得本場勝利，讓網友氣憤大喊你給我開
1091,記者會道歉喔
1091,鳳梨今日稍早在臉書發文提到，台灣經典賽首戰巴拿馬，他以愛國之姿力挺，結果被分
1091,落幕
1091,第二戰背棄國家力挺義大利，結果台灣隊發威完勝義大利
1091,第三戰他依舊不知悔改
1091,力挺荷蘭，結果台灣隊牙起來讓荷蘭落敗
1091,因此，鳳梨經整晚的反省後，我深知自己
1091,這樣背叛國家是錯誤的我今天重注了中華隊讓分
1091,然而，台古大戰開局就被古巴轟出支全壘打，比分落後，直到第局上，才由剛獲封
1091,台史最強打手張育成幫台灣隊取得分，但最終台灣仍以輸給古巴，無緣前進東京
1091,而台灣隊教練也透露，球員今日上午健康有出狀況，但對於本次台灣隊的表現，他也予
1091,以讚許
1091,面對台灣隊落後古巴的結果，鳳梨坦言我已經想不到任何言語能夠表達我此刻的心境
1091,我的天空是灰色的
1091,同時，許多網友也湧入貼文下方留言，最佳戰犯代言人
1091,靠
1091,你給我開記者會道歉喔
1091,我的台灣不是說好你要當永遠的反指標嗎
1091,怎麼會有人輸三天還害自己國家的你為什麼不堅持你的背叛為什麼不押
1091,古巴
1091,完整新聞連結
1091,///
1091,備註
1091,我老公鳳梨又調皮了
1092,新竹大秘寶
1092,無法通過驗證
1092,不然大家都不用午場
1092,古巴當地這麼熱
1092,打晚場定烙賽
1093,媒體來源
1093,記者署名
1093,江采蓁
1093,完整新聞標題
1093,中華隊惜敗古巴無緣晉級陳建仁打氣你們永遠是
1093,的驕傲
1093,完整新聞內文
1093,世界棒球經典賽中華隊日中午出戰古巴，遲遲無法破蛋得分，直到局上靠張育成
1093,二壘安打送回分，但最後仍以惜敗古巴，確定無法晉級下輪賽事，張育成也不甘心地
1093,流下英雄淚
1093,對此，行政院長陳建仁也立即透過臉書發文表示，不管最後勝負爲何，你們
1093,永遠都是
1093,的驕傲，我們永遠都以
1093,為榮
1093,中華隊日出戰古巴，面對投手群只敲出支安打，遲遲無法破蛋得分，直到局上靠張育成
1093,二壘安打送回分，這終結從年被古巴局完封連續局無得分的窘境，中華隊路苦
1093,戰最後終於打破被完封的命運
1093,中華隊前次在經典賽遭遇古巴是年前，當時中華隊進入
1093,複賽不敵日本後，隔天馬上再戰古巴，遭到比提前局扣倒
1093,此結果令許多球迷痛心，但對於中華隊努力堅持到底的精神仍非常感動，陳建仁也
1093,表示，謝謝所有代表台灣的選手，你們的拚戰精神，讓球迷再次燃起熱情，讓國人再
1093,次團結心，不管最後勝負爲何，你們永遠都是
1093,的驕傲，我們永遠都以
1093,為榮
1093,完整新聞連結或短網址不可用等轉載媒體
1093,/////
1093,備註
1093,不是中華台北
1094,查了下月份張育成標題文章
1094,在推文各種紅字噓酸爆張育成
1094,極盡嘲諷之事
1094,推文不能刪改
1094,這些人不用出來道歉嗎
1095,雖然今天吃了盤很苦澀的鍋貼，
1095,可是看到昨天剪的官方比賽精華影片
1095,///
1095,///
1095,///
1095,影片結尾直接放慢張育成部長的歡呼跟宋家豪的振臂，再配上全場球迷的吶喊
1095,，
1095,好感動
1095,大家也是樣感動吧
1095,中華隊台灣英雄們還是好棒
1096,媒體來源
1096,華視新聞網
1096,記者署名
1096,林琬瑜陳藝緯陳知學報導
1096,完整新聞標題
1096,國防部長張育成手勢紅到國外
1096,捷克也敬禮了
1096,完整新聞內文
1096,經典賽中華隊張育成因為好表現被球迷稱為國防部長，在球場上全壘打安打上壘後
1096,都比出敬禮的慶祝手勢受到國際媒體關注
1096,而且日捷克對日本比賽時，可以看到捷
1096,克隊得分時也做出相同手勢
1096,現在不只敬禮手勢超火紅，賽後中華隊的選手們圍繞在投手
1096,丘向球迷答謝的圓陣再度受到熱議，讓球迷們紛紛在社群媒體留言表示，好喜歡這樣的風
1096,格
1096,應援台上啦啦隊員們動作整齊劃，賣力替場上選手們讚聲帶動現場氣氛，但有個人卻
1096,好吸睛，站在群眾最前頭不斷地用力甩頭，他是經典賽團長，用生命在應援，跟搖
1096,滾歌手樣的甩頭畫面也紅到全世界，有網友在下面，還有國外
1096,網友回應這就是台灣應援精神
1096,比賽過程中，經典女孩指併攏放在額頭比出敬禮手勢，這個動作也成為近期最夯的話題
1096,，國防部長張育成連天帶領中華隊拿下勝利，如今洲際球場滿場球迷全體敬禮
1096,的畫面也藉由轉播傳送到世界，讓外國球員也有樣學樣
1096,日捷克對日本比賽時，可以
1096,看到捷克隊得分時球員也在休息室做出相同手勢
1096,招牌手勢紅到國外，另外還有這個動作
1096,，比賽結束後全體球員圍繞在投手丘向球迷答謝的圓陣也再度受到熱議，國外球迷說這就
1096,是亞洲文化的特別之處，好喜歡這樣的風格
1096,，中華隊的熱情與謙虛，透過國際媒體
1096,放送在全世界，也打響了的名號
1096,///
1096,///
1096,新聞影片
1096,///
1096,完整新聞連結或短網址不可用等轉載媒體
1096,//////
1096,備註
1096,至少這屆打響了的名聲，大聯盟選手都震撼台灣的應援氛圍
1096,///
1097,中華隊中午對上古巴結果輸ㄌ
1097,女同事到現還無法釋懷
1097,身為暗戀對象ㄉ我該怎麼安慰女同事讓他走出輸球ㄉ陰霾
1097,☹☹
1098,如題
1098,本來不回來公關危機大家狂臭
1098,會長訪談後又大轉彎說答應
1098,現在回來打超好大家全服了
1098,剛剛那個哭直接台灣之光了吧
1098,這波~的操作
1098,是不是比開始就答應回來更神
1099,那個中華隊被打爆了
1099,已經可以回去了
1099,今天可以去代購了
1099,那麼他們會去買什麼啊
1099,有沒有八卦啊
1100,世界盃巧固球錦標賽
1100,歲男子組冠軍中華台北
1100,歲女子組冠軍中華台北
1100,歲男子組冠軍中華台北
1100,歲女子組冠軍中華台北
1100,歲男子組冠軍中華台北
1100,歲女子組冠軍中華台北
1100,為何中華隊可以直拿冠軍
1100,有沒有卦
1101,是否有專板
1101,本板並非萬能問板
1101,三則
1101,本看板嚴格禁止政治問卦
1101,未滿繁體中文字水桶個月
1101,未滿繁體中文字水桶個月
1101,未滿繁體中文字水桶個月，嚴重者以鬧板論
1101,突然剛才台北市下了超大雨
1101,跟颱風沒二樣
1101,是因為中華隊輸球而哭泣嗎
1101,老天都忍不住哭了
1101,///
1102,如題中華隊淘汰了
1102,很多人在失望之餘會發出不切實際的抱怨
1102,就差個王建民
1102,如果王建民還在就好了
1102,老實跟你們說
1102,年的六成老王我們就不提了
1102,假設有的巔峰老王
1102,你覺得結局會改變嗎
1102,我告訴你很難
1102,世界棒球水準各國都提升了不只打者而已
1102,投手也是
1102,對王建民而言現在的打者沒有以前好應付了
1102,同樣的王建民在他那個時代以他的投球機制和當時的棒球風格
1102,曾經確實很強不到超強
1102,跟他同時期的超強應該算
1102,還有那幾個
1102,但放在王建民確實算是比普通強再強那麼丟丟的選手
1102,至於在國際賽來講那全盛期的他可算是和達比修松坂大輔平級的
1102,但無從驗證全盛期的他不能洋基也不允許他參加國際賽
1102,我們只能從年他的水準來推測前面
1102,至於放在現在各國打者突飛猛進的時代呢
1102,你光看日本的大砲從中村紀洋大谷翔平
1102,台灣的重砲從林智勝張育成就好
1102,把王建民放到現在
1102,他不會變成二流投手但會從超流變成普通流
1102,我這樣比喻吧大家都知道全盛時期末初的王祖賢超正正翻了
1102,告訴你那叫做印象加成
1102,如果把巔峰時期的王祖賢放在美女如雲顏值大通膨的當代台灣
1102,現在的台灣線美女有鄭家純歐陽娜娜小馮滴妹林襄
1102,板凳區還有周子瑜黑嘉嘉峮峮待命牛棚熱身
1102,王祖賢傳說也就變得還好而已
1102,所以說不要緬懷過去
1102,回憶有加成王建民不見得有這麼強
1103,備註請放最後面違者新聞文章刪除
1103,媒體來源
1103,記者署名
1103,記者王真魚台中報導
1103,完整新聞標題
1103,中華隊晚接午爛賽程遭球迷罵爆悍創概括承受
1103,完整新聞內文
1103,經典賽中華隊難熬晚接午地獄賽程，預賽最終場比敗給古巴遭淘汰
1103,中華隊總教練林岳平坦言這戰相當煎熬
1103,承辦單位悍創臉書發感謝文卻遭灌爆，球迷怒罵爛賽程
1103,中華隊昨天晚上迎戰荷蘭，今天中午立刻與古巴交手
1103,林岳平表示，這樣的賽程，確實讓選手身體明顯疲勞，很多選手身體有些狀況，確實很煎熬
1103,悍創稍早在臉書發文，感謝台灣英雄打出精彩好球，最美的故事不定是最好的結局，有起有落有歡笑有淚水的過程，會更刻骨銘心的烙印在我們心中，謝謝每位中華英雄們，給我們這段永生難忘的經典故事，最後，請大家把掌聲留給所有英雄，臺灣有你們真好，
1103,不過球迷並不領情，痛批賽程排得非常爛，大罵根本沒有主場優勢，主辦國晚場接隔天午場，年前的教訓學不會主辦國還能晚接午搞死球員還真的謝謝你們真的是古巴
1103,地主國把自己賽程排這樣掌聲留給英雄，噓聲留給悍創
1103,對於球迷湧進臉書留言，悍創表示，去年月開始努力協調賽程，無奈大聯盟說的算，球迷如果需要宣洩缺口，我們概括承受
1103,完整新聞連結或短網址不可用等轉載媒體
1103,////
1103,___
1103,備註
1103,我負責
1104,如題
1104,我朋友說的啦
1104,這幾天堆日球迷
1104,還堆啦啦隊新聞
1104,中華隊輸了也好
1104,可以安靜看球
1104,看看日職明星選手的表現
1104,棒球迷真的是這樣想嗎
1105,媒體來源
1105,三立新聞
1105,記者署名
1105,記者劉彥池台中北屯報導
1105,完整新聞標題
1105,經典賽台灣隊不敵古巴無緣東京複賽經典女孩哭成淚人兒
1105,完整新聞內文
1105,///
1105,▲經典女孩峮峮賽後紅了眼框
1105,圖記者劉彥池攝影
1105,台灣隊在世界棒球經典賽組預賽最後戰不敵古巴，確定無緣前往東京參加複賽
1105,賽後在場邊帶領萬名球迷應援的
1105,經典女孩包括峮峮慈妹丹丹和都留
1105,下不甘心的眼淚
1105,峮峮日受訪時曾說，自己不是屬於激動派，像張育成對荷蘭擊出滿貫砲的當下，她不像
1105,有些女孩落淚，峮峮說自己只會興奮地大叫，但日的比賽輸給古巴無緣晉級東京複賽，
1105,峮峮賽後還是紅了眼眶
1105,她接受三立新聞網採訪時透露，參加啦啦隊年第次跳國際賽，心情很難平復
1105,比賽結束後她和要趕去另場活動，希望趕快走出這個難過的氛圍，峮峮說
1105,被台灣隊球員永不放棄的精神和大家齊心應援的熱情感動，雖然不甘心，但雖敗猶榮
1105,///
1105,▲經典女孩丹丹賽後落淚
1105,圖記者劉彥池攝影
1105,在比賽結束當下哭成淚人兒，她受訪時覺得很可惜也很感動，說滿場球迷
1105,跟我們起奮戰吶喊到最後刻，雖然落後，不過不到最後刻永不放棄，最後局團結
1105,心全體站著應援
1105,給球員們最大聲的加油，現場滿場的應援真的會讓人起雞皮疙瘩
1105,很珍惜這次經典賽的應援能站在應援舞台上起為台灣隊加油是件非常榮幸的事
1105,，也很開心前場的氣勢很棒
1105,在主場拿下連勝，台灣男兒最棒
1105,///
1105,▲經典女孩慈妹賽後落淚
1105,圖記者劉彥池攝影
1105,和峮峮站在同邊應援的慈妹賽後也哭很慘，旁邊的奶昔也忍不住淚水
1105,完整新聞連結或短網址不可用等轉載媒體
1105,////
1105,備註
1105,竟然哭了
1106,////
1106,中華隊惜敗無法前進東京蔡英文說話了
1106,記者方炳超報導
1106,發佈時間//
1106,最後更新時間//
1106,世界棒球經典賽組預賽，今日中午由中華隊出戰強敵古巴，最終中華隊以
1106,比敗下陣來，無緣晉級八強賽事
1106,總統蔡英文下午在臉書貼文，感謝所有台灣英雄，所
1106,有台灣球迷也都團結心為台灣隊加油，令人感動
1106,蔡英文表示，感謝所有台灣英雄
1106,在這次的世界棒球經典賽中，所有台灣球迷都團結心
1106,為台灣隊加油，我們共同見證了次又次球員們發揮拚勁逆轉求勝的精采時刻
1106,我們
1106,也看到，滿場的球迷，不論台灣隊領先或落後，大家都沒有放棄，仍然奮力加油吶喊，
1106,不到最後不放棄希望，令人感動
1106,蔡英文指出，當台灣球員有好表現擊出全壘打時，大家的熱血沸騰與感動，相信也已經
1106,深深留在每個球迷心中
1106,所有台灣隊的英雄，我們永遠以你們為榮
1106,挺台灣
1107,雖然比賽內容有好有壞
1107,但反正中華隊比賽結束了
1107,大家準備好寄生哪隊了嗎
1107,日本
1107,美國
1107,還是中美洲搞不太清楚到底在哪裡的國家呢
1108,買的到蛋，就沒缺蛋
1108,水龍頭還有水，就沒缺水
1108,戰還有勝，就沒有輸
1108,請大家起喊，中華隊沒有輸
1108,中華隊還有勝，怎麼可以說中華隊輸了
1109,剛剛世界大谷終於打出第轟
1109,結果被個女球迷撿到
1109,根本爽翻了
1109,日本定會有很多人高價搶著要收藏
1109,這顆球上網賣的話能不能買間房了呢
1110,洋基法官賈吉台灣人阿
1110,這次為什麼不徵召
1110,是他不打嗎
1110,有賈吉助陣的話這次中華隊還會怕古巴大雪茄
1110,所以說台灣真的不要看人家沒有
1110,以為分到最軟的組就不徵召大聯盟的好手
1110,賈吉聽到沒有下次不回國打就叫你回來當兵
1110,氣死人了
1111,中華台北對上巴拿馬中華隊以輸了
1111,中華台北對上義大利中華隊以贏了
1111,中華台北對上荷蘭中華隊以贏了
1111,中華台北對上古巴中華隊以輸了
1112,中華隊打完收工
1112,接下來八強跟總冠軍戰應該都有日本隊
1112,肥魯等都去買元日本總冠軍
1112,該加入日本隊應援了吧
1113,中華隊，基礎防守都沒練好
1113,就想提槍上陣，當然面臨大挫敗啊
1113,就像，你明知道要考試，但你完全沒看書，
1113,直接上考場，當然考很爛啊
1113,不然咧
1113,機會是留給準備好的人
1113,不是留給些心存僥倖的人，只想投機取巧，
1113,可是天下沒有白吃的午餐，
1113,分耕耘分收獲的道理，這是永遠不會改變的
1113,傲慢和容易自滿，是求取進步的大敵，
1113,剛好這兩點就是中華隊員為人普遍的詬病之處
1113,只是他們都沒注意到而已
1113,剛贏個荷蘭，就開始飄飄然了，心飄到哪裡去都不知道了
1113,小怪都清不乾淨了，還想打，偏偏就剛好碰到古巴，輸球也只是剛好而已
1113,中華隊甚麼時候才會覺醒啊
1113,真的快看不下去了
1114,經典賽晚接午賽程被罵爆悍創曝原賽程已盡力協調
1114,聯合報記者
1114,蘇志畬
1114,台中即時報導
1114,中華隊今天以輸給古巴隊，確定無緣晉級經典賽複賽，外界怪罪賽程安排晚接午不利中華隊，甚至影響球員調整，承辦單位悍創運動行銷表示，當初已經盡力跟大聯盟協調，在可以更動的範圍內盡力爭取，願意承擔球迷的批評
1114,中華隊這次賽程是日對巴拿馬日對義大利日對荷蘭日對古巴，前三場都是晚上開打，最後天移到午場，也代表最後兩場休息時間不到小時，中華隊總教練林岳平也指出，對古巴之戰很多球員身體出狀況，打得很煎熬
1114,悍創運動行銷總監高偉凱表示，悍創作為承辦單位，賽程是由主辦單位大聯盟安排，原本中華隊賽程甚至出現兩場午場，但最後協調結果，變成三場晚場再接午場
1114,外界質疑為何日本隊可以連打四場晚場，中華隊卻不行
1114,高偉凱指出，各個賽事舉辦地區，大聯盟的承辦人員都不相同，願意調整的空間也不同，無法概而論
1114,高偉凱表示，大聯盟作為主辦單位，勢必要顧及所有參賽隊伍的公平性，無法給予主場球隊完全有利位置，在賽程的選項調整上，自然無法給出主場隊伍完美的賽程安排
1115,贏義大利荷蘭觀眾有爽到
1115,也讓本土球員像林立吳哲源等證明了身價
1115,輸古巴
1115,讓旅外仔的也可以早點回去春訓
1115,這幾天政客該蹭的也蹭到了
1115,想長遠的未來台灣還可以爭取舉辦資格賽預賽
1115,台灣廠商發大財
1115,這次預賽台灣各方來說沒有輸家大家
1115,堪稱歷屆最好的劇本沒有之了吧
1115,大家怎麼看
1116,媒體來源
1116,記者署名
1116,記者黃仲裕台中即時報導
1116,完整新聞標題
1116,經典賽台灣輸球卻向全場致謝大聯盟投手為風度鼓掌
1116,完整新聞內文
1116,///
1116,世界棒球經典賽今天在台中洲際棒球場舉行中華對決古巴的比賽，中華隊輸球後在投手丘
1116,上向全場球迷致謝，古巴有大聯盟經驗投手伊萊斯右二為中華隊的
1116,風度鼓掌喝采
1116,記者黃仲裕攝影
1116,台灣球隊在比賽後都有聚在投手丘圍成圈向全場致謝的習慣，在這次經典賽也不例外
1116,今天中午對決古巴的戰役，終場以比慘敗給古巴，無緣複賽，賽後全體球員仍照慣例，
1116,在投手丘週圍圍成圈向全場致謝
1116,古巴隊有年大聯盟資歷的投手伊萊斯
1116,深受中華隊的風度感動，在旁為中華隊的風度喝采
1116,主辦單位在官方公開台灣鞠躬影片後，吸引不少外國球迷留言稱讚令人尊敬我
1116,喜歡這種文化我尊敬台灣隊很棒的文化等
1116,如今連大聯盟投手都在國際賽
1116,上親眼見證，因而深受感動，又再次的讓國際看見台灣
1116,完整新聞連結或短網址不可用等轉載媒體
1116,//////
1116,備註
1116,這是台灣特有的文化嗎
1117,經典賽
1117,，預賽最終場比敗給古巴遭淘
1117,，台灣人多以工作為重，選擇犧牲婚育家庭
1117,就連台積電到美國，
1117,台灣企業不缺人才，只缺奴才
1117,中華隊晚接午考驗台灣奴性
1118,古巴隊分領先
1118,鳳梨心碎認了重押中華隊網怒冥燈無誤
1118,網紅鳳梨吳泓逸以台式談吐風格於直播中竄紅，經常自稱鼠署的他不做作個
1118,性圈粉無數，而他也曾透露自己完全沒賭運逢買必輸，還被粉絲冠上冥燈稱號
1118,隨
1118,著世界棒球經典賽激烈開打，鳳梨也從中印證其反指標威力，怎料今日中華隊對戰
1118,古巴隊時，他卻改押中華隊讓分，嚇壞票網友
1118,網紅鳳梨於臉書發文提到，中
1118,華隊於經典賽首戰對上巴拿馬，他以愛國之姿力挺中華隊，卻迎來分落後下場
1118,第戰
1118,時，他決定背棄國家力挺義大利，終於等到中華隊發威，以完勝義大利
1118,來到第
1118,戰，鳳梨表示自己依舊不知悔改，繼續力挺對手荷蘭，果不其然中華隊瞬間牙起來
1118,，荷蘭因此落敗
1118,鳳梨接著說，經連夜反省之後，他痛定思痛，深知背叛國家是錯誤的
1118,，因此在今日中華隊對戰古巴重注了中華隊讓分，眼看目前局勢為古巴隊領先中華
1118,隊，他無奈的說我現在臉上已經沒有任何絲情緒人人都叫我地獄倒楣鬼
1118,他
1118,最後補充，我已經想不到任何言語能夠表達我此刻的心境我的天空是灰色的
1118,貼文
1118,曝光後，網友紛紛留言，看來要跟你反方向才不會衰鼠署買下古巴吧，拜託你
1118,了我決定了鳳梨阿伯，以後叫你衰尾道人鼠署可以出發了，餅總邀請你起
1118,參加賽後記者會看轉播到輸分時，我就想說上來看看您今天下注哪家你為
1118,什麼不堅持你的背叛冥燈無誤不是說好了要古巴嗎反指標持續
1118,發揮威力太強大
1118,////
1119,大家這次台灣在的出場機會沒了
1119,敗戰原因很多，但有個明顯的關鍵因素，就連許多日球迷都能看出有問題的地方
1119,那就是為何悍創的賽程安排讓台灣選手休息未滿日
1119,現在大家都風風火火的將矛頭指向悍創
1119,但大家在指責的同時，你們都不怕悍創老闆因為規劃不周導致台灣國球止步於此的的壓力太
1119,大而自殺嗎
1119,人家日本老闆都因為自己的不道德自殺了
1119,輸球可以下次再來，但人死不可復生啊
1119,國球輸球的壓力，會讓悍創老闆因此自殺嗎
1119,來，你怎麼看
1120,這次
1120,平常些沒在關注棒球的妖魔鬼怪都跑出來蹭
1120,說些台灣隊每個人都是英雄的雞巴幹話
1120,洗整排
1120,然後談到改革沒半撇裝死神隱
1120,這次誰蹭的最噁
1120,我哈了四次
1121,這次中華隊雖已拼盡全力，仍不敵強敵，無緣晉級
1121,這對棒球強國的日本隊及美國隊來說，應該是鬆了口氣
1121,畢竟我們隊伍直以來都是巨人殺手，遇強則強，常叫強敵們頭痛
1121,全國上下心，也往往引起外媒們的興趣
1121,請問有沒有想喝日本酒吃美式炸雞的八卦
1122,","
1122,///
1122,就餓死抬頭
1122,現在日本澳洲
1122,五局上比
1122,二壘有人
1122,日本可以把澳洲壓低分數
1122,日本是不是穩了
1122,卦
1123,中華隊打擊已經有水準了
1123,看起來還是投手戰力不足
1123,第場投手用了個
1123,所以最關鍵還是這場比賽輸掉
1123,也丟了太多分
1123,到了對戰古巴
1123,能用的投手也不多了
1123,也丟了不少分數
1123,這屆說起來還是投手戰力的問題
1124,最噁心的定是發雞蛋那些人啊
1124,其他人不過就是講講幹話說個加油
1124,就算實際上沒有起到幫助至少也是個正向的鼓勵
1124,支持者看看喊個加油也就過了
1124,偏偏就是有人要在這種時候炒作議題
1124,搞不好為了作秀還搞到市場更吃緊
1124,慶祝的時候還要特別酸下缺蛋
1124,用體育的成功來博取自己在負面議題的關注度
1124,還是各位覺得這種行為比喊加油更高尚
1125,國防部長張育成手勢紅到國外
1125,捷克也敬禮了
1125,年月日
1125,台中市/林琬瑜陳藝緯陳知學報導
1125,華視新聞
1125,經典賽中華隊張育成因為好表現被球迷稱為國防部長，在球場上全壘打安打上壘後都
1125,比出敬禮的慶祝手勢受到國際媒體關注
1125,而且日捷克對日本比賽時，可以看到捷克隊
1125,得分時也做出相同手勢
1125,現在不只敬禮手勢超火紅，賽後中華隊的選手們圍繞在投手丘向球
1125,迷答謝的圓陣再度受到熱議，讓球迷們紛紛在社群媒體留言表示，好喜歡這樣的風格
1125,應援台上啦啦隊員們動作整齊劃，賣力替場上選手們讚聲帶動現場氣氛，但有個人卻好
1125,吸睛，站在群眾最前頭不斷地用力甩頭，他是經典賽團長，用生命在應援，跟搖滾歌
1125,手樣的甩頭畫面也紅到全世界，有網友在下面，還有國外網友回
1125,應這就是台灣應援精神
1125,比賽過程中，經典女孩指併攏放在額頭比出敬禮手勢，這個動作也成為近期最夯的話題，
1125,國防部長張育成連天帶領中華隊拿下勝利，如今洲際球場滿場球迷全體敬禮的
1125,畫面也藉由轉播傳送到世界，讓外國球員也有樣學樣
1125,日捷克對日本比賽時，可以看到捷
1125,克隊得分時球員也在休息室做出相同手勢
1125,招牌手勢紅到國外，另外還有這個動作，比賽結
1125,束後全體球員圍繞在投手丘向球迷答謝的圓陣也再度受到熱議，國外球迷說這就是亞洲文化
1125,的特別之處，好喜歡這樣的風格
1125,，中華隊的熱情與謙虛，透過國際媒體放送在全世界
1125,，也打響了的名號
1125,//////
1125,團長
1125,///
1126,高機率中華隊組墊底
1126,下屆要從資格賽打起
1126,那麼問題來了
1126,有哪個專業的團隊可以辦資格賽
1126,才能有最合理的賽程票價有掛嗎
1127,選手號台南
1127,賽前預測張育成不會參加這次，有他沒他都樣
1127,結果最後逃兵變將軍，成為這次最重要的火力輸出，讓台灣贏了兩場
1127,輸掉的場也輸得有尊嚴
1127,選手二號小商人
1127,號稱下對家養全家，但這次似乎法力不足，可能是精力用在別的地方後續無力
1127,選手三號財經網美巴逆逆
1127,在對荷蘭戰的後段加入戰局高喊中華隊必勝，結果投手群立刻陷入亂流燒光人力儲備
1127,接著隔天對古巴戰，台灣投手群槓上開花最後噴了分
1127,請問下這次鬥法大賽是誰贏了
1127,我發廢文至少賺了幣
1127,你躲推文什麼都沒有柯憐啊~
1128,想壓下發現什麼賭盤都沒有
1128,不然就開下沒多久賭盤就不見了
1128,想串關結果只開場
1128,看國外的早就都開賭盤了
1128,台灣運彩是不是很怕輸啊
1129,剛剛看臉書推播才知道
1129,四個討論度最高的
1129,黃捷李正皓洪慈庸
1129,落選被罷免被提罷免的人都來到場上爲中華隊加油打氣
1129,是不是很正能量的種表現
1129,///
1130,請問下
1130,就今天中華台北隊被古巴打爆無緣八強
1130,就堆人酸賽程太爛晚午場中華隊沒時間休息
1130,但是荷蘭連兩天晚接晚賽程還不是要兩連敗
1131,四場比賽得超多分
1131,還有二分砲跟滿貫砲
1131,雖然還是樣鍋貼去不了東京啦
1131,那兵役問題有解嗎
1131,表現這麼好可以免役嗎
1131,或是有其他解套方案
1132,我們都知道今天我們中華隊不慎也不甘心輸給了古巴隊
1132,這的確很難過，也無法進入複賽
1132,但我們應該從失敗汲取教訓
1132,化悲憤為力量
1132,不去指責誰，只要成立贏球辦公室
1132,或是將今年改成棒球元年
1132,應該就能讓棒球變得更好了吧
1132,你膩
1133,新聞雲星光雲
1133,年月日
1133,記者孟育民台北報導
1133,中華隊無緣前進東京
1133,林襄相擁痛哭畫面曝光最棒的台灣英雄
1133,年經典賽日預賽最後場碰上古巴，中華隊終場比落敗，確定無緣
1133,晉級前強，前進東京夢碎
1133,身為啦啦隊的林襄，除了被網友捕捉到在台上落淚
1133,的畫面，她也在社群放上和女孩們相擁痛哭的照片，表示這幾天非常難忘，謝
1133,謝你們，從世界各種角落回來的英雄們，帶給我們這麼美好的天，辛苦你們
1133,了
1133,經典女孩在這幾天的經典賽中，拼勁全力，讓國際看見台灣的台式應
1133,援，而女孩們的情緒也跟比賽起伏，中華隊拿下首勝時，更是哭成團相當感
1133,人
1133,今比賽落幕，林襄也再次發聲這幾天真的非常難忘，留下不少感動與悲
1133,傷的淚水
1133,記得不要悲傷太久，別忘記這幾天我們凝聚在起，用力為中華英雄
1133,們用力應援的熱情
1133,她最後不忘感謝場上的球員們，辛苦你們了，拼勁全力沒有遺憾，我們心
1133,中最棒的台灣英雄
1133,另外有趣的是，在中華隊和古巴比賽時，林襄坐在台下休
1133,息也被拍到臉上的崩潰表情，先是癟嘴，再來是翻白眼吐舌，相當搞笑可
1133,愛，被球迷戲稱被古巴打到瘋癲的球迷
1133,成為這次比賽中意外的亮點
1133,///
1133,///
1133,///
1133,///
1133,////
1134,媒體來源
1134,自由
1134,記者署名
1134,記者蔡淑媛台中報導
1134,完整新聞標題
1134,台中開打莊秉潔讓球員曝露幾乎是台灣最髒的空氣真的很丟臉
1134,完整新聞內文
1134,///
1134,環工學者莊秉潔痛批台中市讓球員曝露在幾乎是台灣最髒的空氣中，真的很丟臉
1134,翻攝自臉書
1134,世界經典棒球賽組在台中洲際棒球場熱烈開打，環工學者莊秉潔痛批台中市讓球員曝
1134,露在幾乎是台灣最髒的空氣中，真的很丟臉
1134,強調中市空污很大原因是自己製造的，他
1134,到現在還是不能原諒中市長盧秀燕拖延經濟部中火的減煤時程延宕台中港空氣品質維護
1134,區推動，及不將沙鹿捷運站規劃在既有火車站處
1134,中市環保局長陳宏益則指，中市府絕無以氣擋煤，持續堅守汰舊換新立場，讓台電承諾第
1134,部燃氣機組上線後，願意拆除中火部燃煤機組及根煙囪，但近日均有足夠的陽光，但
1134,從台電的公開網站可發現，公民營燃氣機組都可以再提高運轉效能，卻不優先使用，便宜
1134,卻高汚染的燃煤卻不多減，這和台電宣傳以氣代煤完全不符事實，顯見中市府早已預見，
1134,中央未綠電先行
1134,莊秉潔表示，從過去幾天空污分佈圖可以看出，高汚染區都是在中火中龍及進出
1134,台中港柴油大貨車的下風處
1134,雲林的排放當然大，幸麥電的除役時程早已經確定，且雲林
1134,早就推動了六輕的空品維護區之後推動了雲林科技工業區及全國第個校園空品維護區
1134,，但台中市什麼也沒有做
1134,莊秉潔說，台中市如果配合中央以氣換煤時，早點推動台中港空氣品質維護區推動，及推
1134,動藍線捷運及沙鹿捷運站規劃在既有火車站處，可減少柴油大貨車汽油小客車，加上民
1134,眾搭乘捷運，可減少空污產生，而且針對中龍鋼鐵正隆永豐餘等公民營燃煤鍋爐，都
1134,應再減少燒煤
1134,陳宏益回應，中市公民營燃煤鍋爐已經減煤到最低量除正隆紙廠，而中市劃定全國最
1134,大的台中港空品維護區，有效管制柴油車的汚染，前年月公告，將於今年月日生效
1134,，逐步推動加強宣導才能事半功倍
1134,中市希望中央趕快核定台中的捷運藍線，加速推動
1134,便捷大眾運輸，減少私人運具使用，降低交通空氣污染
1134,完整新聞連結或短網址不可用等轉載媒體
1134,//////
1135,義大利今天在晚上擊敗荷蘭，最後結果組五隊都
1135,在比失分率的情況下，古巴小組第，義大利小組第二
1135,前兩屆都四強的荷蘭，很遺憾跟中華隊樣預賽淘汰
1135,而中華隊，將是五隊墊底，下屆可能要從資格賽打起
1135,這次對戰關係
1135,古巴贏巴拿馬台灣輸荷蘭義大利
1135,義大利贏古巴荷蘭輸台灣巴拿馬
1135,荷蘭贏古巴巴拿馬輸台灣義大利
1135,巴拿馬贏台灣義大利輸荷蘭古巴
1135,台灣贏義大利荷蘭輸巴拿馬古巴
1135,真的非常刺激，相信經典賽主辦方定會嘖嘖稱奇
1135,大肆報導
1135,目前義大利確定小組第二晉級，將在號八強對決日本隊
1135,而組第二沒意外是澳洲隊，另場八強戰澳洲將對上古巴
1135,比賽在號就要開打，不知古巴義大利何時飛台灣
1135,恭喜義大利跟古巴
1136,張育成繳鬼神成績獲選組最有價值球員
1136,新聞雲記者王真魚台中報導
1136,經典賽組預賽今天落幕，隊戰績互咬，義大利古巴確定攜手晉級
1136,大會公布，中華隊
1136,張育成獲選單場最有價值球員
1136,張育成場出賽，敲出支安打，包辦分打點，發全壘打打擊率成，是中華隊史上
1136,首次雙轟的打者
1136,回顧首戰中華隊不敵巴拿馬，張育成打數安打貢獻打點，但投手崩盤
1136,休息天後，
1136,中華隊以比逆轉義大利，該場比賽，張育成再度建功，鎖定伍茲
1136,英里的伸卡球，轟出兩分砲，此戰安打打點保送，次上壘，率領中華隊逆
1136,轉勝
1136,日對荷蘭隊，張育成轟超前關鍵滿貫砲，繳出安打打點保送的成績
1136,今天對古
1136,巴之戰，打數安打，再貢獻分打點
1136,中華隊雖然擊敗義大利荷蘭兩支大聯盟等級的球隊，但輸掉古巴巴拿馬，加上義大利
1136,古巴今天都贏球，比較對戰失分率後，義大利古巴確定晉級
1136,////
1136,備註
1136,///
1136,組戰績相同，比失分率後台灣墊底
1137,安安
1137,聽說不是在年後舉辦而是年後
1137,那不就是那跟世足撞期欸
1137,那以後每年是不是能在同年看到兩個最高層級的運動比賽
1137,有沒有八卦
1138,備註請放最後面違者新聞文章刪除
1138,媒體來源
1138,記者署名
1138,記者王真魚台中報導
1138,完整新聞標題
1138,義大利古巴攜手晉級台灣下屆恐從資格賽打起
1138,完整新聞內文
1138,世界棒球經典賽組預賽最終場，仍有人進場，義大利黑暗騎士哈維
1138,先發局挨轟但只失分，他在局獲得隊友火力支援，義大利單局灌進分，終場比勝
1138,荷蘭
1138,組大亂鬥落幕，中華隊下屆恐從資格賽打起
1138,哈維在預賽首戰先發局無失分，今天對抗荷蘭大聯盟級打線，再度登板，此役局投球只被
1138,敲支安打，局遭川普開轟，失掉唯分，剛好球收工
1138,義大利局展開猛烈攻勢，荷蘭第任投手博森博克遭狙擊，局投
1138,球被敲安，失掉分責失
1138,局上，荷蘭柏格茲二壘有人適時敲安，率隊攻佔滿壘，義大利決定
1138,換投，小聯盟光芒左投拉索薩登板，連續解決人，包括飆出Ｋ，成功拆
1138,彈
1138,他在退場時，路拉宮回到休息室，即使走進去，依舊難掩興奮，瘋狂怒吼振臂
1138,局下，義大利延續攻勢，佛里力克適時安打再添分
1138,組隊大亂鬥，義大利今勝出，古巴下午擊敗中華隊，各隊都是勝敗，但比較對戰失分率
1138,之後，義大利古巴攜手晉級
1138,中華隊失分是小組最多，
1138,，因下屆賽制尚未完全定案，最壞可能從資格賽打起
1138,完整新聞連結或短網址不可用等轉載媒體
1138,////
1138,備註
1138,每年高額的體育預算
1138,改革的成績終於讓人民看到ㄌ
1138,小組最後
1138,感恩政府讚嘆政府
1139,先對所有中華隊隊員及背後人員們致意
1139,謝謝你們努力讓臺灣站上國際舞台
1139,只是比賽有輸有贏
1139,雖然今天古巴屠殺看到快哭了
1139,想起
1139,以前還有前進東京，如今卻墊底
1139,實在難以接受
1139,認真問
1139,臺灣未來年內有機會拿冠軍嗎
1139,臺灣定要棒接棒的傳承下去
1139,真的好希望下代能世界第
1139,臨表泣涕，不知所云
1140,這次世界棒球經典賽
1140,台灣地區和中國是不是很像
1140,好像都是墊底被淘汰
1140,輪遊
1140,但是中國有到日本略勝
1140,搞不好還能買些日貨回國爽
1140,有卦嗎
1141,已經是國防部長了嗎
1141,這樣是不是在造謠阿
1141,是不是會被出征
1141,//////
1141,當年這個圖被台灣大眾批評造謠
1141,瘋狂出征
1141,是不是比照辦理
1142,媒體來源聯合報
1142,記者署名陳宛晶
1142,完整新聞標題
1142,完整新聞內文
1142,世界棒球經典賽組賽程今天落幕，分組最有價值球員獎落墊底球隊，張育成以成打擊
1142,率敲出安打轟分打點突圍
1142,中華隊以勝敗完成分組賽程，依序以輸給巴拿馬擊敗義大利擊敗荷
1142,蘭輸給古巴隊，該組最終形成隊都是勝敗的大亂鬥，中華隊失分率排名墊
1142,底，下屆恐怕要打資格賽
1142,古巴義大利攜手前進東京，荷蘭巴拿馬則為
1142,分組第第
1142,組最後戰結束後，大會公布最有價值球員，由張育成獲獎，不僅帳面打擊成績出色，
1142,且多支關鍵安打，包括對義大利之戰敲出追平兩分砲對荷蘭之戰敲出超前滿貫砲，火力
1142,總是來得恰是時候
1142,完整新聞連結或短網址不可用等轉載媒體
1142,///
1143,媒體來源
1143,記者署名
1143,呂晏慈
1143,完整新聞標題
1143,謝謝台灣英雄
1143,游錫堃讚這幕最振奮汗水淚水成就精彩
1143,完整新聞內文
1143,世界棒球經典賽中華隊日中午以惜敗古巴隊，無緣晉級
1143,立法院長游錫堃透
1143,過臉書表示，台灣英雄們辛苦了，每位揮灑汗水與淚水，成就了這幾天的精彩，最令人振
1143,奮的事台灣英雄們永不放棄的運動家精神，預祝台灣好手持續在各個舞台發光發熱
1143,游錫堃今天賽前邀約立法院媒體記者們騎自行車運動，眾人還比出旅美球星張育成敬禮
1143,手勢，為中華隊集氣
1143,然而今日中華隊以分之差落敗，游便透過臉書表達勉勵之語，他談
1143,及，台灣英雄們辛苦了，世界棒球經典賽，台灣隊表現受到國際矚目，謝謝台灣隊的教
1143,練團選手們及後勤團隊的優異表現，還有震撼全世界的應援團，每位揮灑的汗水與淚水
1143,，成就了這幾天的精采
1143,游錫堃表示，最令人振奮的是，台灣英雄們永不放棄的運動家精神，凝聚全體國人的心，
1143,起在現場喊著台灣隊
1143,他感性地說，謝謝你們帶著我們走過這段難
1143,忘的賽事，預祝各位台灣好手持續在各個舞台發光發熱
1143,完整新聞連結或短網址不可用等轉載媒體
1143,/////
1143,備註
1144,這幾天台灣瘋迷果然棒球才是全台最關注的運動
1144,尤其是級國際賽事不分老少堆人關注
1144,旅外好手國內職棒球星組成的國家隊
1144,爪喵吱邦龍鋼大家不分敵我致抗外真棒
1144,可惜這次拿下勝敗沒能晉級八強
1144,不然打澳洲的話運氣好點搞不好就能前進邁阿密了至少比派大谷的日本好打
1144,這次台灣代表隊打最好的選手可以有很多種答案
1144,二兵阿成啦
1144,三冠王林立啦
1144,小哲源啦
1144,呂寶啦
1144,海盜王啦
1144,四爺啦
1144,阿坤啦
1144,等等
1144,那如果說真的要找出個最大戰犯的話
1144,會是誰呢
1144,調度有爭議的大餅
1144,換投時機跟陣容選擇都有很大的討論空間
1144,被罵爆的主辦單位各種周邊接駁賽事安排票價等等都弄不好
1144,各種亂蹭亂沾光的無關人士看了就煩
1144,益全沒參加沒人幫忙坦砲火害大王壓力山大
1144,大家怎麼看
1144,誰才是這次的最大戰犯呢
1144,有沒有八卦
1145,////
1145,中華隊早被爆料晚接午
1145,悍創總監曝兩點原因遭球迷灌爆掉漆
1145,記者柯振中綜合報導
1145,中華隊晚接午賽程引起球迷不滿，承辦單位悍創運動行銷的評論慘遭星
1145,灌爆
1145,事後，也有球迷挖出黃暐瀚訪問悍創總監高偉凱的片段，當中的句話語更是引發
1145,眾人不滿，直轟明明就利益至上還卸責
1145,高偉凱日前接受節目嗆新聞訪問時，與主持人黃暐瀚分享了在台灣比賽的賽程，過程
1145,中黃暐瀚發現，中華隊幾乎都是打晚上，於是開口詢問這是有特別安排的是不是
1145,當下高偉凱也坦承對對，之所以會這樣安排，
1145,第原因是主場第二則是票房考量
1145,，考量到台灣球迷的看球習慣
1145,，才會這樣安排
1145,不過，後來黃暐瀚進步看賽程，發現中華隊日晚間比完賽，日中午又要接著與古巴
1145,比賽，直言欸
1145,這有點硬欸，你禮拜六晚上點打完，打完也都點多了耶
1145,然後睡
1145,覺以後，第二天中午點又要打古巴，且
1145,這樣賽程看下來，古巴休息了天，中華隊則
1145,是晚間打完球又接中午的比賽
1145,黃暐瀚感到不可思議，詢問賽程是如何安排，高偉凱則回答，是大聯盟當時排出的賽程，
1145,公司有針對這方面來回確認徵詢，對方的回覆則是，希望在台灣打球時，是有公平的制
1145,度，因此賽程當中，其他隊也有交錯的狀況
1145,黃暐瀚後來仔細瀏覽，也發現除了中華隊以外，巴拿馬義大利及古巴也有遇到類似狀況
1145,，只有荷蘭沒有碰上晚接午的賽程，讓他無奈直呼，他荷蘭是籤運最好的是不
1145,是
1145,他沒有，接著則開始談論售票的話題，結束了這段討論賽程的對話
1145,許多球迷抓到高偉凱說法之間的破綻，憤怒出言質疑，當主辦國還這麼掉漆排得這麼
1145,爛票房考量台灣球迷看球習慣商人為了賺錢，管妳那麼多他說那句
1145,看球習慣，不就承認了是票房考量單純覺得中華不會進，不如搞個好賣的場次
1145,主辦國聯場次都討不到點好處，就不要怪球迷找人罵什麼都能檢討，就是不能檢
1145,討賽制
1145,奇怪耶，我們不是主辦單位嗎連黃暐瀚都知道這賽程有問題，主辦還想推
1145,卸責任
